brand,model,car_info,user_text,price,price_evaluation,kilometer,gear,date,fuel,power,consumption,co2
,,,,,,,,,,,,
,,,,,,,,,,,,
Audi A4,,"Limousine 40 TDI QU ADVANCED NAVI+GRA+RFK+18""",,35.370 €¹,Sehr guter Preis,12.641 km,,EZ 03/2024,Diesel,150 kW (204 PS),,
Volkswagen Golf,,VII Lim. R BMT 4Motion Garantie* TÜV Neu*,,17.450 €,Sehr guter Preis,105.547 km,,EZ 10/2015,Benzin,221 kW (300 PS),,
Volkswagen Golf,,VII 1.4 TSI DSG Lounge Bi-Xenon Navi Kamera,,16.490 €,Fairer Preis,77.345 km,,EZ 12/2015,Benzin,92 kW (125 PS),,
Mercedes-Benz B 180,,PROGRESSIVE+LED+FLA+MBUX HIGH-END+SHZ+NAVI,,26.223 €¹,Fairer Preis,18.693 km,,EZ 11/2022,Benzin,100 kW (136 PS),,
Nissan Qashqai,,1.3 DIG-T MHEV - N-Connecta,,24.980 €¹,Guter Preis,13.000 km,,EZ 10/2022,Benzin,116 kW (158 PS),,
Audi Q3,,40 TFSI quattro S tronic S line S line,,38.900 €,Sehr guter Preis,9.000 km,,EZ 03/2024,Benzin,140 kW (190 PS),,
Volkswagen Golf,,VII Lim. Comfortline BMT *Panorama*Navi*,,16.888 €,Ohne Bewertung,99.906 km,,EZ 02/2017,Benzin,81 kW (110 PS),,
Volkswagen Golf,,VII 1.4 TSI Lounge Bi-Xenon Tempomat AHK,,15.990 €,Erhöhter Preis,118.215 km,,EZ 04/2015,Benzin,110 kW (150 PS),,
Volkswagen Golf,,VII Variant 1.4 TSI Allstar Navi PDC USB,,15.990 €,Fairer Preis,78.836 km,,EZ 04/2016,Benzin,92 kW (125 PS),,
Volkswagen Golf,,VII Variant *R*4Motion  *Pano*DSG*,,19.888 €,Guter Preis,129.185 km,,EZ 11/2015,Benzin,221 kW (300 PS),,
Volkswagen Golf,,VII 1.4 TSI*HIGHL*DSG*BI-XN*RFK*NAV*ALC*TMP,,13.690 €,Ohne Bewertung,116.023 km,,EZ 04/2013,Benzin,90 kW (122 PS),,
Volkswagen Golf,,GTI Performance*STANDHEIZUNG*BUSINESS*RFK*,,20.900 €,Fairer Preis,95.400 km,,EZ 05/2017,Benzin,180 kW (245 PS),,
Volkswagen Caddy,,BMT 1.2 TSI Behindertengerecht-Rampe,,25.950 €,Ohne Bewertung,87.456 km,,EZ 04/2016,Benzin,62 kW (84 PS),,
Volkswagen Golf,,Variant VII 1.4TSI Comfortline+LED+KAMERA,,14.990 €,Fairer Preis,111.562 km,,EZ 07/2017,Benzin,92 kW (125 PS),,
Volkswagen Passat Variant,,2.0 TSI Highline LED ACC AHK Navi,,22.990 €,Erhöhter Preis,114.708 km,,EZ 09/2016,Benzin,162 kW (220 PS),,
Mercedes-Benz E 400,,T AVANTGARDE LEDER+NAV+LED+HARMAN+DISTRONC,,26.499 €¹,Fairer Preis,108.400 km,,EZ 04/2015,Benzin,245 kW (333 PS),,
Volkswagen Golf,,GOLF VII R-LINE 1.5TSI DSG PANORAMA+NAVIuvm,,19.789 €,Fairer Preis,75.436 km,,EZ 03/2019,Benzin,110 kW (150 PS),,
Audi A4,,1.8 TFSI170PS Automatik Limo Ambiente Navi ,,17.999 €,Fairer Preis,97.399 km,,EZ 08/2015,Benzin,125 kW (170 PS),,
Mercedes-Benz GLA 200,,| Autom. | Memory| Navi| 18Zoll| Garantie,,16.999 €,Ohne Bewertung,104.343 km,,EZ 02/2015,Benzin,115 kW (156 PS),,
Volkswagen Golf,,VII 1.5TSI Limo DSG IQ.DRIVE+LED+NAVI+PANO,,20.900 €,Fairer Preis,110.771 km,,EZ 11/2019,Benzin,110 kW (150 PS),,
BMW 125,,i Sport Line LED Navi Sitzheizung Klimaaut.,,19.950 €,Guter Preis,76.015 km,,EZ 01/2016,Benzin,160 kW (218 PS),,
Audi A4,,Avant 2.0 TFSI design LED Navi ACC 360° DAB,,23.490 €,Erhöhter Preis,117.146 km,,EZ 09/2015,Benzin,140 kW (190 PS),,
BMW 435,,i M-Paket Harman/Kardon M-Performance Deutsch,,24.990 €¹,Ohne Bewertung,125.000 km,,EZ 04/2014,Benzin,225 kW (306 PS),,
Mercedes-Benz B 220,,4M 7G Navi Standhzg *Garantie*,,20.990 €,Erhöhter Preis,73.920 km,,EZ 12/2015,Benzin,135 kW (184 PS),,
,,,,,,,,,,,,
,,,,,,,,,,,,
Volkswagen Golf,,VII 1.5TSI Limo Highline+LED+NAVI+VIRTUAL,,17.900 €,Fairer Preis,68.938 km,,EZ 10/2018,Benzin,110 kW (150 PS),,
Volkswagen Tiguan,,1.4 TSI Comfortline LED Navi ACC Keyless,,19.490 €,Guter Preis,96.219 km,,EZ 12/2017,Benzin,110 kW (150 PS),,
Volkswagen Tiguan,,Comfortline Tiguan Comfortline BlueMotion,,21.490 €,Erhöhter Preis,74.730 km,,EZ 05/2017,Benzin,110 kW (150 PS),,
Mercedes-Benz GLA 180,,NAVI*CAM*XENON*PANO*SHZ*PDC*LEDER*I.HAND,,17.490 €,Guter Preis,109.000 km,,EZ 12/2015,Benzin,90 kW (122 PS),,
Mercedes-Benz A 180,,AMG Line 7G LED *Garantie*,,21.490 €,Erhöhter Preis,81.490 km,,EZ 01/2017,Benzin,90 kW (122 PS),,
Mercedes-Benz CLA 200 Shooting Brake,,Navi Tempomat Bi-Xenon,,22.990 €,Erhöhter Preis,71.813 km,,EZ 02/2016,Benzin,115 kW (156 PS),,
Audi Q5,,S-LINE 2.0TFSI QUATTRO PANORAMA+XENON PLUSuvm,,19.890 €,Ohne Bewertung,112.403 km,,EZ 12/2013,Benzin,165 kW (224 PS),,
BMW 435,,i M-PAKET xDrive M-Performance Keyless Kamera,,28.990 €,Sehr guter Preis,78.000 km,,EZ 07/2015,Benzin,225 kW (306 PS),,
Volkswagen Golf,,"7 ,Automatik Getriebe",,15.200 €,Guter Preis,89.102 km,,EZ 07/2017,Benzin,125 kW (170 PS),,
Volkswagen Golf,,Plus VI Team *Erst 77tkm*Automatik*PDC*,,10.999 €,Ohne Bewertung,77.992 km,,EZ 01/2011,Benzin,77 kW (105 PS),,
Mercedes-Benz A 200,,URBAN KLIMA+NAV+TEILLEDER+BLUETOOTH+ALU+TÜ,,16.470 €,Fairer Preis,102.200 km,,EZ 05/2016,Benzin,115 kW (156 PS),,
Volkswagen Caddy,,Behindertengerecht-Cross,,25.900 €,Ohne Bewertung,107.000 km,,EZ 02/2015,Diesel,55 kW (75 PS),,
Volkswagen Golf,,VII Variant 1.5 TSI BMT Comfortline LED,,16.900 €,Guter Preis,58.374 km,,EZ 10/2017,Benzin,110 kW (150 PS),,
Volkswagen Golf,,VII GTI TCR 2.0 TSI *Garantie*,,29.990 €,Fairer Preis,79.990 km,,EZ 05/2019,Benzin,213 kW (290 PS),,
Volkswagen Golf,,VII Lim. Highline *Scheckheft TÜV NEU*,,12.497 €,Ohne Bewertung,76.000 km,,EZ 09/2014,Benzin,103 kW (140 PS),,
Volkswagen Passat Alltrack,,4Motion 2.0 TSI LED ACC Panorama,,24.990 €,Guter Preis,89.987 km,,EZ 08/2018,Benzin,162 kW (220 PS),,
Audi A4,,AVANT SPORT 1.4TFSI STAND-HZ+NAVI+KLIMAAUTO,,18.489 €,Fairer Preis,111.637 km,,EZ 10/2016,Benzin,110 kW (150 PS),,
Volkswagen Golf,,2.0 TDI BMT Trendline Variant 150ps,,12.990 €¹,Guter Preis,111.000 km,,EZ 10/2015,Diesel,110 kW (150 PS),,
BMW 420,,d Aut Leder Navi BiXenon HiFi el. Sitze Klima,,21.900 €,Ohne Bewertung,103.550 km,,EZ 03/2015,Diesel,147 kW (200 PS),,
BMW 330 Gran Turismo,,330i xDrive Gran Turismo M Sport HuD HiFi Panoda,,25.990 €,Erhöhter Preis,101.128 km,,EZ 02/2018,Benzin,185 kW (252 PS),,
,,,,,,,,,,,,
,,,,,,,,,,,,
Volkswagen Caddy,,Join BMT *NAVI*TEMP*SHZ*PDC*KLIMA*KAMERA*,,22.990 €,Guter Preis,76.163 km,,EZ 04/2018,Benzin,92 kW (125 PS),,
Volkswagen Golf Sportsvan,,SPORTSVAN COMFORTLINE 1.4 -SCHECKHEFT GEPFLEGT-,,12.589 €,Ohne Bewertung,99.897 km,,EZ 03/2015,Benzin,92 kW (125 PS),,
Volkswagen Caddy Maxi,,"Highline DSG BMT 7.SITZER*1,4TSI-92KW",,24.390 €¹,Ohne Bewertung,80.129 km,,EZ 07/2018,Benzin,92 kW (125 PS),,
Volkswagen Golf,,GOLF VII 2xR-LINE 1.5TSI ACC-TEMPOMAT+PANO+NAVI,,19.889 €¹,Fairer Preis,67.762 km,,EZ 11/2019,Benzin,110 kW (150 PS),,
Mercedes-Benz E 300,,CDI Aut. Avantgarde LED-LEDER-SHZ-NAVI-H+K,,22.922 €,Ohne Bewertung,108.000 km,,EZ 02/2015,Diesel,170 kW (231 PS),,
Volkswagen T5 Transporter,,T5 TRANSPORTER KASTEN LANG KLIMA+NAVI+XENON+1HD+,,20.950 €¹,Erhöhter Preis,117.400 km,,EZ 05/2015,Diesel,103 kW (140 PS),,
Volkswagen Golf,,"V Lim. R32 Automatik,Leder,SCH,Navi,PDC",,23.400 €,Ohne Bewertung,113.000 km,,EZ 07/2008,Benzin,184 kW (250 PS),,
Volkswagen Golf,,VII GTI Perf.|ROTIFORM|MAXTON|DYN|DAB|ACC,,23.000 €,Fairer Preis,77.510 km,,EZ 02/2019,Benzin,180 kW (245 PS),,
Mercedes-Benz CLA 250 Shooting Brake,,CLA 250 SB nordlichtviolett kristallgrau Kamera,,21.900 €,Fairer Preis,60.006 km,,EZ 09/2015,Benzin,155 kW (211 PS),,
Volkswagen Golf Sportsvan,,"1.4TSI BMT DSG ""CL-Marathon ED...",,13.990 €,Fairer Preis,107.290 km,,EZ 11/2016,Benzin,92 kW (125 PS),,
Volkswagen T-Roc,,1.0 TSI Style Sitzheizung PDC Spurhalte,,16.950 €,Fairer Preis,89.341 km,,EZ 05/2018,Benzin,85 kW (116 PS),,
Audi Q3,,quattro NAVI LED PANO RFK Sitzh. TEMPOMAT Kli,,19.440 €,Fairer Preis,108.500 km,,EZ 11/2016,Benzin,132 kW (179 PS),,
Volkswagen T-Roc,,Sport 1.5 l TSI DSG+NAVI+LED+ACC+StHz,,19.385 €,Fairer Preis,107.000 km,,EZ 11/2018,Benzin,110 kW (150 PS),,
Mercedes-Benz CLA 200 Shooting Brake,,*Xenon*Navi*Pano*LED*,,18.290 €,Sehr guter Preis,97.579 km,,EZ 10/2015,Benzin,115 kW (156 PS),,
Volkswagen Caddy,,Alltrack 1.4 TSI BMT 7-Sitzer Bi-Xenon USB,,21.950 €,Guter Preis,57.429 km,,EZ 08/2016,Benzin,92 kW (125 PS),,
BMW 530,,i T. xDrive Sport Aut NAVI LED Stdhzg HUD H&K,,28.880 €,Fairer Preis,99.999 km,,EZ 12/2017,Benzin,185 kW (252 PS),,
Volkswagen Touran,,1.5TSI DSG *Navi*Ergo*3 Z Klima*SHZ*PD...,,21.490 €,Fairer Preis,97.200 km,,EZ 05/2019,Benzin,110 kW (150 PS),,
Mercedes-Benz B 200,,7G-DCT Style+NAVI+PANO+AHK+PDC+TEMPO,,15.150 €,Guter Preis,110.780 km,,EZ 06/2016,Benzin,115 kW (156 PS),,
Volkswagen Golf,,GTI Performance 2.0 TSI DSG AHK PANO NAVI,,24.550 €,Guter Preis,69.900 km,,EZ 01/2019,Benzin,180 kW (245 PS),,
Mercedes-Benz A 180,,7G AMG Line LED *Garantie*,,19.990 €,Fairer Preis,77.432 km,,EZ 12/2017,Benzin,90 kW (122 PS),,
,,,,,,,,,,,,
,,,,,,,,,,,,
Mercedes-Benz A 45 AMG,,A -Klasse A 45 AMG 4Matic,,27.599 €,Ohne Bewertung,114.500 km,,EZ 02/2014,Benzin,265 kW (360 PS),,
Mercedes-Benz A 200,,*URBAN*LED*KAMERA*PTS*SHZ*TMP*NAV*MERCED ME,,14.990 €,Sehr guter Preis,103.893 km,,EZ 12/2016,Benzin,115 kW (156 PS),,
BMW 220,,i Cabrio * Leder * Xenon * Navi *,,19.450 €,Sehr guter Preis,94.800 km,,EZ 03/2016,Benzin,135 kW (184 PS),,
BMW 220,,Baureihe 2 Gran Tourer 220 i M Sport 7-Sitze,,19.999 €,Guter Preis,99.000 km,,EZ 05/2016,Benzin,141 kW (192 PS),,
Volkswagen Touran,,1.4 TSI Comfortline AHK ACC PDC Bluetooth,,24.490 €,Fairer Preis,66.062 km,,EZ 01/2018,Benzin,110 kW (150 PS),,
Mercedes-Benz CLA 180 Shooting Brake,,LED Navi Sitzheizung PDC,,19.990 €¹,Fairer Preis,99.986 km,,EZ 09/2018,Benzin,90 kW (122 PS),,
Audi A4,,Avant 1.4 S-Line Allwetter AHK Xenon Navi Sit,,23.990 €,Fairer Preis,92.395 km,,EZ 10/2018,Benzin,110 kW (150 PS),,
Volkswagen T5 Multivan,,4Motion Automatik Xenon Navi 1.Hand,,29.999 €,Ohne Bewertung,84.929 km,,EZ 01/2015,Diesel,132 kW (179 PS),,
Volkswagen Scirocco,,R,,22.299 €,Sehr guter Preis,91.500 km,,EZ 07/2017,Benzin,206 kW (280 PS),,
Volkswagen Crafter,,Kasten Mixto 35 mittel L2H2 Hochdach RWD,,19.995 €¹,Sehr guter Preis,115.400 km,,EZ 07/2016,Diesel,80 kW (109 PS),,
Volkswagen Polo,,POLO CROSS KLIMA+XENON+EINPARKHILFE+ALURÄDER+TÜV,,13.890 €,Ohne Bewertung,65.600 km,,EZ 04/2013,Benzin,66 kW (90 PS),,
Volkswagen Tiguan,,1.5 TSI ACT DSG IQ.Drive Navi ACC SHZ,,22.690 €¹,Fairer Preis,108.500 km,,EZ 06/2019,Benzin,110 kW (150 PS),,
Mercedes-Benz E 350,,E Cabrio Leder Navi Park Assistent zus. WR,,25.500 €¹,Ohne Bewertung,122.469 km,,EZ 12/2013,Benzin,225 kW (306 PS),,
Mercedes-Benz B 220,,4Matic  SPORTPAKET,,16.698 €,Ohne Bewertung,82.373 km,,EZ 06/2014,Benzin,135 kW (184 PS),,
Volkswagen Caddy,,Maxi-Behindertengerecht-Rampe-Aktiv,,29.900 €,Ohne Bewertung,79.000 km,,EZ 09/2013,Diesel,103 kW (140 PS),,
Mercedes-Benz C 200,,T CGI+S-Heft+AHK+Teilleder+Navi+PDC+S.Heiz,,17.990 €,Guter Preis,103.900 km,,EZ 03/2016,Benzin,135 kW (184 PS),,
Volkswagen Golf,,Life 1.5 TSI 96kW 6-Gang*NAVI*SHZ*PDC*LED*,,17.960 €¹,Fairer Preis,77.536 km,,EZ 09/2020,Benzin,96 kW (131 PS),,
Audi A3,,Sportback 1.5 TSI S-Tronic S-Line LED Navi Si,,22.490 €,Fairer Preis,87.636 km,,EZ 09/2018,Benzin,110 kW (150 PS),,
Volkswagen Beetle,,Cabrio 1.2 TSI Exclusive Design*Navi*PDC*,,17.880 €,Sehr guter Preis,69.598 km,,EZ 12/2017,Benzin,77 kW (105 PS),,
Mercedes-Benz Vito,,Kombi 116 CDI extralang 8-Sitzer Klima A/C,,18.295 €,Ohne Bewertung,111.400 km,,EZ 08/2012,Diesel,120 kW (163 PS),,
,,,,,,,,,,,,
,,,,,,,,,,,,
Mercedes-Benz E 200,,AVANTGARDE COMAND+LED+DISTRONIC+360+APPLE+,,27.960 €,Guter Preis,99.800 km,,EZ 07/2018,Benzin,135 kW (184 PS),,
Volkswagen Golf,,Comfortline Winter-Pak. App-Connect ACC CAM,,19.086 €¹,Fairer Preis,66.791 km,,EZ 05/2020,Benzin,110 kW (150 PS),,
Volkswagen Golf,,VII 1.0 TSI Join LED Navi ACC PDC USB,,19.490 €,Erhöhter Preis,49.995 km,,EZ 09/2018,Benzin,85 kW (116 PS),,
Mercedes-Benz A 220,,CDI Automatik LED *Garantie*,,17.990 €,Sehr guter Preis,109.747 km,,EZ 07/2015,Diesel,130 kW (177 PS),,
BMW 330 Gran Turismo,,330 GRAN TURISMO X SPORT LINE+NAVI+PANO+LED+HUD+,,23.890 €,Fairer Preis,134.100 km,,EZ 11/2016,Benzin,185 kW (252 PS),,
Mercedes-Benz CLA 180,,AMG/7G/2.Hand/Bi-Xenon/Navi/Alcantara/E6,,19.990 €,Ohne Bewertung,119.000 km,,EZ 12/2014,Benzin,90 kW (122 PS),,
Audi S3,,Cabriolet 2.0 TFSI quattro S-Line,,25.690 €,Guter Preis,84.500 km,,EZ 04/2015,Benzin,221 kW (300 PS),,
Mercedes-Benz C 180,,C -Klasse Lim. C 180 CGI SHZ.BT.PDC.NAVI.TÜV NEU,,16.390 €,Guter Preis,108.200 km,,EZ 08/2015,Benzin,115 kW (156 PS),,
Volkswagen Golf,,2.0 TSI GTI Performance LED ACC App-Connect,,23.950 €¹,Guter Preis,58.224 km,,EZ 01/2020,Benzin,180 kW (245 PS),,
Audi A6,,1.8 TFSI Avant ultra Bi-Xenon Navi AHK PDC,,26.950 €,Fairer Preis,78.000 km,,EZ 04/2018,Benzin,140 kW (190 PS),,
Volkswagen Touran,,1.5 TSI Comfortline ACC AHK App Connect,,24.950 €,Erhöhter Preis,81.823 km,,EZ 08/2019,Benzin,110 kW (150 PS),,
Mercedes-Benz CLS 250,,CDI BE LEDER/LED ILS/COMAND/SD/CAM /DIST,,21.870 €,Ohne Bewertung,122.770 km,,EZ 07/2012,Diesel,150 kW (204 PS),,
Volkswagen Golf,,VII VARIANT COMFORTLINE TSI 150 DSG,,19.430 €¹,Fairer Preis,57.103 km,,EZ 09/2019,Benzin,110 kW (150 PS),,
Volkswagen T5 Transporter,,"2,0 TDI Pritsche Doppelkabine A/C",,16.895 €,Ohne Bewertung,114.300 km,,EZ 07/2011,Diesel,75 kW (102 PS),,
Volkswagen Tiguan,,1.4 TSI*LIFE*SHZ*PDC*NAVI*TEMP*S-HFT*1-HD,,11.990 €,Ohne Bewertung,122.036 km,,EZ 09/2013,Benzin,118 kW (160 PS),,
Mercedes-Benz C 300,,T Autom.,,27.900 €¹,Sehr guter Preis,75.900 km,,EZ 02/2018,Benzin,180 kW (245 PS),,
Mercedes-Benz C 250,,C -Klasse Coupe C 250 CGI Blueefficiency,,21.998 €,Sehr guter Preis,96.000 km,,EZ 04/2017,Benzin,150 kW (204 PS),,
Volkswagen Golf,,GOLF VII COMFORTLINE 1.6TDI MASSAGE+NAVI+ACCuvm,,16.489 €,Fairer Preis,85.034 km,,EZ 05/2019,Diesel,85 kW (116 PS),,
Volkswagen T-Roc,,2.0TSI 4Motion DSG Sport+LED+NAVI+TEMPO,,22.650 €,Fairer Preis,63.515 km,,EZ 06/2018,Benzin,140 kW (190 PS),,
Volkswagen T6 Transporter,,2.0 TDI Kasten  /Navi Klima 110KW,,21.900 €¹,Sehr guter Preis,100.000 km,,EZ 03/2018,Diesel,110 kW (150 PS),,
,,,,,,,,,,,,
,,,,,,,,,,,,
Mercedes-Benz CLA 180,,COUPE AUTO NAVI XENON T-LEDER PDC,,16.990 €,Guter Preis,106.800 km,,EZ 07/2015,Benzin,90 kW (122 PS),,
Mercedes-Benz C 200,,C C 200 Navi Brumester ILS Kamera360,,22.440 €,Fairer Preis,54.807 km,,EZ 04/2016,Benzin,135 kW (184 PS),,
Volkswagen Passat,,PASSAT HIGHLINE 2.0TDI 4M DSG VOLLLEDER+KAMERA,,21.890 €,Fairer Preis,95.816 km,,EZ 04/2018,Diesel,140 kW (190 PS),,
BMW 528,,i *Erst 57tkm*Automatik*Leder*Schiebedach*,,17.999 €,Ohne Bewertung,57.730 km,,EZ 07/2011,Benzin,179 kW (243 PS),,
Volkswagen Golf,,VII Comfortline /Automatik/Keyless-Go-Entry,,11.499 €,Ohne Bewertung,129.000 km,,EZ 10/2013,Benzin,90 kW (122 PS),,
Mercedes-Benz E 220,,E220d NAVI+VOLL-LED+TEILLEDER+ANHÄNGERKUPPLUNG,,24.889 €,Sehr guter Preis,79.542 km,,EZ 11/2016,Diesel,143 kW (194 PS),,
Volkswagen Golf,,VII Variant GTD *DSG*Pano*Vitrual  Cockpit*,,19.388 €,Guter Preis,130.470 km,,EZ 08/2018,Diesel,135 kW (184 PS),,
Mercedes-Benz C 180,,Coupe*AMG Line*PANO*NAVI*LED Paket*LEDER*,,25.999 €,Fairer Preis,79.800 km,,EZ 03/2017,Benzin,115 kW (156 PS),,
Volkswagen Caddy,,1.0 TSI Trendline Klima Sitzheizung AHK,,19.490 €¹,Fairer Preis,76.938 km,,EZ 06/2019,Benzin,75 kW (102 PS),,
Volkswagen T5 Transporter,,Bus Caravelle Trendline Automatik,,23.999 €,Sehr guter Preis,93.000 km,,EZ 08/2015,Diesel,132 kW (179 PS),,
Volkswagen Tiguan,,Comfortline SHZ.AHK.KAM.SPURH.ACC.TÜV NEU,,20.490 €,Guter Preis,111.460 km,,EZ 04/2018,Benzin,110 kW (150 PS),,
Volkswagen Sharan,,Highline2.0 TDI BMT 4Motion/ TOP/7-SITZER,,24.444 €,Fairer Preis,105.239 km,,EZ 02/2016,Diesel,110 kW (150 PS),,
Volkswagen Caddy,,Maxi-DSG-Behindertengerecht-Rampe-140-PS,,26.900 €,Ohne Bewertung,131.000 km,,EZ 04/2013,Diesel,103 kW (140 PS),,
Volkswagen Golf,,VIII 1.5 TSI Active LED Navi SHZ ACC DAB VC,,19.890 €,Guter Preis,74.084 km,,EZ 05/2021,Benzin,110 kW (150 PS),,
Volkswagen Polo,,Highline 1.0 TSI DSG,,17.119 €,Erhöhter Preis,52.897 km,,EZ 01/2016,Benzin,70 kW (95 PS),,
Volkswagen Golf,,VII Variant R 2.0 4Motion Pano Navi LED,,27.890 €,Fairer Preis,59.997 km,,EZ 01/2020,Benzin,221 kW (300 PS),,
Audi RSQ3,,2.5 TFSI quattro S tronic,,22.999 €,Ohne Bewertung,121.000 km,,EZ 12/2014,Benzin,228 kW (310 PS),,
BMW 116,,ADVANTAGE KLIMA+NAV+ALLWETTER+EINPARKHILF+TÜ,,12.280 €,Fairer Preis,105.900 km,,EZ 10/2016,Benzin,80 kW (109 PS),,
Audi A5,,Sportback 2.0 TFSI*S-LINE*XENON*SH*LED*NAVI*,,19.990 €,Sehr guter Preis,89.106 km,,EZ 08/2016,Benzin,169 kW (230 PS),,
Mercedes-Benz C 180,,T Automatik+Leder+Navi+LED+Kamera+Carplay,,20.980 €,Sehr guter Preis,93.730 km,,EZ 09/2019,Benzin,115 kW (156 PS),,
,,,,,,,,,,,,
,,,,,,,,,,,,
Volkswagen T6 Transporter,,Kombi lang 4Motion 9-Sitzer 4x4,,28.895 €¹,Guter Preis,122.000 km,,EZ 01/2016,Diesel,110 kW (150 PS),,
Mercedes-Benz Sprinter,,II Pritsche 310/311/313/314/316 CDI LKW,,24.990 €¹,Ohne Bewertung,90.000 km,,EZ 09/2014,Diesel,120 kW (163 PS),,
Volkswagen Touran,,*2.0 TDI*DSG*Comfortline*LED*SHZ*PDC*ACC*,,18.690 €,Guter Preis,117.151 km,,EZ 05/2017,Diesel,110 kW (150 PS),,
Volkswagen T-Roc,,Style 2.0TDI DSG 4M-ACC-NAVI-DAB-KLIMA-SHZ,,19.491 €,Guter Preis,91.520 km,,EZ 05/2018,Diesel,110 kW (150 PS),,
BMW 540,,i xDrive LuxuryLine PANO DrivingAssistant+,,30.952 €,Fairer Preis,109.417 km,,EZ 03/2018,Benzin,250 kW (340 PS),,
Volkswagen Golf Sportsvan,,VII 1.4 TSI DSG Comfortline BMT/S,,12.799 €,Ohne Bewertung,110.000 km,,EZ 10/2014,Benzin,110 kW (150 PS),,
BMW 530,,i Aut. Sport Line Navi PDC Lenkradhzg,,28.900 €,Sehr guter Preis,102.000 km,,EZ 03/2019,Benzin,185 kW (252 PS),,
Volkswagen Golf,,VII Lim. GTI Performance Standhzg/ DynAudio,,16.990 €,Ohne Bewertung,150.000 km,,EZ 10/2013,Benzin,295 kW (401 PS),,
Volkswagen Golf,,VI Variant Style SHZ KLIMA ALU`S KAMERA PDC,,8.490 €,Ohne Bewertung,94.000 km,,EZ 11/2011,Benzin,63 kW (86 PS),,
Volkswagen Golf,,VIII 1.5 TSI LIFE*LED*DIGITAL*NAVI*PDC*SHZ*,,18.499 €¹,Fairer Preis,60.500 km,,EZ 05/2020,Benzin,96 kW (131 PS),,
Mercedes-Benz C 180,,C C 180 CGI Avantgarde LED NAVI Kamera,,23.940 €,Fairer Preis,81.700 km,,EZ 08/2019,Benzin,115 kW (156 PS),,
Volkswagen Golf,,VII Variant Highline BMT*Automatik*AHK*,,20.950 €¹,Fairer Preis,69.500 km,,EZ 10/2019,Benzin,110 kW (150 PS),,
Volkswagen Golf,,VII 1.0 TSI IQ.DRIVE OPF,,16.475 €,Fairer Preis,62.400 km,,EZ 02/2020,Benzin,85 kW (116 PS),,
Volkswagen Golf Plus,,"VI Style DSG 1,4- 90 kW 16V TSI*PDC*E5",,10.390 €,Ohne Bewertung,78.932 km,,EZ 01/2012,Benzin,90 kW (122 PS),,
Volkswagen Golf,,R-Line  TSI 110kW*IQ-Light*KAM*ACC*NAVI*SHZ,,22.930 €¹,Fairer Preis,64.140 km,,EZ 02/2021,Benzin,110 kW (150 PS),,
Volkswagen Golf,,7 R 4M ABT *2.HD *ACC *19*Pano*Kamera *DCC,,25.900 €,Ohne Bewertung,84.577 km,,EZ 09/2014,Benzin,272 kW (370 PS),,
Volkswagen Golf,,R VI Cabrio/Cam/BiXenon/Leder/DYNAUDIO,,18.990 €,Ohne Bewertung,88.269 km,,EZ 04/2013,Benzin,195 kW (265 PS),,
Audi Q2,,2.0 TFSI design quattro LED Navi PDC Tempomat,,20.990 €,Fairer Preis,68.852 km,,EZ 10/2017,Benzin,140 kW (190 PS),,
Volkswagen Golf Sportsvan,,GOLF SPORTSVAN JOIN 1.0TSI VOLL-LED+SITZ-HZ+NAVI,,15.890 €,Fairer Preis,71.150 km,,EZ 07/2018,Benzin,81 kW (110 PS),,
BMW X4,,xDrive28i M Sport*HUD*ACC*SD*F1*SPUR*TWA*360°,,29.990 €,Sehr guter Preis,79.000 km,,EZ 07/2018,Benzin,180 kW (245 PS),,
,,,,,,,,,,,,
,,,,,,,,,,,,
BMW X3,,"xDrive 20 d Steptronic/XENON/NAVI/AHK/18""ALU",,22.899 €,Fairer Preis,89.300 km,,EZ 03/2016,Diesel,140 kW (190 PS),,
Volkswagen Golf,,VIII Lim. 1.5Ltr -96Kw  TSI  Life,,16.999 €¹,Fairer Preis,101.000 km,,EZ 07/2020,Benzin,96 kW (131 PS),,
Volkswagen Golf,,6 R 2.0TSI 265PS DSG Cabriolet Navi DCC DAB,,21.999 €,Ohne Bewertung,115.264 km,,EZ 07/2014,Benzin,195 kW (265 PS),,
Mercedes-Benz Citan,,Kombi 112 lang Rollstuhlrampe ab 130 € mtl,,21.890 €,Ohne Bewertung,58.950 km,,EZ 05/2015,Benzin,84 kW (114 PS),,
Volkswagen Tiguan Allspace,,1.5TSI IQ.DRIVE+LED+NAVI+VIRTUAL,,23.900 €¹,Fairer Preis,115.085 km,,EZ 03/2020,Benzin,110 kW (150 PS),,
Audi A3,,Sportback 2.0 Tfsi*quattro*S line*B&O*Matrix*,,23.450 €,Sehr guter Preis,98.670 km,,EZ 12/2017,Benzin,140 kW (190 PS),,
Volkswagen Golf,,6 R 2.0TSI 271PS DSG 4M Schalensitze 1.Hand,,24.999 €,Ohne Bewertung,96.675 km,,EZ 06/2011,Benzin,199 kW (271 PS),,
Volkswagen Golf,,6 R 4Motion|PANO|DYAUDIO|BI-XENON|1.HAND,,22.990 €,Ohne Bewertung,101.792 km,,EZ 04/2011,Benzin,199 kW (271 PS),,
Audi A4,,Avant 1.8 Tfsi*S line Plus*quattro*RS-Sitze*,,16.790 €,Sehr guter Preis,119.890 km,,EZ 04/2015,Benzin,125 kW (170 PS),,
Mercedes-Benz C 250,,D *AMG-LINE*PANO*BURMESTER*NAVI*ACC*,,24.999 €,Ohne Bewertung,89.828 km,,EZ 02/2015,Diesel,150 kW (204 PS),,
Volkswagen Crafter,,35 2.0 TDI Doka Kran HIAB 017 T,,28.890 €¹,Ohne Bewertung,62.052 km,,EZ 05/2015,Diesel,80 kW (109 PS),,
Volkswagen Golf Plus,,1.4 TSI*DSG*NAVI*PDC*SHZ*TEMP*S-HEFT,,9.990 €,Ohne Bewertung,111.676 km,,EZ 08/2011,Benzin,90 kW (122 PS),,
Mercedes-Benz E 220,,d Li.9G-tronic Avantgarde+LED+NAVI+VIRTUAL,,26.900 €,Erhöhter Preis,122.740 km,,EZ 07/2016,Diesel,143 kW (194 PS),,
Volkswagen T6 Transporter,,Kasten lang KLIMA AHK,,18.395 €¹,Fairer Preis,128.000 km,,EZ 09/2016,Diesel,110 kW (150 PS),,
Audi Q5,,"3.0 TFSI  quattro,4x4!! 272hp, km 135.000!!",,16.800 €,Ohne Bewertung,135.000 km,,EZ 04/2014,Benzin,200 kW (272 PS),,
Volkswagen Beetle,,Lim. Sport 1.4 TSI DSG**79tkm**,,11.980 €,Ohne Bewertung,79.545 km,,EZ 07/2014,Benzin,118 kW (160 PS),,
Volkswagen Sharan,,"Highline 7-Sitzer 18"" ACC Winter-Paket",,26.108 €¹,Fairer Preis,125.000 km,,EZ 07/2019,Benzin,110 kW (150 PS),,
Volkswagen Tiguan,,"Comfortline  1,5-110 kW 16V TSI DSG*EU6dT",,23.890 €¹,Sehr guter Preis,68.869 km,,EZ 11/2019,Benzin,110 kW (150 PS),,
Mercedes-Benz CLA 220 Shooting Brake,,7G-DCT Urban+NAVI+LEDER,,22.750 €,Fairer Preis,86.412 km,,EZ 06/2018,Diesel,130 kW (177 PS),,
Mercedes-Benz A 180,,Edition 19 LED Automatik *Garantie*,,24.990 €¹,Fairer Preis,77.592 km,,EZ 10/2019,Benzin,100 kW (136 PS),,
,,,,,,,,,,,,
,,,,,,,,,,,,
Mercedes-Benz B 180,,B180 Automatik +Xenon+Leder+Navi+PDC+SHZ+,,13.900 €,Ohne Bewertung,75.225 km,,EZ 07/2014,Benzin,90 kW (122 PS),,
Mercedes-Benz B 180,,"AMG LINE NAVI LED PTS SPUR TWA AHK 18""AMG",,17.700 €,Guter Preis,62.000 km,,EZ 04/2015,Benzin,90 kW (122 PS),,
BMW 520,,i Alarm Kamera CockpitPlus ParkAs Geschwindig,,25.499 €¹,Fairer Preis,77.103 km,,EZ 11/2019,Benzin,135 kW (184 PS),,
Volkswagen Golf,,R 4Motion BMT*Dynamic Licht*Leder*1.Hand,,20.900 €,Ohne Bewertung,72.671 km,,EZ 02/2014,Benzin,221 kW (300 PS),,
Volkswagen T-Roc,,1.5 TSI ACC Kamera Navi Standheizung Allwe,,23.990 €,Fairer Preis,66.993 km,,EZ 10/2019,Benzin,110 kW (150 PS),,
Mercedes-Benz GLC 250,,4M 9GT AMG DISTRONIC AHK 360°KAMERA SPUR,,29.980 €,Fairer Preis,94.500 km,,EZ 08/2017,Benzin,155 kW (211 PS),,
Volkswagen Golf,,VII 1.4 TSI DSG Navi Tempomat Sitzheizung,,18.990 €,Hoher Preis,98.380 km,,EZ 03/2016,Benzin,92 kW (125 PS),,
Mercedes-Benz E 400,,333PS 9G 4Matic Avantgarde AMG ACC ,,26.799 €,Fairer Preis,139.250 km,,EZ 01/2017,Benzin,245 kW (333 PS),,
BMW X5,,Baureihe X5 M *Head-Up Display,,23.999 €,Ohne Bewertung,121.214 km,,EZ 02/2010,Benzin,408 kW (555 PS),,
Volkswagen T-Roc,,T-ROC United R-Line ACC LM AHK SHZ Navi PDC LED,,23.630 €¹,Fairer Preis,73.640 km,,EZ 04/2020,Benzin,110 kW (150 PS),,
Audi A5,,SPORTBACK QUATTRO S-LINE+S-TRONIC+XENON+LEDER,,22.490 €,Sehr guter Preis,68.600 km,,EZ 09/2015,Diesel,140 kW (190 PS),,
BMW 320,,d Luxury Line Garantie* Auto.* TÜV 02.2027*,,20.990 €,Guter Preis,108.774 km,,EZ 07/2018,Diesel,140 kW (190 PS),,
Volkswagen Golf,,7 GTI Performance DSG *Pano *AHK *Kamera ,,20.900 €,Fairer Preis,75.000 km,,EZ 05/2015,Benzin,169 kW (230 PS),,
Volkswagen Golf,,VIII 1.5 eTSI DSG STYLE*NAVI*LED*KAMERA*ACC,,23.499 €¹,Fairer Preis,58.800 km,,EZ 02/2021,Benzin,110 kW (150 PS),,
Mercedes-Benz C 200,,d T 9G-tronic Avantgarde+TEMPO+LEDER+PDC,,18.900 €,Sehr guter Preis,78.350 km,,EZ 10/2017,Diesel,100 kW (136 PS),,
Volkswagen Caddy,,-DSG-Behindertengerecht-Generation,,29.900 €,Ohne Bewertung,125.000 km,,EZ 06/2016,Diesel,75 kW (102 PS),,
Volkswagen Caddy Maxi,,2.0 TDI DSG 4x4 LR*Xenon*AHK*Navi*ACC,,26.990 €¹,Ohne Bewertung,66.700 km,,EZ 07/2017,Diesel,110 kW (150 PS),,
Volkswagen Golf,,Style 1.5 TSI 6G.*Navi Pro*SHZ*ACC*APPconne,,19.680 €¹,Fairer Preis,54.465 km,,EZ 07/2020,Benzin,96 kW (131 PS),,
Volkswagen Golf,,Variant R  PANO+KAMERA+XENON+LEDER+DCC,,22.449 €,Guter Preis,115.333 km,,EZ 01/2016,Benzin,221 kW (300 PS),,
Mercedes-Benz C 220,,C220 d T Aut. LED Navi Sitzheizung Kamera PDC,,23.990 €,Guter Preis,96.851 km,,EZ 10/2018,Diesel,143 kW (194 PS),,
,,,,,,,,,,,,
,,,,,,,,,,,,
Volkswagen Touran,,1.6 TDI Comfortline DSG LED Navi ACC PDC,,21.950 €¹,Fairer Preis,85.378 km,,EZ 04/2019,Diesel,85 kW (116 PS),,
Audi A6,,Avant 2.0 TFSI  69.000KM!! Navi!!Sitheizung!!,,15.900 €,Ohne Bewertung,69.000 km,,EZ 10/2013,Benzin,132 kW (179 PS),,
Audi A3,,Sportback S line Sportpaket /S-Tronic/PDC/AHK,,15.980 €,Ohne Bewertung,69.998 km,,EZ 09/2013,Benzin,90 kW (122 PS),,
Audi A5,,1.8 TFSI,,18.880 €,Fairer Preis,118.944 km,,EZ 07/2016,Benzin,130 kW (177 PS),,
Volkswagen T6 Caravelle,,2.0TDI DSG *Standheizung*AHK,,27.990 €,Guter Preis,133.750 km,,EZ 12/2015,Diesel,110 kW (150 PS),,
Volkswagen Golf Sportsvan,,1.6 TDI Allstar ACC Navi Panorama,,15.490 €,Fairer Preis,68.176 km,,EZ 06/2016,Diesel,81 kW (110 PS),,
Volkswagen Polo,,VI GTI LED/ VIRTUAL/ SHZ/ KW/ HU/ INSP/ ACC,,19.990 €,Fairer Preis,80.000 km,,EZ 03/2019,Benzin,147 kW (200 PS),,
Volkswagen Golf,,6 GTI 2.0 TSI 211PS Cabrio DSG Navi 1.Hand,,16.249 €,Ohne Bewertung,105.036 km,,EZ 01/2014,Benzin,155 kW (211 PS),,
Volkswagen Caddy Maxi,,"96KW DSG,5SITZ,KLIMA,NAV,SHZ,PDC,GRA",,21.990 €¹,Ohne Bewertung,99.789 km,,EZ 10/2019,Benzin,96 kW (131 PS),,
Volkswagen Beetle,,1.2 TSI Design Cabriolet * Alu * Sitzheiz,,11.950 €,Ohne Bewertung,79.600 km,,EZ 07/2013,Benzin,77 kW (105 PS),,
Volkswagen Golf,,VII 2.0 GTI Performance Kamera Dynaudio,,17.890 €,Ohne Bewertung,112.298 km,,EZ 03/2015,Benzin,169 kW (230 PS),,
BMW 330,,i Sport Line HiFi ACC PDC NAVI  Sport Line,,28.870 €,Erhöhter Preis,73.666 km,,EZ 04/2019,Benzin,190 kW (258 PS),,
Volkswagen Polo,,Cross  V  BMT*LED*TEMPO*PDC *NAVI*ANHÄNGER,,10.900 €,Sehr guter Preis,99.000 km,,EZ 07/2015,Benzin,81 kW (110 PS),,
Volkswagen Golf,,VII R 2.0 TSI 4Motion - 1.HAND / DYNAUDIO,,22.950 €,Fairer Preis,107.900 km,,EZ 12/2016,Benzin,221 kW (300 PS),,
Mercedes-Benz E 200,,CABRIO SPORT*19%*AUTO*NAV*LED*AIRSCARF*2SH,,24.990 €¹,Ohne Bewertung,138.800 km,,EZ 01/2015,Benzin,135 kW (184 PS),,
Mercedes-Benz Vito,,"113 CDI Final-Edition,Traumzustand,Auto",,17.900 €,Ohne Bewertung,107.000 km,,EZ 05/2014,Diesel,100 kW (136 PS),,
Volkswagen Golf,,VIII 1.5 TSI R-Line LED Navi ACC Sitzheizun,,23.490 €,Erhöhter Preis,55.867 km,,EZ 01/2021,Benzin,96 kW (131 PS),,
BMW 435 Gran Coupé,,435dA GC xDrive ACC LEDER HUD MEMORY HiFi KAMERA,,26.980 €,Guter Preis,90.300 km,,EZ 10/2016,Diesel,230 kW (313 PS),,
Volkswagen Golf,,Limosine,,12.500 €,Fairer Preis,59.400 km,,EZ 12/2016,Benzin,81 kW (110 PS),,
Volkswagen T6 Transporter,,T6 Kombi 9-Sitzer * 2.0 TDI * 1.Hand * Standhzg.,,23.788 €,Sehr guter Preis,110.730 km,,EZ 05/2019,Diesel,75 kW (102 PS),,
,,,,,,,,,,,,
,,,,,,,,,,,,
Mercedes-Benz GLA 45 AMG,,4Matic /NAVI/LED/PDC/PANO/GARANTIE,,31.990 €,Ohne Bewertung,89.000 km,,EZ 11/2018,Benzin,280 kW (381 PS),,
Volkswagen Caddy,,DSG Maxi Behindertengerecht-Rampe,,33.900 €,Ohne Bewertung,96.000 km,,EZ 05/2016,Diesel,75 kW (102 PS),,
BMW 118,,i Lim. 5-trg. 1.HAND/8-fach BEREIFT,,12.880 €,Guter Preis,106.000 km,,EZ 07/2016,Benzin,100 kW (136 PS),,
BMW 530,,d Touring Aut. Standhzg Navi Kamera PDC,,27.900 €¹,Guter Preis,115.000 km,,EZ 01/2018,Diesel,195 kW (265 PS),,
BMW 318,,d Touring erst 114.000km 1. Hand,,12.990 €¹,Guter Preis,114.000 km,,EZ 04/2015,Diesel,105 kW (143 PS),,
Mercedes-Benz E 63 AMG,,6.3 V8 SAUGER! PANO/CAM/KEY/HK7,,34.870 €,Ohne Bewertung,91.700 km,,EZ 04/2010,Benzin,386 kW (525 PS),,
Volkswagen Golf,,VII 1.2 TSI Lounge R-Line Sitzheizung PDC,,16.950 €,Erhöhter Preis,87.252 km,,EZ 12/2015,Benzin,81 kW (110 PS),,
Volkswagen Golf,,GTI Performance *Motorsport*APR*MAXTON,,22.990 €,Fairer Preis,100.000 km,,EZ 07/2017,Benzin,226 kW (307 PS),,
Mercedes-Benz E 250,,E -Klasse Lim/ILS/Shz/Schiebedach/Pdc/Navi,,19.499 €,Fairer Preis,133.000 km,,EZ 12/2015,Benzin,155 kW (211 PS),,
BMW 218 Active Tourer,,8fach Bereifung/1. Hand,,12.990 €,Sehr guter Preis,92.474 km,,EZ 12/2016,Benzin,100 kW (136 PS),,
Volkswagen Golf,,GTI Bi-Xenon/Dynaudio/Dynamic-Light,,16.950 €,Fairer Preis,94.207 km,,EZ 04/2016,Benzin,162 kW (220 PS),,
BMW 220,,COUPE SPORT AUTOMAT+LEDER+NAV+XENON+HIFI+TÜV,,19.880 €,Guter Preis,133.500 km,,EZ 07/2016,Diesel,140 kW (190 PS),,
Volkswagen Golf,,VII Lim. GTI/AUTOMAT/ACC/Lane/Side Assist,,21.999 €,Fairer Preis,98.000 km,,EZ 08/2017,Benzin,169 kW (230 PS),,
Volkswagen Golf,,VII Lim. R BMT 4Motion-PANO-LED-DSG-SCHECKH,,25.499 €,Fairer Preis,76.800 km,,EZ 07/2016,Benzin,221 kW (300 PS),,
Volkswagen Golf Plus,,,,9.900 €,Ohne Bewertung,100.000 km,,EZ 02/2013,Benzin,77 kW (105 PS),,
Volkswagen Golf,,VII Lim. GTI CAM-NAVI-H&R-PDC-BI-Xenon,,17.471 €,Fairer Preis,81.228 km,,EZ 12/2015,Benzin,162 kW (220 PS),,
Volkswagen Touareg,,3.0 V6 TDI SCR Blue Motion DPF Autom.,,31.900 €,Erhöhter Preis,81.000 km,,EZ 06/2017,Diesel,193 kW (262 PS),,
Mercedes-Benz CLA 180,,CLA180 Shooting Brake LED NAVI BT SHZ PDC 7G-DCT,,20.490 €,Fairer Preis,71.347 km,,EZ 06/2018,Benzin,90 kW (122 PS),,
Volkswagen T6 Transporter,,TDI 4MOT STH AHK KLIMA REGALSYSTE,,25.950 €¹,Sehr guter Preis,97.000 km,,EZ 02/2018,Diesel,110 kW (150 PS),,
Volkswagen Golf,,VII GTI 2.0 TSI DSG Performance AHK PANO XE,,17.850 €,Guter Preis,103.878 km,,EZ 09/2016,Benzin,169 kW (230 PS),,
,,,,,,,,,,,,
,,,,,,,,,,,,
Volkswagen Golf,,2.0 TSI R DSG Cabriolet  AUS 1.HAND  NAVI,,22.990 €,Ohne Bewertung,99.980 km,,EZ 05/2014,Benzin,195 kW (265 PS),,
Volkswagen Golf,,VII GTI,,17.700 €,Guter Preis,81.321 km,,EZ 03/2016,Benzin,162 kW (220 PS),,
Mercedes-Benz Sprinter,,316CDI Kasten L1H1 Mixto Kombi Bus RWD,,25.495 €¹,Fairer Preis,138.000 km,,EZ 05/2015,Diesel,120 kW (163 PS),,
Mercedes-Benz Sprinter,,Koffer Ladebordwand 316 CDI RWD LBW Aut,,29.895 €¹,Fairer Preis,118.100 km,,EZ 02/2017,Diesel,120 kW (163 PS),,
Audi A4,,"Avant 35 TFSI sport//18""ALU-AUDI-SPORT//NAVI",,20.999 €¹,Fairer Preis,110.886 km,,EZ 01/2019,Benzin,110 kW (150 PS),,
BMW 220 Active Tourer,,220i Active Tourer Sport Line PDC LED Navi AHK,,19.999 €,Sehr guter Preis,58.500 km,,EZ 12/2018,Benzin,141 kW (192 PS),,
Volkswagen Golf,,VIII Variant 1.5 eTSI Style *ACC*LED*Navi*R,,21.250 €¹,Fairer Preis,87.190 km,,EZ 08/2021,Benzin,96 kW (131 PS),,
Volkswagen Golf,,VII Lim. Highline BMT_ BI-XEN_ACC_DYNAUDIO,,14.999 €,Ohne Bewertung,105.000 km,,EZ 04/2014,Benzin,90 kW (122 PS),,
Volkswagen Golf,,2.0 TSI 4MOTION BMT R 19ZOLL NAVI KEYLESS,,23.490 €,Ohne Bewertung,93.550 km,,EZ 09/2014,Benzin,221 kW (300 PS),,
Volkswagen Golf,,2.0TSI DSG 4MOTION BMT R PANO NAVI LEDER,,23.490 €,Sehr guter Preis,99.980 km,,EZ 10/2014,Benzin,221 kW (300 PS),,
Volkswagen T6 Transporter,,Pritsche Doppelkabine Koffer DSG,,32.595 €¹,Erhöhter Preis,105.000 km,,EZ 07/2017,Diesel,110 kW (150 PS),,
Volkswagen Golf,,VII Variant 1.4 TSI Allstar Bi-Xenon Navi,,17.490 €,Fairer Preis,81.957 km,,EZ 04/2016,Benzin,92 kW (125 PS),,
Volkswagen Polo,,VI*HIGHLINE*SHZ*LED*TRAUMZUSTAND,,16.500 €,Fairer Preis,73.507 km,,EZ 02/2018,Benzin,70 kW (95 PS),,
Mercedes-Benz Sprinter,,214 CDI Automatik KLIMA+1.HAND 9835,,26.763 €¹,Fairer Preis,94.050 km,,EZ 01/2019,Diesel,105 kW (143 PS),,
BMW X1,,Baureihe X1 sDrive 18 i Advantage Navi Pano SHZ,,18.950 €,Fairer Preis,83.000 km,,EZ 03/2019,Benzin,103 kW (140 PS),,
Volkswagen Touran,,1.5 TSI Highline R-Line LED Navi ACC,,26.950 €¹,Fairer Preis,68.210 km,,EZ 03/2020,Benzin,110 kW (150 PS),,
Volkswagen Golf,,VII Lim. BMT *1.Hand*Erst 84tkm*Automatik*,,14.999 €,Ohne Bewertung,84.992 km,,EZ 04/2014,Benzin,77 kW (105 PS),,
Volkswagen Touran,,1.5 TSI United+LED+NAVI+ACC+7-SITZE,,27.490 €¹,Fairer Preis,86.714 km,,EZ 01/2021,Benzin,110 kW (150 PS),,
Volkswagen Golf,,GTI Clubsport *PANO*DYNAUDIO*Bi-Xenon*ACC,,27.490 €,Fairer Preis,79.290 km,,EZ 07/2016,Benzin,195 kW (265 PS),,
Volkswagen Golf,,VII Variant Highline*R-Line*BMT*Automatik*,,16.950 €,Guter Preis,43.000 km,,EZ 12/2016,Benzin,92 kW (125 PS),,
,,,,,,,,,,,,
,,,,,,,,,,,,
Volkswagen Golf,,GTI Clubsport BMT Clubsport/SCHALEN/DSG/...,,25.290 €,Fairer Preis,79.200 km,,EZ 02/2017,Benzin,195 kW (265 PS),,
Volkswagen Golf,,VII 1.4 TSI DSG Lim. Lounge *ACC*Navi*App-C,,15.900 €,Erhöhter Preis,99.847 km,,EZ 02/2016,Benzin,92 kW (125 PS),,
Volkswagen Tiguan,,Comfortline BMT*Allwetter*Tempomat*PDC*,,16.950 €,Sehr guter Preis,85.600 km,,EZ 10/2016,Diesel,110 kW (150 PS),,
Mercedes-Benz A 180,,A -Klasse A 180 BlueEfficiency,,10.890 €,Ohne Bewertung,103.000 km,,EZ 11/2012,Benzin,90 kW (122 PS),,
Volkswagen Crafter,,Pritsche 35 DOKA mittellang Scheckheft,,28.995 €¹,Fairer Preis,87.100 km,,EZ 02/2019,Diesel,103 kW (140 PS),,
Audi A4,,Avant 35 TFSI S tronic *LED*ACC*Navi*WLAN*SHZ,,23.880 €¹,Fairer Preis,70.160 km,,EZ 01/2020,Benzin,110 kW (150 PS),,
Mercedes-Benz GLC 220,,d 4M 9G-tronic Exclusive+LED+NAVI+LEDER,,28.500 €,Fairer Preis,101.485 km,,EZ 09/2018,Diesel,125 kW (170 PS),,
Volkswagen Golf,,GTI Clubsport *PANO*LEDER*BI-XENON*AMBIENTE,,26.990 €,Fairer Preis,80.000 km,,EZ 11/2016,Benzin,195 kW (265 PS),,
Audi A3,,Ultra| LED| BIXENON| TEMP| 4SEASON| Garantie,,13.299 €,Sehr guter Preis,132.221 km,,EZ 04/2016,Benzin,110 kW (150 PS),,
Audi A3,,Navi/Sheckheft/Bremsen vorne neu,,13.000 €,Fairer Preis,88.856 km,,EZ 09/2016,Benzin,85 kW (116 PS),,
Audi A4,,35TFSI Avant S-tronic basis+LED+NAVI+PDC+SHZ,,22.650 €,Fairer Preis,104.810 km,,EZ 11/2020,Benzin,110 kW (150 PS),,
Audi A3,,Cabriolet Sport sport 1.5 TFSI 110(150) S tro,,24.970 €,Fairer Preis,54.930 km,,EZ 05/2018,Benzin,110 kW (150 PS),,
Volkswagen Polo,,1.0 Comfortline PDC Klima Bluetooth USB,,13.990 €,Erhöhter Preis,91.288 km,,EZ 01/2020,Benzin,59 kW (80 PS),,
Audi Q3,,"2.0TFSI quattro S-tronic / MMI-Navi plus, AHK",,18.880 €,Fairer Preis,119.000 km,,EZ 01/2017,Benzin,132 kW (179 PS),,
Volkswagen Caddy,,2.0 TDI DSG Roncalli 4Motion Standheizung,,14.950 €,Ohne Bewertung,104.000 km,,EZ 11/2011,Diesel,103 kW (140 PS),,
Volkswagen Golf,,VII Comfortline 1.2 TSI DSG Leder Standheiz,,14.730 €,Ohne Bewertung,102.800 km,,EZ 03/2015,Benzin,81 kW (110 PS),,
Volkswagen Tiguan,,Highline R-Line/AHK/Massage/ab 249 € m.,,25.900 €,Fairer Preis,103.000 km,,EZ 12/2017,Diesel,140 kW (190 PS),,
Volkswagen Golf,,VII Lim. Allstar *1.HD/NAV/XENON/TEMPO/PDC*,,17.490 €,Fairer Preis,91.800 km,,EZ 02/2017,Benzin,110 kW (150 PS),,
Audi Q2,,"S-Line 1.4 TFSI S-tronic / MMI-Navi, LED, RFK",,18.880 €,Sehr guter Preis,87.500 km,,EZ 01/2018,Benzin,110 kW (150 PS),,
Volkswagen Golf,,VIII BASIS TSI 110,,16.830 €¹,Guter Preis,70.361 km,,EZ 12/2021,Benzin,81 kW (110 PS),,
,,,,,,,,,,,,
,,,,,,,,,,,,
Audi Q5,,2.0TDI quattro S-tronic basis+XENON+NAVI,,24.450 €,Erhöhter Preis,121.500 km,,EZ 06/2017,Diesel,140 kW (190 PS),,
Volkswagen Golf,,2.0TSI 4MOTION R  NAVI LEDER DCC KEYLESS,,23.490 €,Fairer Preis,89.580 km,,EZ 06/2015,Benzin,221 kW (300 PS),,
BMW 320,,Gran Turismo 320i xDrive,,19.890 €,Guter Preis,99.000 km,,EZ 06/2019,Benzin,135 kW (184 PS),,
Volkswagen Golf,,GTI *AHK*DYNAUDIO*MEMORY*PANO*LED*ACC*DCC*,,24.990 €,Fairer Preis,100.300 km,,EZ 12/2017,Benzin,180 kW (245 PS),,
Volkswagen Golf,,2.0 TSI DSG 4MOTION R  PANO NAVI DCC ACC,,23.990 €,Ohne Bewertung,109.980 km,,EZ 06/2014,Benzin,221 kW (300 PS),,
Volkswagen Golf,,"VII GTI 2.0 TSI Performance, LED, Standh.",,23.500 €,Guter Preis,95.500 km,,EZ 02/2018,Benzin,180 kW (245 PS),,
Volkswagen Golf,,VIII 1.0 TSI UNITED*LED*DIGITAL*NAVI*PDC*SH,,17.699 €¹,Fairer Preis,53.400 km,,EZ 10/2020,Benzin,81 kW (110 PS),,
Volkswagen Polo,,1.0 Trendline Klima Sitzheizung Bluetooth,,14.950 €¹,Fairer Preis,79.889 km,,EZ 02/2020,Benzin,59 kW (80 PS),,
Volkswagen Golf,,VII GTI+2.Hand+Bi-Xenon+Navi+SHZ+Tempomat,,16.990 €,Fairer Preis,109.000 km,,EZ 08/2016,Benzin,162 kW (220 PS),,
Volkswagen Golf,,VII Lim. 1.4 TSI Cup BMT DSG KLIMA PDC,,13.999 €,Ohne Bewertung,100.000 km,,EZ 06/2014,Benzin,90 kW (122 PS),,
Mercedes-Benz E 200,,"E -Klasse Lim. E 200 finanzierung ab 4,99%",,23.999 €,Ohne Bewertung,138.851 km,,EZ 09/2018,Benzin,135 kW (184 PS),,
Volkswagen Crafter,,Koffer Ladebordwand Schwingsitz  **AHK**,,23.895 €¹,Erhöhter Preis,141.300 km,,EZ 11/2016,Diesel,120 kW (163 PS),,
Mercedes-Benz C 250,,CGI Avantgarde LED Schiebedach *Garantie*,,27.990 €,Fairer Preis,51.215 km,,EZ 09/2017,Benzin,155 kW (211 PS),,
Mercedes-Benz C 180,,CGI Lim 9G-Tronic Avantgarde*Ambiente-Be.,,21.980 €,Guter Preis,69.000 km,,EZ 10/2018,Benzin,115 kW (156 PS),,
Audi Q2,,1.6TDI sport+LED+NAVI+VIRTUAL+CARPLAY+AHK+SHZ,,17.990 €,Fairer Preis,98.162 km,,EZ 02/2018,Diesel,85 kW (116 PS),,
Volkswagen Golf,,2.0 TSI 4MOTION BMT R R,,23.700 €,Fairer Preis,97.766 km,,EZ 10/2015,Benzin,221 kW (300 PS),,
Volkswagen Golf,,R 4MotionACC+AHK+Soundsys+PDC+SHZ+Navi,,21.099 €,Fairer Preis,125.000 km,,EZ 03/2016,Benzin,221 kW (300 PS),,
Volkswagen Golf,,VII GTI DSG*Facelift*Leder*Pano*19*Dyn*ACC,,22.941 €,Fairer Preis,79.000 km,,EZ 08/2017,Benzin,169 kW (230 PS),,
Volkswagen Golf,,VIII 1.5 TSI Life LED Navi ACC Sitzheizung,,20.990 €¹,Fairer Preis,56.892 km,,EZ 08/2021,Benzin,96 kW (131 PS),,
Volkswagen Golf,,VII Lim. Highline*Massage*Xenon*Navi*ACC,,14.899 €,Ohne Bewertung,112.000 km,,EZ 07/2014,Benzin,103 kW (140 PS),,
,,,,,,,,,,,,
,,,,,,,,,,,,
Volkswagen Jetta,,VI 1.4 TSI DSG Comfortline BMT,,13.999 €,Ohne Bewertung,135.000 km,,EZ 03/2015,Benzin,110 kW (150 PS),,
Volkswagen Golf,,VII Highline |XENON|SHZ|KAMERA|NAVI|CARPLAY,,14.990 €,Guter Preis,99.587 km,,EZ 12/2015,Benzin,110 kW (150 PS),,
Volkswagen Caddy,,-DSG-Maxi-Behindertengerecht-Rampe-,,33.900 €,Ohne Bewertung,74.000 km,,EZ 01/2016,Diesel,75 kW (102 PS),,
Volkswagen Golf,,R VI CABRIO 2.0 TSI 265 DSG 1 Hand,,23.900 €,Ohne Bewertung,91.900 km,,EZ 07/2014,Benzin,195 kW (265 PS),,
Volkswagen Golf,,Variant 1.4 TSI Highline DSG LED Navi AHK,,19.950 €,Erhöhter Preis,79.986 km,,EZ 06/2017,Benzin,110 kW (150 PS),,
Volkswagen Sharan,,2.0 TDI*CUP*DSG*BI-XEN*NAVI*RFK*LANE*TMP,,17.490 €,Ohne Bewertung,143.288 km,,EZ 10/2014,Diesel,103 kW (140 PS),,
BMW X3,,xDrive20d*LCI*BI-XENON*NAVI*LEDER*SHZ*AHK*,,19.790 €,Guter Preis,136.000 km,,EZ 11/2016,Diesel,140 kW (190 PS),,
Volkswagen Golf,,Life 2.0 TDI 110kW*DSG*NAVI*SHZ*ACC*LED*H-K,,21.630 €¹,Fairer Preis,62.457 km,,EZ 09/2020,Diesel,110 kW (150 PS),,
Mercedes-Benz GLA 180,,1.5 CDI KAT.,,17.300 €,Fairer Preis,137.047 km,,EZ 03/2015,Diesel,80 kW (109 PS),,
Volkswagen Golf,,VII R 2.0 TSI DSG 4Mo 19 + LEDER + PANO,,24.990 €,Ohne Bewertung,80.500 km,,EZ 03/2014,Benzin,221 kW (300 PS),,
Volkswagen T-Roc,,T-ROC Active Style 1.5 TSI OPF 110 kW 7-Gang-DSG,,22.790 €¹,Fairer Preis,83.450 km,,EZ 08/2021,Benzin,110 kW (150 PS),,
Volkswagen Golf,,"GTI **Performance, DCC, Remus, RFK, DSG**",,18.500 €,Ohne Bewertung,94.500 km,,EZ 06/2014,Benzin,169 kW (230 PS),,
Audi Q5,,"2.0 TFSIquattro,19""S-Line Alu,Alcantara,Xenon",,15.990 €,Ohne Bewertung,98.888 km,,EZ 04/2010,Benzin,155 kW (211 PS),,
Volkswagen Golf,,VII 1.4 TSI ACT BMT Allstar *R Line*SHZ*PDC,,15.693 €,Erhöhter Preis,104.314 km,,EZ 06/2016,Benzin,110 kW (150 PS),,
BMW 218 Active Tourer,,218 Baureihe 2 Active Tourer 218 i Advantage,,15.980 €,Guter Preis,56.044 km,,EZ 02/2018,Benzin,100 kW (136 PS),,
Volkswagen Golf,,GOLF VII AUTOMATIK CUP BMT,,13.990 €,Ohne Bewertung,105.458 km,,EZ 08/2014,Benzin,81 kW (110 PS),,
Lincoln Navigator,,7 Sitzer Automatik+Leder+Navi+Kamera,,17.980 €,Ohne Bewertung,91.500 km,,EZ 06/2012,Benzin,224 kW (305 PS),,
Volkswagen Golf,,VI Cabriolet 1.4 TSI ALU*KA*NAVI*PDC*TOUCH,,13.990 €,Fairer Preis,98.168 km,,EZ 04/2015,Benzin,90 kW (122 PS),,
Volkswagen Golf,,VI R 4Motion*SCHALE*DYNAUDIO*H&R*,,22.999 €,Ohne Bewertung,99.037 km,,EZ 07/2012,Benzin,199 kW (271 PS),,
Mercedes-Benz GLA 180,,KLIMA+LEDER+NAV+LED+EINPARKHILFE+ALU+TOP,,15.890 €,Fairer Preis,140.500 km,,EZ 04/2017,Benzin,90 kW (122 PS),,
,,,,,,,,,,,,
,,,,,,,,,,,,
Mercedes-Benz Sprinter,,316 CDI *Automatik* 1.HAND 9445,,21.884 €¹,Fairer Preis,130.050 km,,EZ 12/2017,Diesel,120 kW (163 PS),,
Volkswagen Golf,,R 4MOTION|DYNAUDIO|KAMERA|ACC|LEDER|NAVI|SH,,26.990 €,Guter Preis,94.030 km,,EZ 11/2017,Benzin,228 kW (310 PS),,
Volkswagen Golf,,VII R 4Motion/FullLED/Navi/Leder/Sitzh/EPH/,,22.990 €,Ohne Bewertung,99.764 km,,EZ 03/2015,Benzin,221 kW (300 PS),,
Volkswagen Golf,,GTI Cabriolet NAVI*SCHECKHEFT,,14.400 €,Ohne Bewertung,112.012 km,,EZ 12/2013,Benzin,155 kW (211 PS),,
Audi Q5,,quattro sport 2.0 TDI S-LINE OPTIC *PANO/KAME,,26.900 €,Fairer Preis,94.980 km,,EZ 07/2018,Diesel,120 kW (163 PS),,
BMW 218,,Baureihe 2 Gran Tourer 218 i M Sport,,19.700 €¹,Sehr guter Preis,99.990 km,,EZ 04/2021,Benzin,100 kW (136 PS),,
BMW X1,,18d xDrive PDC AHK SHZ Navi Klima 2.Hand,,13.999 €,Ohne Bewertung,110.800 km,,EZ 11/2013,Diesel,105 kW (143 PS),,
Volkswagen Golf,,VII Variant 2.0 TSI BMT R 4Motion NAVI PANO,,23.900 €,Erhöhter Preis,89.050 km,,EZ 01/2016,Benzin,221 kW (300 PS),,
Volkswagen Golf,,VII Lim. Lounge BMT/Navi/Bi-Xen/Temp/Shz,,14.499 €,Fairer Preis,94.031 km,,EZ 12/2015,Benzin,92 kW (125 PS),,
Volkswagen Golf,,VI*Cabriolet*GTI*2.0*TSI*BBS*Bi-Xenon*Navi*,,16.000 €,Ohne Bewertung,71.000 km,,EZ 05/2013,Benzin,155 kW (211 PS),,
Volkswagen Golf,,VIII 1.5 TSI LIFE*LED*DIGITAL*NAVI*PDC*SHZ*,,18.299 €¹,Fairer Preis,46.500 km,,EZ 05/2020,Benzin,96 kW (131 PS),,
Mercedes-Benz C 200,,T Night Edition AMG Line LED SFW 1.Hd,,26.980 €¹,Fairer Preis,102.000 km,,EZ 01/2021,Benzin,135 kW (184 PS),,
Volkswagen Sharan,,Cup BMT AUTO.NAVI.TEMP.PANO.PDC.SHZ.KLIMA,,18.190 €,Ohne Bewertung,133.210 km,,EZ 11/2014,Diesel,103 kW (140 PS),,
Volkswagen Tiguan,,1.5 TSI Join,,20.480 €,Sehr guter Preis,49.800 km,,EZ 01/2019,Benzin,96 kW (131 PS),,
Volkswagen Golf,,7 GTI Clubsport DSG Bull-X Scheckheft R-Kam,,22.990 €,Fairer Preis,99.900 km,,EZ 04/2016,Benzin,195 kW (265 PS),,
Audi A3,,Cabrio S line Sportpaket ultra*NAVI*TEMP*ACC*,,22.450 €,Ohne Bewertung,36.356 km,,EZ 09/2014,Benzin,110 kW (150 PS),,
Volkswagen Caddy,,DSG Maxi Behindertengerecht-Aktivfahrer,,35.900 €,Ohne Bewertung,85.000 km,,EZ 04/2012,Diesel,75 kW (102 PS),,
Volkswagen Golf,,7 R 2.0 TSI DSG 4MOTION,,25.500 €,Ohne Bewertung,112.000 km,,EZ 11/2014,Benzin,221 kW (300 PS),,
Volkswagen Golf,,7 GTI 2.0 TSI DSG /NAVI/LED/ACC/CAM/1.HAND/,,20.990 €,Ohne Bewertung,59.000 km,,EZ 04/2014,Benzin,162 kW (220 PS),,
Volkswagen Tiguan Allspace,,COMFORTLINE TDI 150,,23.730 €¹,Guter Preis,88.147 km,,EZ 05/2020,Diesel,110 kW (150 PS),,
,,,,,,,,,,,,
,,,,,,,,,,,,
Volkswagen T6 Kombi,,T6 2.0 TDI Transporter Kombi/9-Sitzer/TOP,,25.925 €,Guter Preis,72.637 km,,EZ 11/2017,Diesel,75 kW (102 PS),,
Audi S5,,Coupe 4.2 V8 FSI quattro + Recaro + B&O Sound,,24.990 €,Ohne Bewertung,75.400 km,,EZ 03/2009,Benzin,260 kW (354 PS),,
Volkswagen Golf,,2.0 R TSI DSG 4MOTION BMT R R APR,,22.820 €,Sehr guter Preis,99.820 km,,EZ 05/2016,Benzin,221 kW (300 PS),,
Volkswagen Golf,,7R 4Motion*Pano*Kamera*Key-Go*ACC*LED*Navi*,,21.999 €,Ohne Bewertung,109.000 km,,EZ 08/2014,Benzin,221 kW (300 PS),,
Volkswagen Golf,,VII R *Pano*El.Sitze*ACC*Kamera*Carbon*,,25.990 €,Erhöhter Preis,96.000 km,,EZ 12/2015,Benzin,221 kW (300 PS),,
Volkswagen Golf,,VII 1.5 TSI Comfortline+RFK+Standhzg+App+Kl,,18.880 €,Fairer Preis,51.082 km,,EZ 09/2019,Benzin,96 kW (131 PS),,
Volkswagen Golf,,2.0 TSI BMT GTI Performance AUS 1.HAND DCC,,17.490 €,Ohne Bewertung,96.840 km,,EZ 09/2013,Benzin,169 kW (230 PS),,
Mercedes-Benz C 220,,d AVANTGARDE Schiebedach MULTIBEAM Totwink,,24.900 €,Guter Preis,63.654 km,,EZ 03/2018,Diesel,125 kW (170 PS),,
Volkswagen Golf,,7 Lim. Comfortline*Bi-Xenon*PDC*SHZ*1.Hand*,,13.990 €,Sehr guter Preis,88.000 km,,EZ 06/2015,Benzin,90 kW (122 PS),,
Mercedes-Benz C 250,,T 7G Burmester Distronic Head Up 1. Hand,,26.990 €¹,Fairer Preis,41.802 km,,EZ 08/2016,Benzin,155 kW (211 PS),,
Volkswagen Golf,,VII 2.0 TSI BMT GTI*LED*SHZ*PDC,,17.799 €,Fairer Preis,96.848 km,,EZ 10/2017,Benzin,169 kW (230 PS),,
Volkswagen Golf,,VII R 4Motion **APR-PANO-BiCOLOR-NAVI-DCC**,,24.990 €,Ohne Bewertung,77.000 km,,EZ 07/2014,Benzin,221 kW (300 PS),,
Volkswagen Golf,,Variant Life 2.0 TDI 85kW*DSG*NAVI*ASSIST*A,,18.730 €¹,Guter Preis,89.418 km,,EZ 12/2021,Diesel,85 kW (116 PS),,
Volkswagen Golf,,VII GTI Performance|PANO|KAMERA|ACC|AHK|LED,,22.990 €,Sehr guter Preis,96.800 km,,EZ 07/2018,Benzin,180 kW (245 PS),,
Volkswagen Polo,,R WRC Einzigartig MTM 348 PIPES KW,,22.000 €,Ohne Bewertung,95.612 km,,EZ 10/2013,Benzin,256 kW (348 PS),,
Volkswagen Golf,,VII GTI Performance PANO/DYNAUDIO/RFK/AHK,,21.400 €,Fairer Preis,88.732 km,,EZ 05/2015,Benzin,169 kW (230 PS),,
Volkswagen Golf,,VII Variant 1.5 TSI DSG Sound Panorama ACC,,18.990 €,Fairer Preis,94.885 km,,EZ 02/2018,Benzin,96 kW (131 PS),,
Volkswagen Golf,,2.0TSI DSG BMT GTI Clubsport NAVI LEDER,,24.490 €,Fairer Preis,99.980 km,,EZ 05/2016,Benzin,195 kW (265 PS),,
Ford S-Max,,S-MAX Titanium,,17.900 €,Sehr guter Preis,80.000 km,,EZ 05/2017,Benzin,118 kW (160 PS),,
Volkswagen Golf,,VII 1.4 TSI DSG Cup 17 PANO XENON,,13.980 €,Ohne Bewertung,110.754 km,,EZ 10/2014,Benzin,92 kW (125 PS),,
,,,,,,,,,,,,
,,,,,,,,,,,,
Volkswagen Passat Variant,,2.0 TSI 272 PS 4Motion DSG Elegan,,27.859 €¹,Guter Preis,99.172 km,,EZ 12/2019,Benzin,200 kW (272 PS),,
Mercedes-Benz Vito,,Kasten 109CDI WORKER FWD kompakt,,13.999 €¹,Guter Preis,82.000 km,,EZ 09/2017,Diesel,65 kW (88 PS),,
Volkswagen Golf,,"VII R *einwandfreier Zustand*, Service neu",,19.500 €,Ohne Bewertung,113.000 km,,EZ 07/2014,Benzin,221 kW (300 PS),,
Volkswagen Golf,,VII Lim. R BMT 4Motion *Gewinde*SportAGA*1A,,22.399 €,Sehr guter Preis,87.664 km,,EZ 07/2015,Benzin,221 kW (300 PS),,
Mercedes-Benz A 200,,d 8G-DCT Progressive+LED+NAVI+VIRTUAL+PDC,,21.950 €¹,Fairer Preis,99.820 km,,EZ 12/2019,Diesel,110 kW (150 PS),,
Mercedes-Benz CLA 180,,Limo 7G-DCT AMG line+LED+NAVI+LEDER+PDC,,27.900 €,Fairer Preis,109.896 km,,EZ 10/2020,Benzin,100 kW (136 PS),,
Volkswagen Passat,,2.0TDI Variant DSG Business+LED+NAVI+VIRT,,20.150 €¹,Sehr guter Preis,117.277 km,,EZ 10/2019,Diesel,140 kW (190 PS),,
Volkswagen Golf,,"VI Cabriolet R""""ABT""""",,20.000 €,Ohne Bewertung,106.800 km,,EZ 07/2014,Benzin,228 kW (310 PS),,
Volkswagen Golf,,VII Limousine Comfortline*Aut.*Navi*Xenon*,,12.990 €,Ohne Bewertung,91.856 km,,EZ 11/2013,Benzin,77 kW (105 PS),,
Audi A1,,25 TFSI Sportback advanced LED ACC VC App,,19.490 €,Erhöhter Preis,71.314 km,,EZ 09/2019,Benzin,70 kW (95 PS),,
Audi A5,,Cabriolet Sport/S-Line/Virt.C./AHK/249 € mtl.,,27.900 €,Guter Preis,95.500 km,,EZ 06/2018,Benzin,185 kW (252 PS),,
Mercedes-Benz A 220,,Limo 7G-DCT AMG line+LED+NAVI+VIRTUAL,,26.980 €¹,Fairer Preis,76.532 km,,EZ 09/2020,Benzin,140 kW (190 PS),,
Volkswagen Golf,,VII Lim. GTI Clubsport BMT-Aut.-Navi-Alcant,,21.900 €,Guter Preis,95.000 km,,EZ 07/2016,Benzin,195 kW (265 PS),,
Volkswagen T-Cross,,ACTIVE T-CROSS 1.5 Life B 110 TSID7F LM,,21.019 €¹,Fairer Preis,72.565 km,,EZ 04/2021,Benzin,110 kW (150 PS),,
Mercedes-Benz C 220,,d 4M T 9G-tronic Avantgarde+LED+NAVI+AHK,,23.900 €¹,Guter Preis,101.098 km,,EZ 12/2019,Diesel,143 kW (194 PS),,
Volkswagen Golf,,R. VII 4Motion|DSG|NAVI|BI-XENON|PANO|LEDER,,23.950 €,Guter Preis,98.586 km,,EZ 07/2016,Benzin,221 kW (300 PS),,
Volkswagen Golf,,"VII GTI 2,0 TFSI DSG Performance BMT,Pano",,21.450 €,Fairer Preis,67.000 km,,EZ 11/2016,Benzin,169 kW (230 PS),,
Volkswagen Golf,,VII Lim.R-Line Allstar/DSG/Xenon/Navi/Tempo,,16.499 €,Fairer Preis,83.000 km,,EZ 01/2017,Benzin,92 kW (125 PS),,
Volkswagen Golf,,2.0 TSI DSG BMT GTI Clubsport NAVI ACC DCC,,25.490 €,Fairer Preis,92.890 km,,EZ 04/2016,Benzin,195 kW (265 PS),,
Volkswagen Golf,,VII Lim. Trendline BMT/Start-Stopp  Navi,,10.999 €,Sehr guter Preis,99.999 km,,EZ 08/2019,Benzin,85 kW (116 PS),,
,,,,,,,,,,,,
,,,,,,,,,,,,
Volkswagen Golf,,VII Lim.|NAVI|XENON|LED|RÜCKFAHRKAMERA|2.HD,,12.999 €,Ohne Bewertung,90.000 km,,EZ 01/2014,Benzin,90 kW (122 PS),,
Volkswagen Golf,,Lim. 2.0 TSI DSG GTI Nav_Pano_Xenon_KW+Voss,,19.850 €,Fairer Preis,100.000 km,,EZ 04/2015,Benzin,162 kW (220 PS),,
Volkswagen Arteon,,/Navi/LM-Felgen 8x18/PDC vorne & hinten/,,20.490 €,Guter Preis,112.850 km,,EZ 08/2018,Diesel,110 kW (150 PS),,
Volkswagen Golf,,"VII GTI Performance 2.0 TSI, LED, DSG, ACC",,22.900 €,Guter Preis,88.000 km,,EZ 07/2018,Benzin,180 kW (245 PS),,
Volkswagen Passat Alltrack,,2.0 TSI 220 PS 4M DSG PANORAMA/A,,27.439 €¹,Guter Preis,64.485 km,,EZ 08/2018,Benzin,162 kW (220 PS),,
Volkswagen Golf,,6 GTI 2.0TSI 211PS Cabrio DSG Bi-Xenon Navi,,17.499 €,Ohne Bewertung,64.536 km,,EZ 10/2012,Benzin,155 kW (211 PS),,
Mercedes-Benz A 220,,A -Klasse A 220,,21.999 €,Guter Preis,76.000 km,,EZ 05/2019,Benzin,140 kW (190 PS),,
Volkswagen Golf,,"VII 2.0 TSI R 4M VOLLLEDER,PANORAMA1.HAND",,24.780 €,Fairer Preis,60.000 km,,EZ 07/2015,Benzin,221 kW (300 PS),,
Volkswagen Golf,,Variant VII 1.4 TSI Cup AHK PDC 16 GRA,,12.950 €,Ohne Bewertung,93.500 km,,EZ 08/2014,Benzin,110 kW (150 PS),,
Volkswagen Golf,,VI Cabriolet Cup*TEMPOMAT*PDC*BT*KLIMAAUTO.,,13.480 €,Guter Preis,89.820 km,,EZ 05/2015,Benzin,77 kW (105 PS),,
Volkswagen Golf,,VII Lim. Lounge BMT,,14.799 €,Guter Preis,81.000 km,,EZ 12/2015,Benzin,81 kW (110 PS),,
Volkswagen Golf,,VI Cabriolet 2.0 TSI GTI NAVI KLIMA LEDER,,16.990 €,Ohne Bewertung,93.411 km,,EZ 03/2014,Benzin,155 kW (211 PS),,
Mercedes-Benz B 180,,d Progressive Automatik LED Navi *Garantie,,23.990 €,Erhöhter Preis,88.285 km,,EZ 12/2019,Diesel,85 kW (116 PS),,
BMW 335,,xDrive AHK Leder LED adaptiv GSD ohne Navi A,,26.730 €,Guter Preis,102.941 km,,EZ 04/2018,Diesel,230 kW (313 PS),,
Volkswagen Golf,,VII Lim. Comfortline 2 ZONEN KLIMAAUTOMATIK,,15.790 €,Erhöhter Preis,93.300 km,,EZ 03/2017,Benzin,110 kW (150 PS),,
Volkswagen Golf,,VIII Limo GTD Harman/Kardon Leder Vienna,,30.490 €¹,Guter Preis,82.105 km,,EZ 02/2021,Diesel,147 kW (200 PS),,
Volkswagen Caddy,,Maxi Soccer TSI Behindertengerecht-Rampe,,24.950 €,Ohne Bewertung,101.200 km,,EZ 05/2014,Benzin,77 kW (105 PS),,
Volkswagen Golf,,VII 1.5 TSI DSG R-line LED Navi Sitzheizung,,20.990 €,Erhöhter Preis,89.789 km,,EZ 07/2018,Benzin,110 kW (150 PS),,
Volkswagen Golf,,VII Lim. GTI Clubsport BMT.-Aut-Pano-Leder,,21.500 €,Sehr guter Preis,104.000 km,,EZ 07/2016,Benzin,195 kW (265 PS),,
Volkswagen Golf,,VI Cabrio  GTI SHZ PDC KLIMAA TEMPO,,12.999 €,Ohne Bewertung,102.500 km,,EZ 12/2012,Benzin,155 kW (211 PS),,
,,,,,,,,,,,,
,,,,,,,,,,,,
Volkswagen T6 Multivan,,Bulli Autom./Navi/SHZ/Tisch/Garantie,,29.950 €,Sehr guter Preis,124.000 km,,EZ 04/2016,Diesel,150 kW (204 PS),,
Volkswagen Golf,,VI Cabriolet R *DSG*Motec*Schekheft*,,18.999 €,Ohne Bewertung,85.000 km,,EZ 01/2014,Benzin,195 kW (265 PS),,
Volkswagen Golf,,"VI Cabriolet GTI Leder/Navi/Xenon/PDC/18""",,15.999 €,Ohne Bewertung,67.000 km,,EZ 04/2014,Benzin,155 kW (211 PS),,
Volkswagen Golf,,2.0 TSI DSG 4MOTION BMT R R ,,23.999 €,Guter Preis,106.000 km,,EZ 07/2016,Benzin,221 kW (300 PS),,
Volkswagen Golf,,VII R BMT 4Motion 1.Hand Xenon Navi DCC,,21.499 €,Sehr guter Preis,83.000 km,,EZ 06/2015,Benzin,221 kW (300 PS),,
Volkswagen Golf,,VII Lim. 1.2 TSI DSG * Cup Edition * 1.Hand,,12.900 €,Ohne Bewertung,104.211 km,,EZ 07/2014,Benzin,77 kW (105 PS),,
Audi A6,,Avant 40 TDI sport PANORMA ACC 360 Kamera,,27.999 €,Fairer Preis,109.966 km,,EZ 02/2019,Diesel,150 kW (204 PS),,
Volkswagen Golf,,VIII Variant 1.5 eTSI Style *ACC*LED*Navi*A,,19.925 €¹,Guter Preis,110.405 km,,EZ 01/2022,Benzin,110 kW (150 PS),,
Volkswagen Caddy,,JAKO-O 1.2 TSI Behindertengerecht-Rampe,,22.950 €,Ohne Bewertung,83.786 km,,EZ 12/2013,Benzin,77 kW (105 PS),,
Volkswagen Polo,,1.0 TSI Comfortline Klima Sitzheizung PDC,,15.950 €,Fairer Preis,52.784 km,,EZ 09/2018,Benzin,70 kW (95 PS),,
Volkswagen Golf,,VII GTI 2.0 TSI DSG ,,17.300 €,Ohne Bewertung,99.300 km,,EZ 03/2015,Benzin,162 kW (220 PS),,
Volkswagen Golf,,"COMFORTLINE+LED+NAVI+16""ALU+ACC+AHK+APP+BUSINESS",,17.950 €¹,Fairer Preis,106.700 km,,EZ 05/2020,Diesel,110 kW (150 PS),,
Mercedes-Benz CLA 200 Shooting Brake,,CLA 200 SHOOTING BRAKE URBAN+NAVI+LED+ALLWETTER+,,24.480 €,Erhöhter Preis,45.800 km,,EZ 03/2018,Benzin,115 kW (156 PS),,
Volkswagen Golf,,VII Lim. GTI Performance BMT,,16.990 €,Ohne Bewertung,105.000 km,,EZ 02/2014,Benzin,169 kW (230 PS),,
Volkswagen Golf,,VII Lim. GTI BMT NAVI*GLAS SCHIEBEDACH*,,16.890 €,Guter Preis,116.000 km,,EZ 12/2016,Benzin,162 kW (220 PS),,
Volkswagen Golf,,VII 1.5 TSI R-Line LED Standheizung Navi,,17.990 €,Erhöhter Preis,109.987 km,,EZ 10/2017,Benzin,110 kW (150 PS),,
Volkswagen Golf,,VII 1.0 TSI BMT LED ACC App-Connect AHK,,16.950 €,Fairer Preis,79.984 km,,EZ 04/2017,Benzin,81 kW (110 PS),,
Volkswagen Golf,,VI Cabriolet Lounge BMT Unfallfrei Navi TOP,,15.300 €,Fairer Preis,76.000 km,,EZ 01/2016,Benzin,77 kW (105 PS),,
Mercedes-Benz Sprinter,,314 CDI KAMERA+ KLIMA+ 1. HAND 6697,,25.573 €¹,Guter Preis,89.050 km,,EZ 12/2019,Diesel,105 kW (143 PS),,
Volkswagen Golf,,VII Lim. GTI Performance BMT,,14.890 €,Ohne Bewertung,119.900 km,,EZ 12/2014,Benzin,169 kW (230 PS),,
,,,,,,,,,,,,
,,,,,,,,,,,,
Mercedes-Benz C 400,,Lim 4Matic AMG-Line*Panorama*Totewinkel,,24.590 €,Sehr guter Preis,147.000 km,,EZ 10/2015,Benzin,245 kW (333 PS),,
Volkswagen Arteon,,R-Line*239PS*Leder*Dynaudio*ACC*Virtual*Perlmutt,,29.499 €,Fairer Preis,106.000 km,,EZ 09/2019,Diesel,176 kW (239 PS),,
Volkswagen Golf,,GTI Clubsport 2.0 TSI DSG / Navi,,22.875 €,Fairer Preis,80.710 km,,EZ 04/2016,Benzin,195 kW (265 PS),,
Volkswagen Caddy,,-DSG-Alltrack-Behindertengerecht-Rampe,,32.900 €,Ohne Bewertung,120.000 km,,EZ 07/2017,Diesel,110 kW (150 PS),,
Volkswagen Golf,,2.0 TSI DSG 4MOTION BMT R PANO NAVI DCC DAB,,21.490 €,Ohne Bewertung,120.980 km,,EZ 04/2014,Benzin,221 kW (300 PS),,
Volkswagen Golf,,Variant VIII 2.0TDI DSG Life+LED+NAVI+KAMER,,21.900 €¹,Fairer Preis,79.216 km,,EZ 03/2022,Diesel,85 kW (116 PS),,
Volkswagen Golf,,VII GTI Performance*DSG*NAVI*LEDER*Assist.*,,18.990 €,Sehr guter Preis,81.000 km,,EZ 07/2015,Benzin,169 kW (230 PS),,
BMW 520,,d Touring Sport Line 1.Hd HiFi Navi Ambiente,,26.470 €¹,Fairer Preis,90.322 km,,EZ 01/2020,Diesel,140 kW (190 PS),,
Volkswagen Golf,,Variant 1.5 TSI DSG Highline*LED*CarPlay*AC,,16.970 €,Fairer Preis,85.850 km,,EZ 09/2017,Benzin,110 kW (150 PS),,
Volkswagen Golf,,VII Allstar *1.Hand*Pano*PDC*Temp*Bluet*SHZ,,16.480 €,Guter Preis,73.195 km,,EZ 07/2016,Benzin,110 kW (150 PS),,
Volkswagen Golf,,1.4 TSI BlueMotion Tech Highline *Sportsitz,,12.980 €,Ohne Bewertung,105.411 km,,EZ 01/2015,Benzin,92 kW (125 PS),,
Mercedes-Benz Sprinter,,Kasten 316 CDI L1H2 Werkstattwagen RWD,,34.395 €¹,Erhöhter Preis,87.000 km,,EZ 09/2016,Diesel,120 kW (163 PS),,
Volkswagen Golf,,1.0 TSI Comfort Variant * Navi * Massage *,,12.950 €,Erhöhter Preis,142.900 km,,EZ 05/2017,Benzin,81 kW (110 PS),,
Volkswagen Golf,,"GTI Edition 35 DSG*NAVI*LEDER*E-GSD*18""*DCC",,19.980 €,Ohne Bewertung,83.615 km,,EZ 05/2012,Benzin,173 kW (235 PS),,
Volkswagen Golf,,7 DSG R line *ACC*Digital*AHK*DCC*Standhzg.,,22.750 €,Erhöhter Preis,73.000 km,,EZ 12/2017,Benzin,110 kW (150 PS),,
Volkswagen Golf,,1.4TSI VII Highline BiXen PDC R-Line Int/Ex,,17.980 €,Erhöhter Preis,84.000 km,,EZ 05/2015,Benzin,110 kW (150 PS),,
Volkswagen Golf,,R 4MOTION*HGP*Leder*ACC*DCC*2Hd*Pano*DSG,,26.500 €,Guter Preis,106.500 km,,EZ 03/2016,Benzin,353 kW (480 PS),,
Mercedes-Benz Vito,,Kasten 114 CDI RWD lang Automatik Klima PDC,,21.495 €¹,Guter Preis,139.000 km,,EZ 04/2017,Diesel,100 kW (136 PS),,
Volkswagen Golf,,GTI VII 2.0 TSI DSG Performance AD El. Pano,,19.925 €,Fairer Preis,110.246 km,,EZ 02/2016,Benzin,169 kW (230 PS),,
Volkswagen T6 Transporter,,T6.1 Transporter 2.0 TDI DSG Kasten FWD / Navi,,26.440 €¹,Sehr guter Preis,100.000 km,,EZ 07/2020,Diesel,110 kW (150 PS),,
,,,,,,,,,,,,
,,,,,,,,,,,,
Volkswagen Golf,,"VII Lim. 1.4 TSI""DSG""Highline BMT""PANO""LED""",,16.490 €,Fairer Preis,114.000 km,,EZ 02/2017,Benzin,110 kW (150 PS),,
Volkswagen Golf,,VII 1.2 TSI DSG Allstar Sitzheizung PDC USB,,14.900 €,Fairer Preis,92.377 km,,EZ 01/2017,Benzin,81 kW (110 PS),,
Volkswagen Golf,,VII 1.2 TSI DSG ALLSTAR 4-TR / STANDHEIZUNG,,14.444 €,Fairer Preis,99.000 km,,EZ 10/2016,Benzin,81 kW (110 PS),,
Volkswagen Golf,,VII 2.0 TSI BMT GTI Performance LED ACC DAB,,23.990 €,Fairer Preis,83.528 km,,EZ 08/2018,Benzin,180 kW (245 PS),,
Audi A1,,1.6TDI basis+KLIMA+BLUETOOTH+PDC,,11.900 €,Erhöhter Preis,87.100 km,,EZ 05/2015,Diesel,85 kW (116 PS),,
Volkswagen Golf,,VIII 1.5 TSI LIFE*LED*DIGITAL*NAVI*PDC*SHZ*,,18.699 €¹,Fairer Preis,44.600 km,,EZ 08/2020,Benzin,96 kW (131 PS),,
Volkswagen Golf,,"Variant Alltrack 1,8 TSI DSG 4Motion  Panod",,21.750 €,Fairer Preis,79.950 km,,EZ 06/2018,Benzin,132 kW (179 PS),,
Volkswagen Golf,,VI Variant Match 1 Hand!,,12.490 €,Ohne Bewertung,88.957 km,,EZ 04/2013,Benzin,90 kW (122 PS),,
Volkswagen Golf,,1.4 TSI Highline XENON SITZH BLUET PDC,,12.950 €,Ohne Bewertung,82.171 km,,EZ 05/2013,Benzin,90 kW (122 PS),,
Volkswagen Golf,,VII GTI *GARANTIE*LEDER*DYNAUDIO*1.HAND*AHK,,18.990 €,Ohne Bewertung,77.401 km,,EZ 03/2015,Benzin,162 kW (220 PS),,
BMW X4,,xDrive20d xLine*Schiebedach*Head-UP Display,,26.980 €¹,Sehr guter Preis,115.000 km,,EZ 12/2017,Diesel,140 kW (190 PS),,
Volkswagen Golf,,2.0 TSI DSG GTI Clubsport Recaro Serie+,,24.500 €,Fairer Preis,89.570 km,,EZ 04/2016,Benzin,195 kW (265 PS),,
Volkswagen T6 Kombi,,T6+9-SITZER+LANG+FSE+AHK+KOMFORT-PAKET+VOLL-LACK,,28.950 €¹,Fairer Preis,105.850 km,,EZ 01/2018,Diesel,110 kW (150 PS),,
Volkswagen Tiguan,,1.4 Lounge Sport & Style*1.Hand*Scheckhef,,12.490 €,Guter Preis,134.348 km,,EZ 07/2015,Benzin,110 kW (150 PS),,
Volkswagen Golf,,VII 1.4 TSI Highline LED Navi ACC Panorama,,19.950 €,Erhöhter Preis,78.651 km,,EZ 03/2018,Benzin,110 kW (150 PS),,
Volkswagen Golf,,VI R 4Motion*BullX AGA*HG Ansaugung*Leder*,,20.999 €,Ohne Bewertung,94.387 km,,EZ 05/2011,Benzin,199 kW (271 PS),,
Volkswagen Golf,,GTI 2.0TSI DSG Navi Xenon PDC Tempomat,,13.995 €,Ohne Bewertung,99.980 km,,EZ 03/2011,Benzin,155 kW (211 PS),,
Volkswagen T5 Transporter,,"Kasten- 1.Hand,Neu Tüv,Wenig Km.",,12.499 €,Ohne Bewertung,83.000 km,,EZ 09/2014,Diesel,62 kW (84 PS),,
Volkswagen Golf,,VII LIM. GTI PERFOMANCE BMT *PANO*NAVI*,,18.999 €,Ohne Bewertung,77.000 km,,EZ 03/2015,Benzin,169 kW (230 PS),,
Audi A5,,Coupe 3.0 TDI quattro S-line,,25.999 €¹,Fairer Preis,100.000 km,,EZ 07/2017,Diesel,160 kW (218 PS),,
,,,,,,,,,,,,
,,,,,,,,,,,,
Volkswagen Caddy,,-DSG-Behindertengerecht-elk. Rampe-Klappe,,18.900 €,Ohne Bewertung,125.000 km,,EZ 05/2008,Diesel,77 kW (105 PS),,
Volkswagen T-Roc,,1.5 TSI DSG United LED AHK Standhzg.,,22.255 €¹,Guter Preis,80.950 km,,EZ 10/2020,Benzin,110 kW (150 PS),,
Volkswagen Polo,,V Comfortline BMT/Start-Stopp,,9.000 €,Fairer Preis,116.620 km,,EZ 09/2014,Benzin,66 kW (90 PS),,
Volkswagen Golf,,2.0 TSI GTI Cabriolet,,16.499 €,Sehr guter Preis,105.000 km,,EZ 04/2013,Benzin,155 kW (211 PS),,
Volkswagen Caddy,,Maxi-Behindertengerecht-Rampe-Standheizung,,22.900 €,Ohne Bewertung,90.000 km,,EZ 01/2012,Benzin,77 kW (105 PS),,
Volkswagen Golf,,"VII 2.0 TSI DSG GTI XENON, NAVI",,19.890 €,Fairer Preis,88.250 km,,EZ 12/2015,Benzin,162 kW (220 PS),,
Volkswagen Scirocco,,2.0 TSI R DSG Schalensitz Dynaudio Pano,,19.800 €,Ohne Bewertung,106.793 km,,EZ 06/2013,Benzin,195 kW (265 PS),,
Volkswagen Golf,,Cabrio 1.4 TSI BlueMotion Technology DSG Al,,16.630 €,Fairer Preis,69.457 km,,EZ 04/2016,Benzin,92 kW (125 PS),,
Volkswagen Golf,,VII GTI Performance*LED*RFK*ACC*DYNAUDIO*,,21.995 €,Fairer Preis,97.177 km,,EZ 12/2018,Benzin,180 kW (245 PS),,
Volkswagen Touran,,Comfortline BMT *AHK*TEMP*PDC*SHZ*,,11.950 €,Guter Preis,141.831 km,,EZ 06/2016,Benzin,81 kW (110 PS),,
BMW X2,,"sDrive 20iA M-SPORT X LED NAVI PARKASSIST 19""",,25.900 €,Guter Preis,68.500 km,,EZ 06/2019,Benzin,141 kW (192 PS),,
Volkswagen T6 Transporter,,T6 2.0TDI Caravelle Comfortline 4Motion/DSG/AHK,,34.900 €¹,Fairer Preis,99.228 km,,EZ 08/2017,Diesel,110 kW (150 PS),,
Volkswagen Golf,,Variant 1.4 TSI Highline LED Navi ACC STHZ,,18.990 €,Erhöhter Preis,78.247 km,,EZ 01/2018,Benzin,92 kW (125 PS),,
Mercedes-Benz CLS 350,,d+Design+Leder+9-Gang+,,29.750 €,Guter Preis,97.500 km,,EZ 08/2017,Diesel,190 kW (258 PS),,
Volkswagen Golf,,VI Cabriolet 1.4 TSI DSG LIFE 2.Hand ,,14.400 €,Ohne Bewertung,70.820 km,,EZ 01/2014,Benzin,90 kW (122 PS),,
Volkswagen Golf,,Sportsvan 1.4 TSI DSG *SHZ*NAV*ACC*PDC*BX*,,15.990 €,Guter Preis,67.549 km,,EZ 07/2015,Benzin,110 kW (150 PS),,
Volkswagen Golf,,Basis BMT VI 1.2 TSI 6-Gang Ganzj.Reifen Te,,12.830 €,Fairer Preis,90.650 km,,EZ 07/2015,Benzin,77 kW (105 PS),,
Volkswagen Golf,,2.0 TSI DSG BMT GTI Performance GTI Per...,,17.000 €,Ohne Bewertung,110.000 km,,EZ 08/2014,Benzin,169 kW (230 PS),,
BMW 520,,d Touring Aut. 8-fach Navi PDC LED Klimaaut.,,24.900 €,Fairer Preis,116.000 km,,EZ 11/2019,Diesel,140 kW (190 PS),,
Volkswagen Golf,,2.0 TSI DSG 4MOTION BMT R Variant PANO NAVI,,24.990 €,Fairer Preis,99.980 km,,EZ 01/2017,Benzin,221 kW (300 PS),,
,,,,,,,,,,,,
,,,,,,,,,,,,
Volkswagen Golf,,VII Lim. GTI Luftfahrwerk ! TÜV/SERVICE NEU,,16.990 €,Ohne Bewertung,109.000 km,,EZ 11/2014,Benzin,162 kW (220 PS),,
Volkswagen Golf,,"VII Cup BMT 1.2 TSI AHK schwenkbar, PDC vo+",,12.989 €,Ohne Bewertung,81.500 km,,EZ 11/2014,Benzin,81 kW (110 PS),,
Volkswagen Golf,,VII Lim. Cup 1.4*18 ZOLL*Park Assist*SHZ*,,12.500 €,Ohne Bewertung,86.869 km,,EZ 10/2014,Benzin,81 kW (110 PS),,
Volkswagen Golf,,VI R Cabriolet DSG 2.0 TSI  sehr gepflegt ,,17.990 €,Ohne Bewertung,116.000 km,,EZ 06/2013,Benzin,195 kW (265 PS),,
Mercedes-Benz GLC 43 AMG,,4matic LED Pano Headup 360 Cam Comand,,33.900 €¹,Guter Preis,80.000 km,,EZ 10/2016,Benzin,270 kW (367 PS),,
Volkswagen Golf,,GTI 2.0 TSI 19Zoll|Pano|GRA|Navi|AHK|Xenon,,15.990 €,Guter Preis,117.990 km,,EZ 09/2016,Benzin,162 kW (220 PS),,
Volkswagen Golf,,R 2.0 TSI DSG *NAVI*DCC*DYNAUDIO*KESSY*,,23.450 €,Fairer Preis,108.093 km,,EZ 04/2016,Benzin,221 kW (300 PS),,
Volkswagen Golf,,VII GTI BMT Navi/Xenon/PDC/Bluetooth/AHK,,16.900 €,Ohne Bewertung,96.000 km,,EZ 10/2013,Benzin,162 kW (220 PS),,
Volkswagen Golf,,Variant 1.4 TSI BlueMotion Technology Highl,,15.990 €¹,Fairer Preis,90.200 km,,EZ 09/2017,Benzin,110 kW (150 PS),,
Volkswagen Golf,,VII Variant 1.4 TSI *Cup*GRA*Sound*PDC*Alu,,13.980 €,Ohne Bewertung,117.300 km,,EZ 03/2015,Benzin,92 kW (125 PS),,
Volkswagen Golf,,Life TSI 110kW*NAVI*HUD*SHZ*LIGHT-ASSIST,,21.930 €¹,Guter Preis,40.808 km,,EZ 08/2020,Benzin,110 kW (150 PS),,
Volkswagen Golf,,VII 2.0 TSI R,,23.900 €,Fairer Preis,111.000 km,,EZ 01/2016,Benzin,221 kW (300 PS),,
Volkswagen Golf,,VI GTI35 DSG.1.Hd.NAV.LEDER.XEN.SHZ.SD.AHK,,19.890 €,Ohne Bewertung,83.121 km,,EZ 12/2011,Benzin,173 kW (235 PS),,
Mercedes-Benz E 220,,d Avantgarde E 220 d KAM NAVI LM SpurH,,27.699 €,Guter Preis,60.175 km,,EZ 11/2017,Diesel,143 kW (194 PS),,
Volkswagen Caddy,,Edition 35 DSG Navi Sitzhz Xenon R.Kamera,,25.490 €,Sehr guter Preis,64.369 km,,EZ 09/2019,Benzin,96 kW (131 PS),,
Volkswagen Golf,,"7R 4Motion Pano,Leder,Navi",,21.980 €,Ohne Bewertung,74.315 km,,EZ 12/2014,Benzin,221 kW (300 PS),,
Volkswagen Golf,,"VII Comfortline BMT DSG*2,0TDI-110KW*EU 6dT",,16.390 €¹,Guter Preis,136.836 km,,EZ 11/2019,Diesel,110 kW (150 PS),,
Volkswagen Golf,,1.0 TSI*LED*Keyless*Climatronic*Radio*Isofi,,16.480 €,Guter Preis,49.883 km,,EZ 11/2020,Benzin,81 kW (110 PS),,
Volkswagen Golf,,VI R 4Motion DSG Navi BiXenon 5Türen 19Zoll,,17.400 €,Ohne Bewertung,126.601 km,,EZ 06/2011,Benzin,199 kW (271 PS),,
Volkswagen Golf,,VII Lim. GTI Clubsport*Dynaudio*ACC*R.Kam.*,,22.970 €,Guter Preis,113.000 km,,EZ 08/2016,Benzin,195 kW (265 PS),,
,,,,,,,,,,,,
,,,,,,,,,,,,
Volkswagen Golf,,VI 1.4 TSI Cabriolet  *DSG*LEDER*NAVI*,,12.990 €,Ohne Bewertung,83.500 km,,EZ 05/2012,Benzin,118 kW (160 PS),,
Volkswagen Golf,,VII 1.5 TSI ACT BMT Highline ...,,16.799 €,Fairer Preis,102.800 km,,EZ 01/2018,Benzin,110 kW (150 PS),,
Volkswagen Golf,,1.4 TSI Edition*PANORAMA*LEDER*ACC*LED*1.HD,,13.499 €,Guter Preis,111.990 km,,EZ 08/2015,Benzin,92 kW (125 PS),,
Volkswagen Golf,,"VII R 2.0 TSI 4M ACTIVE-INFO,KEYLESSGO,ACC",,26.880 €,Fairer Preis,89.000 km,,EZ 08/2018,Benzin,228 kW (310 PS),,
Mercedes-Benz CLA 220 Shooting Brake,,Navi*PDC*Shz*Sport,,21.890 €,Fairer Preis,63.500 km,,EZ 11/2018,Diesel,125 kW (170 PS),,
Volkswagen Golf,,2.0 TSI GTI Clubsport GTI APR!,,26.000 €,Erhöhter Preis,90.200 km,,EZ 04/2016,Benzin,195 kW (265 PS),,
Volkswagen Golf,,VII 1.0 TSI JOIN Navi Sitzh.,,17.540 €,Hoher Preis,97.200 km,,EZ 05/2018,Benzin,81 kW (110 PS),,
Volkswagen Golf,,"VI 1,2 tsi Cabriolet Cup | NAVI | SH",,11.990 €,Ohne Bewertung,99.846 km,,EZ 06/2014,Benzin,77 kW (105 PS),,
Volkswagen Golf,,Variant VII R 4Motion Xenon/Navi/Dynaudio/P,,23.480 €,Fairer Preis,94.200 km,,EZ 10/2016,Benzin,221 kW (300 PS),,
Volkswagen Golf,,VII Lim. Lounge*LED*Bi-Xenon*Navi*6-Gang*,,12.480 €,Fairer Preis,99.972 km,,EZ 06/2015,Benzin,81 kW (110 PS),,
Volkswagen Golf,,VII Lim. GTI Performance BMT *XENON*ACC*,,16.990 €,Ohne Bewertung,102.000 km,,EZ 06/2014,Benzin,169 kW (230 PS),,
Audi Q3,,2.0 TDI Quattro/AHK/1.Hand/199 € mtl.,,15.900 €,Ohne Bewertung,109.000 km,,EZ 03/2013,Diesel,103 kW (140 PS),,
Mercedes-Benz C 200,,T CDI*AUTM*BI-XEN*SD*NAVI*TEMP*PTS*SHZ*LED,,12.990 €,Ohne Bewertung,124.605 km,,EZ 04/2011,Diesel,100 kW (136 PS),,
Volkswagen Golf,,VII GTI DSG 2.Hand Scheckheft Navi Pano,,23.490 €,Erhöhter Preis,104.286 km,,EZ 03/2017,Benzin,169 kW (230 PS),,
Volkswagen Golf,,VII Lim. R/LEDER/DSG/MMEDIA/KLIMAA,,19.990 €,Ohne Bewertung,120.500 km,,EZ 02/2015,Benzin,221 kW (300 PS),,
Volkswagen Caddy,,Roncalli 1.2 TSI Behindertengerecht-Rampe,,18.950 €,Ohne Bewertung,100.414 km,,EZ 08/2012,Benzin,77 kW (105 PS),,
Volkswagen Golf,,2.0 TSI BMT GTI Clubsport GTI Clubsport,,23.200 €,Erhöhter Preis,83.100 km,,EZ 05/2016,Benzin,195 kW (265 PS),,
Volkswagen Golf,,"VI Cabriolet GTI,AUTOMATIK,SITZHEIZUNG.",,20.900 €,Fairer Preis,78.000 km,,EZ 08/2015,Benzin,162 kW (220 PS),,
Volkswagen Golf,,VII Alltrack 4Motion 2.0 TDI|DSG|ACC|AHK,,21.990 €¹,Sehr guter Preis,65.519 km,,EZ 05/2020,Diesel,135 kW (184 PS),,
Volkswagen Golf,,VII Variant 1.4 TSI Allstar Sitzheizung AHK,,15.990 €,Fairer Preis,76.223 km,,EZ 01/2017,Benzin,92 kW (125 PS),,
,,,,,,,,,,,,
,,,,,,,,,,,,
Volkswagen Tiguan,,2.0 TSI DSG 4MOTION LIFE+1.HAND+Bi-XENON+,,17.990 €,Ohne Bewertung,93.769 km,,EZ 10/2013,Benzin,155 kW (211 PS),,
Volkswagen Golf,,VII Lim. Cup BMT 2.Hand SHZ PDC TEMP TOP!,,11.990 €,Ohne Bewertung,95.000 km,,EZ 10/2014,Benzin,81 kW (110 PS),,
Volkswagen Polo,,"V 1,2 TSI Highline BMT/Start-Stopp",,11.099 €,Fairer Preis,57.434 km,,EZ 05/2017,Benzin,66 kW (90 PS),,
BMW 640,,i xDrive M-Sport Ambiente 360° Luft PANO AHK,,34.580 €,Fairer Preis,116.654 km,,EZ 10/2018,Benzin,250 kW (340 PS),,
Volkswagen Passat Variant,,1.4 TSI DSG Highline LED Navi ACC,,21.990 €,Erhöhter Preis,88.813 km,,EZ 01/2016,Benzin,110 kW (150 PS),,
Volkswagen T-Roc,,Cabriolet 1.5 TSI DSG R-LINE*BLACK-STYLE*L,,24.999 €¹,Fairer Preis,64.900 km,,EZ 03/2021,Benzin,110 kW (150 PS),,
Volkswagen Golf,,"VII GTI DSG LED NAVI DAB APPLE CAR 19""",,20.950 €,Fairer Preis,93.850 km,,EZ 04/2017,Benzin,169 kW (230 PS),,
Volkswagen Golf,,Variant VII 1.4 TSI BMT Comfortline *NAV...,,16.350 €,Fairer Preis,86.122 km,,EZ 11/2017,Benzin,92 kW (125 PS),,
Volkswagen Golf,,VII R DSG| DYNAUDIO| R.KAMERA| ACC| 2.HAND,,20.980 €,Ohne Bewertung,118.800 km,,EZ 11/2014,Benzin,221 kW (300 PS),,
Volkswagen Golf,,7 GTI Facelift DSG AHK StHz Totwinkel ,,21.470 €,Fairer Preis,90.000 km,,EZ 04/2017,Benzin,169 kW (230 PS),,
Volkswagen Golf,,VII Lim. GTI BMT Automatik,,18.000 €,Fairer Preis,94.000 km,,EZ 07/2016,Benzin,162 kW (220 PS),,
Volkswagen Passat Variant,,2.0 TDI BMT 7-DSG Elegance R-Line,,25.500 €¹,Fairer Preis,90.972 km,,EZ 11/2020,Diesel,140 kW (190 PS),,
Volkswagen T5 Multivan,,Startline Klima!! Navi!!Sitzheizung!,,25.900 €,Ohne Bewertung,139.000 km,,EZ 12/2014,Diesel,103 kW (140 PS),,
Volkswagen Golf Plus,,1.4 TSI MATCH Tempomat*Navi*PDC*,,5.950 €,Sehr guter Preis,113.829 km,,EZ 08/2012,Benzin,90 kW (122 PS),,
Volkswagen Passat Variant,,1.8 TSI DSG Highline Head-Up 360°,,20.950 €,Fairer Preis,89.986 km,,EZ 01/2016,Benzin,132 kW (179 PS),,
Volkswagen Golf,,"VII 1.0 TSI Comfortline, 2.Hand, DSG, Navi",,14.880 €,Erhöhter Preis,100.000 km,,EZ 06/2017,Benzin,81 kW (110 PS),,
Volkswagen Golf,,1.4 TSI #R-Line #AHK #Kamera,,17.990 €,Fairer Preis,89.397 km,,EZ 07/2018,Benzin,110 kW (150 PS),,
Volkswagen Polo,,1.0 TSI 95 PS Beats R-LINE/LED/NAVI+AID/RFK,,16.439 €¹,Erhöhter Preis,66.605 km,,EZ 11/2018,Benzin,70 kW (95 PS),,
Volkswagen Golf,,VII Lim. 1.4 TSI BMT *DSG*NAVI*SHZ*TEMPOMAT,,13.490 €,Ohne Bewertung,118.400 km,,EZ 01/2013,Benzin,90 kW (122 PS),,
Volkswagen Golf,,R*4M*SCHALLE*NAVI*DSG*19ZOLL*KÄFIG*390PS*,,22.990 €,Ohne Bewertung,124.000 km,,EZ 07/2012,Benzin,288 kW (392 PS),,
,,,,,,,,,,,,
,,,,,,,,,,,,
Volkswagen Golf,,VI IVariant 1.4 TSI Allstar  L&S Paket,,13.400 €,Sehr guter Preis,91.044 km,,EZ 07/2016,Benzin,92 kW (125 PS),,
Volkswagen Golf,,VII Lim. GTI BMT,,15.400 €,Ohne Bewertung,98.000 km,,EZ 07/2014,Benzin,162 kW (220 PS),,
Mercedes-Benz Sprinter,,214 Automatik KAMERA+KLIMA 9911,,27.358 €¹,Guter Preis,69.050 km,,EZ 01/2019,Diesel,105 kW (143 PS),,
Volkswagen Golf,,VII Lim. 1.4 Comfortline Standheizung AHK,,17.990 €,Fairer Preis,75.507 km,,EZ 11/2017,Benzin,92 kW (125 PS),,
Volkswagen Golf,,VII 1.4 TSI BMT Comfortline LED ACC PDC,,16.990 €,Fairer Preis,89.958 km,,EZ 04/2018,Benzin,92 kW (125 PS),,
Volkswagen T-Roc,,"R 2.0TSI 4M DSG / Navi, LED, AHK, RFK, ACC",,27.880 €¹,Fairer Preis,79.000 km,,EZ 02/2020,Benzin,221 kW (300 PS),,
Volkswagen Golf,,"VII Lim. GTI Clubsport BMT Bi-Xenon, Schale",,25.800 €,Fairer Preis,92.000 km,,EZ 03/2017,Benzin,195 kW (265 PS),,
Audi A8,,4.2 TDI quattro VOLL,,24.499 €,Ohne Bewertung,130.000 km,,EZ 09/2012,Diesel,258 kW (351 PS),,
Volkswagen Golf,,2.0 TSI DSG 4MOTION BMT R R,,23.800 €,Guter Preis,74.000 km,,EZ 04/2016,Benzin,221 kW (300 PS),,
Volkswagen Beetle,,Lim.Design BMT--weiss- 2012-2014,,9.499 €,Guter Preis,120.000 km,,EZ 07/2014,Benzin,77 kW (105 PS),,
Volkswagen Scirocco,,R 2.0 TSI DSG Vollleder* Navi* 19 Zoll*,,21.890 €,Ohne Bewertung,78.537 km,,EZ 07/2012,Benzin,195 kW (265 PS),,
Mercedes-Benz E 300,,AMG  T-Modell E 300 CGI BlueEfficiency,,21.890 €,Ohne Bewertung,99.000 km,,EZ 05/2013,Benzin,185 kW (252 PS),,
Volkswagen Golf,,Sportsvan VII - Automatik/Leder/Touchscreen,,15.850 €,Fairer Preis,97.097 km,,EZ 05/2015,Benzin,110 kW (150 PS),,
Volkswagen Caddy,,Maxi JAKO-O TSI Behindertengerecht-Rampe,,19.950 €,Ohne Bewertung,78.500 km,,EZ 07/2013,Benzin,77 kW (105 PS),,
Volkswagen Golf,,VII GTi Navi Leder 8Fach S.Heft 12m Garantie,,18.500 €,Fairer Preis,83.800 km,,EZ 09/2015,Benzin,162 kW (220 PS),,
Mercedes-Benz GL 350,,"BLUETEC, 4 MATIC, EURO 6, Automatik",,21.850 €,Ohne Bewertung,142.508 km,,EZ 07/2010,Diesel,155 kW (211 PS),,
Volkswagen Golf,,VII Variant 1.4TSi Comfortline*PDC*NAVI*SHZ,,13.990 €,Ohne Bewertung,69.700 km,,EZ 03/2014,Benzin,90 kW (122 PS),,
Volkswagen Golf,,7R 4Motion|Virtual|CarPlay|Leder|Navi|Kamer,,25.000 €,Fairer Preis,92.000 km,,EZ 05/2017,Benzin,228 kW (310 PS),,
Volkswagen Golf,,VII Lim. R BMT 4Motion Schalter SH-gepfl VW,,19.990 €,Sehr guter Preis,112.500 km,,EZ 08/2016,Benzin,221 kW (300 PS),,
Audi A1,,Sportback 30 TFSI Advanced LED/NAVI/VIRTUAL-C,,18.979 €¹,Erhöhter Preis,89.355 km,,EZ 04/2019,Benzin,85 kW (116 PS),,
,,,,,,,,,,,,
,,,,,,,,,,,,
Volkswagen Golf,,VII SOUND 1.0 TSI DSG Navi LED ACC SiHz,,16.201 €,Fairer Preis,95.797 km,,EZ 02/2018,Benzin,81 kW (110 PS),,
Volkswagen Golf,,"VII Lim. Sound Start-Stopp""TÜV""GARANTIE",,15.799 €,Fairer Preis,89.000 km,,EZ 11/2017,Benzin,81 kW (110 PS),,
Volkswagen Golf,,VI Life BMT Cabrio 2-Zonen-Klimaautom SHZ T,,11.985 €,Ohne Bewertung,91.409 km,,EZ 03/2015,Benzin,77 kW (105 PS),,
Mercedes-Benz E 300,,"Cabrio AMG-Line,1.Hand,Leder,Navi,Automati",,23.900 €,Ohne Bewertung,90.000 km,,EZ 12/2013,Benzin,185 kW (252 PS),,
Volkswagen Golf,,2.0 TSI DSG 4MOTION BMT R R,,24.500 €,Fairer Preis,78.600 km,,EZ 02/2016,Benzin,221 kW (300 PS),,
Volkswagen Golf,,"VII Comfortline BMT*2,0 TDI-DSG*NAVI*EU6d-T",,15.890 €¹,Guter Preis,138.001 km,,EZ 10/2019,Diesel,110 kW (150 PS),,
Volkswagen Golf,,4 Motion KW DCC Downpipe BullX Remus W+S Pano,,25.199 €,Ohne Bewertung,120.000 km,,EZ 10/2014,Benzin,221 kW (300 PS),,
Volkswagen Golf,,VII 2.0 TSI R 4Motion BMT Aut.*NAVI*ACC*SHZ,,22.600 €,Fairer Preis,105.325 km,,EZ 11/2016,Benzin,221 kW (300 PS),,
Volkswagen Passat Variant,,Elegance | LED | Navi |  Head-Up ,,23.980 €¹,Sehr guter Preis,84.100 km,,EZ 05/2022,Benzin,110 kW (150 PS),,
Volkswagen Golf,,GTI Performance 2.0 TSI Xenon Media Winterp,,17.280 €,Fairer Preis,87.260 km,,EZ 04/2015,Benzin,169 kW (230 PS),,
Mercedes-Benz E 250,,CGI BlueEfficiency *COMAND*LED*Wenig KM*,,23.500 €,Ohne Bewertung,39.500 km,,EZ 10/2014,Benzin,155 kW (211 PS),,
Volkswagen Golf,,"6 Cabrio 1.4 TSI 150 PS 18""/NAVI/LEDER/CAM",,18.950 €,Erhöhter Preis,77.000 km,,EZ 01/2016,Benzin,110 kW (150 PS),,
Volkswagen Touran,,Comfortline BMT 2.0 TDI DSG-110KW*NAVI*E6,,17.890 €,Sehr guter Preis,134.383 km,,EZ 07/2018,Diesel,110 kW (150 PS),,
Volkswagen Golf,,Variant 1.4 TSI DSG Comfortline  Panodach A,,13.990 €,Sehr guter Preis,74.075 km,,EZ 09/2015,Benzin,92 kW (125 PS),,
Volkswagen Golf,,VII 2.0 TSI DSG BMT GTI Performance DCC ...,,21.500 €,Guter Preis,84.000 km,,EZ 03/2017,Benzin,180 kW (245 PS),,
Mercedes-Benz GLA 200,,GLA200 AMG *PANORAMA*KAMERA*COMAND*AUTOMATIK*,,21.445 €,Ohne Bewertung,96.200 km,,EZ 07/2014,Benzin,115 kW (156 PS),,
Mercedes-Benz Sprinter,,316 Kasten L2H1 *Klima*LED*Cam*Tempomat,,26.025 €¹,Guter Preis,88.500 km,,EZ 11/2018,Diesel,120 kW (163 PS),,
Volkswagen Golf,,GTI Performance DSG NAVI+LED+PANO+ACC+VIRTU,,23.800 €,Fairer Preis,103.269 km,,EZ 03/2019,Benzin,180 kW (245 PS),,
Mercedes-Benz C 180,,C180 COUPE*AMG-SPORTPAKET*1HD*PANO*KAMER*LED*NAV,,27.990 €,Fairer Preis,53.900 km,,EZ 07/2017,Benzin,115 kW (156 PS),,
Volkswagen Golf,,"VII Variant 1,2i 77 kw - PDC-Sitzh.-Allwet.",,11.500 €,Ohne Bewertung,100.000 km,,EZ 10/2013,Benzin,77 kW (105 PS),,
,,,,,,,,,,,,
,,,,,,,,,,,,
Seat Leon,,2.0TSI Cupra 290+LED+NAVI+DCC+TEMPO,,17.450 €,Guter Preis,92.457 km,,EZ 12/2016,Benzin,213 kW (290 PS),,
Volkswagen Golf,,VII GTI 5trg.*PANO*VIRTUAL*ACC*DCC*KEY*DSG*,,21.990 €,Fairer Preis,86.107 km,,EZ 05/2017,Benzin,169 kW (230 PS),,
Volkswagen Golf,,GTI VII 2.0 AIRRIDE NAVI SHZ PDC,,21.970 €,Erhöhter Preis,86.000 km,,EZ 05/2017,Benzin,169 kW (230 PS),,
Volkswagen Passat Variant,,2.0 TDI BMT 7-DSG Elegance R-Line,,25.500 €¹,Fairer Preis,85.621 km,,EZ 11/2020,Diesel,140 kW (190 PS),,
Volkswagen Golf,,GTI GTI Clubsport BMT,,20.999 €,Sehr guter Preis,100.000 km,,EZ 12/2016,Benzin,195 kW (265 PS),,
Volkswagen T6 Multivan,,"Generation SIX, Automatik, Navi, LED",,35.390 €,Sehr guter Preis,105.850 km,,EZ 07/2017,Diesel,150 kW (204 PS),,
Volkswagen Golf,,VII Lim. Trendline BMT,,11.900 €,Ohne Bewertung,86.875 km,,EZ 10/2014,Benzin,63 kW (86 PS),,
Volkswagen T-Roc,,"Sport R-LINE/LED/PANORAMA/VIRTUAL/19""ALU",,25.988 €¹,Fairer Preis,76.725 km,,EZ 09/2020,Benzin,110 kW (150 PS),,
Volkswagen Golf,,VII Lim. GTI BMT,,18.999 €,Guter Preis,77.000 km,,EZ 03/2015,Benzin,162 kW (220 PS),,
Volkswagen Golf,,VII Lim. Join R-Line *Navigation*SH*ACC,,16.490 €,Erhöhter Preis,103.200 km,,EZ 03/2018,Benzin,92 kW (125 PS),,
Volkswagen Golf,,2.0 TSI DSG GTI Edition 35 GTI Edition 35,,18.200 €,Ohne Bewertung,104.000 km,,EZ 09/2011,Benzin,173 kW (235 PS),,
Volkswagen Caddy,,150 PS Behindertengerecht-Rampe-Elek.SeilW,,31.900 €,Ohne Bewertung,55.000 km,,EZ 05/2016,Diesel,110 kW (150 PS),,
Volkswagen Golf,,"VII Lim. GTI BMT""LED""Xenon""2Hand""8xBreifung",,15.490 €,Ohne Bewertung,107.299 km,,EZ 09/2013,Benzin,162 kW (220 PS),,
Volkswagen Golf,,VII Comfortline BMT 1.2 TSI GJR 2-Zonen-Kli,,13.290 €,Fairer Preis,86.256 km,,EZ 06/2016,Benzin,81 kW (110 PS),,
BMW 318,,d Sport Line*Touring*LED*AHK*Navi*SHZ*Euro6,,17.990 €,Fairer Preis,120.000 km,,EZ 06/2019,Diesel,110 kW (150 PS),,
Volkswagen Golf,,Variant 1.4 TSI Comfortline  AHK Navi Xenon,,12.259 €,Ohne Bewertung,112.346 km,,EZ 08/2013,Benzin,90 kW (122 PS),,
Volkswagen Golf,,1.4 TSI BMT LOUNGE Cabriolet LOUNGE,,15.700 €,Fairer Preis,97.000 km,,EZ 06/2015,Benzin,110 kW (150 PS),,
Volkswagen Golf,,Cabrio GTI*Navi/Leder/Xenon/SHZ/Scheckheft*,,14.980 €¹,Ohne Bewertung,93.500 km,,EZ 03/2014,Benzin,155 kW (211 PS),,
Volkswagen Golf,,GOLF°VI°CABRIOLET°LOUNGE°NUR71TKM°NAV°STANDH°PDC,,13.999 €,Ohne Bewertung,71.000 km,,EZ 03/2015,Benzin,90 kW (122 PS),,
Volkswagen Golf,,VI Cabriolet GTI Last Edition GTI BMT  Navi,,25.990 €¹,Erhöhter Preis,83.200 km,,EZ 12/2016,Benzin,162 kW (220 PS),,
,,,,,,,,,,,,
,,,,,,,,,,,,
Volkswagen Golf,,VII Variant 1.4TSI DSG XENON NAVI STANDHZ,,15.970 €,Guter Preis,97.757 km,,EZ 09/2015,Benzin,110 kW (150 PS),,
BMW 430,,i M Sport Cabrio/HUD/KEYLESS/CAM/LEDER/MEMORY,,28.990 €,Sehr guter Preis,62.000 km,,EZ 02/2018,Benzin,185 kW (252 PS),,
Volkswagen Golf,,VII 1.5 TSI Highline LED ACC Android Apple,,18.990 €,Fairer Preis,79.900 km,,EZ 07/2018,Benzin,110 kW (150 PS),,
Volkswagen Golf,,VII GTI Performance WR+KAMERA+PRIVATVERKAUF,,18.900 €,Guter Preis,108.000 km,,EZ 10/2016,Benzin,169 kW (230 PS),,
Volkswagen Passat Variant,,2.0 TDI BMT 7-DSG Elegance R-Line,,25.500 €¹,Fairer Preis,84.586 km,,EZ 11/2020,Diesel,140 kW (190 PS),,
Volkswagen Golf,,VII Lim. GTI 2.0 TSI AHK Standh. Navi SHZ,,21.590 €,Erhöhter Preis,87.500 km,,EZ 06/2017,Benzin,169 kW (230 PS),,
Volkswagen Golf,,VII Lim. 1.4 TSI Cup BlueMotion PAN/NAV/LED,,14.999 €,Ohne Bewertung,95.600 km,,EZ 07/2014,Benzin,90 kW (122 PS),,
Volkswagen Golf,,2.0 GTI DSG MK7.5 TOP AUSGESTATTET,,22.600 €,Fairer Preis,86.000 km,,EZ 06/2017,Benzin,169 kW (230 PS),,
Mercedes-Benz E 220,,d T Avantgarde LED+NAVI+KAMERA+MEDIA,,26.900 €¹,Sehr guter Preis,71.483 km,,EZ 06/2019,Diesel,143 kW (194 PS),,
Volkswagen Golf,,2.0 TSI BMT GTI GTI,,15.500 €,Ohne Bewertung,108.000 km,,EZ 03/2014,Benzin,162 kW (220 PS),,
Volkswagen Golf,,"VII GTI 2,0 TSI BMT Klima Xenon Navi",,19.480 €,Guter Preis,79.000 km,,EZ 11/2015,Benzin,162 kW (220 PS),,
Volkswagen Passat Variant,,2.0 TDI BMT 7-DSG Elegance R-Line,,25.500 €¹,Fairer Preis,81.744 km,,EZ 10/2020,Diesel,140 kW (190 PS),,
Volkswagen Passat Variant,,"1.4 TSI R LINE DYNAUDIO,MASSAGE",,20.880 €,Erhöhter Preis,96.900 km,,EZ 06/2016,Benzin,110 kW (150 PS),,
Volkswagen Golf,,GTI GTI SHZ PDC Windschott,,15.490 €,Sehr guter Preis,101.370 km,,EZ 03/2015,Benzin,155 kW (211 PS),,
Volkswagen Golf,,VII GTI Performance SPORTSITZE Xenon 2.HAND,,17.800 €,Fairer Preis,96.392 km,,EZ 10/2016,Benzin,169 kW (230 PS),,
Volkswagen Golf,,GTI Performance *PANO*DYNAUDIO*STANDHEIZUNG,,23.990 €,Guter Preis,82.300 km,,EZ 01/2019,Benzin,180 kW (245 PS),,
Volkswagen Golf,,"GTI VII 2,0 TSI DSG PANO.DACH+NAVI+R-FAHRKA",,24.290 €,Erhöhter Preis,63.748 km,,EZ 07/2017,Benzin,169 kW (230 PS),,
Volkswagen Tiguan Allspace,,1.5 TSI 7 Sitze AHK STHZG PANO,,27.740 €¹,Guter Preis,87.310 km,,EZ 11/2020,Benzin,110 kW (150 PS),,
Volkswagen Touran,,1.4 TSI Comfortline DSG AHK ACC,,20.880 €,Erhöhter Preis,86.500 km,,EZ 03/2016,Benzin,110 kW (150 PS),,
Volkswagen Golf,,VII 1.5 TSI 3xR-Line LED Navi ACC Alcantara,,21.990 €,Fairer Preis,85.988 km,,EZ 03/2019,Benzin,110 kW (150 PS),,
,,,,,,,,,,,,
,,,,,,,,,,,,
Audi A1,,35 TFSI S tronic S line Sportback 150 PS,,22.950 €,Ohne Bewertung,77.135 km,,EZ 04/2019,Benzin,110 kW (150 PS),,
Volkswagen Golf,,"VII R BMT Aut. 4Motion DYN Audio Kamera 19""",,20.850 €,Fairer Preis,138.000 km,,EZ 09/2015,Benzin,221 kW (300 PS),,
Volkswagen Golf,,2.0 TSI DSG 4MOTION BMT R R,,29.000 €,Hoher Preis,112.804 km,,EZ 05/2015,Benzin,291 kW (396 PS),,
Audi A6,,Avant 3.0 TDI quattro Competition*LED*S-Line*,,29.990 €,Fairer Preis,115.953 km,,EZ 05/2016,Diesel,240 kW (326 PS),,
Volkswagen Golf,,VII Lim. GTI DSG Performance*BiXENON*ACC*,,17.499 €,Sehr guter Preis,112.000 km,,EZ 12/2015,Benzin,169 kW (230 PS),,
Volkswagen Golf,,VII Lim. GTI BMT 1.Hand DSG Navi Leder SHZ,,17.950 €,Guter Preis,81.950 km,,EZ 07/2015,Benzin,162 kW (220 PS),,
Volkswagen Golf,,VII 1.2 TSI 63kW BMT,,12.300 €,Ohne Bewertung,79.243 km,,EZ 07/2014,Benzin,63 kW (86 PS),,
Volkswagen Golf,,VII 1.4 TSI Highline XENON+BLUETOOTH+PDCBC,,16.960 €,Fairer Preis,90.630 km,,EZ 05/2016,Benzin,110 kW (150 PS),,
Volkswagen Golf,,GOLF VII GTI PERFORMANCE *XENON*DYNAUDIO*NAVI*,,16.499 €,Ohne Bewertung,85.000 km,,EZ 06/2014,Benzin,169 kW (230 PS),,
Volkswagen Golf,,VIII Lim. GTI/ Leder/Matrix/Standh./1-Hand,,28.990 €,Fairer Preis,66.939 km,,EZ 03/2021,Benzin,180 kW (245 PS),,
Volkswagen Golf,,VII 1.5TSI Sound KAMERA NAVI AHK ACC LED,,16.750 €,Fairer Preis,115.389 km,,EZ 10/2017,Benzin,110 kW (150 PS),,
Audi Q5,,2.0 TFSI quattro S-Tronic S-Line Kam ACC LED,,34.490 €,Erhöhter Preis,77.169 km,,EZ 01/2018,Benzin,185 kW (252 PS),,
Volkswagen Golf,,VII 1.4 TSI BMT DSG Navi ACC Sitzheizung,,16.990 €,Fairer Preis,103.353 km,,EZ 06/2018,Benzin,92 kW (125 PS),,
Volkswagen Passat Variant,,1.8 R line LEDER NAVI LED PANO,,19.700 €,Fairer Preis,100.000 km,,EZ 03/2016,Benzin,132 kW (179 PS),,
Volkswagen Touran,,"VW Touran 1.4 AHK, Navi. Rückfahrkamera",,19.930 €,Ohne Bewertung,105.500 km,,EZ 01/2016,Benzin,110 kW (150 PS),,
BMW 118,,d,,19.900 €,Fairer Preis,73.793 km,,EZ 12/2019,Diesel,110 kW (150 PS),,
Volkswagen Golf,,7 GTI 2.0 TSI*DSG*PANO*DCC*XENON-LED*R.KAM*,,19.490 €,Fairer Preis,122.598 km,,EZ 04/2015,Benzin,169 kW (230 PS),,
Volkswagen Golf,,Variant Allstar*PDC*Tempomat*Sitzheizung,,13.870 €,Guter Preis,89.798 km,,EZ 02/2017,Benzin,81 kW (110 PS),,
Volkswagen Golf,,VII Lim. Comfortline BMT Navi/SHZ/PDC/DYNAU,,12.390 €,Sehr guter Preis,87.500 km,,EZ 11/2015,Benzin,90 kW (122 PS),,
Volkswagen Scirocco,,R Navi Panoramadach Vollleder Bi-Xenon,,18.490 €,Sehr guter Preis,105.000 km,,EZ 06/2015,Benzin,206 kW (280 PS),,
,,,,,,,,,,,,
,,,,,,,,,,,,
BMW 320,,d Touring xDrive Sport Line Aut. RFK PDC 1.Hd,,21.880 €¹,Erhöhter Preis,126.713 km,,EZ 07/2019,Diesel,140 kW (190 PS),,
Volkswagen Golf,,VII Variant R BMT 4Motion,,21.900 €,Fairer Preis,73.920 km,,EZ 11/2015,Benzin,221 kW (300 PS),,
Mercedes-Benz E 400,,"Coupe Automatik, Inspektion Neu",,22.990 €,Sehr guter Preis,94.700 km,,EZ 04/2015,Benzin,245 kW (333 PS),,
Volkswagen Golf,,VIII Variant 1.0 TSI DSG Life AHK*KAMERA*NA,,20.999 €¹,Fairer Preis,43.000 km,,EZ 02/2021,Benzin,81 kW (110 PS),,
Volkswagen Caddy Maxi,,CADDY MAXI 1.4 TSI |7-SITZER|SITZHEIZUNG|PDC|LED,,22.990 €,Ohne Bewertung,88.000 km,,EZ 07/2016,Benzin,92 kW (125 PS),,
Volkswagen Touran,,1.4 TSI DSG Highline *AHK*Standhz*Massage,,21.950 €,Fairer Preis,87.000 km,,EZ 06/2016,Benzin,110 kW (150 PS),,
Volkswagen Golf,,7 GTD DSG *1.HD*ACC *Pano *DCC *Leder *Navi,,22.890 €,Fairer Preis,74.610 km,,EZ 03/2016,Diesel,135 kW (184 PS),,
Volkswagen Golf,,"2.0 TSI DSG 4MOTION BMT R-Line, Insp.Neu",,18.990 €,Guter Preis,60.000 km,,EZ 07/2016,Benzin,215 kW (292 PS),,
Volkswagen Golf,,7 1.5 TSI R Line *2.HD *18 *ACC *Ambiente,,18.800 €,Erhöhter Preis,110.000 km,,EZ 09/2018,Benzin,110 kW (150 PS),,
BMW M550,,i 360°NightVis Fond-EntPro TV Panorama Voll,,31.999 €,Fairer Preis,150.000 km,,EZ 10/2015,Benzin,330 kW (449 PS),,
BMW X6,,"xDrive50i M ""GLASDACH-NAVI-CAM-LEDER-SITZH""",,25.890 €,Ohne Bewertung,86.000 km,,EZ 07/2013,Benzin,300 kW (408 PS),,
Volkswagen Golf,,VII 1.4 TSI Lim Comfortline LED SHZ NAV PDC,,13.990 €,Fairer Preis,99.500 km,,EZ 04/2017,Benzin,92 kW (125 PS),,
Mercedes-Benz SLK 200,,AMG Sport 7-G Tronic *inkl. Garantie*,,21.850 €,Ohne Bewertung,90.000 km,,EZ 09/2012,Benzin,135 kW (184 PS),,
Mercedes-Benz E 200,,Coupe*StandHz-Pano-ACC-LED-Kamera*,,20.990 €,Ohne Bewertung,96.900 km,,EZ 01/2015,Benzin,135 kW (184 PS),,
Volkswagen Golf,,VII Lim. GTI BMT *Panoramadach*Top Gepflegt,,16.850 €,Guter Preis,106.000 km,,EZ 04/2015,Benzin,162 kW (220 PS),,
Volkswagen Golf,,"VII GTI Matrix LED Scheinwerfer, Panorama",,21.800 €,Fairer Preis,100.000 km,,EZ 09/2017,Benzin,169 kW (230 PS),,
BMW 328,,i Aut. Sport Line Limousine. Comfortpaket,,19.989 €,Ohne Bewertung,106.500 km,,EZ 05/2014,Benzin,180 kW (245 PS),,
Mercedes-Benz C 350,,COUPE AMG SPORTPAKET PLUS LEDER PANO XENON,,24.950 €,Ohne Bewertung,103.480 km,,EZ 08/2014,Benzin,225 kW (306 PS),,
Volkswagen Golf,,VII 1.5 TSI Join LED Navi Standheizung ACC,,19.490 €,Erhöhter Preis,76.607 km,,EZ 07/2018,Benzin,96 kW (131 PS),,
Volkswagen Golf,,VII Variant 1.4 TSI LED App Massage PDC Sit,,18.490 €,Erhöhter Preis,69.309 km,,EZ 09/2017,Benzin,92 kW (125 PS),,
,,,,,,,,,,,,
,,,,,,,,,,,,
Mercedes-Benz C 250,,Exclusice*LED*Ambiente*Navi*AHK*,,20.990 €,Ohne Bewertung,104.700 km,,EZ 07/2014,Benzin,155 kW (211 PS),,
Opel Zafira Tourer,,C 1.4 Turbo Automatik (7xSITZER),,17.950 €,Ohne Bewertung,94.063 km,,EZ 05/2017,Benzin,103 kW (140 PS),,
Volkswagen Golf,,VI Cabriolet GTI BMT DSG DCC NAVI Bi-XENON,,19.990 €,Guter Preis,79.600 km,,EZ 04/2016,Benzin,162 kW (220 PS),,
BMW 520,,d xDrive M-Sportpket S-Dach Head-Up ACC 18',,22.450 €,Ohne Bewertung,139.854 km,,EZ 03/2014,Diesel,135 kW (184 PS),,
Volkswagen Golf,,1.0 TSI Comfortline #NAVI #LED #WinterPaket,,15.830 €,Hoher Preis,96.645 km,,EZ 03/2018,Benzin,81 kW (110 PS),,
Mercedes-Benz A 250,,"AMG NIGHT COMAND,HARMAN/KARDON,SCHECKHEFT",,19.880 €,Ohne Bewertung,99.062 km,,EZ 05/2014,Benzin,155 kW (211 PS),,
Volkswagen Golf,,VII Variant 2.0 GTD Bi-Xenon Totwinkel ACC,,18.990 €,Fairer Preis,116.994 km,,EZ 07/2015,Diesel,135 kW (184 PS),,
Volkswagen Golf,,VII GTI Performance DSG,,17.930 €,Guter Preis,94.290 km,,EZ 05/2016,Benzin,169 kW (230 PS),,
Volkswagen Golf,,2.0 TSI DSG BMT GTI Performance * 1 HAND *,,16.900 €,Sehr guter Preis,89.000 km,,EZ 08/2015,Benzin,169 kW (230 PS),,
Volkswagen Golf,,2.0 TDI SCR DSG Comfortline Variant*Navi*,,18.990 €,Fairer Preis,57.500 km,,EZ 08/2019,Diesel,110 kW (150 PS),,
Volkswagen Golf,,2.0 TSI DSG 4MOTION R R,,20.000 €,Ohne Bewertung,72.300 km,,EZ 08/2011,Benzin,199 kW (271 PS),,
Volkswagen Tiguan,,2.0 TDI SCR (BMT) DSG  Highline AHK 8-fach,,24.900 €¹,Fairer Preis,114.000 km,,EZ 10/2020,Diesel,110 kW (150 PS),,
BMW X5,,xDrive35i F15 PANORAM+HEAD+NAV+360°+HARM&KAD,,22.900 €,Sehr guter Preis,86.993 km,,EZ 07/2015,Benzin,225 kW (306 PS),,
Volkswagen Polo,,V Team,,9.000 €,Ohne Bewertung,106.100 km,,EZ 09/2010,Benzin,77 kW (105 PS),,
Volkswagen Golf,,VII Lim. GTI BMT|NAVI|LEDER|LED|SD,,15.900 €,Ohne Bewertung,90.847 km,,EZ 09/2014,Benzin,162 kW (220 PS),,
Volkswagen Golf,,7 GTI Performance/Sternhimmel/Stage 1/DSG,,16.999 €,Ohne Bewertung,119.000 km,,EZ 09/2013,Benzin,169 kW (230 PS),,
Volkswagen Tiguan,,2.0 TSI Highline R-Line 4Motion LED Navi,,24.990 €,Hoher Preis,99.308 km,,EZ 08/2016,Benzin,132 kW (179 PS),,
Audi A1,,35 Sportback B&O|Navi|LED|ParkPilot,,19.970 €¹,Fairer Preis,95.168 km,,EZ 01/2020,Benzin,110 kW (150 PS),,
Volkswagen Golf,,"VII 2,0 TSI GTI DSG PANORAMA STDHZG DYNAUDI",,20.945 €,Guter Preis,94.240 km,,EZ 09/2017,Benzin,169 kW (230 PS),,
Volkswagen Golf,,1.4 TSI Highline NAV TEMP XENON SITZH BLUET,,14.950 €,Fairer Preis,71.184 km,,EZ 06/2016,Benzin,92 kW (125 PS),,
,,,,,,,,,,,,
,,,,,,,,,,,,
Volkswagen Caddy,,1.6 Maxi Behindertengerecht-Rampe,,23.900 €,Ohne Bewertung,95.000 km,,EZ 12/2010,Benzin,75 kW (102 PS),,
Volkswagen Golf,,"VIII 2.0 TSI GTI AHK, MATRIX, H+K, RFK Navi",,26.790 €¹,Guter Preis,78.480 km,,EZ 08/2022,Benzin,180 kW (245 PS),,
Volkswagen Golf,,"VII GTI Perform. Virtual/Navi/Kam/19""/ACC",,21.999 €,Guter Preis,99.878 km,,EZ 06/2019,Benzin,180 kW (245 PS),,
Mercedes-Benz E 200,,"T AVANTGARDE STANDHEIZ,PARKLENK,NAVI,AHK ",,21.880 €,Ohne Bewertung,82.872 km,,EZ 08/2013,Benzin,135 kW (184 PS),,
Volkswagen Golf,,VII Highline*DSG*Pano*ACC*Leder*Cam*Key*Xen,,16.498 €,Ohne Bewertung,84.612 km,,EZ 10/2012,Benzin,103 kW (140 PS),,
BMW 528,,"i Touring xDrive GREY & BEIGE / XENON, LEDER",,18.777 €,Ohne Bewertung,94.000 km,,EZ 03/2013,Benzin,180 kW (245 PS),,
Mercedes-Benz C 43 AMG,,T 4Matic *Panorama*LED*Kamera*,,23.999 €,Sehr guter Preis,147.000 km,,EZ 07/2016,Benzin,270 kW (367 PS),,
Mercedes-Benz E 250,,Coupe 7G +SPORT-PKT+ILS-LED+AHK+NAVI+SHZ+,,19.990 €,Ohne Bewertung,97.000 km,,EZ 11/2014,Benzin,155 kW (211 PS),,
Volkswagen Touran,,1.4 TSI Klimaaut. LED Tempomat Navi ACC,,21.990 €,Erhöhter Preis,108.114 km,,EZ 06/2016,Benzin,110 kW (150 PS),,
Volkswagen Golf,,VII Lim. Lounge BMT PDC gepflegter Zustand,,11.990 €,Guter Preis,102.640 km,,EZ 10/2015,Benzin,81 kW (110 PS),,
Mercedes-Benz E 250,,Navi Klimaa. LED ILS Parkass. CDW,,24.800 €,Ohne Bewertung,85.400 km,,EZ 07/2014,Benzin,155 kW (211 PS),,
Mercedes-Benz GLA 200,,Urban Bi-Xenon Navi Kamera Sitzheizung,,20.990 €,Ohne Bewertung,91.355 km,,EZ 03/2015,Benzin,115 kW (156 PS),,
Volkswagen Golf,,"VII Variant R DSG NAVI+LED+19""ALU+SHZ",,24.889 €,Fairer Preis,107.963 km,,EZ 03/2019,Benzin,221 kW (300 PS),,
Volkswagen Golf,,Sportsvan VII Highline BMT/Atom|AHK|Allwett,,14.990 €,Fairer Preis,116.754 km,,EZ 01/2017,Benzin,110 kW (150 PS),,
Mercedes-Benz C 43 AMG,,T,,26.900 €,Guter Preis,137.062 km,,EZ 11/2017,Benzin,270 kW (367 PS),,
Volkswagen Golf,,"GTI DSG Performance Pano, Kamera, Assist",,21.999 €,Guter Preis,67.000 km,,EZ 09/2015,Benzin,169 kW (230 PS),,
Volkswagen Tiguan Allspace,,Highline Tiguan L 2.0 HL DT 176T,,31.390 €¹,Guter Preis,97.850 km,,EZ 11/2019,Diesel,176 kW (239 PS),,
Volkswagen Golf,,GTI BMT*330 PS*,,19.890 €,Sehr guter Preis,78.459 km,,EZ 04/2016,Benzin,243 kW (330 PS),,
Volkswagen Golf,,"VII 2.0 TFSI GTI ""Performance"" BM Aut.*NAVI",,16.790 €,Ohne Bewertung,116.019 km,,EZ 03/2015,Benzin,169 kW (230 PS),,
BMW 118,,"d Advantage *Leder*Navi*LED*Automatik*17""*",,18.900 €,Fairer Preis,98.000 km,,EZ 03/2019,Diesel,110 kW (150 PS),,
,,,,,,,,,,,,
,,,,,,,,,,,,
Volkswagen Golf,,2.0 TSI DSG  GTI Performance Leder Radar,,19.999 €,Fairer Preis,99.200 km,,EZ 02/2017,Benzin,169 kW (230 PS),,
Volkswagen Golf,,VII Variant Allstar BMT,,13.490 €,Fairer Preis,113.000 km,,EZ 06/2016,Benzin,110 kW (150 PS),,
Mercedes-Benz GLA 200,,StreetStyle Navi DSG Leder Glasdach Xeno,,20.930 €,Fairer Preis,94.475 km,,EZ 05/2015,Benzin,115 kW (156 PS),,
Volkswagen Sharan,,2.0 DSG Highline Pano*AHK*Kam*Navi*Memory,,18.790 €,Ohne Bewertung,115.000 km,,EZ 05/2013,Benzin,147 kW (200 PS),,
Volkswagen Golf,,VII R/LED/KAM/ACC/LEDER/AUT/,,26.498 €¹,Erhöhter Preis,88.200 km,,EZ 05/2017,Benzin,228 kW (310 PS),,
Volkswagen Golf,,"CABRIO TSI ""CUP""+LEDER+XENON+makellos!+1.Hd",,16.949 €,Ohne Bewertung,75.000 km,,EZ 02/2015,Benzin,77 kW (105 PS),,
Mercedes-Benz C 180,,T-Modell AVANTGARDE LED*AHK*AUTOMATIK*PDC,,20.990 €,Ohne Bewertung,87.500 km,,EZ 01/2015,Benzin,115 kW (156 PS),,
Skoda Superb,,Combi Style 1.4 TSI NAVI+KAMERA+BI-XENON,,15.777 €,Fairer Preis,112.000 km,,EZ 10/2015,Benzin,110 kW (150 PS),,
Volkswagen Golf,,GTI 2.0 TSI  VOLL Ausstattung Handschalter!,,25.500 €,Erhöhter Preis,84.927 km,,EZ 06/2017,Benzin,169 kW (230 PS),,
Volkswagen Golf,,VI Cabriolet GTI*Automatik*Bi-Xenon*Navi*++,,18.990 €,Guter Preis,69.000 km,,EZ 04/2015,Benzin,155 kW (211 PS),,
Volkswagen Golf,,"GTI Performance 2.0 TSI DSG 273,-ohne Anzah",,22.949 €,Guter Preis,71.823 km,,EZ 08/2018,Benzin,180 kW (245 PS),,
Volkswagen Golf,,VII GTI 2.0 TSI DSG DCC ACC AHK Bi-Xenon Na,,17.990 €,Ohne Bewertung,74.306 km,,EZ 07/2014,Benzin,162 kW (220 PS),,
Volkswagen Beetle,,Cabriolet 1.2 TSI Club Tempomat Navi PDC,,20.990 €,Erhöhter Preis,81.419 km,,EZ 03/2016,Benzin,77 kW (105 PS),,
Volkswagen Golf,,VII 2.0 TSI BMT GTI Performance ,,16.999 €,Guter Preis,76.500 km,,EZ 07/2015,Benzin,169 kW (230 PS),,
Volkswagen Golf,,VII Variant Highline BMT Autom. Navi BiXeno,,14.490 €,Ohne Bewertung,99.000 km,,EZ 08/2014,Benzin,110 kW (150 PS),,
Volkswagen Golf,,VII 1.2 TSI Allstar Navi PDC Sitzheizung,,15.490 €,Erhöhter Preis,68.855 km,,EZ 08/2016,Benzin,81 kW (110 PS),,
BMW 520,,5 Touring 520 d/Head-Up,,24.500 €¹,Sehr guter Preis,114.753 km,,EZ 06/2020,Diesel,140 kW (190 PS),,
Volkswagen Golf,,1.4 TSI Cabrio Cup*DSG*2.Hand*SHZ*PDC*AHK*,,14.950 €,Ohne Bewertung,64.000 km,,EZ 03/2015,Benzin,90 kW (122 PS),,
Mercedes-Benz A 250,,4Matic 211PS Urban Line 7G DCT Kamera Totw,,19.499 €¹,Ohne Bewertung,103.944 km,,EZ 08/2013,Benzin,155 kW (211 PS),,
Mercedes-Benz C 200,,C200 T Avantgarde Mild-Hybrid LED Navi 360° DAB,,25.990 €,Fairer Preis,52.344 km,,EZ 09/2019,Benzin,145 kW (197 PS),,
,,,,,,,,,,,,
,,,,,,,,,,,,
Volkswagen Golf,,VII Highline Xenon/T.Leder/Automatik/PDC,,15.950 €,Fairer Preis,101.700 km,,EZ 02/2016,Benzin,110 kW (150 PS),,
Mercedes-Benz GLE 250,,COMAND+LED+PANO+HARMAN+360+AHK+ACC+1.HD+,,31.898 €¹,Guter Preis,126.300 km,,EZ 07/2017,Diesel,150 kW (204 PS),,
Volkswagen Golf,,VII 2.0 TSI GTI BMT Aut.*NAVI*XENON*PDC*,,17.460 €,Guter Preis,110.435 km,,EZ 06/2016,Benzin,162 kW (220 PS),,
Volkswagen Golf,,VII Lim. Highline BMT 1.4 TSI DSG*XENON*NAV,,15.690 €,Ohne Bewertung,104.000 km,,EZ 02/2013,Benzin,90 kW (122 PS),,
BMW X4,,xDrive*Navi*Shz*Business Paket*Top,,24.990 €,Fairer Preis,107.437 km,,EZ 05/2015,Benzin,225 kW (306 PS),,
Volkswagen Touran,,Highline 1.4 TSI DSG R-Line *Navi*Pano...,,23.850 €,Erhöhter Preis,96.000 km,,EZ 12/2016,Benzin,110 kW (150 PS),,
Volkswagen Golf,,Variant VII R 2.0 TSI DSG 4Motion Navi Digi,,26.925 €,Erhöhter Preis,89.342 km,,EZ 05/2017,Benzin,228 kW (310 PS),,
Volkswagen Golf,,VII GTI 2.0 | Navi| Full-LED| Pano | Kamera,,18.888 €,Guter Preis,116.500 km,,EZ 07/2018,Benzin,169 kW (230 PS),,
Volkswagen Tiguan,,Highline 4Motion*Navi*ACC*LED*Panorama*,,19.990 €,Fairer Preis,100.730 km,,EZ 08/2016,Benzin,132 kW (179 PS),,
Volkswagen Golf,,2.0TDI Limo DSG Life+LED+NAVI+VIRTUAL+PANO,,24.850 €¹,Fairer Preis,69.133 km,,EZ 03/2022,Diesel,110 kW (150 PS),,
Volkswagen Golf,,VII R line BiXenon Navi Unfallfrei 2.Hand,,13.200 €,Ohne Bewertung,122.000 km,,EZ 09/2014,Benzin,110 kW (150 PS),,
Volkswagen Golf,,2.0 TSI 4MOTION R Motorsport-Schalensitz,,26.499 €,Ohne Bewertung,73.000 km,,EZ 04/2012,Benzin,199 kW (271 PS),,
Volkswagen Golf,,VII Limo GTI BMT|BI-XENON|AMBIENTE|NAVI|AHK,,15.900 €,Ohne Bewertung,84.000 km,,EZ 04/2014,Benzin,162 kW (220 PS),,
Mercedes-Benz GLK 250,,"4M SPORTPAKET 360GRAD,COMAND,SPURPAKET",,26.880 €,Ohne Bewertung,100.000 km,,EZ 03/2014,Benzin,155 kW (211 PS),,
Volkswagen Golf,,VII Variant R BMT 4Motion *AUT.*LED*1.HAND*,,21.500 €,Guter Preis,108.705 km,,EZ 08/2017,Benzin,228 kW (310 PS),,
BMW 330 Gran Turismo,,/ LED / LEDER / KAMERA,,20.999 €,Fairer Preis,105.000 km,,EZ 09/2015,Benzin,185 kW (252 PS),,
Volkswagen Golf,,VII*1.6*TDI*Lim*DSG*Cup*Kamera*NAVI*SHZ*AHK,,15.555 €,Ohne Bewertung,107.000 km,,EZ 06/2014,Diesel,77 kW (105 PS),,
Volkswagen T6 Transporter,,Kasten 4Motion 4x4 Standheizung,,29.995 €¹,Erhöhter Preis,118.500 km,,EZ 09/2019,Diesel,110 kW (150 PS),,
Audi A6,,3.0 TFSI Quattro SHADOWL 360°KAM ACC SHZ ,,19.888 €,Ohne Bewertung,92.222 km,,EZ 07/2013,Benzin,245 kW (333 PS),,
BMW Z4,,"Roadster sDrive 20i Aut,Navi,Xen,Tüv 03-27",,20.950 €,Ohne Bewertung,112.928 km,,EZ 03/2013,Benzin,135 kW (184 PS),,
,,,,,,,,,,,,
,,,,,,,,,,,,
Mercedes-Benz E 250,,CGI T 8G-tronic Elegance+LED+NAVI+PANO+AHK,,22.990 €,Fairer Preis,88.340 km,,EZ 08/2015,Benzin,155 kW (211 PS),,
Mercedes-Benz E 400,,AMG/PANO/333PS/LED/WENG KM/GARANTIE,,24.990 €,Ohne Bewertung,109.500 km,,EZ 07/2014,Benzin,245 kW (333 PS),,
Volkswagen Tiguan,,HIGHLINE 2.0 TSI 4MOTION DSG +SHZ+NAV+AHK,,21.490 €,Erhöhter Preis,99.280 km,,EZ 12/2016,Benzin,132 kW (179 PS),,
Volkswagen Golf,,VII 1.0 TSI LED ACC AHK schwenk. Navi DAB,,17.990 €,Erhöhter Preis,116.440 km,,EZ 05/2018,Benzin,81 kW (110 PS),,
BMW X4 M40,,"i AHK, Head-Up, Memory, Glasdach",,33.500 €,Guter Preis,109.452 km,,EZ 08/2018,Benzin,265 kW (360 PS),,
BMW 420,,i 184PS Sports-Line Navi BiXenon Schiebedach,,23.749 €,Ohne Bewertung,79.999 km,,EZ 02/2015,Benzin,135 kW (184 PS),,
Volkswagen Golf,,"VII R BMT 4Motion 2,0 Ltr.-301PS TSI",,22.000 €,Ohne Bewertung,129.122 km,,EZ 12/2014,Benzin,221 kW (300 PS),,
Volkswagen Golf,,VII Variant Allstar NAVI ACC AHK,,16.220 €,Sehr guter Preis,89.681 km,,EZ 05/2016,Benzin,110 kW (150 PS),,
Volkswagen Golf,,VII Sportsvan 1.4 TSI BMT Allstar *NAVI AHK,,15.880 €,Fairer Preis,97.776 km,,EZ 04/2016,Benzin,92 kW (125 PS),,
Volkswagen Golf,,VII Variant 1.2 TSI BMT Comfortline AHK PDC,,15.950 €,Fairer Preis,65.752 km,,EZ 07/2016,Benzin,81 kW (110 PS),,
Volkswagen Golf,,VII 2.0 GTI Performance Bi-Xenon Tempomat,,16.990 €,Fairer Preis,129.414 km,,EZ 08/2016,Benzin,169 kW (230 PS),,
BMW 320,,i Limo Steptronic Advantage+LED+NAVI+VIRTUAL,,26.990 €¹,Fairer Preis,53.419 km,,EZ 11/2019,Benzin,135 kW (184 PS),,
Volkswagen Golf,,1.4 TSI CABRIO+EXCLUSIVE+STDHZ+XEN+NAV+TEMP,,14.480 €,Ohne Bewertung,105.000 km,,EZ 04/2014,Benzin,118 kW (160 PS),,
Volkswagen Golf,,VII Variant Allstar BMT/AUTOMATIK/KLIMA/BC,,13.190 €¹,Guter Preis,105.001 km,,EZ 12/2016,Benzin,92 kW (125 PS),,
Volkswagen T-Roc,,T-ROC Sport Sport 1.5 TSI OPF 110 kW 7-Gang-DSG,,24.730 €¹,Fairer Preis,48.433 km,,EZ 01/2020,Benzin,110 kW (150 PS),,
Audi A4,,Avant 35 TDI advanced,,19.699 €,Sehr guter Preis,93.541 km,,EZ 07/2020,Diesel,120 kW (163 PS),,
Volkswagen Passat Variant,,1.4 TSI BMT R-Line DSG LED 360°,,24.490 €,Hoher Preis,80.054 km,,EZ 04/2016,Benzin,110 kW (150 PS),,
BMW 318,,d Touring Steptronic Advantage+LED+NAVI+SHZ,,22.150 €¹,Fairer Preis,62.192 km,,EZ 06/2019,Diesel,110 kW (150 PS),,
Volkswagen Golf,,2.0 TSI #GTI #Navi #Tempomat,,16.990 €,Ohne Bewertung,125.485 km,,EZ 03/2017,Benzin,162 kW (220 PS),,
Mercedes-Benz E 250,,Coupe Sportpaket orig 83tkm Automatik,,20.690 €,Ohne Bewertung,83.000 km,,EZ 08/2014,Benzin,155 kW (211 PS),,
,,,,,,,,,,,,
,,,,,,,,,,,,
Volkswagen Golf,,VII Variant 1.5 TSI DSG R-Line VC LED Navi,,23.950 €,Erhöhter Preis,79.767 km,,EZ 03/2019,Benzin,110 kW (150 PS),,
Volkswagen Golf,,1.5 TSI DSG Join NAVI RFK KEYLESS PANO LED,,19.650 €,Fairer Preis,76.625 km,,EZ 10/2018,Benzin,96 kW (131 PS),,
Volkswagen Tiguan,,Highline 2.0 TDI DSG 4Motion /OFFROAD/AHK,,28.990 €,Erhöhter Preis,48.000 km,,EZ 02/2017,Diesel,140 kW (190 PS),,
Mercedes-Benz B 200,,d 8G-DCT basis+LED+NAVI+AHK+LEDER,,21.900 €¹,Guter Preis,97.836 km,,EZ 11/2020,Diesel,110 kW (150 PS),,
Volkswagen Polo,,"Highline (Highline*Navi*Keyless*PDC) 1,0 TS",,17.899 €¹,Fairer Preis,85.000 km,,EZ 09/2020,Benzin,85 kW (116 PS),,
Volkswagen Golf,,VII Variant Highline*DSG*BI-XENON*ALCANTARA,,14.950 €,Guter Preis,102.210 km,,EZ 06/2015,Benzin,110 kW (150 PS),,
BMW 535,,i Touring M-Paket NUR HÄNDLER,,19.950 €,Ohne Bewertung,82.000 km,,EZ 12/2012,Benzin,225 kW (306 PS),,
Volkswagen Caddy,,Maxi Cup TSI Behindertengerecht-Rampe,,26.950 €,Ohne Bewertung,76.458 km,,EZ 11/2014,Benzin,77 kW (105 PS),,
Volkswagen Caddy,,HIGHLINE 92kW NaviKameraXenonAlcantaraAHK,,20.670 €,Fairer Preis,112.953 km,,EZ 02/2016,Benzin,92 kW (125 PS),,
Mercedes-Benz C 200,,Coupe 9G-Tronic AMG Line+LED+NAVI+CARPLAY,,29.450 €,Fairer Preis,83.422 km,,EZ 10/2019,Diesel,118 kW (160 PS),,
BMW 650,,i Coupé,,25.000 €,Ohne Bewertung,86.409 km,,EZ 01/2012,Benzin,330 kW (449 PS),,
Volkswagen Golf,,GTI Performance 2.0 TSI AMBIENTE/TEMPOMAT/S,,23.490 €,Fairer Preis,99.800 km,,EZ 08/2019,Benzin,180 kW (245 PS),,
Volkswagen Polo,,2.0 TSI DSG GTI LED Navi Sitzheizung PDC,,19.990 €,Guter Preis,49.970 km,,EZ 02/2020,Benzin,147 kW (200 PS),,
Volkswagen Tiguan,,Highline BMT 4M AHK|STHZ|NAVI|KAMERA|ACC|,,23.990 €,Fairer Preis,84.100 km,,EZ 09/2016,Benzin,132 kW (179 PS),,
Volkswagen Golf,,VII 2.0 GTI |HU/AU|NAVI|XENON|SHZG,,14.990 €,Ohne Bewertung,96.000 km,,EZ 09/2013,Benzin,162 kW (220 PS),,
Volkswagen Golf,,GTI DSG,,20.399 €,Guter Preis,89.500 km,,EZ 10/2017,Benzin,169 kW (230 PS),,
Volkswagen Passat Variant,,1.8 TSI DSG R-Line LED Navi ACC,,23.990 €,Erhöhter Preis,99.958 km,,EZ 01/2017,Benzin,132 kW (179 PS),,
Volkswagen Golf,,VII Variant R BMT 4Motion DSG 1.HAND KAMERA,,21.900 €,Fairer Preis,121.000 km,,EZ 09/2016,Benzin,221 kW (300 PS),,
Volkswagen Golf,,R VII 2.0 TSI 310 PS 4M RLED ACC DCC DYNAUD,,24.790 €,Fairer Preis,98.009 km,,EZ 12/2017,Benzin,228 kW (310 PS),,
Volkswagen Golf,,VII Lim. Cup Xenon Kamera Panorama Dach,,12.950 €,Ohne Bewertung,121.981 km,,EZ 06/2014,Benzin,90 kW (122 PS),,
,,,,,,,,,,,,
,,,,,,,,,,,,
Volkswagen Touareg,,*PANORAMA*360°KAMERA*AHK*LUFTFE*MEMORY*R-,,25.990 €,Fairer Preis,155.000 km,,EZ 07/2015,Diesel,193 kW (262 PS),,
Mercedes-Benz Sprinter,,Kasten RWD 316 CD L2H2 LED Scheinwerfer,,31.395 €¹,Fairer Preis,91.000 km,,EZ 05/2019,Diesel,120 kW (163 PS),,
Mercedes-Benz E 200,,"CABRIO *AUTOMATIK, AHK, LEDER, 19"", NAVI*",,22.990 €,Ohne Bewertung,78.585 km,,EZ 11/2013,Benzin,135 kW (184 PS),,
Volkswagen Golf,,VII Lim. Lounge 1.2 TSI Benzin Klima PDC,,11.450 €,Fairer Preis,106.000 km,,EZ 04/2015,Benzin,63 kW (86 PS),,
Volkswagen Crafter,,Möbel Koffer Junge 35 lang RWD Klima,,24.295 €,Fairer Preis,141.700 km,,EZ 08/2018,Diesel,130 kW (177 PS),,
Seat Leon,,Cupra 280 *MAXTON*H&R*Alcantara*DAB*Navi*,,17.990 €,Ohne Bewertung,98.000 km,,EZ 03/2014,Benzin,206 kW (280 PS),,
Volkswagen Tiguan,,2.0 TSI 4Motion DSG Sport & Style,,17.400 €,Guter Preis,88.122 km,,EZ 07/2015,Benzin,147 kW (200 PS),,
Volkswagen Golf,,VII 2.0 TSI GTI LED Navi ACC Dynaudio PDC,,21.990 €,Fairer Preis,68.613 km,,EZ 06/2018,Benzin,169 kW (230 PS),,
Volkswagen Golf,,R 2.0 TSI DSG 4MOTION BMT ,,25.500 €,Fairer Preis,109.000 km,,EZ 01/2017,Benzin,221 kW (300 PS),,
Volkswagen Caddy Maxi,,,,25.499 €,Ohne Bewertung,53.292 km,,EZ 07/2020,Benzin,96 kW (131 PS),,
Volkswagen Caddy,,Maxi 7 Sitzer,,25.499 €,Sehr guter Preis,53.292 km,,EZ 07/2020,Benzin,96 kW (131 PS),,
Volkswagen Golf,,VI Cabriolet Cup*DSG*Leder*Xenon*Navi*,,15.750 €,Ohne Bewertung,84.000 km,,EZ 07/2014,Benzin,118 kW (160 PS),,
Volkswagen Golf,,VII Lim. Highline BMT - Automatik,,14.990 €,Ohne Bewertung,96.000 km,,EZ 06/2013,Benzin,90 kW (122 PS),,
Volkswagen Golf,,VII 2.0l TSI GTI Performance BMT Klima,,14.980 €,Ohne Bewertung,98.633 km,,EZ 08/2013,Benzin,169 kW (230 PS),,
Volkswagen Golf,,Sportsvan VII Highline BMT/Start-Stopp,,14.999 €,Ohne Bewertung,99.000 km,,EZ 03/2014,Benzin,110 kW (150 PS),,
Volkswagen Golf,,2.0 TSI BMT GTI DSG/VOLL/PANO/STERNENHIMMEL,,16.900 €,Ohne Bewertung,116.000 km,,EZ 05/2014,Benzin,162 kW (220 PS),,
Mercedes-Benz Vito,,Tourer 116 *4MATIC* 2x KLIMA+ 2x SCHIEBETÜR,,32.118 €¹,Sehr guter Preis,93.050 km,,EZ 02/2019,Diesel,120 kW (163 PS),,
Seat Leon,,1.4l TSI FR FR Klimaaut. Teilleder Tempomat,,13.990 €,Fairer Preis,96.777 km,,EZ 06/2015,Benzin,92 kW (125 PS),,
Volkswagen Golf,,VII Variant Trendline BMT,,12.400 €,Guter Preis,87.567 km,,EZ 06/2016,Benzin,81 kW (110 PS),,
Volkswagen Golf,,VII Lim. GTI BMT Xenon/Navi/SHZ/Gewinde/APR,,18.900 €,Fairer Preis,88.236 km,,EZ 12/2016,Benzin,162 kW (220 PS),,
,,,,,,,,,,,,
,,,,,,,,,,,,
Volkswagen Golf,,2.0 TSI 4 MOTION 6 Gang Handschalter ,,23.850 €,Fairer Preis,65.500 km,,EZ 10/2015,Benzin,221 kW (300 PS),,
Volkswagen Tiguan,,1.5TSI Active+LED+CARPLAY+ACC+KAMERA,,22.450 €¹,Guter Preis,93.831 km,,EZ 11/2022,Benzin,110 kW (150 PS),,
Volkswagen Golf,,VII Lim. GTI SCHALTER 3 TÜRER SHZ PDC NAVI,,14.990 €,Ohne Bewertung,100.142 km,,EZ 01/2014,Benzin,162 kW (220 PS),,
Mercedes-Benz Sprinter,,314 CDI AHK+ 1.HAND+ KLIMA 9165,,22.598 €¹,Guter Preis,122.050 km,,EZ 01/2020,Diesel,105 kW (143 PS),,
Volkswagen Golf,,VII 2.0 TSI 220 DSG GTI Nav Pano ACC LaneAs,,18.488 €,Guter Preis,99.998 km,,EZ 12/2016,Benzin,162 kW (220 PS),,
Volkswagen Golf,,VII R 4Motion 2.0 TSI BMT *Kamera SHZ Navi*,,26.990 €,Erhöhter Preis,90.620 km,,EZ 07/2017,Benzin,265 kW (360 PS),,
Mercedes-Benz S 500,,BE CGI NAVI+MEMORY+SCHIEBEDACH-MASSAGESITZ,,22.980 €,Ohne Bewertung,96.100 km,,EZ 09/2011,Benzin,320 kW (435 PS),,
Volkswagen Golf,,VII GTI 2.0 TSI AHK Standh. LED Navi Bluet.,,21.890 €,Erhöhter Preis,87.000 km,,EZ 06/2017,Benzin,169 kW (230 PS),,
Volkswagen Golf,,R BMT 4Motion Kamera ACC DYNAUDIO Panorama,,20.999 €,Fairer Preis,141.000 km,,EZ 08/2015,Benzin,221 kW (300 PS),,
BMW 523,,"i Touring Klimaautom., PDC, SHZ, SWW",,13.990 €,Ohne Bewertung,138.593 km,,EZ 04/2011,Benzin,150 kW (204 PS),,
Mercedes-Benz GLA 200,,AHK Bi-Xenon Kamera Navi Teilleder PDC,,21.990 €,Fairer Preis,89.972 km,,EZ 11/2015,Benzin,115 kW (156 PS),,
Volkswagen Golf,,VII Variant Comfortline SOUND Klimaauto+PDC,,12.880 €,Sehr guter Preis,96.228 km,,EZ 01/2017,Benzin,81 kW (110 PS),,
Volkswagen Golf,,"VW Golf VII R Variant 2.0 TSI DSG ""APR"" Navi ACC",,28.500 €,Erhöhter Preis,93.000 km,,EZ 07/2016,Benzin,265 kW (360 PS),,
Volkswagen Golf,,"VII Allstar 1,4 TSI 92 kW  Climatronic, GRA",,14.990 €,Fairer Preis,72.682 km,,EZ 01/2017,Benzin,92 kW (125 PS),,
Volkswagen Golf,,VII Lim. GTI BMT*Navi/Kamera*,,14.999 €,Ohne Bewertung,98.000 km,,EZ 07/2014,Benzin,162 kW (220 PS),,
Volkswagen Caddy,,Maxi TSI Behindertengerecht-Rampe,,22.950 €,Ohne Bewertung,113.110 km,,EZ 04/2011,Benzin,77 kW (105 PS),,
Audi Q3,,basis*8-fach*AHK*PDC*,,18.450 €,Guter Preis,53.800 km,,EZ 06/2016,Benzin,110 kW (150 PS),,
BMW 330 Gran Turismo,,"330dA GT xDrive M-SPORT HUD KAMERA ADAP.LED 19""",,26.900 €,Guter Preis,112.987 km,,EZ 12/2018,Diesel,190 kW (258 PS),,
BMW 420,,i Gran Coupe Sport Line SSD ALU PDC LEDER 1HD,,19.600 €,Guter Preis,103.600 km,,EZ 08/2015,Benzin,135 kW (184 PS),,
Audi A5,,Sportback 2.0 TFSI quattro*Automatik*PDC*,,14.999 €,Ohne Bewertung,139.992 km,,EZ 03/2010,Benzin,155 kW (211 PS),,
,,,,,,,,,,,,
,,,,,,,,,,,,
Volkswagen Golf,,Cup BMT 1.4 TSI Start-Stopp VII  Parklenkas,,11.980 €,Ohne Bewertung,76.000 km,,EZ 06/2014,Benzin,90 kW (122 PS),,
Volkswagen Golf,,"VII Highline BMT,Sitzheiz.,PDC, Klimaaut.",,10.900 €,Ohne Bewertung,105.000 km,,EZ 04/2014,Benzin,103 kW (140 PS),,
Volkswagen Golf,,1.2 TSI BlueMotion Technology Cup,,10.980 €,Ohne Bewertung,85.980 km,,EZ 04/2014,Benzin,63 kW (86 PS),,
Volkswagen Caddy,,1.4 TSI BMT Highline 1.4 TSI BMT Highline,,22.980 €,Erhöhter Preis,95.800 km,,EZ 03/2017,Benzin,92 kW (125 PS),,
Volkswagen Caddy,,1.4 TSI Generation Four SHZ Bi-Xenon Navi,,22.950 €,Erhöhter Preis,75.353 km,,EZ 01/2016,Benzin,92 kW (125 PS),,
Mercedes-Benz E 350,,BT T-Modell *Automatik*Comand*RFK*,,18.999 €,Ohne Bewertung,152.098 km,,EZ 11/2013,Diesel,185 kW (252 PS),,
Volkswagen Golf,,GTI Performance *2.HD/DSG/PANO/RFK/NAV/ACC*,,23.790 €,Guter Preis,85.900 km,,EZ 07/2019,Benzin,180 kW (245 PS),,
Volkswagen Golf,,VII Lim. Highline BMT*AHK*,,14.980 €,Ohne Bewertung,96.696 km,,EZ 08/2014,Benzin,110 kW (150 PS),,
Volkswagen Golf,,R Cabrio DSG *Automatik*Navi*Xenon*Kamera*2,,20.920 €,Ohne Bewertung,48.965 km,,EZ 03/2013,Benzin,195 kW (265 PS),,
Volkswagen Golf,,Sportsvan VII Join-AC-Wi.-Paket-AHK-ACC-,,17.471 €,Guter Preis,76.228 km,,EZ 05/2018,Benzin,110 kW (150 PS),,
Volkswagen Golf,,VIII Alltrack 4Motion*NAVI/Pro*KAMERA*IQ*,,23.490 €¹,Fairer Preis,122.000 km,,EZ 06/2022,Diesel,147 kW (200 PS),,
Mercedes-Benz B 220,,"B220 4Matic Autom. AHK LED Kamera Leder Navi 17""",,18.990 €,Fairer Preis,90.500 km,,EZ 12/2014,Benzin,135 kW (184 PS),,
Volkswagen Golf,,VII Variant Automatik BlueMotion Panorama-D,,16.950 €,Guter Preis,92.981 km,,EZ 11/2018,Benzin,96 kW (131 PS),,
Volkswagen Golf,,VI Cabriolet GTI*KLIMA*SITZHZG*TEMPOMAT*PDC,,17.990 €,Fairer Preis,69.300 km,,EZ 04/2015,Benzin,155 kW (211 PS),,
Volkswagen Polo,,1.2 TSI Team SITZHZG+PDC+ALU+KLIMA+1.HAND,,8.989 €,Ohne Bewertung,112.500 km,,EZ 04/2011,Benzin,77 kW (105 PS),,
Volkswagen Golf,,7 R 4M/Pano/Leder/19Z/ACC/CAM/Navi/KeyGo/8F,,22.490 €,Ohne Bewertung,128.000 km,,EZ 02/2014,Benzin,221 kW (300 PS),,
Volkswagen Golf,,"VII Lim. GTI BMT ""Nur 86200KM""",,16.300 €,Guter Preis,86.200 km,,EZ 06/2016,Benzin,162 kW (220 PS),,
Volkswagen Golf,,VI Cabriolet GTI/Sitzhz/PDC,,14.999 €,Ohne Bewertung,90.758 km,,EZ 04/2013,Benzin,155 kW (211 PS),,
Volkswagen Golf,,VII R 4Motion DSG Variant~LED~Navi~ACC~DAB,,24.900 €,Fairer Preis,96.878 km,,EZ 01/2018,Benzin,228 kW (310 PS),,
Volkswagen Golf,,2.0 TSI GTI Performance GTI Performance,,20.500 €,Fairer Preis,88.000 km,,EZ 11/2017,Benzin,180 kW (245 PS),,
,,,,,,,,,,,,
,,,,,,,,,,,,
Volkswagen Golf,,VII 2.0 TDI Cup Navi Sitzheizung PDC,,14.990 €,Ohne Bewertung,96.068 km,,EZ 02/2015,Diesel,110 kW (150 PS),,
Volkswagen Golf,,Sportsvan VII Highline /Pano-Dach/Alcantara,,12.480 €,Sehr guter Preis,115.000 km,,EZ 10/2015,Benzin,92 kW (125 PS),,
Mercedes-Benz Vito,,Mixto 113 CDI extralang 6Sitzer+Standhzg+AH,,17.980 €,Ohne Bewertung,149.985 km,,EZ 12/2014,Diesel,100 kW (136 PS),,
Volkswagen Golf,,VII Lim. 1.4 TSI BMT Cup,,14.970 €,Ohne Bewertung,94.500 km,,EZ 10/2014,Benzin,110 kW (150 PS),,
Volkswagen Golf,,VII Lim. Cup BMT/KAMERA/NAVI/PANO/AUTOMATIK,,15.999 €,Ohne Bewertung,73.582 km,,EZ 03/2014,Benzin,103 kW (140 PS),,
BMW 650,,"i CABRiO M-SPORTPAKET *KAMERA*HEADUP*20""M*",,23.850 €,Ohne Bewertung,105.000 km,,EZ 07/2011,Benzin,300 kW (408 PS),,
Volkswagen Golf,,Variant 1.4 TSI DSG Highline XENON PANO KEY,,11.999 €,Ohne Bewertung,113.800 km,,EZ 05/2012,Benzin,118 kW (160 PS),,
Volkswagen Tiguan,,2.0 TDI IQ.DRIVE|ACC|ParkPilot|el.AHK,,24.900 €,Fairer Preis,84.000 km,,EZ 12/2019,Diesel,110 kW (150 PS),,
Volkswagen Golf,,VI Cabriolet GTI NAVI/ PDC/ KAMERA/BI-XENON,,13.990 €,Ohne Bewertung,89.889 km,,EZ 04/2014,Benzin,155 kW (211 PS),,
Volkswagen Caddy,,Maxi 1.4 TSI Parkassist AHK Navi 7-Sitze,,28.950 €¹,Erhöhter Preis,55.232 km,,EZ 03/2020,Benzin,96 kW (131 PS),,
Volkswagen Golf,,VII Cup,,13.890 €,Ohne Bewertung,92.200 km,,EZ 04/2014,Benzin,77 kW (105 PS),,
Volkswagen Golf,,VII GTI 5 türig Autom Leder Panorama Kamera,,16.990 €,Sehr guter Preis,82.700 km,,EZ 12/2015,Benzin,155 kW (211 PS),,
Volkswagen Golf,,VII 1.5 TSI DSG SOUND LED NAVI 16 PANO DYNA,,19.350 €,Fairer Preis,65.000 km,,EZ 11/2017,Benzin,110 kW (150 PS),,
Volkswagen Golf,,VII Highline  /MASSAGE/BIXEN/NAVI/SHZ/TEMPO,,14.490 €,Ohne Bewertung,108.900 km,,EZ 04/2013,Benzin,90 kW (122 PS),,
Mercedes-Benz E 250,,CGI 7G BlueEfficiency 2.Hand*LED*H/K*PDC*,,17.950 €,Ohne Bewertung,97.772 km,,EZ 10/2013,Benzin,155 kW (211 PS),,
Volkswagen Golf,,VI R-Line 4Motion~Leder~Xenon~PDC~SHZ~199kW,,26.199 €,Ohne Bewertung,69.200 km,,EZ 06/2012,Benzin,199 kW (271 PS),,
Volkswagen Golf,,VII Lim.GTI Performance BMT/Start-Stopp*TCR,,23.990 €,Guter Preis,85.478 km,,EZ 12/2017,Benzin,180 kW (245 PS),,
Volkswagen Golf,,VII Lim *Tempom*Sitzh.*2-Z-Klimaauto*PDC,,10.900 €,Ohne Bewertung,106.600 km,,EZ 04/2013,Benzin,63 kW (86 PS),,
BMW 320,,d M Sport * RFK * LED * Alcantara,,17.790 €,Fairer Preis,147.354 km,,EZ 04/2016,Diesel,140 kW (190 PS),,
Volkswagen Tiguan,,1.4TSI Comfortline DSG Navi LED AHK,,21.660 €,Fairer Preis,81.250 km,,EZ 09/2016,Benzin,110 kW (150 PS),,
,,,,,,,,,,,,
,,,,,,,,,,,,
Mercedes-Benz Sprinter,,Möbel Koffer 313  CDI Klima,,17.300 €¹,Ohne Bewertung,134.400 km,,EZ 07/2009,Diesel,95 kW (129 PS),,
Mercedes-Benz SLK 250,,Roadster/Pano/Airscarf/Garantie/,,18.999 €,Ohne Bewertung,91.000 km,,EZ 07/2012,Benzin,150 kW (204 PS),,
Volkswagen Golf,,VII GTI 2.0 TSI *KEYLESS*LED*NAVI*,,22.980 €,Fairer Preis,66.945 km,,EZ 06/2018,Benzin,169 kW (230 PS),,
Ford Transit Custom,,TRANSIT CUSTOM KASTEN 340 L2 TREND KLIMA+NAV+ACC,,17.980 €¹,Guter Preis,96.800 km,,EZ 02/2017,Diesel,125 kW (170 PS),,
Mercedes-Benz C 250,,*ACC*SHZ*BURMESTER*KEYLESS GO*TOP,,21.990 €¹,Fairer Preis,95.467 km,,EZ 03/2016,Benzin,155 kW (211 PS),,
Volkswagen Golf,,VII 1.5 TSI R-Line DSG LED Navi ACC PDC USB,,20.950 €¹,Fairer Preis,78.160 km,,EZ 03/2019,Benzin,110 kW (150 PS),,
Mercedes-Benz CLA 200,,Urban*Pano-AHK-Xenon- Navi-PDC*,,20.990 €,Fairer Preis,110.100 km,,EZ 04/2015,Benzin,115 kW (156 PS),,
Volkswagen Golf,,"VII Lim. Highline BMT ""HU/AU+Service""",,13.990 €,Ohne Bewertung,94.855 km,,EZ 11/2014,Benzin,110 kW (150 PS),,
BMW 420,,Baureihe 4 Coupe 420 i LUXURY M PAKET 1,,19.990 €,Sehr guter Preis,81.900 km,,EZ 05/2015,Benzin,135 kW (184 PS),,
Volkswagen Golf,,1.4 TSI DSG BMT Highline Variant Highline,,19.100 €,Fairer Preis,81.744 km,,EZ 05/2017,Benzin,110 kW (150 PS),,
BMW 118,,1 Lim. 118 d Advantage/Driv.Ass/Park.Ass,,22.500 €¹,Guter Preis,79.448 km,,EZ 10/2020,Diesel,110 kW (150 PS),,
Mercedes-Benz CLA 45 AMG Shooting Brake,,4Matic*3J.Garantie*,,26.490 €,Guter Preis,98.132 km,,EZ 07/2015,Benzin,265 kW (360 PS),,
Volkswagen Golf,,VII Variant 1.4 TSI DSG LED Navi ACC AHK,,19.490 €,Fairer Preis,69.270 km,,EZ 05/2018,Benzin,92 kW (125 PS),,
Audi A4,,1.8 TFSI S line quattro Panorama Standheizung,,23.990 €,Erhöhter Preis,96.460 km,,EZ 11/2015,Benzin,125 kW (170 PS),,
Mercedes-Benz C 300,,T  Avantgarde 4Matic 4x4 Stdhz. Distronic ,,31.940 €¹,Guter Preis,85.237 km,,EZ 10/2020,Benzin,190 kW (258 PS),,
Volkswagen Touran,,1.4TSI DSG Sound LED Navi Keyless DCC ACC,,23.897 €,Erhöhter Preis,90.000 km,,EZ 03/2017,Benzin,110 kW (150 PS),,
Volkswagen Golf,,VII 1.4 TSI HIGHLINE R-LINE SPORT PANORAMA,,12.777 €,Ohne Bewertung,123.000 km,,EZ 06/2013,Benzin,90 kW (122 PS),,
BMW 520,,d Sport Line 1.Hand H&K Schiebedach 360KAM  ,,29.880 €¹,Fairer Preis,106.134 km,,EZ 01/2020,Diesel,140 kW (190 PS),,
Volkswagen T-Roc,,*Cabriolet*1.5 TSI*Active*NAVI*SHZ*STANDHZG,,22.590 €¹,Guter Preis,62.498 km,,EZ 08/2021,Benzin,110 kW (150 PS),,
Volkswagen Golf,,R 2.0TSI DSG 4M Variant ABT 400PS DCC,,21.480 €,Sehr guter Preis,123.000 km,,EZ 12/2015,Benzin,294 kW (400 PS),,
,,,,,,,,,,,,
,,,,,,,,,,,,
Volkswagen Tiguan,,2.0 TSI DSG 4MOTION Highline | NAVI | ACC,,22.680 €,Erhöhter Preis,92.000 km,,EZ 04/2017,Benzin,132 kW (179 PS),,
Volkswagen Golf,,VII Variant R BMT DSG 4Motion Pano Bi-Xenon,,22.400 €,Fairer Preis,121.000 km,,EZ 05/2016,Benzin,221 kW (300 PS),,
Ford Kuga,,Titanium,,14.900 €,Sehr guter Preis,87.000 km,,EZ 02/2018,Benzin,110 kW (150 PS),,
Mercedes-Benz C 200,,"AVANTGARDE SCHIEBEDACH,SCHECKHEFT,TEMPOMAT",,17.880 €,Ohne Bewertung,92.712 km,,EZ 10/2013,Benzin,135 kW (184 PS),,
Volkswagen Golf,,VI GTI Edition 35/DSG/DEUTSCH/LIEBHABER/Dyn,,15.499 €,Ohne Bewertung,130.000 km,,EZ 10/2011,Benzin,173 kW (235 PS),,
Volkswagen Golf,,1.2 TSI Allwetter SHZ PDC Navi,,10.950 €,Ohne Bewertung,84.420 km,,EZ 07/2014,Benzin,63 kW (86 PS),,
Mercedes-Benz SLK 200,,Roadster Leder Navi Cabrio,,19.990 €,Ohne Bewertung,83.500 km,,EZ 02/2015,Benzin,135 kW (184 PS),,
Mercedes-Benz E 200,,T 2.0 CGI 184PS BE Avantgarde Navi SHZ,,17.999 €,Ohne Bewertung,93.223 km,,EZ 04/2013,Benzin,135 kW (184 PS),,
BMW 320,,d Luxury Line DAB CockpitPlus PDC Leder,,24.499 €¹,Fairer Preis,113.990 km,,EZ 09/2020,Diesel,140 kW (190 PS),,
Volkswagen Caddy,,"Alltrack 1.4TSI DSG AHK Standhzng. SHZ 17""",,25.990 €,Hoher Preis,85.200 km,,EZ 09/2016,Benzin,92 kW (125 PS),,
Volkswagen Caddy Maxi,,Kasten 2.0 TDI DSG Navi*Flügeltü*PDC*,,18.990 €¹,Ohne Bewertung,60.800 km,,EZ 08/2019,Diesel,75 kW (102 PS),,
Volkswagen Golf,,R 4Mot.*DSG*SPORTSITZE*LED*CARBON,,25.890 €,Guter Preis,84.000 km,,EZ 09/2017,Benzin,228 kW (310 PS),,
Volkswagen Golf,,Sportsvan VII Highline BMT*1.HAND*AHK*XENON,,14.999 €,Ohne Bewertung,90.032 km,,EZ 11/2014,Benzin,92 kW (125 PS),,
Volkswagen Golf,,2.0 TSI DSG 4MOTION R R,,26.900 €,Erhöhter Preis,109.000 km,,EZ 06/2017,Benzin,228 kW (310 PS),,
Skoda Octavia,,OCTAVIA COMBI RS DSG 1.HAND+SCHECKHEFT GEPFLEGT,,21.689 €,Guter Preis,84.555 km,,EZ 04/2018,Benzin,169 kW (230 PS),,
Volkswagen Golf,,Plus VI Life. Automatik .Garantie .1.HAND,,10.999 €,Ohne Bewertung,110.000 km,,EZ 01/2014,Benzin,77 kW (105 PS),,
Volkswagen Golf,,VII Variant Highline BMT DSG Standhz Spuras,,14.490 €,Sehr guter Preis,105.000 km,,EZ 04/2015,Benzin,110 kW (150 PS),,
Volkswagen Golf,,VII 1.2 TSI BMT Lounge/Navi/Klima/GRA/2xPDC,,11.950 €,Sehr guter Preis,83.207 km,,EZ 01/2016,Benzin,81 kW (110 PS),,
Volkswagen Golf,,VI Cabriolet 2.0 TSI GTI *NAVI*LED*BiXenon,,15.473 €,Ohne Bewertung,133.569 km,,EZ 11/2012,Benzin,155 kW (211 PS),,
BMW 528,,"i xDrive Head-Up HiFi Facelift 18""Navi Xenon",,19.900 €,Ohne Bewertung,108.000 km,,EZ 09/2015,Benzin,180 kW (245 PS),,
,,,,,,,,,,,,
,,,,,,,,,,,,
Mercedes-Benz A 45 AMG,,4Matic *Perfomance Sitze*Night-Paket*,,27.999 €,Ohne Bewertung,95.200 km,,EZ 05/2014,Benzin,265 kW (360 PS),,
Volkswagen Tiguan,,1.5TSI Aktiv+LED+CARPLAY+ACC+KAMERA,,22.150 €¹,Fairer Preis,91.012 km,,EZ 12/2022,Benzin,96 kW (131 PS),,
Volkswagen Tiguan,,1.5TSI Active+LED+CARPLAY+ACC,,22.150 €¹,Fairer Preis,90.988 km,,EZ 12/2022,Benzin,96 kW (131 PS),,
Volkswagen Caddy,,1.4 TSI DSG Trendline Einparkhilfe GJR,,19.480 €,Fairer Preis,84.875 km,,EZ 08/2016,Benzin,92 kW (125 PS),,
Volkswagen Golf,,VII LIM. R BMT 4MOTION / TOP ZUSTAND /,,23.990 €,Erhöhter Preis,117.673 km,,EZ 10/2016,Benzin,221 kW (300 PS),,
Volkswagen Golf,,Sportsvan VII Allstar 1.4*AHK*Automatik*PDC,,13.900 €,Fairer Preis,118.617 km,,EZ 09/2016,Benzin,92 kW (125 PS),,
Volkswagen Golf,,1.4TSI Varian Highline*DSG*NAV*XEN*RFK*1.HD,,14.990 €,Ohne Bewertung,86.900 km,,EZ 07/2014,Benzin,103 kW (140 PS),,
Volkswagen Golf Sportsvan,,VII Highline BMT/Start-Stopp,,15.999 €,Ohne Bewertung,99.665 km,,EZ 01/2015,Benzin,110 kW (150 PS),,
Volkswagen Golf,,GTI DSG PERFORMANCE*XENON*NAVI*PDC,,20.980 €¹,Fairer Preis,99.952 km,,EZ 09/2017,Benzin,169 kW (230 PS),,
Volkswagen Golf,,VI GTI DSG Xenon Scheckheft Vw Keyless,,12.900 €,Ohne Bewertung,109.000 km,,EZ 11/2010,Benzin,155 kW (211 PS),,
Volkswagen Golf,,VII*1.HAND*NAVI*AUTOMAT*SHZ*TEMPO*KLIMA*EPH,,13.699 €,Ohne Bewertung,101.300 km,,EZ 11/2013,Benzin,103 kW (140 PS),,
Volkswagen Golf,,VII Highline BMT Automatik+2 JAHRE GARANTIE,,17.450 €,Fairer Preis,89.614 km,,EZ 04/2017,Benzin,110 kW (150 PS),,
BMW 118,,i Advantage +PANO+NAVI+TEMPO+KLIMA+SHZ+PDC+,,18.995 €¹,Fairer Preis,65.652 km,,EZ 03/2021,Benzin,100 kW (136 PS),,
Volkswagen Golf,,"VII 2,0 GTI Performance BMT/Automatik/Navi",,18.590 €,Ohne Bewertung,68.465 km,,EZ 06/2014,Benzin,169 kW (230 PS),,
Mercedes-Benz GLA 200,,AMG Line*PANO*KAMERA*1.HAND*NAVI*,,20.990 €,Fairer Preis,82.299 km,,EZ 06/2015,Benzin,115 kW (156 PS),,
Volkswagen Golf,,"1.5TSI DSG R-Line LED AHK PANO NAVI 18"" ALU",,18.900 €,Ohne Bewertung,98.513 km,,EZ 06/2019,Benzin,110 kW (150 PS),,
Jaguar XF,,Prestige *Erst 88tkm*Panorama*Automatik*RFK*,,21.999 €,Fairer Preis,88.900 km,,EZ 10/2015,Diesel,221 kW (300 PS),,
Hyundai TUCSON,,1.6 T-GDI Style 4WD,,17.490 €,Guter Preis,115.600 km,,EZ 12/2016,Benzin,130 kW (177 PS),,
Volkswagen Golf,,VII 2.0 TSI BMT GTI Performance ACC Pano,,25.138 €,Fairer Preis,99.512 km,,EZ 09/2019,Benzin,180 kW (245 PS),,
Volkswagen Tiguan,,1.4 TSI Comfortline Virtual Cockpit AHK,,18.990 €,Fairer Preis,86.825 km,,EZ 08/2016,Benzin,110 kW (150 PS),,
,,,,,,,,,,,,
,,,,,,,,,,,,
Volkswagen Golf,,VII GTI Panorama/Sitzhzg/Alcantara/Xenon,,16.990 €,Guter Preis,89.000 km,,EZ 07/2016,Benzin,162 kW (220 PS),,
Volkswagen Golf,,VII Variant Highline BMT 1. HAND SCHECKHEFT,,14.799 €,Ohne Bewertung,97.985 km,,EZ 12/2014,Benzin,92 kW (125 PS),,
Volkswagen Golf,,"VII Lim. Comfortline 1.4TSI PDC,NSW,Klima",,10.950 €,Ohne Bewertung,110.344 km,,EZ 10/2013,Benzin,90 kW (122 PS),,
Audi A3,,Cabriolet 1.8 TFSI qu. S tronic 2x line AHK X,,22.450 €,Fairer Preis,94.200 km,,EZ 10/2015,Benzin,132 kW (179 PS),,
Audi A3,,Sportback 35 TFSI+sTronic+NAVI+Xenon+ACC+PDC,,20.450 €¹,Fairer Preis,67.536 km,,EZ 11/2019,Benzin,110 kW (150 PS),,
Volkswagen Golf,,VII Lim. Sound/NAVI/SzHz/ACC/PDC/KLIMAAUTO,,13.790 €,Guter Preis,93.900 km,,EZ 10/2017,Benzin,92 kW (125 PS),,
Volkswagen Golf,,2.0 TSI DSG  GTI Clubsport - Schalensitze ,,24.490 €,Fairer Preis,66.000 km,,EZ 03/2016,Benzin,195 kW (265 PS),,
Volkswagen Golf,,VII Lim. Lounge *XENON*SITZHZ*TEMPOMAT*PDC*,,14.950 €,Erhöhter Preis,85.300 km,,EZ 09/2015,Benzin,110 kW (150 PS),,
Volkswagen Touran,,"1.4 TSI PARKLENKASSIST,BIXENON,METALLIC",,15.880 €,Ohne Bewertung,98.500 km,,EZ 01/2015,Benzin,103 kW (140 PS),,
Volkswagen Tiguan,,2x R Line 4x4 AHK Alcantara LED,,25.799 €,Erhöhter Preis,95.700 km,,EZ 02/2017,Benzin,162 kW (220 PS),,
Volkswagen Golf,,GTI Performance  2.0 TSI DSG *LED*NAVI*ACC*,,24.990 €,Fairer Preis,77.836 km,,EZ 07/2017,Benzin,180 kW (245 PS),,
Volkswagen Golf,,VI Cabriolet GTI,,14.700 €,Ohne Bewertung,95.600 km,,EZ 11/2014,Benzin,155 kW (211 PS),,
Volkswagen Golf,,VII GTI Performance,,16.950 €,Fairer Preis,112.000 km,,EZ 08/2016,Benzin,169 kW (230 PS),,
Volkswagen Tiguan,,Comfortline BMT/4Motion Neue Mod.Digital,,18.250 €,Fairer Preis,104.000 km,,EZ 06/2016,Benzin,132 kW (179 PS),,
BMW 420 Gran Coupé,,420i Gran Coupe Bi-Xenon Sitzheizung Leder,,22.990 €,Erhöhter Preis,101.649 km,,EZ 08/2016,Benzin,135 kW (184 PS),,
Volkswagen Sharan,,Highline BMT *DSG*7SITZ*LEDER*DCC*PANO*,,16.990 €,Ohne Bewertung,95.000 km,,EZ 09/2011,Benzin,110 kW (150 PS),,
Mercedes-Benz GLA 180,,AMG Line Automatik NAVI Sitzheizung,,20.723 €,Fairer Preis,96.804 km,,EZ 03/2016,Benzin,90 kW (122 PS),,
BMW 428 Gran Coupé,,428i  Gran Coupé xDrive|Luxury|LED|NAVI|H&K|HUD,,25.990 €,Ohne Bewertung,76.239 km,,EZ 03/2014,Benzin,180 kW (245 PS),,
Mercedes-Benz C 180,,CGI AMG-Line|LED|TOTWINKEL|KEYGO|NAVI|PDC|,,22.490 €,Ohne Bewertung,115.000 km,,EZ 01/2015,Benzin,115 kW (156 PS),,
Volkswagen Passat Variant,,Elegance 4Motion R-Line Panorama,,28.990 €¹,Erhöhter Preis,134.740 km,,EZ 07/2020,Benzin,200 kW (272 PS),,
,,,,,,,,,,,,
,,,,,,,,,,,,
Volkswagen Golf,,1.4 TSI DSG ALLSTAR SITZHZG KAMERA ACC AHK,,17.960 €,Erhöhter Preis,77.097 km,,EZ 10/2016,Benzin,92 kW (125 PS),,
Mercedes-Benz A 45 AMG,,Sport Line AT Navi APS COMAND El. Panod,,24.980 €,Ohne Bewertung,77.320 km,,EZ 07/2014,Benzin,265 kW (360 PS),,
Volkswagen Golf,,VII Variant Join BlueMotion,,16.900 €,Fairer Preis,83.800 km,,EZ 10/2018,Benzin,96 kW (131 PS),,
Volkswagen Caddy,,1.0 TSI Trendline Klima Tempomat Bluetooth,,20.490 €¹,Fairer Preis,52.899 km,,EZ 09/2020,Benzin,75 kW (102 PS),,
Volkswagen Golf,,VII  R-Line LPG PRINS MASSAGE/R-CAM/BIXEN/,,13.990 €,Ohne Bewertung,103.500 km,,EZ 12/2014,Benzin,110 kW (150 PS),,
Volkswagen Golf,,VII Var. 1.8 TSI DSG Alltrack 4Motion STHZG,,18.490 €,Fairer Preis,107.000 km,,EZ 07/2017,Benzin,132 kW (179 PS),,
BMW 328,,i xDrive M-Sportpaket Head-Up Leder LED Alar,,22.480 €,Ohne Bewertung,104.250 km,,EZ 07/2016,Benzin,180 kW (245 PS),,
BMW 435,,Baureihe 4 Gran Coupe 435 i,,23.990 €,Ohne Bewertung,116.980 km,,EZ 02/2015,Benzin,225 kW (306 PS),,
Volkswagen Tiguan,,2.0 TSI 4Motion Sound LED Navi ACC,,22.490 €,Fairer Preis,97.049 km,,EZ 06/2017,Benzin,132 kW (179 PS),,
Volkswagen Golf,,VII GTI Clubsport 2.0 TSI DSG SCHALENSITZE,,25.980 €,Fairer Preis,80.785 km,,EZ 02/2017,Benzin,195 kW (265 PS),,
Volkswagen Golf,,"VII Lim. GTI Clubsport, Leder, Schalter",,22.790 €,Guter Preis,74.000 km,,EZ 11/2016,Benzin,195 kW (265 PS),,
Volkswagen Golf,,VII Lim. Lounge BMT*R-LINE*SHZ*DSG*SPH,,15.999 €,Fairer Preis,94.000 km,,EZ 03/2016,Benzin,110 kW (150 PS),,
Volkswagen Touran,,1.4 TSI 7-Sitzer Navi LED AHK schwenkbar,,18.990 €,Fairer Preis,114.733 km,,EZ 12/2015,Benzin,110 kW (150 PS),,
Dodge Durango,,"3.6 V6 7-SITZER/AHK/SHD/18""/72TKM",,22.480 €,Sehr guter Preis,72.335 km,,EZ 08/2017,Benzin,218 kW (296 PS),,
Mercedes-Benz Sprinter,,314 CDI KAMERA+ KLIMA+ 1. HAND 6914,,24.978 €¹,Fairer Preis,114.050 km,,EZ 08/2020,Diesel,105 kW (143 PS),,
Volkswagen Golf,,VII Lim. GTI Performance*VIRTUEL*NAVI*LED*,,21.450 €,Fairer Preis,114.000 km,,EZ 09/2017,Benzin,180 kW (245 PS),,
Volkswagen Golf,,GTI Performance *Stzhng*Temp*Kamera*,,19.900 €,Sehr guter Preis,60.000 km,,EZ 07/2017,Benzin,162 kW (220 PS),,
Volkswagen Golf,,VII Variant Cup-Automatik-Navi-Neu TÜV,,14.500 €,Ohne Bewertung,83.700 km,,EZ 03/2015,Benzin,77 kW (105 PS),,
Volkswagen Golf,,VI Cabrio GTI  Einzelstück 263 KW (358 PS),,16.800 €,Ohne Bewertung,76.000 km,,EZ 06/2012,Benzin,263 kW (358 PS),,
Mercedes-Benz SLK 200,,"BE, 7G TRONIC, LEDER, NAVI, BiXENON, PDC",,18.990 €,Ohne Bewertung,105.000 km,,EZ 05/2012,Benzin,135 kW (184 PS),,
,,,,,,,,,,,,
,,,,,,,,,,,,
Opel Mokka,,X 1.4 Turbo INNOVATION (SCHIEBEDACH*LEDER),,16.950 €,Ohne Bewertung,90.884 km,,EZ 08/2017,Benzin,103 kW (140 PS),,
BMW X3,,xDrive 20i Advantage KLIMA+XENON+PDC+SITZHZG,,22.450 €,Fairer Preis,85.671 km,,EZ 06/2016,Benzin,135 kW (184 PS),,
Volkswagen Golf,,7 Cup DSG Navi SHZ Klima Auto Hold,,13.480 €,Ohne Bewertung,99.174 km,,EZ 04/2014,Benzin,77 kW (105 PS),,
Volkswagen Golf,,7.5 GTI Performance  mit TOP Ausstattung ,,25.000 €,Fairer Preis,80.500 km,,EZ 10/2017,Benzin,180 kW (245 PS),,
Volkswagen Passat Variant,,2.0TSI HIGHLINE LED#AHK#SHZ#FH,,23.999 €,Fairer Preis,74.473 km,,EZ 04/2016,Benzin,162 kW (220 PS),,
Volkswagen Golf,,VII  GTI Performance BMT Schiebedach DSG,,18.990 €,Fairer Preis,119.350 km,,EZ 02/2016,Benzin,169 kW (230 PS),,
Volkswagen Golf,,VII GTI*CLUBSPORT*APR*RECARO*PANO*LED*347PS,,22.350 €,Guter Preis,73.000 km,,EZ 10/2016,Benzin,195 kW (265 PS),,
Volkswagen Golf,,7 2.0TDI 150PS Highline Keyless ACC Pano,,14.499 €,Ohne Bewertung,99.414 km,,EZ 09/2012,Diesel,110 kW (150 PS),,
Volkswagen Golf,,7 GTI Performance -Facelift ohne OPF,,21.500 €,Guter Preis,80.600 km,,EZ 11/2017,Benzin,180 kW (245 PS),,
Volkswagen Caddy,,Comfort- Behindertengerecht-Rampe-,,19.900 €,Ohne Bewertung,73.800 km,,EZ 12/2011,Benzin,63 kW (86 PS),,
Mercedes-Benz CLA 250 Shooting Brake,,CLA Shooting Brake 250 7G-DCT Urban,,21.490 €,Sehr guter Preis,89.370 km,,EZ 04/2016,Benzin,155 kW (211 PS),,
BMW X3,,"20iA xDrive, 1.Hand, Panorama, AHK, Navi",,19.850 €,Ohne Bewertung,80.000 km,,EZ 04/2012,Benzin,135 kW (184 PS),,
BMW X1,,20i 184PS xDrive Automatik Sport Line Navi,,16.749 €,Ohne Bewertung,97.859 km,,EZ 11/2013,Benzin,135 kW (184 PS),,
Volkswagen Caddy,,1.0 TSI Navi Sitzheizung Tempomat Klima,,20.990 €,Fairer Preis,87.104 km,,EZ 03/2017,Benzin,75 kW (102 PS),,
Volkswagen Passat Variant,,1.8 TFSI DSG Highline |AHK|Leder,,19.815 €,Fairer Preis,101.242 km,,EZ 02/2017,Benzin,132 kW (179 PS),,
Mercedes-Benz CLA 250 Shooting Brake,,4M SPORT EDITION STANDHZ,,20.780 €,Sehr guter Preis,92.972 km,,EZ 04/2016,Benzin,160 kW (218 PS),,
Volkswagen Golf,,VII Variant Highline BMT*Alcantara*Klima,,13.950 €,Guter Preis,96.550 km,,EZ 05/2015,Benzin,110 kW (150 PS),,
BMW 520,,i T AUTOMATIK LUXURY PANO NAVI PROF LEDER DDC,,17.890 €,Ohne Bewertung,110.029 km,,EZ 07/2013,Benzin,135 kW (184 PS),,
Ford Mondeo,,Turnier 2.0 ST-Line Navi Panorama PDC,,17.890 €,Erhöhter Preis,103.471 km,,EZ 03/2017,Diesel,110 kW (150 PS),,
Volkswagen Golf,,VII Variant Highline BMT NAVIGATION / PDC,,16.880 €,Fairer Preis,83.000 km,,EZ 04/2016,Benzin,110 kW (150 PS),,
,,,,,,,,,,,,
,,,,,,,,,,,,
Mercedes-Benz A 250,,*3x AMG* Pano* 1 Hand * Kamera*,,19.900 €,Ohne Bewertung,77.700 km,,EZ 07/2013,Benzin,155 kW (211 PS),,
Volkswagen Golf,,VII Lim. Lounge BMT TÜV 06/2026,,10.890 €,Fairer Preis,98.336 km,,EZ 09/2015,Benzin,81 kW (110 PS),,
Volkswagen Golf,,VII 1.2 TSI Lounge #STHZ#AHK#PDC#,,10.990 €,Guter Preis,90.000 km,,EZ 09/2015,Benzin,81 kW (110 PS),,
Volkswagen Golf,,VII Lim. Cup BMT*PDC*AHK*TOP ZUSAND*BI-XE,,14.690 €,Ohne Bewertung,106.450 km,,EZ 04/2014,Benzin,90 kW (122 PS),,
Citroën Berlingo,,"-1,6 Behindertengerecht-Rampe-",,18.900 €,Ohne Bewertung,60.000 km,,EZ 04/2013,Benzin,72 kW (98 PS),,
BMW 650 Gran Coupé,,650i xDrive GranCoupé Individual HeadUp 2Hand,,26.400 €,Ohne Bewertung,113.900 km,,EZ 09/2012,Benzin,330 kW (449 PS),,
Volkswagen Golf,,GTI Clubsport BMT SHZ+PDC+SCHECKHEFT+BI-XENON,,21.490 €,Guter Preis,68.500 km,,EZ 10/2016,Benzin,195 kW (265 PS),,
Volkswagen Golf,,VII Lim. Highline Xenon Panorama ACC AHK,,14.990 €,Sehr guter Preis,88.720 km,,EZ 04/2015,Benzin,110 kW (150 PS),,
Volkswagen Golf,,VII Variant Alltrack 4Motion / LED / Standh,,20.390 €,Fairer Preis,92.900 km,,EZ 10/2017,Benzin,132 kW (179 PS),,
Volkswagen Golf,,"Variant Alltrack 2.0 TDI DSG / Matrix, Pano",,26.960 €¹,Guter Preis,90.500 km,,EZ 08/2021,Diesel,147 kW (200 PS),,
Volkswagen Golf,,VII Lim. Cup BMT DSG Navi Open Sky Busines,,13.990 €,Ohne Bewertung,86.883 km,,EZ 01/2015,Benzin,81 kW (110 PS),,
Volkswagen Golf,,VII GTI Performance~Navi~Xenon~PDC~SHZ~,,17.099 €,Guter Preis,75.200 km,,EZ 07/2015,Benzin,162 kW (220 PS),,
Volkswagen Golf,,VII R BMT 4Motion Navigation Xenon,,20.999 €,Sehr guter Preis,118.000 km,,EZ 11/2016,Benzin,221 kW (300 PS),,
Volkswagen Golf,,VII 1.4 TSI DSG Highline,,15.490 €,Ohne Bewertung,72.700 km,,EZ 10/2013,Benzin,90 kW (122 PS),,
Mercedes-Benz C 220,,d T 9G Avantgarde +MBUX-NAV+CAM+LED-HP+1HD,,24.590 €¹,Guter Preis,107.495 km,,EZ 12/2020,Diesel,143 kW (194 PS),,
Volkswagen Golf,,2.0 TSI BMT GTI Performance GTI Performance,,16.400 €,Ohne Bewertung,69.000 km,,EZ 07/2013,Benzin,169 kW (230 PS),,
Mercedes-Benz GLA 200,,*Style*Automatik*Bi-Xenon*Navi*Leder*,,17.450 €,Ohne Bewertung,103.000 km,,EZ 04/2014,Benzin,115 kW (156 PS),,
BMW 750,,i M/Sportpaket*ACC*LED*aus 2.Hand*Top Zustand,,25.990 €,Ohne Bewertung,117.880 km,,EZ 09/2013,Benzin,330 kW (449 PS),,
Volkswagen Golf,,VII 1.4 TSI LED Navi Kamera AHK Sitzheizung,,18.990 €,Erhöhter Preis,61.997 km,,EZ 09/2017,Benzin,92 kW (125 PS),,
Volkswagen Golf,,7 GTI Performance Voll-LED+Virt.Displ.+Navi,,20.440 €,Guter Preis,77.529 km,,EZ 08/2017,Benzin,180 kW (245 PS),,
,,,,,,,,,,,,
,,,,,,,,,,,,
Volkswagen Golf,,VII 1.2 TSI Allstar,,11.520 €,Guter Preis,92.700 km,,EZ 06/2016,Benzin,81 kW (110 PS),,
Mercedes-Benz C 350,,CGI 3.5 306PS AMG-Line 4-Matic ILS ,,19.999 €,Ohne Bewertung,92.182 km,,EZ 07/2011,Benzin,225 kW (306 PS),,
Volkswagen Golf,,VI CABRIO EXCL EDITION KLIMAAUT LEDER NAVI,,15.455 €,Fairer Preis,85.000 km,,EZ 05/2016,Benzin,92 kW (125 PS),,
Volkswagen Touran,,1.2 TSI Trendline Tempomat PDC Klimaaut.,,16.990 €,Erhöhter Preis,84.979 km,,EZ 11/2015,Benzin,81 kW (110 PS),,
Volkswagen Golf,,VII Highline BMT PDC 18 ZOLL,,14.999 €,Fairer Preis,89.000 km,,EZ 06/2015,Benzin,90 kW (122 PS),,
Volkswagen Golf,,VI Cabriolet/NAVI/SHZ/AUT/PDC/TEMP/S+W/2HD,,13.950 €,Guter Preis,87.627 km,,EZ 03/2015,Benzin,90 kW (122 PS),,
Volkswagen Golf,,VII Variant R 4Motion,,24.800 €,Fairer Preis,90.000 km,,EZ 11/2017,Benzin,228 kW (310 PS),,
Volkswagen Passat Variant,,Elegance 4Motion 2.0 TDI DSG/AHK,,24.999 €¹,Fairer Preis,92.882 km,,EZ 01/2020,Diesel,140 kW (190 PS),,
Volkswagen Passat Variant,,2.0 TDI BMT 7-DSG Elegance R-Line,,25.500 €¹,Fairer Preis,72.370 km,,EZ 11/2020,Diesel,140 kW (190 PS),,
Mercedes-Benz C 180,,Avantgarde*Navi*,,18.990 €,Sehr guter Preis,92.504 km,,EZ 11/2015,Benzin,115 kW (156 PS),,
Volkswagen Golf,,2.0 TSI DSG 4MOTION R Variant R,,26.000 €,Fairer Preis,97.326 km,,EZ 03/2018,Benzin,228 kW (310 PS),,
Volkswagen Golf,,1.5 TSI ACT DSG Sound Sound,,20.900 €,Ohne Bewertung,112.370 km,,EZ 11/2017,Benzin,110 kW (150 PS),,
Mercedes-Benz C 200,,"3x AMG PARKLENKASSIST,NAVI,SCHECKHEFT,LED",,23.880 €,Fairer Preis,80.000 km,,EZ 10/2015,Benzin,135 kW (184 PS),,
BMW M3,,Cabrio,,27.500 €,Ohne Bewertung,80.102 km,,EZ 01/2013,Benzin,309 kW (420 PS),,
Volkswagen Golf,,VII Lim. GTI Performance BMT/Start-Stopp,,23.400 €,Fairer Preis,84.800 km,,EZ 10/2019,Benzin,180 kW (245 PS),,
Opel Insignia,,1.5 Turbo LED Navi Kamera Tempomat DAB,,18.950 €,Erhöhter Preis,75.398 km,,EZ 07/2017,Benzin,121 kW (165 PS),,
Volkswagen Golf,,Variant 1.2 TSI BMT CUP*AHK*Allwetter*PDC*,,10.999 €,Ohne Bewertung,113.106 km,,EZ 07/2014,Benzin,63 kW (86 PS),,
BMW 435,,xDrive M-PAKET Keyless Kamera HeadUp Harman,,27.490 €,Sehr guter Preis,105.000 km,,EZ 09/2015,Benzin,225 kW (306 PS),,
Volkswagen Golf,,Cabrio 1.4 TSI DSG Navi Einparkhilfe GJR Si,,16.450 €,Fairer Preis,71.250 km,,EZ 05/2015,Benzin,118 kW (160 PS),,
Volkswagen Golf,,"VII Variant 1,4 TS Highline DSG NAVI AHK",,17.900 €,Guter Preis,96.537 km,,EZ 04/2017,Benzin,110 kW (150 PS),,
