Brand;Model;Car_Info;User_Desc;Price;Price_Eval;Kilometer;Gear_Type;YearMonth;Fuel_Type;Horsepower;Consumption;CO2_Emission
Opel;Adam;1.2 Jam IntelliLink LED KLIMA TEMP SHZ;Alufelgen, Apple CarPlay, Multifunktionslenkrad, Sitzheizung, Tempomat, Bluetooth, Geschwindigkeits-begrenzungsanlage, USB;€ 3.999,-;nan;179.000 km;Schaltgetriebe;06/2016;Benzin;51 kW (69 PS);5,3 l/100 km;126 g/km
Volkswagen;Polo;V Style;Finanzierung auch ohne Anzahlung möglich;€ 4.499,-;Sehr guter Preis;148.623 km;Schaltgetriebe;06/2011;Benzin;63 kW (86 PS);5,8 l/100 km;139 g/km
Skoda;Octavia;Combi 1.6 TDI Ambition PDChi|Tempo|Klima;Fahrerairbag, Klimaanlage, Sitzheizung, ABS, Dachreling, Tempomat, Beifahrerairbag, Sommerreifen;€ 5.400,-;Sehr guter Preis;218.843 km;Automatik;11/2014;Diesel;77 kW (105 PS);nan;nan
Hyundai;i30;1.4;USB, Klimaanlage, Isofix, MP3, Elektr. Fensterheber, Nebelscheinwerfer, ESP, ABS;€ 3.999,-;Guter Preis;149.400 km;Schaltgetriebe;11/2011;Benzin;80 kW (109 PS);6,1 l/100 km;142 g/km
Volvo;XC70;D5 5 Zyl Momen AWD LEDER+MEMO+NAV+AHK+XEN+;Allrad, Sommerreifen, Fahrerairbag, Sprachsteuerung, Elektrische Sitze, Multifunktionslenkrad, Sitzheizung, Beifahrerairbag;€ 10.550,-;Sehr guter Preis;261.858 km;Schaltgetriebe;09/2012;Diesel;158 kW (215 PS);5,6 l/100 km;148 g/km
SEAT;Ibiza;SC Reference Salsa;Fahrerairbag, Klimaanlage, Beifahrerairbag, Pannenkit, Wegfahrsperre, Elektr. Fensterheber, ESP, Seitenairbag;€ 4.199,-;Sehr guter Preis;139.100 km;Schaltgetriebe;08/2013;Benzin;63 kW (86 PS);5,9 l/100 km;140 g/km
Volkswagen;Golf;VI 1.6 TDI Team XENON+SHZ+PARKASS+AHK+TEMP+;Einparkhilfe Sensoren hinten, Bi-Xenon Scheinwerfer, Alufelgen, Sportsitze, LED-Tagfahrlicht, 2-Zonen-Klimaautomatik, Fahrerairbag, Armlehne;€ 4.250,-;Guter Preis;259.183 km;Schaltgetriebe;06/2010;Diesel;77 kW (105 PS);4,5 l/100 km;119 g/km
Peugeot;2008;Allure Motor dreht nicht;Bluetooth, Alufelgen, ABS, Ambientebeleuchtung, Zentralverriegelung, Sportsitze, Tagfahrlicht, Getönte Scheiben;€ 2.400,-;nan;290.000 km;Schaltgetriebe;06/2014;Diesel;84 kW (114 PS);4,0 l/100 km;106 g/km
Nissan;Qashqai;2.0 16V AHK Pano Navi Kamera 2Hd.;Panoramadach, Anhängerkupplung, Elektr. Fensterheber, Radio, Bluetooth, Navigationssystem, MP3, Touchscreen;€ 5.950,-;Sehr guter Preis;155.000 km;Schaltgetriebe;02/2010;Benzin;104 kW (141 PS);nan;nan
Ford;Focus;Titanium 1,0 125PS BI-Xenon/Navi/Winterp.;E10-geeignet, Einparkhilfe selbstlenkendes System, 2-Zonen-Klimaautomatik, Spurhalteassistent, Einparkhilfe Sensoren hinten, USB, Dachreling, Sitzheizung;€ 7.710,-;Sehr guter Preis;118.000 km;Schaltgetriebe;03/2015;Benzin;92 kW (125 PS);nan;nan
Opel;Corsa;"D Edition ""111 Jahre"" 1.4 TÜV 06-25";Klimaanlage, Allwetterreifen, Radio, Beifahrerairbag, Isofix, Fahrerairbag, CD, Elektrische Seitenspiegel;€ 3.300,-;Sehr guter Preis;79.987 km;Schaltgetriebe;04/2010;Benzin;64 kW (87 PS);5,5 l/100 km;129 g/km
Fiat;500C;"Lounge HIFI-System""Interscope""*Sitzheiz*Einparkhil";Multifunktionslenkrad, Navigationssystem, Soundsystem, Klimaanlage, Wegfahrsperre, Einparkhilfe Sensoren hinten, Isofix, Fahrerairbag;€ 4.800,-;Sehr guter Preis;128.990 km;Schaltgetriebe;10/2010;Benzin;51 kW (69 PS);5,1 l/100 km;119 g/km
Opel;Astra;J Design Edition 1/2026 Tüv/Zahnriemen Neu;Anhängerkupplung, Beifahrerairbag, Einparkhilfe Sensoren hinten, Lichtsensor, Lederlenkrad, Innenspiegel automatisch abblendend, Sportfahrwerk, Sportsitze;€ 2.500,-;Sehr guter Preis;318.000 km;Schaltgetriebe;01/2012;Diesel;92 kW (125 PS);4,5 l/100 km;119 g/km
Peugeot;Expert;Kasten L2H2 Hoch|Lang|1.091 KG Nutzlast;Klimaanlage, Radio, Schiebetür rechts, Elektr. Fensterheber, Fahrerairbag, Einparkhilfe Sensoren hinten, Sommerreifen, Freisprecheinrichtung;€ 2.990,-;nan;208.000 km;Schaltgetriebe;03/2010;Diesel;88 kW (120 PS);7,6 l/100 km;200 g/km
Mercedes-Benz;C 220;Lim. Avantgarde Ad Blue defekt!;Schiebedach, Alufelgen, Navigationssystem, Ambientebeleuchtung, Bordcomputer, Freisprecheinrichtung, LED-Scheinwerfer, Anhängerkupplung;€ 12.490,-;Sehr guter Preis;205.000 km;Automatik;06/2014;Diesel;125 kW (170 PS);4,0 l/100 km;110 g/km
Mercedes-Benz;B 180;CDI Navi/ PDC/ NSW/ SHZ;Fahrerairbag, Beifahrerairbag, Alufelgen, Sitzheizung, Navigationssystem, Start/Stop-Automatik, Einparkhilfe Sensoren hinten, Wegfahrsperre;€ 8.750,-;nan;103.783 km;Automatik;08/2013;Diesel;80 kW (109 PS);4,6 l/100 km;122 g/km
Mercedes-Benz;B 180;*AUTOMATIK*NAVI*PDC*SZHZ*;Sitzheizung, Einparkhilfe Sensoren hinten, Traktionskontrolle, Radio, Xenonscheinwerfer, Navigationssystem, Alufelgen, Einparkhilfe Sensoren vorne;€ 5.999,-;Sehr guter Preis;175.602 km;Automatik;04/2011;Diesel;80 kW (109 PS);6,2 l/100 km;164 g/km
Mercedes-Benz;E 220;CDI w212 *CO²-126g*AVANTGARDE*LED*COMAND*LEDER*;LED-Scheinwerfer, Navigationssystem, Abstandstempomat, Einparkhilfe Sensoren hinten, Verkehrszeichenerkennung, Elektrische Sitze, Einparkhilfe Sensoren vorne, Alufelgen;€ 10.800,-;Guter Preis;253.600 km;Schaltgetriebe;02/2014;Diesel;125 kW (170 PS);5,1 l/100 km;126 g/km
Volkswagen;Polo;V Style;Finanzierung auch ohne Anzahlung möglich;€ 4.499,-;Sehr guter Preis;148.623 km;Schaltgetriebe;06/2011;Benzin;63 kW (86 PS);5,8 l/100 km;139 g/km
Toyota;Aygo;Cool *8-fach Bereift*KLIMA*CD-Player*;Klimaanlage, Fahrerairbag, Sommerreifen, Zentralverriegelung, Elektr. Fensterheber, Zentralverriegelung mit Funkfernbedienung, Beifahrerairbag, Katalysator;€ 2.790,-;Guter Preis;101.850 km;Schaltgetriebe;09/2010;Benzin;50 kW (68 PS);4,6 l/100 km;109 g/km
Opel;Corsa;1.2 Selection Klima 5türig ISA Mod. 2015;Klimaanlage, E10-geeignet, Pannenkit, Beifahrerairbag, Bluetooth, Seitenairbag, USB, Elektr. Fensterheber;€ 5.590,-;Sehr guter Preis;80.281 km;Schaltgetriebe;10/2014;Benzin;51 kW (69 PS);5,5 l/100 km;146 g/km
Ford;Focus;Lim. Titanium Euro5,Navi,Klimaaut.;Touchscreen, Klimaautomatik, Einparkhilfe Sensoren hinten, Getönte Scheiben, Einparkhilfe Sensoren vorne, Alufelgen, Klimaanlage, Tempomat;€ 4.900,-;Sehr guter Preis;239.661 km;Schaltgetriebe;03/2015;Diesel;85 kW (116 PS);4,2 l/100 km;111 g/km
Dacia;Sandero;II Laureate;Klimaanlage, Bluetooth, Touchscreen, Pannenkit, Bordcomputer, Isofix, Beifahrerairbag, Wegfahrsperre;€ 2.999,-;Sehr guter Preis;172.000 km;Schaltgetriebe;03/2013;Autogas (LPG);55 kW (75 PS);6,1 l/100 km;138 g/km
Opel;Antara;2.0 CDTI Automatik 4x4 / Xenon / TÜV NEU;Alufelgen, Anhängerkupplung, ESP, Sommerreifen, MP3, Einparkhilfe Sensoren vorne, Bordcomputer, Navigationssystem;€ 5.450,-;Sehr guter Preis;175.000 km;Automatik;10/2010;Diesel;110 kW (150 PS);8,6 l/100 km;238 g/km
Citroen;C4 Cactus;BlueHDi TÜV und HU neu bis Zahnriemen neu;Klimaautomatik, Fahrerairbag, Touchscreen, Zentralverriegelung mit Funkfernbedienung, Elektr. Fensterheber, Dachreling, Geschwindigkeits-begrenzungsanlage, Multifunktionslenkrad;€ 6.000,-;Guter Preis;175.250 km;Schaltgetriebe;08/2014;Diesel;73 kW (99 PS);3,1 l/100 km;82 g/km
Mercedes-Benz;A 180;AUTOMATIK LEDER PDC NAVI *TEXT LESEN*;Einparkhilfe Sensoren hinten, Sportpaket, Navigationssystem, Beifahrerairbag, Alufelgen, Ambientebeleuchtung, Einparkhilfe Sensoren vorne, Sitzheizung;€ 9.990,-;Sehr guter Preis;145.006 km;Automatik;07/2014;Benzin;90 kW (122 PS);5,5 l/100 km;130 g/km
Mercedes-Benz;E 250;d T-Modell/NAVI/LEDER/AHK/TEMPOMAT;Lederlenkrad, Freisprecheinrichtung, Anhängerkupplung, Soundsystem, Alufelgen, Sitzheizung, Luftfederung, Radio;€ 10.900,-;Sehr guter Preis;234.138 km;Automatik;04/2013;Diesel;150 kW (204 PS);5,1 l/100 km;135 g/km
Volkswagen;Touran;Life BMT *KAMERA*NAVI*PDC*SHZ*MFL*AHK*;Anhängerkupplung, Sitzheizung, Alufelgen, Start/Stop-Automatik, Navigationssystem, Einparkhilfe Sensoren vorne, 2-Zonen-Klimaautomatik, Geschwindigkeits-begrenzungsanlage;€ 8.999,-;Sehr guter Preis;175.451 km;Schaltgetriebe;02/2013;Diesel;103 kW (140 PS);4,8 l/100 km;125 g/km
Volkswagen;CC;*NAVI* Bi-Xenon*;Finanzierung auch ohne Anzahlung möglich;€ 8.199,-;Guter Preis;126.720 km;Schaltgetriebe;05/2012;Benzin;118 kW (160 PS);7,1 l/100 km;167 g/km
Mitsubishi;Outlander;ClearTec Invite 2.2D 2WD/7 SITZPLÄTZE;Radio, Traktionskontrolle, Bluetooth, Fahrerairbag, Multifunktionslenkrad, Bordcomputer, Freisprecheinrichtung, Start/Stop-Automatik;€ 7.999,-;Fairer Preis;176.000 km;Schaltgetriebe;12/2014;Diesel;110 kW (150 PS);4,8 l/100 km;127 g/km
Fiat;Scudo;12 L2H1 130 Multijet;Bluetooth, Alufelgen, Freisprecheinrichtung, USB, Beifahrerairbag, Zentralverriegelung mit Funkfernbedienung, MP3, Reserverad;€ 3.800,-;Sehr guter Preis;206.252 km;Schaltgetriebe;09/2014;Diesel;94 kW (128 PS);nan;nan
Volkswagen;up!;1.0  move Klima+Sitzheizung;Sitzheizung, Klimaautomatik, Raucherpaket, Pannenkit, Lederlenkrad, MP3, teilb. Rücksitzbank, Multifunktionslenkrad;€ 6.480,-;Sehr guter Preis;129.980 km;Schaltgetriebe;05/2017;Benzin;44 kW (60 PS);nan;nan
Mercedes-Benz;Vito;Kombi 116 CDI lang Klima 9 Sitze;Klimaanlage, Beifahrerairbag, Start/Stop-Automatik, Getönte Scheiben, Schiebetür rechts, Lederlenkrad, Tagfahrlicht, Multifunktionslenkrad;€ 8.990,-;Fairer Preis;330.000 km;Schaltgetriebe;07/2013;Diesel;120 kW (163 PS);7,4 l/100 km;196 g/km
BMW;120;120i Coupe;Sommerreifen, Fahrerairbag, Xenonscheinwerfer, Wegfahrsperre, Klimaanlage, Tagfahrlicht, Zentralverriegelung, Spoiler;€ 5.300,-;Fairer Preis;215.000 km;Schaltgetriebe;01/2010;Benzin;125 kW (170 PS);6,6 l/100 km;153 g/km
Mercedes-Benz;A 180;A 180 CDI / d BlueEfficiency (176.012);Start/Stop-Automatik, Tagfahrlicht, Sportsitze, Einparkhilfe selbstlenkendes System, Xenonscheinwerfer, Elektronische Parkbremse, Navigationssystem, Sitzheizung;€ 8.500,-;Guter Preis;213.000 km;Schaltgetriebe;10/2012;Diesel;80 kW (109 PS);3,8 l/100 km;101 g/km
Skoda;Octavia;Combi 1.6 TDI Ambition PDChi|Tempo|Klima;Fahrerairbag, Klimaanlage, Sitzheizung, ABS, Dachreling, Tempomat, Beifahrerairbag, Sommerreifen;€ 5.400,-;Sehr guter Preis;218.843 km;Automatik;11/2014;Diesel;77 kW (105 PS);nan;nan
Volkswagen;Tiguan;Cup Sport;Sportsitze, Einparkhilfe Sensoren vorne, Isofix, Einparkhilfe selbstlenkendes System, Start/Stop-Automatik, Lederlenkrad, Multifunktionslenkrad, Einparkhilfe Sensoren hinten;€ 7.499,-;Guter Preis;254.300 km;Schaltgetriebe;07/2014;Diesel;81 kW (110 PS);5,3 l/100 km;139 g/km
Kia;Sportage;2.0 CDRi Spirit 4WD Navi Leder P-Dach;Panoramadach, Seitenairbag, Allrad, Navigationssystem, Sitzheizung, Scheinwerferreinigung, Geschwindigkeits-begrenzungsanlage, Beifahrerairbag;€ 11.980,-;Sehr guter Preis;91.152 km;Automatik;08/2012;Diesel;135 kW (184 PS);7,2 l/100 km;189 g/km
Volkswagen;Golf;VI Variant 1.6 TDI Trendl., Klima, Sitzh.;Start/Stop-Automatik, Sommerreifen, Tagfahrlicht, Zentralverriegelung mit Funkfernbedienung, Getönte Scheiben, Armlehne, Sitzheizung, CD;€ 3.440,-;Guter Preis;248.000 km;Schaltgetriebe;02/2011;Diesel;77 kW (105 PS);4,2 l/100 km;109 g/km
Nissan;Juke;Visia Plus 1.6 Klima Radio Allwetter AHK;Über 400 Dacia Neuwagen im Bestand/3 Jahre Garantie;€ 5.490,-;Fairer Preis;185.000 km;Schaltgetriebe;09/2014;Benzin;69 kW (94 PS);6,0 l/100 km;138 g/km
Skoda;Octavia;Combi RS *NAVI*Bi-Xenon*PDC*;Finanzierung auch ohne Anzahlung möglich;€ 10.699,-;Sehr guter Preis;163.143 km;Automatik;09/2014;Diesel;135 kW (184 PS);4,8 l/100 km;126 g/km
Renault;ZOE;Zen 22 KW KLIMA NAVI TEMPOMAT;Inzahlungnahme und Finanzierung oder Leasing möglich; ;nan;nan;nan;nan;nan;nan;nan;nan
Skoda;Fabia;Family *Klima*AHK*8-Fach*12-M Garantie*;Elektr. Fensterheber, Alufelgen, Klimaanlage, Sommerreifen, ESP, Zentralverriegelung, Elektrische Seitenspiegel, Traktionskontrolle;€ 4.999,-;Sehr guter Preis;124.828 km;Schaltgetriebe;11/2012;Benzin;63 kW (86 PS);6,5 l/100 km;155 g/km
Kia;Sportage;1.6 GDI 2WD Attract;Pannenkit, Alufelgen, Wegfahrsperre, Klimaanlage, Servolenkung, Elektrische Seitenspiegel, Armlehne, Tagfahrlicht;€ 9.950,-;Sehr guter Preis;41.000 km;Schaltgetriebe;08/2013;Benzin;99 kW (135 PS);6,8 l/100 km;158 g/km
Renault;Twingo;1.2-1.Hand-Reifen NEU!TÜV 12/2025;Fahrerairbag, Allwetterreifen, Beifahrerairbag, Elektr. Fensterheber, Servolenkung, Zentralverriegelung, USB, Isofix;€ 2.490,-;Fairer Preis;141.315 km;Schaltgetriebe;08/2010;Benzin;43 kW (58 PS);5,5 l/100 km;130 g/km
Jaguar;XF;20d R-Sport Automatik EU6 Leder Navi Xenon Pano PD;Finanzierung ab 5,99%;€ 12.350,-;Fairer Preis;197.000 km;Automatik;10/2015;Diesel;132 kW (179 PS);nan;nan
Nissan;Qashqai;360° Navi SHZ Tempomat Pano;Tempomat, Beifahrerairbag, Panoramadach, Navigationssystem, Fahrerairbag, Sitzheizung, Armlehne, Innenspiegel automatisch abblendend;€ 7.999,-;Guter Preis;221.900 km;Schaltgetriebe;05/2015;Diesel;81 kW (110 PS);3,8 l/100 km;99 g/km
Toyota;Aygo;Cool - Klima 5 Türer;Klimaanlage, Elektr. Fensterheber, Radio, Seitenairbag, Gepäckraumabtrennung, teilb. Rücksitzbank, Fahrerairbag, Zentralverriegelung;€ 4.910,-;Guter Preis;95.117 km;Schaltgetriebe;06/2012;Benzin;50 kW (68 PS);nan;nan
Mercedes-Benz;Sprinter;313 CDI L2H1|AC|AHK|TÜV 8'2026|BREMSneu;Klimaanlage, Armlehne, USB, Elektrische Seitenspiegel, Radio, Anhängerkupplung, Zentralverriegelung;€ 7.800,-;Sehr guter Preis;393.331 km;Schaltgetriebe;06/2015;Diesel;95 kW (129 PS);8,0 l/100 km;212 g/km
Mercedes-Benz;GLK 220;CDI 4Matic 7G-Tronic/PDC/NAVI/AHK;Einparkhilfe selbstlenkendes System, Anhängerkupplung, Sportfahrwerk, Start/Stop-Automatik, CD, Navigationssystem, Traktionskontrolle, Elektrische Sitze;€ 16.890,-;Sehr guter Preis;109.000 km;Automatik;10/2012;Diesel;125 kW (170 PS);nan;nan
BMW;525;d Touring Aut.   Head-Up   Memory   PANO;Sportfahrwerk, Geschwindigkeits-begrenzungsanlage, Bordcomputer, Anhängerkupplung, Head-up display, Bi-Xenon Scheinwerfer, 2-Zonen-Klimaautomatik, Spoiler;€ 14.950,-;nan;93.990 km;Automatik;12/2010;Diesel;150 kW (204 PS);nan;162 g/km
Volkswagen;Passat Variant;2.0 TDI BlueMotion Technology Highline;Start/Stop-Automatik, Gepäckraumabtrennung, Lordosenstütze, Einparkhilfe Sensoren hinten, Bi-Xenon Scheinwerfer, Isofix, Alufelgen, Sitzheizung;€ 6.940,-;Sehr guter Preis;237.712 km;Schaltgetriebe;01/2012;Diesel;103 kW (140 PS);nan;nan
Skoda;Fabia;1.2TSI Combi Cool Edition+KLIMA+PDC+ISOFIX;Alufelgen, Klimaanlage, Pannenkit, teilb. Rücksitzbank, Elektrische Seitenspiegel, Katalysator, MP3, Touchscreen;€ 7.450,-;Sehr guter Preis;126.000 km;Schaltgetriebe;04/2016;Benzin;66 kW (90 PS);nan;nan
Hyundai;i30;1.4;USB, Klimaanlage, Isofix, MP3, Elektr. Fensterheber, Nebelscheinwerfer, ESP, ABS;€ 3.999,-;Guter Preis;149.400 km;Schaltgetriebe;11/2011;Benzin;80 kW (109 PS);6,1 l/100 km;142 g/km
Chevrolet;Captiva;2.4 LT 2WD,  7 Sitzer;Alufelgen, Sitzheizung, Sommerreifen, Radio, Fahrerairbag, Wegfahrsperre, Bluetooth, ESP;€ 5.850,-;Guter Preis;124.000 km;Schaltgetriebe;08/2012;Benzin;123 kW (167 PS);8,9 l/100 km;211 g/km
Mazda;CX-5;Sports-Line AWD *SHZ/NAVI/AHK/PDC*;Allrad, Bluetooth, Sitzheizung, Getönte Scheiben, Isofix, Sommerreifen, Anhängerkupplung, Einparkhilfe Sensoren vorne;€ 8.990,-;Guter Preis;160.000 km;Schaltgetriebe;01/2014;Diesel;129 kW (175 PS);5,2 l/100 km;138 g/km
Citroen;C4 Cactus;Feel;Einparkhilfe Kamera, Bordcomputer, Alufelgen, Regensensor, Sommerreifen, Sitzheizung, Einparkhilfe Sensoren hinten, Bluetooth;€ 5.790,-;Fairer Preis;161.465 km;Schaltgetriebe;11/2015;Benzin;81 kW (110 PS);4,7 l/100 km;107 g/km
Volkswagen;Tiguan;2.0 TDI Freestyle BMT;Standheizung, Alufelgen, Sommerreifen, Anhängerkupplung, Getönte Scheiben, Gepäckraumabtrennung, Einparkhilfe Kamera, Wegfahrsperre;€ 7.990,-;Guter Preis;213.467 km;Schaltgetriebe;06/2011;Diesel;103 kW (140 PS);5,3 l/100 km;139 g/km
Land Rover;Range Rover Evoque;2.2 Td4*Meridian*AHK*Tempomat;Allrad, Elektrische Sitze, Navigationssystem, Anhängerkupplung, Touchscreen, Beifahrerairbag, Allwetterreifen, Bi-Xenon Scheinwerfer;€ 11.950,-;Sehr guter Preis;187.386 km;Schaltgetriebe;04/2015;Diesel;110 kW (150 PS);5,7 l/100 km;151 g/km
Volkswagen;Tiguan;2.0 TDI DPF 4Motion BlueMotion Techn. DSG Sport;Elektrische Sitze, Panoramadach, Sprachsteuerung, Geschwindigkeits-begrenzungsanlage, Einparkhilfe Kamera, Tempomat, Navigationssystem, Bi-Xenon Scheinwerfer;€ 13.999,-;Sehr guter Preis;156.000 km;Automatik;11/2013;Diesel;130 kW (177 PS);5,9 l/100 km;154 g/km
BMW;X3;Baureihe X3 xDrive 20 d M-Sport-Paket Xenon;Einparkhilfe Sensoren vorne, Sportfahrwerk, Sommerreifen, Sportpaket, Navigationssystem, Allrad, Start/Stop-Automatik, Bi-Xenon Scheinwerfer;€ 9.990,-;Guter Preis;235.000 km;Schaltgetriebe;12/2012;Diesel;135 kW (184 PS);5,6 l/100 km;148 g/km
Volkswagen;Touran;Comfortline 1.4 TSI XENON+KLIMAAUTO SHZG;Bi-Xenon Scheinwerfer, Tagfahrlicht, Alufelgen, Touchscreen, Bluetooth, Getönte Scheiben, Sitzheizung, LED-Tagfahrlicht;€ 5.990,-;Fairer Preis;219.870 km;Schaltgetriebe;07/2011;Benzin;103 kW (140 PS);6,8 l/100 km;159 g/km
Renault;Kadjar;Bose Edition + TÜV + NEU +;Einparkhilfe Sensoren vorne, 2-Zonen-Klimaautomatik, Voll-LED Scheinwerfer, Einparkhilfe Kamera, Einparkhilfe selbstlenkendes System, Touchscreen, LED-Scheinwerfer, Isofix;€ 8.970,-;Guter Preis;153.103 km;Schaltgetriebe;11/2016;Benzin;96 kW (131 PS);nan;nan
Ford;Transit Custom;Kombi 300 L1 2.2 TDCi *2093;Beifahrerairbag, Start/Stop-Automatik, Schiebetür rechts, Radio, Notrad, Traktionskontrolle, Katalysator, Elektr. Fensterheber;€ 7.988,-;Sehr guter Preis;210.000 km;Schaltgetriebe;04/2014;Diesel;74 kW (101 PS);nan;nan
Mercedes-Benz;ML 350;CDI BT AMG Leder,Navi,Xenon,SH,SD,360° Kam;Finanzierung ab 6,29% / Sofortankauf & Inzahlungnahme;€ 22.500,-;Sehr guter Preis;144.440 km;Automatik;04/2013;Diesel;190 kW (258 PS);6,8 l/100 km;180 g/km
Nissan;Micra;Micra Visia First 1.2;Klimaanlage, Katalysator, ESP, Fahrerairbag, Wegfahrsperre, USB, CD, Kopfairbag;€ 5.990,-;Sehr guter Preis;57.700 km;Schaltgetriebe;04/2014;Benzin;59 kW (80 PS);nan;nan
Citroen;C4;VTi 120 Tendance;Bluetooth, Fahrerairbag, Alufelgen, Freisprecheinrichtung, USB, Geschwindigkeits-begrenzungsanlage, Servolenkung, Kurvenlicht;€ 4.990,-;Fairer Preis;122.000 km;Schaltgetriebe;03/2011;Benzin;88 kW (120 PS);6,2 l/100 km;143 g/km
Mercedes-Benz;B 180;CDI, 1.Hand, Navi, Klimaautom., Sitzheiz.;Berganfahrassistent, Lederlenkrad, Einparkhilfe Sensoren vorne, Getönte Scheiben, Einparkhilfe selbstlenkendes System, 2-Zonen-Klimaautomatik, Start/Stop-Automatik, Sommerreifen;€ 8.950,-;Sehr guter Preis;158.500 km;Schaltgetriebe;02/2015;Diesel;80 kW (109 PS);4,4 l/100 km;117 g/km
Volkswagen;T5 Transporter;T5 2.0 TDI Transporter 8 Sitzer HU neu;Isofix, Klimaanlage, Radio, Beifahrerairbag, Elektrische Seitenspiegel, Schiebetür rechts, Start/Stop-Automatik, Anhängerkupplung;€ 14.950,-;Erhöhter Preis;198.057 km;Schaltgetriebe;09/2011;Diesel;75 kW (102 PS);7,7 l/100 km;193 g/km
Audi;A6;Avant 3.0 TDI quattro ACC AHK LED STANDHZ.;Einparkhilfe Kamera, Sportsitze, LED-Scheinwerfer, Freisprecheinrichtung, Sportfahrwerk, Elektrische Seitenspiegel, Standheizung, Anhängerkupplung;€ 17.440,-;Guter Preis;198.000 km;Automatik;12/2015;Diesel;200 kW (272 PS);nan;nan
Mercedes-Benz;C 200;D w205 AVANTGARDE *Co²-106g *LEDER*NAVI*2.HAND;Sportsitze, Sportpaket, Alufelgen, Getönte Scheiben, Elektrische Sitze, Einparkhilfe Sensoren vorne, Lederlenkrad, Einparkhilfe Sensoren hinten;€ 15.000,-;Guter Preis;153.988 km;Schaltgetriebe;07/2015;Diesel;100 kW (136 PS);3,9 l/100 km;106 g/km
Volvo;XC70;D5 5 Zyl Momen AWD LEDER+MEMO+NAV+AHK+XEN+;Allrad, Sommerreifen, Fahrerairbag, Sprachsteuerung, Elektrische Sitze, Multifunktionslenkrad, Sitzheizung, Beifahrerairbag;€ 10.550,-;Sehr guter Preis;261.858 km;Schaltgetriebe;09/2012;Diesel;158 kW (215 PS);5,6 l/100 km;148 g/km
Mercedes-Benz;C 200;D w205 AVANTGARDE *Co²-106g *LEDER*NAVI*2.HAND;Sportsitze, Sportpaket, Alufelgen, Getönte Scheiben, Elektrische Sitze, Einparkhilfe Sensoren vorne, Lederlenkrad, Einparkhilfe Sensoren hinten;€ 15.000,-;Guter Preis;153.988 km;Schaltgetriebe;07/2015;Diesel;100 kW (136 PS);3,9 l/100 km;106 g/km
BMW;X1;20 d sDrive /SHZ /NAVI / TEMPOMAT /AUTOMATIK;Navigationssystem, Sportsitze, Klimaanlage, Einparkhilfe Sensoren hinten, Freisprecheinrichtung, Multifunktionslenkrad, Wegfahrsperre, Einparkhilfe Sensoren vorne;€ 9.990,-;Guter Preis;159.478 km;Automatik;05/2011;Diesel;130 kW (177 PS);5,9 l/100 km;155 g/km
Fiat;Panda;1.2 Young Klimaanlage Radio Allwetterreifen Euro 6;Klimaanlage, Radio, Elektr. Fensterheber, Kopfairbag, Bluetooth, Allwetterreifen, Isofix, E10-geeignet;€ 5.890,-;Guter Preis;92.400 km;Schaltgetriebe;11/2014;Benzin;51 kW (69 PS);nan;nan
Mercedes-Benz;C 220;C 220 T CDI BlueEfficiency (204.202);Berganfahrassistent, Elektrische Seitenspiegel, Navigationssystem, Start/Stop-Automatik, Alufelgen, Regensensor, Tagfahrlicht, Sitzheizung;€ 4.700,-;Guter Preis;300.000 km;Schaltgetriebe;04/2011;Diesel;125 kW (170 PS);6,1 l/100 km;161 g/km
Volkswagen;Golf;VII Lim. Highline *ACC*BI-XENON*NAVI*PDC*;Bi-Xenon Scheinwerfer, Start/Stop-Automatik, Sportsitze, Einparkhilfe Sensoren hinten, Alufelgen, 2-Zonen-Klimaautomatik, Einparkhilfe Sensoren vorne, Fahrerairbag;€ 9.899,-;Fairer Preis;180.244 km;Automatik;10/2013;Benzin;103 kW (140 PS);4,7 l/100 km;110 g/km
Hyundai;iX35;1.6 Comfort 2WD  AHK/Klima/SHZ;Anhängerkupplung, Sitzheizung, Dachreling, Armlehne, Traktionskontrolle, Wegfahrsperre, Multifunktionslenkrad, Bluetooth;€ 9.910,-;Sehr guter Preis;69.197 km;Schaltgetriebe;04/2014;Benzin;99 kW (135 PS);nan;nan
Renault;Megane;Play/ALLWETTER/AHK/SEHR SAUBER;Touchscreen, Anhängerkupplung, Beifahrerairbag, ABS, Armlehne, Reifendruckkontrollsystem, Elektrische Seitenspiegel, Tempomat;€ 7.000,-;Sehr guter Preis;104.000 km;Schaltgetriebe;04/2018;Benzin;74 kW (101 PS);5,4 l/100 km;120 g/km
Mercedes-Benz;Viano;2.2 CDI Trend, 7-Sitzer, Standh., Comand;Standheizung, Anhängerkupplung, Geschwindigkeits-begrenzungsanlage, Navigationssystem, Sommerreifen, Klimaanlage, Radio, Alufelgen;€ 14.950,-;Fairer Preis;219.500 km;Schaltgetriebe;06/2010;Diesel;110 kW (150 PS);8,7 l/100 km;231 g/km
Ford;Focus;Turnier 1.6 TDCI DPF;USB, Fahrerairbag, Standheizung, Klimaanlage, Wegfahrsperre, Zentralverriegelung, Elektr. Fensterheber, Start/Stop-Automatik;€ 2.600,-;Guter Preis;309.750 km;Schaltgetriebe;11/2012;Diesel;70 kW (95 PS);4,5 l/100 km;119 g/km
Mitsubishi;Colt;XTRA;Sonder-Angebot. Wir freuen uns auf Ihren Anruf. Danke;€ 2.950,-;Sehr guter Preis;82.000 km;Schaltgetriebe;10/2011;Benzin;55 kW (75 PS);nan;nan
Volkswagen;Polo;Team  Automatik;Sportsitze, Einparkhilfe Sensoren hinten, CD, Alufelgen, Sommerreifen, Isofix, Sitzheizung, Berganfahrassistent;€ 8.900,-;Fairer Preis;112.500 km;Automatik;12/2010;Benzin;77 kW (105 PS);nan;nan
Volkswagen;Caddy;Alltrack 4x4*Behindertengerecht am Lenkrad;Behindertengerecht, Allrad, Schiebetür links, Schiebetür rechts, Sitzheizung, Standheizung, Beifahrerairbag, Isofix;€ 14.900,-;nan;246.767 km;Automatik;02/2019;Diesel;110 kW (150 PS);5,6 l/100 km;148 g/km
Volkswagen;Golf;VI Cabriolet *PDC*AHK*BI-XENON*NAVI*;Navigationssystem, Standheizung, LED-Tagfahrlicht, Zentralverriegelung, Soundsystem, Einparkhilfe Sensoren vorne, Einparkhilfe Sensoren hinten, ESP;€ 6.599,-;Fairer Preis;202.673 km;Schaltgetriebe;01/2012;Benzin;90 kW (122 PS);6,4 l/100 km;149 g/km
SEAT;Leon;1.2 TSI SCHECKHEFT,2.HAND,TEMPOMAT,KLIMA;Fahrerairbag, Beifahrerairbag, LED-Tagfahrlicht, Alufelgen, Start/Stop-Automatik, Bluetooth, Reifendruckkontrollsystem, Touchscreen;€ 6.880,-;Guter Preis;129.000 km;Schaltgetriebe;03/2013;Benzin;77 kW (105 PS);4,9 l/100 km;116 g/km
Ford;Focus;Business  HU, Wartung,Reifen neu!;Tempomat, Pannenkit, Verkehrszeichenerkennung, Einparkhilfe Sensoren hinten, Sitzheizung, Navigationssystem, Seitenairbag, Klimaanlage;€ 6.600,-;Sehr guter Preis;122.006 km;Schaltgetriebe;06/2016;Benzin;74 kW (101 PS);4,6 l/100 km;109 g/km
Volkswagen;Polo;TSI Lounge;Sitzheizung, LED-Scheinwerfer, Alufelgen, 2-Zonen-Klimaautomatik, Einparkhilfe Sensoren hinten, Pannenkit, Bluetooth, Nebelscheinwerfer;€ 8.990,-;Sehr guter Preis;98.890 km;Schaltgetriebe;12/2015;Benzin;66 kW (90 PS);5,1 l/100 km;107 g/km
Mercedes-Benz;A 200;Avantgarde*Leder*Sport*Tempomat*SHZ*ALU*;Sportsitze, Sitzheizung, Sportfahrwerk, Sportpaket, Berganfahrassistent, Alufelgen, Armlehne, Radio;€ 6.850,-;Sehr guter Preis;138.966 km;Schaltgetriebe;08/2011;Benzin;100 kW (136 PS);6,7 l/100 km;161 g/km
SEAT;Ibiza;SC Reference Salsa;Fahrerairbag, Klimaanlage, Beifahrerairbag, Pannenkit, Wegfahrsperre, Elektr. Fensterheber, ESP, Seitenairbag;€ 4.199,-;Sehr guter Preis;139.100 km;Schaltgetriebe;08/2013;Benzin;63 kW (86 PS);5,9 l/100 km;140 g/km
Audi;A6;2.0 TDI*S-Line*STANDHZ/KAMERA/AHK/20Z/GARANTIE;Sportfahrwerk, Anhängerkupplung, Start/Stop-Automatik, Sportsitze, Standheizung, Scheinwerferreinigung, Navigationssystem, Sportpaket;€ 16.990,-;Sehr guter Preis;122.000 km;Schaltgetriebe;05/2012;Diesel;130 kW (177 PS);5,0 l/100 km;133 g/km
Volkswagen;Polo;1.2 TSI DSG Team SR+WR Klima CD Shz Tempomat;Sportsitze, Fahrerairbag, Alufelgen, Einparkhilfe Sensoren hinten, Pannenkit, Tagfahrlicht, CD, Gepäckraumabtrennung;€ 9.990,-;Fairer Preis;81.977 km;Automatik;12/2010;Benzin;77 kW (105 PS);5,3 l/100 km;124 g/km
SEAT;Ibiza;Style EcoTSI Tempomat Bluetooth Aux-In USB Tel.-Vo;Klimaautomatik, Multifunktionslenkrad, Katalysator, Seitenairbag, Tempomat, Reifendruckkontrollsystem, Nebelscheinwerfer, Pannenkit;€ 7.500,-;Sehr guter Preis;133.482 km;Schaltgetriebe;02/2017;Benzin;81 kW (110 PS);nan;nan
Opel;Adam;Turbo *HU NEU*;Bordcomputer, Alufelgen, Sportfahrwerk, Tempomat, Bluetooth, Touchscreen, Radio, Pannenkit;€ 6.799,-;Guter Preis;147.000 km;Schaltgetriebe;11/2014;Benzin;85 kW (116 PS);4,3 l/100 km;116 g/km
Chevrolet;Orlando;7 Sitzer ab 150€ Monatlich;Einparkhilfe Sensoren hinten, Elektr. Fensterheber, Alufelgen, Navigationssystem, Klimaautomatik, Bordcomputer, Elektrische Seitenspiegel, Zentralverriegelung mit Funkfernbedienung;€ 7.799,-;Guter Preis;110.500 km;Schaltgetriebe;04/2011;Benzin;104 kW (141 PS);7,3 l/100 km;173 g/km
Volkswagen;Touran;Comfortline Navi,SH,PDC,Standheizung;Finanzierung ab 6,29% / Sofortankauf & Inzahlungnahme;€ 11.300,-;Sehr guter Preis;188.220 km;Schaltgetriebe;11/2015;Diesel;110 kW (150 PS);4,5 l/100 km;118 g/km
Mazda;CX-5;Sports-Line AWD*Tempomat*RfK*LED;Fahrerairbag, Sportpaket, Einparkhilfe Kamera, Elektrische Sitze, LED-Scheinwerfer, Beifahrerairbag, Totwinkel-Assistent, Allrad;€ 10.590,-;Sehr guter Preis;178.632 km;Automatik;11/2015;Diesel;129 kW (175 PS);5,5 l/100 km;144 g/km
Mercedes-Benz;Sprinter;II 316 CDI Hoch+Lang*Klima*L2-H2*;12-64 Monate Garantie / Tüv & Inspektion= NEU !;€ 11.500,-;Sehr guter Preis;260.000 km;Schaltgetriebe;10/2014;Diesel;120 kW (163 PS);8,0 l/100 km;212 g/km
Honda;Jazz;1.4 Comfort ,Klimaautomatik;teilb. Rücksitzbank, Alufelgen, Fahrerairbag, Klimaautomatik, Elektr. Fensterheber, USB, Nebelscheinwerfer, Notbremsassistent;€ 5.800,-;Guter Preis;108.000 km;Schaltgetriebe;02/2011;Benzin;73 kW (99 PS);nan;nan
Mercedes-Benz;B 180;B180 AMG Sport Leder Sitzheizung PDC Bi-Xenon;Seit 1963 Ihr KFZ-Meisterbetrieb in Mainz Bretzenheim;€ 10.990,-;Sehr guter Preis;90.000 km;Schaltgetriebe;10/2013;Benzin;90 kW (122 PS);5,9 l/100 km;140 g/km
Nissan;Qashqai+2;1.6 dCi *1.HAND*7SITZ*NAVI*PANO*360°*;Navigationssystem, Panoramadach, Beifahrerairbag, Einparkhilfe Sensoren vorne, Sommerreifen, 2-Zonen-Klimaautomatik, Regensensor, Bluetooth;€ 9.990,-;Guter Preis;138.500 km;Schaltgetriebe;06/2012;Diesel;96 kW (131 PS);4,7 l/100 km;123 g/km
SEAT;Ibiza;5trg Style Klimaauto*Navi*PDC*Sitzhzg*Alu;Sitzheizung, E10-geeignet, Klimaanlage, Navigationssystem, Lederlenkrad, Bluetooth, Klimaautomatik, Wegfahrsperre;€ 7.490,-;Guter Preis;74.490 km;Schaltgetriebe;04/2014;Benzin;51 kW (69 PS);5,4 l/100 km;128 g/km
Mercedes-Benz;Sprinter;316 CDI Maxi Mixto*Garantie*AHK 3500Kg*;12-64 Monate Garantie / Tüv & Inspektion= NEU !;€ 14.990,-;Fairer Preis;189.000 km;Automatik;04/2010;Diesel;120 kW (163 PS);9,3 l/100 km;246 g/km
Volkswagen;Touran;Trendline kompl.umklap.Rücks.Bank/HU neu;Alufelgen, Klimaanlage, Isofix, Radio, Gepäckraumabtrennung, Lederlenkrad, Wegfahrsperre, Seitenairbag;€ 8.490,-;Guter Preis;114.923 km;Schaltgetriebe;11/2012;Benzin;77 kW (105 PS);6,4 l/100 km;149 g/km
Mercedes-Benz;C 250;C -Klasse Coupe C 250 CDI BlueEfficiency;Sportfahrwerk, Wegfahrsperre, Spurhalteassistent, Navigationssystem, Sportsitze, Freisprecheinrichtung, Multifunktionslenkrad, Soundsystem;€ 12.900,-;Guter Preis;214.000 km;Automatik;06/2014;Diesel;150 kW (204 PS);4,9 l/100 km;130 g/km
Peugeot;308;SW Business-Line*Automatik*KLA*HU*8Fachberei;Sitzheizung, Navigationssystem, Skisack, Panoramadach, Alufelgen, Wegfahrsperre, Sommerreifen, Getönte Scheiben;€ 5.990,-;Guter Preis;184.000 km;Automatik;03/2011;Diesel;120 kW (163 PS);6,7 l/100 km;178 g/km
Volkswagen;Amarok;Highline DoubleCab 4Motion Navi*Xenon*AHK;Einparkhilfe Kamera, Einparkhilfe Sensoren vorne, Bi-Xenon Scheinwerfer, Beifahrerairbag, Klimaautomatik, Bordcomputer, Sitzheizung, Winterpaket;€ 17.998,-;Guter Preis;287.200 km;Automatik;03/2018;Diesel;165 kW (224 PS);8,0 l/100 km;210 g/km
BMW;X5;xDrive 40 d Panoramadach;Start/Stop-Automatik, Schaltwippen, Panoramadach, Reifendruckkontrollsystem, Spurhalteassistent, Sprachsteuerung, Sommerreifen, Schlüssellose Zentralverriegelung;€ 24.400,-;Guter Preis;165.758 km;Halbautomatik;03/2014;Diesel;230 kW (313 PS);6,9 l/100 km;183 g/km
Volkswagen;Golf;VI 1.6 TDI Team XENON+SHZ+PARKASS+AHK+TEMP+;Einparkhilfe Sensoren hinten, Bi-Xenon Scheinwerfer, Alufelgen, Sportsitze, LED-Tagfahrlicht, 2-Zonen-Klimaautomatik, Fahrerairbag, Armlehne;€ 4.250,-;Guter Preis;259.183 km;Schaltgetriebe;06/2010;Diesel;77 kW (105 PS);4,5 l/100 km;119 g/km
BMW;X5;xDrive 40 d Panoramadach;Start/Stop-Automatik, Schaltwippen, Panoramadach, Reifendruckkontrollsystem, Spurhalteassistent, Sprachsteuerung, Sommerreifen, Schlüssellose Zentralverriegelung;€ 24.400,-;Guter Preis;165.758 km;Halbautomatik;03/2014;Diesel;230 kW (313 PS);6,9 l/100 km;183 g/km
Alfa Romeo;Giulia;2.2 JTDM Automatik Klima Navi Temp Kamera;Finanzierung OHNE Anzahlung möglich!;€ 13.890,-;Sehr guter Preis;174.400 km;Automatik;11/2016;Diesel;132 kW (179 PS);3,8 l/100 km;99 g/km
BMW;X5;xDrive30d   NAVI   Xenon   AHK   Kamera;Sportsitze, Anhängerkupplung, Einparkhilfe Kamera, Spoiler, Einparkhilfe Sensoren vorne, Spurhalteassistent, Elektrische Heckklappe, Ambientebeleuchtung;€ 21.500,-;Sehr guter Preis;179.450 km;Automatik;05/2015;Diesel;190 kW (258 PS);5,9 l/100 km;156 g/km
Mercedes-Benz;A 200;BlueEfficiency NAVI*SHZ*PANO;USB, Navigationssystem, Einparkhilfe Sensoren hinten, Panoramadach, Sportpaket, Sitzheizung, Einparkhilfe Kamera, Zentralverriegelung;€ 12.990,-;Sehr guter Preis;142.915 km;Automatik;06/2014;Benzin;115 kW (156 PS);5,5 l/100 km;130 g/km
Skoda;Octavia;1.6 TDI DSG Ambition NAVI/AHK*;Alufelgen, Bordcomputer, Touchscreen, Anhängerkupplung, Einparkhilfe Sensoren vorne, Sommerreifen, USB, Einparkhilfe Sensoren hinten;€ 8.990,-;Guter Preis;174.200 km;Automatik;12/2016;Diesel;81 kW (110 PS);nan;nan
Mercedes-Benz;CLA 200;*NAVI*TEMPOMAT*SZHZ*PDC*;Alufelgen, Getönte Scheiben, Navigationssystem, Multifunktionslenkrad, Soundsystem, Einparkhilfe Sensoren vorne, Lichtsensor, Sitzheizung;€ 13.799,-;Sehr guter Preis;145.161 km;Schaltgetriebe;10/2015;Diesel;100 kW (136 PS);4,3 l/100 km;111 g/km
Skoda;Octavia;Combi Ambition*Navigation*AHK*Tempomat;Bluetooth, Anhängerkupplung, Freisprecheinrichtung, Getönte Scheiben, Tempomat, Beifahrerairbag, Navigationssystem, ESP;€ 5.900,-;Sehr guter Preis;285.775 km;Automatik;07/2014;Diesel;110 kW (150 PS);4,5 l/100 km;119 g/km
Opel;Astra;1.4 Turbo Aut. Allwetter Pdc Navi Shz Lhz;Bi-Xenon Scheinwerfer, Einparkhilfe Sensoren vorne, Navigationssystem, Einparkhilfe Sensoren hinten, LED-Tagfahrlicht, 2-Zonen-Klimaautomatik, Sportfahrwerk, Xenonscheinwerfer;€ 10.990,-;Sehr guter Preis;51.293 km;Automatik;09/2012;Benzin;103 kW (140 PS);6,6 l/100 km;154 g/km
SEAT;Ibiza;*Navi*SitzHZ*Klima*Geplegt+Top*;Multifunktionslenkrad, Alufelgen, Klimaautomatik, Navigationssystem, Sitzheizung, Scheinwerferreinigung, E10-geeignet, Wegfahrsperre;€ 5.999,-;Fairer Preis;148.000 km;Schaltgetriebe;04/2013;Benzin;63 kW (86 PS);5,9 l/100 km;140 g/km
Dacia;Duster;Laureate 4x2;Klimaanlage, Alufelgen, Lederlenkrad, Isofix, Nebelscheinwerfer, Wegfahrsperre, Zentralverriegelung, Dachreling;€ 5.700,-;Fairer Preis;126.400 km;Schaltgetriebe;04/2010;Benzin;77 kW (105 PS);7,6 l/100 km;178 g/km
Hyundai;iX35;2.0 CRDi 4WD Style Aut.*SHZ*Kamera*Keyless*;Einparkhilfe Kamera, Berganfahrassistent, Fahrerairbag, Klimaanlage, Allrad, Bluetooth, Radio, Sitzheizung;€ 7.849,-;Fairer Preis;228.599 km;Automatik;12/2011;Diesel;135 kW (184 PS);nan;nan
Volkswagen;Golf;2.0TDI Highline SHZ Kamera Tempomat 1. Hand;Einparkhilfe Sensoren vorne, Einparkhilfe Kamera, Einparkhilfe Sensoren hinten, 2-Zonen-Klimaautomatik, Alufelgen, Sommerreifen, Sportsitze, Start/Stop-Automatik;€ 9.950,-;Fairer Preis;249.985 km;Automatik;09/2015;Diesel;110 kW (150 PS);4,5 l/100 km;119 g/km
Skoda;Yeti;Elegance 4x4 AHK Bi-Xenon Klimaaut Einparkhilfe Ku;Allrad, Sitzheizung, Anhängerkupplung, Xenonscheinwerfer, Navigationssystem, Alufelgen, Einparkhilfe Sensoren vorne, Bi-Xenon Scheinwerfer;€ 12.770,-;Sehr guter Preis;67.009 km;Schaltgetriebe;06/2013;Benzin;118 kW (160 PS);nan;nan
Audi;A3;2.0 TDI Sport-Sitze*XENON*NAVI*Sitzhzg*PDC*;Sportfahrwerk, Sportpaket, Freisprecheinrichtung, USB, Sitzheizung, LED-Tagfahrlicht, Müdigkeitswarnsystem, Sportsitze;Guter Preis;Guter Preis;178.000 km;Schaltgetriebe;01/2014;Diesel;110 kW (150 PS);4,1 l/100 km;109 g/km
Fiat;Scudo;Panorama Executive140 Multijet*1HAND*8SITZ;Schiebetür rechts, Luftfederung, Armlehne, Alufelgen, Beifahrerairbag, Bordcomputer, Klimaautomatik, Tempomat;€ 8.990,-;Guter Preis;208.000 km;Schaltgetriebe;12/2010;Diesel;100 kW (136 PS);7,6 l/100 km;201 g/km
MINI;Cooper Countryman;;Radio, Einparkhilfe Sensoren hinten, Start/Stop-Automatik, Sitzheizung, teilb. Rücksitzbank, Multifunktionslenkrad, Beifahrerairbag, Bluetooth;€ 7.999,-;Sehr guter Preis;115.514 km;Schaltgetriebe;06/2011;Benzin;90 kW (122 PS);nan;nan
Fiat;500;Lounge  CABRIO;Einparkhilfe Sensoren hinten, Alufelgen, Reifendruckkontrollsystem, Lederlenkrad, Elektrische Seitenspiegel, Nebelscheinwerfer, Schiebedach, Elektr. Fensterheber;€ 6.849,-;Guter Preis;112.500 km;Schaltgetriebe;10/2015;Benzin;51 kW (69 PS);4,9 l/100 km;115 g/km
Volkswagen;Touran;Comfortline 2.0 TDI DSG LED KAMERA ALU APS SITZHZG;LED-Scheinwerfer, Einparkhilfe Kamera, Einparkhilfe Sensoren vorne, Getönte Scheiben, Sitzheizung, Dachreling, Kurvenlicht, Alufelgen;€ 12.988,-;Sehr guter Preis;228.600 km;Automatik;08/2020;Diesel;110 kW (150 PS);5,6 l/100 km;1 g/km
Peugeot;2008;Allure Motor dreht nicht;Bluetooth, Alufelgen, ABS, Ambientebeleuchtung, Zentralverriegelung, Sportsitze, Tagfahrlicht, Getönte Scheiben;€ 2.400,-;nan;290.000 km;Schaltgetriebe;06/2014;Diesel;84 kW (114 PS);4,0 l/100 km;106 g/km
Volkswagen;Touran;Comfortline 2.0 TDI DSG LED KAMERA ALU APS SITZHZG;LED-Scheinwerfer, Einparkhilfe Kamera, Einparkhilfe Sensoren vorne, Getönte Scheiben, Sitzheizung, Dachreling, Kurvenlicht, Alufelgen;€ 12.988,-;Sehr guter Preis;228.600 km;Automatik;08/2020;Diesel;110 kW (150 PS);5,6 l/100 km;1 g/km
Volkswagen;Touran;2.0 TDI, 7 Sitze, Panorama-Schiebedach;Tempomat, Navigationssystem, Alufelgen, Schiebedach, Panoramadach, Allwetterreifen, Klimaautomatik, Radio;€ 12.780,-;Sehr guter Preis;131.626 km;Schaltgetriebe;12/2015;Diesel;103 kW (140 PS);nan;nan
BMW;116;i Lim *TOP ZUSTAND* 5TÜRIG/KLIMA/TÜV/GARANTIE;Sommerreifen, Seitenairbag, Getönte Scheiben, CD, ABS, Alufelgen, Scheinwerferreinigung, Nebelscheinwerfer;€ 7.290,-;Fairer Preis;117.700 km;Schaltgetriebe;05/2010;Benzin;90 kW (122 PS);6,1 l/100 km;143 g/km
BMW;320;d / BI-XENON / S-DACH / LEDER / HEAD UP;Navigationssystem, Schiebedach, Head-up display, Bi-Xenon Scheinwerfer, Multifunktionslenkrad, Einparkhilfe Sensoren hinten, Sitzheizung, Einparkhilfe Sensoren vorne;€ 16.490,-;Guter Preis;95.958 km;Automatik;02/2012;Diesel;135 kW (184 PS);4,5 l/100 km;119 g/km
Chevrolet;Captiva;2.2 LT+*NAVI*PDC*SHZ*LEDER*7-SITZER*4x4*;Viel Auto für Wenig Geld / wir sind immer für sie da;€ 9.990,-;Guter Preis;162.870 km;Automatik;04/2013;Diesel;135 kW (184 PS);6,6 l/100 km;175 g/km
Mercedes-Benz;Viano;2.2 CDI lang *AHK*CARPLAY*TEMP*PDC*KLIMA*;Schiebetür rechts, Beifahrerairbag, Getönte Scheiben, Sitzheizung, Alufelgen, Anhängerkupplung, Bluetooth, Isofix;€ 17.499,-;Sehr guter Preis;210.681 km;Automatik;03/2013;Diesel;120 kW (163 PS);7,4 l/100 km;196 g/km
Volkswagen;Tiguan;2.0 TDI Trend & Fun BMT / PDC / SHZ;Touchscreen, Start/Stop-Automatik, Sitzheizung, Einparkhilfe Sensoren vorne, Einparkhilfe Kamera, Fahrerairbag, Einparkhilfe Sensoren hinten, Alufelgen;€ 11.490,-;Guter Preis;162.522 km;Schaltgetriebe;01/2015;Diesel;81 kW (110 PS);5,3 l/100 km;139 g/km
Ford;Transit Custom;Kombi 300 L1 2.2 TDCi *1495;Beifahrerairbag, Start/Stop-Automatik, Schiebetür rechts, Fahrerairbag, Traktionskontrolle, Notrad, Zentralverriegelung mit Funkfernbedienung, Elektr. Fensterheber;€ 10.988,-;Sehr guter Preis;138.000 km;Schaltgetriebe;12/2014;Diesel;74 kW (101 PS);nan;nan
Renault;Kadjar;1.5 dCi 110 Bose Edition ENERGY;Sitzheizung, LED-Scheinwerfer, Beifahrerairbag, Isofix, Verkehrszeichenerkennung, Navigationssystem, Alufelgen, Geschwindigkeits-begrenzungsanlage;€ 10.990,-;Sehr guter Preis;150.000 km;Automatik;08/2016;Diesel;81 kW (110 PS);nan;nan
Ford;Transit Connect;Kasten Hoch+Lang Trend;12-64 Monate Garantie / Tüv & Inspektion= NEU !;€ 5.990,-;Guter Preis;165.000 km;Schaltgetriebe;06/2010;Diesel;81 kW (110 PS);6,0 l/100 km;159 g/km
Volkswagen;T5 Multivan;2.0 TDI Startline, 7-Sitzer, 2.Hand;Schiebetür rechts, Einparkhilfe Sensoren vorne, Klimaanlage, Sitzheizung, Seitenairbag, Lordosenstütze, Isofix, Innenspiegel automatisch abblendend;€ 12.450,-;Sehr guter Preis;330.000 km;Schaltgetriebe;12/2010;Diesel;103 kW (140 PS);7,7 l/100 km;203 g/km
Mercedes-Benz;B 180;2.0 CDI KAT Automatik Leder AHK;Anhängerkupplung, Einparkhilfe Sensoren hinten, ESP, Einparkhilfe selbstlenkendes System, Klimaanlage, Getönte Scheiben, Navigationssystem, Alufelgen;€ 8.999,-;Erhöhter Preis;140.100 km;Automatik;06/2010;Diesel;80 kW (109 PS);nan;nan
Dacia;Duster;I Prestige 1.6 LPG Klima Leder Navi PDC;Über 400 Dacia Neuwagen im Bestand/3 Jahre Garantie;€ 6.990,-;Fairer Preis;160.000 km;Schaltgetriebe;06/2014;Autogas (LPG);77 kW (105 PS);7,1 l/100 km;165 g/km
Mercedes-Benz;Vito;119 CDI Aut. 4MATIC lang-8Si.-Navi-Kamera-;Schiebetür rechts, Einparkhilfe Kamera, Allrad, Seitenairbag, Beifahrerairbag, Reifendruckkontrollsystem, Isofix, Getönte Scheiben;€ 22.900,-;Sehr guter Preis;199.900 km;Automatik;08/2016;Diesel;140 kW (190 PS);5,8 l/100 km;nan
Audi;A8;"4.2d Quatt TOP ZUSTD! PANO+MEMO+SOFT+BOSE+21""";Navigationssystem, Einparkhilfe Kamera, LED-Scheinwerfer, Alufelgen, Standheizung, Seitenairbag, Reifendruckkontrollsystem, Elektrische Heckklappe;€ 18.450,-;Fairer Preis;265.720 km;Automatik;04/2011;Diesel;258 kW (351 PS);nan;nan
Audi;Q7;3.0 TFSI QUATTRO NAVI+LED+AHK+R.KAMERA+LEDER;Sommerreifen, Sitzheizung, Kurvenlicht, Alufelgen, Allrad, Armlehne, Scheinwerferreinigung, Bluetooth;€ 17.998,-;Guter Preis;140.000 km;Automatik;06/2012;Benzin;200 kW (272 PS);10,7 l/100 km;254 g/km
Opel;Mokka X;1.6 CDTI Automatik Navi Color Innovation;Einparkhilfe Kamera, Sommerreifen, Einparkhilfe Sensoren vorne, Sitzheizung, LED-Scheinwerfer, Alufelgen, Kurvenlicht, Navigationssystem;€ 10.880,-;Sehr guter Preis;101.266 km;Automatik;06/2017;Diesel;100 kW (136 PS);nan;nan
Ford;Fiesta;1.25 Trend 5-Türer Klimaanlage CD-Radio;Klimaanlage, teilb. Rücksitzbank, Isofix, USB, Elektr. Fensterheber, Kopfairbag, Radio, Raucherpaket;€ 6.455,-;Guter Preis;75.800 km;Schaltgetriebe;03/2012;Benzin;60 kW (82 PS);nan;nan
Nissan;Qashqai;2.0 16V AHK Pano Navi Kamera 2Hd.;Panoramadach, Anhängerkupplung, Elektr. Fensterheber, Radio, Bluetooth, Navigationssystem, MP3, Touchscreen;€ 5.950,-;Sehr guter Preis;155.000 km;Schaltgetriebe;02/2010;Benzin;104 kW (141 PS);nan;nan
Mercedes-Benz;Vito;116 CDI lang 9. Sitzer Navi Klima Kamera;Schiebetür, Getönte Scheiben, Start/Stop-Automatik, Alufelgen, Beifahrerairbag, Raucherpaket, Elektrische Seitenspiegel, Allwetterreifen;€ 14.950,-;Fairer Preis;164.000 km;Schaltgetriebe;05/2012;Diesel;120 kW (163 PS);nan;nan
Dacia;Logan;Prestige MCV 1.5 dCi ~ Navi ~ MFL~ PDC~;Klimaanlage, Fahrerairbag, Dachreling, Allwetterreifen, Tempomat, Alufelgen, Elektr. Fensterheber, Navigationssystem;€ 7.999,-;Guter Preis;83.000 km;Schaltgetriebe;04/2016;Diesel;66 kW (90 PS);3,8 l/100 km;101 g/km
BMW;X1;18d sDrive Automatik Becherhalter TÜV NEU;Seit 1963 Ihr KFZ-Meisterbetrieb in Mainz Bretzenheim;€ 11.990,-;Erhöhter Preis;157.000 km;Automatik;06/2012;Diesel;105 kW (143 PS);5,9 l/100 km;155 g/km
Opel;Astra;GTC Edition;Sommerreifen, CD, teilb. Rücksitzbank, Alufelgen, Sportfahrwerk, Tempomat, Einparkhilfe Sensoren hinten, Kopfairbag;€ 6.590,-;Sehr guter Preis;148.900 km;Schaltgetriebe;05/2012;Benzin;103 kW (140 PS);5,9 l/100 km;140 g/km
Volkswagen;Tiguan;1.4 TSI BlueMotion Technology Trend & Fun;Alufelgen, Anhängerkupplung, Isofix, Gepäckraumabtrennung, Airbag hinten, Einparkhilfe Sensoren vorne, Armlehne, Wegfahrsperre;€ 9.960,-;Guter Preis;138.436 km;Schaltgetriebe;06/2015;Benzin;90 kW (122 PS);nan;nan
BMW;525;d xDrive Aut. Pano ACC Komfortzugang Memory;Allrad, Bordcomputer, Start/Stop-Automatik, Schiebedach, Navigationssystem, Elektrische Sitze, Multifunktionslenkrad, Sportsitze;€ 13.850,-;Sehr guter Preis;142.000 km;Automatik;09/2013;Diesel;160 kW (218 PS);5,4 l/100 km;143 g/km
Ford;C-Max;Sync Edition;Beifahrerairbag, Alufelgen, Fahrerairbag, Sitzheizung, Elektr. Fensterheber, Beheizbare Frontscheibe, ABS, Lordosenstütze;€ 7.850,-;Guter Preis;60.334 km;Schaltgetriebe;10/2014;Benzin;74 kW (101 PS);nan;nan
Skoda;Superb;2.0 TDI  Exclusive DSG ~LED~Bi-Xenon~Navi;Bi-Xenon Scheinwerfer, Start/Stop-Automatik, Navigationssystem, Anhängerkupplung, Bluetooth, Alufelgen, Getönte Scheiben, Einparkhilfe Sensoren hinten;€ 9.999,-;Fairer Preis;199.035 km;Automatik;11/2013;Diesel;103 kW (140 PS);4,6 l/100 km;122 g/km
Renault;Espace;V Intens Energy dCi 160*7Sitzer*AT Motor bei 90tkm;Schiebedach, Klimaanlage, Soundsystem, Voll-LED Scheinwerfer, Elektrische Heckklappe, Anhängerkupplung, Verkehrszeichenerkennung, 2-Zonen-Klimaautomatik;€ 12.950,-;Guter Preis;166.000 km;Automatik;11/2015;Diesel;118 kW (160 PS);4,7 l/100 km;123 g/km
Mercedes-Benz;E 220;CDI BE Elegance, Leder, Navi, GSHD, PDC;Bluetooth, Panoramadach, Einparkhilfe Sensoren hinten, Allwetterreifen, Einparkhilfe Sensoren vorne, Navigationssystem, Müdigkeitswarnsystem, Alufelgen;€ 15.900,-;Fairer Preis;94.000 km;Automatik;04/2010;Diesel;125 kW (170 PS);6,2 l/100 km;164 g/km
Peugeot;308;SW 1.5 Aut Activ NAV+SHZ+PDC+TEM+SERVICE NEU;Sitzheizung, Navigationssystem, Freisprecheinrichtung, 2-Zonen-Klimaautomatik, Getönte Scheiben, Beifahrerairbag, Apple CarPlay, Geschwindigkeits-begrenzungsanlage;€ 8.950,-;Guter Preis;143.898 km;Automatik;08/2019;Benzin;96 kW (131 PS);nan;nan
Audi;A6;35 TDI VIRTUAL/LEDER/SPORT;Sportpaket, LED-Scheinwerfer, Volldigitales Kombiinstrument, Einparkhilfe Kamera, Ambientebeleuchtung, Elektrische Heckklappe, Elektrische Sitze, Alufelgen;€ 23.500,-;Sehr guter Preis;151.700 km;Automatik;03/2020;Diesel;120 kW (163 PS);4,3 l/100 km;112 g/km
Peugeot;5008;Allure 1.6 Blue-HDI Navi Panorama 7-Sitzer;Über 400 Dacia Neuwagen im Bestand/3 Jahre Garantie;€ 9.990,-;Fairer Preis;165.000 km;Automatik;11/2016;Diesel;88 kW (120 PS);4,4 l/100 km;114 g/km
Mercedes-Benz;CLS 350;CDI 4Matic /NAVI/LED/AIRMATIC/CAM/GARANT;GARANTIE • FINANZIERUNG • LIEFERUNG • ZULASSUNG;€ 21.990,-;nan;110.000 km;Automatik;06/2012;Diesel;195 kW (265 PS);6,9 l/100 km;183 g/km
Volkswagen;Touareg;"3.0 TDI R-Line +STANDHEIZ+AHK+LUFT+20""++";Papke Automobile in Werneck. Das etwas andere Autohaus.;€ 16.895,-;Fairer Preis;208.500 km;Automatik;06/2012;Diesel;180 kW (245 PS);nan;189 g/km
Mercedes-Benz;GLK 350;CDI 4-Matic**1.Hd**AMG Sportpaket AHK;Beifahrerairbag, Lederlenkrad, Anhängerkupplung, Elektrische Heckklappe, Soundsystem, Traktionskontrolle, CD, Pannenkit;€ 17.990,-;Guter Preis;128.197 km;Automatik;08/2010;Diesel;170 kW (231 PS);8,4 l/100 km;220 g/km
Mitsubishi;ASX;1.6 Klassik Kollekt GEPFLEGT+SHZ+KAM+AHK+TEM;Touchscreen, Radio, Sitzheizung, Anhängerkupplung, Navigationssystem, Isofix, Alufelgen, Beifahrerairbag;€ 7.250,-;Fairer Preis;213.160 km;Schaltgetriebe;05/2015;Benzin;86 kW (117 PS);5,8 l/100 km;137 g/km
Audi;Q7;3.0 TDI quattro *7SITZER*2.HAND*BI-XENON*AHK*;Soundsystem, Bluetooth, Sitzheizung, Getönte Scheiben, Sportsitze, Schaltwippen, Lederlenkrad, Anhängerkupplung;€ 24.399,-;Fairer Preis;280.671 km;Automatik;03/2017;Diesel;200 kW (272 PS);6,2 l/100 km;163 g/km
Opel;Adam;1.2 Jam IntelliLink LED KLIMA TEMP SHZ;Alufelgen, Apple CarPlay, Multifunktionslenkrad, Sitzheizung, Tempomat, Bluetooth, Geschwindigkeits-begrenzungsanlage, USB;€ 3.999,-;nan;179.000 km;Schaltgetriebe;06/2016;Benzin;51 kW (69 PS);5,3 l/100 km;126 g/km
Volkswagen;Polo;V Style;Finanzierung auch ohne Anzahlung möglich;€ 4.499,-;Sehr guter Preis;148.623 km;Schaltgetriebe;06/2011;Benzin;63 kW (86 PS);5,8 l/100 km;139 g/km
Skoda;Octavia;Combi 1.6 TDI Ambition PDChi|Tempo|Klima;Fahrerairbag, Klimaanlage, Sitzheizung, ABS, Dachreling, Tempomat, Beifahrerairbag, Sommerreifen;€ 5.400,-;Sehr guter Preis;218.843 km;Automatik;11/2014;Diesel;77 kW (105 PS);nan;nan
Hyundai;i30;1.4;USB, Klimaanlage, Isofix, MP3, Elektr. Fensterheber, Nebelscheinwerfer, ESP, ABS;€ 3.999,-;Guter Preis;149.400 km;Schaltgetriebe;11/2011;Benzin;80 kW (109 PS);6,1 l/100 km;142 g/km
Volvo;XC70;D5 5 Zyl Momen AWD LEDER+MEMO+NAV+AHK+XEN+;Allrad, Sommerreifen, Fahrerairbag, Sprachsteuerung, Elektrische Sitze, Multifunktionslenkrad, Sitzheizung, Beifahrerairbag;€ 10.550,-;Sehr guter Preis;261.858 km;Schaltgetriebe;09/2012;Diesel;158 kW (215 PS);5,6 l/100 km;148 g/km
Mercedes-Benz;C 220;Lim. Avantgarde Ad Blue defekt!;Schiebedach, Alufelgen, Navigationssystem, Ambientebeleuchtung, Bordcomputer, Freisprecheinrichtung, LED-Scheinwerfer, Anhängerkupplung;€ 12.490,-;Sehr guter Preis;205.000 km;Automatik;06/2014;Diesel;125 kW (170 PS);4,0 l/100 km;110 g/km
Ford;Focus;Titanium 1,0 125PS BI-Xenon/Navi/Winterp.;E10-geeignet, Einparkhilfe selbstlenkendes System, 2-Zonen-Klimaautomatik, Spurhalteassistent, Einparkhilfe Sensoren hinten, USB, Dachreling, Sitzheizung;€ 7.710,-;Sehr guter Preis;118.000 km;Schaltgetriebe;03/2015;Benzin;92 kW (125 PS);nan;nan
Peugeot;2008;Allure Motor dreht nicht;Bluetooth, Alufelgen, ABS, Ambientebeleuchtung, Zentralverriegelung, Sportsitze, Tagfahrlicht, Getönte Scheiben;€ 2.400,-;nan;290.000 km;Schaltgetriebe;06/2014;Diesel;84 kW (114 PS);4,0 l/100 km;106 g/km
Mercedes-Benz;B 180;CDI Navi/ PDC/ NSW/ SHZ;Fahrerairbag, Beifahrerairbag, Alufelgen, Sitzheizung, Navigationssystem, Start/Stop-Automatik, Einparkhilfe Sensoren hinten, Wegfahrsperre;€ 8.750,-;nan;103.783 km;Automatik;08/2013;Diesel;80 kW (109 PS);4,6 l/100 km;122 g/km
MINI;Cooper;+nur an Händler/Export+;Fahrerairbag, Radio, Nebelscheinwerfer, Lederlenkrad, Beifahrerairbag, Elektrische Sitze, Klimaanlage, Pannenkit;€ 4.500,-;Sehr guter Preis;126.792 km;Schaltgetriebe;01/2012;Benzin;90 kW (122 PS);nan;nan
Mercedes-Benz;A 180;AUTOMATIK LEDER PDC NAVI *TEXT LESEN*;Einparkhilfe Sensoren hinten, Sportpaket, Navigationssystem, Beifahrerairbag, Alufelgen, Ambientebeleuchtung, Einparkhilfe Sensoren vorne, Sitzheizung;€ 9.990,-;Sehr guter Preis;145.006 km;Automatik;07/2014;Benzin;90 kW (122 PS);5,5 l/100 km;130 g/km
Mercedes-Benz;E 220;CDI w212 *CO²-126g*AVANTGARDE*LED*COMAND*LEDER*;LED-Scheinwerfer, Navigationssystem, Abstandstempomat, Einparkhilfe Sensoren hinten, Verkehrszeichenerkennung, Elektrische Sitze, Einparkhilfe Sensoren vorne, Alufelgen;€ 10.800,-;Guter Preis;253.600 km;Schaltgetriebe;02/2014;Diesel;125 kW (170 PS);5,1 l/100 km;126 g/km
Opel;Astra;J Design Edition 1/2026 Tüv/Zahnriemen Neu;Anhängerkupplung, Beifahrerairbag, Einparkhilfe Sensoren hinten, Lichtsensor, Lederlenkrad, Innenspiegel automatisch abblendend, Sportfahrwerk, Sportsitze;€ 2.500,-;Sehr guter Preis;318.000 km;Schaltgetriebe;01/2012;Diesel;92 kW (125 PS);4,5 l/100 km;119 g/km
Opel;Corsa;1.2 Selection Klima 5türig ISA Mod. 2015;Klimaanlage, E10-geeignet, Pannenkit, Beifahrerairbag, Bluetooth, Seitenairbag, USB, Elektr. Fensterheber;€ 5.590,-;Sehr guter Preis;80.281 km;Schaltgetriebe;10/2014;Benzin;51 kW (69 PS);5,5 l/100 km;146 g/km
Mercedes-Benz;B 180;*AUTOMATIK*NAVI*PDC*SZHZ*;Sitzheizung, Einparkhilfe Sensoren hinten, Traktionskontrolle, Radio, Xenonscheinwerfer, Navigationssystem, Alufelgen, Einparkhilfe Sensoren vorne;€ 5.999,-;Sehr guter Preis;175.602 km;Automatik;04/2011;Diesel;80 kW (109 PS);6,2 l/100 km;164 g/km
Mercedes-Benz;E 250;d T-Modell/NAVI/LEDER/AHK/TEMPOMAT;Lederlenkrad, Freisprecheinrichtung, Anhängerkupplung, Soundsystem, Alufelgen, Sitzheizung, Luftfederung, Radio;€ 10.900,-;Sehr guter Preis;234.138 km;Automatik;04/2013;Diesel;150 kW (204 PS);5,1 l/100 km;135 g/km
Ford;Focus;Lim. Titanium Euro5,Navi,Klimaaut.;Touchscreen, Klimaautomatik, Einparkhilfe Sensoren hinten, Getönte Scheiben, Einparkhilfe Sensoren vorne, Alufelgen, Klimaanlage, Tempomat;€ 4.900,-;Sehr guter Preis;239.661 km;Schaltgetriebe;03/2015;Diesel;85 kW (116 PS);4,2 l/100 km;111 g/km
Citroen;C4 Cactus;BlueHDi TÜV und HU neu bis Zahnriemen neu;Klimaautomatik, Fahrerairbag, Touchscreen, Zentralverriegelung mit Funkfernbedienung, Elektr. Fensterheber, Dachreling, Geschwindigkeits-begrenzungsanlage, Multifunktionslenkrad;€ 6.000,-;Guter Preis;175.250 km;Schaltgetriebe;08/2014;Diesel;73 kW (99 PS);3,1 l/100 km;82 g/km
Volkswagen;Polo;V Style;Finanzierung auch ohne Anzahlung möglich;€ 4.499,-;Sehr guter Preis;148.623 km;Schaltgetriebe;06/2011;Benzin;63 kW (86 PS);5,8 l/100 km;139 g/km
Nissan;X-Trail;2.0d 4X4 /NAVI/XENON/AHK/LEDER/PANO;GARANTIE • FINANZIERUNG • LIEFERUNG • ZULASSUNG;€ 7.990,-;nan;241.000 km;Schaltgetriebe;08/2012;Diesel;127 kW (173 PS);6,4 l/100 km;170 g/km
Mitsubishi;Outlander;ClearTec Invite 2.2D 2WD/7 SITZPLÄTZE;Radio, Traktionskontrolle, Bluetooth, Fahrerairbag, Multifunktionslenkrad, Bordcomputer, Freisprecheinrichtung, Start/Stop-Automatik;€ 7.999,-;Fairer Preis;176.000 km;Schaltgetriebe;12/2014;Diesel;110 kW (150 PS);4,8 l/100 km;127 g/km
Kia;Sportage;1.6 GDI 2WD Attract;Pannenkit, Alufelgen, Wegfahrsperre, Klimaanlage, Servolenkung, Elektrische Seitenspiegel, Armlehne, Tagfahrlicht;€ 9.950,-;Sehr guter Preis;41.000 km;Schaltgetriebe;08/2013;Benzin;99 kW (135 PS);6,8 l/100 km;158 g/km
Volkswagen;Touran;Life BMT *KAMERA*NAVI*PDC*SHZ*MFL*AHK*;Anhängerkupplung, Sitzheizung, Alufelgen, Start/Stop-Automatik, Navigationssystem, Einparkhilfe Sensoren vorne, 2-Zonen-Klimaautomatik, Geschwindigkeits-begrenzungsanlage;€ 8.999,-;Sehr guter Preis;175.451 km;Schaltgetriebe;02/2013;Diesel;103 kW (140 PS);4,8 l/100 km;125 g/km
Renault;ZOE;Zen 22 KW KLIMA NAVI TEMPOMAT;Inzahlungnahme und Finanzierung oder Leasing möglich; ;nan;nan;nan;nan;nan;nan;nan;nan
Dacia;Sandero;II Laureate;Klimaanlage, Bluetooth, Touchscreen, Pannenkit, Bordcomputer, Isofix, Beifahrerairbag, Wegfahrsperre;€ 2.999,-;Sehr guter Preis;172.000 km;Schaltgetriebe;03/2013;Autogas (LPG);55 kW (75 PS);6,1 l/100 km;138 g/km
Volkswagen;CC;*NAVI* Bi-Xenon*;Finanzierung auch ohne Anzahlung möglich;€ 8.199,-;Guter Preis;126.720 km;Schaltgetriebe;05/2012;Benzin;118 kW (160 PS);7,1 l/100 km;167 g/km
Mercedes-Benz;A 180;A 180 CDI / d BlueEfficiency (176.012);Start/Stop-Automatik, Tagfahrlicht, Sportsitze, Einparkhilfe selbstlenkendes System, Xenonscheinwerfer, Elektronische Parkbremse, Navigationssystem, Sitzheizung;€ 8.500,-;Guter Preis;213.000 km;Schaltgetriebe;10/2012;Diesel;80 kW (109 PS);3,8 l/100 km;101 g/km
Kia;Sportage;2.0 CDRi Spirit 4WD Navi Leder P-Dach;Panoramadach, Seitenairbag, Allrad, Navigationssystem, Sitzheizung, Scheinwerferreinigung, Geschwindigkeits-begrenzungsanlage, Beifahrerairbag;€ 11.980,-;Sehr guter Preis;91.152 km;Automatik;08/2012;Diesel;135 kW (184 PS);7,2 l/100 km;189 g/km
Volkswagen;up!;1.0  move Klima+Sitzheizung;Sitzheizung, Klimaautomatik, Raucherpaket, Pannenkit, Lederlenkrad, MP3, teilb. Rücksitzbank, Multifunktionslenkrad;€ 6.480,-;Sehr guter Preis;129.980 km;Schaltgetriebe;05/2017;Benzin;44 kW (60 PS);nan;nan
Volkswagen;Tiguan;2.0 TDI DPF 4Motion BlueMotion Techn. DSG Sport;Elektrische Sitze, Panoramadach, Sprachsteuerung, Geschwindigkeits-begrenzungsanlage, Einparkhilfe Kamera, Tempomat, Navigationssystem, Bi-Xenon Scheinwerfer;€ 13.999,-;Sehr guter Preis;156.000 km;Automatik;11/2013;Diesel;130 kW (177 PS);5,9 l/100 km;154 g/km
Fiat;Scudo;12 L2H1 130 Multijet;Bluetooth, Alufelgen, Freisprecheinrichtung, USB, Beifahrerairbag, Zentralverriegelung mit Funkfernbedienung, MP3, Reserverad;€ 3.800,-;Sehr guter Preis;206.252 km;Schaltgetriebe;09/2014;Diesel;94 kW (128 PS);nan;nan
Mercedes-Benz;Vito;Kombi 116 CDI lang Klima 9 Sitze;Klimaanlage, Beifahrerairbag, Start/Stop-Automatik, Getönte Scheiben, Schiebetür rechts, Lederlenkrad, Tagfahrlicht, Multifunktionslenkrad;€ 8.990,-;Fairer Preis;330.000 km;Schaltgetriebe;07/2013;Diesel;120 kW (163 PS);7,4 l/100 km;196 g/km
Skoda;Fabia;1.2TSI Combi Cool Edition+KLIMA+PDC+ISOFIX;Alufelgen, Klimaanlage, Pannenkit, teilb. Rücksitzbank, Elektrische Seitenspiegel, Katalysator, MP3, Touchscreen;€ 7.450,-;Sehr guter Preis;126.000 km;Schaltgetriebe;04/2016;Benzin;66 kW (90 PS);nan;nan
Skoda;Octavia;Combi RS *NAVI*Bi-Xenon*PDC*;Finanzierung auch ohne Anzahlung möglich;€ 10.699,-;Sehr guter Preis;163.143 km;Automatik;09/2014;Diesel;135 kW (184 PS);4,8 l/100 km;126 g/km
BMW;X3;Baureihe X3 xDrive 20 d M-Sport-Paket Xenon;Einparkhilfe Sensoren vorne, Sportfahrwerk, Sommerreifen, Sportpaket, Navigationssystem, Allrad, Start/Stop-Automatik, Bi-Xenon Scheinwerfer;€ 9.990,-;Guter Preis;235.000 km;Schaltgetriebe;12/2012;Diesel;135 kW (184 PS);5,6 l/100 km;148 g/km
Citroen;C4 Cactus;Feel;Einparkhilfe Kamera, Bordcomputer, Alufelgen, Regensensor, Sommerreifen, Sitzheizung, Einparkhilfe Sensoren hinten, Bluetooth;€ 5.790,-;Fairer Preis;161.465 km;Schaltgetriebe;11/2015;Benzin;81 kW (110 PS);4,7 l/100 km;107 g/km
Skoda;Octavia;Combi 1.6 TDI Ambition PDChi|Tempo|Klima;Fahrerairbag, Klimaanlage, Sitzheizung, ABS, Dachreling, Tempomat, Beifahrerairbag, Sommerreifen;€ 5.400,-;Sehr guter Preis;218.843 km;Automatik;11/2014;Diesel;77 kW (105 PS);nan;nan
BMW;X3;xDrive 20 d 20d Navi Leder Bi-Xenon ACC El. Heckkl;LED-Tagfahrlicht, Gepäckraumabtrennung, Xenonscheinwerfer, Tagfahrlicht, Innenspiegel automatisch abblendend, Allrad, Klimaanlage, Alufelgen;€ 15.990,-;Guter Preis;80.000 km;Schaltgetriebe;04/2012;Diesel;135 kW (184 PS);6,5 l/100 km;235 g/km
Mercedes-Benz;GLK 220;CDI 4Matic 7G-Tronic/PDC/NAVI/AHK;Einparkhilfe selbstlenkendes System, Anhängerkupplung, Sportfahrwerk, Start/Stop-Automatik, CD, Navigationssystem, Traktionskontrolle, Elektrische Sitze;€ 16.890,-;Sehr guter Preis;109.000 km;Automatik;10/2012;Diesel;125 kW (170 PS);nan;nan
Mercedes-Benz;Sprinter;313 CDI L2H1|AC|AHK|TÜV 8'2026|BREMSneu;Klimaanlage, Armlehne, USB, Elektrische Seitenspiegel, Radio, Anhängerkupplung, Zentralverriegelung;€ 7.800,-;Sehr guter Preis;393.331 km;Schaltgetriebe;06/2015;Diesel;95 kW (129 PS);8,0 l/100 km;212 g/km
Volkswagen;Golf;VI Variant 1.6 TDI Trendl., Klima, Sitzh.;Start/Stop-Automatik, Sommerreifen, Tagfahrlicht, Zentralverriegelung mit Funkfernbedienung, Getönte Scheiben, Armlehne, Sitzheizung, CD;€ 3.440,-;Guter Preis;248.000 km;Schaltgetriebe;02/2011;Diesel;77 kW (105 PS);4,2 l/100 km;109 g/km
BMW;320;i Lim. *BI-XENON*NAVI*PDC*TEMPOMAT*VOLLEDER*;Getönte Scheiben, Einparkhilfe Sensoren vorne, Reifendruckkontrollsystem, Bi-Xenon Scheinwerfer, Navigationssystem, Tagfahrlicht, Sitzheizung, Gepäckraumabtrennung;€ 11.999,-;Sehr guter Preis;142.750 km;Schaltgetriebe;06/2014;Benzin;135 kW (184 PS);6,3 l/100 km;149 g/km
Nissan;Juke;Visia Plus 1.6 Klima Radio Allwetter AHK;Über 400 Dacia Neuwagen im Bestand/3 Jahre Garantie;€ 5.490,-;Fairer Preis;185.000 km;Schaltgetriebe;09/2014;Benzin;69 kW (94 PS);6,0 l/100 km;138 g/km
Ford;Transit Custom;Kombi 300 L1 2.2 TDCi *2093;Beifahrerairbag, Start/Stop-Automatik, Schiebetür rechts, Radio, Notrad, Traktionskontrolle, Katalysator, Elektr. Fensterheber;€ 7.988,-;Sehr guter Preis;210.000 km;Schaltgetriebe;04/2014;Diesel;74 kW (101 PS);nan;nan
Nissan;Qashqai;360° Navi SHZ Tempomat Pano;Tempomat, Beifahrerairbag, Panoramadach, Navigationssystem, Fahrerairbag, Sitzheizung, Armlehne, Innenspiegel automatisch abblendend;€ 7.999,-;Guter Preis;221.900 km;Schaltgetriebe;05/2015;Diesel;81 kW (110 PS);3,8 l/100 km;99 g/km
Volkswagen;Polo;V Comfortline;Finanzierung auch ohne Anzahlung möglich;€ 6.450,-;Guter Preis;91.785 km;Schaltgetriebe;10/2011;Benzin;51 kW (69 PS);5,5 l/100 km;128 g/km
Hyundai;iX35;1.6 Comfort 2WD  AHK/Klima/SHZ;Anhängerkupplung, Sitzheizung, Dachreling, Armlehne, Traktionskontrolle, Wegfahrsperre, Multifunktionslenkrad, Bluetooth;€ 9.910,-;Sehr guter Preis;69.197 km;Schaltgetriebe;04/2014;Benzin;99 kW (135 PS);nan;nan
Audi;A6;Avant 3.0 TDI quattro ACC AHK LED STANDHZ.;Einparkhilfe Kamera, Sportsitze, LED-Scheinwerfer, Freisprecheinrichtung, Sportfahrwerk, Elektrische Seitenspiegel, Standheizung, Anhängerkupplung;€ 17.440,-;Guter Preis;198.000 km;Automatik;12/2015;Diesel;200 kW (272 PS);nan;nan
Volkswagen;CC;Basis BMT 4Motion Automatik  TÜV/HU/NEU;Allrad, Navigationssystem, Regensensor, Sportsitze, Sportpaket, Ambientebeleuchtung, Elektr. Fensterheber, Einparkhilfe Kamera;€ 11.300,-;Sehr guter Preis;211.521 km;Automatik;04/2014;Diesel;130 kW (177 PS);5,2 l/100 km;149 g/km
Chevrolet;Captiva;2.4 LT 2WD,  7 Sitzer;Alufelgen, Sitzheizung, Sommerreifen, Radio, Fahrerairbag, Wegfahrsperre, Bluetooth, ESP;€ 5.850,-;Guter Preis;124.000 km;Schaltgetriebe;08/2012;Benzin;123 kW (167 PS);8,9 l/100 km;211 g/km
Skoda;Fabia;Family *Klima*AHK*8-Fach*12-M Garantie*;Elektr. Fensterheber, Alufelgen, Klimaanlage, Sommerreifen, ESP, Zentralverriegelung, Elektrische Seitenspiegel, Traktionskontrolle;€ 4.999,-;Sehr guter Preis;124.828 km;Schaltgetriebe;11/2012;Benzin;63 kW (86 PS);6,5 l/100 km;155 g/km
Mercedes-Benz;ML 350;CDI BT AMG Leder,Navi,Xenon,SH,SD,360° Kam;Finanzierung ab 6,29% / Sofortankauf & Inzahlungnahme;€ 22.500,-;Sehr guter Preis;144.440 km;Automatik;04/2013;Diesel;190 kW (258 PS);6,8 l/100 km;180 g/km
Hyundai;i30;1.4;USB, Klimaanlage, Isofix, MP3, Elektr. Fensterheber, Nebelscheinwerfer, ESP, ABS;€ 3.999,-;Guter Preis;149.400 km;Schaltgetriebe;11/2011;Benzin;80 kW (109 PS);6,1 l/100 km;142 g/km
Volkswagen;Passat Variant;2.0 TDI BlueMotion Technology Highline;Start/Stop-Automatik, Gepäckraumabtrennung, Lordosenstütze, Einparkhilfe Sensoren hinten, Bi-Xenon Scheinwerfer, Isofix, Alufelgen, Sitzheizung;€ 6.940,-;Sehr guter Preis;237.712 km;Schaltgetriebe;01/2012;Diesel;103 kW (140 PS);nan;nan
Renault;Koleos;Limited 4X4+AZV;Allrad, Seitenairbag, Getönte Scheiben, Alufelgen, Beifahrerairbag, Sommerreifen, Anhängerkupplung, Touchscreen;€ 7.500,-;Sehr guter Preis;165.000 km;Schaltgetriebe;03/2015;Diesel;110 kW (150 PS);6,4 l/100 km;170 g/km
Toyota;Aygo;Cool - Klima 5 Türer;Klimaanlage, Elektr. Fensterheber, Radio, Seitenairbag, Gepäckraumabtrennung, teilb. Rücksitzbank, Fahrerairbag, Zentralverriegelung;€ 4.910,-;Guter Preis;95.117 km;Schaltgetriebe;06/2012;Benzin;50 kW (68 PS);nan;nan
Volkswagen;Tiguan;2.0 TDI Freestyle BMT;Standheizung, Alufelgen, Sommerreifen, Anhängerkupplung, Getönte Scheiben, Gepäckraumabtrennung, Einparkhilfe Kamera, Wegfahrsperre;€ 7.990,-;Guter Preis;213.467 km;Schaltgetriebe;06/2011;Diesel;103 kW (140 PS);5,3 l/100 km;139 g/km
Mazda;CX-5;Sports-Line AWD *SHZ/NAVI/AHK/PDC*;Allrad, Bluetooth, Sitzheizung, Getönte Scheiben, Isofix, Sommerreifen, Anhängerkupplung, Einparkhilfe Sensoren vorne;€ 8.990,-;Guter Preis;160.000 km;Schaltgetriebe;01/2014;Diesel;129 kW (175 PS);5,2 l/100 km;138 g/km
Audi;A6;2.0 TDI*S-Line*STANDHZ/KAMERA/AHK/20Z/GARANTIE;Sportfahrwerk, Anhängerkupplung, Start/Stop-Automatik, Sportsitze, Standheizung, Scheinwerferreinigung, Navigationssystem, Sportpaket;€ 16.990,-;Sehr guter Preis;122.000 km;Schaltgetriebe;05/2012;Diesel;130 kW (177 PS);5,0 l/100 km;133 g/km
Volkswagen;Golf;VII Lim. Highline *ACC*BI-XENON*NAVI*PDC*;Bi-Xenon Scheinwerfer, Start/Stop-Automatik, Sportsitze, Einparkhilfe Sensoren hinten, Alufelgen, 2-Zonen-Klimaautomatik, Einparkhilfe Sensoren vorne, Fahrerairbag;€ 9.899,-;Fairer Preis;180.244 km;Automatik;10/2013;Benzin;103 kW (140 PS);4,7 l/100 km;110 g/km
Mercedes-Benz;B 180;CDI, 1.Hand, Navi, Klimaautom., Sitzheiz.;Berganfahrassistent, Lederlenkrad, Einparkhilfe Sensoren vorne, Getönte Scheiben, Einparkhilfe selbstlenkendes System, 2-Zonen-Klimaautomatik, Start/Stop-Automatik, Sommerreifen;€ 8.950,-;Sehr guter Preis;158.500 km;Schaltgetriebe;02/2015;Diesel;80 kW (109 PS);4,4 l/100 km;117 g/km
Nissan;Micra;Micra Visia First 1.2;Klimaanlage, Katalysator, ESP, Fahrerairbag, Wegfahrsperre, USB, CD, Kopfairbag;€ 5.990,-;Sehr guter Preis;57.700 km;Schaltgetriebe;04/2014;Benzin;59 kW (80 PS);nan;nan
Volkswagen;Polo;TSI Lounge;Sitzheizung, LED-Scheinwerfer, Alufelgen, 2-Zonen-Klimaautomatik, Einparkhilfe Sensoren hinten, Pannenkit, Bluetooth, Nebelscheinwerfer;€ 8.990,-;Sehr guter Preis;98.890 km;Schaltgetriebe;12/2015;Benzin;66 kW (90 PS);5,1 l/100 km;107 g/km
Volkswagen;T5 Transporter;T5 2.0 TDI Transporter 8 Sitzer HU neu;Isofix, Klimaanlage, Radio, Beifahrerairbag, Elektrische Seitenspiegel, Schiebetür rechts, Start/Stop-Automatik, Anhängerkupplung;€ 14.950,-;Erhöhter Preis;198.057 km;Schaltgetriebe;09/2011;Diesel;75 kW (102 PS);7,7 l/100 km;193 g/km
Mercedes-Benz;A 200;BlueEfficiency NAVI*SHZ*PANO;USB, Navigationssystem, Einparkhilfe Sensoren hinten, Panoramadach, Sportpaket, Sitzheizung, Einparkhilfe Kamera, Zentralverriegelung;€ 12.990,-;Sehr guter Preis;142.915 km;Automatik;06/2014;Benzin;115 kW (156 PS);5,5 l/100 km;130 g/km
Ford;Focus;Business  HU, Wartung,Reifen neu!;Tempomat, Pannenkit, Verkehrszeichenerkennung, Einparkhilfe Sensoren hinten, Sitzheizung, Navigationssystem, Seitenairbag, Klimaanlage;€ 6.600,-;Sehr guter Preis;122.006 km;Schaltgetriebe;06/2016;Benzin;74 kW (101 PS);4,6 l/100 km;109 g/km
BMW;X1;20 d sDrive /SHZ /NAVI / TEMPOMAT /AUTOMATIK;Navigationssystem, Sportsitze, Klimaanlage, Einparkhilfe Sensoren hinten, Freisprecheinrichtung, Multifunktionslenkrad, Wegfahrsperre, Einparkhilfe Sensoren vorne;€ 9.990,-;Guter Preis;159.478 km;Automatik;05/2011;Diesel;130 kW (177 PS);5,9 l/100 km;155 g/km
Mercedes-Benz;B 180;B180 AMG Sport Leder Sitzheizung PDC Bi-Xenon;Seit 1963 Ihr KFZ-Meisterbetrieb in Mainz Bretzenheim;€ 10.990,-;Sehr guter Preis;90.000 km;Schaltgetriebe;10/2013;Benzin;90 kW (122 PS);5,9 l/100 km;140 g/km
Citroen;C4;VTi 120 Tendance;Bluetooth, Fahrerairbag, Alufelgen, Freisprecheinrichtung, USB, Geschwindigkeits-begrenzungsanlage, Servolenkung, Kurvenlicht;€ 4.990,-;Fairer Preis;122.000 km;Schaltgetriebe;03/2011;Benzin;88 kW (120 PS);6,2 l/100 km;143 g/km
Fiat;Panda;1.2 Young Klimaanlage Radio Allwetterreifen Euro 6;Klimaanlage, Radio, Elektr. Fensterheber, Kopfairbag, Bluetooth, Allwetterreifen, Isofix, E10-geeignet;€ 5.890,-;Guter Preis;92.400 km;Schaltgetriebe;11/2014;Benzin;51 kW (69 PS);nan;nan
Jaguar;XF;20d R-Sport Automatik EU6 Leder Navi Xenon Pano PD;Finanzierung ab 5,99%;€ 12.350,-;Fairer Preis;197.000 km;Automatik;10/2015;Diesel;132 kW (179 PS);nan;nan
Volvo;XC70;D5 5 Zyl Momen AWD LEDER+MEMO+NAV+AHK+XEN+;Allrad, Sommerreifen, Fahrerairbag, Sprachsteuerung, Elektrische Sitze, Multifunktionslenkrad, Sitzheizung, Beifahrerairbag;€ 10.550,-;Sehr guter Preis;261.858 km;Schaltgetriebe;09/2012;Diesel;158 kW (215 PS);5,6 l/100 km;148 g/km
Jaguar;XF;20d R-Sport Automatik EU6 Leder Navi Xenon Pano PD;Finanzierung ab 5,99%;€ 12.350,-;Fairer Preis;197.000 km;Automatik;10/2015;Diesel;132 kW (179 PS);nan;nan
Renault;Megane;Play/ALLWETTER/AHK/SEHR SAUBER;Touchscreen, Anhängerkupplung, Beifahrerairbag, ABS, Armlehne, Reifendruckkontrollsystem, Elektrische Seitenspiegel, Tempomat;€ 7.000,-;Sehr guter Preis;104.000 km;Schaltgetriebe;04/2018;Benzin;74 kW (101 PS);5,4 l/100 km;120 g/km
Mercedes-Benz;C 220;C 220 T CDI BlueEfficiency (204.202);Berganfahrassistent, Elektrische Seitenspiegel, Navigationssystem, Start/Stop-Automatik, Alufelgen, Regensensor, Tagfahrlicht, Sitzheizung;€ 4.700,-;Guter Preis;300.000 km;Schaltgetriebe;04/2011;Diesel;125 kW (170 PS);6,1 l/100 km;161 g/km
Volkswagen;Golf;VI Cabriolet *PDC*AHK*BI-XENON*NAVI*;Navigationssystem, Standheizung, LED-Tagfahrlicht, Zentralverriegelung, Soundsystem, Einparkhilfe Sensoren vorne, Einparkhilfe Sensoren hinten, ESP;€ 6.599,-;Fairer Preis;202.673 km;Schaltgetriebe;01/2012;Benzin;90 kW (122 PS);6,4 l/100 km;149 g/km
Skoda;Yeti;Elegance 4x4 AHK Bi-Xenon Klimaaut Einparkhilfe Ku;Allrad, Sitzheizung, Anhängerkupplung, Xenonscheinwerfer, Navigationssystem, Alufelgen, Einparkhilfe Sensoren vorne, Bi-Xenon Scheinwerfer;€ 12.770,-;Sehr guter Preis;67.009 km;Schaltgetriebe;06/2013;Benzin;118 kW (160 PS);nan;nan
Mercedes-Benz;C 200;D w205 AVANTGARDE *Co²-106g *LEDER*NAVI*2.HAND;Sportsitze, Sportpaket, Alufelgen, Getönte Scheiben, Elektrische Sitze, Einparkhilfe Sensoren vorne, Lederlenkrad, Einparkhilfe Sensoren hinten;€ 15.000,-;Guter Preis;153.988 km;Schaltgetriebe;07/2015;Diesel;100 kW (136 PS);3,9 l/100 km;106 g/km
Mercedes-Benz;C 250;C -Klasse Coupe C 250 CDI BlueEfficiency;Sportfahrwerk, Wegfahrsperre, Spurhalteassistent, Navigationssystem, Sportsitze, Freisprecheinrichtung, Multifunktionslenkrad, Soundsystem;€ 12.900,-;Guter Preis;214.000 km;Automatik;06/2014;Diesel;150 kW (204 PS);4,9 l/100 km;130 g/km
Mitsubishi;Colt;XTRA;Sonder-Angebot. Wir freuen uns auf Ihren Anruf. Danke;€ 2.950,-;Sehr guter Preis;82.000 km;Schaltgetriebe;10/2011;Benzin;55 kW (75 PS);nan;nan
Alfa Romeo;Giulia;2.2 JTDM Automatik Klima Navi Temp Kamera;Finanzierung OHNE Anzahlung möglich!;€ 13.890,-;Sehr guter Preis;174.400 km;Automatik;11/2016;Diesel;132 kW (179 PS);3,8 l/100 km;99 g/km
Ford;Transit Custom;Kombi 300 L1 2.2 TDCi *1495;Beifahrerairbag, Start/Stop-Automatik, Schiebetür rechts, Fahrerairbag, Traktionskontrolle, Notrad, Zentralverriegelung mit Funkfernbedienung, Elektr. Fensterheber;€ 10.988,-;Sehr guter Preis;138.000 km;Schaltgetriebe;12/2014;Diesel;74 kW (101 PS);nan;nan
SEAT;Leon;1.2 TSI SCHECKHEFT,2.HAND,TEMPOMAT,KLIMA;Fahrerairbag, Beifahrerairbag, LED-Tagfahrlicht, Alufelgen, Start/Stop-Automatik, Bluetooth, Reifendruckkontrollsystem, Touchscreen;€ 6.880,-;Guter Preis;129.000 km;Schaltgetriebe;03/2013;Benzin;77 kW (105 PS);4,9 l/100 km;116 g/km
Land Rover;Range Rover Evoque;2.2 Td4*Meridian*AHK*Tempomat;Allrad, Elektrische Sitze, Navigationssystem, Anhängerkupplung, Touchscreen, Beifahrerairbag, Allwetterreifen, Bi-Xenon Scheinwerfer;€ 11.950,-;Sehr guter Preis;187.386 km;Schaltgetriebe;04/2015;Diesel;110 kW (150 PS);5,7 l/100 km;151 g/km
Ford;Focus;Turnier 1.6 TDCI DPF;USB, Fahrerairbag, Standheizung, Klimaanlage, Wegfahrsperre, Zentralverriegelung, Elektr. Fensterheber, Start/Stop-Automatik;€ 2.600,-;Guter Preis;309.750 km;Schaltgetriebe;11/2012;Diesel;70 kW (95 PS);4,5 l/100 km;119 g/km
Opel;Adam;Turbo *HU NEU*;Bordcomputer, Alufelgen, Sportfahrwerk, Tempomat, Bluetooth, Touchscreen, Radio, Pannenkit;€ 6.799,-;Guter Preis;147.000 km;Schaltgetriebe;11/2014;Benzin;85 kW (116 PS);4,3 l/100 km;116 g/km
Volkswagen;Touran;Comfortline 2.0 TDI DSG LED KAMERA ALU APS SITZHZG;LED-Scheinwerfer, Einparkhilfe Kamera, Einparkhilfe Sensoren vorne, Getönte Scheiben, Sitzheizung, Dachreling, Kurvenlicht, Alufelgen;€ 12.988,-;Sehr guter Preis;228.600 km;Automatik;08/2020;Diesel;110 kW (150 PS);5,6 l/100 km;1 g/km
BMW;X5;xDrive30d   NAVI   Xenon   AHK   Kamera;Sportsitze, Anhängerkupplung, Einparkhilfe Kamera, Spoiler, Einparkhilfe Sensoren vorne, Spurhalteassistent, Elektrische Heckklappe, Ambientebeleuchtung;€ 21.500,-;Sehr guter Preis;179.450 km;Automatik;05/2015;Diesel;190 kW (258 PS);5,9 l/100 km;156 g/km
Volkswagen;Touran;Trendline kompl.umklap.Rücks.Bank/HU neu;Alufelgen, Klimaanlage, Isofix, Radio, Gepäckraumabtrennung, Lederlenkrad, Wegfahrsperre, Seitenairbag;€ 8.490,-;Guter Preis;114.923 km;Schaltgetriebe;11/2012;Benzin;77 kW (105 PS);6,4 l/100 km;149 g/km
Mercedes-Benz;C 220;Lim. Avantgarde Ad Blue defekt!;Schiebedach, Alufelgen, Navigationssystem, Ambientebeleuchtung, Bordcomputer, Freisprecheinrichtung, LED-Scheinwerfer, Anhängerkupplung;€ 12.490,-;Sehr guter Preis;205.000 km;Automatik;06/2014;Diesel;125 kW (170 PS);4,0 l/100 km;110 g/km
Volkswagen;Touran;Trendline kompl.umklap.Rücks.Bank/HU neu;Alufelgen, Klimaanlage, Isofix, Radio, Gepäckraumabtrennung, Lederlenkrad, Wegfahrsperre, Seitenairbag;€ 8.490,-;Guter Preis;114.923 km;Schaltgetriebe;11/2012;Benzin;77 kW (105 PS);6,4 l/100 km;149 g/km
Mercedes-Benz;Sprinter;II 316 CDI Hoch+Lang*Klima*L2-H2*;12-64 Monate Garantie / Tüv & Inspektion= NEU !;€ 11.500,-;Sehr guter Preis;260.000 km;Schaltgetriebe;10/2014;Diesel;120 kW (163 PS);8,0 l/100 km;212 g/km
Mercedes-Benz;A 200;Avantgarde*Leder*Sport*Tempomat*SHZ*ALU*;Sportsitze, Sitzheizung, Sportfahrwerk, Sportpaket, Berganfahrassistent, Alufelgen, Armlehne, Radio;€ 6.850,-;Sehr guter Preis;138.966 km;Schaltgetriebe;08/2011;Benzin;100 kW (136 PS);6,7 l/100 km;161 g/km
Renault;Kadjar;1.5 dCi 110 Bose Edition ENERGY;Sitzheizung, LED-Scheinwerfer, Beifahrerairbag, Isofix, Verkehrszeichenerkennung, Navigationssystem, Alufelgen, Geschwindigkeits-begrenzungsanlage;€ 10.990,-;Sehr guter Preis;150.000 km;Automatik;08/2016;Diesel;81 kW (110 PS);nan;nan
Volkswagen;Touran;Comfortline Navi,SH,PDC,Standheizung;Finanzierung ab 6,29% / Sofortankauf & Inzahlungnahme;€ 11.300,-;Sehr guter Preis;188.220 km;Schaltgetriebe;11/2015;Diesel;110 kW (150 PS);4,5 l/100 km;118 g/km
Audi;A3;2.0 TDI Sport-Sitze*XENON*NAVI*Sitzhzg*PDC*;Sportfahrwerk, Sportpaket, Freisprecheinrichtung, USB, Sitzheizung, LED-Tagfahrlicht, Müdigkeitswarnsystem, Sportsitze;Guter Preis;Guter Preis;178.000 km;Schaltgetriebe;01/2014;Diesel;110 kW (150 PS);4,1 l/100 km;109 g/km
SEAT;Ibiza;Style EcoTSI Tempomat Bluetooth Aux-In USB Tel.-Vo;Klimaautomatik, Multifunktionslenkrad, Katalysator, Seitenairbag, Tempomat, Reifendruckkontrollsystem, Nebelscheinwerfer, Pannenkit;€ 7.500,-;Sehr guter Preis;133.482 km;Schaltgetriebe;02/2017;Benzin;81 kW (110 PS);nan;nan
Nissan;Qashqai+2;1.6 dCi *1.HAND*7SITZ*NAVI*PANO*360°*;Navigationssystem, Panoramadach, Beifahrerairbag, Einparkhilfe Sensoren vorne, Sommerreifen, 2-Zonen-Klimaautomatik, Regensensor, Bluetooth;€ 9.990,-;Guter Preis;138.500 km;Schaltgetriebe;06/2012;Diesel;96 kW (131 PS);4,7 l/100 km;123 g/km
SEAT;Ibiza;5trg Style Klimaauto*Navi*PDC*Sitzhzg*Alu;Sitzheizung, E10-geeignet, Klimaanlage, Navigationssystem, Lederlenkrad, Bluetooth, Klimaautomatik, Wegfahrsperre;€ 7.490,-;Guter Preis;74.490 km;Schaltgetriebe;04/2014;Benzin;51 kW (69 PS);5,4 l/100 km;128 g/km
BMW;X5;xDrive 40 d Panoramadach;Start/Stop-Automatik, Schaltwippen, Panoramadach, Reifendruckkontrollsystem, Spurhalteassistent, Sprachsteuerung, Sommerreifen, Schlüssellose Zentralverriegelung;€ 24.400,-;Guter Preis;165.758 km;Halbautomatik;03/2014;Diesel;230 kW (313 PS);6,9 l/100 km;183 g/km
Skoda;Superb;Combi 2.0 TDI Green tec DSG Exclusive;Abstandswarner, Allrad, Ambientebeleuchtung, Sportfahrwerk, Anhängerkupplung, Elektrische Sitze, Scheinwerferreinigung, Touchscreen;€ 13.240,-;Sehr guter Preis;124.500 km;Automatik;09/2015;Diesel;125 kW (170 PS);5,2 l/100 km;138 g/km
Chevrolet;Orlando;7 Sitzer ab 150€ Monatlich;Einparkhilfe Sensoren hinten, Elektr. Fensterheber, Alufelgen, Navigationssystem, Klimaautomatik, Bordcomputer, Elektrische Seitenspiegel, Zentralverriegelung mit Funkfernbedienung;€ 7.799,-;Guter Preis;110.500 km;Schaltgetriebe;04/2011;Benzin;104 kW (141 PS);7,3 l/100 km;173 g/km
BMW;320;d / BI-XENON / S-DACH / LEDER / HEAD UP;Navigationssystem, Schiebedach, Head-up display, Bi-Xenon Scheinwerfer, Multifunktionslenkrad, Einparkhilfe Sensoren hinten, Sitzheizung, Einparkhilfe Sensoren vorne;€ 16.490,-;Guter Preis;95.958 km;Automatik;02/2012;Diesel;135 kW (184 PS);4,5 l/100 km;119 g/km
Volkswagen;Amarok;Highline DoubleCab 4Motion Navi*Xenon*AHK;Einparkhilfe Kamera, Einparkhilfe Sensoren vorne, Bi-Xenon Scheinwerfer, Beifahrerairbag, Klimaautomatik, Bordcomputer, Sitzheizung, Winterpaket;€ 17.998,-;Guter Preis;287.200 km;Automatik;03/2018;Diesel;165 kW (224 PS);8,0 l/100 km;210 g/km
Mercedes-Benz;CLA 200;*NAVI*TEMPOMAT*SZHZ*PDC*;Alufelgen, Getönte Scheiben, Navigationssystem, Multifunktionslenkrad, Soundsystem, Einparkhilfe Sensoren vorne, Lichtsensor, Sitzheizung;€ 13.799,-;Sehr guter Preis;145.161 km;Schaltgetriebe;10/2015;Diesel;100 kW (136 PS);4,3 l/100 km;111 g/km
Skoda;Octavia;1.6 TDI DSG Ambition NAVI/AHK*;Alufelgen, Bordcomputer, Touchscreen, Anhängerkupplung, Einparkhilfe Sensoren vorne, Sommerreifen, USB, Einparkhilfe Sensoren hinten;€ 8.990,-;Guter Preis;174.200 km;Automatik;12/2016;Diesel;81 kW (110 PS);nan;nan
Mercedes-Benz;Viano;2.2 CDI lang *AHK*CARPLAY*TEMP*PDC*KLIMA*;Schiebetür rechts, Beifahrerairbag, Getönte Scheiben, Sitzheizung, Alufelgen, Anhängerkupplung, Bluetooth, Isofix;€ 17.499,-;Sehr guter Preis;210.681 km;Automatik;03/2013;Diesel;120 kW (163 PS);7,4 l/100 km;196 g/km
Audi;Q7;3.0 TFSI QUATTRO NAVI+LED+AHK+R.KAMERA+LEDER;Sommerreifen, Sitzheizung, Kurvenlicht, Alufelgen, Allrad, Armlehne, Scheinwerferreinigung, Bluetooth;€ 17.998,-;Guter Preis;140.000 km;Automatik;06/2012;Benzin;200 kW (272 PS);10,7 l/100 km;254 g/km
Ford;Focus;Titanium 1,0 125PS BI-Xenon/Navi/Winterp.;E10-geeignet, Einparkhilfe selbstlenkendes System, 2-Zonen-Klimaautomatik, Spurhalteassistent, Einparkhilfe Sensoren hinten, USB, Dachreling, Sitzheizung;€ 7.710,-;Sehr guter Preis;118.000 km;Schaltgetriebe;03/2015;Benzin;92 kW (125 PS);nan;nan
Peugeot;5008;Allure 1.6 Blue-HDI Navi Panorama 7-Sitzer;Über 400 Dacia Neuwagen im Bestand/3 Jahre Garantie;€ 9.990,-;Fairer Preis;165.000 km;Automatik;11/2016;Diesel;88 kW (120 PS);4,4 l/100 km;114 g/km
Volkswagen;Tiguan;2.0 TDI Trend & Fun BMT / PDC / SHZ;Touchscreen, Start/Stop-Automatik, Sitzheizung, Einparkhilfe Sensoren vorne, Einparkhilfe Kamera, Fahrerairbag, Einparkhilfe Sensoren hinten, Alufelgen;€ 11.490,-;Guter Preis;162.522 km;Schaltgetriebe;01/2015;Diesel;81 kW (110 PS);5,3 l/100 km;139 g/km
Honda;Jazz;1.4 Comfort ,Klimaautomatik;teilb. Rücksitzbank, Alufelgen, Fahrerairbag, Klimaautomatik, Elektr. Fensterheber, USB, Nebelscheinwerfer, Notbremsassistent;€ 5.800,-;Guter Preis;108.000 km;Schaltgetriebe;02/2011;Benzin;73 kW (99 PS);nan;nan
Dacia;Logan;Prestige MCV 1.5 dCi ~ Navi ~ MFL~ PDC~;Klimaanlage, Fahrerairbag, Dachreling, Allwetterreifen, Tempomat, Alufelgen, Elektr. Fensterheber, Navigationssystem;€ 7.999,-;Guter Preis;83.000 km;Schaltgetriebe;04/2016;Diesel;66 kW (90 PS);3,8 l/100 km;101 g/km
Opel;Astra;1.4 Turbo Aut. Allwetter Pdc Navi Shz Lhz;Bi-Xenon Scheinwerfer, Einparkhilfe Sensoren vorne, Navigationssystem, Einparkhilfe Sensoren hinten, LED-Tagfahrlicht, 2-Zonen-Klimaautomatik, Sportfahrwerk, Xenonscheinwerfer;€ 10.990,-;Sehr guter Preis;51.293 km;Automatik;09/2012;Benzin;103 kW (140 PS);6,6 l/100 km;154 g/km
Audi;Q5;3.0 TDI  quattro OFFROAD / BI-XENON / AHK;Sitzheizung, Navigationssystem, Schaltwippen, Elektrische Sitze, Standheizung, Anhängerkupplung, Einparkhilfe Sensoren hinten, Multifunktionslenkrad;€ 14.990,-;Guter Preis;213.172 km;Automatik;01/2013;Diesel;180 kW (245 PS);6,4 l/100 km;170 g/km
Opel;Corsa;D Innovation;Alufelgen, Klimaautomatik, Sitzheizung, Nebelscheinwerfer, Einparkhilfe Sensoren hinten, Radio, Klimaanlage, Start/Stop-Automatik;€ 6.680,-;Guter Preis;91.000 km;Automatik;02/2011;Benzin;63 kW (86 PS);nan;nan
BMW;535;i Touring M-Paket NUR HÄNDLER;Head-up display, Lordosenstütze, Tagfahrlicht, Anhängerkupplung, CD, Navigationssystem, Sprachsteuerung, Panoramadach;€ 19.950,-;Sehr guter Preis;82.000 km;Automatik;12/2012;Benzin;225 kW (306 PS);nan;nan
Peugeot;308;SW Business-Line*Automatik*KLA*HU*8Fachberei;Sitzheizung, Navigationssystem, Skisack, Panoramadach, Alufelgen, Wegfahrsperre, Sommerreifen, Getönte Scheiben;€ 5.990,-;Guter Preis;184.000 km;Automatik;03/2011;Diesel;120 kW (163 PS);6,7 l/100 km;178 g/km
Volkswagen;Touran;2.0 TDI, 7 Sitze, Panorama-Schiebedach;Tempomat, Navigationssystem, Alufelgen, Schiebedach, Panoramadach, Allwetterreifen, Klimaautomatik, Radio;€ 12.780,-;Sehr guter Preis;131.626 km;Schaltgetriebe;12/2015;Diesel;103 kW (140 PS);nan;nan
BMW;320;d Sport Line*AHK*LASER*KAMERA*8.FACH*AMBIENTE;Einparkhilfe Kamera, Sportpaket, Sportsitze, Apple CarPlay, Volldigitales Kombiinstrument, Ambientebeleuchtung, Laserlicht, Getönte Scheiben;€ 18.700,-;Guter Preis;194.000 km;Automatik;07/2021;Diesel;140 kW (190 PS);4,2 l/100 km;109 g/km
Audi;A8;"4.2d Quatt TOP ZUSTD! PANO+MEMO+SOFT+BOSE+21""";Navigationssystem, Einparkhilfe Kamera, LED-Scheinwerfer, Alufelgen, Standheizung, Seitenairbag, Reifendruckkontrollsystem, Elektrische Heckklappe;€ 18.450,-;Fairer Preis;265.720 km;Automatik;04/2011;Diesel;258 kW (351 PS);nan;nan
Dacia;Logan;MCV II Kombi Laureate*AUTOM.*NAVI*TÜV NEU*;Klimaanlage, Alufelgen, Anhängerkupplung, Beifahrerairbag, Elektrische Seitenspiegel, Tempomat, Navigationssystem, Getönte Scheiben;€ 6.900,-;Guter Preis;157.000 km;Automatik;07/2017;Diesel;66 kW (90 PS);3,6 l/100 km;92 g/km
Fiat;500;Lounge  CABRIO;Einparkhilfe Sensoren hinten, Alufelgen, Reifendruckkontrollsystem, Lederlenkrad, Elektrische Seitenspiegel, Nebelscheinwerfer, Schiebedach, Elektr. Fensterheber;€ 6.849,-;Guter Preis;112.500 km;Schaltgetriebe;10/2015;Benzin;51 kW (69 PS);4,9 l/100 km;115 g/km
Opel;Vivaro;8042;Behindertengerecht, Schiebetür rechts, Lederlenkrad, Radio;€ 10.988,-;Sehr guter Preis;72.484 km;Schaltgetriebe;12/2014;Diesel;66 kW (90 PS);nan;nan
Ford;C-Max;Sync Edition;Beifahrerairbag, Alufelgen, Fahrerairbag, Sitzheizung, Elektr. Fensterheber, Beheizbare Frontscheibe, ABS, Lordosenstütze;€ 7.850,-;Guter Preis;60.334 km;Schaltgetriebe;10/2014;Benzin;74 kW (101 PS);nan;nan
Mazda;6;2.2 SKYACTIV-D Sports-Line;Skisack, Xenonscheinwerfer, Airbag hinten, Lichtsensor, Sitzheizung, USB, Alufelgen, Beifahrerairbag;€ 10.550,-;Fairer Preis;147.000 km;Schaltgetriebe;05/2014;Diesel;129 kW (175 PS);nan;nan
Opel;Mokka;1.4 Turbo ecoFLEX Start/Stop Edition;Meistergeprüft;€ 9.910,-;Sehr guter Preis;77.350 km;Schaltgetriebe;04/2014;Benzin;103 kW (140 PS);nan;nan
Peugeot;2008;Allure Motor dreht nicht;Bluetooth, Alufelgen, ABS, Ambientebeleuchtung, Zentralverriegelung, Sportsitze, Tagfahrlicht, Getönte Scheiben;€ 2.400,-;nan;290.000 km;Schaltgetriebe;06/2014;Diesel;84 kW (114 PS);4,0 l/100 km;106 g/km
Mercedes-Benz;Vito;119 CDI Aut. 4MATIC lang-8Si.-Navi-Kamera-;Schiebetür rechts, Einparkhilfe Kamera, Allrad, Seitenairbag, Beifahrerairbag, Reifendruckkontrollsystem, Isofix, Getönte Scheiben;€ 22.900,-;Sehr guter Preis;199.900 km;Automatik;08/2016;Diesel;140 kW (190 PS);5,8 l/100 km;nan
Mercedes-Benz;CLS 350;CDI*AMG-SPORT PAKET*TÜV neu;Sportpaket, Soundsystem, Sportfahrwerk, Radio, Sportsitze, LED-Scheinwerfer, Alufelgen, Sitzheizung;€ 18.990,-;Sehr guter Preis;174.128 km;Automatik;03/2015;Diesel;195 kW (265 PS);6,1 l/100 km;162 g/km
Kia;Ceed / cee'd;Spirit*PANO*NAVI*XENON*SPURHALTEASS*AHK;Bordcomputer, Lichtsensor, Panoramadach, Einparkhilfe Sensoren hinten, Spurhalteassistent, Anhängerkupplung, Wegfahrsperre, Bluetooth;€ 10.890,-;Sehr guter Preis;70.465 km;Automatik;05/2012;Benzin;99 kW (135 PS);nan;nan
MINI;Cooper Countryman;;Radio, Einparkhilfe Sensoren hinten, Start/Stop-Automatik, Sitzheizung, teilb. Rücksitzbank, Multifunktionslenkrad, Beifahrerairbag, Bluetooth;€ 7.999,-;Sehr guter Preis;115.514 km;Schaltgetriebe;06/2011;Benzin;90 kW (122 PS);nan;nan
Hyundai;iX35;2.0 CRDi 4WD Style Aut.*SHZ*Kamera*Keyless*;Einparkhilfe Kamera, Berganfahrassistent, Fahrerairbag, Klimaanlage, Allrad, Bluetooth, Radio, Sitzheizung;€ 7.849,-;Fairer Preis;228.599 km;Automatik;12/2011;Diesel;135 kW (184 PS);nan;nan
Nissan;Qashqai;1.6 360° Pano;Alufelgen, Bluetooth, Radio, Beifahrerairbag, Fahrerairbag, Geschwindigkeits-begrenzungsanlage, Navigationssystem, Getönte Scheiben;€ 8.900,-;Guter Preis;127.987 km;Schaltgetriebe;01/2014;Benzin;86 kW (117 PS);6,2 l/100 km;147 g/km
Mercedes-Benz;Vito;116 CDI lang 9. Sitzer Navi Klima Kamera;Schiebetür, Getönte Scheiben, Start/Stop-Automatik, Alufelgen, Beifahrerairbag, Raucherpaket, Elektrische Seitenspiegel, Allwetterreifen;€ 14.950,-;Fairer Preis;164.000 km;Schaltgetriebe;05/2012;Diesel;120 kW (163 PS);nan;nan
Audi;A6;35 TDI VIRTUAL/LEDER/SPORT;Sportpaket, LED-Scheinwerfer, Volldigitales Kombiinstrument, Einparkhilfe Kamera, Ambientebeleuchtung, Elektrische Heckklappe, Elektrische Sitze, Alufelgen;€ 23.500,-;Sehr guter Preis;151.700 km;Automatik;03/2020;Diesel;120 kW (163 PS);4,3 l/100 km;112 g/km
Peugeot;2008;1.2 12V VTi / PureTech 82 Active *LED*PDC;Pannenkit, Sitzheizung, Touchscreen, Dachreling, Beifahrerairbag, Einparkhilfe Sensoren hinten, Elektrische Seitenspiegel, Wegfahrsperre;€ 6.993,-;Guter Preis;106.462 km;Schaltgetriebe;07/2015;Benzin;60 kW (82 PS);nan;nan
BMW;X1;xDrive 20d*Panorama*Tempomat*Klimaautom.*AHK;Nebelscheinwerfer, Allrad, Freisprecheinrichtung, Sommerreifen, Bluetooth, Anhängerkupplung, Schiebedach, Radio;€ 6.950,-;Guter Preis;260.598 km;Automatik;07/2011;Diesel;130 kW (177 PS);6,2 l/100 km;164 g/km
Volkswagen;Golf;2.0TDI Highline SHZ Kamera Tempomat 1. Hand;Einparkhilfe Sensoren vorne, Einparkhilfe Kamera, Einparkhilfe Sensoren hinten, 2-Zonen-Klimaautomatik, Alufelgen, Sommerreifen, Sportsitze, Start/Stop-Automatik;€ 9.950,-;Fairer Preis;249.985 km;Automatik;09/2015;Diesel;110 kW (150 PS);4,5 l/100 km;119 g/km
BMW;116;116 i - Sport/AHK/Alu/Klima;Radio, Sportfahrwerk, Bordcomputer, ABS, Zentralverriegelung mit Funkfernbedienung, Isofix, Traktionskontrolle, Armlehne;€ 8.990,-;Fairer Preis;129.800 km;Schaltgetriebe;03/2012;Benzin;100 kW (136 PS);5,5 l/100 km;130 g/km
Opel;Mokka X;1.6 CDTI Automatik Navi Color Innovation;Einparkhilfe Kamera, Sommerreifen, Einparkhilfe Sensoren vorne, Sitzheizung, LED-Scheinwerfer, Alufelgen, Kurvenlicht, Navigationssystem;€ 10.880,-;Sehr guter Preis;101.266 km;Automatik;06/2017;Diesel;100 kW (136 PS);nan;nan
Chevrolet;Captiva;2.2 LT+*NAVI*PDC*SHZ*LEDER*7-SITZER*4x4*;Viel Auto für Wenig Geld / wir sind immer für sie da;€ 9.990,-;Guter Preis;162.870 km;Automatik;04/2013;Diesel;135 kW (184 PS);6,6 l/100 km;175 g/km
Volkswagen;Tiguan;Sport R-Line 4Motion *BI-XENON*NAVI*TEMP;Anhängerkupplung, Getönte Scheiben, Allrad, Sitzheizung, Seitenairbag, Bluetooth, Navigationssystem, Multifunktionslenkrad;€ 17.999,-;Guter Preis;79.386 km;Automatik;05/2015;Diesel;130 kW (177 PS);5,9 l/100 km;154 g/km
Dacia;Duster;I Prestige 1.6 LPG Klima Leder Navi PDC;Über 400 Dacia Neuwagen im Bestand/3 Jahre Garantie;€ 6.990,-;Fairer Preis;160.000 km;Schaltgetriebe;06/2014;Autogas (LPG);77 kW (105 PS);7,1 l/100 km;165 g/km
BMW;X1;18d sDrive Automatik Becherhalter TÜV NEU;Seit 1963 Ihr KFZ-Meisterbetrieb in Mainz Bretzenheim;€ 11.990,-;Erhöhter Preis;157.000 km;Automatik;06/2012;Diesel;105 kW (143 PS);5,9 l/100 km;155 g/km
Skoda;Superb;2.0 TDI  Exclusive DSG ~LED~Bi-Xenon~Navi;Bi-Xenon Scheinwerfer, Start/Stop-Automatik, Navigationssystem, Anhängerkupplung, Bluetooth, Alufelgen, Getönte Scheiben, Einparkhilfe Sensoren hinten;€ 9.999,-;Fairer Preis;199.035 km;Automatik;11/2013;Diesel;103 kW (140 PS);4,6 l/100 km;122 g/km
Mercedes-Benz;B 180;CDI Navi/ PDC/ NSW/ SHZ;Fahrerairbag, Beifahrerairbag, Alufelgen, Sitzheizung, Navigationssystem, Start/Stop-Automatik, Einparkhilfe Sensoren hinten, Wegfahrsperre;€ 8.750,-;nan;103.783 km;Automatik;08/2013;Diesel;80 kW (109 PS);4,6 l/100 km;122 g/km
BMW;X1;18d sDrive Automatik Becherhalter TÜV NEU;Seit 1963 Ihr KFZ-Meisterbetrieb in Mainz Bretzenheim;€ 11.990,-;Erhöhter Preis;157.000 km;Automatik;06/2012;Diesel;105 kW (143 PS);5,9 l/100 km;155 g/km
Skoda;Superb;2.0 TDI  Exclusive DSG ~LED~Bi-Xenon~Navi;Bi-Xenon Scheinwerfer, Start/Stop-Automatik, Navigationssystem, Anhängerkupplung, Bluetooth, Alufelgen, Getönte Scheiben, Einparkhilfe Sensoren hinten;€ 9.999,-;Fairer Preis;199.035 km;Automatik;11/2013;Diesel;103 kW (140 PS);4,6 l/100 km;122 g/km
Renault;Espace;V Intens Energy dCi 160*7Sitzer*AT Motor bei 90tkm;Schiebedach, Klimaanlage, Soundsystem, Voll-LED Scheinwerfer, Elektrische Heckklappe, Anhängerkupplung, Verkehrszeichenerkennung, 2-Zonen-Klimaautomatik;€ 12.950,-;Guter Preis;166.000 km;Automatik;11/2015;Diesel;118 kW (160 PS);4,7 l/100 km;123 g/km
SEAT;Ibiza;*Navi*SitzHZ*Klima*Geplegt+Top*;Multifunktionslenkrad, Alufelgen, Klimaautomatik, Navigationssystem, Sitzheizung, Scheinwerferreinigung, E10-geeignet, Wegfahrsperre;€ 5.999,-;Fairer Preis;148.000 km;Schaltgetriebe;04/2013;Benzin;63 kW (86 PS);5,9 l/100 km;140 g/km
Volkswagen;Sharan;Comfortline 2.0 TDI Automatik/ Navi/ AHK;Elektrische Sitze, Radio, Getönte Scheiben, Apple CarPlay, Einparkhilfe Sensoren vorne, Alufelgen, Sportsitze, Navigationssystem;€ 14.990,-;Sehr guter Preis;159.215 km;Automatik;07/2016;Diesel;110 kW (150 PS);5,2 l/100 km;136 g/km
smart;forTwo;coupe Micro Hybrid Drive 52kW Panorama;Finanzierung ab 6,29% / Sofortankauf & Inzahlungnahme;€ 4.900,-;Guter Preis;111.580 km;Automatik;09/2012;Benzin;52 kW (71 PS);4,2 l/100 km;97 g/km
Mercedes-Benz;CLS 350;CDI 4Matic /NAVI/LED/AIRMATIC/CAM/GARANT;GARANTIE • FINANZIERUNG • LIEFERUNG • ZULASSUNG;€ 21.990,-;nan;110.000 km;Automatik;06/2012;Diesel;195 kW (265 PS);6,9 l/100 km;183 g/km
Skoda;Octavia;Ambition 1.5 Naturgas RFK TEMP APP KLIMA;Einparkhilfe Kamera, Einparkhilfe Sensoren hinten, Abstandstempomat, Isofix, Getönte Scheiben, Dachreling, Beifahrerairbag, Start/Stop-Automatik;€ 9.900,-;nan;211.222 km;Automatik;02/2021;Erdgas (CNG);96 kW (131 PS);nan;114 g/km
BMW;118;i Advantage Aut. *LED*NAVI*PDC*TEMPOMAT*;LED-Scheinwerfer, Navigationssystem, Sitzheizung, Sprachsteuerung, LED-Tagfahrlicht, 2-Zonen-Klimaautomatik, Einparkhilfe Sensoren hinten, Reifendruckkontrollsystem;€ 11.799,-;Sehr guter Preis;139.056 km;Automatik;02/2017;Benzin;100 kW (136 PS);5,1 l/100 km;119 g/km
Volkswagen;Touareg;"3.0 TDI R-Line +STANDHEIZ+AHK+LUFT+20""++";Papke Automobile in Werneck. Das etwas andere Autohaus.;€ 16.895,-;Fairer Preis;208.500 km;Automatik;06/2012;Diesel;180 kW (245 PS);nan;189 g/km
Nissan;Qashqai;Tekna 4x4 Navigation 8-fach;Allrad, Sitzheizung, LED-Scheinwerfer, Panoramadach, Navigationssystem, Beifahrerairbag, Elektrische Sitze, Radio;€ 11.800,-;Sehr guter Preis;109.000 km;Schaltgetriebe;05/2015;Diesel;96 kW (131 PS);4,9 l/100 km;129 g/km
Mercedes-Benz;E 220;Edition E BlueTec 4Matic+LEDER+NAVI+LED+;Allrad, Schiebedach, Elektrische Sitze, Sitzheizung, LED-Scheinwerfer, Einparkhilfe Sensoren vorne, Fahrerairbag, Freisprecheinrichtung;€ 15.990,-;Fairer Preis;193.322 km;Automatik;03/2015;Diesel;125 kW (170 PS);5,3 l/100 km;140 g/km
Mercedes-Benz;E 250;CGI BE Cabrio AMG-Line, Leder, Navi, 7G;Einparkhilfe Sensoren hinten, Sportfahrwerk, Lichtsensor, Sommerreifen, Navigationssystem, LED-Tagfahrlicht, Scheinwerferreinigung, Schaltwippen;€ 17.950,-;Sehr guter Preis;125.000 km;Automatik;04/2012;Benzin;150 kW (204 PS);7,0 l/100 km;166 g/km
Ford;Fiesta;1.25 Trend 5-Türer Klimaanlage CD-Radio;Klimaanlage, teilb. Rücksitzbank, Isofix, USB, Elektr. Fensterheber, Kopfairbag, Radio, Raucherpaket;€ 6.455,-;Guter Preis;75.800 km;Schaltgetriebe;03/2012;Benzin;60 kW (82 PS);nan;nan
Ford;Tourneo Custom;"2,0TDCI""Titanium""2Schiebetüren""9Sitze""";Einparkhilfe Kamera, Radio, Beifahrerairbag, Schiebetür links, Alufelgen, Getönte Scheiben, Isofix, Abstandstempomat;€ 19.990,-;nan;120.000 km;Automatik;06/2017;Diesel;125 kW (170 PS);nan;nan
Opel;Astra;GTC Edition;Sommerreifen, CD, teilb. Rücksitzbank, Alufelgen, Sportfahrwerk, Tempomat, Einparkhilfe Sensoren hinten, Kopfairbag;€ 6.590,-;Sehr guter Preis;148.900 km;Schaltgetriebe;05/2012;Benzin;103 kW (140 PS);5,9 l/100 km;140 g/km
Nissan;Micra;1,2 Acenta Autom, Klima;100% Vollfinanzierung über unsere Hausbank möglich;€ 6.990,-;nan;125.000 km;Automatik;07/2014;Benzin;59 kW (80 PS);5,4 l/100 km;125 g/km
Mitsubishi;ASX;1.6 Klassik Kollekt GEPFLEGT+SHZ+KAM+AHK+TEM;Touchscreen, Radio, Sitzheizung, Anhängerkupplung, Navigationssystem, Isofix, Alufelgen, Beifahrerairbag;€ 7.250,-;Fairer Preis;213.160 km;Schaltgetriebe;05/2015;Benzin;86 kW (117 PS);5,8 l/100 km;137 g/km
Mercedes-Benz;C 220;Lim. Avantgarde Ad Blue defekt!;Schiebedach, Alufelgen, Navigationssystem, Ambientebeleuchtung, Bordcomputer, Freisprecheinrichtung, LED-Scheinwerfer, Anhängerkupplung;€ 12.490,-;Sehr guter Preis;205.000 km;Automatik;06/2014;Diesel;125 kW (170 PS);4,0 l/100 km;110 g/km
Opel;Adam;1.2 Jam IntelliLink LED KLIMA TEMP SHZ;Alufelgen, Apple CarPlay, Multifunktionslenkrad, Sitzheizung, Tempomat, Bluetooth, Geschwindigkeits-begrenzungsanlage, USB;€ 3.999,-;nan;179.000 km;Schaltgetriebe;06/2016;Benzin;51 kW (69 PS);5,3 l/100 km;126 g/km
Ford;Focus;Titanium 1,0 125PS BI-Xenon/Navi/Winterp.;E10-geeignet, Einparkhilfe selbstlenkendes System, 2-Zonen-Klimaautomatik, Spurhalteassistent, Einparkhilfe Sensoren hinten, USB, Dachreling, Sitzheizung;€ 7.710,-;Sehr guter Preis;118.000 km;Schaltgetriebe;03/2015;Benzin;92 kW (125 PS);nan;nan
Volvo;XC70;D5 5 Zyl Momen AWD LEDER+MEMO+NAV+AHK+XEN+;Allrad, Sommerreifen, Fahrerairbag, Sprachsteuerung, Elektrische Sitze, Multifunktionslenkrad, Sitzheizung, Beifahrerairbag;€ 10.550,-;Sehr guter Preis;261.858 km;Schaltgetriebe;09/2012;Diesel;158 kW (215 PS);5,6 l/100 km;148 g/km
SEAT;Ibiza;SC Reference Salsa;Fahrerairbag, Klimaanlage, Beifahrerairbag, Pannenkit, Wegfahrsperre, Elektr. Fensterheber, ESP, Seitenairbag;€ 4.199,-;Sehr guter Preis;139.100 km;Schaltgetriebe;08/2013;Benzin;63 kW (86 PS);5,9 l/100 km;140 g/km
Mercedes-Benz;B 180;CDI Navi/ PDC/ NSW/ SHZ;Fahrerairbag, Beifahrerairbag, Alufelgen, Sitzheizung, Navigationssystem, Start/Stop-Automatik, Einparkhilfe Sensoren hinten, Wegfahrsperre;€ 8.750,-;nan;103.783 km;Automatik;08/2013;Diesel;80 kW (109 PS);4,6 l/100 km;122 g/km
Mercedes-Benz;A 180;AUTOMATIK LEDER PDC NAVI *TEXT LESEN*;Einparkhilfe Sensoren hinten, Sportpaket, Navigationssystem, Beifahrerairbag, Alufelgen, Ambientebeleuchtung, Einparkhilfe Sensoren vorne, Sitzheizung;€ 9.990,-;Sehr guter Preis;145.006 km;Automatik;07/2014;Benzin;90 kW (122 PS);5,5 l/100 km;130 g/km
Mercedes-Benz;E 220;CDI w212 *CO²-126g*AVANTGARDE*LED*COMAND*LEDER*;LED-Scheinwerfer, Navigationssystem, Abstandstempomat, Einparkhilfe Sensoren hinten, Verkehrszeichenerkennung, Elektrische Sitze, Einparkhilfe Sensoren vorne, Alufelgen;€ 10.800,-;Guter Preis;253.600 km;Schaltgetriebe;02/2014;Diesel;125 kW (170 PS);5,1 l/100 km;126 g/km
Skoda;Octavia;Combi 1.6 TDI Ambition PDChi|Tempo|Klima;Fahrerairbag, Klimaanlage, Sitzheizung, ABS, Dachreling, Tempomat, Beifahrerairbag, Sommerreifen;€ 5.400,-;Sehr guter Preis;218.843 km;Automatik;11/2014;Diesel;77 kW (105 PS);nan;nan
MINI;Cooper;+nur an Händler/Export+;Fahrerairbag, Radio, Nebelscheinwerfer, Lederlenkrad, Beifahrerairbag, Elektrische Sitze, Klimaanlage, Pannenkit;€ 4.500,-;Sehr guter Preis;126.792 km;Schaltgetriebe;01/2012;Benzin;90 kW (122 PS);nan;nan
Kia;Sportage;1.6 GDI 2WD Attract;Pannenkit, Alufelgen, Wegfahrsperre, Klimaanlage, Servolenkung, Elektrische Seitenspiegel, Armlehne, Tagfahrlicht;€ 9.950,-;Sehr guter Preis;41.000 km;Schaltgetriebe;08/2013;Benzin;99 kW (135 PS);6,8 l/100 km;158 g/km
Opel;Corsa;1.2 Selection Klima 5türig ISA Mod. 2015;Klimaanlage, E10-geeignet, Pannenkit, Beifahrerairbag, Bluetooth, Seitenairbag, USB, Elektr. Fensterheber;€ 5.590,-;Sehr guter Preis;80.281 km;Schaltgetriebe;10/2014;Benzin;51 kW (69 PS);5,5 l/100 km;146 g/km
Mercedes-Benz;E 250;d T-Modell/NAVI/LEDER/AHK/TEMPOMAT;Lederlenkrad, Freisprecheinrichtung, Anhängerkupplung, Soundsystem, Alufelgen, Sitzheizung, Luftfederung, Radio;€ 10.900,-;Sehr guter Preis;234.138 km;Automatik;04/2013;Diesel;150 kW (204 PS);5,1 l/100 km;135 g/km
Ford;Focus;Lim. Titanium Euro5,Navi,Klimaaut.;Touchscreen, Klimaautomatik, Einparkhilfe Sensoren hinten, Getönte Scheiben, Einparkhilfe Sensoren vorne, Alufelgen, Klimaanlage, Tempomat;€ 4.900,-;Sehr guter Preis;239.661 km;Schaltgetriebe;03/2015;Diesel;85 kW (116 PS);4,2 l/100 km;111 g/km
Renault;ZOE;Zen 22 KW KLIMA NAVI TEMPOMAT;Inzahlungnahme und Finanzierung oder Leasing möglich; ;nan;nan;nan;nan;nan;nan;nan;nan
Opel;Astra;J Design Edition 1/2026 Tüv/Zahnriemen Neu;Anhängerkupplung, Beifahrerairbag, Einparkhilfe Sensoren hinten, Lichtsensor, Lederlenkrad, Innenspiegel automatisch abblendend, Sportfahrwerk, Sportsitze;€ 2.500,-;Sehr guter Preis;318.000 km;Schaltgetriebe;01/2012;Diesel;92 kW (125 PS);4,5 l/100 km;119 g/km
Volkswagen;up!;1.0  move Klima+Sitzheizung;Sitzheizung, Klimaautomatik, Raucherpaket, Pannenkit, Lederlenkrad, MP3, teilb. Rücksitzbank, Multifunktionslenkrad;€ 6.480,-;Sehr guter Preis;129.980 km;Schaltgetriebe;05/2017;Benzin;44 kW (60 PS);nan;nan
Mitsubishi;Outlander;ClearTec Invite 2.2D 2WD/7 SITZPLÄTZE;Radio, Traktionskontrolle, Bluetooth, Fahrerairbag, Multifunktionslenkrad, Bordcomputer, Freisprecheinrichtung, Start/Stop-Automatik;€ 7.999,-;Fairer Preis;176.000 km;Schaltgetriebe;12/2014;Diesel;110 kW (150 PS);4,8 l/100 km;127 g/km
Opel;Adam;1.2 Jam IntelliLink LED KLIMA TEMP SHZ;Alufelgen, Apple CarPlay, Multifunktionslenkrad, Sitzheizung, Tempomat, Bluetooth, Geschwindigkeits-begrenzungsanlage, USB;€ 3.999,-;nan;179.000 km;Schaltgetriebe;06/2016;Benzin;51 kW (69 PS);5,3 l/100 km;126 g/km
Volkswagen;Tiguan;2.0 TDI DPF 4Motion BlueMotion Techn. DSG Sport;Elektrische Sitze, Panoramadach, Sprachsteuerung, Geschwindigkeits-begrenzungsanlage, Einparkhilfe Kamera, Tempomat, Navigationssystem, Bi-Xenon Scheinwerfer;€ 13.999,-;Sehr guter Preis;156.000 km;Automatik;11/2013;Diesel;130 kW (177 PS);5,9 l/100 km;154 g/km
Kia;Sportage;2.0 CDRi Spirit 4WD Navi Leder P-Dach;Panoramadach, Seitenairbag, Allrad, Navigationssystem, Sitzheizung, Scheinwerferreinigung, Geschwindigkeits-begrenzungsanlage, Beifahrerairbag;€ 11.980,-;Sehr guter Preis;91.152 km;Automatik;08/2012;Diesel;135 kW (184 PS);7,2 l/100 km;189 g/km
Hyundai;iX35;1.6 Comfort 2WD  AHK/Klima/SHZ;Anhängerkupplung, Sitzheizung, Dachreling, Armlehne, Traktionskontrolle, Wegfahrsperre, Multifunktionslenkrad, Bluetooth;€ 9.910,-;Sehr guter Preis;69.197 km;Schaltgetriebe;04/2014;Benzin;99 kW (135 PS);nan;nan
BMW;320;i Lim. *BI-XENON*NAVI*PDC*TEMPOMAT*VOLLEDER*;Getönte Scheiben, Einparkhilfe Sensoren vorne, Reifendruckkontrollsystem, Bi-Xenon Scheinwerfer, Navigationssystem, Tagfahrlicht, Sitzheizung, Gepäckraumabtrennung;€ 11.999,-;Sehr guter Preis;142.750 km;Schaltgetriebe;06/2014;Benzin;135 kW (184 PS);6,3 l/100 km;149 g/km
Nissan;X-Trail;2.0d 4X4 /NAVI/XENON/AHK/LEDER/PANO;GARANTIE • FINANZIERUNG • LIEFERUNG • ZULASSUNG;€ 7.990,-;nan;241.000 km;Schaltgetriebe;08/2012;Diesel;127 kW (173 PS);6,4 l/100 km;170 g/km
Skoda;Octavia;Combi RS *NAVI*Bi-Xenon*PDC*;Finanzierung auch ohne Anzahlung möglich;€ 10.699,-;Sehr guter Preis;163.143 km;Automatik;09/2014;Diesel;135 kW (184 PS);4,8 l/100 km;126 g/km
Volkswagen;Touran;Life BMT *KAMERA*NAVI*PDC*SHZ*MFL*AHK*;Anhängerkupplung, Sitzheizung, Alufelgen, Start/Stop-Automatik, Navigationssystem, Einparkhilfe Sensoren vorne, 2-Zonen-Klimaautomatik, Geschwindigkeits-begrenzungsanlage;€ 8.999,-;Sehr guter Preis;175.451 km;Schaltgetriebe;02/2013;Diesel;103 kW (140 PS);4,8 l/100 km;125 g/km
Dacia;Sandero;II Laureate;Klimaanlage, Bluetooth, Touchscreen, Pannenkit, Bordcomputer, Isofix, Beifahrerairbag, Wegfahrsperre;€ 2.999,-;Sehr guter Preis;172.000 km;Schaltgetriebe;03/2013;Autogas (LPG);55 kW (75 PS);6,1 l/100 km;138 g/km
Mercedes-Benz;A 180;A 180 CDI / d BlueEfficiency (176.012);Start/Stop-Automatik, Tagfahrlicht, Sportsitze, Einparkhilfe selbstlenkendes System, Xenonscheinwerfer, Elektronische Parkbremse, Navigationssystem, Sitzheizung;€ 8.500,-;Guter Preis;213.000 km;Schaltgetriebe;10/2012;Diesel;80 kW (109 PS);3,8 l/100 km;101 g/km
Volkswagen;CC;Basis BMT 4Motion Automatik  TÜV/HU/NEU;Allrad, Navigationssystem, Regensensor, Sportsitze, Sportpaket, Ambientebeleuchtung, Elektr. Fensterheber, Einparkhilfe Kamera;€ 11.300,-;Sehr guter Preis;211.521 km;Automatik;04/2014;Diesel;130 kW (177 PS);5,2 l/100 km;149 g/km
Citroen;C4 Cactus;BlueHDi TÜV und HU neu bis Zahnriemen neu;Klimaautomatik, Fahrerairbag, Touchscreen, Zentralverriegelung mit Funkfernbedienung, Elektr. Fensterheber, Dachreling, Geschwindigkeits-begrenzungsanlage, Multifunktionslenkrad;€ 6.000,-;Guter Preis;175.250 km;Schaltgetriebe;08/2014;Diesel;73 kW (99 PS);3,1 l/100 km;82 g/km
Mercedes-Benz;GLK 220;CDI 4Matic 7G-Tronic/PDC/NAVI/AHK;Einparkhilfe selbstlenkendes System, Anhängerkupplung, Sportfahrwerk, Start/Stop-Automatik, CD, Navigationssystem, Traktionskontrolle, Elektrische Sitze;€ 16.890,-;Sehr guter Preis;109.000 km;Automatik;10/2012;Diesel;125 kW (170 PS);nan;nan
Skoda;Fabia;1.2TSI Combi Cool Edition+KLIMA+PDC+ISOFIX;Alufelgen, Klimaanlage, Pannenkit, teilb. Rücksitzbank, Elektrische Seitenspiegel, Katalysator, MP3, Touchscreen;€ 7.450,-;Sehr guter Preis;126.000 km;Schaltgetriebe;04/2016;Benzin;66 kW (90 PS);nan;nan
BMW;X3;xDrive 20 d 20d Navi Leder Bi-Xenon ACC El. Heckkl;LED-Tagfahrlicht, Gepäckraumabtrennung, Xenonscheinwerfer, Tagfahrlicht, Innenspiegel automatisch abblendend, Allrad, Klimaanlage, Alufelgen;€ 15.990,-;Guter Preis;80.000 km;Schaltgetriebe;04/2012;Diesel;135 kW (184 PS);6,5 l/100 km;235 g/km
BMW;X3;Baureihe X3 xDrive 20 d M-Sport-Paket Xenon;Einparkhilfe Sensoren vorne, Sportfahrwerk, Sommerreifen, Sportpaket, Navigationssystem, Allrad, Start/Stop-Automatik, Bi-Xenon Scheinwerfer;€ 9.990,-;Guter Preis;235.000 km;Schaltgetriebe;12/2012;Diesel;135 kW (184 PS);5,6 l/100 km;148 g/km
Mercedes-Benz;Vito;Kombi 116 CDI lang Klima 9 Sitze;Klimaanlage, Beifahrerairbag, Start/Stop-Automatik, Getönte Scheiben, Schiebetür rechts, Lederlenkrad, Tagfahrlicht, Multifunktionslenkrad;€ 8.990,-;Fairer Preis;330.000 km;Schaltgetriebe;07/2013;Diesel;120 kW (163 PS);7,4 l/100 km;196 g/km
Mercedes-Benz;ML 350;CDI BT AMG Leder,Navi,Xenon,SH,SD,360° Kam;Finanzierung ab 6,29% / Sofortankauf & Inzahlungnahme;€ 22.500,-;Sehr guter Preis;144.440 km;Automatik;04/2013;Diesel;190 kW (258 PS);6,8 l/100 km;180 g/km
Opel;Adam;1.2 Jam IntelliLink LED KLIMA TEMP SHZ;Alufelgen, Apple CarPlay, Multifunktionslenkrad, Sitzheizung, Tempomat, Bluetooth, Geschwindigkeits-begrenzungsanlage, USB;€ 3.999,-;nan;179.000 km;Schaltgetriebe;06/2016;Benzin;51 kW (69 PS);5,3 l/100 km;126 g/km
Mercedes-Benz;Sprinter;313 CDI L2H1|AC|AHK|TÜV 8'2026|BREMSneu;Klimaanlage, Armlehne, USB, Elektrische Seitenspiegel, Radio, Anhängerkupplung, Zentralverriegelung;€ 7.800,-;Sehr guter Preis;393.331 km;Schaltgetriebe;06/2015;Diesel;95 kW (129 PS);8,0 l/100 km;212 g/km
Nissan;Qashqai;360° Navi SHZ Tempomat Pano;Tempomat, Beifahrerairbag, Panoramadach, Navigationssystem, Fahrerairbag, Sitzheizung, Armlehne, Innenspiegel automatisch abblendend;€ 7.999,-;Guter Preis;221.900 km;Schaltgetriebe;05/2015;Diesel;81 kW (110 PS);3,8 l/100 km;99 g/km
Audi;A6;Avant 3.0 TDI quattro ACC AHK LED STANDHZ.;Einparkhilfe Kamera, Sportsitze, LED-Scheinwerfer, Freisprecheinrichtung, Sportfahrwerk, Elektrische Seitenspiegel, Standheizung, Anhängerkupplung;€ 17.440,-;Guter Preis;198.000 km;Automatik;12/2015;Diesel;200 kW (272 PS);nan;nan
Volkswagen;Tiguan;Cup Sport;Sportsitze, Einparkhilfe Sensoren vorne, Isofix, Einparkhilfe selbstlenkendes System, Start/Stop-Automatik, Lederlenkrad, Multifunktionslenkrad, Einparkhilfe Sensoren hinten;€ 7.499,-;Guter Preis;254.300 km;Schaltgetriebe;07/2014;Diesel;81 kW (110 PS);5,3 l/100 km;139 g/km
Mercedes-Benz;A 200;BlueEfficiency NAVI*SHZ*PANO;USB, Navigationssystem, Einparkhilfe Sensoren hinten, Panoramadach, Sportpaket, Sitzheizung, Einparkhilfe Kamera, Zentralverriegelung;€ 12.990,-;Sehr guter Preis;142.915 km;Automatik;06/2014;Benzin;115 kW (156 PS);5,5 l/100 km;130 g/km
Citroen;C4 Cactus;Feel;Einparkhilfe Kamera, Bordcomputer, Alufelgen, Regensensor, Sommerreifen, Sitzheizung, Einparkhilfe Sensoren hinten, Bluetooth;€ 5.790,-;Fairer Preis;161.465 km;Schaltgetriebe;11/2015;Benzin;81 kW (110 PS);4,7 l/100 km;107 g/km
Mercedes-Benz;C 200;D w205 AVANTGARDE *Co²-106g *LEDER*NAVI*2.HAND;Sportsitze, Sportpaket, Alufelgen, Getönte Scheiben, Elektrische Sitze, Einparkhilfe Sensoren vorne, Lederlenkrad, Einparkhilfe Sensoren hinten;€ 15.000,-;Guter Preis;153.988 km;Schaltgetriebe;07/2015;Diesel;100 kW (136 PS);3,9 l/100 km;106 g/km
Audi;A6;2.0 TDI*S-Line*STANDHZ/KAMERA/AHK/20Z/GARANTIE;Sportfahrwerk, Anhängerkupplung, Start/Stop-Automatik, Sportsitze, Standheizung, Scheinwerferreinigung, Navigationssystem, Sportpaket;€ 16.990,-;Sehr guter Preis;122.000 km;Schaltgetriebe;05/2012;Diesel;130 kW (177 PS);5,0 l/100 km;133 g/km
Volkswagen;Polo;TSI Lounge;Sitzheizung, LED-Scheinwerfer, Alufelgen, 2-Zonen-Klimaautomatik, Einparkhilfe Sensoren hinten, Pannenkit, Bluetooth, Nebelscheinwerfer;€ 8.990,-;Sehr guter Preis;98.890 km;Schaltgetriebe;12/2015;Benzin;66 kW (90 PS);5,1 l/100 km;107 g/km
Fiat;Scudo;12 L2H1 130 Multijet;Bluetooth, Alufelgen, Freisprecheinrichtung, USB, Beifahrerairbag, Zentralverriegelung mit Funkfernbedienung, MP3, Reserverad;€ 3.800,-;Sehr guter Preis;206.252 km;Schaltgetriebe;09/2014;Diesel;94 kW (128 PS);nan;nan
Volkswagen;Golf;VII Lim. Highline *ACC*BI-XENON*NAVI*PDC*;Bi-Xenon Scheinwerfer, Start/Stop-Automatik, Sportsitze, Einparkhilfe Sensoren hinten, Alufelgen, 2-Zonen-Klimaautomatik, Einparkhilfe Sensoren vorne, Fahrerairbag;€ 9.899,-;Fairer Preis;180.244 km;Automatik;10/2013;Benzin;103 kW (140 PS);4,7 l/100 km;110 g/km
Mercedes-Benz;CLA 200;*NAVI*TEMPOMAT*SZHZ*PDC*;Alufelgen, Getönte Scheiben, Navigationssystem, Multifunktionslenkrad, Soundsystem, Einparkhilfe Sensoren vorne, Lichtsensor, Sitzheizung;€ 13.799,-;Sehr guter Preis;145.161 km;Schaltgetriebe;10/2015;Diesel;100 kW (136 PS);4,3 l/100 km;111 g/km
Mercedes-Benz;B 180;B180 AMG Sport Leder Sitzheizung PDC Bi-Xenon;Seit 1963 Ihr KFZ-Meisterbetrieb in Mainz Bretzenheim;€ 10.990,-;Sehr guter Preis;90.000 km;Schaltgetriebe;10/2013;Benzin;90 kW (122 PS);5,9 l/100 km;140 g/km
Skoda;Superb;Combi 2.0 TDI Green tec DSG Exclusive;Abstandswarner, Allrad, Ambientebeleuchtung, Sportfahrwerk, Anhängerkupplung, Elektrische Sitze, Scheinwerferreinigung, Touchscreen;€ 13.240,-;Sehr guter Preis;124.500 km;Automatik;09/2015;Diesel;125 kW (170 PS);5,2 l/100 km;138 g/km
Land Rover;Range Rover Evoque;2.2 Td4*Meridian*AHK*Tempomat;Allrad, Elektrische Sitze, Navigationssystem, Anhängerkupplung, Touchscreen, Beifahrerairbag, Allwetterreifen, Bi-Xenon Scheinwerfer;€ 11.950,-;Sehr guter Preis;187.386 km;Schaltgetriebe;04/2015;Diesel;110 kW (150 PS);5,7 l/100 km;151 g/km
Ford;Transit Custom;Kombi 300 L1 2.2 TDCi *2093;Beifahrerairbag, Start/Stop-Automatik, Schiebetür rechts, Radio, Notrad, Traktionskontrolle, Katalysator, Elektr. Fensterheber;€ 7.988,-;Sehr guter Preis;210.000 km;Schaltgetriebe;04/2014;Diesel;74 kW (101 PS);nan;nan
Volvo;XC70;D5 5 Zyl Momen AWD LEDER+MEMO+NAV+AHK+XEN+;Allrad, Sommerreifen, Fahrerairbag, Sprachsteuerung, Elektrische Sitze, Multifunktionslenkrad, Sitzheizung, Beifahrerairbag;€ 10.550,-;Sehr guter Preis;261.858 km;Schaltgetriebe;09/2012;Diesel;158 kW (215 PS);5,6 l/100 km;148 g/km
Ford;Transit Custom;Kombi 300 L1 2.2 TDCi *1495;Beifahrerairbag, Start/Stop-Automatik, Schiebetür rechts, Fahrerairbag, Traktionskontrolle, Notrad, Zentralverriegelung mit Funkfernbedienung, Elektr. Fensterheber;€ 10.988,-;Sehr guter Preis;138.000 km;Schaltgetriebe;12/2014;Diesel;74 kW (101 PS);nan;nan
Volkswagen;Touran;Comfortline Navi,SH,PDC,Standheizung;Finanzierung ab 6,29% / Sofortankauf & Inzahlungnahme;€ 11.300,-;Sehr guter Preis;188.220 km;Schaltgetriebe;11/2015;Diesel;110 kW (150 PS);4,5 l/100 km;118 g/km
Mazda;CX-5;Sports-Line AWD *SHZ/NAVI/AHK/PDC*;Allrad, Bluetooth, Sitzheizung, Getönte Scheiben, Isofix, Sommerreifen, Anhängerkupplung, Einparkhilfe Sensoren vorne;€ 8.990,-;Guter Preis;160.000 km;Schaltgetriebe;01/2014;Diesel;129 kW (175 PS);5,2 l/100 km;138 g/km
Jaguar;XF;20d R-Sport Automatik EU6 Leder Navi Xenon Pano PD;Finanzierung ab 5,99%;€ 12.350,-;Fairer Preis;197.000 km;Automatik;10/2015;Diesel;132 kW (179 PS);nan;nan
Mercedes-Benz;B 180;CDI, 1.Hand, Navi, Klimaautom., Sitzheiz.;Berganfahrassistent, Lederlenkrad, Einparkhilfe Sensoren vorne, Getönte Scheiben, Einparkhilfe selbstlenkendes System, 2-Zonen-Klimaautomatik, Start/Stop-Automatik, Sommerreifen;€ 8.950,-;Sehr guter Preis;158.500 km;Schaltgetriebe;02/2015;Diesel;80 kW (109 PS);4,4 l/100 km;117 g/km
Chevrolet;Captiva;2.4 LT 2WD,  7 Sitzer;Alufelgen, Sitzheizung, Sommerreifen, Radio, Fahrerairbag, Wegfahrsperre, Bluetooth, ESP;€ 5.850,-;Guter Preis;124.000 km;Schaltgetriebe;08/2012;Benzin;123 kW (167 PS);8,9 l/100 km;211 g/km
Ford;Focus;Business  HU, Wartung,Reifen neu!;Tempomat, Pannenkit, Verkehrszeichenerkennung, Einparkhilfe Sensoren hinten, Sitzheizung, Navigationssystem, Seitenairbag, Klimaanlage;€ 6.600,-;Sehr guter Preis;122.006 km;Schaltgetriebe;06/2016;Benzin;74 kW (101 PS);4,6 l/100 km;109 g/km
Mercedes-Benz;C 250;C -Klasse Coupe C 250 CDI BlueEfficiency;Sportfahrwerk, Wegfahrsperre, Spurhalteassistent, Navigationssystem, Sportsitze, Freisprecheinrichtung, Multifunktionslenkrad, Soundsystem;€ 12.900,-;Guter Preis;214.000 km;Automatik;06/2014;Diesel;150 kW (204 PS);4,9 l/100 km;130 g/km
Volkswagen;Touran;2.0 TDI, 7 Sitze, Panorama-Schiebedach;Tempomat, Navigationssystem, Alufelgen, Schiebedach, Panoramadach, Allwetterreifen, Klimaautomatik, Radio;€ 12.780,-;Sehr guter Preis;131.626 km;Schaltgetriebe;12/2015;Diesel;103 kW (140 PS);nan;nan
Skoda;Yeti;Elegance 4x4 AHK Bi-Xenon Klimaaut Einparkhilfe Ku;Allrad, Sitzheizung, Anhängerkupplung, Xenonscheinwerfer, Navigationssystem, Alufelgen, Einparkhilfe Sensoren vorne, Bi-Xenon Scheinwerfer;€ 12.770,-;Sehr guter Preis;67.009 km;Schaltgetriebe;06/2013;Benzin;118 kW (160 PS);nan;nan
Mercedes-Benz;Sprinter;II 316 CDI Hoch+Lang*Klima*L2-H2*;12-64 Monate Garantie / Tüv & Inspektion= NEU !;€ 11.500,-;Sehr guter Preis;260.000 km;Schaltgetriebe;10/2014;Diesel;120 kW (163 PS);8,0 l/100 km;212 g/km
Mercedes-Benz;Viano;2.2 CDI lang *AHK*CARPLAY*TEMP*PDC*KLIMA*;Schiebetür rechts, Beifahrerairbag, Getönte Scheiben, Sitzheizung, Alufelgen, Anhängerkupplung, Bluetooth, Isofix;€ 17.499,-;Sehr guter Preis;210.681 km;Automatik;03/2013;Diesel;120 kW (163 PS);7,4 l/100 km;196 g/km
Toyota;Aygo;Cool - Klima 5 Türer;Klimaanlage, Elektr. Fensterheber, Radio, Seitenairbag, Gepäckraumabtrennung, teilb. Rücksitzbank, Fahrerairbag, Zentralverriegelung;€ 4.910,-;Guter Preis;95.117 km;Schaltgetriebe;06/2012;Benzin;50 kW (68 PS);nan;nan
Nissan;Juke;Visia Plus 1.6 Klima Radio Allwetter AHK;Über 400 Dacia Neuwagen im Bestand/3 Jahre Garantie;€ 5.490,-;Fairer Preis;185.000 km;Schaltgetriebe;09/2014;Benzin;69 kW (94 PS);6,0 l/100 km;138 g/km
BMW;X5;xDrive30d   NAVI   Xenon   AHK   Kamera;Sportsitze, Anhängerkupplung, Einparkhilfe Kamera, Spoiler, Einparkhilfe Sensoren vorne, Spurhalteassistent, Elektrische Heckklappe, Ambientebeleuchtung;€ 21.500,-;Sehr guter Preis;179.450 km;Automatik;05/2015;Diesel;190 kW (258 PS);5,9 l/100 km;156 g/km
Volkswagen;Passat Variant;2.0 TDI BlueMotion Technology Highline;Start/Stop-Automatik, Gepäckraumabtrennung, Lordosenstütze, Einparkhilfe Sensoren hinten, Bi-Xenon Scheinwerfer, Isofix, Alufelgen, Sitzheizung;€ 6.940,-;Sehr guter Preis;237.712 km;Schaltgetriebe;01/2012;Diesel;103 kW (140 PS);nan;nan
Audi;A3;2.0 TDI Sport-Sitze*XENON*NAVI*Sitzhzg*PDC*;Sportfahrwerk, Sportpaket, Freisprecheinrichtung, USB, Sitzheizung, LED-Tagfahrlicht, Müdigkeitswarnsystem, Sportsitze;Guter Preis;Guter Preis;178.000 km;Schaltgetriebe;01/2014;Diesel;110 kW (150 PS);4,1 l/100 km;109 g/km
SEAT;Ibiza;SC Reference Salsa;Fahrerairbag, Klimaanlage, Beifahrerairbag, Pannenkit, Wegfahrsperre, Elektr. Fensterheber, ESP, Seitenairbag;€ 4.199,-;Sehr guter Preis;139.100 km;Schaltgetriebe;08/2013;Benzin;63 kW (86 PS);5,9 l/100 km;140 g/km
Maserati;Levante;Diesel Panorama, Memory, Scheckheft,;Inzahlungnahme, Finanzierung ohne Anzahlung, Top Preise;€ 25.990,-;Sehr guter Preis;167.000 km;Automatik;10/2016;Diesel;202 kW (275 PS);8,3 l/100 km;220 g/km
Peugeot;5008;Allure 1.6 Blue-HDI Navi Panorama 7-Sitzer;Über 400 Dacia Neuwagen im Bestand/3 Jahre Garantie;€ 9.990,-;Fairer Preis;165.000 km;Automatik;11/2016;Diesel;88 kW (120 PS);4,4 l/100 km;114 g/km
Fiat;Panda;1.2 Young Klimaanlage Radio Allwetterreifen Euro 6;Klimaanlage, Radio, Elektr. Fensterheber, Kopfairbag, Bluetooth, Allwetterreifen, Isofix, E10-geeignet;€ 5.890,-;Guter Preis;92.400 km;Schaltgetriebe;11/2014;Benzin;51 kW (69 PS);nan;nan
Renault;Megane;Play/ALLWETTER/AHK/SEHR SAUBER;Touchscreen, Anhängerkupplung, Beifahrerairbag, ABS, Armlehne, Reifendruckkontrollsystem, Elektrische Seitenspiegel, Tempomat;€ 7.000,-;Sehr guter Preis;104.000 km;Schaltgetriebe;04/2018;Benzin;74 kW (101 PS);5,4 l/100 km;120 g/km
Volkswagen;Tiguan;2.0 TDI Trend & Fun BMT / PDC / SHZ;Touchscreen, Start/Stop-Automatik, Sitzheizung, Einparkhilfe Sensoren vorne, Einparkhilfe Kamera, Fahrerairbag, Einparkhilfe Sensoren hinten, Alufelgen;€ 11.490,-;Guter Preis;162.522 km;Schaltgetriebe;01/2015;Diesel;81 kW (110 PS);5,3 l/100 km;139 g/km
Nissan;Micra;Micra Visia First 1.2;Klimaanlage, Katalysator, ESP, Fahrerairbag, Wegfahrsperre, USB, CD, Kopfairbag;€ 5.990,-;Sehr guter Preis;57.700 km;Schaltgetriebe;04/2014;Benzin;59 kW (80 PS);nan;nan
Opel;Vivaro;8042;Behindertengerecht, Schiebetür rechts, Lederlenkrad, Radio;€ 10.988,-;Sehr guter Preis;72.484 km;Schaltgetriebe;12/2014;Diesel;66 kW (90 PS);nan;nan
SEAT;Ibiza;Style EcoTSI Tempomat Bluetooth Aux-In USB Tel.-Vo;Klimaautomatik, Multifunktionslenkrad, Katalysator, Seitenairbag, Tempomat, Reifendruckkontrollsystem, Nebelscheinwerfer, Pannenkit;€ 7.500,-;Sehr guter Preis;133.482 km;Schaltgetriebe;02/2017;Benzin;81 kW (110 PS);nan;nan
Renault;Kadjar;1.5 dCi 110 Bose Edition ENERGY;Sitzheizung, LED-Scheinwerfer, Beifahrerairbag, Isofix, Verkehrszeichenerkennung, Navigationssystem, Alufelgen, Geschwindigkeits-begrenzungsanlage;€ 10.990,-;Sehr guter Preis;150.000 km;Automatik;08/2016;Diesel;81 kW (110 PS);nan;nan
BMW;X5;xDrive 40 d Panoramadach;Start/Stop-Automatik, Schaltwippen, Panoramadach, Reifendruckkontrollsystem, Spurhalteassistent, Sprachsteuerung, Sommerreifen, Schlüssellose Zentralverriegelung;€ 24.400,-;Guter Preis;165.758 km;Halbautomatik;03/2014;Diesel;230 kW (313 PS);6,9 l/100 km;183 g/km
Opel;Mokka;1.4 Turbo ecoFLEX Start/Stop Edition;Meistergeprüft;€ 9.910,-;Sehr guter Preis;77.350 km;Schaltgetriebe;04/2014;Benzin;103 kW (140 PS);nan;nan
Nissan;Qashqai+2;1.6 dCi *1.HAND*7SITZ*NAVI*PANO*360°*;Navigationssystem, Panoramadach, Beifahrerairbag, Einparkhilfe Sensoren vorne, Sommerreifen, 2-Zonen-Klimaautomatik, Regensensor, Bluetooth;€ 9.990,-;Guter Preis;138.500 km;Schaltgetriebe;06/2012;Diesel;96 kW (131 PS);4,7 l/100 km;123 g/km
Volkswagen;Tiguan;1.4 TSI BlueMotion Technology Trend & Fun;Alufelgen, Anhängerkupplung, Isofix, Gepäckraumabtrennung, Airbag hinten, Einparkhilfe Sensoren vorne, Armlehne, Wegfahrsperre;€ 9.960,-;Guter Preis;138.436 km;Schaltgetriebe;06/2015;Benzin;90 kW (122 PS);nan;nan
Nissan;Qashqai;Tekna 4x4 Navigation 8-fach;Allrad, Sitzheizung, LED-Scheinwerfer, Panoramadach, Navigationssystem, Beifahrerairbag, Elektrische Sitze, Radio;€ 11.800,-;Sehr guter Preis;109.000 km;Schaltgetriebe;05/2015;Diesel;96 kW (131 PS);4,9 l/100 km;129 g/km
BMW;320;d / BI-XENON / S-DACH / LEDER / HEAD UP;Navigationssystem, Schiebedach, Head-up display, Bi-Xenon Scheinwerfer, Multifunktionslenkrad, Einparkhilfe Sensoren hinten, Sitzheizung, Einparkhilfe Sensoren vorne;€ 16.490,-;Guter Preis;95.958 km;Automatik;02/2012;Diesel;135 kW (184 PS);4,5 l/100 km;119 g/km
Volkswagen;Golf;VI Cabriolet *PDC*AHK*BI-XENON*NAVI*;Navigationssystem, Standheizung, LED-Tagfahrlicht, Zentralverriegelung, Soundsystem, Einparkhilfe Sensoren vorne, Einparkhilfe Sensoren hinten, ESP;€ 6.599,-;Fairer Preis;202.673 km;Schaltgetriebe;01/2012;Benzin;90 kW (122 PS);6,4 l/100 km;149 g/km
Mercedes-Benz;B 180;CDI Navi/ PDC/ NSW/ SHZ;Fahrerairbag, Beifahrerairbag, Alufelgen, Sitzheizung, Navigationssystem, Start/Stop-Automatik, Einparkhilfe Sensoren hinten, Wegfahrsperre;€ 8.750,-;nan;103.783 km;Automatik;08/2013;Diesel;80 kW (109 PS);4,6 l/100 km;122 g/km
SEAT;Leon;1.2 TSI SCHECKHEFT,2.HAND,TEMPOMAT,KLIMA;Fahrerairbag, Beifahrerairbag, LED-Tagfahrlicht, Alufelgen, Start/Stop-Automatik, Bluetooth, Reifendruckkontrollsystem, Touchscreen;€ 6.880,-;Guter Preis;129.000 km;Schaltgetriebe;03/2013;Benzin;77 kW (105 PS);4,9 l/100 km;116 g/km
Renault;Espace;V Intens Energy dCi 160*7Sitzer*AT Motor bei 90tkm;Schiebedach, Klimaanlage, Soundsystem, Voll-LED Scheinwerfer, Elektrische Heckklappe, Anhängerkupplung, Verkehrszeichenerkennung, 2-Zonen-Klimaautomatik;€ 12.950,-;Guter Preis;166.000 km;Automatik;11/2015;Diesel;118 kW (160 PS);4,7 l/100 km;123 g/km
Dacia;Logan;Prestige MCV 1.5 dCi ~ Navi ~ MFL~ PDC~;Klimaanlage, Fahrerairbag, Dachreling, Allwetterreifen, Tempomat, Alufelgen, Elektr. Fensterheber, Navigationssystem;€ 7.999,-;Guter Preis;83.000 km;Schaltgetriebe;04/2016;Diesel;66 kW (90 PS);3,8 l/100 km;101 g/km
SEAT;Leon;FR 1,4l TSI+NAVI+LED+SHZ+PDC;Navigationssystem, Einparkhilfe, LED, Sitzheizung;Guter Preis;Guter Preis;138.388 km;Schaltgetriebe;09/2014;Benzin;110 kW (150 PS);4,7 l/100 km;nan
Opel;Corsa;INNOVATION 1.4 TURBO(ecoFlex) S&S +S/LHZ++;Sitzheizung, Alufelgen, Beheizbares Lenkrad, Katalysator, Geschwindigkeits-begrenzungsanlage, Xenonscheinwerfer, USB, MP3;€ 8.490,-;Sehr guter Preis;66.180 km;Schaltgetriebe;04/2016;Benzin;74 kW (101 PS);nan;nan
Ford;Focus;Turnier 1.6 TDCI DPF;USB, Fahrerairbag, Standheizung, Klimaanlage, Wegfahrsperre, Zentralverriegelung, Elektr. Fensterheber, Start/Stop-Automatik;€ 2.600,-;Guter Preis;309.750 km;Schaltgetriebe;11/2012;Diesel;70 kW (95 PS);4,5 l/100 km;119 g/km
Opel;Mokka X;1.6 CDTI Automatik Navi Color Innovation;Einparkhilfe Kamera, Sommerreifen, Einparkhilfe Sensoren vorne, Sitzheizung, LED-Scheinwerfer, Alufelgen, Kurvenlicht, Navigationssystem;€ 10.880,-;Sehr guter Preis;101.266 km;Automatik;06/2017;Diesel;100 kW (136 PS);nan;nan
Mercedes-Benz;CLS 350;CDI*AMG-SPORT PAKET*TÜV neu;Sportpaket, Soundsystem, Sportfahrwerk, Radio, Sportsitze, LED-Scheinwerfer, Alufelgen, Sitzheizung;€ 18.990,-;Sehr guter Preis;174.128 km;Automatik;03/2015;Diesel;195 kW (265 PS);6,1 l/100 km;162 g/km
SEAT;Ibiza;5trg Style Klimaauto*Navi*PDC*Sitzhzg*Alu;Sitzheizung, E10-geeignet, Klimaanlage, Navigationssystem, Lederlenkrad, Bluetooth, Klimaautomatik, Wegfahrsperre;€ 7.490,-;Guter Preis;74.490 km;Schaltgetriebe;04/2014;Benzin;51 kW (69 PS);5,4 l/100 km;128 g/km
Opel;Astra;1.4 Turbo Aut. Allwetter Pdc Navi Shz Lhz;Bi-Xenon Scheinwerfer, Einparkhilfe Sensoren vorne, Navigationssystem, Einparkhilfe Sensoren hinten, LED-Tagfahrlicht, 2-Zonen-Klimaautomatik, Sportfahrwerk, Xenonscheinwerfer;€ 10.990,-;Sehr guter Preis;51.293 km;Automatik;09/2012;Benzin;103 kW (140 PS);6,6 l/100 km;154 g/km
Audi;Q5;3.0 TDI  quattro OFFROAD / BI-XENON / AHK;Sitzheizung, Navigationssystem, Schaltwippen, Elektrische Sitze, Standheizung, Anhängerkupplung, Einparkhilfe Sensoren hinten, Multifunktionslenkrad;€ 14.990,-;Guter Preis;213.172 km;Automatik;01/2013;Diesel;180 kW (245 PS);6,4 l/100 km;170 g/km
Volkswagen;Touran;Trendline kompl.umklap.Rücks.Bank/HU neu;Alufelgen, Klimaanlage, Isofix, Radio, Gepäckraumabtrennung, Lederlenkrad, Wegfahrsperre, Seitenairbag;€ 8.490,-;Guter Preis;114.923 km;Schaltgetriebe;11/2012;Benzin;77 kW (105 PS);6,4 l/100 km;149 g/km
Audi;Q7;3.0 TFSI QUATTRO NAVI+LED+AHK+R.KAMERA+LEDER;Sommerreifen, Sitzheizung, Kurvenlicht, Alufelgen, Allrad, Armlehne, Scheinwerferreinigung, Bluetooth;€ 17.998,-;Guter Preis;140.000 km;Automatik;06/2012;Benzin;200 kW (272 PS);10,7 l/100 km;254 g/km
Skoda;Octavia;1.6 TDI DSG Ambition NAVI/AHK*;Alufelgen, Bordcomputer, Touchscreen, Anhängerkupplung, Einparkhilfe Sensoren vorne, Sommerreifen, USB, Einparkhilfe Sensoren hinten;€ 8.990,-;Guter Preis;174.200 km;Automatik;12/2016;Diesel;81 kW (110 PS);nan;nan
Mazda;CX-5;Sports-Line AWD*Tempomat*RfK*LED;Fahrerairbag, Sportpaket, Einparkhilfe Kamera, Elektrische Sitze, LED-Scheinwerfer, Beifahrerairbag, Totwinkel-Assistent, Allrad;€ 10.590,-;Sehr guter Preis;178.632 km;Automatik;11/2015;Diesel;129 kW (175 PS);5,5 l/100 km;144 g/km
Volkswagen;Caddy;Alltrack 4x4*Behindertengerecht am Lenkrad;Behindertengerecht, Allrad, Schiebetür links, Schiebetür rechts, Sitzheizung, Standheizung, Beifahrerairbag, Isofix;€ 14.900,-;nan;246.767 km;Automatik;02/2019;Diesel;110 kW (150 PS);5,6 l/100 km;148 g/km
Opel;Adam;Turbo *HU NEU*;Bordcomputer, Alufelgen, Sportfahrwerk, Tempomat, Bluetooth, Touchscreen, Radio, Pannenkit;€ 6.799,-;Guter Preis;147.000 km;Schaltgetriebe;11/2014;Benzin;85 kW (116 PS);4,3 l/100 km;116 g/km
Audi;A3;Sportback S-Line Automatik*LED*Navi*SHZ;Elektrische Sitze, Multifunktionslenkrad, Navigationssystem, Sitzheizung, LED-Scheinwerfer, Getönte Scheiben, Scheinwerferreinigung, LED-Tagfahrlicht;€ 15.480,-;Sehr guter Preis;85.850 km;Automatik;04/2015;Benzin;132 kW (179 PS);4,4 l/100 km;116 g/km
Mercedes-Benz;A 180;AUTOMATIK LEDER PDC NAVI *TEXT LESEN*;Einparkhilfe Sensoren hinten, Sportpaket, Navigationssystem, Beifahrerairbag, Alufelgen, Ambientebeleuchtung, Einparkhilfe Sensoren vorne, Sitzheizung;€ 9.990,-;Sehr guter Preis;145.006 km;Automatik;07/2014;Benzin;90 kW (122 PS);5,5 l/100 km;130 g/km
Audi;A3;Sportback S-Line Automatik*LED*Navi*SHZ;Elektrische Sitze, Multifunktionslenkrad, Navigationssystem, Sitzheizung, LED-Scheinwerfer, Getönte Scheiben, Scheinwerferreinigung, LED-Tagfahrlicht;€ 15.480,-;Sehr guter Preis;85.850 km;Automatik;04/2015;Benzin;132 kW (179 PS);4,4 l/100 km;116 g/km
BMW;118;i Advantage Aut. *LED*NAVI*PDC*TEMPOMAT*;LED-Scheinwerfer, Navigationssystem, Sitzheizung, Sprachsteuerung, LED-Tagfahrlicht, 2-Zonen-Klimaautomatik, Einparkhilfe Sensoren hinten, Reifendruckkontrollsystem;€ 11.799,-;Sehr guter Preis;139.056 km;Automatik;02/2017;Benzin;100 kW (136 PS);5,1 l/100 km;119 g/km
Mercedes-Benz;B 180;Aut. Style*LED*NAVI*AHK*PDC*;Elektrische Seitenspiegel, Anhängerkupplung, Sitzheizung, Sportpaket, Alufelgen, Navigationssystem, Multifunktionslenkrad, Lederlenkrad;€ 13.900,-;Sehr guter Preis;82.000 km;Automatik;03/2015;Benzin;90 kW (122 PS);5,6 l/100 km;132 g/km
Mazda;6;2.2 SKYACTIV-D Sports-Line;Skisack, Xenonscheinwerfer, Airbag hinten, Lichtsensor, Sitzheizung, USB, Alufelgen, Beifahrerairbag;€ 10.550,-;Fairer Preis;147.000 km;Schaltgetriebe;05/2014;Diesel;129 kW (175 PS);nan;nan
Dacia;Logan;MCV II Kombi Laureate*AUTOM.*NAVI*TÜV NEU*;Klimaanlage, Alufelgen, Anhängerkupplung, Beifahrerairbag, Elektrische Seitenspiegel, Tempomat, Navigationssystem, Getönte Scheiben;€ 6.900,-;Guter Preis;157.000 km;Automatik;07/2017;Diesel;66 kW (90 PS);3,6 l/100 km;92 g/km
Volkswagen;Touran;Comfortline 2.0 TDI DSG LED KAMERA ALU APS SITZHZG;LED-Scheinwerfer, Einparkhilfe Kamera, Einparkhilfe Sensoren vorne, Getönte Scheiben, Sitzheizung, Dachreling, Kurvenlicht, Alufelgen;€ 12.988,-;Sehr guter Preis;228.600 km;Automatik;08/2020;Diesel;110 kW (150 PS);5,6 l/100 km;1 g/km
Mercedes-Benz;Vito;116 CDI lang 9. Sitzer Navi Klima Kamera;Schiebetür, Getönte Scheiben, Start/Stop-Automatik, Alufelgen, Beifahrerairbag, Raucherpaket, Elektrische Seitenspiegel, Allwetterreifen;€ 14.950,-;Fairer Preis;164.000 km;Schaltgetriebe;05/2012;Diesel;120 kW (163 PS);nan;nan
Mercedes-Benz;E 220;Edition E BlueTec 4Matic+LEDER+NAVI+LED+;Allrad, Schiebedach, Elektrische Sitze, Sitzheizung, LED-Scheinwerfer, Einparkhilfe Sensoren vorne, Fahrerairbag, Freisprecheinrichtung;€ 15.990,-;Fairer Preis;193.322 km;Automatik;03/2015;Diesel;125 kW (170 PS);5,3 l/100 km;140 g/km
Fiat;500;Lounge  CABRIO;Einparkhilfe Sensoren hinten, Alufelgen, Reifendruckkontrollsystem, Lederlenkrad, Elektrische Seitenspiegel, Nebelscheinwerfer, Schiebedach, Elektr. Fensterheber;€ 6.849,-;Guter Preis;112.500 km;Schaltgetriebe;10/2015;Benzin;51 kW (69 PS);4,9 l/100 km;115 g/km
Peugeot;2008;1.2 12V VTi / PureTech 82 Active *LED*PDC;Pannenkit, Sitzheizung, Touchscreen, Dachreling, Beifahrerairbag, Einparkhilfe Sensoren hinten, Elektrische Seitenspiegel, Wegfahrsperre;€ 6.993,-;Guter Preis;106.462 km;Schaltgetriebe;07/2015;Benzin;60 kW (82 PS);nan;nan
Mercedes-Benz;Vito;119 CDI Aut. 4MATIC lang-8Si.-Navi-Kamera-;Schiebetür rechts, Einparkhilfe Kamera, Allrad, Seitenairbag, Beifahrerairbag, Reifendruckkontrollsystem, Isofix, Getönte Scheiben;€ 22.900,-;Sehr guter Preis;199.900 km;Automatik;08/2016;Diesel;140 kW (190 PS);5,8 l/100 km;nan
Mercedes-Benz;GLK 220;CDI 4MATIC 7G-Tr. AMG *AHK*PANO*KAMERA*MB-SCHECKH.;Sportpaket, Sportfahrwerk, 3-Zonen-Klimaautomatik, Anhängerkupplung, Einparkhilfe selbstlenkendes System, Elektrische Heckklappe, Sitzheizung, Einparkhilfe Kamera;€ 19.900,-;Fairer Preis;158.000 km;Automatik;10/2014;Diesel;125 kW (170 PS);6,2 l/100 km;161 g/km
Opel;Insignia;ST OPC UNLIMITED 2.8 V6 4x4, AHK, Pano, BOSE, ACC;Innenspiegel automatisch abblendend, Tempomat, Sportfahrwerk, Apple CarPlay, Klimaanlage, Sommerreifen, Panoramadach, Touchscreen;€ 14.980,-;Sehr guter Preis;127.600 km;Automatik;01/2017;Benzin;239 kW (325 PS);11,0 l/100 km;253 g/km
Nissan;Qashqai;1.6 360° Pano;Alufelgen, Bluetooth, Radio, Beifahrerairbag, Fahrerairbag, Geschwindigkeits-begrenzungsanlage, Navigationssystem, Getönte Scheiben;€ 8.900,-;Guter Preis;127.987 km;Schaltgetriebe;01/2014;Benzin;86 kW (117 PS);6,2 l/100 km;147 g/km
Skoda;Superb;Combi Style 2.0 TDI DSG AHK EXPORT;Elektrische Sitze, Alufelgen, Apple CarPlay, Bi-Xenon Scheinwerfer, Sitzheizung, Beifahrerairbag, USB, Elektrische Seitenspiegel;€ 14.900,-;Sehr guter Preis;157.900 km;Automatik;04/2017;Diesel;140 kW (190 PS);4,5 l/100 km;114 g/km
Ford;C-Max;Sync Edition;Beifahrerairbag, Alufelgen, Fahrerairbag, Sitzheizung, Elektr. Fensterheber, Beheizbare Frontscheibe, ABS, Lordosenstütze;€ 7.850,-;Guter Preis;60.334 km;Schaltgetriebe;10/2014;Benzin;74 kW (101 PS);nan;nan
Kia;Ceed / cee'd;Spirit*PANO*NAVI*XENON*SPURHALTEASS*AHK;Bordcomputer, Lichtsensor, Panoramadach, Einparkhilfe Sensoren hinten, Spurhalteassistent, Anhängerkupplung, Wegfahrsperre, Bluetooth;€ 10.890,-;Sehr guter Preis;70.465 km;Automatik;05/2012;Benzin;99 kW (135 PS);nan;nan
Volkswagen;Golf;VII Comf. 1.6 TDI 1.Hd*Navi*ACC*PDC*AHK;Apple CarPlay, MP3, Alufelgen, Einparkhilfe Sensoren vorne, Lordosenstütze, LED-Tagfahrlicht, Abstandstempomat, Pannenkit;€ 11.990,-;Guter Preis;146.000 km;Schaltgetriebe;11/2017;Diesel;85 kW (116 PS);nan;nan
Mercedes-Benz;E 220;CDI w212 *CO²-126g*AVANTGARDE*LED*COMAND*LEDER*;LED-Scheinwerfer, Navigationssystem, Abstandstempomat, Einparkhilfe Sensoren hinten, Verkehrszeichenerkennung, Elektrische Sitze, Einparkhilfe Sensoren vorne, Alufelgen;€ 10.800,-;Guter Preis;253.600 km;Schaltgetriebe;02/2014;Diesel;125 kW (170 PS);5,1 l/100 km;126 g/km
Volkswagen;Golf;VII Comf. 1.6 TDI 1.Hd*Navi*ACC*PDC*AHK;Apple CarPlay, MP3, Alufelgen, Einparkhilfe Sensoren vorne, Lordosenstütze, LED-Tagfahrlicht, Abstandstempomat, Pannenkit;€ 11.990,-;Guter Preis;146.000 km;Schaltgetriebe;11/2017;Diesel;85 kW (116 PS);nan;nan
Land Rover;Range Rover Evoque;2.0 Sd4 SE Dynamic GOLD;Seit 1963 Ihr KFZ-Meisterbetrieb in Mainz Bretzenheim;€ 16.900,-;Fairer Preis;152.900 km;Schaltgetriebe;02/2016;Diesel;132 kW (179 PS);4,8 l/100 km;125 g/km
Volkswagen;Touareg;V8 TDI R-Line 4.2 Pano*Standh.*ACC*Kam;Einparkhilfe Kamera, Sportpaket, Wegfahrsperre, Lederlenkrad, Anhängerkupplung, Alufelgen, Panoramadach, Elektrische Sitze;€ 21.790,-;Guter Preis;193.000 km;Automatik;01/2014;Diesel;250 kW (340 PS);nan;nan
SEAT;Ibiza;*Navi*SitzHZ*Klima*Geplegt+Top*;Multifunktionslenkrad, Alufelgen, Klimaautomatik, Navigationssystem, Sitzheizung, Scheinwerferreinigung, E10-geeignet, Wegfahrsperre;€ 5.999,-;Fairer Preis;148.000 km;Schaltgetriebe;04/2013;Benzin;63 kW (86 PS);5,9 l/100 km;140 g/km
Audi;A4;"AMBITION 1.8 TFSI SPORT EDITION AUT. |XEN|18""";Sportfahrwerk, Sportpaket, Getönte Scheiben, 3-Zonen-Klimaautomatik, Alufelgen, Reifendruckkontrollsystem, Sitzheizung, Einparkhilfe Sensoren vorne;€ 13.990,-;Guter Preis;133.797 km;Automatik;07/2015;Benzin;125 kW (170 PS);6,2 l/100 km;144 g/km
Hyundai;i30;FIFA World Cup Edition *NAVI*KAMERA*Sitzhzg*ALU*;Radio, Sitzheizung, Navigationssystem, Einparkhilfe Kamera, USB, 2-Zonen-Klimaautomatik, Zentralverriegelung mit Funkfernbedienung, Multifunktionslenkrad;€ 9.780,-;Sehr guter Preis;79.000 km;Schaltgetriebe;03/2015;Benzin;99 kW (135 PS);5,7 l/100 km;134 g/km
Volkswagen;Sharan;Comfortline 2.0 TDI Automatik/ Navi/ AHK;Elektrische Sitze, Radio, Getönte Scheiben, Apple CarPlay, Einparkhilfe Sensoren vorne, Alufelgen, Sportsitze, Navigationssystem;€ 14.990,-;Sehr guter Preis;159.215 km;Automatik;07/2016;Diesel;110 kW (150 PS);5,2 l/100 km;136 g/km
Volkswagen;Golf;VI GTI *Bi-Xenon AFL*DCC*;Finanzierung auch ohne Anzahlung möglich;€ 9.899,-;Guter Preis;165.428 km;Schaltgetriebe;07/2012;Benzin;155 kW (211 PS);7,3 l/100 km;170 g/km
BMW;X1;18d sDrive Automatik Becherhalter TÜV NEU;Seit 1963 Ihr KFZ-Meisterbetrieb in Mainz Bretzenheim;€ 11.990,-;Erhöhter Preis;157.000 km;Automatik;06/2012;Diesel;105 kW (143 PS);5,9 l/100 km;155 g/km
Skoda;Superb;Combi 2.0 TDI DSG Ambition *NAVI*PDC*DAB*;Elektrische Sitze, Sitzheizung, Getönte Scheiben, Beifahrerairbag, 2-Zonen-Klimaautomatik, Induktionsladen für Smartphones, Freisprecheinrichtung, Apple CarPlay;€ 11.980,-;Sehr guter Preis;208.767 km;Automatik;06/2017;Diesel;140 kW (190 PS);4,6 l/100 km;119 g/km
Volkswagen;Golf;VII Lim. Cup BMT Navi,SH,PDC,Park Assist;Finanzierung ab 6,29% / Sofortankauf & Inzahlungnahme;€ 9.990,-;Guter Preis;127.940 km;Schaltgetriebe;10/2014;Benzin;103 kW (140 PS);5,2 l/100 km;119 g/km
BMW;320;d Sport *VOLLAUSSTATTUNG*PANO/LEDER/GARANTIE;Sportpaket, Sportsitze, Panoramadach, Bi-Xenon Scheinwerfer, Start/Stop-Automatik, Navigationssystem, Anhängerkupplung, Sommerreifen;€ 16.890,-;Fairer Preis;109.000 km;Automatik;09/2013;Diesel;135 kW (184 PS);4,7 l/100 km;125 g/km
Opel;Karl;Exklusiv Leder+PDC+Sitz&Lenkradhzg+Navi;FINANZIERUNG 78€ mtl. / ANKAUF / LIEFERUNG;€ 7.880,-;Guter Preis;88.210 km;Schaltgetriebe;02/2016;Benzin;56 kW (76 PS);4,3 l/100 km;102 g/km
BMW;320;d Sport Line*AHK*LASER*KAMERA*8.FACH*AMBIENTE;Einparkhilfe Kamera, Sportpaket, Sportsitze, Apple CarPlay, Volldigitales Kombiinstrument, Ambientebeleuchtung, Laserlicht, Getönte Scheiben;€ 18.700,-;Guter Preis;194.000 km;Automatik;07/2021;Diesel;140 kW (190 PS);4,2 l/100 km;109 g/km
Audi;A6;35 TDI VIRTUAL/LEDER/SPORT;Sportpaket, LED-Scheinwerfer, Volldigitales Kombiinstrument, Einparkhilfe Kamera, Ambientebeleuchtung, Elektrische Heckklappe, Elektrische Sitze, Alufelgen;€ 23.500,-;Sehr guter Preis;151.700 km;Automatik;03/2020;Diesel;120 kW (163 PS);4,3 l/100 km;112 g/km
Mitsubishi;ASX;1.6 Klassik Kollekt GEPFLEGT+SHZ+KAM+AHK+TEM;Touchscreen, Radio, Sitzheizung, Anhängerkupplung, Navigationssystem, Isofix, Alufelgen, Beifahrerairbag;€ 7.250,-;Fairer Preis;213.160 km;Schaltgetriebe;05/2015;Benzin;86 kW (117 PS);5,8 l/100 km;137 g/km
Skoda;Superb;2.0 TDI  Exclusive DSG ~LED~Bi-Xenon~Navi;Bi-Xenon Scheinwerfer, Start/Stop-Automatik, Navigationssystem, Anhängerkupplung, Bluetooth, Alufelgen, Getönte Scheiben, Einparkhilfe Sensoren hinten;€ 9.999,-;Fairer Preis;199.035 km;Automatik;11/2013;Diesel;103 kW (140 PS);4,6 l/100 km;122 g/km
BMW;X5;xDrive30d Navi Prof Xenon StanHzg AHK EU6;Beifahrerairbag, Einparkhilfe Sensoren vorne, Alufelgen, Sitzheizung, 2-Zonen-Klimaautomatik, Anhängerkupplung, Standheizung, Allrad;€ 21.450,-;Guter Preis;177.000 km;Automatik;01/2014;Diesel;190 kW (258 PS);5,9 l/100 km;156 g/km
Toyota;Auris;1.3 Cool*KLIMA*GARANTIE*;❗Service Historie und Gebrauchtspureninfos auf Anruf;€ 9.850,-;nan;55.770 km;Schaltgetriebe;09/2015;Benzin;73 kW (99 PS);5,5 l/100 km;128 g/km
Volkswagen;Golf;2.0TDI Highline SHZ Kamera Tempomat 1. Hand;Einparkhilfe Sensoren vorne, Einparkhilfe Kamera, Einparkhilfe Sensoren hinten, 2-Zonen-Klimaautomatik, Alufelgen, Sommerreifen, Sportsitze, Start/Stop-Automatik;€ 9.950,-;Fairer Preis;249.985 km;Automatik;09/2015;Diesel;110 kW (150 PS);4,5 l/100 km;119 g/km
Ford;Tourneo Custom;"2,0TDCI""Titanium""2Schiebetüren""9Sitze""";Einparkhilfe Kamera, Radio, Beifahrerairbag, Schiebetür links, Alufelgen, Getönte Scheiben, Isofix, Abstandstempomat;€ 19.990,-;nan;120.000 km;Automatik;06/2017;Diesel;125 kW (170 PS);nan;nan
Mercedes-Benz;E 250;CGI BE Cabrio AMG-Line, Leder, Navi, 7G;Einparkhilfe Sensoren hinten, Sportfahrwerk, Lichtsensor, Sommerreifen, Navigationssystem, LED-Tagfahrlicht, Scheinwerferreinigung, Schaltwippen;€ 17.950,-;Sehr guter Preis;125.000 km;Automatik;04/2012;Benzin;150 kW (204 PS);7,0 l/100 km;166 g/km
Porsche;Macan;"S Diesel PDK 21"" PANORAMA";Bordcomputer, Touchscreen, LED-Tagfahrlicht, Innenspiegel automatisch abblendend, Soundsystem, Abstandswarner, Panoramadach, Schiebedach;€ 26.900,-;Sehr guter Preis;182.000 km;Automatik;06/2015;Diesel;190 kW (258 PS);6,3 l/100 km;167 g/km
Volkswagen;Caddy;Maxi Comfortline DSG Navi*SHZ*Tempomat*AHK;Beifahrerairbag, Alufelgen, Klimaanlage, Anhängerkupplung, Radio, Kurvenlicht, Armlehne, Navigationssystem;€ 14.800,-;Sehr guter Preis;145.305 km;Automatik;05/2012;Diesel;103 kW (140 PS);6,3 l/100 km;166 g/km
Opel;Mokka;Edition Sitz&Lenkradhzg+PDC+Klimaauto+Navi;Sitzheizung, Navigationssystem, E10-geeignet, 2-Zonen-Klimaautomatik, Apple CarPlay, Sommerreifen, Beheizbares Lenkrad, Touchscreen;€ 9.880,-;Sehr guter Preis;115.613 km;Schaltgetriebe;01/2017;Benzin;103 kW (140 PS);6,0 l/100 km;142 g/km
Peugeot;308;SW 1.5 Aut Activ NAV+SHZ+PDC+TEM+SERVICE NEU;Sitzheizung, Navigationssystem, Freisprecheinrichtung, 2-Zonen-Klimaautomatik, Getönte Scheiben, Beifahrerairbag, Apple CarPlay, Geschwindigkeits-begrenzungsanlage;€ 8.950,-;Guter Preis;143.898 km;Automatik;08/2019;Benzin;96 kW (131 PS);nan;nan
Volkswagen;Amarok;Highline DoubleCab 4Motion Navi*Xenon*AHK;Einparkhilfe Kamera, Einparkhilfe Sensoren vorne, Bi-Xenon Scheinwerfer, Beifahrerairbag, Klimaautomatik, Bordcomputer, Sitzheizung, Winterpaket;€ 17.998,-;Guter Preis;287.200 km;Automatik;03/2018;Diesel;165 kW (224 PS);8,0 l/100 km;210 g/km
Volkswagen;Scirocco;2.0d BMT SPORTPAKET+NAVI 510+LEDER+KAM+;Radio, Einparkhilfe Kamera, Navigationssystem, Sportpaket, Sportfahrwerk, Getönte Scheiben, Fahrerairbag, Armlehne;€ 9.750,-;Sehr guter Preis;171.043 km;Automatik;02/2014;Diesel;103 kW (140 PS);4,9 l/100 km;129 g/km
Citroen;DS3;SoChic |HiFi|1J.GARANTIE;Geschwindigkeits-begrenzungsanlage, Tempomat, Alufelgen, Klimaautomatik, Lederlenkrad, Sommerreifen, E10-geeignet, USB;€ 6.000,-;Sehr guter Preis;94.800 km;Schaltgetriebe;01/2015;Benzin;60 kW (82 PS);nan;nan
Mercedes-Benz;CLS 350;CDI 4Matic /NAVI/LED/AIRMATIC/CAM/GARANT;GARANTIE • FINANZIERUNG • LIEFERUNG • ZULASSUNG;€ 21.990,-;nan;110.000 km;Automatik;06/2012;Diesel;195 kW (265 PS);6,9 l/100 km;183 g/km
Renault;Kadjar;Energy TCe 165 Crossborder;LED-Scheinwerfer, Sitzheizung, Elektrische Sitze, Abstandstempomat, Sommerreifen, Beifahrerairbag, Navigationssystem, Winterpaket;€ 13.980,-;Sehr guter Preis;77.279 km;Schaltgetriebe;09/2017;Benzin;120 kW (163 PS);nan;nan
Citroen;C3;Exclusive *1.HAND*AHK*ALCANTARA*KLIMA*TEMPOMA;Fahrerairbag, Schaltwippen, Isofix, Anhängerkupplung, Reifendruckkontrollsystem, Geschwindigkeits-begrenzungsanlage, USB, Klimaanlage;€ 7.799,-;Fairer Preis;102.251 km;Automatik;04/2015;Benzin;60 kW (82 PS);4,3 l/100 km;99 g/km
Ford;Tourneo Connect;1.6 TDCi 5 SITZE TITANIUM PANO;Beifahrerairbag, Schiebetür rechts, Anhängerkupplung, Kurvenlicht, Alufelgen, Schiebetür links, Fahrerairbag, Lichtsensor;€ 12.880,-;Sehr guter Preis;94.506 km;Schaltgetriebe;03/2015;Diesel;85 kW (116 PS);4,9 l/100 km;130 g/km
Renault;Megane;Grandtour GT Line mit VOLLAUSTATTUNG;ABS, Sportfahrwerk, Zentralverriegelung mit Funkfernbedienung, Verkehrszeichenerkennung, Lordosenstütze, Einparkhilfe Sensoren hinten, Sitzheizung, Abstandstempomat;€ 10.300,-;Guter Preis;138.000 km;Schaltgetriebe;07/2015;Diesel;120 kW (163 PS);5,6 l/100 km;148 g/km
BMW;X3;Baureihe X3 xDrive35d;Soundsystem, Sportfahrwerk, Navigationssystem, Sportpaket, 360° Kamera, Abstandstempomat, Head-up display, Einparkhilfe Sensoren vorne;€ 16.500,-;Sehr guter Preis;174.896 km;Automatik;11/2013;Diesel;230 kW (313 PS);6,1 l/100 km;162 g/km
Skoda;Octavia;Combi Ambition*Navigation*AHK*Tempomat;Bluetooth, Anhängerkupplung, Freisprecheinrichtung, Getönte Scheiben, Tempomat, Beifahrerairbag, Navigationssystem, ESP;€ 5.900,-;Sehr guter Preis;285.775 km;Automatik;07/2014;Diesel;110 kW (150 PS);4,5 l/100 km;119 g/km
Opel;Adam;1.2 Jam IntelliLink LED KLIMA TEMP SHZ;Alufelgen, Apple CarPlay, Multifunktionslenkrad, Sitzheizung, Tempomat, Bluetooth, Geschwindigkeits-begrenzungsanlage, USB;€ 3.999,-;nan;179.000 km;Schaltgetriebe;06/2016;Benzin;51 kW (69 PS);5,3 l/100 km;126 g/km
Mercedes-Benz;C 220;Lim. Avantgarde Ad Blue defekt!;Schiebedach, Alufelgen, Navigationssystem, Ambientebeleuchtung, Bordcomputer, Freisprecheinrichtung, LED-Scheinwerfer, Anhängerkupplung;€ 12.490,-;Sehr guter Preis;205.000 km;Automatik;06/2014;Diesel;125 kW (170 PS);4,0 l/100 km;110 g/km
Ford;Focus;Titanium 1,0 125PS BI-Xenon/Navi/Winterp.;E10-geeignet, Einparkhilfe selbstlenkendes System, 2-Zonen-Klimaautomatik, Spurhalteassistent, Einparkhilfe Sensoren hinten, USB, Dachreling, Sitzheizung;€ 7.710,-;Sehr guter Preis;118.000 km;Schaltgetriebe;03/2015;Benzin;92 kW (125 PS);nan;nan
Mercedes-Benz;A 180;AUTOMATIK LEDER PDC NAVI *TEXT LESEN*;Einparkhilfe Sensoren hinten, Sportpaket, Navigationssystem, Beifahrerairbag, Alufelgen, Ambientebeleuchtung, Einparkhilfe Sensoren vorne, Sitzheizung;€ 9.990,-;Sehr guter Preis;145.006 km;Automatik;07/2014;Benzin;90 kW (122 PS);5,5 l/100 km;130 g/km
SEAT;Ibiza;SC Reference Salsa;Fahrerairbag, Klimaanlage, Beifahrerairbag, Pannenkit, Wegfahrsperre, Elektr. Fensterheber, ESP, Seitenairbag;€ 4.199,-;Sehr guter Preis;139.100 km;Schaltgetriebe;08/2013;Benzin;63 kW (86 PS);5,9 l/100 km;140 g/km
Mercedes-Benz;B 180;CDI Navi/ PDC/ NSW/ SHZ;Fahrerairbag, Beifahrerairbag, Alufelgen, Sitzheizung, Navigationssystem, Start/Stop-Automatik, Einparkhilfe Sensoren hinten, Wegfahrsperre;€ 8.750,-;nan;103.783 km;Automatik;08/2013;Diesel;80 kW (109 PS);4,6 l/100 km;122 g/km
Mercedes-Benz;E 220;CDI w212 *CO²-126g*AVANTGARDE*LED*COMAND*LEDER*;LED-Scheinwerfer, Navigationssystem, Abstandstempomat, Einparkhilfe Sensoren hinten, Verkehrszeichenerkennung, Elektrische Sitze, Einparkhilfe Sensoren vorne, Alufelgen;€ 10.800,-;Guter Preis;253.600 km;Schaltgetriebe;02/2014;Diesel;125 kW (170 PS);5,1 l/100 km;126 g/km
Skoda;Octavia;Combi 1.6 TDI Ambition PDChi|Tempo|Klima;Fahrerairbag, Klimaanlage, Sitzheizung, ABS, Dachreling, Tempomat, Beifahrerairbag, Sommerreifen;€ 5.400,-;Sehr guter Preis;218.843 km;Automatik;11/2014;Diesel;77 kW (105 PS);nan;nan
Peugeot;2008;Allure Motor dreht nicht;Bluetooth, Alufelgen, ABS, Ambientebeleuchtung, Zentralverriegelung, Sportsitze, Tagfahrlicht, Getönte Scheiben;€ 2.400,-;nan;290.000 km;Schaltgetriebe;06/2014;Diesel;84 kW (114 PS);4,0 l/100 km;106 g/km
Opel;Corsa;1.2 Selection Klima 5türig ISA Mod. 2015;Klimaanlage, E10-geeignet, Pannenkit, Beifahrerairbag, Bluetooth, Seitenairbag, USB, Elektr. Fensterheber;€ 5.590,-;Sehr guter Preis;80.281 km;Schaltgetriebe;10/2014;Benzin;51 kW (69 PS);5,5 l/100 km;146 g/km
Mercedes-Benz;E 250;d T-Modell/NAVI/LEDER/AHK/TEMPOMAT;Lederlenkrad, Freisprecheinrichtung, Anhängerkupplung, Soundsystem, Alufelgen, Sitzheizung, Luftfederung, Radio;€ 10.900,-;Sehr guter Preis;234.138 km;Automatik;04/2013;Diesel;150 kW (204 PS);5,1 l/100 km;135 g/km
Mitsubishi;Outlander;ClearTec Invite 2.2D 2WD/7 SITZPLÄTZE;Radio, Traktionskontrolle, Bluetooth, Fahrerairbag, Multifunktionslenkrad, Bordcomputer, Freisprecheinrichtung, Start/Stop-Automatik;€ 7.999,-;Fairer Preis;176.000 km;Schaltgetriebe;12/2014;Diesel;110 kW (150 PS);4,8 l/100 km;127 g/km
Renault;ZOE;Zen 22 KW KLIMA NAVI TEMPOMAT;Inzahlungnahme und Finanzierung oder Leasing möglich; ;nan;nan;nan;nan;nan;nan;nan;nan
Hyundai;iX35;1.6 Comfort 2WD  AHK/Klima/SHZ;Anhängerkupplung, Sitzheizung, Dachreling, Armlehne, Traktionskontrolle, Wegfahrsperre, Multifunktionslenkrad, Bluetooth;€ 9.910,-;Sehr guter Preis;69.197 km;Schaltgetriebe;04/2014;Benzin;99 kW (135 PS);nan;nan
Volkswagen;Tiguan;2.0 TDI DPF 4Motion BlueMotion Techn. DSG Sport;Elektrische Sitze, Panoramadach, Sprachsteuerung, Geschwindigkeits-begrenzungsanlage, Einparkhilfe Kamera, Tempomat, Navigationssystem, Bi-Xenon Scheinwerfer;€ 13.999,-;Sehr guter Preis;156.000 km;Automatik;11/2013;Diesel;130 kW (177 PS);5,9 l/100 km;154 g/km
Volkswagen;up!;1.0  move Klima+Sitzheizung;Sitzheizung, Klimaautomatik, Raucherpaket, Pannenkit, Lederlenkrad, MP3, teilb. Rücksitzbank, Multifunktionslenkrad;€ 6.480,-;Sehr guter Preis;129.980 km;Schaltgetriebe;05/2017;Benzin;44 kW (60 PS);nan;nan
BMW;320;i Lim. *BI-XENON*NAVI*PDC*TEMPOMAT*VOLLEDER*;Getönte Scheiben, Einparkhilfe Sensoren vorne, Reifendruckkontrollsystem, Bi-Xenon Scheinwerfer, Navigationssystem, Tagfahrlicht, Sitzheizung, Gepäckraumabtrennung;€ 11.999,-;Sehr guter Preis;142.750 km;Schaltgetriebe;06/2014;Benzin;135 kW (184 PS);6,3 l/100 km;149 g/km
Ford;Focus;Lim. Titanium Euro5,Navi,Klimaaut.;Touchscreen, Klimaautomatik, Einparkhilfe Sensoren hinten, Getönte Scheiben, Einparkhilfe Sensoren vorne, Alufelgen, Klimaanlage, Tempomat;€ 4.900,-;Sehr guter Preis;239.661 km;Schaltgetriebe;03/2015;Diesel;85 kW (116 PS);4,2 l/100 km;111 g/km
Mercedes-Benz;C 220;Lim. Avantgarde Ad Blue defekt!;Schiebedach, Alufelgen, Navigationssystem, Ambientebeleuchtung, Bordcomputer, Freisprecheinrichtung, LED-Scheinwerfer, Anhängerkupplung;€ 12.490,-;Sehr guter Preis;205.000 km;Automatik;06/2014;Diesel;125 kW (170 PS);4,0 l/100 km;110 g/km
Mercedes-Benz;C 200;D w205 AVANTGARDE *Co²-106g *LEDER*NAVI*2.HAND;Sportsitze, Sportpaket, Alufelgen, Getönte Scheiben, Elektrische Sitze, Einparkhilfe Sensoren vorne, Lederlenkrad, Einparkhilfe Sensoren hinten;€ 15.000,-;Guter Preis;153.988 km;Schaltgetriebe;07/2015;Diesel;100 kW (136 PS);3,9 l/100 km;106 g/km
Skoda;Fabia;1.2TSI Combi Cool Edition+KLIMA+PDC+ISOFIX;Alufelgen, Klimaanlage, Pannenkit, teilb. Rücksitzbank, Elektrische Seitenspiegel, Katalysator, MP3, Touchscreen;€ 7.450,-;Sehr guter Preis;126.000 km;Schaltgetriebe;04/2016;Benzin;66 kW (90 PS);nan;nan
Citroen;C4 Cactus;BlueHDi TÜV und HU neu bis Zahnriemen neu;Klimaautomatik, Fahrerairbag, Touchscreen, Zentralverriegelung mit Funkfernbedienung, Elektr. Fensterheber, Dachreling, Geschwindigkeits-begrenzungsanlage, Multifunktionslenkrad;€ 6.000,-;Guter Preis;175.250 km;Schaltgetriebe;08/2014;Diesel;73 kW (99 PS);3,1 l/100 km;82 g/km
Audi;A6;Avant 3.0 TDI quattro ACC AHK LED STANDHZ.;Einparkhilfe Kamera, Sportsitze, LED-Scheinwerfer, Freisprecheinrichtung, Sportfahrwerk, Elektrische Seitenspiegel, Standheizung, Anhängerkupplung;€ 17.440,-;Guter Preis;198.000 km;Automatik;12/2015;Diesel;200 kW (272 PS);nan;nan
Skoda;Octavia;Combi RS *NAVI*Bi-Xenon*PDC*;Finanzierung auch ohne Anzahlung möglich;€ 10.699,-;Sehr guter Preis;163.143 km;Automatik;09/2014;Diesel;135 kW (184 PS);4,8 l/100 km;126 g/km
Skoda;Superb;Combi 2.0 TDI Green tec DSG Exclusive;Abstandswarner, Allrad, Ambientebeleuchtung, Sportfahrwerk, Anhängerkupplung, Elektrische Sitze, Scheinwerferreinigung, Touchscreen;€ 13.240,-;Sehr guter Preis;124.500 km;Automatik;09/2015;Diesel;125 kW (170 PS);5,2 l/100 km;138 g/km
Dacia;Sandero;II Laureate;Klimaanlage, Bluetooth, Touchscreen, Pannenkit, Bordcomputer, Isofix, Beifahrerairbag, Wegfahrsperre;€ 2.999,-;Sehr guter Preis;172.000 km;Schaltgetriebe;03/2013;Autogas (LPG);55 kW (75 PS);6,1 l/100 km;138 g/km
Volkswagen;Touran;Life BMT *KAMERA*NAVI*PDC*SHZ*MFL*AHK*;Anhängerkupplung, Sitzheizung, Alufelgen, Start/Stop-Automatik, Navigationssystem, Einparkhilfe Sensoren vorne, 2-Zonen-Klimaautomatik, Geschwindigkeits-begrenzungsanlage;€ 8.999,-;Sehr guter Preis;175.451 km;Schaltgetriebe;02/2013;Diesel;103 kW (140 PS);4,8 l/100 km;125 g/km
Volkswagen;CC;Basis BMT 4Motion Automatik  TÜV/HU/NEU;Allrad, Navigationssystem, Regensensor, Sportsitze, Sportpaket, Ambientebeleuchtung, Elektr. Fensterheber, Einparkhilfe Kamera;€ 11.300,-;Sehr guter Preis;211.521 km;Automatik;04/2014;Diesel;130 kW (177 PS);5,2 l/100 km;149 g/km
Mercedes-Benz;ML 350;CDI BT AMG Leder,Navi,Xenon,SH,SD,360° Kam;Finanzierung ab 6,29% / Sofortankauf & Inzahlungnahme;€ 22.500,-;Sehr guter Preis;144.440 km;Automatik;04/2013;Diesel;190 kW (258 PS);6,8 l/100 km;180 g/km
Mercedes-Benz;Vito;Kombi 116 CDI lang Klima 9 Sitze;Klimaanlage, Beifahrerairbag, Start/Stop-Automatik, Getönte Scheiben, Schiebetür rechts, Lederlenkrad, Tagfahrlicht, Multifunktionslenkrad;€ 8.990,-;Fairer Preis;330.000 km;Schaltgetriebe;07/2013;Diesel;120 kW (163 PS);7,4 l/100 km;196 g/km
Mercedes-Benz;A 200;BlueEfficiency NAVI*SHZ*PANO;USB, Navigationssystem, Einparkhilfe Sensoren hinten, Panoramadach, Sportpaket, Sitzheizung, Einparkhilfe Kamera, Zentralverriegelung;€ 12.990,-;Sehr guter Preis;142.915 km;Automatik;06/2014;Benzin;115 kW (156 PS);5,5 l/100 km;130 g/km
Volkswagen;Polo;TSI Lounge;Sitzheizung, LED-Scheinwerfer, Alufelgen, 2-Zonen-Klimaautomatik, Einparkhilfe Sensoren hinten, Pannenkit, Bluetooth, Nebelscheinwerfer;€ 8.990,-;Sehr guter Preis;98.890 km;Schaltgetriebe;12/2015;Benzin;66 kW (90 PS);5,1 l/100 km;107 g/km
Renault;Kadjar;Bose Edition + TÜV + NEU +;Einparkhilfe Sensoren vorne, 2-Zonen-Klimaautomatik, Voll-LED Scheinwerfer, Einparkhilfe Kamera, Einparkhilfe selbstlenkendes System, Touchscreen, LED-Scheinwerfer, Isofix;€ 8.970,-;Guter Preis;153.103 km;Schaltgetriebe;11/2016;Benzin;96 kW (131 PS);nan;nan
Renault;Kadjar;1.5 dCi 110 Bose Edition ENERGY;Sitzheizung, LED-Scheinwerfer, Beifahrerairbag, Isofix, Verkehrszeichenerkennung, Navigationssystem, Alufelgen, Geschwindigkeits-begrenzungsanlage;€ 10.990,-;Sehr guter Preis;150.000 km;Automatik;08/2016;Diesel;81 kW (110 PS);nan;nan
Land Rover;Range Rover Evoque;2.2 Td4*Meridian*AHK*Tempomat;Allrad, Elektrische Sitze, Navigationssystem, Anhängerkupplung, Touchscreen, Beifahrerairbag, Allwetterreifen, Bi-Xenon Scheinwerfer;€ 11.950,-;Sehr guter Preis;187.386 km;Schaltgetriebe;04/2015;Diesel;110 kW (150 PS);5,7 l/100 km;151 g/km
Volkswagen;Tiguan;Cup Sport;Sportsitze, Einparkhilfe Sensoren vorne, Isofix, Einparkhilfe selbstlenkendes System, Start/Stop-Automatik, Lederlenkrad, Multifunktionslenkrad, Einparkhilfe Sensoren hinten;€ 7.499,-;Guter Preis;254.300 km;Schaltgetriebe;07/2014;Diesel;81 kW (110 PS);5,3 l/100 km;139 g/km
Ford;Focus;Titanium 1,0 125PS BI-Xenon/Navi/Winterp.;E10-geeignet, Einparkhilfe selbstlenkendes System, 2-Zonen-Klimaautomatik, Spurhalteassistent, Einparkhilfe Sensoren hinten, USB, Dachreling, Sitzheizung;€ 7.710,-;Sehr guter Preis;118.000 km;Schaltgetriebe;03/2015;Benzin;92 kW (125 PS);nan;nan
Mercedes-Benz;CLA 200;*NAVI*TEMPOMAT*SZHZ*PDC*;Alufelgen, Getönte Scheiben, Navigationssystem, Multifunktionslenkrad, Soundsystem, Einparkhilfe Sensoren vorne, Lichtsensor, Sitzheizung;€ 13.799,-;Sehr guter Preis;145.161 km;Schaltgetriebe;10/2015;Diesel;100 kW (136 PS);4,3 l/100 km;111 g/km
Ford;Transit Custom;Kombi 300 L1 2.2 TDCi *1495;Beifahrerairbag, Start/Stop-Automatik, Schiebetür rechts, Fahrerairbag, Traktionskontrolle, Notrad, Zentralverriegelung mit Funkfernbedienung, Elektr. Fensterheber;€ 10.988,-;Sehr guter Preis;138.000 km;Schaltgetriebe;12/2014;Diesel;74 kW (101 PS);nan;nan
Mercedes-Benz;Sprinter;313 CDI L2H1|AC|AHK|TÜV 8'2026|BREMSneu;Klimaanlage, Armlehne, USB, Elektrische Seitenspiegel, Radio, Anhängerkupplung, Zentralverriegelung;€ 7.800,-;Sehr guter Preis;393.331 km;Schaltgetriebe;06/2015;Diesel;95 kW (129 PS);8,0 l/100 km;212 g/km
Volkswagen;Golf;VII Lim. Highline *ACC*BI-XENON*NAVI*PDC*;Bi-Xenon Scheinwerfer, Start/Stop-Automatik, Sportsitze, Einparkhilfe Sensoren hinten, Alufelgen, 2-Zonen-Klimaautomatik, Einparkhilfe Sensoren vorne, Fahrerairbag;€ 9.899,-;Fairer Preis;180.244 km;Automatik;10/2013;Benzin;103 kW (140 PS);4,7 l/100 km;110 g/km
Mercedes-Benz;B 180;B180 AMG Sport Leder Sitzheizung PDC Bi-Xenon;Seit 1963 Ihr KFZ-Meisterbetrieb in Mainz Bretzenheim;€ 10.990,-;Sehr guter Preis;90.000 km;Schaltgetriebe;10/2013;Benzin;90 kW (122 PS);5,9 l/100 km;140 g/km
Citroen;C4 Cactus;Feel;Einparkhilfe Kamera, Bordcomputer, Alufelgen, Regensensor, Sommerreifen, Sitzheizung, Einparkhilfe Sensoren hinten, Bluetooth;€ 5.790,-;Fairer Preis;161.465 km;Schaltgetriebe;11/2015;Benzin;81 kW (110 PS);4,7 l/100 km;107 g/km
Volkswagen;Touran;Comfortline Navi,SH,PDC,Standheizung;Finanzierung ab 6,29% / Sofortankauf & Inzahlungnahme;€ 11.300,-;Sehr guter Preis;188.220 km;Schaltgetriebe;11/2015;Diesel;110 kW (150 PS);4,5 l/100 km;118 g/km
Fiat;Scudo;12 L2H1 130 Multijet;Bluetooth, Alufelgen, Freisprecheinrichtung, USB, Beifahrerairbag, Zentralverriegelung mit Funkfernbedienung, MP3, Reserverad;€ 3.800,-;Sehr guter Preis;206.252 km;Schaltgetriebe;09/2014;Diesel;94 kW (128 PS);nan;nan
Maserati;Levante;Diesel Panorama, Memory, Scheckheft,;Inzahlungnahme, Finanzierung ohne Anzahlung, Top Preise;€ 25.990,-;Sehr guter Preis;167.000 km;Automatik;10/2016;Diesel;202 kW (275 PS);8,3 l/100 km;220 g/km
BMW;X5;xDrive30d   NAVI   Xenon   AHK   Kamera;Sportsitze, Anhängerkupplung, Einparkhilfe Kamera, Spoiler, Einparkhilfe Sensoren vorne, Spurhalteassistent, Elektrische Heckklappe, Ambientebeleuchtung;€ 21.500,-;Sehr guter Preis;179.450 km;Automatik;05/2015;Diesel;190 kW (258 PS);5,9 l/100 km;156 g/km
Mercedes-Benz;B 180;CDI, 1.Hand, Navi, Klimaautom., Sitzheiz.;Berganfahrassistent, Lederlenkrad, Einparkhilfe Sensoren vorne, Getönte Scheiben, Einparkhilfe selbstlenkendes System, 2-Zonen-Klimaautomatik, Start/Stop-Automatik, Sommerreifen;€ 8.950,-;Sehr guter Preis;158.500 km;Schaltgetriebe;02/2015;Diesel;80 kW (109 PS);4,4 l/100 km;117 g/km
Ford;Focus;Business  HU, Wartung,Reifen neu!;Tempomat, Pannenkit, Verkehrszeichenerkennung, Einparkhilfe Sensoren hinten, Sitzheizung, Navigationssystem, Seitenairbag, Klimaanlage;€ 6.600,-;Sehr guter Preis;122.006 km;Schaltgetriebe;06/2016;Benzin;74 kW (101 PS);4,6 l/100 km;109 g/km
Jaguar;XF;20d R-Sport Automatik EU6 Leder Navi Xenon Pano PD;Finanzierung ab 5,99%;€ 12.350,-;Fairer Preis;197.000 km;Automatik;10/2015;Diesel;132 kW (179 PS);nan;nan
Ford;Transit Custom;Kombi 300 L1 2.2 TDCi *2093;Beifahrerairbag, Start/Stop-Automatik, Schiebetür rechts, Radio, Notrad, Traktionskontrolle, Katalysator, Elektr. Fensterheber;€ 7.988,-;Sehr guter Preis;210.000 km;Schaltgetriebe;04/2014;Diesel;74 kW (101 PS);nan;nan
Nissan;Qashqai;360° Navi SHZ Tempomat Pano;Tempomat, Beifahrerairbag, Panoramadach, Navigationssystem, Fahrerairbag, Sitzheizung, Armlehne, Innenspiegel automatisch abblendend;€ 7.999,-;Guter Preis;221.900 km;Schaltgetriebe;05/2015;Diesel;81 kW (110 PS);3,8 l/100 km;99 g/km
Renault;Megane;Play/ALLWETTER/AHK/SEHR SAUBER;Touchscreen, Anhängerkupplung, Beifahrerairbag, ABS, Armlehne, Reifendruckkontrollsystem, Elektrische Seitenspiegel, Tempomat;€ 7.000,-;Sehr guter Preis;104.000 km;Schaltgetriebe;04/2018;Benzin;74 kW (101 PS);5,4 l/100 km;120 g/km
Peugeot;5008;Allure 1.6 Blue-HDI Navi Panorama 7-Sitzer;Über 400 Dacia Neuwagen im Bestand/3 Jahre Garantie;€ 9.990,-;Fairer Preis;165.000 km;Automatik;11/2016;Diesel;88 kW (120 PS);4,4 l/100 km;114 g/km
Mercedes-Benz;A 180;AUTOMATIK LEDER PDC NAVI *TEXT LESEN*;Einparkhilfe Sensoren hinten, Sportpaket, Navigationssystem, Beifahrerairbag, Alufelgen, Ambientebeleuchtung, Einparkhilfe Sensoren vorne, Sitzheizung;€ 9.990,-;Sehr guter Preis;145.006 km;Automatik;07/2014;Benzin;90 kW (122 PS);5,5 l/100 km;130 g/km
Mercedes-Benz;Viano;2.2 CDI lang *AHK*CARPLAY*TEMP*PDC*KLIMA*;Schiebetür rechts, Beifahrerairbag, Getönte Scheiben, Sitzheizung, Alufelgen, Anhängerkupplung, Bluetooth, Isofix;€ 17.499,-;Sehr guter Preis;210.681 km;Automatik;03/2013;Diesel;120 kW (163 PS);7,4 l/100 km;196 g/km
Opel;Vivaro;8042;Behindertengerecht, Schiebetür rechts, Lederlenkrad, Radio;€ 10.988,-;Sehr guter Preis;72.484 km;Schaltgetriebe;12/2014;Diesel;66 kW (90 PS);nan;nan
Skoda;Yeti;Elegance 4x4 AHK Bi-Xenon Klimaaut Einparkhilfe Ku;Allrad, Sitzheizung, Anhängerkupplung, Xenonscheinwerfer, Navigationssystem, Alufelgen, Einparkhilfe Sensoren vorne, Bi-Xenon Scheinwerfer;€ 12.770,-;Sehr guter Preis;67.009 km;Schaltgetriebe;06/2013;Benzin;118 kW (160 PS);nan;nan
Alfa Romeo;Giulia;2.2 JTDM Automatik Klima Navi Temp Kamera;Finanzierung OHNE Anzahlung möglich!;€ 13.890,-;Sehr guter Preis;174.400 km;Automatik;11/2016;Diesel;132 kW (179 PS);3,8 l/100 km;99 g/km
Nissan;Qashqai;Tekna 4x4 Navigation 8-fach;Allrad, Sitzheizung, LED-Scheinwerfer, Panoramadach, Navigationssystem, Beifahrerairbag, Elektrische Sitze, Radio;€ 11.800,-;Sehr guter Preis;109.000 km;Schaltgetriebe;05/2015;Diesel;96 kW (131 PS);4,9 l/100 km;129 g/km
Mazda;CX-5;Sports-Line AWD *SHZ/NAVI/AHK/PDC*;Allrad, Bluetooth, Sitzheizung, Getönte Scheiben, Isofix, Sommerreifen, Anhängerkupplung, Einparkhilfe Sensoren vorne;€ 8.990,-;Guter Preis;160.000 km;Schaltgetriebe;01/2014;Diesel;129 kW (175 PS);5,2 l/100 km;138 g/km
Volkswagen;Tiguan;1.4 TSI BlueMotion Technology Trend & Fun;Alufelgen, Anhängerkupplung, Isofix, Gepäckraumabtrennung, Airbag hinten, Einparkhilfe Sensoren vorne, Armlehne, Wegfahrsperre;€ 9.960,-;Guter Preis;138.436 km;Schaltgetriebe;06/2015;Benzin;90 kW (122 PS);nan;nan
Mercedes-Benz;Sprinter;II 316 CDI Hoch+Lang*Klima*L2-H2*;12-64 Monate Garantie / Tüv & Inspektion= NEU !;€ 11.500,-;Sehr guter Preis;260.000 km;Schaltgetriebe;10/2014;Diesel;120 kW (163 PS);8,0 l/100 km;212 g/km
Mercedes-Benz;C 250;C -Klasse Coupe C 250 CDI BlueEfficiency;Sportfahrwerk, Wegfahrsperre, Spurhalteassistent, Navigationssystem, Sportsitze, Freisprecheinrichtung, Multifunktionslenkrad, Soundsystem;€ 12.900,-;Guter Preis;214.000 km;Automatik;06/2014;Diesel;150 kW (204 PS);4,9 l/100 km;130 g/km
Volkswagen;Tiguan;Sport R-Line 4Motion *BI-XENON*NAVI*TEMP;Anhängerkupplung, Getönte Scheiben, Allrad, Sitzheizung, Seitenairbag, Bluetooth, Navigationssystem, Multifunktionslenkrad;€ 17.999,-;Guter Preis;79.386 km;Automatik;05/2015;Diesel;130 kW (177 PS);5,9 l/100 km;154 g/km
Nissan;Juke;Visia Plus 1.6 Klima Radio Allwetter AHK;Über 400 Dacia Neuwagen im Bestand/3 Jahre Garantie;€ 5.490,-;Fairer Preis;185.000 km;Schaltgetriebe;09/2014;Benzin;69 kW (94 PS);6,0 l/100 km;138 g/km
Audi;A3;Sportback S-Line Automatik*LED*Navi*SHZ;Elektrische Sitze, Multifunktionslenkrad, Navigationssystem, Sitzheizung, LED-Scheinwerfer, Getönte Scheiben, Scheinwerferreinigung, LED-Tagfahrlicht;€ 15.480,-;Sehr guter Preis;85.850 km;Automatik;04/2015;Benzin;132 kW (179 PS);4,4 l/100 km;116 g/km
Mercedes-Benz;B 180;Aut. Style*LED*NAVI*AHK*PDC*;Elektrische Seitenspiegel, Anhängerkupplung, Sitzheizung, Sportpaket, Alufelgen, Navigationssystem, Multifunktionslenkrad, Lederlenkrad;€ 13.900,-;Sehr guter Preis;82.000 km;Automatik;03/2015;Benzin;90 kW (122 PS);5,6 l/100 km;132 g/km
Renault;Espace;V Intens Energy dCi 160*7Sitzer*AT Motor bei 90tkm;Schiebedach, Klimaanlage, Soundsystem, Voll-LED Scheinwerfer, Elektrische Heckklappe, Anhängerkupplung, Verkehrszeichenerkennung, 2-Zonen-Klimaautomatik;€ 12.950,-;Guter Preis;166.000 km;Automatik;11/2015;Diesel;118 kW (160 PS);4,7 l/100 km;123 g/km
SEAT;Ibiza;Style EcoTSI Tempomat Bluetooth Aux-In USB Tel.-Vo;Klimaautomatik, Multifunktionslenkrad, Katalysator, Seitenairbag, Tempomat, Reifendruckkontrollsystem, Nebelscheinwerfer, Pannenkit;€ 7.500,-;Sehr guter Preis;133.482 km;Schaltgetriebe;02/2017;Benzin;81 kW (110 PS);nan;nan
Opel;Mokka X;1.6 CDTI Automatik Navi Color Innovation;Einparkhilfe Kamera, Sommerreifen, Einparkhilfe Sensoren vorne, Sitzheizung, LED-Scheinwerfer, Alufelgen, Kurvenlicht, Navigationssystem;€ 10.880,-;Sehr guter Preis;101.266 km;Automatik;06/2017;Diesel;100 kW (136 PS);nan;nan
BMW;525;d xDrive Aut. Pano ACC Komfortzugang Memory;Allrad, Bordcomputer, Start/Stop-Automatik, Schiebedach, Navigationssystem, Elektrische Sitze, Multifunktionslenkrad, Sportsitze;€ 13.850,-;Sehr guter Preis;142.000 km;Automatik;09/2013;Diesel;160 kW (218 PS);5,4 l/100 km;143 g/km
Opel;Corsa;INNOVATION 1.4 TURBO(ecoFlex) S&S +S/LHZ++;Sitzheizung, Alufelgen, Beheizbares Lenkrad, Katalysator, Geschwindigkeits-begrenzungsanlage, Xenonscheinwerfer, USB, MP3;€ 8.490,-;Sehr guter Preis;66.180 km;Schaltgetriebe;04/2016;Benzin;74 kW (101 PS);nan;nan
BMW;525;d xDrive Aut. Pano ACC Komfortzugang Memory;Allrad, Bordcomputer, Start/Stop-Automatik, Schiebedach, Navigationssystem, Elektrische Sitze, Multifunktionslenkrad, Sportsitze;€ 13.850,-;Sehr guter Preis;142.000 km;Automatik;09/2013;Diesel;160 kW (218 PS);5,4 l/100 km;143 g/km
Fiat;Panda;1.2 Young Klimaanlage Radio Allwetterreifen Euro 6;Klimaanlage, Radio, Elektr. Fensterheber, Kopfairbag, Bluetooth, Allwetterreifen, Isofix, E10-geeignet;€ 5.890,-;Guter Preis;92.400 km;Schaltgetriebe;11/2014;Benzin;51 kW (69 PS);nan;nan
Opel;Mokka;1.4 Turbo ecoFLEX Start/Stop Edition;Meistergeprüft;€ 9.910,-;Sehr guter Preis;77.350 km;Schaltgetriebe;04/2014;Benzin;103 kW (140 PS);nan;nan
SEAT;Leon;FR 1,4l TSI+NAVI+LED+SHZ+PDC;Navigationssystem, Einparkhilfe, LED, Sitzheizung;Guter Preis;Guter Preis;138.388 km;Schaltgetriebe;09/2014;Benzin;110 kW (150 PS);4,7 l/100 km;nan
Nissan;Micra;Micra Visia First 1.2;Klimaanlage, Katalysator, ESP, Fahrerairbag, Wegfahrsperre, USB, CD, Kopfairbag;€ 5.990,-;Sehr guter Preis;57.700 km;Schaltgetriebe;04/2014;Benzin;59 kW (80 PS);nan;nan
Volkswagen;Touran;Comfortline 2.0 TDI DSG LED KAMERA ALU APS SITZHZG;LED-Scheinwerfer, Einparkhilfe Kamera, Einparkhilfe Sensoren vorne, Getönte Scheiben, Sitzheizung, Dachreling, Kurvenlicht, Alufelgen;€ 12.988,-;Sehr guter Preis;228.600 km;Automatik;08/2020;Diesel;110 kW (150 PS);5,6 l/100 km;1 g/km
BMW;X1;xDrive20d +nur an Händler/Export+HU 12/26;Sitzheizung, Allrad, Anhängerkupplung, Verkehrszeichenerkennung, Kurvenlicht, LED-Scheinwerfer, Einparkhilfe Sensoren vorne, Reifendruckkontrollsystem;€ 15.000,-;Fairer Preis;162.071 km;Automatik;12/2015;Diesel;140 kW (190 PS);nan;nan
Dacia;Logan;Prestige MCV 1.5 dCi ~ Navi ~ MFL~ PDC~;Klimaanlage, Fahrerairbag, Dachreling, Allwetterreifen, Tempomat, Alufelgen, Elektr. Fensterheber, Navigationssystem;€ 7.999,-;Guter Preis;83.000 km;Schaltgetriebe;04/2016;Diesel;66 kW (90 PS);3,8 l/100 km;101 g/km
BMW;X5;xDrive 40 d Panoramadach;Start/Stop-Automatik, Schaltwippen, Panoramadach, Reifendruckkontrollsystem, Spurhalteassistent, Sprachsteuerung, Sommerreifen, Schlüssellose Zentralverriegelung;€ 24.400,-;Guter Preis;165.758 km;Halbautomatik;03/2014;Diesel;230 kW (313 PS);6,9 l/100 km;183 g/km
Hyundai;i30;FIFA World Cup Edition *NAVI*KAMERA*Sitzhzg*ALU*;Radio, Sitzheizung, Navigationssystem, Einparkhilfe Kamera, USB, 2-Zonen-Klimaautomatik, Zentralverriegelung mit Funkfernbedienung, Multifunktionslenkrad;€ 9.780,-;Sehr guter Preis;79.000 km;Schaltgetriebe;03/2015;Benzin;99 kW (135 PS);5,7 l/100 km;134 g/km
Audi;A4;"AMBITION 1.8 TFSI SPORT EDITION AUT. |XEN|18""";Sportfahrwerk, Sportpaket, Getönte Scheiben, 3-Zonen-Klimaautomatik, Alufelgen, Reifendruckkontrollsystem, Sitzheizung, Einparkhilfe Sensoren vorne;€ 13.990,-;Guter Preis;133.797 km;Automatik;07/2015;Benzin;125 kW (170 PS);6,2 l/100 km;144 g/km
Mazda;CX-5;Sports-Line AWD*Tempomat*RfK*LED;Fahrerairbag, Sportpaket, Einparkhilfe Kamera, Elektrische Sitze, LED-Scheinwerfer, Beifahrerairbag, Totwinkel-Assistent, Allrad;€ 10.590,-;Sehr guter Preis;178.632 km;Automatik;11/2015;Diesel;129 kW (175 PS);5,5 l/100 km;144 g/km
Mazda;6;2.2 SKYACTIV-D Sports-Line;Skisack, Xenonscheinwerfer, Airbag hinten, Lichtsensor, Sitzheizung, USB, Alufelgen, Beifahrerairbag;€ 10.550,-;Fairer Preis;147.000 km;Schaltgetriebe;05/2014;Diesel;129 kW (175 PS);nan;nan
Mercedes-Benz;Viano;3.0 CDI Trend Edition Kompakt Navi Klimaautom SHZ;Schiebetür rechts, Getönte Scheiben, Alufelgen, Beifahrerairbag, Fahrerairbag, Einparkhilfe Sensoren vorne, Navigationssystem, Klimaautomatik;€ 19.988,-;Sehr guter Preis;189.430 km;Automatik;06/2013;Diesel;165 kW (224 PS);nan;nan
Hyundai;TUCSON;1.6 GDI 2WD *2-HD*NAVI*KAMERA*LED*AHK*ALU;Sitzheizung, Navigationssystem, 2-Zonen-Klimaautomatik, Dachreling, Multifunktionslenkrad, Anhängerkupplung, Einparkhilfe Sensoren vorne, Getönte Scheiben;€ 12.400,-;Sehr guter Preis;138.000 km;Schaltgetriebe;07/2016;Benzin;97 kW (132 PS);6,3 l/100 km;147 g/km
Volkswagen;Caddy;Alltrack 4x4*Behindertengerecht am Lenkrad;Behindertengerecht, Allrad, Schiebetür links, Schiebetür rechts, Sitzheizung, Standheizung, Beifahrerairbag, Isofix;€ 14.900,-;nan;246.767 km;Automatik;02/2019;Diesel;110 kW (150 PS);5,6 l/100 km;148 g/km
Audi;A6;35 TDI VIRTUAL/LEDER/SPORT;Sportpaket, LED-Scheinwerfer, Volldigitales Kombiinstrument, Einparkhilfe Kamera, Ambientebeleuchtung, Elektrische Heckklappe, Elektrische Sitze, Alufelgen;€ 23.500,-;Sehr guter Preis;151.700 km;Automatik;03/2020;Diesel;120 kW (163 PS);4,3 l/100 km;112 g/km
Skoda;Octavia;1.6 TDI DSG Ambition NAVI/AHK*;Alufelgen, Bordcomputer, Touchscreen, Anhängerkupplung, Einparkhilfe Sensoren vorne, Sommerreifen, USB, Einparkhilfe Sensoren hinten;€ 8.990,-;Guter Preis;174.200 km;Automatik;12/2016;Diesel;81 kW (110 PS);nan;nan
SEAT;Ibiza;SC Reference Salsa;Fahrerairbag, Klimaanlage, Beifahrerairbag, Pannenkit, Wegfahrsperre, Elektr. Fensterheber, ESP, Seitenairbag;€ 4.199,-;Sehr guter Preis;139.100 km;Schaltgetriebe;08/2013;Benzin;63 kW (86 PS);5,9 l/100 km;140 g/km
SEAT;Ibiza;5trg Style Klimaauto*Navi*PDC*Sitzhzg*Alu;Sitzheizung, E10-geeignet, Klimaanlage, Navigationssystem, Lederlenkrad, Bluetooth, Klimaautomatik, Wegfahrsperre;€ 7.490,-;Guter Preis;74.490 km;Schaltgetriebe;04/2014;Benzin;51 kW (69 PS);5,4 l/100 km;128 g/km
Mercedes-Benz;Vito;119 CDI Aut. 4MATIC lang-8Si.-Navi-Kamera-;Schiebetür rechts, Einparkhilfe Kamera, Allrad, Seitenairbag, Beifahrerairbag, Reifendruckkontrollsystem, Isofix, Getönte Scheiben;€ 22.900,-;Sehr guter Preis;199.900 km;Automatik;08/2016;Diesel;140 kW (190 PS);5,8 l/100 km;nan
SEAT;Leon;1.2 TSI SCHECKHEFT,2.HAND,TEMPOMAT,KLIMA;Fahrerairbag, Beifahrerairbag, LED-Tagfahrlicht, Alufelgen, Start/Stop-Automatik, Bluetooth, Reifendruckkontrollsystem, Touchscreen;€ 6.880,-;Guter Preis;129.000 km;Schaltgetriebe;03/2013;Benzin;77 kW (105 PS);4,9 l/100 km;116 g/km
Audi;SQ5;3.0 TDI quattro;Navigationssystem, Abstandstempomat, Schlüssellose Zentralverriegelung, Fernlichtassistent, Sportfahrwerk, Sportsitze, Elektrische Sitze, Spurhalteassistent;€ 26.930,-;Guter Preis;105.007 km;Automatik;07/2014;Diesel;230 kW (313 PS);6,8 l/100 km;180 g/km
Volkswagen;Sharan;Comfortline 2.0 TDI Automatik/ Navi/ AHK;Elektrische Sitze, Radio, Getönte Scheiben, Apple CarPlay, Einparkhilfe Sensoren vorne, Alufelgen, Sportsitze, Navigationssystem;€ 14.990,-;Sehr guter Preis;159.215 km;Automatik;07/2016;Diesel;110 kW (150 PS);5,2 l/100 km;136 g/km
Audi;Q5;3.0 TDI  quattro OFFROAD / BI-XENON / AHK;Sitzheizung, Navigationssystem, Schaltwippen, Elektrische Sitze, Standheizung, Anhängerkupplung, Einparkhilfe Sensoren hinten, Multifunktionslenkrad;€ 14.990,-;Guter Preis;213.172 km;Automatik;01/2013;Diesel;180 kW (245 PS);6,4 l/100 km;170 g/km
BMW;X5;xDrive30d Navi Prof Xenon StanHzg AHK EU6;Beifahrerairbag, Einparkhilfe Sensoren vorne, Alufelgen, Sitzheizung, 2-Zonen-Klimaautomatik, Anhängerkupplung, Standheizung, Allrad;€ 21.450,-;Guter Preis;177.000 km;Automatik;01/2014;Diesel;190 kW (258 PS);5,9 l/100 km;156 g/km
Hyundai;iX20;FIFA World Cup Edition Navi RFK  Sitzhzg;Klimaanlage, Navigationssystem, Katalysator, Sitzheizung, Berganfahrassistent, Reifendruckkontrollsystem, Touchscreen, Traktionskontrolle;€ 11.690,-;Sehr guter Preis;16.600 km;Automatik;10/2015;Benzin;92 kW (125 PS);nan;nan
Mercedes-Benz;GLK 220;CDI 4MATIC 7G-Tr. AMG *AHK*PANO*KAMERA*MB-SCHECKH.;Sportpaket, Sportfahrwerk, 3-Zonen-Klimaautomatik, Anhängerkupplung, Einparkhilfe selbstlenkendes System, Elektrische Heckklappe, Sitzheizung, Einparkhilfe Kamera;€ 19.900,-;Fairer Preis;158.000 km;Automatik;10/2014;Diesel;125 kW (170 PS);6,2 l/100 km;161 g/km
Renault;Kadjar;Energy TCe 165 Crossborder;LED-Scheinwerfer, Sitzheizung, Elektrische Sitze, Abstandstempomat, Sommerreifen, Beifahrerairbag, Navigationssystem, Winterpaket;€ 13.980,-;Sehr guter Preis;77.279 km;Schaltgetriebe;09/2017;Benzin;120 kW (163 PS);nan;nan
Dacia;Logan;MCV II Kombi Laureate*AUTOM.*NAVI*TÜV NEU*;Klimaanlage, Alufelgen, Anhängerkupplung, Beifahrerairbag, Elektrische Seitenspiegel, Tempomat, Navigationssystem, Getönte Scheiben;€ 6.900,-;Guter Preis;157.000 km;Automatik;07/2017;Diesel;66 kW (90 PS);3,6 l/100 km;92 g/km
Mercedes-Benz;C 180;CGI Avantgarde, LED, Leder, Navi, GSHD;Sportsitze, Sommerreifen, LED-Scheinwerfer, Panoramadach, Müdigkeitswarnsystem, Elektr. Fensterheber, Einparkhilfe selbstlenkendes System, Voll-LED Scheinwerfer;€ 17.440,-;Guter Preis;80.000 km;Schaltgetriebe;06/2014;Benzin;115 kW (156 PS);5,0 l/100 km;118 g/km
Ford;Tourneo Custom;"2,0TDCI""Titanium""2Schiebetüren""9Sitze""";Einparkhilfe Kamera, Radio, Beifahrerairbag, Schiebetür links, Alufelgen, Getönte Scheiben, Isofix, Abstandstempomat;€ 19.990,-;nan;120.000 km;Automatik;06/2017;Diesel;125 kW (170 PS);nan;nan
Ford;Tourneo Connect;1.6 TDCi 5 SITZE TITANIUM PANO;Beifahrerairbag, Schiebetür rechts, Anhängerkupplung, Kurvenlicht, Alufelgen, Schiebetür links, Fahrerairbag, Lichtsensor;€ 12.880,-;Sehr guter Preis;94.506 km;Schaltgetriebe;03/2015;Diesel;85 kW (116 PS);4,9 l/100 km;130 g/km
Mercedes-Benz;CLS 350;CDI*AMG-SPORT PAKET*TÜV neu;Sportpaket, Soundsystem, Sportfahrwerk, Radio, Sportsitze, LED-Scheinwerfer, Alufelgen, Sitzheizung;€ 18.990,-;Sehr guter Preis;174.128 km;Automatik;03/2015;Diesel;195 kW (265 PS);6,1 l/100 km;162 g/km
Ford;C-Max;Sync Edition;Beifahrerairbag, Alufelgen, Fahrerairbag, Sitzheizung, Elektr. Fensterheber, Beheizbare Frontscheibe, ABS, Lordosenstütze;€ 7.850,-;Guter Preis;60.334 km;Schaltgetriebe;10/2014;Benzin;74 kW (101 PS);nan;nan
Nissan;Qashqai;1.6 360° Pano;Alufelgen, Bluetooth, Radio, Beifahrerairbag, Fahrerairbag, Geschwindigkeits-begrenzungsanlage, Navigationssystem, Getönte Scheiben;€ 8.900,-;Guter Preis;127.987 km;Schaltgetriebe;01/2014;Benzin;86 kW (117 PS);6,2 l/100 km;147 g/km
Skoda;Kamiq;Active LED-AHK Schwenkbar- 1 Hand;Geschwindigkeits-begrenzungsanlage, Anhängerkupplung, LED-Scheinwerfer, Spurhalteassistent, DAB-Radio, Freisprecheinrichtung, Sitzheizung, USB;€ 11.450,-;Sehr guter Preis;182.100 km;Schaltgetriebe;12/2019;Diesel;85 kW (116 PS);4,2 l/100 km;nan
Mercedes-Benz;B 180;CDI Navi/ PDC/ NSW/ SHZ;Fahrerairbag, Beifahrerairbag, Alufelgen, Sitzheizung, Navigationssystem, Start/Stop-Automatik, Einparkhilfe Sensoren hinten, Wegfahrsperre;€ 8.750,-;nan;103.783 km;Automatik;08/2013;Diesel;80 kW (109 PS);4,6 l/100 km;122 g/km
Opel;Adam;Turbo *HU NEU*;Bordcomputer, Alufelgen, Sportfahrwerk, Tempomat, Bluetooth, Touchscreen, Radio, Pannenkit;€ 6.799,-;Guter Preis;147.000 km;Schaltgetriebe;11/2014;Benzin;85 kW (116 PS);4,3 l/100 km;116 g/km
Peugeot;308;SW 1.5 Aut Activ NAV+SHZ+PDC+TEM+SERVICE NEU;Sitzheizung, Navigationssystem, Freisprecheinrichtung, 2-Zonen-Klimaautomatik, Getönte Scheiben, Beifahrerairbag, Apple CarPlay, Geschwindigkeits-begrenzungsanlage;€ 8.950,-;Guter Preis;143.898 km;Automatik;08/2019;Benzin;96 kW (131 PS);nan;nan
Volkswagen;Amarok;Highline DoubleCab 4Motion Navi*Xenon*AHK;Einparkhilfe Kamera, Einparkhilfe Sensoren vorne, Bi-Xenon Scheinwerfer, Beifahrerairbag, Klimaautomatik, Bordcomputer, Sitzheizung, Winterpaket;€ 17.998,-;Guter Preis;287.200 km;Automatik;03/2018;Diesel;165 kW (224 PS);8,0 l/100 km;210 g/km
Skoda;Superb;Combi Style 2.0 TDI DSG AHK EXPORT;Elektrische Sitze, Alufelgen, Apple CarPlay, Bi-Xenon Scheinwerfer, Sitzheizung, Beifahrerairbag, USB, Elektrische Seitenspiegel;€ 14.900,-;Sehr guter Preis;157.900 km;Automatik;04/2017;Diesel;140 kW (190 PS);4,5 l/100 km;114 g/km
Volkswagen;Golf;VII Lim. Cup BMT Navi,SH,PDC,Park Assist;Finanzierung ab 6,29% / Sofortankauf & Inzahlungnahme;€ 9.990,-;Guter Preis;127.940 km;Schaltgetriebe;10/2014;Benzin;103 kW (140 PS);5,2 l/100 km;119 g/km
Opel;Karl;Exklusiv Leder+PDC+Sitz&Lenkradhzg+Navi;FINANZIERUNG 78€ mtl. / ANKAUF / LIEFERUNG;€ 7.880,-;Guter Preis;88.210 km;Schaltgetriebe;02/2016;Benzin;56 kW (76 PS);4,3 l/100 km;102 g/km
Volkswagen;Golf;VII Comf. 1.6 TDI 1.Hd*Navi*ACC*PDC*AHK;Apple CarPlay, MP3, Alufelgen, Einparkhilfe Sensoren vorne, Lordosenstütze, LED-Tagfahrlicht, Abstandstempomat, Pannenkit;€ 11.990,-;Guter Preis;146.000 km;Schaltgetriebe;11/2017;Diesel;85 kW (116 PS);nan;nan
Volkswagen;Touran;1.2TSI AHK+Klimaaut+Sitzhzg+LM-Felge;Anhängerkupplung, 3-Zonen-Klimaautomatik, Armlehne, Sitzheizung, Isofix, Klimaanlage, Wegfahrsperre, Touchscreen;€ 12.940,-;Sehr guter Preis;96.505 km;Schaltgetriebe;11/2015;Benzin;81 kW (110 PS);nan;nan
Volkswagen;Golf;2.0TDI Highline SHZ Kamera Tempomat 1. Hand;Einparkhilfe Sensoren vorne, Einparkhilfe Kamera, Einparkhilfe Sensoren hinten, 2-Zonen-Klimaautomatik, Alufelgen, Sommerreifen, Sportsitze, Start/Stop-Automatik;€ 9.950,-;Fairer Preis;249.985 km;Automatik;09/2015;Diesel;110 kW (150 PS);4,5 l/100 km;119 g/km
Volkswagen;Scirocco;2.0d BMT SPORTPAKET+NAVI 510+LEDER+KAM+;Radio, Einparkhilfe Kamera, Navigationssystem, Sportpaket, Sportfahrwerk, Getönte Scheiben, Fahrerairbag, Armlehne;€ 9.750,-;Sehr guter Preis;171.043 km;Automatik;02/2014;Diesel;103 kW (140 PS);4,9 l/100 km;129 g/km
BMW;320;d Sport *VOLLAUSSTATTUNG*PANO/LEDER/GARANTIE;Sportpaket, Sportsitze, Panoramadach, Bi-Xenon Scheinwerfer, Start/Stop-Automatik, Navigationssystem, Anhängerkupplung, Sommerreifen;€ 16.890,-;Fairer Preis;109.000 km;Automatik;09/2013;Diesel;135 kW (184 PS);4,7 l/100 km;125 g/km
Porsche;Macan;"S Diesel PDK 21"" PANORAMA";Bordcomputer, Touchscreen, LED-Tagfahrlicht, Innenspiegel automatisch abblendend, Soundsystem, Abstandswarner, Panoramadach, Schiebedach;€ 26.900,-;Sehr guter Preis;182.000 km;Automatik;06/2015;Diesel;190 kW (258 PS);6,3 l/100 km;167 g/km
Opel;Grandland X;Selection;Verkehrszeichenerkennung, Elektronische Parkbremse, USB, Reifendruckkontrollsystem, E10-geeignet, Freisprecheinrichtung, Berganfahrassistent, Zentralverriegelung;€ 11.990,-;Sehr guter Preis;88.000 km;Schaltgetriebe;02/2018;Benzin;96 kW (131 PS);5,4 l/100 km;124 g/km
Opel;Corsa;Innovation*XENON*PDC*TEMPOMAT*LENKRADHZG;Alufelgen, Einparkhilfe Sensoren hinten, Beheizbares Lenkrad, Sitzheizung, Bordcomputer, Beifahrerairbag, Xenonscheinwerfer, Nebelscheinwerfer;€ 9.900,-;Sehr guter Preis;86.213 km;Automatik;01/2018;Benzin;66 kW (90 PS);nan;nan
Land Rover;Discovery Sport;SE AWD;Sitzheizung, Winterpaket, Allrad, Einparkhilfe Sensoren hinten, Navigationssystem, Schlüssellose Zentralverriegelung, Freisprecheinrichtung, LED-Tagfahrlicht;€ 16.500,-;Sehr guter Preis;119.540 km;Automatik;05/2017;Diesel;132 kW (179 PS);5,3 l/100 km;139 g/km
Renault;Megane;Grandtour GT Line mit VOLLAUSTATTUNG;ABS, Sportfahrwerk, Zentralverriegelung mit Funkfernbedienung, Verkehrszeichenerkennung, Lordosenstütze, Einparkhilfe Sensoren hinten, Sitzheizung, Abstandstempomat;€ 10.300,-;Guter Preis;138.000 km;Schaltgetriebe;07/2015;Diesel;120 kW (163 PS);5,6 l/100 km;148 g/km
Land Rover;Range Rover Evoque;2.0 Sd4 SE Dynamic GOLD;Seit 1963 Ihr KFZ-Meisterbetrieb in Mainz Bretzenheim;€ 16.900,-;Fairer Preis;152.900 km;Schaltgetriebe;02/2016;Diesel;132 kW (179 PS);4,8 l/100 km;125 g/km
Volkswagen;Passat Variant;Comfortline BMT/Start-Stopp;Voll-LED Scheinwerfer, LED-Scheinwerfer, Einparkhilfe Kamera, Navigationssystem, Einparkhilfe Sensoren vorne, Einparkhilfe selbstlenkendes System, Start/Stop-Automatik, Abstandstempomat;€ 14.900,-;Guter Preis;140.800 km;Automatik;11/2015;Benzin;132 kW (179 PS);5,8 l/100 km;130 g/km
Mercedes-Benz;E 220;CDI w212 *CO²-126g*AVANTGARDE*LED*COMAND*LEDER*;LED-Scheinwerfer, Navigationssystem, Abstandstempomat, Einparkhilfe Sensoren hinten, Verkehrszeichenerkennung, Elektrische Sitze, Einparkhilfe Sensoren vorne, Alufelgen;€ 10.800,-;Guter Preis;253.600 km;Schaltgetriebe;02/2014;Diesel;125 kW (170 PS);5,1 l/100 km;126 g/km
Dacia;Duster;Prestige dCi110 4x4 ALLRAD LEDER/KAMERA;Allrad, Einparkhilfe Kamera, Alufelgen, Sitzheizung, Dachreling, Navigationssystem, Klimaanlage, Geschwindigkeits-begrenzungsanlage;€ 12.000,-;Sehr guter Preis;122.479 km;Schaltgetriebe;01/2018;Diesel;80 kW (109 PS);nan;nan
Peugeot;2008;1.2 12V VTi / PureTech 82 Active *LED*PDC;Pannenkit, Sitzheizung, Touchscreen, Dachreling, Beifahrerairbag, Einparkhilfe Sensoren hinten, Elektrische Seitenspiegel, Wegfahrsperre;€ 6.993,-;Guter Preis;106.462 km;Schaltgetriebe;07/2015;Benzin;60 kW (82 PS);nan;nan
Opel;Mokka;Edition Sitz&Lenkradhzg+PDC+Klimaauto+Navi;Sitzheizung, Navigationssystem, E10-geeignet, 2-Zonen-Klimaautomatik, Apple CarPlay, Sommerreifen, Beheizbares Lenkrad, Touchscreen;€ 9.880,-;Sehr guter Preis;115.613 km;Schaltgetriebe;01/2017;Benzin;103 kW (140 PS);6,0 l/100 km;142 g/km
SEAT;Ibiza;*Navi*SitzHZ*Klima*Geplegt+Top*;Multifunktionslenkrad, Alufelgen, Klimaautomatik, Navigationssystem, Sitzheizung, Scheinwerferreinigung, E10-geeignet, Wegfahrsperre;€ 5.999,-;Fairer Preis;148.000 km;Schaltgetriebe;04/2013;Benzin;63 kW (86 PS);5,9 l/100 km;140 g/km
Fiat;500;Lounge  CABRIO;Einparkhilfe Sensoren hinten, Alufelgen, Reifendruckkontrollsystem, Lederlenkrad, Elektrische Seitenspiegel, Nebelscheinwerfer, Schiebedach, Elektr. Fensterheber;€ 6.849,-;Guter Preis;112.500 km;Schaltgetriebe;10/2015;Benzin;51 kW (69 PS);4,9 l/100 km;115 g/km
Volkswagen;Tiguan;Track & Style 4Motion SITZHEIZ*KILMA*AHK*NAVI;Allrad, Alufelgen, Sitzheizung, Sportpaket, Touchscreen, Navigationssystem, Start/Stop-Automatik, Seitenairbag;€ 12.350,-;Sehr guter Preis;149.122 km;Schaltgetriebe;04/2014;Diesel;103 kW (140 PS);6,0 l/100 km;157 g/km
Mercedes-Benz;C 180;Mercedes C180 *Burmester*Leder*SHZ*NAVI*LED*SHZ;LED-Scheinwerfer, Totwinkel-Assistent, Einparkhilfe selbstlenkendes System, Sitzheizung, Ambientebeleuchtung, Navigationssystem, LED-Tagfahrlicht, Beifahrerairbag;€ 18.990,-;Guter Preis;57.800 km;Automatik;05/2014;Benzin;115 kW (156 PS);nan;nan
Volkswagen;Polo;Trendline 1,0 l 48 kW (65 PS) 5-Gang;Alle Fahrzeuge mit mind. 12 Monaten VW/AUDI-Garantie;€ 9.800,-;nan;100.400 km;Schaltgetriebe;12/2017;Benzin;48 kW (65 PS);nan;nan
BMW;320;d Sport Line*AHK*LASER*KAMERA*8.FACH*AMBIENTE;Einparkhilfe Kamera, Sportpaket, Sportsitze, Apple CarPlay, Volldigitales Kombiinstrument, Ambientebeleuchtung, Laserlicht, Getönte Scheiben;€ 18.700,-;Guter Preis;194.000 km;Automatik;07/2021;Diesel;140 kW (190 PS);4,2 l/100 km;109 g/km
Skoda;Superb;2.0 TDI  Exclusive DSG ~LED~Bi-Xenon~Navi;Bi-Xenon Scheinwerfer, Start/Stop-Automatik, Navigationssystem, Anhängerkupplung, Bluetooth, Alufelgen, Getönte Scheiben, Einparkhilfe Sensoren hinten;€ 9.999,-;Fairer Preis;199.035 km;Automatik;11/2013;Diesel;103 kW (140 PS);4,6 l/100 km;122 g/km
Kia;Stonic;1.2 Edition 7 Emotion 1. Hand  Carplay Tempomat PD;Pannenkit, Beheizbares Lenkrad, Alufelgen, Elektrische Seitenspiegel, Einparkhilfe Sensoren hinten, Apple CarPlay, Sitzheizung, Touchscreen;€ 9.777,-;Guter Preis;110.290 km;Schaltgetriebe;12/2017;Benzin;62 kW (84 PS);nan;nan
Mercedes-Benz;E 200;d T 9G BURMESTER+COMAND+KAM+LED+SHZ+DAB+TEM;Einparkhilfe Kamera, Sportfahrwerk, LED-Scheinwerfer, Apple CarPlay, Totwinkel-Assistent, Elektrische Heckklappe, Navigationssystem, Verkehrszeichenerkennung;€ 15.550,-;Guter Preis;200.000 km;Automatik;02/2018;Diesel;110 kW (150 PS);4,2 l/100 km;109 g/km
Chevrolet;Captiva;2.2 LT+*NAVI*PDC*SHZ*LEDER*7-SITZER*4x4*;Viel Auto für Wenig Geld / wir sind immer für sie da;€ 9.990,-;Guter Preis;162.870 km;Automatik;04/2013;Diesel;135 kW (184 PS);6,6 l/100 km;175 g/km
Volkswagen;Golf;VII Lim. Comfortline BMT;Bi-Xenon Scheinwerfer, Alufelgen, Einparkhilfe Kamera, Sportsitze, 2-Zonen-Klimaautomatik, Sitzheizung, LED-Tagfahrlicht, Geschwindigkeits-begrenzungsanlage;€ 10.900,-;Guter Preis;114.310 km;Schaltgetriebe;06/2015;Benzin;77 kW (105 PS);4,9 l/100 km;114 g/km
Volkswagen;Touareg;V8 TDI R-Line 4.2 Pano*Standh.*ACC*Kam;Einparkhilfe Kamera, Sportpaket, Wegfahrsperre, Lederlenkrad, Anhängerkupplung, Alufelgen, Panoramadach, Elektrische Sitze;€ 21.790,-;Guter Preis;193.000 km;Automatik;01/2014;Diesel;250 kW (340 PS);nan;nan
Ford;Ranger;3.2 TDCI DoKa 4x4 Limited Navi Leder Rfk Offroad P;Einparkhilfe Kamera, USB, Elektrische Sitze, Lordosenstütze, Einparkhilfe Sensoren vorne, Einparkhilfe Sensoren hinten, Touchscreen, Allrad;€ 19.900,-;Sehr guter Preis;166.300 km;Automatik;12/2017;Diesel;147 kW (200 PS);8,8 l/100 km;231 g/km
Audi;A1;Facelift,NAVI,Klima, SHZ,HU NEU , Bremsen NEU!;Armlehne, Klimaanlage, Sportfahrwerk, Bordcomputer, Lederlenkrad, Navigationssystem, Bluetooth, Radio;€ 10.499,-;Sehr guter Preis;121.235 km;Schaltgetriebe;01/2015;Benzin;92 kW (125 PS);5,2 l/100 km;123 g/km
Audi;A5;2.0 TFSI S tronic quattro Cabriolet;Soundsystem, Navigationssystem, Einparkhilfe Sensoren vorne, Multifunktionslenkrad, Sitzheizung, Allrad, Schlüssellose Zentralverriegelung, Apple CarPlay;€ 21.490,-;Sehr guter Preis;45.373 km;Automatik;11/2015;Benzin;169 kW (230 PS);6,9 l/100 km;nan
Skoda;Octavia;Combi 1.6 TDI Ambition PDChi|Tempo|Klima;Fahrerairbag, Klimaanlage, Sitzheizung, ABS, Dachreling, Tempomat, Beifahrerairbag, Sommerreifen;€ 5.400,-;Sehr guter Preis;218.843 km;Automatik;11/2014;Diesel;77 kW (105 PS);nan;nan
Mercedes-Benz;Vito;111 CDI FWD lang Bluetooth PDC AHK 9 Sitze;Auto kauft man mit Vertrauen u Garantie;€ 18.740,-;Hoher Preis;181.000 km;Schaltgetriebe;03/2017;Diesel;84 kW (114 PS);nan;nan
Mercedes-Benz;CLA 180;Urban LED Navi Sitzheizung;Sportsitze, Multifunktionslenkrad, Navigationssystem, Sitzheizung, Einparkhilfe Sensoren vorne, Alufelgen, teilb. Rücksitzbank, LED-Scheinwerfer;€ 17.480,-;Guter Preis;98.604 km;Schaltgetriebe;09/2016;Benzin;90 kW (122 PS);nan;nan
Fiat;Ducato;2,3 JTD *L2H2* Hoch+Lang*Garantie*;12-64 Monate Garantie / Tüv & Inspektion= NEU !;€ 13.990,-;Guter Preis;163.000 km;Schaltgetriebe;01/2016;Diesel;96 kW (131 PS);nan;nan
Mazda;6;2.2 D LED/Head-up/Spurhalte-/Totwinkel/Kamera!;Sitzheizung, Einparkhilfe Kamera, Multifunktionslenkrad, Head-up display, Einparkhilfe Sensoren vorne, Navigationssystem, LED-Scheinwerfer, Sommerreifen;€ 12.798,-;Guter Preis;111.780 km;Schaltgetriebe;05/2016;Diesel;129 kW (175 PS);4,6 l/100 km;nan
Mitsubishi;ASX;1.6 Klassik Kollekt GEPFLEGT+SHZ+KAM+AHK+TEM;Touchscreen, Radio, Sitzheizung, Anhängerkupplung, Navigationssystem, Isofix, Alufelgen, Beifahrerairbag;€ 7.250,-;Fairer Preis;213.160 km;Schaltgetriebe;05/2015;Benzin;86 kW (117 PS);5,8 l/100 km;137 g/km
BMW;530;Limousine Aut. NAV+LED+SHZ+ACC+HiFi+EU6+2Hd;Elektrische Sitze, Soundsystem, Elektr. Fensterheber, Schlüssellose Zentralverriegelung, Abstandstempomat, Getönte Scheiben, Alufelgen, Beifahrerairbag;€ 23.989,-;Sehr guter Preis;144.750 km;Automatik;04/2017;Diesel;195 kW (265 PS);4,5 l/100 km;nan
BMW;X3;Baureihe X3 xDrive35d;Soundsystem, Sportfahrwerk, Navigationssystem, Sportpaket, 360° Kamera, Abstandstempomat, Head-up display, Einparkhilfe Sensoren vorne;€ 16.500,-;Sehr guter Preis;174.896 km;Automatik;11/2013;Diesel;230 kW (313 PS);6,1 l/100 km;162 g/km
Citroen;DS3;SoChic |HiFi|1J.GARANTIE;Geschwindigkeits-begrenzungsanlage, Tempomat, Alufelgen, Klimaautomatik, Lederlenkrad, Sommerreifen, E10-geeignet, USB;€ 6.000,-;Sehr guter Preis;94.800 km;Schaltgetriebe;01/2015;Benzin;60 kW (82 PS);nan;nan
Volkswagen;Passat Variant;Comfortline *Allwetter*AHK*ACC*SHZ*;3-Zonen-Klimaautomatik, Sitzheizung, Lichtsensor, Bluetooth, Sportpaket, Anhängerkupplung, Dachreling, Abstandstempomat;€ 12.790,-;Guter Preis;167.208 km;Automatik;06/2016;Benzin;92 kW (125 PS);nan;nan
Dacia;Duster;I Prestige 1.6 LPG Klima Leder Navi PDC;Über 400 Dacia Neuwagen im Bestand/3 Jahre Garantie;€ 6.990,-;Fairer Preis;160.000 km;Schaltgetriebe;06/2014;Autogas (LPG);77 kW (105 PS);7,1 l/100 km;165 g/km
Renault;Clio;IV 1,2i Limited Navi, Klima;100% Vollfinanzierung über unsere Hausbank möglich;€ 6.990,-;nan;116.200 km;Schaltgetriebe;05/2016;Benzin;54 kW (73 PS);5,6 l/100 km;133 g/km
Skoda;Octavia;Combi Ambition*Navigation*AHK*Tempomat;Bluetooth, Anhängerkupplung, Freisprecheinrichtung, Getönte Scheiben, Tempomat, Beifahrerairbag, Navigationssystem, ESP;€ 5.900,-;Sehr guter Preis;285.775 km;Automatik;07/2014;Diesel;110 kW (150 PS);4,5 l/100 km;119 g/km
Audi;Q7;3.0 TDI quattro *7SITZER*2.HAND*BI-XENON*AHK*;Soundsystem, Bluetooth, Sitzheizung, Getönte Scheiben, Sportsitze, Schaltwippen, Lederlenkrad, Anhängerkupplung;€ 24.399,-;Fairer Preis;280.671 km;Automatik;03/2017;Diesel;200 kW (272 PS);6,2 l/100 km;163 g/km
Land Rover;Range Rover;3.0 TDV6 VOGUE Pano 360° Softclo AHK;Finanzierung OHNE Anzahlung möglich!;€ 24.730,-;Fairer Preis;208.000 km;Automatik;08/2014;Diesel;190 kW (258 PS);8,6 l/100 km;228 g/km
BMW;435;435d Gran Coupé xDrive|GSD|M Lenkr|SHZ|PDC|Alarm;Sportfahrwerk, Elektrische Sitze, Sportsitze, Ambientebeleuchtung, Sitzheizung, Schiebedach, Multifunktionslenkrad, CD;€ 21.880,-;Sehr guter Preis;106.245 km;Automatik;07/2016;Diesel;230 kW (313 PS);nan;nan
BMW;650;i xDrive Coupe M Sport LCI Pano-LED-HuD-H/K;LED-Scheinwerfer, Sportfahrwerk, Sportsitze, Soundsystem, Volldigitales Kombiinstrument, Sportpaket, Navigationssystem, Sommerreifen;€ 28.850,-;Sehr guter Preis;122.000 km;Automatik;03/2016;Benzin;330 kW (449 PS);9,1 l/100 km;216 g/km
Volkswagen;Golf;VII Variant 1.6 TDI BMT / NAVI / PDC / SHZ;Fahrerairbag, Navigationssystem, Einparkhilfe Sensoren vorne, Sitzheizung, Touchscreen, Start/Stop-Automatik, Tempomat, Beifahrerairbag;€ 9.990,-;Guter Preis;187.676 km;Automatik;03/2016;Diesel;81 kW (110 PS);4,0 l/100 km;104 g/km
Hyundai;i10;1.2 Style SHZ LenkradHZG Keyless Alarm Temp Tel.-V;Pannenkit, teilb. Rücksitzbank, Katalysator, Beheizbares Lenkrad, MP3, Bluetooth, Alufelgen, Elektrische Seitenspiegel;€ 6.980,-;Guter Preis;148.000 km;Schaltgetriebe;01/2017;Benzin;64 kW (87 PS);nan;nan
Ford;Focus;Titanium 1,0 125PS BI-Xenon/Navi/Winterp.;E10-geeignet, Einparkhilfe selbstlenkendes System, 2-Zonen-Klimaautomatik, Spurhalteassistent, Einparkhilfe Sensoren hinten, USB, Dachreling, Sitzheizung;€ 7.710,-;Sehr guter Preis;118.000 km;Schaltgetriebe;03/2015;Benzin;92 kW (125 PS);nan;nan
Mercedes-Benz;C 220;Lim. Avantgarde Ad Blue defekt!;Schiebedach, Alufelgen, Navigationssystem, Ambientebeleuchtung, Bordcomputer, Freisprecheinrichtung, LED-Scheinwerfer, Anhängerkupplung;€ 12.490,-;Sehr guter Preis;205.000 km;Automatik;06/2014;Diesel;125 kW (170 PS);4,0 l/100 km;110 g/km
Opel;Adam;1.2 Jam IntelliLink LED KLIMA TEMP SHZ;Alufelgen, Apple CarPlay, Multifunktionslenkrad, Sitzheizung, Tempomat, Bluetooth, Geschwindigkeits-begrenzungsanlage, USB;€ 3.999,-;nan;179.000 km;Schaltgetriebe;06/2016;Benzin;51 kW (69 PS);5,3 l/100 km;126 g/km
Mercedes-Benz;A 180;AUTOMATIK LEDER PDC NAVI *TEXT LESEN*;Einparkhilfe Sensoren hinten, Sportpaket, Navigationssystem, Beifahrerairbag, Alufelgen, Ambientebeleuchtung, Einparkhilfe Sensoren vorne, Sitzheizung;€ 9.990,-;Sehr guter Preis;145.006 km;Automatik;07/2014;Benzin;90 kW (122 PS);5,5 l/100 km;130 g/km
Mercedes-Benz;E 220;CDI w212 *CO²-126g*AVANTGARDE*LED*COMAND*LEDER*;LED-Scheinwerfer, Navigationssystem, Abstandstempomat, Einparkhilfe Sensoren hinten, Verkehrszeichenerkennung, Elektrische Sitze, Einparkhilfe Sensoren vorne, Alufelgen;€ 10.800,-;Guter Preis;253.600 km;Schaltgetriebe;02/2014;Diesel;125 kW (170 PS);5,1 l/100 km;126 g/km
Skoda;Octavia;Combi 1.6 TDI Ambition PDChi|Tempo|Klima;Fahrerairbag, Klimaanlage, Sitzheizung, ABS, Dachreling, Tempomat, Beifahrerairbag, Sommerreifen;€ 5.400,-;Sehr guter Preis;218.843 km;Automatik;11/2014;Diesel;77 kW (105 PS);nan;nan
Opel;Corsa;1.2 Selection Klima 5türig ISA Mod. 2015;Klimaanlage, E10-geeignet, Pannenkit, Beifahrerairbag, Bluetooth, Seitenairbag, USB, Elektr. Fensterheber;€ 5.590,-;Sehr guter Preis;80.281 km;Schaltgetriebe;10/2014;Benzin;51 kW (69 PS);5,5 l/100 km;146 g/km
Audi;A6;Avant 3.0 TDI quattro ACC AHK LED STANDHZ.;Einparkhilfe Kamera, Sportsitze, LED-Scheinwerfer, Freisprecheinrichtung, Sportfahrwerk, Elektrische Seitenspiegel, Standheizung, Anhängerkupplung;€ 17.440,-;Guter Preis;198.000 km;Automatik;12/2015;Diesel;200 kW (272 PS);nan;nan
Volkswagen;up!;1.0  move Klima+Sitzheizung;Sitzheizung, Klimaautomatik, Raucherpaket, Pannenkit, Lederlenkrad, MP3, teilb. Rücksitzbank, Multifunktionslenkrad;€ 6.480,-;Sehr guter Preis;129.980 km;Schaltgetriebe;05/2017;Benzin;44 kW (60 PS);nan;nan
Hyundai;iX35;1.6 Comfort 2WD  AHK/Klima/SHZ;Anhängerkupplung, Sitzheizung, Dachreling, Armlehne, Traktionskontrolle, Wegfahrsperre, Multifunktionslenkrad, Bluetooth;€ 9.910,-;Sehr guter Preis;69.197 km;Schaltgetriebe;04/2014;Benzin;99 kW (135 PS);nan;nan
Mitsubishi;Outlander;ClearTec Invite 2.2D 2WD/7 SITZPLÄTZE;Radio, Traktionskontrolle, Bluetooth, Fahrerairbag, Multifunktionslenkrad, Bordcomputer, Freisprecheinrichtung, Start/Stop-Automatik;€ 7.999,-;Fairer Preis;176.000 km;Schaltgetriebe;12/2014;Diesel;110 kW (150 PS);4,8 l/100 km;127 g/km
Renault;ZOE;Zen 22 KW KLIMA NAVI TEMPOMAT;Inzahlungnahme und Finanzierung oder Leasing möglich; ;nan;nan;nan;nan;nan;nan;nan;nan
BMW;320;i Lim. *BI-XENON*NAVI*PDC*TEMPOMAT*VOLLEDER*;Getönte Scheiben, Einparkhilfe Sensoren vorne, Reifendruckkontrollsystem, Bi-Xenon Scheinwerfer, Navigationssystem, Tagfahrlicht, Sitzheizung, Gepäckraumabtrennung;€ 11.999,-;Sehr guter Preis;142.750 km;Schaltgetriebe;06/2014;Benzin;135 kW (184 PS);6,3 l/100 km;149 g/km
Skoda;Superb;Combi 2.0 TDI Green tec DSG Exclusive;Abstandswarner, Allrad, Ambientebeleuchtung, Sportfahrwerk, Anhängerkupplung, Elektrische Sitze, Scheinwerferreinigung, Touchscreen;€ 13.240,-;Sehr guter Preis;124.500 km;Automatik;09/2015;Diesel;125 kW (170 PS);5,2 l/100 km;138 g/km
Mercedes-Benz;C 200;D w205 AVANTGARDE *Co²-106g *LEDER*NAVI*2.HAND;Sportsitze, Sportpaket, Alufelgen, Getönte Scheiben, Elektrische Sitze, Einparkhilfe Sensoren vorne, Lederlenkrad, Einparkhilfe Sensoren hinten;€ 15.000,-;Guter Preis;153.988 km;Schaltgetriebe;07/2015;Diesel;100 kW (136 PS);3,9 l/100 km;106 g/km
Ford;Focus;Lim. Titanium Euro5,Navi,Klimaaut.;Touchscreen, Klimaautomatik, Einparkhilfe Sensoren hinten, Getönte Scheiben, Einparkhilfe Sensoren vorne, Alufelgen, Klimaanlage, Tempomat;€ 4.900,-;Sehr guter Preis;239.661 km;Schaltgetriebe;03/2015;Diesel;85 kW (116 PS);4,2 l/100 km;111 g/km
Volkswagen;Touran;2.0 TDI, 7 Sitze, Panorama-Schiebedach;Tempomat, Navigationssystem, Alufelgen, Schiebedach, Panoramadach, Allwetterreifen, Klimaautomatik, Radio;€ 12.780,-;Sehr guter Preis;131.626 km;Schaltgetriebe;12/2015;Diesel;103 kW (140 PS);nan;nan
Renault;Kadjar;1.5 dCi 110 Bose Edition ENERGY;Sitzheizung, LED-Scheinwerfer, Beifahrerairbag, Isofix, Verkehrszeichenerkennung, Navigationssystem, Alufelgen, Geschwindigkeits-begrenzungsanlage;€ 10.990,-;Sehr guter Preis;150.000 km;Automatik;08/2016;Diesel;81 kW (110 PS);nan;nan
Mercedes-Benz;C 220;Lim. Avantgarde Ad Blue defekt!;Schiebedach, Alufelgen, Navigationssystem, Ambientebeleuchtung, Bordcomputer, Freisprecheinrichtung, LED-Scheinwerfer, Anhängerkupplung;€ 12.490,-;Sehr guter Preis;205.000 km;Automatik;06/2014;Diesel;125 kW (170 PS);4,0 l/100 km;110 g/km
Skoda;Octavia;Combi RS *NAVI*Bi-Xenon*PDC*;Finanzierung auch ohne Anzahlung möglich;€ 10.699,-;Sehr guter Preis;163.143 km;Automatik;09/2014;Diesel;135 kW (184 PS);4,8 l/100 km;126 g/km
Maserati;Levante;Diesel Panorama, Memory, Scheckheft,;Inzahlungnahme, Finanzierung ohne Anzahlung, Top Preise;€ 25.990,-;Sehr guter Preis;167.000 km;Automatik;10/2016;Diesel;202 kW (275 PS);8,3 l/100 km;220 g/km
Volkswagen;Polo;TSI Lounge;Sitzheizung, LED-Scheinwerfer, Alufelgen, 2-Zonen-Klimaautomatik, Einparkhilfe Sensoren hinten, Pannenkit, Bluetooth, Nebelscheinwerfer;€ 8.990,-;Sehr guter Preis;98.890 km;Schaltgetriebe;12/2015;Benzin;66 kW (90 PS);5,1 l/100 km;107 g/km
Citroen;C4 Cactus;BlueHDi TÜV und HU neu bis Zahnriemen neu;Klimaautomatik, Fahrerairbag, Touchscreen, Zentralverriegelung mit Funkfernbedienung, Elektr. Fensterheber, Dachreling, Geschwindigkeits-begrenzungsanlage, Multifunktionslenkrad;€ 6.000,-;Guter Preis;175.250 km;Schaltgetriebe;08/2014;Diesel;73 kW (99 PS);3,1 l/100 km;82 g/km
Land Rover;Range Rover Evoque;2.2 Td4*Meridian*AHK*Tempomat;Allrad, Elektrische Sitze, Navigationssystem, Anhängerkupplung, Touchscreen, Beifahrerairbag, Allwetterreifen, Bi-Xenon Scheinwerfer;€ 11.950,-;Sehr guter Preis;187.386 km;Schaltgetriebe;04/2015;Diesel;110 kW (150 PS);5,7 l/100 km;151 g/km
Mercedes-Benz;CLA 200;*NAVI*TEMPOMAT*SZHZ*PDC*;Alufelgen, Getönte Scheiben, Navigationssystem, Multifunktionslenkrad, Soundsystem, Einparkhilfe Sensoren vorne, Lichtsensor, Sitzheizung;€ 13.799,-;Sehr guter Preis;145.161 km;Schaltgetriebe;10/2015;Diesel;100 kW (136 PS);4,3 l/100 km;111 g/km
Renault;Kadjar;Bose Edition + TÜV + NEU +;Einparkhilfe Sensoren vorne, 2-Zonen-Klimaautomatik, Voll-LED Scheinwerfer, Einparkhilfe Kamera, Einparkhilfe selbstlenkendes System, Touchscreen, LED-Scheinwerfer, Isofix;€ 8.970,-;Guter Preis;153.103 km;Schaltgetriebe;11/2016;Benzin;96 kW (131 PS);nan;nan
Volkswagen;CC;Basis BMT 4Motion Automatik  TÜV/HU/NEU;Allrad, Navigationssystem, Regensensor, Sportsitze, Sportpaket, Ambientebeleuchtung, Elektr. Fensterheber, Einparkhilfe Kamera;€ 11.300,-;Sehr guter Preis;211.521 km;Automatik;04/2014;Diesel;130 kW (177 PS);5,2 l/100 km;149 g/km
Mercedes-Benz;A 200;BlueEfficiency NAVI*SHZ*PANO;USB, Navigationssystem, Einparkhilfe Sensoren hinten, Panoramadach, Sportpaket, Sitzheizung, Einparkhilfe Kamera, Zentralverriegelung;€ 12.990,-;Sehr guter Preis;142.915 km;Automatik;06/2014;Benzin;115 kW (156 PS);5,5 l/100 km;130 g/km
Jaguar;XF;20d R-Sport Automatik EU6 Leder Navi Xenon Pano PD;Finanzierung ab 5,99%;€ 12.350,-;Fairer Preis;197.000 km;Automatik;10/2015;Diesel;132 kW (179 PS);nan;nan
Volkswagen;Tiguan;Sport R-Line 4Motion *BI-XENON*NAVI*TEMP;Anhängerkupplung, Getönte Scheiben, Allrad, Sitzheizung, Seitenairbag, Bluetooth, Navigationssystem, Multifunktionslenkrad;€ 17.999,-;Guter Preis;79.386 km;Automatik;05/2015;Diesel;130 kW (177 PS);5,9 l/100 km;154 g/km
Mercedes-Benz;B 180;Aut. Style*LED*NAVI*AHK*PDC*;Elektrische Seitenspiegel, Anhängerkupplung, Sitzheizung, Sportpaket, Alufelgen, Navigationssystem, Multifunktionslenkrad, Lederlenkrad;€ 13.900,-;Sehr guter Preis;82.000 km;Automatik;03/2015;Benzin;90 kW (122 PS);5,6 l/100 km;132 g/km
Ford;Transit Custom;Kombi 300 L1 2.2 TDCi *1495;Beifahrerairbag, Start/Stop-Automatik, Schiebetür rechts, Fahrerairbag, Traktionskontrolle, Notrad, Zentralverriegelung mit Funkfernbedienung, Elektr. Fensterheber;€ 10.988,-;Sehr guter Preis;138.000 km;Schaltgetriebe;12/2014;Diesel;74 kW (101 PS);nan;nan
Volkswagen;Tiguan;Cup Sport;Sportsitze, Einparkhilfe Sensoren vorne, Isofix, Einparkhilfe selbstlenkendes System, Start/Stop-Automatik, Lederlenkrad, Multifunktionslenkrad, Einparkhilfe Sensoren hinten;€ 7.499,-;Guter Preis;254.300 km;Schaltgetriebe;07/2014;Diesel;81 kW (110 PS);5,3 l/100 km;139 g/km
Citroen;C4 Cactus;Feel;Einparkhilfe Kamera, Bordcomputer, Alufelgen, Regensensor, Sommerreifen, Sitzheizung, Einparkhilfe Sensoren hinten, Bluetooth;€ 5.790,-;Fairer Preis;161.465 km;Schaltgetriebe;11/2015;Benzin;81 kW (110 PS);4,7 l/100 km;107 g/km
Mercedes-Benz;Sprinter;313 CDI L2H1|AC|AHK|TÜV 8'2026|BREMSneu;Klimaanlage, Armlehne, USB, Elektrische Seitenspiegel, Radio, Anhängerkupplung, Zentralverriegelung;€ 7.800,-;Sehr guter Preis;393.331 km;Schaltgetriebe;06/2015;Diesel;95 kW (129 PS);8,0 l/100 km;212 g/km
Alfa Romeo;Giulia;2.2 JTDM Automatik Klima Navi Temp Kamera;Finanzierung OHNE Anzahlung möglich!;€ 13.890,-;Sehr guter Preis;174.400 km;Automatik;11/2016;Diesel;132 kW (179 PS);3,8 l/100 km;99 g/km
Opel;Adam;1.2 Jam IntelliLink LED KLIMA TEMP SHZ;Alufelgen, Apple CarPlay, Multifunktionslenkrad, Sitzheizung, Tempomat, Bluetooth, Geschwindigkeits-begrenzungsanlage, USB;€ 3.999,-;nan;179.000 km;Schaltgetriebe;06/2016;Benzin;51 kW (69 PS);5,3 l/100 km;126 g/km
Alfa Romeo;Giulia;2.2 JTDM Automatik Klima Navi Temp Kamera;Finanzierung OHNE Anzahlung möglich!;€ 13.890,-;Sehr guter Preis;174.400 km;Automatik;11/2016;Diesel;132 kW (179 PS);3,8 l/100 km;99 g/km
Nissan;Qashqai;Tekna 4x4 Navigation 8-fach;Allrad, Sitzheizung, LED-Scheinwerfer, Panoramadach, Navigationssystem, Beifahrerairbag, Elektrische Sitze, Radio;€ 11.800,-;Sehr guter Preis;109.000 km;Schaltgetriebe;05/2015;Diesel;96 kW (131 PS);4,9 l/100 km;129 g/km
Skoda;Fabia;1.2TSI Combi Cool Edition+KLIMA+PDC+ISOFIX;Alufelgen, Klimaanlage, Pannenkit, teilb. Rücksitzbank, Elektrische Seitenspiegel, Katalysator, MP3, Touchscreen;€ 7.450,-;Sehr guter Preis;126.000 km;Schaltgetriebe;04/2016;Benzin;66 kW (90 PS);nan;nan
Opel;Mokka X;1.6 CDTI Automatik Navi Color Innovation;Einparkhilfe Kamera, Sommerreifen, Einparkhilfe Sensoren vorne, Sitzheizung, LED-Scheinwerfer, Alufelgen, Kurvenlicht, Navigationssystem;€ 10.880,-;Sehr guter Preis;101.266 km;Automatik;06/2017;Diesel;100 kW (136 PS);nan;nan
Renault;Kadjar;Energy TCe 165 Crossborder;LED-Scheinwerfer, Sitzheizung, Elektrische Sitze, Abstandstempomat, Sommerreifen, Beifahrerairbag, Navigationssystem, Winterpaket;€ 13.980,-;Sehr guter Preis;77.279 km;Schaltgetriebe;09/2017;Benzin;120 kW (163 PS);nan;nan
Fiat;Scudo;12 L2H1 130 Multijet;Bluetooth, Alufelgen, Freisprecheinrichtung, USB, Beifahrerairbag, Zentralverriegelung mit Funkfernbedienung, MP3, Reserverad;€ 3.800,-;Sehr guter Preis;206.252 km;Schaltgetriebe;09/2014;Diesel;94 kW (128 PS);nan;nan
SEAT;Ibiza;Style EcoTSI Tempomat Bluetooth Aux-In USB Tel.-Vo;Klimaautomatik, Multifunktionslenkrad, Katalysator, Seitenairbag, Tempomat, Reifendruckkontrollsystem, Nebelscheinwerfer, Pannenkit;€ 7.500,-;Sehr guter Preis;133.482 km;Schaltgetriebe;02/2017;Benzin;81 kW (110 PS);nan;nan
Volkswagen;Touran;Comfortline Navi,SH,PDC,Standheizung;Finanzierung ab 6,29% / Sofortankauf & Inzahlungnahme;€ 11.300,-;Sehr guter Preis;188.220 km;Schaltgetriebe;11/2015;Diesel;110 kW (150 PS);4,5 l/100 km;118 g/km
Opel;Insignia;ST OPC UNLIMITED 2.8 V6 4x4, AHK, Pano, BOSE, ACC;Innenspiegel automatisch abblendend, Tempomat, Sportfahrwerk, Apple CarPlay, Klimaanlage, Sommerreifen, Panoramadach, Touchscreen;€ 14.980,-;Sehr guter Preis;127.600 km;Automatik;01/2017;Benzin;239 kW (325 PS);11,0 l/100 km;253 g/km
Mercedes-Benz;B 180;CDI, 1.Hand, Navi, Klimaautom., Sitzheiz.;Berganfahrassistent, Lederlenkrad, Einparkhilfe Sensoren vorne, Getönte Scheiben, Einparkhilfe selbstlenkendes System, 2-Zonen-Klimaautomatik, Start/Stop-Automatik, Sommerreifen;€ 8.950,-;Sehr guter Preis;158.500 km;Schaltgetriebe;02/2015;Diesel;80 kW (109 PS);4,4 l/100 km;117 g/km
Volkswagen;Touran;Comfortline 2.0 TDI DSG LED KAMERA ALU APS SITZHZG;LED-Scheinwerfer, Einparkhilfe Kamera, Einparkhilfe Sensoren vorne, Getönte Scheiben, Sitzheizung, Dachreling, Kurvenlicht, Alufelgen;€ 12.988,-;Sehr guter Preis;228.600 km;Automatik;08/2020;Diesel;110 kW (150 PS);5,6 l/100 km;1 g/km
BMW;X5;xDrive30d   NAVI   Xenon   AHK   Kamera;Sportsitze, Anhängerkupplung, Einparkhilfe Kamera, Spoiler, Einparkhilfe Sensoren vorne, Spurhalteassistent, Elektrische Heckklappe, Ambientebeleuchtung;€ 21.500,-;Sehr guter Preis;179.450 km;Automatik;05/2015;Diesel;190 kW (258 PS);5,9 l/100 km;156 g/km
Audi;A3;Sportback S-Line Automatik*LED*Navi*SHZ;Elektrische Sitze, Multifunktionslenkrad, Navigationssystem, Sitzheizung, LED-Scheinwerfer, Getönte Scheiben, Scheinwerferreinigung, LED-Tagfahrlicht;€ 15.480,-;Sehr guter Preis;85.850 km;Automatik;04/2015;Benzin;132 kW (179 PS);4,4 l/100 km;116 g/km
Volkswagen;Tiguan;1.4 TSI BlueMotion Technology Trend & Fun;Alufelgen, Anhängerkupplung, Isofix, Gepäckraumabtrennung, Airbag hinten, Einparkhilfe Sensoren vorne, Armlehne, Wegfahrsperre;€ 9.960,-;Guter Preis;138.436 km;Schaltgetriebe;06/2015;Benzin;90 kW (122 PS);nan;nan
Opel;Corsa;INNOVATION 1.4 TURBO(ecoFlex) S&S +S/LHZ++;Sitzheizung, Alufelgen, Beheizbares Lenkrad, Katalysator, Geschwindigkeits-begrenzungsanlage, Xenonscheinwerfer, USB, MP3;€ 8.490,-;Sehr guter Preis;66.180 km;Schaltgetriebe;04/2016;Benzin;74 kW (101 PS);nan;nan
Hyundai;iX20;FIFA World Cup Edition Navi RFK  Sitzhzg;Klimaanlage, Navigationssystem, Katalysator, Sitzheizung, Berganfahrassistent, Reifendruckkontrollsystem, Touchscreen, Traktionskontrolle;€ 11.690,-;Sehr guter Preis;16.600 km;Automatik;10/2015;Benzin;92 kW (125 PS);nan;nan
Mercedes-Benz;Sprinter;II 316 CDI Hoch+Lang*Klima*L2-H2*;12-64 Monate Garantie / Tüv & Inspektion= NEU !;€ 11.500,-;Sehr guter Preis;260.000 km;Schaltgetriebe;10/2014;Diesel;120 kW (163 PS);8,0 l/100 km;212 g/km
Ford;Transit Custom;Kombi 300 L1 2.2 TDCi *2093;Beifahrerairbag, Start/Stop-Automatik, Schiebetür rechts, Radio, Notrad, Traktionskontrolle, Katalysator, Elektr. Fensterheber;€ 7.988,-;Sehr guter Preis;210.000 km;Schaltgetriebe;04/2014;Diesel;74 kW (101 PS);nan;nan
Opel;Vivaro;8042;Behindertengerecht, Schiebetür rechts, Lederlenkrad, Radio;€ 10.988,-;Sehr guter Preis;72.484 km;Schaltgetriebe;12/2014;Diesel;66 kW (90 PS);nan;nan
Volkswagen;Sharan;Comfortline 2.0 TDI Automatik/ Navi/ AHK;Elektrische Sitze, Radio, Getönte Scheiben, Apple CarPlay, Einparkhilfe Sensoren vorne, Alufelgen, Sportsitze, Navigationssystem;€ 14.990,-;Sehr guter Preis;159.215 km;Automatik;07/2016;Diesel;110 kW (150 PS);5,2 l/100 km;136 g/km
Peugeot;5008;Allure 1.6 Blue-HDI Navi Panorama 7-Sitzer;Über 400 Dacia Neuwagen im Bestand/3 Jahre Garantie;€ 9.990,-;Fairer Preis;165.000 km;Automatik;11/2016;Diesel;88 kW (120 PS);4,4 l/100 km;114 g/km
Skoda;Kamiq;Active LED-AHK Schwenkbar- 1 Hand;Geschwindigkeits-begrenzungsanlage, Anhängerkupplung, LED-Scheinwerfer, Spurhalteassistent, DAB-Radio, Freisprecheinrichtung, Sitzheizung, USB;€ 11.450,-;Sehr guter Preis;182.100 km;Schaltgetriebe;12/2019;Diesel;85 kW (116 PS);4,2 l/100 km;nan
Audi;A4;"AMBITION 1.8 TFSI SPORT EDITION AUT. |XEN|18""";Sportfahrwerk, Sportpaket, Getönte Scheiben, 3-Zonen-Klimaautomatik, Alufelgen, Reifendruckkontrollsystem, Sitzheizung, Einparkhilfe Sensoren vorne;€ 13.990,-;Guter Preis;133.797 km;Automatik;07/2015;Benzin;125 kW (170 PS);6,2 l/100 km;144 g/km
Mercedes-Benz;C 250;C -Klasse Coupe C 250 CDI BlueEfficiency;Sportfahrwerk, Wegfahrsperre, Spurhalteassistent, Navigationssystem, Sportsitze, Freisprecheinrichtung, Multifunktionslenkrad, Soundsystem;€ 12.900,-;Guter Preis;214.000 km;Automatik;06/2014;Diesel;150 kW (204 PS);4,9 l/100 km;130 g/km
Hyundai;TUCSON;1.6 GDI 2WD *2-HD*NAVI*KAMERA*LED*AHK*ALU;Sitzheizung, Navigationssystem, 2-Zonen-Klimaautomatik, Dachreling, Multifunktionslenkrad, Anhängerkupplung, Einparkhilfe Sensoren vorne, Getönte Scheiben;€ 12.400,-;Sehr guter Preis;138.000 km;Schaltgetriebe;07/2016;Benzin;97 kW (132 PS);6,3 l/100 km;147 g/km
Mercedes-Benz;E 220;Edition E BlueTec 4Matic+LEDER+NAVI+LED+;Allrad, Schiebedach, Elektrische Sitze, Sitzheizung, LED-Scheinwerfer, Einparkhilfe Sensoren vorne, Fahrerairbag, Freisprecheinrichtung;€ 15.990,-;Fairer Preis;193.322 km;Automatik;03/2015;Diesel;125 kW (170 PS);5,3 l/100 km;140 g/km
Ford;Focus;Business  HU, Wartung,Reifen neu!;Tempomat, Pannenkit, Verkehrszeichenerkennung, Einparkhilfe Sensoren hinten, Sitzheizung, Navigationssystem, Seitenairbag, Klimaanlage;€ 6.600,-;Sehr guter Preis;122.006 km;Schaltgetriebe;06/2016;Benzin;74 kW (101 PS);4,6 l/100 km;109 g/km
Renault;Koleos;Limited 4X4+AZV;Allrad, Seitenairbag, Getönte Scheiben, Alufelgen, Beifahrerairbag, Sommerreifen, Anhängerkupplung, Touchscreen;€ 7.500,-;Sehr guter Preis;165.000 km;Schaltgetriebe;03/2015;Diesel;110 kW (150 PS);6,4 l/100 km;170 g/km
Dacia;Logan;Prestige MCV 1.5 dCi ~ Navi ~ MFL~ PDC~;Klimaanlage, Fahrerairbag, Dachreling, Allwetterreifen, Tempomat, Alufelgen, Elektr. Fensterheber, Navigationssystem;€ 7.999,-;Guter Preis;83.000 km;Schaltgetriebe;04/2016;Diesel;66 kW (90 PS);3,8 l/100 km;101 g/km
BMW;X1;xDrive20d +nur an Händler/Export+HU 12/26;Sitzheizung, Allrad, Anhängerkupplung, Verkehrszeichenerkennung, Kurvenlicht, LED-Scheinwerfer, Einparkhilfe Sensoren vorne, Reifendruckkontrollsystem;€ 15.000,-;Fairer Preis;162.071 km;Automatik;12/2015;Diesel;140 kW (190 PS);nan;nan
Volkswagen;Caddy;Alltrack 4x4*Behindertengerecht am Lenkrad;Behindertengerecht, Allrad, Schiebetür links, Schiebetür rechts, Sitzheizung, Standheizung, Beifahrerairbag, Isofix;€ 14.900,-;nan;246.767 km;Automatik;02/2019;Diesel;110 kW (150 PS);5,6 l/100 km;148 g/km
Hyundai;i30;FIFA World Cup Edition *NAVI*KAMERA*Sitzhzg*ALU*;Radio, Sitzheizung, Navigationssystem, Einparkhilfe Kamera, USB, 2-Zonen-Klimaautomatik, Zentralverriegelung mit Funkfernbedienung, Multifunktionslenkrad;€ 9.780,-;Sehr guter Preis;79.000 km;Schaltgetriebe;03/2015;Benzin;99 kW (135 PS);5,7 l/100 km;134 g/km
Mazda;CX-5;Sports-Line AWD *SHZ/NAVI/AHK/PDC*;Allrad, Bluetooth, Sitzheizung, Getönte Scheiben, Isofix, Sommerreifen, Anhängerkupplung, Einparkhilfe Sensoren vorne;€ 8.990,-;Guter Preis;160.000 km;Schaltgetriebe;01/2014;Diesel;129 kW (175 PS);5,2 l/100 km;138 g/km
Opel;Grandland X;Selection;Verkehrszeichenerkennung, Elektronische Parkbremse, USB, Reifendruckkontrollsystem, E10-geeignet, Freisprecheinrichtung, Berganfahrassistent, Zentralverriegelung;€ 11.990,-;Sehr guter Preis;88.000 km;Schaltgetriebe;02/2018;Benzin;96 kW (131 PS);5,4 l/100 km;124 g/km
Opel;Mokka;1.4 Turbo ecoFLEX Start/Stop Edition;Meistergeprüft;€ 9.910,-;Sehr guter Preis;77.350 km;Schaltgetriebe;04/2014;Benzin;103 kW (140 PS);nan;nan
Nissan;Juke;Visia Plus 1.6 Klima Radio Allwetter AHK;Über 400 Dacia Neuwagen im Bestand/3 Jahre Garantie;€ 5.490,-;Fairer Preis;185.000 km;Schaltgetriebe;09/2014;Benzin;69 kW (94 PS);6,0 l/100 km;138 g/km
Mercedes-Benz;A 180;AUTOMATIK LEDER PDC NAVI *TEXT LESEN*;Einparkhilfe Sensoren hinten, Sportpaket, Navigationssystem, Beifahrerairbag, Alufelgen, Ambientebeleuchtung, Einparkhilfe Sensoren vorne, Sitzheizung;€ 9.990,-;Sehr guter Preis;145.006 km;Automatik;07/2014;Benzin;90 kW (122 PS);5,5 l/100 km;130 g/km
Audi;A3;2.0 TDI Sport-Sitze*XENON*NAVI*Sitzhzg*PDC*;Sportfahrwerk, Sportpaket, Freisprecheinrichtung, USB, Sitzheizung, LED-Tagfahrlicht, Müdigkeitswarnsystem, Sportsitze;Guter Preis;Guter Preis;178.000 km;Schaltgetriebe;01/2014;Diesel;110 kW (150 PS);4,1 l/100 km;109 g/km
Peugeot;308;SW 1.5 Aut Activ NAV+SHZ+PDC+TEM+SERVICE NEU;Sitzheizung, Navigationssystem, Freisprecheinrichtung, 2-Zonen-Klimaautomatik, Getönte Scheiben, Beifahrerairbag, Apple CarPlay, Geschwindigkeits-begrenzungsanlage;€ 8.950,-;Guter Preis;143.898 km;Automatik;08/2019;Benzin;96 kW (131 PS);nan;nan
Opel;Corsa;Innovation*XENON*PDC*TEMPOMAT*LENKRADHZG;Alufelgen, Einparkhilfe Sensoren hinten, Beheizbares Lenkrad, Sitzheizung, Bordcomputer, Beifahrerairbag, Xenonscheinwerfer, Nebelscheinwerfer;€ 9.900,-;Sehr guter Preis;86.213 km;Automatik;01/2018;Benzin;66 kW (90 PS);nan;nan
Skoda;Superb;Combi Style 2.0 TDI DSG AHK EXPORT;Elektrische Sitze, Alufelgen, Apple CarPlay, Bi-Xenon Scheinwerfer, Sitzheizung, Beifahrerairbag, USB, Elektrische Seitenspiegel;€ 14.900,-;Sehr guter Preis;157.900 km;Automatik;04/2017;Diesel;140 kW (190 PS);4,5 l/100 km;114 g/km
SEAT;Leon;FR 1,4l TSI+NAVI+LED+SHZ+PDC;Navigationssystem, Einparkhilfe, LED, Sitzheizung;Guter Preis;Guter Preis;138.388 km;Schaltgetriebe;09/2014;Benzin;110 kW (150 PS);4,7 l/100 km;nan
Renault;Espace;V Intens Energy dCi 160*7Sitzer*AT Motor bei 90tkm;Schiebedach, Klimaanlage, Soundsystem, Voll-LED Scheinwerfer, Elektrische Heckklappe, Anhängerkupplung, Verkehrszeichenerkennung, 2-Zonen-Klimaautomatik;€ 12.950,-;Guter Preis;166.000 km;Automatik;11/2015;Diesel;118 kW (160 PS);4,7 l/100 km;123 g/km
BMW;118;i Advantage Aut. *LED*NAVI*PDC*TEMPOMAT*;LED-Scheinwerfer, Navigationssystem, Sitzheizung, Sprachsteuerung, LED-Tagfahrlicht, 2-Zonen-Klimaautomatik, Einparkhilfe Sensoren hinten, Reifendruckkontrollsystem;€ 11.799,-;Sehr guter Preis;139.056 km;Automatik;02/2017;Benzin;100 kW (136 PS);5,1 l/100 km;119 g/km
BMW;X5;xDrive 40 d Panoramadach;Start/Stop-Automatik, Schaltwippen, Panoramadach, Reifendruckkontrollsystem, Spurhalteassistent, Sprachsteuerung, Sommerreifen, Schlüssellose Zentralverriegelung;€ 24.400,-;Guter Preis;165.758 km;Halbautomatik;03/2014;Diesel;230 kW (313 PS);6,9 l/100 km;183 g/km
Ford;Tourneo Custom;"2,0TDCI""Titanium""2Schiebetüren""9Sitze""";Einparkhilfe Kamera, Radio, Beifahrerairbag, Schiebetür links, Alufelgen, Getönte Scheiben, Isofix, Abstandstempomat;€ 19.990,-;nan;120.000 km;Automatik;06/2017;Diesel;125 kW (170 PS);nan;nan
Audi;Q7;3.0 TDI quattro *7SITZER*2.HAND*BI-XENON*AHK*;Soundsystem, Bluetooth, Sitzheizung, Getönte Scheiben, Sportsitze, Schaltwippen, Lederlenkrad, Anhängerkupplung;€ 24.399,-;Fairer Preis;280.671 km;Automatik;03/2017;Diesel;200 kW (272 PS);6,2 l/100 km;163 g/km
Fiat;Panda;1.2 Young Klimaanlage Radio Allwetterreifen Euro 6;Klimaanlage, Radio, Elektr. Fensterheber, Kopfairbag, Bluetooth, Allwetterreifen, Isofix, E10-geeignet;€ 5.890,-;Guter Preis;92.400 km;Schaltgetriebe;11/2014;Benzin;51 kW (69 PS);nan;nan
Volkswagen;Passat Variant;Comfortline BMT/Start-Stopp;Voll-LED Scheinwerfer, LED-Scheinwerfer, Einparkhilfe Kamera, Navigationssystem, Einparkhilfe Sensoren vorne, Einparkhilfe selbstlenkendes System, Start/Stop-Automatik, Abstandstempomat;€ 14.900,-;Guter Preis;140.800 km;Automatik;11/2015;Benzin;132 kW (179 PS);5,8 l/100 km;130 g/km
Mercedes-Benz;Vito;119 CDI Aut. 4MATIC lang-8Si.-Navi-Kamera-;Schiebetür rechts, Einparkhilfe Kamera, Allrad, Seitenairbag, Beifahrerairbag, Reifendruckkontrollsystem, Isofix, Getönte Scheiben;€ 22.900,-;Sehr guter Preis;199.900 km;Automatik;08/2016;Diesel;140 kW (190 PS);5,8 l/100 km;nan
Volkswagen;Touran;1.2TSI AHK+Klimaaut+Sitzhzg+LM-Felge;Anhängerkupplung, 3-Zonen-Klimaautomatik, Armlehne, Sitzheizung, Isofix, Klimaanlage, Wegfahrsperre, Touchscreen;€ 12.940,-;Sehr guter Preis;96.505 km;Schaltgetriebe;11/2015;Benzin;81 kW (110 PS);nan;nan
Volkswagen;Amarok;Highline DoubleCab 4Motion Navi*Xenon*AHK;Einparkhilfe Kamera, Einparkhilfe Sensoren vorne, Bi-Xenon Scheinwerfer, Beifahrerairbag, Klimaautomatik, Bordcomputer, Sitzheizung, Winterpaket;€ 17.998,-;Guter Preis;287.200 km;Automatik;03/2018;Diesel;165 kW (224 PS);8,0 l/100 km;210 g/km
Mercedes-Benz;CLS 350;CDI*AMG-SPORT PAKET*TÜV neu;Sportpaket, Soundsystem, Sportfahrwerk, Radio, Sportsitze, LED-Scheinwerfer, Alufelgen, Sitzheizung;€ 18.990,-;Sehr guter Preis;174.128 km;Automatik;03/2015;Diesel;195 kW (265 PS);6,1 l/100 km;162 g/km
Skoda;Octavia;1.6 TDI DSG Ambition NAVI/AHK*;Alufelgen, Bordcomputer, Touchscreen, Anhängerkupplung, Einparkhilfe Sensoren vorne, Sommerreifen, USB, Einparkhilfe Sensoren hinten;€ 8.990,-;Guter Preis;174.200 km;Automatik;12/2016;Diesel;81 kW (110 PS);nan;nan
Mazda;6;2.2 SKYACTIV-D Sports-Line;Skisack, Xenonscheinwerfer, Airbag hinten, Lichtsensor, Sitzheizung, USB, Alufelgen, Beifahrerairbag;€ 10.550,-;Fairer Preis;147.000 km;Schaltgetriebe;05/2014;Diesel;129 kW (175 PS);nan;nan
Mercedes-Benz;E 220;CDI w212 *CO²-126g*AVANTGARDE*LED*COMAND*LEDER*;LED-Scheinwerfer, Navigationssystem, Abstandstempomat, Einparkhilfe Sensoren hinten, Verkehrszeichenerkennung, Elektrische Sitze, Einparkhilfe Sensoren vorne, Alufelgen;€ 10.800,-;Guter Preis;253.600 km;Schaltgetriebe;02/2014;Diesel;125 kW (170 PS);5,1 l/100 km;126 g/km
Land Rover;Discovery Sport;SE AWD;Sitzheizung, Winterpaket, Allrad, Einparkhilfe Sensoren hinten, Navigationssystem, Schlüssellose Zentralverriegelung, Freisprecheinrichtung, LED-Tagfahrlicht;€ 16.500,-;Sehr guter Preis;119.540 km;Automatik;05/2017;Diesel;132 kW (179 PS);5,3 l/100 km;139 g/km
Toyota;C-HR;1.2 Urban +RFK+Spurh.+Hold+;Navigationssystem, Einparkhilfe Kamera, Abstandstempomat, Verkehrszeichenerkennung, Fahrerairbag, Pannenkit, Schlüssellose Zentralverriegelung, Beifahrerairbag;€ 15.888,-;Sehr guter Preis;66.350 km;Schaltgetriebe;08/2018;Benzin;116 kW (158 PS);5,9 l/100 km;135 g/km
Ford;Tourneo Connect;1.6 TDCi 5 SITZE TITANIUM PANO;Beifahrerairbag, Schiebetür rechts, Anhängerkupplung, Kurvenlicht, Alufelgen, Schiebetür links, Fahrerairbag, Lichtsensor;€ 12.880,-;Sehr guter Preis;94.506 km;Schaltgetriebe;03/2015;Diesel;85 kW (116 PS);4,9 l/100 km;130 g/km
BMW;X5;xDrive30d Navi Prof Xenon StanHzg AHK EU6;Beifahrerairbag, Einparkhilfe Sensoren vorne, Alufelgen, Sitzheizung, 2-Zonen-Klimaautomatik, Anhängerkupplung, Standheizung, Allrad;€ 21.450,-;Guter Preis;177.000 km;Automatik;01/2014;Diesel;190 kW (258 PS);5,9 l/100 km;156 g/km
Mercedes-Benz;CLA 180;Urban LED Navi Sitzheizung;Sportsitze, Multifunktionslenkrad, Navigationssystem, Sitzheizung, Einparkhilfe Sensoren vorne, Alufelgen, teilb. Rücksitzbank, LED-Scheinwerfer;€ 17.480,-;Guter Preis;98.604 km;Schaltgetriebe;09/2016;Benzin;90 kW (122 PS);nan;nan
Mazda;CX-5;Sports-Line AWD*Tempomat*RfK*LED;Fahrerairbag, Sportpaket, Einparkhilfe Kamera, Elektrische Sitze, LED-Scheinwerfer, Beifahrerairbag, Totwinkel-Assistent, Allrad;€ 10.590,-;Sehr guter Preis;178.632 km;Automatik;11/2015;Diesel;129 kW (175 PS);5,5 l/100 km;144 g/km
Opel;Mokka;Edition Sitz&Lenkradhzg+PDC+Klimaauto+Navi;Sitzheizung, Navigationssystem, E10-geeignet, 2-Zonen-Klimaautomatik, Apple CarPlay, Sommerreifen, Beheizbares Lenkrad, Touchscreen;€ 9.880,-;Sehr guter Preis;115.613 km;Schaltgetriebe;01/2017;Benzin;103 kW (140 PS);6,0 l/100 km;142 g/km
Fiat;500;Lounge  CABRIO;Einparkhilfe Sensoren hinten, Alufelgen, Reifendruckkontrollsystem, Lederlenkrad, Elektrische Seitenspiegel, Nebelscheinwerfer, Schiebedach, Elektr. Fensterheber;€ 6.849,-;Guter Preis;112.500 km;Schaltgetriebe;10/2015;Benzin;51 kW (69 PS);4,9 l/100 km;115 g/km
Renault;Megane;Grandtour GT Line mit VOLLAUSTATTUNG;ABS, Sportfahrwerk, Zentralverriegelung mit Funkfernbedienung, Verkehrszeichenerkennung, Lordosenstütze, Einparkhilfe Sensoren hinten, Sitzheizung, Abstandstempomat;€ 10.300,-;Guter Preis;138.000 km;Schaltgetriebe;07/2015;Diesel;120 kW (163 PS);5,6 l/100 km;148 g/km
BMW;650;i xDrive Coupe M Sport LCI Pano-LED-HuD-H/K;LED-Scheinwerfer, Sportfahrwerk, Sportsitze, Soundsystem, Volldigitales Kombiinstrument, Sportpaket, Navigationssystem, Sommerreifen;€ 28.850,-;Sehr guter Preis;122.000 km;Automatik;03/2016;Benzin;330 kW (449 PS);9,1 l/100 km;216 g/km
Audi;A6;35 TDI VIRTUAL/LEDER/SPORT;Sportpaket, LED-Scheinwerfer, Volldigitales Kombiinstrument, Einparkhilfe Kamera, Ambientebeleuchtung, Elektrische Heckklappe, Elektrische Sitze, Alufelgen;€ 23.500,-;Sehr guter Preis;151.700 km;Automatik;03/2020;Diesel;120 kW (163 PS);4,3 l/100 km;112 g/km
SEAT;Ibiza;5trg Style Klimaauto*Navi*PDC*Sitzhzg*Alu;Sitzheizung, E10-geeignet, Klimaanlage, Navigationssystem, Lederlenkrad, Bluetooth, Klimaautomatik, Wegfahrsperre;€ 7.490,-;Guter Preis;74.490 km;Schaltgetriebe;04/2014;Benzin;51 kW (69 PS);5,4 l/100 km;128 g/km
Toyota;C-HR;Flow|NAVI|R.KAMERA|ACC|SPURH.|SHZ|17 ALU;Allrad, Alufelgen, Elektrische Seitenspiegel, Einparkhilfe Kamera, Sitzheizung, Schlüssellose Zentralverriegelung, Bluetooth, Servolenkung;€ 15.990,-;Guter Preis;71.700 km;Automatik;11/2016;Benzin;85 kW (116 PS);6,3 l/100 km;nan
Audi;SQ5;3.0 TDI quattro;Navigationssystem, Abstandstempomat, Schlüssellose Zentralverriegelung, Fernlichtassistent, Sportfahrwerk, Sportsitze, Elektrische Sitze, Spurhalteassistent;€ 26.930,-;Guter Preis;105.007 km;Automatik;07/2014;Diesel;230 kW (313 PS);6,8 l/100 km;180 g/km
Land Rover;Range Rover Evoque;2.0 Sd4 SE Dynamic GOLD;Seit 1963 Ihr KFZ-Meisterbetrieb in Mainz Bretzenheim;€ 16.900,-;Fairer Preis;152.900 km;Schaltgetriebe;02/2016;Diesel;132 kW (179 PS);4,8 l/100 km;125 g/km
Audi;A5;SB S-LINE *MATRIX *ST-HZG *KAMERA *MASSAGE;Sportfahrwerk, Sportpaket, 3-Zonen-Klimaautomatik, Einparkhilfe Kamera, LED-Scheinwerfer, Sportsitze, Sitzheizung, Getönte Scheiben;€ 23.799,-;Guter Preis;121.999 km;Automatik;04/2017;Diesel;140 kW (190 PS);4,2 l/100 km;109 g/km
Volkswagen;Polo;Trendline 1,0 l 48 kW (65 PS) 5-Gang;Alle Fahrzeuge mit mind. 12 Monaten VW/AUDI-Garantie;€ 9.800,-;nan;100.400 km;Schaltgetriebe;12/2017;Benzin;48 kW (65 PS);nan;nan
Mercedes-Benz;C 180;CGI Avantgarde, LED, Leder, Navi, GSHD;Sportsitze, Sommerreifen, LED-Scheinwerfer, Panoramadach, Müdigkeitswarnsystem, Elektr. Fensterheber, Einparkhilfe selbstlenkendes System, Voll-LED Scheinwerfer;€ 17.440,-;Guter Preis;80.000 km;Schaltgetriebe;06/2014;Benzin;115 kW (156 PS);5,0 l/100 km;118 g/km
Skoda;Octavia;Combi 1.6 TDI Ambition PDChi|Tempo|Klima;Fahrerairbag, Klimaanlage, Sitzheizung, ABS, Dachreling, Tempomat, Beifahrerairbag, Sommerreifen;€ 5.400,-;Sehr guter Preis;218.843 km;Automatik;11/2014;Diesel;77 kW (105 PS);nan;nan
Volkswagen;Polo;Trendline 1,0 l 48 kW (65 PS) 5-Gang;Alle Fahrzeuge mit mind. 12 Monaten VW/AUDI-Garantie;€ 9.800,-;nan;100.400 km;Schaltgetriebe;12/2017;Benzin;48 kW (65 PS);nan;nan
Mercedes-Benz;C 180;CGI Avantgarde, LED, Leder, Navi, GSHD;Sportsitze, Sommerreifen, LED-Scheinwerfer, Panoramadach, Müdigkeitswarnsystem, Elektr. Fensterheber, Einparkhilfe selbstlenkendes System, Voll-LED Scheinwerfer;€ 17.440,-;Guter Preis;80.000 km;Schaltgetriebe;06/2014;Benzin;115 kW (156 PS);5,0 l/100 km;118 g/km
Fiat;Ducato;2,3 JTD *L2H2* Hoch+Lang*Garantie*;12-64 Monate Garantie / Tüv & Inspektion= NEU !;€ 13.990,-;Guter Preis;163.000 km;Schaltgetriebe;01/2016;Diesel;96 kW (131 PS);nan;nan
Mazda;6;2.2 D LED/Head-up/Spurhalte-/Totwinkel/Kamera!;Sitzheizung, Einparkhilfe Kamera, Multifunktionslenkrad, Head-up display, Einparkhilfe Sensoren vorne, Navigationssystem, LED-Scheinwerfer, Sommerreifen;€ 12.798,-;Guter Preis;111.780 km;Schaltgetriebe;05/2016;Diesel;129 kW (175 PS);4,6 l/100 km;nan
Volkswagen;Polo;1.2 TSI Advance BlueMotion*TEMPO*PDC*KLIMA*;❗Service Historie und Gebrauchtspureninfos auf Anruf;€ 12.550,-;Sehr guter Preis;33.759 km;Automatik;02/2016;Benzin;66 kW (90 PS);4,7 l/100 km;109 g/km
Audi;A5;2.0 TFSI S tronic quattro Cabriolet;Soundsystem, Navigationssystem, Einparkhilfe Sensoren vorne, Multifunktionslenkrad, Sitzheizung, Allrad, Schlüssellose Zentralverriegelung, Apple CarPlay;€ 21.490,-;Sehr guter Preis;45.373 km;Automatik;11/2015;Benzin;169 kW (230 PS);6,9 l/100 km;nan
Dacia;Duster;Prestige dCi110 4x4 ALLRAD LEDER/KAMERA;Allrad, Einparkhilfe Kamera, Alufelgen, Sitzheizung, Dachreling, Navigationssystem, Klimaanlage, Geschwindigkeits-begrenzungsanlage;€ 12.000,-;Sehr guter Preis;122.479 km;Schaltgetriebe;01/2018;Diesel;80 kW (109 PS);nan;nan
Porsche;Macan;"S Diesel PDK 21"" PANORAMA";Bordcomputer, Touchscreen, LED-Tagfahrlicht, Innenspiegel automatisch abblendend, Soundsystem, Abstandswarner, Panoramadach, Schiebedach;€ 26.900,-;Sehr guter Preis;182.000 km;Automatik;06/2015;Diesel;190 kW (258 PS);6,3 l/100 km;167 g/km
Ford;C-Max;Sync Edition;Beifahrerairbag, Alufelgen, Fahrerairbag, Sitzheizung, Elektr. Fensterheber, Beheizbare Frontscheibe, ABS, Lordosenstütze;€ 7.850,-;Guter Preis;60.334 km;Schaltgetriebe;10/2014;Benzin;74 kW (101 PS);nan;nan
Volkswagen;Golf;Variant Allstar*PDC*Tempomat*Sitzheizung;Sitzheizung, Sportpaket, 2-Zonen-Klimaautomatik, Navigationssystem, Sportsitze, Einparkhilfe Sensoren vorne, Alufelgen, Einparkhilfe Sensoren hinten;€ 13.870,-;Sehr guter Preis;89.798 km;Automatik;02/2017;Benzin;81 kW (110 PS);nan;nan
DS Automobiles;DS 7 Crossback;BusinessLine 2.0HDI*Pano*LED*FOCAL;Sommerreifen, Panoramadach, Volldigitales Kombiinstrument, Elektrische Sitze, LED-Scheinwerfer, Apple CarPlay, Spurhalteassistent, Lederlenkrad;€ 17.990,-;Sehr guter Preis;149.654 km;Automatik;07/2018;Diesel;132 kW (179 PS);4,9 l/100 km;128 g/km
BMW;320;d Sport Line*AHK*LASER*KAMERA*8.FACH*AMBIENTE;Einparkhilfe Kamera, Sportpaket, Sportsitze, Apple CarPlay, Volldigitales Kombiinstrument, Ambientebeleuchtung, Laserlicht, Getönte Scheiben;€ 18.700,-;Guter Preis;194.000 km;Automatik;07/2021;Diesel;140 kW (190 PS);4,2 l/100 km;109 g/km
Volkswagen;Golf;VII Lim. Cup BMT Navi,SH,PDC,Park Assist;Finanzierung ab 6,29% / Sofortankauf & Inzahlungnahme;€ 9.990,-;Guter Preis;127.940 km;Schaltgetriebe;10/2014;Benzin;103 kW (140 PS);5,2 l/100 km;119 g/km
Skoda;Superb;Combi 1.6TDI DSG Leder/Navi/Kamera/BI-Xenon;Einparkhilfe Kamera, 2-Zonen-Klimaautomatik, Alufelgen, Sitzheizung, MP3, Elektrische Seitenspiegel, Seitenairbag, Dachreling;€ 13.910,-;Sehr guter Preis;157.000 km;Automatik;12/2018;Diesel;88 kW (120 PS);nan;nan
Opel;Adam;Turbo *HU NEU*;Bordcomputer, Alufelgen, Sportfahrwerk, Tempomat, Bluetooth, Touchscreen, Radio, Pannenkit;€ 6.799,-;Guter Preis;147.000 km;Schaltgetriebe;11/2014;Benzin;85 kW (116 PS);4,3 l/100 km;116 g/km
Ford;Ranger;3.2 TDCI DoKa 4x4 Limited Navi Leder Rfk Offroad P;Einparkhilfe Kamera, USB, Elektrische Sitze, Lordosenstütze, Einparkhilfe Sensoren vorne, Einparkhilfe Sensoren hinten, Touchscreen, Allrad;€ 19.900,-;Sehr guter Preis;166.300 km;Automatik;12/2017;Diesel;147 kW (200 PS);8,8 l/100 km;231 g/km
Volkswagen;Passat Variant;Comfortline *Allwetter*AHK*ACC*SHZ*;3-Zonen-Klimaautomatik, Sitzheizung, Lichtsensor, Bluetooth, Sportpaket, Anhängerkupplung, Dachreling, Abstandstempomat;€ 12.790,-;Guter Preis;167.208 km;Automatik;06/2016;Benzin;92 kW (125 PS);nan;nan
BMW;435;435d Gran Coupé xDrive|GSD|M Lenkr|SHZ|PDC|Alarm;Sportfahrwerk, Elektrische Sitze, Sportsitze, Ambientebeleuchtung, Sitzheizung, Schiebedach, Multifunktionslenkrad, CD;€ 21.880,-;Sehr guter Preis;106.245 km;Automatik;07/2016;Diesel;230 kW (313 PS);nan;nan
Opel;Corsa;1.2 Selection Klima 5türig ISA Mod. 2015;Klimaanlage, E10-geeignet, Pannenkit, Beifahrerairbag, Bluetooth, Seitenairbag, USB, Elektr. Fensterheber;€ 5.590,-;Sehr guter Preis;80.281 km;Schaltgetriebe;10/2014;Benzin;51 kW (69 PS);5,5 l/100 km;146 g/km
Peugeot;2008;1.2 12V VTi / PureTech 82 Active *LED*PDC;Pannenkit, Sitzheizung, Touchscreen, Dachreling, Beifahrerairbag, Einparkhilfe Sensoren hinten, Elektrische Seitenspiegel, Wegfahrsperre;€ 6.993,-;Guter Preis;106.462 km;Schaltgetriebe;07/2015;Benzin;60 kW (82 PS);nan;nan
Mercedes-Benz;E 200;d T 9G BURMESTER+COMAND+KAM+LED+SHZ+DAB+TEM;Einparkhilfe Kamera, Sportfahrwerk, LED-Scheinwerfer, Apple CarPlay, Totwinkel-Assistent, Elektrische Heckklappe, Navigationssystem, Verkehrszeichenerkennung;€ 15.550,-;Guter Preis;200.000 km;Automatik;02/2018;Diesel;110 kW (150 PS);4,2 l/100 km;109 g/km
Ford;Ka/Ka+;Cool & Sound;E10-geeignet, Alufelgen, Sitzheizung, Elektrische Seitenspiegel, Einparkhilfe Sensoren hinten, Seitenairbag, ABS, Wegfahrsperre;€ 8.450,-;Guter Preis;76.000 km;Schaltgetriebe;08/2017;Benzin;63 kW (86 PS);5,0 l/100 km;114 g/km
Skoda;Superb;Combi 2.0 TDI DSG Ambition *NAVI*PDC*DAB*;Elektrische Sitze, Sitzheizung, Getönte Scheiben, Beifahrerairbag, 2-Zonen-Klimaautomatik, Induktionsladen für Smartphones, Freisprecheinrichtung, Apple CarPlay;€ 11.980,-;Sehr guter Preis;208.767 km;Automatik;06/2017;Diesel;140 kW (190 PS);4,6 l/100 km;119 g/km
Mercedes-Benz;CLA 220;CDI Limo 7G-DCT Urban+LED+NAVI+PANO;Schiebedach, Einparkhilfe Kamera, Sportsitze, LED-Scheinwerfer, Getönte Scheiben, Klimaautomatik, Ambientebeleuchtung, Einparkhilfe Sensoren vorne;€ 19.999,-;Sehr guter Preis;154.191 km;Automatik;03/2018;Diesel;130 kW (177 PS);nan;nan
Mercedes-Benz;E 400;T AVANTGARDE LEDER+NAV+LED+HARMAN+DISTRONC;360KameraMemorySport+NightRegWartung;€ 26.798,-;Fairer Preis;108.400 km;Automatik;04/2015;Benzin;245 kW (333 PS);7,2 l/100 km;170 g/km
Volkswagen;Touareg;V8 TDI R-Line 4.2 Pano*Standh.*ACC*Kam;Einparkhilfe Kamera, Sportpaket, Wegfahrsperre, Lederlenkrad, Anhängerkupplung, Alufelgen, Panoramadach, Elektrische Sitze;€ 21.790,-;Guter Preis;193.000 km;Automatik;01/2014;Diesel;250 kW (340 PS);nan;nan
Ford;Focus;Turnier Business, SHZ, PDC, Kamera, Navi;Sitzheizung, Einparkhilfe Sensoren vorne, Apple CarPlay, Notbremsassistent, Ambientebeleuchtung, Beheizbare Frontscheibe, Einparkhilfe Kamera, Alufelgen;€ 9.980,-;Sehr guter Preis;81.700 km;Schaltgetriebe;06/2017;Benzin;92 kW (125 PS);nan;nan
Mitsubishi;ASX;1.6 Klassik Kollekt GEPFLEGT+SHZ+KAM+AHK+TEM;Touchscreen, Radio, Sitzheizung, Anhängerkupplung, Navigationssystem, Isofix, Alufelgen, Beifahrerairbag;€ 7.250,-;Fairer Preis;213.160 km;Schaltgetriebe;05/2015;Benzin;86 kW (117 PS);5,8 l/100 km;137 g/km
Mercedes-Benz;S 400;S 400 S-Klasse Hybrid Lang *Maybach-Optik* Rentner;Maybach Umbau, Viel Ausstattung, Scheckheftgepflegt; ;nan;nan;nan;nan;nan;nan;nan;nan
Citroen;C3;Exclusive *1.HAND*AHK*ALCANTARA*KLIMA*TEMPOMA;Fahrerairbag, Schaltwippen, Isofix, Anhängerkupplung, Reifendruckkontrollsystem, Geschwindigkeits-begrenzungsanlage, USB, Klimaanlage;€ 7.799,-;Fairer Preis;102.251 km;Automatik;04/2015;Benzin;60 kW (82 PS);4,3 l/100 km;99 g/km
Audi;A4;Avant 40 TDI Sport Xenon/Navi/Kamera/AHK/Temp;Sportfahrwerk, Sportpaket, Einparkhilfe Kamera, Sportsitze, Ambientebeleuchtung, Lederlenkrad, Anhängerkupplung, Schlüssellose Zentralverriegelung;€ 18.790,-;Sehr guter Preis;121.249 km;Automatik;03/2019;Diesel;140 kW (190 PS);4,6 l/100 km;121 g/km
Skoda;Octavia;1,6 TDI Nur an Händler u. Gewerbe;Beifahrerairbag, Fahrerairbag, Sitzheizung, Dachreling, ABS, Navigationssystem, Bordcomputer, Freisprecheinrichtung;€ 11.800,-;Sehr guter Preis;96.000 km;Schaltgetriebe;09/2017;Diesel;85 kW (116 PS);nan;nan
Mercedes-Benz;B 180;CDI Automatik Navi-LED-PDC-SitzHZG;Sitzheizung, LED-Scheinwerfer, Ambientebeleuchtung, Navigationssystem, Alufelgen, Getönte Scheiben, LED-Tagfahrlicht, Multifunktionslenkrad;€ 13.950,-;Guter Preis;85.000 km;Automatik;04/2015;Diesel;80 kW (109 PS);4,1 l/100 km;106 g/km
Opel;Insignia;ST AUTOMATIK*OPC-PA*BUSINESS*INNOVATION;Sportfahrwerk, Sitzbelüftung, Head-up display, Elektrische Sitze, Massagesitze, Volldigitales Kombiinstrument, Einparkhilfe Kamera, Schaltwippen;€ 17.490,-;Sehr guter Preis;91.000 km;Automatik;03/2018;Diesel;125 kW (170 PS);5,7 l/100 km;150 g/km
Hyundai;i10;1.2 Style SHZ LenkradHZG Keyless Alarm Temp Tel.-V;Pannenkit, teilb. Rücksitzbank, Katalysator, Beheizbares Lenkrad, MP3, Bluetooth, Alufelgen, Elektrische Seitenspiegel;€ 6.980,-;Guter Preis;148.000 km;Schaltgetriebe;01/2017;Benzin;64 kW (87 PS);nan;nan
Mercedes-Benz;A 180;BlueEfficiency  Urban Automatik +Navi+Kamera+;Premium-Jungwagen geprüft vom Opel-Partner;€ 15.750,-;Guter Preis;78.200 km;Automatik;05/2015;Benzin;90 kW (122 PS);5,5 l/100 km;130 g/km
Opel;Adam;1.2 Jam IntelliLink LED KLIMA TEMP SHZ;Alufelgen, Apple CarPlay, Multifunktionslenkrad, Sitzheizung, Tempomat, Bluetooth, Geschwindigkeits-begrenzungsanlage, USB;€ 3.999,-;nan;179.000 km;Schaltgetriebe;06/2016;Benzin;51 kW (69 PS);5,3 l/100 km;126 g/km
Ford;Focus;Titanium 1,0 125PS BI-Xenon/Navi/Winterp.;E10-geeignet, Einparkhilfe selbstlenkendes System, 2-Zonen-Klimaautomatik, Spurhalteassistent, Einparkhilfe Sensoren hinten, USB, Dachreling, Sitzheizung;€ 7.710,-;Sehr guter Preis;118.000 km;Schaltgetriebe;03/2015;Benzin;92 kW (125 PS);nan;nan
Maserati;Levante;Diesel Panorama, Memory, Scheckheft,;Inzahlungnahme, Finanzierung ohne Anzahlung, Top Preise;€ 25.990,-;Sehr guter Preis;167.000 km;Automatik;10/2016;Diesel;202 kW (275 PS);8,3 l/100 km;220 g/km
Audi;A6;Avant 3.0 TDI quattro ACC AHK LED STANDHZ.;Einparkhilfe Kamera, Sportsitze, LED-Scheinwerfer, Freisprecheinrichtung, Sportfahrwerk, Elektrische Seitenspiegel, Standheizung, Anhängerkupplung;€ 17.440,-;Guter Preis;198.000 km;Automatik;12/2015;Diesel;200 kW (272 PS);nan;nan
Opel;Insignia;ST OPC UNLIMITED 2.8 V6 4x4, AHK, Pano, BOSE, ACC;Innenspiegel automatisch abblendend, Tempomat, Sportfahrwerk, Apple CarPlay, Klimaanlage, Sommerreifen, Panoramadach, Touchscreen;€ 14.980,-;Sehr guter Preis;127.600 km;Automatik;01/2017;Benzin;239 kW (325 PS);11,0 l/100 km;253 g/km
Renault;Kadjar;1.5 dCi 110 Bose Edition ENERGY;Sitzheizung, LED-Scheinwerfer, Beifahrerairbag, Isofix, Verkehrszeichenerkennung, Navigationssystem, Alufelgen, Geschwindigkeits-begrenzungsanlage;€ 10.990,-;Sehr guter Preis;150.000 km;Automatik;08/2016;Diesel;81 kW (110 PS);nan;nan
Skoda;Superb;Combi 2.0 TDI Green tec DSG Exclusive;Abstandswarner, Allrad, Ambientebeleuchtung, Sportfahrwerk, Anhängerkupplung, Elektrische Sitze, Scheinwerferreinigung, Touchscreen;€ 13.240,-;Sehr guter Preis;124.500 km;Automatik;09/2015;Diesel;125 kW (170 PS);5,2 l/100 km;138 g/km
Mercedes-Benz;C 200;D w205 AVANTGARDE *Co²-106g *LEDER*NAVI*2.HAND;Sportsitze, Sportpaket, Alufelgen, Getönte Scheiben, Elektrische Sitze, Einparkhilfe Sensoren vorne, Lederlenkrad, Einparkhilfe Sensoren hinten;€ 15.000,-;Guter Preis;153.988 km;Schaltgetriebe;07/2015;Diesel;100 kW (136 PS);3,9 l/100 km;106 g/km
Renault;Kadjar;Energy TCe 165 Crossborder;LED-Scheinwerfer, Sitzheizung, Elektrische Sitze, Abstandstempomat, Sommerreifen, Beifahrerairbag, Navigationssystem, Winterpaket;€ 13.980,-;Sehr guter Preis;77.279 km;Schaltgetriebe;09/2017;Benzin;120 kW (163 PS);nan;nan
Opel;Mokka X;1.6 CDTI Automatik Navi Color Innovation;Einparkhilfe Kamera, Sommerreifen, Einparkhilfe Sensoren vorne, Sitzheizung, LED-Scheinwerfer, Alufelgen, Kurvenlicht, Navigationssystem;€ 10.880,-;Sehr guter Preis;101.266 km;Automatik;06/2017;Diesel;100 kW (136 PS);nan;nan
Volkswagen;Touran;2.0 TDI, 7 Sitze, Panorama-Schiebedach;Tempomat, Navigationssystem, Alufelgen, Schiebedach, Panoramadach, Allwetterreifen, Klimaautomatik, Radio;€ 12.780,-;Sehr guter Preis;131.626 km;Schaltgetriebe;12/2015;Diesel;103 kW (140 PS);nan;nan
Renault;Megane;Play/ALLWETTER/AHK/SEHR SAUBER;Touchscreen, Anhängerkupplung, Beifahrerairbag, ABS, Armlehne, Reifendruckkontrollsystem, Elektrische Seitenspiegel, Tempomat;€ 7.000,-;Sehr guter Preis;104.000 km;Schaltgetriebe;04/2018;Benzin;74 kW (101 PS);5,4 l/100 km;120 g/km
Mercedes-Benz;CLA 200;*NAVI*TEMPOMAT*SZHZ*PDC*;Alufelgen, Getönte Scheiben, Navigationssystem, Multifunktionslenkrad, Soundsystem, Einparkhilfe Sensoren vorne, Lichtsensor, Sitzheizung;€ 13.799,-;Sehr guter Preis;145.161 km;Schaltgetriebe;10/2015;Diesel;100 kW (136 PS);4,3 l/100 km;111 g/km
Toyota;C-HR;1.2 Urban +RFK+Spurh.+Hold+;Navigationssystem, Einparkhilfe Kamera, Abstandstempomat, Verkehrszeichenerkennung, Fahrerairbag, Pannenkit, Schlüssellose Zentralverriegelung, Beifahrerairbag;€ 15.888,-;Sehr guter Preis;66.350 km;Schaltgetriebe;08/2018;Benzin;116 kW (158 PS);5,9 l/100 km;135 g/km
Land Rover;Range Rover Evoque;2.2 Td4*Meridian*AHK*Tempomat;Allrad, Elektrische Sitze, Navigationssystem, Anhängerkupplung, Touchscreen, Beifahrerairbag, Allwetterreifen, Bi-Xenon Scheinwerfer;€ 11.950,-;Sehr guter Preis;187.386 km;Schaltgetriebe;04/2015;Diesel;110 kW (150 PS);5,7 l/100 km;151 g/km
Volkswagen;up!;1.0  move Klima+Sitzheizung;Sitzheizung, Klimaautomatik, Raucherpaket, Pannenkit, Lederlenkrad, MP3, teilb. Rücksitzbank, Multifunktionslenkrad;€ 6.480,-;Sehr guter Preis;129.980 km;Schaltgetriebe;05/2017;Benzin;44 kW (60 PS);nan;nan
Ford;Focus;Lim. Titanium Euro5,Navi,Klimaaut.;Touchscreen, Klimaautomatik, Einparkhilfe Sensoren hinten, Getönte Scheiben, Einparkhilfe Sensoren vorne, Alufelgen, Klimaanlage, Tempomat;€ 4.900,-;Sehr guter Preis;239.661 km;Schaltgetriebe;03/2015;Diesel;85 kW (116 PS);4,2 l/100 km;111 g/km
Jaguar;XF;20d R-Sport Automatik EU6 Leder Navi Xenon Pano PD;Finanzierung ab 5,99%;€ 12.350,-;Fairer Preis;197.000 km;Automatik;10/2015;Diesel;132 kW (179 PS);nan;nan
Ford;Focus;Titanium 1,0 125PS BI-Xenon/Navi/Winterp.;E10-geeignet, Einparkhilfe selbstlenkendes System, 2-Zonen-Klimaautomatik, Spurhalteassistent, Einparkhilfe Sensoren hinten, USB, Dachreling, Sitzheizung;€ 7.710,-;Sehr guter Preis;118.000 km;Schaltgetriebe;03/2015;Benzin;92 kW (125 PS);nan;nan
Land Rover;Discovery Sport;SE AWD;Sitzheizung, Winterpaket, Allrad, Einparkhilfe Sensoren hinten, Navigationssystem, Schlüssellose Zentralverriegelung, Freisprecheinrichtung, LED-Tagfahrlicht;€ 16.500,-;Sehr guter Preis;119.540 km;Automatik;05/2017;Diesel;132 kW (179 PS);5,3 l/100 km;139 g/km
Volkswagen;Polo;TSI Lounge;Sitzheizung, LED-Scheinwerfer, Alufelgen, 2-Zonen-Klimaautomatik, Einparkhilfe Sensoren hinten, Pannenkit, Bluetooth, Nebelscheinwerfer;€ 8.990,-;Sehr guter Preis;98.890 km;Schaltgetriebe;12/2015;Benzin;66 kW (90 PS);5,1 l/100 km;107 g/km
Volkswagen;Tiguan;Sport R-Line 4Motion *BI-XENON*NAVI*TEMP;Anhängerkupplung, Getönte Scheiben, Allrad, Sitzheizung, Seitenairbag, Bluetooth, Navigationssystem, Multifunktionslenkrad;€ 17.999,-;Guter Preis;79.386 km;Automatik;05/2015;Diesel;130 kW (177 PS);5,9 l/100 km;154 g/km
Opel;Grandland X;Selection;Verkehrszeichenerkennung, Elektronische Parkbremse, USB, Reifendruckkontrollsystem, E10-geeignet, Freisprecheinrichtung, Berganfahrassistent, Zentralverriegelung;€ 11.990,-;Sehr guter Preis;88.000 km;Schaltgetriebe;02/2018;Benzin;96 kW (131 PS);5,4 l/100 km;124 g/km
Volkswagen;Touran;Comfortline 2.0 TDI DSG LED KAMERA ALU APS SITZHZG;LED-Scheinwerfer, Einparkhilfe Kamera, Einparkhilfe Sensoren vorne, Getönte Scheiben, Sitzheizung, Dachreling, Kurvenlicht, Alufelgen;€ 12.988,-;Sehr guter Preis;228.600 km;Automatik;08/2020;Diesel;110 kW (150 PS);5,6 l/100 km;1 g/km
Renault;Kadjar;Bose Edition + TÜV + NEU +;Einparkhilfe Sensoren vorne, 2-Zonen-Klimaautomatik, Voll-LED Scheinwerfer, Einparkhilfe Kamera, Einparkhilfe selbstlenkendes System, Touchscreen, LED-Scheinwerfer, Isofix;€ 8.970,-;Guter Preis;153.103 km;Schaltgetriebe;11/2016;Benzin;96 kW (131 PS);nan;nan
Skoda;Kamiq;Active LED-AHK Schwenkbar- 1 Hand;Geschwindigkeits-begrenzungsanlage, Anhängerkupplung, LED-Scheinwerfer, Spurhalteassistent, DAB-Radio, Freisprecheinrichtung, Sitzheizung, USB;€ 11.450,-;Sehr guter Preis;182.100 km;Schaltgetriebe;12/2019;Diesel;85 kW (116 PS);4,2 l/100 km;nan
Alfa Romeo;Giulia;2.2 JTDM Automatik Klima Navi Temp Kamera;Finanzierung OHNE Anzahlung möglich!;€ 13.890,-;Sehr guter Preis;174.400 km;Automatik;11/2016;Diesel;132 kW (179 PS);3,8 l/100 km;99 g/km
Skoda;Superb;Combi Style 2.0 TDI DSG AHK EXPORT;Elektrische Sitze, Alufelgen, Apple CarPlay, Bi-Xenon Scheinwerfer, Sitzheizung, Beifahrerairbag, USB, Elektrische Seitenspiegel;€ 14.900,-;Sehr guter Preis;157.900 km;Automatik;04/2017;Diesel;140 kW (190 PS);4,5 l/100 km;114 g/km
Volkswagen;Golf;VII Comf. 1.6 TDI 1.Hd*Navi*ACC*PDC*AHK;Apple CarPlay, MP3, Alufelgen, Einparkhilfe Sensoren vorne, Lordosenstütze, LED-Tagfahrlicht, Abstandstempomat, Pannenkit;€ 11.990,-;Guter Preis;146.000 km;Schaltgetriebe;11/2017;Diesel;85 kW (116 PS);nan;nan
Skoda;Fabia;1.2TSI Combi Cool Edition+KLIMA+PDC+ISOFIX;Alufelgen, Klimaanlage, Pannenkit, teilb. Rücksitzbank, Elektrische Seitenspiegel, Katalysator, MP3, Touchscreen;€ 7.450,-;Sehr guter Preis;126.000 km;Schaltgetriebe;04/2016;Benzin;66 kW (90 PS);nan;nan
Ford;Tourneo Custom;"2,0TDCI""Titanium""2Schiebetüren""9Sitze""";Einparkhilfe Kamera, Radio, Beifahrerairbag, Schiebetür links, Alufelgen, Getönte Scheiben, Isofix, Abstandstempomat;€ 19.990,-;nan;120.000 km;Automatik;06/2017;Diesel;125 kW (170 PS);nan;nan
Volkswagen;Touran;Comfortline Navi,SH,PDC,Standheizung;Finanzierung ab 6,29% / Sofortankauf & Inzahlungnahme;€ 11.300,-;Sehr guter Preis;188.220 km;Schaltgetriebe;11/2015;Diesel;110 kW (150 PS);4,5 l/100 km;118 g/km
Hyundai;iX20;FIFA World Cup Edition Navi RFK  Sitzhzg;Klimaanlage, Navigationssystem, Katalysator, Sitzheizung, Berganfahrassistent, Reifendruckkontrollsystem, Touchscreen, Traktionskontrolle;€ 11.690,-;Sehr guter Preis;16.600 km;Automatik;10/2015;Benzin;92 kW (125 PS);nan;nan
Peugeot;5008;Allure 1.6 Blue-HDI Navi Panorama 7-Sitzer;Über 400 Dacia Neuwagen im Bestand/3 Jahre Garantie;€ 9.990,-;Fairer Preis;165.000 km;Automatik;11/2016;Diesel;88 kW (120 PS);4,4 l/100 km;114 g/km
Opel;Corsa;INNOVATION 1.4 TURBO(ecoFlex) S&S +S/LHZ++;Sitzheizung, Alufelgen, Beheizbares Lenkrad, Katalysator, Geschwindigkeits-begrenzungsanlage, Xenonscheinwerfer, USB, MP3;€ 8.490,-;Sehr guter Preis;66.180 km;Schaltgetriebe;04/2016;Benzin;74 kW (101 PS);nan;nan
BMW;118;i Advantage Aut. *LED*NAVI*PDC*TEMPOMAT*;LED-Scheinwerfer, Navigationssystem, Sitzheizung, Sprachsteuerung, LED-Tagfahrlicht, 2-Zonen-Klimaautomatik, Einparkhilfe Sensoren hinten, Reifendruckkontrollsystem;€ 11.799,-;Sehr guter Preis;139.056 km;Automatik;02/2017;Benzin;100 kW (136 PS);5,1 l/100 km;119 g/km
Nissan;Qashqai;Tekna 4x4 Navigation 8-fach;Allrad, Sitzheizung, LED-Scheinwerfer, Panoramadach, Navigationssystem, Beifahrerairbag, Elektrische Sitze, Radio;€ 11.800,-;Sehr guter Preis;109.000 km;Schaltgetriebe;05/2015;Diesel;96 kW (131 PS);4,9 l/100 km;129 g/km
Maserati;Levante;Diesel Panorama, Memory, Scheckheft,;Inzahlungnahme, Finanzierung ohne Anzahlung, Top Preise;€ 25.990,-;Sehr guter Preis;167.000 km;Automatik;10/2016;Diesel;202 kW (275 PS);8,3 l/100 km;220 g/km
Nissan;Qashqai;Tekna 4x4 Navigation 8-fach;Allrad, Sitzheizung, LED-Scheinwerfer, Panoramadach, Navigationssystem, Beifahrerairbag, Elektrische Sitze, Radio;€ 11.800,-;Sehr guter Preis;109.000 km;Schaltgetriebe;05/2015;Diesel;96 kW (131 PS);4,9 l/100 km;129 g/km
BMW;X5;xDrive30d   NAVI   Xenon   AHK   Kamera;Sportsitze, Anhängerkupplung, Einparkhilfe Kamera, Spoiler, Einparkhilfe Sensoren vorne, Spurhalteassistent, Elektrische Heckklappe, Ambientebeleuchtung;€ 21.500,-;Sehr guter Preis;179.450 km;Automatik;05/2015;Diesel;190 kW (258 PS);5,9 l/100 km;156 g/km
Mercedes-Benz;CLA 180;Urban LED Navi Sitzheizung;Sportsitze, Multifunktionslenkrad, Navigationssystem, Sitzheizung, Einparkhilfe Sensoren vorne, Alufelgen, teilb. Rücksitzbank, LED-Scheinwerfer;€ 17.480,-;Guter Preis;98.604 km;Schaltgetriebe;09/2016;Benzin;90 kW (122 PS);nan;nan
Hyundai;TUCSON;1.6 GDI 2WD *2-HD*NAVI*KAMERA*LED*AHK*ALU;Sitzheizung, Navigationssystem, 2-Zonen-Klimaautomatik, Dachreling, Multifunktionslenkrad, Anhängerkupplung, Einparkhilfe Sensoren vorne, Getönte Scheiben;€ 12.400,-;Sehr guter Preis;138.000 km;Schaltgetriebe;07/2016;Benzin;97 kW (132 PS);6,3 l/100 km;147 g/km
Mercedes-Benz;Sprinter;313 CDI L2H1|AC|AHK|TÜV 8'2026|BREMSneu;Klimaanlage, Armlehne, USB, Elektrische Seitenspiegel, Radio, Anhängerkupplung, Zentralverriegelung;€ 7.800,-;Sehr guter Preis;393.331 km;Schaltgetriebe;06/2015;Diesel;95 kW (129 PS);8,0 l/100 km;212 g/km
Citroen;C4 Cactus;Feel;Einparkhilfe Kamera, Bordcomputer, Alufelgen, Regensensor, Sommerreifen, Sitzheizung, Einparkhilfe Sensoren hinten, Bluetooth;€ 5.790,-;Fairer Preis;161.465 km;Schaltgetriebe;11/2015;Benzin;81 kW (110 PS);4,7 l/100 km;107 g/km
Audi;A3;Sportback S-Line Automatik*LED*Navi*SHZ;Elektrische Sitze, Multifunktionslenkrad, Navigationssystem, Sitzheizung, LED-Scheinwerfer, Getönte Scheiben, Scheinwerferreinigung, LED-Tagfahrlicht;€ 15.480,-;Sehr guter Preis;85.850 km;Automatik;04/2015;Benzin;132 kW (179 PS);4,4 l/100 km;116 g/km
BMW;X1;xDrive20d +nur an Händler/Export+HU 12/26;Sitzheizung, Allrad, Anhängerkupplung, Verkehrszeichenerkennung, Kurvenlicht, LED-Scheinwerfer, Einparkhilfe Sensoren vorne, Reifendruckkontrollsystem;€ 15.000,-;Fairer Preis;162.071 km;Automatik;12/2015;Diesel;140 kW (190 PS);nan;nan
Volkswagen;Sharan;Comfortline 2.0 TDI Automatik/ Navi/ AHK;Elektrische Sitze, Radio, Getönte Scheiben, Apple CarPlay, Einparkhilfe Sensoren vorne, Alufelgen, Sportsitze, Navigationssystem;€ 14.990,-;Sehr guter Preis;159.215 km;Automatik;07/2016;Diesel;110 kW (150 PS);5,2 l/100 km;136 g/km
Mazda;2;;Über 1000 Fahrzeuge auf Lager und sofort verfügbar !!!;€ 10.990,-;Sehr guter Preis;54.900 km;Schaltgetriebe;03/2018;Benzin;66 kW (90 PS);4,5 l/100 km;105 g/km
Volkswagen;Polo;Trendline 1,0 l 48 kW (65 PS) 5-Gang;Alle Fahrzeuge mit mind. 12 Monaten VW/AUDI-Garantie;€ 9.800,-;nan;100.400 km;Schaltgetriebe;12/2017;Benzin;48 kW (65 PS);nan;nan
Volkswagen;Tiguan;1.4 TSI BlueMotion Technology Trend & Fun;Alufelgen, Anhängerkupplung, Isofix, Gepäckraumabtrennung, Airbag hinten, Einparkhilfe Sensoren vorne, Armlehne, Wegfahrsperre;€ 9.960,-;Guter Preis;138.436 km;Schaltgetriebe;06/2015;Benzin;90 kW (122 PS);nan;nan
Audi;A4;"AMBITION 1.8 TFSI SPORT EDITION AUT. |XEN|18""";Sportfahrwerk, Sportpaket, Getönte Scheiben, 3-Zonen-Klimaautomatik, Alufelgen, Reifendruckkontrollsystem, Sitzheizung, Einparkhilfe Sensoren vorne;€ 13.990,-;Guter Preis;133.797 km;Automatik;07/2015;Benzin;125 kW (170 PS);6,2 l/100 km;144 g/km
Nissan;Qashqai;360° Navi SHZ Tempomat Pano;Tempomat, Beifahrerairbag, Panoramadach, Navigationssystem, Fahrerairbag, Sitzheizung, Armlehne, Innenspiegel automatisch abblendend;€ 7.999,-;Guter Preis;221.900 km;Schaltgetriebe;05/2015;Diesel;81 kW (110 PS);3,8 l/100 km;99 g/km
Volkswagen;Tiguan;2.0 TDI Trend & Fun BMT / PDC / SHZ;Touchscreen, Start/Stop-Automatik, Sitzheizung, Einparkhilfe Sensoren vorne, Einparkhilfe Kamera, Fahrerairbag, Einparkhilfe Sensoren hinten, Alufelgen;€ 11.490,-;Guter Preis;162.522 km;Schaltgetriebe;01/2015;Diesel;81 kW (110 PS);5,3 l/100 km;139 g/km
Opel;Corsa;Innovation*XENON*PDC*TEMPOMAT*LENKRADHZG;Alufelgen, Einparkhilfe Sensoren hinten, Beheizbares Lenkrad, Sitzheizung, Bordcomputer, Beifahrerairbag, Xenonscheinwerfer, Nebelscheinwerfer;€ 9.900,-;Sehr guter Preis;86.213 km;Automatik;01/2018;Benzin;66 kW (90 PS);nan;nan
Mercedes-Benz;E 220;Edition E BlueTec 4Matic+LEDER+NAVI+LED+;Allrad, Schiebedach, Elektrische Sitze, Sitzheizung, LED-Scheinwerfer, Einparkhilfe Sensoren vorne, Fahrerairbag, Freisprecheinrichtung;€ 15.990,-;Fairer Preis;193.322 km;Automatik;03/2015;Diesel;125 kW (170 PS);5,3 l/100 km;140 g/km
SEAT;Ibiza;Style EcoTSI Tempomat Bluetooth Aux-In USB Tel.-Vo;Klimaautomatik, Multifunktionslenkrad, Katalysator, Seitenairbag, Tempomat, Reifendruckkontrollsystem, Nebelscheinwerfer, Pannenkit;€ 7.500,-;Sehr guter Preis;133.482 km;Schaltgetriebe;02/2017;Benzin;81 kW (110 PS);nan;nan
Audi;A6;Avant 3.0 TDI quattro ACC AHK LED STANDHZ.;Einparkhilfe Kamera, Sportsitze, LED-Scheinwerfer, Freisprecheinrichtung, Sportfahrwerk, Elektrische Seitenspiegel, Standheizung, Anhängerkupplung;€ 17.440,-;Guter Preis;198.000 km;Automatik;12/2015;Diesel;200 kW (272 PS);nan;nan
Volkswagen;Golf;Variant Allstar*PDC*Tempomat*Sitzheizung;Sitzheizung, Sportpaket, 2-Zonen-Klimaautomatik, Navigationssystem, Sportsitze, Einparkhilfe Sensoren vorne, Alufelgen, Einparkhilfe Sensoren hinten;€ 13.870,-;Sehr guter Preis;89.798 km;Automatik;02/2017;Benzin;81 kW (110 PS);nan;nan
Opel;Mokka;Edition Sitz&Lenkradhzg+PDC+Klimaauto+Navi;Sitzheizung, Navigationssystem, E10-geeignet, 2-Zonen-Klimaautomatik, Apple CarPlay, Sommerreifen, Beheizbares Lenkrad, Touchscreen;€ 9.880,-;Sehr guter Preis;115.613 km;Schaltgetriebe;01/2017;Benzin;103 kW (140 PS);6,0 l/100 km;142 g/km
Land Rover;Range Rover Evoque;2.0 Td4 NAVI KAMERA CCR;Seit 1963 Ihr KFZ-Meisterbetrieb in Mainz Bretzenheim;€ 15.990,-;Guter Preis;144.072 km;Schaltgetriebe;01/2017;Diesel;110 kW (150 PS);5,1 l/100 km;134 g/km
Mercedes-Benz;B 180;CDI, 1.Hand, Navi, Klimaautom., Sitzheiz.;Berganfahrassistent, Lederlenkrad, Einparkhilfe Sensoren vorne, Getönte Scheiben, Einparkhilfe selbstlenkendes System, 2-Zonen-Klimaautomatik, Start/Stop-Automatik, Sommerreifen;€ 8.950,-;Sehr guter Preis;158.500 km;Schaltgetriebe;02/2015;Diesel;80 kW (109 PS);4,4 l/100 km;117 g/km
Renault;Espace;V Intens Energy dCi 160*7Sitzer*AT Motor bei 90tkm;Schiebedach, Klimaanlage, Soundsystem, Voll-LED Scheinwerfer, Elektrische Heckklappe, Anhängerkupplung, Verkehrszeichenerkennung, 2-Zonen-Klimaautomatik;€ 12.950,-;Guter Preis;166.000 km;Automatik;11/2015;Diesel;118 kW (160 PS);4,7 l/100 km;123 g/km
Dacia;Logan;Prestige MCV 1.5 dCi ~ Navi ~ MFL~ PDC~;Klimaanlage, Fahrerairbag, Dachreling, Allwetterreifen, Tempomat, Alufelgen, Elektr. Fensterheber, Navigationssystem;€ 7.999,-;Guter Preis;83.000 km;Schaltgetriebe;04/2016;Diesel;66 kW (90 PS);3,8 l/100 km;101 g/km
Subaru;Forester;2.0 Sport Diesel AHK;Allrad, Anhängerkupplung, Elektrische Heckklappe, Touchscreen, Schaltwippen, Nebelscheinwerfer, Einparkhilfe Kamera, Sommerreifen;€ 16.900,-;Sehr guter Preis;104.915 km;Automatik;04/2017;Diesel;108 kW (147 PS);nan;nan
Peugeot;308;SW 1.5 Aut Activ NAV+SHZ+PDC+TEM+SERVICE NEU;Sitzheizung, Navigationssystem, Freisprecheinrichtung, 2-Zonen-Klimaautomatik, Getönte Scheiben, Beifahrerairbag, Apple CarPlay, Geschwindigkeits-begrenzungsanlage;€ 8.950,-;Guter Preis;143.898 km;Automatik;08/2019;Benzin;96 kW (131 PS);nan;nan
Volkswagen;T-Roc;Style 1.0 TSI NAVI+SITZHZ+ACC+RFK+KLIMA Klima;Navigationssystem, Abstandstempomat, LED-Scheinwerfer, Sitzheizung, E10-geeignet, Regensensor, Einparkhilfe Kamera, Elektrische Heckklappe;€ 17.890,-;Sehr guter Preis;14.500 km;Schaltgetriebe;05/2019;Benzin;85 kW (116 PS);6,4 l/100 km;145 g/km
Ford;Focus;Business  HU, Wartung,Reifen neu!;Tempomat, Pannenkit, Verkehrszeichenerkennung, Einparkhilfe Sensoren hinten, Sitzheizung, Navigationssystem, Seitenairbag, Klimaanlage;€ 6.600,-;Sehr guter Preis;122.006 km;Schaltgetriebe;06/2016;Benzin;74 kW (101 PS);4,6 l/100 km;109 g/km
Hyundai;i30;FIFA World Cup Edition *NAVI*KAMERA*Sitzhzg*ALU*;Radio, Sitzheizung, Navigationssystem, Einparkhilfe Kamera, USB, 2-Zonen-Klimaautomatik, Zentralverriegelung mit Funkfernbedienung, Multifunktionslenkrad;€ 9.780,-;Sehr guter Preis;79.000 km;Schaltgetriebe;03/2015;Benzin;99 kW (135 PS);5,7 l/100 km;134 g/km
Audi;Q5;2.0d Quatt Design MATRIX+VIRTU+NAV+KAM+ACC+SH;Sportpaket, Volldigitales Kombiinstrument, 3-Zonen-Klimaautomatik, Allrad, Bluetooth, Einparkhilfe Kamera, Schaltwippen, Apple CarPlay;€ 21.250,-;Sehr guter Preis;161.231 km;Automatik;09/2017;Diesel;120 kW (163 PS);5,0 l/100 km;129 g/km
Volkswagen;Caddy;Alltrack 4x4*Behindertengerecht am Lenkrad;Behindertengerecht, Allrad, Schiebetür links, Schiebetür rechts, Sitzheizung, Standheizung, Beifahrerairbag, Isofix;€ 14.900,-;nan;246.767 km;Automatik;02/2019;Diesel;110 kW (150 PS);5,6 l/100 km;148 g/km
Toyota;Auris;1.3 Cool*KLIMA*GARANTIE*;❗Service Historie und Gebrauchtspureninfos auf Anruf;€ 9.850,-;nan;55.770 km;Schaltgetriebe;09/2015;Benzin;73 kW (99 PS);5,5 l/100 km;128 g/km
Toyota;C-HR;Flow|NAVI|R.KAMERA|ACC|SPURH.|SHZ|17 ALU;Allrad, Alufelgen, Elektrische Seitenspiegel, Einparkhilfe Kamera, Sitzheizung, Schlüssellose Zentralverriegelung, Bluetooth, Servolenkung;€ 15.990,-;Guter Preis;71.700 km;Automatik;11/2016;Benzin;85 kW (116 PS);6,3 l/100 km;nan
Renault;Koleos;Limited 4X4+AZV;Allrad, Seitenairbag, Getönte Scheiben, Alufelgen, Beifahrerairbag, Sommerreifen, Anhängerkupplung, Touchscreen;€ 7.500,-;Sehr guter Preis;165.000 km;Schaltgetriebe;03/2015;Diesel;110 kW (150 PS);6,4 l/100 km;170 g/km
Kia;Stonic;1.2 Edition 7 Emotion 1. Hand  Carplay Tempomat PD;Pannenkit, Beheizbares Lenkrad, Alufelgen, Elektrische Seitenspiegel, Einparkhilfe Sensoren hinten, Apple CarPlay, Sitzheizung, Touchscreen;€ 9.777,-;Guter Preis;110.290 km;Schaltgetriebe;12/2017;Benzin;62 kW (84 PS);nan;nan
Citroen;C5 Aircross;2.0 BlueHDi 180 Feel PANORAMA;Freisprecheinrichtung, Schaltwippen, Einparkhilfe Kamera, Totwinkel-Assistent, Lichtsensor, Regensensor, Getönte Scheiben, Spurhalteassistent;€ 17.490,-;Sehr guter Preis;76.278 km;Automatik;01/2019;Diesel;132 kW (179 PS);4,8 l/100 km;126 g/km
Opel;Insignia;ST OPC UNLIMITED 2.8 V6 4x4, AHK, Pano, BOSE, ACC;Innenspiegel automatisch abblendend, Tempomat, Sportfahrwerk, Apple CarPlay, Klimaanlage, Sommerreifen, Panoramadach, Touchscreen;€ 14.980,-;Sehr guter Preis;127.600 km;Automatik;01/2017;Benzin;239 kW (325 PS);11,0 l/100 km;253 g/km
Citroen;C5 Aircross;2.0 BlueHDi 180 Feel PANORAMA;Freisprecheinrichtung, Schaltwippen, Einparkhilfe Kamera, Totwinkel-Assistent, Lichtsensor, Regensensor, Getönte Scheiben, Spurhalteassistent;€ 17.490,-;Sehr guter Preis;76.278 km;Automatik;01/2019;Diesel;132 kW (179 PS);4,8 l/100 km;126 g/km
Audi;A5;SB S-LINE *MATRIX *ST-HZG *KAMERA *MASSAGE;Sportfahrwerk, Sportpaket, 3-Zonen-Klimaautomatik, Einparkhilfe Kamera, LED-Scheinwerfer, Sportsitze, Sitzheizung, Getönte Scheiben;€ 23.799,-;Guter Preis;121.999 km;Automatik;04/2017;Diesel;140 kW (190 PS);4,2 l/100 km;109 g/km
Mercedes-Benz;CLS 350;CDI*AMG-SPORT PAKET*TÜV neu;Sportpaket, Soundsystem, Sportfahrwerk, Radio, Sportsitze, LED-Scheinwerfer, Alufelgen, Sitzheizung;€ 18.990,-;Sehr guter Preis;174.128 km;Automatik;03/2015;Diesel;195 kW (265 PS);6,1 l/100 km;162 g/km
Volkswagen;Passat Variant;Comfortline BMT/Start-Stopp;Voll-LED Scheinwerfer, LED-Scheinwerfer, Einparkhilfe Kamera, Navigationssystem, Einparkhilfe Sensoren vorne, Einparkhilfe selbstlenkendes System, Start/Stop-Automatik, Abstandstempomat;€ 14.900,-;Guter Preis;140.800 km;Automatik;11/2015;Benzin;132 kW (179 PS);5,8 l/100 km;130 g/km
Mitsubishi;Space Star;Edition 100+ / incl. Winterkompletträder;Sitzheizung, Regensensor, Alufelgen, Klimaanlage, Radio, Start/Stop-Automatik, Servolenkung, DAB-Radio;€ 10.490,-;Sehr guter Preis;32.600 km;Automatik;03/2018;Benzin;59 kW (80 PS);4,3 l/100 km;99 g/km
BMW;650;i xDrive Coupe M Sport LCI Pano-LED-HuD-H/K;LED-Scheinwerfer, Sportfahrwerk, Sportsitze, Soundsystem, Volldigitales Kombiinstrument, Sportpaket, Navigationssystem, Sommerreifen;€ 28.850,-;Sehr guter Preis;122.000 km;Automatik;03/2016;Benzin;330 kW (449 PS);9,1 l/100 km;216 g/km
Skoda;Octavia;1,6 TDI Nur an Händler u. Gewerbe;Beifahrerairbag, Fahrerairbag, Sitzheizung, Dachreling, ABS, Navigationssystem, Bordcomputer, Freisprecheinrichtung;€ 11.800,-;Sehr guter Preis;96.000 km;Schaltgetriebe;09/2017;Diesel;85 kW (116 PS);nan;nan
Land Rover;Range Rover Evoque;2.0 Sd4 SE Dynamic GOLD;Seit 1963 Ihr KFZ-Meisterbetrieb in Mainz Bretzenheim;€ 16.900,-;Fairer Preis;152.900 km;Schaltgetriebe;02/2016;Diesel;132 kW (179 PS);4,8 l/100 km;125 g/km
Ford;Focus;Turnier Business, SHZ, PDC, Kamera, Navi;Sitzheizung, Einparkhilfe Sensoren vorne, Apple CarPlay, Notbremsassistent, Ambientebeleuchtung, Beheizbare Frontscheibe, Einparkhilfe Kamera, Alufelgen;€ 9.980,-;Sehr guter Preis;81.700 km;Schaltgetriebe;06/2017;Benzin;92 kW (125 PS);nan;nan
Ford;Tourneo Connect;1.6 TDCi 5 SITZE TITANIUM PANO;Beifahrerairbag, Schiebetür rechts, Anhängerkupplung, Kurvenlicht, Alufelgen, Schiebetür links, Fahrerairbag, Lichtsensor;€ 12.880,-;Sehr guter Preis;94.506 km;Schaltgetriebe;03/2015;Diesel;85 kW (116 PS);4,9 l/100 km;130 g/km
Skoda;Superb;Combi 1.6TDI DSG Leder/Navi/Kamera/BI-Xenon;Einparkhilfe Kamera, 2-Zonen-Klimaautomatik, Alufelgen, Sitzheizung, MP3, Elektrische Seitenspiegel, Seitenairbag, Dachreling;€ 13.910,-;Sehr guter Preis;157.000 km;Automatik;12/2018;Diesel;88 kW (120 PS);nan;nan
Mazda;6;2.2 D LED/Head-up/Spurhalte-/Totwinkel/Kamera!;Sitzheizung, Einparkhilfe Kamera, Multifunktionslenkrad, Head-up display, Einparkhilfe Sensoren vorne, Navigationssystem, LED-Scheinwerfer, Sommerreifen;€ 12.798,-;Guter Preis;111.780 km;Schaltgetriebe;05/2016;Diesel;129 kW (175 PS);4,6 l/100 km;nan
Audi;A5;2.0 TFSI S tronic quattro Cabriolet;Soundsystem, Navigationssystem, Einparkhilfe Sensoren vorne, Multifunktionslenkrad, Sitzheizung, Allrad, Schlüssellose Zentralverriegelung, Apple CarPlay;€ 21.490,-;Sehr guter Preis;45.373 km;Automatik;11/2015;Benzin;169 kW (230 PS);6,9 l/100 km;nan
Skoda;Octavia;1.6 TDI DSG Ambition NAVI/AHK*;Alufelgen, Bordcomputer, Touchscreen, Anhängerkupplung, Einparkhilfe Sensoren vorne, Sommerreifen, USB, Einparkhilfe Sensoren hinten;€ 8.990,-;Guter Preis;174.200 km;Automatik;12/2016;Diesel;81 kW (110 PS);nan;nan
SEAT;Leon;SC 2.0 TSI BLACK LINE PANORAMA,SPURHALTE;Multifunktionslenkrad, Fahrerairbag, Schaltwippen, Panoramadach, Beifahrerairbag, Sitzheizung, ESP, Elektrische Seitenspiegel;€ 18.880,-;Sehr guter Preis;45.739 km;Automatik;02/2016;Benzin;213 kW (290 PS);6,6 l/100 km;154 g/km
Fiat;Ducato;2,3 JTD *L2H2* Hoch+Lang*Garantie*;12-64 Monate Garantie / Tüv & Inspektion= NEU !;€ 13.990,-;Guter Preis;163.000 km;Schaltgetriebe;01/2016;Diesel;96 kW (131 PS);nan;nan
Opel;Corsa;1.2  Kamera LHZ Allwetter PDC SHZ;Klimaautomatik, Sitzheizung, Einparkhilfe Kamera, Einparkhilfe Sensoren vorne, Alufelgen, Beheizbares Lenkrad, Totwinkel-Assistent, Sprachsteuerung;€ 13.990,-;Sehr guter Preis;20.274 km;Schaltgetriebe;04/2022;Benzin;74 kW (101 PS);5,5 l/100 km;124 g/km
Volkswagen;Passat Variant;Passat Var. DSG ACC Kamera Navi AHK LED Tempomat;Finanzierung OHNE Anzahlung möglich!;€ 14.940,-;Sehr guter Preis;133.600 km;Automatik;08/2019;Diesel;88 kW (120 PS);4,3 l/100 km;112 g/km
Renault;Kadjar;1.5 dCi 110 Bose Edition ENERGY;Sitzheizung, LED-Scheinwerfer, Beifahrerairbag, Isofix, Verkehrszeichenerkennung, Navigationssystem, Alufelgen, Geschwindigkeits-begrenzungsanlage;€ 10.990,-;Sehr guter Preis;150.000 km;Automatik;08/2016;Diesel;81 kW (110 PS);nan;nan
BMW;435;435d Gran Coupé xDrive|GSD|M Lenkr|SHZ|PDC|Alarm;Sportfahrwerk, Elektrische Sitze, Sportsitze, Ambientebeleuchtung, Sitzheizung, Schiebedach, Multifunktionslenkrad, CD;€ 21.880,-;Sehr guter Preis;106.245 km;Automatik;07/2016;Diesel;230 kW (313 PS);nan;nan
Mercedes-Benz;C 220;d T 9G-TRONIC Avantgarde RFK*SPURHALTE;Ambientebeleuchtung, Sportsitze, Sprachsteuerung, Schiebedach, Apple CarPlay, Soundsystem, Totwinkel-Assistent, Sitzheizung;€ 18.900,-;Sehr guter Preis;166.941 km;Automatik;06/2019;Diesel;143 kW (194 PS);4,5 l/100 km;nan
Volkswagen;Polo;1.2 TSI Advance BlueMotion*TEMPO*PDC*KLIMA*;❗Service Historie und Gebrauchtspureninfos auf Anruf;€ 12.550,-;Sehr guter Preis;33.759 km;Automatik;02/2016;Benzin;66 kW (90 PS);4,7 l/100 km;109 g/km
Volkswagen;Touran;1.2TSI AHK+Klimaaut+Sitzhzg+LM-Felge;Anhängerkupplung, 3-Zonen-Klimaautomatik, Armlehne, Sitzheizung, Isofix, Klimaanlage, Wegfahrsperre, Touchscreen;€ 12.940,-;Sehr guter Preis;96.505 km;Schaltgetriebe;11/2015;Benzin;81 kW (110 PS);nan;nan
Peugeot;208;1.2 PureTech 100 S S Allure Navi+R-Kam+LED+DAB;Einparkhilfe Sensoren vorne, Abstandstempomat, Totwinkel-Assistent, Spurhalteassistent, Fahrerairbag, Lederlenkrad, Navigationssystem, Seitenairbag;€ 15.680,-;Sehr guter Preis;16.504 km;Schaltgetriebe;01/2024;Benzin;74 kW (101 PS);5,2 l/100 km;113 g/km
Mercedes-Benz;Vito;119 CDI Aut. 4MATIC lang-8Si.-Navi-Kamera-;Schiebetür rechts, Einparkhilfe Kamera, Allrad, Seitenairbag, Beifahrerairbag, Reifendruckkontrollsystem, Isofix, Getönte Scheiben;€ 22.900,-;Sehr guter Preis;199.900 km;Automatik;08/2016;Diesel;140 kW (190 PS);5,8 l/100 km;nan
Mazda;CX-5;Sports-Line AWD*Tempomat*RfK*LED;Fahrerairbag, Sportpaket, Einparkhilfe Kamera, Elektrische Sitze, LED-Scheinwerfer, Beifahrerairbag, Totwinkel-Assistent, Allrad;€ 10.590,-;Sehr guter Preis;178.632 km;Automatik;11/2015;Diesel;129 kW (175 PS);5,5 l/100 km;144 g/km
Opel;Insignia;ST AUTOMATIK*OPC-PA*BUSINESS*INNOVATION;Sportfahrwerk, Sitzbelüftung, Head-up display, Elektrische Sitze, Massagesitze, Volldigitales Kombiinstrument, Einparkhilfe Kamera, Schaltwippen;€ 17.490,-;Sehr guter Preis;91.000 km;Automatik;03/2018;Diesel;125 kW (170 PS);5,7 l/100 km;150 g/km
BMW;118;i Advantage*LED*NAVI*PDC*SHZ*TEMPO*KLIMA*;❗Service Historie und Gebrauchtspureninfos auf Anruf;€ 15.620,-;Sehr guter Preis;47.714 km;Schaltgetriebe;06/2019;Benzin;100 kW (136 PS);5,9 l/100 km;171 g/km
Skoda;Superb;Combi 2.0 TDI DSG Ambition *NAVI*PDC*DAB*;Elektrische Sitze, Sitzheizung, Getönte Scheiben, Beifahrerairbag, 2-Zonen-Klimaautomatik, Induktionsladen für Smartphones, Freisprecheinrichtung, Apple CarPlay;€ 11.980,-;Sehr guter Preis;208.767 km;Automatik;06/2017;Diesel;140 kW (190 PS);4,6 l/100 km;119 g/km
Land Rover;Range Rover Evoque;*NAVI*PANORAMA*BI-XENON*CAM*;Elektrische Sitze, Allrad, Panoramadach, Wegfahrsperre, Multifunktionslenkrad, Einparkhilfe Kamera, Elektr. Fensterheber, Traktionskontrolle;€ 17.999,-;Fairer Preis;134.745 km;Automatik;11/2016;Diesel;110 kW (150 PS);4,8 l/100 km;134 g/km
Renault;Megane;Grandtour GT Line mit VOLLAUSTATTUNG;ABS, Sportfahrwerk, Zentralverriegelung mit Funkfernbedienung, Verkehrszeichenerkennung, Lordosenstütze, Einparkhilfe Sensoren hinten, Sitzheizung, Abstandstempomat;€ 10.300,-;Guter Preis;138.000 km;Schaltgetriebe;07/2015;Diesel;120 kW (163 PS);5,6 l/100 km;148 g/km
Renault;ZOE;41kwh Elektro Life*RFK*SHZ*Navi*;Sitzheizung, Isofix, Bluetooth, Alufelgen, Geschwindigkeits-begrenzungsanlage, Fahrerairbag, Einparkhilfe Sensoren hinten, Verkehrszeichenerkennung; ;nan;nan;nan;nan;Elektro;nan;nan;nan
Skoda;Yeti;Cool Edition 1.2 TSI DSG KLIMA +SHZ+PDC+NSW+ALLWET;Anhängerkupplung, Dachreling, Tempomat, Katalysator, Sitzheizung, Alufelgen, teilb. Rücksitzbank, Nebelscheinwerfer;€ 14.950,-;Sehr guter Preis;67.073 km;Automatik;01/2017;Benzin;81 kW (110 PS);nan;nan
Nissan;Qashqai;N-Connecta DCT AHK*NAVI*KAMERA*WINTERPAK;Anhängerkupplung, Navigationssystem, Verkehrszeichenerkennung, Ambientebeleuchtung, Beheizbare Frontscheibe, Beifahrerairbag, Katalysator, Sitzheizung;€ 16.990,-;Sehr guter Preis;76.193 km;Automatik;04/2019;Benzin;117 kW (159 PS);nan;nan
Fiat;500;Lounge  CABRIO;Einparkhilfe Sensoren hinten, Alufelgen, Reifendruckkontrollsystem, Lederlenkrad, Elektrische Seitenspiegel, Nebelscheinwerfer, Schiebedach, Elektr. Fensterheber;€ 6.849,-;Guter Preis;112.500 km;Schaltgetriebe;10/2015;Benzin;51 kW (69 PS);4,9 l/100 km;115 g/km
Volkswagen;Polo;Comfortline 1.0 TSI NAVI AHK APS SITZHZG eFH ZV;Sitzheizung, Klimaautomatik, Seitenairbag, Navigationssystem, Einparkhilfe Sensoren hinten, Müdigkeitswarnsystem, Geschwindigkeits-begrenzungsanlage, Anhängerkupplung;€ 9.699,-;Sehr guter Preis;163.900 km;Schaltgetriebe;12/2020;Benzin;70 kW (95 PS);5,3 l/100 km;121 g/km
Audi;A6;35 TDI VIRTUAL/LEDER/SPORT;Sportpaket, LED-Scheinwerfer, Volldigitales Kombiinstrument, Einparkhilfe Kamera, Ambientebeleuchtung, Elektrische Heckklappe, Elektrische Sitze, Alufelgen;€ 23.500,-;Sehr guter Preis;151.700 km;Automatik;03/2020;Diesel;120 kW (163 PS);4,3 l/100 km;112 g/km
Skoda;Superb;Combi 2.0 TDI Green tec DSG Exclusive;Abstandswarner, Allrad, Ambientebeleuchtung, Sportfahrwerk, Anhängerkupplung, Elektrische Sitze, Scheinwerferreinigung, Touchscreen;€ 13.240,-;Sehr guter Preis;124.500 km;Automatik;09/2015;Diesel;125 kW (170 PS);5,2 l/100 km;138 g/km
Audi;A6;35 TDI VIRTUAL/LEDER/SPORT;Sportpaket, LED-Scheinwerfer, Volldigitales Kombiinstrument, Einparkhilfe Kamera, Ambientebeleuchtung, Elektrische Heckklappe, Elektrische Sitze, Alufelgen;€ 23.500,-;Sehr guter Preis;151.700 km;Automatik;03/2020;Diesel;120 kW (163 PS);4,3 l/100 km;112 g/km
Mercedes-Benz;E 300;de Avantg. PANO+STNDHZ+360°+LED+COMAND+ACC+;Panoramadach, Standheizung, 360° Kamera, Schiebedach, Schlüssellose Zentralverriegelung, Ambientebeleuchtung, Apple CarPlay, Abstandstempomat;€ 22.750,-;Sehr guter Preis;119.412 km;Automatik;12/2019;Diesel;225 kW (306 PS);nan;nan
Porsche;Macan;"S Diesel PDK 21"" PANORAMA";Bordcomputer, Touchscreen, LED-Tagfahrlicht, Innenspiegel automatisch abblendend, Soundsystem, Abstandswarner, Panoramadach, Schiebedach;€ 26.900,-;Sehr guter Preis;182.000 km;Automatik;06/2015;Diesel;190 kW (258 PS);6,3 l/100 km;167 g/km
Volkswagen;Polo;1.2 TSI Comfortline BMT*PDC*KLIMA*;❗Service Historie und Gebrauchtspureninfos auf Anruf;€ 10.740,-;Sehr guter Preis;36.531 km;Schaltgetriebe;01/2017;Benzin;66 kW (90 PS);4,7 l/100 km;107 g/km
Jaguar;XF;30t R-Sport AWD Navi Leder ACC 2-Zonen-Klimaauto.;Sitzheizung, Spoiler, Spurhalteassistent, Elektronische Parkbremse, Katalysator, Fahrerairbag, Einparkhilfe Kamera, Regensensor;€ 18.650,-;Sehr guter Preis;133.200 km;Automatik;09/2018;Benzin;221 kW (300 PS);7,5 l/100 km;171 g/km
Mercedes-Benz;GLE 43 AMG;4M*9G*LED*PANO*360*NAVI*TOTW*DISTR+;360° Kamera, Sportpaket, Elektrische Heckklappe, ESP, Abstandstempomat, Luftfederung, Sportfahrwerk, Kurvenlicht;€ 33.900,-;nan;132.900 km;Automatik;08/2017;Benzin;287 kW (390 PS);9,4 l/100 km;215 g/km
Dacia;Sandero;0.9 TCe Stepway Anniversary*TEMPO*NAVI*CAM*PDC*;❗Service Historie und Gebrauchtspureninfos auf Anruf;€ 11.330,-;Sehr guter Preis;15.349 km;Schaltgetriebe;04/2020;Benzin;66 kW (90 PS);5,3 l/100 km;148 g/km
Kia;Ceed SW / cee'd SW;1.6 CRDi +Navi+Parksensoren+Sitzheizung;USB, Ambientebeleuchtung, Navigationssystem, Alufelgen, Einparkhilfe Kamera, Sitzheizung, Beheizbares Lenkrad, Pannenkit;€ 10.990,-;Sehr guter Preis;86.198 km;Schaltgetriebe;01/2017;Diesel;100 kW (136 PS);nan;nan
Mercedes-Benz;GLC 250;d AMG Line 4Matic;Beifahrerairbag, Schiebedach, Sportfahrwerk, Sitzheizung, Sprachsteuerung, Soundsystem, Allrad, Elektrische Heckklappe;€ 21.990,-;Sehr guter Preis;179.181 km;Automatik;05/2018;Diesel;150 kW (204 PS);nan;nan
Mercedes-Benz;V 250;/AVANTGARDE/STANDHEIZUNG/KAMERA/SHZ/LEDER;Ambientebeleuchtung, Einparkhilfe Kamera, LED-Scheinwerfer, Multifunktionslenkrad, Skisack, Bluetooth, Getönte Scheiben, Navigationssystem;€ 36.900,-;Fairer Preis;125.349 km;Automatik;06/2016;Diesel;140 kW (190 PS);6,0 l/100 km;159 g/km
BMW;530;Limousine Aut. NAV+LED+SHZ+ACC+HiFi+EU6+2Hd;Elektrische Sitze, Soundsystem, Elektr. Fensterheber, Schlüssellose Zentralverriegelung, Abstandstempomat, Getönte Scheiben, Alufelgen, Beifahrerairbag;€ 23.989,-;Sehr guter Preis;144.750 km;Automatik;04/2017;Diesel;195 kW (265 PS);4,5 l/100 km;nan
MG;ZS;1.5 VTI-tech Comfort **Klima;Nebelscheinwerfer, Alufelgen, Regensensor, Tempomat, Pannenkit, Beifahrerairbag, Dachreling, Spurhalteassistent;€ 13.988,-;Sehr guter Preis;22.252 km;Schaltgetriebe;12/2023;Benzin;78 kW (106 PS);6,6 l/100 km;149 g/km
Opel;Mokka X;ACTIVE --NAVI-AHK-LED--;Sitzheizung, Anhängerkupplung, E10-geeignet, 2-Zonen-Klimaautomatik, Navigationssystem, Apple CarPlay, Einparkhilfe Kamera, Dachreling;€ 13.490,-;Sehr guter Preis;42.567 km;Schaltgetriebe;08/2018;Benzin;103 kW (140 PS);nan;0 g/km
Ford;Ka/Ka+;Cool & Sound;E10-geeignet, Alufelgen, Sitzheizung, Elektrische Seitenspiegel, Einparkhilfe Sensoren hinten, Seitenairbag, ABS, Wegfahrsperre;€ 8.450,-;Guter Preis;76.000 km;Schaltgetriebe;08/2017;Benzin;63 kW (86 PS);5,0 l/100 km;114 g/km
Toyota;Yaris;1.5 Edition-S Hybrid KLIMA SHZ KAMERA;Alufelgen, Sitzheizung, Klimaautomatik, Elektr. Fensterheber, Spurhalteassistent, Katalysator, Touchscreen, Pannenkit; ;nan;nan;nan;nan;nan;nan;nan;nan
Audi;Q7;3.0 TDI quattro *7SITZER*2.HAND*BI-XENON*AHK*;Soundsystem, Bluetooth, Sitzheizung, Getönte Scheiben, Sportsitze, Schaltwippen, Lederlenkrad, Anhängerkupplung;€ 24.399,-;Fairer Preis;280.671 km;Automatik;03/2017;Diesel;200 kW (272 PS);6,2 l/100 km;163 g/km
Hyundai;i20;1.0 T-GDI Passion   Apple CarPlay   Kamera;Alufelgen, Touchscreen, Navigationssystem, Elektrische Seitenspiegel, Sitzheizung, Pannenkit, Airbag hinten, Sommerreifen;€ 10.950,-;Sehr guter Preis;55.305 km;Schaltgetriebe;04/2018;Benzin;74 kW (101 PS);4,4 l/100 km;102 g/km
Volkswagen;Golf Variant;1.5 TSI ACT OPF DSG Comfortline;Beifahrerairbag, Sitzheizung, Einparkhilfe Sensoren vorne, Touchscreen, Schaltwippen, Getönte Scheiben, Sommerreifen, Alufelgen;€ 12.450,-;Sehr guter Preis;147.125 km;Automatik;02/2020;Benzin;110 kW (150 PS);5,9 l/100 km;143 g/km
Renault;Kadjar;Energy TCe 165 Crossborder;LED-Scheinwerfer, Sitzheizung, Elektrische Sitze, Abstandstempomat, Sommerreifen, Beifahrerairbag, Navigationssystem, Winterpaket;€ 13.980,-;Sehr guter Preis;77.279 km;Schaltgetriebe;09/2017;Benzin;120 kW (163 PS);nan;nan
Hyundai;i20;1.0 T-GDI Passion   Apple CarPlay   Kamera;Alufelgen, Touchscreen, Navigationssystem, Elektrische Seitenspiegel, Sitzheizung, Pannenkit, Airbag hinten, Sommerreifen;€ 10.950,-;Sehr guter Preis;55.305 km;Schaltgetriebe;04/2018;Benzin;74 kW (101 PS);4,4 l/100 km;102 g/km
Volkswagen;Golf Variant;1.5 TSI ACT OPF DSG Comfortline;Beifahrerairbag, Sitzheizung, Einparkhilfe Sensoren vorne, Touchscreen, Schaltwippen, Getönte Scheiben, Sommerreifen, Alufelgen;€ 12.450,-;Sehr guter Preis;147.125 km;Automatik;02/2020;Benzin;110 kW (150 PS);5,9 l/100 km;143 g/km
Peugeot;2008;1.2 PureTech 110 Signature;Panoramadach, Dachreling, Sitzheizung, Regensensor, Tempomat, Freisprecheinrichtung, Isofix, USB;€ 11.950,-;Sehr guter Preis;40.300 km;Schaltgetriebe;10/2019;Benzin;81 kW (110 PS);nan;nan
Opel;Karl;Exklusiv Leder+PDC+Sitz&Lenkradhzg+Navi;FINANZIERUNG 78€ mtl. / ANKAUF / LIEFERUNG;€ 7.880,-;Guter Preis;88.210 km;Schaltgetriebe;02/2016;Benzin;56 kW (76 PS);4,3 l/100 km;102 g/km
Peugeot;2008;1.2PureTech Allure+TEMPO+KAMERA+PANO+LEDER;MP3, Einparkhilfe Kamera, Einparkhilfe Sensoren vorne, Lichtsensor, Panoramadach, Dachreling, Ambientebeleuchtung, 2-Zonen-Klimaautomatik;€ 11.750,-;Sehr guter Preis;62.200 km;Schaltgetriebe;05/2018;Benzin;96 kW (131 PS);nan;nan
Kia;Picanto;1.2 Aut. GT-Line *Navi*Kamera*App*;Navigationssystem, Sportsitze, Sportfahrwerk, Sitzheizung, Alufelgen, Einparkhilfe Kamera, LED-Tagfahrlicht, Induktionsladen für Smartphones;€ 13.880,-;Guter Preis;21.008 km;Automatik;04/2017;Benzin;62 kW (84 PS);nan;124 g/km
Volkswagen;T-Roc;Sport 1.5 TSI SHZ NAVI KAM PDC;Elektrische Heckklappe, Einparkhilfe Kamera, Sportfahrwerk, Sportsitze, Lordosenstütze, Sitzheizung, Navigationssystem, E10-geeignet;€ 17.999,-;Sehr guter Preis;68.900 km;Schaltgetriebe;07/2018;Benzin;110 kW (150 PS);5,3 l/100 km;120 g/km
BMW;320;d Sport Line*AHK*LASER*KAMERA*8.FACH*AMBIENTE;Einparkhilfe Kamera, Sportpaket, Sportsitze, Apple CarPlay, Volldigitales Kombiinstrument, Ambientebeleuchtung, Laserlicht, Getönte Scheiben;€ 18.700,-;Guter Preis;194.000 km;Automatik;07/2021;Diesel;140 kW (190 PS);4,2 l/100 km;109 g/km
Skoda;Octavia;2.0 TDI Style DSG Navi ViCo Pano LED ACC;Herr Hans Atzberger und die Premiumfahrzeuge in Bayern!;€ 12.900,-;Guter Preis;191.662 km;Automatik;12/2019;Diesel;110 kW (150 PS);nan;nan
Renault;Espace;V Vollausstattung, 7 Sitzer, Head up, Sitzbelüftun;Inzahlungnahme, Finanzierung ohne Anzahlung, Top Preise;€ 17.890,-;Sehr guter Preis;130.000 km;Automatik;11/2018;Diesel;118 kW (160 PS);4,7 l/100 km;125 g/km
Volkswagen;Golf;2.0TDI Highline SHZ Kamera Tempomat 1. Hand;Einparkhilfe Sensoren vorne, Einparkhilfe Kamera, Einparkhilfe Sensoren hinten, 2-Zonen-Klimaautomatik, Alufelgen, Sommerreifen, Sportsitze, Start/Stop-Automatik;€ 9.950,-;Fairer Preis;249.985 km;Automatik;09/2015;Diesel;110 kW (150 PS);4,5 l/100 km;119 g/km
Fiat;Tipo;Lounge;Dachreling, Alufelgen, Anhängerkupplung, Apple CarPlay, Nebelscheinwerfer, Einparkhilfe Kamera, Klimaautomatik, Touchscreen;€ 10.950,-;Guter Preis;71.000 km;Schaltgetriebe;09/2018;Benzin;70 kW (95 PS);5,7 l/100 km;132 g/km
Opel;Corsa;Color Edition 5-Türer 1.4 66 kW (90 PS) Eu;Einparkhilfe Sensoren hinten, Alufelgen, Sitzheizung, Klimaautomatik, Regensensor, Beheizbares Lenkrad, Nebelscheinwerfer, Traktionskontrolle;€ 11.950,-;Sehr guter Preis;35.500 km;Automatik;09/2018;Benzin;66 kW (90 PS);nan;nan
Volkswagen;Golf;VII Variant 1.6 TDI BMT / NAVI / PDC / SHZ;Fahrerairbag, Navigationssystem, Einparkhilfe Sensoren vorne, Sitzheizung, Touchscreen, Start/Stop-Automatik, Tempomat, Beifahrerairbag;€ 9.990,-;Guter Preis;187.676 km;Automatik;03/2016;Diesel;81 kW (110 PS);4,0 l/100 km;104 g/km
BMW;540;i Sport Line;Finanzierung auch ohne Anzahlung möglich;€ 25.900,-;Sehr guter Preis;128.330 km;Automatik;06/2018;Benzin;250 kW (340 PS);6,5 l/100 km;149 g/km
Opel;Astra;Sports Tourer Elegance LED+Sitz&Lenkradhzg;FINANZIERUNG 108€ mtl. / ANKAUF / LIEFERUNG;€ 10.880,-;Sehr guter Preis;98.526 km;Schaltgetriebe;03/2020;Benzin;96 kW (131 PS);4,5 l/100 km;102 g/km
Audi;A4;Av. 1.4 TFSI Sport S LINE+VIRTU+LEDER+AHK+LED;Sportfahrwerk, 3-Zonen-Klimaautomatik, Volldigitales Kombiinstrument, Sportsitze, LED-Scheinwerfer, Sportpaket, Schaltwippen, Sitzheizung;€ 16.950,-;Sehr guter Preis;121.590 km;Automatik;09/2018;Benzin;110 kW (150 PS);nan;nan
Mercedes-Benz;C 200;D w205 AVANTGARDE *Co²-106g *LEDER*NAVI*2.HAND;Sportsitze, Sportpaket, Alufelgen, Getönte Scheiben, Elektrische Sitze, Einparkhilfe Sensoren vorne, Lederlenkrad, Einparkhilfe Sensoren hinten;€ 15.000,-;Guter Preis;153.988 km;Schaltgetriebe;07/2015;Diesel;100 kW (136 PS);3,9 l/100 km;106 g/km
Skoda;Kamiq;1.0 TGI Style-LED-Apps-Spur-SHZ-PDC-LED-;Dachreling, Sitzheizung, Alufelgen, 2-Zonen-Klimaautomatik, Einparkhilfe Sensoren hinten, Beifahrerairbag, Tempomat, Regensensor;€ 13.300,-;Sehr guter Preis;56.800 km;Schaltgetriebe;02/2021;Erdgas (CNG);66 kW (90 PS);nan;nan
Peugeot;308;1.5BHDi Kombi Active+NAVI+CARPLAY+KAMERA+AHK;Anhängerkupplung, Einparkhilfe Kamera, Fahrerairbag, Klimaanlage, Regensensor, Alufelgen, Sitzheizung, Touchscreen;€ 10.950,-;Sehr guter Preis;73.000 km;Schaltgetriebe;03/2019;Diesel;96 kW (131 PS);nan;nan
BMW;X3;xDr 20d Aut. Advant NAVI+LED+SHZ+HEAD+KAMER+M;Einparkhilfe Kamera, Ambientebeleuchtung, W-Lan / Wifi Hotspot, Allrad, Schlüssellose Zentralverriegelung, 3-Zonen-Klimaautomatik, Elektrische Seitenspiegel, Head-up display;€ 23.750,-;Sehr guter Preis;122.240 km;Automatik;08/2019;Diesel;140 kW (190 PS);5,3 l/100 km;139 g/km
Mazda;CX-3;2.0 16V KAT Automatik AZV Navi;Allrad, Klimaautomatik, Head-up display, Sitzheizung, Navigationssystem, LED-Scheinwerfer, E10-geeignet, MP3;€ 14.690,-;Sehr guter Preis;111.120 km;Automatik;03/2018;Benzin;110 kW (150 PS);6,3 l/100 km;146 g/km
BMW;X2;sDrive18i (a Advantage DAB LED Navi Tempomat;LED-Scheinwerfer, Alufelgen, Navigationssystem, Dachreling, Bluetooth, Schlüssellose Zentralverriegelung, Anhängerkupplung, Elektrische Heckklappe;€ 18.990,-;Sehr guter Preis;97.700 km;Automatik;12/2020;Benzin;100 kW (136 PS);nan;nan
Dacia;Logan;MCV II Kombi Laureate*AUTOM.*NAVI*TÜV NEU*;Klimaanlage, Alufelgen, Anhängerkupplung, Beifahrerairbag, Elektrische Seitenspiegel, Tempomat, Navigationssystem, Getönte Scheiben;€ 6.900,-;Guter Preis;157.000 km;Automatik;07/2017;Diesel;66 kW (90 PS);3,6 l/100 km;92 g/km
Volkswagen;Golf;VII Lim. Comfortline BMT;Bi-Xenon Scheinwerfer, Alufelgen, Einparkhilfe Kamera, Sportsitze, 2-Zonen-Klimaautomatik, Sitzheizung, LED-Tagfahrlicht, Geschwindigkeits-begrenzungsanlage;€ 10.900,-;Guter Preis;114.310 km;Schaltgetriebe;06/2015;Benzin;77 kW (105 PS);4,9 l/100 km;114 g/km
Mercedes-Benz;Vito;111 CDI FWD lang Bluetooth PDC AHK 9 Sitze;Auto kauft man mit Vertrauen u Garantie;€ 18.740,-;Hoher Preis;181.000 km;Schaltgetriebe;03/2017;Diesel;84 kW (114 PS);nan;nan
Hyundai;KONA;1.6 CRDi DCT Style;Schiebedach, Sitzheizung, Alufelgen, Spurhalteassistent, Navigationssystem, Einparkhilfe Kamera, Android Auto, Induktionsladen für Smartphones;€ 14.690,-;Sehr guter Preis;109.000 km;Automatik;07/2019;Diesel;100 kW (136 PS);nan;141 g/km
Hyundai;TUCSON;Premium 4WD 1.6 Automatik Leder;Allrad, LED-Scheinwerfer, Alufelgen, Sitzheizung, Elektrische Sitze, Elektrische Heckklappe, Katalysator, Einparkhilfe Kamera;€ 17.900,-;Sehr guter Preis;73.000 km;Automatik;07/2016;Benzin;130 kW (177 PS);nan;nan
Mercedes-Benz;A 180;BlueEfficiency  Urban Automatik +Navi+Kamera+;Premium-Jungwagen geprüft vom Opel-Partner;€ 15.750,-;Guter Preis;78.200 km;Automatik;05/2015;Benzin;90 kW (122 PS);5,5 l/100 km;130 g/km
Skoda;Karoq;Navi,Winterpaket,Tempomat,AHK,R.Kamera;Anhängerkupplung, Beheizbares Lenkrad, Beifahrerairbag, Alufelgen, Elektrische Heckklappe, Armlehne, Navigationssystem, Beheizbare Frontscheibe;€ 17.900,-;Sehr guter Preis;96.000 km;Automatik;08/2019;Diesel;85 kW (116 PS);nan;nan
Mercedes-Benz;B 180;CDI Automatik Navi-LED-PDC-SitzHZG;Sitzheizung, LED-Scheinwerfer, Ambientebeleuchtung, Navigationssystem, Alufelgen, Getönte Scheiben, LED-Tagfahrlicht, Multifunktionslenkrad;€ 13.950,-;Guter Preis;85.000 km;Automatik;04/2015;Diesel;80 kW (109 PS);4,1 l/100 km;106 g/km
BMW;X1;xDrive20d Sport Line PANO+AHK+HIFI+DRI-ASSIST;Sportpaket, Sportsitze, Panoramadach, Soundsystem, Anhängerkupplung, Allrad, Elektrische Heckklappe, Zentralverriegelung;€ 19.870,-;Fairer Preis;118.000 km;Automatik;11/2015;Diesel;140 kW (190 PS);4,9 l/100 km;128 g/km
Skoda;Octavia;1.4 TSI Joy*NAVI*XENON*PDC*TEMPO*KLIMA*;❗Service Historie und Gebrauchtspureninfos auf Anruf;€ 12.750,-;Sehr guter Preis;103.667 km;Schaltgetriebe;01/2017;Benzin;110 kW (150 PS);5,2 l/100 km;121 g/km
Opel;Corsa;F 1.2 Edition;Einparkhilfe Sensoren hinten, Sitzheizung, Beheizbares Lenkrad, Katalysator, Lederlenkrad, Isofix, Spurhalteassistent, Fahrerairbag;€ 11.450,-;Sehr guter Preis;23.150 km;Schaltgetriebe;07/2021;Benzin;55 kW (75 PS);nan;nan
Hyundai;TUCSON;"1.6i 4WD Aut 25 Ja PANO+NAV+KAM+LEDER+19""";Schiebedach, Reifendruckkontrollsystem, Allrad, Sportpaket, LED-Scheinwerfer, Anhängerkupplung, Navigationssystem, Beifahrerairbag;€ 14.950,-;Fairer Preis;154.886 km;Automatik;03/2017;Benzin;130 kW (177 PS);7,6 l/100 km;177 g/km
Audi;A1;Facelift,NAVI,Klima, SHZ,HU NEU , Bremsen NEU!;Armlehne, Klimaanlage, Sportfahrwerk, Bordcomputer, Lederlenkrad, Navigationssystem, Bluetooth, Radio;€ 10.499,-;Sehr guter Preis;121.235 km;Schaltgetriebe;01/2015;Benzin;92 kW (125 PS);5,2 l/100 km;123 g/km
Opel;Adam;1.2 Jam IntelliLink LED KLIMA TEMP SHZ;Alufelgen, Apple CarPlay, Multifunktionslenkrad, Sitzheizung, Tempomat, Bluetooth, Geschwindigkeits-begrenzungsanlage, USB;€ 3.999,-;nan;179.000 km;Schaltgetriebe;06/2016;Benzin;51 kW (69 PS);5,3 l/100 km;126 g/km
Toyota;C-HR;1.2 Urban +RFK+Spurh.+Hold+;Navigationssystem, Einparkhilfe Kamera, Abstandstempomat, Verkehrszeichenerkennung, Fahrerairbag, Pannenkit, Schlüssellose Zentralverriegelung, Beifahrerairbag;€ 15.888,-;Sehr guter Preis;66.350 km;Schaltgetriebe;08/2018;Benzin;116 kW (158 PS);5,9 l/100 km;135 g/km
Maserati;Levante;Diesel Panorama, Memory, Scheckheft,;Inzahlungnahme, Finanzierung ohne Anzahlung, Top Preise;€ 25.990,-;Sehr guter Preis;167.000 km;Automatik;10/2016;Diesel;202 kW (275 PS);8,3 l/100 km;220 g/km
Ford;Tourneo Custom;"2,0TDCI""Titanium""2Schiebetüren""9Sitze""";Einparkhilfe Kamera, Radio, Beifahrerairbag, Schiebetür links, Alufelgen, Getönte Scheiben, Isofix, Abstandstempomat;€ 19.990,-;nan;120.000 km;Automatik;06/2017;Diesel;125 kW (170 PS);nan;nan
Opel;Insignia;ST OPC UNLIMITED 2.8 V6 4x4, AHK, Pano, BOSE, ACC;Innenspiegel automatisch abblendend, Tempomat, Sportfahrwerk, Apple CarPlay, Klimaanlage, Sommerreifen, Panoramadach, Touchscreen;€ 14.980,-;Sehr guter Preis;127.600 km;Automatik;01/2017;Benzin;239 kW (325 PS);11,0 l/100 km;253 g/km
Renault;Kadjar;Energy TCe 165 Crossborder;LED-Scheinwerfer, Sitzheizung, Elektrische Sitze, Abstandstempomat, Sommerreifen, Beifahrerairbag, Navigationssystem, Winterpaket;€ 13.980,-;Sehr guter Preis;77.279 km;Schaltgetriebe;09/2017;Benzin;120 kW (163 PS);nan;nan
Opel;Grandland X;Selection;Verkehrszeichenerkennung, Elektronische Parkbremse, USB, Reifendruckkontrollsystem, E10-geeignet, Freisprecheinrichtung, Berganfahrassistent, Zentralverriegelung;€ 11.990,-;Sehr guter Preis;88.000 km;Schaltgetriebe;02/2018;Benzin;96 kW (131 PS);5,4 l/100 km;124 g/km
Renault;Kadjar;1.5 dCi 110 Bose Edition ENERGY;Sitzheizung, LED-Scheinwerfer, Beifahrerairbag, Isofix, Verkehrszeichenerkennung, Navigationssystem, Alufelgen, Geschwindigkeits-begrenzungsanlage;€ 10.990,-;Sehr guter Preis;150.000 km;Automatik;08/2016;Diesel;81 kW (110 PS);nan;nan
Opel;Mokka X;1.6 CDTI Automatik Navi Color Innovation;Einparkhilfe Kamera, Sommerreifen, Einparkhilfe Sensoren vorne, Sitzheizung, LED-Scheinwerfer, Alufelgen, Kurvenlicht, Navigationssystem;€ 10.880,-;Sehr guter Preis;101.266 km;Automatik;06/2017;Diesel;100 kW (136 PS);nan;nan
Land Rover;Discovery Sport;SE AWD;Sitzheizung, Winterpaket, Allrad, Einparkhilfe Sensoren hinten, Navigationssystem, Schlüssellose Zentralverriegelung, Freisprecheinrichtung, LED-Tagfahrlicht;€ 16.500,-;Sehr guter Preis;119.540 km;Automatik;05/2017;Diesel;132 kW (179 PS);5,3 l/100 km;139 g/km
Volkswagen;Touran;Comfortline 2.0 TDI DSG LED KAMERA ALU APS SITZHZG;LED-Scheinwerfer, Einparkhilfe Kamera, Einparkhilfe Sensoren vorne, Getönte Scheiben, Sitzheizung, Dachreling, Kurvenlicht, Alufelgen;€ 12.988,-;Sehr guter Preis;228.600 km;Automatik;08/2020;Diesel;110 kW (150 PS);5,6 l/100 km;1 g/km
Mazda;2;;Über 1000 Fahrzeuge auf Lager und sofort verfügbar !!!;€ 10.990,-;Sehr guter Preis;54.900 km;Schaltgetriebe;03/2018;Benzin;66 kW (90 PS);4,5 l/100 km;105 g/km
Opel;Corsa;1.2  Kamera LHZ Allwetter PDC SHZ;Klimaautomatik, Sitzheizung, Einparkhilfe Kamera, Einparkhilfe Sensoren vorne, Alufelgen, Beheizbares Lenkrad, Totwinkel-Assistent, Sprachsteuerung;€ 13.990,-;Sehr guter Preis;20.274 km;Schaltgetriebe;04/2022;Benzin;74 kW (101 PS);5,5 l/100 km;124 g/km
Skoda;Kamiq;Active LED-AHK Schwenkbar- 1 Hand;Geschwindigkeits-begrenzungsanlage, Anhängerkupplung, LED-Scheinwerfer, Spurhalteassistent, DAB-Radio, Freisprecheinrichtung, Sitzheizung, USB;€ 11.450,-;Sehr guter Preis;182.100 km;Schaltgetriebe;12/2019;Diesel;85 kW (116 PS);4,2 l/100 km;nan
Volkswagen;up!;1.0  move Klima+Sitzheizung;Sitzheizung, Klimaautomatik, Raucherpaket, Pannenkit, Lederlenkrad, MP3, teilb. Rücksitzbank, Multifunktionslenkrad;€ 6.480,-;Sehr guter Preis;129.980 km;Schaltgetriebe;05/2017;Benzin;44 kW (60 PS);nan;nan
Opel;Corsa;Innovation*XENON*PDC*TEMPOMAT*LENKRADHZG;Alufelgen, Einparkhilfe Sensoren hinten, Beheizbares Lenkrad, Sitzheizung, Bordcomputer, Beifahrerairbag, Xenonscheinwerfer, Nebelscheinwerfer;€ 9.900,-;Sehr guter Preis;86.213 km;Automatik;01/2018;Benzin;66 kW (90 PS);nan;nan
Renault;Megane;Play/ALLWETTER/AHK/SEHR SAUBER;Touchscreen, Anhängerkupplung, Beifahrerairbag, ABS, Armlehne, Reifendruckkontrollsystem, Elektrische Seitenspiegel, Tempomat;€ 7.000,-;Sehr guter Preis;104.000 km;Schaltgetriebe;04/2018;Benzin;74 kW (101 PS);5,4 l/100 km;120 g/km
Mercedes-Benz;CLA 180;Urban LED Navi Sitzheizung;Sportsitze, Multifunktionslenkrad, Navigationssystem, Sitzheizung, Einparkhilfe Sensoren vorne, Alufelgen, teilb. Rücksitzbank, LED-Scheinwerfer;€ 17.480,-;Guter Preis;98.604 km;Schaltgetriebe;09/2016;Benzin;90 kW (122 PS);nan;nan
Toyota;C-HR;1.2 Urban +RFK+Spurh.+Hold+;Navigationssystem, Einparkhilfe Kamera, Abstandstempomat, Verkehrszeichenerkennung, Fahrerairbag, Pannenkit, Schlüssellose Zentralverriegelung, Beifahrerairbag;€ 15.888,-;Sehr guter Preis;66.350 km;Schaltgetriebe;08/2018;Benzin;116 kW (158 PS);5,9 l/100 km;135 g/km
Alfa Romeo;Giulia;2.2 JTDM Automatik Klima Navi Temp Kamera;Finanzierung OHNE Anzahlung möglich!;€ 13.890,-;Sehr guter Preis;174.400 km;Automatik;11/2016;Diesel;132 kW (179 PS);3,8 l/100 km;99 g/km
Dacia;Duster;Prestige dCi110 4x4 ALLRAD LEDER/KAMERA;Allrad, Einparkhilfe Kamera, Alufelgen, Sitzheizung, Dachreling, Navigationssystem, Klimaanlage, Geschwindigkeits-begrenzungsanlage;€ 12.000,-;Sehr guter Preis;122.479 km;Schaltgetriebe;01/2018;Diesel;80 kW (109 PS);nan;nan
Mercedes-Benz;E 200;d T 9G BURMESTER+COMAND+KAM+LED+SHZ+DAB+TEM;Einparkhilfe Kamera, Sportfahrwerk, LED-Scheinwerfer, Apple CarPlay, Totwinkel-Assistent, Elektrische Heckklappe, Navigationssystem, Verkehrszeichenerkennung;€ 15.550,-;Guter Preis;200.000 km;Automatik;02/2018;Diesel;110 kW (150 PS);4,2 l/100 km;109 g/km
Volkswagen;Passat Variant;Passat Var. DSG ACC Kamera Navi AHK LED Tempomat;Finanzierung OHNE Anzahlung möglich!;€ 14.940,-;Sehr guter Preis;133.600 km;Automatik;08/2019;Diesel;88 kW (120 PS);4,3 l/100 km;112 g/km
Skoda;Superb;Combi Style 2.0 TDI DSG AHK EXPORT;Elektrische Sitze, Alufelgen, Apple CarPlay, Bi-Xenon Scheinwerfer, Sitzheizung, Beifahrerairbag, USB, Elektrische Seitenspiegel;€ 14.900,-;Sehr guter Preis;157.900 km;Automatik;04/2017;Diesel;140 kW (190 PS);4,5 l/100 km;114 g/km
Renault;Kadjar;Bose Edition + TÜV + NEU +;Einparkhilfe Sensoren vorne, 2-Zonen-Klimaautomatik, Voll-LED Scheinwerfer, Einparkhilfe Kamera, Einparkhilfe selbstlenkendes System, Touchscreen, LED-Scheinwerfer, Isofix;€ 8.970,-;Guter Preis;153.103 km;Schaltgetriebe;11/2016;Benzin;96 kW (131 PS);nan;nan
BMW;118;i Advantage*LED*NAVI*PDC*SHZ*TEMPO*KLIMA*;❗Service Historie und Gebrauchtspureninfos auf Anruf;€ 15.620,-;Sehr guter Preis;47.714 km;Schaltgetriebe;06/2019;Benzin;100 kW (136 PS);5,9 l/100 km;171 g/km
Volkswagen;Caddy;Alltrack 4x4*Behindertengerecht am Lenkrad;Behindertengerecht, Allrad, Schiebetür links, Schiebetür rechts, Sitzheizung, Standheizung, Beifahrerairbag, Isofix;€ 14.900,-;nan;246.767 km;Automatik;02/2019;Diesel;110 kW (150 PS);5,6 l/100 km;148 g/km
Peugeot;308;SW 1.5 Aut Activ NAV+SHZ+PDC+TEM+SERVICE NEU;Sitzheizung, Navigationssystem, Freisprecheinrichtung, 2-Zonen-Klimaautomatik, Getönte Scheiben, Beifahrerairbag, Apple CarPlay, Geschwindigkeits-begrenzungsanlage;€ 8.950,-;Guter Preis;143.898 km;Automatik;08/2019;Benzin;96 kW (131 PS);nan;nan
DS Automobiles;DS 7 Crossback;BusinessLine 2.0HDI*Pano*LED*FOCAL;Sommerreifen, Panoramadach, Volldigitales Kombiinstrument, Elektrische Sitze, LED-Scheinwerfer, Apple CarPlay, Spurhalteassistent, Lederlenkrad;€ 17.990,-;Sehr guter Preis;149.654 km;Automatik;07/2018;Diesel;132 kW (179 PS);4,9 l/100 km;128 g/km
BMW;118;i Advantage Aut. *LED*NAVI*PDC*TEMPOMAT*;LED-Scheinwerfer, Navigationssystem, Sitzheizung, Sprachsteuerung, LED-Tagfahrlicht, 2-Zonen-Klimaautomatik, Einparkhilfe Sensoren hinten, Reifendruckkontrollsystem;€ 11.799,-;Sehr guter Preis;139.056 km;Automatik;02/2017;Benzin;100 kW (136 PS);5,1 l/100 km;119 g/km
Audi;Q5;2.0d Quatt Design MATRIX+VIRTU+NAV+KAM+ACC+SH;Sportpaket, Volldigitales Kombiinstrument, 3-Zonen-Klimaautomatik, Allrad, Bluetooth, Einparkhilfe Kamera, Schaltwippen, Apple CarPlay;€ 21.250,-;Sehr guter Preis;161.231 km;Automatik;09/2017;Diesel;120 kW (163 PS);5,0 l/100 km;129 g/km
Audi;A4;Avant 40 TDI Sport Xenon/Navi/Kamera/AHK/Temp;Sportfahrwerk, Sportpaket, Einparkhilfe Kamera, Sportsitze, Ambientebeleuchtung, Lederlenkrad, Anhängerkupplung, Schlüssellose Zentralverriegelung;€ 18.790,-;Sehr guter Preis;121.249 km;Automatik;03/2019;Diesel;140 kW (190 PS);4,6 l/100 km;121 g/km
Hyundai;TUCSON;1.6 GDI 2WD *2-HD*NAVI*KAMERA*LED*AHK*ALU;Sitzheizung, Navigationssystem, 2-Zonen-Klimaautomatik, Dachreling, Multifunktionslenkrad, Anhängerkupplung, Einparkhilfe Sensoren vorne, Getönte Scheiben;€ 12.400,-;Sehr guter Preis;138.000 km;Schaltgetriebe;07/2016;Benzin;97 kW (132 PS);6,3 l/100 km;147 g/km
Opel;Corsa;INNOVATION 1.4 TURBO(ecoFlex) S&S +S/LHZ++;Sitzheizung, Alufelgen, Beheizbares Lenkrad, Katalysator, Geschwindigkeits-begrenzungsanlage, Xenonscheinwerfer, USB, MP3;€ 8.490,-;Sehr guter Preis;66.180 km;Schaltgetriebe;04/2016;Benzin;74 kW (101 PS);nan;nan
Hyundai;TUCSON;Passion Blue Navi Cam Sitzheizung;E10-geeignet, Alufelgen, Einparkhilfe Kamera, Navigationssystem, Beifahrerairbag, Beheizbares Lenkrad, Dachreling, Totwinkel-Assistent;€ 14.990,-;Sehr guter Preis;70.887 km;Schaltgetriebe;05/2018;Benzin;97 kW (132 PS);nan;nan
Skoda;Fabia;1.2TSI Combi Cool Edition+KLIMA+PDC+ISOFIX;Alufelgen, Klimaanlage, Pannenkit, teilb. Rücksitzbank, Elektrische Seitenspiegel, Katalysator, MP3, Touchscreen;€ 7.450,-;Sehr guter Preis;126.000 km;Schaltgetriebe;04/2016;Benzin;66 kW (90 PS);nan;nan
Opel;Insignia;ST AUTOMATIK*OPC-PA*BUSINESS*INNOVATION;Sportfahrwerk, Sitzbelüftung, Head-up display, Elektrische Sitze, Massagesitze, Volldigitales Kombiinstrument, Einparkhilfe Kamera, Schaltwippen;€ 17.490,-;Sehr guter Preis;91.000 km;Automatik;03/2018;Diesel;125 kW (170 PS);5,7 l/100 km;150 g/km
Maserati;Levante;Diesel Panorama, Memory, Scheckheft,;Inzahlungnahme, Finanzierung ohne Anzahlung, Top Preise;€ 25.990,-;Sehr guter Preis;167.000 km;Automatik;10/2016;Diesel;202 kW (275 PS);8,3 l/100 km;220 g/km
Land Rover;Range Rover Evoque;2.0 Td4 NAVI KAMERA CCR;Seit 1963 Ihr KFZ-Meisterbetrieb in Mainz Bretzenheim;€ 15.990,-;Guter Preis;144.072 km;Schaltgetriebe;01/2017;Diesel;110 kW (150 PS);5,1 l/100 km;134 g/km
Mitsubishi;Space Star;Edition 100+ / incl. Winterkompletträder;Sitzheizung, Regensensor, Alufelgen, Klimaanlage, Radio, Start/Stop-Automatik, Servolenkung, DAB-Radio;€ 10.490,-;Sehr guter Preis;32.600 km;Automatik;03/2018;Benzin;59 kW (80 PS);4,3 l/100 km;99 g/km
Peugeot;208;1.2 PureTech 100 S S Allure Navi+R-Kam+LED+DAB;Einparkhilfe Sensoren vorne, Abstandstempomat, Totwinkel-Assistent, Spurhalteassistent, Fahrerairbag, Lederlenkrad, Navigationssystem, Seitenairbag;€ 15.680,-;Sehr guter Preis;16.504 km;Schaltgetriebe;01/2024;Benzin;74 kW (101 PS);5,2 l/100 km;113 g/km
Subaru;Forester;2.0 Sport Diesel AHK;Allrad, Anhängerkupplung, Elektrische Heckklappe, Touchscreen, Schaltwippen, Nebelscheinwerfer, Einparkhilfe Kamera, Sommerreifen;€ 16.900,-;Sehr guter Preis;104.915 km;Automatik;04/2017;Diesel;108 kW (147 PS);nan;nan
Volkswagen;Sharan;Comfortline 2.0 TDI Automatik/ Navi/ AHK;Elektrische Sitze, Radio, Getönte Scheiben, Apple CarPlay, Einparkhilfe Sensoren vorne, Alufelgen, Sportsitze, Navigationssystem;€ 14.990,-;Sehr guter Preis;159.215 km;Automatik;07/2016;Diesel;110 kW (150 PS);5,2 l/100 km;136 g/km
Skoda;Superb;Combi 1.6TDI DSG Leder/Navi/Kamera/BI-Xenon;Einparkhilfe Kamera, 2-Zonen-Klimaautomatik, Alufelgen, Sitzheizung, MP3, Elektrische Seitenspiegel, Seitenairbag, Dachreling;€ 13.910,-;Sehr guter Preis;157.000 km;Automatik;12/2018;Diesel;88 kW (120 PS);nan;nan
Volkswagen;Polo;Trendline 1,0 l 48 kW (65 PS) 5-Gang;Alle Fahrzeuge mit mind. 12 Monaten VW/AUDI-Garantie;€ 9.800,-;nan;100.400 km;Schaltgetriebe;12/2017;Benzin;48 kW (65 PS);nan;nan
Peugeot;2008;1.2 PureTech 110 Signature;Panoramadach, Dachreling, Sitzheizung, Regensensor, Tempomat, Freisprecheinrichtung, Isofix, USB;€ 11.950,-;Sehr guter Preis;40.300 km;Schaltgetriebe;10/2019;Benzin;81 kW (110 PS);nan;nan
Skoda;Kamiq;1.0 TGI Style-LED-Apps-Spur-SHZ-PDC-LED-;Dachreling, Sitzheizung, Alufelgen, 2-Zonen-Klimaautomatik, Einparkhilfe Sensoren hinten, Beifahrerairbag, Tempomat, Regensensor;€ 13.300,-;Sehr guter Preis;56.800 km;Schaltgetriebe;02/2021;Erdgas (CNG);66 kW (90 PS);nan;nan
Opel;Insignia;ST 1.6 CDTI Business Innovation EU6d-T Leder LED N;Finanzierung ab 5,99%;€ 9.999,-;Guter Preis;184.000 km;Schaltgetriebe;12/2019;Diesel;100 kW (136 PS);5,9 l/100 km;154 g/km
Dacia;Sandero;0.9 TCe Stepway Anniversary*TEMPO*NAVI*CAM*PDC*;❗Service Historie und Gebrauchtspureninfos auf Anruf;€ 11.330,-;Sehr guter Preis;15.349 km;Schaltgetriebe;04/2020;Benzin;66 kW (90 PS);5,3 l/100 km;148 g/km
Volkswagen;T-Roc;Style 1.0 TSI NAVI+SITZHZ+ACC+RFK+KLIMA Klima;Navigationssystem, Abstandstempomat, LED-Scheinwerfer, Sitzheizung, E10-geeignet, Regensensor, Einparkhilfe Kamera, Elektrische Heckklappe;€ 17.890,-;Sehr guter Preis;14.500 km;Schaltgetriebe;05/2019;Benzin;85 kW (116 PS);6,4 l/100 km;145 g/km
Mazda;CX-5;2.0 Sports-Line AWD*NAVI*ACC*PDC*SHZ*LED*ALU*;❗Service Historie und Gebrauchtspureninfos auf Anruf;€ 19.870,-;Sehr guter Preis;38.917 km;Schaltgetriebe;10/2017;Benzin;118 kW (160 PS);6,8 l/100 km;159 g/km
SEAT;Ibiza;Style EcoTSI Tempomat Bluetooth Aux-In USB Tel.-Vo;Klimaautomatik, Multifunktionslenkrad, Katalysator, Seitenairbag, Tempomat, Reifendruckkontrollsystem, Nebelscheinwerfer, Pannenkit;€ 7.500,-;Sehr guter Preis;133.482 km;Schaltgetriebe;02/2017;Benzin;81 kW (110 PS);nan;nan
Mercedes-Benz;GLE 43 AMG;4M*9G*LED*PANO*360*NAVI*TOTW*DISTR+;360° Kamera, Sportpaket, Elektrische Heckklappe, ESP, Abstandstempomat, Luftfederung, Sportfahrwerk, Kurvenlicht;€ 33.900,-;nan;132.900 km;Automatik;08/2017;Benzin;287 kW (390 PS);9,4 l/100 km;215 g/km
Opel;Corsa;F 1.2 Edition;Einparkhilfe Sensoren hinten, Sitzheizung, Beheizbares Lenkrad, Katalysator, Lederlenkrad, Isofix, Spurhalteassistent, Fahrerairbag;€ 11.450,-;Sehr guter Preis;23.150 km;Schaltgetriebe;07/2021;Benzin;55 kW (75 PS);nan;nan
Volkswagen;Golf;Variant Allstar*PDC*Tempomat*Sitzheizung;Sitzheizung, Sportpaket, 2-Zonen-Klimaautomatik, Navigationssystem, Sportsitze, Einparkhilfe Sensoren vorne, Alufelgen, Einparkhilfe Sensoren hinten;€ 13.870,-;Sehr guter Preis;89.798 km;Automatik;02/2017;Benzin;81 kW (110 PS);nan;nan
Peugeot;2008;1.2PureTech Allure+TEMPO+KAMERA+PANO+LEDER;MP3, Einparkhilfe Kamera, Einparkhilfe Sensoren vorne, Lichtsensor, Panoramadach, Dachreling, Ambientebeleuchtung, 2-Zonen-Klimaautomatik;€ 11.750,-;Sehr guter Preis;62.200 km;Schaltgetriebe;05/2018;Benzin;96 kW (131 PS);nan;nan
Ford;Tourneo Custom;"2,0TDCI""Titanium""2Schiebetüren""9Sitze""";Einparkhilfe Kamera, Radio, Beifahrerairbag, Schiebetür links, Alufelgen, Getönte Scheiben, Isofix, Abstandstempomat;€ 19.990,-;nan;120.000 km;Automatik;06/2017;Diesel;125 kW (170 PS);nan;nan
Ford;Ranger;3.2 TDCI DoKa 4x4 Limited Navi Leder Rfk Offroad P;Einparkhilfe Kamera, USB, Elektrische Sitze, Lordosenstütze, Einparkhilfe Sensoren vorne, Einparkhilfe Sensoren hinten, Touchscreen, Allrad;€ 19.900,-;Sehr guter Preis;166.300 km;Automatik;12/2017;Diesel;147 kW (200 PS);8,8 l/100 km;231 g/km
Hyundai;KONA;1.6 CRDi DCT Style;Schiebedach, Sitzheizung, Alufelgen, Spurhalteassistent, Navigationssystem, Einparkhilfe Kamera, Android Auto, Induktionsladen für Smartphones;€ 14.690,-;Sehr guter Preis;109.000 km;Automatik;07/2019;Diesel;100 kW (136 PS);nan;141 g/km
Opel;Astra;Sports Tourer Elegance LED+Sitz&Lenkradhzg;FINANZIERUNG 108€ mtl. / ANKAUF / LIEFERUNG;€ 10.880,-;Sehr guter Preis;98.526 km;Schaltgetriebe;03/2020;Benzin;96 kW (131 PS);4,5 l/100 km;102 g/km
Volkswagen;T-Roc;Sport 1.5 TSI SHZ NAVI KAM PDC;Elektrische Heckklappe, Einparkhilfe Kamera, Sportfahrwerk, Sportsitze, Lordosenstütze, Sitzheizung, Navigationssystem, E10-geeignet;€ 17.999,-;Sehr guter Preis;68.900 km;Schaltgetriebe;07/2018;Benzin;110 kW (150 PS);5,3 l/100 km;120 g/km
Citroen;C5 Aircross;2.0 BlueHDi 180 Feel PANORAMA;Freisprecheinrichtung, Schaltwippen, Einparkhilfe Kamera, Totwinkel-Assistent, Lichtsensor, Regensensor, Getönte Scheiben, Spurhalteassistent;€ 17.490,-;Sehr guter Preis;76.278 km;Automatik;01/2019;Diesel;132 kW (179 PS);4,8 l/100 km;126 g/km
Opel;Mokka X;ACTIVE --NAVI-AHK-LED--;Sitzheizung, Anhängerkupplung, E10-geeignet, 2-Zonen-Klimaautomatik, Navigationssystem, Apple CarPlay, Einparkhilfe Kamera, Dachreling;€ 13.490,-;Sehr guter Preis;42.567 km;Schaltgetriebe;08/2018;Benzin;103 kW (140 PS);nan;0 g/km
Hyundai;i20;1.0 T-GDI Passion   Apple CarPlay   Kamera;Alufelgen, Touchscreen, Navigationssystem, Elektrische Seitenspiegel, Sitzheizung, Pannenkit, Airbag hinten, Sommerreifen;€ 10.950,-;Sehr guter Preis;55.305 km;Schaltgetriebe;04/2018;Benzin;74 kW (101 PS);4,4 l/100 km;102 g/km
Nissan;Qashqai;N-Connecta DCT AHK*NAVI*KAMERA*WINTERPAK;Anhängerkupplung, Navigationssystem, Verkehrszeichenerkennung, Ambientebeleuchtung, Beheizbare Frontscheibe, Beifahrerairbag, Katalysator, Sitzheizung;€ 16.990,-;Sehr guter Preis;76.193 km;Automatik;04/2019;Benzin;117 kW (159 PS);nan;nan
Dacia;Logan;Prestige MCV 1.5 dCi ~ Navi ~ MFL~ PDC~;Klimaanlage, Fahrerairbag, Dachreling, Allwetterreifen, Tempomat, Alufelgen, Elektr. Fensterheber, Navigationssystem;€ 7.999,-;Guter Preis;83.000 km;Schaltgetriebe;04/2016;Diesel;66 kW (90 PS);3,8 l/100 km;101 g/km
MINI;Cooper;Cooper    Sitzheizung   Parkpilot  Dach in schwarz;Alufelgen, Sitzheizung, Regensensor, Lichtsensor, Elektrische Seitenspiegel, Ambientebeleuchtung, USB, Armlehne;€ 12.300,-;Sehr guter Preis;95.300 km;Schaltgetriebe;06/2019;Benzin;100 kW (136 PS);5,2 l/100 km;119 g/km
Mercedes-Benz;S 350;d 4Matic L JUNGE STERNE 360° PANO HEAD UP;Sitzbelüftung, 360° Kamera, Luftfederung, Schiebedach, Allrad, Panoramadach, Elektr. Sitzeinstellung, hinten, Volldigitales Kombiinstrument;€ 37.900,-;Guter Preis;163.084 km;Automatik;06/2016;Diesel;190 kW (258 PS);5,7 l/100 km;149 g/km
Audi;A6;35 TDI VIRTUAL/LEDER/SPORT;Sportpaket, LED-Scheinwerfer, Volldigitales Kombiinstrument, Einparkhilfe Kamera, Ambientebeleuchtung, Elektrische Heckklappe, Elektrische Sitze, Alufelgen;€ 23.500,-;Sehr guter Preis;151.700 km;Automatik;03/2020;Diesel;120 kW (163 PS);4,3 l/100 km;112 g/km
Ford;Focus;Business  HU, Wartung,Reifen neu!;Tempomat, Pannenkit, Verkehrszeichenerkennung, Einparkhilfe Sensoren hinten, Sitzheizung, Navigationssystem, Seitenairbag, Klimaanlage;€ 6.600,-;Sehr guter Preis;122.006 km;Schaltgetriebe;06/2016;Benzin;74 kW (101 PS);4,6 l/100 km;109 g/km
Toyota;C-HR;Flow|NAVI|R.KAMERA|ACC|SPURH.|SHZ|17 ALU;Allrad, Alufelgen, Elektrische Seitenspiegel, Einparkhilfe Kamera, Sitzheizung, Schlüssellose Zentralverriegelung, Bluetooth, Servolenkung;€ 15.990,-;Guter Preis;71.700 km;Automatik;11/2016;Benzin;85 kW (116 PS);6,3 l/100 km;nan
Volkswagen;Golf;1.6 TDI SCR Comfortline;Alufelgen, Getönte Scheiben, Einparkhilfe Sensoren vorne, Apple CarPlay, Abstandstempomat, DAB-Radio, Bluetooth, Einparkhilfe Sensoren hinten;€ 13.900,-;Guter Preis;104.468 km;Schaltgetriebe;07/2019;Diesel;85 kW (116 PS);4,1 l/100 km;130 g/km
Peugeot;308;1.5BHDi Kombi Active+NAVI+CARPLAY+KAMERA+AHK;Anhängerkupplung, Einparkhilfe Kamera, Fahrerairbag, Klimaanlage, Regensensor, Alufelgen, Sitzheizung, Touchscreen;€ 10.950,-;Sehr guter Preis;73.000 km;Schaltgetriebe;03/2019;Diesel;96 kW (131 PS);nan;nan
Skoda;Octavia;1,6 TDI Nur an Händler u. Gewerbe;Beifahrerairbag, Fahrerairbag, Sitzheizung, Dachreling, ABS, Navigationssystem, Bordcomputer, Freisprecheinrichtung;€ 11.800,-;Sehr guter Preis;96.000 km;Schaltgetriebe;09/2017;Diesel;85 kW (116 PS);nan;nan
Jaguar;XF;30t R-Sport AWD Navi Leder ACC 2-Zonen-Klimaauto.;Sitzheizung, Spoiler, Spurhalteassistent, Elektronische Parkbremse, Katalysator, Fahrerairbag, Einparkhilfe Kamera, Regensensor;€ 18.650,-;Sehr guter Preis;133.200 km;Automatik;09/2018;Benzin;221 kW (300 PS);7,5 l/100 km;171 g/km
Opel;Insignia;ST OPC UNLIMITED 2.8 V6 4x4, AHK, Pano, BOSE, ACC;Innenspiegel automatisch abblendend, Tempomat, Sportfahrwerk, Apple CarPlay, Klimaanlage, Sommerreifen, Panoramadach, Touchscreen;€ 14.980,-;Sehr guter Preis;127.600 km;Automatik;01/2017;Benzin;239 kW (325 PS);11,0 l/100 km;253 g/km
BMW;320;d Sport Line*AHK*LASER*KAMERA*8.FACH*AMBIENTE;Einparkhilfe Kamera, Sportpaket, Sportsitze, Apple CarPlay, Volldigitales Kombiinstrument, Ambientebeleuchtung, Laserlicht, Getönte Scheiben;€ 18.700,-;Guter Preis;194.000 km;Automatik;07/2021;Diesel;140 kW (190 PS);4,2 l/100 km;109 g/km
Ford;Focus;Turnier Business, SHZ, PDC, Kamera, Navi;Sitzheizung, Einparkhilfe Sensoren vorne, Apple CarPlay, Notbremsassistent, Ambientebeleuchtung, Beheizbare Frontscheibe, Einparkhilfe Kamera, Alufelgen;€ 9.980,-;Sehr guter Preis;81.700 km;Schaltgetriebe;06/2017;Benzin;92 kW (125 PS);nan;nan
Volkswagen;Golf;VII Alltrack 1.8 TSI Led Alcantara Kamera;Allrad, Sportfahrwerk, Standheizung, Schlüssellose Zentralverriegelung, Lichtsensor, Sportpaket, LED-Tagfahrlicht, USB;€ 11.990,-;Sehr guter Preis;230.650 km;Automatik;12/2018;Benzin;132 kW (179 PS);4,9 l/100 km;129 g/km
SEAT;Leon;SC 2.0 TSI BLACK LINE PANORAMA,SPURHALTE;Multifunktionslenkrad, Fahrerairbag, Schaltwippen, Panoramadach, Beifahrerairbag, Sitzheizung, ESP, Elektrische Seitenspiegel;€ 18.880,-;Sehr guter Preis;45.739 km;Automatik;02/2016;Benzin;213 kW (290 PS);6,6 l/100 km;154 g/km
Renault;Kangoo;1.5 dCi 110 FAP Rapid Maxi Extra Combi;Schiebetür links, Einparkhilfe Kamera, Klimaanlage, Bluetooth, Regensensor, Navigationssystem, Reserverad, CD;€ 12.999,-;Sehr guter Preis;65.805 km;Schaltgetriebe;01/2019;Diesel;81 kW (110 PS);4,5 l/100 km;119 g/km
Peugeot;5008;5008 BlueHDi 120 Active Kamera Sitzheizung;Apple CarPlay, Touchscreen, Spurhalteassistent, Alufelgen, Geschwindigkeits-begrenzungsanlage, ABS, Einparkhilfe Kamera, Einparkhilfe Sensoren vorne;€ 14.990,-;Sehr guter Preis;125.182 km;Schaltgetriebe;09/2017;Diesel;88 kW (120 PS);4,2 l/100 km;108 g/km
Volkswagen;Golf Variant;1.5 TSI ACT OPF DSG Comfortline;Beifahrerairbag, Sitzheizung, Einparkhilfe Sensoren vorne, Touchscreen, Schaltwippen, Getönte Scheiben, Sommerreifen, Alufelgen;€ 12.450,-;Sehr guter Preis;147.125 km;Automatik;02/2020;Benzin;110 kW (150 PS);5,9 l/100 km;143 g/km
Fiat;Tipo;Lounge;Dachreling, Alufelgen, Anhängerkupplung, Apple CarPlay, Nebelscheinwerfer, Einparkhilfe Kamera, Klimaautomatik, Touchscreen;€ 10.950,-;Guter Preis;71.000 km;Schaltgetriebe;09/2018;Benzin;70 kW (95 PS);5,7 l/100 km;132 g/km
Opel;Corsa;Color Edition 5-Türer 1.4 66 kW (90 PS) Eu;Einparkhilfe Sensoren hinten, Alufelgen, Sitzheizung, Klimaautomatik, Regensensor, Beheizbares Lenkrad, Nebelscheinwerfer, Traktionskontrolle;€ 11.950,-;Sehr guter Preis;35.500 km;Automatik;09/2018;Benzin;66 kW (90 PS);nan;nan
Audi;A5;SB S-LINE *MATRIX *ST-HZG *KAMERA *MASSAGE;Sportfahrwerk, Sportpaket, 3-Zonen-Klimaautomatik, Einparkhilfe Kamera, LED-Scheinwerfer, Sportsitze, Sitzheizung, Getönte Scheiben;€ 23.799,-;Guter Preis;121.999 km;Automatik;04/2017;Diesel;140 kW (190 PS);4,2 l/100 km;109 g/km
Mazda;CX-3;2.0 16V KAT Automatik AZV Navi;Allrad, Klimaautomatik, Head-up display, Sitzheizung, Navigationssystem, LED-Scheinwerfer, E10-geeignet, MP3;€ 14.690,-;Sehr guter Preis;111.120 km;Automatik;03/2018;Benzin;110 kW (150 PS);6,3 l/100 km;146 g/km
Mercedes-Benz;E 300;de Avantg. PANO+STNDHZ+360°+LED+COMAND+ACC+;Panoramadach, Standheizung, 360° Kamera, Schiebedach, Schlüssellose Zentralverriegelung, Ambientebeleuchtung, Apple CarPlay, Abstandstempomat;€ 22.750,-;Sehr guter Preis;119.412 km;Automatik;12/2019;Diesel;225 kW (306 PS);nan;nan
Mazda;MX-5;1.5 SKYACTIV-G 131 Prime-Line  Cabrio Klimaanlage;Bordcomputer, Klimaanlage, ESP, Alufelgen, Voll-LED Scheinwerfer, Bi-Xenon Scheinwerfer, Elektr. Fensterheber, Beifahrerairbag;€ 14.845,-;Sehr guter Preis;62.070 km;Schaltgetriebe;06/2016;Benzin;96 kW (131 PS);nan;nan
Land Rover;Range Rover Evoque;2.0 Sd4 SE Dynamic GOLD;Seit 1963 Ihr KFZ-Meisterbetrieb in Mainz Bretzenheim;€ 16.900,-;Fairer Preis;152.900 km;Schaltgetriebe;02/2016;Diesel;132 kW (179 PS);4,8 l/100 km;125 g/km
Mazda;6;2.2 D LED/Head-up/Spurhalte-/Totwinkel/Kamera!;Sitzheizung, Einparkhilfe Kamera, Multifunktionslenkrad, Head-up display, Einparkhilfe Sensoren vorne, Navigationssystem, LED-Scheinwerfer, Sommerreifen;€ 12.798,-;Guter Preis;111.780 km;Schaltgetriebe;05/2016;Diesel;129 kW (175 PS);4,6 l/100 km;nan
Audi;A4;Av. 1.4 TFSI Sport S LINE+VIRTU+LEDER+AHK+LED;Sportfahrwerk, 3-Zonen-Klimaautomatik, Volldigitales Kombiinstrument, Sportsitze, LED-Scheinwerfer, Sportpaket, Schaltwippen, Sitzheizung;€ 16.950,-;Sehr guter Preis;121.590 km;Automatik;09/2018;Benzin;110 kW (150 PS);nan;nan
Land Rover;Range Rover Evoque;*NAVI*PANORAMA*BI-XENON*CAM*;Elektrische Sitze, Allrad, Panoramadach, Wegfahrsperre, Multifunktionslenkrad, Einparkhilfe Kamera, Elektr. Fensterheber, Traktionskontrolle;€ 17.999,-;Fairer Preis;134.745 km;Automatik;11/2016;Diesel;110 kW (150 PS);4,8 l/100 km;134 g/km
Volkswagen;Polo;1.2 TSI Advance BlueMotion*TEMPO*PDC*KLIMA*;❗Service Historie und Gebrauchtspureninfos auf Anruf;€ 12.550,-;Sehr guter Preis;33.759 km;Automatik;02/2016;Benzin;66 kW (90 PS);4,7 l/100 km;109 g/km
Renault;Kadjar;Energy TCe 165 Crossborder;LED-Scheinwerfer, Sitzheizung, Elektrische Sitze, Abstandstempomat, Sommerreifen, Beifahrerairbag, Navigationssystem, Winterpaket;€ 13.980,-;Sehr guter Preis;77.279 km;Schaltgetriebe;09/2017;Benzin;120 kW (163 PS);nan;nan
Fiat;Ducato;2,3 JTD *L2H2* Hoch+Lang*Garantie*;12-64 Monate Garantie / Tüv & Inspektion= NEU !;€ 13.990,-;Guter Preis;163.000 km;Schaltgetriebe;01/2016;Diesel;96 kW (131 PS);nan;nan
Mercedes-Benz;C 220;d T 9G-TRONIC Avantgarde RFK*SPURHALTE;Ambientebeleuchtung, Sportsitze, Sprachsteuerung, Schiebedach, Apple CarPlay, Soundsystem, Totwinkel-Assistent, Sitzheizung;€ 18.900,-;Sehr guter Preis;166.941 km;Automatik;06/2019;Diesel;143 kW (194 PS);4,5 l/100 km;nan
Mercedes-Benz;V 250;/AVANTGARDE/STANDHEIZUNG/KAMERA/SHZ/LEDER;Ambientebeleuchtung, Einparkhilfe Kamera, LED-Scheinwerfer, Multifunktionslenkrad, Skisack, Bluetooth, Getönte Scheiben, Navigationssystem;€ 36.900,-;Fairer Preis;125.349 km;Automatik;06/2016;Diesel;140 kW (190 PS);6,0 l/100 km;159 g/km
BMW;435;435d Gran Coupé xDrive|GSD|M Lenkr|SHZ|PDC|Alarm;Sportfahrwerk, Elektrische Sitze, Sportsitze, Ambientebeleuchtung, Sitzheizung, Schiebedach, Multifunktionslenkrad, CD;€ 21.880,-;Sehr guter Preis;106.245 km;Automatik;07/2016;Diesel;230 kW (313 PS);nan;nan
Audi;A4 allroad;2.0 TDI360°Kamera NAVI Massage LED;Auto kauft man mit Vertrauen u Garantie;€ 24.740,-;Sehr guter Preis;50.104 km;Automatik;06/2017;Diesel;120 kW (163 PS);nan;nan
Mercedes-Benz;CLA 220;CDI Limo 7G-DCT Urban+LED+NAVI+PANO;Schiebedach, Einparkhilfe Kamera, Sportsitze, LED-Scheinwerfer, Getönte Scheiben, Klimaautomatik, Ambientebeleuchtung, Einparkhilfe Sensoren vorne;€ 19.999,-;Sehr guter Preis;154.191 km;Automatik;03/2018;Diesel;130 kW (177 PS);nan;nan
Mercedes-Benz;Vito;111 CDI FWD lang Bluetooth PDC AHK 9 Sitze;Auto kauft man mit Vertrauen u Garantie;€ 18.740,-;Hoher Preis;181.000 km;Schaltgetriebe;03/2017;Diesel;84 kW (114 PS);nan;nan
BMW;650;i xDrive Coupe M Sport LCI Pano-LED-HuD-H/K;LED-Scheinwerfer, Sportfahrwerk, Sportsitze, Soundsystem, Volldigitales Kombiinstrument, Sportpaket, Navigationssystem, Sommerreifen;€ 28.850,-;Sehr guter Preis;122.000 km;Automatik;03/2016;Benzin;330 kW (449 PS);9,1 l/100 km;216 g/km
Dacia;Duster;SCe 115 2WD Essential Standheizung;Klimaanlage, Nebelscheinwerfer, Standheizung, Zentralverriegelung, Bluetooth, USB, Wegfahrsperre, Freisprecheinrichtung;€ 9.990,-;Sehr guter Preis;88.638 km;Schaltgetriebe;07/2018;Benzin;84 kW (114 PS);6,6 l/100 km;149 g/km
Skoda;Octavia;1.6 TDI DSG Ambition NAVI/AHK*;Alufelgen, Bordcomputer, Touchscreen, Anhängerkupplung, Einparkhilfe Sensoren vorne, Sommerreifen, USB, Einparkhilfe Sensoren hinten;€ 8.990,-;Guter Preis;174.200 km;Automatik;12/2016;Diesel;81 kW (110 PS);nan;nan
Skoda;Octavia;Ambition 1.5 Naturgas RFK TEMP APP KLIMA;Einparkhilfe Kamera, Einparkhilfe Sensoren hinten, Abstandstempomat, Isofix, Getönte Scheiben, Dachreling, Beifahrerairbag, Start/Stop-Automatik;€ 9.900,-;nan;211.222 km;Automatik;02/2021;Erdgas (CNG);96 kW (131 PS);nan;114 g/km
Mercedes-Benz;Vito;119 CDI Aut. 4MATIC lang-8Si.-Navi-Kamera-;Schiebetür rechts, Einparkhilfe Kamera, Allrad, Seitenairbag, Beifahrerairbag, Reifendruckkontrollsystem, Isofix, Getönte Scheiben;€ 22.900,-;Sehr guter Preis;199.900 km;Automatik;08/2016;Diesel;140 kW (190 PS);5,8 l/100 km;nan
SEAT;Arona;FR;LED-Scheinwerfer, Sportsitze, Reifendruckkontrollsystem, Navigationssystem, Schlüssellose Zentralverriegelung, Dachreling, Einparkhilfe Kamera, Sitzheizung;€ 15.950,-;Sehr guter Preis;50.896 km;Schaltgetriebe;03/2021;Benzin;81 kW (110 PS);nan;nan
Kia;XCeed;JBL Sound Edition 1.4 T-GDI*LED*NAV*Kamera*SHZ*;Knubel - Versprochen ist versprochen.;€ 16.735,-;nan;41.088 km;Schaltgetriebe;06/2020;Benzin;103 kW (140 PS);6,6 l/100 km;150 g/km
Opel;Astra;Sports Tourer*GS Line*LED*SHZ*PDC*Thermatec*uvm.;Spurhalteassistent, E10-geeignet, Sitzheizung, Beheizbares Lenkrad, Alufelgen, Einparkhilfe Kamera, Regensensor, Verkehrszeichenerkennung;€ 14.980,-;Sehr guter Preis;37.064 km;Schaltgetriebe;01/2020;Benzin;107 kW (145 PS);4,5 l/100 km;102 g/km
Skoda;Yeti;Cool Edition 1.2 TSI DSG KLIMA +SHZ+PDC+NSW+ALLWET;Anhängerkupplung, Dachreling, Tempomat, Katalysator, Sitzheizung, Alufelgen, teilb. Rücksitzbank, Nebelscheinwerfer;€ 14.950,-;Sehr guter Preis;67.073 km;Automatik;01/2017;Benzin;81 kW (110 PS);nan;nan
Renault;Espace;V Vollausstattung, 7 Sitzer, Head up, Sitzbelüftun;Inzahlungnahme, Finanzierung ohne Anzahlung, Top Preise;€ 17.890,-;Sehr guter Preis;130.000 km;Automatik;11/2018;Diesel;118 kW (160 PS);4,7 l/100 km;125 g/km
Audi;Q7;3.0 TDI quattro *7SITZER*2.HAND*BI-XENON*AHK*;Soundsystem, Bluetooth, Sitzheizung, Getönte Scheiben, Sportsitze, Schaltwippen, Lederlenkrad, Anhängerkupplung;€ 24.399,-;Fairer Preis;280.671 km;Automatik;03/2017;Diesel;200 kW (272 PS);6,2 l/100 km;163 g/km
Opel;Grandland X;Selection;Verkehrszeichenerkennung, Elektronische Parkbremse, USB, Reifendruckkontrollsystem, E10-geeignet, Freisprecheinrichtung, Berganfahrassistent, Zentralverriegelung;€ 11.990,-;Sehr guter Preis;88.000 km;Schaltgetriebe;02/2018;Benzin;96 kW (131 PS);5,4 l/100 km;124 g/km
BMW;X2;sDrive18i (a Advantage DAB LED Navi Tempomat;LED-Scheinwerfer, Alufelgen, Navigationssystem, Dachreling, Bluetooth, Schlüssellose Zentralverriegelung, Anhängerkupplung, Elektrische Heckklappe;€ 18.990,-;Sehr guter Preis;97.700 km;Automatik;12/2020;Benzin;100 kW (136 PS);nan;nan
Citroen;C4 Cactus;Feel KLIMAA  BLUETH  ALU;Regensensor, Klimaautomatik, Bluetooth, Dachreling, Alufelgen, E10-geeignet, Sitzheizung, Beifahrerairbag;€ 11.999,-;Sehr guter Preis;44.950 km;Schaltgetriebe;01/2019;Benzin;81 kW (110 PS);4,5 l/100 km;104 g/km
BMW;540;i Sport Line;Finanzierung auch ohne Anzahlung möglich;€ 25.900,-;Sehr guter Preis;128.330 km;Automatik;06/2018;Benzin;250 kW (340 PS);6,5 l/100 km;149 g/km
BMW;X3;xDr 20d Aut. Advant NAVI+LED+SHZ+HEAD+KAMER+M;Einparkhilfe Kamera, Ambientebeleuchtung, W-Lan / Wifi Hotspot, Allrad, Schlüssellose Zentralverriegelung, 3-Zonen-Klimaautomatik, Elektrische Seitenspiegel, Head-up display;€ 23.750,-;Sehr guter Preis;122.240 km;Automatik;08/2019;Diesel;140 kW (190 PS);5,3 l/100 km;139 g/km
Mercedes-Benz;CLA 200;d aAHK/Voll-LED/Navi/Kamera;Sportsitze, Einparkhilfe Kamera, LED-Scheinwerfer, Sitzheizung, Navigationssystem, Alufelgen, Voll-LED Scheinwerfer, Einparkhilfe Sensoren vorne;€ 18.910,-;Guter Preis;91.100 km;Schaltgetriebe;09/2017;Diesel;100 kW (136 PS);nan;nan
Ford;Kuga;KUGA ST-LINE 4X4 AUTO PANO SONY T-WINKEL LENK-HZ;Elektrische Heckklappe, Panoramadach, Elektrische Sitze, Sportpaket, Allrad, Einparkhilfe Kamera, Apple CarPlay, Spurhalteassistent;€ 16.990,-;Sehr guter Preis;76.602 km;Automatik;11/2018;Benzin;129 kW (175 PS);9,0 l/100 km;205 g/km
Kia;Ceed SW / cee'd SW;1.6 CRDi +Navi+Parksensoren+Sitzheizung;USB, Ambientebeleuchtung, Navigationssystem, Alufelgen, Einparkhilfe Kamera, Sitzheizung, Beheizbares Lenkrad, Pannenkit;€ 10.990,-;Sehr guter Preis;86.198 km;Schaltgetriebe;01/2017;Diesel;100 kW (136 PS);nan;nan
Renault;ZOE;41kwh Elektro Life*RFK*SHZ*Navi*;Sitzheizung, Isofix, Bluetooth, Alufelgen, Geschwindigkeits-begrenzungsanlage, Fahrerairbag, Einparkhilfe Sensoren hinten, Verkehrszeichenerkennung; ;nan;nan;nan;nan;Elektro;nan;nan;nan
Dacia;Duster;II Comfort *NAVI-KLIMA-PDC-TEMPOMAT*;FINANZIERUNG 1088€ mtl. / ANKAUF / LIEFERUNG;€ 10.880,-;Sehr guter Preis;69.969 km;Schaltgetriebe;01/2019;Benzin;84 kW (114 PS);6,5 l/100 km;149 g/km
Citroen;C4 Cactus;PureTech 110 EAT6 Shine SHZ GJR Grip-Control Drive;Einparkhilfe Kamera, Sitzheizung, Android Auto, Regensensor, Klimaautomatik, Fahrerairbag, Alufelgen, Touchscreen;€ 12.490,-;Sehr guter Preis;81.500 km;Automatik;01/2019;Benzin;81 kW (110 PS);6,7 l/100 km;150 g/km
Mazda;CX-5;Exclusive-Line*LED*Parkpilot*SHZ*Navi*Kamera*uvm.;LED-Scheinwerfer, Beheizbares Lenkrad, Sitzheizung, E10-geeignet, Head-up display, Navigationssystem, Kurvenlicht, Lordosenstütze;€ 18.980,-;Guter Preis;59.986 km;Schaltgetriebe;11/2017;Benzin;121 kW (165 PS);6,4 l/100 km;149 g/km
Mercedes-Benz;GLC 250;d AMG Line 4Matic;Beifahrerairbag, Schiebedach, Sportfahrwerk, Sitzheizung, Sprachsteuerung, Soundsystem, Allrad, Elektrische Heckklappe;€ 21.990,-;Sehr guter Preis;179.181 km;Automatik;05/2018;Diesel;150 kW (204 PS);nan;nan
BAIC;;210T LED+PDC+KLIMA+BLUETOOTH+EU6+1Hd;Lordosenstütze, Fahrerairbag, Elektronische Parkbremse, Alufelgen, LED-Scheinwerfer, Berganfahrassistent, Klimaanlage, LED-Tagfahrlicht;€ 16.449,-;Sehr guter Preis;3.750 km;Schaltgetriebe;10/2024;Benzin;100 kW (136 PS);nan;198 g/km
Toyota;Yaris;1.5 Edition-S Hybrid KLIMA SHZ KAMERA;Alufelgen, Sitzheizung, Klimaautomatik, Elektr. Fensterheber, Spurhalteassistent, Katalysator, Touchscreen, Pannenkit; ;nan;nan;nan;nan;nan;nan;nan;nan
Hyundai;i20;Select;Sitzheizung, Einparkhilfe Kamera, Navigationssystem, Alufelgen, Touchscreen, Beheizbares Lenkrad, Elektr. Fensterheber, teilb. Rücksitzbank;€ 13.990,-;Sehr guter Preis;36.400 km;Schaltgetriebe;12/2021;Benzin;74 kW (101 PS);5,6 l/100 km;127 g/km
Mercedes-Benz;GLA 200;NIGHTPAKET 360GRAD,METALLIC,PANORAMA,18Z;360° Kamera, LED-Scheinwerfer, Fahrerairbag, Sportsitze, Beifahrerairbag, Anhängerkupplung, Sitzheizung, Isofix;€ 19.880,-;Sehr guter Preis;86.451 km;Automatik;06/2018;Benzin;115 kW (156 PS);6,6 l/100 km;151 g/km
Fiat;500;1,2 Lounge/Klima/Android/Carplay;Apple CarPlay, Alufelgen, Nebelscheinwerfer, Einparkhilfe Sensoren hinten, Multifunktionslenkrad, Bluetooth, Freisprecheinrichtung, Navigationssystem;€ 8.590,-;Sehr guter Preis;73.000 km;Schaltgetriebe;02/2020;Benzin;51 kW (69 PS);5,5 l/100 km;126 g/km
Citroen;Berlingo;1.2 PureTech 110 Feel M;Klimaautomatik, Sitzheizung, Navigation, PDC;€ 15.890,-;Sehr guter Preis;60.366 km;Schaltgetriebe;08/2019;Benzin;81 kW (110 PS);nan;nan
Renault;Kadjar;1.5 dCi 110 Bose Edition ENERGY;Sitzheizung, LED-Scheinwerfer, Beifahrerairbag, Isofix, Verkehrszeichenerkennung, Navigationssystem, Alufelgen, Geschwindigkeits-begrenzungsanlage;€ 10.990,-;Sehr guter Preis;150.000 km;Automatik;08/2016;Diesel;81 kW (110 PS);nan;nan
Mercedes-Benz;GLA 200;NIGHTPAKET 360GRAD,METALLIC,PANORAMA,18Z;360° Kamera, LED-Scheinwerfer, Fahrerairbag, Sportsitze, Beifahrerairbag, Anhängerkupplung, Sitzheizung, Isofix;€ 19.880,-;Sehr guter Preis;86.451 km;Automatik;06/2018;Benzin;115 kW (156 PS);6,6 l/100 km;151 g/km
Fiat;500;1,2 Lounge/Klima/Android/Carplay;Apple CarPlay, Alufelgen, Nebelscheinwerfer, Einparkhilfe Sensoren hinten, Multifunktionslenkrad, Bluetooth, Freisprecheinrichtung, Navigationssystem;€ 8.590,-;Sehr guter Preis;73.000 km;Schaltgetriebe;02/2020;Benzin;51 kW (69 PS);5,5 l/100 km;126 g/km
Citroen;Berlingo;1.2 PureTech 110 Feel M;Klimaautomatik, Sitzheizung, Navigation, PDC;€ 15.890,-;Sehr guter Preis;60.366 km;Schaltgetriebe;08/2019;Benzin;81 kW (110 PS);nan;nan
Volkswagen;Arteon;"Eleg TDI DSG 4-m Standh Assist AHK SD 19""";Finanzierung ohne Anzahlung bis 96 Monate Laufzeit;€ 24.990,-;Sehr guter Preis;119.500 km;Automatik;10/2017;Diesel;176 kW (239 PS);5,9 l/100 km;152 g/km
Ford;S-Max;Titanium 2.0 TDCi Navi, elekt Heckklappe;Beheizbare Frontscheibe, Anhängerkupplung, Navigationssystem, Alufelgen, Elektrische Heckklappe, Spurhalteassistent, MP3, Beifahrerairbag;€ 18.890,-;Sehr guter Preis;61.950 km;Schaltgetriebe;11/2017;Diesel;110 kW (150 PS);nan;nan
BMW;530;Limousine Aut. NAV+LED+SHZ+ACC+HiFi+EU6+2Hd;Elektrische Sitze, Soundsystem, Elektr. Fensterheber, Schlüssellose Zentralverriegelung, Abstandstempomat, Getönte Scheiben, Alufelgen, Beifahrerairbag;€ 23.989,-;Sehr guter Preis;144.750 km;Automatik;04/2017;Diesel;195 kW (265 PS);4,5 l/100 km;nan
Volkswagen;Polo;1.2 TSI Comfortline BMT*PDC*KLIMA*;❗Service Historie und Gebrauchtspureninfos auf Anruf;€ 10.740,-;Sehr guter Preis;36.531 km;Schaltgetriebe;01/2017;Benzin;66 kW (90 PS);4,7 l/100 km;107 g/km
Ford;Ka/Ka+;Cool & Sound;E10-geeignet, Alufelgen, Sitzheizung, Elektrische Seitenspiegel, Einparkhilfe Sensoren hinten, Seitenairbag, ABS, Wegfahrsperre;€ 8.450,-;Guter Preis;76.000 km;Schaltgetriebe;08/2017;Benzin;63 kW (86 PS);5,0 l/100 km;114 g/km
Kia;Picanto;1.2 Aut. GT-Line *Navi*Kamera*App*;Navigationssystem, Sportsitze, Sportfahrwerk, Sitzheizung, Alufelgen, Einparkhilfe Kamera, LED-Tagfahrlicht, Induktionsladen für Smartphones;€ 13.880,-;Guter Preis;21.008 km;Automatik;04/2017;Benzin;62 kW (84 PS);nan;124 g/km
Skoda;Karoq;Navi,Winterpaket,Tempomat,AHK,R.Kamera;Anhängerkupplung, Beheizbares Lenkrad, Beifahrerairbag, Alufelgen, Elektrische Heckklappe, Armlehne, Navigationssystem, Beheizbare Frontscheibe;€ 17.900,-;Sehr guter Preis;96.000 km;Automatik;08/2019;Diesel;85 kW (116 PS);nan;nan
Kia;Carens;Dream Team/Mfl/Navi/Shz/Navi/7-Sitzer/;Navigationssystem, Wegfahrsperre, Sitzheizung, Alufelgen, Sprachsteuerung, Dachreling, Beifahrerairbag, Einparkhilfe Kamera;€ 12.990,-;Sehr guter Preis;77.383 km;Schaltgetriebe;04/2018;Benzin;99 kW (135 PS);6,5 l/100 km;150 g/km
Mazda;6;Kom 2.2d Aut Exclusive-Line MATRIX+NAV+KAM+ACC;LED-Scheinwerfer, Apple CarPlay, Einparkhilfe Kamera, ABS, Einparkhilfe Sensoren vorne, Sitzheizung, DAB-Radio, Beheizbares Lenkrad;€ 15.750,-;Sehr guter Preis;120.000 km;Automatik;07/2020;Diesel;110 kW (150 PS);5,1 l/100 km;134 g/km
Skoda;Octavia;2.0 TDI Style DSG Navi ViCo Pano LED ACC;Herr Hans Atzberger und die Premiumfahrzeuge in Bayern!;€ 12.900,-;Guter Preis;191.662 km;Automatik;12/2019;Diesel;110 kW (150 PS);nan;nan
Mercedes-Benz;C 400;Coupe 4Matic AMG Line PANO NIGHT TEMPOMAT;Sportpaket, Getönte Scheiben, Soundsystem, Sitzheizung, Sportfahrwerk, Bluetooth, Multifunktionslenkrad, Freisprecheinrichtung;€ 28.420,-;Fairer Preis;134.000 km;Automatik;08/2016;Benzin;245 kW (333 PS);nan;nan
Skoda;Rapid/Spaceback;RAPID SPACEBACK COOL EDITION KLIMA+ALLWETTER+TÜV;Allwetterbereifung,Einparkhilfe,Isofix,Reg.Wartung;€ 9.480,-;Fairer Preis;108.400 km;Schaltgetriebe;12/2017;Benzin;70 kW (95 PS);4,4 l/100 km;101 g/km
Opel;Adam;Open Air ecoFlex 1.0 Turbo Klima-A. SHZ LHZ PDC hi;Sitzheizung, Navigationssystem, LED-Tagfahrlicht, Alufelgen, Katalysator, Apple CarPlay, Klimaautomatik, Android Auto;€ 12.990,-;Sehr guter Preis;36.991 km;Schaltgetriebe;06/2018;Benzin;85 kW (116 PS);nan;nan
Hyundai;TUCSON;"1.6i 4WD Aut 25 Ja PANO+NAV+KAM+LEDER+19""";Schiebedach, Reifendruckkontrollsystem, Allrad, Sportpaket, LED-Scheinwerfer, Anhängerkupplung, Navigationssystem, Beifahrerairbag;€ 14.950,-;Fairer Preis;154.886 km;Automatik;03/2017;Benzin;130 kW (177 PS);7,6 l/100 km;177 g/km
Opel;Mokka X;1.6 CDTI Automatik Navi Color Innovation;Einparkhilfe Kamera, Sommerreifen, Einparkhilfe Sensoren vorne, Sitzheizung, LED-Scheinwerfer, Alufelgen, Kurvenlicht, Navigationssystem;€ 10.880,-;Sehr guter Preis;101.266 km;Automatik;06/2017;Diesel;100 kW (136 PS);nan;nan
Ford;EcoSport;Titanium *Winter-Pkt*Klimaauto*GJR*;Einparkhilfe Kamera, E10-geeignet, Sitzheizung, Totwinkel-Assistent, Lordosenstütze, Dachreling, Einparkhilfe Sensoren vorne, Alufelgen;€ 14.673,-;Sehr guter Preis;31.666 km;Schaltgetriebe;12/2020;Benzin;92 kW (125 PS);6,2 l/100 km;142 g/km
Ford;Ranger;2.2 TDC  XLT Extrakabine 4x4;Alufelgen, Anhängerkupplung, Beifahrerairbag, Allrad, Freisprecheinrichtung, Nebelscheinwerfer, Traktionskontrolle, Lichtsensor;€ 18.900,-;nan;19.143 km;Schaltgetriebe;06/2019;Diesel;118 kW (160 PS);7,0 l/100 km;184 g/km
Ford;Mustang;GT 5.0 SHELBY GT500 KAMEAR LEDER TOP;Alarmanlage, Sportpaket, Apple CarPlay, Beifahrerairbag, Soundsystem, W-Lan / Wifi Hotspot, Getönte Scheiben, Einparkhilfe Kamera;€ 33.999,-;Sehr guter Preis;63.609 km;Automatik;06/2017;Benzin;324 kW (441 PS);nan;nan
Renault;Kadjar;TCe 140 GPF LIMITED;Klimaautomatik, Einparkhilfe Sensoren vorne, Sitzheizung, Beifahrerairbag, Nebelscheinwerfer, E10-geeignet, DAB-Radio, Winterpaket;€ 16.490,-;Sehr guter Preis;52.000 km;Automatik;09/2020;Benzin;103 kW (140 PS);6,8 l/100 km;155 g/km
Ford;Kuga;Titanium *TURBO NEU*AHK*ACC*BI-XENON*NAVI*;Getönte Scheiben, Navigationssystem, LED-Tagfahrlicht, Alufelgen, Freisprecheinrichtung, Allrad, USB, Bluetooth;€ 13.899,-;Fairer Preis;95.560 km;Automatik;08/2017;Benzin;134 kW (182 PS);7,5 l/100 km;173 g/km
Volkswagen;Golf;VII Variant 1.6 TDI BMT / NAVI / PDC / SHZ;Fahrerairbag, Navigationssystem, Einparkhilfe Sensoren vorne, Sitzheizung, Touchscreen, Start/Stop-Automatik, Tempomat, Beifahrerairbag;€ 9.990,-;Guter Preis;187.676 km;Automatik;03/2016;Diesel;81 kW (110 PS);4,0 l/100 km;104 g/km
Opel;Mokka;1.2 Turbo GS Line;Navigationssystem, Nebelscheinwerfer, Abstandstempomat, Sitzheizung, Totwinkel-Assistent, Einparkhilfe Kamera, Android Auto, Induktionsladen für Smartphones;€ 16.200,-;Sehr guter Preis;57.100 km;Schaltgetriebe;07/2021;Benzin;96 kW (131 PS);nan;nan
Volkswagen;Passat;Var.R-Line 2,0TDI aAHK/Voll-LED/Navi;Einparkhilfe Sensoren vorne, 3-Zonen-Klimaautomatik, Abstandstempomat, Anhängerkupplung, Sitzheizung, MP3, LED-Scheinwerfer, Bluetooth;€ 13.910,-;Fairer Preis;172.300 km;Schaltgetriebe;09/2018;Diesel;110 kW (150 PS);nan;nan
Fiat;500X;1.4 MultiAir Cross Plus 4x4 Top Ausstattung 125...;Sonderzinstage bei Autoflex24 eff. Zins ab 2,22 %;€ 18.900,-;nan;0 km;Automatik;05/2018;Benzin;125 kW (170 PS);nan;157 g/km
Opel;Astra;K SPORTS TOURER Edition/AUT/NAVI/PDC/SHZ;Sportfahrwerk, Musikstreaming integriert, Sitzheizung, ABS, Sportpaket, LED-Scheinwerfer, Einparkhilfe Sensoren vorne, Elektrische Seitenspiegel;€ 12.790,-;Sehr guter Preis;90.500 km;Automatik;07/2021;Diesel;90 kW (122 PS);5,1 l/100 km;132 g/km
Opel;Grandland;1.6 D Edition *LED*FLA*AkustikGlas*AUT;Sitzheizung, Totwinkel-Assistent, Bluetooth, Alufelgen, Einparkhilfe Kamera, Android Auto, Einparkhilfe Sensoren vorne, Klimaanlage;€ 15.493,-;Guter Preis;63.198 km;Automatik;08/2018;Diesel;88 kW (120 PS);nan;nan
Honda;HR-V;1.5VTEC Comfort+KLIMA+TEMPO+BLUETOOTH+SHZ;Alufelgen, Zentralverriegelung, Sitzheizung, Katalysator, Bluetooth, MP3, Klimaautomatik, Fahrerairbag;€ 12.990,-;Fairer Preis;81.824 km;Schaltgetriebe;02/2016;Benzin;96 kW (131 PS);nan;nan
Volkswagen;Polo;1.8TSI GTI PANO PARK KLIMA SHZ NAV;Panoramadach, Sportfahrwerk, Navigationssystem, Schiebedach, Einparkhilfe Sensoren vorne, Sportsitze, Fahrerairbag, Alufelgen;€ 13.999,-;Guter Preis;88.300 km;Schaltgetriebe;05/2017;Benzin;141 kW (192 PS);6,0 l/100 km;140 g/km
smart;forFour;EQ  Autom-Klima 700Km  OHNE ELEKTRO BATTERIE;Alufelgen, Winterpaket, Klimaautomatik, Touchscreen, Freisprecheinrichtung, teilb. Rücksitzbank, Beifahrerairbag, Elektrische Seitenspiegel; ;nan;nan;nan;nan;nan;nan;nan;nan
Skoda;Kodiaq;2.0 TDI STYLE 4x4 Pano e-Sitze Family;Skoda Kodiaq 2.0 TDi 140kW 4x4 STYLE mit EZ 04.07.;€ 23.860,-;Fairer Preis;133.534 km;Automatik;07/2018;Diesel;140 kW (190 PS);nan;nan
Hyundai;i30;1.0 Turbo 48V Trend Klimaaut. 17 Alu TOP;Lordosenstütze, Einparkhilfe Sensoren vorne, Einparkhilfe Kamera, Sitzheizung, Induktionsladen für Smartphones, 2-Zonen-Klimaautomatik, Alufelgen, Fernlichtassistent;€ 15.990,-;Sehr guter Preis;28.170 km;Schaltgetriebe;01/2022;Benzin;88 kW (120 PS);5,0 l/100 km;115 g/km
Mercedes-Benz;A 180;d NIGHTPAKET,PANORAMA,KAMERA,SCHECKHEFT;Panoramadach, Sportsitze, Einparkhilfe Sensoren vorne, Sitzheizung, Alufelgen, Schiebedach, Navigationssystem, Isofix;€ 17.780,-;Guter Preis;65.500 km;Automatik;04/2016;Diesel;80 kW (109 PS);3,9 l/100 km;103 g/km
Dacia;Logan;MCV II Kombi Laureate*AUTOM.*NAVI*TÜV NEU*;Klimaanlage, Alufelgen, Anhängerkupplung, Beifahrerairbag, Elektrische Seitenspiegel, Tempomat, Navigationssystem, Getönte Scheiben;€ 6.900,-;Guter Preis;157.000 km;Automatik;07/2017;Diesel;66 kW (90 PS);3,6 l/100 km;92 g/km
Toyota;C-HR;1.2 Urban +RFK+Spurh.+Hold+;Navigationssystem, Einparkhilfe Kamera, Abstandstempomat, Verkehrszeichenerkennung, Fahrerairbag, Pannenkit, Schlüssellose Zentralverriegelung, Beifahrerairbag;€ 15.888,-;Sehr guter Preis;66.350 km;Schaltgetriebe;08/2018;Benzin;116 kW (158 PS);5,9 l/100 km;135 g/km
Ford;Tourneo Custom;"2,0TDCI""Titanium""2Schiebetüren""9Sitze""";Einparkhilfe Kamera, Radio, Beifahrerairbag, Schiebetür links, Alufelgen, Getönte Scheiben, Isofix, Abstandstempomat;€ 19.990,-;nan;120.000 km;Automatik;06/2017;Diesel;125 kW (170 PS);nan;nan
Opel;Corsa;1.2  Kamera LHZ Allwetter PDC SHZ;Klimaautomatik, Sitzheizung, Einparkhilfe Kamera, Einparkhilfe Sensoren vorne, Alufelgen, Beheizbares Lenkrad, Totwinkel-Assistent, Sprachsteuerung;€ 13.990,-;Sehr guter Preis;20.274 km;Schaltgetriebe;04/2022;Benzin;74 kW (101 PS);5,5 l/100 km;124 g/km
Opel;Insignia;ST OPC UNLIMITED 2.8 V6 4x4, AHK, Pano, BOSE, ACC;Innenspiegel automatisch abblendend, Tempomat, Sportfahrwerk, Apple CarPlay, Klimaanlage, Sommerreifen, Panoramadach, Touchscreen;€ 14.980,-;Sehr guter Preis;127.600 km;Automatik;01/2017;Benzin;239 kW (325 PS);11,0 l/100 km;253 g/km
Renault;Kadjar;Energy TCe 165 Crossborder;LED-Scheinwerfer, Sitzheizung, Elektrische Sitze, Abstandstempomat, Sommerreifen, Beifahrerairbag, Navigationssystem, Winterpaket;€ 13.980,-;Sehr guter Preis;77.279 km;Schaltgetriebe;09/2017;Benzin;120 kW (163 PS);nan;nan
Opel;Grandland X;Selection;Verkehrszeichenerkennung, Elektronische Parkbremse, USB, Reifendruckkontrollsystem, E10-geeignet, Freisprecheinrichtung, Berganfahrassistent, Zentralverriegelung;€ 11.990,-;Sehr guter Preis;88.000 km;Schaltgetriebe;02/2018;Benzin;96 kW (131 PS);5,4 l/100 km;124 g/km
Volkswagen;Golf;VII Comf. 1.6 TDI 1.Hd*Navi*ACC*PDC*AHK;Apple CarPlay, MP3, Alufelgen, Einparkhilfe Sensoren vorne, Lordosenstütze, LED-Tagfahrlicht, Abstandstempomat, Pannenkit;€ 11.990,-;Guter Preis;146.000 km;Schaltgetriebe;11/2017;Diesel;85 kW (116 PS);nan;nan
Opel;Mokka X;1.6 CDTI Automatik Navi Color Innovation;Einparkhilfe Kamera, Sommerreifen, Einparkhilfe Sensoren vorne, Sitzheizung, LED-Scheinwerfer, Alufelgen, Kurvenlicht, Navigationssystem;€ 10.880,-;Sehr guter Preis;101.266 km;Automatik;06/2017;Diesel;100 kW (136 PS);nan;nan
BMW;118;i Advantage*LED*NAVI*PDC*SHZ*TEMPO*KLIMA*;❗Service Historie und Gebrauchtspureninfos auf Anruf;€ 15.620,-;Sehr guter Preis;47.714 km;Schaltgetriebe;06/2019;Benzin;100 kW (136 PS);5,9 l/100 km;171 g/km
Volkswagen;T-Roc;Style 1.0 TSI NAVI+SITZHZ+ACC+RFK+KLIMA Klima;Navigationssystem, Abstandstempomat, LED-Scheinwerfer, Sitzheizung, E10-geeignet, Regensensor, Einparkhilfe Kamera, Elektrische Heckklappe;€ 17.890,-;Sehr guter Preis;14.500 km;Schaltgetriebe;05/2019;Benzin;85 kW (116 PS);6,4 l/100 km;145 g/km
Audi;Q5;2.0d Quatt Design MATRIX+VIRTU+NAV+KAM+ACC+SH;Sportpaket, Volldigitales Kombiinstrument, 3-Zonen-Klimaautomatik, Allrad, Bluetooth, Einparkhilfe Kamera, Schaltwippen, Apple CarPlay;€ 21.250,-;Sehr guter Preis;161.231 km;Automatik;09/2017;Diesel;120 kW (163 PS);5,0 l/100 km;129 g/km
Land Rover;Discovery Sport;SE AWD;Sitzheizung, Winterpaket, Allrad, Einparkhilfe Sensoren hinten, Navigationssystem, Schlüssellose Zentralverriegelung, Freisprecheinrichtung, LED-Tagfahrlicht;€ 16.500,-;Sehr guter Preis;119.540 km;Automatik;05/2017;Diesel;132 kW (179 PS);5,3 l/100 km;139 g/km
Volkswagen;Touran;Comfortline 2.0 TDI DSG LED KAMERA ALU APS SITZHZG;LED-Scheinwerfer, Einparkhilfe Kamera, Einparkhilfe Sensoren vorne, Getönte Scheiben, Sitzheizung, Dachreling, Kurvenlicht, Alufelgen;€ 12.988,-;Sehr guter Preis;228.600 km;Automatik;08/2020;Diesel;110 kW (150 PS);5,6 l/100 km;1 g/km
Mercedes-Benz;E 200;d T 9G BURMESTER+COMAND+KAM+LED+SHZ+DAB+TEM;Einparkhilfe Kamera, Sportfahrwerk, LED-Scheinwerfer, Apple CarPlay, Totwinkel-Assistent, Elektrische Heckklappe, Navigationssystem, Verkehrszeichenerkennung;€ 15.550,-;Guter Preis;200.000 km;Automatik;02/2018;Diesel;110 kW (150 PS);4,2 l/100 km;109 g/km
Mazda;CX-5;2.0 Sports-Line AWD*NAVI*ACC*PDC*SHZ*LED*ALU*;❗Service Historie und Gebrauchtspureninfos auf Anruf;€ 19.870,-;Sehr guter Preis;38.917 km;Schaltgetriebe;10/2017;Benzin;118 kW (160 PS);6,8 l/100 km;159 g/km
Mazda;2;;Über 1000 Fahrzeuge auf Lager und sofort verfügbar !!!;€ 10.990,-;Sehr guter Preis;54.900 km;Schaltgetriebe;03/2018;Benzin;66 kW (90 PS);4,5 l/100 km;105 g/km
Audi;A4;Avant 40 TDI Sport Xenon/Navi/Kamera/AHK/Temp;Sportfahrwerk, Sportpaket, Einparkhilfe Kamera, Sportsitze, Ambientebeleuchtung, Lederlenkrad, Anhängerkupplung, Schlüssellose Zentralverriegelung;€ 18.790,-;Sehr guter Preis;121.249 km;Automatik;03/2019;Diesel;140 kW (190 PS);4,6 l/100 km;121 g/km
Volkswagen;up!;1.0  move Klima+Sitzheizung;Sitzheizung, Klimaautomatik, Raucherpaket, Pannenkit, Lederlenkrad, MP3, teilb. Rücksitzbank, Multifunktionslenkrad;€ 6.480,-;Sehr guter Preis;129.980 km;Schaltgetriebe;05/2017;Benzin;44 kW (60 PS);nan;nan
Ford;Tourneo Custom;"2,0TDCI""Titanium""2Schiebetüren""9Sitze""";Einparkhilfe Kamera, Radio, Beifahrerairbag, Schiebetür links, Alufelgen, Getönte Scheiben, Isofix, Abstandstempomat;€ 19.990,-;nan;120.000 km;Automatik;06/2017;Diesel;125 kW (170 PS);nan;nan
Volkswagen;Passat Variant;Passat Var. DSG ACC Kamera Navi AHK LED Tempomat;Finanzierung OHNE Anzahlung möglich!;€ 14.940,-;Sehr guter Preis;133.600 km;Automatik;08/2019;Diesel;88 kW (120 PS);4,3 l/100 km;112 g/km
Volkswagen;Caddy;Alltrack 4x4*Behindertengerecht am Lenkrad;Behindertengerecht, Allrad, Schiebetür links, Schiebetür rechts, Sitzheizung, Standheizung, Beifahrerairbag, Isofix;€ 14.900,-;nan;246.767 km;Automatik;02/2019;Diesel;110 kW (150 PS);5,6 l/100 km;148 g/km
Mercedes-Benz;CLA 220;CDI Limo 7G-DCT Urban+LED+NAVI+PANO;Schiebedach, Einparkhilfe Kamera, Sportsitze, LED-Scheinwerfer, Getönte Scheiben, Klimaautomatik, Ambientebeleuchtung, Einparkhilfe Sensoren vorne;€ 19.999,-;Sehr guter Preis;154.191 km;Automatik;03/2018;Diesel;130 kW (177 PS);nan;nan
Opel;Corsa;Innovation*XENON*PDC*TEMPOMAT*LENKRADHZG;Alufelgen, Einparkhilfe Sensoren hinten, Beheizbares Lenkrad, Sitzheizung, Bordcomputer, Beifahrerairbag, Xenonscheinwerfer, Nebelscheinwerfer;€ 9.900,-;Sehr guter Preis;86.213 km;Automatik;01/2018;Benzin;66 kW (90 PS);nan;nan
Opel;Insignia;ST AUTOMATIK*OPC-PA*BUSINESS*INNOVATION;Sportfahrwerk, Sitzbelüftung, Head-up display, Elektrische Sitze, Massagesitze, Volldigitales Kombiinstrument, Einparkhilfe Kamera, Schaltwippen;€ 17.490,-;Sehr guter Preis;91.000 km;Automatik;03/2018;Diesel;125 kW (170 PS);5,7 l/100 km;150 g/km
DS Automobiles;DS 7 Crossback;BusinessLine 2.0HDI*Pano*LED*FOCAL;Sommerreifen, Panoramadach, Volldigitales Kombiinstrument, Elektrische Sitze, LED-Scheinwerfer, Apple CarPlay, Spurhalteassistent, Lederlenkrad;€ 17.990,-;Sehr guter Preis;149.654 km;Automatik;07/2018;Diesel;132 kW (179 PS);4,9 l/100 km;128 g/km
Mercedes-Benz;GLA 200;NIGHTPAKET 360GRAD,METALLIC,PANORAMA,18Z;360° Kamera, LED-Scheinwerfer, Fahrerairbag, Sportsitze, Beifahrerairbag, Anhängerkupplung, Sitzheizung, Isofix;€ 19.880,-;Sehr guter Preis;86.451 km;Automatik;06/2018;Benzin;115 kW (156 PS);6,6 l/100 km;151 g/km
Dacia;Duster;Prestige dCi110 4x4 ALLRAD LEDER/KAMERA;Allrad, Einparkhilfe Kamera, Alufelgen, Sitzheizung, Dachreling, Navigationssystem, Klimaanlage, Geschwindigkeits-begrenzungsanlage;€ 12.000,-;Sehr guter Preis;122.479 km;Schaltgetriebe;01/2018;Diesel;80 kW (109 PS);nan;nan
Skoda;Superb;Combi Style 2.0 TDI DSG AHK EXPORT;Elektrische Sitze, Alufelgen, Apple CarPlay, Bi-Xenon Scheinwerfer, Sitzheizung, Beifahrerairbag, USB, Elektrische Seitenspiegel;€ 14.900,-;Sehr guter Preis;157.900 km;Automatik;04/2017;Diesel;140 kW (190 PS);4,5 l/100 km;114 g/km
Peugeot;2008;1.2 PureTech 110 Signature;Panoramadach, Dachreling, Sitzheizung, Regensensor, Tempomat, Freisprecheinrichtung, Isofix, USB;€ 11.950,-;Sehr guter Preis;40.300 km;Schaltgetriebe;10/2019;Benzin;81 kW (110 PS);nan;nan
Dodge;RAM;"1500 Hemi ""Höher""Breiter""ein Monster""";Laserlicht, Beheizbares Lenkrad, Sitzbelüftung, Allrad, Schiebedach, Fahrerairbag, Sitzheizung, Spoiler;€ 45.000,-;Fairer Preis;115.000 km;Automatik;01/2018;Benzin;295 kW (401 PS);nan;nan
Audi;A6;35 TDI VIRTUAL/LEDER/SPORT;Sportpaket, LED-Scheinwerfer, Volldigitales Kombiinstrument, Einparkhilfe Kamera, Ambientebeleuchtung, Elektrische Heckklappe, Elektrische Sitze, Alufelgen;€ 23.500,-;Sehr guter Preis;151.700 km;Automatik;03/2020;Diesel;120 kW (163 PS);4,3 l/100 km;112 g/km
Opel;Astra;Sports Tourer Elegance LED+Sitz&Lenkradhzg;FINANZIERUNG 108€ mtl. / ANKAUF / LIEFERUNG;€ 10.880,-;Sehr guter Preis;98.526 km;Schaltgetriebe;03/2020;Benzin;96 kW (131 PS);4,5 l/100 km;102 g/km
Hyundai;TUCSON;Passion Blue Navi Cam Sitzheizung;E10-geeignet, Alufelgen, Einparkhilfe Kamera, Navigationssystem, Beifahrerairbag, Beheizbares Lenkrad, Dachreling, Totwinkel-Assistent;€ 14.990,-;Sehr guter Preis;70.887 km;Schaltgetriebe;05/2018;Benzin;97 kW (132 PS);nan;nan
Peugeot;208;1.2 PureTech 100 S S Allure Navi+R-Kam+LED+DAB;Einparkhilfe Sensoren vorne, Abstandstempomat, Totwinkel-Assistent, Spurhalteassistent, Fahrerairbag, Lederlenkrad, Navigationssystem, Seitenairbag;€ 15.680,-;Sehr guter Preis;16.504 km;Schaltgetriebe;01/2024;Benzin;74 kW (101 PS);5,2 l/100 km;113 g/km
Nissan;Qashqai;N-Connecta DCT AHK*NAVI*KAMERA*WINTERPAK;Anhängerkupplung, Navigationssystem, Verkehrszeichenerkennung, Ambientebeleuchtung, Beheizbare Frontscheibe, Beifahrerairbag, Katalysator, Sitzheizung;€ 16.990,-;Sehr guter Preis;76.193 km;Automatik;04/2019;Benzin;117 kW (159 PS);nan;nan
MG;ZS;1.5 VTI-tech Comfort **Klima;Nebelscheinwerfer, Alufelgen, Regensensor, Tempomat, Pannenkit, Beifahrerairbag, Dachreling, Spurhalteassistent;€ 13.988,-;Sehr guter Preis;22.252 km;Schaltgetriebe;12/2023;Benzin;78 kW (106 PS);6,6 l/100 km;149 g/km
Citroen;C5 Aircross;2.0 BlueHDi 180 Feel PANORAMA;Freisprecheinrichtung, Schaltwippen, Einparkhilfe Kamera, Totwinkel-Assistent, Lichtsensor, Regensensor, Getönte Scheiben, Spurhalteassistent;€ 17.490,-;Sehr guter Preis;76.278 km;Automatik;01/2019;Diesel;132 kW (179 PS);4,8 l/100 km;126 g/km
Opel;Corsa;1.2  Kamera LHZ Allwetter PDC SHZ;Klimaautomatik, Sitzheizung, Einparkhilfe Kamera, Einparkhilfe Sensoren vorne, Alufelgen, Beheizbares Lenkrad, Totwinkel-Assistent, Sprachsteuerung;€ 13.990,-;Sehr guter Preis;20.274 km;Schaltgetriebe;04/2022;Benzin;74 kW (101 PS);5,5 l/100 km;124 g/km
BMW;118;i Advantage Aut. *LED*NAVI*PDC*TEMPOMAT*;LED-Scheinwerfer, Navigationssystem, Sitzheizung, Sprachsteuerung, LED-Tagfahrlicht, 2-Zonen-Klimaautomatik, Einparkhilfe Sensoren hinten, Reifendruckkontrollsystem;€ 11.799,-;Sehr guter Preis;139.056 km;Automatik;02/2017;Benzin;100 kW (136 PS);5,1 l/100 km;119 g/km
Peugeot;308;SW 1.5 Aut Activ NAV+SHZ+PDC+TEM+SERVICE NEU;Sitzheizung, Navigationssystem, Freisprecheinrichtung, 2-Zonen-Klimaautomatik, Getönte Scheiben, Beifahrerairbag, Apple CarPlay, Geschwindigkeits-begrenzungsanlage;€ 8.950,-;Guter Preis;143.898 km;Automatik;08/2019;Benzin;96 kW (131 PS);nan;nan
Dacia;Sandero;0.9 TCe Stepway Anniversary*TEMPO*NAVI*CAM*PDC*;❗Service Historie und Gebrauchtspureninfos auf Anruf;€ 11.330,-;Sehr guter Preis;15.349 km;Schaltgetriebe;04/2020;Benzin;66 kW (90 PS);5,3 l/100 km;148 g/km
Mercedes-Benz;GLE 43 AMG;4M*9G*LED*PANO*360*NAVI*TOTW*DISTR+;360° Kamera, Sportpaket, Elektrische Heckklappe, ESP, Abstandstempomat, Luftfederung, Sportfahrwerk, Kurvenlicht;€ 33.900,-;nan;132.900 km;Automatik;08/2017;Benzin;287 kW (390 PS);9,4 l/100 km;215 g/km
Mercedes-Benz;E 300;de Avantg. PANO+STNDHZ+360°+LED+COMAND+ACC+;Panoramadach, Standheizung, 360° Kamera, Schiebedach, Schlüssellose Zentralverriegelung, Ambientebeleuchtung, Apple CarPlay, Abstandstempomat;€ 22.750,-;Sehr guter Preis;119.412 km;Automatik;12/2019;Diesel;225 kW (306 PS);nan;nan
Volkswagen;Golf;VII GTE NAVI KAMERA LED;Sportpaket, Sportsitze, Abstandstempomat, Reifendruckkontrollsystem, Einparkhilfe Kamera, Sitzheizung, MP3, LED-Scheinwerfer; ;nan;nan;nan;nan;nan;nan;nan;nan
Ford;Ranger;3.2 TDCI DoKa 4x4 Limited Navi Leder Rfk Offroad P;Einparkhilfe Kamera, USB, Elektrische Sitze, Lordosenstütze, Einparkhilfe Sensoren vorne, Einparkhilfe Sensoren hinten, Touchscreen, Allrad;€ 19.900,-;Sehr guter Preis;166.300 km;Automatik;12/2017;Diesel;147 kW (200 PS);8,8 l/100 km;231 g/km
BMW;540;i Sport Line;Finanzierung auch ohne Anzahlung möglich;€ 25.900,-;Sehr guter Preis;128.330 km;Automatik;06/2018;Benzin;250 kW (340 PS);6,5 l/100 km;149 g/km
Opel;Corsa;F 1.2 Edition;Einparkhilfe Sensoren hinten, Sitzheizung, Beheizbares Lenkrad, Katalysator, Lederlenkrad, Isofix, Spurhalteassistent, Fahrerairbag;€ 11.450,-;Sehr guter Preis;23.150 km;Schaltgetriebe;07/2021;Benzin;55 kW (75 PS);nan;nan
Volkswagen;T-Roc;Sport 1.5 TSI SHZ NAVI KAM PDC;Elektrische Heckklappe, Einparkhilfe Kamera, Sportfahrwerk, Sportsitze, Lordosenstütze, Sitzheizung, Navigationssystem, E10-geeignet;€ 17.999,-;Sehr guter Preis;68.900 km;Schaltgetriebe;07/2018;Benzin;110 kW (150 PS);5,3 l/100 km;120 g/km
Volkswagen;Polo;Trendline 1,0 l 48 kW (65 PS) 5-Gang;Alle Fahrzeuge mit mind. 12 Monaten VW/AUDI-Garantie;€ 9.800,-;nan;100.400 km;Schaltgetriebe;12/2017;Benzin;48 kW (65 PS);nan;nan
Land Rover;Range Rover Evoque;2.0 Td4 NAVI KAMERA CCR;Seit 1963 Ihr KFZ-Meisterbetrieb in Mainz Bretzenheim;€ 15.990,-;Guter Preis;144.072 km;Schaltgetriebe;01/2017;Diesel;110 kW (150 PS);5,1 l/100 km;134 g/km
Fiat;Tipo;Lounge;Dachreling, Alufelgen, Anhängerkupplung, Apple CarPlay, Nebelscheinwerfer, Einparkhilfe Kamera, Klimaautomatik, Touchscreen;€ 10.950,-;Guter Preis;71.000 km;Schaltgetriebe;09/2018;Benzin;70 kW (95 PS);5,7 l/100 km;132 g/km
Skoda;Kamiq;1.0 TGI Style-LED-Apps-Spur-SHZ-PDC-LED-;Dachreling, Sitzheizung, Alufelgen, 2-Zonen-Klimaautomatik, Einparkhilfe Sensoren hinten, Beifahrerairbag, Tempomat, Regensensor;€ 13.300,-;Sehr guter Preis;56.800 km;Schaltgetriebe;02/2021;Erdgas (CNG);66 kW (90 PS);nan;nan
BMW;X5 M;/360*/HUD/B&O/PANO/APPLE/NACHTSICHT/TTW/R21;Nachtsicht-Assistent, 360° Kamera, Start/Stop-Automatik, 4-Zonen-Klimaautomatik, Luftfederung, Beifahrerairbag, Soundsystem, Induktionsladen für Smartphones;€ 44.900,-;Sehr guter Preis;77.706 km;Automatik;06/2018;Benzin;423 kW (575 PS);nan;nan
Subaru;Forester;2.0 Sport Diesel AHK;Allrad, Anhängerkupplung, Elektrische Heckklappe, Touchscreen, Schaltwippen, Nebelscheinwerfer, Einparkhilfe Kamera, Sommerreifen;€ 16.900,-;Sehr guter Preis;104.915 km;Automatik;04/2017;Diesel;108 kW (147 PS);nan;nan
Skoda;Superb;Combi 1.6TDI DSG Leder/Navi/Kamera/BI-Xenon;Einparkhilfe Kamera, 2-Zonen-Klimaautomatik, Alufelgen, Sitzheizung, MP3, Elektrische Seitenspiegel, Seitenairbag, Dachreling;€ 13.910,-;Sehr guter Preis;157.000 km;Automatik;12/2018;Diesel;88 kW (120 PS);nan;nan
Audi;A5;SB S-LINE *MATRIX *ST-HZG *KAMERA *MASSAGE;Sportfahrwerk, Sportpaket, 3-Zonen-Klimaautomatik, Einparkhilfe Kamera, LED-Scheinwerfer, Sportsitze, Sitzheizung, Getönte Scheiben;€ 23.799,-;Guter Preis;121.999 km;Automatik;04/2017;Diesel;140 kW (190 PS);4,2 l/100 km;109 g/km
Renault;Kadjar;Energy TCe 165 Crossborder;LED-Scheinwerfer, Sitzheizung, Elektrische Sitze, Abstandstempomat, Sommerreifen, Beifahrerairbag, Navigationssystem, Winterpaket;€ 13.980,-;Sehr guter Preis;77.279 km;Schaltgetriebe;09/2017;Benzin;120 kW (163 PS);nan;nan
Mercedes-Benz;C 220;d T 9G-TRONIC Avantgarde RFK*SPURHALTE;Ambientebeleuchtung, Sportsitze, Sprachsteuerung, Schiebedach, Apple CarPlay, Soundsystem, Totwinkel-Assistent, Sitzheizung;€ 18.900,-;Sehr guter Preis;166.941 km;Automatik;06/2019;Diesel;143 kW (194 PS);4,5 l/100 km;nan
BMW;X3;xDr 20d Aut. Advant NAVI+LED+SHZ+HEAD+KAMER+M;Einparkhilfe Kamera, Ambientebeleuchtung, W-Lan / Wifi Hotspot, Allrad, Schlüssellose Zentralverriegelung, 3-Zonen-Klimaautomatik, Elektrische Seitenspiegel, Head-up display;€ 23.750,-;Sehr guter Preis;122.240 km;Automatik;08/2019;Diesel;140 kW (190 PS);5,3 l/100 km;139 g/km
Renault;Espace;V Vollausstattung, 7 Sitzer, Head up, Sitzbelüftun;Inzahlungnahme, Finanzierung ohne Anzahlung, Top Preise;€ 17.890,-;Sehr guter Preis;130.000 km;Automatik;11/2018;Diesel;118 kW (160 PS);4,7 l/100 km;125 g/km
BMW;530;e HeadUp/20zoll/ACC/LED/360°-Kamera/Glasdach;Sportfahrwerk, Head-up display, 360° Kamera, Einparkhilfe Kamera, Schiebedach, Totwinkel-Assistent, Sitzheizung, Apple CarPlay; ;nan;nan;nan;nan;nan;nan;nan;nan
Mitsubishi;Space Star;Edition 100+ / incl. Winterkompletträder;Sitzheizung, Regensensor, Alufelgen, Klimaanlage, Radio, Start/Stop-Automatik, Servolenkung, DAB-Radio;€ 10.490,-;Sehr guter Preis;32.600 km;Automatik;03/2018;Benzin;59 kW (80 PS);4,3 l/100 km;99 g/km
Jaguar;XF;30t R-Sport AWD Navi Leder ACC 2-Zonen-Klimaauto.;Sitzheizung, Spoiler, Spurhalteassistent, Elektronische Parkbremse, Katalysator, Fahrerairbag, Einparkhilfe Kamera, Regensensor;€ 18.650,-;Sehr guter Preis;133.200 km;Automatik;09/2018;Benzin;221 kW (300 PS);7,5 l/100 km;171 g/km
Opel;Corsa;Color Edition 5-Türer 1.4 66 kW (90 PS) Eu;Einparkhilfe Sensoren hinten, Alufelgen, Sitzheizung, Klimaautomatik, Regensensor, Beheizbares Lenkrad, Nebelscheinwerfer, Traktionskontrolle;€ 11.950,-;Sehr guter Preis;35.500 km;Automatik;09/2018;Benzin;66 kW (90 PS);nan;nan
Volkswagen;Golf Variant;1.5 TSI ACT OPF DSG Comfortline;Beifahrerairbag, Sitzheizung, Einparkhilfe Sensoren vorne, Touchscreen, Schaltwippen, Getönte Scheiben, Sommerreifen, Alufelgen;€ 12.450,-;Sehr guter Preis;147.125 km;Automatik;02/2020;Benzin;110 kW (150 PS);5,9 l/100 km;143 g/km
Hyundai;KONA;1.6 CRDi DCT Style;Schiebedach, Sitzheizung, Alufelgen, Spurhalteassistent, Navigationssystem, Einparkhilfe Kamera, Android Auto, Induktionsladen für Smartphones;€ 14.690,-;Sehr guter Preis;109.000 km;Automatik;07/2019;Diesel;100 kW (136 PS);nan;141 g/km
Mercedes-Benz;GLC 250;4Matic 9G-Tronic 360° LED Distronic MBUX;Werkstatt geprüft;€ 29.990,-;Sehr guter Preis;38.470 km;Automatik;09/2018;Benzin;155 kW (211 PS);7,5 l/100 km;nan
Volkswagen;Golf;1.6 TDI SCR Comfortline;Alufelgen, Getönte Scheiben, Einparkhilfe Sensoren vorne, Apple CarPlay, Abstandstempomat, DAB-Radio, Bluetooth, Einparkhilfe Sensoren hinten;€ 13.900,-;Guter Preis;104.468 km;Schaltgetriebe;07/2019;Diesel;85 kW (116 PS);4,1 l/100 km;130 g/km
BMW;320;d Sport Line*AHK*LASER*KAMERA*8.FACH*AMBIENTE;Einparkhilfe Kamera, Sportpaket, Sportsitze, Apple CarPlay, Volldigitales Kombiinstrument, Ambientebeleuchtung, Laserlicht, Getönte Scheiben;€ 18.700,-;Guter Preis;194.000 km;Automatik;07/2021;Diesel;140 kW (190 PS);4,2 l/100 km;109 g/km
Opel;Mokka X;ACTIVE --NAVI-AHK-LED--;Sitzheizung, Anhängerkupplung, E10-geeignet, 2-Zonen-Klimaautomatik, Navigationssystem, Apple CarPlay, Einparkhilfe Kamera, Dachreling;€ 13.490,-;Sehr guter Preis;42.567 km;Schaltgetriebe;08/2018;Benzin;103 kW (140 PS);nan;0 g/km
Skoda;Kodiaq;2.0 TDI STYLE 4x4 Pano e-Sitze Family;Skoda Kodiaq 2.0 TDi 140kW 4x4 STYLE mit EZ 04.07.;€ 23.860,-;Fairer Preis;133.534 km;Automatik;07/2018;Diesel;140 kW (190 PS);nan;nan
Opel;Astra;Sports Tourer*GS Line*LED*SHZ*PDC*Thermatec*uvm.;Spurhalteassistent, E10-geeignet, Sitzheizung, Beheizbares Lenkrad, Alufelgen, Einparkhilfe Kamera, Regensensor, Verkehrszeichenerkennung;€ 14.980,-;Sehr guter Preis;37.064 km;Schaltgetriebe;01/2020;Benzin;107 kW (145 PS);4,5 l/100 km;102 g/km
Volkswagen;Golf;Variant Allstar*PDC*Tempomat*Sitzheizung;Sitzheizung, Sportpaket, 2-Zonen-Klimaautomatik, Navigationssystem, Sportsitze, Einparkhilfe Sensoren vorne, Alufelgen, Einparkhilfe Sensoren hinten;€ 13.870,-;Sehr guter Preis;89.798 km;Automatik;02/2017;Benzin;81 kW (110 PS);nan;nan
Opel;Crossland X;Opel Crossland X 1.2 Turbo Edition*Klima*;Einparkhilfe Sensoren vorne, Sitzheizung, Alufelgen, Katalysator, Tempomat, Traktionskontrolle, Seitenairbag, Bluetooth;€ 12.750,-;Guter Preis;33.330 km;Schaltgetriebe;11/2018;Benzin;81 kW (110 PS);nan;nan
SEAT;Ibiza;Style EcoTSI Tempomat Bluetooth Aux-In USB Tel.-Vo;Klimaautomatik, Multifunktionslenkrad, Katalysator, Seitenairbag, Tempomat, Reifendruckkontrollsystem, Nebelscheinwerfer, Pannenkit;€ 7.500,-;Sehr guter Preis;133.482 km;Schaltgetriebe;02/2017;Benzin;81 kW (110 PS);nan;nan
Opel;Insignia;ST OPC UNLIMITED 2.8 V6 4x4, AHK, Pano, BOSE, ACC;Innenspiegel automatisch abblendend, Tempomat, Sportfahrwerk, Apple CarPlay, Klimaanlage, Sommerreifen, Panoramadach, Touchscreen;€ 14.980,-;Sehr guter Preis;127.600 km;Automatik;01/2017;Benzin;239 kW (325 PS);11,0 l/100 km;253 g/km
SEAT;Ibiza;Style EcoTSI Tempomat Bluetooth Aux-In USB Tel.-Vo;Klimaautomatik, Multifunktionslenkrad, Katalysator, Seitenairbag, Tempomat, Reifendruckkontrollsystem, Nebelscheinwerfer, Pannenkit;€ 7.500,-;Sehr guter Preis;133.482 km;Schaltgetriebe;02/2017;Benzin;81 kW (110 PS);nan;nan
Volkswagen;Arteon;"Eleg TDI DSG 4-m Standh Assist AHK SD 19""";Finanzierung ohne Anzahlung bis 96 Monate Laufzeit;€ 24.990,-;Sehr guter Preis;119.500 km;Automatik;10/2017;Diesel;176 kW (239 PS);5,9 l/100 km;152 g/km
BMW;X1;sDrive 18i Advantage LED SHZ Klimaa. AHK Kamera;Anhängerkupplung, 2-Zonen-Klimaautomatik, Dachreling, Navigationssystem, MP3, Sommerreifen, Einparkhilfe Kamera, LED-Scheinwerfer;€ 20.980,-;Sehr guter Preis;40.400 km;Automatik;03/2018;Benzin;103 kW (140 PS);7,2 l/100 km;158 g/km
Hyundai;i20;1.0 T-GDI Passion   Apple CarPlay   Kamera;Alufelgen, Touchscreen, Navigationssystem, Elektrische Seitenspiegel, Sitzheizung, Pannenkit, Airbag hinten, Sommerreifen;€ 10.950,-;Sehr guter Preis;55.305 km;Schaltgetriebe;04/2018;Benzin;74 kW (101 PS);4,4 l/100 km;102 g/km
Peugeot;2008;1.2PureTech Allure+TEMPO+KAMERA+PANO+LEDER;MP3, Einparkhilfe Kamera, Einparkhilfe Sensoren vorne, Lichtsensor, Panoramadach, Dachreling, Ambientebeleuchtung, 2-Zonen-Klimaautomatik;€ 11.750,-;Sehr guter Preis;62.200 km;Schaltgetriebe;05/2018;Benzin;96 kW (131 PS);nan;nan
Peugeot;308;1.5BHDi Kombi Active+NAVI+CARPLAY+KAMERA+AHK;Anhängerkupplung, Einparkhilfe Kamera, Fahrerairbag, Klimaanlage, Regensensor, Alufelgen, Sitzheizung, Touchscreen;€ 10.950,-;Sehr guter Preis;73.000 km;Schaltgetriebe;03/2019;Diesel;96 kW (131 PS);nan;nan
Renault;Kangoo;1.5 dCi 110 FAP Rapid Maxi Extra Combi;Schiebetür links, Einparkhilfe Kamera, Klimaanlage, Bluetooth, Regensensor, Navigationssystem, Reserverad, CD;€ 12.999,-;Sehr guter Preis;65.805 km;Schaltgetriebe;01/2019;Diesel;81 kW (110 PS);4,5 l/100 km;119 g/km
MINI;Cooper;Cooper    Sitzheizung   Parkpilot  Dach in schwarz;Alufelgen, Sitzheizung, Regensensor, Lichtsensor, Elektrische Seitenspiegel, Ambientebeleuchtung, USB, Armlehne;€ 12.300,-;Sehr guter Preis;95.300 km;Schaltgetriebe;06/2019;Benzin;100 kW (136 PS);5,2 l/100 km;119 g/km
Citroen;Berlingo;1.2 PureTech 110 Feel M;Klimaautomatik, Sitzheizung, Navigation, PDC;€ 15.890,-;Sehr guter Preis;60.366 km;Schaltgetriebe;08/2019;Benzin;81 kW (110 PS);nan;nan
Volkswagen;Tiguan;2.0TDI DSG Highline R-LINE LED PANO AHK;Auto kauft man mit Vertrauen u Garantie;€ 29.440,-;Fairer Preis;81.348 km;Automatik;05/2018;Diesel;176 kW (239 PS);nan;nan
Skoda;Octavia;1,6 TDI Nur an Händler u. Gewerbe;Beifahrerairbag, Fahrerairbag, Sitzheizung, Dachreling, ABS, Navigationssystem, Bordcomputer, Freisprecheinrichtung;€ 11.800,-;Sehr guter Preis;96.000 km;Schaltgetriebe;09/2017;Diesel;85 kW (116 PS);nan;nan
BMW;320;"d Tou Aut. Luxury Line SHADOW+LASER+AHK+M18""";Sportfahrwerk, 3-Zonen-Klimaautomatik, Ambientebeleuchtung, Sportpaket, Android Auto, Apple CarPlay, Volldigitales Kombiinstrument, Anhängerkupplung;€ 21.250,-;Sehr guter Preis;125.000 km;Automatik;10/2020;Diesel;140 kW (190 PS);4,2 l/100 km;109 g/km
Audi;A4;Av. 1.4 TFSI Sport S LINE+VIRTU+LEDER+AHK+LED;Sportfahrwerk, 3-Zonen-Klimaautomatik, Volldigitales Kombiinstrument, Sportsitze, LED-Scheinwerfer, Sportpaket, Schaltwippen, Sitzheizung;€ 16.950,-;Sehr guter Preis;121.590 km;Automatik;09/2018;Benzin;110 kW (150 PS);nan;nan
Opel;Mokka;Edition Sitz&Lenkradhzg+PDC+Klimaauto+Navi;Sitzheizung, Navigationssystem, E10-geeignet, 2-Zonen-Klimaautomatik, Apple CarPlay, Sommerreifen, Beheizbares Lenkrad, Touchscreen;€ 9.880,-;Sehr guter Preis;115.613 km;Schaltgetriebe;01/2017;Benzin;103 kW (140 PS);6,0 l/100 km;142 g/km
Ford;Focus;Turnier Business, SHZ, PDC, Kamera, Navi;Sitzheizung, Einparkhilfe Sensoren vorne, Apple CarPlay, Notbremsassistent, Ambientebeleuchtung, Beheizbare Frontscheibe, Einparkhilfe Kamera, Alufelgen;€ 9.980,-;Sehr guter Preis;81.700 km;Schaltgetriebe;06/2017;Benzin;92 kW (125 PS);nan;nan
BMW;X2;sDrive 18d Advantage|LED|NAV|ParkAssist|Alarm;LED-Scheinwerfer, DAB-Radio, ESP, Navigationssystem, Einparkhilfe Sensoren vorne, Beifahrerairbag, Notbremsassistent, Verkehrszeichenerkennung;€ 22.440,-;Sehr guter Preis;35.345 km;Automatik;06/2019;Diesel;110 kW (150 PS);nan;nan
Hyundai;i20;Select;Sitzheizung, Einparkhilfe Kamera, Navigationssystem, Alufelgen, Touchscreen, Beheizbares Lenkrad, Elektr. Fensterheber, teilb. Rücksitzbank;€ 13.990,-;Sehr guter Preis;36.400 km;Schaltgetriebe;12/2021;Benzin;74 kW (101 PS);5,6 l/100 km;127 g/km
Skoda;Karoq;Navi,Winterpaket,Tempomat,AHK,R.Kamera;Anhängerkupplung, Beheizbares Lenkrad, Beifahrerairbag, Alufelgen, Elektrische Heckklappe, Armlehne, Navigationssystem, Beheizbare Frontscheibe;€ 17.900,-;Sehr guter Preis;96.000 km;Automatik;08/2019;Diesel;85 kW (116 PS);nan;nan
Opel;Grandland X;Selection;Verkehrszeichenerkennung, Elektronische Parkbremse, USB, Reifendruckkontrollsystem, E10-geeignet, Freisprecheinrichtung, Berganfahrassistent, Zentralverriegelung;€ 11.990,-;Sehr guter Preis;88.000 km;Schaltgetriebe;02/2018;Benzin;96 kW (131 PS);5,4 l/100 km;124 g/km
Mercedes-Benz;GLC 220;d 4M Exclus LEDER+NAVI+LED+SHZ+KAMER+ACC+;Notbremsassistent, Sportfahrwerk, Sportpaket, Allrad, Beifahrerairbag, Elektrische Sitze, Einparkhilfe Kamera, Apple CarPlay;€ 26.250,-;Sehr guter Preis;167.207 km;Automatik;06/2020;Diesel;143 kW (194 PS);5,2 l/100 km;137 g/km
Ford;EcoSport;Titanium *Winter-Pkt*Klimaauto*GJR*;Einparkhilfe Kamera, E10-geeignet, Sitzheizung, Totwinkel-Assistent, Lordosenstütze, Dachreling, Einparkhilfe Sensoren vorne, Alufelgen;€ 14.673,-;Sehr guter Preis;31.666 km;Schaltgetriebe;12/2020;Benzin;92 kW (125 PS);6,2 l/100 km;142 g/km
Audi;Q5;50 TFSIe quattro sport Klima Navi Rückfahrkamera;360° Kamera, Volldigitales Kombiinstrument, Sportpaket, Sportsitze, LED-Scheinwerfer, Soundsystem, 3-Zonen-Klimaautomatik, Beifahrerairbag; ;nan;nan;nan;nan;nan;nan;nan;nan
Audi;A5;Sportback 45 TDI quattro S-Line;Sportfahrwerk, Elektrische Heckklappe, Sportsitze, Einparkhilfe Kamera, Allrad, Sportpaket, Spoiler, Verkehrszeichenerkennung;€ 27.990,-;Sehr guter Preis;117.560 km;Automatik;08/2020;Diesel;170 kW (231 PS);5,4 l/100 km;nan
Kia;Stonic;1.2 Edition 7 Emotion 1. Hand  Carplay Tempomat PD;Pannenkit, Beheizbares Lenkrad, Alufelgen, Elektrische Seitenspiegel, Einparkhilfe Sensoren hinten, Apple CarPlay, Sitzheizung, Touchscreen;€ 9.777,-;Guter Preis;110.290 km;Schaltgetriebe;12/2017;Benzin;62 kW (84 PS);nan;nan
Mazda;CX-3;2.0 16V KAT Automatik AZV Navi;Allrad, Klimaautomatik, Head-up display, Sitzheizung, Navigationssystem, LED-Scheinwerfer, E10-geeignet, MP3;€ 14.690,-;Sehr guter Preis;111.120 km;Automatik;03/2018;Benzin;110 kW (150 PS);6,3 l/100 km;146 g/km
Opel;Grandland X;INNOVATION 1.2 Turbo Winterpaket mit beheizbarer F;Totwinkel-Assistent, Sitzheizung, MP3, Dachreling, Alufelgen, Beheizbares Lenkrad, Berganfahrassistent, Verkehrszeichenerkennung;€ 16.990,-;Fairer Preis;45.000 km;Schaltgetriebe;04/2018;Benzin;96 kW (131 PS);6,8 l/100 km;159 g/km
Mazda;6;Kom 2.2d Aut Exclusive-Line MATRIX+NAV+KAM+ACC;LED-Scheinwerfer, Apple CarPlay, Einparkhilfe Kamera, ABS, Einparkhilfe Sensoren vorne, Sitzheizung, DAB-Radio, Beheizbares Lenkrad;€ 15.750,-;Sehr guter Preis;120.000 km;Automatik;07/2020;Diesel;110 kW (150 PS);5,1 l/100 km;134 g/km
SEAT;Arona;FR;LED-Scheinwerfer, Sportsitze, Reifendruckkontrollsystem, Navigationssystem, Schlüssellose Zentralverriegelung, Dachreling, Einparkhilfe Kamera, Sitzheizung;€ 15.950,-;Sehr guter Preis;50.896 km;Schaltgetriebe;03/2021;Benzin;81 kW (110 PS);nan;nan
Mercedes-Benz;CLA 200;d aAHK/Voll-LED/Navi/Kamera;Sportsitze, Einparkhilfe Kamera, LED-Scheinwerfer, Sitzheizung, Navigationssystem, Alufelgen, Voll-LED Scheinwerfer, Einparkhilfe Sensoren vorne;€ 18.910,-;Guter Preis;91.100 km;Schaltgetriebe;09/2017;Diesel;100 kW (136 PS);nan;nan
Ford;Ranger;2.2 TDC  XLT Extrakabine 4x4;Alufelgen, Anhängerkupplung, Beifahrerairbag, Allrad, Freisprecheinrichtung, Nebelscheinwerfer, Traktionskontrolle, Lichtsensor;€ 18.900,-;nan;19.143 km;Schaltgetriebe;06/2019;Diesel;118 kW (160 PS);7,0 l/100 km;184 g/km
Audi;Q7;3.0 TDI quattro *7SITZER*2.HAND*BI-XENON*AHK*;Soundsystem, Bluetooth, Sitzheizung, Getönte Scheiben, Sportsitze, Schaltwippen, Lederlenkrad, Anhängerkupplung;€ 24.399,-;Fairer Preis;280.671 km;Automatik;03/2017;Diesel;200 kW (272 PS);6,2 l/100 km;163 g/km
Honda;Civic;Dynamic Limited Edition ACC Spurhalte Kamera Leder;Fahrerairbag, Navigationssystem, Touchscreen, 2-Zonen-Klimaautomatik, Einparkhilfe Kamera, Einparkhilfe Sensoren vorne, Spurhalteassistent, Alufelgen;€ 14.490,-;Sehr guter Preis;92.425 km;Schaltgetriebe;08/2019;Benzin;93 kW (126 PS);nan;nan
Kia;Picanto;1.2 Aut. GT-Line *Navi*Kamera*App*;Navigationssystem, Sportsitze, Sportfahrwerk, Sitzheizung, Alufelgen, Einparkhilfe Kamera, LED-Tagfahrlicht, Induktionsladen für Smartphones;€ 13.880,-;Guter Preis;21.008 km;Automatik;04/2017;Benzin;62 kW (84 PS);nan;124 g/km
Volkswagen;Polo;1.2 TSI Comfortline BMT*PDC*KLIMA*;❗Service Historie und Gebrauchtspureninfos auf Anruf;€ 10.740,-;Sehr guter Preis;36.531 km;Schaltgetriebe;01/2017;Benzin;66 kW (90 PS);4,7 l/100 km;107 g/km
Kia;XCeed;JBL Sound Edition 1.4 T-GDI*LED*NAV*Kamera*SHZ*;Knubel - Versprochen ist versprochen.;€ 16.735,-;nan;41.088 km;Schaltgetriebe;06/2020;Benzin;103 kW (140 PS);6,6 l/100 km;150 g/km
Citroen;C4 Cactus;Feel KLIMAA  BLUETH  ALU;Regensensor, Klimaautomatik, Bluetooth, Dachreling, Alufelgen, E10-geeignet, Sitzheizung, Beifahrerairbag;€ 11.999,-;Sehr guter Preis;44.950 km;Schaltgetriebe;01/2019;Benzin;81 kW (110 PS);4,5 l/100 km;104 g/km
Volkswagen;Golf;VII Comf. 1.6 TDI 1.Hd*Navi*ACC*PDC*AHK;Apple CarPlay, MP3, Alufelgen, Einparkhilfe Sensoren vorne, Lordosenstütze, LED-Tagfahrlicht, Abstandstempomat, Pannenkit;€ 11.990,-;Guter Preis;146.000 km;Schaltgetriebe;11/2017;Diesel;85 kW (116 PS);nan;nan
Citroen;C4 Cactus;PureTech 110 EAT6 Shine SHZ GJR Grip-Control Drive;Einparkhilfe Kamera, Sitzheizung, Android Auto, Regensensor, Klimaautomatik, Fahrerairbag, Alufelgen, Touchscreen;€ 12.490,-;Sehr guter Preis;81.500 km;Automatik;01/2019;Benzin;81 kW (110 PS);6,7 l/100 km;150 g/km
Skoda;Karoq;Style Navi Columbus Pano 110 kW (150 PS), Autom...;Verkehrszeichenerkennung, Navigationssystem, Panoramadach, Schiebedach, Sitzheizung, Sprachsteuerung, Bluetooth, Apple CarPlay;€ 18.690,-;Guter Preis;88.980 km;Automatik;11/2017;Benzin;110 kW (150 PS);nan;nan
Mercedes-Benz;GLC 250;d AMG Line 4Matic;Beifahrerairbag, Schiebedach, Sportfahrwerk, Sitzheizung, Sprachsteuerung, Soundsystem, Allrad, Elektrische Heckklappe;€ 21.990,-;Sehr guter Preis;179.181 km;Automatik;05/2018;Diesel;150 kW (204 PS);nan;nan
Ford;Mustang;GT 5.0 SHELBY GT500 KAMEAR LEDER TOP;Alarmanlage, Sportpaket, Apple CarPlay, Beifahrerairbag, Soundsystem, W-Lan / Wifi Hotspot, Getönte Scheiben, Einparkhilfe Kamera;€ 33.999,-;Sehr guter Preis;63.609 km;Automatik;06/2017;Benzin;324 kW (441 PS);nan;nan
Ford;Kuga;KUGA ST-LINE 4X4 AUTO PANO SONY T-WINKEL LENK-HZ;Elektrische Heckklappe, Panoramadach, Elektrische Sitze, Sportpaket, Allrad, Einparkhilfe Kamera, Apple CarPlay, Spurhalteassistent;€ 16.990,-;Sehr guter Preis;76.602 km;Automatik;11/2018;Benzin;129 kW (175 PS);9,0 l/100 km;205 g/km
Mercedes-Benz;GLE 350;d 4Matic AMG Navi-ILS LED-Kamera-GSD-AHK;Sportpaket, Schiebedach, Sportsitze, Allrad, Alufelgen, Sportfahrwerk, Anhängerkupplung, Einparkhilfe Kamera;€ 37.750,-;Sehr guter Preis;98.500 km;Automatik;02/2018;Diesel;190 kW (258 PS);7,3 l/100 km;183 g/km
Mercedes-Benz;Vito;111 CDI FWD lang Bluetooth PDC AHK 9 Sitze;Auto kauft man mit Vertrauen u Garantie;€ 18.740,-;Hoher Preis;181.000 km;Schaltgetriebe;03/2017;Diesel;84 kW (114 PS);nan;nan
Volkswagen;Passat;Var.R-Line 2,0TDI aAHK/Voll-LED/Navi;Einparkhilfe Sensoren vorne, 3-Zonen-Klimaautomatik, Abstandstempomat, Anhängerkupplung, Sitzheizung, MP3, LED-Scheinwerfer, Bluetooth;€ 13.910,-;Fairer Preis;172.300 km;Schaltgetriebe;09/2018;Diesel;110 kW (150 PS);nan;nan
BMW;530;Limousine Aut. NAV+LED+SHZ+ACC+HiFi+EU6+2Hd;Elektrische Sitze, Soundsystem, Elektr. Fensterheber, Schlüssellose Zentralverriegelung, Abstandstempomat, Getönte Scheiben, Alufelgen, Beifahrerairbag;€ 23.989,-;Sehr guter Preis;144.750 km;Automatik;04/2017;Diesel;195 kW (265 PS);4,5 l/100 km;nan
Mazda;CX-5;SKYACTIV-G 194 AT AWD Sports-Line Technik-P.;!!! Jetzt zum Aktionspreis !!!;€ 22.475,-;Sehr guter Preis;47.355 km;Automatik;09/2018;Benzin;143 kW (194 PS);nan;nan
Mercedes-Benz;C 180;*AVANTGARDE*SCHIEBEDACH*SHZ*NAVI*AMBIENTE;Sportpaket, Schiebedach, Sitzheizung, Notbremsassistent, Fahrerairbag, Ambientebeleuchtung, Navigationssystem, LED-Scheinwerfer;€ 20.990,-;Sehr guter Preis;86.842 km;Automatik;09/2018;Benzin;115 kW (156 PS);nan;nan
BAIC;;210T LED+PDC+KLIMA+BLUETOOTH+EU6+1Hd;Lordosenstütze, Fahrerairbag, Elektronische Parkbremse, Alufelgen, LED-Scheinwerfer, Berganfahrassistent, Klimaanlage, LED-Tagfahrlicht;€ 16.449,-;Sehr guter Preis;3.750 km;Schaltgetriebe;10/2024;Benzin;100 kW (136 PS);nan;198 g/km
Dacia;Duster;II Comfort *NAVI-KLIMA-PDC-TEMPOMAT*;FINANZIERUNG 1088€ mtl. / ANKAUF / LIEFERUNG;€ 10.880,-;Sehr guter Preis;69.969 km;Schaltgetriebe;01/2019;Benzin;84 kW (114 PS);6,5 l/100 km;149 g/km
Skoda;Octavia;Ambition 1.5 Naturgas RFK TEMP APP KLIMA;Einparkhilfe Kamera, Einparkhilfe Sensoren hinten, Abstandstempomat, Isofix, Getönte Scheiben, Dachreling, Beifahrerairbag, Start/Stop-Automatik;€ 9.900,-;nan;211.222 km;Automatik;02/2021;Erdgas (CNG);96 kW (131 PS);nan;114 g/km
Volkswagen;Tiguan;Highline 2.0 TSI DSG 4Motion PANO AHK EL. HECKKL.;Anhängerkupplung, Allrad, 3-Zonen-Klimaautomatik, Head-up display, Sitzheizung, Gepäckraumabtrennung, Katalysator, LED-Scheinwerfer;€ 22.485,-;Sehr guter Preis;79.015 km;Automatik;12/2017;Benzin;132 kW (179 PS);nan;nan
Audi;A6;40 quattro HYBRID HUD*TopView*AHK*LED*Navi;Allrad, Head-up display, Fahrerairbag, Einparkhilfe Kamera, Elektrische Sitze, Anhängerkupplung, Sitzheizung, Navigationssystem;€ 25.750,-;Sehr guter Preis;112.357 km;Automatik;11/2020;Diesel;150 kW (204 PS);4,9 l/100 km;128 g/km
Renault;ZOE;41kwh Elektro Life*RFK*SHZ*Navi*;Sitzheizung, Isofix, Bluetooth, Alufelgen, Geschwindigkeits-begrenzungsanlage, Fahrerairbag, Einparkhilfe Sensoren hinten, Verkehrszeichenerkennung; ;nan;nan;nan;nan;Elektro;nan;nan;nan
Hyundai;i30;1.0 T-Gdi Select Klima Alu Allwetter;Alufelgen, Fahrerairbag, Spurhalteassistent, E10-geeignet, Beifahrerairbag, Tempomat, Pannenkit, Zentralverriegelung;€ 10.490,-;Sehr guter Preis;60.000 km;Schaltgetriebe;05/2018;Benzin;88 kW (120 PS);nan;nan
Opel;Mokka X;1.6 CDTI Automatik Navi Color Innovation;Einparkhilfe Kamera, Sommerreifen, Einparkhilfe Sensoren vorne, Sitzheizung, LED-Scheinwerfer, Alufelgen, Kurvenlicht, Navigationssystem;€ 10.880,-;Sehr guter Preis;101.266 km;Automatik;06/2017;Diesel;100 kW (136 PS);nan;nan
BMW;X2;sDrive18i (a Advantage DAB LED Navi Tempomat;LED-Scheinwerfer, Alufelgen, Navigationssystem, Dachreling, Bluetooth, Schlüssellose Zentralverriegelung, Anhängerkupplung, Elektrische Heckklappe;€ 18.990,-;Sehr guter Preis;97.700 km;Automatik;12/2020;Benzin;100 kW (136 PS);nan;nan
BMW;X3;xDrive20d Autom Advantage LED~LiveCockpit~HUD;Einparkhilfe Kamera, Ambientebeleuchtung, Schaltwippen, LED-Scheinwerfer, Head-up display, Volldigitales Kombiinstrument, Allrad, Apple CarPlay;€ 24.750,-;Sehr guter Preis;152.752 km;Automatik;12/2019;Diesel;140 kW (190 PS);5,4 l/100 km;141 g/km
Opel;Insignia;Sports Tourer 2.0 Diesel Edition;Nebelscheinwerfer, Multifunktionslenkrad, Touchscreen, USB, Start/Stop-Automatik, Pannenkit, Sprachsteuerung, Spurhalteassistent;€ 10.990,-;Sehr guter Preis;147.003 km;Schaltgetriebe;03/2018;Diesel;125 kW (170 PS);5,3 l/100 km;139 g/km
Audi;A4;Av 40 g-tron Advanced NAV+LED+SHZ+ACC+KAM+DAB;Elektrische Sitze, Navigationssystem, Ambientebeleuchtung, 3-Zonen-Klimaautomatik, Sitzheizung, Sportpaket, LED-Scheinwerfer, Multifunktionslenkrad;€ 21.450,-;nan;45.150 km;Automatik;12/2020;Benzin;125 kW (170 PS);nan;nan
Nissan;Qashqai;1.3 DIG-T Navi/LED/Pano/360`Kamera/8 Fach Alu;Navigationssystem, Anhängerkupplung, LED-Scheinwerfer, Soundsystem, Verkehrszeichenerkennung, Spurhalteassistent, Ambientebeleuchtung, LED-Tagfahrlicht;€ 16.410,-;Sehr guter Preis;77.785 km;Schaltgetriebe;08/2019;Benzin;117 kW (159 PS);nan;nan
Dacia;Duster;SCe 115 2WD Essential Standheizung;Klimaanlage, Nebelscheinwerfer, Standheizung, Zentralverriegelung, Bluetooth, USB, Wegfahrsperre, Freisprecheinrichtung;€ 9.990,-;Sehr guter Preis;88.638 km;Schaltgetriebe;07/2018;Benzin;84 kW (114 PS);6,6 l/100 km;149 g/km
Mercedes-Benz;GLA 250;GLA -Klasse GLA 250 e;"Ausgezeichnet mit "" Beste Autohändler 2024 """; ;nan;nan;nan;nan;nan;nan;nan;nan
Mercedes-Benz;C 300;9G Avantg WIDES+MULTIB+NAVI+SHZ+KAMER+PARK;Sportfahrwerk, Volldigitales Kombiinstrument, Ambientebeleuchtung, Sportsitze, Einparkhilfe Kamera, Sportpaket, Verkehrszeichenerkennung, LED-Scheinwerfer;€ 24.950,-;Sehr guter Preis;79.222 km;Automatik;06/2019;Benzin;190 kW (258 PS);6,0 l/100 km;136 g/km
Skoda;Yeti;Cool Edition 1.2 TSI DSG KLIMA +SHZ+PDC+NSW+ALLWET;Anhängerkupplung, Dachreling, Tempomat, Katalysator, Sitzheizung, Alufelgen, teilb. Rücksitzbank, Nebelscheinwerfer;€ 14.950,-;Sehr guter Preis;67.073 km;Automatik;01/2017;Benzin;81 kW (110 PS);nan;nan
Skoda;Octavia;2.0 TDI Style DSG Navi ViCo Pano LED ACC;Herr Hans Atzberger und die Premiumfahrzeuge in Bayern!;€ 12.900,-;Guter Preis;191.662 km;Automatik;12/2019;Diesel;110 kW (150 PS);nan;nan
Suzuki;Ignis;1.2 Bluetooth KLIMA LED;Auto kauft man mit Vertrauen u Garantie;€ 9.970,-;Sehr guter Preis;76.048 km;Schaltgetriebe;10/2020;Benzin;61 kW (83 PS);nan;nan
Hyundai;i30;1.0 Turbo 48V Trend Klimaaut. 17 Alu TOP;Lordosenstütze, Einparkhilfe Sensoren vorne, Einparkhilfe Kamera, Sitzheizung, Induktionsladen für Smartphones, 2-Zonen-Klimaautomatik, Alufelgen, Fernlichtassistent;€ 15.990,-;Sehr guter Preis;28.170 km;Schaltgetriebe;01/2022;Benzin;88 kW (120 PS);5,0 l/100 km;115 g/km
Mazda;CX-5;Exclusive-Line*LED*Parkpilot*SHZ*Navi*Kamera*uvm.;LED-Scheinwerfer, Beheizbares Lenkrad, Sitzheizung, E10-geeignet, Head-up display, Navigationssystem, Kurvenlicht, Lordosenstütze;€ 18.980,-;Guter Preis;59.986 km;Schaltgetriebe;11/2017;Benzin;121 kW (165 PS);6,4 l/100 km;149 g/km
Skoda;Superb;Combi 2.0 TDI DSG Ambition *NAVI*PDC*DAB*;Elektrische Sitze, Sitzheizung, Getönte Scheiben, Beifahrerairbag, 2-Zonen-Klimaautomatik, Induktionsladen für Smartphones, Freisprecheinrichtung, Apple CarPlay;€ 11.980,-;Sehr guter Preis;208.767 km;Automatik;06/2017;Diesel;140 kW (190 PS);4,6 l/100 km;119 g/km
Renault;Megane;TCe 140 GPF LIMITED KLIMAAUTOMATIK PDC SHZ;City Paket | Komfort Paket;€ 12.980,-;Sehr guter Preis;66.038 km;Schaltgetriebe;04/2019;Benzin;103 kW (140 PS);nan;148 g/km
Volkswagen;Polo;Comfortline 1.0 TSI NAVI AHK APS SITZHZG eFH ZV;Sitzheizung, Klimaautomatik, Seitenairbag, Navigationssystem, Einparkhilfe Sensoren hinten, Müdigkeitswarnsystem, Geschwindigkeits-begrenzungsanlage, Anhängerkupplung;€ 9.699,-;Sehr guter Preis;163.900 km;Schaltgetriebe;12/2020;Benzin;70 kW (95 PS);5,3 l/100 km;121 g/km
Volkswagen;Passat;2,0 TDI Highline BMT DSG Kamera/ACC/Navi;Sportpaket, Sportfahrwerk, 3-Zonen-Klimaautomatik, Sportsitze, Einparkhilfe Kamera, Sitzheizung, LED-Scheinwerfer, Regensensor;€ 19.890,-;Guter Preis;110.000 km;Automatik;06/2018;Diesel;110 kW (150 PS);nan;nan
Subaru;Forester;2.0D Automatik 4x4 Exclusive Motorschad;LED-Scheinwerfer, Schiebedach, Alufelgen, Sitzheizung, Allrad, W-Lan / Wifi Hotspot, ABS, Beifahrerairbag;€ 9.900,-;nan;131.000 km;Automatik;08/2017;Diesel;108 kW (147 PS);6,1 l/100 km;158 g/km
Peugeot;208;ACTIVE PACK LED+ALLWETTER+ALU+MIRROR+1.HAND+;TempomatEinparkhilfeSitzheizungRegWartung;€ 13.880,-;Guter Preis;13.900 km;Schaltgetriebe;12/2021;Benzin;55 kW (75 PS);4,1 l/100 km;94 g/km
Ford;S-Max;Titanium 2.0 TDCi Navi, elekt Heckklappe;Beheizbare Frontscheibe, Anhängerkupplung, Navigationssystem, Alufelgen, Elektrische Heckklappe, Spurhalteassistent, MP3, Beifahrerairbag;€ 18.890,-;Sehr guter Preis;61.950 km;Schaltgetriebe;11/2017;Diesel;110 kW (150 PS);nan;nan
Dacia;Sandero;II Essential/Klimaanlage/Allwetter/Radio;Klimaanlage, Elektr. Fensterheber, Bluetooth, E10-geeignet, Berganfahrassistent, Nebelscheinwerfer, Isofix, Beifahrerairbag;€ 7.400,-;Guter Preis;77.871 km;Schaltgetriebe;08/2018;Benzin;54 kW (73 PS);5,4 l/100 km;120 g/km
Kia;Ceed SW / cee'd SW;1.6 CRDi +Navi+Parksensoren+Sitzheizung;USB, Ambientebeleuchtung, Navigationssystem, Alufelgen, Einparkhilfe Kamera, Sitzheizung, Beheizbares Lenkrad, Pannenkit;€ 10.990,-;Sehr guter Preis;86.198 km;Schaltgetriebe;01/2017;Diesel;100 kW (136 PS);nan;nan
Opel;Mokka;1.2 Turbo GS Line;Navigationssystem, Nebelscheinwerfer, Abstandstempomat, Sitzheizung, Totwinkel-Assistent, Einparkhilfe Kamera, Android Auto, Induktionsladen für Smartphones;€ 16.200,-;Sehr guter Preis;57.100 km;Schaltgetriebe;07/2021;Benzin;96 kW (131 PS);nan;nan
Hyundai;KONA;EV Style Navi Carplay Tempomat Kamera Sitzheizung;Schiebedach, Sitzheizung, Abstandstempomat, LED-Scheinwerfer, Start/Stop-Automatik, Beheizbares Lenkrad, Alufelgen, Lordosenstütze; ;nan;nan;Automatik;nan;nan;nan;nan;nan
Ford;Focus;RS Blue & Black *Inspektion + TÜV neu*;Sportfahrwerk, Allrad, Sportsitze, Apple CarPlay, Soundsystem, Einparkhilfe Kamera, Navigationssystem, Getönte Scheiben;€ 21.990,-;Sehr guter Preis;177.300 km;Schaltgetriebe;04/2018;Benzin;257 kW (349 PS);7,7 l/100 km;175 g/km
Peugeot;Rifter;1.5 HDi 130 L2 Active AHK Standheizung PDC;Anhängerkupplung, Beifahrerairbag, Schiebetür rechts, Isofix, Getönte Scheiben, Wegfahrsperre, Standheizung, Bluetooth;€ 17.490,-;Sehr guter Preis;60.533 km;Schaltgetriebe;10/2019;Diesel;96 kW (131 PS);nan;nan
Skoda;Rapid/Spaceback;RAPID SPACEBACK COOL EDITION KLIMA+ALLWETTER+TÜV;Allwetterbereifung,Einparkhilfe,Isofix,Reg.Wartung;€ 9.480,-;Fairer Preis;108.400 km;Schaltgetriebe;12/2017;Benzin;70 kW (95 PS);4,4 l/100 km;101 g/km
Toyota;Yaris;1.5 Edition-S Hybrid KLIMA SHZ KAMERA;Alufelgen, Sitzheizung, Klimaautomatik, Elektr. Fensterheber, Spurhalteassistent, Katalysator, Touchscreen, Pannenkit; ;nan;nan;nan;nan;nan;nan;nan;nan
Mercedes-Benz;GLC 300;e AMG Coupe 20*Virtual*Burmest*360°*Mube;Sitzbelüftung, 360° Kamera, Sportpaket, Volldigitales Kombiinstrument, Allrad, Massagesitze, Head-up display, Soundsystem; ;nan;nan;nan;nan;nan;nan;nan;nan
Mercedes-Benz;GLE 350;GLE GLE 350 d 4Matic ILS Navi Comand Schiebedach;Auto kauft man mit Vertrauen u Garantie;€ 34.740,-;Sehr guter Preis;92.641 km;Automatik;01/2017;Diesel;190 kW (258 PS);nan;nan
Peugeot;208;1.2 PureTech 100 Rückfahrkamera mit 180°;Sitzheizung, Einparkhilfe Kamera, Android Auto, E10-geeignet, Beifahrerairbag, Armlehne, Schlüssellose Zentralverriegelung, Klimaautomatik;€ 13.990,-;Sehr guter Preis;45.262 km;Schaltgetriebe;02/2021;Benzin;74 kW (101 PS);nan;nan
Mazda;6;2.5 143kW Sports-Line Navi BOSE 19Zoll;Mazda 6 2.5 143kW aus 01.2019 mit 55749Km! BOSE Na;€ 22.790,-;Sehr guter Preis;55.749 km;Automatik;01/2019;Benzin;143 kW (194 PS);nan;nan
Ford;Focus;Turnier 2.0 EB Aut ST-LINE NAV+LED+AHK+B&O;Sportfahrwerk, Sommerreifen, Head-up display, Anhängerkupplung, Elektrische Sitze, Spurhalteassistent, Soundsystem, Apple CarPlay;€ 16.749,-;Sehr guter Preis;108.750 km;Automatik;11/2019;Diesel;110 kW (150 PS);4,2 l/100 km;nan
Audi;A5;SB 40d QUATTRO S Line Sport NAV+MATRIX+LEDER;Sportfahrwerk, Sportpaket, Allrad, Sportsitze, LED-Scheinwerfer, Navigationssystem, Schaltwippen, Elektrische Heckklappe;€ 25.950,-;Guter Preis;100.000 km;Automatik;07/2019;Diesel;140 kW (190 PS);5,2 l/100 km;138 g/km
Hyundai;TUCSON;"1.6i 4WD Aut 25 Ja PANO+NAV+KAM+LEDER+19""";Schiebedach, Reifendruckkontrollsystem, Allrad, Sportpaket, LED-Scheinwerfer, Anhängerkupplung, Navigationssystem, Beifahrerairbag;€ 14.950,-;Fairer Preis;154.886 km;Automatik;03/2017;Benzin;130 kW (177 PS);7,6 l/100 km;177 g/km
Mercedes-Benz;GLA 180;AMG Line Leder+Sitzhzg+LED+Navi+Keyless;Sportsitze, Sportpaket, Sitzheizung, Navigationssystem, Alufelgen, Elektrische Heckklappe, Dachreling, Ambientebeleuchtung;€ 21.998,-;Fairer Preis;52.891 km;Schaltgetriebe;01/2018;Benzin;90 kW (122 PS);nan;nan
