;Brand;Model;YearMonth;cleaned_Price;Price_Eval;Kilometer;Gear_Type;Fuel_Type;Consumption;CO2_g_km;Power_PS;Price_per_km;Fuel_Cost_per_100km;Annual_Fuel_Cost;CO2_per_year;CO2_Emission_Category
0;Ford;Focus;2019-06-01;7500.0;Sehr guter Preis;182091.0;Automatik;Diesel;4.7;122.0;120.0;0.041188197110236094;7.755;1435.25;2257.91;True
1;Peugeot;308;2012-05-01;2990.0;Sehr guter Preis;181249.0;Schaltgetriebe;Diesel;;;111.0;0.016496642740097878;;;;True
2;Jeep;Compass;2013-08-01;6500.0;Fairer Preis;166000.0;Schaltgetriebe;Diesel;6.6;175.0;163.0;0.0391566265060241;10.889999999999999;2015.46;3238.8;True
3;BMW;116;2010-05-01;4000.0;Sehr guter Preis;190000.0;Schaltgetriebe;Diesel;5.2;139.0;116.0;0.021052631578947368;8.58;1587.94;2572.54;True
4;Skoda;Octavia;2012-06-01;5999.0;Sehr guter Preis;125714.0;Schaltgetriebe;Benzin;6.3;148.0;122.0;0.047719426635060534;11.151;2063.77;2739.1;True
5;Audi;A4;2010-06-01;6700.0;Guter Preis;255000.0;Automatik;Diesel;6.5;170.0;190.0;0.02627450980392157;10.725;1984.92;3146.27;True
6;Nissan;NV200;2014-03-01;7990.0;Sehr guter Preis;154332.0;Schaltgetriebe;Diesel;5.5;146.0;110.0;0.05177150558536143;9.075;1679.55;2702.09;True
7;Volkswagen;Touran;2012-01-01;4990.0;Sehr guter Preis;183000.0;Schaltgetriebe;Benzin;6.8;159.0;140.0;0.02726775956284153;12.036;2227.56;2942.69;True
8;Hyundai;i20;2012-02-01;3890.0;Sehr guter Preis;148988.0;Schaltgetriebe;Benzin;4.9;114.0;86.0;0.026109485327677397;8.673;1605.15;2109.85;True
9;Audi;A3;2010-01-01;7999.0;Sehr guter Preis;152900.0;Schaltgetriebe;Diesel;5.1;135.0;140.0;0.052315238718116414;8.415;1557.4;2498.51;True
10;Volkswagen;Golf Variant;2011-04-01;4900.0;Sehr guter Preis;173382.0;Schaltgetriebe;Benzin;;;160.0;0.02826129586692967;;;;True
11;Ford;Ka/Ka+;2010-10-01;2990.0;Sehr guter Preis;108942.0;Schaltgetriebe;Benzin;5.1;121.0;69.0;0.027445796846028162;9.027;1670.67;2239.4;True
12;Volkswagen;Golf;2011-03-01;6300.0;Guter Preis;104930.0;Schaltgetriebe;Benzin;5.5;129.0;86.0;0.06004002668445631;9.735;1801.7;2387.46;True
13;Ford;C-Max;2013-09-01;5990.0;Guter Preis;110323.0;Schaltgetriebe;Benzin;5.1;121.0;125.0;0.054295115252485884;9.027;1670.67;2239.4;True
14;Skoda;Roomster;2010-03-01;3290.0;Sehr guter Preis;170000.0;Schaltgetriebe;Benzin;6.8;162.0;86.0;0.019352941176470587;12.036;2227.56;2998.21;True
15;SEAT;Ibiza;2010-10-01;3900.0;Sehr guter Preis;156300.0;Schaltgetriebe;Benzin;6.2;149.0;86.0;0.02495201535508637;10.974;2031.01;2757.61;True
16;Ford;Fiesta;2012-04-01;3600.0;Sehr guter Preis;158119.0;Schaltgetriebe;Benzin;5.6;129.0;82.0;0.02276766233027024;9.911999999999999;1834.46;2387.46;True
17;Peugeot;308;2012-05-01;2990.0;Sehr guter Preis;181249.0;Schaltgetriebe;Diesel;;;111.0;0.016496642740097878;;;;True
18;Audi;A6;2014-07-01;12970.0;Keine Information;218000.0;Automatik;Diesel;;;313.0;0.0594954128440367;;;;True
19;Volkswagen;Golf;2015-05-01;4970.0;Guter Preis;305484.0;Schaltgetriebe;Diesel;;;110.0;0.016269264511398304;;;;True
20;Kia;Picanto;2011-03-01;2950.0;Sehr guter Preis;90000.0;Schaltgetriebe;Benzin;;;63.0;0.03277777777777778;;;;True
21;Ford;Focus;2012-11-01;2600.0;Sehr guter Preis;309750.0;Schaltgetriebe;Diesel;4.5;119.0;95.0;0.008393866020984665;7.425;1374.18;2202.39;True
22;Opel;Zafira;2012-01-01;6750.0;Sehr guter Preis;111500.0;Schaltgetriebe;Sonstige;;;140.0;0.06053811659192825;;;;True
23;Fiat;Tipo;2016-11-01;6500.0;Sehr guter Preis;69000.0;Schaltgetriebe;Benzin;;;95.0;0.09420289855072464;;;;True
24;BMW;520;2010-03-01;3900.0;Guter Preis;351332.0;Automatik;Diesel;6.3;154.0;163.0;0.011100611387519497;10.395;1923.85;2850.15;True
25;Ford;B-Max;2014-07-01;5950.0;Guter Preis;140000.0;Automatik;Benzin;6.4;152.0;105.0;0.0425;11.328000000000001;2096.52;2813.13;True
26;Mercedes-Benz;E 300;2010-09-01;9950.0;Fairer Preis;278500.0;Automatik;Diesel;7.1;186.0;231.0;0.03572710951526032;11.714999999999998;2168.15;3442.39;True
27;Audi;S3;2012-07-01;13260.0;Keine Information;155650.0;Automatik;Benzin;8.4;195.0;265.0;0.08519113395438484;14.868;2751.69;3608.95;True
28;Opel;Insignia;2013-11-01;4499.0;Guter Preis;233720.0;Schaltgetriebe;Diesel;3.9;103.0;140.0;0.0192495293513606;6.435;1190.95;1906.27;True
29;Volkswagen;Golf Variant;2016-12-01;7780.0;Guter Preis;197000.0;Schaltgetriebe;Diesel;4.0;103.0;110.0;0.03949238578680203;6.6;1221.49;1906.27;True
30;Mercedes-Benz;E 220;2012-07-01;8800.0;Fairer Preis;269287.0;Automatik;Diesel;5.4;143.0;170.0;0.03267888906631215;8.91;1649.01;2646.57;True
31;Opel;Astra;2017-02-01;5690.0;Guter Preis;193768.0;Schaltgetriebe;Diesel;3.5;92.0;110.0;0.029365013830973122;5.7749999999999995;1068.81;1702.69;True
32;Mercedes-Benz;B 200;2015-06-01;8999.0;Guter Preis;232943.0;Schaltgetriebe;Diesel;4.3;114.0;136.0;0.0386317682866624;7.095;1313.1;2109.85;True
33;SEAT;Leon;2015-11-01;7900.0;Sehr guter Preis;151100.0;Schaltgetriebe;Diesel;;;150.0;0.05228325612177366;;;;True
34;Volkswagen;Caddy;2012-10-01;9700.0;Sehr guter Preis;170885.0;Automatik;Diesel;5.7;149.0;102.0;0.05676332036164672;9.405;1740.63;2757.61;True
35;BMW;218;2015-10-01;12999.0;Sehr guter Preis;96310.0;Automatik;Diesel;4.1;109.0;150.0;0.13497040805731492;6.764999999999999;1252.03;2017.31;True
36;Jeep;Compass;2013-08-01;6500.0;Fairer Preis;166000.0;Schaltgetriebe;Diesel;6.6;175.0;163.0;0.0391566265060241;10.889999999999999;2015.46;3238.8;True
37;Volkswagen;Scirocco;2012-04-01;9995.0;Guter Preis;162000.0;Schaltgetriebe;Benzin;;;211.0;0.06169753086419753;;;;True
38;Land Rover;Range Rover Sport;2012-04-01;12500.0;Sehr guter Preis;237310.0;Automatik;Diesel;8.8;233.0;256.0;0.05267371792170578;14.52;2687.28;4312.24;True
39;Volkswagen;Golf;2010-04-01;4390.0;Guter Preis;191610.0;Schaltgetriebe;Benzin;6.4;153.0;122.0;0.022911121548979698;11.328000000000001;2096.52;2831.64;True
40;Audi;A4;2013-02-01;12410.0;Sehr guter Preis;155921.0;Automatik;Diesel;;;177.0;0.07959158804779344;;;;True
41;Toyota;Yaris;2013-11-01;4900.0;Guter Preis;258660.0;Schaltgetriebe;Diesel;4.1;104.0;90.0;0.018943787211010595;6.764999999999999;1252.03;1924.78;True
42;Mercedes-Benz;C 220;2015-03-01;12990.0;Sehr guter Preis;190282.0;Automatik;Diesel;4.3;108.0;170.0;0.0682670983067237;7.095;1313.1;1998.81;True
43;Volkswagen;Sharan;2014-05-01;8399.0;Sehr guter Preis;281493.0;Automatik;Diesel;5.7;149.0;140.0;0.029837331656559843;9.405;1740.63;2757.61;True
44;BMW;118;2012-04-01;4500.0;Fairer Preis;320000.0;Schaltgetriebe;Diesel;4.4;117.0;143.0;0.0140625;7.26;1343.64;2165.37;True
45;Opel;Corsa-e;2014-12-01;8600.0;Sehr guter Preis;36000.0;Automatik;Benzin;4.8;112.0;90.0;0.2388888888888889;8.496;1572.39;2072.84;True
46;Toyota;Avensis;2014-01-01;8600.0;Guter Preis;189392.0;Schaltgetriebe;Diesel;6.2;163.0;150.0;0.045408464982681425;10.23;1893.31;3016.72;True
47;Audi;A8;2010-02-01;17900.0;Guter Preis;191300.0;Automatik;Diesel;7.6;201.0;351.0;0.09357030841610037;12.54;2320.83;3720.0;True
48;Hyundai;i10;2014-04-01;6990.0;Guter Preis;86250.0;Schaltgetriebe;Benzin;4.9;116.0;87.0;0.08104347826086956;8.673;1605.15;2146.86;True
49;Renault;Scenic;2015-06-01;5900.0;Guter Preis;227000.0;Schaltgetriebe;Diesel;4.4;117.0;131.0;0.025991189427312777;7.26;1343.64;2165.37;True
50;Renault;Captur;2014-10-01;6990.0;Sehr guter Preis;191000.0;Schaltgetriebe;Diesel;3.6;95.0;90.0;0.03659685863874346;5.9399999999999995;1099.34;1758.21;True
51;Mercedes-Benz;B 200;2012-05-01;7790.0;Guter Preis;240000.0;Automatik;Diesel;4.4;117.0;136.0;0.03245833333333333;7.26;1343.64;2165.37;True
52;BMW;218;2016-02-01;7850.0;Guter Preis;309000.0;Automatik;Diesel;4.1;109.0;150.0;0.02540453074433657;6.764999999999999;1252.03;2017.31;True
53;SEAT;Ibiza;2011-09-01;6890.0;Sehr guter Preis;49526.0;Schaltgetriebe;Benzin;5.9;139.0;86.0;0.13911884666639746;10.443000000000001;1932.73;2572.54;True
54;Mercedes-Benz;C 180;2012-06-01;9900.0;Sehr guter Preis;162000.0;Automatik;Benzin;5.5;;156.0;0.06111111111111111;9.735;1801.7;;True
55;BMW;116;2010-05-01;4000.0;Sehr guter Preis;190000.0;Schaltgetriebe;Diesel;5.2;139.0;116.0;0.021052631578947368;8.58;1587.94;2572.54;True
56;Opel;Astra;2014-12-01;4700.0;Guter Preis;194500.0;Schaltgetriebe;Diesel;3.7;;110.0;0.02416452442159383;6.1049999999999995;1129.88;;True
57;Skoda;Octavia;2016-11-01;8500.0;Sehr guter Preis;134400.0;Schaltgetriebe;Diesel;3.9;103.0;90.0;0.06324404761904762;6.435;1190.95;1906.27;True
58;BMW;X1;2013-11-01;9890.0;Fairer Preis;218950.0;Automatik;Diesel;5.5;146.0;184.0;0.04517013016670473;9.075;1679.55;2702.09;True
59;Audi;A4;2018-06-01;13700.0;Sehr guter Preis;129900.0;Automatik;Benzin;5.7;;150.0;0.10546574287913779;10.089;1867.22;;True
60;Audi;A4;2013-10-01;6750.0;Sehr guter Preis;312000.0;Schaltgetriebe;Diesel;4.8;127.0;177.0;0.021634615384615384;7.919999999999999;1465.79;2350.45;True
61;Opel;Corsa;2016-04-01;7700.0;Sehr guter Preis;79500.0;Schaltgetriebe;Benzin;5.6;128.0;90.0;0.09685534591194969;9.911999999999999;1834.46;2368.95;True
62;Ford;S-Max;2016-04-01;8990.0;Keine Information;124869.0;Schaltgetriebe;Benzin;;;160.0;0.07199545123289207;;;;True
63;Citroen;Grand C4 Picasso;2014-05-01;7400.0;Guter Preis;212400.0;Automatik;Diesel;4.4;115.0;150.0;0.03483992467043315;7.26;1343.64;2128.36;True
64;Dacia;Dokker;2015-11-01;7499.0;Sehr guter Preis;124100.0;Schaltgetriebe;Benzin;;;116.0;0.06042707493956487;;;;True
65;Volkswagen;Golf;2013-09-01;9999.0;Sehr guter Preis;40000.0;Schaltgetriebe;Benzin;6.5;152.0;122.0;0.249975;11.505;2129.28;2813.13;True
66;Skoda;Fabia;2014-03-01;8499.0;Sehr guter Preis;108100.0;Automatik;Benzin;5.3;126.0;105.0;0.07862164662349676;9.381;1736.18;2331.94;True
67;Volkswagen;Passat;2017-01-01;10900.0;Sehr guter Preis;207700.0;Automatik;Diesel;4.4;;150.0;0.05247953779489649;7.26;1343.64;;True
68;BMW;X3;2012-12-01;11990.0;Sehr guter Preis;143240.0;Automatik;Benzin;6.9;;184.0;0.08370566880759564;12.213000000000001;2260.32;;True
69;Mercedes-Benz;B 200;2011-06-01;11990.0;Sehr guter Preis;44375.0;Automatik;Benzin;7.5;180.0;136.0;0.27019718309859153;13.275;2456.86;3331.34;True
70;Audi;TT;2011-08-01;12900.0;Sehr guter Preis;175949.0;Automatik;Benzin;7.4;175.0;211.0;0.07331669972548864;13.098;2424.11;3238.8;True
71;Audi;A4;2016-02-01;13499.0;Guter Preis;211000.0;Automatik;Diesel;4.3;116.0;150.0;0.06397630331753555;7.095;1313.1;2146.86;True
72;Mercedes-Benz;S 400;;;Keine Information;;Keine Information;Keine Information;;;;;;;;True
73;Volkswagen;Touran;2013-02-01;9799.0;Sehr guter Preis;175451.0;Schaltgetriebe;Diesel;4.8;125.0;140.0;0.055850351380157426;7.919999999999999;1465.79;2313.43;True
74;Skoda;Octavia;2012-06-01;5999.0;Sehr guter Preis;125714.0;Schaltgetriebe;Benzin;6.3;148.0;122.0;0.047719426635060534;11.151;2063.77;2739.1;True
75;BMW;116;2014-12-01;8499.0;Fairer Preis;255050.0;Schaltgetriebe;Diesel;4.3;114.0;116.0;0.033322877867084884;7.095;1313.1;2109.85;True
76;Mercedes-Benz;A 180;2012-01-01;4910.0;Guter Preis;179000.0;Schaltgetriebe;Benzin;;;116.0;0.027430167597765363;;;;True
77;Peugeot;Traveller;2017-09-01;16995.0;Guter Preis;196000.0;Schaltgetriebe;Diesel;5.3;139.0;150.0;0.08670918367346939;8.745;1618.48;2572.54;True
78;Volkswagen;Passat Variant;2014-09-01;8999.0;Guter Preis;159946.0;Schaltgetriebe;Diesel;4.6;120.0;140.0;0.05626273867430258;7.589999999999999;1404.72;2220.89;True
79;Opel;Insignia;2014-01-01;5990.0;Fairer Preis;193545.0;Schaltgetriebe;Diesel;;;140.0;0.03094887493864476;;;;True
80;Skoda;Octavia;2014-11-01;11590.0;Guter Preis;164600.0;Schaltgetriebe;Diesel;4.6;122.0;184.0;0.0704131227217497;7.589999999999999;1404.72;2257.91;True
81;Mercedes-Benz;E 250;2015-10-01;15999.0;Sehr guter Preis;192996.0;Automatik;Diesel;;;204.0;0.08289809115214823;;;;True
82;Toyota;Auris;;;Keine Information;;Keine Information;Keine Information;;;;;;;;True
83;Nissan;Qashqai;2020-06-01;9900.0;Sehr guter Preis;350000.0;Schaltgetriebe;Diesel;3.8;100.0;116.0;0.028285714285714286;6.27;1160.42;1850.75;True
84;BMW;116;2011-06-01;8390.0;Guter Preis;123824.0;Automatik;Benzin;6.6;154.0;122.0;0.06775746220441918;11.681999999999999;2162.04;2850.15;True
85;Mazda;CX-5;2012-06-01;12450.0;Sehr guter Preis;113000.0;Automatik;Benzin;6.6;155.0;160.0;0.11017699115044248;11.681999999999999;2162.04;2868.66;True
86;Audi;A6;2016-02-01;12950.0;Sehr guter Preis;188780.0;Schaltgetriebe;Diesel;4.6;;190.0;0.06859836847123636;7.589999999999999;1404.72;;True
87;Mercedes-Benz;Viano;2013-06-01;17999.0;Keine Information;174000.0;Automatik;Diesel;8.5;225.0;224.0;0.10344252873563219;14.024999999999999;2595.67;4164.18;True
88;Mercedes-Benz;E 300;2013-07-01;15999.0;Fairer Preis;208277.0;Automatik;Diesel;5.5;157.0;231.0;0.07681597103856883;9.075;1679.55;2905.67;True
89;Mercedes-Benz;GLK 220;2011-06-01;13990.0;Fairer Preis;181134.0;Automatik;Diesel;6.9;182.0;170.0;0.07723563770468272;11.385;2107.07;3368.36;True
90;BMW;X5;2011-04-01;17998.0;Fairer Preis;160000.0;Automatik;Diesel;7.5;199.0;306.0;0.1124875;12.375;2290.3;3682.98;True
91;Skoda;Superb;2010-08-01;5990.0;Erhöhter Preis;163200.0;Schaltgetriebe;Benzin;6.8;161.0;125.0;0.03670343137254902;12.036;2227.56;2979.7;True
92;Audi;A4;2010-06-01;6700.0;Guter Preis;255000.0;Automatik;Diesel;6.5;170.0;190.0;0.02627450980392157;10.725;1984.92;3146.27;True
93;Fiat;Scudo;2014-02-01;8950.0;Guter Preis;155000.0;Schaltgetriebe;Diesel;;;128.0;0.057741935483870965;;;;True
94;Mercedes-Benz;C 180;2014-03-01;11000.0;Keine Information;100733.0;Automatik;Benzin;;;156.0;0.10919956717262466;;;;True
95;Volkswagen;Caddy;2015-12-01;10500.0;Fairer Preis;238944.0;Schaltgetriebe;Diesel;4.7;122.0;102.0;0.04394335074327039;7.755;1435.25;2257.91;True
96;Volkswagen;Touran;2012-02-01;6910.0;Guter Preis;156404.0;Schaltgetriebe;Erdgas (CNG);;;150.0;0.044180455742819875;;;;True
97;Opel;Meriva;2011-04-01;5980.0;Sehr guter Preis;73387.0;Schaltgetriebe;Benzin;5.6;;120.0;0.08148582173954515;9.911999999999999;1834.46;;True
98;Nissan;Juke;2014-09-01;5990.0;Erhöhter Preis;185000.0;Schaltgetriebe;Benzin;6.0;138.0;94.0;0.03237837837837838;10.620000000000001;1965.49;2554.03;True
99;Audi;A6 allroad;2017-01-01;17900.0;Sehr guter Preis;198999.0;Automatik;Diesel;5.6;149.0;272.0;0.08995020075477766;9.239999999999998;1710.09;2757.61;True
100;Volkswagen;Caddy;2014-09-01;11950.0;Sehr guter Preis;85136.0;Schaltgetriebe;Diesel;5.7;149.0;102.0;0.14036365344859988;9.405;1740.63;2757.61;True
101;Mercedes-Benz;E 220;2010-05-01;6999.0;Fairer Preis;269267.0;Automatik;Diesel;6.2;163.0;170.0;0.025992787827695187;10.23;1893.31;3016.72;True
102;Mercedes-Benz;C 220;2014-09-01;14990.0;Keine Information;149919.0;Automatik;Diesel;4.3;114.0;170.0;0.09998732648963773;7.095;1313.1;2109.85;True
103;Ford;Kuga;2017-01-01;8650.0;Sehr guter Preis;139693.0;Schaltgetriebe;Benzin;;;150.0;0.061921499287723794;;;;True
104;Porsche;Panamera;2013-05-01;27850.0;Guter Preis;163000.0;Automatik;Benzin;10.8;254.0;400.0;0.17085889570552149;19.116000000000003;3537.89;4700.89;False
105;Mitsubishi;Space Star;2019-03-01;5450.0;Sehr guter Preis;70200.0;Schaltgetriebe;Benzin;4.2;96.0;71.0;0.07763532763532764;7.434;1375.84;1776.72;True
106;Audi;A8;2011-04-01;24999.0;Sehr guter Preis;64900.0;Automatik;Diesel;;;250.0;0.38519260400616334;;;;True
107;Mazda;MX-5;2013-04-01;10490.0;Sehr guter Preis;135760.0;Schaltgetriebe;Benzin;;;126.0;0.07726870948733058;;;;True
108;BMW;118;2015-03-01;9799.0;Guter Preis;140636.0;Schaltgetriebe;Benzin;5.7;135.0;136.0;0.06967632754060127;10.089;1867.22;2498.51;True
109;Toyota;Verso-S;2014-09-01;9490.0;Sehr guter Preis;83300.0;Automatik;Benzin;5.2;120.0;101.0;0.11392557022809123;9.204;1703.43;2220.89;True
110;Chevrolet;Orlando;2012-02-01;3990.0;Guter Preis;369014.0;Automatik;Diesel;5.3;186.0;163.0;0.010812597896014785;8.745;1618.48;3442.39;True
111;Nissan;NV200;2014-03-01;7990.0;Sehr guter Preis;154332.0;Schaltgetriebe;Diesel;5.5;146.0;110.0;0.05177150558536143;9.075;1679.55;2702.09;True
112;BMW;320;2013-03-01;15700.0;Guter Preis;84318.0;Automatik;Diesel;;;184.0;0.18619986242557934;;;;True
113;Renault;Clio;2014-03-01;4990.0;Fairer Preis;160794.0;Schaltgetriebe;Benzin;4.5;107.0;90.0;0.03103349627473662;7.965;1474.12;1980.3;True
114;Volkswagen;Touran;2012-09-01;9890.0;Fairer Preis;184000.0;Automatik;Diesel;5.2;135.0;140.0;0.05375;8.58;1587.94;2498.51;True
115;Mazda;2;2013-04-01;5500.0;Guter Preis;156450.0;Schaltgetriebe;Benzin;5.8;137.0;102.0;0.03515500159795462;10.266;1899.98;2535.52;True
116;Opel;Corsa;2013-06-01;3999.0;Fairer Preis;183026.0;Schaltgetriebe;Diesel;4.4;117.0;95.0;0.021849354736485527;7.26;1343.64;2165.37;True
117;Dodge;RAM;2013-04-01;24990.0;Sehr guter Preis;119500.0;Automatik;Benzin;;;401.0;0.2091213389121339;;;;True
118;Porsche;Macan;2014-08-01;23999.0;Sehr guter Preis;156493.0;Automatik;Benzin;9.0;213.0;340.0;0.15335510214514386;15.93;2948.24;3942.09;True
119;Hyundai;i10;2016-03-01;7990.0;Sehr guter Preis;38025.0;Schaltgetriebe;Benzin;4.7;108.0;67.0;0.2101249178172255;8.319;1539.64;1998.81;True
120;Skoda;Yeti;2012-12-01;10990.0;Guter Preis;112000.0;Automatik;Diesel;6.0;159.0;140.0;0.098125;9.899999999999999;1832.24;2942.69;True
121;Volkswagen;Golf;2013-11-01;17480.0;Erhöhter Preis;125712.0;Automatik;Diesel;4.5;119.0;184.0;0.13904798269059437;7.425;1374.18;2202.39;True
122;Volkswagen;Touran;2013-10-01;6490.0;Fairer Preis;280956.0;Schaltgetriebe;Diesel;4.6;121.0;105.0;0.023099702444510883;7.589999999999999;1404.72;2239.4;True
123;BMW;216;2016-01-01;10680.0;Sehr guter Preis;91952.0;Schaltgetriebe;Benzin;5.1;118.0;102.0;0.11614755524621542;9.027;1670.67;2183.88;True
124;Mercedes-Benz;GLK 220;2013-06-01;14490.0;Fairer Preis;182068.0;Automatik;Diesel;6.1;159.0;170.0;0.07958564931783729;10.065;1862.78;2942.69;True
125;Nissan;370Z;2010-07-01;19990.0;Guter Preis;61978.0;Automatik;Benzin;10.4;256.0;328.0;0.32253380231695117;18.408;3406.85;4737.91;False
126;Volkswagen;Passat Alltrack;2014-11-01;11900.0;Fairer Preis;158896.0;Schaltgetriebe;Diesel;5.7;150.0;140.0;0.07489175309636492;9.405;1740.63;2776.12;True
127;Volkswagen;Touareg;2014-01-01;21790.0;Guter Preis;193000.0;Automatik;Diesel;;;340.0;0.11290155440414508;;;;True
128;Opel;Mokka;2013-03-01;9780.0;Sehr guter Preis;105000.0;Schaltgetriebe;Benzin;6.3;149.0;140.0;0.09314285714285714;11.151;2063.77;2757.61;True
129;Volkswagen;Touran;2012-01-01;4990.0;Sehr guter Preis;183000.0;Schaltgetriebe;Benzin;6.8;159.0;140.0;0.02726775956284153;12.036;2227.56;2942.69;True
130;Renault;Scenic;2015-03-01;7480.0;Sehr guter Preis;151011.0;Schaltgetriebe;Diesel;4.7;122.0;131.0;0.0495328154902623;7.755;1435.25;2257.91;True
131;Renault;Talisman;2017-10-01;14990.0;Sehr guter Preis;67858.0;Automatik;Diesel;;;160.0;0.22090247281086975;;;;True
132;Volkswagen;Sharan;2013-06-01;14600.0;Sehr guter Preis;160000.0;Schaltgetriebe;Diesel;;;140.0;0.09125;;;;True
133;Renault;Megane;2018-07-01;8500.0;Guter Preis;180000.0;Automatik;Diesel;3.7;95.0;110.0;0.04722222222222222;6.1049999999999995;1129.88;1758.21;True
134;BMW;116;2017-03-01;9990.0;Sehr guter Preis;157445.0;Schaltgetriebe;Diesel;;;116.0;0.06345072882593922;;;;True
135;Audi;Q5;2011-03-01;14990.0;Keine Information;150000.0;Automatik;Diesel;7.5;199.0;239.0;0.09993333333333333;12.375;2290.3;3682.98;True
136;Mercedes-Benz;E 220;2010-11-01;11900.0;Fairer Preis;177025.0;Automatik;Diesel;6.2;163.0;170.0;0.06722214376500495;10.23;1893.31;3016.72;True
137;Audi;SQ5;2014-07-01;19490.0;Keine Information;147812.0;Automatik;Diesel;6.8;180.0;313.0;0.13185668281330337;11.219999999999999;2076.54;3331.34;True
138;Mercedes-Benz;C 180;2011-06-01;10885.0;Fairer Preis;140500.0;Schaltgetriebe;Benzin;;;156.0;0.07747330960854093;;;;True
139;BMW;435;2016-07-01;21880.0;Sehr guter Preis;106245.0;Automatik;Diesel;;;313.0;0.20593910301661256;;;;True
140;Mercedes-Benz;C 220;2011-10-01;8490.0;Keine Information;243000.0;Schaltgetriebe;Diesel;6.1;161.0;170.0;0.03493827160493827;10.065;1862.78;2979.7;True
141;Nissan;Qashqai;2015-10-01;9990.0;Guter Preis;120000.0;Schaltgetriebe;Diesel;3.8;99.0;110.0;0.08325;6.27;1160.42;1832.24;True
142;Toyota;iQ;2011-12-01;5900.0;Guter Preis;156893.0;Automatik;Benzin;4.7;110.0;68.0;0.037605246888006476;8.319;1539.64;2035.82;True
143;Skoda;Fabia;2019-02-01;8800.0;Sehr guter Preis;98747.0;Schaltgetriebe;Benzin;4.8;109.0;75.0;0.08911663139133341;8.496;1572.39;2017.31;True
144;Skoda;Octavia;2014-06-01;5950.0;Erhöhter Preis;259000.0;Schaltgetriebe;Diesel;4.5;119.0;105.0;0.022972972972972974;7.425;1374.18;2202.39;True
145;BMW;X6;2017-02-01;29900.0;Guter Preis;154000.0;Automatik;Diesel;7.0;183.0;258.0;0.19415584415584416;11.549999999999999;2137.61;3386.86;True
146;Peugeot;5008;2017-10-01;11790.0;Keine Information;114607.0;Schaltgetriebe;Benzin;;;131.0;0.10287329744256458;;;;True
147;Renault;Clio;2016-05-01;6990.0;Keine Information;116200.0;Schaltgetriebe;Benzin;5.6;133.0;73.0;0.06015490533562823;9.911999999999999;1834.46;2461.49;True
148;Hyundai;i20;2012-02-01;3890.0;Sehr guter Preis;148988.0;Schaltgetriebe;Benzin;4.9;114.0;86.0;0.026109485327677397;8.673;1605.15;2109.85;True
149;Ford;Galaxy;2014-11-01;7990.0;Keine Information;234000.0;Automatik;Diesel;5.3;140.0;163.0;0.034145299145299145;8.745;1618.48;2591.04;True
150;Mercedes-Benz;C 250;2015-10-01;16480.0;Sehr guter Preis;151500.0;Automatik;Benzin;;0.0;211.0;0.10877887788778878;;;0.0;True
151;Jeep;Renegade;2015-03-01;12960.0;Sehr guter Preis;102632.0;Automatik;Diesel;5.8;150.0;140.0;0.12627640501987683;9.569999999999999;1771.16;2776.12;True
152;Opel;Mokka X;2017-06-01;11880.0;Sehr guter Preis;101266.0;Automatik;Diesel;;;136.0;0.11731479469910927;;;;True
153;Mercedes-Benz;Citan;2017-05-01;6390.0;Guter Preis;167300.0;Schaltgetriebe;Diesel;4.3;112.0;75.0;0.03819485953377167;7.095;1313.1;2072.84;True
154;Land Rover;Discovery;2018-01-01;18550.0;Sehr guter Preis;259280.0;Automatik;Diesel;7.2;189.0;258.0;0.07154427645788337;11.879999999999999;2198.69;3497.91;True
155;BMW;320;2020-05-01;15550.0;Sehr guter Preis;217000.0;Automatik;Diesel;;;190.0;0.07165898617511521;;;;True
156;BMW;X1;2014-07-01;8900.0;Fairer Preis;171400.0;Schaltgetriebe;Benzin;7.7;182.0;150.0;0.051925320886814466;13.629000000000001;2522.38;3368.36;True
157;Audi;A5;2014-07-01;16990.0;Fairer Preis;170052.0;Automatik;Diesel;5.8;154.0;245.0;0.09991061557641193;9.569999999999999;1771.16;2850.15;True
158;Ford;Fiesta;2011-10-01;6990.0;Sehr guter Preis;53588.0;Schaltgetriebe;Benzin;;;97.0;0.13043965066806001;;;;True
159;Aixam;;2010-09-01;5950.0;Sehr guter Preis;37120.0;Automatik;Diesel;;;5.0;0.16029094827586207;;;;True
160;Toyota;Aygo;2015-06-01;7900.0;Guter Preis;50500.0;Schaltgetriebe;Benzin;4.1;95.0;69.0;0.15643564356435644;7.257;1343.09;1758.21;True
161;Nissan;Qashqai;2014-09-01;10999.0;Sehr guter Preis;96500.0;Schaltgetriebe;Diesel;4.4;115.0;131.0;0.11397927461139896;7.26;1343.64;2128.36;True
162;Audi;A4;2015-07-01;13990.0;Guter Preis;133797.0;Automatik;Benzin;6.2;144.0;170.0;0.10456138777401586;10.974;2031.01;2665.07;True
163;Volkswagen;Golf;2015-03-01;9999.0;Sehr guter Preis;136400.0;Schaltgetriebe;Benzin;5.2;119.0;140.0;0.07330645161290322;9.204;1703.43;2202.39;True
164;Audi;Q3;2015-03-01;13500.0;Fairer Preis;223210.0;Automatik;Diesel;5.5;144.0;184.0;0.06048116123829578;9.075;1679.55;2665.07;True
165;Volkswagen;Tiguan;2014-12-01;16990.0;Guter Preis;87670.0;Automatik;Diesel;6.0;;140.0;0.19379491274096042;9.899999999999999;1832.24;;True
166;Porsche;Macan;2015-05-01;22900.0;Keine Information;241222.0;Automatik;Diesel;6.3;167.0;258.0;0.0949332979578977;10.395;1923.85;3090.75;True
167;Ford;Focus;2019-06-01;7500.0;Sehr guter Preis;182091.0;Automatik;Diesel;4.7;122.0;120.0;0.041188197110236094;7.755;1435.25;2257.91;True
168;Peugeot;308;2012-05-01;2990.0;Sehr guter Preis;181249.0;Schaltgetriebe;Diesel;;;111.0;0.016496642740097878;;;;True
169;Jeep;Compass;2013-08-01;6500.0;Fairer Preis;166000.0;Schaltgetriebe;Diesel;6.6;175.0;163.0;0.0391566265060241;10.889999999999999;2015.46;3238.8;True
170;Skoda;Octavia;2012-06-01;5999.0;Sehr guter Preis;125714.0;Schaltgetriebe;Benzin;6.3;148.0;122.0;0.047719426635060534;11.151;2063.77;2739.1;True
171;Nissan;NV200;2014-03-01;7990.0;Sehr guter Preis;154332.0;Schaltgetriebe;Diesel;5.5;146.0;110.0;0.05177150558536143;9.075;1679.55;2702.09;True
172;Volkswagen;Touran;2012-01-01;4990.0;Sehr guter Preis;183000.0;Schaltgetriebe;Benzin;6.8;159.0;140.0;0.02726775956284153;12.036;2227.56;2942.69;True
173;Mercedes-Benz;B 180;2013-04-01;8380.0;Sehr guter Preis;174395.0;Automatik;Diesel;4.6;122.0;109.0;0.048051836348519165;7.589999999999999;1404.72;2257.91;True
174;Audi;A6;2014-07-01;12970.0;Keine Information;218000.0;Automatik;Diesel;;;313.0;0.0594954128440367;;;;True
175;Hyundai;i20;2012-02-01;3890.0;Sehr guter Preis;148988.0;Schaltgetriebe;Benzin;4.9;114.0;86.0;0.026109485327677397;8.673;1605.15;2109.85;True
176;Fiat;Tipo;2016-11-01;6500.0;Sehr guter Preis;69000.0;Schaltgetriebe;Benzin;;;95.0;0.09420289855072464;;;;True
177;Volkswagen;Golf;2011-03-01;6300.0;Guter Preis;104930.0;Schaltgetriebe;Benzin;5.5;129.0;86.0;0.06004002668445631;9.735;1801.7;2387.46;True
178;Ford;C-Max;2013-09-01;5990.0;Guter Preis;110323.0;Schaltgetriebe;Benzin;5.1;121.0;125.0;0.054295115252485884;9.027;1670.67;2239.4;True
179;Volkswagen;Golf;2015-05-01;4970.0;Guter Preis;305484.0;Schaltgetriebe;Diesel;;;110.0;0.016269264511398304;;;;True
180;Ford;B-Max;2014-07-01;5950.0;Guter Preis;140000.0;Automatik;Benzin;6.4;152.0;105.0;0.0425;11.328000000000001;2096.52;2813.13;True
181;Ford;Fiesta;2012-04-01;3600.0;Sehr guter Preis;158119.0;Schaltgetriebe;Benzin;5.6;129.0;82.0;0.02276766233027024;9.911999999999999;1834.46;2387.46;True
182;Kia;Picanto;2011-03-01;2950.0;Sehr guter Preis;90000.0;Schaltgetriebe;Benzin;;;63.0;0.03277777777777778;;;;True
183;Opel;Zafira;2012-01-01;6750.0;Sehr guter Preis;111500.0;Schaltgetriebe;Sonstige;;;140.0;0.06053811659192825;;;;True
184;Volkswagen;Golf Variant;2016-12-01;7780.0;Guter Preis;197000.0;Schaltgetriebe;Diesel;4.0;103.0;110.0;0.03949238578680203;6.6;1221.49;1906.27;True
185;Peugeot;308;2012-05-01;2990.0;Sehr guter Preis;181249.0;Schaltgetriebe;Diesel;;;111.0;0.016496642740097878;;;;True
186;Ford;Focus;2012-11-01;2600.0;Sehr guter Preis;309750.0;Schaltgetriebe;Diesel;4.5;119.0;95.0;0.008393866020984665;7.425;1374.18;2202.39;True
187;BMW;218;2015-10-01;12999.0;Sehr guter Preis;96310.0;Automatik;Diesel;4.1;109.0;150.0;0.13497040805731492;6.764999999999999;1252.03;2017.31;True
188;Audi;S3;2012-07-01;13260.0;Keine Information;155650.0;Automatik;Benzin;8.4;195.0;265.0;0.08519113395438484;14.868;2751.69;3608.95;True
189;Mercedes-Benz;E 220;2012-07-01;8800.0;Fairer Preis;269287.0;Automatik;Diesel;5.4;143.0;170.0;0.03267888906631215;8.91;1649.01;2646.57;True
190;Audi;A4;2013-02-01;12410.0;Sehr guter Preis;155921.0;Automatik;Diesel;;;177.0;0.07959158804779344;;;;True
191;BMW;318;2015-02-01;7990.0;Sehr guter Preis;244171.0;Automatik;Diesel;4.5;119.0;143.0;0.03272296873912135;7.425;1374.18;2202.39;True
192;Opel;Insignia;2013-11-01;4499.0;Guter Preis;233720.0;Schaltgetriebe;Diesel;3.9;103.0;140.0;0.0192495293513606;6.435;1190.95;1906.27;True
193;Opel;Astra;2017-02-01;5690.0;Guter Preis;193768.0;Schaltgetriebe;Diesel;3.5;92.0;110.0;0.029365013830973122;5.7749999999999995;1068.81;1702.69;True
194;SEAT;Leon;2015-11-01;7900.0;Sehr guter Preis;151100.0;Schaltgetriebe;Diesel;;;150.0;0.05228325612177366;;;;True
195;Mercedes-Benz;B 200;2015-06-01;8999.0;Guter Preis;232943.0;Schaltgetriebe;Diesel;4.3;114.0;136.0;0.0386317682866624;7.095;1313.1;2109.85;True
196;Volkswagen;Scirocco;2012-04-01;9995.0;Guter Preis;162000.0;Schaltgetriebe;Benzin;;;211.0;0.06169753086419753;;;;True
197;Volkswagen;Caddy;2012-10-01;9700.0;Sehr guter Preis;170885.0;Automatik;Diesel;5.7;149.0;102.0;0.05676332036164672;9.405;1740.63;2757.61;True
198;Volkswagen;Golf;2013-09-01;9999.0;Sehr guter Preis;40000.0;Schaltgetriebe;Benzin;6.5;152.0;122.0;0.249975;11.505;2129.28;2813.13;True
199;Volkswagen;Sharan;2014-05-01;8399.0;Sehr guter Preis;281493.0;Automatik;Diesel;5.7;149.0;140.0;0.029837331656559843;9.405;1740.63;2757.61;True
200;Skoda;Octavia;2016-11-01;8500.0;Sehr guter Preis;134400.0;Schaltgetriebe;Diesel;3.9;103.0;90.0;0.06324404761904762;6.435;1190.95;1906.27;True
201;Hyundai;i10;2014-04-01;6990.0;Guter Preis;86250.0;Schaltgetriebe;Benzin;4.9;116.0;87.0;0.08104347826086956;8.673;1605.15;2146.86;True
202;Opel;Corsa;2016-04-01;7700.0;Sehr guter Preis;79500.0;Schaltgetriebe;Benzin;5.6;128.0;90.0;0.09685534591194969;9.911999999999999;1834.46;2368.95;True
203;Jeep;Compass;2013-08-01;6500.0;Fairer Preis;166000.0;Schaltgetriebe;Diesel;6.6;175.0;163.0;0.0391566265060241;10.889999999999999;2015.46;3238.8;True
204;Ford;S-Max;2016-04-01;8990.0;Keine Information;124869.0;Schaltgetriebe;Benzin;;;160.0;0.07199545123289207;;;;True
205;BMW;218;2016-02-01;7850.0;Guter Preis;309000.0;Automatik;Diesel;4.1;109.0;150.0;0.02540453074433657;6.764999999999999;1252.03;2017.31;True
206;Toyota;Yaris;2013-11-01;4900.0;Guter Preis;258660.0;Schaltgetriebe;Diesel;4.1;104.0;90.0;0.018943787211010595;6.764999999999999;1252.03;1924.78;True
207;Toyota;Avensis;2014-01-01;8600.0;Guter Preis;189392.0;Schaltgetriebe;Diesel;6.2;163.0;150.0;0.045408464982681425;10.23;1893.31;3016.72;True
208;Citroen;Grand C4 Picasso;2014-05-01;7400.0;Guter Preis;212400.0;Automatik;Diesel;4.4;115.0;150.0;0.03483992467043315;7.26;1343.64;2128.36;True
209;Skoda;Fabia;2014-03-01;8499.0;Sehr guter Preis;108100.0;Automatik;Benzin;5.3;126.0;105.0;0.07862164662349676;9.381;1736.18;2331.94;True
210;BMW;118;2012-04-01;4500.0;Fairer Preis;320000.0;Schaltgetriebe;Diesel;4.4;117.0;143.0;0.0140625;7.26;1343.64;2165.37;True
211;SEAT;Ibiza;2011-09-01;6890.0;Sehr guter Preis;49526.0;Schaltgetriebe;Benzin;5.9;139.0;86.0;0.13911884666639746;10.443000000000001;1932.73;2572.54;True
212;Volkswagen;Touran;2013-02-01;9799.0;Sehr guter Preis;175451.0;Schaltgetriebe;Diesel;4.8;125.0;140.0;0.055850351380157426;7.919999999999999;1465.79;2313.43;True
213;BMW;X3;2012-12-01;11990.0;Sehr guter Preis;143240.0;Automatik;Benzin;6.9;;184.0;0.08370566880759564;12.213000000000001;2260.32;;True
214;Renault;Captur;2014-10-01;6990.0;Sehr guter Preis;191000.0;Schaltgetriebe;Diesel;3.6;95.0;90.0;0.03659685863874346;5.9399999999999995;1099.34;1758.21;True
215;Audi;A4;2018-06-01;13700.0;Sehr guter Preis;129900.0;Automatik;Benzin;5.7;;150.0;0.10546574287913779;10.089;1867.22;;True
216;BMW;X1;2013-11-01;9890.0;Fairer Preis;218950.0;Automatik;Diesel;5.5;146.0;184.0;0.04517013016670473;9.075;1679.55;2702.09;True
217;Nissan;Qashqai;2020-06-01;9900.0;Sehr guter Preis;350000.0;Schaltgetriebe;Diesel;3.8;100.0;116.0;0.028285714285714286;6.27;1160.42;1850.75;True
218;Volkswagen;Passat;2017-01-01;10900.0;Sehr guter Preis;207700.0;Automatik;Diesel;4.4;;150.0;0.05247953779489649;7.26;1343.64;;True
219;Renault;Scenic;2015-06-01;5900.0;Guter Preis;227000.0;Schaltgetriebe;Diesel;4.4;117.0;131.0;0.025991189427312777;7.26;1343.64;2165.37;True
220;Audi;A4;2016-02-01;13499.0;Guter Preis;211000.0;Automatik;Diesel;4.3;116.0;150.0;0.06397630331753555;7.095;1313.1;2146.86;True
221;Volkswagen;Caddy;2014-09-01;11950.0;Sehr guter Preis;85136.0;Schaltgetriebe;Diesel;5.7;149.0;102.0;0.14036365344859988;9.405;1740.63;2757.61;True
222;Skoda;Octavia;2012-06-01;5999.0;Sehr guter Preis;125714.0;Schaltgetriebe;Benzin;6.3;148.0;122.0;0.047719426635060534;11.151;2063.77;2739.1;True
223;Mercedes-Benz;C 220;2014-09-01;14990.0;Keine Information;149919.0;Automatik;Diesel;4.3;114.0;170.0;0.09998732648963773;7.095;1313.1;2109.85;True
224;Mercedes-Benz;C 180;2014-03-01;11000.0;Keine Information;100733.0;Automatik;Benzin;;;156.0;0.10919956717262466;;;;True
225;Skoda;Octavia;2014-11-01;11590.0;Guter Preis;164600.0;Schaltgetriebe;Diesel;4.6;122.0;184.0;0.0704131227217497;7.589999999999999;1404.72;2257.91;True
226;Opel;Astra;2014-12-01;4700.0;Guter Preis;194500.0;Schaltgetriebe;Diesel;3.7;;110.0;0.02416452442159383;6.1049999999999995;1129.88;;True
227;Mercedes-Benz;B 200;2012-05-01;7790.0;Guter Preis;240000.0;Automatik;Diesel;4.4;117.0;136.0;0.03245833333333333;7.26;1343.64;2165.37;True
228;Volkswagen;Passat Variant;2014-09-01;8999.0;Guter Preis;159946.0;Schaltgetriebe;Diesel;4.6;120.0;140.0;0.05626273867430258;7.589999999999999;1404.72;2220.89;True
229;Mercedes-Benz;C 180;2012-06-01;9900.0;Sehr guter Preis;162000.0;Automatik;Benzin;5.5;;156.0;0.06111111111111111;9.735;1801.7;;True
230;Audi;A4;2013-10-01;6750.0;Sehr guter Preis;312000.0;Schaltgetriebe;Diesel;4.8;127.0;177.0;0.021634615384615384;7.919999999999999;1465.79;2350.45;True
231;Mercedes-Benz;S 400;;;Keine Information;;Keine Information;Keine Information;;;;;;;;True
232;Toyota;Auris;;;Keine Information;;Keine Information;Keine Information;;;;;;;;True
233;Mercedes-Benz;B 200;2011-06-01;11990.0;Sehr guter Preis;44375.0;Automatik;Benzin;7.5;180.0;136.0;0.27019718309859153;13.275;2456.86;3331.34;True
234;Audi;A6;2016-02-01;12950.0;Sehr guter Preis;188780.0;Schaltgetriebe;Diesel;4.6;;190.0;0.06859836847123636;7.589999999999999;1404.72;;True
235;Mercedes-Benz;C 220;2015-03-01;12990.0;Sehr guter Preis;190282.0;Automatik;Diesel;4.3;108.0;170.0;0.0682670983067237;7.095;1313.1;1998.81;True
236;Dacia;Dokker;2015-11-01;7499.0;Sehr guter Preis;124100.0;Schaltgetriebe;Benzin;;;116.0;0.06042707493956487;;;;True
237;Peugeot;Traveller;2017-09-01;16995.0;Guter Preis;196000.0;Schaltgetriebe;Diesel;5.3;139.0;150.0;0.08670918367346939;8.745;1618.48;2572.54;True
238;Mercedes-Benz;E 250;2015-10-01;15999.0;Sehr guter Preis;192996.0;Automatik;Diesel;;;204.0;0.08289809115214823;;;;True
239;Skoda;Yeti;2011-02-01;7490.0;Guter Preis;176000.0;Schaltgetriebe;Diesel;6.0;157.0;140.0;0.04255681818181818;9.899999999999999;1832.24;2905.67;True
240;BMW;116;2014-12-01;8499.0;Fairer Preis;255050.0;Schaltgetriebe;Diesel;4.3;114.0;116.0;0.033322877867084884;7.095;1313.1;2109.85;True
241;Nissan;NV200;2014-03-01;7990.0;Sehr guter Preis;154332.0;Schaltgetriebe;Diesel;5.5;146.0;110.0;0.05177150558536143;9.075;1679.55;2702.09;True
242;BMW;316;2015-04-01;11399.0;Sehr guter Preis;140201.0;Schaltgetriebe;Diesel;3.9;103.0;116.0;0.08130469825464869;6.435;1190.95;1906.27;True
243;Mercedes-Benz;A 180;2012-01-01;4910.0;Guter Preis;179000.0;Schaltgetriebe;Benzin;;;116.0;0.027430167597765363;;;;True
244;Mazda;CX-5;2012-06-01;12450.0;Sehr guter Preis;113000.0;Automatik;Benzin;6.6;155.0;160.0;0.11017699115044248;11.681999999999999;2162.04;2868.66;True
245;Mercedes-Benz;E 300;2013-07-01;15999.0;Fairer Preis;208277.0;Automatik;Diesel;5.5;157.0;231.0;0.07681597103856883;9.075;1679.55;2905.67;True
246;BMW;320;2013-03-01;15700.0;Guter Preis;84318.0;Automatik;Diesel;;;184.0;0.18619986242557934;;;;True
247;Toyota;Verso-S;2014-09-01;9490.0;Sehr guter Preis;83300.0;Automatik;Benzin;5.2;120.0;101.0;0.11392557022809123;9.204;1703.43;2220.89;True
248;Mercedes-Benz;GLK 220;2011-06-01;13990.0;Fairer Preis;181134.0;Automatik;Diesel;6.9;182.0;170.0;0.07723563770468272;11.385;2107.07;3368.36;True
249;Skoda;Yeti;2014-04-01;9900.0;Sehr guter Preis;84326.0;Automatik;Benzin;;;105.0;0.1174015131750587;;;;True
250;Mazda;MX-5;2013-04-01;10490.0;Sehr guter Preis;135760.0;Schaltgetriebe;Benzin;;;126.0;0.07726870948733058;;;;True
251;Ford;Kuga;2017-01-01;8650.0;Sehr guter Preis;139693.0;Schaltgetriebe;Benzin;;;150.0;0.061921499287723794;;;;True
252;Volkswagen;Touareg;2014-01-01;21790.0;Guter Preis;193000.0;Automatik;Diesel;;;340.0;0.11290155440414508;;;;True
253;Mercedes-Benz;Viano;2013-06-01;17999.0;Keine Information;174000.0;Automatik;Diesel;8.5;225.0;224.0;0.10344252873563219;14.024999999999999;2595.67;4164.18;True
254;BMW;116;2011-06-01;8390.0;Guter Preis;123824.0;Automatik;Benzin;6.6;154.0;122.0;0.06775746220441918;11.681999999999999;2162.04;2850.15;True
255;Porsche;Macan;2014-08-01;23999.0;Sehr guter Preis;156493.0;Automatik;Benzin;9.0;213.0;340.0;0.15335510214514386;15.93;2948.24;3942.09;True
256;Volkswagen;Phaeton;2011-07-01;12850.0;Fairer Preis;248000.0;Automatik;Benzin;12.5;296.0;334.0;0.051814516129032255;22.125;4094.77;5478.21;False
257;Opel;Mokka;2013-03-01;9780.0;Sehr guter Preis;105000.0;Schaltgetriebe;Benzin;6.3;149.0;140.0;0.09314285714285714;11.151;2063.77;2757.61;True
258;Fiat;Scudo;2014-02-01;8950.0;Guter Preis;155000.0;Schaltgetriebe;Diesel;;;128.0;0.057741935483870965;;;;True
259;BMW;525;2013-03-01;10850.0;Sehr guter Preis;224335.0;Automatik;Diesel;5.4;142.0;218.0;0.048365168163683775;8.91;1649.01;2628.06;True
260;Volkswagen;Sharan;2013-06-01;14600.0;Sehr guter Preis;160000.0;Schaltgetriebe;Diesel;;;140.0;0.09125;;;;True
261;BMW;X5;2011-04-01;17998.0;Fairer Preis;160000.0;Automatik;Diesel;7.5;199.0;306.0;0.1124875;12.375;2290.3;3682.98;True
262;BMW;216;2016-01-01;10680.0;Sehr guter Preis;91952.0;Schaltgetriebe;Benzin;5.1;118.0;102.0;0.11614755524621542;9.027;1670.67;2183.88;True
263;Hyundai;i10;2016-03-01;7990.0;Sehr guter Preis;38025.0;Schaltgetriebe;Benzin;4.7;108.0;67.0;0.2101249178172255;8.319;1539.64;1998.81;True
264;Audi;A6 allroad;2017-01-01;17900.0;Sehr guter Preis;198999.0;Automatik;Diesel;5.6;149.0;272.0;0.08995020075477766;9.239999999999998;1710.09;2757.61;True
265;Volkswagen;Touran;2012-02-01;6910.0;Guter Preis;156404.0;Schaltgetriebe;Erdgas (CNG);;;150.0;0.044180455742819875;;;;True
266;Volkswagen;Caddy;2015-12-01;10500.0;Fairer Preis;238944.0;Schaltgetriebe;Diesel;4.7;122.0;102.0;0.04394335074327039;7.755;1435.25;2257.91;True
267;Renault;Megane;2018-07-01;8500.0;Guter Preis;180000.0;Automatik;Diesel;3.7;95.0;110.0;0.04722222222222222;6.1049999999999995;1129.88;1758.21;True
268;Nissan;Juke;2014-09-01;5990.0;Erhöhter Preis;185000.0;Schaltgetriebe;Benzin;6.0;138.0;94.0;0.03237837837837838;10.620000000000001;1965.49;2554.03;True
269;Dodge;RAM;2013-04-01;24990.0;Sehr guter Preis;119500.0;Automatik;Benzin;;;401.0;0.2091213389121339;;;;True
270;BMW;118;2015-03-01;9799.0;Guter Preis;140636.0;Schaltgetriebe;Benzin;5.7;135.0;136.0;0.06967632754060127;10.089;1867.22;2498.51;True
271;Opel;Meriva;2011-04-01;5980.0;Sehr guter Preis;73387.0;Schaltgetriebe;Benzin;5.6;;120.0;0.08148582173954515;9.911999999999999;1834.46;;True
272;Nissan;Qashqai;2014-09-01;10999.0;Sehr guter Preis;96500.0;Schaltgetriebe;Diesel;4.4;115.0;131.0;0.11397927461139896;7.26;1343.64;2128.36;True
273;Mercedes-Benz;GLK 220;2013-06-01;14490.0;Fairer Preis;182068.0;Automatik;Diesel;6.1;159.0;170.0;0.07958564931783729;10.065;1862.78;2942.69;True
274;Skoda;Yeti;2012-12-01;10990.0;Guter Preis;112000.0;Automatik;Diesel;6.0;159.0;140.0;0.098125;9.899999999999999;1832.24;2942.69;True
275;Volkswagen;Passat Alltrack;2014-11-01;11900.0;Fairer Preis;158896.0;Schaltgetriebe;Diesel;5.7;150.0;140.0;0.07489175309636492;9.405;1740.63;2776.12;True
276;Renault;Talisman;2017-10-01;14990.0;Sehr guter Preis;67858.0;Automatik;Diesel;;;160.0;0.22090247281086975;;;;True
277;Mitsubishi;Space Star;2019-03-01;5450.0;Sehr guter Preis;70200.0;Schaltgetriebe;Benzin;4.2;96.0;71.0;0.07763532763532764;7.434;1375.84;1776.72;True
278;Volkswagen;Touran;2012-01-01;4990.0;Sehr guter Preis;183000.0;Schaltgetriebe;Benzin;6.8;159.0;140.0;0.02726775956284153;12.036;2227.56;2942.69;True
279;Audi;A8;2011-04-01;24999.0;Sehr guter Preis;64900.0;Automatik;Diesel;;;250.0;0.38519260400616334;;;;True
280;BMW;320;2020-05-01;15550.0;Sehr guter Preis;217000.0;Automatik;Diesel;;;190.0;0.07165898617511521;;;;True
281;Audi;SQ5;2014-07-01;19490.0;Keine Information;147812.0;Automatik;Diesel;6.8;180.0;313.0;0.13185668281330337;11.219999999999999;2076.54;3331.34;True
282;Porsche;Panamera;2013-05-01;27850.0;Guter Preis;163000.0;Automatik;Benzin;10.8;254.0;400.0;0.17085889570552149;19.116000000000003;3537.89;4700.89;False
283;Volkswagen;Golf;2013-11-01;17480.0;Erhöhter Preis;125712.0;Automatik;Diesel;4.5;119.0;184.0;0.13904798269059437;7.425;1374.18;2202.39;True
284;BMW;116;2017-03-01;9990.0;Sehr guter Preis;157445.0;Schaltgetriebe;Diesel;;;116.0;0.06345072882593922;;;;True
285;Chevrolet;Orlando;2012-02-01;3990.0;Guter Preis;369014.0;Automatik;Diesel;5.3;186.0;163.0;0.010812597896014785;8.745;1618.48;3442.39;True
286;Renault;Clio;2014-03-01;4990.0;Fairer Preis;160794.0;Schaltgetriebe;Benzin;4.5;107.0;90.0;0.03103349627473662;7.965;1474.12;1980.3;True
287;Audi;Q5;2011-03-01;14990.0;Keine Information;150000.0;Automatik;Diesel;7.5;199.0;239.0;0.09993333333333333;12.375;2290.3;3682.98;True
288;Renault;Captur;2014-11-01;11890.0;Guter Preis;50330.0;Automatik;Benzin;;;120.0;0.2362408106497119;;;;True
289;Renault;Scenic;2015-03-01;7480.0;Sehr guter Preis;151011.0;Schaltgetriebe;Diesel;4.7;122.0;131.0;0.0495328154902623;7.755;1435.25;2257.91;True
290;Nissan;Qashqai;2015-10-01;9990.0;Guter Preis;120000.0;Schaltgetriebe;Diesel;3.8;99.0;110.0;0.08325;6.27;1160.42;1832.24;True
291;Volkswagen;Passat Variant;2018-11-01;14480.0;Sehr guter Preis;148931.0;Automatik;Diesel;0.0;0.0;150.0;0.09722623228206351;0.0;0.0;0.0;True
292;Toyota;Aygo;2015-06-01;7900.0;Guter Preis;50500.0;Schaltgetriebe;Benzin;4.1;95.0;69.0;0.15643564356435644;7.257;1343.09;1758.21;True
293;Volkswagen;Touran;2013-10-01;6490.0;Fairer Preis;280956.0;Schaltgetriebe;Diesel;4.6;121.0;105.0;0.023099702444510883;7.589999999999999;1404.72;2239.4;True
294;Mercedes-Benz;C 250;2015-10-01;16480.0;Sehr guter Preis;151500.0;Automatik;Benzin;;0.0;211.0;0.10877887788778878;;;0.0;True
295;Mercedes-Benz;Citan;2017-05-01;6390.0;Guter Preis;167300.0;Schaltgetriebe;Diesel;4.3;112.0;75.0;0.03819485953377167;7.095;1313.1;2072.84;True
296;Renault;Clio;2016-05-01;6990.0;Keine Information;116200.0;Schaltgetriebe;Benzin;5.6;133.0;73.0;0.06015490533562823;9.911999999999999;1834.46;2461.49;True
297;Mazda;2;2013-04-01;5500.0;Guter Preis;156450.0;Schaltgetriebe;Benzin;5.8;137.0;102.0;0.03515500159795462;10.266;1899.98;2535.52;True
298;Mercedes-Benz;C 180;2011-06-01;10885.0;Fairer Preis;140500.0;Schaltgetriebe;Benzin;;;156.0;0.07747330960854093;;;;True
299;Peugeot;5008;2017-10-01;11790.0;Keine Information;114607.0;Schaltgetriebe;Benzin;;;131.0;0.10287329744256458;;;;True
300;SEAT;Altea;2013-03-01;7980.0;Sehr guter Preis;123000.0;Schaltgetriebe;Diesel;;0.0;140.0;0.06487804878048781;;;0.0;True
301;Mercedes-Benz;B 180;2012-07-01;9900.0;Fairer Preis;136713.0;Schaltgetriebe;Benzin;;;122.0;0.07241447411731144;;;;True
302;Jeep;Renegade;2015-03-01;12960.0;Sehr guter Preis;102632.0;Automatik;Diesel;5.8;150.0;140.0;0.12627640501987683;9.569999999999999;1771.16;2776.12;True
303;Hyundai;iX35;2013-02-01;9940.0;Guter Preis;75800.0;Schaltgetriebe;Benzin;6.8;161.0;135.0;0.13113456464379947;12.036;2227.56;2979.7;True
304;Mitsubishi;Space Star;2021-07-01;8990.0;Sehr guter Preis;13711.0;Schaltgetriebe;Benzin;5.0;113.0;71.0;0.6556779228356794;8.85;1637.91;2091.34;True
305;Volkswagen;Tiguan;2014-12-01;16990.0;Guter Preis;87670.0;Automatik;Diesel;6.0;;140.0;0.19379491274096042;9.899999999999999;1832.24;;True
306;BMW;X1;2014-07-01;8900.0;Fairer Preis;171400.0;Schaltgetriebe;Benzin;7.7;182.0;150.0;0.051925320886814466;13.629000000000001;2522.38;3368.36;True
307;Opel;Corsa;2013-06-01;3999.0;Fairer Preis;183026.0;Schaltgetriebe;Diesel;4.4;117.0;95.0;0.021849354736485527;7.26;1343.64;2165.37;True
308;Skoda;Fabia;2019-02-01;8800.0;Sehr guter Preis;98747.0;Schaltgetriebe;Benzin;4.8;109.0;75.0;0.08911663139133341;8.496;1572.39;2017.31;True
309;Mercedes-Benz;C 220;2011-10-01;8490.0;Keine Information;243000.0;Schaltgetriebe;Diesel;6.1;161.0;170.0;0.03493827160493827;10.065;1862.78;2979.7;True
310;Toyota;iQ;2011-12-01;5900.0;Guter Preis;156893.0;Automatik;Benzin;4.7;110.0;68.0;0.037605246888006476;8.319;1539.64;2035.82;True
311;Opel;Zafira Tourer;2013-06-01;11990.0;Sehr guter Preis;119210.0;Automatik;Diesel;6.0;159.0;165.0;0.10057881050247462;9.899999999999999;1832.24;2942.69;True
312;Fiat;Panda;2016-01-01;6980.0;Guter Preis;53000.0;Schaltgetriebe;Benzin;;;69.0;0.13169811320754718;;;;True
313;Land Rover;Discovery;2018-01-01;18550.0;Sehr guter Preis;259280.0;Automatik;Diesel;7.2;189.0;258.0;0.07154427645788337;11.879999999999999;2198.69;3497.91;True
314;Mercedes-Benz;B 180;2013-04-01;8380.0;Sehr guter Preis;174395.0;Automatik;Diesel;4.6;122.0;109.0;0.048051836348519165;7.589999999999999;1404.72;2257.91;True
315;Porsche;Macan;2015-05-01;22900.0;Keine Information;241222.0;Automatik;Diesel;6.3;167.0;258.0;0.0949332979578977;10.395;1923.85;3090.75;True
316;BMW;435;2016-07-01;21880.0;Sehr guter Preis;106245.0;Automatik;Diesel;;;313.0;0.20593910301661256;;;;True
317;Volkswagen;Phaeton;2014-09-01;13990.0;Keine Information;163000.0;Automatik;Diesel;8.5;224.0;245.0;0.0858282208588957;14.024999999999999;2595.67;4145.67;True
318;Volkswagen;Golf;2012-05-01;9480.0;Guter Preis;182500.0;Automatik;Diesel;5.1;134.0;140.0;0.051945205479452056;8.415;1557.4;2480.0;True
319;Opel;Meriva;2015-03-01;8750.0;Sehr guter Preis;64950.0;Schaltgetriebe;Benzin;6.3;149.0;140.0;0.13471901462663588;11.151;2063.77;2757.61;True
320;Ford;C-Max;2015-06-01;8990.0;Guter Preis;99251.0;Schaltgetriebe;Benzin;6.2;146.0;125.0;0.0905784324591188;10.974;2031.01;2702.09;True
321;Skoda;Rapid/Spaceback;2018-08-01;9810.0;Sehr guter Preis;102000.0;Schaltgetriebe;Benzin;;;110.0;0.0961764705882353;;;;True
322;Mercedes-Benz;E 200;2014-04-01;14900.0;Sehr guter Preis;149989.0;Automatik;Benzin;6.1;142.0;184.0;0.09934061831200955;10.796999999999999;1998.25;2628.06;True
323;Skoda;Octavia;2014-06-01;5950.0;Erhöhter Preis;259000.0;Schaltgetriebe;Diesel;4.5;119.0;105.0;0.022972972972972974;7.425;1374.18;2202.39;True
324;Opel;Mokka X;2017-06-01;11880.0;Sehr guter Preis;101266.0;Automatik;Diesel;;;136.0;0.11731479469910927;;;;True
325;Ford;Fiesta;2011-10-01;6990.0;Sehr guter Preis;53588.0;Schaltgetriebe;Benzin;;;97.0;0.13043965066806001;;;;True
326;BMW;116;2014-02-01;7900.0;Guter Preis;136017.0;Schaltgetriebe;Benzin;;;136.0;0.05808097517222112;;;;True
327;Volkswagen;Golf GTI;2016-08-01;16890.0;Sehr guter Preis;100103.0;Automatik;Benzin;;;230.0;0.16872621200163831;;;;True
328;Volkswagen;Phaeton;2013-02-01;18990.0;Fairer Preis;139900.0;Automatik;Benzin;12.5;296.0;334.0;0.1357398141529664;22.125;4094.77;5478.21;False
329;BMW;X6;2017-02-01;29900.0;Guter Preis;154000.0;Automatik;Diesel;7.0;183.0;258.0;0.19415584415584416;11.549999999999999;2137.61;3386.86;True
330;Renault;Kangoo;2012-09-01;7250.0;Guter Preis;109000.0;Schaltgetriebe;Benzin;7.7;182.0;106.0;0.06651376146788991;13.629000000000001;2522.38;3368.36;True
331;BMW;X3;2011-09-01;14990.0;Keine Information;223000.0;Automatik;Diesel;6.0;159.0;258.0;0.06721973094170404;9.899999999999999;1832.24;2942.69;True
332;Toyota;Verso;2014-09-01;12290.0;Sehr guter Preis;83532.0;Schaltgetriebe;Benzin;6.8;158.0;147.0;0.14712924388258392;12.036;2227.56;2924.18;True
333;Ford;Focus;2019-06-01;7500.0;Sehr guter Preis;182091.0;Automatik;Diesel;4.7;122.0;120.0;0.041188197110236094;7.755;1435.25;2257.91;True
334;Jeep;Compass;2013-08-01;6500.0;Fairer Preis;166000.0;Schaltgetriebe;Diesel;6.6;175.0;163.0;0.0391566265060241;10.889999999999999;2015.46;3238.8;True
335;Peugeot;308;2012-05-01;2990.0;Sehr guter Preis;181249.0;Schaltgetriebe;Diesel;;;111.0;0.016496642740097878;;;;True
336;Nissan;NV200;2014-03-01;7990.0;Sehr guter Preis;154332.0;Schaltgetriebe;Diesel;5.5;146.0;110.0;0.05177150558536143;9.075;1679.55;2702.09;True
337;Audi;A6;2014-07-01;12970.0;Keine Information;218000.0;Automatik;Diesel;;;313.0;0.0594954128440367;;;;True
338;Skoda;Octavia;2012-06-01;5999.0;Sehr guter Preis;125714.0;Schaltgetriebe;Benzin;6.3;148.0;122.0;0.047719426635060534;11.151;2063.77;2739.1;True
339;Fiat;Tipo;2016-11-01;6500.0;Sehr guter Preis;69000.0;Schaltgetriebe;Benzin;;;95.0;0.09420289855072464;;;;True
340;BMW;218;2015-10-01;12999.0;Sehr guter Preis;96310.0;Automatik;Diesel;4.1;109.0;150.0;0.13497040805731492;6.764999999999999;1252.03;2017.31;True
341;Mercedes-Benz;B 180;2013-04-01;8380.0;Sehr guter Preis;174395.0;Automatik;Diesel;4.6;122.0;109.0;0.048051836348519165;7.589999999999999;1404.72;2257.91;True
342;Hyundai;i20;2012-02-01;3890.0;Sehr guter Preis;148988.0;Schaltgetriebe;Benzin;4.9;114.0;86.0;0.026109485327677397;8.673;1605.15;2109.85;True
343;Volkswagen;Golf;2015-05-01;4970.0;Guter Preis;305484.0;Schaltgetriebe;Diesel;;;110.0;0.016269264511398304;;;;True
344;Audi;S3;2012-07-01;13260.0;Keine Information;155650.0;Automatik;Benzin;8.4;195.0;265.0;0.08519113395438484;14.868;2751.69;3608.95;True
345;BMW;318;2015-02-01;7990.0;Sehr guter Preis;244171.0;Automatik;Diesel;4.5;119.0;143.0;0.03272296873912135;7.425;1374.18;2202.39;True
346;Opel;Corsa-e;2014-12-01;8600.0;Sehr guter Preis;36000.0;Automatik;Benzin;4.8;112.0;90.0;0.2388888888888889;8.496;1572.39;2072.84;True
347;Ford;C-Max;2013-09-01;5990.0;Guter Preis;110323.0;Schaltgetriebe;Benzin;5.1;121.0;125.0;0.054295115252485884;9.027;1670.67;2239.4;True
348;Volkswagen;Golf Variant;2016-12-01;7780.0;Guter Preis;197000.0;Schaltgetriebe;Diesel;4.0;103.0;110.0;0.03949238578680203;6.6;1221.49;1906.27;True
349;Ford;Fiesta;2012-04-01;3600.0;Sehr guter Preis;158119.0;Schaltgetriebe;Benzin;5.6;129.0;82.0;0.02276766233027024;9.911999999999999;1834.46;2387.46;True
350;SEAT;Leon;2015-11-01;7900.0;Sehr guter Preis;151100.0;Schaltgetriebe;Diesel;;;150.0;0.05228325612177366;;;;True
351;Jeep;Compass;2013-08-01;6500.0;Fairer Preis;166000.0;Schaltgetriebe;Diesel;6.6;175.0;163.0;0.0391566265060241;10.889999999999999;2015.46;3238.8;True
352;Ford;B-Max;2014-07-01;5950.0;Guter Preis;140000.0;Automatik;Benzin;6.4;152.0;105.0;0.0425;11.328000000000001;2096.52;2813.13;True
353;Mercedes-Benz;B 200;2015-06-01;8999.0;Guter Preis;232943.0;Schaltgetriebe;Diesel;4.3;114.0;136.0;0.0386317682866624;7.095;1313.1;2109.85;True
354;Opel;Astra;2017-02-01;5690.0;Guter Preis;193768.0;Schaltgetriebe;Diesel;3.5;92.0;110.0;0.029365013830973122;5.7749999999999995;1068.81;1702.69;True
355;Audi;A4;2013-02-01;12410.0;Sehr guter Preis;155921.0;Automatik;Diesel;;;177.0;0.07959158804779344;;;;True
356;Volkswagen;Golf;2013-09-01;9999.0;Sehr guter Preis;40000.0;Schaltgetriebe;Benzin;6.5;152.0;122.0;0.249975;11.505;2129.28;2813.13;True
357;Ford;Focus;2012-11-01;2600.0;Sehr guter Preis;309750.0;Schaltgetriebe;Diesel;4.5;119.0;95.0;0.008393866020984665;7.425;1374.18;2202.39;True
358;Opel;Zafira;2012-01-01;6750.0;Sehr guter Preis;111500.0;Schaltgetriebe;Sonstige;;;140.0;0.06053811659192825;;;;True
359;Volkswagen;Scirocco;2012-04-01;9995.0;Guter Preis;162000.0;Schaltgetriebe;Benzin;;;211.0;0.06169753086419753;;;;True
360;Opel;Corsa;2016-04-01;7700.0;Sehr guter Preis;79500.0;Schaltgetriebe;Benzin;5.6;128.0;90.0;0.09685534591194969;9.911999999999999;1834.46;2368.95;True
361;Volkswagen;Caddy;2014-09-01;11950.0;Sehr guter Preis;85136.0;Schaltgetriebe;Diesel;5.7;149.0;102.0;0.14036365344859988;9.405;1740.63;2757.61;True
362;Mercedes-Benz;C 180;2014-03-01;11000.0;Keine Information;100733.0;Automatik;Benzin;;;156.0;0.10919956717262466;;;;True
363;Mercedes-Benz;E 220;2012-07-01;8800.0;Fairer Preis;269287.0;Automatik;Diesel;5.4;143.0;170.0;0.03267888906631215;8.91;1649.01;2646.57;True
364;Skoda;Octavia;2014-11-01;11590.0;Guter Preis;164600.0;Schaltgetriebe;Diesel;4.6;122.0;184.0;0.0704131227217497;7.589999999999999;1404.72;2257.91;True
365;BMW;316;2015-04-01;11399.0;Sehr guter Preis;140201.0;Schaltgetriebe;Diesel;3.9;103.0;116.0;0.08130469825464869;6.435;1190.95;1906.27;True
366;Mercedes-Benz;C 220;2014-09-01;14990.0;Keine Information;149919.0;Automatik;Diesel;4.3;114.0;170.0;0.09998732648963773;7.095;1313.1;2109.85;True
367;BMW;X1;2013-11-01;9890.0;Fairer Preis;218950.0;Automatik;Diesel;5.5;146.0;184.0;0.04517013016670473;9.075;1679.55;2702.09;True
368;Opel;Insignia;2013-11-01;4499.0;Guter Preis;233720.0;Schaltgetriebe;Diesel;3.9;103.0;140.0;0.0192495293513606;6.435;1190.95;1906.27;True
369;Mercedes-Benz;E 250;2015-10-01;15999.0;Sehr guter Preis;192996.0;Automatik;Diesel;;;204.0;0.08289809115214823;;;;True
370;Peugeot;308;2012-05-01;2990.0;Sehr guter Preis;181249.0;Schaltgetriebe;Diesel;;;111.0;0.016496642740097878;;;;True
371;Dacia;Dokker;2015-11-01;7499.0;Sehr guter Preis;124100.0;Schaltgetriebe;Benzin;;;116.0;0.06042707493956487;;;;True
372;Volkswagen;Sharan;2014-05-01;8399.0;Sehr guter Preis;281493.0;Automatik;Diesel;5.7;149.0;140.0;0.029837331656559843;9.405;1740.63;2757.61;True
373;Mercedes-Benz;C 220;2015-03-01;12990.0;Sehr guter Preis;190282.0;Automatik;Diesel;4.3;108.0;170.0;0.0682670983067237;7.095;1313.1;1998.81;True
374;Skoda;Octavia;2016-11-01;8500.0;Sehr guter Preis;134400.0;Schaltgetriebe;Diesel;3.9;103.0;90.0;0.06324404761904762;6.435;1190.95;1906.27;True
375;Ford;S-Max;2016-04-01;8990.0;Keine Information;124869.0;Schaltgetriebe;Benzin;;;160.0;0.07199545123289207;;;;True
376;Audi;A6;2016-02-01;12950.0;Sehr guter Preis;188780.0;Schaltgetriebe;Diesel;4.6;;190.0;0.06859836847123636;7.589999999999999;1404.72;;True
377;Toyota;Verso-S;2014-09-01;9490.0;Sehr guter Preis;83300.0;Automatik;Benzin;5.2;120.0;101.0;0.11392557022809123;9.204;1703.43;2220.89;True
378;Audi;A4;2018-06-01;13700.0;Sehr guter Preis;129900.0;Automatik;Benzin;5.7;;150.0;0.10546574287913779;10.089;1867.22;;True
379;Land Rover;Range Rover Sport;2012-04-01;12500.0;Sehr guter Preis;237310.0;Automatik;Diesel;8.8;233.0;256.0;0.05267371792170578;14.52;2687.28;4312.24;True
380;Skoda;Fabia;2014-03-01;8499.0;Sehr guter Preis;108100.0;Automatik;Benzin;5.3;126.0;105.0;0.07862164662349676;9.381;1736.18;2331.94;True
381;Volkswagen;Touran;2013-02-01;9799.0;Sehr guter Preis;175451.0;Schaltgetriebe;Diesel;4.8;125.0;140.0;0.055850351380157426;7.919999999999999;1465.79;2313.43;True
382;Mercedes-Benz;E 300;2013-07-01;15999.0;Fairer Preis;208277.0;Automatik;Diesel;5.5;157.0;231.0;0.07681597103856883;9.075;1679.55;2905.67;True
383;Toyota;Avensis;2014-01-01;8600.0;Guter Preis;189392.0;Schaltgetriebe;Diesel;6.2;163.0;150.0;0.045408464982681425;10.23;1893.31;3016.72;True
384;Ford;Focus;2013-06-01;5700.0;Fairer Preis;111478.0;Schaltgetriebe;Benzin;5.1;121.0;125.0;0.05113116489352159;9.027;1670.67;2239.4;True
385;Skoda;Yeti;2014-04-01;9900.0;Sehr guter Preis;84326.0;Automatik;Benzin;;;105.0;0.1174015131750587;;;;True
386;BMW;X3;2012-12-01;11990.0;Sehr guter Preis;143240.0;Automatik;Benzin;6.9;;184.0;0.08370566880759564;12.213000000000001;2260.32;;True
387;Volkswagen;Passat;2017-01-01;10900.0;Sehr guter Preis;207700.0;Automatik;Diesel;4.4;;150.0;0.05247953779489649;7.26;1343.64;;True
388;Nissan;NV200;2014-03-01;7990.0;Sehr guter Preis;154332.0;Schaltgetriebe;Diesel;5.5;146.0;110.0;0.05177150558536143;9.075;1679.55;2702.09;True
389;Mercedes-Benz;Viano;2013-06-01;17999.0;Keine Information;174000.0;Automatik;Diesel;8.5;225.0;224.0;0.10344252873563219;14.024999999999999;2595.67;4164.18;True
390;BMW;320;2013-03-01;15700.0;Guter Preis;84318.0;Automatik;Diesel;;;184.0;0.18619986242557934;;;;True
391;Volkswagen;Passat Variant;2014-09-01;8999.0;Guter Preis;159946.0;Schaltgetriebe;Diesel;4.6;120.0;140.0;0.05626273867430258;7.589999999999999;1404.72;2220.89;True
392;Volkswagen;Golf;2013-11-01;17480.0;Erhöhter Preis;125712.0;Automatik;Diesel;4.5;119.0;184.0;0.13904798269059437;7.425;1374.18;2202.39;True
393;BMW;218;2016-02-01;7850.0;Guter Preis;309000.0;Automatik;Diesel;4.1;109.0;150.0;0.02540453074433657;6.764999999999999;1252.03;2017.31;True
394;Mercedes-Benz;C 180;2012-06-01;9900.0;Sehr guter Preis;162000.0;Automatik;Benzin;5.5;;156.0;0.06111111111111111;9.735;1801.7;;True
395;BMW;118;2012-04-01;4500.0;Fairer Preis;320000.0;Schaltgetriebe;Diesel;4.4;117.0;143.0;0.0140625;7.26;1343.64;2165.37;True
396;Toyota;Yaris;2013-11-01;4900.0;Guter Preis;258660.0;Schaltgetriebe;Diesel;4.1;104.0;90.0;0.018943787211010595;6.764999999999999;1252.03;1924.78;True
397;BMW;216;2016-01-01;10680.0;Sehr guter Preis;91952.0;Schaltgetriebe;Benzin;5.1;118.0;102.0;0.11614755524621542;9.027;1670.67;2183.88;True
398;Hyundai;i10;2016-03-01;7990.0;Sehr guter Preis;38025.0;Schaltgetriebe;Benzin;4.7;108.0;67.0;0.2101249178172255;8.319;1539.64;1998.81;True
399;Toyota;Auris;;;Keine Information;;Keine Information;Keine Information;;;;;;;;True
400;Nissan;Qashqai;2014-09-01;10999.0;Sehr guter Preis;96500.0;Schaltgetriebe;Diesel;4.4;115.0;131.0;0.11397927461139896;7.26;1343.64;2128.36;True
401;Citroen;Grand C4 Picasso;2014-05-01;7400.0;Guter Preis;212400.0;Automatik;Diesel;4.4;115.0;150.0;0.03483992467043315;7.26;1343.64;2128.36;True
402;Mercedes-Benz;B 200;2012-05-01;7790.0;Guter Preis;240000.0;Automatik;Diesel;4.4;117.0;136.0;0.03245833333333333;7.26;1343.64;2165.37;True
403;Mazda;CX-5;2012-06-01;12450.0;Sehr guter Preis;113000.0;Automatik;Benzin;6.6;155.0;160.0;0.11017699115044248;11.681999999999999;2162.04;2868.66;True
404;Audi;A4;2013-10-01;6750.0;Sehr guter Preis;312000.0;Schaltgetriebe;Diesel;4.8;127.0;177.0;0.021634615384615384;7.919999999999999;1465.79;2350.45;True
405;Peugeot;Traveller;2017-09-01;16995.0;Guter Preis;196000.0;Schaltgetriebe;Diesel;5.3;139.0;150.0;0.08670918367346939;8.745;1618.48;2572.54;True
406;Volkswagen;Sharan;2013-06-01;14600.0;Sehr guter Preis;160000.0;Schaltgetriebe;Diesel;;;140.0;0.09125;;;;True
407;Audi;A6;2014-07-01;12970.0;Keine Information;218000.0;Automatik;Diesel;;;313.0;0.0594954128440367;;;;True
408;Renault;Talisman;2017-10-01;14990.0;Sehr guter Preis;67858.0;Automatik;Diesel;;;160.0;0.22090247281086975;;;;True
409;BMW;118;2015-03-01;9799.0;Guter Preis;140636.0;Schaltgetriebe;Benzin;5.7;135.0;136.0;0.06967632754060127;10.089;1867.22;2498.51;True
410;Nissan;Qashqai;2020-06-01;9900.0;Sehr guter Preis;350000.0;Schaltgetriebe;Diesel;3.8;100.0;116.0;0.028285714285714286;6.27;1160.42;1850.75;True
411;Porsche;Panamera;2013-05-01;27850.0;Guter Preis;163000.0;Automatik;Benzin;10.8;254.0;400.0;0.17085889570552149;19.116000000000003;3537.89;4700.89;False
412;Renault;Captur;2014-10-01;6990.0;Sehr guter Preis;191000.0;Schaltgetriebe;Diesel;3.6;95.0;90.0;0.03659685863874346;5.9399999999999995;1099.34;1758.21;True
413;Volkswagen;Caddy;2015-12-01;10500.0;Fairer Preis;238944.0;Schaltgetriebe;Diesel;4.7;122.0;102.0;0.04394335074327039;7.755;1435.25;2257.91;True
414;Mazda;MX-5;2013-04-01;10490.0;Sehr guter Preis;135760.0;Schaltgetriebe;Benzin;;;126.0;0.07726870948733058;;;;True
415;Volkswagen;Passat Alltrack;2014-11-01;11900.0;Fairer Preis;158896.0;Schaltgetriebe;Diesel;5.7;150.0;140.0;0.07489175309636492;9.405;1740.63;2776.12;True
416;Ford;Kuga;2017-01-01;8650.0;Sehr guter Preis;139693.0;Schaltgetriebe;Benzin;;;150.0;0.061921499287723794;;;;True
417;Opel;Mokka;2013-03-01;9780.0;Sehr guter Preis;105000.0;Schaltgetriebe;Benzin;6.3;149.0;140.0;0.09314285714285714;11.151;2063.77;2757.61;True
418;BMW;116;2017-03-01;9990.0;Sehr guter Preis;157445.0;Schaltgetriebe;Diesel;;;116.0;0.06345072882593922;;;;True
419;Audi;A4;2016-02-01;13499.0;Guter Preis;211000.0;Automatik;Diesel;4.3;116.0;150.0;0.06397630331753555;7.095;1313.1;2146.86;True
420;Mercedes-Benz;GLK 220;2013-06-01;14490.0;Fairer Preis;182068.0;Automatik;Diesel;6.1;159.0;170.0;0.07958564931783729;10.065;1862.78;2942.69;True
421;Opel;Astra;2014-12-01;4700.0;Guter Preis;194500.0;Schaltgetriebe;Diesel;3.7;;110.0;0.02416452442159383;6.1049999999999995;1129.88;;True
422;Renault;Captur;2014-11-01;11890.0;Guter Preis;50330.0;Automatik;Benzin;;;120.0;0.2362408106497119;;;;True
423;Volkswagen;Tiguan;2014-12-01;16990.0;Guter Preis;87670.0;Automatik;Diesel;6.0;;140.0;0.19379491274096042;9.899999999999999;1832.24;;True
424;Audi;SQ5;2014-07-01;19490.0;Keine Information;147812.0;Automatik;Diesel;6.8;180.0;313.0;0.13185668281330337;11.219999999999999;2076.54;3331.34;True
425;BMW;435;2016-07-01;21880.0;Sehr guter Preis;106245.0;Automatik;Diesel;;;313.0;0.20593910301661256;;;;True
426;Skoda;Octavia;2012-06-01;5999.0;Sehr guter Preis;125714.0;Schaltgetriebe;Benzin;6.3;148.0;122.0;0.047719426635060534;11.151;2063.77;2739.1;True
427;Volkswagen;Passat Variant;2018-11-01;14480.0;Sehr guter Preis;148931.0;Automatik;Diesel;0.0;0.0;150.0;0.09722623228206351;0.0;0.0;0.0;True
428;Renault;Megane;2018-07-01;8500.0;Guter Preis;180000.0;Automatik;Diesel;3.7;95.0;110.0;0.04722222222222222;6.1049999999999995;1129.88;1758.21;True
429;Audi;A6 allroad;2017-01-01;17900.0;Sehr guter Preis;198999.0;Automatik;Diesel;5.6;149.0;272.0;0.08995020075477766;9.239999999999998;1710.09;2757.61;True
430;BMW;116;2014-12-01;8499.0;Fairer Preis;255050.0;Schaltgetriebe;Diesel;4.3;114.0;116.0;0.033322877867084884;7.095;1313.1;2109.85;True
431;Nissan;Qashqai;2015-10-01;9990.0;Guter Preis;120000.0;Schaltgetriebe;Diesel;3.8;99.0;110.0;0.08325;6.27;1160.42;1832.24;True
432;Dodge;RAM;2013-04-01;24990.0;Sehr guter Preis;119500.0;Automatik;Benzin;;;401.0;0.2091213389121339;;;;True
433;Jeep;Renegade;2015-03-01;12960.0;Sehr guter Preis;102632.0;Automatik;Diesel;5.8;150.0;140.0;0.12627640501987683;9.569999999999999;1771.16;2776.12;True
434;Mercedes-Benz;A 180;2012-01-01;4910.0;Guter Preis;179000.0;Schaltgetriebe;Benzin;;;116.0;0.027430167597765363;;;;True
435;Skoda;Yeti;2012-12-01;10990.0;Guter Preis;112000.0;Automatik;Diesel;6.0;159.0;140.0;0.098125;9.899999999999999;1832.24;2942.69;True
436;Volkswagen;Touran;2012-09-01;9890.0;Fairer Preis;184000.0;Automatik;Diesel;5.2;135.0;140.0;0.05375;8.58;1587.94;2498.51;True
437;Opel;Mokka X;2017-06-01;11880.0;Sehr guter Preis;101266.0;Automatik;Diesel;;;136.0;0.11731479469910927;;;;True
438;Mercedes-Benz;C 250;2015-10-01;16480.0;Sehr guter Preis;151500.0;Automatik;Benzin;;0.0;211.0;0.10877887788778878;;;0.0;True
439;BMW;330;2016-12-01;19998.0;Sehr guter Preis;68500.0;Automatik;Benzin;6.2;144.0;252.0;0.2919416058394161;10.974;2031.01;2665.07;True
440;Peugeot;5008;2017-10-01;11790.0;Keine Information;114607.0;Schaltgetriebe;Benzin;;;131.0;0.10287329744256458;;;;True
441;Fiat;Scudo;2014-02-01;8950.0;Guter Preis;155000.0;Schaltgetriebe;Diesel;;;128.0;0.057741935483870965;;;;True
442;Toyota;Verso;2014-09-01;12290.0;Sehr guter Preis;83532.0;Schaltgetriebe;Benzin;6.8;158.0;147.0;0.14712924388258392;12.036;2227.56;2924.18;True
443;Mitsubishi;Space Star;2019-03-01;5450.0;Sehr guter Preis;70200.0;Schaltgetriebe;Benzin;4.2;96.0;71.0;0.07763532763532764;7.434;1375.84;1776.72;True
444;Audi;A5;2014-07-01;16990.0;Fairer Preis;170052.0;Automatik;Diesel;5.8;154.0;245.0;0.09991061557641193;9.569999999999999;1771.16;2850.15;True
445;BMW;525;2013-03-01;10850.0;Sehr guter Preis;224335.0;Automatik;Diesel;5.4;142.0;218.0;0.048365168163683775;8.91;1649.01;2628.06;True
446;Ford;C-Max;2015-06-01;8990.0;Guter Preis;99251.0;Schaltgetriebe;Benzin;6.2;146.0;125.0;0.0905784324591188;10.974;2031.01;2702.09;True
447;Opel;Insignia;2014-01-01;5990.0;Fairer Preis;193545.0;Schaltgetriebe;Diesel;;;140.0;0.03094887493864476;;;;True
448;Mitsubishi;Outlander;2017-01-01;14950.0;Sehr guter Preis;134600.0;Schaltgetriebe;Diesel;5.4;143.0;150.0;0.11106983655274888;8.91;1649.01;2646.57;True
449;Volkswagen;Golf;2015-11-01;14900.0;Guter Preis;18884.0;Automatik;Benzin;4.9;112.0;110.0;0.7890277483583986;8.673;1605.15;2072.84;True
450;Ford;Galaxy;2014-11-01;7990.0;Keine Information;234000.0;Automatik;Diesel;5.3;140.0;163.0;0.034145299145299145;8.745;1618.48;2591.04;True
451;Volkswagen;Golf;2015-03-01;9999.0;Sehr guter Preis;136400.0;Schaltgetriebe;Benzin;5.2;119.0;140.0;0.07330645161290322;9.204;1703.43;2202.39;True
452;Volkswagen;Touran;2012-02-01;6910.0;Guter Preis;156404.0;Schaltgetriebe;Erdgas (CNG);;;150.0;0.044180455742819875;;;;True
453;Volkswagen;Golf GTI;2016-08-01;16890.0;Sehr guter Preis;100103.0;Automatik;Benzin;;;230.0;0.16872621200163831;;;;True
454;Toyota;Aygo;2015-06-01;7900.0;Guter Preis;50500.0;Schaltgetriebe;Benzin;4.1;95.0;69.0;0.15643564356435644;7.257;1343.09;1758.21;True
455;Renault;Scenic;2015-03-01;7480.0;Sehr guter Preis;151011.0;Schaltgetriebe;Diesel;4.7;122.0;131.0;0.0495328154902623;7.755;1435.25;2257.91;True
456;Audi;A6;2014-04-01;14980.0;Guter Preis;138000.0;Schaltgetriebe;Diesel;;0.0;177.0;0.10855072463768116;;;0.0;True
457;Volkswagen;Phaeton;2013-02-01;18990.0;Fairer Preis;139900.0;Automatik;Benzin;12.5;296.0;334.0;0.1357398141529664;22.125;4094.77;5478.21;False
458;Opel;Meriva;2015-03-01;8750.0;Sehr guter Preis;64950.0;Schaltgetriebe;Benzin;6.3;149.0;140.0;0.13471901462663588;11.151;2063.77;2757.61;True
459;Volkswagen;Phaeton;2014-09-01;13990.0;Keine Information;163000.0;Automatik;Diesel;8.5;224.0;245.0;0.0858282208588957;14.024999999999999;2595.67;4145.67;True
460;Volkswagen;Touran;2013-10-01;6490.0;Fairer Preis;280956.0;Schaltgetriebe;Diesel;4.6;121.0;105.0;0.023099702444510883;7.589999999999999;1404.72;2239.4;True
461;Porsche;Macan;2015-05-01;22900.0;Keine Information;241222.0;Automatik;Diesel;6.3;167.0;258.0;0.0949332979578977;10.395;1923.85;3090.75;True
462;Mercedes-Benz;Citan;2017-05-01;6390.0;Guter Preis;167300.0;Schaltgetriebe;Diesel;4.3;112.0;75.0;0.03819485953377167;7.095;1313.1;2072.84;True
463;Mercedes-Benz;E 400;2015-04-01;26850.0;Fairer Preis;108400.0;Automatik;Benzin;7.2;170.0;333.0;0.24769372693726938;12.744;2358.59;3146.27;True
464;Fiat;Tipo;2016-11-01;6500.0;Sehr guter Preis;69000.0;Schaltgetriebe;Benzin;;;95.0;0.09420289855072464;;;;True
465;Skoda;Fabia;2019-02-01;8800.0;Sehr guter Preis;98747.0;Schaltgetriebe;Benzin;4.8;109.0;75.0;0.08911663139133341;8.496;1572.39;2017.31;True
466;Opel;Zafira Tourer;2013-06-01;11990.0;Sehr guter Preis;119210.0;Automatik;Diesel;6.0;159.0;165.0;0.10057881050247462;9.899999999999999;1832.24;2942.69;True
467;Opel;Insignia;2019-12-01;9999.0;Sehr guter Preis;184000.0;Schaltgetriebe;Diesel;5.9;154.0;136.0;0.05434239130434783;9.735;1801.7;2850.15;True
468;Nissan;Juke;2014-09-01;5990.0;Erhöhter Preis;185000.0;Schaltgetriebe;Benzin;6.0;138.0;94.0;0.03237837837837838;10.620000000000001;1965.49;2554.03;True
469;Mercedes-Benz;B 180;2012-07-01;9900.0;Fairer Preis;136713.0;Schaltgetriebe;Benzin;;;122.0;0.07241447411731144;;;;True
470;Renault;Megane;2016-05-01;8990.0;Guter Preis;106656.0;Schaltgetriebe;Benzin;5.4;120.0;101.0;0.08428967896789678;9.558000000000002;1768.94;2220.89;True
471;Renault;Clio;2014-03-01;4990.0;Fairer Preis;160794.0;Schaltgetriebe;Benzin;4.5;107.0;90.0;0.03103349627473662;7.965;1474.12;1980.3;True
472;Honda;Civic;2015-10-01;13480.0;Fairer Preis;78272.0;Schaltgetriebe;Benzin;5.8;137.0;141.0;0.1722199509403107;10.266;1899.98;2535.52;True
473;Volkswagen;T6 Kombi;2015-10-01;20989.0;Sehr guter Preis;149750.0;Schaltgetriebe;Diesel;6.0;;150.0;0.1401602671118531;9.899999999999999;1832.24;;True
474;Audi;A4;2015-07-01;13990.0;Guter Preis;133797.0;Automatik;Benzin;6.2;144.0;170.0;0.10456138777401586;10.974;2031.01;2665.07;True
475;Fiat;Panda;2016-01-01;6980.0;Guter Preis;53000.0;Schaltgetriebe;Benzin;;;69.0;0.13169811320754718;;;;True
476;SEAT;Altea;2013-03-01;7980.0;Sehr guter Preis;123000.0;Schaltgetriebe;Diesel;;0.0;140.0;0.06487804878048781;;;0.0;True
477;Volkswagen;Polo;2016-12-01;9877.0;Guter Preis;73850.0;Schaltgetriebe;Benzin;4.7;107.0;90.0;0.13374407582938388;8.319;1539.64;1980.3;True
478;Mercedes-Benz;E 200;2014-04-01;14900.0;Sehr guter Preis;149989.0;Automatik;Benzin;6.1;142.0;184.0;0.09934061831200955;10.796999999999999;1998.25;2628.06;True
479;Skoda;Fabia;2015-05-01;12490.0;Sehr guter Preis;59992.0;Automatik;Benzin;4.7;109.0;110.0;0.20819442592345647;8.319;1539.64;2017.31;True
480;Audi;A6;2015-07-01;24940.0;Sehr guter Preis;169500.0;Automatik;Diesel;6.2;164.0;326.0;0.1471386430678466;10.23;1893.31;3035.22;True
481;Chevrolet;Orlando;2012-02-01;3990.0;Guter Preis;369014.0;Automatik;Diesel;5.3;186.0;163.0;0.010812597896014785;8.745;1618.48;3442.39;True
482;Toyota;Hilux;2015-03-01;18980.0;Guter Preis;220497.0;Automatik;Diesel;;;171.0;0.08607826863857558;;;;True
483;BMW;218;2015-10-01;12999.0;Sehr guter Preis;96310.0;Automatik;Diesel;4.1;109.0;150.0;0.13497040805731492;6.764999999999999;1252.03;2017.31;True
484;Audi;A5;2016-09-01;19250.0;Sehr guter Preis;139864.0;Automatik;Diesel;5.7;151.0;245.0;0.13763370130984384;9.405;1740.63;2794.63;True
485;Volkswagen;Golf;2012-05-01;9480.0;Guter Preis;182500.0;Automatik;Diesel;5.1;134.0;140.0;0.051945205479452056;8.415;1557.4;2480.0;True
486;Peugeot;3008;2019-03-01;13990.0;Guter Preis;181260.0;Automatik;Diesel;;;131.0;0.07718194858214719;;;;True
487;Renault;Clio;2016-05-01;6990.0;Keine Information;116200.0;Schaltgetriebe;Benzin;5.6;133.0;73.0;0.06015490533562823;9.911999999999999;1834.46;2461.49;True
488;Audi;Q3;2018-05-01;18890.0;Sehr guter Preis;79805.0;Schaltgetriebe;Diesel;;;150.0;0.23670196103001065;;;;True
489;BMW;520;2017-02-01;13980.0;Keine Information;180000.0;Automatik;Diesel;4.6;121.0;190.0;0.07766666666666666;7.589999999999999;1404.72;2239.4;True
490;Mitsubishi;Space Star;2021-07-01;8990.0;Sehr guter Preis;13711.0;Schaltgetriebe;Benzin;5.0;113.0;71.0;0.6556779228356794;8.85;1637.91;2091.34;True
491;BMW;X1;2014-07-01;8900.0;Fairer Preis;171400.0;Schaltgetriebe;Benzin;7.7;182.0;150.0;0.051925320886814466;13.629000000000001;2522.38;3368.36;True
492;BMW;220;2015-06-01;13950.0;Sehr guter Preis;121900.0;Automatik;Diesel;5.2;155.0;190.0;0.11443806398687449;8.58;1587.94;2868.66;True
493;Mercedes-Benz;Vito;2012-05-01;14950.0;Fairer Preis;164000.0;Schaltgetriebe;Diesel;;;163.0;0.09115853658536585;;;;True
494;Mercedes-Benz;E 220;2016-04-01;26990.0;Sehr guter Preis;138000.0;Automatik;Diesel;3.9;102.0;194.0;0.19557971014492753;6.435;1190.95;1887.76;True
495;Audi;A6;2013-07-01;14990.0;Guter Preis;169378.0;Automatik;Diesel;5.7;151.0;204.0;0.08850027748586003;9.405;1740.63;2794.63;True
496;Audi;A3;2015-04-01;15480.0;Sehr guter Preis;85850.0;Automatik;Benzin;4.4;116.0;179.0;0.18031450203843913;7.788000000000001;1441.36;2146.86;True
497;Mazda;2;2013-04-01;5500.0;Guter Preis;156450.0;Schaltgetriebe;Benzin;5.8;137.0;102.0;0.03515500159795462;10.266;1899.98;2535.52;True
498;Opel;Meriva;2013-12-01;9990.0;Sehr guter Preis;76407.0;Automatik;Benzin;;;140.0;0.1307471828497389;;;;True
499;BMW;X6;2014-09-01;26880.0;Sehr guter Preis;68520.0;Automatik;Diesel;7.4;195.0;245.0;0.3922942206654991;12.209999999999999;2259.76;3608.95;True
500;Opel;Corsa;2013-06-01;3999.0;Fairer Preis;183026.0;Schaltgetriebe;Diesel;4.4;117.0;95.0;0.021849354736485527;7.26;1343.64;2165.37;True
501;Ford;Focus;2019-06-01;7500.0;Sehr guter Preis;182091.0;Automatik;Diesel;4.7;122.0;120.0;0.041188197110236094;7.755;1435.25;2257.91;True
502;Jeep;Compass;2013-08-01;6500.0;Fairer Preis;166000.0;Schaltgetriebe;Diesel;6.6;175.0;163.0;0.0391566265060241;10.889999999999999;2015.46;3238.8;True
503;BMW;218;2015-10-01;12999.0;Sehr guter Preis;96310.0;Automatik;Diesel;4.1;109.0;150.0;0.13497040805731492;6.764999999999999;1252.03;2017.31;True
504;Nissan;NV200;2014-03-01;7990.0;Sehr guter Preis;154332.0;Schaltgetriebe;Diesel;5.5;146.0;110.0;0.05177150558536143;9.075;1679.55;2702.09;True
505;Fiat;Tipo;2016-11-01;6500.0;Sehr guter Preis;69000.0;Schaltgetriebe;Benzin;;;95.0;0.09420289855072464;;;;True
506;Audi;A6;2014-07-01;12970.0;Keine Information;218000.0;Automatik;Diesel;;;313.0;0.0594954128440367;;;;True
507;Mercedes-Benz;B 180;2013-04-01;8380.0;Sehr guter Preis;174395.0;Automatik;Diesel;4.6;122.0;109.0;0.048051836348519165;7.589999999999999;1404.72;2257.91;True
508;Volkswagen;Golf Variant;2016-12-01;7780.0;Guter Preis;197000.0;Schaltgetriebe;Diesel;4.0;103.0;110.0;0.03949238578680203;6.6;1221.49;1906.27;True
509;Opel;Corsa-e;2014-12-01;8600.0;Sehr guter Preis;36000.0;Automatik;Benzin;4.8;112.0;90.0;0.2388888888888889;8.496;1572.39;2072.84;True
510;Volkswagen;Golf;2015-05-01;4970.0;Guter Preis;305484.0;Schaltgetriebe;Diesel;;;110.0;0.016269264511398304;;;;True
511;SEAT;Leon;2015-11-01;7900.0;Sehr guter Preis;151100.0;Schaltgetriebe;Diesel;;;150.0;0.05228325612177366;;;;True
512;Opel;Corsa;2016-04-01;7700.0;Sehr guter Preis;79500.0;Schaltgetriebe;Benzin;5.6;128.0;90.0;0.09685534591194969;9.911999999999999;1834.46;2368.95;True
513;Ford;C-Max;2013-09-01;5990.0;Guter Preis;110323.0;Schaltgetriebe;Benzin;5.1;121.0;125.0;0.054295115252485884;9.027;1670.67;2239.4;True
514;Opel;Astra;2017-02-01;5690.0;Guter Preis;193768.0;Schaltgetriebe;Diesel;3.5;92.0;110.0;0.029365013830973122;5.7749999999999995;1068.81;1702.69;True
515;Mercedes-Benz;B 200;2015-06-01;8999.0;Guter Preis;232943.0;Schaltgetriebe;Diesel;4.3;114.0;136.0;0.0386317682866624;7.095;1313.1;2109.85;True
516;Volkswagen;Caddy;2014-09-01;11950.0;Sehr guter Preis;85136.0;Schaltgetriebe;Diesel;5.7;149.0;102.0;0.14036365344859988;9.405;1740.63;2757.61;True
517;Ford;B-Max;2014-07-01;5950.0;Guter Preis;140000.0;Automatik;Benzin;6.4;152.0;105.0;0.0425;11.328000000000001;2096.52;2813.13;True
518;Mercedes-Benz;C 180;2014-03-01;11000.0;Keine Information;100733.0;Automatik;Benzin;;;156.0;0.10919956717262466;;;;True
519;Jeep;Compass;2013-08-01;6500.0;Fairer Preis;166000.0;Schaltgetriebe;Diesel;6.6;175.0;163.0;0.0391566265060241;10.889999999999999;2015.46;3238.8;True
520;Mercedes-Benz;C 220;2014-09-01;14990.0;Keine Information;149919.0;Automatik;Diesel;4.3;114.0;170.0;0.09998732648963773;7.095;1313.1;2109.85;True
521;Audi;A6;2016-02-01;12950.0;Sehr guter Preis;188780.0;Schaltgetriebe;Diesel;4.6;;190.0;0.06859836847123636;7.589999999999999;1404.72;;True
522;Volkswagen;Golf;2013-09-01;9999.0;Sehr guter Preis;40000.0;Schaltgetriebe;Benzin;6.5;152.0;122.0;0.249975;11.505;2129.28;2813.13;True
523;Mercedes-Benz;E 250;2015-10-01;15999.0;Sehr guter Preis;192996.0;Automatik;Diesel;;;204.0;0.08289809115214823;;;;True
524;Audi;A4;2013-02-01;12410.0;Sehr guter Preis;155921.0;Automatik;Diesel;;;177.0;0.07959158804779344;;;;True
525;Ford;S-Max;2016-04-01;8990.0;Keine Information;124869.0;Schaltgetriebe;Benzin;;;160.0;0.07199545123289207;;;;True
526;Mercedes-Benz;C 220;2015-03-01;12990.0;Sehr guter Preis;190282.0;Automatik;Diesel;4.3;108.0;170.0;0.0682670983067237;7.095;1313.1;1998.81;True
527;Toyota;Verso-S;2014-09-01;9490.0;Sehr guter Preis;83300.0;Automatik;Benzin;5.2;120.0;101.0;0.11392557022809123;9.204;1703.43;2220.89;True
528;BMW;318;2015-02-01;7990.0;Sehr guter Preis;244171.0;Automatik;Diesel;4.5;119.0;143.0;0.03272296873912135;7.425;1374.18;2202.39;True
529;BMW;X1;2013-11-01;9890.0;Fairer Preis;218950.0;Automatik;Diesel;5.5;146.0;184.0;0.04517013016670473;9.075;1679.55;2702.09;True
530;Skoda;Octavia;2014-11-01;11590.0;Guter Preis;164600.0;Schaltgetriebe;Diesel;4.6;122.0;184.0;0.0704131227217497;7.589999999999999;1404.72;2257.91;True
531;Opel;Insignia;2013-11-01;4499.0;Guter Preis;233720.0;Schaltgetriebe;Diesel;3.9;103.0;140.0;0.0192495293513606;6.435;1190.95;1906.27;True
532;Audi;A4;2018-06-01;13700.0;Sehr guter Preis;129900.0;Automatik;Benzin;5.7;;150.0;0.10546574287913779;10.089;1867.22;;True
533;Skoda;Fabia;2014-03-01;8499.0;Sehr guter Preis;108100.0;Automatik;Benzin;5.3;126.0;105.0;0.07862164662349676;9.381;1736.18;2331.94;True
534;BMW;218;2016-02-01;7850.0;Guter Preis;309000.0;Automatik;Diesel;4.1;109.0;150.0;0.02540453074433657;6.764999999999999;1252.03;2017.31;True
535;Volkswagen;Sharan;2014-05-01;8399.0;Sehr guter Preis;281493.0;Automatik;Diesel;5.7;149.0;140.0;0.029837331656559843;9.405;1740.63;2757.61;True
536;BMW;216;2016-01-01;10680.0;Sehr guter Preis;91952.0;Schaltgetriebe;Benzin;5.1;118.0;102.0;0.11614755524621542;9.027;1670.67;2183.88;True
537;Skoda;Yeti;2014-04-01;9900.0;Sehr guter Preis;84326.0;Automatik;Benzin;;;105.0;0.1174015131750587;;;;True
538;BMW;218;2015-10-01;12999.0;Sehr guter Preis;96310.0;Automatik;Diesel;4.1;109.0;150.0;0.13497040805731492;6.764999999999999;1252.03;2017.31;True
539;Dacia;Dokker;2015-11-01;7499.0;Sehr guter Preis;124100.0;Schaltgetriebe;Benzin;;;116.0;0.06042707493956487;;;;True
540;Mercedes-Benz;E 300;2013-07-01;15999.0;Fairer Preis;208277.0;Automatik;Diesel;5.5;157.0;231.0;0.07681597103856883;9.075;1679.55;2905.67;True
541;Audi;SQ5;2014-07-01;19490.0;Keine Information;147812.0;Automatik;Diesel;6.8;180.0;313.0;0.13185668281330337;11.219999999999999;2076.54;3331.34;True
542;Hyundai;i10;2014-04-01;6990.0;Guter Preis;86250.0;Schaltgetriebe;Benzin;4.9;116.0;87.0;0.08104347826086956;8.673;1605.15;2146.86;True
543;Hyundai;i10;2016-03-01;7990.0;Sehr guter Preis;38025.0;Schaltgetriebe;Benzin;4.7;108.0;67.0;0.2101249178172255;8.319;1539.64;1998.81;True
544;Nissan;Qashqai;2020-06-01;9900.0;Sehr guter Preis;350000.0;Schaltgetriebe;Diesel;3.8;100.0;116.0;0.028285714285714286;6.27;1160.42;1850.75;True
545;Volkswagen;Passat Variant;2014-09-01;8999.0;Guter Preis;159946.0;Schaltgetriebe;Diesel;4.6;120.0;140.0;0.05626273867430258;7.589999999999999;1404.72;2220.89;True
546;Volkswagen;Touran;2013-02-01;9799.0;Sehr guter Preis;175451.0;Schaltgetriebe;Diesel;4.8;125.0;140.0;0.055850351380157426;7.919999999999999;1465.79;2313.43;True
547;BMW;320;2013-03-01;15700.0;Guter Preis;84318.0;Automatik;Diesel;;;184.0;0.18619986242557934;;;;True
548;Volkswagen;Passat;2017-01-01;10900.0;Sehr guter Preis;207700.0;Automatik;Diesel;4.4;;150.0;0.05247953779489649;7.26;1343.64;;True
549;Volkswagen;Golf;2013-11-01;17480.0;Erhöhter Preis;125712.0;Automatik;Diesel;4.5;119.0;184.0;0.13904798269059437;7.425;1374.18;2202.39;True
550;BMW;118;2015-03-01;9799.0;Guter Preis;140636.0;Schaltgetriebe;Benzin;5.7;135.0;136.0;0.06967632754060127;10.089;1867.22;2498.51;True
551;Toyota;Avensis;2014-01-01;8600.0;Guter Preis;189392.0;Schaltgetriebe;Diesel;6.2;163.0;150.0;0.045408464982681425;10.23;1893.31;3016.72;True
552;Renault;Talisman;2017-10-01;14990.0;Sehr guter Preis;67858.0;Automatik;Diesel;;;160.0;0.22090247281086975;;;;True
553;Nissan;Qashqai;2014-09-01;10999.0;Sehr guter Preis;96500.0;Schaltgetriebe;Diesel;4.4;115.0;131.0;0.11397927461139896;7.26;1343.64;2128.36;True
554;Jeep;Renegade;2015-03-01;12960.0;Sehr guter Preis;102632.0;Automatik;Diesel;5.8;150.0;140.0;0.12627640501987683;9.569999999999999;1771.16;2776.12;True
555;Volkswagen;Touareg;2014-01-01;21790.0;Guter Preis;193000.0;Automatik;Diesel;;;340.0;0.11290155440414508;;;;True
556;Nissan;NV200;2014-03-01;7990.0;Sehr guter Preis;154332.0;Schaltgetriebe;Diesel;5.5;146.0;110.0;0.05177150558536143;9.075;1679.55;2702.09;True
557;Audi;A4;2016-02-01;13499.0;Guter Preis;211000.0;Automatik;Diesel;4.3;116.0;150.0;0.06397630331753555;7.095;1313.1;2146.86;True
558;Volkswagen;Passat Alltrack;2014-11-01;11900.0;Fairer Preis;158896.0;Schaltgetriebe;Diesel;5.7;150.0;140.0;0.07489175309636492;9.405;1740.63;2776.12;True
559;Toyota;Yaris;2013-11-01;4900.0;Guter Preis;258660.0;Schaltgetriebe;Diesel;4.1;104.0;90.0;0.018943787211010595;6.764999999999999;1252.03;1924.78;True
560;Volkswagen;Tiguan;2014-12-01;16990.0;Guter Preis;87670.0;Automatik;Diesel;6.0;;140.0;0.19379491274096042;9.899999999999999;1832.24;;True
561;Nissan;Qashqai;2015-10-01;9990.0;Guter Preis;120000.0;Schaltgetriebe;Diesel;3.8;99.0;110.0;0.08325;6.27;1160.42;1832.24;True
562;BMW;435;2016-07-01;21880.0;Sehr guter Preis;106245.0;Automatik;Diesel;;;313.0;0.20593910301661256;;;;True
563;Volkswagen;Passat Variant;2018-11-01;14480.0;Sehr guter Preis;148931.0;Automatik;Diesel;0.0;0.0;150.0;0.09722623228206351;0.0;0.0;0.0;True
564;Audi;A6 allroad;2017-01-01;17900.0;Sehr guter Preis;198999.0;Automatik;Diesel;5.6;149.0;272.0;0.08995020075477766;9.239999999999998;1710.09;2757.61;True
565;Porsche;Macan;2014-08-01;23999.0;Sehr guter Preis;156493.0;Automatik;Benzin;9.0;213.0;340.0;0.15335510214514386;15.93;2948.24;3942.09;True
566;Ford;Kuga;2017-01-01;8650.0;Sehr guter Preis;139693.0;Schaltgetriebe;Benzin;;;150.0;0.061921499287723794;;;;True
567;Porsche;Panamera;2013-05-01;27850.0;Guter Preis;163000.0;Automatik;Benzin;10.8;254.0;400.0;0.17085889570552149;19.116000000000003;3537.89;4700.89;False
568;Peugeot;Traveller;2017-09-01;16995.0;Guter Preis;196000.0;Schaltgetriebe;Diesel;5.3;139.0;150.0;0.08670918367346939;8.745;1618.48;2572.54;True
569;Toyota;Auris;;;Keine Information;;Keine Information;Keine Information;;;;;;;;True
570;Audi;A4;2013-10-01;6750.0;Sehr guter Preis;312000.0;Schaltgetriebe;Diesel;4.8;127.0;177.0;0.021634615384615384;7.919999999999999;1465.79;2350.45;True
571;Renault;Captur;2014-11-01;11890.0;Guter Preis;50330.0;Automatik;Benzin;;;120.0;0.2362408106497119;;;;True
572;Mazda;MX-5;2013-04-01;10490.0;Sehr guter Preis;135760.0;Schaltgetriebe;Benzin;;;126.0;0.07726870948733058;;;;True
573;BMW;116;2017-03-01;9990.0;Sehr guter Preis;157445.0;Schaltgetriebe;Diesel;;;116.0;0.06345072882593922;;;;True
574;Renault;Scenic;2015-06-01;5900.0;Guter Preis;227000.0;Schaltgetriebe;Diesel;4.4;117.0;131.0;0.025991189427312777;7.26;1343.64;2165.37;True
575;Fiat;Tipo;2016-11-01;6500.0;Sehr guter Preis;69000.0;Schaltgetriebe;Benzin;;;95.0;0.09420289855072464;;;;True
576;Volkswagen;Caddy;2015-12-01;10500.0;Fairer Preis;238944.0;Schaltgetriebe;Diesel;4.7;122.0;102.0;0.04394335074327039;7.755;1435.25;2257.91;True
577;BMW;116;2014-12-01;8499.0;Fairer Preis;255050.0;Schaltgetriebe;Diesel;4.3;114.0;116.0;0.033322877867084884;7.095;1313.1;2109.85;True
578;Opel;Mokka;2013-03-01;9780.0;Sehr guter Preis;105000.0;Schaltgetriebe;Benzin;6.3;149.0;140.0;0.09314285714285714;11.151;2063.77;2757.61;True
579;Mercedes-Benz;C 250;2015-10-01;16480.0;Sehr guter Preis;151500.0;Automatik;Benzin;;0.0;211.0;0.10877887788778878;;;0.0;True
580;Volkswagen;Golf;2015-11-01;14900.0;Guter Preis;18884.0;Automatik;Benzin;4.9;112.0;110.0;0.7890277483583986;8.673;1605.15;2072.84;True
581;Peugeot;5008;2017-10-01;11790.0;Keine Information;114607.0;Schaltgetriebe;Benzin;;;131.0;0.10287329744256458;;;;True
582;Opel;Mokka X;2017-06-01;11880.0;Sehr guter Preis;101266.0;Automatik;Diesel;;;136.0;0.11731479469910927;;;;True
583;Renault;Captur;2014-10-01;6990.0;Sehr guter Preis;191000.0;Schaltgetriebe;Diesel;3.6;95.0;90.0;0.03659685863874346;5.9399999999999995;1099.34;1758.21;True
584;Renault;Megane;2018-07-01;8500.0;Guter Preis;180000.0;Automatik;Diesel;3.7;95.0;110.0;0.04722222222222222;6.1049999999999995;1129.88;1758.21;True
585;Audi;A5;2014-07-01;16990.0;Fairer Preis;170052.0;Automatik;Diesel;5.8;154.0;245.0;0.09991061557641193;9.569999999999999;1771.16;2850.15;True
586;BMW;330;2016-12-01;19998.0;Sehr guter Preis;68500.0;Automatik;Benzin;6.2;144.0;252.0;0.2919416058394161;10.974;2031.01;2665.07;True
587;BMW;320;2020-05-01;15550.0;Sehr guter Preis;217000.0;Automatik;Diesel;;;190.0;0.07165898617511521;;;;True
588;Citroen;Grand C4 Picasso;2014-05-01;7400.0;Guter Preis;212400.0;Automatik;Diesel;4.4;115.0;150.0;0.03483992467043315;7.26;1343.64;2128.36;True
589;Opel;Astra;2014-12-01;4700.0;Guter Preis;194500.0;Schaltgetriebe;Diesel;3.7;;110.0;0.02416452442159383;6.1049999999999995;1129.88;;True
590;Dodge;RAM;2013-04-01;24990.0;Sehr guter Preis;119500.0;Automatik;Benzin;;;401.0;0.2091213389121339;;;;True
591;Volkswagen;Golf;2015-03-01;9999.0;Sehr guter Preis;136400.0;Schaltgetriebe;Benzin;5.2;119.0;140.0;0.07330645161290322;9.204;1703.43;2202.39;True
592;Toyota;Aygo;2015-06-01;7900.0;Guter Preis;50500.0;Schaltgetriebe;Benzin;4.1;95.0;69.0;0.15643564356435644;7.257;1343.09;1758.21;True
593;Ford;C-Max;2015-06-01;8990.0;Guter Preis;99251.0;Schaltgetriebe;Benzin;6.2;146.0;125.0;0.0905784324591188;10.974;2031.01;2702.09;True
594;Audi;A6;2014-07-01;12970.0;Keine Information;218000.0;Automatik;Diesel;;;313.0;0.0594954128440367;;;;True
595;Toyota;Verso;2014-09-01;12290.0;Sehr guter Preis;83532.0;Schaltgetriebe;Benzin;6.8;158.0;147.0;0.14712924388258392;12.036;2227.56;2924.18;True
596;Volkswagen;Golf GTI;2016-08-01;16890.0;Sehr guter Preis;100103.0;Automatik;Benzin;;;230.0;0.16872621200163831;;;;True
597;Audi;A4;2015-07-01;13990.0;Guter Preis;133797.0;Automatik;Benzin;6.2;144.0;170.0;0.10456138777401586;10.974;2031.01;2665.07;True
598;Skoda;Rapid/Spaceback;2018-08-01;9810.0;Sehr guter Preis;102000.0;Schaltgetriebe;Benzin;;;110.0;0.0961764705882353;;;;True
599;Honda;Civic;2015-10-01;13480.0;Fairer Preis;78272.0;Schaltgetriebe;Benzin;5.8;137.0;141.0;0.1722199509403107;10.266;1899.98;2535.52;True
600;Skoda;Fabia;2015-05-01;12490.0;Sehr guter Preis;59992.0;Automatik;Benzin;4.7;109.0;110.0;0.20819442592345647;8.319;1539.64;2017.31;True
601;Audi;A6;2014-04-01;14980.0;Guter Preis;138000.0;Schaltgetriebe;Diesel;;0.0;177.0;0.10855072463768116;;;0.0;True
602;BMW;220;2015-06-01;13950.0;Sehr guter Preis;121900.0;Automatik;Diesel;5.2;155.0;190.0;0.11443806398687449;8.58;1587.94;2868.66;True
603;Opel;Insignia;2019-12-01;9999.0;Sehr guter Preis;184000.0;Schaltgetriebe;Diesel;5.9;154.0;136.0;0.05434239130434783;9.735;1801.7;2850.15;True
604;Audi;Q3;2015-03-01;14950.0;Sehr guter Preis;119176.0;Schaltgetriebe;Diesel;;;150.0;0.12544472041350607;;;;True
605;Audi;A6;2015-07-01;24940.0;Sehr guter Preis;169500.0;Automatik;Diesel;6.2;164.0;326.0;0.1471386430678466;10.23;1893.31;3035.22;True
606;Mercedes-Benz;E 400;2015-04-01;26850.0;Fairer Preis;108400.0;Automatik;Benzin;7.2;170.0;333.0;0.24769372693726938;12.744;2358.59;3146.27;True
607;Mitsubishi;Outlander;2017-01-01;14950.0;Sehr guter Preis;134600.0;Schaltgetriebe;Diesel;5.4;143.0;150.0;0.11106983655274888;8.91;1649.01;2646.57;True
608;Audi;A3;2015-04-01;15480.0;Sehr guter Preis;85850.0;Automatik;Benzin;4.4;116.0;179.0;0.18031450203843913;7.788000000000001;1441.36;2146.86;True
609;Mitsubishi;Space Star;2019-03-01;5450.0;Sehr guter Preis;70200.0;Schaltgetriebe;Benzin;4.2;96.0;71.0;0.07763532763532764;7.434;1375.84;1776.72;True
610;Porsche;Macan;2015-05-01;22900.0;Keine Information;241222.0;Automatik;Diesel;6.3;167.0;258.0;0.0949332979578977;10.395;1923.85;3090.75;True
611;Fiat;Scudo;2014-02-01;8950.0;Guter Preis;155000.0;Schaltgetriebe;Diesel;;;128.0;0.057741935483870965;;;;True
612;BMW;X6;2017-02-01;29900.0;Guter Preis;154000.0;Automatik;Diesel;7.0;183.0;258.0;0.19415584415584416;11.549999999999999;2137.61;3386.86;True
613;BMW;525;2013-03-01;10850.0;Sehr guter Preis;224335.0;Automatik;Diesel;5.4;142.0;218.0;0.048365168163683775;8.91;1649.01;2628.06;True
614;Renault;Megane;2016-05-01;8990.0;Guter Preis;106656.0;Schaltgetriebe;Benzin;5.4;120.0;101.0;0.08428967896789678;9.558000000000002;1768.94;2220.89;True
615;Opel;Insignia;2014-01-01;5990.0;Fairer Preis;193545.0;Schaltgetriebe;Diesel;;;140.0;0.03094887493864476;;;;True
616;Ford;Galaxy;2014-11-01;7990.0;Keine Information;234000.0;Automatik;Diesel;5.3;140.0;163.0;0.034145299145299145;8.745;1618.48;2591.04;True
617;Mercedes-Benz;E 200;2014-04-01;14900.0;Sehr guter Preis;149989.0;Automatik;Benzin;6.1;142.0;184.0;0.09934061831200955;10.796999999999999;1998.25;2628.06;True
618;Toyota;Hilux;2015-03-01;18980.0;Guter Preis;220497.0;Automatik;Diesel;;;171.0;0.08607826863857558;;;;True
619;Hyundai;iX35;2013-02-01;9940.0;Guter Preis;75800.0;Schaltgetriebe;Benzin;6.8;161.0;135.0;0.13113456464379947;12.036;2227.56;2979.7;True
620;BMW;520;2017-02-01;13980.0;Keine Information;180000.0;Automatik;Diesel;4.6;121.0;190.0;0.07766666666666666;7.589999999999999;1404.72;2239.4;True
621;Audi;S5;2014-02-01;23140.0;Guter Preis;115084.0;Automatik;Benzin;9.4;190.0;333.0;0.20107052240102882;16.638;3079.27;3516.42;True
622;Volkswagen;Phaeton;2013-02-01;18990.0;Fairer Preis;139900.0;Automatik;Benzin;12.5;296.0;334.0;0.1357398141529664;22.125;4094.77;5478.21;False
623;Renault;Clio;2016-05-01;6990.0;Keine Information;116200.0;Schaltgetriebe;Benzin;5.6;133.0;73.0;0.06015490533562823;9.911999999999999;1834.46;2461.49;True
624;Volkswagen;Polo;2016-12-01;9877.0;Guter Preis;73850.0;Schaltgetriebe;Benzin;4.7;107.0;90.0;0.13374407582938388;8.319;1539.64;1980.3;True
625;Peugeot;3008;2019-03-01;13990.0;Guter Preis;181260.0;Automatik;Diesel;;;131.0;0.07718194858214719;;;;True
626;Skoda;Fabia;2019-02-01;8800.0;Sehr guter Preis;98747.0;Schaltgetriebe;Benzin;4.8;109.0;75.0;0.08911663139133341;8.496;1572.39;2017.31;True
627;Opel;Zafira Tourer;2013-06-01;11990.0;Sehr guter Preis;119210.0;Automatik;Diesel;6.0;159.0;165.0;0.10057881050247462;9.899999999999999;1832.24;2942.69;True
628;Volkswagen;Touran;2013-10-01;6490.0;Fairer Preis;280956.0;Schaltgetriebe;Diesel;4.6;121.0;105.0;0.023099702444510883;7.589999999999999;1404.72;2239.4;True
629;Volkswagen;T6 Kombi;2015-10-01;20989.0;Sehr guter Preis;149750.0;Schaltgetriebe;Diesel;6.0;;150.0;0.1401602671118531;9.899999999999999;1832.24;;True
630;Mercedes-Benz;E 220;2016-04-01;26990.0;Sehr guter Preis;138000.0;Automatik;Diesel;3.9;102.0;194.0;0.19557971014492753;6.435;1190.95;1887.76;True
631;BMW;X6;2014-09-01;26880.0;Sehr guter Preis;68520.0;Automatik;Diesel;7.4;195.0;245.0;0.3922942206654991;12.209999999999999;2259.76;3608.95;True
632;Fiat;Panda;2016-01-01;6980.0;Guter Preis;53000.0;Schaltgetriebe;Benzin;;;69.0;0.13169811320754718;;;;True
633;Renault;Clio;2014-03-01;4990.0;Fairer Preis;160794.0;Schaltgetriebe;Benzin;4.5;107.0;90.0;0.03103349627473662;7.965;1474.12;1980.3;True
634;Renault;Scenic;2015-03-01;7480.0;Sehr guter Preis;151011.0;Schaltgetriebe;Diesel;4.7;122.0;131.0;0.0495328154902623;7.755;1435.25;2257.91;True
635;Mercedes-Benz;;2014-07-01;13980.0;Fairer Preis;124100.0;Automatik;Benzin;;;122.0;0.11265108783239323;;;;True
636;Mercedes-Benz;CLA 200;2015-03-01;18850.0;Fairer Preis;116000.0;Automatik;Benzin;5.7;135.0;156.0;0.1625;10.089;1867.22;2498.51;True
637;BMW;116;2014-02-01;7900.0;Guter Preis;136017.0;Schaltgetriebe;Benzin;;;136.0;0.05808097517222112;;;;True
638;Volkswagen;Polo;2019-05-01;8995.0;Guter Preis;157000.0;Schaltgetriebe;Benzin;4.8;110.0;80.0;0.05729299363057325;8.496;1572.39;2035.82;True
639;Nissan;Juke;2014-09-01;5990.0;Erhöhter Preis;185000.0;Schaltgetriebe;Benzin;6.0;138.0;94.0;0.03237837837837838;10.620000000000001;1965.49;2554.03;True
640;Renault;Clio;2014-07-01;10590.0;Fairer Preis;66692.0;Automatik;Benzin;;;120.0;0.1587896599292269;;;;True
641;Mercedes-Benz;S 63 AMG;2014-06-01;33900.0;Keine Information;199000.0;Automatik;Benzin;10.3;244.0;585.0;0.17035175879396985;18.231;3374.09;4515.82;True
642;SEAT;Altea;2013-03-01;7980.0;Sehr guter Preis;123000.0;Schaltgetriebe;Diesel;;0.0;140.0;0.06487804878048781;;;0.0;True
643;Mercedes-Benz;S 400;;;Keine Information;;Keine Information;Keine Information;;;;;;;;True
644;Audi;Q3;2018-05-01;18890.0;Sehr guter Preis;79805.0;Schaltgetriebe;Diesel;;;150.0;0.23670196103001065;;;;True
645;Audi;Q3;2015-03-01;13500.0;Fairer Preis;223210.0;Automatik;Diesel;5.5;144.0;184.0;0.06048116123829578;9.075;1679.55;2665.07;True
646;Audi;A5;2016-09-01;19250.0;Sehr guter Preis;139864.0;Automatik;Diesel;5.7;151.0;245.0;0.13763370130984384;9.405;1740.63;2794.63;True
647;Opel;Corsa;2015-10-01;7990.0;Sehr guter Preis;73935.0;Schaltgetriebe;Benzin;;;116.0;0.10806789747751404;;;;True
648;Mercedes-Benz;E 220;2014-01-01;18990.0;Fairer Preis;124600.0;Automatik;Diesel;4.4;117.0;170.0;0.15240770465489567;7.26;1343.64;2165.37;True
649;Mercedes-Benz;B 180;2013-04-01;8380.0;Sehr guter Preis;174395.0;Automatik;Diesel;4.6;122.0;109.0;0.048051836348519165;7.589999999999999;1404.72;2257.91;True
650;Ford;Mondeo;2015-12-01;12495.0;Sehr guter Preis;135435.0;Schaltgetriebe;Diesel;4.5;119.0;179.0;0.09225827887916713;7.425;1374.18;2202.39;True
651;BMW;X1;2014-07-01;8900.0;Fairer Preis;171400.0;Schaltgetriebe;Benzin;7.7;182.0;150.0;0.051925320886814466;13.629000000000001;2522.38;3368.36;True
652;Renault;Megane;2017-05-01;11790.0;Sehr guter Preis;93252.0;Automatik;Benzin;;;132.0;0.12643160468408185;;;;True
653;Audi;A6;2013-07-01;14990.0;Guter Preis;169378.0;Automatik;Diesel;5.7;151.0;204.0;0.08850027748586003;9.405;1740.63;2794.63;True
654;Mitsubishi;ASX;2016-02-01;9999.0;Sehr guter Preis;83500.0;Schaltgetriebe;Benzin;;;117.0;0.11974850299401198;;;;True
655;Mercedes-Benz;Citan;2017-05-01;6390.0;Guter Preis;167300.0;Schaltgetriebe;Diesel;4.3;112.0;75.0;0.03819485953377167;7.095;1313.1;2072.84;True
656;Mitsubishi;Space Star;2021-07-01;8990.0;Sehr guter Preis;13711.0;Schaltgetriebe;Benzin;5.0;113.0;71.0;0.6556779228356794;8.85;1637.91;2091.34;True
657;Audi;Q3;2014-11-01;13900.0;Fairer Preis;154000.0;Schaltgetriebe;Diesel;;137.0;140.0;0.09025974025974026;;;2535.52;True
658;Opel;Vivaro;2017-11-01;8990.0;Keine Information;160050.0;Schaltgetriebe;Diesel;6.2;165.0;145.0;0.05616994689159638;10.23;1893.31;3053.73;True
659;Audi;A4;2017-06-01;14800.0;Fairer Preis;171480.0;Schaltgetriebe;Diesel;4.3;116.0;150.0;0.08630744110100304;7.095;1313.1;2146.86;True
660;Ford;Focus;2019-06-01;9950.0;Sehr guter Preis;146769.0;Automatik;Benzin;5.9;133.0;150.0;0.06779360764194074;10.443000000000001;1932.73;2461.49;True
661;SEAT;Leon;2018-05-01;14950.0;Guter Preis;56500.0;Schaltgetriebe;Benzin;;;125.0;0.2646017699115044;;;;True
662;Mazda;2;2013-04-01;5500.0;Guter Preis;156450.0;Schaltgetriebe;Benzin;5.8;137.0;102.0;0.03515500159795462;10.266;1899.98;2535.52;True
663;Volkswagen;Touran;2015-01-01;14900.0;Sehr guter Preis;102600.0;Automatik;Benzin;;125.0;150.0;0.145224171539961;;;2313.43;True
664;Opel;Corsa;2013-06-01;3999.0;Fairer Preis;183026.0;Schaltgetriebe;Diesel;4.4;117.0;95.0;0.021849354736485527;7.26;1343.64;2165.37;True
665;Volkswagen;T6 Multivan;2016-05-01;29895.0;Sehr guter Preis;132500.0;Schaltgetriebe;Diesel;;171.0;204.0;0.22562264150943395;;;3164.77;True
666;Volkswagen;Golf;2013-12-01;14850.0;Erhöhter Preis;75790.0;Schaltgetriebe;Benzin;5.2;120.0;122.0;0.19593613933236576;9.204;1703.43;2220.89;True
667;BMW;435;2014-05-01;23010.0;Sehr guter Preis;107475.0;Automatik;Benzin;7.6;181.0;306.0;0.21409630146545708;13.452;2489.62;3349.85;True
668;Ford;Focus;2019-06-01;7500.0;Sehr guter Preis;182091.0;Automatik;Diesel;4.7;122.0;120.0;0.041188197110236094;7.755;1435.25;2257.91;True
669;BMW;218;2015-10-01;12999.0;Sehr guter Preis;96310.0;Automatik;Diesel;4.1;109.0;150.0;0.13497040805731492;6.764999999999999;1252.03;2017.31;True
670;Fiat;Tipo;2016-11-01;6500.0;Sehr guter Preis;69000.0;Schaltgetriebe;Benzin;;;95.0;0.09420289855072464;;;;True
671;Nissan;NV200;2014-03-01;7990.0;Sehr guter Preis;154332.0;Schaltgetriebe;Diesel;5.5;146.0;110.0;0.05177150558536143;9.075;1679.55;2702.09;True
672;Audi;A6;2014-07-01;12970.0;Keine Information;218000.0;Automatik;Diesel;;;313.0;0.0594954128440367;;;;True
673;BMW;316;2015-04-01;11399.0;Sehr guter Preis;140201.0;Schaltgetriebe;Diesel;3.9;103.0;116.0;0.08130469825464869;6.435;1190.95;1906.27;True
674;Hyundai;i10;2016-03-01;7990.0;Sehr guter Preis;38025.0;Schaltgetriebe;Benzin;4.7;108.0;67.0;0.2101249178172255;8.319;1539.64;1998.81;True
675;SEAT;Leon;2015-11-01;7900.0;Sehr guter Preis;151100.0;Schaltgetriebe;Diesel;;;150.0;0.05228325612177366;;;;True
676;Audi;A6;2016-02-01;12950.0;Sehr guter Preis;188780.0;Schaltgetriebe;Diesel;4.6;;190.0;0.06859836847123636;7.589999999999999;1404.72;;True
677;Opel;Corsa-e;2014-12-01;8600.0;Sehr guter Preis;36000.0;Automatik;Benzin;4.8;112.0;90.0;0.2388888888888889;8.496;1572.39;2072.84;True
678;Volkswagen;Caddy;2014-09-01;11950.0;Sehr guter Preis;85136.0;Schaltgetriebe;Diesel;5.7;149.0;102.0;0.14036365344859988;9.405;1740.63;2757.61;True
679;Volkswagen;Golf Variant;2016-12-01;7780.0;Guter Preis;197000.0;Schaltgetriebe;Diesel;4.0;103.0;110.0;0.03949238578680203;6.6;1221.49;1906.27;True
680;Volkswagen;Golf;2015-05-01;4970.0;Guter Preis;305484.0;Schaltgetriebe;Diesel;;;110.0;0.016269264511398304;;;;True
681;Mercedes-Benz;C 220;2014-09-01;14990.0;Keine Information;149919.0;Automatik;Diesel;4.3;114.0;170.0;0.09998732648963773;7.095;1313.1;2109.85;True
682;Audi;A4;2018-06-01;13700.0;Sehr guter Preis;129900.0;Automatik;Benzin;5.7;;150.0;0.10546574287913779;10.089;1867.22;;True
683;Mercedes-Benz;E 250;2015-10-01;15999.0;Sehr guter Preis;192996.0;Automatik;Diesel;;;204.0;0.08289809115214823;;;;True
684;Mercedes-Benz;C 180;2014-03-01;11000.0;Keine Information;100733.0;Automatik;Benzin;;;156.0;0.10919956717262466;;;;True
685;Skoda;Octavia;2016-11-01;8500.0;Sehr guter Preis;134400.0;Schaltgetriebe;Diesel;3.9;103.0;90.0;0.06324404761904762;6.435;1190.95;1906.27;True
686;BMW;218;2015-10-01;12999.0;Sehr guter Preis;96310.0;Automatik;Diesel;4.1;109.0;150.0;0.13497040805731492;6.764999999999999;1252.03;2017.31;True
687;BMW;216;2016-01-01;10680.0;Sehr guter Preis;91952.0;Schaltgetriebe;Benzin;5.1;118.0;102.0;0.11614755524621542;9.027;1670.67;2183.88;True
688;Opel;Corsa;2016-04-01;7700.0;Sehr guter Preis;79500.0;Schaltgetriebe;Benzin;5.6;128.0;90.0;0.09685534591194969;9.911999999999999;1834.46;2368.95;True
689;Opel;Astra;2017-02-01;5690.0;Guter Preis;193768.0;Schaltgetriebe;Diesel;3.5;92.0;110.0;0.029365013830973122;5.7749999999999995;1068.81;1702.69;True
690;Mercedes-Benz;B 200;2015-06-01;8999.0;Guter Preis;232943.0;Schaltgetriebe;Diesel;4.3;114.0;136.0;0.0386317682866624;7.095;1313.1;2109.85;True
691;Ford;B-Max;2014-07-01;5950.0;Guter Preis;140000.0;Automatik;Benzin;6.4;152.0;105.0;0.0425;11.328000000000001;2096.52;2813.13;True
692;Toyota;Verso-S;2014-09-01;9490.0;Sehr guter Preis;83300.0;Automatik;Benzin;5.2;120.0;101.0;0.11392557022809123;9.204;1703.43;2220.89;True
693;Ford;S-Max;2016-04-01;8990.0;Keine Information;124869.0;Schaltgetriebe;Benzin;;;160.0;0.07199545123289207;;;;True
694;BMW;435;2016-07-01;21880.0;Sehr guter Preis;106245.0;Automatik;Diesel;;;313.0;0.20593910301661256;;;;True
695;Mercedes-Benz;C 220;2015-03-01;12990.0;Sehr guter Preis;190282.0;Automatik;Diesel;4.3;108.0;170.0;0.0682670983067237;7.095;1313.1;1998.81;True
696;Dacia;Dokker;2015-11-01;7499.0;Sehr guter Preis;124100.0;Schaltgetriebe;Benzin;;;116.0;0.06042707493956487;;;;True
697;Nissan;Qashqai;2020-06-01;9900.0;Sehr guter Preis;350000.0;Schaltgetriebe;Diesel;3.8;100.0;116.0;0.028285714285714286;6.27;1160.42;1850.75;True
698;BMW;318;2015-02-01;7990.0;Sehr guter Preis;244171.0;Automatik;Diesel;4.5;119.0;143.0;0.03272296873912135;7.425;1374.18;2202.39;True
699;Peugeot;5008;2017-10-01;11790.0;Keine Information;114607.0;Schaltgetriebe;Benzin;;;131.0;0.10287329744256458;;;;True
700;Skoda;Yeti;2014-04-01;9900.0;Sehr guter Preis;84326.0;Automatik;Benzin;;;105.0;0.1174015131750587;;;;True
701;Opel;Mokka X;2017-06-01;11880.0;Sehr guter Preis;101266.0;Automatik;Diesel;;;136.0;0.11731479469910927;;;;True
702;Audi;SQ5;2014-07-01;19490.0;Keine Information;147812.0;Automatik;Diesel;6.8;180.0;313.0;0.13185668281330337;11.219999999999999;2076.54;3331.34;True
703;Skoda;Fabia;2014-03-01;8499.0;Sehr guter Preis;108100.0;Automatik;Benzin;5.3;126.0;105.0;0.07862164662349676;9.381;1736.18;2331.94;True
704;Volkswagen;Passat;2017-01-01;10900.0;Sehr guter Preis;207700.0;Automatik;Diesel;4.4;;150.0;0.05247953779489649;7.26;1343.64;;True
705;Fiat;Tipo;2016-11-01;6500.0;Sehr guter Preis;69000.0;Schaltgetriebe;Benzin;;;95.0;0.09420289855072464;;;;True
706;Volkswagen;Sharan;2014-05-01;8399.0;Sehr guter Preis;281493.0;Automatik;Diesel;5.7;149.0;140.0;0.029837331656559843;9.405;1740.63;2757.61;True
707;BMW;118;2015-03-01;9799.0;Guter Preis;140636.0;Schaltgetriebe;Benzin;5.7;135.0;136.0;0.06967632754060127;10.089;1867.22;2498.51;True
708;Hyundai;i10;2014-04-01;6990.0;Guter Preis;86250.0;Schaltgetriebe;Benzin;4.9;116.0;87.0;0.08104347826086956;8.673;1605.15;2146.86;True
709;BMW;330;2016-12-01;19998.0;Sehr guter Preis;68500.0;Automatik;Benzin;6.2;144.0;252.0;0.2919416058394161;10.974;2031.01;2665.07;True
710;BMW;218;2016-02-01;7850.0;Guter Preis;309000.0;Automatik;Diesel;4.1;109.0;150.0;0.02540453074433657;6.764999999999999;1252.03;2017.31;True
711;Volkswagen;Caddy;2015-12-01;10500.0;Fairer Preis;238944.0;Schaltgetriebe;Diesel;4.7;122.0;102.0;0.04394335074327039;7.755;1435.25;2257.91;True
712;Jeep;Renegade;2015-03-01;12960.0;Sehr guter Preis;102632.0;Automatik;Diesel;5.8;150.0;140.0;0.12627640501987683;9.569999999999999;1771.16;2776.12;True
713;Volkswagen;Touareg;2014-01-01;21790.0;Guter Preis;193000.0;Automatik;Diesel;;;340.0;0.11290155440414508;;;;True
714;Ford;Kuga;2017-01-01;8650.0;Sehr guter Preis;139693.0;Schaltgetriebe;Benzin;;;150.0;0.061921499287723794;;;;True
715;Volkswagen;Golf GTI;2016-08-01;16890.0;Sehr guter Preis;100103.0;Automatik;Benzin;;;230.0;0.16872621200163831;;;;True
716;Volkswagen;Passat Variant;2018-11-01;14480.0;Sehr guter Preis;148931.0;Automatik;Diesel;0.0;0.0;150.0;0.09722623228206351;0.0;0.0;0.0;True
717;Nissan;Qashqai;2015-10-01;9990.0;Guter Preis;120000.0;Schaltgetriebe;Diesel;3.8;99.0;110.0;0.08325;6.27;1160.42;1832.24;True
718;Audi;A6 allroad;2017-01-01;17900.0;Sehr guter Preis;198999.0;Automatik;Diesel;5.6;149.0;272.0;0.08995020075477766;9.239999999999998;1710.09;2757.61;True
719;Mercedes-Benz;C 250;2015-10-01;16480.0;Sehr guter Preis;151500.0;Automatik;Benzin;;0.0;211.0;0.10877887788778878;;;0.0;True
720;Audi;Q3;2018-05-01;18890.0;Sehr guter Preis;79805.0;Schaltgetriebe;Diesel;;;150.0;0.23670196103001065;;;;True
721;Nissan;Qashqai;2014-09-01;10999.0;Sehr guter Preis;96500.0;Schaltgetriebe;Diesel;4.4;115.0;131.0;0.11397927461139896;7.26;1343.64;2128.36;True
722;Volkswagen;Tiguan;2014-12-01;16990.0;Guter Preis;87670.0;Automatik;Diesel;6.0;;140.0;0.19379491274096042;9.899999999999999;1832.24;;True
723;Renault;Megane;2018-07-01;8500.0;Guter Preis;180000.0;Automatik;Diesel;3.7;95.0;110.0;0.04722222222222222;6.1049999999999995;1129.88;1758.21;True
724;Nissan;NV200;2014-03-01;7990.0;Sehr guter Preis;154332.0;Schaltgetriebe;Diesel;5.5;146.0;110.0;0.05177150558536143;9.075;1679.55;2702.09;True
725;Volkswagen;Passat Alltrack;2014-11-01;11900.0;Fairer Preis;158896.0;Schaltgetriebe;Diesel;5.7;150.0;140.0;0.07489175309636492;9.405;1740.63;2776.12;True
726;Skoda;Rapid/Spaceback;2018-08-01;9810.0;Sehr guter Preis;102000.0;Schaltgetriebe;Benzin;;;110.0;0.0961764705882353;;;;True
727;Honda;Civic;2015-10-01;13480.0;Fairer Preis;78272.0;Schaltgetriebe;Benzin;5.8;137.0;141.0;0.1722199509403107;10.266;1899.98;2535.52;True
728;Porsche;Macan;2014-08-01;23999.0;Sehr guter Preis;156493.0;Automatik;Benzin;9.0;213.0;340.0;0.15335510214514386;15.93;2948.24;3942.09;True
729;Toyota;Avensis;2014-01-01;8600.0;Guter Preis;189392.0;Schaltgetriebe;Diesel;6.2;163.0;150.0;0.045408464982681425;10.23;1893.31;3016.72;True
730;Opel;Insignia;2019-12-01;9999.0;Sehr guter Preis;184000.0;Schaltgetriebe;Diesel;5.9;154.0;136.0;0.05434239130434783;9.735;1801.7;2850.15;True
731;Mitsubishi;Outlander;2017-01-01;14950.0;Sehr guter Preis;134600.0;Schaltgetriebe;Diesel;5.4;143.0;150.0;0.11106983655274888;8.91;1649.01;2646.57;True
732;Volkswagen;Golf;2015-11-01;14900.0;Guter Preis;18884.0;Automatik;Benzin;4.9;112.0;110.0;0.7890277483583986;8.673;1605.15;2072.84;True
733;Audi;A4;2016-02-01;13499.0;Guter Preis;211000.0;Automatik;Diesel;4.3;116.0;150.0;0.06397630331753555;7.095;1313.1;2146.86;True
734;Peugeot;Traveller;2017-09-01;16995.0;Guter Preis;196000.0;Schaltgetriebe;Diesel;5.3;139.0;150.0;0.08670918367346939;8.745;1618.48;2572.54;True
735;BMW;116;2017-03-01;9990.0;Sehr guter Preis;157445.0;Schaltgetriebe;Diesel;;;116.0;0.06345072882593922;;;;True
736;BMW;320;2020-05-01;15550.0;Sehr guter Preis;217000.0;Automatik;Diesel;;;190.0;0.07165898617511521;;;;True
737;Audi;A5;2014-07-01;16990.0;Fairer Preis;170052.0;Automatik;Diesel;5.8;154.0;245.0;0.09991061557641193;9.569999999999999;1771.16;2850.15;True
738;Volvo;XC60;2017-06-01;25900.0;Keine Information;106238.0;Automatik;Diesel;;;235.0;0.24379224006476025;;;;True
739;Renault;Captur;2014-11-01;11890.0;Guter Preis;50330.0;Automatik;Benzin;;;120.0;0.2362408106497119;;;;True
740;Renault;Scenic;2015-06-01;5900.0;Guter Preis;227000.0;Schaltgetriebe;Diesel;4.4;117.0;131.0;0.025991189427312777;7.26;1343.64;2165.37;True
741;BMW;116;2014-12-01;8499.0;Fairer Preis;255050.0;Schaltgetriebe;Diesel;4.3;114.0;116.0;0.033322877867084884;7.095;1313.1;2109.85;True
742;Renault;Captur;2014-10-01;6990.0;Sehr guter Preis;191000.0;Schaltgetriebe;Diesel;3.6;95.0;90.0;0.03659685863874346;5.9399999999999995;1099.34;1758.21;True
743;Audi;A6;2014-07-01;12970.0;Keine Information;218000.0;Automatik;Diesel;;;313.0;0.0594954128440367;;;;True
744;BMW;X6;2017-02-01;29900.0;Guter Preis;154000.0;Automatik;Diesel;7.0;183.0;258.0;0.19415584415584416;11.549999999999999;2137.61;3386.86;True
745;BMW;520;2017-02-01;13980.0;Keine Information;180000.0;Automatik;Diesel;4.6;121.0;190.0;0.07766666666666666;7.589999999999999;1404.72;2239.4;True
746;Audi;A4;2015-07-01;13990.0;Guter Preis;133797.0;Automatik;Benzin;6.2;144.0;170.0;0.10456138777401586;10.974;2031.01;2665.07;True
747;Mercedes-Benz;E 400;2015-04-01;26850.0;Fairer Preis;108400.0;Automatik;Benzin;7.2;170.0;333.0;0.24769372693726938;12.744;2358.59;3146.27;True
748;Audi;A3;2015-04-01;15480.0;Sehr guter Preis;85850.0;Automatik;Benzin;4.4;116.0;179.0;0.18031450203843913;7.788000000000001;1441.36;2146.86;True
749;Volkswagen;Polo;2016-12-01;9877.0;Guter Preis;73850.0;Schaltgetriebe;Benzin;4.7;107.0;90.0;0.13374407582938388;8.319;1539.64;1980.3;True
750;Ford;C-Max;2015-06-01;8990.0;Guter Preis;99251.0;Schaltgetriebe;Benzin;6.2;146.0;125.0;0.0905784324591188;10.974;2031.01;2702.09;True
751;Renault;Megane;2017-05-01;11790.0;Sehr guter Preis;93252.0;Automatik;Benzin;;;132.0;0.12643160468408185;;;;True
752;Skoda;Fabia;2019-02-01;8800.0;Sehr guter Preis;98747.0;Schaltgetriebe;Benzin;4.8;109.0;75.0;0.08911663139133341;8.496;1572.39;2017.31;True
753;Mercedes-Benz;CLA 200;2015-03-01;18850.0;Fairer Preis;116000.0;Automatik;Benzin;5.7;135.0;156.0;0.1625;10.089;1867.22;2498.51;True
754;Toyota;Aygo;2015-06-01;7900.0;Guter Preis;50500.0;Schaltgetriebe;Benzin;4.1;95.0;69.0;0.15643564356435644;7.257;1343.09;1758.21;True
755;BMW;220;2015-06-01;13950.0;Sehr guter Preis;121900.0;Automatik;Diesel;5.2;155.0;190.0;0.11443806398687449;8.58;1587.94;2868.66;True
756;Citroen;Grand C4 Picasso;2014-05-01;7400.0;Guter Preis;212400.0;Automatik;Diesel;4.4;115.0;150.0;0.03483992467043315;7.26;1343.64;2128.36;True
757;Audi;Q3;2015-03-01;14950.0;Sehr guter Preis;119176.0;Schaltgetriebe;Diesel;;;150.0;0.12544472041350607;;;;True
758;Toyota;Verso;2014-09-01;12290.0;Sehr guter Preis;83532.0;Schaltgetriebe;Benzin;6.8;158.0;147.0;0.14712924388258392;12.036;2227.56;2924.18;True
759;Volkswagen;Golf;2015-03-01;9999.0;Sehr guter Preis;136400.0;Schaltgetriebe;Benzin;5.2;119.0;140.0;0.07330645161290322;9.204;1703.43;2202.39;True
760;Opel;Astra;2014-12-01;4700.0;Guter Preis;194500.0;Schaltgetriebe;Diesel;3.7;;110.0;0.02416452442159383;6.1049999999999995;1129.88;;True
761;Skoda;Fabia;2015-05-01;12490.0;Sehr guter Preis;59992.0;Automatik;Benzin;4.7;109.0;110.0;0.20819442592345647;8.319;1539.64;2017.31;True
762;BMW;316;2015-04-01;11399.0;Sehr guter Preis;140201.0;Schaltgetriebe;Diesel;3.9;103.0;116.0;0.08130469825464869;6.435;1190.95;1906.27;True
763;Mitsubishi;Space Star;2019-03-01;5450.0;Sehr guter Preis;70200.0;Schaltgetriebe;Benzin;4.2;96.0;71.0;0.07763532763532764;7.434;1375.84;1776.72;True
764;Opel;Meriva;2015-03-01;8750.0;Sehr guter Preis;64950.0;Schaltgetriebe;Benzin;6.3;149.0;140.0;0.13471901462663588;11.151;2063.77;2757.61;True
765;Mercedes-Benz;E 220;2016-04-01;26990.0;Sehr guter Preis;138000.0;Automatik;Diesel;3.9;102.0;194.0;0.19557971014492753;6.435;1190.95;1887.76;True
766;Peugeot;3008;2019-03-01;13990.0;Guter Preis;181260.0;Automatik;Diesel;;;131.0;0.07718194858214719;;;;True
767;SEAT;Ibiza;2018-03-01;7995.0;Sehr guter Preis;110000.0;Schaltgetriebe;Benzin;4.7;106.0;95.0;0.07268181818181818;8.319;1539.64;1961.79;True
768;Volkswagen;Polo;2019-05-01;8995.0;Guter Preis;157000.0;Schaltgetriebe;Benzin;4.8;110.0;80.0;0.05729299363057325;8.496;1572.39;2035.82;True
769;Audi;A6;2014-04-01;14980.0;Guter Preis;138000.0;Schaltgetriebe;Diesel;;0.0;177.0;0.10855072463768116;;;0.0;True
770;Mitsubishi;Space Star;2021-07-01;8990.0;Sehr guter Preis;13711.0;Schaltgetriebe;Benzin;5.0;113.0;71.0;0.6556779228356794;8.85;1637.91;2091.34;True
771;Toyota;Hilux;2015-03-01;18980.0;Guter Preis;220497.0;Automatik;Diesel;;;171.0;0.08607826863857558;;;;True
772;Audi;A5;2016-09-01;19250.0;Sehr guter Preis;139864.0;Automatik;Diesel;5.7;151.0;245.0;0.13763370130984384;9.405;1740.63;2794.63;True
773;Renault;Megane;2016-05-01;8990.0;Guter Preis;106656.0;Schaltgetriebe;Benzin;5.4;120.0;101.0;0.08428967896789678;9.558000000000002;1768.94;2220.89;True
774;Mitsubishi;ASX;2016-02-01;9999.0;Sehr guter Preis;83500.0;Schaltgetriebe;Benzin;;;117.0;0.11974850299401198;;;;True
775;Porsche;Macan;2015-05-01;22900.0;Keine Information;241222.0;Automatik;Diesel;6.3;167.0;258.0;0.0949332979578977;10.395;1923.85;3090.75;True
776;Renault;Kadjar;2017-09-01;13980.0;Sehr guter Preis;77279.0;Schaltgetriebe;Benzin;;;163.0;0.18090296199484984;;;;True
777;Mercedes-Benz;E 200;2014-04-01;14900.0;Sehr guter Preis;149989.0;Automatik;Benzin;6.1;142.0;184.0;0.09934061831200955;10.796999999999999;1998.25;2628.06;True
778;Renault;Scenic;2015-03-01;7480.0;Sehr guter Preis;151011.0;Schaltgetriebe;Diesel;4.7;122.0;131.0;0.0495328154902623;7.755;1435.25;2257.91;True
779;Volkswagen;Phaeton;2014-09-01;13990.0;Keine Information;163000.0;Automatik;Diesel;8.5;224.0;245.0;0.0858282208588957;14.024999999999999;2595.67;4145.67;True
780;Volvo;V40;2014-12-01;7950.0;Sehr guter Preis;198921.0;Schaltgetriebe;Diesel;3.8;101.0;190.0;0.039965614490174495;6.27;1160.42;1869.25;True
781;Peugeot;208;2018-05-01;7970.0;Sehr guter Preis;82550.0;Schaltgetriebe;Benzin;;;82.0;0.09654754694124773;;;;True
782;Ford;Galaxy;2014-11-01;7990.0;Keine Information;234000.0;Automatik;Diesel;5.3;140.0;163.0;0.034145299145299145;8.745;1618.48;2591.04;True
783;Mercedes-Benz;S 63 AMG;2014-06-01;33900.0;Keine Information;199000.0;Automatik;Benzin;10.3;244.0;585.0;0.17035175879396985;18.231;3374.09;4515.82;True
784;Opel;Corsa;2015-10-01;7990.0;Sehr guter Preis;73935.0;Schaltgetriebe;Benzin;;;116.0;0.10806789747751404;;;;True
785;Mercedes-Benz;A 250;2018-10-01;18450.0;Sehr guter Preis;122304.0;Automatik;Benzin;6.2;141.0;224.0;0.15085361067503925;10.974;2031.01;2609.55;True
786;Fiat;Scudo;2014-02-01;8950.0;Guter Preis;155000.0;Schaltgetriebe;Diesel;;;128.0;0.057741935483870965;;;;True
787;Volkswagen;Touran;2016-09-01;15800.0;Sehr guter Preis;148150.0;Automatik;Diesel;4.6;120.0;150.0;0.10664866689166386;7.589999999999999;1404.72;2220.89;True
788;BMW;X6;2014-09-01;26880.0;Sehr guter Preis;68520.0;Automatik;Diesel;7.4;195.0;245.0;0.3922942206654991;12.209999999999999;2259.76;3608.95;True
789;Kia;Sportage;2017-01-01;14500.0;Guter Preis;81004.0;Automatik;Benzin;7.9;187.0;135.0;0.17900350599970372;13.983;2587.9;3460.89;True
790;Audi;SQ7;2017-11-01;36474.0;Sehr guter Preis;153851.0;Automatik;Diesel;;;435.0;0.23707353218373622;;;;True
791;Hyundai;i30;2019-01-01;16800.0;Fairer Preis;186930.0;Schaltgetriebe;Benzin;7.8;178.0;275.0;0.0898732145722998;13.806;2555.14;3294.33;True
792;Opel;Insignia;2014-01-01;5990.0;Fairer Preis;193545.0;Schaltgetriebe;Diesel;;;140.0;0.03094887493864476;;;;True
793;Audi;A4;2019-02-01;18920.0;Sehr guter Preis;159400.0;Automatik;Diesel;;;190.0;0.11869510664993727;;;;True
794;Mazda;6;2017-01-01;13950.0;Sehr guter Preis;108000.0;Automatik;Diesel;;;175.0;0.12916666666666668;;;;True
795;Kia;Sportage;2015-03-01;13960.0;Fairer Preis;65095.0;Schaltgetriebe;Benzin;;;135.0;0.21445579537598894;;;;True
796;Renault;Clio;2014-07-01;10590.0;Fairer Preis;66692.0;Automatik;Benzin;;;120.0;0.1587896599292269;;;;True
797;Renault;Clio;2016-05-01;6990.0;Keine Information;116200.0;Schaltgetriebe;Benzin;5.6;133.0;73.0;0.06015490533562823;9.911999999999999;1834.46;2461.49;True
798;Hyundai;i10;2016-03-01;7990.0;Sehr guter Preis;38025.0;Schaltgetriebe;Benzin;4.7;108.0;67.0;0.2101249178172255;8.319;1539.64;1998.81;True
799;Volkswagen;Tiguan;2018-04-01;22100.0;Sehr guter Preis;129000.0;Automatik;Diesel;5.7;149.0;190.0;0.17131782945736435;9.405;1740.63;2757.61;True
800;Audi;Q3;2015-03-01;13500.0;Fairer Preis;223210.0;Automatik;Diesel;5.5;144.0;184.0;0.06048116123829578;9.075;1679.55;2665.07;True
801;Ford;Mondeo;2015-12-01;12495.0;Sehr guter Preis;135435.0;Schaltgetriebe;Diesel;4.5;119.0;179.0;0.09225827887916713;7.425;1374.18;2202.39;True
802;Opel;Astra;2022-01-01;11450.0;Sehr guter Preis;108019.0;Schaltgetriebe;Diesel;3.4;90.0;105.0;0.10599987039317157;5.609999999999999;1038.27;1665.67;True
803;BMW;320;2018-05-01;19999.0;Sehr guter Preis;70329.0;Automatik;Benzin;5.3;124.0;184.0;0.2843634915895292;9.381;1736.18;2294.92;True
804;Renault;Clio;2014-03-01;4990.0;Fairer Preis;160794.0;Schaltgetriebe;Benzin;4.5;107.0;90.0;0.03103349627473662;7.965;1474.12;1980.3;True
805;Opel;Vivaro;2017-11-01;8990.0;Keine Information;160050.0;Schaltgetriebe;Diesel;6.2;165.0;145.0;0.05616994689159638;10.23;1893.31;3053.73;True
806;Volkswagen;Passat Variant;2018-08-01;12995.0;Fairer Preis;183000.0;Schaltgetriebe;Diesel;4.2;110.0;150.0;0.07101092896174864;6.93;1282.57;2035.82;True
807;Mercedes-Benz;S 400;;;Keine Information;;Keine Information;Keine Information;;;;;;;;True
808;Mercedes-Benz;;2014-07-01;13980.0;Fairer Preis;124100.0;Automatik;Benzin;;;122.0;0.11265108783239323;;;;True
809;Volvo;XC40;2020-07-01;19900.0;Keine Information;35501.0;Automatik;Benzin;6.5;147.0;163.0;0.5605475902087265;11.505;2129.28;2720.6;True
810;Nissan;X-Trail;2015-03-01;16950.0;Fairer Preis;93860.0;Automatik;Diesel;;;131.0;0.18058810995099084;;;;True
811;Nissan;Juke;2014-09-01;5990.0;Erhöhter Preis;185000.0;Schaltgetriebe;Benzin;6.0;138.0;94.0;0.03237837837837838;10.620000000000001;1965.49;2554.03;True
812;Volkswagen;Touran;2015-01-01;14900.0;Sehr guter Preis;102600.0;Automatik;Benzin;;125.0;150.0;0.145224171539961;;;2313.43;True
813;Mercedes-Benz;E 220;2014-01-01;18990.0;Fairer Preis;124600.0;Automatik;Diesel;4.4;117.0;170.0;0.15240770465489567;7.26;1343.64;2165.37;True
814;Volkswagen;T6 Multivan;2016-05-01;29895.0;Sehr guter Preis;132500.0;Schaltgetriebe;Diesel;;171.0;204.0;0.22562264150943395;;;3164.77;True
815;Audi;S5;2014-02-01;23140.0;Guter Preis;115084.0;Automatik;Benzin;9.4;190.0;333.0;0.20107052240102882;16.638;3079.27;3516.42;True
816;Audi;A6;2016-02-01;12950.0;Sehr guter Preis;188780.0;Schaltgetriebe;Diesel;4.6;;190.0;0.06859836847123636;7.589999999999999;1404.72;;True
817;Hyundai;i30;2018-09-01;22990.0;Sehr guter Preis;56674.0;Schaltgetriebe;Benzin;;;275.0;0.4056533860323958;;;;True
818;SEAT;Leon;2018-05-01;14950.0;Guter Preis;56500.0;Schaltgetriebe;Benzin;;;125.0;0.2646017699115044;;;;True
819;Mercedes-Benz;S 350;2016-06-01;37900.0;Guter Preis;163084.0;Automatik;Diesel;5.7;149.0;258.0;0.2323955752863555;9.405;1740.63;2757.61;True
820;Kia;Sportage;2017-08-01;12792.0;Sehr guter Preis;101000.0;Schaltgetriebe;Benzin;;;132.0;0.12665346534653465;;;;True
821;BMW;116;2014-02-01;7900.0;Guter Preis;136017.0;Schaltgetriebe;Benzin;;;136.0;0.05808097517222112;;;;True
822;Audi;Q5;2020-05-01;27999.0;Guter Preis;118800.0;Automatik;Diesel;5.6;149.0;190.0;0.2356818181818182;9.239999999999998;1710.09;2757.61;True
823;DS Automobiles;DS 7 Crossback;2018-07-01;18990.0;Guter Preis;149654.0;Automatik;Diesel;4.9;128.0;179.0;0.12689269915939433;8.085;1496.33;2368.95;True
824;Fiat;Panda;2016-01-01;6980.0;Guter Preis;53000.0;Schaltgetriebe;Benzin;;;69.0;0.13169811320754718;;;;True
825;Volvo;XC40;2020-07-01;18995.0;Guter Preis;190000.0;Automatik;Diesel;5.0;131.0;150.0;0.09997368421052631;8.25;1526.87;2424.48;True
826;Skoda;;2016-05-01;10980.0;Sehr guter Preis;85500.0;Automatik;Benzin;;0.0;125.0;0.12842105263157894;;;0.0;True
827;Jaguar;XE;2017-01-01;18900.0;Guter Preis;126200.0;Automatik;Benzin;6.8;154.0;250.0;0.14976228209191758;12.036;2227.56;2850.15;True
828;Land Rover;Discovery;2018-01-01;18550.0;Sehr guter Preis;259280.0;Automatik;Diesel;7.2;189.0;258.0;0.07154427645788337;11.879999999999999;2198.69;3497.91;True
829;Subaru;Forester;2015-04-01;13490.0;Sehr guter Preis;135422.0;Automatik;Diesel;;;147.0;0.09961453825818552;;;;True
830;Porsche;Cayenne;2017-07-01;34980.0;Sehr guter Preis;195000.0;Automatik;Diesel;8.0;209.0;385.0;0.1793846153846154;13.2;2442.98;3868.06;True
831;BMW;435;2014-05-01;23010.0;Sehr guter Preis;107475.0;Automatik;Benzin;7.6;181.0;306.0;0.21409630146545708;13.452;2489.62;3349.85;True
832;Jeep;Compass;2018-06-01;14997.0;Sehr guter Preis;51400.0;Schaltgetriebe;Benzin;6.2;143.0;140.0;0.2917704280155642;10.974;2031.01;2646.57;True
833;Opel;Grandland X;2020-11-01;14750.0;Sehr guter Preis;78593.0;Schaltgetriebe;Diesel;3.9;102.0;131.0;0.18767574720394947;6.435;1190.95;1887.76;True
834;BMW;X1;2014-07-01;8900.0;Fairer Preis;171400.0;Schaltgetriebe;Benzin;7.7;182.0;150.0;0.051925320886814466;13.629000000000001;2522.38;3368.36;True
835;Ford;Focus;2019-06-01;7500.0;Sehr guter Preis;182091.0;Automatik;Diesel;4.7;122.0;120.0;0.041188197110236094;7.755;1435.25;2257.91;True
836;BMW;218;2015-10-01;12999.0;Sehr guter Preis;96310.0;Automatik;Diesel;4.1;109.0;150.0;0.13497040805731492;6.764999999999999;1252.03;2017.31;True
837;Renault;Talisman;2017-10-01;14990.0;Sehr guter Preis;67858.0;Automatik;Diesel;;;160.0;0.22090247281086975;;;;True
838;Fiat;Tipo;2016-11-01;6500.0;Sehr guter Preis;69000.0;Schaltgetriebe;Benzin;;;95.0;0.09420289855072464;;;;True
839;Audi;A4;2018-06-01;13700.0;Sehr guter Preis;129900.0;Automatik;Benzin;5.7;;150.0;0.10546574287913779;10.089;1867.22;;True
840;BMW;435;2016-07-01;21880.0;Sehr guter Preis;106245.0;Automatik;Diesel;;;313.0;0.20593910301661256;;;;True
841;BMW;330;2016-12-01;19998.0;Sehr guter Preis;68500.0;Automatik;Benzin;6.2;144.0;252.0;0.2919416058394161;10.974;2031.01;2665.07;True
842;Opel;Mokka X;2017-06-01;11880.0;Sehr guter Preis;101266.0;Automatik;Diesel;;;136.0;0.11731479469910927;;;;True
843;Hyundai;i10;2016-03-01;7990.0;Sehr guter Preis;38025.0;Schaltgetriebe;Benzin;4.7;108.0;67.0;0.2101249178172255;8.319;1539.64;1998.81;True
844;BMW;316;2015-04-01;11399.0;Sehr guter Preis;140201.0;Schaltgetriebe;Diesel;3.9;103.0;116.0;0.08130469825464869;6.435;1190.95;1906.27;True
845;Opel;Astra;2017-02-01;5690.0;Guter Preis;193768.0;Schaltgetriebe;Diesel;3.5;92.0;110.0;0.029365013830973122;5.7749999999999995;1068.81;1702.69;True
846;Volkswagen;Passat Variant;2018-11-01;14480.0;Sehr guter Preis;148931.0;Automatik;Diesel;0.0;0.0;150.0;0.09722623228206351;0.0;0.0;0.0;True
847;Audi;A6;2016-02-01;12950.0;Sehr guter Preis;188780.0;Schaltgetriebe;Diesel;4.6;;190.0;0.06859836847123636;7.589999999999999;1404.72;;True
848;Mercedes-Benz;E 250;2015-10-01;15999.0;Sehr guter Preis;192996.0;Automatik;Diesel;;;204.0;0.08289809115214823;;;;True
849;BMW;216;2016-01-01;10680.0;Sehr guter Preis;91952.0;Schaltgetriebe;Benzin;5.1;118.0;102.0;0.11614755524621542;9.027;1670.67;2183.88;True
850;SEAT;Leon;2015-11-01;7900.0;Sehr guter Preis;151100.0;Schaltgetriebe;Diesel;;;150.0;0.05228325612177366;;;;True
851;Opel;Corsa;2016-04-01;7700.0;Sehr guter Preis;79500.0;Schaltgetriebe;Benzin;5.6;128.0;90.0;0.09685534591194969;9.911999999999999;1834.46;2368.95;True
852;Skoda;Octavia;2016-11-01;8500.0;Sehr guter Preis;134400.0;Schaltgetriebe;Diesel;3.9;103.0;90.0;0.06324404761904762;6.435;1190.95;1906.27;True
853;BMW;218;2015-10-01;12999.0;Sehr guter Preis;96310.0;Automatik;Diesel;4.1;109.0;150.0;0.13497040805731492;6.764999999999999;1252.03;2017.31;True
854;Ford;S-Max;2016-04-01;8990.0;Keine Information;124869.0;Schaltgetriebe;Benzin;;;160.0;0.07199545123289207;;;;True
855;Mitsubishi;Outlander;2017-01-01;14950.0;Sehr guter Preis;134600.0;Schaltgetriebe;Diesel;5.4;143.0;150.0;0.11106983655274888;8.91;1649.01;2646.57;True
856;Volkswagen;Golf;2015-05-01;4970.0;Guter Preis;305484.0;Schaltgetriebe;Diesel;;;110.0;0.016269264511398304;;;;True
857;Volkswagen;Golf Variant;2016-12-01;7780.0;Guter Preis;197000.0;Schaltgetriebe;Diesel;4.0;103.0;110.0;0.03949238578680203;6.6;1221.49;1906.27;True
858;Mercedes-Benz;C 220;2015-03-01;12990.0;Sehr guter Preis;190282.0;Automatik;Diesel;4.3;108.0;170.0;0.0682670983067237;7.095;1313.1;1998.81;True
859;Mercedes-Benz;B 200;2015-06-01;8999.0;Guter Preis;232943.0;Schaltgetriebe;Diesel;4.3;114.0;136.0;0.0386317682866624;7.095;1313.1;2109.85;True
860;Nissan;Qashqai;2020-06-01;9900.0;Sehr guter Preis;350000.0;Schaltgetriebe;Diesel;3.8;100.0;116.0;0.028285714285714286;6.27;1160.42;1850.75;True
861;Volkswagen;Passat;2017-01-01;10900.0;Sehr guter Preis;207700.0;Automatik;Diesel;4.4;;150.0;0.05247953779489649;7.26;1343.64;;True
862;Volkswagen;Golf GTI;2016-08-01;16890.0;Sehr guter Preis;100103.0;Automatik;Benzin;;;230.0;0.16872621200163831;;;;True
863;Audi;A6 allroad;2017-01-01;17900.0;Sehr guter Preis;198999.0;Automatik;Diesel;5.6;149.0;272.0;0.08995020075477766;9.239999999999998;1710.09;2757.61;True
864;Renault;Megane;2017-05-01;11790.0;Sehr guter Preis;93252.0;Automatik;Benzin;;;132.0;0.12643160468408185;;;;True
865;Skoda;Rapid/Spaceback;2018-08-01;9810.0;Sehr guter Preis;102000.0;Schaltgetriebe;Benzin;;;110.0;0.0961764705882353;;;;True
866;Ford;Kuga;2017-01-01;8650.0;Sehr guter Preis;139693.0;Schaltgetriebe;Benzin;;;150.0;0.061921499287723794;;;;True
867;Mercedes-Benz;C 250;2015-10-01;16480.0;Sehr guter Preis;151500.0;Automatik;Benzin;;0.0;211.0;0.10877887788778878;;;0.0;True
868;Dacia;Dokker;2015-11-01;7499.0;Sehr guter Preis;124100.0;Schaltgetriebe;Benzin;;;116.0;0.06042707493956487;;;;True
869;BMW;318;2015-02-01;7990.0;Sehr guter Preis;244171.0;Automatik;Diesel;4.5;119.0;143.0;0.03272296873912135;7.425;1374.18;2202.39;True
870;Volvo;XC60;2017-06-01;25900.0;Keine Information;106238.0;Automatik;Diesel;;;235.0;0.24379224006476025;;;;True
871;Volkswagen;Caddy;2015-12-01;10500.0;Fairer Preis;238944.0;Schaltgetriebe;Diesel;4.7;122.0;102.0;0.04394335074327039;7.755;1435.25;2257.91;True
872;Renault;Talisman;2017-10-01;14990.0;Sehr guter Preis;67858.0;Automatik;Diesel;;;160.0;0.22090247281086975;;;;True
873;Volkswagen;Golf;2015-11-01;14900.0;Guter Preis;18884.0;Automatik;Benzin;4.9;112.0;110.0;0.7890277483583986;8.673;1605.15;2072.84;True
874;BMW;118;2015-03-01;9799.0;Guter Preis;140636.0;Schaltgetriebe;Benzin;5.7;135.0;136.0;0.06967632754060127;10.089;1867.22;2498.51;True
875;Volkswagen;T6 Kombi;2015-10-01;20989.0;Sehr guter Preis;149750.0;Schaltgetriebe;Diesel;6.0;;150.0;0.1401602671118531;9.899999999999999;1832.24;;True
876;Honda;Civic;2015-10-01;13480.0;Fairer Preis;78272.0;Schaltgetriebe;Benzin;5.8;137.0;141.0;0.1722199509403107;10.266;1899.98;2535.52;True
877;BMW;116;2017-03-01;9990.0;Sehr guter Preis;157445.0;Schaltgetriebe;Diesel;;;116.0;0.06345072882593922;;;;True
878;Jeep;Renegade;2015-03-01;12960.0;Sehr guter Preis;102632.0;Automatik;Diesel;5.8;150.0;140.0;0.12627640501987683;9.569999999999999;1771.16;2776.12;True
879;BMW;320;2020-05-01;15550.0;Sehr guter Preis;217000.0;Automatik;Diesel;;;190.0;0.07165898617511521;;;;True
880;Audi;A4;2016-02-01;13499.0;Guter Preis;211000.0;Automatik;Diesel;4.3;116.0;150.0;0.06397630331753555;7.095;1313.1;2146.86;True
881;Nissan;Qashqai;2015-10-01;9990.0;Guter Preis;120000.0;Schaltgetriebe;Diesel;3.8;99.0;110.0;0.08325;6.27;1160.42;1832.24;True
882;Audi;A5;2016-09-01;19250.0;Sehr guter Preis;139864.0;Automatik;Diesel;5.7;151.0;245.0;0.13763370130984384;9.405;1740.63;2794.63;True
883;BMW;520;2017-02-01;13980.0;Keine Information;180000.0;Automatik;Diesel;4.6;121.0;190.0;0.07766666666666666;7.589999999999999;1404.72;2239.4;True
884;BMW;218;2016-02-01;7850.0;Guter Preis;309000.0;Automatik;Diesel;4.1;109.0;150.0;0.02540453074433657;6.764999999999999;1252.03;2017.31;True
885;Opel;Insignia;2019-12-01;9999.0;Sehr guter Preis;184000.0;Schaltgetriebe;Diesel;5.9;154.0;136.0;0.05434239130434783;9.735;1801.7;2850.15;True
886;Skoda;Fabia;2019-02-01;8800.0;Sehr guter Preis;98747.0;Schaltgetriebe;Benzin;4.8;109.0;75.0;0.08911663139133341;8.496;1572.39;2017.31;True
887;Kia;Sportage;2017-01-01;14500.0;Guter Preis;81004.0;Automatik;Benzin;7.9;187.0;135.0;0.17900350599970372;13.983;2587.9;3460.89;True
888;Renault;Kadjar;2017-09-01;13980.0;Sehr guter Preis;77279.0;Schaltgetriebe;Benzin;;;163.0;0.18090296199484984;;;;True
889;Jeep;Compass;2018-06-01;14997.0;Sehr guter Preis;51400.0;Schaltgetriebe;Benzin;6.2;143.0;140.0;0.2917704280155642;10.974;2031.01;2646.57;True
890;Mitsubishi;Space Star;2021-07-01;8990.0;Sehr guter Preis;13711.0;Schaltgetriebe;Benzin;5.0;113.0;71.0;0.6556779228356794;8.85;1637.91;2091.34;True
891;Fiat;Tipo;2016-11-01;6500.0;Sehr guter Preis;69000.0;Schaltgetriebe;Benzin;;;95.0;0.09420289855072464;;;;True
892;SEAT;Leon;2018-05-01;14950.0;Guter Preis;56500.0;Schaltgetriebe;Benzin;;;125.0;0.2646017699115044;;;;True
893;Audi;Q2;2019-05-01;18350.0;Sehr guter Preis;19129.0;Schaltgetriebe;Benzin;5.4;122.0;116.0;0.9592764911913848;9.558000000000002;1768.94;2257.91;True
894;Volkswagen;Polo;2016-12-01;9877.0;Guter Preis;73850.0;Schaltgetriebe;Benzin;4.7;107.0;90.0;0.13374407582938388;8.319;1539.64;1980.3;True
895;Opel;Grandland X;2020-11-01;14750.0;Sehr guter Preis;78593.0;Schaltgetriebe;Diesel;3.9;102.0;131.0;0.18767574720394947;6.435;1190.95;1887.76;True
896;BMW;X6;2017-02-01;29900.0;Guter Preis;154000.0;Automatik;Diesel;7.0;183.0;258.0;0.19415584415584416;11.549999999999999;2137.61;3386.86;True
897;Renault;Megane;2018-07-01;8500.0;Guter Preis;180000.0;Automatik;Diesel;3.7;95.0;110.0;0.04722222222222222;6.1049999999999995;1129.88;1758.21;True
898;Mercedes-Benz;A 250;2018-10-01;18450.0;Sehr guter Preis;122304.0;Automatik;Benzin;6.2;141.0;224.0;0.15085361067503925;10.974;2031.01;2609.55;True
899;Audi;A6;2015-07-01;24940.0;Sehr guter Preis;169500.0;Automatik;Diesel;6.2;164.0;326.0;0.1471386430678466;10.23;1893.31;3035.22;True
900;Volkswagen;Touran;2017-09-01;15850.0;Sehr guter Preis;135531.0;Schaltgetriebe;Benzin;5.6;130.0;150.0;0.11694741424471154;9.911999999999999;1834.46;2405.97;True
901;Skoda;Fabia;2015-05-01;12490.0;Sehr guter Preis;59992.0;Automatik;Benzin;4.7;109.0;110.0;0.20819442592345647;8.319;1539.64;2017.31;True
902;Audi;A4;2019-02-01;18920.0;Sehr guter Preis;159400.0;Automatik;Diesel;;;190.0;0.11869510664993727;;;;True
903;Peugeot;3008;2019-03-01;13990.0;Guter Preis;181260.0;Automatik;Diesel;;;131.0;0.07718194858214719;;;;True
904;Audi;A3;2015-04-01;15480.0;Sehr guter Preis;85850.0;Automatik;Benzin;4.4;116.0;179.0;0.18031450203843913;7.788000000000001;1441.36;2146.86;True
905;Ford;Focus;2019-06-01;9950.0;Sehr guter Preis;146769.0;Automatik;Benzin;5.9;133.0;150.0;0.06779360764194074;10.443000000000001;1932.73;2461.49;True
906;Volkswagen;Passat Variant;2018-08-01;12995.0;Fairer Preis;183000.0;Schaltgetriebe;Diesel;4.2;110.0;150.0;0.07101092896174864;6.93;1282.57;2035.82;True
907;BMW;220;2015-06-01;13950.0;Sehr guter Preis;121900.0;Automatik;Diesel;5.2;155.0;190.0;0.11443806398687449;8.58;1587.94;2868.66;True
908;Audi;Q3;2015-03-01;14950.0;Sehr guter Preis;119176.0;Schaltgetriebe;Diesel;;;150.0;0.12544472041350607;;;;True
909;Toyota;Aygo;2015-06-01;7900.0;Guter Preis;50500.0;Schaltgetriebe;Benzin;4.1;95.0;69.0;0.15643564356435644;7.257;1343.09;1758.21;True
910;Audi;A4;2018-06-01;13700.0;Sehr guter Preis;129900.0;Automatik;Benzin;5.7;;150.0;0.10546574287913779;10.089;1867.22;;True
911;Mercedes-Benz;CLA 200;2015-03-01;18850.0;Fairer Preis;116000.0;Automatik;Benzin;5.7;135.0;156.0;0.1625;10.089;1867.22;2498.51;True
912;SEAT;Ibiza;2018-03-01;7995.0;Sehr guter Preis;110000.0;Schaltgetriebe;Benzin;4.7;106.0;95.0;0.07268181818181818;8.319;1539.64;1961.79;True
913;Peugeot;3008;2017-06-01;14990.0;Sehr guter Preis;88960.0;Automatik;Benzin;;;131.0;0.1685026978417266;;;;True
914;Renault;Megane;2016-05-01;8990.0;Guter Preis;106656.0;Schaltgetriebe;Benzin;5.4;120.0;101.0;0.08428967896789678;9.558000000000002;1768.94;2220.89;True
915;Mazda;6;2017-01-01;13950.0;Sehr guter Preis;108000.0;Automatik;Diesel;;;175.0;0.12916666666666668;;;;True
916;DS Automobiles;DS 7 Crossback;2018-07-01;18990.0;Guter Preis;149654.0;Automatik;Diesel;4.9;128.0;179.0;0.12689269915939433;8.085;1496.33;2368.95;True
917;Mercedes-Benz;E 400;2015-04-01;26850.0;Fairer Preis;108400.0;Automatik;Benzin;7.2;170.0;333.0;0.24769372693726938;12.744;2358.59;3146.27;True
918;Renault;Scenic;2015-06-01;5900.0;Guter Preis;227000.0;Schaltgetriebe;Diesel;4.4;117.0;131.0;0.025991189427312777;7.26;1343.64;2165.37;True
919;Volvo;XC40;2020-07-01;19900.0;Keine Information;35501.0;Automatik;Benzin;6.5;147.0;163.0;0.5605475902087265;11.505;2129.28;2720.6;True
920;Volkswagen;Golf;2015-03-01;9999.0;Sehr guter Preis;136400.0;Schaltgetriebe;Benzin;5.2;119.0;140.0;0.07330645161290322;9.204;1703.43;2202.39;True
921;Kia;Sportage;2017-08-01;12792.0;Sehr guter Preis;101000.0;Schaltgetriebe;Benzin;;;132.0;0.12665346534653465;;;;True
922;Opel;Meriva;2015-03-01;8750.0;Sehr guter Preis;64950.0;Schaltgetriebe;Benzin;6.3;149.0;140.0;0.13471901462663588;11.151;2063.77;2757.61;True
923;Ford;C-Max;2015-06-01;8990.0;Guter Preis;99251.0;Schaltgetriebe;Benzin;6.2;146.0;125.0;0.0905784324591188;10.974;2031.01;2702.09;True
924;Ford;C-Max;2017-09-01;14890.0;Guter Preis;51500.0;Automatik;Diesel;5.4;129.0;120.0;0.289126213592233;8.91;1649.01;2387.46;True
925;Fiat;500;2017-02-01;9670.0;Sehr guter Preis;9648.0;Schaltgetriebe;Benzin;4.9;115.0;69.0;1.0022802653399667;8.673;1605.15;2128.36;True
926;Porsche;Macan;2015-05-01;22900.0;Keine Information;241222.0;Automatik;Diesel;6.3;167.0;258.0;0.0949332979578977;10.395;1923.85;3090.75;True
927;Mitsubishi;Space Star;2019-03-01;5450.0;Sehr guter Preis;70200.0;Schaltgetriebe;Benzin;4.2;96.0;71.0;0.07763532763532764;7.434;1375.84;1776.72;True
928;Volkswagen;Polo;2019-05-01;8995.0;Guter Preis;157000.0;Schaltgetriebe;Benzin;4.8;110.0;80.0;0.05729299363057325;8.496;1572.39;2035.82;True
929;BMW;435;2016-07-01;21880.0;Sehr guter Preis;106245.0;Automatik;Diesel;;;313.0;0.20593910301661256;;;;True
930;Toyota;Hilux;2015-03-01;18980.0;Guter Preis;220497.0;Automatik;Diesel;;;171.0;0.08607826863857558;;;;True
931;Volkswagen;Touran;2016-09-01;15800.0;Sehr guter Preis;148150.0;Automatik;Diesel;4.6;120.0;150.0;0.10664866689166386;7.589999999999999;1404.72;2220.89;True
932;Audi;A4;2017-06-01;14800.0;Fairer Preis;171480.0;Schaltgetriebe;Diesel;4.3;116.0;150.0;0.08630744110100304;7.095;1313.1;2146.86;True
933;Opel;Adam;2017-11-01;10990.0;Sehr guter Preis;49650.0;Schaltgetriebe;Benzin;;0.0;116.0;0.22134944612286003;;;0.0;True
934;Mitsubishi;ASX;2016-02-01;9999.0;Sehr guter Preis;83500.0;Schaltgetriebe;Benzin;;;117.0;0.11974850299401198;;;;True
935;Ford;C-Max;2018-11-01;9950.0;Sehr guter Preis;132109.0;Automatik;Diesel;4.7;124.0;120.0;0.07531659463019173;7.755;1435.25;2294.92;True
936;BMW;320;2018-05-01;19999.0;Sehr guter Preis;70329.0;Automatik;Benzin;5.3;124.0;184.0;0.2843634915895292;9.381;1736.18;2294.92;True
937;Ford;Kuga;2017-11-01;15480.0;Sehr guter Preis;82480.0;Automatik;Benzin;;;182.0;0.18768186226964112;;;;True
938;Skoda;Karoq;2019-05-01;18490.0;Sehr guter Preis;54199.0;Schaltgetriebe;Benzin;;;150.0;0.3411502057233528;;;;True
939;Jaguar;XE;2017-01-01;18900.0;Guter Preis;126200.0;Automatik;Benzin;6.8;154.0;250.0;0.14976228209191758;12.036;2227.56;2850.15;True
940;Mercedes-Benz;E 220;2016-04-01;26990.0;Sehr guter Preis;138000.0;Automatik;Diesel;3.9;102.0;194.0;0.19557971014492753;6.435;1190.95;1887.76;True
941;Toyota;C-HR;2019-09-01;16730.0;Sehr guter Preis;76931.0;Automatik;Benzin;3.8;86.0;98.0;0.21746760083711378;6.726;1244.81;1591.64;True
942;Hyundai;i20;2020-12-01;14960.0;Sehr guter Preis;7170.0;Schaltgetriebe;Benzin;5.4;123.0;101.0;2.086471408647141;9.558000000000002;1768.94;2276.42;True
943;SEAT;Ibiza;2017-11-01;11985.0;Sehr guter Preis;34391.0;Schaltgetriebe;Benzin;;;95.0;0.34849233811171526;;;;True
944;Renault;Talisman;2016-10-01;16480.0;Sehr guter Preis;52150.0;Automatik;Benzin;;;200.0;0.3160115052732502;;;;True
945;BMW;320;2016-09-01;19990.0;Sehr guter Preis;98558.0;Automatik;Benzin;;;184.0;0.2028247326447371;;;;True
946;Peugeot;208;2018-05-01;7970.0;Sehr guter Preis;82550.0;Schaltgetriebe;Benzin;;;82.0;0.09654754694124773;;;;True
947;Toyota;Auris;;;Keine Information;;Automatik;Keine Information;;;;;;;;True
948;Opel;Mokka X;2017-06-01;11880.0;Sehr guter Preis;101266.0;Automatik;Diesel;;;136.0;0.11731479469910927;;;;True
949;Audi;SQ7;2017-11-01;36474.0;Sehr guter Preis;153851.0;Automatik;Diesel;;;435.0;0.23707353218373622;;;;True
950;Volvo;XC40;2020-07-01;18995.0;Guter Preis;190000.0;Automatik;Diesel;5.0;131.0;150.0;0.09997368421052631;8.25;1526.87;2424.48;True
951;Mercedes-Benz;S 350;2016-06-01;37900.0;Guter Preis;163084.0;Automatik;Diesel;5.7;149.0;258.0;0.2323955752863555;9.405;1740.63;2757.61;True
952;Volkswagen;T6 Multivan;2016-05-01;29895.0;Sehr guter Preis;132500.0;Schaltgetriebe;Diesel;;171.0;204.0;0.22562264150943395;;;3164.77;True
953;Kia;Sportage;2015-03-01;13960.0;Fairer Preis;65095.0;Schaltgetriebe;Benzin;;;135.0;0.21445579537598894;;;;True
954;Kia;Stonic;2017-12-01;9777.0;Guter Preis;110290.0;Schaltgetriebe;Benzin;;;84.0;0.08864810952942243;;;;True
955;Hyundai;i30;2018-09-01;22990.0;Sehr guter Preis;56674.0;Schaltgetriebe;Benzin;;;275.0;0.4056533860323958;;;;True
956;Toyota;Avensis;2017-09-01;13881.0;Sehr guter Preis;115001.0;Schaltgetriebe;Benzin;;;147.0;0.12070329823218928;;;;True
957;Opel;Astra;2022-01-01;11450.0;Sehr guter Preis;108019.0;Schaltgetriebe;Diesel;3.4;90.0;105.0;0.10599987039317157;5.609999999999999;1038.27;1665.67;True
958;Mercedes-Benz;V 250;2016-08-01;34740.0;Guter Preis;143781.0;Automatik;Diesel;;;190.0;0.24161745988691136;;;;True
959;Citroen;Berlingo;2017-06-01;13490.0;Sehr guter Preis;44303.0;Schaltgetriebe;Benzin;;;110.0;0.3044940523215132;;;;True
960;Volkswagen;Tiguan;2018-04-01;22100.0;Sehr guter Preis;129000.0;Automatik;Diesel;5.7;149.0;190.0;0.17131782945736435;9.405;1740.63;2757.61;True
961;Volvo;XC60;2017-05-01;19990.0;Sehr guter Preis;106999.0;Automatik;Diesel;4.7;124.0;190.0;0.18682417592687783;7.755;1435.25;2294.92;True
962;Ford;Ranger;2019-06-01;18900.0;Keine Information;19143.0;Schaltgetriebe;Diesel;7.0;184.0;160.0;0.9873060648801129;11.549999999999999;2137.61;3405.37;True
963;Hyundai;i20;2019-04-01;11499.0;Sehr guter Preis;41000.0;Schaltgetriebe;Benzin;5.8;132.0;84.0;0.28046341463414637;10.266;1899.98;2442.98;True
964;Audi;A4;2018-09-01;17450.0;Sehr guter Preis;121590.0;Automatik;Benzin;;;150.0;0.1435150917016202;;;;True
965;Opel;Mokka X;2019-08-01;13950.0;Sehr guter Preis;54100.0;Schaltgetriebe;Benzin;;;140.0;0.2578558225508318;;;;True
966;BMW;330;2016-12-01;19998.0;Sehr guter Preis;68500.0;Automatik;Benzin;6.2;144.0;252.0;0.2919416058394161;10.974;2031.01;2665.07;True
967;Kia;XCeed;2020-06-01;16735.0;Keine Information;41088.0;Schaltgetriebe;Benzin;6.6;150.0;140.0;0.4072965342679128;11.681999999999999;2162.04;2776.12;True
968;Opel;Grandland X;2019-09-01;14870.0;Sehr guter Preis;41584.0;Schaltgetriebe;Benzin;5.1;116.0;131.0;0.35758945748364757;9.027;1670.67;2146.86;True
969;Ford;Transit Custom;2016-05-01;16990.0;Sehr guter Preis;101147.0;Schaltgetriebe;Diesel;6.5;172.0;101.0;0.16797334572453954;10.725;1984.92;3183.28;True
970;Renault;Scenic;2015-03-01;7480.0;Sehr guter Preis;151011.0;Schaltgetriebe;Diesel;4.7;122.0;131.0;0.0495328154902623;7.755;1435.25;2257.91;True
971;Mercedes-Benz;C 200;2020-11-01;18350.0;Sehr guter Preis;147700.0;Automatik;Diesel;;;160.0;0.12423832092078538;;;;True
972;Mazda;MX-5;2016-04-01;15800.0;Sehr guter Preis;85452.0;Schaltgetriebe;Benzin;6.9;164.0;160.0;0.18489912465477695;12.213000000000001;2260.32;3035.22;True
973;Opel;Grandland X;2020-02-01;12450.0;Sehr guter Preis;145175.0;Automatik;Benzin;4.9;111.0;131.0;0.08575856724642672;8.673;1605.15;2054.33;True
974;Opel;Corsa;2015-10-01;7990.0;Sehr guter Preis;73935.0;Schaltgetriebe;Benzin;;;116.0;0.10806789747751404;;;;True
975;Mazda;CX-5;2016-02-01;13450.0;Sehr guter Preis;146647.0;Automatik;Diesel;;;175.0;0.09171684384951619;;;;True
976;Volkswagen;Arteon;2017-09-01;19900.0;Sehr guter Preis;142992.0;Automatik;Diesel;;;150.0;0.13916862481817163;;;;True
977;Mercedes-Benz;C 220;2019-11-01;19900.0;Sehr guter Preis;120000.0;Automatik;Diesel;4.5;119.0;194.0;0.16583333333333333;7.425;1374.18;2202.39;True
978;Skoda;;2016-05-01;10980.0;Sehr guter Preis;85500.0;Automatik;Benzin;;0.0;125.0;0.12842105263157894;;;0.0;True
979;Volkswagen;Golf;2017-06-01;13480.0;Sehr guter Preis;84292.0;Schaltgetriebe;Benzin;;;125.0;0.1599202771318749;;;;True
980;Mercedes-Benz;A 180;2020-01-01;17940.0;Guter Preis;169490.0;Automatik;Diesel;4.0;105.0;116.0;0.1058469526225736;6.6;1221.49;1943.28;True
981;Audi;Q3;2015-03-01;13500.0;Fairer Preis;223210.0;Automatik;Diesel;5.5;144.0;184.0;0.06048116123829578;9.075;1679.55;2665.07;True
982;Kia;Sorento;2018-10-01;19970.0;Fairer Preis;171531.0;Automatik;Diesel;;;200.0;0.11642210445925226;;;;True
983;Mercedes-Benz;A 200;2016-05-01;16770.0;Fairer Preis;102200.0;Schaltgetriebe;Benzin;5.5;130.0;156.0;0.1640900195694716;9.735;1801.7;2405.97;True
984;Hyundai;i10;2016-03-01;7990.0;Sehr guter Preis;38025.0;Schaltgetriebe;Benzin;4.7;108.0;67.0;0.2101249178172255;8.319;1539.64;1998.81;True
985;Volkswagen;Touran;2021-01-01;14790.0;Sehr guter Preis;155115.0;Schaltgetriebe;Diesel;;;122.0;0.0953486123198917;;;;True
986;Renault;Clio;2016-05-01;6990.0;Keine Information;116200.0;Schaltgetriebe;Benzin;5.6;133.0;73.0;0.06015490533562823;9.911999999999999;1834.46;2461.49;True
987;Mercedes-Benz;A 220;2016-12-01;18990.0;Guter Preis;121550.0;Automatik;Diesel;;;177.0;0.15623200329082682;;;;True
988;Toyota;Aygo;2020-12-01;9490.0;Sehr guter Preis;53177.0;Schaltgetriebe;Benzin;5.0;114.0;72.0;0.17846061267089156;8.85;1637.91;2109.85;True
989;Nissan;X-Trail;2015-03-01;16950.0;Fairer Preis;93860.0;Automatik;Diesel;;;131.0;0.18058810995099084;;;;True
990;Volkswagen;Touran;2015-01-01;14900.0;Sehr guter Preis;102600.0;Automatik;Benzin;;125.0;150.0;0.145224171539961;;;2313.43;True
991;Jeep;Grand Cherokee;2017-05-01;24999.0;Sehr guter Preis;105505.0;Automatik;Diesel;;;250.0;0.2369461162978058;;;;True
992;Audi;Q2;2018-08-01;18990.0;Sehr guter Preis;76259.0;Automatik;Benzin;;;116.0;0.2490197878283219;;;;True
993;Hyundai;i30;2022-01-01;15990.0;Sehr guter Preis;27885.0;Schaltgetriebe;Benzin;5.0;115.0;120.0;0.5734265734265734;8.85;1637.91;2128.36;True
994;Opel;Vivaro;2017-11-01;8990.0;Keine Information;160050.0;Schaltgetriebe;Diesel;6.2;165.0;145.0;0.05616994689159638;10.23;1893.31;3053.73;True
995;Subaru;Forester;2015-04-01;13490.0;Sehr guter Preis;135422.0;Automatik;Diesel;;;147.0;0.09961453825818552;;;;True
996;Land Rover;Discovery;2018-01-01;18550.0;Sehr guter Preis;259280.0;Automatik;Diesel;7.2;189.0;258.0;0.07154427645788337;11.879999999999999;2198.69;3497.91;True
997;Audi;Q5;2020-05-01;27999.0;Guter Preis;118800.0;Automatik;Diesel;5.6;149.0;190.0;0.2356818181818182;9.239999999999998;1710.09;2757.61;True
998;Mercedes-Benz;B 220;2018-04-01;17990.0;Sehr guter Preis;99999.0;Automatik;Diesel;4.2;108.0;177.0;0.17990179901799017;6.93;1282.57;1998.81;True
999;Land Rover;Range Rover Evoque;2016-07-01;21890.0;Sehr guter Preis;156000.0;Automatik;Diesel;5.7;149.0;150.0;0.14032051282051283;9.405;1740.63;2757.61;True
1000;Ford;Grand C-Max;2018-05-01;11950.0;Sehr guter Preis;114400.0;Schaltgetriebe;Diesel;4.6;119.0;120.0;0.10445804195804195;7.589999999999999;1404.72;2202.39;True
1001;Volkswagen;Golf;2020-08-01;18490.0;Sehr guter Preis;54302.0;Schaltgetriebe;Diesel;;;116.0;0.34050311222422747;;;;True
1002;Porsche;Cayenne;2017-07-01;34980.0;Sehr guter Preis;195000.0;Automatik;Diesel;8.0;209.0;385.0;0.1793846153846154;13.2;2442.98;3868.06;True
1003;Ford;Focus;2019-06-01;7500.0;Sehr guter Preis;182091.0;Automatik;Diesel;4.7;122.0;120.0;0.041188197110236094;7.755;1435.25;2257.91;True
1004;Audi;A4;2018-06-01;13700.0;Sehr guter Preis;129900.0;Automatik;Benzin;5.7;;150.0;0.10546574287913779;10.089;1867.22;;True
1005;Renault;Talisman;2017-10-01;14990.0;Sehr guter Preis;67858.0;Automatik;Diesel;;;160.0;0.22090247281086975;;;;True
1006;Fiat;Tipo;2016-11-01;6500.0;Sehr guter Preis;69000.0;Schaltgetriebe;Benzin;;;95.0;0.09420289855072464;;;;True
1007;Volkswagen;Passat Variant;2018-11-01;14480.0;Sehr guter Preis;148931.0;Automatik;Diesel;0.0;0.0;150.0;0.09722623228206351;0.0;0.0;0.0;True
1008;BMW;435;2016-07-01;21880.0;Sehr guter Preis;106245.0;Automatik;Diesel;;;313.0;0.20593910301661256;;;;True
1009;BMW;330;2016-12-01;19998.0;Sehr guter Preis;68500.0;Automatik;Benzin;6.2;144.0;252.0;0.2919416058394161;10.974;2031.01;2665.07;True
1010;Audi;Q3;2018-05-01;18890.0;Sehr guter Preis;79805.0;Schaltgetriebe;Diesel;;;150.0;0.23670196103001065;;;;True
1011;Peugeot;5008;2017-10-01;11790.0;Keine Information;114607.0;Schaltgetriebe;Benzin;;;131.0;0.10287329744256458;;;;True
1012;Hyundai;i10;2016-03-01;7990.0;Sehr guter Preis;38025.0;Schaltgetriebe;Benzin;4.7;108.0;67.0;0.2101249178172255;8.319;1539.64;1998.81;True
1013;Opel;Astra;2017-02-01;5690.0;Guter Preis;193768.0;Schaltgetriebe;Diesel;3.5;92.0;110.0;0.029365013830973122;5.7749999999999995;1068.81;1702.69;True
1014;Skoda;Rapid/Spaceback;2018-08-01;9810.0;Sehr guter Preis;102000.0;Schaltgetriebe;Benzin;;;110.0;0.0961764705882353;;;;True
1015;Audi;A6;2016-02-01;12950.0;Sehr guter Preis;188780.0;Schaltgetriebe;Diesel;4.6;;190.0;0.06859836847123636;7.589999999999999;1404.72;;True
1016;Volvo;XC60;2017-06-01;25900.0;Keine Information;106238.0;Automatik;Diesel;;;235.0;0.24379224006476025;;;;True
1017;Skoda;Octavia;2016-11-01;8500.0;Sehr guter Preis;134400.0;Schaltgetriebe;Diesel;3.9;103.0;90.0;0.06324404761904762;6.435;1190.95;1906.27;True
1018;Mitsubishi;Outlander;2017-01-01;14950.0;Sehr guter Preis;134600.0;Schaltgetriebe;Diesel;5.4;143.0;150.0;0.11106983655274888;8.91;1649.01;2646.57;True
1019;Nissan;Qashqai;2020-06-01;9900.0;Sehr guter Preis;350000.0;Schaltgetriebe;Diesel;3.8;100.0;116.0;0.028285714285714286;6.27;1160.42;1850.75;True
1020;BMW;216;2016-01-01;10680.0;Sehr guter Preis;91952.0;Schaltgetriebe;Benzin;5.1;118.0;102.0;0.11614755524621542;9.027;1670.67;2183.88;True
1021;Audi;A4;2018-06-01;13700.0;Sehr guter Preis;129900.0;Automatik;Benzin;5.7;;150.0;0.10546574287913779;10.089;1867.22;;True
1022;Jeep;Compass;2018-06-01;14997.0;Sehr guter Preis;51400.0;Schaltgetriebe;Benzin;6.2;143.0;140.0;0.2917704280155642;10.974;2031.01;2646.57;True
1023;Opel;Corsa;2016-04-01;7700.0;Sehr guter Preis;79500.0;Schaltgetriebe;Benzin;5.6;128.0;90.0;0.09685534591194969;9.911999999999999;1834.46;2368.95;True
1024;Ford;S-Max;2016-04-01;8990.0;Keine Information;124869.0;Schaltgetriebe;Benzin;;;160.0;0.07199545123289207;;;;True
1025;Audi;A6 allroad;2017-01-01;17900.0;Sehr guter Preis;198999.0;Automatik;Diesel;5.6;149.0;272.0;0.08995020075477766;9.239999999999998;1710.09;2757.61;True
1026;Volkswagen;Golf Variant;2016-12-01;7780.0;Guter Preis;197000.0;Schaltgetriebe;Diesel;4.0;103.0;110.0;0.03949238578680203;6.6;1221.49;1906.27;True
1027;Volkswagen;Golf GTI;2016-08-01;16890.0;Sehr guter Preis;100103.0;Automatik;Benzin;;;230.0;0.16872621200163831;;;;True
1028;BMW;320;2020-05-01;15550.0;Sehr guter Preis;217000.0;Automatik;Diesel;;;190.0;0.07165898617511521;;;;True
1029;Mitsubishi;Space Star;2021-07-01;8990.0;Sehr guter Preis;13711.0;Schaltgetriebe;Benzin;5.0;113.0;71.0;0.6556779228356794;8.85;1637.91;2091.34;True
1030;Renault;Megane;2017-05-01;11790.0;Sehr guter Preis;93252.0;Automatik;Benzin;;;132.0;0.12643160468408185;;;;True
1031;BMW;X6;2017-02-01;29900.0;Guter Preis;154000.0;Automatik;Diesel;7.0;183.0;258.0;0.19415584415584416;11.549999999999999;2137.61;3386.86;True
1032;Peugeot;Traveller;2017-09-01;16995.0;Guter Preis;196000.0;Schaltgetriebe;Diesel;5.3;139.0;150.0;0.08670918367346939;8.745;1618.48;2572.54;True
1033;Ford;Kuga;2017-01-01;8650.0;Sehr guter Preis;139693.0;Schaltgetriebe;Benzin;;;150.0;0.061921499287723794;;;;True
1034;Opel;Grandland X;2020-11-01;14750.0;Sehr guter Preis;78593.0;Schaltgetriebe;Diesel;3.9;102.0;131.0;0.18767574720394947;6.435;1190.95;1887.76;True
1035;SEAT;Leon;2018-05-01;14950.0;Guter Preis;56500.0;Schaltgetriebe;Benzin;;;125.0;0.2646017699115044;;;;True
1036;BMW;116;2017-03-01;9990.0;Sehr guter Preis;157445.0;Schaltgetriebe;Diesel;;;116.0;0.06345072882593922;;;;True
1037;Audi;A5;2016-09-01;19250.0;Sehr guter Preis;139864.0;Automatik;Diesel;5.7;151.0;245.0;0.13763370130984384;9.405;1740.63;2794.63;True
1038;BMW;320;2018-05-01;19999.0;Sehr guter Preis;70329.0;Automatik;Benzin;5.3;124.0;184.0;0.2843634915895292;9.381;1736.18;2294.92;True
1039;Mercedes-Benz;A 250;2018-10-01;18450.0;Sehr guter Preis;122304.0;Automatik;Benzin;6.2;141.0;224.0;0.15085361067503925;10.974;2031.01;2609.55;True
1040;Renault;Talisman;2017-10-01;14990.0;Sehr guter Preis;67858.0;Automatik;Diesel;;;160.0;0.22090247281086975;;;;True
1041;Skoda;Fabia;2019-02-01;8800.0;Sehr guter Preis;98747.0;Schaltgetriebe;Benzin;4.8;109.0;75.0;0.08911663139133341;8.496;1572.39;2017.31;True
1042;Opel;Insignia;2019-12-01;9999.0;Sehr guter Preis;184000.0;Schaltgetriebe;Diesel;5.9;154.0;136.0;0.05434239130434783;9.735;1801.7;2850.15;True
1043;Ford;Focus;2019-06-01;9950.0;Sehr guter Preis;146769.0;Automatik;Benzin;5.9;133.0;150.0;0.06779360764194074;10.443000000000001;1932.73;2461.49;True
1044;Kia;Sportage;2017-01-01;14500.0;Guter Preis;81004.0;Automatik;Benzin;7.9;187.0;135.0;0.17900350599970372;13.983;2587.9;3460.89;True
1045;Audi;Q2;2019-05-01;18350.0;Sehr guter Preis;19129.0;Schaltgetriebe;Benzin;5.4;122.0;116.0;0.9592764911913848;9.558000000000002;1768.94;2257.91;True
1046;BMW;520;2017-02-01;13980.0;Keine Information;180000.0;Automatik;Diesel;4.6;121.0;190.0;0.07766666666666666;7.589999999999999;1404.72;2239.4;True
1047;Renault;Kadjar;2017-09-01;13980.0;Sehr guter Preis;77279.0;Schaltgetriebe;Benzin;;;163.0;0.18090296199484984;;;;True
1048;Volkswagen;Passat Variant;2018-08-01;12995.0;Fairer Preis;183000.0;Schaltgetriebe;Diesel;4.2;110.0;150.0;0.07101092896174864;6.93;1282.57;2035.82;True
1049;Volkswagen;Touran;2017-09-01;15850.0;Sehr guter Preis;135531.0;Schaltgetriebe;Benzin;5.6;130.0;150.0;0.11694741424471154;9.911999999999999;1834.46;2405.97;True
1050;BMW;218;2016-02-01;7850.0;Guter Preis;309000.0;Automatik;Diesel;4.1;109.0;150.0;0.02540453074433657;6.764999999999999;1252.03;2017.31;True
1051;Audi;A4;2019-02-01;18920.0;Sehr guter Preis;159400.0;Automatik;Diesel;;;190.0;0.11869510664993727;;;;True
1052;Opel;Astra;2022-01-01;11450.0;Sehr guter Preis;108019.0;Schaltgetriebe;Diesel;3.4;90.0;105.0;0.10599987039317157;5.609999999999999;1038.27;1665.67;True
1053;Peugeot;3008;2019-03-01;13990.0;Guter Preis;181260.0;Automatik;Diesel;;;131.0;0.07718194858214719;;;;True
1054;Opel;Grandland X;2019-09-01;14870.0;Sehr guter Preis;41584.0;Schaltgetriebe;Benzin;5.1;116.0;131.0;0.35758945748364757;9.027;1670.67;2146.86;True
1055;Renault;Megane;2018-07-01;8500.0;Guter Preis;180000.0;Automatik;Diesel;3.7;95.0;110.0;0.04722222222222222;6.1049999999999995;1129.88;1758.21;True
1056;BMW;318;2017-02-01;18880.0;Guter Preis;98779.0;Automatik;Benzin;5.4;126.0;136.0;0.1911337430020551;9.558000000000002;1768.94;2331.94;True
1057;Volkswagen;Polo;2016-12-01;9877.0;Guter Preis;73850.0;Schaltgetriebe;Benzin;4.7;107.0;90.0;0.13374407582938388;8.319;1539.64;1980.3;True
1058;Hyundai;i20;2020-12-01;14960.0;Sehr guter Preis;7170.0;Schaltgetriebe;Benzin;5.4;123.0;101.0;2.086471408647141;9.558000000000002;1768.94;2276.42;True
1059;Fiat;Tipo;2016-11-01;6500.0;Sehr guter Preis;69000.0;Schaltgetriebe;Benzin;;;95.0;0.09420289855072464;;;;True
1060;Opel;Mokka X;2019-08-01;13950.0;Sehr guter Preis;54100.0;Schaltgetriebe;Benzin;;;140.0;0.2578558225508318;;;;True
1061;Dacia;Sandero;2021-12-01;13290.0;Sehr guter Preis;32241.0;Schaltgetriebe;Benzin;5.2;130.0;91.0;0.41220805806271515;9.204;1703.43;2405.97;True
1062;Audi;SQ7;2017-11-01;36474.0;Sehr guter Preis;153851.0;Automatik;Diesel;;;435.0;0.23707353218373622;;;;True
1063;Kia;XCeed;2020-06-01;16735.0;Keine Information;41088.0;Schaltgetriebe;Benzin;6.6;150.0;140.0;0.4072965342679128;11.681999999999999;2162.04;2776.12;True
1064;Mercedes-Benz;GLA 200;2016-10-01;19900.0;Sehr guter Preis;59800.0;Automatik;Benzin;5.6;131.0;156.0;0.33277591973244147;9.911999999999999;1834.46;2424.48;True
1065;Toyota;C-HR;2019-09-01;16730.0;Sehr guter Preis;76931.0;Automatik;Benzin;3.8;86.0;98.0;0.21746760083711378;6.726;1244.81;1591.64;True
1066;Jaguar;XE;2017-01-01;18900.0;Guter Preis;126200.0;Automatik;Benzin;6.8;154.0;250.0;0.14976228209191758;12.036;2227.56;2850.15;True
1067;Volvo;XC40;2020-07-01;19900.0;Keine Information;35501.0;Automatik;Benzin;6.5;147.0;163.0;0.5605475902087265;11.505;2129.28;2720.6;True
1068;Ford;C-Max;2018-11-01;9950.0;Sehr guter Preis;132109.0;Automatik;Diesel;4.7;124.0;120.0;0.07531659463019173;7.755;1435.25;2294.92;True
1069;Peugeot;208;2018-05-01;7970.0;Sehr guter Preis;82550.0;Schaltgetriebe;Benzin;;;82.0;0.09654754694124773;;;;True
1070;Hyundai;i30;2022-01-01;15990.0;Sehr guter Preis;27885.0;Schaltgetriebe;Benzin;5.0;115.0;120.0;0.5734265734265734;8.85;1637.91;2128.36;True
1071;SEAT;Ibiza;2018-03-01;7995.0;Sehr guter Preis;110000.0;Schaltgetriebe;Benzin;4.7;106.0;95.0;0.07268181818181818;8.319;1539.64;1961.79;True
1072;Peugeot;3008;2017-06-01;14990.0;Sehr guter Preis;88960.0;Automatik;Benzin;;;131.0;0.1685026978417266;;;;True
1073;DS Automobiles;DS 7 Crossback;2018-07-01;18990.0;Guter Preis;149654.0;Automatik;Diesel;4.9;128.0;179.0;0.12689269915939433;8.085;1496.33;2368.95;True
1074;Mazda;6;2017-01-01;13950.0;Sehr guter Preis;108000.0;Automatik;Diesel;;;175.0;0.12916666666666668;;;;True
1075;Hyundai;i20;2019-04-01;11499.0;Sehr guter Preis;41000.0;Schaltgetriebe;Benzin;5.8;132.0;84.0;0.28046341463414637;10.266;1899.98;2442.98;True
1076;Toyota;Auris;;;Keine Information;;Automatik;Keine Information;;;;;;;;True
1077;Volkswagen;Touran;2021-01-01;14790.0;Sehr guter Preis;155115.0;Schaltgetriebe;Diesel;;;122.0;0.0953486123198917;;;;True
1078;Volkswagen;Passat Variant;2018-11-01;14480.0;Sehr guter Preis;148931.0;Automatik;Diesel;0.0;0.0;150.0;0.09722623228206351;0.0;0.0;0.0;True
1079;Kia;Stonic;2017-12-01;9777.0;Guter Preis;110290.0;Schaltgetriebe;Benzin;;;84.0;0.08864810952942243;;;;True
1080;Mercedes-Benz;S 350;2016-06-01;37900.0;Guter Preis;163084.0;Automatik;Diesel;5.7;149.0;258.0;0.2323955752863555;9.405;1740.63;2757.61;True
1081;Kia;Sportage;2017-08-01;12792.0;Sehr guter Preis;101000.0;Schaltgetriebe;Benzin;;;132.0;0.12665346534653465;;;;True
1082;Skoda;Karoq;2019-05-01;18490.0;Sehr guter Preis;54199.0;Schaltgetriebe;Benzin;;;150.0;0.3411502057233528;;;;True
1083;Volkswagen;Touran;2016-09-01;15800.0;Sehr guter Preis;148150.0;Automatik;Diesel;4.6;120.0;150.0;0.10664866689166386;7.589999999999999;1404.72;2220.89;True
1084;Skoda;Rapid/Spaceback;2018-02-01;13950.0;Sehr guter Preis;28000.0;Automatik;Benzin;4.8;114.0;125.0;0.4982142857142857;8.496;1572.39;2109.85;True
1085;Renault;Megane;2016-05-01;8990.0;Guter Preis;106656.0;Schaltgetriebe;Benzin;5.4;120.0;101.0;0.08428967896789678;9.558000000000002;1768.94;2220.89;True
1086;Volkswagen;Tiguan;2018-04-01;22100.0;Sehr guter Preis;129000.0;Automatik;Diesel;5.7;149.0;190.0;0.17131782945736435;9.405;1740.63;2757.61;True
1087;Volvo;XC60;2017-05-01;19990.0;Sehr guter Preis;106999.0;Automatik;Diesel;4.7;124.0;190.0;0.18682417592687783;7.755;1435.25;2294.92;True
1088;BMW;320;2016-09-01;19990.0;Sehr guter Preis;98558.0;Automatik;Benzin;;;184.0;0.2028247326447371;;;;True
1089;Toyota;Auris;2019-02-01;14999.0;Sehr guter Preis;32500.0;Schaltgetriebe;Benzin;4.8;112.0;116.0;0.4615076923076923;8.496;1572.39;2072.84;True
1090;Mercedes-Benz;A 200;2018-06-01;19770.0;Sehr guter Preis;72666.0;Schaltgetriebe;Benzin;6.5;148.0;163.0;0.27206671620840556;11.505;2129.28;2739.1;True
1091;Volkswagen;Passat Variant;2019-12-01;14899.0;Sehr guter Preis;146300.0;Automatik;Autogas (LPG);6.6;149.0;150.0;0.10183868762816131;1.5114;279.72;2757.61;True
1092;Volkswagen;Golf;2020-08-01;18490.0;Sehr guter Preis;54302.0;Schaltgetriebe;Diesel;;;116.0;0.34050311222422747;;;;True
1093;Audi;Q2;2018-08-01;18990.0;Sehr guter Preis;76259.0;Automatik;Benzin;;;116.0;0.2490197878283219;;;;True
1094;Volkswagen;Tiguan;2018-03-01;18990.0;Sehr guter Preis;90000.0;Automatik;Benzin;;;150.0;0.211;;;;True
1095;Volvo;XC40;2020-07-01;18995.0;Guter Preis;190000.0;Automatik;Diesel;5.0;131.0;150.0;0.09997368421052631;8.25;1526.87;2424.48;True
1096;Mitsubishi;Space Star;2019-03-01;5450.0;Sehr guter Preis;70200.0;Schaltgetriebe;Benzin;4.2;96.0;71.0;0.07763532763532764;7.434;1375.84;1776.72;True
1097;BMW;435;2016-07-01;21880.0;Sehr guter Preis;106245.0;Automatik;Diesel;;;313.0;0.20593910301661256;;;;True
1098;Ford;C-Max;2017-09-01;14890.0;Guter Preis;51500.0;Automatik;Diesel;5.4;129.0;120.0;0.289126213592233;8.91;1649.01;2387.46;True
1099;Toyota;Aygo;2020-12-01;9490.0;Sehr guter Preis;53177.0;Schaltgetriebe;Benzin;5.0;114.0;72.0;0.17846061267089156;8.85;1637.91;2109.85;True
1100;Volkswagen;Arteon;2017-09-01;19900.0;Sehr guter Preis;142992.0;Automatik;Diesel;;;150.0;0.13916862481817163;;;;True
1101;Audi;A4;2018-09-01;17450.0;Sehr guter Preis;121590.0;Automatik;Benzin;;;150.0;0.1435150917016202;;;;True
1102;Ford;Focus;2019-09-01;;Sehr guter Preis;43100.0;Schaltgetriebe;Benzin;4.8;108.0;125.0;;8.496;1572.39;1998.81;True
1103;Opel;Corsa;2021-02-01;12990.0;Sehr guter Preis;27668.0;Schaltgetriebe;Benzin;;;101.0;0.4694954460026023;;;;True
1104;Volkswagen;Polo;2019-05-01;8995.0;Guter Preis;157000.0;Schaltgetriebe;Benzin;4.8;110.0;80.0;0.05729299363057325;8.496;1572.39;2035.82;True
1105;Mercedes-Benz;V 250;2016-08-01;34740.0;Guter Preis;143781.0;Automatik;Diesel;;;190.0;0.24161745988691136;;;;True
1106;Ford;Focus;2020-05-01;14900.0;Sehr guter Preis;88000.0;Schaltgetriebe;Benzin;5.0;114.0;150.0;0.1693181818181818;8.85;1637.91;2109.85;True
1107;Mitsubishi;ASX;2016-02-01;9999.0;Sehr guter Preis;83500.0;Schaltgetriebe;Benzin;;;117.0;0.11974850299401198;;;;True
1108;Fiat;500;2017-02-01;9670.0;Sehr guter Preis;9648.0;Schaltgetriebe;Benzin;4.9;115.0;69.0;1.0022802653399667;8.673;1605.15;2128.36;True
1109;SEAT;Ibiza;2017-11-01;11985.0;Sehr guter Preis;34391.0;Schaltgetriebe;Benzin;;;95.0;0.34849233811171526;;;;True
1110;Ford;Kuga;2017-11-01;15480.0;Sehr guter Preis;82480.0;Automatik;Benzin;;;182.0;0.18768186226964112;;;;True
1111;Toyota;Avensis;2017-09-01;13881.0;Sehr guter Preis;115001.0;Schaltgetriebe;Benzin;;;147.0;0.12070329823218928;;;;True
1112;Volkswagen;T-Roc;2018-06-01;15600.0;Sehr guter Preis;89888.0;Schaltgetriebe;Benzin;5.1;116.0;116.0;0.17354930580277678;9.027;1670.67;2146.86;True
1113;Land Rover;Discovery;2018-01-01;18550.0;Sehr guter Preis;259280.0;Automatik;Diesel;7.2;189.0;258.0;0.07154427645788337;11.879999999999999;2198.69;3497.91;True
1114;Audi;A4;2017-06-01;14800.0;Fairer Preis;171480.0;Schaltgetriebe;Diesel;4.3;116.0;150.0;0.08630744110100304;7.095;1313.1;2146.86;True
1115;Volkswagen;T6 Multivan;2016-05-01;29895.0;Sehr guter Preis;132500.0;Schaltgetriebe;Diesel;;171.0;204.0;0.22562264150943395;;;3164.77;True
1116;BMW;330;2016-12-01;19998.0;Sehr guter Preis;68500.0;Automatik;Benzin;6.2;144.0;252.0;0.2919416058394161;10.974;2031.01;2665.07;True
1117;Mercedes-Benz;A 180;2020-01-01;17940.0;Guter Preis;169490.0;Automatik;Diesel;4.0;105.0;116.0;0.1058469526225736;6.6;1221.49;1943.28;True
1118;Opel;Corsa;2021-07-01;11450.0;Sehr guter Preis;25000.0;Schaltgetriebe;Benzin;;;75.0;0.458;;;;True
1119;Mercedes-Benz;GLC 300;2017-10-01;32990.0;Sehr guter Preis;68000.0;Automatik;Benzin;7.5;169.0;245.0;0.48514705882352943;13.275;2456.86;3127.76;True
1120;Opel;Corsa;2020-10-01;10995.0;Sehr guter Preis;20000.0;Schaltgetriebe;Benzin;4.1;93.0;75.0;0.54975;7.257;1343.09;1721.19;True
1121;Dacia;Duster;2019-01-01;10880.0;Sehr guter Preis;69969.0;Schaltgetriebe;Benzin;6.5;149.0;114.0;0.15549743457817033;11.505;2129.28;2757.61;True
1122;Peugeot;2008;2021-10-01;15990.0;Sehr guter Preis;33600.0;Schaltgetriebe;Benzin;5.5;125.0;101.0;0.4758928571428571;9.735;1801.7;2313.43;True
1123;Ford;Grand C-Max;2018-05-01;11950.0;Sehr guter Preis;114400.0;Schaltgetriebe;Diesel;4.6;119.0;120.0;0.10445804195804195;7.589999999999999;1404.72;2202.39;True
1124;Opel;Crossland;2021-01-01;14800.0;Sehr guter Preis;76088.0;Automatik;Benzin;6.4;143.0;131.0;0.19451161812638;11.328000000000001;2096.52;2646.57;True
1125;Mercedes-Benz;E 220;2016-04-01;26990.0;Sehr guter Preis;138000.0;Automatik;Diesel;3.9;102.0;194.0;0.19557971014492753;6.435;1190.95;1887.76;True
1126;Mercedes-Benz;C 200;2020-11-01;18350.0;Sehr guter Preis;147700.0;Automatik;Diesel;;;160.0;0.12423832092078538;;;;True
1127;Mercedes-Benz;B 220;2018-04-01;17990.0;Sehr guter Preis;99999.0;Automatik;Diesel;4.2;108.0;177.0;0.17990179901799017;6.93;1282.57;1998.81;True
1128;BMW;220;2016-07-01;19890.0;Fairer Preis;133500.0;Automatik;Diesel;4.1;108.0;190.0;0.14898876404494382;6.764999999999999;1252.03;1998.81;True
1129;Ford;Ranger;2019-06-01;18900.0;Keine Information;19143.0;Schaltgetriebe;Diesel;7.0;184.0;160.0;0.9873060648801129;11.549999999999999;2137.61;3405.37;True
1130;Opel;Grandland X;;;Keine Information;;Keine Information;Keine Information;;;;;;;;True
1131;Volkswagen;Golf;2020-11-01;18890.0;Sehr guter Preis;112010.0;Automatik;Diesel;4.4;116.0;150.0;0.1686456566378002;7.26;1343.64;2146.86;True
1132;Honda;Civic;2019-08-01;14490.0;Guter Preis;92425.0;Schaltgetriebe;Benzin;;;126.0;0.15677576413308086;;;;True
1133;Kia;XCeed;2022-02-01;15980.0;Sehr guter Preis;61438.0;Schaltgetriebe;Benzin;;0.0;160.0;0.26009961261759823;;;0.0;True
1134;Audi;Q3;2018-05-01;18890.0;Sehr guter Preis;79805.0;Schaltgetriebe;Diesel;;;150.0;0.23670196103001065;;;;True
1135;Opel;Grandland X;2020-02-01;12450.0;Sehr guter Preis;145175.0;Automatik;Benzin;4.9;111.0;131.0;0.08575856724642672;8.673;1605.15;2054.33;True
1136;Audi;A7;2019-12-01;32990.0;Sehr guter Preis;241000.0;Automatik;Diesel;;;286.0;0.13688796680497925;;;;True
1137;Citroen;Berlingo;2017-06-01;13490.0;Sehr guter Preis;44303.0;Schaltgetriebe;Benzin;;;110.0;0.3044940523215132;;;;True
1138;Audi;S3;2018-02-01;25800.0;Sehr guter Preis;88500.0;Automatik;Benzin;6.6;;310.0;0.29152542372881357;11.681999999999999;2162.04;;True
1139;Opel;Corsa;2024-05-01;15980.0;Sehr guter Preis;12838.0;Schaltgetriebe;Benzin;5.1;114.0;101.0;1.2447421716778315;9.027;1670.67;2109.85;True
1140;Mazda;MX-5;2016-04-01;15800.0;Sehr guter Preis;85452.0;Schaltgetriebe;Benzin;6.9;164.0;160.0;0.18489912465477695;12.213000000000001;2260.32;3035.22;True
1141;Volkswagen;Touran;2019-07-01;15950.0;Sehr guter Preis;122952.0;Automatik;Diesel;4.4;114.0;116.0;0.12972542130262216;7.26;1343.64;2109.85;True
1142;Opel;Insignia;2018-12-01;15800.0;Sehr guter Preis;61970.0;Automatik;Benzin;6.1;138.0;165.0;0.25496207842504437;10.796999999999999;1998.25;2554.03;True
1143;Ford;Transit Custom;2016-05-01;16990.0;Sehr guter Preis;101147.0;Schaltgetriebe;Diesel;6.5;172.0;101.0;0.16797334572453954;10.725;1984.92;3183.28;True
1144;Kia;Sorento;2018-10-01;19970.0;Fairer Preis;171531.0;Automatik;Diesel;;;200.0;0.11642210445925226;;;;True
1145;Toyota;Yaris;2020-02-01;12980.0;Sehr guter Preis;67920.0;Schaltgetriebe;Benzin;5.1;116.0;111.0;0.19110718492343934;9.027;1670.67;2146.86;True
1146;Mazda;6;2020-07-01;15950.0;Sehr guter Preis;120000.0;Automatik;Diesel;5.1;134.0;150.0;0.13291666666666666;8.415;1557.4;2480.0;True
1147;BMW;320;2018-11-01;14650.0;Sehr guter Preis;167000.0;Automatik;Diesel;;;190.0;0.0877245508982036;;;;True
1148;BMW;520;2018-05-01;20350.0;Sehr guter Preis;133290.0;Automatik;Diesel;;;190.0;0.15267461925125667;;;;True
1149;Citroen;C3 Aircross;2018-07-01;13890.0;Guter Preis;39000.0;Schaltgetriebe;Benzin;5.3;119.0;131.0;0.35615384615384615;9.381;1736.18;2202.39;True
1150;Audi;A1;2021-05-01;16900.0;Guter Preis;101187.0;Automatik;Benzin;4.7;132.0;95.0;0.16701750224831252;8.319;1539.64;2442.98;True
1151;Suzuki;SX4 S-Cross;2018-11-01;12900.0;Guter Preis;80587.0;Schaltgetriebe;Benzin;;;111.0;0.1600754464119523;;;;True
1152;Peugeot;5008;2017-10-01;11790.0;Keine Information;114607.0;Schaltgetriebe;Benzin;;;131.0;0.10287329744256458;;;;True
1153;Toyota;Corolla;2019-07-01;17990.0;Guter Preis;9300.0;Schaltgetriebe;Benzin;5.6;128.0;116.0;1.9344086021505376;9.911999999999999;1834.46;2368.95;True
1154;Audi;S8;2017-12-01;53980.0;Sehr guter Preis;56400.0;Automatik;Benzin;10.0;231.0;605.0;0.9570921985815602;17.7;3275.82;4275.22;True
1155;Volkswagen;Polo;2020-08-01;12900.0;Sehr guter Preis;72000.0;Schaltgetriebe;Benzin;5.5;127.0;95.0;0.17916666666666667;9.735;1801.7;2350.45;True
1156;Ford;Focus;2021-02-01;12750.0;Sehr guter Preis;149546.0;Automatik;Diesel;4.1;106.0;120.0;0.08525804769101146;6.764999999999999;1252.03;1961.79;True
1157;Mercedes-Benz;B 180;2020-01-01;13890.0;Guter Preis;200000.0;Schaltgetriebe;Diesel;4.7;124.0;116.0;0.06945;7.755;1435.25;2294.92;True
1158;Jeep;Compass;2019-02-01;15000.0;Sehr guter Preis;96236.0;Automatik;Benzin;8.7;197.0;170.0;0.15586682738268423;15.399;2849.96;3645.97;True
1159;Alfa Romeo;Giulietta;2018-04-01;13900.0;Sehr guter Preis;41150.0;Schaltgetriebe;Benzin;;;120.0;0.3377885783718105;;;;True
1160;Volkswagen;Touran;2017-03-01;18820.0;Guter Preis;99343.0;Schaltgetriebe;Diesel;4.5;116.0;150.0;0.18944465135943148;7.425;1374.18;2146.86;True
1161;Fiat;Panda;2019-02-01;8490.0;Sehr guter Preis;25500.0;Schaltgetriebe;Benzin;;;69.0;0.33294117647058824;;;;True
1162;Mercedes-Benz;CLA 200;2017-09-01;18910.0;Guter Preis;91100.0;Schaltgetriebe;Diesel;;;136.0;0.2075740944017563;;;;True
1163;Volkswagen;Passat Variant;2020-01-01;17679.0;Sehr guter Preis;117141.0;Automatik;Diesel;5.3;139.0;150.0;0.15092068532793812;8.745;1618.48;2572.54;True
1164;Volkswagen;Golf;2017-06-01;13480.0;Sehr guter Preis;84292.0;Schaltgetriebe;Benzin;;;125.0;0.1599202771318749;;;;True
1165;Opel;Astra;2023-01-01;14499.0;Sehr guter Preis;50702.0;Schaltgetriebe;Benzin;;;131.0;0.2859650506883358;;;;True
1166;Opel;Corsa;2021-07-01;10990.0;Sehr guter Preis;31190.0;Schaltgetriebe;Benzin;5.6;127.0;75.0;0.35235652452709204;9.911999999999999;1834.46;2350.45;True
1167;Mercedes-Benz;A 220;2016-12-01;18990.0;Guter Preis;121550.0;Automatik;Diesel;;;177.0;0.15623200329082682;;;;True
1168;Mercedes-Benz;A 200;2016-05-01;16770.0;Fairer Preis;102200.0;Schaltgetriebe;Benzin;5.5;130.0;156.0;0.1640900195694716;9.735;1801.7;2405.97;True
1169;Ford;Focus;2019-06-01;7500.0;Sehr guter Preis;182091.0;Automatik;Diesel;4.7;122.0;120.0;0.041188197110236094;7.755;1435.25;2257.91;True
1170;Audi;A4;2018-06-01;13700.0;Sehr guter Preis;129900.0;Automatik;Benzin;5.7;;150.0;0.10546574287913779;10.089;1867.22;;True
1171;Renault;Talisman;2017-10-01;14990.0;Sehr guter Preis;67858.0;Automatik;Diesel;;;160.0;0.22090247281086975;;;;True
1172;Volkswagen;Passat Variant;2018-11-01;14480.0;Sehr guter Preis;148931.0;Automatik;Diesel;0.0;0.0;150.0;0.09722623228206351;0.0;0.0;0.0;True
1173;Audi;Q3;2018-05-01;18890.0;Sehr guter Preis;79805.0;Schaltgetriebe;Diesel;;;150.0;0.23670196103001065;;;;True
1174;Peugeot;5008;2017-10-01;11790.0;Keine Information;114607.0;Schaltgetriebe;Benzin;;;131.0;0.10287329744256458;;;;True
1175;Volvo;XC60;2017-06-01;25900.0;Keine Information;106238.0;Automatik;Diesel;;;235.0;0.24379224006476025;;;;True
1176;Opel;Mokka X;2017-06-01;11880.0;Sehr guter Preis;101266.0;Automatik;Diesel;;;136.0;0.11731479469910927;;;;True
1177;Skoda;Rapid/Spaceback;2018-08-01;9810.0;Sehr guter Preis;102000.0;Schaltgetriebe;Benzin;;;110.0;0.0961764705882353;;;;True
1178;BMW;X6;2017-02-01;29900.0;Guter Preis;154000.0;Automatik;Diesel;7.0;183.0;258.0;0.19415584415584416;11.549999999999999;2137.61;3386.86;True
1179;BMW;320;2018-05-01;19999.0;Sehr guter Preis;70329.0;Automatik;Benzin;5.3;124.0;184.0;0.2843634915895292;9.381;1736.18;2294.92;True
1180;Mitsubishi;Space Star;2021-07-01;8990.0;Sehr guter Preis;13711.0;Schaltgetriebe;Benzin;5.0;113.0;71.0;0.6556779228356794;8.85;1637.91;2091.34;True
1181;Nissan;Qashqai;2020-06-01;9900.0;Sehr guter Preis;350000.0;Schaltgetriebe;Diesel;3.8;100.0;116.0;0.028285714285714286;6.27;1160.42;1850.75;True
1182;SEAT;Leon;2018-05-01;14950.0;Guter Preis;56500.0;Schaltgetriebe;Benzin;;;125.0;0.2646017699115044;;;;True
1183;Mitsubishi;Outlander;2017-01-01;14950.0;Sehr guter Preis;134600.0;Schaltgetriebe;Diesel;5.4;143.0;150.0;0.11106983655274888;8.91;1649.01;2646.57;True
1184;Jeep;Compass;2018-06-01;14997.0;Sehr guter Preis;51400.0;Schaltgetriebe;Benzin;6.2;143.0;140.0;0.2917704280155642;10.974;2031.01;2646.57;True
1185;Opel;Grandland X;2020-11-01;14750.0;Sehr guter Preis;78593.0;Schaltgetriebe;Diesel;3.9;102.0;131.0;0.18767574720394947;6.435;1190.95;1887.76;True
1186;BMW;320;2020-05-01;15550.0;Sehr guter Preis;217000.0;Automatik;Diesel;;;190.0;0.07165898617511521;;;;True
1187;Audi;A4;2018-06-01;13700.0;Sehr guter Preis;129900.0;Automatik;Benzin;5.7;;150.0;0.10546574287913779;10.089;1867.22;;True
1188;Audi;Q2;2019-05-01;18350.0;Sehr guter Preis;19129.0;Schaltgetriebe;Benzin;5.4;122.0;116.0;0.9592764911913848;9.558000000000002;1768.94;2257.91;True
1189;Volvo;XC40;2020-07-01;19900.0;Keine Information;35501.0;Automatik;Benzin;6.5;147.0;163.0;0.5605475902087265;11.505;2129.28;2720.6;True
1190;Renault;Megane;2017-05-01;11790.0;Sehr guter Preis;93252.0;Automatik;Benzin;;;132.0;0.12643160468408185;;;;True
1191;Peugeot;Traveller;2017-09-01;16995.0;Guter Preis;196000.0;Schaltgetriebe;Diesel;5.3;139.0;150.0;0.08670918367346939;8.745;1618.48;2572.54;True
1192;Opel;Grandland X;2019-09-01;14870.0;Sehr guter Preis;41584.0;Schaltgetriebe;Benzin;5.1;116.0;131.0;0.35758945748364757;9.027;1670.67;2146.86;True
1193;Mercedes-Benz;A 200;2018-06-01;19770.0;Sehr guter Preis;72666.0;Schaltgetriebe;Benzin;6.5;148.0;163.0;0.27206671620840556;11.505;2129.28;2739.1;True
1194;Peugeot;3008;2019-03-01;13990.0;Guter Preis;181260.0;Automatik;Diesel;;;131.0;0.07718194858214719;;;;True
1195;Volkswagen;Passat;2017-01-01;10900.0;Sehr guter Preis;207700.0;Automatik;Diesel;4.4;;150.0;0.05247953779489649;7.26;1343.64;;True
1196;Audi;A6 allroad;2017-01-01;17900.0;Sehr guter Preis;198999.0;Automatik;Diesel;5.6;149.0;272.0;0.08995020075477766;9.239999999999998;1710.09;2757.61;True
1197;Hyundai;i20;2020-12-01;14960.0;Sehr guter Preis;7170.0;Schaltgetriebe;Benzin;5.4;123.0;101.0;2.086471408647141;9.558000000000002;1768.94;2276.42;True
1198;Mercedes-Benz;A 250;2018-10-01;18450.0;Sehr guter Preis;122304.0;Automatik;Benzin;6.2;141.0;224.0;0.15085361067503925;10.974;2031.01;2609.55;True
1199;Opel;Insignia;2019-12-01;9999.0;Sehr guter Preis;184000.0;Schaltgetriebe;Diesel;5.9;154.0;136.0;0.05434239130434783;9.735;1801.7;2850.15;True
1200;Volkswagen;Passat Variant;2018-08-01;12995.0;Fairer Preis;183000.0;Schaltgetriebe;Diesel;4.2;110.0;150.0;0.07101092896174864;6.93;1282.57;2035.82;True
1201;Audi;A4;2019-02-01;18920.0;Sehr guter Preis;159400.0;Automatik;Diesel;;;190.0;0.11869510664993727;;;;True
1202;Ford;Kuga;2017-01-01;8650.0;Sehr guter Preis;139693.0;Schaltgetriebe;Benzin;;;150.0;0.061921499287723794;;;;True
1203;Kia;Sorento;2018-10-01;19970.0;Fairer Preis;171531.0;Automatik;Diesel;;;200.0;0.11642210445925226;;;;True
1204;Toyota;C-HR;2019-09-01;16730.0;Sehr guter Preis;76931.0;Automatik;Benzin;3.8;86.0;98.0;0.21746760083711378;6.726;1244.81;1591.64;True
1205;BMW;116;2017-03-01;9990.0;Sehr guter Preis;157445.0;Schaltgetriebe;Diesel;;;116.0;0.06345072882593922;;;;True
1206;Renault;Talisman;2017-10-01;14990.0;Sehr guter Preis;67858.0;Automatik;Diesel;;;160.0;0.22090247281086975;;;;True
1207;Ford;Focus;2019-06-01;9950.0;Sehr guter Preis;146769.0;Automatik;Benzin;5.9;133.0;150.0;0.06779360764194074;10.443000000000001;1932.73;2461.49;True
1208;Dacia;Sandero;2021-12-01;13290.0;Sehr guter Preis;32241.0;Schaltgetriebe;Benzin;5.2;130.0;91.0;0.41220805806271515;9.204;1703.43;2405.97;True
1209;Renault;Megane;2018-07-01;8500.0;Guter Preis;180000.0;Automatik;Diesel;3.7;95.0;110.0;0.04722222222222222;6.1049999999999995;1129.88;1758.21;True
1210;Mercedes-Benz;C 220;2019-11-01;19900.0;Sehr guter Preis;120000.0;Automatik;Diesel;4.5;119.0;194.0;0.16583333333333333;7.425;1374.18;2202.39;True
1211;Ford;Focus;2019-09-01;;Sehr guter Preis;43100.0;Schaltgetriebe;Benzin;4.8;108.0;125.0;;8.496;1572.39;1998.81;True
1212;Toyota;Auris;2019-02-01;14999.0;Sehr guter Preis;32500.0;Schaltgetriebe;Benzin;4.8;112.0;116.0;0.4615076923076923;8.496;1572.39;2072.84;True
1213;Kia;Sportage;2017-01-01;14500.0;Guter Preis;81004.0;Automatik;Benzin;7.9;187.0;135.0;0.17900350599970372;13.983;2587.9;3460.89;True
1214;Opel;Mokka X;2019-08-01;13950.0;Sehr guter Preis;54100.0;Schaltgetriebe;Benzin;;;140.0;0.2578558225508318;;;;True
1215;Citroen;C3 Aircross;2018-07-01;13890.0;Guter Preis;39000.0;Schaltgetriebe;Benzin;5.3;119.0;131.0;0.35615384615384615;9.381;1736.18;2202.39;True
1216;Skoda;Fabia;2019-02-01;8800.0;Sehr guter Preis;98747.0;Schaltgetriebe;Benzin;4.8;109.0;75.0;0.08911663139133341;8.496;1572.39;2017.31;True
1217;Hyundai;i20;2019-04-01;11499.0;Sehr guter Preis;41000.0;Schaltgetriebe;Benzin;5.8;132.0;84.0;0.28046341463414637;10.266;1899.98;2442.98;True
1218;Renault;Kadjar;2017-09-01;13980.0;Sehr guter Preis;77279.0;Schaltgetriebe;Benzin;;;163.0;0.18090296199484984;;;;True
1219;Volkswagen;Tiguan;2018-04-01;22100.0;Sehr guter Preis;129000.0;Automatik;Diesel;5.7;149.0;190.0;0.17131782945736435;9.405;1740.63;2757.61;True
1220;Kia;Sorento;2018-09-01;21900.0;Sehr guter Preis;111990.0;Automatik;Diesel;6.2;163.0;200.0;0.1955531743905706;10.23;1893.31;3016.72;True
1221;Volkswagen;Touran;2017-09-01;15850.0;Sehr guter Preis;135531.0;Schaltgetriebe;Benzin;5.6;130.0;150.0;0.11694741424471154;9.911999999999999;1834.46;2405.97;True
1222;Mercedes-Benz;GLC 300;2017-10-01;32990.0;Sehr guter Preis;68000.0;Automatik;Benzin;7.5;169.0;245.0;0.48514705882352943;13.275;2456.86;3127.76;True
1223;Hyundai;i30;2022-01-01;15990.0;Sehr guter Preis;27885.0;Schaltgetriebe;Benzin;5.0;115.0;120.0;0.5734265734265734;8.85;1637.91;2128.36;True
1224;Opel;Astra;2022-01-01;11450.0;Sehr guter Preis;108019.0;Schaltgetriebe;Diesel;3.4;90.0;105.0;0.10599987039317157;5.609999999999999;1038.27;1665.67;True
1225;Volkswagen;Passat Variant;2018-11-01;14480.0;Sehr guter Preis;148931.0;Automatik;Diesel;0.0;0.0;150.0;0.09722623228206351;0.0;0.0;0.0;True
1226;Audi;SQ7;2017-11-01;36474.0;Sehr guter Preis;153851.0;Automatik;Diesel;;;435.0;0.23707353218373622;;;;True
1227;Ford;Ranger;2019-06-01;18900.0;Keine Information;19143.0;Schaltgetriebe;Diesel;7.0;184.0;160.0;0.9873060648801129;11.549999999999999;2137.61;3405.37;True
1228;BMW;520;2017-02-01;13980.0;Keine Information;180000.0;Automatik;Diesel;4.6;121.0;190.0;0.07766666666666666;7.589999999999999;1404.72;2239.4;True
1229;Audi;Q2;2018-08-01;18990.0;Sehr guter Preis;76259.0;Automatik;Benzin;;;116.0;0.2490197878283219;;;;True
1230;Volvo;XC60;2017-05-01;19990.0;Sehr guter Preis;106999.0;Automatik;Diesel;4.7;124.0;190.0;0.18682417592687783;7.755;1435.25;2294.92;True
1231;Ford;C-Max;2018-11-01;9950.0;Sehr guter Preis;132109.0;Automatik;Diesel;4.7;124.0;120.0;0.07531659463019173;7.755;1435.25;2294.92;True
1232;Volkswagen;Touran;2021-01-01;14790.0;Sehr guter Preis;155115.0;Schaltgetriebe;Diesel;;;122.0;0.0953486123198917;;;;True
1233;Opel;Corsa;2021-02-01;12990.0;Sehr guter Preis;27668.0;Schaltgetriebe;Benzin;;;101.0;0.4694954460026023;;;;True
1234;Volkswagen;Tiguan;2018-03-01;18990.0;Sehr guter Preis;90000.0;Automatik;Benzin;;;150.0;0.211;;;;True
1235;Opel;Corsa;2020-10-01;10995.0;Sehr guter Preis;20000.0;Schaltgetriebe;Benzin;4.1;93.0;75.0;0.54975;7.257;1343.09;1721.19;True
1236;BMW;318;2017-02-01;18880.0;Guter Preis;98779.0;Automatik;Benzin;5.4;126.0;136.0;0.1911337430020551;9.558000000000002;1768.94;2331.94;True
1237;Kia;XCeed;2020-06-01;16735.0;Keine Information;41088.0;Schaltgetriebe;Benzin;6.6;150.0;140.0;0.4072965342679128;11.681999999999999;2162.04;2776.12;True
1238;Volkswagen;Passat Variant;2019-12-01;14899.0;Sehr guter Preis;146300.0;Automatik;Autogas (LPG);6.6;149.0;150.0;0.10183868762816131;1.5114;279.72;2757.61;True
1239;Toyota;Auris;;;Keine Information;;Automatik;Keine Information;;;;;;;;True
1240;Fiat;500;2017-02-01;9670.0;Sehr guter Preis;9648.0;Schaltgetriebe;Benzin;4.9;115.0;69.0;1.0022802653399667;8.673;1605.15;2128.36;True
1241;Audi;Q5;2020-05-01;27999.0;Guter Preis;118800.0;Automatik;Diesel;5.6;149.0;190.0;0.2356818181818182;9.239999999999998;1710.09;2757.61;True
1242;Ford;C-Max;2017-09-01;14890.0;Guter Preis;51500.0;Automatik;Diesel;5.4;129.0;120.0;0.289126213592233;8.91;1649.01;2387.46;True
1243;Ford;Focus;2020-05-01;14900.0;Sehr guter Preis;88000.0;Schaltgetriebe;Benzin;5.0;114.0;150.0;0.1693181818181818;8.85;1637.91;2109.85;True
1244;Audi;Q3;2018-05-01;18890.0;Sehr guter Preis;79805.0;Schaltgetriebe;Diesel;;;150.0;0.23670196103001065;;;;True
1245;Mercedes-Benz;CLA 200;2017-01-01;24870.0;Fairer Preis;28200.0;Automatik;Benzin;5.4;124.0;155.0;0.8819148936170212;9.558000000000002;1768.94;2294.92;True
1246;Audi;S3;2018-02-01;25800.0;Sehr guter Preis;88500.0;Automatik;Benzin;6.6;;310.0;0.29152542372881357;11.681999999999999;2162.04;;True
1247;Mercedes-Benz;E 220;2018-11-01;24800.0;Sehr guter Preis;88330.0;Automatik;Diesel;4.9;129.0;194.0;0.2807653118985622;8.085;1496.33;2387.46;True
1248;Audi;A4;2018-09-01;17450.0;Sehr guter Preis;121590.0;Automatik;Benzin;;;150.0;0.1435150917016202;;;;True
1249;Peugeot;208;2018-05-01;7970.0;Sehr guter Preis;82550.0;Schaltgetriebe;Benzin;;;82.0;0.09654754694124773;;;;True
1250;Audi;A1;2021-05-01;16900.0;Guter Preis;101187.0;Automatik;Benzin;4.7;132.0;95.0;0.16701750224831252;8.319;1539.64;2442.98;True
1251;Jaguar;XE;2017-01-01;18900.0;Guter Preis;126200.0;Automatik;Benzin;6.8;154.0;250.0;0.14976228209191758;12.036;2227.56;2850.15;True
1252;Peugeot;3008;2017-06-01;14990.0;Sehr guter Preis;88960.0;Automatik;Benzin;;;131.0;0.1685026978417266;;;;True
1253;Opel;Grandland X;2020-02-01;12450.0;Sehr guter Preis;145175.0;Automatik;Benzin;4.9;111.0;131.0;0.08575856724642672;8.673;1605.15;2054.33;True
1254;Mazda;6;2017-01-01;13950.0;Sehr guter Preis;108000.0;Automatik;Diesel;;;175.0;0.12916666666666668;;;;True
1255;Mazda;6;2020-07-01;15950.0;Sehr guter Preis;120000.0;Automatik;Diesel;5.1;134.0;150.0;0.13291666666666666;8.415;1557.4;2480.0;True
1256;Toyota;Aygo;2020-12-01;9490.0;Sehr guter Preis;53177.0;Schaltgetriebe;Benzin;5.0;114.0;72.0;0.17846061267089156;8.85;1637.91;2109.85;True
1257;Volkswagen;Golf;2020-08-01;18490.0;Sehr guter Preis;54302.0;Schaltgetriebe;Diesel;;;116.0;0.34050311222422747;;;;True
1258;Kia;Stonic;2017-12-01;9777.0;Guter Preis;110290.0;Schaltgetriebe;Benzin;;;84.0;0.08864810952942243;;;;True
1259;Volkswagen;Arteon;2017-09-01;19900.0;Sehr guter Preis;142992.0;Automatik;Diesel;;;150.0;0.13916862481817163;;;;True
1260;Mercedes-Benz;S 350;2018-09-01;42670.0;Keine Information;44000.0;Automatik;Diesel;6.1;162.0;284.0;0.9697727272727272;10.065;1862.78;2998.21;True
1261;Audi;A4;2018-02-01;20890.0;Sehr guter Preis;34028.0;Schaltgetriebe;Diesel;4.3;109.0;150.0;0.613906194898319;7.095;1313.1;2017.31;True
1262;BMW;520;2018-05-01;20350.0;Sehr guter Preis;133290.0;Automatik;Diesel;;;190.0;0.15267461925125667;;;;True
1263;Peugeot;5008;2017-10-01;11790.0;Keine Information;114607.0;Schaltgetriebe;Benzin;;;131.0;0.10287329744256458;;;;True
1264;Kia;Sportage;2017-08-01;12792.0;Sehr guter Preis;101000.0;Schaltgetriebe;Benzin;;;132.0;0.12665346534653465;;;;True
1265;Renault;Talisman;2019-09-01;21577.0;Sehr guter Preis;67200.0;Automatik;Diesel;;;200.0;0.3210863095238095;;;;True
1266;Peugeot;2008;2021-10-01;15990.0;Sehr guter Preis;33600.0;Schaltgetriebe;Benzin;5.5;125.0;101.0;0.4758928571428571;9.735;1801.7;2313.43;True
1267;Renault;Trafic;2020-10-01;14990.0;Keine Information;109700.0;Schaltgetriebe;Diesel;6.3;167.0;145.0;0.1366453965360073;10.395;1923.85;3090.75;True
1268;Mercedes-Benz;C 200;2020-11-01;18350.0;Sehr guter Preis;147700.0;Automatik;Diesel;;;160.0;0.12423832092078538;;;;True
1269;Opel;Corsa;2021-07-01;11450.0;Sehr guter Preis;25000.0;Schaltgetriebe;Benzin;;;75.0;0.458;;;;True
1270;Renault;Clio;2021-12-01;13490.0;Sehr guter Preis;64900.0;Schaltgetriebe;Benzin;5.4;122.0;140.0;0.20785824345146378;9.558000000000002;1768.94;2257.91;True
1271;Toyota;Corolla;2019-07-01;17990.0;Guter Preis;9300.0;Schaltgetriebe;Benzin;5.6;128.0;116.0;1.9344086021505376;9.911999999999999;1834.46;2368.95;True
1272;Volvo;XC40;2020-07-01;18995.0;Guter Preis;190000.0;Automatik;Diesel;5.0;131.0;150.0;0.09997368421052631;8.25;1526.87;2424.48;True
1273;Mercedes-Benz;GLA 200;2019-07-01;23990.0;Sehr guter Preis;39962.0;Automatik;Benzin;6.6;131.0;156.0;0.6003203042890746;11.681999999999999;2162.04;2424.48;True
1274;Land Rover;Discovery;2018-01-01;18550.0;Sehr guter Preis;259280.0;Automatik;Diesel;7.2;189.0;258.0;0.07154427645788337;11.879999999999999;2198.69;3497.91;True
1275;Skoda;Rapid/Spaceback;2018-02-01;13950.0;Sehr guter Preis;28000.0;Automatik;Benzin;4.8;114.0;125.0;0.4982142857142857;8.496;1572.39;2109.85;True
1276;Opel;Adam;2017-11-01;10990.0;Sehr guter Preis;49650.0;Schaltgetriebe;Benzin;;0.0;116.0;0.22134944612286003;;;0.0;True
1277;Volkswagen;Golf;2020-11-01;18890.0;Sehr guter Preis;112010.0;Automatik;Diesel;4.4;116.0;150.0;0.1686456566378002;7.26;1343.64;2146.86;True
1278;Kia;XCeed;2022-02-01;15980.0;Sehr guter Preis;61438.0;Schaltgetriebe;Benzin;;0.0;160.0;0.26009961261759823;;;0.0;True
1279;SEAT;Ibiza;2017-11-01;11985.0;Sehr guter Preis;34391.0;Schaltgetriebe;Benzin;;;95.0;0.34849233811171526;;;;True
1280;Mercedes-Benz;C 200;2019-07-01;21390.0;Sehr guter Preis;59237.0;Schaltgetriebe;Diesel;4.2;111.0;160.0;0.3610918851393555;6.93;1282.57;2054.33;True
1281;Opel;Mokka X;2017-06-01;11880.0;Sehr guter Preis;101266.0;Automatik;Diesel;;;136.0;0.11731479469910927;;;;True
1282;Toyota;Avensis;2017-09-01;13881.0;Sehr guter Preis;115001.0;Schaltgetriebe;Benzin;;;147.0;0.12070329823218928;;;;True
1283;Toyota;Yaris;2020-02-01;12980.0;Sehr guter Preis;67920.0;Schaltgetriebe;Benzin;5.1;116.0;111.0;0.19110718492343934;9.027;1670.67;2146.86;True
1284;Mercedes-Benz;E 220;2017-11-01;24900.0;Fairer Preis;160000.0;Automatik;Diesel;3.9;102.0;194.0;0.155625;6.435;1190.95;1887.76;True
1285;Mercedes-Benz;A 250;2018-10-01;24880.0;Sehr guter Preis;72488.0;Automatik;Benzin;;;224.0;0.3432292241474451;;;;True
1286;Mercedes-Benz;B 220;2018-04-01;17990.0;Sehr guter Preis;99999.0;Automatik;Diesel;4.2;108.0;177.0;0.17990179901799017;6.93;1282.57;1998.81;True
1287;Volkswagen;Tiguan;2020-06-01;23450.0;Sehr guter Preis;137933.0;Automatik;Diesel;4.8;126.0;150.0;0.17001007735639767;7.919999999999999;1465.79;2331.94;True
1288;Jeep;Compass;2019-02-01;15000.0;Sehr guter Preis;96236.0;Automatik;Benzin;8.7;197.0;170.0;0.15586682738268423;15.399;2849.96;3645.97;True
1289;Mercedes-Benz;E 300;2019-10-01;21950.0;Sehr guter Preis;150000.0;Automatik;Diesel;;;306.0;0.14633333333333334;;;;True
1290;MG;ZS;2023-04-01;14990.0;Keine Information;14500.0;Schaltgetriebe;Benzin;6.6;149.0;111.0;1.033793103448276;11.681999999999999;2162.04;2757.61;True
1291;Dacia;Duster;2019-01-01;10880.0;Sehr guter Preis;69969.0;Schaltgetriebe;Benzin;6.5;149.0;114.0;0.15549743457817033;11.505;2129.28;2757.61;True
1292;Opel;Corsa;2024-05-01;15980.0;Sehr guter Preis;12838.0;Schaltgetriebe;Benzin;5.1;114.0;101.0;1.2447421716778315;9.027;1670.67;2109.85;True
1293;Audi;A4;2017-06-01;14800.0;Fairer Preis;171480.0;Schaltgetriebe;Diesel;4.3;116.0;150.0;0.08630744110100304;7.095;1313.1;2146.86;True
1294;Opel;Grandland X;;;Keine Information;;Keine Information;Keine Information;;;;;;;;True
1295;Jeep;Grand Cherokee;2017-05-01;24999.0;Sehr guter Preis;105505.0;Automatik;Diesel;;;250.0;0.2369461162978058;;;;True
1296;Ford;Kuga;2017-11-01;15480.0;Sehr guter Preis;82480.0;Automatik;Benzin;;;182.0;0.18768186226964112;;;;True
1297;Honda;Civic;2019-08-01;14490.0;Guter Preis;92425.0;Schaltgetriebe;Benzin;;;126.0;0.15677576413308086;;;;True
1298;Volkswagen;Scirocco;2017-06-01;21890.0;Sehr guter Preis;87000.0;Automatik;Benzin;8.0;185.0;280.0;0.25160919540229887;14.16;2620.66;3423.88;True
1299;Volvo;XC60;2017-06-01;25900.0;Keine Information;106238.0;Automatik;Diesel;;;235.0;0.24379224006476025;;;;True
1300;Citroen;Berlingo;2017-06-01;13490.0;Sehr guter Preis;44303.0;Schaltgetriebe;Benzin;;;110.0;0.3044940523215132;;;;True
1301;Mercedes-Benz;A 180;2020-01-01;17940.0;Guter Preis;169490.0;Automatik;Diesel;4.0;105.0;116.0;0.1058469526225736;6.6;1221.49;1943.28;True
1302;Audi;A5;2020-04-01;34950.0;Fairer Preis;100000.0;Automatik;Diesel;;;286.0;0.3495;;;;True
1303;Opel;Astra;2023-01-01;14499.0;Sehr guter Preis;50702.0;Schaltgetriebe;Benzin;;;131.0;0.2859650506883358;;;;True
1304;Volkswagen;Polo;2019-05-01;8995.0;Guter Preis;157000.0;Schaltgetriebe;Benzin;4.8;110.0;80.0;0.05729299363057325;8.496;1572.39;2035.82;True
1305;Volkswagen;Polo;2020-08-01;12900.0;Sehr guter Preis;72000.0;Schaltgetriebe;Benzin;5.5;127.0;95.0;0.17916666666666667;9.735;1801.7;2350.45;True
1306;Ford;Grand C-Max;2018-05-01;11950.0;Sehr guter Preis;114400.0;Schaltgetriebe;Diesel;4.6;119.0;120.0;0.10445804195804195;7.589999999999999;1404.72;2202.39;True
1307;Mitsubishi;Space Star;2019-03-01;5450.0;Sehr guter Preis;70200.0;Schaltgetriebe;Benzin;4.2;96.0;71.0;0.07763532763532764;7.434;1375.84;1776.72;True
1308;Audi;S8;2017-12-01;53980.0;Sehr guter Preis;56400.0;Automatik;Benzin;10.0;231.0;605.0;0.9570921985815602;17.7;3275.82;4275.22;True
1309;Volkswagen;T-Roc;2018-06-01;15600.0;Sehr guter Preis;89888.0;Schaltgetriebe;Benzin;5.1;116.0;116.0;0.17354930580277678;9.027;1670.67;2146.86;True
1310;BMW;330;2019-07-01;32499.0;Sehr guter Preis;62594.0;Automatik;Benzin;5.8;;258.0;0.5192031185097613;10.266;1899.98;;True
1311;BMW;218;2019-12-01;21970.0;Guter Preis;72900.0;Automatik;Benzin;;;136.0;0.30137174211248285;;;;True
1312;Opel;Corsa;2021-07-01;10990.0;Sehr guter Preis;31190.0;Schaltgetriebe;Benzin;5.6;127.0;75.0;0.35235652452709204;9.911999999999999;1834.46;2350.45;True
1313;BMW;520;2020-07-01;22450.0;Keine Information;79364.0;Automatik;Diesel;4.3;114.0;190.0;0.28287384708432034;7.095;1313.1;2109.85;True
1314;Mercedes-Benz;C 300;;;Keine Information;;Keine Information;Keine Information;;;;;;;;True
1315;Opel;Corsa;2019-07-01;11630.0;Sehr guter Preis;9190.0;Schaltgetriebe;Benzin;6.8;154.0;90.0;1.2655059847660501;12.036;2227.56;2850.15;True
1316;Volkswagen;Polo GTI;2020-12-01;18740.0;Sehr guter Preis;30462.0;Automatik;Benzin;7.2;163.0;200.0;0.6151926991005187;12.744;2358.59;3016.72;True
1317;Opel;Crossland;2021-01-01;14800.0;Sehr guter Preis;76088.0;Automatik;Benzin;6.4;143.0;131.0;0.19451161812638;11.328000000000001;2096.52;2646.57;True
1318;Skoda;Octavia;2019-04-01;17400.0;Sehr guter Preis;61277.0;Automatik;Benzin;5.0;113.0;150.0;0.28395646000946523;8.85;1637.91;2091.34;True
1319;Audi;RS4;2018-04-01;41970.0;Sehr guter Preis;126168.0;Automatik;Benzin;;;450.0;0.33265170249191556;;;;True
1320;Volkswagen;Passat Variant;2020-01-01;17679.0;Sehr guter Preis;117141.0;Automatik;Diesel;5.3;139.0;150.0;0.15092068532793812;8.745;1618.48;2572.54;True
1321;Opel;Combo Life;2021-02-01;14990.0;Guter Preis;73359.0;Schaltgetriebe;Diesel;;;102.0;0.20433757275862538;;;;True
1322;Volkswagen;Tiguan Allspace;2019-12-01;21950.0;Sehr guter Preis;109360.0;Automatik;Diesel;5.8;153.0;190.0;0.20071324067300658;9.569999999999999;1771.16;2831.64;True
1323;Mercedes-Benz;CLA 200;2017-09-01;18910.0;Guter Preis;91100.0;Schaltgetriebe;Diesel;;;136.0;0.2075740944017563;;;;True
1324;Skoda;Kodiaq;2020-01-01;23980.0;Sehr guter Preis;96853.0;Automatik;Diesel;6.7;175.0;150.0;0.24759171114988693;11.055;2046.0;3238.8;True
1325;Ford;Edge;2018-11-01;21990.0;Sehr guter Preis;90000.0;Automatik;Diesel;;;209.0;0.24433333333333335;;;;True
1326;Renault;Megane;2019-03-01;;Sehr guter Preis;48575.0;Automatik;Benzin;5.6;127.0;159.0;;9.911999999999999;1834.46;2350.45;True
1327;Hyundai;TUCSON;2020-01-01;24970.0;Sehr guter Preis;71241.0;Automatik;Diesel;;;185.0;0.3505004140873935;;;;True
1328;Ford;Focus;2021-02-01;12750.0;Sehr guter Preis;149546.0;Automatik;Diesel;4.1;106.0;120.0;0.08525804769101146;6.764999999999999;1252.03;1961.79;True
1329;Ford;Transit Connect;2020-05-01;15700.0;Sehr guter Preis;47835.0;Schaltgetriebe;Diesel;4.6;120.0;101.0;0.3282115605728023;7.589999999999999;1404.72;2220.89;True
1330;Porsche;Cayenne;2017-07-01;34980.0;Sehr guter Preis;195000.0;Automatik;Diesel;8.0;209.0;385.0;0.1793846153846154;13.2;2442.98;3868.06;True
1331;Volkswagen;Touran;2019-07-01;15950.0;Sehr guter Preis;122952.0;Automatik;Diesel;4.4;114.0;116.0;0.12972542130262216;7.26;1343.64;2109.85;True
1332;Opel;Adam;2019-02-01;11990.0;Sehr guter Preis;26101.0;Schaltgetriebe;Benzin;5.8;133.0;87.0;0.45936937282096474;10.266;1899.98;2461.49;True
1333;Opel;Insignia;2018-12-01;15800.0;Sehr guter Preis;61970.0;Automatik;Benzin;6.1;138.0;165.0;0.25496207842504437;10.796999999999999;1998.25;2554.03;True
