Brand;Model;Car_Info;User_Desc;Price;Price_Eval;Kilometer;Gear_Type;YearMonth;Fuel_Type;Horsepower;Consumption;CO2_Emission;Marketplace
Audi;A4;Avant 1.8 TFSI Ambiente, Standheiz., Navi;Sommerreifen, Alufelgen, Fahrerairbag, Bluetooth, Armlehne, Pannenkit, Einparkhilfe Sensoren hinten, Elektronische Parkbremse;€ 6.450;Sehr guter Preis;123.000 km;Schaltgetriebe;07/2011;Benzin;88 kW (120 PS);7,2 l/100 km;171 g/km;Autoscout24.de
Renault;Scenic;III 1.5 DCi BOSE Edition Automatik Navi;Über 400 Dacia Neuwagen im Bestand/3 Jahre Garantie;€ 4.490;Guter Preis;238.600 km;Automatik;10/2013;Diesel;81 kW (110 PS);5,0 l/100 km;130 g/km;Autoscout24.de
Audi;A6;Lim. 2.8 FSI V6*Automatik Navi*45 Tkm*1Hand*;Sommerreifen, Start/Stop-Automatik, Multifunktionslenkrad, Navigationssystem, Einparkhilfe Sensoren vorne, Einparkhilfe selbstlenkendes System, Seitenairbag, CD;€ 14.500;Sehr guter Preis;45.382 km;Automatik;08/2011;Benzin;150 kW (204 PS);7,7 l/100 km;182 g/km;Autoscout24.de
Opel;Insignia;A ST 2.0D INNOV. NAVI/LED/KAMERA/SHZ;Einparkhilfe Kamera, Getönte Scheiben, Android Auto, Sprachsteuerung, Einparkhilfe Sensoren vorne, Multifunktionslenkrad, Sommerreifen, Sitzheizung;€ 6.700;nan;140.990 km;Automatik;05/2016;Diesel;125 kW (170 PS);5,5 l/100 km;145 g/km;Autoscout24.de
Opel;Insignia;1.6 Lim. Selection 2.HAND*;Radio, teilb. Rücksitzbank, Elektrische Sitze, Tagfahrlicht, Sommerreifen, Klimaanlage, Wegfahrsperre, Elektrische Seitenspiegel;€ 4.500;Guter Preis;167.364 km;Schaltgetriebe;07/2010;Benzin;85 kW (116 PS);7,6 l/100 km;174 g/km;Autoscout24.de
Opel;Insignia;A Lim. 150 Jahre Opel/NAVI/RADIO/KLIMA;Fahrerairbag, Einparkhilfe Sensoren vorne, Beifahrerairbag, Navigationssystem, Freisprecheinrichtung, Sprachsteuerung, Alufelgen, Einparkhilfe Sensoren hinten;€ 8.900;Sehr guter Preis;66.778 km;Schaltgetriebe;03/2013;Diesel;96 kW (131 PS);5,8 l/100 km;154 g/km;Autoscout24.de
Opel;Corsa;E 1.2 Klima;Elektrische Seitenspiegel, Klimaanlage, Fahrerairbag, Beifahrerairbag, Radio, Seitenairbag, Elektr. Fensterheber, Zentralverriegelung;€ 4.290;Sehr guter Preis;115.200 km;Schaltgetriebe;05/2016;Benzin;51 kW (69 PS);5,4 l/100 km;128 g/km;Autoscout24.de
Volkswagen;Golf;VI  2.0 GTD/KLIMAAUTO/NAVI/LED/XENON/1 HAND;Bi-Xenon Scheinwerfer, Navigationssystem, Sportfahrwerk, Radio, Einparkhilfe Sensoren vorne, Sommerreifen, Bluetooth, Bordcomputer;€ 6.980;Fairer Preis;242.846 km;Schaltgetriebe;12/2011;Diesel;125 kW (170 PS);5,1 l/100 km;134 g/km;Autoscout24.de
Renault;Megane;Coupé Dynamique TCe 130 GEWERBE/EXPORT;Sommerreifen, Alufelgen, Klimaanlage, Fahrerairbag, Navigationssystem, Bi-Xenon Scheinwerfer, Wegfahrsperre, Sitzheizung;€ 4.500;Sehr guter Preis;115.000 km;Schaltgetriebe;04/2011;Benzin;96 kW (131 PS);6,3 l/100 km;nan;Autoscout24.de
BMW;X6;xDrive40d|LED|HUD|HiFi|SHZ|PDC|Kamera|Navi|BT;Reifendruckkontrollsystem, Einparkhilfe Kamera, Fahrerairbag, Allrad, Soundsystem, LED-Scheinwerfer, Sportfahrwerk, Head-up display;€ 15.990;Guter Preis;281.500 km;Automatik;12/2012;Diesel;225 kW (306 PS);7,5 l/100 km;199 g/km;Autoscout24.de
BMW;116;Baureihe 1 Lim. 116i;Beifahrerairbag, Elektr. Fensterheber, Fahrerairbag, Alufelgen, Isofix, ESP, Zentralverriegelung, CD;€ 4.690;Fairer Preis;179.000 km;Schaltgetriebe;05/2010;Benzin;90 kW (122 PS);6,1 l/100 km;143 g/km;Autoscout24.de
Volkswagen;Tiguan;Trend & Fun BMT 2-Z-Klima/PDC/2.Hand;Anhängerkupplung, Beifahrerairbag, Gepäckraumabtrennung, Alufelgen, CD, Sportsitze, Fahrerairbag, Start/Stop-Automatik;€ 8.750;Guter Preis;94.000 km;Schaltgetriebe;08/2010;Benzin;110 kW (150 PS);nan;nan;Autoscout24.de
Volkswagen;Polo;V CrossPolo Sitzheizung Sportsitze;Dachreling, Radio, Klimaanlage, Fahrerairbag, Winterpaket, Lederlenkrad, Isofix, Gepäckraumabtrennung;€ 4.490;Guter Preis;198.421 km;Schaltgetriebe;04/2012;Benzin;51 kW (69 PS);5,7 l/100 km;132 g/km;Autoscout24.de
Dacia;Duster;1.6 16V 105 4x2;Klimaanlage, Isofix, Pannenkit, Nebelscheinwerfer, Bordcomputer, ABS, Beifahrerairbag;€ 6.200;Sehr guter Preis;94.800 km;Schaltgetriebe;04/2013;Benzin;77 kW (105 PS);7,1 l/100 km;nan;Autoscout24.de
Opel;Meriva;B Temp. SHZ PDC NP: 26.000€;Beifahrerairbag, Alufelgen, Einparkhilfe Sensoren vorne, Seitenairbag, Fahrerairbag, Klimaanlage, Beheizbares Lenkrad, Armlehne;€ 4.190;Sehr guter Preis;157.000 km;Schaltgetriebe;01/2012;Benzin;103 kW (140 PS);6,7 l/100 km;159 g/km;Autoscout24.de
Volvo;V70;Kombi Linje Classic;Elektrische Heckklappe, Alufelgen, Sportfahrwerk, Schiebedach, LED-Tagfahrlicht, Volldigitales Kombiinstrument, Elektrische Sitze, Abstandswarner;€ 8.900;Sehr guter Preis;195.697 km;Schaltgetriebe;05/2016;Diesel;110 kW (150 PS);4,1 l/100 km;113 g/km;Autoscout24.de
SEAT;Altea XL;Style Ecomotive;Alufelgen, Fahrerairbag, Allwetterreifen, USB, Start/Stop-Automatik, ABS, Servolenkung, Elektrische Seitenspiegel;€ 4.490;Sehr guter Preis;153.000 km;Schaltgetriebe;12/2012;Diesel;77 kW (105 PS);4,5 l/100 km;119 g/km;Autoscout24.de
Opel;Meriva;B 1.4 Design Edition;Fahrerairbag, Armlehne, ESP, Beifahrerairbag, Einparkhilfe Sensoren hinten, Elektr. Fensterheber, Klimaanlage, Radio;€ 3.990;Sehr guter Preis;103.500 km;Schaltgetriebe;03/2011;Benzin;74 kW (101 PS);6,1 l/100 km;145 g/km;Autoscout24.de
MINI;Cooper D Clubman;Cooper D;Start/Stop-Automatik, Sportpaket, Navigationssystem, Anhängerkupplung, Alufelgen, Lichtsensor, Bluetooth, Sprachsteuerung;€ 4.900;Sehr guter Preis;234.172 km;Schaltgetriebe;11/2012;Diesel;82 kW (111 PS);3,8 l/100 km;101 g/km;Autoscout24.de
GMC;Sierra;GMC Sierra 4x4 V8 Leder Navi Autom Schiebed.;Navigationssystem, Allrad, Sitzheizung, Traktionskontrolle, Freisprecheinrichtung, Soundsystem, Sommerreifen, Alufelgen;€ 22.999;nan;66.200 km;Automatik;03/2010;Autogas (LPG);298 kW (405 PS);15,0 l/100 km;nan;Autoscout24.de
Ford;Fiesta;Sport;Isofix, Sportfahrwerk, Freisprecheinrichtung, Beheizbare Frontscheibe, Getönte Scheiben, Fahrerairbag, Sitzheizung, Sportpaket;€ 5.999;Sehr guter Preis;142.500 km;Schaltgetriebe;03/2016;Benzin;92 kW (125 PS);4,3 l/100 km;99 g/km;Autoscout24.de
Volkswagen;Sharan;1.4 TSI Trendline Ahk/Klimatr./PDC/Sitzh.;Fahrerairbag, Start/Stop-Automatik, MP3, Schiebetür, Traktionskontrolle, Einparkhilfe Sensoren hinten, Anhängerkupplung, Einparkhilfe Sensoren vorne;€ 7.980;Guter Preis;132.638 km;Schaltgetriebe;09/2010;Benzin;110 kW (150 PS);nan;nan;Autoscout24.de
Volkswagen;Touran;Cross 1.6TDI*Aut.*BiXenon*Temp*Pdc*Ahk*;Tagfahrlicht, Radio, Standheizung, Bi-Xenon Scheinwerfer, Einparkhilfe Kamera, Alufelgen, Touchscreen, LED-Tagfahrlicht;€ 8.490;Sehr guter Preis;199.989 km;Automatik;11/2013;Diesel;77 kW (105 PS);5,4 l/100 km;143 g/km;Autoscout24.de
BMW;318;D F30 SPORT LINE*2.HAND*GLASDACH*XENON*NAVI(Prof.);Sportpaket, Sportsitze, Bi-Xenon Scheinwerfer, Start/Stop-Automatik, Schiebedach, Navigationssystem, Einparkhilfe Sensoren vorne, Alufelgen;€ 9.900;Fairer Preis;225.018 km;Schaltgetriebe;05/2012;Diesel;105 kW (143 PS);4,5 l/100 km;118 g/km;Autoscout24.de
Volkswagen;T5 Multivan;PanAmerika *AHK*4Motion*Navi*PDC*;Allrad, Navigationssystem, Reifendruckkontrollsystem, Anhängerkupplung, Klimaanlage, Einparkhilfe Kamera, Alufelgen, Einparkhilfe Sensoren vorne;€ 15.999;Sehr guter Preis;222.258 km;Schaltgetriebe;12/2011;Diesel;132 kW (179 PS);8,8 l/100 km;233 g/km;Autoscout24.de
Nissan;Micra;Visia;Klimaanlage, Radio, ABS, Isofix, Zentralverriegelung, Servolenkung, CD, Elektr. Fensterheber;€ 3.850;Guter Preis;61.000 km;Schaltgetriebe;06/2010;Benzin;48 kW (65 PS);5,9 l/100 km;140 g/km;Autoscout24.de
Ford;Fiesta;1.0 Sync Edition Klima 32tkm! 1.Hd 5türig;Klimaanlage, Multifunktionslenkrad, Elektrische Seitenspiegel, E10-geeignet, Alufelgen, LED-Tagfahrlicht, Bluetooth, Isofix;€ 6.890;Sehr guter Preis;32.483 km;Schaltgetriebe;07/2013;Benzin;48 kW (65 PS);4,6 l/100 km;109 g/km;Autoscout24.de
Mitsubishi;ASX;1.8 DI-D+ Instyle NaviTouch RFKam BT USB All;Navigationssystem, Xenonscheinwerfer, Sitzheizung, Einparkhilfe Kamera, Isofix, Soundsystem, Panoramadach, ABS;€ 7.480;Fairer Preis;190.000 km;Schaltgetriebe;12/2013;Diesel;110 kW (150 PS);nan;141 g/km;Autoscout24.de
Ford;Mondeo;Turnier Titanium*Klima*Allwetter*;Alufelgen, Sportfahrwerk, Sportsitze, Elektrische Sitze, Klimaanlage, Schlüssellose Zentralverriegelung, Klimaautomatik, Isofix;€ 4.980;Fairer Preis;197.553 km;Schaltgetriebe;05/2013;Benzin;149 kW (203 PS);7,6 l/100 km;180 g/km;Autoscout24.de
Citroen;C4 Picasso;Seduction LED PDC AHK Bluetooth;Anhängerkupplung, Fahrerairbag, Touchscreen, Elektr. Fensterheber, Klimaanlage, Beifahrerairbag, Klimaautomatik, Multifunktionslenkrad;€ 4.990;Sehr guter Preis;165.000 km;Schaltgetriebe;11/2013;Diesel;85 kW (116 PS);4,0 l/100 km;106 g/km;Autoscout24.de
BMW;318;d Lim. M Sportpaket Euro5 Navi,Xenon;Sportfahrwerk, Sportsitze, Sportpaket, Alufelgen, Bi-Xenon Scheinwerfer, Armlehne, Klimaanlage, Navigationssystem;€ 11.800;Guter Preis;164.569 km;Schaltgetriebe;03/2013;Diesel;105 kW (143 PS);4,5 l/100 km;119 g/km;Autoscout24.de
Mercedes-Benz;E 220;Coupe CDI BlueEfficiency AUTOMA. PANO NAVI;Berganfahrassistent, Navigationssystem, Sportfahrwerk, Elektrische Sitze, Panoramadach, Bi-Xenon Scheinwerfer, Alufelgen, Fahrerairbag;€ 13.900;Sehr guter Preis;122.571 km;Automatik;05/2011;Diesel;125 kW (170 PS);5,4 l/100 km;143 g/km;Autoscout24.de
Skoda;Fabia;Combi 1.6 TDI Cool Edition*Klima*AHK;Klimaanlage, Fahrerairbag, Allwetterreifen, Gepäckraumabtrennung, Isofix, Elektr. Fensterheber, Bordcomputer, Radio;€ 2.950;Fairer Preis;205.555 km;Schaltgetriebe;08/2011;Diesel;66 kW (90 PS);4,2 l/100 km;111 g/km;Autoscout24.de
Audi;A6;Lim. 2.8 FSI Sitzh. Navi. PDC. Automatik;Seit 1963 Ihr KFZ-Meisterbetrieb in Mainz Bretzenheim;€ 8.990;Sehr guter Preis;150.000 km;Automatik;06/2010;Benzin;162 kW (220 PS);8,4 l/100 km;196 g/km;Autoscout24.de
Skoda;Fabia;Cool Edition;Fahrerairbag, Klimaanlage, Alufelgen, Radio, Sommerreifen, Beifahrerairbag, Isofix;€ 7.390;Sehr guter Preis;59.939 km;Schaltgetriebe;08/2014;Benzin;63 kW (86 PS);5,2 l/100 km;123 g/km;Autoscout24.de
Renault;Scenic;III 1.5 DCi BOSE Edition Automatik Navi;Über 400 Dacia Neuwagen im Bestand/3 Jahre Garantie;€ 4.490;Guter Preis;238.600 km;Automatik;10/2013;Diesel;81 kW (110 PS);5,0 l/100 km;130 g/km;Autoscout24.de
BMW;X3;xDrive20d xLine   Standklima   Harman-Kardon;Spoiler, Head-up display, Navigationssystem, 2-Zonen-Klimaautomatik, Isofix, Sportsitze, Sommerreifen, Ambientebeleuchtung;€ 12.950;Sehr guter Preis;195.854 km;Schaltgetriebe;09/2014;Diesel;140 kW (190 PS);nan;136 g/km;Autoscout24.de
Nissan;X-Trail;SE 4X4 AHK Navi Kamera;Auto kauft man mit Vertrauen u Garantie;€ 6.740;Guter Preis;229.441 km;Schaltgetriebe;05/2011;Diesel;110 kW (150 PS);nan;nan;Autoscout24.de
Ford;Mondeo;Titanium Automatik Memory Teilleder Navi;Leder Alcantara;€ 8.990;Sehr guter Preis;199.887 km;Automatik;12/2016;Diesel;132 kW (179 PS);4,9 l/100 km;nan;Autoscout24.de
Ford;EcoSport;Titanium KLIMA*PDC*BT*sauberes Fahrzeug;Fahrerairbag, Traktionskontrolle, Getönte Scheiben, Berganfahrassistent, Zentralverriegelung, Bluetooth, Tempomat, Lordosenstütze;€ 7.990;Sehr guter Preis;101.295 km;Schaltgetriebe;10/2014;Diesel;66 kW (90 PS);4,6 l/100 km;120 g/km;Autoscout24.de
Toyota;Avensis;Kombi 1.8 1.Hand **126TKM**Navi Kamera;Dachreling, Pannenkit, Elektronische Parkbremse, Sitzheizung, Klimaanlage, Multifunktionslenkrad, Lordosenstütze, Soundsystem;€ 7.450;nan;126.465 km;Schaltgetriebe;01/2012;Benzin;108 kW (147 PS);6,6 l/100 km;155 g/km;Autoscout24.de
Hyundai;i20;Classic,Klima, 8-fach bereift, Seh sauber;E10-geeignet, Fahrerairbag, Klimaanlage, Elektrische Seitenspiegel, Traktionskontrolle, Klimaautomatik, CD, Bluetooth;€ 6.499;Guter Preis;65.858 km;Schaltgetriebe;09/2014;Benzin;63 kW (86 PS);4,9 l/100 km;114 g/km;Autoscout24.de
BMW;318;318d *Navi*Xenon*Standheizung*;Bluetooth, Alufelgen, Xenonscheinwerfer, ESP, Armlehne, Sportsitze, Navigationssystem, Isofix;€ 3.499;Fairer Preis;276.400 km;Schaltgetriebe;09/2010;Diesel;105 kW (143 PS);4,8 l/100 km;127 g/km;Autoscout24.de
Peugeot;508;Pan Dach Nav 8 fach Kopftdichtung kaputt;Alufelgen, Tagfahrlicht, Multifunktionslenkrad, Panoramadach, Tempomat, Radio, Servolenkung, Lichtsensor;€ 4.500;Sehr guter Preis;122.000 km;Schaltgetriebe;06/2011;Benzin;115 kW (156 PS);6,5 l/100 km;150 g/km;Autoscout24.de
Volkswagen;Golf Variant;1.4 TSI Highline+Panorama+STHZ+AHK+Bi-Xenon+;Alufelgen, Navigationssystem, Bi-Xenon Scheinwerfer, Sommerreifen, Kurvenlicht, Reifendruckkontrollsystem, Bluetooth, Touchscreen;€ 4.999;Guter Preis;231.000 km;Schaltgetriebe;11/2012;Benzin;118 kW (160 PS);6,4 l/100 km;149 g/km;Autoscout24.de
Audi;A3;Cabriolet S-Line *KLIMA*TÜV Neu*KUNDEN AUFTRAG;Sommerreifen, Sitzheizung, Sportpaket, Soundsystem, Alufelgen, Winterpaket, Scheinwerferreinigung, Sportfahrwerk;€ 8.900;Guter Preis;112.800 km;Schaltgetriebe;04/2010;Benzin;118 kW (160 PS);6,8 l/100 km;161 g/km;Autoscout24.de
BMW;220;Coupé M Sport LED NaviBusiness FernlichtAss;Ihr BMW Servicepartner für die Region Hannover;€ 13.999;Guter Preis;194.000 km;Schaltgetriebe;08/2017;Diesel;140 kW (190 PS);4,3 l/100 km;nan;Autoscout24.de
SEAT;Exeo;2,0 ST Sport*KLIMA*AUTOMATIK*HU 01-2026*;Bluetooth, Elektrische Seitenspiegel, Tempomat, Alufelgen, Freisprecheinrichtung, Sitzheizung, Klimaanlage, Seitenairbag;€ 3.870;Guter Preis;193.800 km;Automatik;02/2010;Benzin;147 kW (200 PS);7,7 l/100 km;179 g/km;Autoscout24.de
Volkswagen;Polo;1.6 TDI BMT Match, Klima, Sitzheiz.., AHK;Start/Stop-Automatik, Allwetterreifen, Alufelgen, Lederlenkrad, Klimaautomatik, Einparkhilfe Sensoren hinten, Sportsitze, Anhängerkupplung;€ 5.450;Fairer Preis;205.000 km;Schaltgetriebe;06/2012;Diesel;66 kW (90 PS);3,7 l/100 km;96 g/km;Autoscout24.de
Mercedes-Benz;Citan;Kasten 108 CDI lang;Armlehne, Schiebetür rechts, Radio, Tagfahrlicht, Bluetooth, Elektrische Seitenspiegel, Fahrerairbag, Zentralverriegelung;€ 2.990;Sehr guter Preis;271.000 km;Schaltgetriebe;06/2014;Diesel;55 kW (75 PS);4,7 l/100 km;125 g/km;Autoscout24.de
Mazda;CX-30;"Prime-Line KLIMA+NAVI+ALARM+KAMERA+LED+16""+HUD ...";Sicherer EU-Neuwagenkauf zum Bestpreis seit 1999!;€ 22.890;nan;0 km;Schaltgetriebe;nan;Benzin;103 kW (140 PS);nan;135 g/km;Autoscout24.de
Audi;A6;Lim. 2.8 FSI V6*Automatik Navi*45 Tkm*1Hand*;Sommerreifen, Start/Stop-Automatik, Multifunktionslenkrad, Navigationssystem, Einparkhilfe Sensoren vorne, Einparkhilfe selbstlenkendes System, Seitenairbag, CD;€ 14.500;Sehr guter Preis;45.382 km;Automatik;08/2011;Benzin;150 kW (204 PS);7,7 l/100 km;182 g/km;Autoscout24.de
Opel;Zafira Tourer;C 1.6 Innovation  CNG ERDGAS 7SITZE;Bluetooth, Alufelgen, Freisprecheinrichtung, Armlehne, Reifendruckkontrollsystem, Notrufsystem, Zentralverriegelung mit Funkfernbedienung, Tagfahrlicht;€ 7.500;Sehr guter Preis;134.272 km;Schaltgetriebe;09/2015;Erdgas (CNG);110 kW (150 PS);nan;nan;Autoscout24.de
Jaguar;XF;3.0 V6 Diesel Luxury D 2.Hd*Leder*SHZ*Temp.;Elektrische Sitze, Bordcomputer, Elektr. Fensterheber, Lederlenkrad, MP3, Fahrerairbag, 2-Zonen-Klimaautomatik, Klimaanlage;€ 4.990;nan;320.000 km;Automatik;08/2010;Diesel;155 kW (211 PS);nan;nan;Autoscout24.de
Volkswagen;Touran;Life BMT/Automatik/Klima/Navi/Shz/Ahk/;Seitenairbag, Alufelgen, Anhängerkupplung, Sitzheizung, Müdigkeitswarnsystem, Isofix, Navigationssystem, Tagfahrlicht;€ 9.990;Sehr guter Preis;190.202 km;Automatik;07/2013;Diesel;103 kW (140 PS);5,2 l/100 km;135 g/km;Autoscout24.de
BMW;316;"d Navi*Klimaaut.*2xSHZ*Bluetooth*18""Zoll";Bluetooth, 2-Zonen-Klimaautomatik, Bordcomputer, Start/Stop-Automatik, USB, Navigationssystem, Sitzheizung, Traktionskontrolle;€ 9.590;Fairer Preis;196.000 km;Schaltgetriebe;04/2013;Diesel;85 kW (116 PS);4,5 l/100 km;nan;Autoscout24.de
Toyota;;Aygo AYGO Cool  nur 48Tkm;Klimaanlage, Zentralverriegelung, Elektr. Fensterheber, Bluetooth, Beifahrerairbag, Fahrerairbag, Isofix, E10-geeignet;€ 4.990;Sehr guter Preis;48.538 km;Schaltgetriebe;10/2013;Benzin;50 kW (68 PS);4,4 l/100 km;104 g/km;Autoscout24.de
Volkswagen;Caddy;PKW Maxi Trendline BMT 7 - Sitzer;Alufelgen, Multifunktionslenkrad, Sportpaket, Getönte Scheiben, Sportfahrwerk, Start/Stop-Automatik, Sitzheizung, Isofix;€ 10.500;Erhöhter Preis;238.944 km;Schaltgetriebe;12/2015;Diesel;75 kW (102 PS);4,7 l/100 km;122 g/km;Autoscout24.de
Mercedes-Benz;ML 350;BlueTEC 4M 7G AMG STYLING  MEMORY   TOTW.;Sportpaket, 3-Zonen-Klimaautomatik, Einparkhilfe Kamera, Sportfahrwerk, Traktionskontrolle, Anhängerkupplung, Voll-LED Scheinwerfer, Allrad;€ 19.950;Sehr guter Preis;193.733 km;Automatik;11/2012;Diesel;190 kW (258 PS);6,8 l/100 km;nan;Autoscout24.de
Kia;;CEED SW 1.6 EDITION7  EMOTION OHNE KLIMA;Zentralverriegelung, Sitzheizung, Alufelgen, Isofix, Multifunktionslenkrad, Seitenairbag, Dachreling, Radio;€ 7.960;Sehr guter Preis;94.600 km;Schaltgetriebe;03/2014;Benzin;99 kW (135 PS);nan;nan;Autoscout24.de
Porsche;Panamera;Turbo;Beifahrerairbag, Allrad, Touchscreen, Alufelgen, Einparkhilfe Sensoren hinten, Bluetooth, LED-Tagfahrlicht, Bi-Xenon Scheinwerfer;€ 22.980;Sehr guter Preis;204.750 km;Automatik;07/2010;Benzin;368 kW (500 PS);12,9 l/100 km;303 g/km;Autoscout24.de
Skoda;Rapid/Spaceback;Ambition*DAB Radio*Klimaautomatik*Navi*;Einparkhilfe Kamera, Elektrische Seitenspiegel, Multifunktionslenkrad, Klimaautomatik, Touchscreen, Sommerreifen, Bluetooth, Alufelgen;€ 7.190;Sehr guter Preis;93.773 km;Schaltgetriebe;05/2013;Benzin;63 kW (86 PS);5,1 l/100 km;121 g/km;Autoscout24.de
BMW;320;d xDrive Coupe Xenon. PDC. Navi.;Seit 1963 Ihr KFZ-Meisterbetrieb in Mainz Bretzenheim;€ 12.990;Sehr guter Preis;136.250 km;Automatik;03/2011;Diesel;135 kW (184 PS);5,7 l/100 km;150 g/km;Autoscout24.de
Opel;Meriva;B Innovation*Tempomat*Sitzheizung*;Einparkhilfe Sensoren hinten, Radio, Beifahrerairbag, Sitzheizung, Tempomat, Alufelgen, Bluetooth, Getönte Scheiben;€ 7.290;Guter Preis;128.969 km;Schaltgetriebe;09/2016;Diesel;100 kW (136 PS);4,4 l/100 km;116 g/km;Autoscout24.de
Ford;EcoSport;Trend;Sitzheizung, Einparkhilfe Sensoren vorne, Traktionskontrolle, USB, Einparkhilfe Sensoren hinten, Alufelgen, Nebelscheinwerfer, Freisprecheinrichtung;€ 7.390;Guter Preis;118.281 km;Schaltgetriebe;07/2015;Benzin;92 kW (125 PS);5,4 l/100 km;125 g/km;Autoscout24.de
Alfa Romeo;Giulia;2.2 JTDM Automatik Klima Navi Temp Kamera;Finanzierung OHNE Anzahlung möglich!;€ 13.890;Sehr guter Preis;174.400 km;Automatik;11/2016;Diesel;132 kW (179 PS);3,8 l/100 km;99 g/km;Autoscout24.de
Audi;A5;2.0 TFSI Sportback;Alufelgen, Fahrerairbag, Tagfahrlicht, Reifendruckkontrollsystem, Getönte Scheiben, Sommerreifen, Lederlenkrad, Start/Stop-Automatik;€ 13.300;nan;136.000 km;Schaltgetriebe;11/2010;Benzin;132 kW (179 PS);6,5 l/100 km;152 g/km;Autoscout24.de
Opel;Insignia;A ST 2.0D INNOV. NAVI/LED/KAMERA/SHZ;Einparkhilfe Kamera, Getönte Scheiben, Android Auto, Sprachsteuerung, Einparkhilfe Sensoren vorne, Multifunktionslenkrad, Sommerreifen, Sitzheizung;€ 6.700;nan;140.990 km;Automatik;05/2016;Diesel;125 kW (170 PS);5,5 l/100 km;145 g/km;Autoscout24.de
Volkswagen;Caddy;Kasten EcoProfi *2.HAND SCHECKHEFT-AHK*;Anhängerkupplung, Traktionskontrolle, Zentralverriegelung, Fahrerairbag, Stahlfelgen, Elektr. Fensterheber, Gepäckraumabtrennung, Allwetterreifen;€ 6.880;Sehr guter Preis;139.785 km;Schaltgetriebe;11/2012;Diesel;55 kW (75 PS);5,6 l/100 km;147 g/km;Autoscout24.de
Audi;Q7;3.0 TDI clean diesel quattro Gewerbe/Export!;Über 1000 Fahrzeuge auf Lager und sofort verfügbar !!!;€ 16.000;nan;189.600 km;Automatik;06/2013;Diesel;180 kW (245 PS);7,4 l/100 km;196 g/km;Autoscout24.de
Mazda;CX-5;2,2 Skyactiv-D Center-Line 2WD;Klimaanlage, Alufelgen, Elektrische Seitenspiegel, Sitzheizung, Ambientebeleuchtung, Einparkhilfe Sensoren vorne, Bluetooth, Touchscreen;€ 8.449;Guter Preis;175.000 km;Schaltgetriebe;04/2014;Diesel;110 kW (150 PS);4,6 l/100 km;122 g/km;Autoscout24.de
BMW;320;d xDrive  Automatik M-Sport Xenon Schiebedach;Seit 1963 Ihr KFZ-Meisterbetrieb in Mainz Bretzenheim;€ 12.990;Hoher Preis;188.000 km;Automatik;11/2010;Diesel;135 kW (184 PS);5,7 l/100 km;150 g/km;Autoscout24.de
BMW;316;i 1.Hand*Klima*Navi*Scheckheft*Tempomat*;Alufelgen, Navigationssystem, Einparkhilfe Sensoren hinten, Sportpaket, USB, Skisack, Armlehne, Einparkhilfe Sensoren vorne;€ 7.950;nan;156.961 km;Schaltgetriebe;03/2010;Benzin;90 kW (122 PS);nan;nan;Autoscout24.de
Chevrolet;Orlando;LT**7 Sitzer**1.Hd*Aut AHK Parrot Blueto;Klimaautomatik, Traktionskontrolle, Alufelgen, Katalysator, Zentralverriegelung mit Funkfernbedienung, Anhängerkupplung, Freisprecheinrichtung, USB;€ 3.990;Guter Preis;369.014 km;Automatik;02/2012;Diesel;120 kW (163 PS);5,3 l/100 km;186 g/km;Autoscout24.de
Volkswagen;Golf Variant;Golf VII Variant 2.0 TDI BMT *PANO/AHK/STANDHEIZ*;Standheizung, Alufelgen, Sitzheizung, Schiebedach, Multifunktionslenkrad, Navigationssystem, Abstandstempomat, Einparkhilfe Sensoren vorne;€ 7.900;Sehr guter Preis;227.890 km;Schaltgetriebe;03/2015;Diesel;110 kW (150 PS);4,2 l/100 km;108 g/km;Autoscout24.de
Fiat;Doblo;1.6 SX Kombi Lounge Klimaauto Allwetter;Über 400 Dacia Neuwagen im Bestand/3 Jahre Garantie;€ 4.490;Guter Preis;252.700 km;Schaltgetriebe;09/2014;Diesel;77 kW (105 PS);5,2 l/100 km;138 g/km;Autoscout24.de
Audi;A3;Sportback 2.0 TDI Attraction S-Tronic;Finanzierung ab 5,99%;€ 5.950;Erhöhter Preis;337.000 km;Automatik;06/2010;Diesel;125 kW (170 PS);nan;nan;Autoscout24.de
Audi;A1;1.2TFSI Attraction *Klima*Sitzheizung;Wegfahrsperre, Sportpaket, Alufelgen, Sommerreifen, Elektrische Seitenspiegel, Multifunktionslenkrad, Zentralverriegelung, Pannenkit;€ 6.900;Guter Preis;149.290 km;Schaltgetriebe;02/2011;Benzin;63 kW (86 PS);5,1 l/100 km;121 g/km;Autoscout24.de
Audi;A6;Avant 3.0 TDI quattro S-line GEWERBE EXPORT;Lordosenstütze, Sportfahrwerk, Totwinkel-Assistent, Sportpaket, Isofix, Einparkhilfe Kamera, Sportsitze, Bluetooth;€ 10.950;Fairer Preis;287.150 km;Automatik;04/2013;Diesel;180 kW (245 PS);5,9 l/100 km;nan;Autoscout24.de
Audi;A4;Avant 1.8 TFSI S line Sport Plus Paket;GARANTIE • FINANZIERUNG • LIEFERUNG • ZULASSUNG;€ 13.990;nan;100.000 km;Automatik;08/2012;Benzin;88 kW (120 PS);7,7 l/100 km;179 g/km;Autoscout24.de
Volkswagen;Polo;V Highline;Sportsitze, Lederlenkrad, Multifunktionslenkrad, Einparkhilfe Sensoren hinten, Sportfahrwerk, Armlehne, Klimaautomatik, Isofix;€ 7.580;Fairer Preis;100.300 km;Schaltgetriebe;02/2010;Benzin;77 kW (105 PS);5,3 l/100 km;124 g/km;Autoscout24.de
Ford;Mondeo;Turnier Business Edition Klima/Navi/Sitzh;Klimaanlage, Navigationssystem, Alufelgen, Klimaautomatik, Radio, Elektrische Sitze, Beheizbare Frontscheibe, Freisprecheinrichtung;€ 5.490;Guter Preis;193.171 km;Schaltgetriebe;11/2012;Diesel;120 kW (163 PS);4,9 l/100 km;130 g/km;Autoscout24.de
Hyundai;i30;CW 1.6CRDi Select LEDTgf~Tempomat~AHK;Freisprecheinrichtung, Alufelgen, USB, Beifahrerairbag, Anhängerkupplung, Tempomat, Fernlichtassistent, Isofix;€ 8.950;Guter Preis;131.299 km;Schaltgetriebe;10/2017;Diesel;81 kW (110 PS);3,8 l/100 km;99 g/km;Autoscout24.de
Hyundai;i20;Classic Klima- SHZ-1 Hand;Klimaanlage, Beifahrerairbag, Fahrerairbag, Elektrische Seitenspiegel, Sitzheizung, Radio, USB, Isofix;€ 6.250;Guter Preis;78.400 km;Schaltgetriebe;02/2014;Benzin;63 kW (86 PS);nan;nan;Autoscout24.de
Peugeot;308;LIM. 1.5D ACTIVE NAVI/LED/PDC/TEMP./SPORT;ESP, Touchscreen, Bluetooth, Navigationssystem, Sportsitze, Fahrerairbag, Sprachsteuerung, Armlehne;€ 7.450;Sehr guter Preis;141.650 km;Schaltgetriebe;09/2018;Diesel;96 kW (131 PS);3,6 l/100 km;95 g/km;Autoscout24.de
Opel;Insignia;A Lim. 150 Jahre Opel/NAVI/RADIO/KLIMA;Fahrerairbag, Einparkhilfe Sensoren vorne, Beifahrerairbag, Navigationssystem, Freisprecheinrichtung, Sprachsteuerung, Alufelgen, Einparkhilfe Sensoren hinten;€ 8.900;Sehr guter Preis;66.778 km;Schaltgetriebe;03/2013;Diesel;96 kW (131 PS);5,8 l/100 km;154 g/km;Autoscout24.de
Ford;S-Max;1.6 EcoBoost Trend *PDC*SHZ*;❗Service Historie und Gebrauchtspureninfos auf Anruf;€ 9.710;Sehr guter Preis;95.084 km;Schaltgetriebe;05/2014;Benzin;118 kW (160 PS);6,8 l/100 km;159 g/km;Autoscout24.de
Nissan;X-Trail;1.6 dCi Visia 7 Sitzer/Navi/LED/Pano/Leder;Sommerreifen, Elektrische Sitze, Winterreifen, Sitzheizung, Tempomat, Bordcomputer, 2-Zonen-Klimaautomatik, Schiebedach;€ 10.980;Guter Preis;262.137 km;Automatik;06/2017;Diesel;96 kW (131 PS);nan;nan;Autoscout24.de
Volkswagen;Golf;MATCH KLIMA+EINPARKHILFE+ALLWETTER+ALU+TOP+;Sitzheizung,Sportlederlenkrad,RegelmässigeWartung;€ 10.980;Fairer Preis;30.900 km;Schaltgetriebe;06/2012;Benzin;77 kW (105 PS);5,7 l/100 km;134 g/km;Autoscout24.de
Kia;Sportage;Spirit 4WD SHZ Leder Navi Alu 16 Zoll;Navigationssystem, Allrad, Getönte Scheiben, USB, Multifunktionslenkrad, Klimaanlage, Panoramadach, Alufelgen;€ 10.999;nan;149.443 km;Automatik;07/2013;Diesel;135 kW (184 PS);7,2 l/100 km;189 g/km;Autoscout24.de
Renault;Megane;3 1.6 110PS Lim. 5-trg Tempomat Klima;Qualität - Zuverlässigkeit - Sicherheit;€ 7.899;Sehr guter Preis;54.561 km;Schaltgetriebe;06/2015;Benzin;81 kW (110 PS);6,9 l/100 km;159 g/km;Autoscout24.de
smart;forTwo;Passion Mhd 52 KW Automatik;Unser Angebot der Woche;€ 4.900;Sehr guter Preis;98.000 km;Automatik;02/2012;Benzin;52 kW (71 PS);nan;nan;Autoscout24.de
Ford;Transit Custom;Kombi 300 L1 2.2 TDCi *1992 *EXPORT;Beifahrerairbag, Notrad, Start/Stop-Automatik, CD, Radio, Zentralverriegelung, Schiebetür rechts, Katalysator;€ 7.988;Guter Preis;255.000 km;Schaltgetriebe;01/2015;Diesel;74 kW (101 PS);nan;nan;Autoscout24.de
Renault;Grand Scenic;Scenic III Grand Paris NAVI*SHZG*PDC*KLIMAAUT.*;Alufelgen, USB, Beifahrerairbag, Fahrerairbag, 2-Zonen-Klimaautomatik, Navigationssystem, Traktionskontrolle, Allwetterreifen;€ 6.990;nan;150.616 km;Schaltgetriebe;11/2013;Benzin;85 kW (116 PS);6,1 l/100 km;145 g/km;Autoscout24.de
BMW;320;320 d Efficient Dynamics Advantage;Navigationssystem, Alufelgen, Elektrische Seitenspiegel, Armlehne, Klimaautomatik, Skisack, Tempomat, Beifahrerairbag;€ 11.100;Fairer Preis;222.200 km;Schaltgetriebe;03/2016;Diesel;120 kW (163 PS);3,9 l/100 km;103 g/km;Autoscout24.de
Opel;Corsa;D Color Edition 1,4L Klima Tüv Neu Topzust;Sitzheizung, Tempomat, Beifahrerairbag, Einparkhilfe Sensoren hinten, Bluetooth, Klimaanlage, Lederlenkrad, Sportfahrwerk;€ 6.490;Fairer Preis;111.000 km;Schaltgetriebe;11/2014;Benzin;64 kW (87 PS);5,7 l/100 km;135 g/km;Autoscout24.de
Opel;Mokka;1.6 CDTI ecoFlex Innovation Navi FLA LM;Bi-Xenon Scheinwerfer, Bordcomputer, ABS, Einparkhilfe Sensoren hinten, Touchscreen, Einparkhilfe Kamera, Einparkhilfe Sensoren vorne, teilb. Rücksitzbank;€ 9.490;Sehr guter Preis;112.850 km;Schaltgetriebe;06/2015;Diesel;100 kW (136 PS);nan;nan;Autoscout24.de
Volkswagen;Golf;VII Lim. Highline BMT Navi,Kamera,BiXeno+WR;Finanzierung ab 6,29% / Sofortankauf & Inzahlungnahme;€ 10.300;Sehr guter Preis;126.470 km;Schaltgetriebe;04/2014;Benzin;103 kW (140 PS);5,2 l/100 km;119 g/km;Autoscout24.de
Volkswagen;Golf;VII 1.2 TSI DSG Comfortline NAVI KLIMA PNAO P;Panoramadach, Navigationssystem, Lordosenstütze, 2-Zonen-Klimaautomatik, Wegfahrsperre, Sitzheizung, Einparkhilfe Sensoren vorne, MP3;€ 12.990;Sehr guter Preis;25.000 km;Automatik;09/2014;Benzin;81 kW (110 PS);nan;nan;Autoscout24.de
Mazda;MX-5;Center-Line 1.8 verkauf nur an Händler/Export Temp;Radio, Beifahrerairbag, Klimaanlage, Alufelgen, Traktionskontrolle, Bluetooth, Katalysator, Tempomat;€ 8.500;Guter Preis;105.500 km;Schaltgetriebe;01/2010;Benzin;93 kW (126 PS);nan;nan;Autoscout24.de
Audi;SQ5;3.0 TDI QUT FACE*VIRT*MATRIX*KAM*RS-SITZE*22';Volldigitales Kombiinstrument, Sportsitze, Luftfederung, Panoramadach, Allrad, Elektr. Fensterheber, Beifahrerairbag, Soundsystem;€ 32.900;Sehr guter Preis;212.000 km;Automatik;06/2020;Diesel;255 kW (347 PS);6,8 l/100 km;177 g/km;Autoscout24.de
Audi;A4;2.0 TDI ultra *Automatik*Navi*SHZ*;Einparkhilfe Kamera, LED-Scheinwerfer, Sportfahrwerk, 3-Zonen-Klimaautomatik, Navigationssystem, Sitzheizung, Elektrische Heckklappe, Getönte Scheiben;€ 16.900;Fairer Preis;191.140 km;Automatik;03/2018;Diesel;110 kW (150 PS);3,9 l/100 km;99 g/km;Autoscout24.de
Nissan;Qashqai;Visia *PDC*RADIO*KLIMA*XENON*TEMPOMAT*;Alufelgen, Spurhalteassistent, Getönte Scheiben, Tempomat, Anhängerkupplung, Einparkhilfe Sensoren hinten, Geschwindigkeits-begrenzungsanlage, Beifahrerairbag;€ 9.299;Sehr guter Preis;116.591 km;Schaltgetriebe;09/2016;Benzin;85 kW (116 PS);5,6 l/100 km;129 g/km;Autoscout24.de
Volkswagen;Golf;6 1.6TDI 90PS Sport Paket BC Klima PDC;Qualität - Zuverlässigkeit - Sicherheit;€ 6.749;Fairer Preis;153.428 km;Schaltgetriebe;03/2010;Diesel;66 kW (90 PS);4,5 l/100 km;118 g/km;Autoscout24.de
Opel;Insignia;1.6 Lim. Selection 2.HAND*;Radio, teilb. Rücksitzbank, Elektrische Sitze, Tagfahrlicht, Sommerreifen, Klimaanlage, Wegfahrsperre, Elektrische Seitenspiegel;€ 4.500;Guter Preis;167.364 km;Schaltgetriebe;07/2010;Benzin;85 kW (116 PS);7,6 l/100 km;174 g/km;Autoscout24.de
Land Rover;Discovery Sport;HSE TD4 Aut. *KAMERA/NAVI/LEDER*;Sportfahrwerk, Allrad, Sitzheizung, Notbremsassistent, Sommerreifen, Navigationssystem, Elektrische Sitze, USB;€ 13.900;Sehr guter Preis;181.218 km;Automatik;10/2015;Diesel;132 kW (179 PS);5,3 l/100 km;171 g/km;Autoscout24.de
Volkswagen;Jetta;VI 1.4 TSI  Highline *Automatik*;Einparkhilfe Sensoren vorne, Navigationssystem, Sitzheizung, Beifahrerairbag, Alufelgen, Start/Stop-Automatik, Seitenairbag, Bluetooth;€ 12.990;Fairer Preis;54.879 km;Automatik;10/2012;Benzin;118 kW (160 PS);nan;nan;Autoscout24.de
Mitsubishi;Outlander;Diamant Edition 4WD;Allrad, Radio, LED-Tagfahrlicht, Sprachsteuerung, Sitzheizung, Anhängerkupplung, Apple CarPlay, Kurvenlicht;€ 12.300;Guter Preis;155.800 km;Automatik;03/2015;Diesel;110 kW (150 PS);5,4 l/100 km;143 g/km;Autoscout24.de
Dacia;Lodgy;1.2 TCE STEPWAY NAVI/PDC/TEMP./NEBEL/KLIMA;Tempomat, Beifahrerairbag, Freisprecheinrichtung, Nebelscheinwerfer, Dachreling, Navigationssystem, Alufelgen, Pannenkit;€ 7.750;Sehr guter Preis;97.500 km;Schaltgetriebe;03/2016;Benzin;85 kW (116 PS);5,6 l/100 km;133 g/km;Autoscout24.de
Mitsubishi;Colt;1.1 ClearTec Edition;Klimaanlage, Sitzheizung, Gepäckraumabtrennung, Bordcomputer, Klimaautomatik, Alufelgen, Isofix, Seitenairbag;€ 4.990;Fairer Preis;90.715 km;Schaltgetriebe;03/2012;Benzin;55 kW (75 PS);4,9 l/100 km;115 g/km;Autoscout24.de
BMW;320;"320d Cabrio M Sport Edition""Leder""Xenon""Navi""";Radio, Navigationssystem, Sportpaket, Alufelgen, Sitzheizung, Einparkhilfe Sensoren vorne, Bluetooth, Tempomat;€ 14.490;Fairer Preis;150.700 km;Automatik;08/2012;Diesel;135 kW (184 PS);nan;nan;Autoscout24.de
Renault;Koleos;Bose Allrad Panodach AHK RFK  Night&Day 4x4;Ihr Autohaus mit Herz - Familienbetrieb seit 115 Jahren;€ 7.990;Sehr guter Preis;178.588 km;Schaltgetriebe;02/2014;Diesel;127 kW (173 PS);nan;nan;Autoscout24.de
Peugeot;RCZ;"Vollleder 18"" Einparkhilfe Memory Sitze Tempomat";Bluetooth, 2-Zonen-Klimaautomatik, Winterpaket, Klimaanlage, Fahrerairbag, Einparkhilfe Sensoren hinten, Geschwindigkeits-begrenzungsanlage, Elektrische Sitze;€ 11.490;Fairer Preis;63.427 km;Automatik;07/2011;Benzin;115 kW (156 PS);7,3 l/100 km;168 g/km;Autoscout24.de
Audi;A3;Sportback quattro S Line Sportpaket Aut. Navi;Sportfahrwerk, Sportpaket, Sportsitze, Allrad, Navigationssystem, Multifunktionslenkrad, Bordcomputer, Einparkhilfe Kamera;€ 15.890;Sehr guter Preis;133.104 km;Automatik;02/2015;Diesel;135 kW (184 PS);4,9 l/100 km;130 g/km;Autoscout24.de
Audi;A6;Avant 2.0 TDI S-Tronic Ultra NAV+XEN+PANO+KAM;Einparkhilfe Kamera, Sportfahrwerk, Panoramadach, Sportsitze, CD, Schlüssellose Zentralverriegelung, Alufelgen, Lordosenstütze;€ 19.749;Erhöhter Preis;194.750 km;Automatik;03/2018;Diesel;140 kW (190 PS);4,7 l/100 km;nan;Autoscout24.de
Volkswagen;Golf;VII 1.2 TSi Lim. **SHZ*PDC*Parkassistent**;Start/Stop-Automatik, 2-Zonen-Klimaautomatik, Sitzheizung, Touchscreen, Einparkhilfe Sensoren vorne, Einparkhilfe Sensoren hinten, Multifunktionslenkrad, Einparkhilfe selbstlenkendes System;€ 8.495;Guter Preis;132.000 km;Schaltgetriebe;09/2013;Benzin;63 kW (86 PS);nan;nan;Autoscout24.de
Audi;TT;2.0 TFSI Roadster quattro S line Sport/Plus Bose;Multifunktionslenkrad, Sportfahrwerk, Radio, Windschott(für Cabrio), Scheinwerferreinigung, Soundsystem, Sitzheizung, Klimaanlage;€ 12.900;Guter Preis;175.949 km;Automatik;08/2011;Benzin;155 kW (211 PS);7,4 l/100 km;175 g/km;Autoscout24.de
Mercedes-Benz;E 250;CGI Cabrio 2.Hd*Navi*Bi-Xen*Leder*SHZ*PDC;LED-Tagfahrlicht, Navigationssystem, Ambientebeleuchtung, Sitzheizung, Bluetooth, Tagfahrlicht, Alufelgen, MP3;€ 17.990;Sehr guter Preis;72.000 km;Automatik;08/2011;Benzin;150 kW (204 PS);nan;nan;Autoscout24.de
Audi;Q5;2.0TDI/S Line/Leder/Pano/Navi/Bi-Xeno/AHK/PDC;Panoramadach, Sportpaket, 3-Zonen-Klimaautomatik, Scheinwerferreinigung, Sportfahrwerk, Elektrische Sitze, Fahrerairbag, Ambientebeleuchtung;€ 18.500;Sehr guter Preis;154.000 km;Automatik;01/2015;Diesel;140 kW (190 PS);5,7 l/100 km;151 g/km;Autoscout24.de
Volkswagen;Golf;VII Limousine *Klimaauto*Sitzheizung*Tempomat;2-Zonen-Klimaautomatik, Multifunktionslenkrad, Sitzheizung, Fahrerairbag, Alufelgen, Geschwindigkeits-begrenzungsanlage, Nebelscheinwerfer, Armlehne;€ 11.449;Sehr guter Preis;75.792 km;Schaltgetriebe;07/2015;Benzin;81 kW (110 PS);nan;nan;Autoscout24.de
Mercedes-Benz;CLS 250;SHOOTING BRAKE LEDER+NAVI+ILS+SPORT+TÜV+;Standheizung,Distronic,AktivPark,Reg.Wartung;€ 22.850;Sehr guter Preis;109.600 km;Automatik;07/2014;Diesel;150 kW (204 PS);5,3 l/100 km;139 g/km;Autoscout24.de
Volkswagen;Caddy;Kombi BMT Klima Touch Freisprech 5-Sitze;Klimaanlage, USB, Beifahrerairbag, Armlehne, Freisprecheinrichtung, Anhängerkupplung, ABS, Start/Stop-Automatik;€ 6.690;Fairer Preis;281.211 km;Schaltgetriebe;01/2016;Diesel;55 kW (75 PS);4,6 l/100 km;119 g/km;Autoscout24.de
Mitsubishi;Pajero;3.2 DI-D Intense;Über 1000 Fahrzeuge auf Lager und sofort verfügbar !!!;€ 19.990;Sehr guter Preis;120.000 km;Automatik;02/2012;Diesel;147 kW (200 PS);9,3 l/100 km;247 g/km;Autoscout24.de
Volkswagen;Golf;VI  2.0 GTD/KLIMAAUTO/NAVI/LED/XENON/1 HAND;Bi-Xenon Scheinwerfer, Navigationssystem, Sportfahrwerk, Radio, Einparkhilfe Sensoren vorne, Sommerreifen, Bluetooth, Bordcomputer;€ 6.980;Fairer Preis;242.846 km;Schaltgetriebe;12/2011;Diesel;125 kW (170 PS);5,1 l/100 km;134 g/km;Autoscout24.de
Volkswagen;Caddy;Kombi BMT Klima Touch Freisprech 5-Sitze;Klimaanlage, USB, Beifahrerairbag, Armlehne, Freisprecheinrichtung, Anhängerkupplung, ABS, Start/Stop-Automatik;€ 6.690;Fairer Preis;281.211 km;Schaltgetriebe;01/2016;Diesel;55 kW (75 PS);4,6 l/100 km;119 g/km;Autoscout24.de
Mitsubishi;Pajero;3.2 DI-D Intense;Über 1000 Fahrzeuge auf Lager und sofort verfügbar !!!;€ 19.990;Sehr guter Preis;120.000 km;Automatik;02/2012;Diesel;147 kW (200 PS);9,3 l/100 km;247 g/km;Autoscout24.de
Mercedes-Benz;;A 180 CDI Berganfahr Sitzheizung RegenSensor;Ihr BMW Servicepartner für die Region Hannover;€ 4.499;Sehr guter Preis;155.000 km;Schaltgetriebe;10/2010;Diesel;80 kW (109 PS);5,2 l/100 km;nan;Autoscout24.de
Fiat;Ducato;2,3 HDI Maxi L3-H2*Garantie*1.Hand*;12-64 Monate Garantie / Tüv & Inspektion= NEU !;€ 9.490;Fairer Preis;179.900 km;Schaltgetriebe;04/2011;Diesel;88 kW (120 PS);8,3 l/100 km;220 g/km;Autoscout24.de
Mercedes-Benz;A 180;d Kamera*Automatik;Einparkhilfe Kamera, Reifendruckkontrollsystem, Regensensor, Klimaautomatik, Seitenairbag, Beifahrerairbag, Tempomat;€ 14.998;Guter Preis;192.800 km;Automatik;04/2020;Diesel;85 kW (116 PS);4,0 l/100 km;117 g/km;Autoscout24.de
SEAT;Leon;2,0 TDI FR LED AHK NaviTouch RFKam PDC Pano;Einparkhilfe Sensoren vorne, Einparkhilfe Kamera, Sportfahrwerk, LED-Scheinwerfer, Elektrische Sitze, Schiebedach, Apple CarPlay, Panoramadach;€ 9.980;Fairer Preis;247.000 km;Schaltgetriebe;10/2016;Diesel;135 kW (184 PS);4,5 l/100 km;118 g/km;Autoscout24.de
Audi;Q5;2.0 TDI quattro  *TÜV-NEU/AHK*;Apple CarPlay, LED-Tagfahrlicht, Bluetooth, Elektr. Fensterheber, Navigationssystem, Alufelgen, Einparkhilfe Sensoren vorne, Bi-Xenon Scheinwerfer;€ 13.900;Sehr guter Preis;149.780 km;Schaltgetriebe;04/2012;Diesel;105 kW (143 PS);6,5 l/100 km;172 g/km;Autoscout24.de
Mercedes-Benz;CLS 450;CLS 450 4M COMAND/SHD/Distron/Burmest/Kamera;Soundsystem, Abstandstempomat, teilb. Rücksitzbank, Volldigitales Kombiinstrument, Schiebedach, Ambientebeleuchtung, Totwinkel-Assistent, Beifahrerairbag;€ 37.980;Sehr guter Preis;67.987 km;Automatik;04/2018;Benzin;270 kW (367 PS);8,7 l/100 km;197 g/km;Autoscout24.de
Mazda;CX-5;Center-Line NAVI+XENON AHK SHZG PDC LANE;Bi-Xenon Scheinwerfer, Beifahrerairbag, Anhängerkupplung, Einparkhilfe Sensoren vorne, Elektr. Fensterheber, Sitzheizung, Getönte Scheiben, 2-Zonen-Klimaautomatik;€ 9.990;Fairer Preis;153.667 km;Schaltgetriebe;08/2013;Diesel;110 kW (150 PS);4,6 l/100 km;119 g/km;Autoscout24.de
Volkswagen;Touran;Match;Multifunktionslenkrad, Navigationssystem, Einparkhilfe Sensoren hinten, Sitzheizung, Armlehne, Isofix, Tagfahrlicht, Tempomat;€ 7.499;Guter Preis;144.500 km;Schaltgetriebe;05/2012;Benzin;77 kW (105 PS);6,4 l/100 km;149 g/km;Autoscout24.de
Audi;A3;1.4 ambition 5000 km volle Mobi Garantie;Elektr. Fensterheber, Tagfahrlicht, Seitenairbag, MP3, Servolenkung, Traktionskontrolle, Bluetooth, ESP;€ 8.750;Erhöhter Preis;156.576 km;Schaltgetriebe;12/2012;Benzin;90 kW (122 PS);6,1 l/100 km;145 g/km;Autoscout24.de
Skoda;Octavia;Elegance T.Leder,Navi,Bi-Xenon,PDC,SR+WR;Finanzierung ab 6,29% / Sofortankauf & Inzahlungnahme;€ 9.900;Guter Preis;156.240 km;Automatik;04/2013;Diesel;110 kW (150 PS);4,5 l/100 km;119 g/km;Autoscout24.de
Mercedes-Benz;GLK 350;CDI 4-Matic**1.Hd**AMG Sportpaket AHK;Navigationssystem, Schaltwippen, LED-Tagfahrlicht, Klimaanlage, Anhängerkupplung, Regensensor, Multifunktionslenkrad, Soundsystem;€ 17.990;Fairer Preis;128.197 km;Automatik;08/2010;Diesel;170 kW (231 PS);8,4 l/100 km;220 g/km;Autoscout24.de
Mercedes-Benz;C 220;d Kombi AMG-Line|PDC|SHZ|SBL|Navi|Klima|USB;Sportpaket, Einparkhilfe Kamera, Navigationssystem, Getönte Scheiben, Sitzbelüftung, Sportfahrwerk, Klimaanlage, LED-Scheinwerfer;€ 15.890;Fairer Preis;200.000 km;Automatik;05/2015;Diesel;125 kW (170 PS);4,3 l/100 km;114 g/km;Autoscout24.de
Hyundai;i30;i30cw 1.6 Automatik Style;2-Zonen-Klimaautomatik, Sitzheizung, Pannenkit, Tempomat, Wegfahrsperre, Regensensor, Multifunktionslenkrad, Bi-Xenon Scheinwerfer;€ 9.870;Sehr guter Preis;122.195 km;Automatik;06/2015;Benzin;99 kW (135 PS);6,8 l/100 km;136 g/km;Autoscout24.de
Volkswagen;Golf Plus;VI Team 2.0 TDI Bi-Xenon Climatronic 2-Zonen Dyn.;Alufelgen, Xenonscheinwerfer, Zentralverriegelung, Traktionskontrolle, Pannenkit, Wegfahrsperre, Sitzheizung, Einparkhilfe Sensoren hinten;€ 6.990;Fairer Preis;185.000 km;Schaltgetriebe;02/2011;Diesel;103 kW (140 PS);nan;nan;Autoscout24.de
Mercedes-Benz;ML 320;4Matic CDI, Vollleder, Sitzheiz, Schiebed;Luftfederung, ABS, Allrad, Zentralverriegelung mit Funkfernbedienung, Xenonscheinwerfer, Schiebedach, teilb. Rücksitzbank, Traktionskontrolle;€ 11.900;Fairer Preis;243.000 km;Automatik;03/2010;Diesel;165 kW (224 PS);9,6 l/100 km;nan;Autoscout24.de
Volkswagen;Golf Plus;1.2 TSI Comfortline Navi PDC LM-Felgen;Probefahrt, Finanzierung und Inzahlungnahme möglich :);€ 8.840;Fairer Preis;69.980 km;Schaltgetriebe;02/2011;Benzin;77 kW (105 PS);nan;nan;Autoscout24.de
BMW;116;i|1. Hand|LED TFL|Start/Stopp|AUX/USB|EURO6!;Traktionskontrolle, Regensensor, Radio, Armlehne, Isofix, LED-Tagfahrlicht, Klimaautomatik, Wegfahrsperre;€ 10.499;Sehr guter Preis;84.056 km;Schaltgetriebe;06/2016;Benzin;80 kW (109 PS);5,4 l/100 km;128 g/km;Autoscout24.de
Volkswagen;T5 Multivan;Highline 4Motion 2.0 TSI ABT*DVD*TV;Elektrische Seitenspiegel, Allrad, Sitzheizung, Reifendruckkontrollsystem, Schiebetür rechts, Navigationssystem, Tempomat, Standheizung;€ 27.790;Guter Preis;185.000 km;Automatik;05/2013;Benzin;150 kW (204 PS);nan;nan;Autoscout24.de
SEAT;Leon;ST 2.0d 4Drive 4x4 DSG X-Perience PANO+LED+;Allrad, Schiebedach, LED-Scheinwerfer, Einparkhilfe Sensoren vorne, Sportpaket, Reifendruckkontrollsystem, USB, Sitzheizung;€ 11.750;Sehr guter Preis;150.000 km;Automatik;10/2016;Diesel;135 kW (184 PS);4,7 l/100 km;125 g/km;Autoscout24.de
Jaguar;F-Pace;20d R-Sport 4x4 Jet-Dachhimmel;Seit 1963 Ihr KFZ-Meisterbetrieb in Mainz Bretzenheim;€ 16.900;Sehr guter Preis;157.741 km;Automatik;02/2017;Diesel;132 kW (179 PS);5,9 l/100 km;157 g/km;Autoscout24.de
BMW;525;Touring 525d Edition/Vollleder/Navi/HUD/Pano;Head-up display, Start/Stop-Automatik, Sommerreifen, Klimaanlage, Sitzheizung, Einparkhilfe Sensoren vorne, Gepäckraumabtrennung, Alufelgen;€ 6.950;Fairer Preis;285.000 km;Automatik;02/2010;Diesel;145 kW (197 PS);7,6 l/100 km;203 g/km;Autoscout24.de
Ford;Focus;Turnier Titanium ZAHNRIEM NEU/ 2HAND/TEMP.;Getönte Scheiben, Einparkhilfe Sensoren vorne, Apple CarPlay, Sitzheizung, Beheizbare Frontscheibe, Touchscreen, Einparkhilfe Kamera, Klimaautomatik;€ 8.999;Guter Preis;98.000 km;Schaltgetriebe;11/2017;Benzin;92 kW (125 PS);4,8 l/100 km;114 g/km;Autoscout24.de
Opel;Astra;Edition Start/Stop;Einparkhilfe Kamera, 2-Zonen-Klimaautomatik, Start/Stop-Automatik, DAB-Radio, USB, Tagfahrlicht, Totwinkel-Assistent, Alufelgen;€ 7.950;Fairer Preis;246.500 km;Automatik;04/2021;Diesel;90 kW (122 PS);4,2 l/100 km;112 g/km;Autoscout24.de
Audi;A3;SPORTBACK 2.0 TDI AMBITION NAVI XENON SHZ PDC;FINANZIERUNG ab 3,99%++GARANTIE bis 36 Monate++ANKAUF;€ 12.950;Sehr guter Preis;159.000 km;Automatik;09/2015;Diesel;110 kW (150 PS);4,4 l/100 km;116 g/km;Autoscout24.de
Volkswagen;Passat Variant;Passat Vari. 2.0 TDI Highline/R-LINE 4Motion*LED /;Multifunktionslenkrad, Allrad, Regensensor, Beifahrerairbag, Elektrische Sitze, Innenspiegel automatisch abblendend, Bluetooth, Sitzheizung;€ 8.900;Guter Preis;230.122 km;Automatik;11/2012;Diesel;125 kW (170 PS);5,7 l/100 km;149 g/km;Autoscout24.de
BMW;318;"d Tou Sport Line NAVI+LED+SHZ+TEMP+AHK+M18""";Sportfahrwerk, Sportsitze, Anhängerkupplung, 3-Zonen-Klimaautomatik, Ambientebeleuchtung, LED-Scheinwerfer, Elektrische Seitenspiegel, Einparkhilfe Sensoren vorne;€ 12.950;Sehr guter Preis;167.000 km;Schaltgetriebe;07/2019;Diesel;110 kW (150 PS);nan;nan;Autoscout24.de
Nissan;X-Trail;1.6 Panorama 360Kamera PDC Navi;Auto kauft man mit Vertrauen u Garantie;€ 14.200;Sehr guter Preis;118.803 km;Automatik;03/2017;Diesel;96 kW (131 PS);nan;nan;Autoscout24.de
Skoda;Fabia;1.0 MPI Ambit CLIMATRONIK+SHZ+PDC+TEMP+DAB;Sportsitze, Sitzheizung, Zentralverriegelung, Einparkhilfe Sensoren vorne, Apple CarPlay, Tempomat, Einparkhilfe Sensoren hinten, Isofix;€ 9.950;Sehr guter Preis;46.267 km;Schaltgetriebe;03/2019;Benzin;55 kW (75 PS);4,8 l/100 km;110 g/km;Autoscout24.de
Fiat;500;1.2 8V Lounge Navi/Pano/Sitzh/Temp/DAB/PDC;Klimaautomatik, Einparkhilfe Sensoren hinten, Alufelgen, Sitzheizung, E10-geeignet, Navigationssystem, Regensensor, Sommerreifen;€ 8.880;Sehr guter Preis;75.419 km;Schaltgetriebe;03/2019;Benzin;51 kW (69 PS);nan;nan;Autoscout24.de
Ford;Fiesta;1.0 EcoBoost SHZ Klima Radio Freisprech;USB, Getönte Scheiben, Sitzheizung, Bluetooth, Alufelgen, Multifunktionslenkrad, Elektr. Fensterheber, Nebelscheinwerfer;€ 4.995;Fairer Preis;151.000 km;Schaltgetriebe;12/2013;Benzin;74 kW (101 PS);nan;nan;Autoscout24.de
Volkswagen;T-Roc;2.0TSI Sport 4Motion DSG AID KAM ACC LED;Sportfahrwerk, Volldigitales Kombiinstrument, Ambientebeleuchtung, Einparkhilfe Kamera, Abstandstempomat, Standheizung, LED-Scheinwerfer, Allrad;€ 17.999;Sehr guter Preis;135.700 km;Automatik;03/2018;Benzin;140 kW (190 PS);6,7 l/100 km;152 g/km;Autoscout24.de
Hyundai;iX35;Comfort 2WD 2.0  Multif.Lenkrad Alarm Klima SHZ PD;Katalysator, Isofix, teilb. Rücksitzbank, Pannenkit, Alarmanlage, Klimaanlage, CD, Berganfahrassistent;€ 12.770;Erhöhter Preis;78.000 km;Schaltgetriebe;04/2010;Benzin;120 kW (163 PS);nan;nan;Autoscout24.de
Opel;Corsa;E 1.2 Klima;Elektrische Seitenspiegel, Klimaanlage, Fahrerairbag, Beifahrerairbag, Radio, Seitenairbag, Elektr. Fensterheber, Zentralverriegelung;€ 4.290;Sehr guter Preis;115.200 km;Schaltgetriebe;05/2016;Benzin;51 kW (69 PS);5,4 l/100 km;128 g/km;Autoscout24.de
Mercedes-Benz;GLK 250;CDI AHK 4Matic DPF Sportpaket Navi Bi-Xenon;Navigationssystem, Sportpaket, Anhängerkupplung, Allrad, Traktionskontrolle, teilb. Rücksitzbank, Multifunktionslenkrad, Schaltwippen;€ 22.999;nan;91.000 km;Automatik;12/2012;Diesel;150 kW (204 PS);nan;nan;Autoscout24.de
Audi;Q5;Quattro 2.0 TDI Pano Xenon Naviplus Designpac;Bluetooth, Sportfahrwerk, Elektrische Heckklappe, LED-Tagfahrlicht, Bi-Xenon Scheinwerfer, Regensensor, Panoramadach, Start/Stop-Automatik;€ 18.490;Fairer Preis;129.000 km;Automatik;10/2012;Diesel;125 kW (170 PS);5,0 l/100 km;132 g/km;Autoscout24.de
Volkswagen;Caddy;Maxi 2.0 TDI Trendl., 7-Sitzer, Klima, DSG;Alufelgen, Fahrerairbag, Navigationssystem, Touchscreen, Elektr. Fensterheber, Einparkhilfe Sensoren hinten, Klimaanlage, Anhängerkupplung;€ 11.950;Erhöhter Preis;219.000 km;Automatik;05/2011;Diesel;103 kW (140 PS);6,3 l/100 km;166 g/km;Autoscout24.de
Volkswagen;Tiguan;*TopZustand*NAVI*PDC*Klima*8xALU*Garantie;Getönte Scheiben, Navigationssystem, Touchscreen, Alufelgen, Sommerreifen, Bluetooth, Notbremsassistent, Tempomat;€ 11.980;Sehr guter Preis;125.700 km;Automatik;05/2014;Benzin;118 kW (160 PS);7,1 l/100 km;164 g/km;Autoscout24.de
BMW;550;d xDrive Individual|Xenon|HUD|Kamera|SHZ;Sportfahrwerk, Head-up display, Abstandstempomat, Totwinkel-Assistent, Einparkhilfe Kamera, Schiebedach, Elektrische Sitze, Sportsitze;€ 21.990;Sehr guter Preis;180.000 km;Automatik;05/2013;Diesel;280 kW (381 PS);nan;nan;Autoscout24.de
Citroen;C3;Shine PDC+Navi+PANORAMA+Klimaauto+LED+Sitzhzg;Einparkhilfe Kamera, Apple CarPlay, Panoramadach, Fahrerairbag, E10-geeignet, Regensensor, Navigationssystem, Einparkhilfe Sensoren hinten;€ 9.990;Sehr guter Preis;59.997 km;Schaltgetriebe;08/2020;Benzin;60 kW (82 PS);4,2 l/100 km;96 g/km;Autoscout24.de
Opel;Astra;K Lim. 1.6D EDITION NAVI/LED/TEMP./SPORT;Apple CarPlay, Seitenairbag, Armlehne, Android Auto, Regensensor, Einparkhilfe Sensoren hinten, Zentralverriegelung, LED-Tagfahrlicht;€ 8.450;Sehr guter Preis;117.950 km;Schaltgetriebe;05/2019;Diesel;81 kW (110 PS);3,6 l/100 km;95 g/km;Autoscout24.de
Volkswagen;Touran;Life BMT 1HD/NAVI/KLIMA/SHZ/TEMPO/PDC;Einparkhilfe Sensoren vorne, Start/Stop-Automatik, Multifunktionslenkrad, Navigationssystem, Getönte Scheiben, Bluetooth, Klimaautomatik, Sitzheizung;€ 12.740;Fairer Preis;119.701 km;Schaltgetriebe;05/2013;Diesel;103 kW (140 PS);4,8 l/100 km;125 g/km;Autoscout24.de
Jeep;Wrangler;2.8 Sahara Unlimited *Hardtop*Automatik;Allrad, Anhängerkupplung, Lederlenkrad, Reifendruckkontrollsystem, Notbremsassistent, Beifahrerairbag, Klimaanlage, Zentralverriegelung;€ 15.950;nan;291.501 km;Automatik;11/2010;Diesel;130 kW (177 PS);nan;nan;Autoscout24.de
Mercedes-Benz;CLS 63 AMG;CLS 63 5.5 525PS AMG Nachtsicht ACC Keyless H&K;Qualität - Zuverlässigkeit - Sicherheit;€ 39.499;Fairer Preis;158.948 km;Automatik;04/2011;Benzin;386 kW (525 PS);nan;231 g/km;Autoscout24.de
Audi;Q3;2.0 TDI 2.Hd*KeyGo*Klima*PDC*2xSHZ*18Zoll;Seitenairbag, Gepäckraumabtrennung, Start/Stop-Automatik, Armlehne, Multifunktionslenkrad, Alufelgen, Sitzheizung, Sprachsteuerung;€ 13.980;Fairer Preis;149.000 km;Schaltgetriebe;10/2013;Diesel;103 kW (140 PS);5,2 l/100 km;nan;Autoscout24.de
Mercedes-Benz;GLB 200;DCT 8G-Tronic Urban 7-Sitzer Kamera/LED;Volldigitales Kombiinstrument, Einparkhilfe Kamera, LED-Scheinwerfer, Sportsitze, Touchscreen, Einparkhilfe Sensoren vorne, Elektrische Heckklappe, Start/Stop-Automatik;€ 24.490;Fairer Preis;192.324 km;Automatik;12/2021;Diesel;110 kW (150 PS);4,8 l/100 km;146 g/km;Autoscout24.de
Audi;A3;1.4 TFSI Sportback Ambition - Allwetterreifen NEU;Alufelgen, Xenonscheinwerfer, Bluetooth, Multifunktionslenkrad, Seitenairbag, Sportsitze, Elektronische Parkbremse, Scheinwerferreinigung;€ 9.590;Fairer Preis;150.000 km;Schaltgetriebe;11/2013;Benzin;90 kW (122 PS);5,3 l/100 km;123 g/km;Autoscout24.de
Mercedes-Benz;Vito;Tourer 116 Extralang *AHK+ Klima* (2319);Standheizung, Reifendruckkontrollsystem, Tempomat, Anhängerkupplung, Seitenairbag, Schiebetür, Elektrische Seitenspiegel, Getönte Scheiben;€ 21.490;Sehr guter Preis;127.050 km;Schaltgetriebe;08/2016;Diesel;120 kW (163 PS);nan;nan;Autoscout24.de
Opel;Meriva;B 1.4 Turbo STYLE Klima Sitzheizung PDC;Über 400 Dacia Neuwagen im Bestand/3 Jahre Garantie;€ 5.490;Guter Preis;148.000 km;Schaltgetriebe;09/2014;Benzin;88 kW (120 PS);5,9 l/100 km;nan;Autoscout24.de
Mazda;3;Lim. 2.0 SKYACTIVE VISION KLIMA/SHZ/PDC/TEMP.;2-Zonen-Klimaautomatik, Tempomat, Sitzheizung, Touchscreen, Bluetooth, Lederlenkrad, Einparkhilfe Sensoren hinten, Zentralverriegelung;€ 11.450;Sehr guter Preis;87.650 km;Automatik;05/2014;Benzin;88 kW (120 PS);5,6 l/100 km;129 g/km;Autoscout24.de
Ford;Tourneo Courier;1.0 TREND 5-SITZER KLIMA/SHZ/AHK;Getönte Scheiben, Schiebetür rechts, Anhängerkupplung, Einparkhilfe Sensoren hinten, Klimaanlage, USB, Bluetooth, Armlehne;€ 4.250;Sehr guter Preis;186.900 km;Schaltgetriebe;06/2015;Benzin;74 kW (101 PS);5,4 l/100 km;128 g/km;Autoscout24.de
Mazda;3;Lim. 2.0 SKYACTIVE VISION KLIMA/SHZ/PDC/TEMP.;2-Zonen-Klimaautomatik, Tempomat, Sitzheizung, Touchscreen, Bluetooth, Lederlenkrad, Einparkhilfe Sensoren hinten, Zentralverriegelung;€ 11.450;Sehr guter Preis;87.650 km;Automatik;05/2014;Benzin;88 kW (120 PS);5,6 l/100 km;129 g/km;Autoscout24.de
Audi;A7;2.8 FSI, Memory Leder Sitze, Kamera, Klimaau.;Sitzheizung, CD, Schaltwippen, Zentralverriegelung mit Funkfernbedienung, Einparkhilfe Sensoren vorne, Elektrische Heckklappe, Touchscreen, Ambientebeleuchtung;€ 18.950;Hoher Preis;124.000 km;Automatik;08/2011;Benzin;150 kW (204 PS);7,4 l/100 km;nan;Autoscout24.de
Land Rover;Range Rover Evoque;Td4 SE Dynamic Leder ab 149€;Seit 1963 Ihr KFZ-Meisterbetrieb in Mainz Bretzenheim;€ 16.990;Fairer Preis;150.000 km;Automatik;10/2017;Diesel;110 kW (150 PS);8,2 l/100 km;188 g/km;Autoscout24.de
Mercedes-Benz;ML 350;CDI AMG LINE H&K AHK PANO STANDHZ 21Z ALU;FINANZIERUNG ab 3,99%++GARANTIE bis 36 Monate++ANKAUF;€ 24.950;Guter Preis;175.000 km;Automatik;06/2014;Diesel;190 kW (258 PS);6,8 l/100 km;180 g/km;Autoscout24.de
Volkswagen;T5 Multivan;Highline+NAVI+PDC+AHK+LEDER+TISCH;Einparkhilfe Sensoren vorne, Tagfahrlicht, Alufelgen, Sitzheizung, Navigationssystem, Elektrische Seitenspiegel, ABS, Touchscreen;€ 16.980;Erhöhter Preis;241.120 km;Automatik;09/2010;Diesel;132 kW (179 PS);8,1 l/100 km;nan;Autoscout24.de
Hyundai;iX35;Premium AWD **Tüv neu** Aut Leder Navi Cam;Einparkhilfe Sensoren hinten, Nebelscheinwerfer, 2-Zonen-Klimaautomatik, Navigationssystem, Touchscreen, Spoiler, Alufelgen, MP3;€ 8.990;Guter Preis;175.631 km;Automatik;01/2012;Diesel;135 kW (184 PS);7,2 l/100 km;189 g/km;Autoscout24.de
Skoda;Rapid/Spaceback;1.2 TSI Joy*PDC*SHZ*AHK*TEMPO*KLIMA*GARANTIE*;❗Service Historie und Gebrauchtspureninfos auf Anruf;€ 8.540;Sehr guter Preis;109.545 km;Schaltgetriebe;05/2016;Benzin;81 kW (110 PS);4,9 l/100 km;110 g/km;Autoscout24.de
BMW;330;"Gran Turismo xDrive Luxury Line Pano Hud 19""";Sportfahrwerk, Head-up display, Sportpaket, Abstandstempomat, Elektrische Sitze, Sportsitze, LED-Tagfahrlicht, Einparkhilfe Sensoren hinten;€ 18.990;Fairer Preis;187.700 km;Automatik;10/2014;Diesel;190 kW (258 PS);5,4 l/100 km;143 g/km;Autoscout24.de
Mercedes-Benz;E 220;CDI T-Modell BE 2. HAND LED NAVI PDC SHZ;Unsere Fahrzeuge werden aller von der DEKRA begutachtet;€ 16.990;Guter Preis;125.000 km;Automatik;01/2014;Diesel;125 kW (170 PS);5,0 l/100 km;132 g/km;Autoscout24.de
Dacia;Dokker;Stepway 1.2 TCe 115 ALLWETTER PDC KLIMA RADIO;Herbstangebot!;€ 8.990;Sehr guter Preis;120.190 km;Schaltgetriebe;01/2017;Benzin;85 kW (116 PS);nan;nan;Autoscout24.de
Mitsubishi;ASX;Top 4WD PANO SHZ LEDER KLIMAUT;Elektrische Sitze, Schiebedach, Allrad, Sitzheizung, Multifunktionslenkrad, Einparkhilfe Kamera, Navigationssystem, Notbremsassistent;€ 11.750;Guter Preis;125.500 km;Automatik;07/2015;Diesel;110 kW (150 PS);5,8 l/100 km;154 g/km;Autoscout24.de
Audi;A4;Lim. design *NAVI*PDC*KAMERA*TEMPOMAT*;Einparkhilfe Kamera, Navigationssystem, Elektrische Heckklappe, Getönte Scheiben, Sitzheizung, Armlehne, Einparkhilfe Sensoren vorne, Bi-Xenon Scheinwerfer;€ 15.499;Fairer Preis;110.969 km;Schaltgetriebe;04/2017;Benzin;110 kW (150 PS);5,5 l/100 km;131 g/km;Autoscout24.de
Volkswagen;Sharan;Comfortline 2.0 TDI Automatik/ Navi/ AHK;Alufelgen, Anhängerkupplung, Beifahrerairbag, Einparkhilfe Sensoren vorne, Navigationssystem, Getönte Scheiben, Sitzheizung, Apple CarPlay;€ 14.990;Sehr guter Preis;159.215 km;Automatik;07/2016;Diesel;110 kW (150 PS);5,2 l/100 km;136 g/km;Autoscout24.de
Mercedes-Benz;E 220;E -Klasse Cabrio E 220 CDI Avantgarde;Navigationssystem, Müdigkeitswarnsystem, Einparkhilfe Sensoren vorne, Sitzheizung, Radio, Elektrische Sitze, Bi-Xenon Scheinwerfer, Sommerreifen;€ 16.450;Sehr guter Preis;104.290 km;Automatik;05/2011;Diesel;125 kW (170 PS);6,3 l/100 km;165 g/km;Autoscout24.de
Mazda;3;2.0 SkyActive-G Center-Line, Navi, Klima;2-Zonen-Klimaautomatik, Alufelgen, Sitzheizung, MP3, Einparkhilfe Sensoren hinten, Navigationssystem, USB, Geschwindigkeits-begrenzungsanlage;€ 10.850;Sehr guter Preis;104.500 km;Schaltgetriebe;06/2015;Benzin;88 kW (120 PS);5,1 l/100 km;119 g/km;Autoscout24.de
Suzuki;SX4;Club *KLIMA-WENIG KILOMETER-PDC-NAVI*;Navigationssystem, Klimaanlage, Touchscreen, Sprachsteuerung, Traktionskontrolle, Zentralverriegelung, Freisprecheinrichtung, ESP;€ 9.990;Sehr guter Preis;28.147 km;Schaltgetriebe;02/2015;Benzin;88 kW (120 PS);6,2 l/100 km;143 g/km;Autoscout24.de
BMW;X6;xDrive40d|LED|HUD|HiFi|SHZ|PDC|Kamera|Navi|BT;Reifendruckkontrollsystem, Einparkhilfe Kamera, Fahrerairbag, Allrad, Soundsystem, LED-Scheinwerfer, Sportfahrwerk, Head-up display;€ 15.990;Guter Preis;281.500 km;Automatik;12/2012;Diesel;225 kW (306 PS);7,5 l/100 km;199 g/km;Autoscout24.de
BMW;M5;Competition-Keramik-Bowers&Wilkins-Driving Ass Pro;Massagesitze, Sportfahrwerk, Sportpaket, Head-up display, MP3, Elektronische Parkbremse, Allrad, Spoiler;€ 94.875;Fairer Preis;43.370 km;Automatik;03/2023;Benzin;460 kW (625 PS);11,1 l/100 km;250 g/km;Autoscout24.de
Audi;A6;Avant Navi*Sthz*PDC*El.Heck*Tempomat*El.Fenst;Fahrerairbag, Navigationssystem, Alufelgen, Einparkhilfe Sensoren vorne, Bi-Xenon Scheinwerfer, Scheinwerferreinigung, Getönte Scheiben, Start/Stop-Automatik;€ 14.890;Fairer Preis;145.468 km;Automatik;04/2012;Diesel;130 kW (177 PS);5,0 l/100 km;132 g/km;Autoscout24.de
Volkswagen;Scirocco;1.4 TSI Sportpaket El. Panodach Navi SD SHZ Scheck;Sitzheizung, Sportpaket, Schiebedach, Sportfahrwerk, teilb. Rücksitzbank, Alufelgen, Navigationssystem, Panoramadach;€ 11.990;Sehr guter Preis;143.000 km;Schaltgetriebe;09/2015;Benzin;92 kW (125 PS);nan;nan;Autoscout24.de
Audi;A4;Avant S line Sportpaket / plus quattro*B&O*NAVI*XE;Sportsitze, Allrad, Sportpaket, Sportfahrwerk, Navigationssystem, Multifunktionslenkrad, LED-Tagfahrlicht, Soundsystem;€ 15.970;Fairer Preis;156.000 km;Automatik;05/2014;Benzin;165 kW (224 PS);6,7 l/100 km;159 g/km;Autoscout24.de
BMW;318;d Sport Line Exclusive PANO+KAM+MEMO+AHK+LED+;Sportfahrwerk, Sportsitze, LED-Scheinwerfer, Volldigitales Kombiinstrument, Getönte Scheiben, Elektrische Sitze, Panoramadach, 3-Zonen-Klimaautomatik;€ 18.350;Sehr guter Preis;139.982 km;Schaltgetriebe;06/2019;Diesel;110 kW (150 PS);4,3 l/100 km;113 g/km;Autoscout24.de
Volkswagen;Eos;2.0 TSI Edition 2010;Navigationssystem, Getönte Scheiben, Sommerreifen, Sitzheizung, Zentralverriegelung, Bluetooth, Klimaautomatik, Alufelgen;€ 9.990;Guter Preis;81.650 km;Schaltgetriebe;07/2010;Benzin;155 kW (211 PS);nan;nan;Autoscout24.de
Peugeot;208;Active*Klima*Radio*BT;E10-geeignet, Elektrische Seitenspiegel, Bluetooth, Tempomat, Seitenairbag, Wegfahrsperre, Freisprecheinrichtung, Touchscreen;€ 7.638;Guter Preis;72.000 km;Schaltgetriebe;01/2017;Benzin;60 kW (82 PS);4,5 l/100 km;107 g/km;Autoscout24.de
BMW;X1;xDrive 18d|PDC|AHK|SHZ|AUX|USB|Klima;Allrad, Elektr. Fensterheber, Anhängerkupplung, Alufelgen, Wegfahrsperre, Sitzheizung, Klimaautomatik, Bluetooth;€ 11.790;Fairer Preis;141.800 km;Schaltgetriebe;01/2014;Diesel;105 kW (143 PS);5,5 l/100 km;146 g/km;Autoscout24.de
Opel;Zafira;2.0 Edition-Tempo-Klimaa.-AHK-SHZ-PDC-MFL;Sommerreifen, Zentralverriegelung, Tagfahrlicht, 2-Zonen-Klimaautomatik, Nebelscheinwerfer, Getönte Scheiben, Einparkhilfe Sensoren vorne, Fahrerairbag;€ 5.900;nan;194.600 km;Automatik;01/2012;Diesel;121 kW (165 PS);6,0 l/100 km;159 g/km;Autoscout24.de
Ford;S-Max;S-MAX Titanium Design/Business-Paket 7-Sitze;Bluetooth, Einparkhilfe Sensoren vorne, Elektrische Sitze, Apple CarPlay, Beheizbares Lenkrad, Beifahrerairbag, Abstandstempomat, Navigationssystem;€ 16.900;Sehr guter Preis;130.000 km;Automatik;08/2016;Diesel;132 kW (179 PS);5,2 l/100 km;134 g/km;Autoscout24.de
Ford;Tourneo Connect;1.6 TDCi 5 SITZE TITANIUM PANO;Beifahrerairbag, Alufelgen, Klimaanlage, Panoramadach, Einparkhilfe Sensoren hinten, Bordcomputer, Bluetooth, Kurvenlicht;€ 12.480;Sehr guter Preis;94.506 km;Schaltgetriebe;03/2015;Diesel;85 kW (116 PS);4,9 l/100 km;130 g/km;Autoscout24.de
Chrysler;Sebring;2.7 V6 Aut Leder Navi Allwetter Klimaaut;Sitzheizung, Klimaanlage, Zentralverriegelung mit Funkfernbedienung, Navigationssystem, Soundsystem, Einparkhilfe Sensoren hinten, Alufelgen, Scheinwerferreinigung;€ 6.990;Guter Preis;136.200 km;Automatik;02/2010;Benzin;137 kW (186 PS);nan;nan;Autoscout24.de
Peugeot;308;Peugeot 308 Automatik NAVI Touch BT KAMERA;Seit 1963 Ihr KFZ-Meisterbetrieb in Mainz Bretzenheim;€ 9.390;Sehr guter Preis;123.406 km;Automatik;06/2016;Benzin;96 kW (131 PS);4,9 l/100 km;119 g/km;Autoscout24.de
Genesis;G80;3.8 V6 /Pano/Head-Up/Soft Cl./360;Fahrerairbag, Sitzheizung, 3-Zonen-Klimaautomatik, Totwinkel-Assistent, Einparkhilfe Kamera, Beheizbares Lenkrad, Soundsystem, Einparkhilfe Sensoren vorne;€ 21.950;Sehr guter Preis;122.700 km;Automatik;06/2014;Benzin;232 kW (315 PS);11,6 l/100 km;274 g/km;Autoscout24.de
Ford;Transit Connect;Transit Conn 1.5d Trend 3SIT+KLIMA+PDC+AHK+8FACH;Klimaanlage, Schiebetür rechts, Beheizbare Frontscheibe, Start/Stop-Automatik, Alufelgen, Elektr. Fensterheber, Lordosenstütze, Anhängerkupplung;€ 8.850;nan;124.993 km;Schaltgetriebe;07/2017;Diesel;74 kW (101 PS);4,8 l/100 km;124 g/km;Autoscout24.de
Audi;A3;1.6 TDI Ambiente Navi/Temp/Xenon/Shzg/Klimaau;Alufelgen, Beifahrerairbag, Bordcomputer, Sportpaket, Armlehne, Sitzheizung, Elektrische Seitenspiegel, Bi-Xenon Scheinwerfer;€ 12.490;Fairer Preis;138.000 km;Schaltgetriebe;09/2016;Diesel;81 kW (110 PS);nan;nan;Autoscout24.de
BMW;116;Baureihe 1 Lim. 116i;Beifahrerairbag, Elektr. Fensterheber, Fahrerairbag, Alufelgen, Isofix, ESP, Zentralverriegelung, CD;€ 4.690;Fairer Preis;179.000 km;Schaltgetriebe;05/2010;Benzin;90 kW (122 PS);6,1 l/100 km;143 g/km;Autoscout24.de
Mercedes-Benz;B 200;BlueEF  SHZ+Klima+Chrompaket+Parkpilot+MFL;Fahrerairbag, Einparkhilfe Sensoren vorne, Getönte Scheiben, CD, Sitzheizung, Multifunktionslenkrad, Reifendruckkontrollsystem, Servolenkung;€ 9.899;Sehr guter Preis;106.000 km;Schaltgetriebe;04/2013;Benzin;115 kW (156 PS);nan;nan;Autoscout24.de
MINI;Cooper;|Klima|Tempomat|Servo|2.Hand|Isofix;Alufelgen, Berganfahrassistent, Sportsitze, Multifunktionslenkrad, Start/Stop-Automatik, Fahrerairbag, Elektrische Seitenspiegel, Pannenkit;€ 10.990;Fairer Preis;71.000 km;Schaltgetriebe;12/2011;Benzin;90 kW (122 PS);5,4 l/100 km;128 g/km;Autoscout24.de
Audi;A3;Sportback*2.Hand*Xenon*Navi*PDC*AHK*Alu*Klima;Sportfahrwerk, Einparkhilfe Sensoren hinten, Bordcomputer, Sommerreifen, Sportpaket, Sitzheizung, Xenonscheinwerfer, LED-Tagfahrlicht;€ 12.597;Sehr guter Preis;127.900 km;Schaltgetriebe;03/2015;Benzin;92 kW (125 PS);5,1 l/100 km;121 g/km;Autoscout24.de
Ford;Transit Custom;Kasten 290 L2 Trend °Klima°AHK°;Tempomat, Radio, Einparkhilfe Sensoren vorne, Klimaanlage, USB, Geschwindigkeits-begrenzungsanlage, Multifunktionslenkrad, Allwetterreifen;€ 10.800;nan;80.225 km;Schaltgetriebe;06/2014;Diesel;96 kW (131 PS);nan;nan;Autoscout24.de
Mercedes-Benz;B 180;BlueEFFICIENCY Aut.-Navi-Xenon-Kamera-SHZ-;Alufelgen, Elektrische Seitenspiegel, Sportpaket, Einparkhilfe Kamera, Sportfahrwerk, Einparkhilfe selbstlenkendes System, Sitzheizung, Bi-Xenon Scheinwerfer;€ 14.900;Sehr guter Preis;39.500 km;Automatik;12/2014;Benzin;90 kW (122 PS);5,6 l/100 km;nan;Autoscout24.de
Audi;A3;Sportback 1.2 TFSI Attraction Automatik;100% Vollfinanzierung über unsere Hausbank möglich;€ 9.899;nan;110.500 km;Automatik;04/2012;Benzin;77 kW (105 PS);5,3 l/100 km;123 g/km;Autoscout24.de
Audi;A6;40TDI LIMOUSINE SPORT PDC AHK ACC SPORTSITZE;Sportpaket, Apple CarPlay, LED-Scheinwerfer, Sportsitze, Anhängerkupplung, Schaltwippen, Sprachsteuerung, Sitzheizung;€ 26.990;Sehr guter Preis;120.000 km;Automatik;09/2019;Diesel;150 kW (204 PS);4,7 l/100 km;124 g/km;Autoscout24.de
Opel;Zafira;C Tourer *2.HAND-KLIMA-TEMPOMAT*;Beifahrerairbag, Alufelgen, Apple CarPlay, Armlehne, Tempomat, Android Auto, Klimaanlage, Navigationssystem;€ 7.490;Guter Preis;149.827 km;Schaltgetriebe;10/2015;Diesel;88 kW (120 PS);4,5 l/100 km;119 g/km;Autoscout24.de
Volkswagen;Golf;VII 1.4 TSI Highline;Bi-Xenon Scheinwerfer, Einparkhilfe Sensoren vorne, Alufelgen, Navigationssystem, Ambientebeleuchtung, Schiebedach, Panoramadach, Sitzheizung;€ 12.490;Guter Preis;117.250 km;Schaltgetriebe;06/2015;Benzin;110 kW (150 PS);nan;nan;Autoscout24.de
Audi;S7;Sportback NIGHT/QUATTRO/MATRIX/SHZ/2.HAND/LED;360° Kamera, 4-Zonen-Klimaautomatik, Sportsitze, Sportfahrwerk, Volldigitales Kombiinstrument, Sportpaket, Abstandstempomat, Allrad;€ 55.900;Sehr guter Preis;82.000 km;Automatik;03/2020;Diesel;257 kW (349 PS);6,5 l/100 km;170 g/km;Autoscout24.de
Peugeot;208;Active*Sitzheizung*Lichtsensor*Klima*;Sitzheizung, Einparkhilfe Sensoren hinten, E10-geeignet, Lederlenkrad, Touchscreen, Zentralverriegelung, Pannenkit, Elektr. Fensterheber;€ 9.765;Sehr guter Preis;39.232 km;Schaltgetriebe;01/2019;Benzin;60 kW (82 PS);5,8 l/100 km;130 g/km;Autoscout24.de
SEAT;Leon;ST Style;Über 1000 Fahrzeuge auf Lager und sofort verfügbar !!!;€ 9.990;Sehr guter Preis;107.200 km;Schaltgetriebe;06/2015;Benzin;92 kW (125 PS);5,3 l/100 km;126 g/km;Autoscout24.de
Volkswagen;Golf;VII1.6 TDI Lounge;Alufelgen, Einparkhilfe Sensoren vorne, Beifahrerairbag, Armlehne, Sitzheizung, Multifunktionslenkrad, Bluetooth, Elektrische Seitenspiegel;€ 9.590;Fairer Preis;170.895 km;Schaltgetriebe;02/2016;Diesel;81 kW (110 PS);3,8 l/100 km;99 g/km;Autoscout24.de
SEAT;Ibiza;SC Cupra 1.8 TFSI Navi Sihzg Klimaaut Bi-Xenon;Sportfahrwerk, Navigationssystem, Xenonscheinwerfer, Sportsitze, Sitzheizung, Klimaanlage, Müdigkeitswarnsystem, teilb. Rücksitzbank;€ 11.990;Sehr guter Preis;97.690 km;Schaltgetriebe;10/2016;Benzin;141 kW (192 PS);nan;nan;Autoscout24.de
Audi;A1;design 1.4 TFSI *XEN*NAV*8-fach*;Sitzheizung, Fahrerairbag, Sportsitze, Scheinwerferreinigung, Navigationssystem, Freisprecheinrichtung, Schlüssellose Zentralverriegelung, Seitenairbag;€ 12.390;Guter Preis;132.200 km;Schaltgetriebe;09/2017;Benzin;92 kW (125 PS);nan;nan;Autoscout24.de
BMW;X5;xDrive30d 7-Sitzer|SHZ|Softclose|Navi|HUD|BT;Navigationssystem, Einparkhilfe Sensoren vorne, Head-up display, Sitzheizung, Bluetooth, Fahrerairbag, Elektrische Sitze, Isofix;€ 19.990;Erhöhter Preis;175.000 km;Automatik;06/2012;Diesel;180 kW (245 PS);7,4 l/100 km;196 g/km;Autoscout24.de
Hyundai;i30;|Klima|Isofix|Servo|2.Hand|USB|AUX;Fahrerairbag, E10-geeignet, Pannenkit, Klimaanlage, Klimaautomatik, Beifahrerairbag, Seitenairbag, Wegfahrsperre;€ 8.790;Guter Preis;122.845 km;Schaltgetriebe;12/2016;Benzin;74 kW (101 PS);5,6 l/100 km;129 g/km;Autoscout24.de
Opel;Movano;B Kombi L2H2 2.3CDTI*9-Sitz*Klima*Tem*Eu6;Isofix, Schiebetür rechts, Bluetooth, Freisprecheinrichtung, Klimaanlage, Start/Stop-Automatik, Sitzheizung, Radio;€ 8.990;Guter Preis;328.910 km;Schaltgetriebe;12/2015;Diesel;107 kW (145 PS);0,0 l/100 km;0 g/km;Autoscout24.de
Kia;Picanto;Dream Team 1.0 Klimaautomatik SHZ Bluetooth Zentra;Pannenkit, Alufelgen, Sitzheizung, Klimaanlage, Elektr. Fensterheber, Klimaautomatik, Multifunktionslenkrad, Elektrische Seitenspiegel;€ 6.900;Sehr guter Preis;77.660 km;Schaltgetriebe;01/2016;Benzin;49 kW (67 PS);nan;nan;Autoscout24.de
Citroen;Berlingo;BlueHDi 100 S&S  Multispace Shine;Klimaanlage, Isofix, Beifahrerairbag, Schiebetür links, Alufelgen, 2-Zonen-Klimaautomatik, Sitzheizung, Apple CarPlay;€ 8.950;Guter Preis;145.000 km;Schaltgetriebe;11/2017;Diesel;73 kW (99 PS);4,2 l/100 km;nan;Autoscout24.de
BMW;225;xe iPerformance Active Tourer Luxury Line;BMW Vertragshändler - MINI Servicepartner;€ 17.930;Sehr guter Preis;38.000 km;Automatik;02/2018;Benzin;100 kW (136 PS);nan;nan;Autoscout24.de
BMW;116;Baureihe 1 Lim. 5-trg. 116 i 61 TKM;Sitzheizung, E10-geeignet, Einparkhilfe Sensoren vorne, Tempomat, Alufelgen, Traktionskontrolle, Nebelscheinwerfer, Einparkhilfe Sensoren hinten;€ 12.599;Sehr guter Preis;61.250 km;Schaltgetriebe;09/2017;Benzin;80 kW (109 PS);5,3 l/100 km;123 g/km;Autoscout24.de
BMW;420;"420i Gran Coupé Aut. Sport Line NAV+KAM+LED+M18""";Sportfahrwerk, Tempomat, Einparkhilfe Kamera, Sportsitze, Ambientebeleuchtung, Sitzheizung, LED-Scheinwerfer, Navigationssystem;€ 18.550;nan;133.108 km;Automatik;07/2019;Benzin;135 kW (184 PS);5,9 l/100 km;138 g/km;Autoscout24.de
Land Rover;Discovery Sport;HSE*Navi*AHK*360°Kamera*Stdhzg*;Finanzierung o. Anzahlung / Garantie 12 Monate;€ 15.980;Sehr guter Preis;124.900 km;Automatik;05/2016;Diesel;110 kW (150 PS);nan;0 g/km;Autoscout24.de
Citroen;Spacetourer;Spacetourer Feel XL;Schiebetür links, Einparkhilfe Kamera, 360° Kamera, Beifahrerairbag, Radio, Head-up display, Navigationssystem, Kurvenlicht;€ 22.500;nan;136.000 km;Automatik;11/2018;Diesel;130 kW (177 PS);6,2 l/100 km;163 g/km;Autoscout24.de
Volvo;XC90;Diesel D5 AWD Geartronic Inscription;W-Lan / Wifi Hotspot, Elektrische Sitze, Ambientebeleuchtung, Voll-LED Scheinwerfer, Sitzheizung, Dachreling, Isofix, Regensensor;€ 28.990;Sehr guter Preis;158.800 km;Automatik;07/2018;Diesel;173 kW (235 PS);nan;nan;Autoscout24.de
Skoda;Yeti;Cool Edition Outdoor 4x4*1.Hand*Klima*PDC*;Allrad, Bluetooth, Freisprecheinrichtung, USB, Sitzheizung, Sommerreifen, Fahrerairbag, Scheinwerferreinigung;€ 16.597;Guter Preis;54.450 km;Schaltgetriebe;05/2016;Benzin;110 kW (150 PS);6,3 l/100 km;149 g/km;Autoscout24.de
Mercedes-Benz;S 350;Lang Memory+Pano+ACC+Navi;Sitzheizung, Totwinkel-Assistent, LED-Tagfahrlicht, Navigationssystem, Fernlichtassistent, Abstandstempomat, Einparkhilfe Kamera, Soundsystem;€ 27.950;Sehr guter Preis;92.000 km;Automatik;02/2013;Diesel;190 kW (258 PS);nan;nan;Autoscout24.de
Dacia;Sandero;II Stepway Prestige|LED TFL|Navi|PDC|E6!;Start/Stop-Automatik, Klimaanlage, Dachreling, Isofix, Navigationssystem, Tempomat, Nebelscheinwerfer, Servolenkung;€ 8.399;Sehr guter Preis;98.105 km;Schaltgetriebe;04/2017;Diesel;66 kW (90 PS);3,5 l/100 km;98 g/km;Autoscout24.de
Volkswagen;Golf;BMT DSG Comfortline*Leder*Panor.*Navi*Garantie;Sitzheizung, Elektronische Parkbremse, Multifunktionslenkrad, Start/Stop-Automatik, Navigationssystem, Xenonscheinwerfer, Alufelgen, Panoramadach;€ 11.999;Guter Preis;113.000 km;Automatik;01/2013;Benzin;77 kW (105 PS);4,8 l/100 km;112 g/km;Autoscout24.de
Mercedes-Benz;Sprinter;II Kasten 211 CDI;Schiebetür rechts, Klimaanlage, Elektrische Seitenspiegel, Allwetterreifen, Freisprecheinrichtung, USB, Einparkhilfe Sensoren vorne, Armlehne;€ 11.990;nan;185.532 km;Automatik;04/2018;Diesel;84 kW (114 PS);8,2 l/100 km;213 g/km;Autoscout24.de
Kia;Picanto;Edition 7 1.0 Tel.-Vorb. Klima BT Tel DAB;Elektrische Seitenspiegel, Klimaanlage, Pannenkit, Zentralverriegelung, Elektr. Fensterheber, Multifunktionslenkrad, Beifahrerairbag, Traktionskontrolle;€ 8.950;Guter Preis;70.000 km;Schaltgetriebe;09/2021;Benzin;49 kW (67 PS);nan;121 g/km;Autoscout24.de
Toyota;Corolla;Touring Sports Hybrid Team D -TAXI-;Sommerreifen, LED-Scheinwerfer, Alufelgen, Dachreling, Sitzheizung, Alarmanlage, Freisprecheinrichtung, USB; ;nan;nan;nan;nan;nan;nan;nan;nan;Autoscout24.de
Toyota;Verso;7-Sitzer // Scheckheft // Automatik;Navigationssystem, 2-Zonen-Klimaautomatik, USB, Isofix, Tempomat, Elektr. Fensterheber, Einparkhilfe Kamera, Multifunktionslenkrad;€ 9.750;Fairer Preis;177.300 km;Automatik;03/2012;Benzin;108 kW (147 PS);7,0 l/100 km;164 g/km;Autoscout24.de
Opel;Astra;5-Türer, Dynamic;2-Zonen-Klimaautomatik, Sitzheizung, Spurhalteassistent, Einparkhilfe Sensoren vorne, Verkehrszeichenerkennung, Einparkhilfe Kamera, Navigationssystem, Nebelscheinwerfer;€ 10.950;Sehr guter Preis;85.117 km;Schaltgetriebe;10/2017;Benzin;92 kW (125 PS);nan;nan;Autoscout24.de
Volkswagen;Tiguan;Trend & Fun BMT 2-Z-Klima/PDC/2.Hand;Anhängerkupplung, Beifahrerairbag, Gepäckraumabtrennung, Alufelgen, CD, Sportsitze, Fahrerairbag, Start/Stop-Automatik;€ 8.750;Guter Preis;94.000 km;Schaltgetriebe;08/2010;Benzin;110 kW (150 PS);nan;nan;Autoscout24.de
Chrysler;Pacifica;Plug In Hybrid V6 3.6 Monitore Kopfst. Navi Leder;Pannenkit, 360° Kamera, Spurhalteassistent, W-Lan / Wifi Hotspot, Einparkhilfe selbstlenkendes System, Schiebetür rechts, Bluetooth, Elektrische Sitze; ;nan;nan;nan;nan;nan;nan;nan;nan;Autoscout24.de
Dacia;Bigster;TCe 130 4x4 Extreme NAVI 360°KAM SHZ PANO GJR LHZ;Panoramadach + 360°Kamera + InNature-Pak;€ 34.959;nan;11 km;Schaltgetriebe;nan;Benzin;96 kW (131 PS);6,1 l/100 km;137 g/km;Autoscout24.de
MINI;Cooper;, 1. Hand, Navi, Panorama-Schiebedach! Klima;Schiebedach, Navigationssystem, Ambientebeleuchtung, 2-Zonen-Klimaautomatik, Panoramadach, Sitzheizung, USB, Einparkhilfe Sensoren hinten;€ 13.990;Sehr guter Preis;97.448 km;Automatik;02/2017;Benzin;100 kW (136 PS);nan;nan;Autoscout24.de
Audi;A6;Av 3.0 S-Tr PANO+MATRIX+MEMO+HEAD+AHK+ACC+KAM;Sportpaket, Panoramadach, LED-Scheinwerfer, Totwinkel-Assistent, Sportsitze, Elektrische Sitze, Einparkhilfe Kamera, Sitzheizung;€ 17.450;Sehr guter Preis;194.740 km;Automatik;03/2018;Diesel;160 kW (218 PS);4,6 l/100 km;119 g/km;Autoscout24.de
Audi;A3;Sportback 1.4 TFSI Attraction;2-Zonen-Klimaautomatik, Multifunktionslenkrad, Navigationssystem, Elektr. Fensterheber, Tagfahrlicht, Xenonscheinwerfer, Alufelgen, Sitzheizung;€ 9.900;Guter Preis;121.500 km;Schaltgetriebe;10/2012;Benzin;92 kW (125 PS);6,1 l/100 km;145 g/km;Autoscout24.de
Volkswagen;T-Roc;Style*LED*NAVI*DSG*ACC*SITZHZG*110KW*;Sportfahrwerk, Einparkhilfe Kamera, Navigationssystem, Sitzheizung, Einparkhilfe Sensoren vorne, LED-Scheinwerfer, Abstandstempomat, Volldigitales Kombiinstrument;€ 19.750;Sehr guter Preis;54.871 km;Automatik;05/2018;Benzin;110 kW (150 PS);5,4 l/100 km;123 g/km;Autoscout24.de
Mercedes-Benz;E 200;E 200 CGI BlueEfficiency *SCHECKHEFTGEPLEGT*;Navigationssystem, Einparkhilfe Sensoren vorne, Pannenkit, CD, Sommerreifen, Sprachsteuerung, Radio, Fernlichtassistent;€ 14.290;Sehr guter Preis;132.117 km;Automatik;09/2011;Benzin;135 kW (184 PS);7,6 l/100 km;180 g/km;Autoscout24.de
Audi;A4;Avant 2.0 TDI S tronic line AHK NAVI XENON 18 GRA;Sportpaket, Fahrerairbag, Sportfahrwerk, Allrad, Sitzheizung, Sportsitze, MP3, Scheinwerferreinigung;€ 16.450;Guter Preis;136.500 km;Automatik;04/2015;Diesel;130 kW (177 PS);nan;nan;Autoscout24.de
Dacia;Bigster;"Expression SHZ+KLIMA+PDC+KAMERA+LED+17"" ALU TCe...";Sicherer EU-Neuwagenkauf zum Bestpreis seit 1999!;€ 26.980;nan;0 km;Schaltgetriebe;nan;Benzin;96 kW (131 PS);nan;134 g/km;Autoscout24.de
Opel;Astra;1.2 Edition NAVI+KAMERA+LED+DAB+SITHZ+TEMP;Sitzheizung, Elektrische Seitenspiegel, Elektrische Sitze, Alufelgen, Einparkhilfe Kamera, Beheizbares Lenkrad, 2-Zonen-Klimaautomatik, Regensensor;€ 10.950;nan;56.600 km;Schaltgetriebe;02/2021;Benzin;96 kW (131 PS);4,3 l/100 km;99 g/km;Autoscout24.de
Mercedes-Benz;C 180;T CGI|Klima|Isofix|Tempomat|Automatik;Schiebedach, Sportfahrwerk, Tagfahrlicht, Tempomat, Elektrische Sitze, Sommerreifen, Multifunktionslenkrad, Wegfahrsperre;€ 16.490;Fairer Preis;45.500 km;Automatik;01/2012;Benzin;115 kW (156 PS);7,8 l/100 km;185 g/km;Autoscout24.de
Mercedes-Benz;C 220;C220 4Matic Bi-Xenon Navi PDC Avantgarde ab 149€;Seit 1963 Ihr KFZ-Meisterbetrieb in Mainz Bretzenheim;€ 17.990;Guter Preis;163.244 km;Automatik;02/2018;Diesel;125 kW (170 PS);4,7 l/100 km;124 g/km;Autoscout24.de
Ford;C-Max;Titanium AHK KAMERA LED NAVI SHZ TEMPO PDC;- Ihre Zufriedenheit ist unser Antrieb -;€ 10.450;Sehr guter Preis;67.269 km;Schaltgetriebe;07/2017;Benzin;92 kW (125 PS);6,2 l/100 km;146 g/km;Autoscout24.de
Jeep;Wrangler;"Unlimited Sahara ""1. Hand + UConnect""";Tempomat, Beifahrerairbag, Freisprecheinrichtung, Allrad, Alufelgen, Touchscreen, Soundsystem, Notbremsassistent;€ 27.500;Fairer Preis;131.200 km;Automatik;07/2014;Diesel;147 kW (200 PS);8,3 l/100 km;230 g/km;Autoscout24.de
Volvo;V90;"T5 Inscription Leder Navi LED Kamera AHK 19""";Sportfahrwerk, Regensensor, Sitzheizung, Sportsitze, Bordcomputer, Einparkhilfe Kamera, Berganfahrassistent, Elektrische Heckklappe;€ 20.740;Sehr guter Preis;155.000 km;Automatik;08/2019;Benzin;184 kW (250 PS);6,8 l/100 km;157 g/km;Autoscout24.de
Volkswagen;Polo;V CrossPolo Sitzheizung Sportsitze;Dachreling, Radio, Klimaanlage, Fahrerairbag, Winterpaket, Lederlenkrad, Isofix, Gepäckraumabtrennung;€ 4.490;Guter Preis;198.421 km;Schaltgetriebe;04/2012;Benzin;51 kW (69 PS);5,7 l/100 km;132 g/km;Autoscout24.de
Peugeot;2008;Active Pack1.2T NAVI/LED/PDC/TEMPOMAT/ALU;Navigationssystem, LED-Scheinwerfer, Klimaautomatik, Alufelgen, Fernlichtassistent, Regensensor, Spurhalteassistent, Beifahrerairbag;€ 15.390;Sehr guter Preis;22.990 km;Schaltgetriebe;11/2020;Benzin;96 kW (131 PS);4,5 l/100 km;103 g/km;Autoscout24.de
Mercedes-Benz;A 180;"LIMO AMG Line WIDESC+LEDER+NAV+AHK+DAB+18""";Sportsitze, Sportfahrwerk, Volldigitales Kombiinstrument, Ambientebeleuchtung, Sportpaket, Getönte Scheiben, Sitzheizung, Notrufsystem;€ 17.550;Sehr guter Preis;149.443 km;Schaltgetriebe;02/2021;Benzin;100 kW (136 PS);5,2 l/100 km;120 g/km;Autoscout24.de
Nissan;Evalia;Evalia Premium 1.Hand*7-Sitzer*;Schiebetür, Anhängerkupplung, Klimaanlage, Navigationssystem, Radio, ESP, Allwetterreifen, Alufelgen;€ 10.999;Fairer Preis;173.000 km;Schaltgetriebe;09/2011;Benzin;81 kW (110 PS);7,5 l/100 km;177 g/km;Autoscout24.de
Porsche;Macan;Turbo VOLL+PANO+STANDH+ACC+LED;Panoramadach, Sitzheizung, Sitzbelüftung, LED-Scheinwerfer, Beheizbares Lenkrad, Luftfederung, Sportsitze, Soundsystem;€ 29.950;Sehr guter Preis;174.000 km;Automatik;06/2016;Benzin;294 kW (400 PS);9,2 l/100 km;218 g/km;Autoscout24.de
Audi;A5;2.0 TDI clean diesel Aut.*S-LINE*NAVI*XENON*;❗Service Historie und Gebrauchtspureninfos auf Anruf;€ 16.830;Sehr guter Preis;100.670 km;Schaltgetriebe;01/2017;Diesel;110 kW (150 PS);4,5 l/100 km;127 g/km;Autoscout24.de
Audi;Q3;2.0 TDI quattro S-Line Navi Panorama PDC;Über 400 Dacia Neuwagen im Bestand/3 Jahre Garantie;€ 16.490;Erhöhter Preis;169.400 km;Automatik;06/2014;Diesel;130 kW (177 PS);5,9 l/100 km;156 g/km;Autoscout24.de
Tesla;Model S;90D Allradantrieb Autopilot,Pano,HighSound,Navi;Volldigitales Kombiinstrument, Einparkhilfe selbstlenkendes System, ABS, Einparkhilfe Kamera, Schlüssellose Zentralverriegelung, Alarmanlage, Radio, Spurhalteassistent; ;nan;nan;nan;nan;nan;nan;nan;nan;Autoscout24.de
Mercedes-Benz;GLB 180;d 8G-DCT LEDER+VIRTUAL+PARKASS+TEMP+DAB;Sportpaket, Bordcomputer, Volldigitales Kombiinstrument, Alufelgen, Start/Stop-Automatik, Klimaautomatik, Dachreling, Einparkhilfe Sensoren vorne;€ 22.950;Sehr guter Preis;136.161 km;Automatik;05/2021;Diesel;85 kW (116 PS);4,7 l/100 km;125 g/km;Autoscout24.de
Audi;Q8;55 TFSI QUATTRO/MATRIX/360°/BANG&OLUFSEN;360° Kamera, Panoramadach, Luftfederung, Head-up display, Abstandstempomat, Müdigkeitswarnsystem, Sportsitze, Soundsystem;€ 49.900;nan;79.435 km;Automatik;02/2019;Benzin;250 kW (340 PS);8,9 l/100 km;nan;Autoscout24.de
Mercedes-Benz;C 180;T CDI BlueEfficiency NAVI TEMPOMAT;Einparkhilfe Sensoren vorne, Sitzheizung, Start/Stop-Automatik, Alufelgen, Tagfahrlicht, Multifunktionslenkrad, Getönte Scheiben, Navigationssystem;€ 6.490;Fairer Preis;280.000 km;Automatik;10/2012;Diesel;88 kW (120 PS);nan;nan;Autoscout24.de
Peugeot;2008;PureTech 110 EAT6 CARPLAY LEDER TEMPOMAT KLIMAAUT;Sportsitze, Ambientebeleuchtung, E10-geeignet, Apple CarPlay, Dachreling, Seitenairbag, Regensensor, Touchscreen;€ 10.990;Sehr guter Preis;76.420 km;Automatik;01/2017;Benzin;81 kW (110 PS);5,6 l/100 km;129 g/km;Autoscout24.de
Ford;Fiesta;Titanium-1HAND-EUR6-5Tür-ALU-SH-LED-MFL;Sitzheizung, Notrad, Klimaautomatik, Alufelgen, Sommerreifen, Navigationssystem, Nebelscheinwerfer, E10-geeignet;€ 8.800;Guter Preis;94.562 km;Schaltgetriebe;01/2017;Benzin;74 kW (101 PS);4,3 l/100 km;99 g/km;Autoscout24.de
Skoda;Octavia;Combi Sport Edition/Xenon/SH/Navi;Alufelgen, Sportfahrwerk, Navigationssystem, Sommerreifen, Xenonscheinwerfer, Sitzheizung, Klimaanlage, Multifunktionslenkrad;€ 11.250;Sehr guter Preis;100.863 km;Automatik;06/2013;Benzin;118 kW (160 PS);6,6 l/100 km;155 g/km;Autoscout24.de
Citroen;C1;Selection*Klima*Radio*CD*Alufelgen;Klimaanlage, Radio, E10-geeignet, Nebelscheinwerfer, LED-Tagfahrlicht, Fahrerairbag, Elektr. Fensterheber, Alufelgen;€ 4.487;Fairer Preis;105.000 km;Schaltgetriebe;01/2013;Benzin;50 kW (68 PS);4,3 l/100 km;102 g/km;Autoscout24.de
Mercedes-Benz;V 250;V V 250d SCORE 4MATIC KOMPAKT SPORT AHK KAMERA;Auto kauft man mit Vertrauen u Garantie;€ 34.440;Sehr guter Preis;143.781 km;Automatik;08/2016;Diesel;140 kW (190 PS);nan;nan;Autoscout24.de
BMW;M3;Lim. Competition, LED, H&K, Kein USA Import;Sportfahrwerk, Sportsitze, Head-up display, Sportpaket, Schaltwippen, Spoiler, LED-Scheinwerfer, W-Lan / Wifi Hotspot;€ 48.890;Fairer Preis;141.000 km;Automatik;03/2017;Benzin;331 kW (450 PS);8,3 l/100 km;194 g/km;Autoscout24.de
Dacia;Duster;1.6 16V 105 4x2;Klimaanlage, Isofix, Pannenkit, Nebelscheinwerfer, Bordcomputer, ABS, Beifahrerairbag;€ 6.200;Sehr guter Preis;94.800 km;Schaltgetriebe;04/2013;Benzin;77 kW (105 PS);7,1 l/100 km;nan;Autoscout24.de
BMW;M3;Lim. Competition, LED, H&K, Kein USA Import;Sportfahrwerk, Sportsitze, Head-up display, Sportpaket, Schaltwippen, Spoiler, LED-Scheinwerfer, W-Lan / Wifi Hotspot;€ 48.890;Fairer Preis;141.000 km;Automatik;03/2017;Benzin;331 kW (450 PS);8,3 l/100 km;194 g/km;Autoscout24.de
Audi;SQ5;TFSI Black Ed.Virtual S-Sitz Luftf. 20 Rotor;Luftfederung, Sportsitze, Volldigitales Kombiinstrument, Abstandstempomat, Beifahrerairbag, Elektrische Sitze, Einparkhilfe Kamera, Sportfahrwerk;€ 28.740;Guter Preis;180.000 km;Automatik;01/2018;Benzin;260 kW (354 PS);6,8 l/100 km;189 g/km;Autoscout24.de
Mercedes-Benz;C 200;Coupé Edition 1 Aut. NAV+LED+SHZ+AHK+PANO+EU6;Schiebedach, Einparkhilfe selbstlenkendes System, Sommerreifen, Radio, Ambientebeleuchtung, LED-Scheinwerfer, Lichtsensor, 2-Zonen-Klimaautomatik;€ 25.749;Sehr guter Preis;28.450 km;Automatik;10/2016;Benzin;135 kW (184 PS);5,3 l/100 km;nan;Autoscout24.de
Ford;Focus;ST 2.3 EcoBoost *RECARO*PANO* ACC*LED*KAMERA*SHZ;Sportfahrwerk, Lichtsensor, Lederlenkrad, Abstandstempomat, Seitenairbag, Schiebedach, W-Lan / Wifi Hotspot, Soundsystem;€ 17.990;Sehr guter Preis;160.804 km;Automatik;06/2020;Benzin;206 kW (280 PS);nan;nan;Autoscout24.de
Audi;Q3;2.0 TDI quattro S-Tronic S-Line Bi-Xenon AHK;Seit 1963 Ihr KFZ-Meisterbetrieb in Mainz Bretzenheim;€ 17.900;Guter Preis;161.000 km;Automatik;02/2016;Diesel;135 kW (184 PS);5,6 l/100 km;146 g/km;Autoscout24.de
SEAT;Alhambra;ALHAMBRA 2.0 TDI SPORT LEDER NAVI XENON 7-SITZER;FINANZIERUNG ab 3,99%++GARANTIE bis 36 Monate++ANKAUF;€ 17.890;Guter Preis;160.000 km;Automatik;05/2013;Diesel;130 kW (177 PS);5,9 l/100 km;154 g/km;Autoscout24.de
Toyota;RAV 4;4 2.0 Edition*Keyless*Kamera*4x4*1.Hand*;Allrad, Navigationssystem, Anhängerkupplung, Beifahrerairbag, Alufelgen, Sprachsteuerung, Wegfahrsperre, Multifunktionslenkrad;€ 15.950;nan;167.153 km;Automatik;06/2014;Benzin;111 kW (151 PS);7,2 l/100 km;167 g/km;Autoscout24.de
Mercedes-Benz;GLC 220;d 4Matic AMG Aut. AHK LED COMAND TEMP SHZ;Sportpaket, Sportfahrwerk, Allrad, Anhängerkupplung, Navigationssystem, Sitzheizung, Elektrische Sitze, Alufelgen;€ 26.600;Guter Preis;136.800 km;Automatik;10/2017;Diesel;125 kW (170 PS);5,0 l/100 km;129 g/km;Autoscout24.de
Nissan;Juke;4x4 RFK. Klima. Navi. Sitzh. Schiebedach.;Seit 1963 Ihr KFZ-Meisterbetrieb in Mainz Bretzenheim;€ 12.990;Sehr guter Preis;112.900 km;Automatik;02/2017;Benzin;140 kW (190 PS);6,5 l/100 km;153 g/km;Autoscout24.de
Volkswagen;Tiguan;Highline 2.0 TDI 4Motion / PANORAMA / ACC;Allrad, LED-Scheinwerfer, Panoramadach, Sitzheizung, Navigationssystem, Anhängerkupplung, 3-Zonen-Klimaautomatik, Abstandstempomat;€ 20.990;Sehr guter Preis;151.408 km;Automatik;06/2019;Diesel;110 kW (150 PS);5,7 l/100 km;149 g/km;Autoscout24.de
Jeep;Grand Cherokee;3.0 CRD Summit-Luft-Pano-H K-AHK-;Beifahrerairbag, Freisprecheinrichtung, Luftfederung, Sportpaket, Bluetooth, Einparkhilfe Kamera, Touchscreen, Sprachsteuerung;€ 23.900;Sehr guter Preis;139.900 km;Automatik;02/2019;Diesel;184 kW (250 PS);7,0 l/100 km;nan;Autoscout24.de
Mercedes-Benz;Sprinter;213 CDI Behindertengerecht Selbstfahrer;Behindertengerecht, Schiebetür rechts, Isofix, Standheizung, Getönte Scheiben, Klimaanlage, 2-Zonen-Klimaautomatik, Reserverad;€ 23.950;nan;168.000 km;Automatik;09/2015;Diesel;95 kW (129 PS);7,1 l/100 km;187 g/km;Autoscout24.de
BMW;X5;sDrive 25d 360° PANO|NAVI|INDIVIDUAL|4-ZONEN;Seit 1963 Ihr KFZ-Meisterbetrieb in Mainz Bretzenheim;€ 27.990;Sehr guter Preis;124.000 km;Automatik;06/2017;Diesel;170 kW (231 PS);5,3 l/100 km;140 g/km;Autoscout24.de
Opel;Astra;1,5D SPORTS TOURER EDITION/AUT/NAVI/LED/AK;Pannenkit, ABS, Sportfahrwerk, Anhängerkupplung, LED-Scheinwerfer, Start/Stop-Automatik, Sitzheizung, Ambientebeleuchtung;€ 11.890;Sehr guter Preis;116.000 km;Automatik;08/2021;Diesel;90 kW (122 PS);5,1 l/100 km;132 g/km;Autoscout24.de
Mercedes-Benz;C 220;BlueTec / d Lim. Avantgarde*Exclusive*LED;Tempomat, Einparkhilfe Sensoren vorne, LED-Scheinwerfer, Navigationssystem, Sitzheizung, Elektrische Sitze, Ambientebeleuchtung, Alufelgen;€ 19.998;Guter Preis;75.900 km;Automatik;06/2015;Diesel;125 kW (170 PS);4,0 l/100 km;109 g/km;Autoscout24.de
Mercedes-Benz;Sprinter;316 CDI Maxi Hoch+Lang*Garantie*Euro6;12-64 Monate Garantie / Tüv & Inspektion= NEU !;€ 16.990;nan;189.000 km;Schaltgetriebe;11/2016;Diesel;120 kW (163 PS);7,9 l/100 km;209 g/km;Autoscout24.de
Audi;A4;Avant 2.0 TDI S line *PANO*AHK*NAVI;Sportsitze, Panoramadach, Sportfahrwerk, Standheizung, Lordosenstütze, Navigationssystem, Multifunktionslenkrad, Sitzheizung;€ 14.500;Fairer Preis;182.000 km;Schaltgetriebe;07/2015;Diesel;140 kW (190 PS);4,7 l/100 km;125 g/km;Autoscout24.de
Volvo;V70;Kombi Linje Classic;Elektrische Heckklappe, Alufelgen, Sportfahrwerk, Schiebedach, LED-Tagfahrlicht, Volldigitales Kombiinstrument, Elektrische Sitze, Abstandswarner;€ 8.900;Sehr guter Preis;195.697 km;Schaltgetriebe;05/2016;Diesel;110 kW (150 PS);4,1 l/100 km;113 g/km;Autoscout24.de
Toyota;Yaris;1.0 VVT-i Edition 2014;MEISTERGEPRÜFT;€ 4.910;nan;238.496 km;Schaltgetriebe;12/2013;Benzin;51 kW (69 PS);nan;nan;Autoscout24.de
BMW;218;*Aut.*Klimaaut.*PDC*AHK*7xSitzer*;Klimaanlage, Multifunktionslenkrad, Anhängerkupplung, Elektr. Fensterheber, Sommerreifen, Alufelgen, Dachreling, Ambientebeleuchtung;€ 13.990;Fairer Preis;97.897 km;Automatik;11/2015;Benzin;100 kW (136 PS);5,3 l/100 km;126 g/km;Autoscout24.de
MINI;Cooper Cabrio;Salt 1.5 AUT KLIMAAUT BT PDC ALU GJR ParkAss LM 2x;Sportsitze, Ambientebeleuchtung, Freisprecheinrichtung, Bluetooth, Einparkhilfe Sensoren hinten, Traktionskontrolle, 2-Zonen-Klimaautomatik, Radio;€ 12.475;nan;96.212 km;Automatik;09/2016;Benzin;100 kW (136 PS);nan;nan;Autoscout24.de
Mazda;CX-3;Center-Line Anhängerkupplung;Alufelgen, MP3, Touchscreen, Pannenkit, Notbremsassistent, Klimaautomatik, CD, Tempomat;€ 11.990;Guter Preis;102.000 km;Schaltgetriebe;11/2015;Benzin;88 kW (120 PS);nan;nan;Autoscout24.de
Opel;Mokka X;1.6 Selection Start/Stop*AHK*KLIMA;Dachreling, Tempomat, Anhängerkupplung, Wegfahrsperre, E10-geeignet, Gepäckraumabtrennung, Reserverad, Klimaanlage;€ 9.590;Guter Preis;100.000 km;Schaltgetriebe;12/2016;Benzin;85 kW (116 PS);6,6 l/100 km;155 g/km;Autoscout24.de
Hyundai;iX35;Comfort 2WD AHK*SHZ*PDC*Klima;Sitzheizung, Anhängerkupplung, Beifahrerairbag, Multifunktionslenkrad, 2-Zonen-Klimaautomatik, Klimaanlage, Getönte Scheiben, Bordcomputer;€ 9.460;Guter Preis;124.700 km;Schaltgetriebe;12/2013;Benzin;100 kW (136 PS);5,8 l/100 km;154 g/km;Autoscout24.de
Audi;Q5;2.0d Quatt Design MATRIX+VIRTU+NAV+KAM+ACC+SH;Volldigitales Kombiinstrument, 3-Zonen-Klimaautomatik, Elektrische Heckklappe, Sportpaket, Apple CarPlay, Navigationssystem, LED-Scheinwerfer, Allrad;€ 20.450;nan;161.231 km;Automatik;09/2017;Diesel;120 kW (163 PS);5,0 l/100 km;129 g/km;Autoscout24.de
BMW;M3;Compet CARBON+360°+MEMO+H&K+VIRTU+HEAD+LASER+;Sportfahrwerk, Spurhalteassistent, Schaltwippen, Notbremsassistent, Sportpaket, Sommerreifen, Head-up display, Ambientebeleuchtung;€ 59.950;nan;59.676 km;Automatik;07/2021;Benzin;375 kW (510 PS);nan;nan;Autoscout24.de
BMW;120;120d xDrive Autom.,Navig,el.GSD,Harman/Kardon;Car Garantie incl.;€ 13.900;Sehr guter Preis;116.000 km;Automatik;07/2016;Diesel;140 kW (190 PS);nan;nan;Autoscout24.de
Aixam;City;Sport Mopedauto Leichtmobile Microcar 45 KM;Sportsitze, Sportpaket, Einparkhilfe Sensoren hinten, Alufelgen, Radio;€ 6.950;nan;9.741 km;Automatik;08/2017;Diesel;4 kW (5 PS);nan;nan;Autoscout24.de
Ford;Tourneo Courier;Titanium GRA PDC SHZ Navi Klima;Bundesweiter Transport und Zulassung möglich!;€ 8.995;Guter Preis;111.450 km;Schaltgetriebe;10/2014;Benzin;74 kW (101 PS);nan;nan;Autoscout24.de
Opel;Vivaro;8043;Behindertengerecht, Schiebetür rechts, Armlehne, Stahlfelgen, Lederlenkrad, Radio;€ 9.988;Guter Preis;119.000 km;Schaltgetriebe;12/2014;Diesel;66 kW (90 PS);nan;nan;Autoscout24.de
MINI;Cooper S Clubman;"Automatik Klima Einparkhilfe LED Tempomat 17""Alu";LED-Scheinwerfer, Sportfahrwerk, ABS, Alufelgen, 2-Zonen-Klimaautomatik, Sportsitze, Sportpaket, ESP;€ 13.980;Sehr guter Preis;110.438 km;Automatik;12/2016;Benzin;141 kW (192 PS);6,2 l/100 km;147 g/km;Autoscout24.de
BMW;420;d XDrive Sportline Leder Automatik BiXenon;Sportfahrwerk, Sportpaket, Sportsitze, Schiebedach, Einparkhilfe Kamera, Navigationssystem, teilb. Rücksitzbank, Allrad;€ 19.499;Sehr guter Preis;122.000 km;Automatik;12/2015;Diesel;140 kW (190 PS);nan;nan;Autoscout24.de
Mazda;3;Lim. 2.0 OPTIMUM NAVI/LED/KAMERA/TEMP./HUD/AHK;Sitzheizung, Sportsitze, Tempomat, 2-Zonen-Klimaautomatik, Bi-Xenon Scheinwerfer, Lederlenkrad, Navigationssystem, Beifahrerairbag;€ 14.400;Sehr guter Preis;112.950 km;Automatik;05/2018;Benzin;88 kW (120 PS);5,6 l/100 km;129 g/km;Autoscout24.de
Opel;Corsa-e;Elegance Electric | Navi | RFK | 11 kW |;Einparkhilfe Kamera, Regensensor, Lederlenkrad, Berganfahrassistent, Navigationssystem, Elektrische Seitenspiegel, Induktionsladen für Smartphones, Alufelgen; ;nan;nan;nan;nan;nan;nan;nan;nan;Autoscout24.de
Mercedes-Benz;E 350;E 350 e Plug in Hybrid, Luft, LED, DAB, Navi;Elektrische Sitze, Alarmanlage, Ambientebeleuchtung, teilb. Rücksitzbank, Einparkhilfe Kamera, Fahrerairbag, 2-Zonen-Klimaautomatik, Sitzheizung; ;nan;nan;nan;nan;nan;nan;nan;nan;Autoscout24.de
Mercedes-Benz;GLC 220;GLC 220 d 4M AHK Totwkl Kamera AMG-int. LED-ILS;Allrad, Einparkhilfe Kamera, Anhängerkupplung, Elektrische Heckklappe, W-Lan / Wifi Hotspot, Sitzheizung, Voll-LED Scheinwerfer, CD;€ 27.900;Sehr guter Preis;112.000 km;Automatik;01/2019;Diesel;125 kW (170 PS);5,0 l/100 km;129 g/km;Autoscout24.de
SEAT;Altea XL;Style Ecomotive;Alufelgen, Fahrerairbag, Allwetterreifen, USB, Start/Stop-Automatik, ABS, Servolenkung, Elektrische Seitenspiegel;€ 4.490;Sehr guter Preis;153.000 km;Schaltgetriebe;12/2012;Diesel;77 kW (105 PS);4,5 l/100 km;119 g/km;Autoscout24.de
Mercedes-Benz;E 63 AMG;E 63 T 5.5 Bi-Turbo 665PS Pano Keyless Distronic;Qualität - Zuverlässigkeit - Sicherheit;€ 34.999;Sehr guter Preis;136.800 km;Automatik;09/2012;Benzin;488 kW (663 PS);10,0 l/100 km;234 g/km;Autoscout24.de
Ford;Focus;Turnier Business Klima+PDC+Navi+Allwetter;Klimaanlage, Touchscreen, Beheizbare Frontscheibe, Pannenkit, Wegfahrsperre, USB, E10-geeignet, Bluetooth;€ 8.880;Fairer Preis;89.786 km;Schaltgetriebe;02/2014;Benzin;92 kW (125 PS);5,1 l/100 km;121 g/km;Autoscout24.de
Toyota;Yaris;1.5 Hybrid Club Automatik | Panorama | CAM;Panoramadach, Freisprecheinrichtung, Klimaanlage, Radio, Bluetooth, Touchscreen, Wegfahrsperre, Multifunktionslenkrad; ;nan;nan;Automatik;nan;nan;nan;nan;nan;Autoscout24.de
Mercedes-Benz;E 300;E 300 BlueTEC T Avantgarde Distr./Sthzg/ILS/AHK;Einparkhilfe Kamera, Einparkhilfe selbstlenkendes System, Sportpaket, Sommerreifen, Müdigkeitswarnsystem, Navigationssystem, Totwinkel-Assistent, Schiebedach;€ 12.490;Guter Preis;269.900 km;Automatik;10/2013;Diesel;170 kW (231 PS);5,7 l/100 km;151 g/km;Autoscout24.de
Jeep;Compass;1.3l T4-PHEV 177kW Upland Auto. 4WD;Allrad, Winterpaket, E10-geeignet, Soundsystem, LED-Scheinwerfer, Android Auto, Beheizbares Lenkrad, Navigationssystem; ;nan;nan;nan;nan;nan;nan;nan;nan;Autoscout24.de
BMW;X1;xDrive25e Advantage / AHK / Rückfahrkamera;Sportsitze, Allrad, Einparkhilfe Kamera, Sitzheizung, LED-Scheinwerfer, Alufelgen, E10-geeignet, Reifendruckkontrollsystem; ;nan;nan;nan;nan;nan;nan;nan;nan;Autoscout24.de
Skoda;Yeti;Adventure 1.4 TSI SHZ Temp PDC Berganfahrass. EXPO;Größtes Renault Autohaus im Landkreis München & Freisin;€ 7.800;Fairer Preis;132.000 km;Schaltgetriebe;10/2013;Benzin;90 kW (122 PS);nan;nan;Autoscout24.de
Mazda;CX-5;Automatik 2.2 D SKYACTIVE 4x4 Exceed;Seit 1963 Ihr KFZ-Meisterbetrieb in Mainz Bretzenheim;€ 13.490;Fairer Preis;136.070 km;Automatik;10/2014;Diesel;110 kW (150 PS);5,5 l/100 km;144 g/km;Autoscout24.de
Opel;Zafira;C Active 7Sitze Navi AHK PDC Sitz+LR hzg;Isofix, Navigationssystem, Anhängerkupplung, Alufelgen, Sitzheizung, Einparkhilfe Sensoren vorne, Beifahrerairbag, 2-Zonen-Klimaautomatik;€ 12.490;Sehr guter Preis;95.000 km;Schaltgetriebe;05/2017;Benzin;103 kW (140 PS);6,4 l/100 km;148 g/km;Autoscout24.de
Fiat;500C;Lounge 1.2 8V Faltdach Klimaautom PDC;Katalysator, MP3, Einparkhilfe Sensoren hinten, Klimaautomatik, Alufelgen, Multifunktionslenkrad, Navigationssystem, Zentralverriegelung;€ 7.900;Guter Preis;98.200 km;Schaltgetriebe;04/2015;Benzin;51 kW (69 PS);nan;nan;Autoscout24.de
Opel;Astra;K Sports Tourer Elegance LED-Sitz&Lenkradh;Dachreling, Touchscreen, Spurhalteassistent, Sommerreifen, Pannenkit, LED-Scheinwerfer, Apple CarPlay, Nebelscheinwerfer;€ 9.990;Sehr guter Preis;124.976 km;Schaltgetriebe;02/2020;Benzin;96 kW (131 PS);4,5 l/100 km;102 g/km;Autoscout24.de
Audi;S1;2.0 TFSI quattro 1. Hd./Bi-Xenon/Bose Sound/Leder/;Multifunktionslenkrad, Bluetooth, Sportsitze, Allrad, Sportfahrwerk, MP3, Seitenairbag, Sommerreifen;€ 23.810;Sehr guter Preis;25.624 km;Schaltgetriebe;05/2018;Benzin;170 kW (231 PS);nan;nan;Autoscout24.de
Mercedes-Benz;Citan;Kombi 111 CDI lang Klima Tüv neu;Klimaanlage, Beifahrerairbag, Alufelgen, Lederlenkrad, 2-Zonen-Klimaautomatik, Regensensor, Schiebetür rechts, Sitzheizung;€ 11.600;Sehr guter Preis;88.000 km;Schaltgetriebe;03/2016;Diesel;81 kW (110 PS);4,7 l/100 km;125 g/km;Autoscout24.de
Mercedes-Benz;C 180;CGI BlueEfficiency Lim/2.HD SCHECKH/NAVI;Sportsitze, Multifunktionslenkrad, Fahrerairbag, Navigationssystem, Freisprecheinrichtung, Elektrische Sitze, Sitzheizung, Zentralverriegelung;€ 15.880;Erhöhter Preis;74.912 km;Automatik;03/2012;Benzin;115 kW (156 PS);7,6 l/100 km;180 g/km;Autoscout24.de
Skoda;Octavia;OCTAVIA RS 2.0 TDI COMBI NAVI XENON SHZ PDC AHK;FINANZIERUNG ab 3,99%++GARANTIE bis 36 Monate++ANKAUF;€ 11.950;Fairer Preis;190.000 km;Schaltgetriebe;04/2014;Diesel;135 kW (184 PS);4,6 l/100 km;122 g/km;Autoscout24.de
Volkswagen;Eos;Basis BMT*Navi*Pdc*Shz*Klimaautomatik;Navigationssystem, Schiebedach, Start/Stop-Automatik, Beifahrerairbag, Sitzheizung, Freisprecheinrichtung, Müdigkeitswarnsystem, E10-geeignet;€ 12.499;Fairer Preis;65.200 km;Schaltgetriebe;02/2012;Benzin;90 kW (122 PS);6,2 l/100 km;144 g/km;Autoscout24.de
Audi;A4;Avant 1.8 TFSI Ambiente, Standheiz., Navi;Sommerreifen, Alufelgen, Fahrerairbag, Bluetooth, Armlehne, Pannenkit, Einparkhilfe Sensoren hinten, Elektronische Parkbremse;€ 6.450;Sehr guter Preis;123.000 km;Schaltgetriebe;07/2011;Benzin;88 kW (120 PS);7,2 l/100 km;171 g/km;Autoscout24.de
Opel;Insignia;A Lim. 150 Jahre Opel/NAVI/RADIO/KLIMA;Fahrerairbag, Einparkhilfe Sensoren vorne, Beifahrerairbag, Navigationssystem, Freisprecheinrichtung, Sprachsteuerung, Alufelgen, Einparkhilfe Sensoren hinten;€ 8.900;Sehr guter Preis;66.778 km;Schaltgetriebe;03/2013;Diesel;96 kW (131 PS);5,8 l/100 km;154 g/km;Autoscout24.de
Ford;Tourneo Courier;1.0 TREND 5-SITZER KLIMA/SHZ/AHK;Getönte Scheiben, Schiebetür rechts, Anhängerkupplung, Einparkhilfe Sensoren hinten, Klimaanlage, USB, Bluetooth, Armlehne;€ 4.250;Sehr guter Preis;186.900 km;Schaltgetriebe;06/2015;Benzin;74 kW (101 PS);5,4 l/100 km;128 g/km;Autoscout24.de
Audi;A6;Lim. 2.8 FSI V6*Automatik Navi*45 Tkm*1Hand*;Sommerreifen, Start/Stop-Automatik, Multifunktionslenkrad, Navigationssystem, Einparkhilfe Sensoren vorne, Einparkhilfe selbstlenkendes System, Seitenairbag, CD;€ 14.500;Sehr guter Preis;45.382 km;Automatik;08/2011;Benzin;150 kW (204 PS);7,7 l/100 km;182 g/km;Autoscout24.de
Renault;Scenic;III 1.5 DCi BOSE Edition Automatik Navi;Über 400 Dacia Neuwagen im Bestand/3 Jahre Garantie;€ 4.490;Guter Preis;238.600 km;Automatik;10/2013;Diesel;81 kW (110 PS);5,0 l/100 km;130 g/km;Autoscout24.de
Opel;Corsa;E 1.2 Klima;Elektrische Seitenspiegel, Klimaanlage, Fahrerairbag, Beifahrerairbag, Radio, Seitenairbag, Elektr. Fensterheber, Zentralverriegelung;€ 4.290;Sehr guter Preis;115.200 km;Schaltgetriebe;05/2016;Benzin;51 kW (69 PS);5,4 l/100 km;128 g/km;Autoscout24.de
BMW;X6;xDrive40d|LED|HUD|HiFi|SHZ|PDC|Kamera|Navi|BT;Reifendruckkontrollsystem, Einparkhilfe Kamera, Fahrerairbag, Allrad, Soundsystem, LED-Scheinwerfer, Sportfahrwerk, Head-up display;€ 15.990;Guter Preis;281.500 km;Automatik;12/2012;Diesel;225 kW (306 PS);7,5 l/100 km;199 g/km;Autoscout24.de
Volkswagen;Golf;VI  2.0 GTD/KLIMAAUTO/NAVI/LED/XENON/1 HAND;Bi-Xenon Scheinwerfer, Navigationssystem, Sportfahrwerk, Radio, Einparkhilfe Sensoren vorne, Sommerreifen, Bluetooth, Bordcomputer;€ 6.980;Fairer Preis;242.846 km;Schaltgetriebe;12/2011;Diesel;125 kW (170 PS);5,1 l/100 km;134 g/km;Autoscout24.de
Volvo;V70;Kombi Linje Classic;Elektrische Heckklappe, Alufelgen, Sportfahrwerk, Schiebedach, LED-Tagfahrlicht, Volldigitales Kombiinstrument, Elektrische Sitze, Abstandswarner;€ 8.900;Sehr guter Preis;195.697 km;Schaltgetriebe;05/2016;Diesel;110 kW (150 PS);4,1 l/100 km;113 g/km;Autoscout24.de
Renault;Megane;Coupé Dynamique TCe 130 GEWERBE/EXPORT;Sommerreifen, Alufelgen, Klimaanlage, Fahrerairbag, Navigationssystem, Bi-Xenon Scheinwerfer, Wegfahrsperre, Sitzheizung;€ 4.500;Sehr guter Preis;115.000 km;Schaltgetriebe;04/2011;Benzin;96 kW (131 PS);6,3 l/100 km;nan;Autoscout24.de
BMW;318;D F30 SPORT LINE*2.HAND*GLASDACH*XENON*NAVI(Prof.);Sportpaket, Sportsitze, Bi-Xenon Scheinwerfer, Start/Stop-Automatik, Schiebedach, Navigationssystem, Einparkhilfe Sensoren vorne, Alufelgen;€ 9.900;Fairer Preis;225.018 km;Schaltgetriebe;05/2012;Diesel;105 kW (143 PS);4,5 l/100 km;118 g/km;Autoscout24.de
Volkswagen;Touran;Cross 1.6TDI*Aut.*BiXenon*Temp*Pdc*Ahk*;Tagfahrlicht, Radio, Standheizung, Bi-Xenon Scheinwerfer, Einparkhilfe Kamera, Alufelgen, Touchscreen, LED-Tagfahrlicht;€ 8.490;Sehr guter Preis;199.989 km;Automatik;11/2013;Diesel;77 kW (105 PS);5,4 l/100 km;143 g/km;Autoscout24.de
Dacia;Duster;1.6 16V 105 4x2;Klimaanlage, Isofix, Pannenkit, Nebelscheinwerfer, Bordcomputer, ABS, Beifahrerairbag;€ 6.200;Sehr guter Preis;94.800 km;Schaltgetriebe;04/2013;Benzin;77 kW (105 PS);7,1 l/100 km;nan;Autoscout24.de
SEAT;Altea XL;Style Ecomotive;Alufelgen, Fahrerairbag, Allwetterreifen, USB, Start/Stop-Automatik, ABS, Servolenkung, Elektrische Seitenspiegel;€ 4.490;Sehr guter Preis;153.000 km;Schaltgetriebe;12/2012;Diesel;77 kW (105 PS);4,5 l/100 km;119 g/km;Autoscout24.de
Volkswagen;Polo;V CrossPolo Sitzheizung Sportsitze;Dachreling, Radio, Klimaanlage, Fahrerairbag, Winterpaket, Lederlenkrad, Isofix, Gepäckraumabtrennung;€ 4.490;Guter Preis;198.421 km;Schaltgetriebe;04/2012;Benzin;51 kW (69 PS);5,7 l/100 km;132 g/km;Autoscout24.de
BMW;318;d Lim. M Sportpaket Euro5 Navi,Xenon;Sportfahrwerk, Sportsitze, Sportpaket, Alufelgen, Bi-Xenon Scheinwerfer, Armlehne, Klimaanlage, Navigationssystem;€ 11.800;Guter Preis;164.569 km;Schaltgetriebe;03/2013;Diesel;105 kW (143 PS);4,5 l/100 km;119 g/km;Autoscout24.de
Opel;Meriva;B Temp. SHZ PDC NP: 26.000€;Beifahrerairbag, Alufelgen, Einparkhilfe Sensoren vorne, Seitenairbag, Fahrerairbag, Klimaanlage, Beheizbares Lenkrad, Armlehne;€ 4.190;Sehr guter Preis;157.000 km;Schaltgetriebe;01/2012;Benzin;103 kW (140 PS);6,7 l/100 km;159 g/km;Autoscout24.de
Opel;Insignia;A Lim. 150 Jahre Opel/NAVI/RADIO/KLIMA;Fahrerairbag, Einparkhilfe Sensoren vorne, Beifahrerairbag, Navigationssystem, Freisprecheinrichtung, Sprachsteuerung, Alufelgen, Einparkhilfe Sensoren hinten;€ 8.900;Sehr guter Preis;66.778 km;Schaltgetriebe;03/2013;Diesel;96 kW (131 PS);5,8 l/100 km;154 g/km;Autoscout24.de
Ford;Fiesta;Sport;Isofix, Sportfahrwerk, Freisprecheinrichtung, Beheizbare Frontscheibe, Getönte Scheiben, Fahrerairbag, Sitzheizung, Sportpaket;€ 5.999;Sehr guter Preis;142.500 km;Schaltgetriebe;03/2016;Benzin;92 kW (125 PS);4,3 l/100 km;99 g/km;Autoscout24.de
MINI;Cooper D Clubman;Cooper D;Start/Stop-Automatik, Sportpaket, Navigationssystem, Anhängerkupplung, Alufelgen, Lichtsensor, Bluetooth, Sprachsteuerung;€ 4.900;Sehr guter Preis;234.172 km;Schaltgetriebe;11/2012;Diesel;82 kW (111 PS);3,8 l/100 km;101 g/km;Autoscout24.de
BMW;X3;xDrive20d xLine   Standklima   Harman-Kardon;Spoiler, Head-up display, Navigationssystem, 2-Zonen-Klimaautomatik, Isofix, Sportsitze, Sommerreifen, Ambientebeleuchtung;€ 12.950;Sehr guter Preis;195.854 km;Schaltgetriebe;09/2014;Diesel;140 kW (190 PS);nan;136 g/km;Autoscout24.de
Audi;A4;Avant  quattro *ACC*KAMERA*APS*AHK*NAVI*PDC*;Allrad, Einparkhilfe Kamera, Scheinwerferreinigung, Navigationssystem, Anhängerkupplung, Regensensor, LED-Tagfahrlicht, Sommerreifen;€ 10.499;Sehr guter Preis;215.442 km;Automatik;12/2014;Diesel;130 kW (177 PS);5,3 l/100 km;140 g/km;Autoscout24.de
Ford;Fiesta;1.0 Sync Edition Klima 32tkm! 1.Hd 5türig;Klimaanlage, Multifunktionslenkrad, Elektrische Seitenspiegel, E10-geeignet, Alufelgen, LED-Tagfahrlicht, Bluetooth, Isofix;€ 6.890;Sehr guter Preis;32.483 km;Schaltgetriebe;07/2013;Benzin;48 kW (65 PS);4,6 l/100 km;109 g/km;Autoscout24.de
Volkswagen;Polo;V Trendline. Navi. Klima. PDC. Temp.;Seit 1963 Ihr KFZ-Meisterbetrieb in Mainz Bretzenheim;€ 6.990;Guter Preis;119.900 km;Schaltgetriebe;01/2016;Benzin;44 kW (60 PS);nan;nan;Autoscout24.de
Skoda;Fabia;Cool Edition;Fahrerairbag, Klimaanlage, Alufelgen, Radio, Sommerreifen, Beifahrerairbag, Isofix;€ 7.390;Sehr guter Preis;59.939 km;Schaltgetriebe;08/2014;Benzin;63 kW (86 PS);5,2 l/100 km;123 g/km;Autoscout24.de
Volkswagen;T5 Multivan;PanAmerika *AHK*4Motion*Navi*PDC*;Allrad, Navigationssystem, Reifendruckkontrollsystem, Anhängerkupplung, Klimaanlage, Einparkhilfe Kamera, Alufelgen, Einparkhilfe Sensoren vorne;€ 15.999;Sehr guter Preis;222.258 km;Schaltgetriebe;12/2011;Diesel;132 kW (179 PS);8,8 l/100 km;233 g/km;Autoscout24.de
Ford;EcoSport;Titanium KLIMA*PDC*BT*sauberes Fahrzeug;Fahrerairbag, Traktionskontrolle, Getönte Scheiben, Berganfahrassistent, Zentralverriegelung, Bluetooth, Tempomat, Lordosenstütze;€ 7.990;Sehr guter Preis;101.295 km;Schaltgetriebe;10/2014;Diesel;66 kW (90 PS);4,6 l/100 km;120 g/km;Autoscout24.de
Citroen;C4 Picasso;Seduction LED PDC AHK Bluetooth;Anhängerkupplung, Fahrerairbag, Touchscreen, Elektr. Fensterheber, Klimaanlage, Beifahrerairbag, Klimaautomatik, Multifunktionslenkrad;€ 4.990;Sehr guter Preis;165.000 km;Schaltgetriebe;11/2013;Diesel;85 kW (116 PS);4,0 l/100 km;106 g/km;Autoscout24.de
Toyota;Avensis;Kombi 1.8 1.Hand **126TKM**Navi Kamera;Dachreling, Pannenkit, Elektronische Parkbremse, Sitzheizung, Klimaanlage, Multifunktionslenkrad, Lordosenstütze, Soundsystem;€ 7.450;nan;126.465 km;Schaltgetriebe;01/2012;Benzin;108 kW (147 PS);6,6 l/100 km;155 g/km;Autoscout24.de
Ford;Mondeo;Titanium Automatik Memory Teilleder Navi;Leder Alcantara;€ 8.990;Sehr guter Preis;199.887 km;Automatik;12/2016;Diesel;132 kW (179 PS);4,9 l/100 km;nan;Autoscout24.de
Skoda;Fabia;Combi 1.6 TDI Cool Edition*Klima*AHK;Klimaanlage, Fahrerairbag, Allwetterreifen, Gepäckraumabtrennung, Isofix, Elektr. Fensterheber, Bordcomputer, Radio;€ 2.950;Fairer Preis;205.555 km;Schaltgetriebe;08/2011;Diesel;66 kW (90 PS);4,2 l/100 km;111 g/km;Autoscout24.de
Hyundai;i20;Classic,Klima, 8-fach bereift, Seh sauber;E10-geeignet, Fahrerairbag, Klimaanlage, Elektrische Seitenspiegel, Traktionskontrolle, Klimaautomatik, CD, Bluetooth;€ 6.499;Guter Preis;65.858 km;Schaltgetriebe;09/2014;Benzin;63 kW (86 PS);4,9 l/100 km;114 g/km;Autoscout24.de
BMW;220;Coupé M Sport LED NaviBusiness FernlichtAss;Ihr BMW Servicepartner für die Region Hannover;€ 13.999;Guter Preis;194.000 km;Schaltgetriebe;08/2017;Diesel;140 kW (190 PS);4,3 l/100 km;nan;Autoscout24.de
Mitsubishi;ASX;1.8 DI-D+ Instyle NaviTouch RFKam BT USB All;Navigationssystem, Xenonscheinwerfer, Sitzheizung, Einparkhilfe Kamera, Isofix, Soundsystem, Panoramadach, ABS;€ 7.480;Fairer Preis;190.000 km;Schaltgetriebe;12/2013;Diesel;110 kW (150 PS);nan;141 g/km;Autoscout24.de
Nissan;X-Trail;SE 4X4 AHK Navi Kamera;Auto kauft man mit Vertrauen u Garantie;€ 6.740;Guter Preis;229.441 km;Schaltgetriebe;05/2011;Diesel;110 kW (150 PS);nan;nan;Autoscout24.de
Opel;Meriva;B 1.4 Design Edition;Fahrerairbag, Armlehne, ESP, Beifahrerairbag, Einparkhilfe Sensoren hinten, Elektr. Fensterheber, Klimaanlage, Radio;€ 3.990;Sehr guter Preis;103.500 km;Schaltgetriebe;03/2011;Benzin;74 kW (101 PS);6,1 l/100 km;145 g/km;Autoscout24.de
Kia;;CEED SW 1.6 EDITION7  EMOTION OHNE KLIMA;Zentralverriegelung, Sitzheizung, Alufelgen, Isofix, Multifunktionslenkrad, Seitenairbag, Dachreling, Radio;€ 7.960;Sehr guter Preis;94.600 km;Schaltgetriebe;03/2014;Benzin;99 kW (135 PS);nan;nan;Autoscout24.de
Ford;Mondeo;Turnier Titanium*Klima*Allwetter*;Alufelgen, Sportfahrwerk, Sportsitze, Elektrische Sitze, Klimaanlage, Schlüssellose Zentralverriegelung, Klimaautomatik, Isofix;€ 4.980;Fairer Preis;197.553 km;Schaltgetriebe;05/2013;Benzin;149 kW (203 PS);7,6 l/100 km;180 g/km;Autoscout24.de
Volkswagen;Golf Variant;1.4 TSI Highline+Panorama+STHZ+AHK+Bi-Xenon+;Alufelgen, Navigationssystem, Bi-Xenon Scheinwerfer, Sommerreifen, Kurvenlicht, Reifendruckkontrollsystem, Bluetooth, Touchscreen;€ 4.999;Guter Preis;231.000 km;Schaltgetriebe;11/2012;Benzin;118 kW (160 PS);6,4 l/100 km;149 g/km;Autoscout24.de
Opel;Zafira Tourer;C 1.6 Innovation  CNG ERDGAS 7SITZE;Bluetooth, Alufelgen, Freisprecheinrichtung, Armlehne, Reifendruckkontrollsystem, Notrufsystem, Zentralverriegelung mit Funkfernbedienung, Tagfahrlicht;€ 7.500;Sehr guter Preis;134.272 km;Schaltgetriebe;09/2015;Erdgas (CNG);110 kW (150 PS);nan;nan;Autoscout24.de
Peugeot;508;Pan Dach Nav 8 fach Kopftdichtung kaputt;Alufelgen, Tagfahrlicht, Multifunktionslenkrad, Panoramadach, Tempomat, Radio, Servolenkung, Lichtsensor;€ 4.500;Sehr guter Preis;122.000 km;Schaltgetriebe;06/2011;Benzin;115 kW (156 PS);6,5 l/100 km;150 g/km;Autoscout24.de
Alfa Romeo;Giulia;2.2 JTDM Automatik Klima Navi Temp Kamera;Finanzierung OHNE Anzahlung möglich!;€ 13.890;Sehr guter Preis;174.400 km;Automatik;11/2016;Diesel;132 kW (179 PS);3,8 l/100 km;99 g/km;Autoscout24.de
Mercedes-Benz;ML 350;BlueTEC 4M 7G AMG STYLING  MEMORY   TOTW.;Sportpaket, 3-Zonen-Klimaautomatik, Einparkhilfe Kamera, Sportfahrwerk, Traktionskontrolle, Anhängerkupplung, Voll-LED Scheinwerfer, Allrad;€ 19.950;Sehr guter Preis;193.733 km;Automatik;11/2012;Diesel;190 kW (258 PS);6,8 l/100 km;nan;Autoscout24.de
Opel;Meriva;B Innovation*Tempomat*Sitzheizung*;Einparkhilfe Sensoren hinten, Radio, Beifahrerairbag, Sitzheizung, Tempomat, Alufelgen, Bluetooth, Getönte Scheiben;€ 7.290;Guter Preis;128.969 km;Schaltgetriebe;09/2016;Diesel;100 kW (136 PS);4,4 l/100 km;116 g/km;Autoscout24.de
Skoda;Rapid/Spaceback;Ambition*DAB Radio*Klimaautomatik*Navi*;Einparkhilfe Kamera, Elektrische Seitenspiegel, Multifunktionslenkrad, Klimaautomatik, Touchscreen, Sommerreifen, Bluetooth, Alufelgen;€ 7.190;Sehr guter Preis;93.773 km;Schaltgetriebe;05/2013;Benzin;63 kW (86 PS);5,1 l/100 km;121 g/km;Autoscout24.de
Volkswagen;T5 Caravelle;4X4;Allrad, Apple CarPlay, Einparkhilfe Sensoren hinten, Beifahrerairbag, Elektrische Seitenspiegel, Klimaanlage, Anhängerkupplung, Navigationssystem;€ 16.445;Sehr guter Preis;181.935 km;Automatik;12/2011;Diesel;132 kW (179 PS);8,8 l/100 km;232 g/km;Autoscout24.de
Toyota;;Aygo AYGO Cool  nur 48Tkm;Klimaanlage, Zentralverriegelung, Elektr. Fensterheber, Bluetooth, Beifahrerairbag, Fahrerairbag, Isofix, E10-geeignet;€ 4.990;Sehr guter Preis;48.538 km;Schaltgetriebe;10/2013;Benzin;50 kW (68 PS);4,4 l/100 km;104 g/km;Autoscout24.de
Mercedes-Benz;Citan;Kasten 108 CDI lang;Armlehne, Schiebetür rechts, Radio, Tagfahrlicht, Bluetooth, Elektrische Seitenspiegel, Fahrerairbag, Zentralverriegelung;€ 2.990;Sehr guter Preis;271.000 km;Schaltgetriebe;06/2014;Diesel;55 kW (75 PS);4,7 l/100 km;125 g/km;Autoscout24.de
Volkswagen;Polo;1.6 TDI BMT Match, Klima, Sitzheiz.., AHK;Start/Stop-Automatik, Allwetterreifen, Alufelgen, Lederlenkrad, Klimaautomatik, Einparkhilfe Sensoren hinten, Sportsitze, Anhängerkupplung;€ 5.450;Fairer Preis;205.000 km;Schaltgetriebe;06/2012;Diesel;66 kW (90 PS);3,7 l/100 km;96 g/km;Autoscout24.de
Mazda;CX-30;"Prime-Line KLIMA+NAVI+ALARM+KAMERA+LED+16""+HUD ...";Sicherer EU-Neuwagenkauf zum Bestpreis seit 1999!;€ 22.890;nan;0 km;Schaltgetriebe;nan;Benzin;103 kW (140 PS);nan;135 g/km;Autoscout24.de
Audi;Q7;3.0 TDI clean diesel quattro Gewerbe/Export!;Über 1000 Fahrzeuge auf Lager und sofort verfügbar !!!;€ 16.000;nan;189.600 km;Automatik;06/2013;Diesel;180 kW (245 PS);7,4 l/100 km;196 g/km;Autoscout24.de
Ford;Tourneo Courier;1.0 TREND 5-SITZER KLIMA/SHZ/AHK;Getönte Scheiben, Schiebetür rechts, Anhängerkupplung, Einparkhilfe Sensoren hinten, Klimaanlage, USB, Bluetooth, Armlehne;€ 4.250;Sehr guter Preis;186.900 km;Schaltgetriebe;06/2015;Benzin;74 kW (101 PS);5,4 l/100 km;128 g/km;Autoscout24.de
Ford;EcoSport;Trend;Sitzheizung, Einparkhilfe Sensoren vorne, Traktionskontrolle, USB, Einparkhilfe Sensoren hinten, Alufelgen, Nebelscheinwerfer, Freisprecheinrichtung;€ 7.390;Guter Preis;118.281 km;Schaltgetriebe;07/2015;Benzin;92 kW (125 PS);5,4 l/100 km;125 g/km;Autoscout24.de
Ford;S-Max;1.6 EcoBoost Trend *PDC*SHZ*;❗Service Historie und Gebrauchtspureninfos auf Anruf;€ 9.710;Sehr guter Preis;95.084 km;Schaltgetriebe;05/2014;Benzin;118 kW (160 PS);6,8 l/100 km;159 g/km;Autoscout24.de
Audi;A4;Avant 1.8 TFSI S line Sport Plus Paket;GARANTIE • FINANZIERUNG • LIEFERUNG • ZULASSUNG;€ 13.990;nan;100.000 km;Automatik;08/2012;Benzin;88 kW (120 PS);7,7 l/100 km;179 g/km;Autoscout24.de
Mazda;CX-5;2,2 Skyactiv-D Center-Line 2WD;Klimaanlage, Alufelgen, Elektrische Seitenspiegel, Sitzheizung, Ambientebeleuchtung, Einparkhilfe Sensoren vorne, Bluetooth, Touchscreen;€ 8.449;Guter Preis;175.000 km;Schaltgetriebe;04/2014;Diesel;110 kW (150 PS);4,6 l/100 km;122 g/km;Autoscout24.de
Volkswagen;Golf;VII 1.2 TSI DSG Comfortline NAVI KLIMA PNAO P;Panoramadach, Navigationssystem, Lordosenstütze, 2-Zonen-Klimaautomatik, Wegfahrsperre, Sitzheizung, Einparkhilfe Sensoren vorne, MP3;€ 12.990;Sehr guter Preis;25.000 km;Automatik;09/2014;Benzin;81 kW (110 PS);nan;nan;Autoscout24.de
Volkswagen;Caddy;Kasten EcoProfi *2.HAND SCHECKHEFT-AHK*;Anhängerkupplung, Traktionskontrolle, Zentralverriegelung, Fahrerairbag, Stahlfelgen, Elektr. Fensterheber, Gepäckraumabtrennung, Allwetterreifen;€ 6.880;Sehr guter Preis;139.785 km;Schaltgetriebe;11/2012;Diesel;55 kW (75 PS);5,6 l/100 km;147 g/km;Autoscout24.de
BMW;320;d xDrive Coupe Xenon. PDC. Navi.;Seit 1963 Ihr KFZ-Meisterbetrieb in Mainz Bretzenheim;€ 12.990;Sehr guter Preis;136.250 km;Automatik;03/2011;Diesel;135 kW (184 PS);5,7 l/100 km;150 g/km;Autoscout24.de
BMW;316;"d Navi*Klimaaut.*2xSHZ*Bluetooth*18""Zoll";Bluetooth, 2-Zonen-Klimaautomatik, Bordcomputer, Start/Stop-Automatik, USB, Navigationssystem, Sitzheizung, Traktionskontrolle;€ 9.590;Fairer Preis;196.000 km;Schaltgetriebe;04/2013;Diesel;85 kW (116 PS);4,5 l/100 km;nan;Autoscout24.de
Audi;A6;Avant 3.0 TDI quattro S-line GEWERBE EXPORT;Lordosenstütze, Sportfahrwerk, Totwinkel-Assistent, Sportpaket, Isofix, Einparkhilfe Kamera, Sportsitze, Bluetooth;€ 10.950;Fairer Preis;287.150 km;Automatik;04/2013;Diesel;180 kW (245 PS);5,9 l/100 km;nan;Autoscout24.de
Volkswagen;Golf;VII Lim. Highline BMT Navi,Kamera,BiXeno+WR;Finanzierung ab 6,29% / Sofortankauf & Inzahlungnahme;€ 10.300;Sehr guter Preis;126.470 km;Schaltgetriebe;04/2014;Benzin;103 kW (140 PS);5,2 l/100 km;119 g/km;Autoscout24.de
Nissan;X-Trail;1.6 dCi Visia 7 Sitzer/Navi/LED/Pano/Leder;Sommerreifen, Elektrische Sitze, Winterreifen, Sitzheizung, Tempomat, Bordcomputer, 2-Zonen-Klimaautomatik, Schiebedach;€ 10.980;Guter Preis;262.137 km;Automatik;06/2017;Diesel;96 kW (131 PS);nan;nan;Autoscout24.de
Hyundai;i30;CW 1.6CRDi Select LEDTgf~Tempomat~AHK;Freisprecheinrichtung, Alufelgen, USB, Beifahrerairbag, Anhängerkupplung, Tempomat, Fernlichtassistent, Isofix;€ 8.950;Guter Preis;131.299 km;Schaltgetriebe;10/2017;Diesel;81 kW (110 PS);3,8 l/100 km;99 g/km;Autoscout24.de
Volkswagen;Golf;MATCH KLIMA+EINPARKHILFE+ALLWETTER+ALU+TOP+;Sitzheizung,Sportlederlenkrad,RegelmässigeWartung;€ 10.980;Fairer Preis;30.900 km;Schaltgetriebe;06/2012;Benzin;77 kW (105 PS);5,7 l/100 km;134 g/km;Autoscout24.de
Opel;Mokka;1.6 CDTI ecoFlex Innovation Navi FLA LM;Bi-Xenon Scheinwerfer, Bordcomputer, ABS, Einparkhilfe Sensoren hinten, Touchscreen, Einparkhilfe Kamera, Einparkhilfe Sensoren vorne, teilb. Rücksitzbank;€ 9.490;Sehr guter Preis;112.850 km;Schaltgetriebe;06/2015;Diesel;100 kW (136 PS);nan;nan;Autoscout24.de
Kia;Sportage;Spirit 4WD SHZ Leder Navi Alu 16 Zoll;Navigationssystem, Allrad, Getönte Scheiben, USB, Multifunktionslenkrad, Klimaanlage, Panoramadach, Alufelgen;€ 10.999;nan;149.443 km;Automatik;07/2013;Diesel;135 kW (184 PS);7,2 l/100 km;189 g/km;Autoscout24.de
smart;forTwo;Passion Mhd 52 KW Automatik;Unser Angebot der Woche;€ 4.900;Sehr guter Preis;98.000 km;Automatik;02/2012;Benzin;52 kW (71 PS);nan;nan;Autoscout24.de
Audi;A6;Lim. 2.8 FSI V6*Automatik Navi*45 Tkm*1Hand*;Sommerreifen, Start/Stop-Automatik, Multifunktionslenkrad, Navigationssystem, Einparkhilfe Sensoren vorne, Einparkhilfe selbstlenkendes System, Seitenairbag, CD;€ 14.500;Sehr guter Preis;45.382 km;Automatik;08/2011;Benzin;150 kW (204 PS);7,7 l/100 km;182 g/km;Autoscout24.de
Renault;Megane;3 1.6 110PS Lim. 5-trg Tempomat Klima;Qualität - Zuverlässigkeit - Sicherheit;€ 7.899;Sehr guter Preis;54.561 km;Schaltgetriebe;06/2015;Benzin;81 kW (110 PS);6,9 l/100 km;159 g/km;Autoscout24.de
Fiat;Doblo;1.6 SX Kombi Lounge Klimaauto Allwetter;Über 400 Dacia Neuwagen im Bestand/3 Jahre Garantie;€ 4.490;Guter Preis;252.700 km;Schaltgetriebe;09/2014;Diesel;77 kW (105 PS);5,2 l/100 km;138 g/km;Autoscout24.de
Chevrolet;Orlando;LT**7 Sitzer**1.Hd*Aut AHK Parrot Blueto;Klimaautomatik, Traktionskontrolle, Alufelgen, Katalysator, Zentralverriegelung mit Funkfernbedienung, Anhängerkupplung, Freisprecheinrichtung, USB;€ 3.990;Guter Preis;369.014 km;Automatik;02/2012;Diesel;120 kW (163 PS);5,3 l/100 km;186 g/km;Autoscout24.de
Hyundai;i20;Classic Klima- SHZ-1 Hand;Klimaanlage, Beifahrerairbag, Fahrerairbag, Elektrische Seitenspiegel, Sitzheizung, Radio, USB, Isofix;€ 6.250;Guter Preis;78.400 km;Schaltgetriebe;02/2014;Benzin;63 kW (86 PS);nan;nan;Autoscout24.de
Volkswagen;Golf Variant;Golf VII Variant 2.0 TDI BMT *PANO/AHK/STANDHEIZ*;Standheizung, Alufelgen, Sitzheizung, Schiebedach, Multifunktionslenkrad, Navigationssystem, Abstandstempomat, Einparkhilfe Sensoren vorne;€ 7.900;Sehr guter Preis;227.890 km;Schaltgetriebe;03/2015;Diesel;110 kW (150 PS);4,2 l/100 km;108 g/km;Autoscout24.de
Audi;A1;1.2TFSI Attraction *Klima*Sitzheizung;Wegfahrsperre, Sportpaket, Alufelgen, Sommerreifen, Elektrische Seitenspiegel, Multifunktionslenkrad, Zentralverriegelung, Pannenkit;€ 6.900;Guter Preis;149.290 km;Schaltgetriebe;02/2011;Benzin;63 kW (86 PS);5,1 l/100 km;121 g/km;Autoscout24.de
Peugeot;308;LIM. 1.5D ACTIVE NAVI/LED/PDC/TEMP./SPORT;ESP, Touchscreen, Bluetooth, Navigationssystem, Sportsitze, Fahrerairbag, Sprachsteuerung, Armlehne;€ 7.450;Sehr guter Preis;141.650 km;Schaltgetriebe;09/2018;Diesel;96 kW (131 PS);3,6 l/100 km;95 g/km;Autoscout24.de
Nissan;Qashqai;Visia *PDC*RADIO*KLIMA*XENON*TEMPOMAT*;Alufelgen, Spurhalteassistent, Getönte Scheiben, Tempomat, Anhängerkupplung, Einparkhilfe Sensoren hinten, Geschwindigkeits-begrenzungsanlage, Beifahrerairbag;€ 9.299;Sehr guter Preis;116.591 km;Schaltgetriebe;09/2016;Benzin;85 kW (116 PS);5,6 l/100 km;129 g/km;Autoscout24.de
Ford;Mondeo;Turnier Business Edition Klima/Navi/Sitzh;Klimaanlage, Navigationssystem, Alufelgen, Klimaautomatik, Radio, Elektrische Sitze, Beheizbare Frontscheibe, Freisprecheinrichtung;€ 5.490;Guter Preis;193.171 km;Schaltgetriebe;11/2012;Diesel;120 kW (163 PS);4,9 l/100 km;130 g/km;Autoscout24.de
BMW;320;320 d Efficient Dynamics Advantage;Navigationssystem, Alufelgen, Elektrische Seitenspiegel, Armlehne, Klimaautomatik, Skisack, Tempomat, Beifahrerairbag;€ 11.100;Fairer Preis;222.200 km;Schaltgetriebe;03/2016;Diesel;120 kW (163 PS);3,9 l/100 km;103 g/km;Autoscout24.de
Volkswagen;Caddy;PKW Maxi Trendline BMT 7 - Sitzer;Alufelgen, Multifunktionslenkrad, Sportpaket, Getönte Scheiben, Sportfahrwerk, Start/Stop-Automatik, Sitzheizung, Isofix;€ 10.500;Erhöhter Preis;238.944 km;Schaltgetriebe;12/2015;Diesel;75 kW (102 PS);4,7 l/100 km;122 g/km;Autoscout24.de
Audi;Q5;2.0TDI/S Line/Leder/Pano/Navi/Bi-Xeno/AHK/PDC;Panoramadach, Sportpaket, 3-Zonen-Klimaautomatik, Scheinwerferreinigung, Sportfahrwerk, Elektrische Sitze, Fahrerairbag, Ambientebeleuchtung;€ 18.500;Sehr guter Preis;154.000 km;Automatik;01/2015;Diesel;140 kW (190 PS);5,7 l/100 km;151 g/km;Autoscout24.de
BMW;320;"320d Cabrio M Sport Edition""Leder""Xenon""Navi""";Radio, Navigationssystem, Sportpaket, Alufelgen, Sitzheizung, Einparkhilfe Sensoren vorne, Bluetooth, Tempomat;€ 14.490;Fairer Preis;150.700 km;Automatik;08/2012;Diesel;135 kW (184 PS);nan;nan;Autoscout24.de
Mercedes-Benz;A 180;d Kamera*Automatik;Einparkhilfe Kamera, Reifendruckkontrollsystem, Regensensor, Klimaautomatik, Seitenairbag, Beifahrerairbag, Tempomat;€ 14.998;Guter Preis;192.800 km;Automatik;04/2020;Diesel;85 kW (116 PS);4,0 l/100 km;117 g/km;Autoscout24.de
Peugeot;2008;1.2 CROSSWAY|APPLE|KAMERA|AMBIENTE;Sitzheizung, Einparkhilfe Kamera, Multifunktionslenkrad, Panoramadach, Geschwindigkeits-begrenzungsanlage, Pannenkit, Ambientebeleuchtung, Tempomat;€ 9.990;Sehr guter Preis;100.000 km;Automatik;07/2016;Benzin;81 kW (110 PS);4,8 l/100 km;110 g/km;Autoscout24.de
Ford;Transit Custom;Kombi 300 L1 2.2 TDCi *1992 *EXPORT;Beifahrerairbag, Notrad, Start/Stop-Automatik, CD, Radio, Zentralverriegelung, Schiebetür rechts, Katalysator;€ 7.988;Guter Preis;255.000 km;Schaltgetriebe;01/2015;Diesel;74 kW (101 PS);nan;nan;Autoscout24.de
Opel;Corsa;D Color Edition 1,4L Klima Tüv Neu Topzust;Sitzheizung, Tempomat, Beifahrerairbag, Einparkhilfe Sensoren hinten, Bluetooth, Klimaanlage, Lederlenkrad, Sportfahrwerk;€ 6.490;Fairer Preis;111.000 km;Schaltgetriebe;11/2014;Benzin;64 kW (87 PS);5,7 l/100 km;135 g/km;Autoscout24.de
Audi;A6;Avant 2.0 TDI S-Tronic Ultra NAV+XEN+PANO+KAM;Einparkhilfe Kamera, Sportfahrwerk, Panoramadach, Sportsitze, CD, Schlüssellose Zentralverriegelung, Alufelgen, Lordosenstütze;€ 19.749;Erhöhter Preis;194.750 km;Automatik;03/2018;Diesel;140 kW (190 PS);4,7 l/100 km;nan;Autoscout24.de
Renault;Scenic;III 1.5 DCi BOSE Edition Automatik Navi;Über 400 Dacia Neuwagen im Bestand/3 Jahre Garantie;€ 4.490;Guter Preis;238.600 km;Automatik;10/2013;Diesel;81 kW (110 PS);5,0 l/100 km;130 g/km;Autoscout24.de
Volkswagen;Tiguan;*TopZustand*NAVI*PDC*Klima*8xALU*Garantie;Getönte Scheiben, Navigationssystem, Touchscreen, Alufelgen, Sommerreifen, Bluetooth, Notbremsassistent, Tempomat;€ 11.980;Sehr guter Preis;125.700 km;Automatik;05/2014;Benzin;118 kW (160 PS);7,1 l/100 km;164 g/km;Autoscout24.de
Volkswagen;Jetta;VI 1.4 TSI  Highline *Automatik*;Einparkhilfe Sensoren vorne, Navigationssystem, Sitzheizung, Beifahrerairbag, Alufelgen, Start/Stop-Automatik, Seitenairbag, Bluetooth;€ 12.990;Fairer Preis;54.879 km;Automatik;10/2012;Benzin;118 kW (160 PS);nan;nan;Autoscout24.de
SEAT;Leon;ST 2.0d 4Drive 4x4 DSG X-Perience PANO+LED+;Allrad, Schiebedach, LED-Scheinwerfer, Einparkhilfe Sensoren vorne, Sportpaket, Reifendruckkontrollsystem, USB, Sitzheizung;€ 11.750;Sehr guter Preis;150.000 km;Automatik;10/2016;Diesel;135 kW (184 PS);4,7 l/100 km;125 g/km;Autoscout24.de
Mitsubishi;Pajero;3.2 DI-D Intense;Über 1000 Fahrzeuge auf Lager und sofort verfügbar !!!;€ 19.990;Sehr guter Preis;120.000 km;Automatik;02/2012;Diesel;147 kW (200 PS);9,3 l/100 km;247 g/km;Autoscout24.de
Audi;A4;2.0 TDI ultra *Automatik*Navi*SHZ*;Einparkhilfe Kamera, LED-Scheinwerfer, Sportfahrwerk, 3-Zonen-Klimaautomatik, Navigationssystem, Sitzheizung, Elektrische Heckklappe, Getönte Scheiben;€ 16.900;Fairer Preis;191.140 km;Automatik;03/2018;Diesel;110 kW (150 PS);3,9 l/100 km;99 g/km;Autoscout24.de
Mazda;3;Lim. 2.0 SKYACTIVE VISION KLIMA/SHZ/PDC/TEMP.;2-Zonen-Klimaautomatik, Tempomat, Sitzheizung, Touchscreen, Bluetooth, Lederlenkrad, Einparkhilfe Sensoren hinten, Zentralverriegelung;€ 11.450;Sehr guter Preis;87.650 km;Automatik;05/2014;Benzin;88 kW (120 PS);5,6 l/100 km;129 g/km;Autoscout24.de
Volkswagen;Golf;VII 1.2 TSi Lim. **SHZ*PDC*Parkassistent**;Start/Stop-Automatik, 2-Zonen-Klimaautomatik, Sitzheizung, Touchscreen, Einparkhilfe Sensoren vorne, Einparkhilfe Sensoren hinten, Multifunktionslenkrad, Einparkhilfe selbstlenkendes System;€ 8.495;Guter Preis;132.000 km;Schaltgetriebe;09/2013;Benzin;63 kW (86 PS);nan;nan;Autoscout24.de
Opel;Astra;Edition Start/Stop;Einparkhilfe Kamera, 2-Zonen-Klimaautomatik, Start/Stop-Automatik, DAB-Radio, USB, Tagfahrlicht, Totwinkel-Assistent, Alufelgen;€ 7.950;Fairer Preis;246.500 km;Automatik;04/2021;Diesel;90 kW (122 PS);4,2 l/100 km;112 g/km;Autoscout24.de
Mazda;CX-5;Center-Line NAVI+XENON AHK SHZG PDC LANE;Bi-Xenon Scheinwerfer, Beifahrerairbag, Anhängerkupplung, Einparkhilfe Sensoren vorne, Elektr. Fensterheber, Sitzheizung, Getönte Scheiben, 2-Zonen-Klimaautomatik;€ 9.990;Fairer Preis;153.667 km;Schaltgetriebe;08/2013;Diesel;110 kW (150 PS);4,6 l/100 km;119 g/km;Autoscout24.de
Mitsubishi;Outlander;Diamant Edition 4WD;Allrad, Radio, LED-Tagfahrlicht, Sprachsteuerung, Sitzheizung, Anhängerkupplung, Apple CarPlay, Kurvenlicht;€ 12.300;Guter Preis;155.800 km;Automatik;03/2015;Diesel;110 kW (150 PS);5,4 l/100 km;143 g/km;Autoscout24.de
Volkswagen;Caddy;Kombi BMT Klima Touch Freisprech 5-Sitze;Klimaanlage, USB, Beifahrerairbag, Armlehne, Freisprecheinrichtung, Anhängerkupplung, ABS, Start/Stop-Automatik;€ 6.690;Fairer Preis;281.211 km;Schaltgetriebe;01/2016;Diesel;55 kW (75 PS);4,6 l/100 km;119 g/km;Autoscout24.de
BMW;116;i|1. Hand|LED TFL|Start/Stopp|AUX/USB|EURO6!;Traktionskontrolle, Regensensor, Radio, Armlehne, Isofix, LED-Tagfahrlicht, Klimaautomatik, Wegfahrsperre;€ 10.499;Sehr guter Preis;84.056 km;Schaltgetriebe;06/2016;Benzin;80 kW (109 PS);5,4 l/100 km;128 g/km;Autoscout24.de
Dacia;Lodgy;1.2 TCE STEPWAY NAVI/PDC/TEMP./NEBEL/KLIMA;Tempomat, Beifahrerairbag, Freisprecheinrichtung, Nebelscheinwerfer, Dachreling, Navigationssystem, Alufelgen, Pannenkit;€ 7.750;Sehr guter Preis;97.500 km;Schaltgetriebe;03/2016;Benzin;85 kW (116 PS);5,6 l/100 km;133 g/km;Autoscout24.de
Audi;Q5;2.0 TDI quattro  *TÜV-NEU/AHK*;Apple CarPlay, LED-Tagfahrlicht, Bluetooth, Elektr. Fensterheber, Navigationssystem, Alufelgen, Einparkhilfe Sensoren vorne, Bi-Xenon Scheinwerfer;€ 13.900;Sehr guter Preis;149.780 km;Schaltgetriebe;04/2012;Diesel;105 kW (143 PS);6,5 l/100 km;172 g/km;Autoscout24.de
Ford;Mondeo;Turnier 1,6 Titanium EXPORT;Fahrerairbag, Einparkhilfe Sensoren vorne, Lichtsensor, Touchscreen, Radio, Bluetooth, Gepäckraumabtrennung, Winterpaket;€ 5.400;Fairer Preis;134.000 km;Schaltgetriebe;06/2011;Benzin;118 kW (160 PS);6,4 l/100 km;152 g/km;Autoscout24.de
Renault;Grand Scenic;Scenic III Grand Paris NAVI*SHZG*PDC*KLIMAAUT.*;Alufelgen, USB, Beifahrerairbag, Fahrerairbag, 2-Zonen-Klimaautomatik, Navigationssystem, Traktionskontrolle, Allwetterreifen;€ 6.990;nan;150.616 km;Schaltgetriebe;11/2013;Benzin;85 kW (116 PS);6,1 l/100 km;145 g/km;Autoscout24.de
Skoda;Octavia;Elegance T.Leder,Navi,Bi-Xenon,PDC,SR+WR;Finanzierung ab 6,29% / Sofortankauf & Inzahlungnahme;€ 9.900;Guter Preis;156.240 km;Automatik;04/2013;Diesel;110 kW (150 PS);4,5 l/100 km;119 g/km;Autoscout24.de
Opel;Corsa;E 1.2 Klima;Elektrische Seitenspiegel, Klimaanlage, Fahrerairbag, Beifahrerairbag, Radio, Seitenairbag, Elektr. Fensterheber, Zentralverriegelung;€ 4.290;Sehr guter Preis;115.200 km;Schaltgetriebe;05/2016;Benzin;51 kW (69 PS);5,4 l/100 km;128 g/km;Autoscout24.de
Audi;TT;2.0 TFSI Roadster quattro S line Sport/Plus Bose;Multifunktionslenkrad, Sportfahrwerk, Radio, Windschott(für Cabrio), Scheinwerferreinigung, Soundsystem, Sitzheizung, Klimaanlage;€ 12.900;Guter Preis;175.949 km;Automatik;08/2011;Benzin;155 kW (211 PS);7,4 l/100 km;175 g/km;Autoscout24.de
Renault;Koleos;Bose Allrad Panodach AHK RFK  Night&Day 4x4;Ihr Autohaus mit Herz - Familienbetrieb seit 115 Jahren;€ 7.990;Sehr guter Preis;178.588 km;Schaltgetriebe;02/2014;Diesel;127 kW (173 PS);nan;nan;Autoscout24.de
Peugeot;RCZ;"Vollleder 18"" Einparkhilfe Memory Sitze Tempomat";Bluetooth, 2-Zonen-Klimaautomatik, Winterpaket, Klimaanlage, Fahrerairbag, Einparkhilfe Sensoren hinten, Geschwindigkeits-begrenzungsanlage, Elektrische Sitze;€ 11.490;Fairer Preis;63.427 km;Automatik;07/2011;Benzin;115 kW (156 PS);7,3 l/100 km;168 g/km;Autoscout24.de
Audi;Q5;Quattro 2.0 TDI Pano Xenon Naviplus Designpac;Bluetooth, Sportfahrwerk, Elektrische Heckklappe, LED-Tagfahrlicht, Bi-Xenon Scheinwerfer, Regensensor, Panoramadach, Start/Stop-Automatik;€ 18.490;Fairer Preis;129.000 km;Automatik;10/2012;Diesel;125 kW (170 PS);5,0 l/100 km;132 g/km;Autoscout24.de
Hyundai;i30;i30cw 1.6 Automatik Style;2-Zonen-Klimaautomatik, Sitzheizung, Pannenkit, Tempomat, Wegfahrsperre, Regensensor, Multifunktionslenkrad, Bi-Xenon Scheinwerfer;€ 9.870;Sehr guter Preis;122.195 km;Automatik;06/2015;Benzin;99 kW (135 PS);6,8 l/100 km;136 g/km;Autoscout24.de
Mercedes-Benz;CLS 250;SHOOTING BRAKE LEDER+NAVI+ILS+SPORT+TÜV+;Standheizung,Distronic,AktivPark,Reg.Wartung;€ 22.850;Sehr guter Preis;109.600 km;Automatik;07/2014;Diesel;150 kW (204 PS);5,3 l/100 km;139 g/km;Autoscout24.de
Audi;SQ5;3.0 TDI QUT FACE*VIRT*MATRIX*KAM*RS-SITZE*22';Volldigitales Kombiinstrument, Sportsitze, Luftfederung, Panoramadach, Allrad, Elektr. Fensterheber, Beifahrerairbag, Soundsystem;€ 32.900;Sehr guter Preis;212.000 km;Automatik;06/2020;Diesel;255 kW (347 PS);6,8 l/100 km;177 g/km;Autoscout24.de
Volkswagen;Touran;Life BMT 1HD/NAVI/KLIMA/SHZ/TEMPO/PDC;Einparkhilfe Sensoren vorne, Start/Stop-Automatik, Multifunktionslenkrad, Navigationssystem, Getönte Scheiben, Bluetooth, Klimaautomatik, Sitzheizung;€ 12.740;Fairer Preis;119.701 km;Schaltgetriebe;05/2013;Diesel;103 kW (140 PS);4,8 l/100 km;125 g/km;Autoscout24.de
Skoda;Octavia;Lim. Ambition;Anhängerkupplung, Sitzheizung, Klimaautomatik, Beifahrerairbag, Einparkhilfe Sensoren hinten, Isofix, Fahrerairbag, Bordcomputer;€ 8.888;Fairer Preis;128.543 km;Automatik;10/2012;Benzin;77 kW (105 PS);5,7 l/100 km;135 g/km;Autoscout24.de
Mitsubishi;Colt;1.1 ClearTec Edition;Klimaanlage, Sitzheizung, Gepäckraumabtrennung, Bordcomputer, Klimaautomatik, Alufelgen, Isofix, Seitenairbag;€ 4.990;Fairer Preis;90.715 km;Schaltgetriebe;03/2012;Benzin;55 kW (75 PS);4,9 l/100 km;115 g/km;Autoscout24.de
Volkswagen;Touran;Match;Multifunktionslenkrad, Navigationssystem, Einparkhilfe Sensoren hinten, Sitzheizung, Armlehne, Isofix, Tagfahrlicht, Tempomat;€ 7.499;Guter Preis;144.500 km;Schaltgetriebe;05/2012;Benzin;77 kW (105 PS);6,4 l/100 km;149 g/km;Autoscout24.de
Ford;C-Max;Trend 1.6 Ti-VCT Klimaanlage Winterpaket;Beheizbare Frontscheibe, Wegfahrsperre, Start/Stop-Automatik, Zentralverriegelung, CD, Radio, Fahrerairbag, Lordosenstütze;€ 6.980;Erhöhter Preis;103.500 km;Schaltgetriebe;03/2012;Benzin;92 kW (125 PS);nan;nan;Autoscout24.de
Mercedes-Benz;C 220;d Kombi AMG-Line|PDC|SHZ|SBL|Navi|Klima|USB;Sportpaket, Einparkhilfe Kamera, Navigationssystem, Getönte Scheiben, Sitzbelüftung, Sportfahrwerk, Klimaanlage, LED-Scheinwerfer;€ 15.890;Fairer Preis;200.000 km;Automatik;05/2015;Diesel;125 kW (170 PS);4,3 l/100 km;114 g/km;Autoscout24.de
Fiat;Ducato;2,3 HDI Maxi L3-H2*Garantie*1.Hand*;12-64 Monate Garantie / Tüv & Inspektion= NEU !;€ 9.490;Fairer Preis;179.900 km;Schaltgetriebe;04/2011;Diesel;88 kW (120 PS);8,3 l/100 km;220 g/km;Autoscout24.de
Mercedes-Benz;C 180;T Avantgarde *LEDER-TEMPO.-PDC-SITZHEIZ.*;Navigationssystem, Sportpaket, Sitzheizung, Zentralverriegelung, Sprachsteuerung, Multifunktionslenkrad, Lichtsensor, Getönte Scheiben;€ 12.880;Guter Preis;139.765 km;Automatik;03/2013;Benzin;115 kW (156 PS);7,8 l/100 km;185 g/km;Autoscout24.de
BMW;X1;xDrive 18d|PDC|AHK|SHZ|AUX|USB|Klima;Allrad, Elektr. Fensterheber, Anhängerkupplung, Alufelgen, Wegfahrsperre, Sitzheizung, Klimaautomatik, Bluetooth;€ 11.790;Fairer Preis;141.800 km;Schaltgetriebe;01/2014;Diesel;105 kW (143 PS);5,5 l/100 km;146 g/km;Autoscout24.de
Mercedes-Benz;GLC 220;d 4Matic Sitzh. Navi. Kamera Bluetooth;Seit 1963 Ihr KFZ-Meisterbetrieb in Mainz Bretzenheim;€ 22.990;Fairer Preis;159.000 km;Automatik;05/2017;Diesel;125 kW (170 PS);5,0 l/100 km;129 g/km;Autoscout24.de
Volkswagen;Passat Variant;Passat Vari. 2.0 TDI Highline/R-LINE 4Motion*LED /;Multifunktionslenkrad, Allrad, Regensensor, Beifahrerairbag, Elektrische Sitze, Innenspiegel automatisch abblendend, Bluetooth, Sitzheizung;€ 8.900;Guter Preis;230.122 km;Automatik;11/2012;Diesel;125 kW (170 PS);5,7 l/100 km;149 g/km;Autoscout24.de
BMW;X6;xDrive40d|LED|HUD|HiFi|SHZ|PDC|Kamera|Navi|BT;Reifendruckkontrollsystem, Einparkhilfe Kamera, Fahrerairbag, Allrad, Soundsystem, LED-Scheinwerfer, Sportfahrwerk, Head-up display;€ 15.990;Guter Preis;281.500 km;Automatik;12/2012;Diesel;225 kW (306 PS);7,5 l/100 km;199 g/km;Autoscout24.de
Volkswagen;Sharan;Comfortline 2.0 TDI Automatik/ Navi/ AHK;Alufelgen, Anhängerkupplung, Beifahrerairbag, Einparkhilfe Sensoren vorne, Navigationssystem, Getönte Scheiben, Sitzheizung, Apple CarPlay;€ 14.990;Sehr guter Preis;159.215 km;Automatik;07/2016;Diesel;110 kW (150 PS);5,2 l/100 km;136 g/km;Autoscout24.de
BMW;318;"d Tou Sport Line NAVI+LED+SHZ+TEMP+AHK+M18""";Sportfahrwerk, Sportsitze, Anhängerkupplung, 3-Zonen-Klimaautomatik, Ambientebeleuchtung, LED-Scheinwerfer, Elektrische Seitenspiegel, Einparkhilfe Sensoren vorne;€ 12.950;Sehr guter Preis;167.000 km;Schaltgetriebe;07/2019;Diesel;110 kW (150 PS);nan;nan;Autoscout24.de
Audi;A3;1.4 ambition 5000 km volle Mobi Garantie;Elektr. Fensterheber, Tagfahrlicht, Seitenairbag, MP3, Servolenkung, Traktionskontrolle, Bluetooth, ESP;€ 8.750;Erhöhter Preis;156.576 km;Schaltgetriebe;12/2012;Benzin;90 kW (122 PS);6,1 l/100 km;145 g/km;Autoscout24.de
Jaguar;F-Pace;20d R-Sport 4x4 Jet-Dachhimmel;Seit 1963 Ihr KFZ-Meisterbetrieb in Mainz Bretzenheim;€ 16.900;Sehr guter Preis;157.741 km;Automatik;02/2017;Diesel;132 kW (179 PS);5,9 l/100 km;157 g/km;Autoscout24.de
Mercedes-Benz;B 180;BlueEFFICIENCY Aut.-Navi-Xenon-Kamera-SHZ-;Alufelgen, Elektrische Seitenspiegel, Sportpaket, Einparkhilfe Kamera, Sportfahrwerk, Einparkhilfe selbstlenkendes System, Sitzheizung, Bi-Xenon Scheinwerfer;€ 14.900;Sehr guter Preis;39.500 km;Automatik;12/2014;Benzin;90 kW (122 PS);5,6 l/100 km;nan;Autoscout24.de
Mercedes-Benz;CLS 450;CLS 450 4M COMAND/SHD/Distron/Burmest/Kamera;Soundsystem, Abstandstempomat, teilb. Rücksitzbank, Volldigitales Kombiinstrument, Schiebedach, Ambientebeleuchtung, Totwinkel-Assistent, Beifahrerairbag;€ 37.980;Sehr guter Preis;67.987 km;Automatik;04/2018;Benzin;270 kW (367 PS);8,7 l/100 km;197 g/km;Autoscout24.de
Volkswagen;Golf Plus;1.2 TSI Comfortline Navi PDC LM-Felgen;Probefahrt, Finanzierung und Inzahlungnahme möglich :);€ 8.840;Fairer Preis;69.980 km;Schaltgetriebe;02/2011;Benzin;77 kW (105 PS);nan;nan;Autoscout24.de
Mercedes-Benz;CLS 63 AMG;CLS 63 5.5 525PS AMG Nachtsicht ACC Keyless H&K;Qualität - Zuverlässigkeit - Sicherheit;€ 39.499;Fairer Preis;158.948 km;Automatik;04/2011;Benzin;386 kW (525 PS);nan;231 g/km;Autoscout24.de
Volkswagen;T-Roc;2.0TSI Sport 4Motion DSG AID KAM ACC LED;Sportfahrwerk, Volldigitales Kombiinstrument, Ambientebeleuchtung, Einparkhilfe Kamera, Abstandstempomat, Standheizung, LED-Scheinwerfer, Allrad;€ 17.999;Sehr guter Preis;135.700 km;Automatik;03/2018;Benzin;140 kW (190 PS);6,7 l/100 km;152 g/km;Autoscout24.de
Audi;A6;Avant Navi*Sthz*PDC*El.Heck*Tempomat*El.Fenst;Fahrerairbag, Navigationssystem, Alufelgen, Einparkhilfe Sensoren vorne, Bi-Xenon Scheinwerfer, Scheinwerferreinigung, Getönte Scheiben, Start/Stop-Automatik;€ 14.890;Fairer Preis;145.468 km;Automatik;04/2012;Diesel;130 kW (177 PS);5,0 l/100 km;132 g/km;Autoscout24.de
Ford;Focus;Turnier Titanium ZAHNRIEM NEU/ 2HAND/TEMP.;Getönte Scheiben, Einparkhilfe Sensoren vorne, Apple CarPlay, Sitzheizung, Beheizbare Frontscheibe, Touchscreen, Einparkhilfe Kamera, Klimaautomatik;€ 8.999;Guter Preis;98.000 km;Schaltgetriebe;11/2017;Benzin;92 kW (125 PS);4,8 l/100 km;114 g/km;Autoscout24.de
Audi;A3;Sportback quattro S Line Sportpaket Aut. Navi;Sportfahrwerk, Sportpaket, Sportsitze, Allrad, Navigationssystem, Multifunktionslenkrad, Bordcomputer, Einparkhilfe Kamera;€ 15.890;Sehr guter Preis;133.104 km;Automatik;02/2015;Diesel;135 kW (184 PS);4,9 l/100 km;130 g/km;Autoscout24.de
Volkswagen;T5 Multivan;Highline 4Motion 2.0 TSI ABT*DVD*TV;Elektrische Seitenspiegel, Allrad, Sitzheizung, Reifendruckkontrollsystem, Schiebetür rechts, Navigationssystem, Tempomat, Standheizung;€ 27.790;Guter Preis;185.000 km;Automatik;05/2013;Benzin;150 kW (204 PS);nan;nan;Autoscout24.de
Mazda;3;2.0 SkyActive-G Center-Line, Navi, Klima;2-Zonen-Klimaautomatik, Alufelgen, Sitzheizung, MP3, Einparkhilfe Sensoren hinten, Navigationssystem, USB, Geschwindigkeits-begrenzungsanlage;€ 10.850;Sehr guter Preis;104.500 km;Schaltgetriebe;06/2015;Benzin;88 kW (120 PS);5,1 l/100 km;119 g/km;Autoscout24.de
BMW;550;d xDrive Individual|Xenon|HUD|Kamera|SHZ;Sportfahrwerk, Head-up display, Abstandstempomat, Totwinkel-Assistent, Einparkhilfe Kamera, Schiebedach, Elektrische Sitze, Sportsitze;€ 21.990;Sehr guter Preis;180.000 km;Automatik;05/2013;Diesel;280 kW (381 PS);nan;nan;Autoscout24.de
Skoda;Fabia;1.0 MPI Ambit CLIMATRONIK+SHZ+PDC+TEMP+DAB;Sportsitze, Sitzheizung, Zentralverriegelung, Einparkhilfe Sensoren vorne, Apple CarPlay, Tempomat, Einparkhilfe Sensoren hinten, Isofix;€ 9.950;Sehr guter Preis;46.267 km;Schaltgetriebe;03/2019;Benzin;55 kW (75 PS);4,8 l/100 km;110 g/km;Autoscout24.de
Fiat;500;1.2 8V Lounge Navi/Pano/Sitzh/Temp/DAB/PDC;Klimaautomatik, Einparkhilfe Sensoren hinten, Alufelgen, Sitzheizung, E10-geeignet, Navigationssystem, Regensensor, Sommerreifen;€ 8.880;Sehr guter Preis;75.419 km;Schaltgetriebe;03/2019;Benzin;51 kW (69 PS);nan;nan;Autoscout24.de
Suzuki;SX4;Club *KLIMA-WENIG KILOMETER-PDC-NAVI*;Navigationssystem, Klimaanlage, Touchscreen, Sprachsteuerung, Traktionskontrolle, Zentralverriegelung, Freisprecheinrichtung, ESP;€ 9.990;Sehr guter Preis;28.147 km;Schaltgetriebe;02/2015;Benzin;88 kW (120 PS);6,2 l/100 km;143 g/km;Autoscout24.de
Volkswagen;Golf;VI  2.0 GTD/KLIMAAUTO/NAVI/LED/XENON/1 HAND;Bi-Xenon Scheinwerfer, Navigationssystem, Sportfahrwerk, Radio, Einparkhilfe Sensoren vorne, Sommerreifen, Bluetooth, Bordcomputer;€ 6.980;Fairer Preis;242.846 km;Schaltgetriebe;12/2011;Diesel;125 kW (170 PS);5,1 l/100 km;134 g/km;Autoscout24.de
Volkswagen;Golf Plus;VI Team 2.0 TDI Bi-Xenon Climatronic 2-Zonen Dyn.;Alufelgen, Xenonscheinwerfer, Zentralverriegelung, Traktionskontrolle, Pannenkit, Wegfahrsperre, Sitzheizung, Einparkhilfe Sensoren hinten;€ 6.990;Fairer Preis;185.000 km;Schaltgetriebe;02/2011;Diesel;103 kW (140 PS);nan;nan;Autoscout24.de
Nissan;X-Trail;1.6 Panorama 360Kamera PDC Navi;Auto kauft man mit Vertrauen u Garantie;€ 14.200;Sehr guter Preis;118.803 km;Automatik;03/2017;Diesel;96 kW (131 PS);nan;nan;Autoscout24.de
Mercedes-Benz;ML 350;CDI AMG LINE H&K AHK PANO STANDHZ 21Z ALU;FINANZIERUNG ab 3,99%++GARANTIE bis 36 Monate++ANKAUF;€ 24.950;Guter Preis;175.000 km;Automatik;06/2014;Diesel;190 kW (258 PS);6,8 l/100 km;180 g/km;Autoscout24.de
Volkswagen;Caddy;Maxi 2.0 TDI Trendl., 7-Sitzer, Klima, DSG;Alufelgen, Fahrerairbag, Navigationssystem, Touchscreen, Elektr. Fensterheber, Einparkhilfe Sensoren hinten, Klimaanlage, Anhängerkupplung;€ 11.950;Erhöhter Preis;219.000 km;Automatik;05/2011;Diesel;103 kW (140 PS);6,3 l/100 km;166 g/km;Autoscout24.de
Honda;Jazz;1.4 Trend i 73 kW (99 PS), Schalt. 5-Gang, Fron...;Alufelgen, Klimaanlage, USB, Multifunktionslenkrad, Wegfahrsperre, Sommerreifen, Pannenkit, Servolenkung;€ 3.900;Guter Preis;212.000 km;Schaltgetriebe;12/2012;Benzin;73 kW (99 PS);nan;nan;Autoscout24.de
Audi;A3;1.4 TFSI Sportback Ambition - Allwetterreifen NEU;Alufelgen, Xenonscheinwerfer, Bluetooth, Multifunktionslenkrad, Seitenairbag, Sportsitze, Elektronische Parkbremse, Scheinwerferreinigung;€ 9.590;Fairer Preis;150.000 km;Schaltgetriebe;11/2013;Benzin;90 kW (122 PS);5,3 l/100 km;123 g/km;Autoscout24.de
Ford;Tourneo Connect;1.6 TDCi 5 SITZE TITANIUM PANO;Beifahrerairbag, Alufelgen, Klimaanlage, Panoramadach, Einparkhilfe Sensoren hinten, Bordcomputer, Bluetooth, Kurvenlicht;€ 12.480;Sehr guter Preis;94.506 km;Schaltgetriebe;03/2015;Diesel;85 kW (116 PS);4,9 l/100 km;130 g/km;Autoscout24.de
Skoda;Rapid/Spaceback;1.2 TSI Joy*PDC*SHZ*AHK*TEMPO*KLIMA*GARANTIE*;❗Service Historie und Gebrauchtspureninfos auf Anruf;€ 8.540;Sehr guter Preis;109.545 km;Schaltgetriebe;05/2016;Benzin;81 kW (110 PS);4,9 l/100 km;110 g/km;Autoscout24.de
Audi;Q3;2.0 TDI 2.Hd*KeyGo*Klima*PDC*2xSHZ*18Zoll;Seitenairbag, Gepäckraumabtrennung, Start/Stop-Automatik, Armlehne, Multifunktionslenkrad, Alufelgen, Sitzheizung, Sprachsteuerung;€ 13.980;Fairer Preis;149.000 km;Schaltgetriebe;10/2013;Diesel;103 kW (140 PS);5,2 l/100 km;nan;Autoscout24.de
Ford;Transit Custom;Kasten 290 L2 Trend °Klima°AHK°;Tempomat, Radio, Einparkhilfe Sensoren vorne, Klimaanlage, USB, Geschwindigkeits-begrenzungsanlage, Multifunktionslenkrad, Allwetterreifen;€ 10.800;nan;80.225 km;Schaltgetriebe;06/2014;Diesel;96 kW (131 PS);nan;nan;Autoscout24.de
Opel;Meriva;B 1.4 Turbo STYLE Klima Sitzheizung PDC;Über 400 Dacia Neuwagen im Bestand/3 Jahre Garantie;€ 5.490;Guter Preis;148.000 km;Schaltgetriebe;09/2014;Benzin;88 kW (120 PS);5,9 l/100 km;nan;Autoscout24.de
Mercedes-Benz;B 200;BlueEF  SHZ+Klima+Chrompaket+Parkpilot+MFL;Fahrerairbag, Einparkhilfe Sensoren vorne, Getönte Scheiben, CD, Sitzheizung, Multifunktionslenkrad, Reifendruckkontrollsystem, Servolenkung;€ 9.899;Sehr guter Preis;106.000 km;Schaltgetriebe;04/2013;Benzin;115 kW (156 PS);nan;nan;Autoscout24.de
Peugeot;308;Peugeot 308 Automatik NAVI Touch BT KAMERA;Seit 1963 Ihr KFZ-Meisterbetrieb in Mainz Bretzenheim;€ 9.390;Sehr guter Preis;123.406 km;Automatik;06/2016;Benzin;96 kW (131 PS);4,9 l/100 km;119 g/km;Autoscout24.de
Mercedes-Benz;E 220;CDI T-Modell BE 2. HAND LED NAVI PDC SHZ;Unsere Fahrzeuge werden aller von der DEKRA begutachtet;€ 16.990;Guter Preis;125.000 km;Automatik;01/2014;Diesel;125 kW (170 PS);5,0 l/100 km;132 g/km;Autoscout24.de
Land Rover;Range Rover Evoque;Td4 SE Dynamic Leder ab 149€;Seit 1963 Ihr KFZ-Meisterbetrieb in Mainz Bretzenheim;€ 16.990;Fairer Preis;150.000 km;Automatik;10/2017;Diesel;110 kW (150 PS);8,2 l/100 km;188 g/km;Autoscout24.de
Peugeot;308;Peugeot 308 Automatik NAVI Touch BT KAMERA;Seit 1963 Ihr KFZ-Meisterbetrieb in Mainz Bretzenheim;€ 9.390;Sehr guter Preis;123.406 km;Automatik;06/2016;Benzin;96 kW (131 PS);4,9 l/100 km;119 g/km;Autoscout24.de
Mercedes-Benz;E 220;CDI T-Modell BE 2. HAND LED NAVI PDC SHZ;Unsere Fahrzeuge werden aller von der DEKRA begutachtet;€ 16.990;Guter Preis;125.000 km;Automatik;01/2014;Diesel;125 kW (170 PS);5,0 l/100 km;132 g/km;Autoscout24.de
Land Rover;Range Rover Evoque;Td4 SE Dynamic Leder ab 149€;Seit 1963 Ihr KFZ-Meisterbetrieb in Mainz Bretzenheim;€ 16.990;Fairer Preis;150.000 km;Automatik;10/2017;Diesel;110 kW (150 PS);8,2 l/100 km;188 g/km;Autoscout24.de
BMW;X5;xDrive30d 7-Sitzer|SHZ|Softclose|Navi|HUD|BT;Navigationssystem, Einparkhilfe Sensoren vorne, Head-up display, Sitzheizung, Bluetooth, Fahrerairbag, Elektrische Sitze, Isofix;€ 19.990;Erhöhter Preis;175.000 km;Automatik;06/2012;Diesel;180 kW (245 PS);7,4 l/100 km;196 g/km;Autoscout24.de
Mitsubishi;ASX;Top 4WD PANO SHZ LEDER KLIMAUT;Elektrische Sitze, Schiebedach, Allrad, Sitzheizung, Multifunktionslenkrad, Einparkhilfe Kamera, Navigationssystem, Notbremsassistent;€ 11.750;Guter Preis;125.500 km;Automatik;07/2015;Diesel;110 kW (150 PS);5,8 l/100 km;154 g/km;Autoscout24.de
Audi;A3;SPORTBACK 2.0 TDI AMBITION NAVI XENON SHZ PDC;FINANZIERUNG ab 3,99%++GARANTIE bis 36 Monate++ANKAUF;€ 12.950;Sehr guter Preis;159.000 km;Automatik;09/2015;Diesel;110 kW (150 PS);4,4 l/100 km;116 g/km;Autoscout24.de
BMW;330;"Gran Turismo xDrive Luxury Line Pano Hud 19""";Sportfahrwerk, Head-up display, Sportpaket, Abstandstempomat, Elektrische Sitze, Sportsitze, LED-Tagfahrlicht, Einparkhilfe Sensoren hinten;€ 18.990;Fairer Preis;187.700 km;Automatik;10/2014;Diesel;190 kW (258 PS);5,4 l/100 km;143 g/km;Autoscout24.de
Volkswagen;Golf;BMT DSG Comfortline*Leder*Panor.*Navi*Garantie;Sitzheizung, Elektronische Parkbremse, Multifunktionslenkrad, Start/Stop-Automatik, Navigationssystem, Xenonscheinwerfer, Alufelgen, Panoramadach;€ 11.999;Guter Preis;113.000 km;Automatik;01/2013;Benzin;77 kW (105 PS);4,8 l/100 km;112 g/km;Autoscout24.de
Tesla;Model S;90D Allradantrieb Autopilot,Pano,HighSound,Navi;Volldigitales Kombiinstrument, Einparkhilfe selbstlenkendes System, ABS, Einparkhilfe Kamera, Schlüssellose Zentralverriegelung, Alarmanlage, Radio, Spurhalteassistent; ;nan;nan;nan;nan;nan;nan;nan;nan;Autoscout24.de
Mercedes-Benz;GLK 250;CDI AHK 4Matic DPF Sportpaket Navi Bi-Xenon;Navigationssystem, Sportpaket, Anhängerkupplung, Allrad, Traktionskontrolle, teilb. Rücksitzbank, Multifunktionslenkrad, Schaltwippen;€ 22.999;nan;91.000 km;Automatik;12/2012;Diesel;150 kW (204 PS);nan;nan;Autoscout24.de
Toyota;Corolla;Touring Sports Hybrid Team D -TAXI-;Sommerreifen, LED-Scheinwerfer, Alufelgen, Dachreling, Sitzheizung, Alarmanlage, Freisprecheinrichtung, USB; ;nan;nan;nan;nan;nan;nan;nan;nan;Autoscout24.de
SEAT;Leon;ST Style;Über 1000 Fahrzeuge auf Lager und sofort verfügbar !!!;€ 9.990;Sehr guter Preis;107.200 km;Schaltgetriebe;06/2015;Benzin;92 kW (125 PS);5,3 l/100 km;126 g/km;Autoscout24.de
Dacia;Dokker;Stepway 1.2 TCe 115 ALLWETTER PDC KLIMA RADIO;Herbstangebot!;€ 8.990;Sehr guter Preis;120.190 km;Schaltgetriebe;01/2017;Benzin;85 kW (116 PS);nan;nan;Autoscout24.de
Ford;B-Max;1.0 EcoBoost Sync Edition WSSHz|NAV|PDCv+h;Wegfahrsperre, Beifahrerairbag, Einparkhilfe Sensoren vorne, CD, Navigationssystem, Alufelgen, Freisprecheinrichtung, Isofix;€ 7.900;Sehr guter Preis;44.396 km;Schaltgetriebe;08/2014;Benzin;92 kW (125 PS);nan;nan;Autoscout24.de
Kia;Picanto;Dream Team 1.0 Klimaautomatik SHZ Bluetooth Zentra;Pannenkit, Alufelgen, Sitzheizung, Klimaanlage, Elektr. Fensterheber, Klimaautomatik, Multifunktionslenkrad, Elektrische Seitenspiegel;€ 6.900;Sehr guter Preis;77.660 km;Schaltgetriebe;01/2016;Benzin;49 kW (67 PS);nan;nan;Autoscout24.de
Mercedes-Benz;GLB 200;DCT 8G-Tronic Urban 7-Sitzer Kamera/LED;Volldigitales Kombiinstrument, Einparkhilfe Kamera, LED-Scheinwerfer, Sportsitze, Touchscreen, Einparkhilfe Sensoren vorne, Elektrische Heckklappe, Start/Stop-Automatik;€ 24.490;Fairer Preis;192.324 km;Automatik;12/2021;Diesel;110 kW (150 PS);4,8 l/100 km;146 g/km;Autoscout24.de
Volkswagen;Beetle;TSI Design;Alufelgen, Navigationssystem, Sitzheizung, Elektrische Seitenspiegel, Einparkhilfe Sensoren hinten, 2-Zonen-Klimaautomatik, Getönte Scheiben, Einparkhilfe Sensoren vorne;€ 9.890;Sehr guter Preis;100.350 km;Schaltgetriebe;09/2013;Benzin;77 kW (105 PS);5,6 l/100 km;129 g/km;Autoscout24.de
Mercedes-Benz;Vito;Tourer 116 Extralang *AHK+ Klima* (2319);Standheizung, Reifendruckkontrollsystem, Tempomat, Anhängerkupplung, Seitenairbag, Schiebetür, Elektrische Seitenspiegel, Getönte Scheiben;€ 21.490;Sehr guter Preis;127.050 km;Schaltgetriebe;08/2016;Diesel;120 kW (163 PS);nan;nan;Autoscout24.de
Genesis;G80;3.8 V6 /Pano/Head-Up/Soft Cl./360;Fahrerairbag, Sitzheizung, 3-Zonen-Klimaautomatik, Totwinkel-Assistent, Einparkhilfe Kamera, Beheizbares Lenkrad, Soundsystem, Einparkhilfe Sensoren vorne;€ 21.950;Sehr guter Preis;122.700 km;Automatik;06/2014;Benzin;232 kW (315 PS);11,6 l/100 km;274 g/km;Autoscout24.de
Opel;Astra;K Lim. 1.6D EDITION NAVI/LED/TEMP./SPORT;Apple CarPlay, Seitenairbag, Armlehne, Android Auto, Regensensor, Einparkhilfe Sensoren hinten, Zentralverriegelung, LED-Tagfahrlicht;€ 8.450;Sehr guter Preis;117.950 km;Schaltgetriebe;05/2019;Diesel;81 kW (110 PS);3,6 l/100 km;95 g/km;Autoscout24.de
Peugeot;208;Active*Klima*Radio*BT;E10-geeignet, Elektrische Seitenspiegel, Bluetooth, Tempomat, Seitenairbag, Wegfahrsperre, Freisprecheinrichtung, Touchscreen;€ 7.638;Guter Preis;72.000 km;Schaltgetriebe;01/2017;Benzin;60 kW (82 PS);4,5 l/100 km;107 g/km;Autoscout24.de
Audi;A3;Sportback 1.2 TFSI Attraction Automatik;100% Vollfinanzierung über unsere Hausbank möglich;€ 9.899;nan;110.500 km;Automatik;04/2012;Benzin;77 kW (105 PS);5,3 l/100 km;123 g/km;Autoscout24.de
Audi;A7;2.8 FSI, Memory Leder Sitze, Kamera, Klimaau.;Sitzheizung, CD, Schaltwippen, Zentralverriegelung mit Funkfernbedienung, Einparkhilfe Sensoren vorne, Elektrische Heckklappe, Touchscreen, Ambientebeleuchtung;€ 18.950;Hoher Preis;124.000 km;Automatik;08/2011;Benzin;150 kW (204 PS);7,4 l/100 km;nan;Autoscout24.de
Hyundai;i30;|Klima|Isofix|Servo|2.Hand|USB|AUX;Fahrerairbag, E10-geeignet, Pannenkit, Klimaanlage, Klimaautomatik, Beifahrerairbag, Seitenairbag, Wegfahrsperre;€ 8.790;Guter Preis;122.845 km;Schaltgetriebe;12/2016;Benzin;74 kW (101 PS);5,6 l/100 km;129 g/km;Autoscout24.de
Peugeot;5008;Allure Business Ambiente 7-Sitze;Alufelgen, 2-Zonen-Klimaautomatik, Totwinkel-Assistent, Touchscreen, Einparkhilfe Sensoren vorne, Freisprecheinrichtung, Einparkhilfe Kamera, Lichtsensor;€ 13.900;Guter Preis;161.644 km;Schaltgetriebe;01/2020;Benzin;96 kW (131 PS);5,3 l/100 km;121 g/km;Autoscout24.de
Skoda;Octavia;Combi Sport Edition/Xenon/SH/Navi;Alufelgen, Sportfahrwerk, Navigationssystem, Sommerreifen, Xenonscheinwerfer, Sitzheizung, Klimaanlage, Multifunktionslenkrad;€ 11.250;Sehr guter Preis;100.863 km;Automatik;06/2013;Benzin;118 kW (160 PS);6,6 l/100 km;155 g/km;Autoscout24.de
Hyundai;iX35;Premium AWD **Tüv neu** Aut Leder Navi Cam;Einparkhilfe Sensoren hinten, Nebelscheinwerfer, 2-Zonen-Klimaautomatik, Navigationssystem, Touchscreen, Spoiler, Alufelgen, MP3;€ 8.990;Guter Preis;175.631 km;Automatik;01/2012;Diesel;135 kW (184 PS);7,2 l/100 km;189 g/km;Autoscout24.de
Mercedes-Benz;C 220;BlueTec / d Lim. Avantgarde*Exclusive*LED;Tempomat, Einparkhilfe Sensoren vorne, LED-Scheinwerfer, Navigationssystem, Sitzheizung, Elektrische Sitze, Ambientebeleuchtung, Alufelgen;€ 19.998;Guter Preis;75.900 km;Automatik;06/2015;Diesel;125 kW (170 PS);4,0 l/100 km;109 g/km;Autoscout24.de
Kia;Carens;Dream Team/Mfl/Navi/Shz/Navi/7-Sitzer/;Navigationssystem, Beifahrerairbag, Sitzheizung, Tempomat, Elektr. Fensterheber, Alufelgen, Einparkhilfe Kamera, Dachreling;€ 11.990;Sehr guter Preis;77.383 km;Schaltgetriebe;04/2018;Benzin;99 kW (135 PS);6,5 l/100 km;150 g/km;Autoscout24.de
Volkswagen;Golf Sportsvan;Lounge BMT/ Anhängerkupl;Isofix, Alufelgen, Multifunktionslenkrad, Berganfahrassistent, Navigationssystem, 2-Zonen-Klimaautomatik, Sportsitze, Sitzheizung;€ 8.400;Sehr guter Preis;158.617 km;Schaltgetriebe;04/2015;Benzin;81 kW (110 PS);3,9 l/100 km;101 g/km;Autoscout24.de
Audi;A4;Lim. design *NAVI*PDC*KAMERA*TEMPOMAT*;Einparkhilfe Kamera, Navigationssystem, Elektrische Heckklappe, Getönte Scheiben, Sitzheizung, Armlehne, Einparkhilfe Sensoren vorne, Bi-Xenon Scheinwerfer;€ 15.499;Fairer Preis;110.969 km;Schaltgetriebe;04/2017;Benzin;110 kW (150 PS);5,5 l/100 km;131 g/km;Autoscout24.de
Mercedes-Benz;Sprinter;II Kasten 211 CDI;Schiebetür rechts, Klimaanlage, Elektrische Seitenspiegel, Allwetterreifen, Freisprecheinrichtung, USB, Einparkhilfe Sensoren vorne, Armlehne;€ 11.990;nan;185.532 km;Automatik;04/2018;Diesel;84 kW (114 PS);8,2 l/100 km;213 g/km;Autoscout24.de
Kia;Picanto;Edition 7 1.0 Tel.-Vorb. Klima BT Tel DAB;Elektrische Seitenspiegel, Klimaanlage, Pannenkit, Zentralverriegelung, Elektr. Fensterheber, Multifunktionslenkrad, Beifahrerairbag, Traktionskontrolle;€ 8.950;Guter Preis;70.000 km;Schaltgetriebe;09/2021;Benzin;49 kW (67 PS);nan;121 g/km;Autoscout24.de
Opel;Insignia;A ST 2.0D INNOV. NAVI/LED/KAMERA/SHZ;Einparkhilfe Kamera, Getönte Scheiben, Android Auto, Sprachsteuerung, Einparkhilfe Sensoren vorne, Multifunktionslenkrad, Sommerreifen, Sitzheizung;€ 6.700;nan;140.990 km;Automatik;05/2016;Diesel;125 kW (170 PS);5,5 l/100 km;145 g/km;Autoscout24.de
Mercedes-Benz;Sprinter;II Kasten 211 CDI;Schiebetür rechts, Klimaanlage, Elektrische Seitenspiegel, Allwetterreifen, Freisprecheinrichtung, USB, Einparkhilfe Sensoren vorne, Armlehne;€ 11.990;nan;185.532 km;Automatik;04/2018;Diesel;84 kW (114 PS);8,2 l/100 km;213 g/km;Autoscout24.de
Kia;Picanto;Edition 7 1.0 Tel.-Vorb. Klima BT Tel DAB;Elektrische Seitenspiegel, Klimaanlage, Pannenkit, Zentralverriegelung, Elektr. Fensterheber, Multifunktionslenkrad, Beifahrerairbag, Traktionskontrolle;€ 8.950;Guter Preis;70.000 km;Schaltgetriebe;09/2021;Benzin;49 kW (67 PS);nan;121 g/km;Autoscout24.de
SEAT;Ibiza;SC Cupra 1.8 TFSI Navi Sihzg Klimaaut Bi-Xenon;Sportfahrwerk, Navigationssystem, Xenonscheinwerfer, Sportsitze, Sitzheizung, Klimaanlage, Müdigkeitswarnsystem, teilb. Rücksitzbank;€ 11.990;Sehr guter Preis;97.690 km;Schaltgetriebe;10/2016;Benzin;141 kW (192 PS);nan;nan;Autoscout24.de
Volkswagen;Golf;VII1.6 TDI Lounge;Alufelgen, Einparkhilfe Sensoren vorne, Beifahrerairbag, Armlehne, Sitzheizung, Multifunktionslenkrad, Bluetooth, Elektrische Seitenspiegel;€ 9.590;Fairer Preis;170.895 km;Schaltgetriebe;02/2016;Diesel;81 kW (110 PS);3,8 l/100 km;99 g/km;Autoscout24.de
BMW;318;d Sport Line Exclusive PANO+KAM+MEMO+AHK+LED+;Sportfahrwerk, Sportsitze, LED-Scheinwerfer, Volldigitales Kombiinstrument, Getönte Scheiben, Elektrische Sitze, Panoramadach, 3-Zonen-Klimaautomatik;€ 18.350;Sehr guter Preis;139.982 km;Schaltgetriebe;06/2019;Diesel;110 kW (150 PS);4,3 l/100 km;113 g/km;Autoscout24.de
Citroen;Spacetourer;Spacetourer Feel XL;Schiebetür links, Einparkhilfe Kamera, 360° Kamera, Beifahrerairbag, Radio, Head-up display, Navigationssystem, Kurvenlicht;€ 22.500;nan;136.000 km;Automatik;11/2018;Diesel;130 kW (177 PS);6,2 l/100 km;163 g/km;Autoscout24.de
Mercedes-Benz;E 220;E -Klasse Cabrio E 220 CDI Avantgarde;Navigationssystem, Müdigkeitswarnsystem, Einparkhilfe Sensoren vorne, Sitzheizung, Radio, Elektrische Sitze, Bi-Xenon Scheinwerfer, Sommerreifen;€ 16.450;Sehr guter Preis;104.290 km;Automatik;05/2011;Diesel;125 kW (170 PS);6,3 l/100 km;165 g/km;Autoscout24.de
Volvo;XC90;Diesel D5 AWD Geartronic Inscription;W-Lan / Wifi Hotspot, Elektrische Sitze, Ambientebeleuchtung, Voll-LED Scheinwerfer, Sitzheizung, Dachreling, Isofix, Regensensor;€ 28.990;Sehr guter Preis;158.800 km;Automatik;07/2018;Diesel;173 kW (235 PS);nan;nan;Autoscout24.de
Audi;A3;Sportback*2.Hand*Xenon*Navi*PDC*AHK*Alu*Klima;Sportfahrwerk, Einparkhilfe Sensoren hinten, Bordcomputer, Sommerreifen, Sportpaket, Sitzheizung, Xenonscheinwerfer, LED-Tagfahrlicht;€ 12.597;Sehr guter Preis;127.900 km;Schaltgetriebe;03/2015;Benzin;92 kW (125 PS);5,1 l/100 km;121 g/km;Autoscout24.de
Mercedes-Benz;S 350;Lang Memory+Pano+ACC+Navi;Sitzheizung, Totwinkel-Assistent, LED-Tagfahrlicht, Navigationssystem, Fernlichtassistent, Abstandstempomat, Einparkhilfe Kamera, Soundsystem;€ 27.950;Sehr guter Preis;92.000 km;Automatik;02/2013;Diesel;190 kW (258 PS);nan;nan;Autoscout24.de
BMW;M5;Competition-Keramik-Bowers&Wilkins-Driving Ass Pro;Massagesitze, Sportfahrwerk, Sportpaket, Head-up display, MP3, Elektronische Parkbremse, Allrad, Spoiler;€ 94.875;Fairer Preis;43.370 km;Automatik;03/2023;Benzin;460 kW (625 PS);11,1 l/100 km;250 g/km;Autoscout24.de
Audi;A4;Avant S line Sportpaket / plus quattro*B&O*NAVI*XE;Sportsitze, Allrad, Sportpaket, Sportfahrwerk, Navigationssystem, Multifunktionslenkrad, LED-Tagfahrlicht, Soundsystem;€ 15.970;Fairer Preis;156.000 km;Automatik;05/2014;Benzin;165 kW (224 PS);6,7 l/100 km;159 g/km;Autoscout24.de
MINI;Cooper;|Klima|Tempomat|Servo|2.Hand|Isofix;Alufelgen, Berganfahrassistent, Sportsitze, Multifunktionslenkrad, Start/Stop-Automatik, Fahrerairbag, Elektrische Seitenspiegel, Pannenkit;€ 10.990;Fairer Preis;71.000 km;Schaltgetriebe;12/2011;Benzin;90 kW (122 PS);5,4 l/100 km;128 g/km;Autoscout24.de
Ford;Transit Connect;Transit Conn 1.5d Trend 3SIT+KLIMA+PDC+AHK+8FACH;Klimaanlage, Schiebetür rechts, Beheizbare Frontscheibe, Start/Stop-Automatik, Alufelgen, Elektr. Fensterheber, Lordosenstütze, Anhängerkupplung;€ 8.850;nan;124.993 km;Schaltgetriebe;07/2017;Diesel;74 kW (101 PS);4,8 l/100 km;124 g/km;Autoscout24.de
Ford;S-Max;S-MAX Titanium Design/Business-Paket 7-Sitze;Bluetooth, Einparkhilfe Sensoren vorne, Elektrische Sitze, Apple CarPlay, Beheizbares Lenkrad, Beifahrerairbag, Abstandstempomat, Navigationssystem;€ 16.900;Sehr guter Preis;130.000 km;Automatik;08/2016;Diesel;132 kW (179 PS);5,2 l/100 km;134 g/km;Autoscout24.de
Audi;A1;design 1.4 TFSI *XEN*NAV*8-fach*;Sitzheizung, Fahrerairbag, Sportsitze, Scheinwerferreinigung, Navigationssystem, Freisprecheinrichtung, Schlüssellose Zentralverriegelung, Seitenairbag;€ 12.390;Guter Preis;132.200 km;Schaltgetriebe;09/2017;Benzin;92 kW (125 PS);nan;nan;Autoscout24.de
Volkswagen;Eos;Basis BMT*Navi*Pdc*Shz*Klimaautomatik;Navigationssystem, Schiebedach, Start/Stop-Automatik, Beifahrerairbag, Sitzheizung, Freisprecheinrichtung, Müdigkeitswarnsystem, E10-geeignet;€ 12.499;Fairer Preis;65.200 km;Schaltgetriebe;02/2012;Benzin;90 kW (122 PS);6,2 l/100 km;144 g/km;Autoscout24.de
Ford;Focus;ST 2.3 EcoBoost *RECARO*PANO* ACC*LED*KAMERA*SHZ;Sportfahrwerk, Lichtsensor, Lederlenkrad, Abstandstempomat, Seitenairbag, Schiebedach, W-Lan / Wifi Hotspot, Soundsystem;€ 17.990;Sehr guter Preis;160.804 km;Automatik;06/2020;Benzin;206 kW (280 PS);nan;nan;Autoscout24.de
Volvo;V70;Kombi Linje Classic;Elektrische Heckklappe, Alufelgen, Sportfahrwerk, Schiebedach, LED-Tagfahrlicht, Volldigitales Kombiinstrument, Elektrische Sitze, Abstandswarner;€ 8.900;Sehr guter Preis;195.697 km;Schaltgetriebe;05/2016;Diesel;110 kW (150 PS);4,1 l/100 km;113 g/km;Autoscout24.de
Opel;Zafira;2.0 Edition-Tempo-Klimaa.-AHK-SHZ-PDC-MFL;Sommerreifen, Zentralverriegelung, Tagfahrlicht, 2-Zonen-Klimaautomatik, Nebelscheinwerfer, Getönte Scheiben, Einparkhilfe Sensoren vorne, Fahrerairbag;€ 5.900;nan;194.600 km;Automatik;01/2012;Diesel;121 kW (165 PS);6,0 l/100 km;159 g/km;Autoscout24.de
Audi;Q3;2.0 TDI quattro S-Tronic S-Line Bi-Xenon AHK;Seit 1963 Ihr KFZ-Meisterbetrieb in Mainz Bretzenheim;€ 17.900;Guter Preis;161.000 km;Automatik;02/2016;Diesel;135 kW (184 PS);5,6 l/100 km;146 g/km;Autoscout24.de
BMW;225;xe iPerformance Active Tourer Luxury Line;BMW Vertragshändler - MINI Servicepartner;€ 17.930;Sehr guter Preis;38.000 km;Automatik;02/2018;Benzin;100 kW (136 PS);nan;nan;Autoscout24.de
BMW;116;Baureihe 1 Lim. 5-trg. 116 i 61 TKM;Sitzheizung, E10-geeignet, Einparkhilfe Sensoren vorne, Tempomat, Alufelgen, Traktionskontrolle, Nebelscheinwerfer, Einparkhilfe Sensoren hinten;€ 12.599;Sehr guter Preis;61.250 km;Schaltgetriebe;09/2017;Benzin;80 kW (109 PS);5,3 l/100 km;123 g/km;Autoscout24.de
Peugeot;2008;Active Pack1.2T NAVI/LED/PDC/TEMPOMAT/ALU;Navigationssystem, LED-Scheinwerfer, Klimaautomatik, Alufelgen, Fernlichtassistent, Regensensor, Spurhalteassistent, Beifahrerairbag;€ 15.390;Sehr guter Preis;22.990 km;Schaltgetriebe;11/2020;Benzin;96 kW (131 PS);4,5 l/100 km;103 g/km;Autoscout24.de
Mercedes-Benz;A 180;"LIMO AMG Line WIDESC+LEDER+NAV+AHK+DAB+18""";Sportsitze, Sportfahrwerk, Volldigitales Kombiinstrument, Ambientebeleuchtung, Sportpaket, Getönte Scheiben, Sitzheizung, Notrufsystem;€ 17.550;Sehr guter Preis;149.443 km;Schaltgetriebe;02/2021;Benzin;100 kW (136 PS);5,2 l/100 km;120 g/km;Autoscout24.de
Dacia;Sandero;II Stepway Prestige|LED TFL|Navi|PDC|E6!;Start/Stop-Automatik, Klimaanlage, Dachreling, Isofix, Navigationssystem, Tempomat, Nebelscheinwerfer, Servolenkung;€ 8.399;Sehr guter Preis;98.105 km;Schaltgetriebe;04/2017;Diesel;66 kW (90 PS);3,5 l/100 km;98 g/km;Autoscout24.de
Audi;A3;Sportback 1.4 TFSI Attraction;2-Zonen-Klimaautomatik, Multifunktionslenkrad, Navigationssystem, Elektr. Fensterheber, Tagfahrlicht, Xenonscheinwerfer, Alufelgen, Sitzheizung;€ 9.900;Guter Preis;121.500 km;Schaltgetriebe;10/2012;Benzin;92 kW (125 PS);6,1 l/100 km;145 g/km;Autoscout24.de
Land Rover;Discovery Sport;HSE*Navi*AHK*360°Kamera*Stdhzg*;Finanzierung o. Anzahlung / Garantie 12 Monate;€ 15.980;Sehr guter Preis;124.900 km;Automatik;05/2016;Diesel;110 kW (150 PS);nan;0 g/km;Autoscout24.de
BMW;420;"420i Gran Coupé Aut. Sport Line NAV+KAM+LED+M18""";Sportfahrwerk, Tempomat, Einparkhilfe Kamera, Sportsitze, Ambientebeleuchtung, Sitzheizung, LED-Scheinwerfer, Navigationssystem;€ 18.550;nan;133.108 km;Automatik;07/2019;Benzin;135 kW (184 PS);5,9 l/100 km;138 g/km;Autoscout24.de
Audi;A6;40TDI LIMOUSINE SPORT PDC AHK ACC SPORTSITZE;Sportpaket, Apple CarPlay, LED-Scheinwerfer, Sportsitze, Anhängerkupplung, Schaltwippen, Sprachsteuerung, Sitzheizung;€ 26.990;Sehr guter Preis;120.000 km;Automatik;09/2019;Diesel;150 kW (204 PS);4,7 l/100 km;124 g/km;Autoscout24.de
Hyundai;iX35;Comfort 2WD AHK*SHZ*PDC*Klima;Sitzheizung, Anhängerkupplung, Beifahrerairbag, Multifunktionslenkrad, 2-Zonen-Klimaautomatik, Klimaanlage, Getönte Scheiben, Bordcomputer;€ 9.460;Guter Preis;124.700 km;Schaltgetriebe;12/2013;Benzin;100 kW (136 PS);5,8 l/100 km;154 g/km;Autoscout24.de
Opel;Astra;5-Türer, Dynamic;2-Zonen-Klimaautomatik, Sitzheizung, Spurhalteassistent, Einparkhilfe Sensoren vorne, Verkehrszeichenerkennung, Einparkhilfe Kamera, Navigationssystem, Nebelscheinwerfer;€ 10.950;Sehr guter Preis;85.117 km;Schaltgetriebe;10/2017;Benzin;92 kW (125 PS);nan;nan;Autoscout24.de
Audi;S7;Sportback NIGHT/QUATTRO/MATRIX/SHZ/2.HAND/LED;360° Kamera, 4-Zonen-Klimaautomatik, Sportsitze, Sportfahrwerk, Volldigitales Kombiinstrument, Sportpaket, Abstandstempomat, Allrad;€ 55.900;Sehr guter Preis;82.000 km;Automatik;03/2020;Diesel;257 kW (349 PS);6,5 l/100 km;170 g/km;Autoscout24.de
Mercedes-Benz;Sprinter;213 CDI Behindertengerecht Selbstfahrer;Behindertengerecht, Schiebetür rechts, Isofix, Standheizung, Getönte Scheiben, Klimaanlage, 2-Zonen-Klimaautomatik, Reserverad;€ 23.950;nan;168.000 km;Automatik;09/2015;Diesel;95 kW (129 PS);7,1 l/100 km;187 g/km;Autoscout24.de
Audi;A6;Av 3.0 S-Tr PANO+MATRIX+MEMO+HEAD+AHK+ACC+KAM;Sportpaket, Panoramadach, LED-Scheinwerfer, Totwinkel-Assistent, Sportsitze, Elektrische Sitze, Einparkhilfe Kamera, Sitzheizung;€ 17.450;Sehr guter Preis;194.740 km;Automatik;03/2018;Diesel;160 kW (218 PS);4,6 l/100 km;119 g/km;Autoscout24.de
Skoda;Yeti;Cool Edition Outdoor 4x4*1.Hand*Klima*PDC*;Allrad, Bluetooth, Freisprecheinrichtung, USB, Sitzheizung, Sommerreifen, Fahrerairbag, Scheinwerferreinigung;€ 16.597;Guter Preis;54.450 km;Schaltgetriebe;05/2016;Benzin;110 kW (150 PS);6,3 l/100 km;149 g/km;Autoscout24.de
Opel;Movano;B Kombi L2H2 2.3CDTI*9-Sitz*Klima*Tem*Eu6;Isofix, Schiebetür rechts, Bluetooth, Freisprecheinrichtung, Klimaanlage, Start/Stop-Automatik, Sitzheizung, Radio;€ 8.990;Guter Preis;328.910 km;Schaltgetriebe;12/2015;Diesel;107 kW (145 PS);0,0 l/100 km;0 g/km;Autoscout24.de
BMW;318;D F30 SPORT LINE*2.HAND*GLASDACH*XENON*NAVI(Prof.);Sportpaket, Sportsitze, Bi-Xenon Scheinwerfer, Start/Stop-Automatik, Schiebedach, Navigationssystem, Einparkhilfe Sensoren vorne, Alufelgen;€ 9.900;Fairer Preis;225.018 km;Schaltgetriebe;05/2012;Diesel;105 kW (143 PS);4,5 l/100 km;118 g/km;Autoscout24.de
Chrysler;Pacifica;Plug In Hybrid V6 3.6 Monitore Kopfst. Navi Leder;Pannenkit, 360° Kamera, Spurhalteassistent, W-Lan / Wifi Hotspot, Einparkhilfe selbstlenkendes System, Schiebetür rechts, Bluetooth, Elektrische Sitze; ;nan;nan;nan;nan;nan;nan;nan;nan;Autoscout24.de
Mazda;CX-3;Center-Line Anhängerkupplung;Alufelgen, MP3, Touchscreen, Pannenkit, Notbremsassistent, Klimaautomatik, CD, Tempomat;€ 11.990;Guter Preis;102.000 km;Schaltgetriebe;11/2015;Benzin;88 kW (120 PS);nan;nan;Autoscout24.de
Volkswagen;T-Roc;Style*LED*NAVI*DSG*ACC*SITZHZG*110KW*;Sportfahrwerk, Einparkhilfe Kamera, Navigationssystem, Sitzheizung, Einparkhilfe Sensoren vorne, LED-Scheinwerfer, Abstandstempomat, Volldigitales Kombiinstrument;€ 19.750;Sehr guter Preis;54.871 km;Automatik;05/2018;Benzin;110 kW (150 PS);5,4 l/100 km;123 g/km;Autoscout24.de
MINI;Cooper;, 1. Hand, Navi, Panorama-Schiebedach! Klima;Schiebedach, Navigationssystem, Ambientebeleuchtung, 2-Zonen-Klimaautomatik, Panoramadach, Sitzheizung, USB, Einparkhilfe Sensoren hinten;€ 13.990;Sehr guter Preis;97.448 km;Automatik;02/2017;Benzin;100 kW (136 PS);nan;nan;Autoscout24.de
BMW;218;*Aut.*Klimaaut.*PDC*AHK*7xSitzer*;Klimaanlage, Multifunktionslenkrad, Anhängerkupplung, Elektr. Fensterheber, Sommerreifen, Alufelgen, Dachreling, Ambientebeleuchtung;€ 13.990;Fairer Preis;97.897 km;Automatik;11/2015;Benzin;100 kW (136 PS);5,3 l/100 km;126 g/km;Autoscout24.de
Mazda;CX-5;Automatik 2.2 D SKYACTIVE 4x4 Exceed;Seit 1963 Ihr KFZ-Meisterbetrieb in Mainz Bretzenheim;€ 13.490;Fairer Preis;136.070 km;Automatik;10/2014;Diesel;110 kW (150 PS);5,5 l/100 km;144 g/km;Autoscout24.de
Audi;A4;Avant 2.0 TDI S tronic line AHK NAVI XENON 18 GRA;Sportpaket, Fahrerairbag, Sportfahrwerk, Allrad, Sitzheizung, Sportsitze, MP3, Scheinwerferreinigung;€ 16.450;Guter Preis;136.500 km;Automatik;04/2015;Diesel;130 kW (177 PS);nan;nan;Autoscout24.de
Volkswagen;Scirocco;1.4 TSI Sportpaket El. Panodach Navi SD SHZ Scheck;Sitzheizung, Sportpaket, Schiebedach, Sportfahrwerk, teilb. Rücksitzbank, Alufelgen, Navigationssystem, Panoramadach;€ 11.990;Sehr guter Preis;143.000 km;Schaltgetriebe;09/2015;Benzin;92 kW (125 PS);nan;nan;Autoscout24.de
Opel;Astra;1,5D SPORTS TOURER EDITION/AUT/NAVI/LED/AK;Pannenkit, ABS, Sportfahrwerk, Anhängerkupplung, LED-Scheinwerfer, Start/Stop-Automatik, Sitzheizung, Ambientebeleuchtung;€ 11.890;Sehr guter Preis;116.000 km;Automatik;08/2021;Diesel;90 kW (122 PS);5,1 l/100 km;132 g/km;Autoscout24.de
Opel;Grandland X;Edition Klima*EU6*Temp*Szhz*TÜV NEU*;Elektr. Fensterheber, Sitzheizung, Apple CarPlay, Armlehne, 2-Zonen-Klimaautomatik, Spurhalteassistent, Alufelgen, Getönte Scheiben;€ 11.790;Guter Preis;169.997 km;Schaltgetriebe;01/2018;Diesel;88 kW (120 PS);4,3 l/100 km;111 g/km;Autoscout24.de
Audi;Q3;2.0 TDI quattro S-Line Navi Panorama PDC;Über 400 Dacia Neuwagen im Bestand/3 Jahre Garantie;€ 16.490;Erhöhter Preis;169.400 km;Automatik;06/2014;Diesel;130 kW (177 PS);5,9 l/100 km;156 g/km;Autoscout24.de
BMW;120;120d xDrive Autom.,Navig,el.GSD,Harman/Kardon;Car Garantie incl.;€ 13.900;Sehr guter Preis;116.000 km;Automatik;07/2016;Diesel;140 kW (190 PS);nan;nan;Autoscout24.de
Mercedes-Benz;C 220;C220 4Matic Bi-Xenon Navi PDC Avantgarde ab 149€;Seit 1963 Ihr KFZ-Meisterbetrieb in Mainz Bretzenheim;€ 17.990;Guter Preis;163.244 km;Automatik;02/2018;Diesel;125 kW (170 PS);4,7 l/100 km;124 g/km;Autoscout24.de
MINI;Cooper S Clubman;"Automatik Klima Einparkhilfe LED Tempomat 17""Alu";LED-Scheinwerfer, Sportfahrwerk, ABS, Alufelgen, 2-Zonen-Klimaautomatik, Sportsitze, Sportpaket, ESP;€ 13.980;Sehr guter Preis;110.438 km;Automatik;12/2016;Benzin;141 kW (192 PS);6,2 l/100 km;147 g/km;Autoscout24.de
Opel;Astra;K Sports Tourer Elegance LED-Sitz&Lenkradh;Dachreling, Touchscreen, Spurhalteassistent, Sommerreifen, Pannenkit, LED-Scheinwerfer, Apple CarPlay, Nebelscheinwerfer;€ 9.990;Sehr guter Preis;124.976 km;Schaltgetriebe;02/2020;Benzin;96 kW (131 PS);4,5 l/100 km;102 g/km;Autoscout24.de
Nissan;Evalia;Evalia Premium 1.Hand*7-Sitzer*;Schiebetür, Anhängerkupplung, Klimaanlage, Navigationssystem, Radio, ESP, Allwetterreifen, Alufelgen;€ 10.999;Fairer Preis;173.000 km;Schaltgetriebe;09/2011;Benzin;81 kW (110 PS);7,5 l/100 km;177 g/km;Autoscout24.de
Mercedes-Benz;C 180;T CGI|Klima|Isofix|Tempomat|Automatik;Schiebedach, Sportfahrwerk, Tagfahrlicht, Tempomat, Elektrische Sitze, Sommerreifen, Multifunktionslenkrad, Wegfahrsperre;€ 16.490;Fairer Preis;45.500 km;Automatik;01/2012;Benzin;115 kW (156 PS);7,8 l/100 km;185 g/km;Autoscout24.de
Dacia;Duster;1.6 16V 105 4x2;Klimaanlage, Isofix, Pannenkit, Nebelscheinwerfer, Bordcomputer, ABS, Beifahrerairbag;€ 6.200;Sehr guter Preis;94.800 km;Schaltgetriebe;04/2013;Benzin;77 kW (105 PS);7,1 l/100 km;nan;Autoscout24.de
Opel;Astra;1.2 Edition NAVI+KAMERA+LED+DAB+SITHZ+TEMP;Sitzheizung, Elektrische Seitenspiegel, Elektrische Sitze, Alufelgen, Einparkhilfe Kamera, Beheizbares Lenkrad, 2-Zonen-Klimaautomatik, Regensensor;€ 10.950;nan;56.600 km;Schaltgetriebe;02/2021;Benzin;96 kW (131 PS);4,3 l/100 km;99 g/km;Autoscout24.de
Audi;SQ5;TFSI Black Ed.Virtual S-Sitz Luftf. 20 Rotor;Luftfederung, Sportsitze, Volldigitales Kombiinstrument, Abstandstempomat, Beifahrerairbag, Elektrische Sitze, Einparkhilfe Kamera, Sportfahrwerk;€ 28.740;Guter Preis;180.000 km;Automatik;01/2018;Benzin;260 kW (354 PS);6,8 l/100 km;189 g/km;Autoscout24.de
Jeep;Wrangler;"Unlimited Sahara ""1. Hand + UConnect""";Tempomat, Beifahrerairbag, Freisprecheinrichtung, Allrad, Alufelgen, Touchscreen, Soundsystem, Notbremsassistent;€ 27.500;Fairer Preis;131.200 km;Automatik;07/2014;Diesel;147 kW (200 PS);8,3 l/100 km;230 g/km;Autoscout24.de
Mercedes-Benz;C 180;T CDI BlueEfficiency NAVI TEMPOMAT;Einparkhilfe Sensoren vorne, Sitzheizung, Start/Stop-Automatik, Alufelgen, Tagfahrlicht, Multifunktionslenkrad, Getönte Scheiben, Navigationssystem;€ 6.490;Fairer Preis;280.000 km;Automatik;10/2012;Diesel;88 kW (120 PS);nan;nan;Autoscout24.de
Ford;Focus;Turnier Business Klima+PDC+Navi+Allwetter;Klimaanlage, Touchscreen, Beheizbare Frontscheibe, Pannenkit, Wegfahrsperre, USB, E10-geeignet, Bluetooth;€ 8.880;Fairer Preis;89.786 km;Schaltgetriebe;02/2014;Benzin;92 kW (125 PS);5,1 l/100 km;121 g/km;Autoscout24.de
Mercedes-Benz;Citan;Kombi 111 CDI lang Klima Tüv neu;Klimaanlage, Beifahrerairbag, Alufelgen, Lederlenkrad, 2-Zonen-Klimaautomatik, Regensensor, Schiebetür rechts, Sitzheizung;€ 11.600;Sehr guter Preis;88.000 km;Schaltgetriebe;03/2016;Diesel;81 kW (110 PS);4,7 l/100 km;125 g/km;Autoscout24.de
Mercedes-Benz;E 300;E 300 BlueTEC T Avantgarde Distr./Sthzg/ILS/AHK;Einparkhilfe Kamera, Einparkhilfe selbstlenkendes System, Sportpaket, Sommerreifen, Müdigkeitswarnsystem, Navigationssystem, Totwinkel-Assistent, Schiebedach;€ 12.490;Guter Preis;269.900 km;Automatik;10/2013;Diesel;170 kW (231 PS);5,7 l/100 km;151 g/km;Autoscout24.de
BMW;420;d XDrive Sportline Leder Automatik BiXenon;Sportfahrwerk, Sportpaket, Sportsitze, Schiebedach, Einparkhilfe Kamera, Navigationssystem, teilb. Rücksitzbank, Allrad;€ 19.499;Sehr guter Preis;122.000 km;Automatik;12/2015;Diesel;140 kW (190 PS);nan;nan;Autoscout24.de
Mercedes-Benz;E 200;E 200 CGI BlueEfficiency *SCHECKHEFTGEPLEGT*;Navigationssystem, Einparkhilfe Sensoren vorne, Pannenkit, CD, Sommerreifen, Sprachsteuerung, Radio, Fernlichtassistent;€ 14.290;Sehr guter Preis;132.117 km;Automatik;09/2011;Benzin;135 kW (184 PS);7,6 l/100 km;180 g/km;Autoscout24.de
Toyota;RAV 4;4 2.0 Edition*Keyless*Kamera*4x4*1.Hand*;Allrad, Navigationssystem, Anhängerkupplung, Beifahrerairbag, Alufelgen, Sprachsteuerung, Wegfahrsperre, Multifunktionslenkrad;€ 15.950;nan;167.153 km;Automatik;06/2014;Benzin;111 kW (151 PS);7,2 l/100 km;167 g/km;Autoscout24.de
Opel;Vivaro;8043;Behindertengerecht, Schiebetür rechts, Armlehne, Stahlfelgen, Lederlenkrad, Radio;€ 9.988;Guter Preis;119.000 km;Schaltgetriebe;12/2014;Diesel;66 kW (90 PS);nan;nan;Autoscout24.de
Porsche;Macan;Turbo VOLL+PANO+STANDH+ACC+LED;Panoramadach, Sitzheizung, Sitzbelüftung, LED-Scheinwerfer, Beheizbares Lenkrad, Luftfederung, Sportsitze, Soundsystem;€ 29.950;Sehr guter Preis;174.000 km;Automatik;06/2016;Benzin;294 kW (400 PS);9,2 l/100 km;218 g/km;Autoscout24.de
Opel;Mokka X;1.6 Selection Start/Stop*AHK*KLIMA;Dachreling, Tempomat, Anhängerkupplung, Wegfahrsperre, E10-geeignet, Gepäckraumabtrennung, Reserverad, Klimaanlage;€ 9.590;Guter Preis;100.000 km;Schaltgetriebe;12/2016;Benzin;85 kW (116 PS);6,6 l/100 km;155 g/km;Autoscout24.de
Dacia;Bigster;TCe 130 4x4 Extreme NAVI 360°KAM SHZ PANO GJR LHZ;Panoramadach + 360°Kamera + InNature-Pak;€ 34.959;nan;11 km;Schaltgetriebe;nan;Benzin;96 kW (131 PS);6,1 l/100 km;137 g/km;Autoscout24.de
Fiat;500;Lounge 1.2 8V Insp. Neu;Alufelgen, Einparkhilfe Sensoren hinten, Touchscreen, Nebelscheinwerfer, Klimaanlage, Seitenairbag, Panoramadach, Navigationssystem;€ 7.895;Guter Preis;95.094 km;Schaltgetriebe;05/2016;Benzin;51 kW (69 PS);nan;nan;Autoscout24.de
Ford;Tourneo Courier;Titanium GRA PDC SHZ Navi Klima;Bundesweiter Transport und Zulassung möglich!;€ 8.995;Guter Preis;111.450 km;Schaltgetriebe;10/2014;Benzin;74 kW (101 PS);nan;nan;Autoscout24.de
Nissan;Qashqai;4X4|SHZ|Klima|Navi|Pano|Tempomat|Isofix;Allrad, Navigationssystem, LED-Tagfahrlicht, Panoramadach, Sitzheizung, Bordcomputer, Tempomat, Nebelscheinwerfer;€ 12.290;Guter Preis;103.000 km;Automatik;02/2013;Diesel;110 kW (150 PS);7,8 l/100 km;208 g/km;Autoscout24.de
Volkswagen;Touran;Cross 1.6TDI*Aut.*BiXenon*Temp*Pdc*Ahk*;Tagfahrlicht, Radio, Standheizung, Bi-Xenon Scheinwerfer, Einparkhilfe Kamera, Alufelgen, Touchscreen, LED-Tagfahrlicht;€ 8.490;Sehr guter Preis;199.989 km;Automatik;11/2013;Diesel;77 kW (105 PS);5,4 l/100 km;143 g/km;Autoscout24.de
Peugeot;2008;PureTech 110 EAT6 CARPLAY LEDER TEMPOMAT KLIMAAUT;Sportsitze, Ambientebeleuchtung, E10-geeignet, Apple CarPlay, Dachreling, Seitenairbag, Regensensor, Touchscreen;€ 10.990;Sehr guter Preis;76.420 km;Automatik;01/2017;Benzin;81 kW (110 PS);5,6 l/100 km;129 g/km;Autoscout24.de
Ford;Fiesta;Titanium-1HAND-EUR6-5Tür-ALU-SH-LED-MFL;Sitzheizung, Notrad, Klimaautomatik, Alufelgen, Sommerreifen, Navigationssystem, Nebelscheinwerfer, E10-geeignet;€ 8.800;Guter Preis;94.562 km;Schaltgetriebe;01/2017;Benzin;74 kW (101 PS);4,3 l/100 km;99 g/km;Autoscout24.de
BMW;i8;"Coupe Pure Impulse | Harman Kardon HUD 20""";Head-up display, Fahrerairbag, Einparkhilfe Sensoren hinten, Sportsitze, Schaltwippen, Navigationssystem, Sportpaket, Verkehrszeichenerkennung; ;nan;nan;nan;nan;nan;nan;nan;nan;Autoscout24.de
Audi;A5;2.0 TDI clean diesel Aut.*S-LINE*NAVI*XENON*;❗Service Historie und Gebrauchtspureninfos auf Anruf;€ 16.830;Sehr guter Preis;100.670 km;Schaltgetriebe;01/2017;Diesel;110 kW (150 PS);4,5 l/100 km;127 g/km;Autoscout24.de
Mercedes-Benz;Sprinter;316 CDI Maxi Hoch+Lang*Garantie*Euro6;12-64 Monate Garantie / Tüv & Inspektion= NEU !;€ 16.990;nan;189.000 km;Schaltgetriebe;11/2016;Diesel;120 kW (163 PS);7,9 l/100 km;209 g/km;Autoscout24.de
MINI;Cooper Cabrio;Salt 1.5 AUT KLIMAAUT BT PDC ALU GJR ParkAss LM 2x;Sportsitze, Ambientebeleuchtung, Freisprecheinrichtung, Bluetooth, Einparkhilfe Sensoren hinten, Traktionskontrolle, 2-Zonen-Klimaautomatik, Radio;€ 12.475;nan;96.212 km;Automatik;09/2016;Benzin;100 kW (136 PS);nan;nan;Autoscout24.de
SEAT;Alhambra;ALHAMBRA 2.0 TDI SPORT LEDER NAVI XENON 7-SITZER;FINANZIERUNG ab 3,99%++GARANTIE bis 36 Monate++ANKAUF;€ 17.890;Guter Preis;160.000 km;Automatik;05/2013;Diesel;130 kW (177 PS);5,9 l/100 km;154 g/km;Autoscout24.de
Volkswagen;Sharan;Highline BMT DSG 7-Sitzer Pano AHK Navi;Auto kauft man mit Vertrauen u Garantie;€ 22.440;Fairer Preis;149.941 km;Automatik;07/2017;Diesel;135 kW (184 PS);nan;nan;Autoscout24.de
Hyundai;KONA;Kona Trend 2WD*NAVI*SPUR*KAMERA*;Alufelgen, Einparkhilfe Kamera, Freisprecheinrichtung, Elektr. Fensterheber, Sitzheizung, Spurhalteassistent, Lichtsensor, Navigationssystem;€ 10.900;Sehr guter Preis;136.000 km;Schaltgetriebe;08/2019;Benzin;88 kW (120 PS);5,7 l/100 km;129 g/km;Autoscout24.de
Dacia;Bigster;"Expression SHZ+KLIMA+PDC+KAMERA+LED+17"" ALU TCe...";Sicherer EU-Neuwagenkauf zum Bestpreis seit 1999!;€ 26.980;nan;0 km;Schaltgetriebe;nan;Benzin;96 kW (131 PS);nan;134 g/km;Autoscout24.de
Ford;Mondeo;2.0  TDCi Titanium / SHZ / NAVI;Einparkhilfe Sensoren vorne, Sommerreifen, Sitzheizung, Alufelgen, Navigationssystem, Beheizbare Frontscheibe, Bordcomputer, Beifahrerairbag;€ 9.990;Fairer Preis;127.075 km;Schaltgetriebe;06/2013;Diesel;103 kW (140 PS);5,9 l/100 km;156 g/km;Autoscout24.de
Porsche;Macan;S Panoramadach Sitzheizung;ABS, Sportsitze, 2-Zonen-Klimaautomatik, Multifunktionslenkrad, Geschwindigkeits-begrenzungsanlage, Fahrerairbag, Zentralverriegelung, Luftfederung;€ 25.400;Guter Preis;193.785 km;Automatik;11/2014;Benzin;250 kW (340 PS);9,0 l/100 km;213 g/km;Autoscout24.de
Ford;Tourneo Custom;300 L2 Tourneo Trend 2.2 TDCi KAT;Beifahrerairbag, teilb. Rücksitzbank, Kurvenlicht, Getönte Scheiben, Alufelgen, Tempomat, Fahrerairbag, Tagfahrlicht;€ 13.999;Erhöhter Preis;209.500 km;Schaltgetriebe;06/2014;Diesel;92 kW (125 PS);nan;nan;Autoscout24.de
Mercedes-Benz;Citan;111 CDI Tourer Lang L2 Navi+SHZ+PTS+AHK;Navigationssystem, Isofix, Schiebetür links, Beifahrerairbag, Lederlenkrad, Anhängerkupplung, Schiebetür rechts, Klimaautomatik;€ 11.849;Sehr guter Preis;125.263 km;Schaltgetriebe;09/2020;Diesel;85 kW (116 PS);5,6 l/100 km;146 g/km;Autoscout24.de
Audi;Q5;2.0d Quatt Design MATRIX+VIRTU+NAV+KAM+ACC+SH;Volldigitales Kombiinstrument, 3-Zonen-Klimaautomatik, Elektrische Heckklappe, Sportpaket, Apple CarPlay, Navigationssystem, LED-Scheinwerfer, Allrad;€ 20.450;nan;161.231 km;Automatik;09/2017;Diesel;120 kW (163 PS);5,0 l/100 km;129 g/km;Autoscout24.de
Volkswagen;Polo;V CrossPolo Sitzheizung Sportsitze;Dachreling, Radio, Klimaanlage, Fahrerairbag, Winterpaket, Lederlenkrad, Isofix, Gepäckraumabtrennung;€ 4.490;Guter Preis;198.421 km;Schaltgetriebe;04/2012;Benzin;51 kW (69 PS);5,7 l/100 km;132 g/km;Autoscout24.de
Mercedes-Benz;C 200;Coupé Edition 1 Aut. NAV+LED+SHZ+AHK+PANO+EU6;Schiebedach, Einparkhilfe selbstlenkendes System, Sommerreifen, Radio, Ambientebeleuchtung, LED-Scheinwerfer, Lichtsensor, 2-Zonen-Klimaautomatik;€ 25.749;Sehr guter Preis;28.450 km;Automatik;10/2016;Benzin;135 kW (184 PS);5,3 l/100 km;nan;Autoscout24.de
Citroen;C1;Selection*Klima*Radio*CD*Alufelgen;Klimaanlage, Radio, E10-geeignet, Nebelscheinwerfer, LED-Tagfahrlicht, Fahrerairbag, Elektr. Fensterheber, Alufelgen;€ 4.487;Fairer Preis;105.000 km;Schaltgetriebe;01/2013;Benzin;50 kW (68 PS);4,3 l/100 km;102 g/km;Autoscout24.de
BMW;330;Touring 330i Sport Line 185 kW (252 PS), Autom....;Start/Stop-Automatik, Lederlenkrad, Alufelgen, Sportsitze, Freisprecheinrichtung, Ambientebeleuchtung, Panoramadach, Sportpaket;€ 12.585;Guter Preis;344.300 km;Automatik;03/2018;Benzin;185 kW (252 PS);nan;nan;Autoscout24.de
Fiat;Punto;1.4 8V Lounge;Sitzheizung, Klimaautomatik, Alufelgen, Klimaanlage, Nebelscheinwerfer, Lederlenkrad, Bluetooth, Elektr. Fensterheber;€ 8.600;Guter Preis;13.616 km;Schaltgetriebe;04/2015;Benzin;57 kW (77 PS);nan;nan;Autoscout24.de
Aixam;City;Sport Mopedauto Leichtmobile Microcar 45 KM;Sportsitze, Sportpaket, Einparkhilfe Sensoren hinten, Alufelgen, Radio;€ 6.950;nan;9.741 km;Automatik;08/2017;Diesel;4 kW (5 PS);nan;nan;Autoscout24.de
Ford;Tourneo Courier;Titanium;Über 1000 Fahrzeuge auf Lager und sofort verfügbar !!!;€ 9.990;Sehr guter Preis;86.500 km;Schaltgetriebe;05/2015;Benzin;74 kW (101 PS);5,4 l/100 km;128 g/km;Autoscout24.de
Mercedes-Benz;GLC 220;d 4Matic AMG Aut. AHK LED COMAND TEMP SHZ;Sportpaket, Sportfahrwerk, Allrad, Anhängerkupplung, Navigationssystem, Sitzheizung, Elektrische Sitze, Alufelgen;€ 26.600;Guter Preis;136.800 km;Automatik;10/2017;Diesel;125 kW (170 PS);5,0 l/100 km;129 g/km;Autoscout24.de
Mercedes-Benz;GLB 180;d 8G-DCT LEDER+VIRTUAL+PARKASS+TEMP+DAB;Sportpaket, Bordcomputer, Volldigitales Kombiinstrument, Alufelgen, Start/Stop-Automatik, Klimaautomatik, Dachreling, Einparkhilfe Sensoren vorne;€ 22.950;Sehr guter Preis;136.161 km;Automatik;05/2021;Diesel;85 kW (116 PS);4,7 l/100 km;125 g/km;Autoscout24.de
Audi;Q8;55 TFSI QUATTRO/MATRIX/360°/BANG&OLUFSEN;360° Kamera, Panoramadach, Luftfederung, Head-up display, Abstandstempomat, Müdigkeitswarnsystem, Sportsitze, Soundsystem;€ 49.900;nan;79.435 km;Automatik;02/2019;Benzin;250 kW (340 PS);8,9 l/100 km;nan;Autoscout24.de
Volkswagen;Tiguan;Highline 2.0 TDI 4Motion / PANORAMA / ACC;Allrad, LED-Scheinwerfer, Panoramadach, Sitzheizung, Navigationssystem, Anhängerkupplung, 3-Zonen-Klimaautomatik, Abstandstempomat;€ 20.990;Sehr guter Preis;151.408 km;Automatik;06/2019;Diesel;110 kW (150 PS);5,7 l/100 km;149 g/km;Autoscout24.de
Toyota;Yaris;1.5 Hybrid Club Automatik | Panorama | CAM;Panoramadach, Freisprecheinrichtung, Klimaanlage, Radio, Bluetooth, Touchscreen, Wegfahrsperre, Multifunktionslenkrad; ;nan;nan;Automatik;nan;nan;nan;nan;nan;Autoscout24.de
Mazda;3;Lim. 2.0 OPTIMUM NAVI/LED/KAMERA/TEMP./HUD/AHK;Sitzheizung, Sportsitze, Tempomat, 2-Zonen-Klimaautomatik, Bi-Xenon Scheinwerfer, Lederlenkrad, Navigationssystem, Beifahrerairbag;€ 14.400;Sehr guter Preis;112.950 km;Automatik;05/2018;Benzin;88 kW (120 PS);5,6 l/100 km;129 g/km;Autoscout24.de
Porsche;Boxster;S Facelift 3,4 310PS Aut. nur 16800Km!;Navigationssystem, Sitzheizung, Sommerreifen, Einparkhilfe Kamera, Radio, Alarmanlage, Xenonscheinwerfer, Traktionskontrolle;€ 49.910;Sehr guter Preis;16.800 km;Automatik;01/2012;Benzin;228 kW (310 PS);nan;nan;Autoscout24.de
Nissan;Juke;4x4 RFK. Klima. Navi. Sitzh. Schiebedach.;Seit 1963 Ihr KFZ-Meisterbetrieb in Mainz Bretzenheim;€ 12.990;Sehr guter Preis;112.900 km;Automatik;02/2017;Benzin;140 kW (190 PS);6,5 l/100 km;153 g/km;Autoscout24.de
BMW;M3;Lim. Competition, LED, H&K, Kein USA Import;Sportfahrwerk, Sportsitze, Head-up display, Sportpaket, Schaltwippen, Spoiler, LED-Scheinwerfer, W-Lan / Wifi Hotspot;€ 48.890;Fairer Preis;141.000 km;Automatik;03/2017;Benzin;331 kW (450 PS);8,3 l/100 km;194 g/km;Autoscout24.de
Ford;Kuga;ST-Line |LEDER|NAVI|PANO.|SHZ|R.KAMERA|AHK;Sportfahrwerk, Allrad, Anhängerkupplung, Sitzheizung, Elektrische Heckklappe, ABS, Apple CarPlay, Einparkhilfe Kamera;€ 17.990;Sehr guter Preis;60.000 km;Automatik;09/2018;Benzin;129 kW (175 PS);9,0 l/100 km;nan;Autoscout24.de
Fiat;Freemont;Lounge 4WD Aut ** 7-Sitzer**Leder**Navi;Allrad, Katalysator, 3-Zonen-Klimaautomatik, Armlehne, Navigationssystem, Sprachsteuerung, Innenspiegel automatisch abblendend, Beifahrerairbag;€ 13.990;Sehr guter Preis;140.305 km;Automatik;06/2012;Diesel;125 kW (170 PS);7,3 l/100 km;193 g/km;Autoscout24.de
Opel;Corsa-e;Elegance Electric | Navi | RFK | 11 kW |;Einparkhilfe Kamera, Regensensor, Lederlenkrad, Berganfahrassistent, Navigationssystem, Elektrische Seitenspiegel, Induktionsladen für Smartphones, Alufelgen; ;nan;nan;nan;nan;nan;nan;nan;nan;Autoscout24.de
SEAT;Altea XL;Style Ecomotive;Alufelgen, Fahrerairbag, Allwetterreifen, USB, Start/Stop-Automatik, ABS, Servolenkung, Elektrische Seitenspiegel;€ 4.490;Sehr guter Preis;153.000 km;Schaltgetriebe;12/2012;Diesel;77 kW (105 PS);4,5 l/100 km;119 g/km;Autoscout24.de
Mercedes-Benz;V 250;V V 250d SCORE 4MATIC KOMPAKT SPORT AHK KAMERA;Auto kauft man mit Vertrauen u Garantie;€ 34.440;Sehr guter Preis;143.781 km;Automatik;08/2016;Diesel;140 kW (190 PS);nan;nan;Autoscout24.de
Nissan;Qashqai;1.2 DIG-T N-Connecta, 360°, Navi, DAB;Alufelgen, 2-Zonen-Klimaautomatik, Einparkhilfe Sensoren vorne, Dachreling, Panoramadach, 360° Kamera, Sitzheizung, Navigationssystem;€ 13.900;Sehr guter Preis;76.000 km;Schaltgetriebe;07/2018;Benzin;85 kW (116 PS);5,6 l/100 km;129 g/km;Autoscout24.de
Jeep;Grand Cherokee;3.0 CRD Summit-Luft-Pano-H K-AHK-;Beifahrerairbag, Freisprecheinrichtung, Luftfederung, Sportpaket, Bluetooth, Einparkhilfe Kamera, Touchscreen, Sprachsteuerung;€ 23.900;Sehr guter Preis;139.900 km;Automatik;02/2019;Diesel;184 kW (250 PS);7,0 l/100 km;nan;Autoscout24.de
Skoda;Kamiq;1.0 TSI Clever Navi LED SHZ;Nutzen Sie unsere günstigen Finanzierungskonditionen!;€ 18.950;Sehr guter Preis;13.300 km;Schaltgetriebe;01/2021;Benzin;81 kW (110 PS);nan;nan;Autoscout24.de
Mercedes-Benz;E 63 AMG;E 63 T 5.5 Bi-Turbo 665PS Pano Keyless Distronic;Qualität - Zuverlässigkeit - Sicherheit;€ 34.999;Sehr guter Preis;136.800 km;Automatik;09/2012;Benzin;488 kW (663 PS);10,0 l/100 km;234 g/km;Autoscout24.de
Mercedes-Benz;B 180;Klasse/SHZ/AHK/Camara;Einparkhilfe Kamera, Beifahrerairbag, Klimaanlage, Sitzheizung, Multifunktionslenkrad, Anhängerkupplung, Getönte Scheiben, Touchscreen;€ 11.900;Guter Preis;109.000 km;Schaltgetriebe;10/2015;Benzin;90 kW (122 PS);5,6 l/100 km;129 g/km;Autoscout24.de
Mercedes-Benz;E 350;E 350 e Plug in Hybrid, Luft, LED, DAB, Navi;Elektrische Sitze, Alarmanlage, Ambientebeleuchtung, teilb. Rücksitzbank, Einparkhilfe Kamera, Fahrerairbag, 2-Zonen-Klimaautomatik, Sitzheizung; ;nan;nan;nan;nan;nan;nan;nan;nan;Autoscout24.de
Fiat;Fullback;2.4 Double Cab 4x4 LX Plus *Navi AHK*;Elektrische Sitze, Alufelgen, Freisprecheinrichtung, Allrad, Beifahrerairbag, Elektr. Fensterheber, MP3, Musikstreaming integriert;€ 11.990;Sehr guter Preis;252.454 km;Automatik;08/2019;Diesel;133 kW (181 PS);nan;nan;Autoscout24.de
Audi;A4;Avant 35TDI S-tronic LED~Pano~Navi3D~AHK~PDC;LED-Scheinwerfer, Armlehne, Alufelgen, Elektrische Heckklappe, Start/Stop-Automatik, Sitzheizung, Schiebedach, Bordcomputer;€ 16.850;Guter Preis;176.414 km;Automatik;12/2019;Diesel;120 kW (163 PS);4,1 l/100 km;108 g/km;Autoscout24.de
Opel;Vivaro;B Kombi  L1H1 1.6 CDTI *G8057 KLIMA;Schiebetür rechts, Klimaanlage, Beifahrerairbag, Tempomat, Einparkhilfe Sensoren hinten, Notrad, Radio, Nebelscheinwerfer;€ 12.788;Sehr guter Preis;165.000 km;Schaltgetriebe;11/2015;Diesel;66 kW (90 PS);nan;nan;Autoscout24.de
Fiat;500C;Lounge 1.2 8V Faltdach Klimaautom PDC;Katalysator, MP3, Einparkhilfe Sensoren hinten, Klimaautomatik, Alufelgen, Multifunktionslenkrad, Navigationssystem, Zentralverriegelung;€ 7.900;Guter Preis;98.200 km;Schaltgetriebe;04/2015;Benzin;51 kW (69 PS);nan;nan;Autoscout24.de
BMW;X5;sDrive 25d 360° PANO|NAVI|INDIVIDUAL|4-ZONEN;Seit 1963 Ihr KFZ-Meisterbetrieb in Mainz Bretzenheim;€ 27.990;Sehr guter Preis;124.000 km;Automatik;06/2017;Diesel;170 kW (231 PS);5,3 l/100 km;140 g/km;Autoscout24.de
Ford;Transit;Kasten 310 L2H2 Trend Mixto 6 SItzer;Beifahrerairbag, Start/Stop-Automatik, Einparkhilfe Sensoren vorne, Tempomat, Traktionskontrolle, Schiebetür rechts, Klimaanlage, Radio;€ 15.990;Sehr guter Preis;147.000 km;Schaltgetriebe;02/2017;Diesel;96 kW (131 PS);nan;nan;Autoscout24.de
Opel;Zafira;C Active 7Sitze Navi AHK PDC Sitz+LR hzg;Isofix, Navigationssystem, Anhängerkupplung, Alufelgen, Sitzheizung, Einparkhilfe Sensoren vorne, Beifahrerairbag, 2-Zonen-Klimaautomatik;€ 12.490;Sehr guter Preis;95.000 km;Schaltgetriebe;05/2017;Benzin;103 kW (140 PS);6,4 l/100 km;148 g/km;Autoscout24.de
Toyota;Yaris;1.0 VVT-i Edition 2014;MEISTERGEPRÜFT;€ 4.910;nan;238.496 km;Schaltgetriebe;12/2013;Benzin;51 kW (69 PS);nan;nan;Autoscout24.de
Fiat;Panda;Easy*Klima*ZV*;Klimaanlage, Dachreling, Einparkhilfe Sensoren hinten, E10-geeignet, Pannenkit, Nebelscheinwerfer, Elektr. Fensterheber, ABS;€ 7.269;Guter Preis;53.000 km;Schaltgetriebe;03/2016;Benzin;51 kW (69 PS);5,2 l/100 km;123 g/km;Autoscout24.de
BMW;M3;Compet CARBON+360°+MEMO+H&K+VIRTU+HEAD+LASER+;Sportfahrwerk, Spurhalteassistent, Schaltwippen, Notbremsassistent, Sportpaket, Sommerreifen, Head-up display, Ambientebeleuchtung;€ 59.950;nan;59.676 km;Automatik;07/2021;Benzin;375 kW (510 PS);nan;nan;Autoscout24.de
BMW;318;d Lim. M Sportpaket Euro5 Navi,Xenon;Sportfahrwerk, Sportsitze, Sportpaket, Alufelgen, Bi-Xenon Scheinwerfer, Armlehne, Klimaanlage, Navigationssystem;€ 11.800;Guter Preis;164.569 km;Schaltgetriebe;03/2013;Diesel;105 kW (143 PS);4,5 l/100 km;119 g/km;Autoscout24.de
Mitsubishi;ASX;1.6 MIVEC Edition 100 Winterräder Scheckheft;Apple CarPlay, Einparkhilfe Kamera, Touchscreen, Regensensor, Sitzheizung, Android Auto, Freisprecheinrichtung, USB;€ 12.900;Guter Preis;65.418 km;Schaltgetriebe;11/2017;Benzin;86 kW (117 PS);nan;nan;Autoscout24.de
Volkswagen;Passat;Passat 1.4 TSI BMT Comfortline NAVI+PDC+SHZ+ Navi;3-Zonen-Klimaautomatik, Navigationssystem, Sitzheizung, CD, Lordosenstütze, Einparkhilfe Sensoren vorne, Abstandswarner, Elektrische Sitze;€ 15.760;Guter Preis;26.890 km;Schaltgetriebe;07/2015;Benzin;92 kW (125 PS);5,3 l/100 km;123 g/km;Autoscout24.de
Audi;S1;2.0 TFSI quattro 1. Hd./Bi-Xenon/Bose Sound/Leder/;Multifunktionslenkrad, Bluetooth, Sportsitze, Allrad, Sportfahrwerk, MP3, Seitenairbag, Sommerreifen;€ 23.810;Sehr guter Preis;25.624 km;Schaltgetriebe;05/2018;Benzin;170 kW (231 PS);nan;nan;Autoscout24.de
Opel;Grandland X;1.5D DESIGN  NAVI/LED/AHK/SHZ/ALU;LED-Scheinwerfer, ABS, Lordosenstütze, Einparkhilfe Kamera, Pannenkit, Sitzheizung, Klimaautomatik, Regensensor;€ 14.960;Sehr guter Preis;134.000 km;Automatik;06/2021;Diesel;96 kW (131 PS);3,8 l/100 km;99 g/km;Autoscout24.de
Mercedes-Benz;GLC 220;GLC 220 d 4M AHK Totwkl Kamera AMG-int. LED-ILS;Allrad, Einparkhilfe Kamera, Anhängerkupplung, Elektrische Heckklappe, W-Lan / Wifi Hotspot, Sitzheizung, Voll-LED Scheinwerfer, CD;€ 27.900;Sehr guter Preis;112.000 km;Automatik;01/2019;Diesel;125 kW (170 PS);5,0 l/100 km;129 g/km;Autoscout24.de
Opel;Astra;Sports Tourer 1.4 Turbo Dynamic*IntelliLux;Finanzierung o. Anzahlung / Garantie 12 Monate;€ 9.980;nan;99.986 km;Schaltgetriebe;06/2017;Benzin;110 kW (150 PS);nan;0 g/km;Autoscout24.de
Volkswagen;Tiguan;Comfortline BMT/Start-Stopp;Anhängerkupplung, Einparkhilfe Sensoren vorne, Sitzheizung, Wegfahrsperre, Kurvenlicht, Dachreling, Multifunktionslenkrad, Spurhalteassistent;€ 18.443;Guter Preis;89.553 km;Schaltgetriebe;03/2017;Diesel;110 kW (150 PS);4,8 l/100 km;125 g/km;Autoscout24.de
Skoda;Yeti;Elegance Outdoor 1.4TSI 90kW KLIMA SHZ;Seitenairbag, Sitzheizung, Tempomat, 2-Zonen-Klimaautomatik, Einparkhilfe Sensoren hinten, Alufelgen, Pannenkit, Dachreling;€ 12.890;Guter Preis;64.030 km;Schaltgetriebe;09/2014;Benzin;90 kW (122 PS);6,4 l/100 km;148 g/km;Autoscout24.de
BMW;X1;xDrive25e Advantage / AHK / Rückfahrkamera;Sportsitze, Allrad, Einparkhilfe Kamera, Sitzheizung, LED-Scheinwerfer, Alufelgen, E10-geeignet, Reifendruckkontrollsystem; ;nan;nan;nan;nan;nan;nan;nan;nan;Autoscout24.de
Skoda;Yeti;Adventure 1.4 TSI SHZ Temp PDC Berganfahrass. EXPO;Größtes Renault Autohaus im Landkreis München & Freisin;€ 7.800;Fairer Preis;132.000 km;Schaltgetriebe;10/2013;Benzin;90 kW (122 PS);nan;nan;Autoscout24.de
Porsche;Panamera;"4 S  Sport Chrono Pano Navi Kamera 20""";LED-Tagfahrlicht, Beifahrerairbag, Allrad, Soundsystem, Massagesitze, Einparkhilfe Sensoren hinten, Panoramadach, Navigationssystem;€ 31.990;Fairer Preis;139.517 km;Automatik;01/2011;Benzin;294 kW (400 PS);9,3 l/100 km;212 g/km;Autoscout24.de
Mercedes-Benz;Citan;109 CDI KA XL Extralang L3 Sitzhzg+Klima;Klimaanlage, Beifahrerairbag, Freisprecheinrichtung, Schiebetür rechts, Sitzheizung, Getönte Scheiben, Traktionskontrolle, Reserverad;€ 7.020;Sehr guter Preis;134.412 km;Schaltgetriebe;11/2015;Diesel;66 kW (90 PS);nan;nan;Autoscout24.de
Hyundai;BAYON;1.0 T-GDI 48V-Hybrid Intro/Navi/Plus;Navigationssystem, Anhängerkupplung, Katalysator, Sitzheizung, Einparkhilfe Kamera, Klimaautomatik, Regensensor, Einparkhilfe Sensoren hinten;€ 15.480;Sehr guter Preis;41.790 km;Schaltgetriebe;07/2021;Benzin;74 kW (101 PS);nan;nan;Autoscout24.de
Hyundai;TUCSON;Style Mild-Hybrid 4WD *KAMERA*NAVI*LKAS*;Allrad, Beifahrerairbag, Fahrerairbag, Einparkhilfe Sensoren vorne, LED-Scheinwerfer, Einparkhilfe Kamera, Sitzheizung, Alarmanlage;€ 20.499;nan;76.561 km;Automatik;01/2020;Diesel;136 kW (185 PS);5,8 l/100 km;153 g/km;Autoscout24.de
Audi;Q7;3.0 TDI qu*S-LINE*PANO*7-SITZ*TV*BOSE*;Volldigitales Kombiinstrument, Sportpaket, Panoramadach, Einparkhilfe Kamera, Sportsitze, Luftfederung, LED-Scheinwerfer, Elektrische Sitze;€ 33.900;Sehr guter Preis;154.200 km;Automatik;03/2016;Diesel;200 kW (272 PS);5,7 l/100 km;151 g/km;Autoscout24.de
Opel;Insignia;A Lim. 150 Jahre Opel/NAVI/RADIO/KLIMA;Fahrerairbag, Einparkhilfe Sensoren vorne, Beifahrerairbag, Navigationssystem, Freisprecheinrichtung, Sprachsteuerung, Alufelgen, Einparkhilfe Sensoren hinten;€ 8.900;Sehr guter Preis;66.778 km;Schaltgetriebe;03/2013;Diesel;96 kW (131 PS);5,8 l/100 km;154 g/km;Autoscout24.de
BMW;X6;xDrive40d|LED|HUD|HiFi|SHZ|PDC|Kamera|Navi|BT;Reifendruckkontrollsystem, Einparkhilfe Kamera, Fahrerairbag, Allrad, Soundsystem, LED-Scheinwerfer, Sportfahrwerk, Head-up display;€ 15.990;Guter Preis;281.500 km;Automatik;12/2012;Diesel;225 kW (306 PS);7,5 l/100 km;199 g/km;Autoscout24.de
Ford;Tourneo Courier;1.0 TREND 5-SITZER KLIMA/SHZ/AHK;Getönte Scheiben, Schiebetür rechts, Anhängerkupplung, Einparkhilfe Sensoren hinten, Klimaanlage, USB, Bluetooth, Armlehne;€ 4.250;Sehr guter Preis;186.900 km;Schaltgetriebe;06/2015;Benzin;74 kW (101 PS);5,4 l/100 km;128 g/km;Autoscout24.de
BMW;318;d Lim. M Sportpaket Euro5 Navi,Xenon;Sportfahrwerk, Sportsitze, Sportpaket, Alufelgen, Bi-Xenon Scheinwerfer, Armlehne, Klimaanlage, Navigationssystem;€ 11.800;Guter Preis;164.569 km;Schaltgetriebe;03/2013;Diesel;105 kW (143 PS);4,5 l/100 km;119 g/km;Autoscout24.de
Audi;A4;Avant  quattro *ACC*KAMERA*APS*AHK*NAVI*PDC*;Allrad, Einparkhilfe Kamera, Scheinwerferreinigung, Navigationssystem, Anhängerkupplung, Regensensor, LED-Tagfahrlicht, Sommerreifen;€ 10.499;Sehr guter Preis;215.442 km;Automatik;12/2014;Diesel;130 kW (177 PS);5,3 l/100 km;140 g/km;Autoscout24.de
Renault;Scenic;III 1.5 DCi BOSE Edition Automatik Navi;Über 400 Dacia Neuwagen im Bestand/3 Jahre Garantie;€ 4.490;Guter Preis;238.600 km;Automatik;10/2013;Diesel;81 kW (110 PS);5,0 l/100 km;130 g/km;Autoscout24.de
BMW;X3;xDrive20d xLine   Standklima   Harman-Kardon;Spoiler, Head-up display, Navigationssystem, 2-Zonen-Klimaautomatik, Isofix, Sportsitze, Sommerreifen, Ambientebeleuchtung;€ 12.950;Sehr guter Preis;195.854 km;Schaltgetriebe;09/2014;Diesel;140 kW (190 PS);nan;136 g/km;Autoscout24.de
Opel;Corsa;E 1.2 Klima;Elektrische Seitenspiegel, Klimaanlage, Fahrerairbag, Beifahrerairbag, Radio, Seitenairbag, Elektr. Fensterheber, Zentralverriegelung;€ 4.290;Sehr guter Preis;115.200 km;Schaltgetriebe;05/2016;Benzin;51 kW (69 PS);5,4 l/100 km;128 g/km;Autoscout24.de
BMW;318;D F30 SPORT LINE*2.HAND*GLASDACH*XENON*NAVI(Prof.);Sportpaket, Sportsitze, Bi-Xenon Scheinwerfer, Start/Stop-Automatik, Schiebedach, Navigationssystem, Einparkhilfe Sensoren vorne, Alufelgen;€ 9.900;Fairer Preis;225.018 km;Schaltgetriebe;05/2012;Diesel;105 kW (143 PS);4,5 l/100 km;118 g/km;Autoscout24.de
Volkswagen;Touran;Cross 1.6TDI*Aut.*BiXenon*Temp*Pdc*Ahk*;Tagfahrlicht, Radio, Standheizung, Bi-Xenon Scheinwerfer, Einparkhilfe Kamera, Alufelgen, Touchscreen, LED-Tagfahrlicht;€ 8.490;Sehr guter Preis;199.989 km;Automatik;11/2013;Diesel;77 kW (105 PS);5,4 l/100 km;143 g/km;Autoscout24.de
SEAT;Altea XL;Style Ecomotive;Alufelgen, Fahrerairbag, Allwetterreifen, USB, Start/Stop-Automatik, ABS, Servolenkung, Elektrische Seitenspiegel;€ 4.490;Sehr guter Preis;153.000 km;Schaltgetriebe;12/2012;Diesel;77 kW (105 PS);4,5 l/100 km;119 g/km;Autoscout24.de
Dacia;Duster;1.6 16V 105 4x2;Klimaanlage, Isofix, Pannenkit, Nebelscheinwerfer, Bordcomputer, ABS, Beifahrerairbag;€ 6.200;Sehr guter Preis;94.800 km;Schaltgetriebe;04/2013;Benzin;77 kW (105 PS);7,1 l/100 km;nan;Autoscout24.de
Ford;EcoSport;Titanium KLIMA*PDC*BT*sauberes Fahrzeug;Fahrerairbag, Traktionskontrolle, Getönte Scheiben, Berganfahrassistent, Zentralverriegelung, Bluetooth, Tempomat, Lordosenstütze;€ 7.990;Sehr guter Preis;101.295 km;Schaltgetriebe;10/2014;Diesel;66 kW (90 PS);4,6 l/100 km;120 g/km;Autoscout24.de
MINI;Cooper D Clubman;Cooper D;Start/Stop-Automatik, Sportpaket, Navigationssystem, Anhängerkupplung, Alufelgen, Lichtsensor, Bluetooth, Sprachsteuerung;€ 4.900;Sehr guter Preis;234.172 km;Schaltgetriebe;11/2012;Diesel;82 kW (111 PS);3,8 l/100 km;101 g/km;Autoscout24.de
Opel;Insignia;A ST 2.0D INNOV. NAVI/LED/KAMERA/SHZ;Einparkhilfe Kamera, Getönte Scheiben, Android Auto, Sprachsteuerung, Einparkhilfe Sensoren vorne, Multifunktionslenkrad, Sommerreifen, Sitzheizung;€ 6.700;nan;140.990 km;Automatik;05/2016;Diesel;125 kW (170 PS);5,5 l/100 km;145 g/km;Autoscout24.de
Opel;Meriva;B Temp. SHZ PDC NP: 26.000€;Beifahrerairbag, Alufelgen, Einparkhilfe Sensoren vorne, Seitenairbag, Fahrerairbag, Klimaanlage, Beheizbares Lenkrad, Armlehne;€ 4.190;Sehr guter Preis;157.000 km;Schaltgetriebe;01/2012;Benzin;103 kW (140 PS);6,7 l/100 km;159 g/km;Autoscout24.de
Ford;Fiesta;1.0 Sync Edition Klima 32tkm! 1.Hd 5türig;Klimaanlage, Multifunktionslenkrad, Elektrische Seitenspiegel, E10-geeignet, Alufelgen, LED-Tagfahrlicht, Bluetooth, Isofix;€ 6.890;Sehr guter Preis;32.483 km;Schaltgetriebe;07/2013;Benzin;48 kW (65 PS);4,6 l/100 km;109 g/km;Autoscout24.de
Volkswagen;Polo;V CrossPolo Sitzheizung Sportsitze;Dachreling, Radio, Klimaanlage, Fahrerairbag, Winterpaket, Lederlenkrad, Isofix, Gepäckraumabtrennung;€ 4.490;Guter Preis;198.421 km;Schaltgetriebe;04/2012;Benzin;51 kW (69 PS);5,7 l/100 km;132 g/km;Autoscout24.de
Volkswagen;Polo;V CrossPolo Sitzheizung Sportsitze;Dachreling, Radio, Klimaanlage, Fahrerairbag, Winterpaket, Lederlenkrad, Isofix, Gepäckraumabtrennung;€ 4.490;Guter Preis;198.421 km;Schaltgetriebe;04/2012;Benzin;51 kW (69 PS);5,7 l/100 km;132 g/km;Autoscout24.de
Kia;;CEED SW 1.6 EDITION7  EMOTION OHNE KLIMA;Zentralverriegelung, Sitzheizung, Alufelgen, Isofix, Multifunktionslenkrad, Seitenairbag, Dachreling, Radio;€ 7.960;Sehr guter Preis;94.600 km;Schaltgetriebe;03/2014;Benzin;99 kW (135 PS);nan;nan;Autoscout24.de
Ford;Fiesta;Sport;Isofix, Sportfahrwerk, Freisprecheinrichtung, Beheizbare Frontscheibe, Getönte Scheiben, Fahrerairbag, Sitzheizung, Sportpaket;€ 5.999;Sehr guter Preis;142.500 km;Schaltgetriebe;03/2016;Benzin;92 kW (125 PS);4,3 l/100 km;99 g/km;Autoscout24.de
Opel;Zafira Tourer;C 1.6 Innovation  CNG ERDGAS 7SITZE;Bluetooth, Alufelgen, Freisprecheinrichtung, Armlehne, Reifendruckkontrollsystem, Notrufsystem, Zentralverriegelung mit Funkfernbedienung, Tagfahrlicht;€ 7.500;Sehr guter Preis;134.272 km;Schaltgetriebe;09/2015;Erdgas (CNG);110 kW (150 PS);nan;nan;Autoscout24.de
Volkswagen;Golf;VII 1.2 TSI DSG Comfortline NAVI KLIMA PNAO P;Panoramadach, Navigationssystem, Lordosenstütze, 2-Zonen-Klimaautomatik, Wegfahrsperre, Sitzheizung, Einparkhilfe Sensoren vorne, MP3;€ 12.990;Sehr guter Preis;25.000 km;Automatik;09/2014;Benzin;81 kW (110 PS);nan;nan;Autoscout24.de
Hyundai;i20;Classic,Klima, 8-fach bereift, Seh sauber;E10-geeignet, Fahrerairbag, Klimaanlage, Elektrische Seitenspiegel, Traktionskontrolle, Klimaautomatik, CD, Bluetooth;€ 6.499;Guter Preis;65.858 km;Schaltgetriebe;09/2014;Benzin;63 kW (86 PS);4,9 l/100 km;114 g/km;Autoscout24.de
Mercedes-Benz;ML 350;BlueTEC 4M 7G AMG STYLING  MEMORY   TOTW.;Sportpaket, 3-Zonen-Klimaautomatik, Einparkhilfe Kamera, Sportfahrwerk, Traktionskontrolle, Anhängerkupplung, Voll-LED Scheinwerfer, Allrad;€ 19.950;Sehr guter Preis;193.733 km;Automatik;11/2012;Diesel;190 kW (258 PS);6,8 l/100 km;nan;Autoscout24.de
Volkswagen;Polo;V Trendline. Navi. Klima. PDC. Temp.;Seit 1963 Ihr KFZ-Meisterbetrieb in Mainz Bretzenheim;€ 6.990;Guter Preis;119.900 km;Schaltgetriebe;01/2016;Benzin;44 kW (60 PS);nan;nan;Autoscout24.de
Citroen;C4 Picasso;Seduction LED PDC AHK Bluetooth;Anhängerkupplung, Fahrerairbag, Touchscreen, Elektr. Fensterheber, Klimaanlage, Beifahrerairbag, Klimaautomatik, Multifunktionslenkrad;€ 4.990;Sehr guter Preis;165.000 km;Schaltgetriebe;11/2013;Diesel;85 kW (116 PS);4,0 l/100 km;106 g/km;Autoscout24.de
BMW;220;Coupé M Sport LED NaviBusiness FernlichtAss;Ihr BMW Servicepartner für die Region Hannover;€ 13.999;Guter Preis;194.000 km;Schaltgetriebe;08/2017;Diesel;140 kW (190 PS);4,3 l/100 km;nan;Autoscout24.de
Mitsubishi;ASX;1.8 DI-D+ Instyle NaviTouch RFKam BT USB All;Navigationssystem, Xenonscheinwerfer, Sitzheizung, Einparkhilfe Kamera, Isofix, Soundsystem, Panoramadach, ABS;€ 7.480;Fairer Preis;190.000 km;Schaltgetriebe;12/2013;Diesel;110 kW (150 PS);nan;141 g/km;Autoscout24.de
Ford;EcoSport;Trend;Sitzheizung, Einparkhilfe Sensoren vorne, Traktionskontrolle, USB, Einparkhilfe Sensoren hinten, Alufelgen, Nebelscheinwerfer, Freisprecheinrichtung;€ 7.390;Guter Preis;118.281 km;Schaltgetriebe;07/2015;Benzin;92 kW (125 PS);5,4 l/100 km;125 g/km;Autoscout24.de
Toyota;Avensis;Kombi 1.8 1.Hand **126TKM**Navi Kamera;Dachreling, Pannenkit, Elektronische Parkbremse, Sitzheizung, Klimaanlage, Multifunktionslenkrad, Lordosenstütze, Soundsystem;€ 7.450;nan;126.465 km;Schaltgetriebe;01/2012;Benzin;108 kW (147 PS);6,6 l/100 km;155 g/km;Autoscout24.de
Mercedes-Benz;GLK 220;CDI 4M *2.HD *19 *Navigation *SHZ*Klima;Chrom-Paket   Start - Stop   Navi;€ 16.990;Fairer Preis;175.100 km;Automatik;05/2014;Diesel;125 kW (170 PS);6,1 l/100 km;nan;Autoscout24.de
Opel;Meriva;B Innovation*Tempomat*Sitzheizung*;Einparkhilfe Sensoren hinten, Radio, Beifahrerairbag, Sitzheizung, Tempomat, Alufelgen, Bluetooth, Getönte Scheiben;€ 7.290;Guter Preis;128.969 km;Schaltgetriebe;09/2016;Diesel;100 kW (136 PS);4,4 l/100 km;116 g/km;Autoscout24.de
Ford;Mondeo;Turnier Titanium*Klima*Allwetter*;Alufelgen, Sportfahrwerk, Sportsitze, Elektrische Sitze, Klimaanlage, Schlüssellose Zentralverriegelung, Klimaautomatik, Isofix;€ 4.980;Fairer Preis;197.553 km;Schaltgetriebe;05/2013;Benzin;149 kW (203 PS);7,6 l/100 km;180 g/km;Autoscout24.de
Volkswagen;Golf;VII Lim. Highline BMT Navi,Kamera,BiXeno+WR;Finanzierung ab 6,29% / Sofortankauf & Inzahlungnahme;€ 10.300;Sehr guter Preis;126.470 km;Schaltgetriebe;04/2014;Benzin;103 kW (140 PS);5,2 l/100 km;119 g/km;Autoscout24.de
BMW;X6;xDrive40d|LED|HUD|HiFi|SHZ|PDC|Kamera|Navi|BT;Reifendruckkontrollsystem, Einparkhilfe Kamera, Fahrerairbag, Allrad, Soundsystem, LED-Scheinwerfer, Sportfahrwerk, Head-up display;€ 15.990;Guter Preis;281.500 km;Automatik;12/2012;Diesel;225 kW (306 PS);7,5 l/100 km;199 g/km;Autoscout24.de
Opel;Mokka;1.6 CDTI ecoFlex Innovation Navi FLA LM;Bi-Xenon Scheinwerfer, Bordcomputer, ABS, Einparkhilfe Sensoren hinten, Touchscreen, Einparkhilfe Kamera, Einparkhilfe Sensoren vorne, teilb. Rücksitzbank;€ 9.490;Sehr guter Preis;112.850 km;Schaltgetriebe;06/2015;Diesel;100 kW (136 PS);nan;nan;Autoscout24.de
Renault;Megane;3 1.6 110PS Lim. 5-trg Tempomat Klima;Qualität - Zuverlässigkeit - Sicherheit;€ 7.899;Sehr guter Preis;54.561 km;Schaltgetriebe;06/2015;Benzin;81 kW (110 PS);6,9 l/100 km;159 g/km;Autoscout24.de
Volkswagen;Golf;VII Limousine *Klimaauto*Sitzheizung*Tempomat;2-Zonen-Klimaautomatik, Multifunktionslenkrad, Sitzheizung, Fahrerairbag, Alufelgen, Geschwindigkeits-begrenzungsanlage, Nebelscheinwerfer, Armlehne;€ 11.449;Sehr guter Preis;75.792 km;Schaltgetriebe;07/2015;Benzin;81 kW (110 PS);nan;nan;Autoscout24.de
Toyota;;Aygo AYGO Cool  nur 48Tkm;Klimaanlage, Zentralverriegelung, Elektr. Fensterheber, Bluetooth, Beifahrerairbag, Fahrerairbag, Isofix, E10-geeignet;€ 4.990;Sehr guter Preis;48.538 km;Schaltgetriebe;10/2013;Benzin;50 kW (68 PS);4,4 l/100 km;104 g/km;Autoscout24.de
Audi;Q7;3.0 TDI clean diesel quattro Gewerbe/Export!;Über 1000 Fahrzeuge auf Lager und sofort verfügbar !!!;€ 16.000;nan;189.600 km;Automatik;06/2013;Diesel;180 kW (245 PS);7,4 l/100 km;196 g/km;Autoscout24.de
Volkswagen;Golf Variant;1.4 TSI Highline+Panorama+STHZ+AHK+Bi-Xenon+;Alufelgen, Navigationssystem, Bi-Xenon Scheinwerfer, Sommerreifen, Kurvenlicht, Reifendruckkontrollsystem, Bluetooth, Touchscreen;€ 4.999;Guter Preis;231.000 km;Schaltgetriebe;11/2012;Benzin;118 kW (160 PS);6,4 l/100 km;149 g/km;Autoscout24.de
Volkswagen;Touran;Life BMT/Automatik/Klima/Navi/Shz/Ahk/;Seitenairbag, Alufelgen, Anhängerkupplung, Sitzheizung, Müdigkeitswarnsystem, Isofix, Navigationssystem, Tagfahrlicht;€ 9.990;Sehr guter Preis;190.202 km;Automatik;07/2013;Diesel;103 kW (140 PS);5,2 l/100 km;135 g/km;Autoscout24.de
Ford;Mondeo;Titanium Automatik Memory Teilleder Navi;Leder Alcantara;€ 8.990;Sehr guter Preis;199.887 km;Automatik;12/2016;Diesel;132 kW (179 PS);4,9 l/100 km;nan;Autoscout24.de
Skoda;Rapid/Spaceback;Ambition*DAB Radio*Klimaautomatik*Navi*;Einparkhilfe Kamera, Elektrische Seitenspiegel, Multifunktionslenkrad, Klimaautomatik, Touchscreen, Sommerreifen, Bluetooth, Alufelgen;€ 7.190;Sehr guter Preis;93.773 km;Schaltgetriebe;05/2013;Benzin;63 kW (86 PS);5,1 l/100 km;121 g/km;Autoscout24.de
Mazda;3;Lim. 2.0 SKYACTIVE VISION KLIMA/SHZ/PDC/TEMP.;2-Zonen-Klimaautomatik, Tempomat, Sitzheizung, Touchscreen, Bluetooth, Lederlenkrad, Einparkhilfe Sensoren hinten, Zentralverriegelung;€ 11.450;Sehr guter Preis;87.650 km;Automatik;05/2014;Benzin;88 kW (120 PS);5,6 l/100 km;129 g/km;Autoscout24.de
Audi;Q5;2.0TDI/S Line/Leder/Pano/Navi/Bi-Xeno/AHK/PDC;Panoramadach, Sportpaket, 3-Zonen-Klimaautomatik, Scheinwerferreinigung, Sportfahrwerk, Elektrische Sitze, Fahrerairbag, Ambientebeleuchtung;€ 18.500;Sehr guter Preis;154.000 km;Automatik;01/2015;Diesel;140 kW (190 PS);5,7 l/100 km;151 g/km;Autoscout24.de
BMW;316;"d Navi*Klimaaut.*2xSHZ*Bluetooth*18""Zoll";Bluetooth, 2-Zonen-Klimaautomatik, Bordcomputer, Start/Stop-Automatik, USB, Navigationssystem, Sitzheizung, Traktionskontrolle;€ 9.590;Fairer Preis;196.000 km;Schaltgetriebe;04/2013;Diesel;85 kW (116 PS);4,5 l/100 km;nan;Autoscout24.de
Volkswagen;Polo;1.6 TDI BMT Match, Klima, Sitzheiz.., AHK;Start/Stop-Automatik, Allwetterreifen, Alufelgen, Lederlenkrad, Klimaautomatik, Einparkhilfe Sensoren hinten, Sportsitze, Anhängerkupplung;€ 5.450;Fairer Preis;205.000 km;Schaltgetriebe;06/2012;Diesel;66 kW (90 PS);3,7 l/100 km;96 g/km;Autoscout24.de
Kia;Sportage;Spirit 4WD SHZ Leder Navi Alu 16 Zoll;Navigationssystem, Allrad, Getönte Scheiben, USB, Multifunktionslenkrad, Klimaanlage, Panoramadach, Alufelgen;€ 10.999;nan;149.443 km;Automatik;07/2013;Diesel;135 kW (184 PS);7,2 l/100 km;189 g/km;Autoscout24.de
Alfa Romeo;Giulia;2.2 JTDM Automatik Klima Navi Temp Kamera;Finanzierung OHNE Anzahlung möglich!;€ 13.890;Sehr guter Preis;174.400 km;Automatik;11/2016;Diesel;132 kW (179 PS);3,8 l/100 km;99 g/km;Autoscout24.de
Mazda;CX-30;"Prime-Line KLIMA+NAVI+ALARM+KAMERA+LED+16""+HUD ...";Sicherer EU-Neuwagenkauf zum Bestpreis seit 1999!;€ 22.890;nan;0 km;Schaltgetriebe;nan;Benzin;103 kW (140 PS);nan;135 g/km;Autoscout24.de
Ford;Tourneo Courier;1.0 TREND 5-SITZER KLIMA/SHZ/AHK;Getönte Scheiben, Schiebetür rechts, Anhängerkupplung, Einparkhilfe Sensoren hinten, Klimaanlage, USB, Bluetooth, Armlehne;€ 4.250;Sehr guter Preis;186.900 km;Schaltgetriebe;06/2015;Benzin;74 kW (101 PS);5,4 l/100 km;128 g/km;Autoscout24.de
Nissan;Qashqai;Visia *PDC*RADIO*KLIMA*XENON*TEMPOMAT*;Alufelgen, Spurhalteassistent, Getönte Scheiben, Tempomat, Anhängerkupplung, Einparkhilfe Sensoren hinten, Geschwindigkeits-begrenzungsanlage, Beifahrerairbag;€ 9.299;Sehr guter Preis;116.591 km;Schaltgetriebe;09/2016;Benzin;85 kW (116 PS);5,6 l/100 km;129 g/km;Autoscout24.de
Volkswagen;Golf Variant;Golf VII Variant 2.0 TDI BMT *PANO/AHK/STANDHEIZ*;Standheizung, Alufelgen, Sitzheizung, Schiebedach, Multifunktionslenkrad, Navigationssystem, Abstandstempomat, Einparkhilfe Sensoren vorne;€ 7.900;Sehr guter Preis;227.890 km;Schaltgetriebe;03/2015;Diesel;110 kW (150 PS);4,2 l/100 km;108 g/km;Autoscout24.de
Volkswagen;Tiguan;*TopZustand*NAVI*PDC*Klima*8xALU*Garantie;Getönte Scheiben, Navigationssystem, Touchscreen, Alufelgen, Sommerreifen, Bluetooth, Notbremsassistent, Tempomat;€ 11.980;Sehr guter Preis;125.700 km;Automatik;05/2014;Benzin;118 kW (160 PS);7,1 l/100 km;164 g/km;Autoscout24.de
Audi;A6;Avant 3.0 TDI quattro S-line GEWERBE EXPORT;Lordosenstütze, Sportfahrwerk, Totwinkel-Assistent, Sportpaket, Isofix, Einparkhilfe Kamera, Sportsitze, Bluetooth;€ 10.950;Fairer Preis;287.150 km;Automatik;04/2013;Diesel;180 kW (245 PS);5,9 l/100 km;nan;Autoscout24.de
Mazda;CX-5;2,2 Skyactiv-D Center-Line 2WD;Klimaanlage, Alufelgen, Elektrische Seitenspiegel, Sitzheizung, Ambientebeleuchtung, Einparkhilfe Sensoren vorne, Bluetooth, Touchscreen;€ 8.449;Guter Preis;175.000 km;Schaltgetriebe;04/2014;Diesel;110 kW (150 PS);4,6 l/100 km;122 g/km;Autoscout24.de
Peugeot;2008;1.2 CROSSWAY|APPLE|KAMERA|AMBIENTE;Sitzheizung, Einparkhilfe Kamera, Multifunktionslenkrad, Panoramadach, Geschwindigkeits-begrenzungsanlage, Pannenkit, Ambientebeleuchtung, Tempomat;€ 9.990;Sehr guter Preis;100.000 km;Automatik;07/2016;Benzin;81 kW (110 PS);4,8 l/100 km;110 g/km;Autoscout24.de
Nissan;X-Trail;1.6 dCi Visia 7 Sitzer/Navi/LED/Pano/Leder;Sommerreifen, Elektrische Sitze, Winterreifen, Sitzheizung, Tempomat, Bordcomputer, 2-Zonen-Klimaautomatik, Schiebedach;€ 10.980;Guter Preis;262.137 km;Automatik;06/2017;Diesel;96 kW (131 PS);nan;nan;Autoscout24.de
Peugeot;308;LIM. 1.5D ACTIVE NAVI/LED/PDC/TEMP./SPORT;ESP, Touchscreen, Bluetooth, Navigationssystem, Sportsitze, Fahrerairbag, Sprachsteuerung, Armlehne;€ 7.450;Sehr guter Preis;141.650 km;Schaltgetriebe;09/2018;Diesel;96 kW (131 PS);3,6 l/100 km;95 g/km;Autoscout24.de
Volkswagen;Golf;MATCH KLIMA+EINPARKHILFE+ALLWETTER+ALU+TOP+;Sitzheizung,Sportlederlenkrad,RegelmässigeWartung;€ 10.980;Fairer Preis;30.900 km;Schaltgetriebe;06/2012;Benzin;77 kW (105 PS);5,7 l/100 km;134 g/km;Autoscout24.de
Volkswagen;Caddy;Kasten EcoProfi *2.HAND SCHECKHEFT-AHK*;Anhängerkupplung, Traktionskontrolle, Zentralverriegelung, Fahrerairbag, Stahlfelgen, Elektr. Fensterheber, Gepäckraumabtrennung, Allwetterreifen;€ 6.880;Sehr guter Preis;139.785 km;Schaltgetriebe;11/2012;Diesel;55 kW (75 PS);5,6 l/100 km;147 g/km;Autoscout24.de
BMW;320;"320d Cabrio M Sport Edition""Leder""Xenon""Navi""";Radio, Navigationssystem, Sportpaket, Alufelgen, Sitzheizung, Einparkhilfe Sensoren vorne, Bluetooth, Tempomat;€ 14.490;Fairer Preis;150.700 km;Automatik;08/2012;Diesel;135 kW (184 PS);nan;nan;Autoscout24.de
BMW;116;i|1. Hand|LED TFL|Start/Stopp|AUX/USB|EURO6!;Traktionskontrolle, Regensensor, Radio, Armlehne, Isofix, LED-Tagfahrlicht, Klimaautomatik, Wegfahrsperre;€ 10.499;Sehr guter Preis;84.056 km;Schaltgetriebe;06/2016;Benzin;80 kW (109 PS);5,4 l/100 km;128 g/km;Autoscout24.de
Mitsubishi;Outlander;Diamant Edition 4WD;Allrad, Radio, LED-Tagfahrlicht, Sprachsteuerung, Sitzheizung, Anhängerkupplung, Apple CarPlay, Kurvenlicht;€ 12.300;Guter Preis;155.800 km;Automatik;03/2015;Diesel;110 kW (150 PS);5,4 l/100 km;143 g/km;Autoscout24.de
Hyundai;i30;CW 1.6CRDi Select LEDTgf~Tempomat~AHK;Freisprecheinrichtung, Alufelgen, USB, Beifahrerairbag, Anhängerkupplung, Tempomat, Fernlichtassistent, Isofix;€ 8.950;Guter Preis;131.299 km;Schaltgetriebe;10/2017;Diesel;81 kW (110 PS);3,8 l/100 km;99 g/km;Autoscout24.de
Hyundai;i30;i30cw 1.6 Automatik Style;2-Zonen-Klimaautomatik, Sitzheizung, Pannenkit, Tempomat, Wegfahrsperre, Regensensor, Multifunktionslenkrad, Bi-Xenon Scheinwerfer;€ 9.870;Sehr guter Preis;122.195 km;Automatik;06/2015;Benzin;99 kW (135 PS);6,8 l/100 km;136 g/km;Autoscout24.de
BMW;318;d Lim. M Sportpaket Euro5 Navi,Xenon;Sportfahrwerk, Sportsitze, Sportpaket, Alufelgen, Bi-Xenon Scheinwerfer, Armlehne, Klimaanlage, Navigationssystem;€ 11.800;Guter Preis;164.569 km;Schaltgetriebe;03/2013;Diesel;105 kW (143 PS);4,5 l/100 km;119 g/km;Autoscout24.de
Audi;A4;2.0 TDI ultra *Automatik*Navi*SHZ*;Einparkhilfe Kamera, LED-Scheinwerfer, Sportfahrwerk, 3-Zonen-Klimaautomatik, Navigationssystem, Sitzheizung, Elektrische Heckklappe, Getönte Scheiben;€ 16.900;Fairer Preis;191.140 km;Automatik;03/2018;Diesel;110 kW (150 PS);3,9 l/100 km;99 g/km;Autoscout24.de
SEAT;Leon;ST 2.0d 4Drive 4x4 DSG X-Perience PANO+LED+;Allrad, Schiebedach, LED-Scheinwerfer, Einparkhilfe Sensoren vorne, Sportpaket, Reifendruckkontrollsystem, USB, Sitzheizung;€ 11.750;Sehr guter Preis;150.000 km;Automatik;10/2016;Diesel;135 kW (184 PS);4,7 l/100 km;125 g/km;Autoscout24.de
Mercedes-Benz;Citan;Kasten 108 CDI lang;Armlehne, Schiebetür rechts, Radio, Tagfahrlicht, Bluetooth, Elektrische Seitenspiegel, Fahrerairbag, Zentralverriegelung;€ 2.990;Sehr guter Preis;271.000 km;Schaltgetriebe;06/2014;Diesel;55 kW (75 PS);4,7 l/100 km;125 g/km;Autoscout24.de
Ford;Transit Custom;Kombi 300 L1 2.2 TDCi *1992 *EXPORT;Beifahrerairbag, Notrad, Start/Stop-Automatik, CD, Radio, Zentralverriegelung, Schiebetür rechts, Katalysator;€ 7.988;Guter Preis;255.000 km;Schaltgetriebe;01/2015;Diesel;74 kW (101 PS);nan;nan;Autoscout24.de
BMW;X1;xDrive 18d|PDC|AHK|SHZ|AUX|USB|Klima;Allrad, Elektr. Fensterheber, Anhängerkupplung, Alufelgen, Wegfahrsperre, Sitzheizung, Klimaautomatik, Bluetooth;€ 11.790;Fairer Preis;141.800 km;Schaltgetriebe;01/2014;Diesel;105 kW (143 PS);5,5 l/100 km;146 g/km;Autoscout24.de
Mercedes-Benz;B 180;BlueEFFICIENCY Aut.-Navi-Xenon-Kamera-SHZ-;Alufelgen, Elektrische Seitenspiegel, Sportpaket, Einparkhilfe Kamera, Sportfahrwerk, Einparkhilfe selbstlenkendes System, Sitzheizung, Bi-Xenon Scheinwerfer;€ 14.900;Sehr guter Preis;39.500 km;Automatik;12/2014;Benzin;90 kW (122 PS);5,6 l/100 km;nan;Autoscout24.de
Mercedes-Benz;E 220;CDI T-Modell BE 2. HAND LED NAVI PDC SHZ;Unsere Fahrzeuge werden aller von der DEKRA begutachtet;€ 16.990;Guter Preis;125.000 km;Automatik;01/2014;Diesel;125 kW (170 PS);5,0 l/100 km;132 g/km;Autoscout24.de
Volkswagen;Golf;VII 1.2 TSi Lim. **SHZ*PDC*Parkassistent**;Start/Stop-Automatik, 2-Zonen-Klimaautomatik, Sitzheizung, Touchscreen, Einparkhilfe Sensoren vorne, Einparkhilfe Sensoren hinten, Multifunktionslenkrad, Einparkhilfe selbstlenkendes System;€ 8.495;Guter Preis;132.000 km;Schaltgetriebe;09/2013;Benzin;63 kW (86 PS);nan;nan;Autoscout24.de
Audi;A3;Sportback quattro S Line Sportpaket Aut. Navi;Sportfahrwerk, Sportpaket, Sportsitze, Allrad, Navigationssystem, Multifunktionslenkrad, Bordcomputer, Einparkhilfe Kamera;€ 15.890;Sehr guter Preis;133.104 km;Automatik;02/2015;Diesel;135 kW (184 PS);4,9 l/100 km;130 g/km;Autoscout24.de
smart;forTwo;Passion Mhd 52 KW Automatik;Unser Angebot der Woche;€ 4.900;Sehr guter Preis;98.000 km;Automatik;02/2012;Benzin;52 kW (71 PS);nan;nan;Autoscout24.de
Hyundai;i20;Classic Klima- SHZ-1 Hand;Klimaanlage, Beifahrerairbag, Fahrerairbag, Elektrische Seitenspiegel, Sitzheizung, Radio, USB, Isofix;€ 6.250;Guter Preis;78.400 km;Schaltgetriebe;02/2014;Benzin;63 kW (86 PS);nan;nan;Autoscout24.de
Mazda;CX-5;Center-Line NAVI+XENON AHK SHZG PDC LANE;Bi-Xenon Scheinwerfer, Beifahrerairbag, Anhängerkupplung, Einparkhilfe Sensoren vorne, Elektr. Fensterheber, Sitzheizung, Getönte Scheiben, 2-Zonen-Klimaautomatik;€ 9.990;Fairer Preis;153.667 km;Schaltgetriebe;08/2013;Diesel;110 kW (150 PS);4,6 l/100 km;119 g/km;Autoscout24.de
Chevrolet;Orlando;LT**7 Sitzer**1.Hd*Aut AHK Parrot Blueto;Klimaautomatik, Traktionskontrolle, Alufelgen, Katalysator, Zentralverriegelung mit Funkfernbedienung, Anhängerkupplung, Freisprecheinrichtung, USB;€ 3.990;Guter Preis;369.014 km;Automatik;02/2012;Diesel;120 kW (163 PS);5,3 l/100 km;186 g/km;Autoscout24.de
Fiat;Doblo;1.6 SX Kombi Lounge Klimaauto Allwetter;Über 400 Dacia Neuwagen im Bestand/3 Jahre Garantie;€ 4.490;Guter Preis;252.700 km;Schaltgetriebe;09/2014;Diesel;77 kW (105 PS);5,2 l/100 km;138 g/km;Autoscout24.de
Volkswagen;Touran;Life BMT 1HD/NAVI/KLIMA/SHZ/TEMPO/PDC;Einparkhilfe Sensoren vorne, Start/Stop-Automatik, Multifunktionslenkrad, Navigationssystem, Getönte Scheiben, Bluetooth, Klimaautomatik, Sitzheizung;€ 12.740;Fairer Preis;119.701 km;Schaltgetriebe;05/2013;Diesel;103 kW (140 PS);4,8 l/100 km;125 g/km;Autoscout24.de
Volkswagen;Jetta;VI 1.4 TSI  Highline *Automatik*;Einparkhilfe Sensoren vorne, Navigationssystem, Sitzheizung, Beifahrerairbag, Alufelgen, Start/Stop-Automatik, Seitenairbag, Bluetooth;€ 12.990;Fairer Preis;54.879 km;Automatik;10/2012;Benzin;118 kW (160 PS);nan;nan;Autoscout24.de
Land Rover;Discovery Sport;HSE TD4 Aut. *KAMERA/NAVI/LEDER*;Sportfahrwerk, Allrad, Sitzheizung, Notbremsassistent, Sommerreifen, Navigationssystem, Elektrische Sitze, USB;€ 13.900;Sehr guter Preis;181.218 km;Automatik;10/2015;Diesel;132 kW (179 PS);5,3 l/100 km;171 g/km;Autoscout24.de
Mitsubishi;ASX;Top 4WD PANO SHZ LEDER KLIMAUT;Elektrische Sitze, Schiebedach, Allrad, Sitzheizung, Multifunktionslenkrad, Einparkhilfe Kamera, Navigationssystem, Notbremsassistent;€ 11.750;Guter Preis;125.500 km;Automatik;07/2015;Diesel;110 kW (150 PS);5,8 l/100 km;154 g/km;Autoscout24.de
Audi;A4;Avant  quattro *ACC*KAMERA*APS*AHK*NAVI*PDC*;Allrad, Einparkhilfe Kamera, Scheinwerferreinigung, Navigationssystem, Anhängerkupplung, Regensensor, LED-Tagfahrlicht, Sommerreifen;€ 10.499;Sehr guter Preis;215.442 km;Automatik;12/2014;Diesel;130 kW (177 PS);5,3 l/100 km;140 g/km;Autoscout24.de
Mitsubishi;ASX;Top 4WD PANO SHZ LEDER KLIMAUT;Elektrische Sitze, Schiebedach, Allrad, Sitzheizung, Multifunktionslenkrad, Einparkhilfe Kamera, Navigationssystem, Notbremsassistent;€ 11.750;Guter Preis;125.500 km;Automatik;07/2015;Diesel;110 kW (150 PS);5,8 l/100 km;154 g/km;Autoscout24.de
Audi;Q5;Quattro 2.0 TDI Pano Xenon Naviplus Designpac;Bluetooth, Sportfahrwerk, Elektrische Heckklappe, LED-Tagfahrlicht, Bi-Xenon Scheinwerfer, Regensensor, Panoramadach, Start/Stop-Automatik;€ 18.490;Fairer Preis;129.000 km;Automatik;10/2012;Diesel;125 kW (170 PS);5,0 l/100 km;132 g/km;Autoscout24.de
Ford;Mondeo;Turnier Business Edition Klima/Navi/Sitzh;Klimaanlage, Navigationssystem, Alufelgen, Klimaautomatik, Radio, Elektrische Sitze, Beheizbare Frontscheibe, Freisprecheinrichtung;€ 5.490;Guter Preis;193.171 km;Schaltgetriebe;11/2012;Diesel;120 kW (163 PS);4,9 l/100 km;130 g/km;Autoscout24.de
Audi;Q5;2.0 TDI quattro  *TÜV-NEU/AHK*;Apple CarPlay, LED-Tagfahrlicht, Bluetooth, Elektr. Fensterheber, Navigationssystem, Alufelgen, Einparkhilfe Sensoren vorne, Bi-Xenon Scheinwerfer;€ 13.900;Sehr guter Preis;149.780 km;Schaltgetriebe;04/2012;Diesel;105 kW (143 PS);6,5 l/100 km;172 g/km;Autoscout24.de
Volkswagen;Caddy;PKW Maxi Trendline BMT 7 - Sitzer;Alufelgen, Multifunktionslenkrad, Sportpaket, Getönte Scheiben, Sportfahrwerk, Start/Stop-Automatik, Sitzheizung, Isofix;€ 10.500;Erhöhter Preis;238.944 km;Schaltgetriebe;12/2015;Diesel;75 kW (102 PS);4,7 l/100 km;122 g/km;Autoscout24.de
Mazda;3;2.0 SkyActive-G Center-Line, Navi, Klima;2-Zonen-Klimaautomatik, Alufelgen, Sitzheizung, MP3, Einparkhilfe Sensoren hinten, Navigationssystem, USB, Geschwindigkeits-begrenzungsanlage;€ 10.850;Sehr guter Preis;104.500 km;Schaltgetriebe;06/2015;Benzin;88 kW (120 PS);5,1 l/100 km;119 g/km;Autoscout24.de
Jaguar;F-Pace;20d R-Sport 4x4 Jet-Dachhimmel;Seit 1963 Ihr KFZ-Meisterbetrieb in Mainz Bretzenheim;€ 16.900;Sehr guter Preis;157.741 km;Automatik;02/2017;Diesel;132 kW (179 PS);5,9 l/100 km;157 g/km;Autoscout24.de
Renault;Grand Scenic;Scenic III Grand Paris NAVI*SHZG*PDC*KLIMAAUT.*;Alufelgen, USB, Beifahrerairbag, Fahrerairbag, 2-Zonen-Klimaautomatik, Navigationssystem, Traktionskontrolle, Allwetterreifen;€ 6.990;nan;150.616 km;Schaltgetriebe;11/2013;Benzin;85 kW (116 PS);6,1 l/100 km;145 g/km;Autoscout24.de
Mercedes-Benz;CLS 250;SHOOTING BRAKE LEDER+NAVI+ILS+SPORT+TÜV+;Standheizung,Distronic,AktivPark,Reg.Wartung;€ 22.850;Sehr guter Preis;109.600 km;Automatik;07/2014;Diesel;150 kW (204 PS);5,3 l/100 km;139 g/km;Autoscout24.de
Audi;Q3;2.0 TDI 2.Hd*KeyGo*Klima*PDC*2xSHZ*18Zoll;Seitenairbag, Gepäckraumabtrennung, Start/Stop-Automatik, Armlehne, Multifunktionslenkrad, Alufelgen, Sitzheizung, Sprachsteuerung;€ 13.980;Fairer Preis;149.000 km;Schaltgetriebe;10/2013;Diesel;103 kW (140 PS);5,2 l/100 km;nan;Autoscout24.de
Opel;Corsa;D Color Edition 1,4L Klima Tüv Neu Topzust;Sitzheizung, Tempomat, Beifahrerairbag, Einparkhilfe Sensoren hinten, Bluetooth, Klimaanlage, Lederlenkrad, Sportfahrwerk;€ 6.490;Fairer Preis;111.000 km;Schaltgetriebe;11/2014;Benzin;64 kW (87 PS);5,7 l/100 km;135 g/km;Autoscout24.de
BMW;320;320 d Efficient Dynamics Advantage;Navigationssystem, Alufelgen, Elektrische Seitenspiegel, Armlehne, Klimaautomatik, Skisack, Tempomat, Beifahrerairbag;€ 11.100;Fairer Preis;222.200 km;Schaltgetriebe;03/2016;Diesel;120 kW (163 PS);3,9 l/100 km;103 g/km;Autoscout24.de
BMW;218;*Aut.*Klimaaut.*PDC*AHK*7xSitzer*;Klimaanlage, Multifunktionslenkrad, Anhängerkupplung, Elektr. Fensterheber, Sommerreifen, Alufelgen, Dachreling, Ambientebeleuchtung;€ 13.990;Fairer Preis;97.897 km;Automatik;11/2015;Benzin;100 kW (136 PS);5,3 l/100 km;126 g/km;Autoscout24.de
Dacia;Lodgy;1.2 TCE STEPWAY NAVI/PDC/TEMP./NEBEL/KLIMA;Tempomat, Beifahrerairbag, Freisprecheinrichtung, Nebelscheinwerfer, Dachreling, Navigationssystem, Alufelgen, Pannenkit;€ 7.750;Sehr guter Preis;97.500 km;Schaltgetriebe;03/2016;Benzin;85 kW (116 PS);5,6 l/100 km;133 g/km;Autoscout24.de
BMW;318;"d Tou Sport Line NAVI+LED+SHZ+TEMP+AHK+M18""";Sportfahrwerk, Sportsitze, Anhängerkupplung, 3-Zonen-Klimaautomatik, Ambientebeleuchtung, LED-Scheinwerfer, Elektrische Seitenspiegel, Einparkhilfe Sensoren vorne;€ 12.950;Sehr guter Preis;167.000 km;Schaltgetriebe;07/2019;Diesel;110 kW (150 PS);nan;nan;Autoscout24.de
Audi;SQ5;3.0 TDI QUT FACE*VIRT*MATRIX*KAM*RS-SITZE*22';Volldigitales Kombiinstrument, Sportsitze, Luftfederung, Panoramadach, Allrad, Elektr. Fensterheber, Beifahrerairbag, Soundsystem;€ 32.900;Sehr guter Preis;212.000 km;Automatik;06/2020;Diesel;255 kW (347 PS);6,8 l/100 km;177 g/km;Autoscout24.de
Suzuki;SX4;Club *KLIMA-WENIG KILOMETER-PDC-NAVI*;Navigationssystem, Klimaanlage, Touchscreen, Sprachsteuerung, Traktionskontrolle, Zentralverriegelung, Freisprecheinrichtung, ESP;€ 9.990;Sehr guter Preis;28.147 km;Schaltgetriebe;02/2015;Benzin;88 kW (120 PS);6,2 l/100 km;143 g/km;Autoscout24.de
Mercedes-Benz;C 180;T Avantgarde *LEDER-TEMPO.-PDC-SITZHEIZ.*;Navigationssystem, Sportpaket, Sitzheizung, Zentralverriegelung, Sprachsteuerung, Multifunktionslenkrad, Lichtsensor, Getönte Scheiben;€ 12.880;Guter Preis;139.765 km;Automatik;03/2013;Benzin;115 kW (156 PS);7,8 l/100 km;185 g/km;Autoscout24.de
Renault;Scenic;III 1.5 DCi BOSE Edition Automatik Navi;Über 400 Dacia Neuwagen im Bestand/3 Jahre Garantie;€ 4.490;Guter Preis;238.600 km;Automatik;10/2013;Diesel;81 kW (110 PS);5,0 l/100 km;130 g/km;Autoscout24.de
Audi;A6;Avant 2.0 TDI S-Tronic Ultra NAV+XEN+PANO+KAM;Einparkhilfe Kamera, Sportfahrwerk, Panoramadach, Sportsitze, CD, Schlüssellose Zentralverriegelung, Alufelgen, Lordosenstütze;€ 19.749;Erhöhter Preis;194.750 km;Automatik;03/2018;Diesel;140 kW (190 PS);4,7 l/100 km;nan;Autoscout24.de
Mercedes-Benz;A 180;d Kamera*Automatik;Einparkhilfe Kamera, Reifendruckkontrollsystem, Regensensor, Klimaautomatik, Seitenairbag, Beifahrerairbag, Tempomat;€ 14.998;Guter Preis;192.800 km;Automatik;04/2020;Diesel;85 kW (116 PS);4,0 l/100 km;117 g/km;Autoscout24.de
Audi;A3;SPORTBACK 2.0 TDI AMBITION NAVI XENON SHZ PDC;FINANZIERUNG ab 3,99%++GARANTIE bis 36 Monate++ANKAUF;€ 12.950;Sehr guter Preis;159.000 km;Automatik;09/2015;Diesel;110 kW (150 PS);4,4 l/100 km;116 g/km;Autoscout24.de
Skoda;Octavia;Elegance T.Leder,Navi,Bi-Xenon,PDC,SR+WR;Finanzierung ab 6,29% / Sofortankauf & Inzahlungnahme;€ 9.900;Guter Preis;156.240 km;Automatik;04/2013;Diesel;110 kW (150 PS);4,5 l/100 km;119 g/km;Autoscout24.de
Ford;Focus;Turnier Titanium ZAHNRIEM NEU/ 2HAND/TEMP.;Getönte Scheiben, Einparkhilfe Sensoren vorne, Apple CarPlay, Sitzheizung, Beheizbare Frontscheibe, Touchscreen, Einparkhilfe Kamera, Klimaautomatik;€ 8.999;Guter Preis;98.000 km;Schaltgetriebe;11/2017;Benzin;92 kW (125 PS);4,8 l/100 km;114 g/km;Autoscout24.de
Ford;Transit Custom;Kasten 290 L2 Trend °Klima°AHK°;Tempomat, Radio, Einparkhilfe Sensoren vorne, Klimaanlage, USB, Geschwindigkeits-begrenzungsanlage, Multifunktionslenkrad, Allwetterreifen;€ 10.800;nan;80.225 km;Schaltgetriebe;06/2014;Diesel;96 kW (131 PS);nan;nan;Autoscout24.de
Audi;A4;Avant S line Sportpaket / plus quattro*B&O*NAVI*XE;Sportsitze, Allrad, Sportpaket, Sportfahrwerk, Navigationssystem, Multifunktionslenkrad, LED-Tagfahrlicht, Soundsystem;€ 15.970;Fairer Preis;156.000 km;Automatik;05/2014;Benzin;165 kW (224 PS);6,7 l/100 km;159 g/km;Autoscout24.de
Mercedes-Benz;GLB 200;DCT 8G-Tronic Urban 7-Sitzer Kamera/LED;Volldigitales Kombiinstrument, Einparkhilfe Kamera, LED-Scheinwerfer, Sportsitze, Touchscreen, Einparkhilfe Sensoren vorne, Elektrische Heckklappe, Start/Stop-Automatik;€ 24.490;Fairer Preis;192.324 km;Automatik;12/2021;Diesel;110 kW (150 PS);4,8 l/100 km;146 g/km;Autoscout24.de
Audi;A3;1.4 TFSI Sportback Ambition - Allwetterreifen NEU;Alufelgen, Xenonscheinwerfer, Bluetooth, Multifunktionslenkrad, Seitenairbag, Sportsitze, Elektronische Parkbremse, Scheinwerferreinigung;€ 9.590;Fairer Preis;150.000 km;Schaltgetriebe;11/2013;Benzin;90 kW (122 PS);5,3 l/100 km;123 g/km;Autoscout24.de
Renault;Koleos;Bose Allrad Panodach AHK RFK  Night&Day 4x4;Ihr Autohaus mit Herz - Familienbetrieb seit 115 Jahren;€ 7.990;Sehr guter Preis;178.588 km;Schaltgetriebe;02/2014;Diesel;127 kW (173 PS);nan;nan;Autoscout24.de
Volkswagen;Caddy;Kombi BMT Klima Touch Freisprech 5-Sitze;Klimaanlage, USB, Beifahrerairbag, Armlehne, Freisprecheinrichtung, Anhängerkupplung, ABS, Start/Stop-Automatik;€ 6.690;Fairer Preis;281.211 km;Schaltgetriebe;01/2016;Diesel;55 kW (75 PS);4,6 l/100 km;119 g/km;Autoscout24.de
Opel;Astra;Edition Start/Stop;Einparkhilfe Kamera, 2-Zonen-Klimaautomatik, Start/Stop-Automatik, DAB-Radio, USB, Tagfahrlicht, Totwinkel-Assistent, Alufelgen;€ 7.950;Fairer Preis;246.500 km;Automatik;04/2021;Diesel;90 kW (122 PS);4,2 l/100 km;112 g/km;Autoscout24.de
Volkswagen;Sharan;Comfortline 2.0 TDI Automatik/ Navi/ AHK;Alufelgen, Anhängerkupplung, Beifahrerairbag, Einparkhilfe Sensoren vorne, Navigationssystem, Getönte Scheiben, Sitzheizung, Apple CarPlay;€ 14.990;Sehr guter Preis;159.215 km;Automatik;07/2016;Diesel;110 kW (150 PS);5,2 l/100 km;136 g/km;Autoscout24.de
Volkswagen;Golf;VII 1.4 TSI Highline;Bi-Xenon Scheinwerfer, Einparkhilfe Sensoren vorne, Alufelgen, Navigationssystem, Ambientebeleuchtung, Schiebedach, Panoramadach, Sitzheizung;€ 12.490;Guter Preis;117.250 km;Schaltgetriebe;06/2015;Benzin;110 kW (150 PS);nan;nan;Autoscout24.de
Fiat;500;1.2 8V Lounge Navi/Pano/Sitzh/Temp/DAB/PDC;Klimaautomatik, Einparkhilfe Sensoren hinten, Alufelgen, Sitzheizung, E10-geeignet, Navigationssystem, Regensensor, Sommerreifen;€ 8.880;Sehr guter Preis;75.419 km;Schaltgetriebe;03/2019;Benzin;51 kW (69 PS);nan;nan;Autoscout24.de
Land Rover;Range Rover Evoque;Td4 SE Dynamic Leder ab 149€;Seit 1963 Ihr KFZ-Meisterbetrieb in Mainz Bretzenheim;€ 16.990;Fairer Preis;150.000 km;Automatik;10/2017;Diesel;110 kW (150 PS);8,2 l/100 km;188 g/km;Autoscout24.de
Audi;A3;Sportback*2.Hand*Xenon*Navi*PDC*AHK*Alu*Klima;Sportfahrwerk, Einparkhilfe Sensoren hinten, Bordcomputer, Sommerreifen, Sportpaket, Sitzheizung, Xenonscheinwerfer, LED-Tagfahrlicht;€ 12.597;Sehr guter Preis;127.900 km;Schaltgetriebe;03/2015;Benzin;92 kW (125 PS);5,1 l/100 km;121 g/km;Autoscout24.de
Nissan;X-Trail;1.6 Panorama 360Kamera PDC Navi;Auto kauft man mit Vertrauen u Garantie;€ 14.200;Sehr guter Preis;118.803 km;Automatik;03/2017;Diesel;96 kW (131 PS);nan;nan;Autoscout24.de
BMW;X3;xDrive20d xLine   Standklima   Harman-Kardon;Spoiler, Head-up display, Navigationssystem, 2-Zonen-Klimaautomatik, Isofix, Sportsitze, Sommerreifen, Ambientebeleuchtung;€ 12.950;Sehr guter Preis;195.854 km;Schaltgetriebe;09/2014;Diesel;140 kW (190 PS);nan;136 g/km;Autoscout24.de
SEAT;Leon;2,0 TDI FR LED AHK NaviTouch RFKam PDC Pano;Einparkhilfe Sensoren vorne, Einparkhilfe Kamera, Sportfahrwerk, LED-Scheinwerfer, Elektrische Sitze, Schiebedach, Apple CarPlay, Panoramadach;€ 9.980;Fairer Preis;247.000 km;Schaltgetriebe;10/2016;Diesel;135 kW (184 PS);4,5 l/100 km;118 g/km;Autoscout24.de
SEAT;Leon;ST Style;Über 1000 Fahrzeuge auf Lager und sofort verfügbar !!!;€ 9.990;Sehr guter Preis;107.200 km;Schaltgetriebe;06/2015;Benzin;92 kW (125 PS);5,3 l/100 km;126 g/km;Autoscout24.de
Volkswagen;T-Roc;2.0TSI Sport 4Motion DSG AID KAM ACC LED;Sportfahrwerk, Volldigitales Kombiinstrument, Ambientebeleuchtung, Einparkhilfe Kamera, Abstandstempomat, Standheizung, LED-Scheinwerfer, Allrad;€ 17.999;Sehr guter Preis;135.700 km;Automatik;03/2018;Benzin;140 kW (190 PS);6,7 l/100 km;152 g/km;Autoscout24.de
Mercedes-Benz;GLC 220;d 4Matic Sitzh. Navi. Kamera Bluetooth;Seit 1963 Ihr KFZ-Meisterbetrieb in Mainz Bretzenheim;€ 22.990;Fairer Preis;159.000 km;Automatik;05/2017;Diesel;125 kW (170 PS);5,0 l/100 km;129 g/km;Autoscout24.de
BMW;330;"Gran Turismo xDrive Luxury Line Pano Hud 19""";Sportfahrwerk, Head-up display, Sportpaket, Abstandstempomat, Elektrische Sitze, Sportsitze, LED-Tagfahrlicht, Einparkhilfe Sensoren hinten;€ 18.990;Fairer Preis;187.700 km;Automatik;10/2014;Diesel;190 kW (258 PS);5,4 l/100 km;143 g/km;Autoscout24.de
Tesla;Model S;90D Allradantrieb Autopilot,Pano,HighSound,Navi;Volldigitales Kombiinstrument, Einparkhilfe selbstlenkendes System, ABS, Einparkhilfe Kamera, Schlüssellose Zentralverriegelung, Alarmanlage, Radio, Spurhalteassistent; ;nan;nan;nan;nan;nan;nan;nan;nan;Autoscout24.de
Mercedes-Benz;ML 350;CDI AMG LINE H&K AHK PANO STANDHZ 21Z ALU;FINANZIERUNG ab 3,99%++GARANTIE bis 36 Monate++ANKAUF;€ 24.950;Guter Preis;175.000 km;Automatik;06/2014;Diesel;190 kW (258 PS);6,8 l/100 km;180 g/km;Autoscout24.de
Audi;Q3;2.0 TDI quattro S-Tronic S-Line Bi-Xenon AHK;Seit 1963 Ihr KFZ-Meisterbetrieb in Mainz Bretzenheim;€ 17.900;Guter Preis;161.000 km;Automatik;02/2016;Diesel;135 kW (184 PS);5,6 l/100 km;146 g/km;Autoscout24.de
Skoda;Fabia;1.0 MPI Ambit CLIMATRONIK+SHZ+PDC+TEMP+DAB;Sportsitze, Sitzheizung, Zentralverriegelung, Einparkhilfe Sensoren vorne, Apple CarPlay, Tempomat, Einparkhilfe Sensoren hinten, Isofix;€ 9.950;Sehr guter Preis;46.267 km;Schaltgetriebe;03/2019;Benzin;55 kW (75 PS);4,8 l/100 km;110 g/km;Autoscout24.de
Volkswagen;Golf;BMT DSG Comfortline*Leder*Panor.*Navi*Garantie;Sitzheizung, Elektronische Parkbremse, Multifunktionslenkrad, Start/Stop-Automatik, Navigationssystem, Xenonscheinwerfer, Alufelgen, Panoramadach;€ 11.999;Guter Preis;113.000 km;Automatik;01/2013;Benzin;77 kW (105 PS);4,8 l/100 km;112 g/km;Autoscout24.de
Mercedes-Benz;Vito;Tourer 116 Extralang *AHK+ Klima* (2319);Standheizung, Reifendruckkontrollsystem, Tempomat, Anhängerkupplung, Seitenairbag, Schiebetür, Elektrische Seitenspiegel, Getönte Scheiben;€ 21.490;Sehr guter Preis;127.050 km;Schaltgetriebe;08/2016;Diesel;120 kW (163 PS);nan;nan;Autoscout24.de
Skoda;Rapid/Spaceback;1.2 TSI Joy*PDC*SHZ*AHK*TEMPO*KLIMA*GARANTIE*;❗Service Historie und Gebrauchtspureninfos auf Anruf;€ 8.540;Sehr guter Preis;109.545 km;Schaltgetriebe;05/2016;Benzin;81 kW (110 PS);4,9 l/100 km;110 g/km;Autoscout24.de
Mitsubishi;Colt;1.1 ClearTec Edition;Klimaanlage, Sitzheizung, Gepäckraumabtrennung, Bordcomputer, Klimaautomatik, Alufelgen, Isofix, Seitenairbag;€ 4.990;Fairer Preis;90.715 km;Schaltgetriebe;03/2012;Benzin;55 kW (75 PS);4,9 l/100 km;115 g/km;Autoscout24.de
Ford;B-Max;1.0 EcoBoost Sync Edition WSSHz|NAV|PDCv+h;Wegfahrsperre, Beifahrerairbag, Einparkhilfe Sensoren vorne, CD, Navigationssystem, Alufelgen, Freisprecheinrichtung, Isofix;€ 7.900;Sehr guter Preis;44.396 km;Schaltgetriebe;08/2014;Benzin;92 kW (125 PS);nan;nan;Autoscout24.de
Kia;Picanto;Dream Team 1.0 Klimaautomatik SHZ Bluetooth Zentra;Pannenkit, Alufelgen, Sitzheizung, Klimaanlage, Elektr. Fensterheber, Klimaautomatik, Multifunktionslenkrad, Elektrische Seitenspiegel;€ 6.900;Sehr guter Preis;77.660 km;Schaltgetriebe;01/2016;Benzin;49 kW (67 PS);nan;nan;Autoscout24.de
Dacia;Dokker;Stepway 1.2 TCe 115 ALLWETTER PDC KLIMA RADIO;Herbstangebot!;€ 8.990;Sehr guter Preis;120.190 km;Schaltgetriebe;01/2017;Benzin;85 kW (116 PS);nan;nan;Autoscout24.de
Opel;Corsa;E 1.2 Klima;Elektrische Seitenspiegel, Klimaanlage, Fahrerairbag, Beifahrerairbag, Radio, Seitenairbag, Elektr. Fensterheber, Zentralverriegelung;€ 4.290;Sehr guter Preis;115.200 km;Schaltgetriebe;05/2016;Benzin;51 kW (69 PS);5,4 l/100 km;128 g/km;Autoscout24.de
Kia;Picanto;Dream Team 1.0 Klimaautomatik SHZ Bluetooth Zentra;Pannenkit, Alufelgen, Sitzheizung, Klimaanlage, Elektr. Fensterheber, Klimaautomatik, Multifunktionslenkrad, Elektrische Seitenspiegel;€ 6.900;Sehr guter Preis;77.660 km;Schaltgetriebe;01/2016;Benzin;49 kW (67 PS);nan;nan;Autoscout24.de
Dacia;Dokker;Stepway 1.2 TCe 115 ALLWETTER PDC KLIMA RADIO;Herbstangebot!;€ 8.990;Sehr guter Preis;120.190 km;Schaltgetriebe;01/2017;Benzin;85 kW (116 PS);nan;nan;Autoscout24.de
Volkswagen;Touran;Match;Multifunktionslenkrad, Navigationssystem, Einparkhilfe Sensoren hinten, Sitzheizung, Armlehne, Isofix, Tagfahrlicht, Tempomat;€ 7.499;Guter Preis;144.500 km;Schaltgetriebe;05/2012;Benzin;77 kW (105 PS);6,4 l/100 km;149 g/km;Autoscout24.de
Volkswagen;Beetle;TSI Design;Alufelgen, Navigationssystem, Sitzheizung, Elektrische Seitenspiegel, Einparkhilfe Sensoren hinten, 2-Zonen-Klimaautomatik, Getönte Scheiben, Einparkhilfe Sensoren vorne;€ 9.890;Sehr guter Preis;100.350 km;Schaltgetriebe;09/2013;Benzin;77 kW (105 PS);5,6 l/100 km;129 g/km;Autoscout24.de
Ford;C-Max;Trend 1.6 Ti-VCT Klimaanlage Winterpaket;Beheizbare Frontscheibe, Wegfahrsperre, Start/Stop-Automatik, Zentralverriegelung, CD, Radio, Fahrerairbag, Lordosenstütze;€ 6.980;Erhöhter Preis;103.500 km;Schaltgetriebe;03/2012;Benzin;92 kW (125 PS);nan;nan;Autoscout24.de
Mazda;CX-3;Center-Line Anhängerkupplung;Alufelgen, MP3, Touchscreen, Pannenkit, Notbremsassistent, Klimaautomatik, CD, Tempomat;€ 11.990;Guter Preis;102.000 km;Schaltgetriebe;11/2015;Benzin;88 kW (120 PS);nan;nan;Autoscout24.de
Volkswagen;Scirocco;1.4 TSI Sportpaket El. Panodach Navi SD SHZ Scheck;Sitzheizung, Sportpaket, Schiebedach, Sportfahrwerk, teilb. Rücksitzbank, Alufelgen, Navigationssystem, Panoramadach;€ 11.990;Sehr guter Preis;143.000 km;Schaltgetriebe;09/2015;Benzin;92 kW (125 PS);nan;nan;Autoscout24.de
Peugeot;208;Active*Klima*Radio*BT;E10-geeignet, Elektrische Seitenspiegel, Bluetooth, Tempomat, Seitenairbag, Wegfahrsperre, Freisprecheinrichtung, Touchscreen;€ 7.638;Guter Preis;72.000 km;Schaltgetriebe;01/2017;Benzin;60 kW (82 PS);4,5 l/100 km;107 g/km;Autoscout24.de
Skoda;Yeti;Cool Edition Outdoor 4x4*1.Hand*Klima*PDC*;Allrad, Bluetooth, Freisprecheinrichtung, USB, Sitzheizung, Sommerreifen, Fahrerairbag, Scheinwerferreinigung;€ 16.597;Guter Preis;54.450 km;Schaltgetriebe;05/2016;Benzin;110 kW (150 PS);6,3 l/100 km;149 g/km;Autoscout24.de
BMW;550;d xDrive Individual|Xenon|HUD|Kamera|SHZ;Sportfahrwerk, Head-up display, Abstandstempomat, Totwinkel-Assistent, Einparkhilfe Kamera, Schiebedach, Elektrische Sitze, Sportsitze;€ 21.990;Sehr guter Preis;180.000 km;Automatik;05/2013;Diesel;280 kW (381 PS);nan;nan;Autoscout24.de
Mercedes-Benz;CLS 450;CLS 450 4M COMAND/SHD/Distron/Burmest/Kamera;Soundsystem, Abstandstempomat, teilb. Rücksitzbank, Volldigitales Kombiinstrument, Schiebedach, Ambientebeleuchtung, Totwinkel-Assistent, Beifahrerairbag;€ 37.980;Sehr guter Preis;67.987 km;Automatik;04/2018;Benzin;270 kW (367 PS);8,7 l/100 km;197 g/km;Autoscout24.de
Peugeot;308;Peugeot 308 Automatik NAVI Touch BT KAMERA;Seit 1963 Ihr KFZ-Meisterbetrieb in Mainz Bretzenheim;€ 9.390;Sehr guter Preis;123.406 km;Automatik;06/2016;Benzin;96 kW (131 PS);4,9 l/100 km;119 g/km;Autoscout24.de
Citroen;C3;Shine PDC+Navi+PANORAMA+Klimaauto+LED+Sitzhzg;Einparkhilfe Kamera, Apple CarPlay, Panoramadach, Fahrerairbag, E10-geeignet, Regensensor, Navigationssystem, Einparkhilfe Sensoren hinten;€ 9.990;Sehr guter Preis;59.997 km;Schaltgetriebe;08/2020;Benzin;60 kW (82 PS);4,2 l/100 km;96 g/km;Autoscout24.de
Volkswagen;Passat Variant;Passat Vari. 2.0 TDI Highline/R-LINE 4Motion*LED /;Multifunktionslenkrad, Allrad, Regensensor, Beifahrerairbag, Elektrische Sitze, Innenspiegel automatisch abblendend, Bluetooth, Sitzheizung;€ 8.900;Guter Preis;230.122 km;Automatik;11/2012;Diesel;125 kW (170 PS);5,7 l/100 km;149 g/km;Autoscout24.de
BMW;X5;xDrive30d 7-Sitzer|SHZ|Softclose|Navi|HUD|BT;Navigationssystem, Einparkhilfe Sensoren vorne, Head-up display, Sitzheizung, Bluetooth, Fahrerairbag, Elektrische Sitze, Isofix;€ 19.990;Erhöhter Preis;175.000 km;Automatik;06/2012;Diesel;180 kW (245 PS);7,4 l/100 km;196 g/km;Autoscout24.de
Toyota;RAV 4;4 2.0 Edition*Keyless*Kamera*4x4*1.Hand*;Allrad, Navigationssystem, Anhängerkupplung, Beifahrerairbag, Alufelgen, Sprachsteuerung, Wegfahrsperre, Multifunktionslenkrad;€ 15.950;nan;167.153 km;Automatik;06/2014;Benzin;111 kW (151 PS);7,2 l/100 km;167 g/km;Autoscout24.de
Mercedes-Benz;GLK 250;CDI AHK 4Matic DPF Sportpaket Navi Bi-Xenon;Navigationssystem, Sportpaket, Anhängerkupplung, Allrad, Traktionskontrolle, teilb. Rücksitzbank, Multifunktionslenkrad, Schaltwippen;€ 22.999;nan;91.000 km;Automatik;12/2012;Diesel;150 kW (204 PS);nan;nan;Autoscout24.de
Hyundai;i30;|Klima|Isofix|Servo|2.Hand|USB|AUX;Fahrerairbag, E10-geeignet, Pannenkit, Klimaanlage, Klimaautomatik, Beifahrerairbag, Seitenairbag, Wegfahrsperre;€ 8.790;Guter Preis;122.845 km;Schaltgetriebe;12/2016;Benzin;74 kW (101 PS);5,6 l/100 km;129 g/km;Autoscout24.de
BMW;318;D F30 SPORT LINE*2.HAND*GLASDACH*XENON*NAVI(Prof.);Sportpaket, Sportsitze, Bi-Xenon Scheinwerfer, Start/Stop-Automatik, Schiebedach, Navigationssystem, Einparkhilfe Sensoren vorne, Alufelgen;€ 9.900;Fairer Preis;225.018 km;Schaltgetriebe;05/2012;Diesel;105 kW (143 PS);4,5 l/100 km;118 g/km;Autoscout24.de
Citroen;Berlingo;BlueHDi 100 S&S  Multispace Shine;Klimaanlage, Isofix, Beifahrerairbag, Schiebetür links, Alufelgen, 2-Zonen-Klimaautomatik, Sitzheizung, Apple CarPlay;€ 8.950;Guter Preis;145.000 km;Schaltgetriebe;11/2017;Diesel;73 kW (99 PS);4,2 l/100 km;nan;Autoscout24.de
BMW;116;Baureihe 1 Lim. 5-trg. 116 i 61 TKM;Sitzheizung, E10-geeignet, Einparkhilfe Sensoren vorne, Tempomat, Alufelgen, Traktionskontrolle, Nebelscheinwerfer, Einparkhilfe Sensoren hinten;€ 12.599;Sehr guter Preis;61.250 km;Schaltgetriebe;09/2017;Benzin;80 kW (109 PS);5,3 l/100 km;123 g/km;Autoscout24.de
Genesis;G80;3.8 V6 /Pano/Head-Up/Soft Cl./360;Fahrerairbag, Sitzheizung, 3-Zonen-Klimaautomatik, Totwinkel-Assistent, Einparkhilfe Kamera, Beheizbares Lenkrad, Soundsystem, Einparkhilfe Sensoren vorne;€ 21.950;Sehr guter Preis;122.700 km;Automatik;06/2014;Benzin;232 kW (315 PS);11,6 l/100 km;274 g/km;Autoscout24.de
Audi;A3;1.4 ambition 5000 km volle Mobi Garantie;Elektr. Fensterheber, Tagfahrlicht, Seitenairbag, MP3, Servolenkung, Traktionskontrolle, Bluetooth, ESP;€ 8.750;Erhöhter Preis;156.576 km;Schaltgetriebe;12/2012;Benzin;90 kW (122 PS);6,1 l/100 km;145 g/km;Autoscout24.de
BMW;318;d Sport Line Exclusive PANO+KAM+MEMO+AHK+LED+;Sportfahrwerk, Sportsitze, LED-Scheinwerfer, Volldigitales Kombiinstrument, Getönte Scheiben, Elektrische Sitze, Panoramadach, 3-Zonen-Klimaautomatik;€ 18.350;Sehr guter Preis;139.982 km;Schaltgetriebe;06/2019;Diesel;110 kW (150 PS);4,3 l/100 km;113 g/km;Autoscout24.de
Mercedes-Benz;Sprinter;II Kasten 211 CDI;Schiebetür rechts, Klimaanlage, Elektrische Seitenspiegel, Allwetterreifen, Freisprecheinrichtung, USB, Einparkhilfe Sensoren vorne, Armlehne;€ 11.990;nan;185.532 km;Automatik;04/2018;Diesel;84 kW (114 PS);8,2 l/100 km;213 g/km;Autoscout24.de
Mazda;CX-5;Automatik 2.2 D SKYACTIVE 4x4 Exceed;Seit 1963 Ihr KFZ-Meisterbetrieb in Mainz Bretzenheim;€ 13.490;Fairer Preis;136.070 km;Automatik;10/2014;Diesel;110 kW (150 PS);5,5 l/100 km;144 g/km;Autoscout24.de
Opel;Astra;5-Türer, Dynamic;2-Zonen-Klimaautomatik, Sitzheizung, Spurhalteassistent, Einparkhilfe Sensoren vorne, Verkehrszeichenerkennung, Einparkhilfe Kamera, Navigationssystem, Nebelscheinwerfer;€ 10.950;Sehr guter Preis;85.117 km;Schaltgetriebe;10/2017;Benzin;92 kW (125 PS);nan;nan;Autoscout24.de
Skoda;Octavia;Combi Sport Edition/Xenon/SH/Navi;Alufelgen, Sportfahrwerk, Navigationssystem, Sommerreifen, Xenonscheinwerfer, Sitzheizung, Klimaanlage, Multifunktionslenkrad;€ 11.250;Sehr guter Preis;100.863 km;Automatik;06/2013;Benzin;118 kW (160 PS);6,6 l/100 km;155 g/km;Autoscout24.de
MINI;Cooper S Clubman;"Automatik Klima Einparkhilfe LED Tempomat 17""Alu";LED-Scheinwerfer, Sportfahrwerk, ABS, Alufelgen, 2-Zonen-Klimaautomatik, Sportsitze, Sportpaket, ESP;€ 13.980;Sehr guter Preis;110.438 km;Automatik;12/2016;Benzin;141 kW (192 PS);6,2 l/100 km;147 g/km;Autoscout24.de
Mercedes-Benz;B 200;BlueEF  SHZ+Klima+Chrompaket+Parkpilot+MFL;Fahrerairbag, Einparkhilfe Sensoren vorne, Getönte Scheiben, CD, Sitzheizung, Multifunktionslenkrad, Reifendruckkontrollsystem, Servolenkung;€ 9.899;Sehr guter Preis;106.000 km;Schaltgetriebe;04/2013;Benzin;115 kW (156 PS);nan;nan;Autoscout24.de
Mercedes-Benz;C 220;BlueTec / d Lim. Avantgarde*Exclusive*LED;Tempomat, Einparkhilfe Sensoren vorne, LED-Scheinwerfer, Navigationssystem, Sitzheizung, Elektrische Sitze, Ambientebeleuchtung, Alufelgen;€ 19.998;Guter Preis;75.900 km;Automatik;06/2015;Diesel;125 kW (170 PS);4,0 l/100 km;109 g/km;Autoscout24.de
Ford;Transit Connect;Transit Conn 1.5d Trend 3SIT+KLIMA+PDC+AHK+8FACH;Klimaanlage, Schiebetür rechts, Beheizbare Frontscheibe, Start/Stop-Automatik, Alufelgen, Elektr. Fensterheber, Lordosenstütze, Anhängerkupplung;€ 8.850;nan;124.993 km;Schaltgetriebe;07/2017;Diesel;74 kW (101 PS);4,8 l/100 km;124 g/km;Autoscout24.de
Opel;Astra;K Lim. 1.6D EDITION NAVI/LED/TEMP./SPORT;Apple CarPlay, Seitenairbag, Armlehne, Android Auto, Regensensor, Einparkhilfe Sensoren hinten, Zentralverriegelung, LED-Tagfahrlicht;€ 8.450;Sehr guter Preis;117.950 km;Schaltgetriebe;05/2019;Diesel;81 kW (110 PS);3,6 l/100 km;95 g/km;Autoscout24.de
SEAT;Altea XL;Style Ecomotive;Alufelgen, Fahrerairbag, Allwetterreifen, USB, Start/Stop-Automatik, ABS, Servolenkung, Elektrische Seitenspiegel;€ 4.490;Sehr guter Preis;153.000 km;Schaltgetriebe;12/2012;Diesel;77 kW (105 PS);4,5 l/100 km;119 g/km;Autoscout24.de
Honda;Jazz;1.4 Trend i 73 kW (99 PS), Schalt. 5-Gang, Fron...;Alufelgen, Klimaanlage, USB, Multifunktionslenkrad, Wegfahrsperre, Sommerreifen, Pannenkit, Servolenkung;€ 3.900;Guter Preis;212.000 km;Schaltgetriebe;12/2012;Benzin;73 kW (99 PS);nan;nan;Autoscout24.de
Opel;Zafira;C Tourer *2.HAND-KLIMA-TEMPOMAT*;Beifahrerairbag, Alufelgen, Apple CarPlay, Armlehne, Tempomat, Android Auto, Klimaanlage, Navigationssystem;€ 7.490;Guter Preis;149.827 km;Schaltgetriebe;10/2015;Diesel;88 kW (120 PS);4,5 l/100 km;119 g/km;Autoscout24.de
Kia;Carens;Dream Team/Mfl/Navi/Shz/Navi/7-Sitzer/;Navigationssystem, Beifahrerairbag, Sitzheizung, Tempomat, Elektr. Fensterheber, Alufelgen, Einparkhilfe Kamera, Dachreling;€ 11.990;Sehr guter Preis;77.383 km;Schaltgetriebe;04/2018;Benzin;99 kW (135 PS);6,5 l/100 km;150 g/km;Autoscout24.de
Citroen;Spacetourer;Spacetourer Feel XL;Schiebetür links, Einparkhilfe Kamera, 360° Kamera, Beifahrerairbag, Radio, Head-up display, Navigationssystem, Kurvenlicht;€ 22.500;nan;136.000 km;Automatik;11/2018;Diesel;130 kW (177 PS);6,2 l/100 km;163 g/km;Autoscout24.de
Opel;Vivaro;8043;Behindertengerecht, Schiebetür rechts, Armlehne, Stahlfelgen, Lederlenkrad, Radio;€ 9.988;Guter Preis;119.000 km;Schaltgetriebe;12/2014;Diesel;66 kW (90 PS);nan;nan;Autoscout24.de
Audi;A3;Sportback 1.2 TFSI Attraction Automatik;100% Vollfinanzierung über unsere Hausbank möglich;€ 9.899;nan;110.500 km;Automatik;04/2012;Benzin;77 kW (105 PS);5,3 l/100 km;123 g/km;Autoscout24.de
Audi;A4;Avant 2.0 TDI S tronic line AHK NAVI XENON 18 GRA;Sportpaket, Fahrerairbag, Sportfahrwerk, Allrad, Sitzheizung, Sportsitze, MP3, Scheinwerferreinigung;€ 16.450;Guter Preis;136.500 km;Automatik;04/2015;Diesel;130 kW (177 PS);nan;nan;Autoscout24.de
Dacia;Sandero;II Stepway Prestige|LED TFL|Navi|PDC|E6!;Start/Stop-Automatik, Klimaanlage, Dachreling, Isofix, Navigationssystem, Tempomat, Nebelscheinwerfer, Servolenkung;€ 8.399;Sehr guter Preis;98.105 km;Schaltgetriebe;04/2017;Diesel;66 kW (90 PS);3,5 l/100 km;98 g/km;Autoscout24.de
Volkswagen;Golf Sportsvan;Lounge BMT/ Anhängerkupl;Isofix, Alufelgen, Multifunktionslenkrad, Berganfahrassistent, Navigationssystem, 2-Zonen-Klimaautomatik, Sportsitze, Sitzheizung;€ 8.400;Sehr guter Preis;158.617 km;Schaltgetriebe;04/2015;Benzin;81 kW (110 PS);3,9 l/100 km;101 g/km;Autoscout24.de
Mercedes-Benz;S 350;Lang Memory+Pano+ACC+Navi;Sitzheizung, Totwinkel-Assistent, LED-Tagfahrlicht, Navigationssystem, Fernlichtassistent, Abstandstempomat, Einparkhilfe Kamera, Soundsystem;€ 27.950;Sehr guter Preis;92.000 km;Automatik;02/2013;Diesel;190 kW (258 PS);nan;nan;Autoscout24.de
Peugeot;5008;Allure Business Ambiente 7-Sitze;Alufelgen, 2-Zonen-Klimaautomatik, Totwinkel-Assistent, Touchscreen, Einparkhilfe Sensoren vorne, Freisprecheinrichtung, Einparkhilfe Kamera, Lichtsensor;€ 13.900;Guter Preis;161.644 km;Schaltgetriebe;01/2020;Benzin;96 kW (131 PS);5,3 l/100 km;121 g/km;Autoscout24.de
Mercedes-Benz;A 180;"LIMO AMG Line WIDESC+LEDER+NAV+AHK+DAB+18""";Sportsitze, Sportfahrwerk, Volldigitales Kombiinstrument, Ambientebeleuchtung, Sportpaket, Getönte Scheiben, Sitzheizung, Notrufsystem;€ 17.550;Sehr guter Preis;149.443 km;Schaltgetriebe;02/2021;Benzin;100 kW (136 PS);5,2 l/100 km;120 g/km;Autoscout24.de
Ford;Fiesta;1.0 EcoBoost SHZ Klima Radio Freisprech;USB, Getönte Scheiben, Sitzheizung, Bluetooth, Alufelgen, Multifunktionslenkrad, Elektr. Fensterheber, Nebelscheinwerfer;€ 4.995;Fairer Preis;151.000 km;Schaltgetriebe;12/2013;Benzin;74 kW (101 PS);nan;nan;Autoscout24.de
BMW;420;"420i Gran Coupé Aut. Sport Line NAV+KAM+LED+M18""";Sportfahrwerk, Tempomat, Einparkhilfe Kamera, Sportsitze, Ambientebeleuchtung, Sitzheizung, LED-Scheinwerfer, Navigationssystem;€ 18.550;nan;133.108 km;Automatik;07/2019;Benzin;135 kW (184 PS);5,9 l/100 km;138 g/km;Autoscout24.de
Mercedes-Benz;B 180;Klasse/SHZ/AHK/Camara;Einparkhilfe Kamera, Beifahrerairbag, Klimaanlage, Sitzheizung, Multifunktionslenkrad, Anhängerkupplung, Getönte Scheiben, Touchscreen;€ 11.900;Guter Preis;109.000 km;Schaltgetriebe;10/2015;Benzin;90 kW (122 PS);5,6 l/100 km;129 g/km;Autoscout24.de
Ford;C-Max;Titanium AHK KAMERA LED NAVI SHZ TEMPO PDC;- Ihre Zufriedenheit ist unser Antrieb -;€ 10.450;Sehr guter Preis;67.269 km;Schaltgetriebe;07/2017;Benzin;92 kW (125 PS);6,2 l/100 km;146 g/km;Autoscout24.de
Hyundai;iX35;Comfort 2WD AHK*SHZ*PDC*Klima;Sitzheizung, Anhängerkupplung, Beifahrerairbag, Multifunktionslenkrad, 2-Zonen-Klimaautomatik, Klimaanlage, Getönte Scheiben, Bordcomputer;€ 9.460;Guter Preis;124.700 km;Schaltgetriebe;12/2013;Benzin;100 kW (136 PS);5,8 l/100 km;154 g/km;Autoscout24.de
SEAT;Altea XL;Style Ecomotive;Alufelgen, Fahrerairbag, Allwetterreifen, USB, Start/Stop-Automatik, ABS, Servolenkung, Elektrische Seitenspiegel;€ 4.490;Sehr guter Preis;153.000 km;Schaltgetriebe;12/2012;Diesel;77 kW (105 PS);4,5 l/100 km;119 g/km;Autoscout24.de
Audi;Q3;2.0 TDI quattro S-Line Navi Panorama PDC;Über 400 Dacia Neuwagen im Bestand/3 Jahre Garantie;€ 16.490;Erhöhter Preis;169.400 km;Automatik;06/2014;Diesel;130 kW (177 PS);5,9 l/100 km;156 g/km;Autoscout24.de
Volkswagen;Sharan;2.0D COMFORTL. 7-SITZER NAVI/SHZ/PDC/AHK;Alufelgen, Schiebetür rechts, Beifahrerairbag, Isofix, Navigationssystem, Anhängerkupplung, 3-Zonen-Klimaautomatik, Wegfahrsperre;€ 16.850;Guter Preis;119.500 km;Schaltgetriebe;06/2014;Diesel;103 kW (140 PS);5,5 l/100 km;143 g/km;Autoscout24.de
Volkswagen;Eos;Basis BMT*Navi*Pdc*Shz*Klimaautomatik;Navigationssystem, Schiebedach, Start/Stop-Automatik, Beifahrerairbag, Sitzheizung, Freisprecheinrichtung, Müdigkeitswarnsystem, E10-geeignet;€ 12.499;Fairer Preis;65.200 km;Schaltgetriebe;02/2012;Benzin;90 kW (122 PS);6,2 l/100 km;144 g/km;Autoscout24.de
Opel;Mokka X;1.6 Selection Start/Stop*AHK*KLIMA;Dachreling, Tempomat, Anhängerkupplung, Wegfahrsperre, E10-geeignet, Gepäckraumabtrennung, Reserverad, Klimaanlage;€ 9.590;Guter Preis;100.000 km;Schaltgetriebe;12/2016;Benzin;85 kW (116 PS);6,6 l/100 km;155 g/km;Autoscout24.de
Opel;Meriva;B 1.4 Turbo STYLE Klima Sitzheizung PDC;Über 400 Dacia Neuwagen im Bestand/3 Jahre Garantie;€ 5.490;Guter Preis;148.000 km;Schaltgetriebe;09/2014;Benzin;88 kW (120 PS);5,9 l/100 km;nan;Autoscout24.de
Audi;A1;design 1.4 TFSI *XEN*NAV*8-fach*;Sitzheizung, Fahrerairbag, Sportsitze, Scheinwerferreinigung, Navigationssystem, Freisprecheinrichtung, Schlüssellose Zentralverriegelung, Seitenairbag;€ 12.390;Guter Preis;132.200 km;Schaltgetriebe;09/2017;Benzin;92 kW (125 PS);nan;nan;Autoscout24.de
Volkswagen;T-Roc;Style*LED*NAVI*DSG*ACC*SITZHZG*110KW*;Sportfahrwerk, Einparkhilfe Kamera, Navigationssystem, Sitzheizung, Einparkhilfe Sensoren vorne, LED-Scheinwerfer, Abstandstempomat, Volldigitales Kombiinstrument;€ 19.750;Sehr guter Preis;54.871 km;Automatik;05/2018;Benzin;110 kW (150 PS);5,4 l/100 km;123 g/km;Autoscout24.de
BMW;225;xe iPerformance Active Tourer Luxury Line;BMW Vertragshändler - MINI Servicepartner;€ 17.930;Sehr guter Preis;38.000 km;Automatik;02/2018;Benzin;100 kW (136 PS);nan;nan;Autoscout24.de
Kia;Picanto;Edition 7 1.0 Tel.-Vorb. Klima BT Tel DAB;Elektrische Seitenspiegel, Klimaanlage, Pannenkit, Zentralverriegelung, Elektr. Fensterheber, Multifunktionslenkrad, Beifahrerairbag, Traktionskontrolle;€ 8.950;Guter Preis;70.000 km;Schaltgetriebe;09/2021;Benzin;49 kW (67 PS);nan;121 g/km;Autoscout24.de
Toyota;Yaris;1.5 Hybrid Club Automatik | Panorama | CAM;Panoramadach, Freisprecheinrichtung, Klimaanlage, Radio, Bluetooth, Touchscreen, Wegfahrsperre, Multifunktionslenkrad; ;nan;nan;Automatik;nan;nan;nan;nan;nan;Autoscout24.de
Peugeot;2008;PureTech 110 EAT6 CARPLAY LEDER TEMPOMAT KLIMAAUT;Sportsitze, Ambientebeleuchtung, E10-geeignet, Apple CarPlay, Dachreling, Seitenairbag, Regensensor, Touchscreen;€ 10.990;Sehr guter Preis;76.420 km;Automatik;01/2017;Benzin;81 kW (110 PS);5,6 l/100 km;129 g/km;Autoscout24.de
Opel;Grandland X;Edition Klima*EU6*Temp*Szhz*TÜV NEU*;Elektr. Fensterheber, Sitzheizung, Apple CarPlay, Armlehne, 2-Zonen-Klimaautomatik, Spurhalteassistent, Alufelgen, Getönte Scheiben;€ 11.790;Guter Preis;169.997 km;Schaltgetriebe;01/2018;Diesel;88 kW (120 PS);4,3 l/100 km;111 g/km;Autoscout24.de
Mercedes-Benz;Citan;Kombi 111 CDI lang Klima Tüv neu;Klimaanlage, Beifahrerairbag, Alufelgen, Lederlenkrad, 2-Zonen-Klimaautomatik, Regensensor, Schiebetür rechts, Sitzheizung;€ 11.600;Sehr guter Preis;88.000 km;Schaltgetriebe;03/2016;Diesel;81 kW (110 PS);4,7 l/100 km;125 g/km;Autoscout24.de
Peugeot;208;Active*Sitzheizung*Lichtsensor*Klima*;Sitzheizung, Einparkhilfe Sensoren hinten, E10-geeignet, Lederlenkrad, Touchscreen, Zentralverriegelung, Pannenkit, Elektr. Fensterheber;€ 9.765;Sehr guter Preis;39.232 km;Schaltgetriebe;01/2019;Benzin;60 kW (82 PS);5,8 l/100 km;130 g/km;Autoscout24.de
Audi;A3;Sportback 1.4 TFSI Attraction;2-Zonen-Klimaautomatik, Multifunktionslenkrad, Navigationssystem, Elektr. Fensterheber, Tagfahrlicht, Xenonscheinwerfer, Alufelgen, Sitzheizung;€ 9.900;Guter Preis;121.500 km;Schaltgetriebe;10/2012;Benzin;92 kW (125 PS);6,1 l/100 km;145 g/km;Autoscout24.de
Porsche;Macan;Turbo VOLL+PANO+STANDH+ACC+LED;Panoramadach, Sitzheizung, Sitzbelüftung, LED-Scheinwerfer, Beheizbares Lenkrad, Luftfederung, Sportsitze, Soundsystem;€ 29.950;Sehr guter Preis;174.000 km;Automatik;06/2016;Benzin;294 kW (400 PS);9,2 l/100 km;218 g/km;Autoscout24.de
Volvo;XC90;Diesel D5 AWD Geartronic Inscription;W-Lan / Wifi Hotspot, Elektrische Sitze, Ambientebeleuchtung, Voll-LED Scheinwerfer, Sitzheizung, Dachreling, Isofix, Regensensor;€ 28.990;Sehr guter Preis;158.800 km;Automatik;07/2018;Diesel;173 kW (235 PS);nan;nan;Autoscout24.de
Volkswagen;Touran;Cross 1.6TDI*Aut.*BiXenon*Temp*Pdc*Ahk*;Tagfahrlicht, Radio, Standheizung, Bi-Xenon Scheinwerfer, Einparkhilfe Kamera, Alufelgen, Touchscreen, LED-Tagfahrlicht;€ 8.490;Sehr guter Preis;199.989 km;Automatik;11/2013;Diesel;77 kW (105 PS);5,4 l/100 km;143 g/km;Autoscout24.de
Mercedes-Benz;Sprinter;213 CDI Behindertengerecht Selbstfahrer;Behindertengerecht, Schiebetür rechts, Isofix, Standheizung, Getönte Scheiben, Klimaanlage, 2-Zonen-Klimaautomatik, Reserverad;€ 23.950;nan;168.000 km;Automatik;09/2015;Diesel;95 kW (129 PS);7,1 l/100 km;187 g/km;Autoscout24.de
Ford;Focus;ST 2.3 EcoBoost *RECARO*PANO* ACC*LED*KAMERA*SHZ;Sportfahrwerk, Lichtsensor, Lederlenkrad, Abstandstempomat, Seitenairbag, Schiebedach, W-Lan / Wifi Hotspot, Soundsystem;€ 17.990;Sehr guter Preis;160.804 km;Automatik;06/2020;Benzin;206 kW (280 PS);nan;nan;Autoscout24.de
MINI;Cooper;, 1. Hand, Navi, Panorama-Schiebedach! Klima;Schiebedach, Navigationssystem, Ambientebeleuchtung, 2-Zonen-Klimaautomatik, Panoramadach, Sitzheizung, USB, Einparkhilfe Sensoren hinten;€ 13.990;Sehr guter Preis;97.448 km;Automatik;02/2017;Benzin;100 kW (136 PS);nan;nan;Autoscout24.de
Audi;A6;Av 3.0 S-Tr PANO+MATRIX+MEMO+HEAD+AHK+ACC+KAM;Sportpaket, Panoramadach, LED-Scheinwerfer, Totwinkel-Assistent, Sportsitze, Elektrische Sitze, Einparkhilfe Kamera, Sitzheizung;€ 17.450;Sehr guter Preis;194.740 km;Automatik;03/2018;Diesel;160 kW (218 PS);4,6 l/100 km;119 g/km;Autoscout24.de
Peugeot;2008;Active Pack1.2T NAVI/LED/PDC/TEMPOMAT/ALU;Navigationssystem, LED-Scheinwerfer, Klimaautomatik, Alufelgen, Fernlichtassistent, Regensensor, Spurhalteassistent, Beifahrerairbag;€ 15.390;Sehr guter Preis;22.990 km;Schaltgetriebe;11/2020;Benzin;96 kW (131 PS);4,5 l/100 km;103 g/km;Autoscout24.de
SEAT;Ibiza;SC Cupra 1.8 TFSI Navi Sihzg Klimaaut Bi-Xenon;Sportfahrwerk, Navigationssystem, Xenonscheinwerfer, Sportsitze, Sitzheizung, Klimaanlage, Müdigkeitswarnsystem, teilb. Rücksitzbank;€ 11.990;Sehr guter Preis;97.690 km;Schaltgetriebe;10/2016;Benzin;141 kW (192 PS);nan;nan;Autoscout24.de
Nissan;Qashqai;4X4|SHZ|Klima|Navi|Pano|Tempomat|Isofix;Allrad, Navigationssystem, LED-Tagfahrlicht, Panoramadach, Sitzheizung, Bordcomputer, Tempomat, Nebelscheinwerfer;€ 12.290;Guter Preis;103.000 km;Automatik;02/2013;Diesel;110 kW (150 PS);7,8 l/100 km;208 g/km;Autoscout24.de
Land Rover;Discovery Sport;HSE*Navi*AHK*360°Kamera*Stdhzg*;Finanzierung o. Anzahlung / Garantie 12 Monate;€ 15.980;Sehr guter Preis;124.900 km;Automatik;05/2016;Diesel;110 kW (150 PS);nan;0 g/km;Autoscout24.de
Volkswagen;Passat;Passat 1.4 TSI BMT Comfortline NAVI+PDC+SHZ+ Navi;3-Zonen-Klimaautomatik, Navigationssystem, Sitzheizung, CD, Lordosenstütze, Einparkhilfe Sensoren vorne, Abstandswarner, Elektrische Sitze;€ 15.760;Guter Preis;26.890 km;Schaltgetriebe;07/2015;Benzin;92 kW (125 PS);5,3 l/100 km;123 g/km;Autoscout24.de
Hyundai;KONA;Kona Trend 2WD*NAVI*SPUR*KAMERA*;Alufelgen, Einparkhilfe Kamera, Freisprecheinrichtung, Elektr. Fensterheber, Sitzheizung, Spurhalteassistent, Lichtsensor, Navigationssystem;€ 10.900;Sehr guter Preis;136.000 km;Schaltgetriebe;08/2019;Benzin;88 kW (120 PS);5,7 l/100 km;129 g/km;Autoscout24.de
Skoda;Yeti;Elegance Outdoor 1.4TSI 90kW KLIMA SHZ;Seitenairbag, Sitzheizung, Tempomat, 2-Zonen-Klimaautomatik, Einparkhilfe Sensoren hinten, Alufelgen, Pannenkit, Dachreling;€ 12.890;Guter Preis;64.030 km;Schaltgetriebe;09/2014;Benzin;90 kW (122 PS);6,4 l/100 km;148 g/km;Autoscout24.de
BMW;420;d XDrive Sportline Leder Automatik BiXenon;Sportfahrwerk, Sportpaket, Sportsitze, Schiebedach, Einparkhilfe Kamera, Navigationssystem, teilb. Rücksitzbank, Allrad;€ 19.499;Sehr guter Preis;122.000 km;Automatik;12/2015;Diesel;140 kW (190 PS);nan;nan;Autoscout24.de
Mercedes-Benz;E 350;E 350 e Plug in Hybrid, Luft, LED, DAB, Navi;Elektrische Sitze, Alarmanlage, Ambientebeleuchtung, teilb. Rücksitzbank, Einparkhilfe Kamera, Fahrerairbag, 2-Zonen-Klimaautomatik, Sitzheizung; ;nan;nan;nan;nan;nan;nan;nan;nan;Autoscout24.de
BMW;120;120d xDrive Autom.,Navig,el.GSD,Harman/Kardon;Car Garantie incl.;€ 13.900;Sehr guter Preis;116.000 km;Automatik;07/2016;Diesel;140 kW (190 PS);nan;nan;Autoscout24.de
Ford;Tourneo Courier;Titanium;Über 1000 Fahrzeuge auf Lager und sofort verfügbar !!!;€ 9.990;Sehr guter Preis;86.500 km;Schaltgetriebe;05/2015;Benzin;74 kW (101 PS);5,4 l/100 km;128 g/km;Autoscout24.de
Volvo;V90;"T5 Inscription Leder Navi LED Kamera AHK 19""";Sportfahrwerk, Regensensor, Sitzheizung, Sportsitze, Bordcomputer, Einparkhilfe Kamera, Berganfahrassistent, Elektrische Heckklappe;€ 20.740;Sehr guter Preis;155.000 km;Automatik;08/2019;Benzin;184 kW (250 PS);6,8 l/100 km;157 g/km;Autoscout24.de
Mercedes-Benz;Sprinter;316 CDI Maxi Hoch+Lang*Garantie*Euro6;12-64 Monate Garantie / Tüv & Inspektion= NEU !;€ 16.990;nan;189.000 km;Schaltgetriebe;11/2016;Diesel;120 kW (163 PS);7,9 l/100 km;209 g/km;Autoscout24.de
Dacia;Duster;1.6 16V 105 4x2;Klimaanlage, Isofix, Pannenkit, Nebelscheinwerfer, Bordcomputer, ABS, Beifahrerairbag;€ 6.200;Sehr guter Preis;94.800 km;Schaltgetriebe;04/2013;Benzin;77 kW (105 PS);7,1 l/100 km;nan;Autoscout24.de
Mercedes-Benz;Sprinter;316 CDI Maxi Hoch+Lang*Garantie*Euro6;12-64 Monate Garantie / Tüv & Inspektion= NEU !;€ 16.990;nan;189.000 km;Schaltgetriebe;11/2016;Diesel;120 kW (163 PS);7,9 l/100 km;209 g/km;Autoscout24.de
Toyota;Corolla;Touring Sports Hybrid Team D -TAXI-;Sommerreifen, LED-Scheinwerfer, Alufelgen, Dachreling, Sitzheizung, Alarmanlage, Freisprecheinrichtung, USB; ;nan;nan;nan;nan;nan;nan;nan;nan;Autoscout24.de
Hyundai;iX35;Premium AWD **Tüv neu** Aut Leder Navi Cam;Einparkhilfe Sensoren hinten, Nebelscheinwerfer, 2-Zonen-Klimaautomatik, Navigationssystem, Touchscreen, Spoiler, Alufelgen, MP3;€ 8.990;Guter Preis;175.631 km;Automatik;01/2012;Diesel;135 kW (184 PS);7,2 l/100 km;189 g/km;Autoscout24.de
Ford;Transit;Kasten 310 L2H2 Trend Mixto 6 SItzer;Beifahrerairbag, Start/Stop-Automatik, Einparkhilfe Sensoren vorne, Tempomat, Traktionskontrolle, Schiebetür rechts, Klimaanlage, Radio;€ 15.990;Sehr guter Preis;147.000 km;Schaltgetriebe;02/2017;Diesel;96 kW (131 PS);nan;nan;Autoscout24.de
Ford;Fiesta;Titanium-1HAND-EUR6-5Tür-ALU-SH-LED-MFL;Sitzheizung, Notrad, Klimaautomatik, Alufelgen, Sommerreifen, Navigationssystem, Nebelscheinwerfer, E10-geeignet;€ 8.800;Guter Preis;94.562 km;Schaltgetriebe;01/2017;Benzin;74 kW (101 PS);4,3 l/100 km;99 g/km;Autoscout24.de
Opel;Movano;B Kombi L2H2 2.3CDTI*9-Sitz*Klima*Tem*Eu6;Isofix, Schiebetür rechts, Bluetooth, Freisprecheinrichtung, Klimaanlage, Start/Stop-Automatik, Sitzheizung, Radio;€ 8.990;Guter Preis;328.910 km;Schaltgetriebe;12/2015;Diesel;107 kW (145 PS);0,0 l/100 km;0 g/km;Autoscout24.de
Audi;Q5;2.0d Quatt Design MATRIX+VIRTU+NAV+KAM+ACC+SH;Volldigitales Kombiinstrument, 3-Zonen-Klimaautomatik, Elektrische Heckklappe, Sportpaket, Apple CarPlay, Navigationssystem, LED-Scheinwerfer, Allrad;€ 20.450;nan;161.231 km;Automatik;09/2017;Diesel;120 kW (163 PS);5,0 l/100 km;129 g/km;Autoscout24.de
Fiat;500;Lounge 1.2 8V Insp. Neu;Alufelgen, Einparkhilfe Sensoren hinten, Touchscreen, Nebelscheinwerfer, Klimaanlage, Seitenairbag, Panoramadach, Navigationssystem;€ 7.895;Guter Preis;95.094 km;Schaltgetriebe;05/2016;Benzin;51 kW (69 PS);nan;nan;Autoscout24.de
Skoda;Octavia;Combi 2.0 TSI RS Navi Xenon Leder LM19´;Sportsitze, Sportfahrwerk, E10-geeignet, Multifunktionslenkrad, Navigationssystem, Scheinwerferreinigung, Sitzheizung, Klimaanlage;€ 18.900;Fairer Preis;87.155 km;Schaltgetriebe;09/2016;Benzin;162 kW (220 PS);nan;nan;Autoscout24.de
Mercedes-Benz;C 200;Coupé Edition 1 Aut. NAV+LED+SHZ+AHK+PANO+EU6;Schiebedach, Einparkhilfe selbstlenkendes System, Sommerreifen, Radio, Ambientebeleuchtung, LED-Scheinwerfer, Lichtsensor, 2-Zonen-Klimaautomatik;€ 25.749;Sehr guter Preis;28.450 km;Automatik;10/2016;Benzin;135 kW (184 PS);5,3 l/100 km;nan;Autoscout24.de
Jeep;Wrangler;"Unlimited Sahara ""1. Hand + UConnect""";Tempomat, Beifahrerairbag, Freisprecheinrichtung, Allrad, Alufelgen, Touchscreen, Soundsystem, Notbremsassistent;€ 27.500;Fairer Preis;131.200 km;Automatik;07/2014;Diesel;147 kW (200 PS);8,3 l/100 km;230 g/km;Autoscout24.de
Toyota;Verso;7-Sitzer // Scheckheft // Automatik;Navigationssystem, 2-Zonen-Klimaautomatik, USB, Isofix, Tempomat, Elektr. Fensterheber, Einparkhilfe Kamera, Multifunktionslenkrad;€ 9.750;Fairer Preis;177.300 km;Automatik;03/2012;Benzin;108 kW (147 PS);7,0 l/100 km;164 g/km;Autoscout24.de
BMW;M5;Competition-Keramik-Bowers&Wilkins-Driving Ass Pro;Massagesitze, Sportfahrwerk, Sportpaket, Head-up display, MP3, Elektronische Parkbremse, Allrad, Spoiler;€ 94.875;Fairer Preis;43.370 km;Automatik;03/2023;Benzin;460 kW (625 PS);11,1 l/100 km;250 g/km;Autoscout24.de
Fiat;Fullback;2.4 Double Cab 4x4 LX Plus *Navi AHK*;Elektrische Sitze, Alufelgen, Freisprecheinrichtung, Allrad, Beifahrerairbag, Elektr. Fensterheber, MP3, Musikstreaming integriert;€ 11.990;Sehr guter Preis;252.454 km;Automatik;08/2019;Diesel;133 kW (181 PS);nan;nan;Autoscout24.de
Tesla;Model Y;Long Range AWD *20-Zoll*AHK*Matrix-LED*;Europe biggest used Tesla dealer; ;nan;nan;nan;nan;nan;nan;nan;nan;Autoscout24.de
Opel;Astra;1.2 Edition NAVI+KAMERA+LED+DAB+SITHZ+TEMP;Sitzheizung, Elektrische Seitenspiegel, Elektrische Sitze, Alufelgen, Einparkhilfe Kamera, Beheizbares Lenkrad, 2-Zonen-Klimaautomatik, Regensensor;€ 10.950;nan;56.600 km;Schaltgetriebe;02/2021;Benzin;96 kW (131 PS);4,3 l/100 km;99 g/km;Autoscout24.de
Ford;Galaxy;Titanium / Aut / 7 Sitze / AHK / Panorama;3-Zonen-Klimaautomatik, Bi-Xenon Scheinwerfer, Panoramadach, Einparkhilfe Sensoren vorne, Beheizbare Frontscheibe, Beifahrerairbag, Alufelgen, Notbremsassistent;€ 15.990;Guter Preis;116.868 km;Automatik;06/2013;Diesel;120 kW (163 PS);6,0 l/100 km;159 g/km;Autoscout24.de
Tesla;Model S;"70 Facelift*21 ""*Distronic*Pano*";LED-Scheinwerfer, Panoramadach, Einparkhilfe Sensoren vorne, Spurhalteassistent, Sitzheizung, Lichtsensor, Abstandstempomat, Bluetooth; ;nan;nan;nan;nan;nan;nan;nan;nan;Autoscout24.de
Ford;EcoSport;Titanium KLIMA*PDC*BT*sauberes Fahrzeug;Fahrerairbag, Traktionskontrolle, Getönte Scheiben, Berganfahrassistent, Zentralverriegelung, Bluetooth, Tempomat, Lordosenstütze;€ 7.990;Sehr guter Preis;101.295 km;Schaltgetriebe;10/2014;Diesel;66 kW (90 PS);4,6 l/100 km;120 g/km;Autoscout24.de
Ford;Tourneo Courier;Titanium GRA PDC SHZ Navi Klima;Bundesweiter Transport und Zulassung möglich!;€ 8.995;Guter Preis;111.450 km;Schaltgetriebe;10/2014;Benzin;74 kW (101 PS);nan;nan;Autoscout24.de
Audi;A3;Sportback 1.4 TSI ambiente ultra;Sitzheizung, Navigationssystem, Reifendruckkontrollsystem, Multifunktionslenkrad, Spurhalteassistent, Traktionskontrolle, Seitenairbag, USB;€ 16.970;Guter Preis;57.047 km;Automatik;06/2016;Benzin;110 kW (150 PS);4,7 l/100 km;109 g/km;Autoscout24.de
Mercedes-Benz;C 180;T CGI|Klima|Isofix|Tempomat|Automatik;Schiebedach, Sportfahrwerk, Tagfahrlicht, Tempomat, Elektrische Sitze, Sommerreifen, Multifunktionslenkrad, Wegfahrsperre;€ 16.490;Fairer Preis;45.500 km;Automatik;01/2012;Benzin;115 kW (156 PS);7,8 l/100 km;185 g/km;Autoscout24.de
Mercedes-Benz;C 220;C220 4Matic Bi-Xenon Navi PDC Avantgarde ab 149€;Seit 1963 Ihr KFZ-Meisterbetrieb in Mainz Bretzenheim;€ 17.990;Guter Preis;163.244 km;Automatik;02/2018;Diesel;125 kW (170 PS);4,7 l/100 km;124 g/km;Autoscout24.de
Chrysler;Pacifica;Plug In Hybrid V6 3.6 Monitore Kopfst. Navi Leder;Pannenkit, 360° Kamera, Spurhalteassistent, W-Lan / Wifi Hotspot, Einparkhilfe selbstlenkendes System, Schiebetür rechts, Bluetooth, Elektrische Sitze; ;nan;nan;nan;nan;nan;nan;nan;nan;Autoscout24.de
Opel;Astra;1,5D SPORTS TOURER EDITION/AUT/NAVI/LED/AK;Pannenkit, ABS, Sportfahrwerk, Anhängerkupplung, LED-Scheinwerfer, Start/Stop-Automatik, Sitzheizung, Ambientebeleuchtung;€ 11.890;Sehr guter Preis;116.000 km;Automatik;08/2021;Diesel;90 kW (122 PS);5,1 l/100 km;132 g/km;Autoscout24.de
Ford;Kuga;ST-Line |LEDER|NAVI|PANO.|SHZ|R.KAMERA|AHK;Sportfahrwerk, Allrad, Anhängerkupplung, Sitzheizung, Elektrische Heckklappe, ABS, Apple CarPlay, Einparkhilfe Kamera;€ 17.990;Sehr guter Preis;60.000 km;Automatik;09/2018;Benzin;129 kW (175 PS);9,0 l/100 km;nan;Autoscout24.de
Audi;S7;Sportback NIGHT/QUATTRO/MATRIX/SHZ/2.HAND/LED;360° Kamera, 4-Zonen-Klimaautomatik, Sportsitze, Sportfahrwerk, Volldigitales Kombiinstrument, Sportpaket, Abstandstempomat, Allrad;€ 55.900;Sehr guter Preis;82.000 km;Automatik;03/2020;Diesel;257 kW (349 PS);6,5 l/100 km;170 g/km;Autoscout24.de
Audi;A4;Avant 35TDI S-tronic LED~Pano~Navi3D~AHK~PDC;LED-Scheinwerfer, Armlehne, Alufelgen, Elektrische Heckklappe, Start/Stop-Automatik, Sitzheizung, Schiebedach, Bordcomputer;€ 16.850;Guter Preis;176.414 km;Automatik;12/2019;Diesel;120 kW (163 PS);4,1 l/100 km;108 g/km;Autoscout24.de
Hyundai;H-1;Travel Premium Aut / 8 Sitze / Leder / Shzg;Schiebetür rechts, Isofix, Multifunktionslenkrad, Klimaanlage, Zentralverriegelung, Beifahrerairbag, Schiebetür links, Nebelscheinwerfer;€ 19.990;Fairer Preis;105.749 km;Automatik;07/2013;Diesel;125 kW (170 PS);7,0 l/100 km;231 g/km;Autoscout24.de
Mazda;3;Lim. 2.0 OPTIMUM NAVI/LED/KAMERA/TEMP./HUD/AHK;Sitzheizung, Sportsitze, Tempomat, 2-Zonen-Klimaautomatik, Bi-Xenon Scheinwerfer, Lederlenkrad, Navigationssystem, Beifahrerairbag;€ 14.400;Sehr guter Preis;112.950 km;Automatik;05/2018;Benzin;88 kW (120 PS);5,6 l/100 km;129 g/km;Autoscout24.de
Opel;Astra;K Sports Tourer Elegance LED-Sitz&Lenkradh;Dachreling, Touchscreen, Spurhalteassistent, Sommerreifen, Pannenkit, LED-Scheinwerfer, Apple CarPlay, Nebelscheinwerfer;€ 9.990;Sehr guter Preis;124.976 km;Schaltgetriebe;02/2020;Benzin;96 kW (131 PS);4,5 l/100 km;102 g/km;Autoscout24.de
Jaguar;XJ;Luxury+LED+NAVI+LEDER+PANO+MERIDIAN+;Sportpaket, Touchscreen, LED-Scheinwerfer, Schiebedach, ESP, Sportsitze, Einparkhilfe Kamera, Schlüssellose Zentralverriegelung;€ 22.990;Fairer Preis;94.005 km;Automatik;02/2016;Diesel;221 kW (300 PS);6,1 l/100 km;162 g/km;Autoscout24.de
Opel;Zafira;2.0 Edition-Tempo-Klimaa.-AHK-SHZ-PDC-MFL;Sommerreifen, Zentralverriegelung, Tagfahrlicht, 2-Zonen-Klimaautomatik, Nebelscheinwerfer, Getönte Scheiben, Einparkhilfe Sensoren vorne, Fahrerairbag;€ 5.900;nan;194.600 km;Automatik;01/2012;Diesel;121 kW (165 PS);6,0 l/100 km;159 g/km;Autoscout24.de
Skoda;Octavia;OCTAVIA RS 2.0 TDI COMBI NAVI XENON SHZ PDC AHK;FINANZIERUNG ab 3,99%++GARANTIE bis 36 Monate++ANKAUF;€ 11.950;Fairer Preis;190.000 km;Schaltgetriebe;04/2014;Diesel;135 kW (184 PS);4,6 l/100 km;122 g/km;Autoscout24.de
Mercedes-Benz;C 180;CGI BlueEfficiency Lim/2.HD SCHECKH/NAVI;Sportsitze, Multifunktionslenkrad, Fahrerairbag, Navigationssystem, Freisprecheinrichtung, Elektrische Sitze, Sitzheizung, Zentralverriegelung;€ 15.880;Erhöhter Preis;74.912 km;Automatik;03/2012;Benzin;115 kW (156 PS);7,6 l/100 km;180 g/km;Autoscout24.de
MINI;Cooper Cabrio;Salt 1.5 AUT KLIMAAUT BT PDC ALU GJR ParkAss LM 2x;Sportsitze, Ambientebeleuchtung, Freisprecheinrichtung, Bluetooth, Einparkhilfe Sensoren hinten, Traktionskontrolle, 2-Zonen-Klimaautomatik, Radio;€ 12.475;nan;96.212 km;Automatik;09/2016;Benzin;100 kW (136 PS);nan;nan;Autoscout24.de
BMW;330;Touring 330i Sport Line 185 kW (252 PS), Autom....;Start/Stop-Automatik, Lederlenkrad, Alufelgen, Sportsitze, Freisprecheinrichtung, Ambientebeleuchtung, Panoramadach, Sportpaket;€ 12.585;Guter Preis;344.300 km;Automatik;03/2018;Benzin;185 kW (252 PS);nan;nan;Autoscout24.de
MINI;Cooper D Clubman;Cooper D;Start/Stop-Automatik, Sportpaket, Navigationssystem, Anhängerkupplung, Alufelgen, Lichtsensor, Bluetooth, Sprachsteuerung;€ 4.900;Sehr guter Preis;234.172 km;Schaltgetriebe;11/2012;Diesel;82 kW (111 PS);3,8 l/100 km;101 g/km;Autoscout24.de
Honda;Civic;1.8 i-VTEC Elegance;Standheizung, Einparkhilfe Kamera, Regensensor, 2-Zonen-Klimaautomatik, Tempomat, Lederlenkrad, Armlehne, Sommerreifen;€ 12.490;Fairer Preis;90.700 km;Schaltgetriebe;08/2015;Benzin;104 kW (141 PS);6,1 l/100 km;nan;Autoscout24.de
Skoda;Kamiq;1.0 TSI Clever Navi LED SHZ;Nutzen Sie unsere günstigen Finanzierungskonditionen!;€ 18.950;Sehr guter Preis;13.300 km;Schaltgetriebe;01/2021;Benzin;81 kW (110 PS);nan;nan;Autoscout24.de
Mercedes-Benz;E 300;E 300 BlueTEC T Avantgarde Distr./Sthzg/ILS/AHK;Einparkhilfe Kamera, Einparkhilfe selbstlenkendes System, Sportpaket, Sommerreifen, Müdigkeitswarnsystem, Navigationssystem, Totwinkel-Assistent, Schiebedach;€ 12.490;Guter Preis;269.900 km;Automatik;10/2013;Diesel;170 kW (231 PS);5,7 l/100 km;151 g/km;Autoscout24.de
Jeep;Grand Cherokee;3.0 CRD Summit-Luft-Pano-H K-AHK-;Beifahrerairbag, Freisprecheinrichtung, Luftfederung, Sportpaket, Bluetooth, Einparkhilfe Kamera, Touchscreen, Sprachsteuerung;€ 23.900;Sehr guter Preis;139.900 km;Automatik;02/2019;Diesel;184 kW (250 PS);7,0 l/100 km;nan;Autoscout24.de
Citroen;C1;Selection*Klima*Radio*CD*Alufelgen;Klimaanlage, Radio, E10-geeignet, Nebelscheinwerfer, LED-Tagfahrlicht, Fahrerairbag, Elektr. Fensterheber, Alufelgen;€ 4.487;Fairer Preis;105.000 km;Schaltgetriebe;01/2013;Benzin;50 kW (68 PS);4,3 l/100 km;102 g/km;Autoscout24.de
Nissan;Juke;4x4 RFK. Klima. Navi. Sitzh. Schiebedach.;Seit 1963 Ihr KFZ-Meisterbetrieb in Mainz Bretzenheim;€ 12.990;Sehr guter Preis;112.900 km;Automatik;02/2017;Benzin;140 kW (190 PS);6,5 l/100 km;153 g/km;Autoscout24.de
Renault;Clio;IV 1.2 16V 75 Limited;Isofix, Alufelgen, LED-Scheinwerfer, Geschwindigkeits-begrenzungsanlage, Navigationssystem, Touchscreen, MP3, Einparkhilfe Sensoren hinten;€ 8.930;Fairer Preis;64.786 km;Schaltgetriebe;05/2017;Benzin;54 kW (73 PS);nan;nan;Autoscout24.de
SEAT;Alhambra;ALHAMBRA 2.0 TDI SPORT LEDER NAVI XENON 7-SITZER;FINANZIERUNG ab 3,99%++GARANTIE bis 36 Monate++ANKAUF;€ 17.890;Guter Preis;160.000 km;Automatik;05/2013;Diesel;130 kW (177 PS);5,9 l/100 km;154 g/km;Autoscout24.de
Ford;Focus;Turnier Business Klima+PDC+Navi+Allwetter;Klimaanlage, Touchscreen, Beheizbare Frontscheibe, Pannenkit, Wegfahrsperre, USB, E10-geeignet, Bluetooth;€ 8.880;Fairer Preis;89.786 km;Schaltgetriebe;02/2014;Benzin;92 kW (125 PS);5,1 l/100 km;121 g/km;Autoscout24.de
Opel;Zafira;C Active 7Sitze Navi AHK PDC Sitz+LR hzg;Isofix, Navigationssystem, Anhängerkupplung, Alufelgen, Sitzheizung, Einparkhilfe Sensoren vorne, Beifahrerairbag, 2-Zonen-Klimaautomatik;€ 12.490;Sehr guter Preis;95.000 km;Schaltgetriebe;05/2017;Benzin;103 kW (140 PS);6,4 l/100 km;148 g/km;Autoscout24.de
Aixam;City;Sport Mopedauto Leichtmobile Microcar 45 KM;Sportsitze, Sportpaket, Einparkhilfe Sensoren hinten, Alufelgen, Radio;€ 6.950;nan;9.741 km;Automatik;08/2017;Diesel;4 kW (5 PS);nan;nan;Autoscout24.de
Audi;SQ5;TFSI Black Ed.Virtual S-Sitz Luftf. 20 Rotor;Luftfederung, Sportsitze, Volldigitales Kombiinstrument, Abstandstempomat, Beifahrerairbag, Elektrische Sitze, Einparkhilfe Kamera, Sportfahrwerk;€ 28.740;Guter Preis;180.000 km;Automatik;01/2018;Benzin;260 kW (354 PS);6,8 l/100 km;189 g/km;Autoscout24.de
Porsche;Macan;S Panoramadach Sitzheizung;ABS, Sportsitze, 2-Zonen-Klimaautomatik, Multifunktionslenkrad, Geschwindigkeits-begrenzungsanlage, Fahrerairbag, Zentralverriegelung, Luftfederung;€ 25.400;Guter Preis;193.785 km;Automatik;11/2014;Benzin;250 kW (340 PS);9,0 l/100 km;213 g/km;Autoscout24.de
Ford;F 150;XLT Sport DoKA Nur an Gewerbe+Pano+Standhz;Elektrische Sitze, Traktionskontrolle, Beifahrerairbag, Sitzheizung, Sportpaket, Navigationssystem, Apple CarPlay, Schiebedach;€ 31.490;Sehr guter Preis;108.000 km;Automatik;03/2016;Benzin;272 kW (370 PS);nan;nan;Autoscout24.de
BMW;M3;Lim. Competition, LED, H&K, Kein USA Import;Sportfahrwerk, Sportsitze, Head-up display, Sportpaket, Schaltwippen, Spoiler, LED-Scheinwerfer, W-Lan / Wifi Hotspot;€ 48.890;Fairer Preis;141.000 km;Automatik;03/2017;Benzin;331 kW (450 PS);8,3 l/100 km;194 g/km;Autoscout24.de
Ford;Tourneo Custom;300 L2 Tourneo Trend 2.2 TDCi KAT;Beifahrerairbag, teilb. Rücksitzbank, Kurvenlicht, Getönte Scheiben, Alufelgen, Tempomat, Fahrerairbag, Tagfahrlicht;€ 13.999;Erhöhter Preis;209.500 km;Schaltgetriebe;06/2014;Diesel;92 kW (125 PS);nan;nan;Autoscout24.de
Opel;Astra;Sports Tourer 1.4 Turbo Dynamic*IntelliLux;Finanzierung o. Anzahlung / Garantie 12 Monate;€ 9.980;nan;99.986 km;Schaltgetriebe;06/2017;Benzin;110 kW (150 PS);nan;0 g/km;Autoscout24.de
Mercedes-Benz;V 250;V V 250d SCORE 4MATIC KOMPAKT SPORT AHK KAMERA;Auto kauft man mit Vertrauen u Garantie;€ 34.440;Sehr guter Preis;143.781 km;Automatik;08/2016;Diesel;140 kW (190 PS);nan;nan;Autoscout24.de
Opel;Insignia;A ST 2.0D INNOV. NAVI/LED/KAMERA/SHZ;Einparkhilfe Kamera, Getönte Scheiben, Android Auto, Sprachsteuerung, Einparkhilfe Sensoren vorne, Multifunktionslenkrad, Sommerreifen, Sitzheizung;€ 6.700;nan;140.990 km;Automatik;05/2016;Diesel;125 kW (170 PS);5,5 l/100 km;145 g/km;Autoscout24.de
Volkswagen;Sharan;Highline BMT DSG 7-Sitzer Pano AHK Navi;Auto kauft man mit Vertrauen u Garantie;€ 22.440;Fairer Preis;149.941 km;Automatik;07/2017;Diesel;135 kW (184 PS);nan;nan;Autoscout24.de
Opel;Corsa-e;Elegance Electric | Navi | RFK | 11 kW |;Einparkhilfe Kamera, Regensensor, Lederlenkrad, Berganfahrassistent, Navigationssystem, Elektrische Seitenspiegel, Induktionsladen für Smartphones, Alufelgen; ;nan;nan;nan;nan;nan;nan;nan;nan;Autoscout24.de
Fiat;500C;Lounge 1.2 8V Faltdach Klimaautom PDC;Katalysator, MP3, Einparkhilfe Sensoren hinten, Klimaautomatik, Alufelgen, Multifunktionslenkrad, Navigationssystem, Zentralverriegelung;€ 7.900;Guter Preis;98.200 km;Schaltgetriebe;04/2015;Benzin;51 kW (69 PS);nan;nan;Autoscout24.de
Opel;Insignia;OPC 4x4 2.8 V6;E10-geeignet, Klimaanlage, Tempomat, Schiebedach, Sportsitze, Panoramadach, Pannenkit, Fernlichtassistent;€ 17.999;Fairer Preis;92.950 km;Automatik;03/2014;Benzin;239 kW (325 PS);nan;nan;Autoscout24.de
Mercedes-Benz;GLC 220;d 4Matic AMG Aut. AHK LED COMAND TEMP SHZ;Sportpaket, Sportfahrwerk, Allrad, Anhängerkupplung, Navigationssystem, Sitzheizung, Elektrische Sitze, Alufelgen;€ 26.600;Guter Preis;136.800 km;Automatik;10/2017;Diesel;125 kW (170 PS);5,0 l/100 km;129 g/km;Autoscout24.de
BMW;120;d xDrive Urban Line - Navi - Tempomat - PDC - 8-fa;Zugriff auf über 25.000 weitere Fahrzeuge;€ 11.990;Fairer Preis;154.600 km;Schaltgetriebe;04/2014;Diesel;135 kW (184 PS);4,8 l/100 km;126 g/km;Autoscout24.de
Mercedes-Benz;Citan;111 CDI Tourer Lang L2 Navi+SHZ+PTS+AHK;Navigationssystem, Isofix, Schiebetür links, Beifahrerairbag, Lederlenkrad, Anhängerkupplung, Schiebetür rechts, Klimaautomatik;€ 11.849;Sehr guter Preis;125.263 km;Schaltgetriebe;09/2020;Diesel;85 kW (116 PS);5,6 l/100 km;146 g/km;Autoscout24.de
Fiat;Panda;Easy*Klima*ZV*;Klimaanlage, Dachreling, Einparkhilfe Sensoren hinten, E10-geeignet, Pannenkit, Nebelscheinwerfer, Elektr. Fensterheber, ABS;€ 7.269;Guter Preis;53.000 km;Schaltgetriebe;03/2016;Benzin;51 kW (69 PS);5,2 l/100 km;123 g/km;Autoscout24.de
Kia;Sportage;2.0 CVVT 2WD Spirit;LED-Tagfahrlicht, Sitzheizung, Scheinwerferreinigung, Multifunktionslenkrad, Beifahrerairbag, USB, Xenonscheinwerfer, Schlüssellose Zentralverriegelung;€ 12.990;Fairer Preis;74.500 km;Schaltgetriebe;11/2013;Benzin;120 kW (163 PS);7,6 l/100 km;180 g/km;Autoscout24.de
Mercedes-Benz;C 180;T CDI BlueEfficiency NAVI TEMPOMAT;Einparkhilfe Sensoren vorne, Sitzheizung, Start/Stop-Automatik, Alufelgen, Tagfahrlicht, Multifunktionslenkrad, Getönte Scheiben, Navigationssystem;€ 6.490;Fairer Preis;280.000 km;Automatik;10/2012;Diesel;88 kW (120 PS);nan;nan;Autoscout24.de
Volkswagen;Touran;Comfortline BMT;3-Zonen-Klimaautomatik, Sitzheizung, Alufelgen, Einparkhilfe Sensoren hinten, Abstandstempomat, LED-Scheinwerfer, Elektrische Seitenspiegel, CD;€ 13.900;Sehr guter Preis;173.250 km;Automatik;11/2017;Diesel;85 kW (116 PS);4,4 l/100 km;114 g/km;Autoscout24.de
Fiat;Freemont;Lounge 4WD Aut ** 7-Sitzer**Leder**Navi;Allrad, Katalysator, 3-Zonen-Klimaautomatik, Armlehne, Navigationssystem, Sprachsteuerung, Innenspiegel automatisch abblendend, Beifahrerairbag;€ 13.990;Sehr guter Preis;140.305 km;Automatik;06/2012;Diesel;125 kW (170 PS);7,3 l/100 km;193 g/km;Autoscout24.de
Opel;Grandland X;1.5D DESIGN  NAVI/LED/AHK/SHZ/ALU;LED-Scheinwerfer, ABS, Lordosenstütze, Einparkhilfe Kamera, Pannenkit, Sitzheizung, Klimaautomatik, Regensensor;€ 14.960;Sehr guter Preis;134.000 km;Automatik;06/2021;Diesel;96 kW (131 PS);3,8 l/100 km;99 g/km;Autoscout24.de
Nissan;Qashqai;1.2 DIG-T N-Connecta, 360°, Navi, DAB;Alufelgen, 2-Zonen-Klimaautomatik, Einparkhilfe Sensoren vorne, Dachreling, Panoramadach, 360° Kamera, Sitzheizung, Navigationssystem;€ 13.900;Sehr guter Preis;76.000 km;Schaltgetriebe;07/2018;Benzin;85 kW (116 PS);5,6 l/100 km;129 g/km;Autoscout24.de
Mercedes-Benz;E 63 AMG;E 63 T 5.5 Bi-Turbo 665PS Pano Keyless Distronic;Qualität - Zuverlässigkeit - Sicherheit;€ 34.999;Sehr guter Preis;136.800 km;Automatik;09/2012;Benzin;488 kW (663 PS);10,0 l/100 km;234 g/km;Autoscout24.de
Ford;Kuga;2.0 TDCi ST-Line 4x4 NAVI/KAMERA/WIPA;Allrad, Sportfahrwerk, Sitzheizung, Elektrische Sitze, Android Auto, Anhängerkupplung, Reserverad, Beifahrerairbag;€ 15.900;Sehr guter Preis;144.040 km;Automatik;02/2019;Diesel;110 kW (150 PS);nan;nan;Autoscout24.de
Mercedes-Benz;GLB 180;d 8G-DCT LEDER+VIRTUAL+PARKASS+TEMP+DAB;Sportpaket, Bordcomputer, Volldigitales Kombiinstrument, Alufelgen, Start/Stop-Automatik, Klimaautomatik, Dachreling, Einparkhilfe Sensoren vorne;€ 22.950;Sehr guter Preis;136.161 km;Automatik;05/2021;Diesel;85 kW (116 PS);4,7 l/100 km;125 g/km;Autoscout24.de
Ford;Fiesta;1.0 Sync Edition Klima 32tkm! 1.Hd 5türig;Klimaanlage, Multifunktionslenkrad, Elektrische Seitenspiegel, E10-geeignet, Alufelgen, LED-Tagfahrlicht, Bluetooth, Isofix;€ 6.890;Sehr guter Preis;32.483 km;Schaltgetriebe;07/2013;Benzin;48 kW (65 PS);4,6 l/100 km;109 g/km;Autoscout24.de
Dacia;Bigster;TCe 130 4x4 Extreme NAVI 360°KAM SHZ PANO GJR LHZ;Panoramadach + 360°Kamera + InNature-Pak;€ 34.959;nan;11 km;Schaltgetriebe;nan;Benzin;96 kW (131 PS);6,1 l/100 km;137 g/km;Autoscout24.de
BMW;218;Active Tourer i M Sport;Sportfahrwerk, Sportsitze, LED-Scheinwerfer, Einparkhilfe Kamera, Sportpaket, Bluetooth, Einparkhilfe selbstlenkendes System, E10-geeignet;€ 13.900;Guter Preis;145.000 km;Automatik;03/2017;Benzin;100 kW (136 PS);nan;nan;Autoscout24.de
Nissan;Qashqai;1.2 DIG-T N-Connecta 4x2 Klima Navi;Dachreling, 2-Zonen-Klimaautomatik, Einparkhilfe Sensoren vorne, Panoramadach, Sitzheizung, E10-geeignet, Spurhalteassistent, Alufelgen;€ 13.190;Sehr guter Preis;72.449 km;Schaltgetriebe;11/2017;Benzin;85 kW (116 PS);nan;nan;Autoscout24.de
Volkswagen;Tiguan;Comfortline BMT/Start-Stopp;Anhängerkupplung, Einparkhilfe Sensoren vorne, Sitzheizung, Wegfahrsperre, Kurvenlicht, Dachreling, Multifunktionslenkrad, Spurhalteassistent;€ 18.443;Guter Preis;89.553 km;Schaltgetriebe;03/2017;Diesel;110 kW (150 PS);4,8 l/100 km;125 g/km;Autoscout24.de
Fiat;Punto;1.4 8V Lounge;Sitzheizung, Klimaautomatik, Alufelgen, Klimaanlage, Nebelscheinwerfer, Lederlenkrad, Bluetooth, Elektr. Fensterheber;€ 8.600;Guter Preis;13.616 km;Schaltgetriebe;04/2015;Benzin;57 kW (77 PS);nan;nan;Autoscout24.de
Fiat;Panda;* HU/AU neu * 1.Hand;Elektr. Fensterheber, Kopfairbag, E10-geeignet, Radio, Fahrerairbag, Berganfahrassistent;€ 9.490;Fairer Preis;12.133 km;Schaltgetriebe;03/2017;Benzin;51 kW (69 PS);5,2 l/100 km;123 g/km;Autoscout24.de
MINI;One;ONE FIRST *UNFALLFREI*TÜV 03/2026*ALLWETTER*;INZAHLUNGNAHME UND FINANZIERUNG MÖGLICH;€ 10.900;Fairer Preis;86.600 km;Schaltgetriebe;12/2015;Benzin;55 kW (75 PS);5,3 l/100 km;126 g/km;Autoscout24.de
Mitsubishi;Space Star;Diamant Edition|Klima|Servo|1.Hand;Klimaanlage, Klimaautomatik, E10-geeignet, Pannenkit, Nebelscheinwerfer, Radio, Stahlfelgen, Traktionskontrolle;€ 7.850;Fairer Preis;47.500 km;Schaltgetriebe;06/2017;Benzin;52 kW (71 PS);4,2 l/100 km;100 g/km;Autoscout24.de
BMW;X1;sDrive 18 d *PDC*SHZ*KLIMA*1.HAND*MFL*AHK*;Getönte Scheiben, Anhängerkupplung, Alufelgen, Sitzheizung, Einparkhilfe Sensoren vorne, Multifunktionslenkrad, Elektrische Seitenspiegel, ESP;€ 14.599;Fairer Preis;165.239 km;Schaltgetriebe;07/2018;Diesel;110 kW (150 PS);4,6 l/100 km;120 g/km;Autoscout24.de
BMW;X5;sDrive 25d 360° PANO|NAVI|INDIVIDUAL|4-ZONEN;Seit 1963 Ihr KFZ-Meisterbetrieb in Mainz Bretzenheim;€ 27.990;Sehr guter Preis;124.000 km;Automatik;06/2017;Diesel;170 kW (231 PS);5,3 l/100 km;140 g/km;Autoscout24.de
Audi;Q7;3.0 TDI qu*S-LINE*PANO*7-SITZ*TV*BOSE*;Volldigitales Kombiinstrument, Sportpaket, Panoramadach, Einparkhilfe Kamera, Sportsitze, Luftfederung, LED-Scheinwerfer, Elektrische Sitze;€ 33.900;Sehr guter Preis;154.200 km;Automatik;03/2016;Diesel;200 kW (272 PS);5,7 l/100 km;151 g/km;Autoscout24.de
SEAT;Ibiza;Beats *1.HAND* SHZ PDC KAM NAVI SOUND TEMP;Sportsitze, Sitzheizung, LED-Scheinwerfer, 2-Zonen-Klimaautomatik, Einparkhilfe Kamera, E10-geeignet, Volldigitales Kombiinstrument, Armlehne;€ 11.499;Sehr guter Preis;105.000 km;Schaltgetriebe;02/2019;Benzin;70 kW (95 PS);4,6 l/100 km;105 g/km;Autoscout24.de
Mercedes-Benz;GL 63 AMG;4Matic COMAND-Navi SoftClose Keyless M;Beifahrerairbag, Fahrerairbag, Navigationssystem, Sportpaket, Einparkhilfe Kamera, Innenspiegel automatisch abblendend, Abstandstempomat, Start/Stop-Automatik;€ 35.990;Guter Preis;133.900 km;Automatik;07/2014;Benzin;410 kW (557 PS);12,3 l/100 km;nan;Autoscout24.de
BMW;116;ADVANTAGE KLIMA+NAV+ALLWETTER+EINPARKHILF+TÜ;TempomatLederlenkradSitzheizungRegWartung;€ 11.970;Fairer Preis;105.900 km;Schaltgetriebe;10/2016;Benzin;80 kW (109 PS);5,4 l/100 km;127 g/km;Autoscout24.de
Hyundai;TUCSON;Style Mild-Hybrid 4WD *KAMERA*NAVI*LKAS*;Allrad, Beifahrerairbag, Fahrerairbag, Einparkhilfe Sensoren vorne, LED-Scheinwerfer, Einparkhilfe Kamera, Sitzheizung, Alarmanlage;€ 20.499;nan;76.561 km;Automatik;01/2020;Diesel;136 kW (185 PS);5,8 l/100 km;153 g/km;Autoscout24.de
Mitsubishi;ASX;1.6 MIVEC Edition 100 Winterräder Scheckheft;Apple CarPlay, Einparkhilfe Kamera, Touchscreen, Regensensor, Sitzheizung, Android Auto, Freisprecheinrichtung, USB;€ 12.900;Guter Preis;65.418 km;Schaltgetriebe;11/2017;Benzin;86 kW (117 PS);nan;nan;Autoscout24.de
Renault;Kadjar;Life TCE 130 *Klima*PDC*Garantie*wenig Kilometer;2-Zonen-Klimaautomatik, Regensensor, Soundsystem, Pannenkit, Reifendruckkontrollsystem, Beifahrerairbag, Wegfahrsperre, Klimaanlage;€ 11.800;Sehr guter Preis;67.550 km;Schaltgetriebe;03/2016;Benzin;96 kW (131 PS);5,9 l/100 km;126 g/km;Autoscout24.de
Renault;Kadjar;Life TCE 130 *Klima*PDC*Garantie*wenig Kilometer;2-Zonen-Klimaautomatik, Regensensor, Soundsystem, Pannenkit, Reifendruckkontrollsystem, Beifahrerairbag, Wegfahrsperre, Klimaanlage;€ 11.800;Sehr guter Preis;67.550 km;Schaltgetriebe;03/2016;Benzin;96 kW (131 PS);5,9 l/100 km;126 g/km;Autoscout24.de
Audi;A4;Avant 2.0 TDI S line *PANO*AHK*NAVI;Sportsitze, Panoramadach, Sportfahrwerk, Standheizung, Lordosenstütze, Navigationssystem, Multifunktionslenkrad, Sitzheizung;€ 14.500;Fairer Preis;182.000 km;Schaltgetriebe;07/2015;Diesel;140 kW (190 PS);4,7 l/100 km;125 g/km;Autoscout24.de
Volkswagen;Tiguan;TDI Trendline;3-Zonen-Klimaautomatik, Anhängerkupplung, Sitzheizung, Multifunktionslenkrad, Alufelgen, CD, MP3, Dachreling;€ 15.390;Sehr guter Preis;100.250 km;Schaltgetriebe;05/2017;Diesel;85 kW (116 PS);4,7 l/100 km;123 g/km;Autoscout24.de
Audi;Q3;2.0 TDI S-tronic sport *AHK*Navi*SHZ*;Volldigitales Kombiinstrument, Elektrische Heckklappe, Ambientebeleuchtung, Einparkhilfe Kamera, Elektrische Sitze, Spoiler, Multifunktionslenkrad, Navigationssystem;€ 18.890;Guter Preis;116.954 km;Automatik;12/2016;Diesel;110 kW (150 PS);nan;nan;Autoscout24.de
Audi;Q8;55 TFSI QUATTRO/MATRIX/360°/BANG&OLUFSEN;360° Kamera, Panoramadach, Luftfederung, Head-up display, Abstandstempomat, Müdigkeitswarnsystem, Sportsitze, Soundsystem;€ 49.900;nan;79.435 km;Automatik;02/2019;Benzin;250 kW (340 PS);8,9 l/100 km;nan;Autoscout24.de
Skoda;Yeti;Adventure 1.4 TSI SHZ Temp PDC Berganfahrass. EXPO;Größtes Renault Autohaus im Landkreis München & Freisin;€ 7.800;Fairer Preis;132.000 km;Schaltgetriebe;10/2013;Benzin;90 kW (122 PS);nan;nan;Autoscout24.de
Dacia;Bigster;"Expression SHZ+KLIMA+PDC+KAMERA+LED+17"" ALU TCe...";Sicherer EU-Neuwagenkauf zum Bestpreis seit 1999!;€ 26.980;nan;0 km;Schaltgetriebe;nan;Benzin;96 kW (131 PS);nan;134 g/km;Autoscout24.de
Ford;Puma;1.0 EcoBoost Titanium 1.Hand Scheibenheizung Navi;Jetzt Probefahrt vereinbaren 02241/95126-24;€ 14.975;Sehr guter Preis;55.982 km;Schaltgetriebe;05/2020;Benzin;92 kW (125 PS);nan;nan;Autoscout24.de
Mercedes-Benz;GLK 220;CDI BlueTec 4Matic AHK PANO;Allrad, Elektrische Heckklappe, Panoramadach, Anhängerkupplung, Multifunktionslenkrad, Getönte Scheiben, CD, Sitzheizung;€ 21.999;Fairer Preis;131.800 km;Automatik;01/2015;Diesel;125 kW (170 PS);6,9 l/100 km;182 g/km;Autoscout24.de
Mercedes-Benz;Citan;109 CDI KA XL Extralang L3 Sitzhzg+Klima;Klimaanlage, Beifahrerairbag, Freisprecheinrichtung, Schiebetür rechts, Sitzheizung, Getönte Scheiben, Traktionskontrolle, Reserverad;€ 7.020;Sehr guter Preis;134.412 km;Schaltgetriebe;11/2015;Diesel;66 kW (90 PS);nan;nan;Autoscout24.de
Hyundai;KONA;KONA 1 Hand, 38200km, Style Hybrid;Inzahlungnahme, Finanzierung ohne Anzahlung, Top Preise; ;nan;200 km;nan;nan;nan;nan;nan;nan;Autoscout24.de
Hyundai;i20;1.0 T-GDI Trend Voll-LED Carplay Kam Carplay;Günstige Finanzierung! Wir kaufen Ihr Auto!;€ 14.480;Guter Preis;38.011 km;Schaltgetriebe;12/2023;Benzin;74 kW (101 PS);5,6 l/100 km;127 g/km;Autoscout24.de
Hyundai;BAYON;1.0 T-GDI 48V-Hybrid Intro/Navi/Plus;Navigationssystem, Anhängerkupplung, Katalysator, Sitzheizung, Einparkhilfe Kamera, Klimaautomatik, Regensensor, Einparkhilfe Sensoren hinten;€ 15.480;Sehr guter Preis;41.790 km;Schaltgetriebe;07/2021;Benzin;74 kW (101 PS);nan;nan;Autoscout24.de
Mercedes-Benz;GLA 200;1.Hd*Navi*Bi-Xenon*SHZ*Temp*PDCv+h*8-f.;Multifunktionslenkrad, Ambientebeleuchtung, Sitzheizung, Sommerreifen, Einparkhilfe Sensoren vorne, Navigationssystem, Isofix, Traktionskontrolle;€ 17.990;Fairer Preis;85.000 km;Automatik;01/2015;Benzin;115 kW (156 PS);nan;nan;Autoscout24.de
Opel;Cascada;1,4 Turbo Innovation ecoFlex Sitz/Lenkr.;Bi-Xenon Scheinwerfer, ESP, LED-Tagfahrlicht, Alufelgen, Sitzheizung, Tempomat, Traktionskontrolle, Einparkhilfe Sensoren vorne;€ 13.490;Fairer Preis;63.000 km;Schaltgetriebe;12/2014;Benzin;103 kW (140 PS);6,3 l/100 km;148 g/km;Autoscout24.de
Mercedes-Benz;C 200;4Matic Avantg,7G-Tronic,Distronic,Head-up,Leder,Pa;Car Garantie incl.;€ 20.900;nan;104.554 km;Automatik;03/2016;Benzin;135 kW (184 PS);nan;nan;Autoscout24.de
Opel;Insignia;A Lim. 150 Jahre Opel/NAVI/RADIO/KLIMA;Fahrerairbag, Einparkhilfe Sensoren vorne, Beifahrerairbag, Navigationssystem, Freisprecheinrichtung, Sprachsteuerung, Alufelgen, Einparkhilfe Sensoren hinten;€ 8.900;Sehr guter Preis;66.778 km;Schaltgetriebe;03/2013;Diesel;96 kW (131 PS);5,8 l/100 km;154 g/km;Autoscout24.de
BMW;318;d Lim. M Sportpaket Euro5 Navi,Xenon;Sportfahrwerk, Sportsitze, Sportpaket, Alufelgen, Bi-Xenon Scheinwerfer, Armlehne, Klimaanlage, Navigationssystem;€ 11.800;Guter Preis;164.569 km;Schaltgetriebe;03/2013;Diesel;105 kW (143 PS);4,5 l/100 km;119 g/km;Autoscout24.de
Audi;A4;Avant  quattro *ACC*KAMERA*APS*AHK*NAVI*PDC*;Allrad, Einparkhilfe Kamera, Scheinwerferreinigung, Navigationssystem, Anhängerkupplung, Regensensor, LED-Tagfahrlicht, Sommerreifen;€ 10.499;Sehr guter Preis;215.442 km;Automatik;12/2014;Diesel;130 kW (177 PS);5,3 l/100 km;140 g/km;Autoscout24.de
Renault;Scenic;III 1.5 DCi BOSE Edition Automatik Navi;Über 400 Dacia Neuwagen im Bestand/3 Jahre Garantie;€ 4.490;Guter Preis;238.600 km;Automatik;10/2013;Diesel;81 kW (110 PS);5,0 l/100 km;130 g/km;Autoscout24.de
BMW;X3;xDrive20d xLine   Standklima   Harman-Kardon;Spoiler, Head-up display, Navigationssystem, 2-Zonen-Klimaautomatik, Isofix, Sportsitze, Sommerreifen, Ambientebeleuchtung;€ 12.950;Sehr guter Preis;195.854 km;Schaltgetriebe;09/2014;Diesel;140 kW (190 PS);nan;136 g/km;Autoscout24.de
Audi;A6;Allroad quattro 3.0 TDI/Navi/Standheizung/Tem;Start/Stop-Automatik, Elektrische Sitze, Einparkhilfe Kamera, Fahrerairbag, Einparkhilfe Sensoren hinten, Seitenairbag, Sitzheizung, Einparkhilfe Sensoren vorne;€ 9.950;Fairer Preis;312.004 km;Automatik;11/2013;Diesel;150 kW (204 PS);6,1 l/100 km;162 g/km;Autoscout24.de
Ford;Tourneo Courier;1.0 TREND 5-SITZER KLIMA/SHZ/AHK;Getönte Scheiben, Schiebetür rechts, Anhängerkupplung, Einparkhilfe Sensoren hinten, Klimaanlage, USB, Bluetooth, Armlehne;€ 4.250;Sehr guter Preis;186.900 km;Schaltgetriebe;06/2015;Benzin;74 kW (101 PS);5,4 l/100 km;128 g/km;Autoscout24.de
Opel;Corsa;E 1.2 Klima;Elektrische Seitenspiegel, Klimaanlage, Fahrerairbag, Beifahrerairbag, Radio, Seitenairbag, Elektr. Fensterheber, Zentralverriegelung;€ 4.290;Sehr guter Preis;115.200 km;Schaltgetriebe;05/2016;Benzin;51 kW (69 PS);5,4 l/100 km;128 g/km;Autoscout24.de
Ford;EcoSport;Titanium KLIMA*PDC*BT*sauberes Fahrzeug;Fahrerairbag, Traktionskontrolle, Getönte Scheiben, Berganfahrassistent, Zentralverriegelung, Bluetooth, Tempomat, Lordosenstütze;€ 7.990;Sehr guter Preis;101.295 km;Schaltgetriebe;10/2014;Diesel;66 kW (90 PS);4,6 l/100 km;120 g/km;Autoscout24.de
Opel;Insignia;A ST 2.0D INNOV. NAVI/LED/KAMERA/SHZ;Einparkhilfe Kamera, Getönte Scheiben, Android Auto, Sprachsteuerung, Einparkhilfe Sensoren vorne, Multifunktionslenkrad, Sommerreifen, Sitzheizung;€ 6.700;nan;140.990 km;Automatik;05/2016;Diesel;125 kW (170 PS);5,5 l/100 km;145 g/km;Autoscout24.de
Volkswagen;Touran;Cross 1.6TDI*Aut.*BiXenon*Temp*Pdc*Ahk*;Tagfahrlicht, Radio, Standheizung, Bi-Xenon Scheinwerfer, Einparkhilfe Kamera, Alufelgen, Touchscreen, LED-Tagfahrlicht;€ 8.490;Sehr guter Preis;199.989 km;Automatik;11/2013;Diesel;77 kW (105 PS);5,4 l/100 km;143 g/km;Autoscout24.de
Ford;Fiesta;Sport;Isofix, Sportfahrwerk, Freisprecheinrichtung, Beheizbare Frontscheibe, Getönte Scheiben, Fahrerairbag, Sitzheizung, Sportpaket;€ 5.999;Sehr guter Preis;142.500 km;Schaltgetriebe;03/2016;Benzin;92 kW (125 PS);4,3 l/100 km;99 g/km;Autoscout24.de
Dacia;Duster;1.6 16V 105 4x2;Klimaanlage, Isofix, Pannenkit, Nebelscheinwerfer, Bordcomputer, ABS, Beifahrerairbag;€ 6.200;Sehr guter Preis;94.800 km;Schaltgetriebe;04/2013;Benzin;77 kW (105 PS);7,1 l/100 km;nan;Autoscout24.de
Volkswagen;Golf;VII 1.2 TSI DSG Comfortline NAVI KLIMA PNAO P;Panoramadach, Navigationssystem, Lordosenstütze, 2-Zonen-Klimaautomatik, Wegfahrsperre, Sitzheizung, Einparkhilfe Sensoren vorne, MP3;€ 12.990;Sehr guter Preis;25.000 km;Automatik;09/2014;Benzin;81 kW (110 PS);nan;nan;Autoscout24.de
Mercedes-Benz;GLK 220;CDI 4M *2.HD *19 *Navigation *SHZ*Klima;Chrom-Paket   Start - Stop   Navi;€ 16.990;Fairer Preis;175.100 km;Automatik;05/2014;Diesel;125 kW (170 PS);6,1 l/100 km;nan;Autoscout24.de
Kia;;CEED SW 1.6 EDITION7  EMOTION OHNE KLIMA;Zentralverriegelung, Sitzheizung, Alufelgen, Isofix, Multifunktionslenkrad, Seitenairbag, Dachreling, Radio;€ 7.960;Sehr guter Preis;94.600 km;Schaltgetriebe;03/2014;Benzin;99 kW (135 PS);nan;nan;Autoscout24.de
Volkswagen;Golf;VII Limousine *Klimaauto*Sitzheizung*Tempomat;2-Zonen-Klimaautomatik, Multifunktionslenkrad, Sitzheizung, Fahrerairbag, Alufelgen, Geschwindigkeits-begrenzungsanlage, Nebelscheinwerfer, Armlehne;€ 11.449;Sehr guter Preis;75.792 km;Schaltgetriebe;07/2015;Benzin;81 kW (110 PS);nan;nan;Autoscout24.de
Ford;S-Max;1.6 EcoBoost Trend *PDC*SHZ*;❗Service Historie und Gebrauchtspureninfos auf Anruf;€ 9.710;Sehr guter Preis;95.084 km;Schaltgetriebe;05/2014;Benzin;118 kW (160 PS);6,8 l/100 km;159 g/km;Autoscout24.de
Opel;Insignia;A Lim. 150 Jahre Opel/NAVI/RADIO/KLIMA;Fahrerairbag, Einparkhilfe Sensoren vorne, Beifahrerairbag, Navigationssystem, Freisprecheinrichtung, Sprachsteuerung, Alufelgen, Einparkhilfe Sensoren hinten;€ 8.900;Sehr guter Preis;66.778 km;Schaltgetriebe;03/2013;Diesel;96 kW (131 PS);5,8 l/100 km;154 g/km;Autoscout24.de
Ford;Fiesta;1.0 Sync Edition Klima 32tkm! 1.Hd 5türig;Klimaanlage, Multifunktionslenkrad, Elektrische Seitenspiegel, E10-geeignet, Alufelgen, LED-Tagfahrlicht, Bluetooth, Isofix;€ 6.890;Sehr guter Preis;32.483 km;Schaltgetriebe;07/2013;Benzin;48 kW (65 PS);4,6 l/100 km;109 g/km;Autoscout24.de
Volkswagen;Polo;V Trendline. Navi. Klima. PDC. Temp.;Seit 1963 Ihr KFZ-Meisterbetrieb in Mainz Bretzenheim;€ 6.990;Guter Preis;119.900 km;Schaltgetriebe;01/2016;Benzin;44 kW (60 PS);nan;nan;Autoscout24.de
Opel;Mokka;1.6 CDTI ecoFlex Innovation Navi FLA LM;Bi-Xenon Scheinwerfer, Bordcomputer, ABS, Einparkhilfe Sensoren hinten, Touchscreen, Einparkhilfe Kamera, Einparkhilfe Sensoren vorne, teilb. Rücksitzbank;€ 9.490;Sehr guter Preis;112.850 km;Schaltgetriebe;06/2015;Diesel;100 kW (136 PS);nan;nan;Autoscout24.de
Hyundai;i20;Classic,Klima, 8-fach bereift, Seh sauber;E10-geeignet, Fahrerairbag, Klimaanlage, Elektrische Seitenspiegel, Traktionskontrolle, Klimaautomatik, CD, Bluetooth;€ 6.499;Guter Preis;65.858 km;Schaltgetriebe;09/2014;Benzin;63 kW (86 PS);4,9 l/100 km;114 g/km;Autoscout24.de
Opel;Zafira Tourer;C 1.6 Innovation  CNG ERDGAS 7SITZE;Bluetooth, Alufelgen, Freisprecheinrichtung, Armlehne, Reifendruckkontrollsystem, Notrufsystem, Zentralverriegelung mit Funkfernbedienung, Tagfahrlicht;€ 7.500;Sehr guter Preis;134.272 km;Schaltgetriebe;09/2015;Erdgas (CNG);110 kW (150 PS);nan;nan;Autoscout24.de
Mitsubishi;ASX;1.8 DI-D+ Instyle NaviTouch RFKam BT USB All;Navigationssystem, Xenonscheinwerfer, Sitzheizung, Einparkhilfe Kamera, Isofix, Soundsystem, Panoramadach, ABS;€ 7.480;Fairer Preis;190.000 km;Schaltgetriebe;12/2013;Diesel;110 kW (150 PS);nan;141 g/km;Autoscout24.de
Citroen;C4 Picasso;Seduction LED PDC AHK Bluetooth;Anhängerkupplung, Fahrerairbag, Touchscreen, Elektr. Fensterheber, Klimaanlage, Beifahrerairbag, Klimaautomatik, Multifunktionslenkrad;€ 4.990;Sehr guter Preis;165.000 km;Schaltgetriebe;11/2013;Diesel;85 kW (116 PS);4,0 l/100 km;106 g/km;Autoscout24.de
Volkswagen;Golf;VII Lim. Highline BMT Navi,Kamera,BiXeno+WR;Finanzierung ab 6,29% / Sofortankauf & Inzahlungnahme;€ 10.300;Sehr guter Preis;126.470 km;Schaltgetriebe;04/2014;Benzin;103 kW (140 PS);5,2 l/100 km;119 g/km;Autoscout24.de
Alfa Romeo;Giulia;2.2 JTDM Automatik Klima Navi Temp Kamera;Finanzierung OHNE Anzahlung möglich!;€ 13.890;Sehr guter Preis;174.400 km;Automatik;11/2016;Diesel;132 kW (179 PS);3,8 l/100 km;99 g/km;Autoscout24.de
BMW;220;Coupé M Sport LED NaviBusiness FernlichtAss;Ihr BMW Servicepartner für die Region Hannover;€ 13.999;Guter Preis;194.000 km;Schaltgetriebe;08/2017;Diesel;140 kW (190 PS);4,3 l/100 km;nan;Autoscout24.de
Nissan;Qashqai;Visia *PDC*RADIO*KLIMA*XENON*TEMPOMAT*;Alufelgen, Spurhalteassistent, Getönte Scheiben, Tempomat, Anhängerkupplung, Einparkhilfe Sensoren hinten, Geschwindigkeits-begrenzungsanlage, Beifahrerairbag;€ 9.299;Sehr guter Preis;116.591 km;Schaltgetriebe;09/2016;Benzin;85 kW (116 PS);5,6 l/100 km;129 g/km;Autoscout24.de
Skoda;Fabia;Cool Edition;Fahrerairbag, Klimaanlage, Alufelgen, Radio, Sommerreifen, Beifahrerairbag, Isofix;€ 7.390;Sehr guter Preis;59.939 km;Schaltgetriebe;08/2014;Benzin;63 kW (86 PS);5,2 l/100 km;123 g/km;Autoscout24.de
BMW;116;i|1. Hand|LED TFL|Start/Stopp|AUX/USB|EURO6!;Traktionskontrolle, Regensensor, Radio, Armlehne, Isofix, LED-Tagfahrlicht, Klimaautomatik, Wegfahrsperre;€ 10.499;Sehr guter Preis;84.056 km;Schaltgetriebe;06/2016;Benzin;80 kW (109 PS);5,4 l/100 km;128 g/km;Autoscout24.de
SEAT;Leon;ST 2.0d 4Drive 4x4 DSG X-Perience PANO+LED+;Allrad, Schiebedach, LED-Scheinwerfer, Einparkhilfe Sensoren vorne, Sportpaket, Reifendruckkontrollsystem, USB, Sitzheizung;€ 11.750;Sehr guter Preis;150.000 km;Automatik;10/2016;Diesel;135 kW (184 PS);4,7 l/100 km;125 g/km;Autoscout24.de
Ford;Mondeo;Turnier Titanium*Klima*Allwetter*;Alufelgen, Sportfahrwerk, Sportsitze, Elektrische Sitze, Klimaanlage, Schlüssellose Zentralverriegelung, Klimaautomatik, Isofix;€ 4.980;Fairer Preis;197.553 km;Schaltgetriebe;05/2013;Benzin;149 kW (203 PS);7,6 l/100 km;180 g/km;Autoscout24.de
Audi;Q5;2.0TDI/S Line/Leder/Pano/Navi/Bi-Xeno/AHK/PDC;Panoramadach, Sportpaket, 3-Zonen-Klimaautomatik, Scheinwerferreinigung, Sportfahrwerk, Elektrische Sitze, Fahrerairbag, Ambientebeleuchtung;€ 18.500;Sehr guter Preis;154.000 km;Automatik;01/2015;Diesel;140 kW (190 PS);5,7 l/100 km;151 g/km;Autoscout24.de
BMW;318;d Lim. M Sportpaket Euro5 Navi,Xenon;Sportfahrwerk, Sportsitze, Sportpaket, Alufelgen, Bi-Xenon Scheinwerfer, Armlehne, Klimaanlage, Navigationssystem;€ 11.800;Guter Preis;164.569 km;Schaltgetriebe;03/2013;Diesel;105 kW (143 PS);4,5 l/100 km;119 g/km;Autoscout24.de
Audi;Q7;3.0 TDI clean diesel quattro Gewerbe/Export!;Über 1000 Fahrzeuge auf Lager und sofort verfügbar !!!;€ 16.000;nan;189.600 km;Automatik;06/2013;Diesel;180 kW (245 PS);7,4 l/100 km;196 g/km;Autoscout24.de
Toyota;;Aygo AYGO Cool  nur 48Tkm;Klimaanlage, Zentralverriegelung, Elektr. Fensterheber, Bluetooth, Beifahrerairbag, Fahrerairbag, Isofix, E10-geeignet;€ 4.990;Sehr guter Preis;48.538 km;Schaltgetriebe;10/2013;Benzin;50 kW (68 PS);4,4 l/100 km;104 g/km;Autoscout24.de
Renault;Megane;3 1.6 110PS Lim. 5-trg Tempomat Klima;Qualität - Zuverlässigkeit - Sicherheit;€ 7.899;Sehr guter Preis;54.561 km;Schaltgetriebe;06/2015;Benzin;81 kW (110 PS);6,9 l/100 km;159 g/km;Autoscout24.de
Peugeot;308;LIM. 1.5D ACTIVE NAVI/LED/PDC/TEMP./SPORT;ESP, Touchscreen, Bluetooth, Navigationssystem, Sportsitze, Fahrerairbag, Sprachsteuerung, Armlehne;€ 7.450;Sehr guter Preis;141.650 km;Schaltgetriebe;09/2018;Diesel;96 kW (131 PS);3,6 l/100 km;95 g/km;Autoscout24.de
Mitsubishi;Outlander;Diamant Edition 4WD;Allrad, Radio, LED-Tagfahrlicht, Sprachsteuerung, Sitzheizung, Anhängerkupplung, Apple CarPlay, Kurvenlicht;€ 12.300;Guter Preis;155.800 km;Automatik;03/2015;Diesel;110 kW (150 PS);5,4 l/100 km;143 g/km;Autoscout24.de
Volkswagen;Touran;Life BMT/Automatik/Klima/Navi/Shz/Ahk/;Seitenairbag, Alufelgen, Anhängerkupplung, Sitzheizung, Müdigkeitswarnsystem, Isofix, Navigationssystem, Tagfahrlicht;€ 9.990;Sehr guter Preis;190.202 km;Automatik;07/2013;Diesel;103 kW (140 PS);5,2 l/100 km;135 g/km;Autoscout24.de
Mazda;3;Lim. 2.0 SKYACTIVE VISION KLIMA/SHZ/PDC/TEMP.;2-Zonen-Klimaautomatik, Tempomat, Sitzheizung, Touchscreen, Bluetooth, Lederlenkrad, Einparkhilfe Sensoren hinten, Zentralverriegelung;€ 11.450;Sehr guter Preis;87.650 km;Automatik;05/2014;Benzin;88 kW (120 PS);5,6 l/100 km;129 g/km;Autoscout24.de
Volkswagen;Tiguan;*TopZustand*NAVI*PDC*Klima*8xALU*Garantie;Getönte Scheiben, Navigationssystem, Touchscreen, Alufelgen, Sommerreifen, Bluetooth, Notbremsassistent, Tempomat;€ 11.980;Sehr guter Preis;125.700 km;Automatik;05/2014;Benzin;118 kW (160 PS);7,1 l/100 km;164 g/km;Autoscout24.de
Ford;Mondeo;Titanium Automatik Memory Teilleder Navi;Leder Alcantara;€ 8.990;Sehr guter Preis;199.887 km;Automatik;12/2016;Diesel;132 kW (179 PS);4,9 l/100 km;nan;Autoscout24.de
Ford;Tourneo Connect;1.6 TDCi 5 SITZE TITANIUM PANO;Beifahrerairbag, Alufelgen, Klimaanlage, Panoramadach, Einparkhilfe Sensoren hinten, Bordcomputer, Bluetooth, Kurvenlicht;€ 12.480;Sehr guter Preis;94.506 km;Schaltgetriebe;03/2015;Diesel;85 kW (116 PS);4,9 l/100 km;130 g/km;Autoscout24.de
Audi;A4;2.0 TDI ultra *Automatik*Navi*SHZ*;Einparkhilfe Kamera, LED-Scheinwerfer, Sportfahrwerk, 3-Zonen-Klimaautomatik, Navigationssystem, Sitzheizung, Elektrische Heckklappe, Getönte Scheiben;€ 16.900;Fairer Preis;191.140 km;Automatik;03/2018;Diesel;110 kW (150 PS);3,9 l/100 km;99 g/km;Autoscout24.de
Hyundai;i30;i30cw 1.6 Automatik Style;2-Zonen-Klimaautomatik, Sitzheizung, Pannenkit, Tempomat, Wegfahrsperre, Regensensor, Multifunktionslenkrad, Bi-Xenon Scheinwerfer;€ 9.870;Sehr guter Preis;122.195 km;Automatik;06/2015;Benzin;99 kW (135 PS);6,8 l/100 km;136 g/km;Autoscout24.de
BMW;316;"d Navi*Klimaaut.*2xSHZ*Bluetooth*18""Zoll";Bluetooth, 2-Zonen-Klimaautomatik, Bordcomputer, Start/Stop-Automatik, USB, Navigationssystem, Sitzheizung, Traktionskontrolle;€ 9.590;Fairer Preis;196.000 km;Schaltgetriebe;04/2013;Diesel;85 kW (116 PS);4,5 l/100 km;nan;Autoscout24.de
Ford;EcoSport;Trend;Sitzheizung, Einparkhilfe Sensoren vorne, Traktionskontrolle, USB, Einparkhilfe Sensoren hinten, Alufelgen, Nebelscheinwerfer, Freisprecheinrichtung;€ 7.390;Guter Preis;118.281 km;Schaltgetriebe;07/2015;Benzin;92 kW (125 PS);5,4 l/100 km;125 g/km;Autoscout24.de
Skoda;Rapid/Spaceback;Ambition*DAB Radio*Klimaautomatik*Navi*;Einparkhilfe Kamera, Elektrische Seitenspiegel, Multifunktionslenkrad, Klimaautomatik, Touchscreen, Sommerreifen, Bluetooth, Alufelgen;€ 7.190;Sehr guter Preis;93.773 km;Schaltgetriebe;05/2013;Benzin;63 kW (86 PS);5,1 l/100 km;121 g/km;Autoscout24.de
Kia;Sportage;Spirit 4WD SHZ Leder Navi Alu 16 Zoll;Navigationssystem, Allrad, Getönte Scheiben, USB, Multifunktionslenkrad, Klimaanlage, Panoramadach, Alufelgen;€ 10.999;nan;149.443 km;Automatik;07/2013;Diesel;135 kW (184 PS);7,2 l/100 km;189 g/km;Autoscout24.de
Mercedes-Benz;E 220;CDI T-Modell BE 2. HAND LED NAVI PDC SHZ;Unsere Fahrzeuge werden aller von der DEKRA begutachtet;€ 16.990;Guter Preis;125.000 km;Automatik;01/2014;Diesel;125 kW (170 PS);5,0 l/100 km;132 g/km;Autoscout24.de
Mercedes-Benz;C 220;d Kombi AMG-Line|PDC|SHZ|SBL|Navi|Klima|USB;Sportpaket, Einparkhilfe Kamera, Navigationssystem, Getönte Scheiben, Sitzbelüftung, Sportfahrwerk, Klimaanlage, LED-Scheinwerfer;€ 15.890;Fairer Preis;200.000 km;Automatik;05/2015;Diesel;125 kW (170 PS);4,3 l/100 km;114 g/km;Autoscout24.de
Audi;A4;Avant  quattro *ACC*KAMERA*APS*AHK*NAVI*PDC*;Allrad, Einparkhilfe Kamera, Scheinwerferreinigung, Navigationssystem, Anhängerkupplung, Regensensor, LED-Tagfahrlicht, Sommerreifen;€ 10.499;Sehr guter Preis;215.442 km;Automatik;12/2014;Diesel;130 kW (177 PS);5,3 l/100 km;140 g/km;Autoscout24.de
Audi;A6;Avant 3.0 TDI quattro S-line GEWERBE EXPORT;Lordosenstütze, Sportfahrwerk, Totwinkel-Assistent, Sportpaket, Isofix, Einparkhilfe Kamera, Sportsitze, Bluetooth;€ 10.950;Fairer Preis;287.150 km;Automatik;04/2013;Diesel;180 kW (245 PS);5,9 l/100 km;nan;Autoscout24.de
Mitsubishi;ASX;Top 4WD PANO SHZ LEDER KLIMAUT;Elektrische Sitze, Schiebedach, Allrad, Sitzheizung, Multifunktionslenkrad, Einparkhilfe Kamera, Navigationssystem, Notbremsassistent;€ 11.750;Guter Preis;125.500 km;Automatik;07/2015;Diesel;110 kW (150 PS);5,8 l/100 km;154 g/km;Autoscout24.de
Mazda;CX-30;"Prime-Line KLIMA+NAVI+ALARM+KAMERA+LED+16""+HUD ...";Sicherer EU-Neuwagenkauf zum Bestpreis seit 1999!;€ 22.890;nan;0 km;Schaltgetriebe;nan;Benzin;103 kW (140 PS);nan;135 g/km;Autoscout24.de
Hyundai;i30;CW 1.6CRDi Select LEDTgf~Tempomat~AHK;Freisprecheinrichtung, Alufelgen, USB, Beifahrerairbag, Anhängerkupplung, Tempomat, Fernlichtassistent, Isofix;€ 8.950;Guter Preis;131.299 km;Schaltgetriebe;10/2017;Diesel;81 kW (110 PS);3,8 l/100 km;99 g/km;Autoscout24.de
Volkswagen;Golf Variant;Golf VII Variant 2.0 TDI BMT *PANO/AHK/STANDHEIZ*;Standheizung, Alufelgen, Sitzheizung, Schiebedach, Multifunktionslenkrad, Navigationssystem, Abstandstempomat, Einparkhilfe Sensoren vorne;€ 7.900;Sehr guter Preis;227.890 km;Schaltgetriebe;03/2015;Diesel;110 kW (150 PS);4,2 l/100 km;108 g/km;Autoscout24.de
BMW;X1;xDrive 18d|PDC|AHK|SHZ|AUX|USB|Klima;Allrad, Elektr. Fensterheber, Anhängerkupplung, Alufelgen, Wegfahrsperre, Sitzheizung, Klimaautomatik, Bluetooth;€ 11.790;Fairer Preis;141.800 km;Schaltgetriebe;01/2014;Diesel;105 kW (143 PS);5,5 l/100 km;146 g/km;Autoscout24.de
Nissan;X-Trail;1.6 dCi Visia 7 Sitzer/Navi/LED/Pano/Leder;Sommerreifen, Elektrische Sitze, Winterreifen, Sitzheizung, Tempomat, Bordcomputer, 2-Zonen-Klimaautomatik, Schiebedach;€ 10.980;Guter Preis;262.137 km;Automatik;06/2017;Diesel;96 kW (131 PS);nan;nan;Autoscout24.de
Mazda;CX-5;2,2 Skyactiv-D Center-Line 2WD;Klimaanlage, Alufelgen, Elektrische Seitenspiegel, Sitzheizung, Ambientebeleuchtung, Einparkhilfe Sensoren vorne, Bluetooth, Touchscreen;€ 8.449;Guter Preis;175.000 km;Schaltgetriebe;04/2014;Diesel;110 kW (150 PS);4,6 l/100 km;122 g/km;Autoscout24.de
Hyundai;i20;Classic Klima- SHZ-1 Hand;Klimaanlage, Beifahrerairbag, Fahrerairbag, Elektrische Seitenspiegel, Sitzheizung, Radio, USB, Isofix;€ 6.250;Guter Preis;78.400 km;Schaltgetriebe;02/2014;Benzin;63 kW (86 PS);nan;nan;Autoscout24.de
Mercedes-Benz;B 180;BlueEFFICIENCY Aut.-Navi-Xenon-Kamera-SHZ-;Alufelgen, Elektrische Seitenspiegel, Sportpaket, Einparkhilfe Kamera, Sportfahrwerk, Einparkhilfe selbstlenkendes System, Sitzheizung, Bi-Xenon Scheinwerfer;€ 14.900;Sehr guter Preis;39.500 km;Automatik;12/2014;Benzin;90 kW (122 PS);5,6 l/100 km;nan;Autoscout24.de
Land Rover;Discovery Sport;HSE TD4 Aut. *KAMERA/NAVI/LEDER*;Sportfahrwerk, Allrad, Sitzheizung, Notbremsassistent, Sommerreifen, Navigationssystem, Elektrische Sitze, USB;€ 13.900;Sehr guter Preis;181.218 km;Automatik;10/2015;Diesel;132 kW (179 PS);5,3 l/100 km;171 g/km;Autoscout24.de
Mazda;3;2.0 SkyActive-G Center-Line, Navi, Klima;2-Zonen-Klimaautomatik, Alufelgen, Sitzheizung, MP3, Einparkhilfe Sensoren hinten, Navigationssystem, USB, Geschwindigkeits-begrenzungsanlage;€ 10.850;Sehr guter Preis;104.500 km;Schaltgetriebe;06/2015;Benzin;88 kW (120 PS);5,1 l/100 km;119 g/km;Autoscout24.de
Dacia;Lodgy;1.2 TCE STEPWAY NAVI/PDC/TEMP./NEBEL/KLIMA;Tempomat, Beifahrerairbag, Freisprecheinrichtung, Nebelscheinwerfer, Dachreling, Navigationssystem, Alufelgen, Pannenkit;€ 7.750;Sehr guter Preis;97.500 km;Schaltgetriebe;03/2016;Benzin;85 kW (116 PS);5,6 l/100 km;133 g/km;Autoscout24.de
BMW;320;320 d Efficient Dynamics Advantage;Navigationssystem, Alufelgen, Elektrische Seitenspiegel, Armlehne, Klimaautomatik, Skisack, Tempomat, Beifahrerairbag;€ 11.100;Fairer Preis;222.200 km;Schaltgetriebe;03/2016;Diesel;120 kW (163 PS);3,9 l/100 km;103 g/km;Autoscout24.de
Suzuki;SX4;Club *KLIMA-WENIG KILOMETER-PDC-NAVI*;Navigationssystem, Klimaanlage, Touchscreen, Sprachsteuerung, Traktionskontrolle, Zentralverriegelung, Freisprecheinrichtung, ESP;€ 9.990;Sehr guter Preis;28.147 km;Schaltgetriebe;02/2015;Benzin;88 kW (120 PS);6,2 l/100 km;143 g/km;Autoscout24.de
Volkswagen;Golf;VII 1.4 TSI Highline;Bi-Xenon Scheinwerfer, Einparkhilfe Sensoren vorne, Alufelgen, Navigationssystem, Ambientebeleuchtung, Schiebedach, Panoramadach, Sitzheizung;€ 12.490;Guter Preis;117.250 km;Schaltgetriebe;06/2015;Benzin;110 kW (150 PS);nan;nan;Autoscout24.de
Ford;Transit Custom;Kombi 300 L1 2.2 TDCi *1992 *EXPORT;Beifahrerairbag, Notrad, Start/Stop-Automatik, CD, Radio, Zentralverriegelung, Schiebetür rechts, Katalysator;€ 7.988;Guter Preis;255.000 km;Schaltgetriebe;01/2015;Diesel;74 kW (101 PS);nan;nan;Autoscout24.de
Renault;Scenic;III 1.5 DCi BOSE Edition Automatik Navi;Über 400 Dacia Neuwagen im Bestand/3 Jahre Garantie;€ 4.490;Guter Preis;238.600 km;Automatik;10/2013;Diesel;81 kW (110 PS);5,0 l/100 km;130 g/km;Autoscout24.de
Audi;A3;1.6 TDI Ambiente Navi/Temp/Xenon/Shzg/Klimaau;Alufelgen, Beifahrerairbag, Bordcomputer, Sportpaket, Armlehne, Sitzheizung, Elektrische Seitenspiegel, Bi-Xenon Scheinwerfer;€ 12.490;Fairer Preis;138.000 km;Schaltgetriebe;09/2016;Diesel;81 kW (110 PS);nan;nan;Autoscout24.de
Audi;A3;Sportback*2.Hand*Xenon*Navi*PDC*AHK*Alu*Klima;Sportfahrwerk, Einparkhilfe Sensoren hinten, Bordcomputer, Sommerreifen, Sportpaket, Sitzheizung, Xenonscheinwerfer, LED-Tagfahrlicht;€ 12.597;Sehr guter Preis;127.900 km;Schaltgetriebe;03/2015;Benzin;92 kW (125 PS);5,1 l/100 km;121 g/km;Autoscout24.de
Mazda;CX-3;Center-Line Anhängerkupplung;Alufelgen, MP3, Touchscreen, Pannenkit, Notbremsassistent, Klimaautomatik, CD, Tempomat;€ 11.990;Guter Preis;102.000 km;Schaltgetriebe;11/2015;Benzin;88 kW (120 PS);nan;nan;Autoscout24.de
Audi;SQ5;3.0 TDI QUT FACE*VIRT*MATRIX*KAM*RS-SITZE*22';Volldigitales Kombiinstrument, Sportsitze, Luftfederung, Panoramadach, Allrad, Elektr. Fensterheber, Beifahrerairbag, Soundsystem;€ 32.900;Sehr guter Preis;212.000 km;Automatik;06/2020;Diesel;255 kW (347 PS);6,8 l/100 km;177 g/km;Autoscout24.de
Volkswagen;Golf;VII 1.2 TSi Lim. **SHZ*PDC*Parkassistent**;Start/Stop-Automatik, 2-Zonen-Klimaautomatik, Sitzheizung, Touchscreen, Einparkhilfe Sensoren vorne, Einparkhilfe Sensoren hinten, Multifunktionslenkrad, Einparkhilfe selbstlenkendes System;€ 8.495;Guter Preis;132.000 km;Schaltgetriebe;09/2013;Benzin;63 kW (86 PS);nan;nan;Autoscout24.de
Audi;A4;Avant S line Sportpaket / plus quattro*B&O*NAVI*XE;Sportsitze, Allrad, Sportpaket, Sportfahrwerk, Navigationssystem, Multifunktionslenkrad, LED-Tagfahrlicht, Soundsystem;€ 15.970;Fairer Preis;156.000 km;Automatik;05/2014;Benzin;165 kW (224 PS);6,7 l/100 km;159 g/km;Autoscout24.de
Jaguar;F-Pace;20d R-Sport 4x4 Jet-Dachhimmel;Seit 1963 Ihr KFZ-Meisterbetrieb in Mainz Bretzenheim;€ 16.900;Sehr guter Preis;157.741 km;Automatik;02/2017;Diesel;132 kW (179 PS);5,9 l/100 km;157 g/km;Autoscout24.de
Mazda;CX-5;Center-Line NAVI+XENON AHK SHZG PDC LANE;Bi-Xenon Scheinwerfer, Beifahrerairbag, Anhängerkupplung, Einparkhilfe Sensoren vorne, Elektr. Fensterheber, Sitzheizung, Getönte Scheiben, 2-Zonen-Klimaautomatik;€ 9.990;Fairer Preis;153.667 km;Schaltgetriebe;08/2013;Diesel;110 kW (150 PS);4,6 l/100 km;119 g/km;Autoscout24.de
Mercedes-Benz;A 180;d Kamera*Automatik;Einparkhilfe Kamera, Reifendruckkontrollsystem, Regensensor, Klimaautomatik, Seitenairbag, Beifahrerairbag, Tempomat;€ 14.998;Guter Preis;192.800 km;Automatik;04/2020;Diesel;85 kW (116 PS);4,0 l/100 km;117 g/km;Autoscout24.de
Volkswagen;Touran;Life BMT 1HD/NAVI/KLIMA/SHZ/TEMPO/PDC;Einparkhilfe Sensoren vorne, Start/Stop-Automatik, Multifunktionslenkrad, Navigationssystem, Getönte Scheiben, Bluetooth, Klimaautomatik, Sitzheizung;€ 12.740;Fairer Preis;119.701 km;Schaltgetriebe;05/2013;Diesel;103 kW (140 PS);4,8 l/100 km;125 g/km;Autoscout24.de
Fiat;Doblo;1.6 SX Kombi Lounge Klimaauto Allwetter;Über 400 Dacia Neuwagen im Bestand/3 Jahre Garantie;€ 4.490;Guter Preis;252.700 km;Schaltgetriebe;09/2014;Diesel;77 kW (105 PS);5,2 l/100 km;138 g/km;Autoscout24.de
Volkswagen;Sharan;Comfortline 2.0 TDI Automatik/ Navi/ AHK;Alufelgen, Anhängerkupplung, Beifahrerairbag, Einparkhilfe Sensoren vorne, Navigationssystem, Getönte Scheiben, Sitzheizung, Apple CarPlay;€ 14.990;Sehr guter Preis;159.215 km;Automatik;07/2016;Diesel;110 kW (150 PS);5,2 l/100 km;136 g/km;Autoscout24.de
Ford;Transit Custom;Kasten 290 L2 Trend °Klima°AHK°;Tempomat, Radio, Einparkhilfe Sensoren vorne, Klimaanlage, USB, Geschwindigkeits-begrenzungsanlage, Multifunktionslenkrad, Allwetterreifen;€ 10.800;nan;80.225 km;Schaltgetriebe;06/2014;Diesel;96 kW (131 PS);nan;nan;Autoscout24.de
Tesla;Model S;90D Allradantrieb Autopilot,Pano,HighSound,Navi;Volldigitales Kombiinstrument, Einparkhilfe selbstlenkendes System, ABS, Einparkhilfe Kamera, Schlüssellose Zentralverriegelung, Alarmanlage, Radio, Spurhalteassistent; ;nan;nan;nan;nan;nan;nan;nan;nan;Autoscout24.de
BMW;218;*Aut.*Klimaaut.*PDC*AHK*7xSitzer*;Klimaanlage, Multifunktionslenkrad, Anhängerkupplung, Elektr. Fensterheber, Sommerreifen, Alufelgen, Dachreling, Ambientebeleuchtung;€ 13.990;Fairer Preis;97.897 km;Automatik;11/2015;Benzin;100 kW (136 PS);5,3 l/100 km;126 g/km;Autoscout24.de
BMW;318;"d Tou Sport Line NAVI+LED+SHZ+TEMP+AHK+M18""";Sportfahrwerk, Sportsitze, Anhängerkupplung, 3-Zonen-Klimaautomatik, Ambientebeleuchtung, LED-Scheinwerfer, Elektrische Seitenspiegel, Einparkhilfe Sensoren vorne;€ 12.950;Sehr guter Preis;167.000 km;Schaltgetriebe;07/2019;Diesel;110 kW (150 PS);nan;nan;Autoscout24.de
BMW;X3;xDrive20d xLine   Standklima   Harman-Kardon;Spoiler, Head-up display, Navigationssystem, 2-Zonen-Klimaautomatik, Isofix, Sportsitze, Sommerreifen, Ambientebeleuchtung;€ 12.950;Sehr guter Preis;195.854 km;Schaltgetriebe;09/2014;Diesel;140 kW (190 PS);nan;136 g/km;Autoscout24.de
Ford;Focus;Turnier Titanium ZAHNRIEM NEU/ 2HAND/TEMP.;Getönte Scheiben, Einparkhilfe Sensoren vorne, Apple CarPlay, Sitzheizung, Beheizbare Frontscheibe, Touchscreen, Einparkhilfe Kamera, Klimaautomatik;€ 8.999;Guter Preis;98.000 km;Schaltgetriebe;11/2017;Benzin;92 kW (125 PS);4,8 l/100 km;114 g/km;Autoscout24.de
SEAT;Leon;ST Style;Über 1000 Fahrzeuge auf Lager und sofort verfügbar !!!;€ 9.990;Sehr guter Preis;107.200 km;Schaltgetriebe;06/2015;Benzin;92 kW (125 PS);5,3 l/100 km;126 g/km;Autoscout24.de
Opel;Corsa;D Color Edition 1,4L Klima Tüv Neu Topzust;Sitzheizung, Tempomat, Beifahrerairbag, Einparkhilfe Sensoren hinten, Bluetooth, Klimaanlage, Lederlenkrad, Sportfahrwerk;€ 6.490;Fairer Preis;111.000 km;Schaltgetriebe;11/2014;Benzin;64 kW (87 PS);5,7 l/100 km;135 g/km;Autoscout24.de
MINI;Cooper S Clubman;"Automatik Klima Einparkhilfe LED Tempomat 17""Alu";LED-Scheinwerfer, Sportfahrwerk, ABS, Alufelgen, 2-Zonen-Klimaautomatik, Sportsitze, Sportpaket, ESP;€ 13.980;Sehr guter Preis;110.438 km;Automatik;12/2016;Benzin;141 kW (192 PS);6,2 l/100 km;147 g/km;Autoscout24.de
Skoda;Rapid/Spaceback;1.2 TSI Joy*PDC*SHZ*AHK*TEMPO*KLIMA*GARANTIE*;❗Service Historie und Gebrauchtspureninfos auf Anruf;€ 8.540;Sehr guter Preis;109.545 km;Schaltgetriebe;05/2016;Benzin;81 kW (110 PS);4,9 l/100 km;110 g/km;Autoscout24.de
Peugeot;208;Active*Klima*Radio*BT;E10-geeignet, Elektrische Seitenspiegel, Bluetooth, Tempomat, Seitenairbag, Wegfahrsperre, Freisprecheinrichtung, Touchscreen;€ 7.638;Guter Preis;72.000 km;Schaltgetriebe;01/2017;Benzin;60 kW (82 PS);4,5 l/100 km;107 g/km;Autoscout24.de
Renault;Grand Scenic;Scenic III Grand Paris NAVI*SHZG*PDC*KLIMAAUT.*;Alufelgen, USB, Beifahrerairbag, Fahrerairbag, 2-Zonen-Klimaautomatik, Navigationssystem, Traktionskontrolle, Allwetterreifen;€ 6.990;nan;150.616 km;Schaltgetriebe;11/2013;Benzin;85 kW (116 PS);6,1 l/100 km;145 g/km;Autoscout24.de
Volkswagen;T-Roc;2.0TSI Sport 4Motion DSG AID KAM ACC LED;Sportfahrwerk, Volldigitales Kombiinstrument, Ambientebeleuchtung, Einparkhilfe Kamera, Abstandstempomat, Standheizung, LED-Scheinwerfer, Allrad;€ 17.999;Sehr guter Preis;135.700 km;Automatik;03/2018;Benzin;140 kW (190 PS);6,7 l/100 km;152 g/km;Autoscout24.de
Audi;Q3;2.0 TDI 2.Hd*KeyGo*Klima*PDC*2xSHZ*18Zoll;Seitenairbag, Gepäckraumabtrennung, Start/Stop-Automatik, Armlehne, Multifunktionslenkrad, Alufelgen, Sitzheizung, Sprachsteuerung;€ 13.980;Fairer Preis;149.000 km;Schaltgetriebe;10/2013;Diesel;103 kW (140 PS);5,2 l/100 km;nan;Autoscout24.de
Volkswagen;T5 Multivan;Highline 4Motion 2.0 TSI ABT*DVD*TV;Elektrische Seitenspiegel, Allrad, Sitzheizung, Reifendruckkontrollsystem, Schiebetür rechts, Navigationssystem, Tempomat, Standheizung;€ 27.790;Guter Preis;185.000 km;Automatik;05/2013;Benzin;150 kW (204 PS);nan;nan;Autoscout24.de
Audi;A3;SPORTBACK 2.0 TDI AMBITION NAVI XENON SHZ PDC;FINANZIERUNG ab 3,99%++GARANTIE bis 36 Monate++ANKAUF;€ 12.950;Sehr guter Preis;159.000 km;Automatik;09/2015;Diesel;110 kW (150 PS);4,4 l/100 km;116 g/km;Autoscout24.de
Peugeot;308;Peugeot 308 Automatik NAVI Touch BT KAMERA;Seit 1963 Ihr KFZ-Meisterbetrieb in Mainz Bretzenheim;€ 9.390;Sehr guter Preis;123.406 km;Automatik;06/2016;Benzin;96 kW (131 PS);4,9 l/100 km;119 g/km;Autoscout24.de
SEAT;Leon;2,0 TDI FR LED AHK NaviTouch RFKam PDC Pano;Einparkhilfe Sensoren vorne, Einparkhilfe Kamera, Sportfahrwerk, LED-Scheinwerfer, Elektrische Sitze, Schiebedach, Apple CarPlay, Panoramadach;€ 9.980;Fairer Preis;247.000 km;Schaltgetriebe;10/2016;Diesel;135 kW (184 PS);4,5 l/100 km;118 g/km;Autoscout24.de
Mercedes-Benz;C 180;T Avantgarde *LEDER-TEMPO.-PDC-SITZHEIZ.*;Navigationssystem, Sportpaket, Sitzheizung, Zentralverriegelung, Sprachsteuerung, Multifunktionslenkrad, Lichtsensor, Getönte Scheiben;€ 12.880;Guter Preis;139.765 km;Automatik;03/2013;Benzin;115 kW (156 PS);7,8 l/100 km;185 g/km;Autoscout24.de
Land Rover;Range Rover Evoque;Td4 SE Dynamic Leder ab 149€;Seit 1963 Ihr KFZ-Meisterbetrieb in Mainz Bretzenheim;€ 16.990;Fairer Preis;150.000 km;Automatik;10/2017;Diesel;110 kW (150 PS);8,2 l/100 km;188 g/km;Autoscout24.de
Mercedes-Benz;ML 350;CDI AMG LINE H&K AHK PANO STANDHZ 21Z ALU;FINANZIERUNG ab 3,99%++GARANTIE bis 36 Monate++ANKAUF;€ 24.950;Guter Preis;175.000 km;Automatik;06/2014;Diesel;190 kW (258 PS);6,8 l/100 km;180 g/km;Autoscout24.de
Genesis;G80;3.8 V6 /Pano/Head-Up/Soft Cl./360;Fahrerairbag, Sitzheizung, 3-Zonen-Klimaautomatik, Totwinkel-Assistent, Einparkhilfe Kamera, Beheizbares Lenkrad, Soundsystem, Einparkhilfe Sensoren vorne;€ 21.950;Sehr guter Preis;122.700 km;Automatik;06/2014;Benzin;232 kW (315 PS);11,6 l/100 km;274 g/km;Autoscout24.de
Volkswagen;Scirocco;1.4 TSI Sportpaket El. Panodach Navi SD SHZ Scheck;Sitzheizung, Sportpaket, Schiebedach, Sportfahrwerk, teilb. Rücksitzbank, Alufelgen, Navigationssystem, Panoramadach;€ 11.990;Sehr guter Preis;143.000 km;Schaltgetriebe;09/2015;Benzin;92 kW (125 PS);nan;nan;Autoscout24.de
Ford;Tourneo Courier;1.0 TREND 5-SITZER KLIMA/SHZ/AHK;Getönte Scheiben, Schiebetür rechts, Anhängerkupplung, Einparkhilfe Sensoren hinten, Klimaanlage, USB, Bluetooth, Armlehne;€ 4.250;Sehr guter Preis;186.900 km;Schaltgetriebe;06/2015;Benzin;74 kW (101 PS);5,4 l/100 km;128 g/km;Autoscout24.de
Volkswagen;Scirocco;1.4 TSI Sportpaket El. Panodach Navi SD SHZ Scheck;Sitzheizung, Sportpaket, Schiebedach, Sportfahrwerk, teilb. Rücksitzbank, Alufelgen, Navigationssystem, Panoramadach;€ 11.990;Sehr guter Preis;143.000 km;Schaltgetriebe;09/2015;Benzin;92 kW (125 PS);nan;nan;Autoscout24.de
Skoda;Octavia;Elegance T.Leder,Navi,Bi-Xenon,PDC,SR+WR;Finanzierung ab 6,29% / Sofortankauf & Inzahlungnahme;€ 9.900;Guter Preis;156.240 km;Automatik;04/2013;Diesel;110 kW (150 PS);4,5 l/100 km;119 g/km;Autoscout24.de
Mazda;CX-5;Automatik 2.2 D SKYACTIVE 4x4 Exceed;Seit 1963 Ihr KFZ-Meisterbetrieb in Mainz Bretzenheim;€ 13.490;Fairer Preis;136.070 km;Automatik;10/2014;Diesel;110 kW (150 PS);5,5 l/100 km;144 g/km;Autoscout24.de
BMW;330;"Gran Turismo xDrive Luxury Line Pano Hud 19""";Sportfahrwerk, Head-up display, Sportpaket, Abstandstempomat, Elektrische Sitze, Sportsitze, LED-Tagfahrlicht, Einparkhilfe Sensoren hinten;€ 18.990;Fairer Preis;187.700 km;Automatik;10/2014;Diesel;190 kW (258 PS);5,4 l/100 km;143 g/km;Autoscout24.de
Kia;Picanto;Dream Team 1.0 Klimaautomatik SHZ Bluetooth Zentra;Pannenkit, Alufelgen, Sitzheizung, Klimaanlage, Elektr. Fensterheber, Klimaautomatik, Multifunktionslenkrad, Elektrische Seitenspiegel;€ 6.900;Sehr guter Preis;77.660 km;Schaltgetriebe;01/2016;Benzin;49 kW (67 PS);nan;nan;Autoscout24.de
Audi;A3;1.4 TFSI Sportback Ambition - Allwetterreifen NEU;Alufelgen, Xenonscheinwerfer, Bluetooth, Multifunktionslenkrad, Seitenairbag, Sportsitze, Elektronische Parkbremse, Scheinwerferreinigung;€ 9.590;Fairer Preis;150.000 km;Schaltgetriebe;11/2013;Benzin;90 kW (122 PS);5,3 l/100 km;123 g/km;Autoscout24.de
Fiat;500;1.2 8V Lounge Navi/Pano/Sitzh/Temp/DAB/PDC;Klimaautomatik, Einparkhilfe Sensoren hinten, Alufelgen, Sitzheizung, E10-geeignet, Navigationssystem, Regensensor, Sommerreifen;€ 8.880;Sehr guter Preis;75.419 km;Schaltgetriebe;03/2019;Benzin;51 kW (69 PS);nan;nan;Autoscout24.de
Mercedes-Benz;GLB 200;DCT 8G-Tronic Urban 7-Sitzer Kamera/LED;Volldigitales Kombiinstrument, Einparkhilfe Kamera, LED-Scheinwerfer, Sportsitze, Touchscreen, Einparkhilfe Sensoren vorne, Elektrische Heckklappe, Start/Stop-Automatik;€ 24.490;Fairer Preis;192.324 km;Automatik;12/2021;Diesel;110 kW (150 PS);4,8 l/100 km;146 g/km;Autoscout24.de
Volkswagen;Caddy;Kombi BMT Klima Touch Freisprech 5-Sitze;Klimaanlage, USB, Beifahrerairbag, Armlehne, Freisprecheinrichtung, Anhängerkupplung, ABS, Start/Stop-Automatik;€ 6.690;Fairer Preis;281.211 km;Schaltgetriebe;01/2016;Diesel;55 kW (75 PS);4,6 l/100 km;119 g/km;Autoscout24.de
Audi;Q3;2.0 TDI quattro S-Tronic S-Line Bi-Xenon AHK;Seit 1963 Ihr KFZ-Meisterbetrieb in Mainz Bretzenheim;€ 17.900;Guter Preis;161.000 km;Automatik;02/2016;Diesel;135 kW (184 PS);5,6 l/100 km;146 g/km;Autoscout24.de
Mercedes-Benz;CLS 450;CLS 450 4M COMAND/SHD/Distron/Burmest/Kamera;Soundsystem, Abstandstempomat, teilb. Rücksitzbank, Volldigitales Kombiinstrument, Schiebedach, Ambientebeleuchtung, Totwinkel-Assistent, Beifahrerairbag;€ 37.980;Sehr guter Preis;67.987 km;Automatik;04/2018;Benzin;270 kW (367 PS);8,7 l/100 km;197 g/km;Autoscout24.de
Renault;Koleos;Bose Allrad Panodach AHK RFK  Night&Day 4x4;Ihr Autohaus mit Herz - Familienbetrieb seit 115 Jahren;€ 7.990;Sehr guter Preis;178.588 km;Schaltgetriebe;02/2014;Diesel;127 kW (173 PS);nan;nan;Autoscout24.de
Nissan;X-Trail;1.6 Panorama 360Kamera PDC Navi;Auto kauft man mit Vertrauen u Garantie;€ 14.200;Sehr guter Preis;118.803 km;Automatik;03/2017;Diesel;96 kW (131 PS);nan;nan;Autoscout24.de
Audi;A4;Avant 2.0 TDI S tronic line AHK NAVI XENON 18 GRA;Sportpaket, Fahrerairbag, Sportfahrwerk, Allrad, Sitzheizung, Sportsitze, MP3, Scheinwerferreinigung;€ 16.450;Guter Preis;136.500 km;Automatik;04/2015;Diesel;130 kW (177 PS);nan;nan;Autoscout24.de
Opel;Astra;Edition Start/Stop;Einparkhilfe Kamera, 2-Zonen-Klimaautomatik, Start/Stop-Automatik, DAB-Radio, USB, Tagfahrlicht, Totwinkel-Assistent, Alufelgen;€ 7.950;Fairer Preis;246.500 km;Automatik;04/2021;Diesel;90 kW (122 PS);4,2 l/100 km;112 g/km;Autoscout24.de
BMW;116;Baureihe 1 Lim. 5-trg. 116 i 61 TKM;Sitzheizung, E10-geeignet, Einparkhilfe Sensoren vorne, Tempomat, Alufelgen, Traktionskontrolle, Nebelscheinwerfer, Einparkhilfe Sensoren hinten;€ 12.599;Sehr guter Preis;61.250 km;Schaltgetriebe;09/2017;Benzin;80 kW (109 PS);5,3 l/100 km;123 g/km;Autoscout24.de
BMW;550;d xDrive Individual|Xenon|HUD|Kamera|SHZ;Sportfahrwerk, Head-up display, Abstandstempomat, Totwinkel-Assistent, Einparkhilfe Kamera, Schiebedach, Elektrische Sitze, Sportsitze;€ 21.990;Sehr guter Preis;180.000 km;Automatik;05/2013;Diesel;280 kW (381 PS);nan;nan;Autoscout24.de
Audi;A6;Avant 2.0 TDI S-Tronic Ultra NAV+XEN+PANO+KAM;Einparkhilfe Kamera, Sportfahrwerk, Panoramadach, Sportsitze, CD, Schlüssellose Zentralverriegelung, Alufelgen, Lordosenstütze;€ 19.749;Erhöhter Preis;194.750 km;Automatik;03/2018;Diesel;140 kW (190 PS);4,7 l/100 km;nan;Autoscout24.de
Opel;Corsa;E 1.2 Klima;Elektrische Seitenspiegel, Klimaanlage, Fahrerairbag, Beifahrerairbag, Radio, Seitenairbag, Elektr. Fensterheber, Zentralverriegelung;€ 4.290;Sehr guter Preis;115.200 km;Schaltgetriebe;05/2016;Benzin;51 kW (69 PS);5,4 l/100 km;128 g/km;Autoscout24.de
Peugeot;5008;Allure Business Ambiente 7-Sitze;Alufelgen, 2-Zonen-Klimaautomatik, Totwinkel-Assistent, Touchscreen, Einparkhilfe Sensoren vorne, Freisprecheinrichtung, Einparkhilfe Kamera, Lichtsensor;€ 13.900;Guter Preis;161.644 km;Schaltgetriebe;01/2020;Benzin;96 kW (131 PS);5,3 l/100 km;121 g/km;Autoscout24.de
Ford;B-Max;1.0 EcoBoost Sync Edition WSSHz|NAV|PDCv+h;Wegfahrsperre, Beifahrerairbag, Einparkhilfe Sensoren vorne, CD, Navigationssystem, Alufelgen, Freisprecheinrichtung, Isofix;€ 7.900;Sehr guter Preis;44.396 km;Schaltgetriebe;08/2014;Benzin;92 kW (125 PS);nan;nan;Autoscout24.de
Audi;A5;2.0 TDI clean diesel Aut.*S-LINE*NAVI*XENON*;❗Service Historie und Gebrauchtspureninfos auf Anruf;€ 16.830;Sehr guter Preis;100.670 km;Schaltgetriebe;01/2017;Diesel;110 kW (150 PS);4,5 l/100 km;127 g/km;Autoscout24.de
Opel;Astra;5-Türer, Dynamic;2-Zonen-Klimaautomatik, Sitzheizung, Spurhalteassistent, Einparkhilfe Sensoren vorne, Verkehrszeichenerkennung, Einparkhilfe Kamera, Navigationssystem, Nebelscheinwerfer;€ 10.950;Sehr guter Preis;85.117 km;Schaltgetriebe;10/2017;Benzin;92 kW (125 PS);nan;nan;Autoscout24.de
Dacia;Dokker;Stepway 1.2 TCe 115 ALLWETTER PDC KLIMA RADIO;Herbstangebot!;€ 8.990;Sehr guter Preis;120.190 km;Schaltgetriebe;01/2017;Benzin;85 kW (116 PS);nan;nan;Autoscout24.de
Hyundai;i30;|Klima|Isofix|Servo|2.Hand|USB|AUX;Fahrerairbag, E10-geeignet, Pannenkit, Klimaanlage, Klimaautomatik, Beifahrerairbag, Seitenairbag, Wegfahrsperre;€ 8.790;Guter Preis;122.845 km;Schaltgetriebe;12/2016;Benzin;74 kW (101 PS);5,6 l/100 km;129 g/km;Autoscout24.de
BMW;120;120d xDrive Autom.,Navig,el.GSD,Harman/Kardon;Car Garantie incl.;€ 13.900;Sehr guter Preis;116.000 km;Automatik;07/2016;Diesel;140 kW (190 PS);nan;nan;Autoscout24.de
Skoda;Fabia;1.0 MPI Ambit CLIMATRONIK+SHZ+PDC+TEMP+DAB;Sportsitze, Sitzheizung, Zentralverriegelung, Einparkhilfe Sensoren vorne, Apple CarPlay, Tempomat, Einparkhilfe Sensoren hinten, Isofix;€ 9.950;Sehr guter Preis;46.267 km;Schaltgetriebe;03/2019;Benzin;55 kW (75 PS);4,8 l/100 km;110 g/km;Autoscout24.de
Audi;A4;Lim. design *NAVI*PDC*KAMERA*TEMPOMAT*;Einparkhilfe Kamera, Navigationssystem, Elektrische Heckklappe, Getönte Scheiben, Sitzheizung, Armlehne, Einparkhilfe Sensoren vorne, Bi-Xenon Scheinwerfer;€ 15.499;Fairer Preis;110.969 km;Schaltgetriebe;04/2017;Benzin;110 kW (150 PS);5,5 l/100 km;131 g/km;Autoscout24.de
Mercedes-Benz;Vito;Tourer 116 Extralang *AHK+ Klima* (2319);Standheizung, Reifendruckkontrollsystem, Tempomat, Anhängerkupplung, Seitenairbag, Schiebetür, Elektrische Seitenspiegel, Getönte Scheiben;€ 21.490;Sehr guter Preis;127.050 km;Schaltgetriebe;08/2016;Diesel;120 kW (163 PS);nan;nan;Autoscout24.de
Volkswagen;Golf;VII1.6 TDI Lounge;Alufelgen, Einparkhilfe Sensoren vorne, Beifahrerairbag, Armlehne, Sitzheizung, Multifunktionslenkrad, Bluetooth, Elektrische Seitenspiegel;€ 9.590;Fairer Preis;170.895 km;Schaltgetriebe;02/2016;Diesel;81 kW (110 PS);3,8 l/100 km;99 g/km;Autoscout24.de
Volkswagen;Beetle;TSI Design;Alufelgen, Navigationssystem, Sitzheizung, Elektrische Seitenspiegel, Einparkhilfe Sensoren hinten, 2-Zonen-Klimaautomatik, Getönte Scheiben, Einparkhilfe Sensoren vorne;€ 9.890;Sehr guter Preis;100.350 km;Schaltgetriebe;09/2013;Benzin;77 kW (105 PS);5,6 l/100 km;129 g/km;Autoscout24.de
Skoda;Yeti;Cool Edition Outdoor 4x4*1.Hand*Klima*PDC*;Allrad, Bluetooth, Freisprecheinrichtung, USB, Sitzheizung, Sommerreifen, Fahrerairbag, Scheinwerferreinigung;€ 16.597;Guter Preis;54.450 km;Schaltgetriebe;05/2016;Benzin;110 kW (150 PS);6,3 l/100 km;149 g/km;Autoscout24.de
Mercedes-Benz;Sprinter;II Kasten 211 CDI;Schiebetür rechts, Klimaanlage, Elektrische Seitenspiegel, Allwetterreifen, Freisprecheinrichtung, USB, Einparkhilfe Sensoren vorne, Armlehne;€ 11.990;nan;185.532 km;Automatik;04/2018;Diesel;84 kW (114 PS);8,2 l/100 km;213 g/km;Autoscout24.de
Peugeot;2008;PureTech 110 EAT6 CARPLAY LEDER TEMPOMAT KLIMAAUT;Sportsitze, Ambientebeleuchtung, E10-geeignet, Apple CarPlay, Dachreling, Seitenairbag, Regensensor, Touchscreen;€ 10.990;Sehr guter Preis;76.420 km;Automatik;01/2017;Benzin;81 kW (110 PS);5,6 l/100 km;129 g/km;Autoscout24.de
Ford;C-Max;Titanium AHK KAMERA LED NAVI SHZ TEMPO PDC;- Ihre Zufriedenheit ist unser Antrieb -;€ 10.450;Sehr guter Preis;67.269 km;Schaltgetriebe;07/2017;Benzin;92 kW (125 PS);6,2 l/100 km;146 g/km;Autoscout24.de
Mercedes-Benz;C 220;BlueTec / d Lim. Avantgarde*Exclusive*LED;Tempomat, Einparkhilfe Sensoren vorne, LED-Scheinwerfer, Navigationssystem, Sitzheizung, Elektrische Sitze, Ambientebeleuchtung, Alufelgen;€ 19.998;Guter Preis;75.900 km;Automatik;06/2015;Diesel;125 kW (170 PS);4,0 l/100 km;109 g/km;Autoscout24.de
Volvo;V70;Kombi Linje Classic;Elektrische Heckklappe, Alufelgen, Sportfahrwerk, Schiebedach, LED-Tagfahrlicht, Volldigitales Kombiinstrument, Elektrische Sitze, Abstandswarner;€ 8.900;Sehr guter Preis;195.697 km;Schaltgetriebe;05/2016;Diesel;110 kW (150 PS);4,1 l/100 km;113 g/km;Autoscout24.de
Volkswagen;Passat;Passat 1.4 TSI BMT Comfortline NAVI+PDC+SHZ+ Navi;3-Zonen-Klimaautomatik, Navigationssystem, Sitzheizung, CD, Lordosenstütze, Einparkhilfe Sensoren vorne, Abstandswarner, Elektrische Sitze;€ 15.760;Guter Preis;26.890 km;Schaltgetriebe;07/2015;Benzin;92 kW (125 PS);5,3 l/100 km;123 g/km;Autoscout24.de
Porsche;Macan;Turbo VOLL+PANO+STANDH+ACC+LED;Panoramadach, Sitzheizung, Sitzbelüftung, LED-Scheinwerfer, Beheizbares Lenkrad, Luftfederung, Sportsitze, Soundsystem;€ 29.950;Sehr guter Preis;174.000 km;Automatik;06/2016;Benzin;294 kW (400 PS);9,2 l/100 km;218 g/km;Autoscout24.de
BMW;i8;"Coupe Pure Impulse | Harman Kardon HUD 20""";Head-up display, Fahrerairbag, Einparkhilfe Sensoren hinten, Sportsitze, Schaltwippen, Navigationssystem, Sportpaket, Verkehrszeichenerkennung; ;nan;nan;nan;nan;nan;nan;nan;nan;Autoscout24.de
Volkswagen;Golf;BMT DSG Comfortline*Leder*Panor.*Navi*Garantie;Sitzheizung, Elektronische Parkbremse, Multifunktionslenkrad, Start/Stop-Automatik, Navigationssystem, Xenonscheinwerfer, Alufelgen, Panoramadach;€ 11.999;Guter Preis;113.000 km;Automatik;01/2013;Benzin;77 kW (105 PS);4,8 l/100 km;112 g/km;Autoscout24.de
Citroen;C3;Shine PDC+Navi+PANORAMA+Klimaauto+LED+Sitzhzg;Einparkhilfe Kamera, Apple CarPlay, Panoramadach, Fahrerairbag, E10-geeignet, Regensensor, Navigationssystem, Einparkhilfe Sensoren hinten;€ 9.990;Sehr guter Preis;59.997 km;Schaltgetriebe;08/2020;Benzin;60 kW (82 PS);4,2 l/100 km;96 g/km;Autoscout24.de
Mercedes-Benz;B 180;Klasse/SHZ/AHK/Camara;Einparkhilfe Kamera, Beifahrerairbag, Klimaanlage, Sitzheizung, Multifunktionslenkrad, Anhängerkupplung, Getönte Scheiben, Touchscreen;€ 11.900;Guter Preis;109.000 km;Schaltgetriebe;10/2015;Benzin;90 kW (122 PS);5,6 l/100 km;129 g/km;Autoscout24.de
SEAT;Altea;XL 2.0 TDI Stylance*Navi*Bi-Xenon*Tempomat;Finanzierung o. Anzahlung / Garantie 12 Monate;€ 7.980;Sehr guter Preis;123.000 km;Schaltgetriebe;03/2013;Diesel;103 kW (140 PS);nan;0 g/km;Autoscout24.de
Ford;Tourneo Courier;Titanium;Über 1000 Fahrzeuge auf Lager und sofort verfügbar !!!;€ 9.990;Sehr guter Preis;86.500 km;Schaltgetriebe;05/2015;Benzin;74 kW (101 PS);5,4 l/100 km;128 g/km;Autoscout24.de
Audi;Q3;2.0 TDI quattro S-Line Navi Panorama PDC;Über 400 Dacia Neuwagen im Bestand/3 Jahre Garantie;€ 16.490;Erhöhter Preis;169.400 km;Automatik;06/2014;Diesel;130 kW (177 PS);5,9 l/100 km;156 g/km;Autoscout24.de
Opel;Vivaro;8043;Behindertengerecht, Schiebetür rechts, Armlehne, Stahlfelgen, Lederlenkrad, Radio;€ 9.988;Guter Preis;119.000 km;Schaltgetriebe;12/2014;Diesel;66 kW (90 PS);nan;nan;Autoscout24.de
Dacia;Sandero;II Stepway Prestige|LED TFL|Navi|PDC|E6!;Start/Stop-Automatik, Klimaanlage, Dachreling, Isofix, Navigationssystem, Tempomat, Nebelscheinwerfer, Servolenkung;€ 8.399;Sehr guter Preis;98.105 km;Schaltgetriebe;04/2017;Diesel;66 kW (90 PS);3,5 l/100 km;98 g/km;Autoscout24.de
BMW;225;xe iPerformance Active Tourer Luxury Line;BMW Vertragshändler - MINI Servicepartner;€ 17.930;Sehr guter Preis;38.000 km;Automatik;02/2018;Benzin;100 kW (136 PS);nan;nan;Autoscout24.de
Kia;Carens;Dream Team/Mfl/Navi/Shz/Navi/7-Sitzer/;Navigationssystem, Beifahrerairbag, Sitzheizung, Tempomat, Elektr. Fensterheber, Alufelgen, Einparkhilfe Kamera, Dachreling;€ 11.990;Sehr guter Preis;77.383 km;Schaltgetriebe;04/2018;Benzin;99 kW (135 PS);6,5 l/100 km;150 g/km;Autoscout24.de
Ford;Transit Connect;Transit Conn 1.5d Trend 3SIT+KLIMA+PDC+AHK+8FACH;Klimaanlage, Schiebetür rechts, Beheizbare Frontscheibe, Start/Stop-Automatik, Alufelgen, Elektr. Fensterheber, Lordosenstütze, Anhängerkupplung;€ 8.850;nan;124.993 km;Schaltgetriebe;07/2017;Diesel;74 kW (101 PS);4,8 l/100 km;124 g/km;Autoscout24.de
Toyota;Corolla;Touring Sports Hybrid Team D -TAXI-;Sommerreifen, LED-Scheinwerfer, Alufelgen, Dachreling, Sitzheizung, Alarmanlage, Freisprecheinrichtung, USB; ;nan;nan;nan;nan;nan;nan;nan;nan;Autoscout24.de
MINI;Cooper;, 1. Hand, Navi, Panorama-Schiebedach! Klima;Schiebedach, Navigationssystem, Ambientebeleuchtung, 2-Zonen-Klimaautomatik, Panoramadach, Sitzheizung, USB, Einparkhilfe Sensoren hinten;€ 13.990;Sehr guter Preis;97.448 km;Automatik;02/2017;Benzin;100 kW (136 PS);nan;nan;Autoscout24.de
Citroen;Berlingo;BlueHDi 100 S&S  Multispace Shine;Klimaanlage, Isofix, Beifahrerairbag, Schiebetür links, Alufelgen, 2-Zonen-Klimaautomatik, Sitzheizung, Apple CarPlay;€ 8.950;Guter Preis;145.000 km;Schaltgetriebe;11/2017;Diesel;73 kW (99 PS);4,2 l/100 km;nan;Autoscout24.de
Ford;EcoSport;Titanium KLIMA*PDC*BT*sauberes Fahrzeug;Fahrerairbag, Traktionskontrolle, Getönte Scheiben, Berganfahrassistent, Zentralverriegelung, Bluetooth, Tempomat, Lordosenstütze;€ 7.990;Sehr guter Preis;101.295 km;Schaltgetriebe;10/2014;Diesel;66 kW (90 PS);4,6 l/100 km;120 g/km;Autoscout24.de
Citroen;Berlingo;BlueHDi 100 S&S  Multispace Shine;Klimaanlage, Isofix, Beifahrerairbag, Schiebetür links, Alufelgen, 2-Zonen-Klimaautomatik, Sitzheizung, Apple CarPlay;€ 8.950;Guter Preis;145.000 km;Schaltgetriebe;11/2017;Diesel;73 kW (99 PS);4,2 l/100 km;nan;Autoscout24.de
Volkswagen;Sharan;2.0D COMFORTL. 7-SITZER NAVI/SHZ/PDC/AHK;Alufelgen, Schiebetür rechts, Beifahrerairbag, Isofix, Navigationssystem, Anhängerkupplung, 3-Zonen-Klimaautomatik, Wegfahrsperre;€ 16.850;Guter Preis;119.500 km;Schaltgetriebe;06/2014;Diesel;103 kW (140 PS);5,5 l/100 km;143 g/km;Autoscout24.de
Audi;A6;40TDI LIMOUSINE SPORT PDC AHK ACC SPORTSITZE;Sportpaket, Apple CarPlay, LED-Scheinwerfer, Sportsitze, Anhängerkupplung, Schaltwippen, Sprachsteuerung, Sitzheizung;€ 26.990;Sehr guter Preis;120.000 km;Automatik;09/2019;Diesel;150 kW (204 PS);4,7 l/100 km;124 g/km;Autoscout24.de
BMW;318;d Sport Line Exclusive PANO+KAM+MEMO+AHK+LED+;Sportfahrwerk, Sportsitze, LED-Scheinwerfer, Volldigitales Kombiinstrument, Getönte Scheiben, Elektrische Sitze, Panoramadach, 3-Zonen-Klimaautomatik;€ 18.350;Sehr guter Preis;139.982 km;Schaltgetriebe;06/2019;Diesel;110 kW (150 PS);4,3 l/100 km;113 g/km;Autoscout24.de
Land Rover;Discovery Sport;HSE*Navi*AHK*360°Kamera*Stdhzg*;Finanzierung o. Anzahlung / Garantie 12 Monate;€ 15.980;Sehr guter Preis;124.900 km;Automatik;05/2016;Diesel;110 kW (150 PS);nan;0 g/km;Autoscout24.de
Mercedes-Benz;C 200;Coupé Edition 1 Aut. NAV+LED+SHZ+AHK+PANO+EU6;Schiebedach, Einparkhilfe selbstlenkendes System, Sommerreifen, Radio, Ambientebeleuchtung, LED-Scheinwerfer, Lichtsensor, 2-Zonen-Klimaautomatik;€ 25.749;Sehr guter Preis;28.450 km;Automatik;10/2016;Benzin;135 kW (184 PS);5,3 l/100 km;nan;Autoscout24.de
Opel;Insignia;OPC 4x4 2.8 V6;E10-geeignet, Klimaanlage, Tempomat, Schiebedach, Sportsitze, Panoramadach, Pannenkit, Fernlichtassistent;€ 17.999;Fairer Preis;92.950 km;Automatik;03/2014;Benzin;239 kW (325 PS);nan;nan;Autoscout24.de
Chrysler;Pacifica;Plug In Hybrid V6 3.6 Monitore Kopfst. Navi Leder;Pannenkit, 360° Kamera, Spurhalteassistent, W-Lan / Wifi Hotspot, Einparkhilfe selbstlenkendes System, Schiebetür rechts, Bluetooth, Elektrische Sitze; ;nan;nan;nan;nan;nan;nan;nan;nan;Autoscout24.de
Ford;S-Max;S-MAX Titanium Design/Business-Paket 7-Sitze;Bluetooth, Einparkhilfe Sensoren vorne, Elektrische Sitze, Apple CarPlay, Beheizbares Lenkrad, Beifahrerairbag, Abstandstempomat, Navigationssystem;€ 16.900;Sehr guter Preis;130.000 km;Automatik;08/2016;Diesel;132 kW (179 PS);5,2 l/100 km;134 g/km;Autoscout24.de
Skoda;Octavia;Combi Sport Edition/Xenon/SH/Navi;Alufelgen, Sportfahrwerk, Navigationssystem, Sommerreifen, Xenonscheinwerfer, Sitzheizung, Klimaanlage, Multifunktionslenkrad;€ 11.250;Sehr guter Preis;100.863 km;Automatik;06/2013;Benzin;118 kW (160 PS);6,6 l/100 km;155 g/km;Autoscout24.de
Volkswagen;Golf Sportsvan;Lounge BMT/ Anhängerkupl;Isofix, Alufelgen, Multifunktionslenkrad, Berganfahrassistent, Navigationssystem, 2-Zonen-Klimaautomatik, Sportsitze, Sitzheizung;€ 8.400;Sehr guter Preis;158.617 km;Schaltgetriebe;04/2015;Benzin;81 kW (110 PS);3,9 l/100 km;101 g/km;Autoscout24.de
Ford;F 150;XLT Sport DoKA Nur an Gewerbe+Pano+Standhz;Elektrische Sitze, Traktionskontrolle, Beifahrerairbag, Sitzheizung, Sportpaket, Navigationssystem, Apple CarPlay, Schiebedach;€ 31.490;Sehr guter Preis;108.000 km;Automatik;03/2016;Benzin;272 kW (370 PS);nan;nan;Autoscout24.de
Mercedes-Benz;Sprinter;213 CDI Behindertengerecht Selbstfahrer;Behindertengerecht, Schiebetür rechts, Isofix, Standheizung, Getönte Scheiben, Klimaanlage, 2-Zonen-Klimaautomatik, Reserverad;€ 23.950;nan;168.000 km;Automatik;09/2015;Diesel;95 kW (129 PS);7,1 l/100 km;187 g/km;Autoscout24.de
Audi;Q5;2.0d Quatt Design MATRIX+VIRTU+NAV+KAM+ACC+SH;Volldigitales Kombiinstrument, 3-Zonen-Klimaautomatik, Elektrische Heckklappe, Sportpaket, Apple CarPlay, Navigationssystem, LED-Scheinwerfer, Allrad;€ 20.450;nan;161.231 km;Automatik;09/2017;Diesel;120 kW (163 PS);5,0 l/100 km;129 g/km;Autoscout24.de
BMW;420;d XDrive Sportline Leder Automatik BiXenon;Sportfahrwerk, Sportpaket, Sportsitze, Schiebedach, Einparkhilfe Kamera, Navigationssystem, teilb. Rücksitzbank, Allrad;€ 19.499;Sehr guter Preis;122.000 km;Automatik;12/2015;Diesel;140 kW (190 PS);nan;nan;Autoscout24.de
Toyota;Yaris;1.5 Hybrid Club Automatik | Panorama | CAM;Panoramadach, Freisprecheinrichtung, Klimaanlage, Radio, Bluetooth, Touchscreen, Wegfahrsperre, Multifunktionslenkrad; ;nan;nan;Automatik;nan;nan;nan;nan;nan;Autoscout24.de
Jeep;Wrangler;"Unlimited Sahara ""1. Hand + UConnect""";Tempomat, Beifahrerairbag, Freisprecheinrichtung, Allrad, Alufelgen, Touchscreen, Soundsystem, Notbremsassistent;€ 27.500;Fairer Preis;131.200 km;Automatik;07/2014;Diesel;147 kW (200 PS);8,3 l/100 km;230 g/km;Autoscout24.de
Mercedes-Benz;E 350;E 350 e Plug in Hybrid, Luft, LED, DAB, Navi;Elektrische Sitze, Alarmanlage, Ambientebeleuchtung, teilb. Rücksitzbank, Einparkhilfe Kamera, Fahrerairbag, 2-Zonen-Klimaautomatik, Sitzheizung; ;nan;nan;nan;nan;nan;nan;nan;nan;Autoscout24.de
Mercedes-Benz;E 350;E 350 e Plug in Hybrid, Luft, LED, DAB, Navi;Elektrische Sitze, Alarmanlage, Ambientebeleuchtung, teilb. Rücksitzbank, Einparkhilfe Kamera, Fahrerairbag, 2-Zonen-Klimaautomatik, Sitzheizung; ;nan;nan;nan;nan;nan;nan;nan;nan;Autoscout24.de
Volvo;XC90;Diesel D5 AWD Geartronic Inscription;W-Lan / Wifi Hotspot, Elektrische Sitze, Ambientebeleuchtung, Voll-LED Scheinwerfer, Sitzheizung, Dachreling, Isofix, Regensensor;€ 28.990;Sehr guter Preis;158.800 km;Automatik;07/2018;Diesel;173 kW (235 PS);nan;nan;Autoscout24.de
Opel;Grandland X;Edition Klima*EU6*Temp*Szhz*TÜV NEU*;Elektr. Fensterheber, Sitzheizung, Apple CarPlay, Armlehne, 2-Zonen-Klimaautomatik, Spurhalteassistent, Alufelgen, Getönte Scheiben;€ 11.790;Guter Preis;169.997 km;Schaltgetriebe;01/2018;Diesel;88 kW (120 PS);4,3 l/100 km;111 g/km;Autoscout24.de
Volkswagen;T-Roc;Style*LED*NAVI*DSG*ACC*SITZHZG*110KW*;Sportfahrwerk, Einparkhilfe Kamera, Navigationssystem, Sitzheizung, Einparkhilfe Sensoren vorne, LED-Scheinwerfer, Abstandstempomat, Volldigitales Kombiinstrument;€ 19.750;Sehr guter Preis;54.871 km;Automatik;05/2018;Benzin;110 kW (150 PS);5,4 l/100 km;123 g/km;Autoscout24.de
Opel;Astra;K Lim. 1.6D EDITION NAVI/LED/TEMP./SPORT;Apple CarPlay, Seitenairbag, Armlehne, Android Auto, Regensensor, Einparkhilfe Sensoren hinten, Zentralverriegelung, LED-Tagfahrlicht;€ 8.450;Sehr guter Preis;117.950 km;Schaltgetriebe;05/2019;Diesel;81 kW (110 PS);3,6 l/100 km;95 g/km;Autoscout24.de
Skoda;Yeti;Elegance Outdoor 1.4TSI 90kW KLIMA SHZ;Seitenairbag, Sitzheizung, Tempomat, 2-Zonen-Klimaautomatik, Einparkhilfe Sensoren hinten, Alufelgen, Pannenkit, Dachreling;€ 12.890;Guter Preis;64.030 km;Schaltgetriebe;09/2014;Benzin;90 kW (122 PS);6,4 l/100 km;148 g/km;Autoscout24.de
Mercedes-Benz;S 350;Lang Memory+Pano+ACC+Navi;Sitzheizung, Totwinkel-Assistent, LED-Tagfahrlicht, Navigationssystem, Fernlichtassistent, Abstandstempomat, Einparkhilfe Kamera, Soundsystem;€ 27.950;Sehr guter Preis;92.000 km;Automatik;02/2013;Diesel;190 kW (258 PS);nan;nan;Autoscout24.de
Ford;Focus;ST 2.3 EcoBoost *RECARO*PANO* ACC*LED*KAMERA*SHZ;Sportfahrwerk, Lichtsensor, Lederlenkrad, Abstandstempomat, Seitenairbag, Schiebedach, W-Lan / Wifi Hotspot, Soundsystem;€ 17.990;Sehr guter Preis;160.804 km;Automatik;06/2020;Benzin;206 kW (280 PS);nan;nan;Autoscout24.de
BMW;116;ADVANTAGE KLIMA+NAV+ALLWETTER+EINPARKHILF+TÜ;TempomatLederlenkradSitzheizungRegWartung;€ 11.970;Fairer Preis;105.900 km;Schaltgetriebe;10/2016;Benzin;80 kW (109 PS);5,4 l/100 km;127 g/km;Autoscout24.de
Ford;Fiesta;Titanium-1HAND-EUR6-5Tür-ALU-SH-LED-MFL;Sitzheizung, Notrad, Klimaautomatik, Alufelgen, Sommerreifen, Navigationssystem, Nebelscheinwerfer, E10-geeignet;€ 8.800;Guter Preis;94.562 km;Schaltgetriebe;01/2017;Benzin;74 kW (101 PS);4,3 l/100 km;99 g/km;Autoscout24.de
Citroen;Spacetourer;Spacetourer Feel XL;Schiebetür links, Einparkhilfe Kamera, 360° Kamera, Beifahrerairbag, Radio, Head-up display, Navigationssystem, Kurvenlicht;€ 22.500;nan;136.000 km;Automatik;11/2018;Diesel;130 kW (177 PS);6,2 l/100 km;163 g/km;Autoscout24.de
Audi;A1;design 1.4 TFSI *XEN*NAV*8-fach*;Sitzheizung, Fahrerairbag, Sportsitze, Scheinwerferreinigung, Navigationssystem, Freisprecheinrichtung, Schlüssellose Zentralverriegelung, Seitenairbag;€ 12.390;Guter Preis;132.200 km;Schaltgetriebe;09/2017;Benzin;92 kW (125 PS);nan;nan;Autoscout24.de
BMW;420;"420i Gran Coupé Aut. Sport Line NAV+KAM+LED+M18""";Sportfahrwerk, Tempomat, Einparkhilfe Kamera, Sportsitze, Ambientebeleuchtung, Sitzheizung, LED-Scheinwerfer, Navigationssystem;€ 18.550;nan;133.108 km;Automatik;07/2019;Benzin;135 kW (184 PS);5,9 l/100 km;138 g/km;Autoscout24.de
Hyundai;iX35;Comfort 2WD AHK*SHZ*PDC*Klima;Sitzheizung, Anhängerkupplung, Beifahrerairbag, Multifunktionslenkrad, 2-Zonen-Klimaautomatik, Klimaanlage, Getönte Scheiben, Bordcomputer;€ 9.460;Guter Preis;124.700 km;Schaltgetriebe;12/2013;Benzin;100 kW (136 PS);5,8 l/100 km;154 g/km;Autoscout24.de
Mercedes-Benz;A 180;"LIMO AMG Line WIDESC+LEDER+NAV+AHK+DAB+18""";Sportsitze, Sportfahrwerk, Volldigitales Kombiinstrument, Ambientebeleuchtung, Sportpaket, Getönte Scheiben, Sitzheizung, Notrufsystem;€ 17.550;Sehr guter Preis;149.443 km;Schaltgetriebe;02/2021;Benzin;100 kW (136 PS);5,2 l/100 km;120 g/km;Autoscout24.de
Opel;Insignia;A ST 2.0D INNOV. NAVI/LED/KAMERA/SHZ;Einparkhilfe Kamera, Getönte Scheiben, Android Auto, Sprachsteuerung, Einparkhilfe Sensoren vorne, Multifunktionslenkrad, Sommerreifen, Sitzheizung;€ 6.700;nan;140.990 km;Automatik;05/2016;Diesel;125 kW (170 PS);5,5 l/100 km;145 g/km;Autoscout24.de
Fiat;Fullback;2.4 Double Cab 4x4 LX Plus *Navi AHK*;Elektrische Sitze, Alufelgen, Freisprecheinrichtung, Allrad, Beifahrerairbag, Elektr. Fensterheber, MP3, Musikstreaming integriert;€ 11.990;Sehr guter Preis;252.454 km;Automatik;08/2019;Diesel;133 kW (181 PS);nan;nan;Autoscout24.de
Hyundai;KONA;Kona Trend 2WD*NAVI*SPUR*KAMERA*;Alufelgen, Einparkhilfe Kamera, Freisprecheinrichtung, Elektr. Fensterheber, Sitzheizung, Spurhalteassistent, Lichtsensor, Navigationssystem;€ 10.900;Sehr guter Preis;136.000 km;Schaltgetriebe;08/2019;Benzin;88 kW (120 PS);5,7 l/100 km;129 g/km;Autoscout24.de
Audi;A4;Avant 35TDI S-tronic LED~Pano~Navi3D~AHK~PDC;LED-Scheinwerfer, Armlehne, Alufelgen, Elektrische Heckklappe, Start/Stop-Automatik, Sitzheizung, Schiebedach, Bordcomputer;€ 16.850;Guter Preis;176.414 km;Automatik;12/2019;Diesel;120 kW (163 PS);4,1 l/100 km;108 g/km;Autoscout24.de
Opel;Cascada;1,4 Turbo Innovation ecoFlex Sitz/Lenkr.;Bi-Xenon Scheinwerfer, ESP, LED-Tagfahrlicht, Alufelgen, Sitzheizung, Tempomat, Traktionskontrolle, Einparkhilfe Sensoren vorne;€ 13.490;Fairer Preis;63.000 km;Schaltgetriebe;12/2014;Benzin;103 kW (140 PS);6,3 l/100 km;148 g/km;Autoscout24.de
BMW;330;Touring 330i Sport Line 185 kW (252 PS), Autom....;Start/Stop-Automatik, Lederlenkrad, Alufelgen, Sportsitze, Freisprecheinrichtung, Ambientebeleuchtung, Panoramadach, Sportpaket;€ 12.585;Guter Preis;344.300 km;Automatik;03/2018;Benzin;185 kW (252 PS);nan;nan;Autoscout24.de
Opel;Meriva;B 1.4 Turbo STYLE Klima Sitzheizung PDC;Über 400 Dacia Neuwagen im Bestand/3 Jahre Garantie;€ 5.490;Guter Preis;148.000 km;Schaltgetriebe;09/2014;Benzin;88 kW (120 PS);5,9 l/100 km;nan;Autoscout24.de
Renault;Kadjar;Life TCE 130 *Klima*PDC*Garantie*wenig Kilometer;2-Zonen-Klimaautomatik, Regensensor, Soundsystem, Pannenkit, Reifendruckkontrollsystem, Beifahrerairbag, Wegfahrsperre, Klimaanlage;€ 11.800;Sehr guter Preis;67.550 km;Schaltgetriebe;03/2016;Benzin;96 kW (131 PS);5,9 l/100 km;126 g/km;Autoscout24.de
Peugeot;208;Active*Sitzheizung*Lichtsensor*Klima*;Sitzheizung, Einparkhilfe Sensoren hinten, E10-geeignet, Lederlenkrad, Touchscreen, Zentralverriegelung, Pannenkit, Elektr. Fensterheber;€ 9.765;Sehr guter Preis;39.232 km;Schaltgetriebe;01/2019;Benzin;60 kW (82 PS);5,8 l/100 km;130 g/km;Autoscout24.de
Volkswagen;Tiguan;Comfortline BMT/Start-Stopp;Anhängerkupplung, Einparkhilfe Sensoren vorne, Sitzheizung, Wegfahrsperre, Kurvenlicht, Dachreling, Multifunktionslenkrad, Spurhalteassistent;€ 18.443;Guter Preis;89.553 km;Schaltgetriebe;03/2017;Diesel;110 kW (150 PS);4,8 l/100 km;125 g/km;Autoscout24.de
Ford;Fiesta;1.0 EcoBoost SHZ Klima Radio Freisprech;USB, Getönte Scheiben, Sitzheizung, Bluetooth, Alufelgen, Multifunktionslenkrad, Elektr. Fensterheber, Nebelscheinwerfer;€ 4.995;Fairer Preis;151.000 km;Schaltgetriebe;12/2013;Benzin;74 kW (101 PS);nan;nan;Autoscout24.de
Opel;Zafira;C Tourer *2.HAND-KLIMA-TEMPOMAT*;Beifahrerairbag, Alufelgen, Apple CarPlay, Armlehne, Tempomat, Android Auto, Klimaanlage, Navigationssystem;€ 7.490;Guter Preis;149.827 km;Schaltgetriebe;10/2015;Diesel;88 kW (120 PS);4,5 l/100 km;119 g/km;Autoscout24.de
Tesla;Model S;"70 Facelift*21 ""*Distronic*Pano*";LED-Scheinwerfer, Panoramadach, Einparkhilfe Sensoren vorne, Spurhalteassistent, Sitzheizung, Lichtsensor, Abstandstempomat, Bluetooth; ;nan;nan;nan;nan;nan;nan;nan;nan;Autoscout24.de
Kia;Picanto;Edition 7 1.0 Tel.-Vorb. Klima BT Tel DAB;Elektrische Seitenspiegel, Klimaanlage, Pannenkit, Zentralverriegelung, Elektr. Fensterheber, Multifunktionslenkrad, Beifahrerairbag, Traktionskontrolle;€ 8.950;Guter Preis;70.000 km;Schaltgetriebe;09/2021;Benzin;49 kW (67 PS);nan;121 g/km;Autoscout24.de
Tesla;Model Y;Long Range AWD *20-Zoll*AHK*Matrix-LED*;Europe biggest used Tesla dealer; ;nan;nan;nan;nan;nan;nan;nan;nan;Autoscout24.de
Opel;Astra;K Sports Tourer Elegance LED-Sitz&Lenkradh;Dachreling, Touchscreen, Spurhalteassistent, Sommerreifen, Pannenkit, LED-Scheinwerfer, Apple CarPlay, Nebelscheinwerfer;€ 9.990;Sehr guter Preis;124.976 km;Schaltgetriebe;02/2020;Benzin;96 kW (131 PS);4,5 l/100 km;102 g/km;Autoscout24.de
Renault;Clio;IV 1.2 16V 75 Limited;Isofix, Alufelgen, LED-Scheinwerfer, Geschwindigkeits-begrenzungsanlage, Navigationssystem, Touchscreen, MP3, Einparkhilfe Sensoren hinten;€ 8.930;Fairer Preis;64.786 km;Schaltgetriebe;05/2017;Benzin;54 kW (73 PS);nan;nan;Autoscout24.de
Peugeot;2008;Active Pack1.2T NAVI/LED/PDC/TEMPOMAT/ALU;Navigationssystem, LED-Scheinwerfer, Klimaautomatik, Alufelgen, Fernlichtassistent, Regensensor, Spurhalteassistent, Beifahrerairbag;€ 15.390;Sehr guter Preis;22.990 km;Schaltgetriebe;11/2020;Benzin;96 kW (131 PS);4,5 l/100 km;103 g/km;Autoscout24.de
Volkswagen;Touran;Cross 1.6TDI*Aut.*BiXenon*Temp*Pdc*Ahk*;Tagfahrlicht, Radio, Standheizung, Bi-Xenon Scheinwerfer, Einparkhilfe Kamera, Alufelgen, Touchscreen, LED-Tagfahrlicht;€ 8.490;Sehr guter Preis;199.989 km;Automatik;11/2013;Diesel;77 kW (105 PS);5,4 l/100 km;143 g/km;Autoscout24.de
Peugeot;2008;Active Pack1.2T NAVI/LED/PDC/TEMPOMAT/ALU;Navigationssystem, LED-Scheinwerfer, Klimaautomatik, Alufelgen, Fernlichtassistent, Regensensor, Spurhalteassistent, Beifahrerairbag;€ 15.390;Sehr guter Preis;22.990 km;Schaltgetriebe;11/2020;Benzin;96 kW (131 PS);4,5 l/100 km;103 g/km;Autoscout24.de
Opel;Zafira;C Active 7Sitze Navi AHK PDC Sitz+LR hzg;Isofix, Navigationssystem, Anhängerkupplung, Alufelgen, Sitzheizung, Einparkhilfe Sensoren vorne, Beifahrerairbag, 2-Zonen-Klimaautomatik;€ 12.490;Sehr guter Preis;95.000 km;Schaltgetriebe;05/2017;Benzin;103 kW (140 PS);6,4 l/100 km;148 g/km;Autoscout24.de
Fiat;500;Lounge 1.2 8V Insp. Neu;Alufelgen, Einparkhilfe Sensoren hinten, Touchscreen, Nebelscheinwerfer, Klimaanlage, Seitenairbag, Panoramadach, Navigationssystem;€ 7.895;Guter Preis;95.094 km;Schaltgetriebe;05/2016;Benzin;51 kW (69 PS);nan;nan;Autoscout24.de
Opel;Movano;B Kombi L2H2 2.3CDTI*9-Sitz*Klima*Tem*Eu6;Isofix, Schiebetür rechts, Bluetooth, Freisprecheinrichtung, Klimaanlage, Start/Stop-Automatik, Sitzheizung, Radio;€ 8.990;Guter Preis;328.910 km;Schaltgetriebe;12/2015;Diesel;107 kW (145 PS);0,0 l/100 km;0 g/km;Autoscout24.de
Ford;Focus;Turnier Business Klima+PDC+Navi+Allwetter;Klimaanlage, Touchscreen, Beheizbare Frontscheibe, Pannenkit, Wegfahrsperre, USB, E10-geeignet, Bluetooth;€ 8.880;Fairer Preis;89.786 km;Schaltgetriebe;02/2014;Benzin;92 kW (125 PS);5,1 l/100 km;121 g/km;Autoscout24.de
Volvo;V90;"T5 Inscription Leder Navi LED Kamera AHK 19""";Sportfahrwerk, Regensensor, Sitzheizung, Sportsitze, Bordcomputer, Einparkhilfe Kamera, Berganfahrassistent, Elektrische Heckklappe;€ 20.740;Sehr guter Preis;155.000 km;Automatik;08/2019;Benzin;184 kW (250 PS);6,8 l/100 km;157 g/km;Autoscout24.de
Volkswagen;Sharan;Highline BMT DSG 7-Sitzer Pano AHK Navi;Auto kauft man mit Vertrauen u Garantie;€ 22.440;Fairer Preis;149.941 km;Automatik;07/2017;Diesel;135 kW (184 PS);nan;nan;Autoscout24.de
Kia;Ceed SW / cee'd SW;cee´d Sportswagon 1.6 Platinum Edition AHK, Panor,;Unser Angebot der Woche;€ 9.900;Guter Preis;104.000 km;Schaltgetriebe;11/2014;Benzin;99 kW (135 PS);nan;nan;Autoscout24.de
Opel;Astra;Sports Tourer 1.4 Turbo Dynamic*IntelliLux;Finanzierung o. Anzahlung / Garantie 12 Monate;€ 9.980;nan;99.986 km;Schaltgetriebe;06/2017;Benzin;110 kW (150 PS);nan;0 g/km;Autoscout24.de
Audi;A4;Avant 2.0 TDI S line *PANO*AHK*NAVI;Sportsitze, Panoramadach, Sportfahrwerk, Standheizung, Lordosenstütze, Navigationssystem, Multifunktionslenkrad, Sitzheizung;€ 14.500;Fairer Preis;182.000 km;Schaltgetriebe;07/2015;Diesel;140 kW (190 PS);4,7 l/100 km;125 g/km;Autoscout24.de
Skoda;Octavia;Combi 2.0 TSI RS Navi Xenon Leder LM19´;Sportsitze, Sportfahrwerk, E10-geeignet, Multifunktionslenkrad, Navigationssystem, Scheinwerferreinigung, Sitzheizung, Klimaanlage;€ 18.900;Fairer Preis;87.155 km;Schaltgetriebe;09/2016;Benzin;162 kW (220 PS);nan;nan;Autoscout24.de
BMW;M3;Lim. Competition, LED, H&K, Kein USA Import;Sportfahrwerk, Sportsitze, Head-up display, Sportpaket, Schaltwippen, Spoiler, LED-Scheinwerfer, W-Lan / Wifi Hotspot;€ 48.890;Fairer Preis;141.000 km;Automatik;03/2017;Benzin;331 kW (450 PS);8,3 l/100 km;194 g/km;Autoscout24.de
Nissan;Qashqai;1.2 DIG-T N-Connecta 4x2 Klima Navi;Dachreling, 2-Zonen-Klimaautomatik, Einparkhilfe Sensoren vorne, Panoramadach, Sitzheizung, E10-geeignet, Spurhalteassistent, Alufelgen;€ 13.190;Sehr guter Preis;72.449 km;Schaltgetriebe;11/2017;Benzin;85 kW (116 PS);nan;nan;Autoscout24.de
Ford;Tourneo Custom;300 L2 Tourneo Trend 2.2 TDCi KAT;Beifahrerairbag, teilb. Rücksitzbank, Kurvenlicht, Getönte Scheiben, Alufelgen, Tempomat, Fahrerairbag, Tagfahrlicht;€ 13.999;Erhöhter Preis;209.500 km;Schaltgetriebe;06/2014;Diesel;92 kW (125 PS);nan;nan;Autoscout24.de
Ford;Transit;Kasten 310 L2H2 Trend Mixto 6 SItzer;Beifahrerairbag, Start/Stop-Automatik, Einparkhilfe Sensoren vorne, Tempomat, Traktionskontrolle, Schiebetür rechts, Klimaanlage, Radio;€ 15.990;Sehr guter Preis;147.000 km;Schaltgetriebe;02/2017;Diesel;96 kW (131 PS);nan;nan;Autoscout24.de
Honda;Civic;1.8 i-VTEC Elegance;Standheizung, Einparkhilfe Kamera, Regensensor, 2-Zonen-Klimaautomatik, Tempomat, Lederlenkrad, Armlehne, Sommerreifen;€ 12.490;Fairer Preis;90.700 km;Schaltgetriebe;08/2015;Benzin;104 kW (141 PS);6,1 l/100 km;nan;Autoscout24.de
Mercedes-Benz;Sprinter;316 CDI Maxi Hoch+Lang*Garantie*Euro6;12-64 Monate Garantie / Tüv & Inspektion= NEU !;€ 16.990;nan;189.000 km;Schaltgetriebe;11/2016;Diesel;120 kW (163 PS);7,9 l/100 km;209 g/km;Autoscout24.de
Ford;Fiesta;Sport;Isofix, Sportfahrwerk, Freisprecheinrichtung, Beheizbare Frontscheibe, Getönte Scheiben, Fahrerairbag, Sitzheizung, Sportpaket;€ 5.999;Sehr guter Preis;142.500 km;Schaltgetriebe;03/2016;Benzin;92 kW (125 PS);4,3 l/100 km;99 g/km;Autoscout24.de
BMW;X5;sDrive 25d 360° PANO|NAVI|INDIVIDUAL|4-ZONEN;Seit 1963 Ihr KFZ-Meisterbetrieb in Mainz Bretzenheim;€ 27.990;Sehr guter Preis;124.000 km;Automatik;06/2017;Diesel;170 kW (231 PS);5,3 l/100 km;140 g/km;Autoscout24.de
Mercedes-Benz;V 250;V V 250d SCORE 4MATIC KOMPAKT SPORT AHK KAMERA;Auto kauft man mit Vertrauen u Garantie;€ 34.440;Sehr guter Preis;143.781 km;Automatik;08/2016;Diesel;140 kW (190 PS);nan;nan;Autoscout24.de
Mercedes-Benz;GL 63 AMG;4Matic COMAND-Navi SoftClose Keyless M;Beifahrerairbag, Fahrerairbag, Navigationssystem, Sportpaket, Einparkhilfe Kamera, Innenspiegel automatisch abblendend, Abstandstempomat, Start/Stop-Automatik;€ 35.990;Guter Preis;133.900 km;Automatik;07/2014;Benzin;410 kW (557 PS);12,3 l/100 km;nan;Autoscout24.de
Volkswagen;Touran;Comfortline BMT;3-Zonen-Klimaautomatik, Sitzheizung, Alufelgen, Einparkhilfe Sensoren hinten, Abstandstempomat, LED-Scheinwerfer, Elektrische Seitenspiegel, CD;€ 13.900;Sehr guter Preis;173.250 km;Automatik;11/2017;Diesel;85 kW (116 PS);4,4 l/100 km;114 g/km;Autoscout24.de
Ford;Galaxy;Titanium / Aut / 7 Sitze / AHK / Panorama;3-Zonen-Klimaautomatik, Bi-Xenon Scheinwerfer, Panoramadach, Einparkhilfe Sensoren vorne, Beheizbare Frontscheibe, Beifahrerairbag, Alufelgen, Notbremsassistent;€ 15.990;Guter Preis;116.868 km;Automatik;06/2013;Diesel;120 kW (163 PS);6,0 l/100 km;159 g/km;Autoscout24.de
Skoda;Octavia;OCTAVIA RS 2.0 TDI COMBI NAVI XENON SHZ PDC AHK;FINANZIERUNG ab 3,99%++GARANTIE bis 36 Monate++ANKAUF;€ 11.950;Fairer Preis;190.000 km;Schaltgetriebe;04/2014;Diesel;135 kW (184 PS);4,6 l/100 km;122 g/km;Autoscout24.de
Jaguar;XJ;Luxury+LED+NAVI+LEDER+PANO+MERIDIAN+;Sportpaket, Touchscreen, LED-Scheinwerfer, Schiebedach, ESP, Sportsitze, Einparkhilfe Kamera, Schlüssellose Zentralverriegelung;€ 22.990;Fairer Preis;94.005 km;Automatik;02/2016;Diesel;221 kW (300 PS);6,1 l/100 km;162 g/km;Autoscout24.de
Audi;SQ5;TFSI Black Ed.Virtual S-Sitz Luftf. 20 Rotor;Luftfederung, Sportsitze, Volldigitales Kombiinstrument, Abstandstempomat, Beifahrerairbag, Elektrische Sitze, Einparkhilfe Kamera, Sportfahrwerk;€ 28.740;Guter Preis;180.000 km;Automatik;01/2018;Benzin;260 kW (354 PS);6,8 l/100 km;189 g/km;Autoscout24.de
Mercedes-Benz;G 350;Edition 35 Designo Kamera Xenon H&K AHK 18;Totwinkel-Assistent, Navigationssystem, Multifunktionslenkrad, Freisprecheinrichtung, Elektrische Sitze, Anhängerkupplung, LED-Tagfahrlicht, Schiebedach;€ 49.990;Sehr guter Preis;235.000 km;Automatik;07/2015;Diesel;155 kW (211 PS);11,2 l/100 km;296 g/km;Autoscout24.de
Mitsubishi;Space Star;Diamant Edition|Klima|Servo|1.Hand;Klimaanlage, Klimaautomatik, E10-geeignet, Pannenkit, Nebelscheinwerfer, Radio, Stahlfelgen, Traktionskontrolle;€ 7.850;Fairer Preis;47.500 km;Schaltgetriebe;06/2017;Benzin;52 kW (71 PS);4,2 l/100 km;100 g/km;Autoscout24.de
Volkswagen;Tiguan;Highline 2.0 TDI 4Motion / PANORAMA / ACC;Allrad, LED-Scheinwerfer, Panoramadach, Sitzheizung, Navigationssystem, Anhängerkupplung, 3-Zonen-Klimaautomatik, Abstandstempomat;€ 20.990;Sehr guter Preis;151.408 km;Automatik;06/2019;Diesel;110 kW (150 PS);5,7 l/100 km;149 g/km;Autoscout24.de
Mercedes-Benz;Citan;111 CDI Tourer Lang L2 Navi+SHZ+PTS+AHK;Navigationssystem, Isofix, Schiebetür links, Beifahrerairbag, Lederlenkrad, Anhängerkupplung, Schiebetür rechts, Klimaautomatik;€ 11.849;Sehr guter Preis;125.263 km;Schaltgetriebe;09/2020;Diesel;85 kW (116 PS);5,6 l/100 km;146 g/km;Autoscout24.de
Fiat;Punto;1.4 8V Lounge;Sitzheizung, Klimaautomatik, Alufelgen, Klimaanlage, Nebelscheinwerfer, Lederlenkrad, Bluetooth, Elektr. Fensterheber;€ 8.600;Guter Preis;13.616 km;Schaltgetriebe;04/2015;Benzin;57 kW (77 PS);nan;nan;Autoscout24.de
BMW;M5;Competition-Keramik-Bowers&Wilkins-Driving Ass Pro;Massagesitze, Sportfahrwerk, Sportpaket, Head-up display, MP3, Elektronische Parkbremse, Allrad, Spoiler;€ 94.875;Fairer Preis;43.370 km;Automatik;03/2023;Benzin;460 kW (625 PS);11,1 l/100 km;250 g/km;Autoscout24.de
Mitsubishi;ASX;1.6 MIVEC Edition 100 Winterräder Scheckheft;Apple CarPlay, Einparkhilfe Kamera, Touchscreen, Regensensor, Sitzheizung, Android Auto, Freisprecheinrichtung, USB;€ 12.900;Guter Preis;65.418 km;Schaltgetriebe;11/2017;Benzin;86 kW (117 PS);nan;nan;Autoscout24.de
Mercedes-Benz;GLA 200;1.Hd*Navi*Bi-Xenon*SHZ*Temp*PDCv+h*8-f.;Multifunktionslenkrad, Ambientebeleuchtung, Sitzheizung, Sommerreifen, Einparkhilfe Sensoren vorne, Navigationssystem, Isofix, Traktionskontrolle;€ 17.990;Fairer Preis;85.000 km;Automatik;01/2015;Benzin;115 kW (156 PS);nan;nan;Autoscout24.de
Mazda;3;Lim. 2.0 OPTIMUM NAVI/LED/KAMERA/TEMP./HUD/AHK;Sitzheizung, Sportsitze, Tempomat, 2-Zonen-Klimaautomatik, Bi-Xenon Scheinwerfer, Lederlenkrad, Navigationssystem, Beifahrerairbag;€ 14.400;Sehr guter Preis;112.950 km;Automatik;05/2018;Benzin;88 kW (120 PS);5,6 l/100 km;129 g/km;Autoscout24.de
Dacia;Duster;1.6 16V 105 4x2;Klimaanlage, Isofix, Pannenkit, Nebelscheinwerfer, Bordcomputer, ABS, Beifahrerairbag;€ 6.200;Sehr guter Preis;94.800 km;Schaltgetriebe;04/2013;Benzin;77 kW (105 PS);7,1 l/100 km;nan;Autoscout24.de
Mercedes-Benz;E 300;E 300 BlueTEC T Avantgarde Distr./Sthzg/ILS/AHK;Einparkhilfe Kamera, Einparkhilfe selbstlenkendes System, Sportpaket, Sommerreifen, Müdigkeitswarnsystem, Navigationssystem, Totwinkel-Assistent, Schiebedach;€ 12.490;Guter Preis;269.900 km;Automatik;10/2013;Diesel;170 kW (231 PS);5,7 l/100 km;151 g/km;Autoscout24.de
Opel;Astra;1.2 Edition NAVI+KAMERA+LED+DAB+SITHZ+TEMP;Sitzheizung, Elektrische Seitenspiegel, Elektrische Sitze, Alufelgen, Einparkhilfe Kamera, Beheizbares Lenkrad, 2-Zonen-Klimaautomatik, Regensensor;€ 10.950;nan;56.600 km;Schaltgetriebe;02/2021;Benzin;96 kW (131 PS);4,3 l/100 km;99 g/km;Autoscout24.de
Fiat;500C;Lounge 1.2 8V Faltdach Klimaautom PDC;Katalysator, MP3, Einparkhilfe Sensoren hinten, Klimaautomatik, Alufelgen, Multifunktionslenkrad, Navigationssystem, Zentralverriegelung;€ 7.900;Guter Preis;98.200 km;Schaltgetriebe;04/2015;Benzin;51 kW (69 PS);nan;nan;Autoscout24.de
Mercedes-Benz;GLC 220;d 4Matic AMG Aut. AHK LED COMAND TEMP SHZ;Sportpaket, Sportfahrwerk, Allrad, Anhängerkupplung, Navigationssystem, Sitzheizung, Elektrische Sitze, Alufelgen;€ 26.600;Guter Preis;136.800 km;Automatik;10/2017;Diesel;125 kW (170 PS);5,0 l/100 km;129 g/km;Autoscout24.de
Fiat;Panda;* HU/AU neu * 1.Hand;Elektr. Fensterheber, Kopfairbag, E10-geeignet, Radio, Fahrerairbag, Berganfahrassistent;€ 9.490;Fairer Preis;12.133 km;Schaltgetriebe;03/2017;Benzin;51 kW (69 PS);5,2 l/100 km;123 g/km;Autoscout24.de
Mercedes-Benz;C 180;T 7G-TRONIC;Sitzheizung, USB, LED-Scheinwerfer, Multifunktionslenkrad, Einparkhilfe selbstlenkendes System, Elektrische Sitze, Einparkhilfe Sensoren vorne, Airbag hinten;€ 16.990;Sehr guter Preis;99.000 km;Automatik;02/2015;Benzin;115 kW (156 PS);nan;nan;Autoscout24.de
Peugeot;3008;Allure, T.Leder, Fahrassist, 8fach bereift!;Finanzierung ab 6,29% / Sofortankauf & Inzahlungnahme;€ 12.100;Fairer Preis;122.440 km;Schaltgetriebe;06/2017;Benzin;96 kW (131 PS);5,4 l/100 km;124 g/km;Autoscout24.de
Porsche;Macan;S Panoramadach Sitzheizung;ABS, Sportsitze, 2-Zonen-Klimaautomatik, Multifunktionslenkrad, Geschwindigkeits-begrenzungsanlage, Fahrerairbag, Zentralverriegelung, Luftfederung;€ 25.400;Guter Preis;193.785 km;Automatik;11/2014;Benzin;250 kW (340 PS);9,0 l/100 km;213 g/km;Autoscout24.de
Hyundai;H-1;Travel Premium Aut / 8 Sitze / Leder / Shzg;Schiebetür rechts, Isofix, Multifunktionslenkrad, Klimaanlage, Zentralverriegelung, Beifahrerairbag, Schiebetür links, Nebelscheinwerfer;€ 19.990;Fairer Preis;105.749 km;Automatik;07/2013;Diesel;125 kW (170 PS);7,0 l/100 km;231 g/km;Autoscout24.de
Ford;Kuga;2.0 TDCi ST-Line 4x4 NAVI/KAMERA/WIPA;Allrad, Sportfahrwerk, Sitzheizung, Elektrische Sitze, Android Auto, Anhängerkupplung, Reserverad, Beifahrerairbag;€ 15.900;Sehr guter Preis;144.040 km;Automatik;02/2019;Diesel;110 kW (150 PS);nan;nan;Autoscout24.de
Skoda;Kamiq;1.0 TSI Clever Navi LED SHZ;Nutzen Sie unsere günstigen Finanzierungskonditionen!;€ 18.950;Sehr guter Preis;13.300 km;Schaltgetriebe;01/2021;Benzin;81 kW (110 PS);nan;nan;Autoscout24.de
Opel;Astra;1,5D SPORTS TOURER EDITION/AUT/NAVI/LED/AK;Pannenkit, ABS, Sportfahrwerk, Anhängerkupplung, LED-Scheinwerfer, Start/Stop-Automatik, Sitzheizung, Ambientebeleuchtung;€ 11.890;Sehr guter Preis;116.000 km;Automatik;08/2021;Diesel;90 kW (122 PS);5,1 l/100 km;132 g/km;Autoscout24.de
Aixam;City;Sport Mopedauto Leichtmobile Microcar 45 KM;Sportsitze, Sportpaket, Einparkhilfe Sensoren hinten, Alufelgen, Radio;€ 6.950;nan;9.741 km;Automatik;08/2017;Diesel;4 kW (5 PS);nan;nan;Autoscout24.de
BMW;X1;sDrive 18 d *PDC*SHZ*KLIMA*1.HAND*MFL*AHK*;Getönte Scheiben, Anhängerkupplung, Alufelgen, Sitzheizung, Einparkhilfe Sensoren vorne, Multifunktionslenkrad, Elektrische Seitenspiegel, ESP;€ 14.599;Fairer Preis;165.239 km;Schaltgetriebe;07/2018;Diesel;110 kW (150 PS);4,6 l/100 km;120 g/km;Autoscout24.de
SEAT;Alhambra;ALHAMBRA 2.0 TDI SPORT LEDER NAVI XENON 7-SITZER;FINANZIERUNG ab 3,99%++GARANTIE bis 36 Monate++ANKAUF;€ 17.890;Guter Preis;160.000 km;Automatik;05/2013;Diesel;130 kW (177 PS);5,9 l/100 km;154 g/km;Autoscout24.de
Audi;S7;Sportback NIGHT/QUATTRO/MATRIX/SHZ/2.HAND/LED;360° Kamera, 4-Zonen-Klimaautomatik, Sportsitze, Sportfahrwerk, Volldigitales Kombiinstrument, Sportpaket, Abstandstempomat, Allrad;€ 55.900;Sehr guter Preis;82.000 km;Automatik;03/2020;Diesel;257 kW (349 PS);6,5 l/100 km;170 g/km;Autoscout24.de
Renault;Captur;Luxe ENERGY TCe 90 *NAV*KAMERA*;Einparkhilfe Kamera, Pannenkit, Klimaautomatik, Navigationssystem, Regensensor, Touchscreen, Geschwindigkeits-begrenzungsanlage, Bluetooth;€ 9.900;Sehr guter Preis;52.894 km;Schaltgetriebe;04/2015;Benzin;66 kW (90 PS);nan;nan;Autoscout24.de
Honda;Jazz;1.3 i-VTEC Trend Aut.*SHZ*TEMPO*ALU*1.HAND*KLIMA*;❗Service Historie und Gebrauchtspureninfos auf Anruf;€ 13.550;Sehr guter Preis;16.687 km;Automatik;10/2016;Benzin;75 kW (102 PS);4,6 l/100 km;106 g/km;Autoscout24.de
Volkswagen;Golf;VII 1.2 TSI DSG Comfortline NAVI KLIMA PNAO P;Panoramadach, Navigationssystem, Lordosenstütze, 2-Zonen-Klimaautomatik, Wegfahrsperre, Sitzheizung, Einparkhilfe Sensoren vorne, MP3;€ 12.990;Sehr guter Preis;25.000 km;Automatik;09/2014;Benzin;81 kW (110 PS);nan;nan;Autoscout24.de
Skoda;Fabia;Fabia Combi Ambition Klima Sitzhzg. Dachreling !;Sitzheizung, Pannenkit, Dachreling, Einparkhilfe Sensoren vorne, Scheinwerferreinigung, E10-geeignet, Einparkhilfe Sensoren hinten, Klimaautomatik;€ 11.450;Sehr guter Preis;38.000 km;Schaltgetriebe;08/2017;Benzin;70 kW (95 PS);4,3 l/100 km;99 g/km;Autoscout24.de
MINI;One;ONE FIRST *UNFALLFREI*TÜV 03/2026*ALLWETTER*;INZAHLUNGNAHME UND FINANZIERUNG MÖGLICH;€ 10.900;Fairer Preis;86.600 km;Schaltgetriebe;12/2015;Benzin;55 kW (75 PS);5,3 l/100 km;126 g/km;Autoscout24.de
Audi;A6;Avant 2.0 TDI S-tronic SPORT AHK;Alufelgen, Isofix, Sportsitze, Anhängerkupplung, Einparkhilfe Sensoren vorne, Sitzheizung, 4-Zonen-Klimaautomatik, Scheinwerferreinigung;€ 16.450;Sehr guter Preis;157.483 km;Automatik;01/2016;Diesel;140 kW (190 PS);5,2 l/100 km;115 g/km;Autoscout24.de
Volkswagen;Tiguan;2.0 TSI 4Motion DSG Sport & Style;Sportpaket, Panoramadach, LED-Scheinwerfer, Multifunktionslenkrad, Lederlenkrad, Einparkhilfe Kamera, Seitenairbag, Bordcomputer;€ 16.900;Sehr guter Preis;88.122 km;Automatik;07/2015;Benzin;147 kW (200 PS);nan;0 g/km;Autoscout24.de
Volkswagen;Amarok;3,0 TDI V6 Aventura 4Motion*Garantie*;12-64 Monate Garantie / Tüv & Inspektion= NEU !;€ 29.900;Guter Preis;119.000 km;Automatik;09/2016;Diesel;165 kW (224 PS);7,8 l/100 km;203 g/km;Autoscout24.de
Citroen;C1;Selection*Klima*Radio*CD*Alufelgen;Klimaanlage, Radio, E10-geeignet, Nebelscheinwerfer, LED-Tagfahrlicht, Fahrerairbag, Elektr. Fensterheber, Alufelgen;€ 4.487;Fairer Preis;105.000 km;Schaltgetriebe;01/2013;Benzin;50 kW (68 PS);4,3 l/100 km;102 g/km;Autoscout24.de
Nissan;NV200;/Evalia Tekna 7-Sitze NAV+SHZ KLIMA CAM AHK;Schiebetür links, Einparkhilfe Kamera, Anhängerkupplung, Klimaanlage, Sitzheizung, Klimaautomatik, Schiebetür rechts, Navigationssystem;€ 15.890;Guter Preis;109.647 km;Schaltgetriebe;09/2017;Diesel;81 kW (110 PS);4,9 l/100 km;130 g/km;Autoscout24.de
Jeep;Grand Cherokee;3.0 CRD Summit-Luft-Pano-H K-AHK-;Beifahrerairbag, Freisprecheinrichtung, Luftfederung, Sportpaket, Bluetooth, Einparkhilfe Kamera, Touchscreen, Sprachsteuerung;€ 23.900;Sehr guter Preis;139.900 km;Automatik;02/2019;Diesel;184 kW (250 PS);7,0 l/100 km;nan;Autoscout24.de
Fiat;Panda;Easy*Klima*ZV*;Klimaanlage, Dachreling, Einparkhilfe Sensoren hinten, E10-geeignet, Pannenkit, Nebelscheinwerfer, Elektr. Fensterheber, ABS;€ 7.269;Guter Preis;53.000 km;Schaltgetriebe;03/2016;Benzin;51 kW (69 PS);5,2 l/100 km;123 g/km;Autoscout24.de
Mercedes-Benz;GLC 300;AMGline 4Matic Coupe,Navi,LED,SD,360Kam.;Finanzierung ab 6,29% / Sofortankauf & Inzahlungnahme;€ 30.800;Sehr guter Preis;140.735 km;Automatik;08/2017;Benzin;180 kW (245 PS);7,5 l/100 km;169 g/km;Autoscout24.de
BMW;218;Active Tourer i M Sport;Sportfahrwerk, Sportsitze, LED-Scheinwerfer, Einparkhilfe Kamera, Sportpaket, Bluetooth, Einparkhilfe selbstlenkendes System, E10-geeignet;€ 13.900;Guter Preis;145.000 km;Automatik;03/2017;Benzin;100 kW (136 PS);nan;nan;Autoscout24.de
SEAT;Ibiza;Beats *1.HAND* SHZ PDC KAM NAVI SOUND TEMP;Sportsitze, Sitzheizung, LED-Scheinwerfer, 2-Zonen-Klimaautomatik, Einparkhilfe Kamera, E10-geeignet, Volldigitales Kombiinstrument, Armlehne;€ 11.499;Sehr guter Preis;105.000 km;Schaltgetriebe;02/2019;Benzin;70 kW (95 PS);4,6 l/100 km;105 g/km;Autoscout24.de
Nissan;Juke;4x4 RFK. Klima. Navi. Sitzh. Schiebedach.;Seit 1963 Ihr KFZ-Meisterbetrieb in Mainz Bretzenheim;€ 12.990;Sehr guter Preis;112.900 km;Automatik;02/2017;Benzin;140 kW (190 PS);6,5 l/100 km;153 g/km;Autoscout24.de
Volkswagen;Tiguan;TDI Trendline;3-Zonen-Klimaautomatik, Anhängerkupplung, Sitzheizung, Multifunktionslenkrad, Alufelgen, CD, MP3, Dachreling;€ 15.390;Sehr guter Preis;100.250 km;Schaltgetriebe;05/2017;Diesel;85 kW (116 PS);4,7 l/100 km;123 g/km;Autoscout24.de
Audi;A5;Cabriolet 1.8 TFSI S-tronic *S-LINE*NAVI*;Navigationssystem, Sportsitze, Sportpaket, Sportfahrwerk, Soundsystem, Multifunktionslenkrad, Sitzheizung, Scheinwerferreinigung;€ 19.480;Guter Preis;73.930 km;Automatik;05/2014;Benzin;125 kW (170 PS);6,2 l/100 km;147 g/km;Autoscout24.de
Ford;Tourneo Connect;Grand 1.5 TDCi Trend Automatik,7-Sitzer,Radio,PDC;Beifahrerairbag, Schiebetür links, Beheizbare Frontscheibe, Sitzheizung, Einparkhilfe Sensoren hinten, USB, Multifunktionslenkrad, Isofix;€ 14.890;Fairer Preis;117.751 km;Automatik;11/2015;Diesel;88 kW (120 PS);5,0 l/100 km;129 g/km;Autoscout24.de
Nissan;Qashqai;1.2 DIG-T N-Connecta, 360°, Navi, DAB;Alufelgen, 2-Zonen-Klimaautomatik, Einparkhilfe Sensoren vorne, Dachreling, Panoramadach, 360° Kamera, Sitzheizung, Navigationssystem;€ 13.900;Sehr guter Preis;76.000 km;Schaltgetriebe;07/2018;Benzin;85 kW (116 PS);5,6 l/100 km;129 g/km;Autoscout24.de
Opel;Corsa-e;Elegance Electric | Navi | RFK | 11 kW |;Einparkhilfe Kamera, Regensensor, Lederlenkrad, Berganfahrassistent, Navigationssystem, Elektrische Seitenspiegel, Induktionsladen für Smartphones, Alufelgen; ;nan;nan;nan;nan;nan;nan;nan;nan;Autoscout24.de
Kia;;CEED SW 1.6 EDITION7  EMOTION OHNE KLIMA;Zentralverriegelung, Sitzheizung, Alufelgen, Isofix, Multifunktionslenkrad, Seitenairbag, Dachreling, Radio;€ 7.960;Sehr guter Preis;94.600 km;Schaltgetriebe;03/2014;Benzin;99 kW (135 PS);nan;nan;Autoscout24.de
Ford;Tourneo Connect;Grand 1.5 TDCi Trend Automatik,7-Sitzer,Radio,PDC;Beifahrerairbag, Schiebetür links, Beheizbare Frontscheibe, Sitzheizung, Einparkhilfe Sensoren hinten, USB, Multifunktionslenkrad, Isofix;€ 14.890;Fairer Preis;117.751 km;Automatik;11/2015;Diesel;88 kW (120 PS);5,0 l/100 km;129 g/km;Autoscout24.de
Nissan;Qashqai;1.2 DIG-T N-Connecta, 360°, Navi, DAB;Alufelgen, 2-Zonen-Klimaautomatik, Einparkhilfe Sensoren vorne, Dachreling, Panoramadach, 360° Kamera, Sitzheizung, Navigationssystem;€ 13.900;Sehr guter Preis;76.000 km;Schaltgetriebe;07/2018;Benzin;85 kW (116 PS);5,6 l/100 km;129 g/km;Autoscout24.de
Opel;Corsa-e;Elegance Electric | Navi | RFK | 11 kW |;Einparkhilfe Kamera, Regensensor, Lederlenkrad, Berganfahrassistent, Navigationssystem, Elektrische Seitenspiegel, Induktionsladen für Smartphones, Alufelgen; ;nan;nan;nan;nan;nan;nan;nan;nan;Autoscout24.de
Mercedes-Benz;C 200;4Matic Avantg,7G-Tronic,Distronic,Head-up,Leder,Pa;Car Garantie incl.;€ 20.900;nan;104.554 km;Automatik;03/2016;Benzin;135 kW (184 PS);nan;nan;Autoscout24.de
Audi;A4;Lim. 1.4TFSI S-tronic AHK PARK SHZ TEMP XENON;Elektrische Seitenspiegel, Sommerreifen, Schaltwippen, Anhängerkupplung, Sitzheizung, E10-geeignet, Einparkhilfe Sensoren hinten, Scheinwerferreinigung;€ 17.499;Guter Preis;92.500 km;Automatik;07/2017;Benzin;110 kW (150 PS);5,6 l/100 km;129 g/km;Autoscout24.de
Skoda;Octavia;Combi Style 2.0 TSI DSG StandHZG El. Panodach Navi;Bringservice deutschlandweit!;€ 14.990;Sehr guter Preis;151.000 km;Automatik;11/2018;Benzin;140 kW (190 PS);nan;nan;Autoscout24.de
Skoda;Fabia;Combi 1.0 TSI Ambition, Sitzheizung, Tempomat;seit über 40 Jahren zuverlässig 99% Weiterempfehlung;€ 11.495;Sehr guter Preis;46.400 km;Schaltgetriebe;01/2018;Benzin;81 kW (110 PS);nan;nan;Autoscout24.de
BMW;Z4;Baureihe Z4 Roadster sDrive 35i;Schaltwippen, Soundsystem, Totwinkel-Assistent, Lederlenkrad, Sommerreifen, Ambientebeleuchtung, Isofix, Getönte Scheiben;€ 31.990;Sehr guter Preis;19.821 km;Automatik;09/2016;Benzin;225 kW (306 PS);9,4 l/100 km;223 g/km;Autoscout24.de
Volkswagen;Polo;1.6 TDI Highline *PDC*SHZ*KLIMA*;❗Service Historie und Gebrauchtspureninfos auf Anruf;€ 13.140;Sehr guter Preis;55.433 km;Schaltgetriebe;11/2018;Diesel;70 kW (95 PS);3,7 l/100 km;131 g/km;Autoscout24.de
Mercedes-Benz;GLB 180;d 8G-DCT LEDER+VIRTUAL+PARKASS+TEMP+DAB;Sportpaket, Bordcomputer, Volldigitales Kombiinstrument, Alufelgen, Start/Stop-Automatik, Klimaautomatik, Dachreling, Einparkhilfe Sensoren vorne;€ 22.950;Sehr guter Preis;136.161 km;Automatik;05/2021;Diesel;85 kW (116 PS);4,7 l/100 km;125 g/km;Autoscout24.de
Kia;Sportage;2.0 CVVT 2WD Spirit;LED-Tagfahrlicht, Sitzheizung, Scheinwerferreinigung, Multifunktionslenkrad, Beifahrerairbag, USB, Xenonscheinwerfer, Schlüssellose Zentralverriegelung;€ 12.990;Fairer Preis;74.500 km;Schaltgetriebe;11/2013;Benzin;120 kW (163 PS);7,6 l/100 km;180 g/km;Autoscout24.de
Opel;Grandland X;1.5D DESIGN  NAVI/LED/AHK/SHZ/ALU;LED-Scheinwerfer, ABS, Lordosenstütze, Einparkhilfe Kamera, Pannenkit, Sitzheizung, Klimaautomatik, Regensensor;€ 14.960;Sehr guter Preis;134.000 km;Automatik;06/2021;Diesel;96 kW (131 PS);3,8 l/100 km;99 g/km;Autoscout24.de
Jeep;Renegade;Longitude FWD;Beifahrerairbag, Anhängerkupplung, Bluetooth, Freisprecheinrichtung, Lordosenstütze, Einparkhilfe Sensoren hinten, Wegfahrsperre, Dachreling;€ 10.990;Guter Preis;158.500 km;Schaltgetriebe;02/2015;Autogas (LPG);103 kW (140 PS);6,0 l/100 km;142 g/km;Autoscout24.de
Mercedes-Benz;GLK 220;CDI BlueTec 4Matic AHK PANO;Allrad, Elektrische Heckklappe, Panoramadach, Anhängerkupplung, Multifunktionslenkrad, Getönte Scheiben, CD, Sitzheizung;€ 21.999;Fairer Preis;131.800 km;Automatik;01/2015;Diesel;125 kW (170 PS);6,9 l/100 km;182 g/km;Autoscout24.de
Hyundai;TUCSON;Style Mild-Hybrid 4WD *KAMERA*NAVI*LKAS*;Allrad, Beifahrerairbag, Fahrerairbag, Einparkhilfe Sensoren vorne, LED-Scheinwerfer, Einparkhilfe Kamera, Sitzheizung, Alarmanlage;€ 20.499;nan;76.561 km;Automatik;01/2020;Diesel;136 kW (185 PS);5,8 l/100 km;153 g/km;Autoscout24.de
Mercedes-Benz;GLK 220;CDI 4M *2.HD *19 *Navigation *SHZ*Klima;Chrom-Paket   Start - Stop   Navi;€ 16.990;Fairer Preis;175.100 km;Automatik;05/2014;Diesel;125 kW (170 PS);6,1 l/100 km;nan;Autoscout24.de
Audi;A8;50 TDI HD Matrix Virtual Hud Kamera 21 Zoll;Volldigitales Kombiinstrument, Laserlicht, Einparkhilfe Kamera, Sportfahrwerk, Allrad, Head-up display, Sitzheizung, Elektrische Sitze;€ 37.490;Sehr guter Preis;177.300 km;Automatik;01/2019;Diesel;210 kW (286 PS);5,8 l/100 km;152 g/km;Autoscout24.de
Mercedes-Benz;C 300;de T Avantgarde 9G-tronic LED~Pano~WideScr.;Volldigitales Kombiinstrument, Sportfahrwerk, Panoramadach, Schiebedach, Sportsitze, Totwinkel-Assistent, Getönte Scheiben, Soundsystem; ;nan;nan;nan;nan;nan;nan;nan;nan;Autoscout24.de
Dacia;Bigster;TCe 130 4x4 Extreme NAVI 360°KAM SHZ PANO GJR LHZ;Panoramadach + 360°Kamera + InNature-Pak;€ 34.959;nan;11 km;Schaltgetriebe;nan;Benzin;96 kW (131 PS);6,1 l/100 km;137 g/km;Autoscout24.de
Hyundai;KONA;KONA 1 Hand, 38200km, Style Hybrid;Inzahlungnahme, Finanzierung ohne Anzahlung, Top Preise; ;nan;200 km;nan;nan;nan;nan;nan;nan;Autoscout24.de
BMW;120;d xDrive Urban Line - Navi - Tempomat - PDC - 8-fa;Zugriff auf über 25.000 weitere Fahrzeuge;€ 11.990;Fairer Preis;154.600 km;Schaltgetriebe;04/2014;Diesel;135 kW (184 PS);4,8 l/100 km;126 g/km;Autoscout24.de
Volkswagen;Touran;2.0 TDI Highline;3-Zonen-Klimaautomatik, LED-Scheinwerfer, Anhängerkupplung, Sitzheizung, CD, Navigationssystem, Alufelgen, Sportfahrwerk;€ 16.995;Fairer Preis;144.985 km;Schaltgetriebe;11/2015;Diesel;110 kW (150 PS);4,5 l/100 km;118 g/km;Autoscout24.de
Land Rover;Discovery;TDV6 S Klima AHK Temp Winterpaket;Beifahrerairbag, Luftfederung, Beheizbares Lenkrad, Freisprecheinrichtung, Lichtsensor, Seitenairbag, Anhängerkupplung, Einparkhilfe Sensoren hinten;€ 12.430;Fairer Preis;305.300 km;Automatik;08/2016;Diesel;155 kW (211 PS);nan;nan;Autoscout24.de
Volkswagen;Golf;VII 1.0 TSI BMT Comfortline Navi PDC Sitzh.;Sitzheizung, Elektrische Seitenspiegel, 2-Zonen-Klimaautomatik, Navigationssystem, Einparkhilfe Kamera, Multifunktionslenkrad, Lederlenkrad, Einparkhilfe Sensoren vorne;€ 12.910;Sehr guter Preis;79.609 km;Schaltgetriebe;12/2017;Benzin;81 kW (110 PS);nan;nan;Autoscout24.de
Mercedes-Benz;CLA 200;d aAHK/Voll-LED/Navi/Kamera;Einparkhilfe Kamera, Sportsitze, Sitzheizung, Alufelgen, Lederlenkrad, Fernlichtassistent, Tempomat, Navigationssystem;€ 18.910;Guter Preis;91.100 km;Schaltgetriebe;09/2017;Diesel;100 kW (136 PS);nan;nan;Autoscout24.de
Mercedes-Benz;E 220;CDI AVANTGARDE GLASDACH,PARKLENK,LEDILS,SH;Schiebedach, Elektrische Sitze, Regensensor, Navigationssystem, Anhängerkupplung, Alufelgen, Bi-Xenon Scheinwerfer, Sitzheizung;€ 23.880;Fairer Preis;56.700 km;Automatik;11/2015;Diesel;125 kW (170 PS);4,6 l/100 km;121 g/km;Autoscout24.de
Skoda;Fabia;1.2 TSI Cool Edition**ISOFIX**Bluetooth**;Günstige Finanzierung inkl. Garantie möglich!;€ 9.795;Sehr guter Preis;53.500 km;Schaltgetriebe;06/2016;Benzin;66 kW (90 PS);nan;nan;Autoscout24.de
Mercedes-Benz;GLC 220;GLC 220 d 4M AHK Totwkl Kamera AMG-int. LED-ILS;Allrad, Einparkhilfe Kamera, Anhängerkupplung, Elektrische Heckklappe, W-Lan / Wifi Hotspot, Sitzheizung, Voll-LED Scheinwerfer, CD;€ 27.900;Sehr guter Preis;112.000 km;Automatik;01/2019;Diesel;125 kW (170 PS);5,0 l/100 km;129 g/km;Autoscout24.de
Ford;Tourneo Courier;1.6 TDCi Trend;Schiebetür, Skisack, Sitzheizung, Beheizbare Frontscheibe, Tempomat, Beifahrerairbag, Pannenkit, Isofix;€ 9.995;Sehr guter Preis;122.500 km;Schaltgetriebe;03/2015;Diesel;70 kW (95 PS);nan;nan;Autoscout24.de
Hyundai;i20;1.0 T-GDI Trend Voll-LED Carplay Kam Carplay;Günstige Finanzierung! Wir kaufen Ihr Auto!;€ 14.480;Guter Preis;38.011 km;Schaltgetriebe;12/2023;Benzin;74 kW (101 PS);5,6 l/100 km;127 g/km;Autoscout24.de
BMW;X2;xDrive18d Advantage;Volldigitales Kombiinstrument, Anhängerkupplung, Getönte Scheiben, Abstandstempomat, Alufelgen, Einparkhilfe Sensoren vorne, Notbremsassistent, Nebelscheinwerfer;€ 16.900;Guter Preis;150.234 km;Automatik;11/2018;Diesel;110 kW (150 PS);4,5 l/100 km;118 g/km;Autoscout24.de
Volkswagen;Caddy;Maxi 2.0TDI 4MOTION DSG Highline *AHK/ACC*;Allrad, Schiebetür rechts, Sitzheizung, Isofix, Standheizung, Anhängerkupplung, Einparkhilfe Kamera, Alufelgen;€ 25.900;Fairer Preis;137.990 km;Automatik;08/2017;Diesel;110 kW (150 PS);5,6 l/100 km;146 g/km;Autoscout24.de
Skoda;Superb;2.0 TDi Combi Automatik **Navi*AHK*ACC**;Elektrische Sitze, Anhängerkupplung, Elektrische Heckklappe, 3-Zonen-Klimaautomatik, Sitzheizung, LED-Scheinwerfer, Einparkhilfe Kamera, DAB-Radio;€ 16.995;Sehr guter Preis;167.000 km;Automatik;07/2020;Diesel;110 kW (150 PS);3,9 l/100 km;102 g/km;Autoscout24.de
Hyundai;BAYON;1.0 T-GDI 48V-Hybrid Intro/Navi/Plus;Navigationssystem, Anhängerkupplung, Katalysator, Sitzheizung, Einparkhilfe Kamera, Klimaautomatik, Regensensor, Einparkhilfe Sensoren hinten;€ 15.480;Sehr guter Preis;41.790 km;Schaltgetriebe;07/2021;Benzin;74 kW (101 PS);nan;nan;Autoscout24.de
Volkswagen;Golf;VII Limousine *Klimaauto*Sitzheizung*Tempomat;2-Zonen-Klimaautomatik, Multifunktionslenkrad, Sitzheizung, Fahrerairbag, Alufelgen, Geschwindigkeits-begrenzungsanlage, Nebelscheinwerfer, Armlehne;€ 11.449;Sehr guter Preis;75.792 km;Schaltgetriebe;07/2015;Benzin;81 kW (110 PS);nan;nan;Autoscout24.de
Maserati;Levante;Q4 GranLusso Navi Leder Panoramaschiebedach;Sitzbelüftung, Panoramadach, Bluetooth, Luftfederung, Beheizbares Lenkrad, Elektr. Fensterheber, Schaltwippen, Apple CarPlay;€ 33.850;nan;131.250 km;Automatik;04/2020;Benzin;257 kW (349 PS);8,3 l/100 km;220 g/km;Autoscout24.de
Dacia;Bigster;"Expression SHZ+KLIMA+PDC+KAMERA+LED+17"" ALU TCe...";Sicherer EU-Neuwagenkauf zum Bestpreis seit 1999!;€ 26.980;nan;0 km;Schaltgetriebe;nan;Benzin;96 kW (131 PS);nan;134 g/km;Autoscout24.de
Audi;Q8;55 TFSI QUATTRO/MATRIX/360°/BANG&OLUFSEN;360° Kamera, Panoramadach, Luftfederung, Head-up display, Abstandstempomat, Müdigkeitswarnsystem, Sportsitze, Soundsystem;€ 49.900;nan;79.435 km;Automatik;02/2019;Benzin;250 kW (340 PS);8,9 l/100 km;nan;Autoscout24.de
Citroen;C3;Feel|2.Hand|54Tkm|LED|PDC|Bluetooth|Klima;Spurhalteassistent, E10-geeignet, Einparkhilfe Sensoren hinten, Verkehrszeichenerkennung, Pannenkit, Wegfahrsperre, Tempomat, Elektr. Fensterheber;€ 9.890;Fairer Preis;54.009 km;Schaltgetriebe;02/2018;Benzin;50 kW (68 PS);4,9 l/100 km;113 g/km;Autoscout24.de
Aixam;;Coupé GTI SPORT Mopedauto Microcar Minicar 45 kM;Sportfahrwerk, Alufelgen, Nebelscheinwerfer, Sportsitze, Sportpaket, Einparkhilfe Sensoren hinten, Bluetooth, Radio;€ 8.950;Guter Preis;24.100 km;Automatik;01/2015;Diesel;4 kW (5 PS);nan;nan;Autoscout24.de
Kia;Optima;Sportsw 2.0 Aut Spirit Hyb PANO+MEMO+VOLL;Ambientebeleuchtung, Einparkhilfe Sensoren hinten, Sportpaket, Isofix, Schiebedach, Notbremsassistent, Getönte Scheiben, Apple CarPlay; ;nan;nan;nan;nan;nan;nan;nan;nan;Autoscout24.de
Skoda;Yeti;Adventure 1.4 TSI SHZ Temp PDC Berganfahrass. EXPO;Größtes Renault Autohaus im Landkreis München & Freisin;€ 7.800;Fairer Preis;132.000 km;Schaltgetriebe;10/2013;Benzin;90 kW (122 PS);nan;nan;Autoscout24.de
Ford;Focus;Turnier ST-Line;Sportfahrwerk, Spurhalteassistent, E10-geeignet, Notrad, 2-Zonen-Klimaautomatik, Sitzheizung, Einparkhilfe Sensoren vorne, Einparkhilfe Kamera;€ 13.900;Sehr guter Preis;76.328 km;Schaltgetriebe;10/2018;Benzin;92 kW (125 PS);5,1 l/100 km;115 g/km;Autoscout24.de
Mercedes-Benz;C 400;CGI 4Matic*Designo*HeadUp*Distro*Airmatic*;Luftfederung, Head-up display, Abstandstempomat, Soundsystem, LED-Scheinwerfer, Elektrische Heckklappe, 360° Kamera, Totwinkel-Assistent;€ 29.950;Guter Preis;41.635 km;Automatik;07/2015;Benzin;245 kW (333 PS);7,3 l/100 km;170 g/km;Autoscout24.de
Renault;Kadjar;LIMITED Deluxe ENERGY TCe 130 EDC;Einparkhilfe Sensoren vorne, Navigationssystem, 2-Zonen-Klimaautomatik, Freisprecheinrichtung, Apple CarPlay, Einparkhilfe Kamera, Dachreling, Sitzheizung;€ 14.750;Sehr guter Preis;46.101 km;Automatik;10/2018;Benzin;96 kW (131 PS);5,7 l/100 km;123 g/km;Autoscout24.de
Volkswagen;Passat Variant;Comfortline BMT;Sitzheizung, 3-Zonen-Klimaautomatik, Einparkhilfe Kamera, DAB-Radio, Seitenairbag, Multifunktionslenkrad, Fernlichtassistent, ESP;€ 13.900;Sehr guter Preis;145.122 km;Schaltgetriebe;03/2018;Benzin;110 kW (150 PS);5,1 l/100 km;119 g/km;Autoscout24.de
Skoda;Rapid/Spaceback;Spaceback Cool Edition 1.2 TSI Klima;Elektrische Seitenspiegel, Pannenkit, Klimaanlage, Anhängerkupplung, Alufelgen, MP3, teilb. Rücksitzbank, Traktionskontrolle;€ 8.980;Fairer Preis;87.250 km;Schaltgetriebe;08/2014;Benzin;63 kW (86 PS);5,4 l/100 km;119 g/km;Autoscout24.de
Ford;Puma;Hybrid ST-Line X EcoBoost 1.0 Navi Digitales Cockp;Sportfahrwerk, Einparkhilfe Kamera, MP3, Abstandstempomat, Sitzheizung, 2-Zonen-Klimaautomatik, Bi-Xenon Scheinwerfer, Volldigitales Kombiinstrument;€ 15.990;Sehr guter Preis;71.652 km;Schaltgetriebe;07/2020;Benzin;92 kW (125 PS);nan;nan;Autoscout24.de
Skoda;Kodiaq;Style 4x4;Alufelgen, Sitzheizung, Abstandstempomat, Reifendruckkontrollsystem, 3-Zonen-Klimaautomatik, Navigationssystem, Wegfahrsperre, Schlüssellose Zentralverriegelung;€ 17.900;Sehr guter Preis;178.969 km;Automatik;09/2017;Benzin;132 kW (179 PS);7,3 l/100 km;168 g/km;Autoscout24.de
Opel;Astra;J Style 1.4 Turbo Klima AT Sitzheizung v.;Tempomat, 2-Zonen-Klimaautomatik, Katalysator, Radio, Einparkhilfe Sensoren hinten, Geschwindigkeits-begrenzungsanlage, Klimaanlage, Alufelgen;€ 10.390;Guter Preis;52.700 km;Schaltgetriebe;02/2015;Benzin;88 kW (120 PS);nan;nan;Autoscout24.de
BMW;X3;xDrive20d xLine   Standklima   Harman-Kardon;Spoiler, Head-up display, Navigationssystem, 2-Zonen-Klimaautomatik, Isofix, Sportsitze, Sommerreifen, Ambientebeleuchtung;€ 12.950;Sehr guter Preis;195.854 km;Schaltgetriebe;09/2014;Diesel;140 kW (190 PS);nan;136 g/km;Autoscout24.de
Audi;A4;Avant  quattro *ACC*KAMERA*APS*AHK*NAVI*PDC*;Allrad, Einparkhilfe Kamera, Scheinwerferreinigung, Navigationssystem, Anhängerkupplung, Regensensor, LED-Tagfahrlicht, Sommerreifen;€ 10.499;Sehr guter Preis;215.442 km;Automatik;12/2014;Diesel;130 kW (177 PS);5,3 l/100 km;140 g/km;Autoscout24.de
Volkswagen;Golf;VII 1.2 TSI DSG Comfortline NAVI KLIMA PNAO P;Panoramadach, Navigationssystem, Lordosenstütze, 2-Zonen-Klimaautomatik, Wegfahrsperre, Sitzheizung, Einparkhilfe Sensoren vorne, MP3;€ 12.990;Sehr guter Preis;25.000 km;Automatik;09/2014;Benzin;81 kW (110 PS);nan;nan;Autoscout24.de
Ford;Tourneo Courier;1.0 TREND 5-SITZER KLIMA/SHZ/AHK;Getönte Scheiben, Schiebetür rechts, Anhängerkupplung, Einparkhilfe Sensoren hinten, Klimaanlage, USB, Bluetooth, Armlehne;€ 4.250;Sehr guter Preis;186.900 km;Schaltgetriebe;06/2015;Benzin;74 kW (101 PS);5,4 l/100 km;128 g/km;Autoscout24.de
Volvo;V70;Kombi Linje Classic;Elektrische Heckklappe, Alufelgen, Sportfahrwerk, Schiebedach, LED-Tagfahrlicht, Volldigitales Kombiinstrument, Elektrische Sitze, Abstandswarner;€ 8.900;Sehr guter Preis;195.697 km;Schaltgetriebe;05/2016;Diesel;110 kW (150 PS);4,1 l/100 km;113 g/km;Autoscout24.de
Volkswagen;Golf;VII Limousine *Klimaauto*Sitzheizung*Tempomat;2-Zonen-Klimaautomatik, Multifunktionslenkrad, Sitzheizung, Fahrerairbag, Alufelgen, Geschwindigkeits-begrenzungsanlage, Nebelscheinwerfer, Armlehne;€ 11.449;Sehr guter Preis;75.792 km;Schaltgetriebe;07/2015;Benzin;81 kW (110 PS);nan;nan;Autoscout24.de
Ford;EcoSport;Titanium KLIMA*PDC*BT*sauberes Fahrzeug;Fahrerairbag, Traktionskontrolle, Getönte Scheiben, Berganfahrassistent, Zentralverriegelung, Bluetooth, Tempomat, Lordosenstütze;€ 7.990;Sehr guter Preis;101.295 km;Schaltgetriebe;10/2014;Diesel;66 kW (90 PS);4,6 l/100 km;120 g/km;Autoscout24.de
Opel;Corsa;E 1.2 Klima;Elektrische Seitenspiegel, Klimaanlage, Fahrerairbag, Beifahrerairbag, Radio, Seitenairbag, Elektr. Fensterheber, Zentralverriegelung;€ 4.290;Sehr guter Preis;115.200 km;Schaltgetriebe;05/2016;Benzin;51 kW (69 PS);5,4 l/100 km;128 g/km;Autoscout24.de
Mercedes-Benz;GLK 220;CDI 4M *2.HD *19 *Navigation *SHZ*Klima;Chrom-Paket   Start - Stop   Navi;€ 16.990;Fairer Preis;175.100 km;Automatik;05/2014;Diesel;125 kW (170 PS);6,1 l/100 km;nan;Autoscout24.de
Peugeot;2008;1.2 CROSSWAY|APPLE|KAMERA|AMBIENTE;Sitzheizung, Einparkhilfe Kamera, Multifunktionslenkrad, Panoramadach, Geschwindigkeits-begrenzungsanlage, Pannenkit, Ambientebeleuchtung, Tempomat;€ 9.990;Sehr guter Preis;100.000 km;Automatik;07/2016;Benzin;81 kW (110 PS);4,8 l/100 km;110 g/km;Autoscout24.de
BMW;116;i|1. Hand|LED TFL|Start/Stopp|AUX/USB|EURO6!;Traktionskontrolle, Regensensor, Radio, Armlehne, Isofix, LED-Tagfahrlicht, Klimaautomatik, Wegfahrsperre;€ 10.499;Sehr guter Preis;84.056 km;Schaltgetriebe;06/2016;Benzin;80 kW (109 PS);5,4 l/100 km;128 g/km;Autoscout24.de
Opel;Mokka;1.6 CDTI ecoFlex Innovation Navi FLA LM;Bi-Xenon Scheinwerfer, Bordcomputer, ABS, Einparkhilfe Sensoren hinten, Touchscreen, Einparkhilfe Kamera, Einparkhilfe Sensoren vorne, teilb. Rücksitzbank;€ 9.490;Sehr guter Preis;112.850 km;Schaltgetriebe;06/2015;Diesel;100 kW (136 PS);nan;nan;Autoscout24.de
Ford;S-Max;1.6 EcoBoost Trend *PDC*SHZ*;❗Service Historie und Gebrauchtspureninfos auf Anruf;€ 9.710;Sehr guter Preis;95.084 km;Schaltgetriebe;05/2014;Benzin;118 kW (160 PS);6,8 l/100 km;159 g/km;Autoscout24.de
Kia;;CEED SW 1.6 EDITION7  EMOTION OHNE KLIMA;Zentralverriegelung, Sitzheizung, Alufelgen, Isofix, Multifunktionslenkrad, Seitenairbag, Dachreling, Radio;€ 7.960;Sehr guter Preis;94.600 km;Schaltgetriebe;03/2014;Benzin;99 kW (135 PS);nan;nan;Autoscout24.de
Opel;Zafira Tourer;C 1.6 Innovation  CNG ERDGAS 7SITZE;Bluetooth, Alufelgen, Freisprecheinrichtung, Armlehne, Reifendruckkontrollsystem, Notrufsystem, Zentralverriegelung mit Funkfernbedienung, Tagfahrlicht;€ 7.500;Sehr guter Preis;134.272 km;Schaltgetriebe;09/2015;Erdgas (CNG);110 kW (150 PS);nan;nan;Autoscout24.de
Opel;Insignia;A ST 2.0D INNOV. NAVI/LED/KAMERA/SHZ;Einparkhilfe Kamera, Getönte Scheiben, Android Auto, Sprachsteuerung, Einparkhilfe Sensoren vorne, Multifunktionslenkrad, Sommerreifen, Sitzheizung;€ 6.700;nan;140.990 km;Automatik;05/2016;Diesel;125 kW (170 PS);5,5 l/100 km;145 g/km;Autoscout24.de
Nissan;Qashqai;Visia *PDC*RADIO*KLIMA*XENON*TEMPOMAT*;Alufelgen, Spurhalteassistent, Getönte Scheiben, Tempomat, Anhängerkupplung, Einparkhilfe Sensoren hinten, Geschwindigkeits-begrenzungsanlage, Beifahrerairbag;€ 9.299;Sehr guter Preis;116.591 km;Schaltgetriebe;09/2016;Benzin;85 kW (116 PS);5,6 l/100 km;129 g/km;Autoscout24.de
Hyundai;i20;Classic,Klima, 8-fach bereift, Seh sauber;E10-geeignet, Fahrerairbag, Klimaanlage, Elektrische Seitenspiegel, Traktionskontrolle, Klimaautomatik, CD, Bluetooth;€ 6.499;Guter Preis;65.858 km;Schaltgetriebe;09/2014;Benzin;63 kW (86 PS);4,9 l/100 km;114 g/km;Autoscout24.de
BMW;X3;xDrive20d xLine   Standklima   Harman-Kardon;Spoiler, Head-up display, Navigationssystem, 2-Zonen-Klimaautomatik, Isofix, Sportsitze, Sommerreifen, Ambientebeleuchtung;€ 12.950;Sehr guter Preis;195.854 km;Schaltgetriebe;09/2014;Diesel;140 kW (190 PS);nan;136 g/km;Autoscout24.de
Ford;Fiesta;Sport;Isofix, Sportfahrwerk, Freisprecheinrichtung, Beheizbare Frontscheibe, Getönte Scheiben, Fahrerairbag, Sitzheizung, Sportpaket;€ 5.999;Sehr guter Preis;142.500 km;Schaltgetriebe;03/2016;Benzin;92 kW (125 PS);4,3 l/100 km;99 g/km;Autoscout24.de
Audi;Q5;2.0TDI/S Line/Leder/Pano/Navi/Bi-Xeno/AHK/PDC;Panoramadach, Sportpaket, 3-Zonen-Klimaautomatik, Scheinwerferreinigung, Sportfahrwerk, Elektrische Sitze, Fahrerairbag, Ambientebeleuchtung;€ 18.500;Sehr guter Preis;154.000 km;Automatik;01/2015;Diesel;140 kW (190 PS);5,7 l/100 km;151 g/km;Autoscout24.de
Opel;Meriva;B Innovation*Tempomat*Sitzheizung*;Einparkhilfe Sensoren hinten, Radio, Beifahrerairbag, Sitzheizung, Tempomat, Alufelgen, Bluetooth, Getönte Scheiben;€ 7.290;Guter Preis;128.969 km;Schaltgetriebe;09/2016;Diesel;100 kW (136 PS);4,4 l/100 km;116 g/km;Autoscout24.de
SEAT;Leon;ST 2.0d 4Drive 4x4 DSG X-Perience PANO+LED+;Allrad, Schiebedach, LED-Scheinwerfer, Einparkhilfe Sensoren vorne, Sportpaket, Reifendruckkontrollsystem, USB, Sitzheizung;€ 11.750;Sehr guter Preis;150.000 km;Automatik;10/2016;Diesel;135 kW (184 PS);4,7 l/100 km;125 g/km;Autoscout24.de
Tesla;Model S;90D Allradantrieb Autopilot,Pano,HighSound,Navi;Volldigitales Kombiinstrument, Einparkhilfe selbstlenkendes System, ABS, Einparkhilfe Kamera, Schlüssellose Zentralverriegelung, Alarmanlage, Radio, Spurhalteassistent; ;nan;nan;nan;nan;nan;nan;nan;nan;Autoscout24.de
Volkswagen;Golf;VII Lim. Highline BMT Navi,Kamera,BiXeno+WR;Finanzierung ab 6,29% / Sofortankauf & Inzahlungnahme;€ 10.300;Sehr guter Preis;126.470 km;Schaltgetriebe;04/2014;Benzin;103 kW (140 PS);5,2 l/100 km;119 g/km;Autoscout24.de
BMW;220;Coupé M Sport LED NaviBusiness FernlichtAss;Ihr BMW Servicepartner für die Region Hannover;€ 13.999;Guter Preis;194.000 km;Schaltgetriebe;08/2017;Diesel;140 kW (190 PS);4,3 l/100 km;nan;Autoscout24.de
Volkswagen;Polo;V Trendline. Navi. Klima. PDC. Temp.;Seit 1963 Ihr KFZ-Meisterbetrieb in Mainz Bretzenheim;€ 6.990;Guter Preis;119.900 km;Schaltgetriebe;01/2016;Benzin;44 kW (60 PS);nan;nan;Autoscout24.de
Hyundai;i30;CW 1.6CRDi Select LEDTgf~Tempomat~AHK;Freisprecheinrichtung, Alufelgen, USB, Beifahrerairbag, Anhängerkupplung, Tempomat, Fernlichtassistent, Isofix;€ 8.950;Guter Preis;131.299 km;Schaltgetriebe;10/2017;Diesel;81 kW (110 PS);3,8 l/100 km;99 g/km;Autoscout24.de
Audi;A3;Sportback quattro S Line Sportpaket Aut. Navi;Sportfahrwerk, Sportpaket, Sportsitze, Allrad, Navigationssystem, Multifunktionslenkrad, Bordcomputer, Einparkhilfe Kamera;€ 15.890;Sehr guter Preis;133.104 km;Automatik;02/2015;Diesel;135 kW (184 PS);4,9 l/100 km;130 g/km;Autoscout24.de
Skoda;Fabia;Cool Edition;Fahrerairbag, Klimaanlage, Alufelgen, Radio, Sommerreifen, Beifahrerairbag, Isofix;€ 7.390;Sehr guter Preis;59.939 km;Schaltgetriebe;08/2014;Benzin;63 kW (86 PS);5,2 l/100 km;123 g/km;Autoscout24.de
Renault;Megane;3 1.6 110PS Lim. 5-trg Tempomat Klima;Qualität - Zuverlässigkeit - Sicherheit;€ 7.899;Sehr guter Preis;54.561 km;Schaltgetriebe;06/2015;Benzin;81 kW (110 PS);6,9 l/100 km;159 g/km;Autoscout24.de
Ford;Mondeo;Titanium Automatik Memory Teilleder Navi;Leder Alcantara;€ 8.990;Sehr guter Preis;199.887 km;Automatik;12/2016;Diesel;132 kW (179 PS);4,9 l/100 km;nan;Autoscout24.de
Peugeot;308;LIM. 1.5D ACTIVE NAVI/LED/PDC/TEMP./SPORT;ESP, Touchscreen, Bluetooth, Navigationssystem, Sportsitze, Fahrerairbag, Sprachsteuerung, Armlehne;€ 7.450;Sehr guter Preis;141.650 km;Schaltgetriebe;09/2018;Diesel;96 kW (131 PS);3,6 l/100 km;95 g/km;Autoscout24.de
Ford;Tourneo Connect;1.6 TDCi 5 SITZE TITANIUM PANO;Beifahrerairbag, Alufelgen, Klimaanlage, Panoramadach, Einparkhilfe Sensoren hinten, Bordcomputer, Bluetooth, Kurvenlicht;€ 12.480;Sehr guter Preis;94.506 km;Schaltgetriebe;03/2015;Diesel;85 kW (116 PS);4,9 l/100 km;130 g/km;Autoscout24.de
Nissan;X-Trail;1.6 dCi Visia 7 Sitzer/Navi/LED/Pano/Leder;Sommerreifen, Elektrische Sitze, Winterreifen, Sitzheizung, Tempomat, Bordcomputer, 2-Zonen-Klimaautomatik, Schiebedach;€ 10.980;Guter Preis;262.137 km;Automatik;06/2017;Diesel;96 kW (131 PS);nan;nan;Autoscout24.de
Mercedes-Benz;C 220;d Kombi AMG-Line|PDC|SHZ|SBL|Navi|Klima|USB;Sportpaket, Einparkhilfe Kamera, Navigationssystem, Getönte Scheiben, Sitzbelüftung, Sportfahrwerk, Klimaanlage, LED-Scheinwerfer;€ 15.890;Fairer Preis;200.000 km;Automatik;05/2015;Diesel;125 kW (170 PS);4,3 l/100 km;114 g/km;Autoscout24.de
Audi;A4;Avant  quattro *ACC*KAMERA*APS*AHK*NAVI*PDC*;Allrad, Einparkhilfe Kamera, Scheinwerferreinigung, Navigationssystem, Anhängerkupplung, Regensensor, LED-Tagfahrlicht, Sommerreifen;€ 10.499;Sehr guter Preis;215.442 km;Automatik;12/2014;Diesel;130 kW (177 PS);5,3 l/100 km;140 g/km;Autoscout24.de
Hyundai;i30;i30cw 1.6 Automatik Style;2-Zonen-Klimaautomatik, Sitzheizung, Pannenkit, Tempomat, Wegfahrsperre, Regensensor, Multifunktionslenkrad, Bi-Xenon Scheinwerfer;€ 9.870;Sehr guter Preis;122.195 km;Automatik;06/2015;Benzin;99 kW (135 PS);6,8 l/100 km;136 g/km;Autoscout24.de
Ford;EcoSport;Trend;Sitzheizung, Einparkhilfe Sensoren vorne, Traktionskontrolle, USB, Einparkhilfe Sensoren hinten, Alufelgen, Nebelscheinwerfer, Freisprecheinrichtung;€ 7.390;Guter Preis;118.281 km;Schaltgetriebe;07/2015;Benzin;92 kW (125 PS);5,4 l/100 km;125 g/km;Autoscout24.de
Audi;A4;2.0 TDI ultra *Automatik*Navi*SHZ*;Einparkhilfe Kamera, LED-Scheinwerfer, Sportfahrwerk, 3-Zonen-Klimaautomatik, Navigationssystem, Sitzheizung, Elektrische Heckklappe, Getönte Scheiben;€ 16.900;Fairer Preis;191.140 km;Automatik;03/2018;Diesel;110 kW (150 PS);3,9 l/100 km;99 g/km;Autoscout24.de
BMW;318;"d Tou Sport Line NAVI+LED+SHZ+TEMP+AHK+M18""";Sportfahrwerk, Sportsitze, Anhängerkupplung, 3-Zonen-Klimaautomatik, Ambientebeleuchtung, LED-Scheinwerfer, Elektrische Seitenspiegel, Einparkhilfe Sensoren vorne;€ 12.950;Sehr guter Preis;167.000 km;Schaltgetriebe;07/2019;Diesel;110 kW (150 PS);nan;nan;Autoscout24.de
Volkswagen;Tiguan;*TopZustand*NAVI*PDC*Klima*8xALU*Garantie;Getönte Scheiben, Navigationssystem, Touchscreen, Alufelgen, Sommerreifen, Bluetooth, Notbremsassistent, Tempomat;€ 11.980;Sehr guter Preis;125.700 km;Automatik;05/2014;Benzin;118 kW (160 PS);7,1 l/100 km;164 g/km;Autoscout24.de
Volkswagen;Sharan;Comfortline 2.0 TDI Automatik/ Navi/ AHK;Alufelgen, Anhängerkupplung, Beifahrerairbag, Einparkhilfe Sensoren vorne, Navigationssystem, Getönte Scheiben, Sitzheizung, Apple CarPlay;€ 14.990;Sehr guter Preis;159.215 km;Automatik;07/2016;Diesel;110 kW (150 PS);5,2 l/100 km;136 g/km;Autoscout24.de
Mitsubishi;Outlander;Diamant Edition 4WD;Allrad, Radio, LED-Tagfahrlicht, Sprachsteuerung, Sitzheizung, Anhängerkupplung, Apple CarPlay, Kurvenlicht;€ 12.300;Guter Preis;155.800 km;Automatik;03/2015;Diesel;110 kW (150 PS);5,4 l/100 km;143 g/km;Autoscout24.de
Volkswagen;T-Roc;2.0TSI Sport 4Motion DSG AID KAM ACC LED;Sportfahrwerk, Volldigitales Kombiinstrument, Ambientebeleuchtung, Einparkhilfe Kamera, Abstandstempomat, Standheizung, LED-Scheinwerfer, Allrad;€ 17.999;Sehr guter Preis;135.700 km;Automatik;03/2018;Benzin;140 kW (190 PS);6,7 l/100 km;152 g/km;Autoscout24.de
Mercedes-Benz;CLS 250;SHOOTING BRAKE LEDER+NAVI+ILS+SPORT+TÜV+;Standheizung,Distronic,AktivPark,Reg.Wartung;€ 22.850;Sehr guter Preis;109.600 km;Automatik;07/2014;Diesel;150 kW (204 PS);5,3 l/100 km;139 g/km;Autoscout24.de
Audi;A3;1.6 TDI Ambiente Navi/Temp/Xenon/Shzg/Klimaau;Alufelgen, Beifahrerairbag, Bordcomputer, Sportpaket, Armlehne, Sitzheizung, Elektrische Seitenspiegel, Bi-Xenon Scheinwerfer;€ 12.490;Fairer Preis;138.000 km;Schaltgetriebe;09/2016;Diesel;81 kW (110 PS);nan;nan;Autoscout24.de
Mazda;CX-30;"Prime-Line KLIMA+NAVI+ALARM+KAMERA+LED+16""+HUD ...";Sicherer EU-Neuwagenkauf zum Bestpreis seit 1999!;€ 22.890;nan;0 km;Schaltgetriebe;nan;Benzin;103 kW (140 PS);nan;135 g/km;Autoscout24.de
Mercedes-Benz;A 180;d Kamera*Automatik;Einparkhilfe Kamera, Reifendruckkontrollsystem, Regensensor, Klimaautomatik, Seitenairbag, Beifahrerairbag, Tempomat;€ 14.998;Guter Preis;192.800 km;Automatik;04/2020;Diesel;85 kW (116 PS);4,0 l/100 km;117 g/km;Autoscout24.de
BMW;116;Baureihe 1 Lim. 5-trg. 116 i 61 TKM;Sitzheizung, E10-geeignet, Einparkhilfe Sensoren vorne, Tempomat, Alufelgen, Traktionskontrolle, Nebelscheinwerfer, Einparkhilfe Sensoren hinten;€ 12.599;Sehr guter Preis;61.250 km;Schaltgetriebe;09/2017;Benzin;80 kW (109 PS);5,3 l/100 km;123 g/km;Autoscout24.de
Mazda;3;Lim. 2.0 SKYACTIVE VISION KLIMA/SHZ/PDC/TEMP.;2-Zonen-Klimaautomatik, Tempomat, Sitzheizung, Touchscreen, Bluetooth, Lederlenkrad, Einparkhilfe Sensoren hinten, Zentralverriegelung;€ 11.450;Sehr guter Preis;87.650 km;Automatik;05/2014;Benzin;88 kW (120 PS);5,6 l/100 km;129 g/km;Autoscout24.de
Mercedes-Benz;E 220;CDI T-Modell BE 2. HAND LED NAVI PDC SHZ;Unsere Fahrzeuge werden aller von der DEKRA begutachtet;€ 16.990;Guter Preis;125.000 km;Automatik;01/2014;Diesel;125 kW (170 PS);5,0 l/100 km;132 g/km;Autoscout24.de
BMW;218;*Aut.*Klimaaut.*PDC*AHK*7xSitzer*;Klimaanlage, Multifunktionslenkrad, Anhängerkupplung, Elektr. Fensterheber, Sommerreifen, Alufelgen, Dachreling, Ambientebeleuchtung;€ 13.990;Fairer Preis;97.897 km;Automatik;11/2015;Benzin;100 kW (136 PS);5,3 l/100 km;126 g/km;Autoscout24.de
Mazda;3;2.0 SkyActive-G Center-Line, Navi, Klima;2-Zonen-Klimaautomatik, Alufelgen, Sitzheizung, MP3, Einparkhilfe Sensoren hinten, Navigationssystem, USB, Geschwindigkeits-begrenzungsanlage;€ 10.850;Sehr guter Preis;104.500 km;Schaltgetriebe;06/2015;Benzin;88 kW (120 PS);5,1 l/100 km;119 g/km;Autoscout24.de
Mercedes-Benz;B 180;BlueEFFICIENCY Aut.-Navi-Xenon-Kamera-SHZ-;Alufelgen, Elektrische Seitenspiegel, Sportpaket, Einparkhilfe Kamera, Sportfahrwerk, Einparkhilfe selbstlenkendes System, Sitzheizung, Bi-Xenon Scheinwerfer;€ 14.900;Sehr guter Preis;39.500 km;Automatik;12/2014;Benzin;90 kW (122 PS);5,6 l/100 km;nan;Autoscout24.de
Volkswagen;Golf;VII 1.2 TSI DSG Comfortline NAVI KLIMA PNAO P;Panoramadach, Navigationssystem, Lordosenstütze, 2-Zonen-Klimaautomatik, Wegfahrsperre, Sitzheizung, Einparkhilfe Sensoren vorne, MP3;€ 12.990;Sehr guter Preis;25.000 km;Automatik;09/2014;Benzin;81 kW (110 PS);nan;nan;Autoscout24.de
Audi;A3;Sportback*2.Hand*Xenon*Navi*PDC*AHK*Alu*Klima;Sportfahrwerk, Einparkhilfe Sensoren hinten, Bordcomputer, Sommerreifen, Sportpaket, Sitzheizung, Xenonscheinwerfer, LED-Tagfahrlicht;€ 12.597;Sehr guter Preis;127.900 km;Schaltgetriebe;03/2015;Benzin;92 kW (125 PS);5,1 l/100 km;121 g/km;Autoscout24.de
Jaguar;F-Pace;20d R-Sport 4x4 Jet-Dachhimmel;Seit 1963 Ihr KFZ-Meisterbetrieb in Mainz Bretzenheim;€ 16.900;Sehr guter Preis;157.741 km;Automatik;02/2017;Diesel;132 kW (179 PS);5,9 l/100 km;157 g/km;Autoscout24.de
MINI;Cooper S Clubman;"Automatik Klima Einparkhilfe LED Tempomat 17""Alu";LED-Scheinwerfer, Sportfahrwerk, ABS, Alufelgen, 2-Zonen-Klimaautomatik, Sportsitze, Sportpaket, ESP;€ 13.980;Sehr guter Preis;110.438 km;Automatik;12/2016;Benzin;141 kW (192 PS);6,2 l/100 km;147 g/km;Autoscout24.de
Ford;Focus;Turnier Titanium ZAHNRIEM NEU/ 2HAND/TEMP.;Getönte Scheiben, Einparkhilfe Sensoren vorne, Apple CarPlay, Sitzheizung, Beheizbare Frontscheibe, Touchscreen, Einparkhilfe Kamera, Klimaautomatik;€ 8.999;Guter Preis;98.000 km;Schaltgetriebe;11/2017;Benzin;92 kW (125 PS);4,8 l/100 km;114 g/km;Autoscout24.de
Volkswagen;Scirocco;1.4 TSI Sportpaket El. Panodach Navi SD SHZ Scheck;Sitzheizung, Sportpaket, Schiebedach, Sportfahrwerk, teilb. Rücksitzbank, Alufelgen, Navigationssystem, Panoramadach;€ 11.990;Sehr guter Preis;143.000 km;Schaltgetriebe;09/2015;Benzin;92 kW (125 PS);nan;nan;Autoscout24.de
Mercedes-Benz;GLC 220;d 4Matic Sitzh. Navi. Kamera Bluetooth;Seit 1963 Ihr KFZ-Meisterbetrieb in Mainz Bretzenheim;€ 22.990;Fairer Preis;159.000 km;Automatik;05/2017;Diesel;125 kW (170 PS);5,0 l/100 km;129 g/km;Autoscout24.de
BMW;320;320 d Efficient Dynamics Advantage;Navigationssystem, Alufelgen, Elektrische Seitenspiegel, Armlehne, Klimaautomatik, Skisack, Tempomat, Beifahrerairbag;€ 11.100;Fairer Preis;222.200 km;Schaltgetriebe;03/2016;Diesel;120 kW (163 PS);3,9 l/100 km;103 g/km;Autoscout24.de
Land Rover;Discovery Sport;HSE TD4 Aut. *KAMERA/NAVI/LEDER*;Sportfahrwerk, Allrad, Sitzheizung, Notbremsassistent, Sommerreifen, Navigationssystem, Elektrische Sitze, USB;€ 13.900;Sehr guter Preis;181.218 km;Automatik;10/2015;Diesel;132 kW (179 PS);5,3 l/100 km;171 g/km;Autoscout24.de
Mercedes-Benz;C 220;BlueTec / d Lim. Avantgarde*Exclusive*LED;Tempomat, Einparkhilfe Sensoren vorne, LED-Scheinwerfer, Navigationssystem, Sitzheizung, Elektrische Sitze, Ambientebeleuchtung, Alufelgen;€ 19.998;Guter Preis;75.900 km;Automatik;06/2015;Diesel;125 kW (170 PS);4,0 l/100 km;109 g/km;Autoscout24.de
Opel;Astra;5-Türer, Dynamic;2-Zonen-Klimaautomatik, Sitzheizung, Spurhalteassistent, Einparkhilfe Sensoren vorne, Verkehrszeichenerkennung, Einparkhilfe Kamera, Navigationssystem, Nebelscheinwerfer;€ 10.950;Sehr guter Preis;85.117 km;Schaltgetriebe;10/2017;Benzin;92 kW (125 PS);nan;nan;Autoscout24.de
Suzuki;SX4;Club *KLIMA-WENIG KILOMETER-PDC-NAVI*;Navigationssystem, Klimaanlage, Touchscreen, Sprachsteuerung, Traktionskontrolle, Zentralverriegelung, Freisprecheinrichtung, ESP;€ 9.990;Sehr guter Preis;28.147 km;Schaltgetriebe;02/2015;Benzin;88 kW (120 PS);6,2 l/100 km;143 g/km;Autoscout24.de
Volkswagen;Golf;VII 1.4 TSI Highline;Bi-Xenon Scheinwerfer, Einparkhilfe Sensoren vorne, Alufelgen, Navigationssystem, Ambientebeleuchtung, Schiebedach, Panoramadach, Sitzheizung;€ 12.490;Guter Preis;117.250 km;Schaltgetriebe;06/2015;Benzin;110 kW (150 PS);nan;nan;Autoscout24.de
Peugeot;5008;Allure Business Ambiente 7-Sitze;Alufelgen, 2-Zonen-Klimaautomatik, Totwinkel-Assistent, Touchscreen, Einparkhilfe Sensoren vorne, Freisprecheinrichtung, Einparkhilfe Kamera, Lichtsensor;€ 13.900;Guter Preis;161.644 km;Schaltgetriebe;01/2020;Benzin;96 kW (131 PS);5,3 l/100 km;121 g/km;Autoscout24.de
Mazda;CX-5;2,2 Skyactiv-D Center-Line 2WD;Klimaanlage, Alufelgen, Elektrische Seitenspiegel, Sitzheizung, Ambientebeleuchtung, Einparkhilfe Sensoren vorne, Bluetooth, Touchscreen;€ 8.449;Guter Preis;175.000 km;Schaltgetriebe;04/2014;Diesel;110 kW (150 PS);4,6 l/100 km;122 g/km;Autoscout24.de
Mazda;CX-3;Center-Line Anhängerkupplung;Alufelgen, MP3, Touchscreen, Pannenkit, Notbremsassistent, Klimaautomatik, CD, Tempomat;€ 11.990;Guter Preis;102.000 km;Schaltgetriebe;11/2015;Benzin;88 kW (120 PS);nan;nan;Autoscout24.de
Mercedes-Benz;CLS 450;CLS 450 4M COMAND/SHD/Distron/Burmest/Kamera;Soundsystem, Abstandstempomat, teilb. Rücksitzbank, Volldigitales Kombiinstrument, Schiebedach, Ambientebeleuchtung, Totwinkel-Assistent, Beifahrerairbag;€ 37.980;Sehr guter Preis;67.987 km;Automatik;04/2018;Benzin;270 kW (367 PS);8,7 l/100 km;197 g/km;Autoscout24.de
Hyundai;i20;Classic Klima- SHZ-1 Hand;Klimaanlage, Beifahrerairbag, Fahrerairbag, Elektrische Seitenspiegel, Sitzheizung, Radio, USB, Isofix;€ 6.250;Guter Preis;78.400 km;Schaltgetriebe;02/2014;Benzin;63 kW (86 PS);nan;nan;Autoscout24.de
Skoda;Yeti;Cool Edition Outdoor 4x4*1.Hand*Klima*PDC*;Allrad, Bluetooth, Freisprecheinrichtung, USB, Sitzheizung, Sommerreifen, Fahrerairbag, Scheinwerferreinigung;€ 16.597;Guter Preis;54.450 km;Schaltgetriebe;05/2016;Benzin;110 kW (150 PS);6,3 l/100 km;149 g/km;Autoscout24.de
Ford;Tourneo Courier;1.0 TREND 5-SITZER KLIMA/SHZ/AHK;Getönte Scheiben, Schiebetür rechts, Anhängerkupplung, Einparkhilfe Sensoren hinten, Klimaanlage, USB, Bluetooth, Armlehne;€ 4.250;Sehr guter Preis;186.900 km;Schaltgetriebe;06/2015;Benzin;74 kW (101 PS);5,4 l/100 km;128 g/km;Autoscout24.de
Mercedes-Benz;Citan;Kombi 111 CDI lang Klima Tüv neu;Klimaanlage, Beifahrerairbag, Alufelgen, Lederlenkrad, 2-Zonen-Klimaautomatik, Regensensor, Schiebetür rechts, Sitzheizung;€ 11.600;Sehr guter Preis;88.000 km;Schaltgetriebe;03/2016;Diesel;81 kW (110 PS);4,7 l/100 km;125 g/km;Autoscout24.de
Peugeot;208;Active*Klima*Radio*BT;E10-geeignet, Elektrische Seitenspiegel, Bluetooth, Tempomat, Seitenairbag, Wegfahrsperre, Freisprecheinrichtung, Touchscreen;€ 7.638;Guter Preis;72.000 km;Schaltgetriebe;01/2017;Benzin;60 kW (82 PS);4,5 l/100 km;107 g/km;Autoscout24.de
Volkswagen;Golf Variant;Golf VII Variant 2.0 TDI BMT *PANO/AHK/STANDHEIZ*;Standheizung, Alufelgen, Sitzheizung, Schiebedach, Multifunktionslenkrad, Navigationssystem, Abstandstempomat, Einparkhilfe Sensoren vorne;€ 7.900;Sehr guter Preis;227.890 km;Schaltgetriebe;03/2015;Diesel;110 kW (150 PS);4,2 l/100 km;108 g/km;Autoscout24.de
Audi;A4;Avant S line Sportpaket / plus quattro*B&O*NAVI*XE;Sportsitze, Allrad, Sportpaket, Sportfahrwerk, Navigationssystem, Multifunktionslenkrad, LED-Tagfahrlicht, Soundsystem;€ 15.970;Fairer Preis;156.000 km;Automatik;05/2014;Benzin;165 kW (224 PS);6,7 l/100 km;159 g/km;Autoscout24.de
Peugeot;2008;PureTech 110 EAT6 CARPLAY LEDER TEMPOMAT KLIMAAUT;Sportsitze, Ambientebeleuchtung, E10-geeignet, Apple CarPlay, Dachreling, Seitenairbag, Regensensor, Touchscreen;€ 10.990;Sehr guter Preis;76.420 km;Automatik;01/2017;Benzin;81 kW (110 PS);5,6 l/100 km;129 g/km;Autoscout24.de
Audi;Q3;2.0 TDI quattro S-Tronic S-Line Bi-Xenon AHK;Seit 1963 Ihr KFZ-Meisterbetrieb in Mainz Bretzenheim;€ 17.900;Guter Preis;161.000 km;Automatik;02/2016;Diesel;135 kW (184 PS);5,6 l/100 km;146 g/km;Autoscout24.de
MINI;Cooper;, 1. Hand, Navi, Panorama-Schiebedach! Klima;Schiebedach, Navigationssystem, Ambientebeleuchtung, 2-Zonen-Klimaautomatik, Panoramadach, Sitzheizung, USB, Einparkhilfe Sensoren hinten;€ 13.990;Sehr guter Preis;97.448 km;Automatik;02/2017;Benzin;100 kW (136 PS);nan;nan;Autoscout24.de
Land Rover;Discovery Sport;HSE*Navi*AHK*360°Kamera*Stdhzg*;Finanzierung o. Anzahlung / Garantie 12 Monate;€ 15.980;Sehr guter Preis;124.900 km;Automatik;05/2016;Diesel;110 kW (150 PS);nan;0 g/km;Autoscout24.de
Opel;Astra;Edition Start/Stop;Einparkhilfe Kamera, 2-Zonen-Klimaautomatik, Start/Stop-Automatik, DAB-Radio, USB, Tagfahrlicht, Totwinkel-Assistent, Alufelgen;€ 7.950;Fairer Preis;246.500 km;Automatik;04/2021;Diesel;90 kW (122 PS);4,2 l/100 km;112 g/km;Autoscout24.de
Volkswagen;Caddy;PKW Maxi Trendline BMT 7 - Sitzer;Alufelgen, Multifunktionslenkrad, Sportpaket, Getönte Scheiben, Sportfahrwerk, Start/Stop-Automatik, Sitzheizung, Isofix;€ 10.500;Erhöhter Preis;238.944 km;Schaltgetriebe;12/2015;Diesel;75 kW (102 PS);4,7 l/100 km;122 g/km;Autoscout24.de
Skoda;Fabia;1.0 MPI Ambit CLIMATRONIK+SHZ+PDC+TEMP+DAB;Sportsitze, Sitzheizung, Zentralverriegelung, Einparkhilfe Sensoren vorne, Apple CarPlay, Tempomat, Einparkhilfe Sensoren hinten, Isofix;€ 9.950;Sehr guter Preis;46.267 km;Schaltgetriebe;03/2019;Benzin;55 kW (75 PS);4,8 l/100 km;110 g/km;Autoscout24.de
BMW;330;"Gran Turismo xDrive Luxury Line Pano Hud 19""";Sportfahrwerk, Head-up display, Sportpaket, Abstandstempomat, Elektrische Sitze, Sportsitze, LED-Tagfahrlicht, Einparkhilfe Sensoren hinten;€ 18.990;Fairer Preis;187.700 km;Automatik;10/2014;Diesel;190 kW (258 PS);5,4 l/100 km;143 g/km;Autoscout24.de
Mercedes-Benz;Citan;Kasten 108 CDI lang;Armlehne, Schiebetür rechts, Radio, Tagfahrlicht, Bluetooth, Elektrische Seitenspiegel, Fahrerairbag, Zentralverriegelung;€ 2.990;Sehr guter Preis;271.000 km;Schaltgetriebe;06/2014;Diesel;55 kW (75 PS);4,7 l/100 km;125 g/km;Autoscout24.de
Audi;A4;Avant 2.0 TDI S tronic line AHK NAVI XENON 18 GRA;Sportpaket, Fahrerairbag, Sportfahrwerk, Allrad, Sitzheizung, Sportsitze, MP3, Scheinwerferreinigung;€ 16.450;Guter Preis;136.500 km;Automatik;04/2015;Diesel;130 kW (177 PS);nan;nan;Autoscout24.de
Kia;Carens;Dream Team/Mfl/Navi/Shz/Navi/7-Sitzer/;Navigationssystem, Beifahrerairbag, Sitzheizung, Tempomat, Elektr. Fensterheber, Alufelgen, Einparkhilfe Kamera, Dachreling;€ 11.990;Sehr guter Preis;77.383 km;Schaltgetriebe;04/2018;Benzin;99 kW (135 PS);6,5 l/100 km;150 g/km;Autoscout24.de
Nissan;X-Trail;1.6 Panorama 360Kamera PDC Navi;Auto kauft man mit Vertrauen u Garantie;€ 14.200;Sehr guter Preis;118.803 km;Automatik;03/2017;Diesel;96 kW (131 PS);nan;nan;Autoscout24.de
Ford;Transit Custom;Kombi 300 L1 2.2 TDCi *1992 *EXPORT;Beifahrerairbag, Notrad, Start/Stop-Automatik, CD, Radio, Zentralverriegelung, Schiebetür rechts, Katalysator;€ 7.988;Guter Preis;255.000 km;Schaltgetriebe;01/2015;Diesel;74 kW (101 PS);nan;nan;Autoscout24.de
Volvo;V70;Kombi Linje Classic;Elektrische Heckklappe, Alufelgen, Sportfahrwerk, Schiebedach, LED-Tagfahrlicht, Volldigitales Kombiinstrument, Elektrische Sitze, Abstandswarner;€ 8.900;Sehr guter Preis;195.697 km;Schaltgetriebe;05/2016;Diesel;110 kW (150 PS);4,1 l/100 km;113 g/km;Autoscout24.de
Peugeot;308;Peugeot 308 Automatik NAVI Touch BT KAMERA;Seit 1963 Ihr KFZ-Meisterbetrieb in Mainz Bretzenheim;€ 9.390;Sehr guter Preis;123.406 km;Automatik;06/2016;Benzin;96 kW (131 PS);4,9 l/100 km;119 g/km;Autoscout24.de
SEAT;Leon;ST Style;Über 1000 Fahrzeuge auf Lager und sofort verfügbar !!!;€ 9.990;Sehr guter Preis;107.200 km;Schaltgetriebe;06/2015;Benzin;92 kW (125 PS);5,3 l/100 km;126 g/km;Autoscout24.de
Audi;A4;Lim. design *NAVI*PDC*KAMERA*TEMPOMAT*;Einparkhilfe Kamera, Navigationssystem, Elektrische Heckklappe, Getönte Scheiben, Sitzheizung, Armlehne, Einparkhilfe Sensoren vorne, Bi-Xenon Scheinwerfer;€ 15.499;Fairer Preis;110.969 km;Schaltgetriebe;04/2017;Benzin;110 kW (150 PS);5,5 l/100 km;131 g/km;Autoscout24.de
Ford;C-Max;Titanium AHK KAMERA LED NAVI SHZ TEMPO PDC;- Ihre Zufriedenheit ist unser Antrieb -;€ 10.450;Sehr guter Preis;67.269 km;Schaltgetriebe;07/2017;Benzin;92 kW (125 PS);6,2 l/100 km;146 g/km;Autoscout24.de
Ford;Transit Custom;Kasten 290 L2 Trend °Klima°AHK°;Tempomat, Radio, Einparkhilfe Sensoren vorne, Klimaanlage, USB, Geschwindigkeits-begrenzungsanlage, Multifunktionslenkrad, Allwetterreifen;€ 10.800;nan;80.225 km;Schaltgetriebe;06/2014;Diesel;96 kW (131 PS);nan;nan;Autoscout24.de
Fiat;Doblo;1.6 SX Kombi Lounge Klimaauto Allwetter;Über 400 Dacia Neuwagen im Bestand/3 Jahre Garantie;€ 4.490;Guter Preis;252.700 km;Schaltgetriebe;09/2014;Diesel;77 kW (105 PS);5,2 l/100 km;138 g/km;Autoscout24.de
Fiat;500;1.2 8V Lounge Navi/Pano/Sitzh/Temp/DAB/PDC;Klimaautomatik, Einparkhilfe Sensoren hinten, Alufelgen, Sitzheizung, E10-geeignet, Navigationssystem, Regensensor, Sommerreifen;€ 8.880;Sehr guter Preis;75.419 km;Schaltgetriebe;03/2019;Benzin;51 kW (69 PS);nan;nan;Autoscout24.de
Genesis;G80;3.8 V6 /Pano/Head-Up/Soft Cl./360;Fahrerairbag, Sitzheizung, 3-Zonen-Klimaautomatik, Totwinkel-Assistent, Einparkhilfe Kamera, Beheizbares Lenkrad, Soundsystem, Einparkhilfe Sensoren vorne;€ 21.950;Sehr guter Preis;122.700 km;Automatik;06/2014;Benzin;232 kW (315 PS);11,6 l/100 km;274 g/km;Autoscout24.de
Audi;A6;Avant 2.0 TDI S-Tronic Ultra NAV+XEN+PANO+KAM;Einparkhilfe Kamera, Sportfahrwerk, Panoramadach, Sportsitze, CD, Schlüssellose Zentralverriegelung, Alufelgen, Lordosenstütze;€ 19.749;Erhöhter Preis;194.750 km;Automatik;03/2018;Diesel;140 kW (190 PS);4,7 l/100 km;nan;Autoscout24.de
BMW;120;120d xDrive Autom.,Navig,el.GSD,Harman/Kardon;Car Garantie incl.;€ 13.900;Sehr guter Preis;116.000 km;Automatik;07/2016;Diesel;140 kW (190 PS);nan;nan;Autoscout24.de
Skoda;Rapid/Spaceback;1.2 TSI Joy*PDC*SHZ*AHK*TEMPO*KLIMA*GARANTIE*;❗Service Historie und Gebrauchtspureninfos auf Anruf;€ 8.540;Sehr guter Preis;109.545 km;Schaltgetriebe;05/2016;Benzin;81 kW (110 PS);4,9 l/100 km;110 g/km;Autoscout24.de
Dacia;Dokker;Stepway 1.2 TCe 115 ALLWETTER PDC KLIMA RADIO;Herbstangebot!;€ 8.990;Sehr guter Preis;120.190 km;Schaltgetriebe;01/2017;Benzin;85 kW (116 PS);nan;nan;Autoscout24.de
Audi;SQ5;3.0 TDI QUT FACE*VIRT*MATRIX*KAM*RS-SITZE*22';Volldigitales Kombiinstrument, Sportsitze, Luftfederung, Panoramadach, Allrad, Elektr. Fensterheber, Beifahrerairbag, Soundsystem;€ 32.900;Sehr guter Preis;212.000 km;Automatik;06/2020;Diesel;255 kW (347 PS);6,8 l/100 km;177 g/km;Autoscout24.de
Volkswagen;T-Roc;Style*LED*NAVI*DSG*ACC*SITZHZG*110KW*;Sportfahrwerk, Einparkhilfe Kamera, Navigationssystem, Sitzheizung, Einparkhilfe Sensoren vorne, LED-Scheinwerfer, Abstandstempomat, Volldigitales Kombiinstrument;€ 19.750;Sehr guter Preis;54.871 km;Automatik;05/2018;Benzin;110 kW (150 PS);5,4 l/100 km;123 g/km;Autoscout24.de
Mercedes-Benz;Vito;Tourer 116 Extralang *AHK+ Klima* (2319);Standheizung, Reifendruckkontrollsystem, Tempomat, Anhängerkupplung, Seitenairbag, Schiebetür, Elektrische Seitenspiegel, Getönte Scheiben;€ 21.490;Sehr guter Preis;127.050 km;Schaltgetriebe;08/2016;Diesel;120 kW (163 PS);nan;nan;Autoscout24.de
SEAT;Ibiza;SC Cupra 1.8 TFSI Navi Sihzg Klimaaut Bi-Xenon;Sportfahrwerk, Navigationssystem, Xenonscheinwerfer, Sportsitze, Sitzheizung, Klimaanlage, Müdigkeitswarnsystem, teilb. Rücksitzbank;€ 11.990;Sehr guter Preis;97.690 km;Schaltgetriebe;10/2016;Benzin;141 kW (192 PS);nan;nan;Autoscout24.de
Opel;Corsa;D Color Edition 1,4L Klima Tüv Neu Topzust;Sitzheizung, Tempomat, Beifahrerairbag, Einparkhilfe Sensoren hinten, Bluetooth, Klimaanlage, Lederlenkrad, Sportfahrwerk;€ 6.490;Fairer Preis;111.000 km;Schaltgetriebe;11/2014;Benzin;64 kW (87 PS);5,7 l/100 km;135 g/km;Autoscout24.de
Land Rover;Range Rover Evoque;Td4 SE Dynamic Leder ab 149€;Seit 1963 Ihr KFZ-Meisterbetrieb in Mainz Bretzenheim;€ 16.990;Fairer Preis;150.000 km;Automatik;10/2017;Diesel;110 kW (150 PS);8,2 l/100 km;188 g/km;Autoscout24.de
Porsche;Macan;Turbo VOLL+PANO+STANDH+ACC+LED;Panoramadach, Sitzheizung, Sitzbelüftung, LED-Scheinwerfer, Beheizbares Lenkrad, Luftfederung, Sportsitze, Soundsystem;€ 29.950;Sehr guter Preis;174.000 km;Automatik;06/2016;Benzin;294 kW (400 PS);9,2 l/100 km;218 g/km;Autoscout24.de
Mercedes-Benz;ML 350;CDI AMG LINE H&K AHK PANO STANDHZ 21Z ALU;FINANZIERUNG ab 3,99%++GARANTIE bis 36 Monate++ANKAUF;€ 24.950;Guter Preis;175.000 km;Automatik;06/2014;Diesel;190 kW (258 PS);6,8 l/100 km;180 g/km;Autoscout24.de
Opel;Mokka X;1.6 Selection Start/Stop*AHK*KLIMA;Dachreling, Tempomat, Anhängerkupplung, Wegfahrsperre, E10-geeignet, Gepäckraumabtrennung, Reserverad, Klimaanlage;€ 9.590;Guter Preis;100.000 km;Schaltgetriebe;12/2016;Benzin;85 kW (116 PS);6,6 l/100 km;155 g/km;Autoscout24.de
BMW;225;xe iPerformance Active Tourer Luxury Line;BMW Vertragshändler - MINI Servicepartner;€ 17.930;Sehr guter Preis;38.000 km;Automatik;02/2018;Benzin;100 kW (136 PS);nan;nan;Autoscout24.de
Audi;A1;design 1.4 TFSI *XEN*NAV*8-fach*;Sitzheizung, Fahrerairbag, Sportsitze, Scheinwerferreinigung, Navigationssystem, Freisprecheinrichtung, Schlüssellose Zentralverriegelung, Seitenairbag;€ 12.390;Guter Preis;132.200 km;Schaltgetriebe;09/2017;Benzin;92 kW (125 PS);nan;nan;Autoscout24.de
Peugeot;208;Active*Sitzheizung*Lichtsensor*Klima*;Sitzheizung, Einparkhilfe Sensoren hinten, E10-geeignet, Lederlenkrad, Touchscreen, Zentralverriegelung, Pannenkit, Elektr. Fensterheber;€ 9.765;Sehr guter Preis;39.232 km;Schaltgetriebe;01/2019;Benzin;60 kW (82 PS);5,8 l/100 km;130 g/km;Autoscout24.de
Volkswagen;Passat;Passat 1.4 TSI BMT Comfortline NAVI+PDC+SHZ+ Navi;3-Zonen-Klimaautomatik, Navigationssystem, Sitzheizung, CD, Lordosenstütze, Einparkhilfe Sensoren vorne, Abstandswarner, Elektrische Sitze;€ 15.760;Guter Preis;26.890 km;Schaltgetriebe;07/2015;Benzin;92 kW (125 PS);5,3 l/100 km;123 g/km;Autoscout24.de
Mercedes-Benz;Sprinter;II Kasten 211 CDI;Schiebetür rechts, Klimaanlage, Elektrische Seitenspiegel, Allwetterreifen, Freisprecheinrichtung, USB, Einparkhilfe Sensoren vorne, Armlehne;€ 11.990;nan;185.532 km;Automatik;04/2018;Diesel;84 kW (114 PS);8,2 l/100 km;213 g/km;Autoscout24.de
Renault;Kadjar;Life TCE 130 *Klima*PDC*Garantie*wenig Kilometer;2-Zonen-Klimaautomatik, Regensensor, Soundsystem, Pannenkit, Reifendruckkontrollsystem, Beifahrerairbag, Wegfahrsperre, Klimaanlage;€ 11.800;Sehr guter Preis;67.550 km;Schaltgetriebe;03/2016;Benzin;96 kW (131 PS);5,9 l/100 km;126 g/km;Autoscout24.de
Kia;Picanto;Dream Team 1.0 Klimaautomatik SHZ Bluetooth Zentra;Pannenkit, Alufelgen, Sitzheizung, Klimaanlage, Elektr. Fensterheber, Klimaautomatik, Multifunktionslenkrad, Elektrische Seitenspiegel;€ 6.900;Sehr guter Preis;77.660 km;Schaltgetriebe;01/2016;Benzin;49 kW (67 PS);nan;nan;Autoscout24.de
Mazda;CX-5;Automatik 2.2 D SKYACTIVE 4x4 Exceed;Seit 1963 Ihr KFZ-Meisterbetrieb in Mainz Bretzenheim;€ 13.490;Fairer Preis;136.070 km;Automatik;10/2014;Diesel;110 kW (150 PS);5,5 l/100 km;144 g/km;Autoscout24.de
Audi;A3;SPORTBACK 2.0 TDI AMBITION NAVI XENON SHZ PDC;FINANZIERUNG ab 3,99%++GARANTIE bis 36 Monate++ANKAUF;€ 12.950;Sehr guter Preis;159.000 km;Automatik;09/2015;Diesel;110 kW (150 PS);4,4 l/100 km;116 g/km;Autoscout24.de
SEAT;Leon;2,0 TDI FR LED AHK NaviTouch RFKam PDC Pano;Einparkhilfe Sensoren vorne, Einparkhilfe Kamera, Sportfahrwerk, LED-Scheinwerfer, Elektrische Sitze, Schiebedach, Apple CarPlay, Panoramadach;€ 9.980;Fairer Preis;247.000 km;Schaltgetriebe;10/2016;Diesel;135 kW (184 PS);4,5 l/100 km;118 g/km;Autoscout24.de
Ford;Transit Connect;Transit Conn 1.5d Trend 3SIT+KLIMA+PDC+AHK+8FACH;Klimaanlage, Schiebetür rechts, Beheizbare Frontscheibe, Start/Stop-Automatik, Alufelgen, Elektr. Fensterheber, Lordosenstütze, Anhängerkupplung;€ 8.850;nan;124.993 km;Schaltgetriebe;07/2017;Diesel;74 kW (101 PS);4,8 l/100 km;124 g/km;Autoscout24.de
BMW;420;d XDrive Sportline Leder Automatik BiXenon;Sportfahrwerk, Sportpaket, Sportsitze, Schiebedach, Einparkhilfe Kamera, Navigationssystem, teilb. Rücksitzbank, Allrad;€ 19.499;Sehr guter Preis;122.000 km;Automatik;12/2015;Diesel;140 kW (190 PS);nan;nan;Autoscout24.de
Audi;Q5;2.0d Quatt Design MATRIX+VIRTU+NAV+KAM+ACC+SH;Volldigitales Kombiinstrument, 3-Zonen-Klimaautomatik, Elektrische Heckklappe, Sportpaket, Apple CarPlay, Navigationssystem, LED-Scheinwerfer, Allrad;€ 20.450;nan;161.231 km;Automatik;09/2017;Diesel;120 kW (163 PS);5,0 l/100 km;129 g/km;Autoscout24.de
Citroen;C3;Shine PDC+Navi+PANORAMA+Klimaauto+LED+Sitzhzg;Einparkhilfe Kamera, Apple CarPlay, Panoramadach, Fahrerairbag, E10-geeignet, Regensensor, Navigationssystem, Einparkhilfe Sensoren hinten;€ 9.990;Sehr guter Preis;59.997 km;Schaltgetriebe;08/2020;Benzin;60 kW (82 PS);4,2 l/100 km;96 g/km;Autoscout24.de
Volkswagen;Golf;VII Limousine *Klimaauto*Sitzheizung*Tempomat;2-Zonen-Klimaautomatik, Multifunktionslenkrad, Sitzheizung, Fahrerairbag, Alufelgen, Geschwindigkeits-begrenzungsanlage, Nebelscheinwerfer, Armlehne;€ 11.449;Sehr guter Preis;75.792 km;Schaltgetriebe;07/2015;Benzin;81 kW (110 PS);nan;nan;Autoscout24.de
Dacia;Sandero;II Stepway Prestige|LED TFL|Navi|PDC|E6!;Start/Stop-Automatik, Klimaanlage, Dachreling, Isofix, Navigationssystem, Tempomat, Nebelscheinwerfer, Servolenkung;€ 8.399;Sehr guter Preis;98.105 km;Schaltgetriebe;04/2017;Diesel;66 kW (90 PS);3,5 l/100 km;98 g/km;Autoscout24.de
Mercedes-Benz;GLB 200;DCT 8G-Tronic Urban 7-Sitzer Kamera/LED;Volldigitales Kombiinstrument, Einparkhilfe Kamera, LED-Scheinwerfer, Sportsitze, Touchscreen, Einparkhilfe Sensoren vorne, Elektrische Heckklappe, Start/Stop-Automatik;€ 24.490;Fairer Preis;192.324 km;Automatik;12/2021;Diesel;110 kW (150 PS);4,8 l/100 km;146 g/km;Autoscout24.de
Audi;A3;Sportback 1.4 TSI ambiente ultra;Sitzheizung, Navigationssystem, Reifendruckkontrollsystem, Multifunktionslenkrad, Spurhalteassistent, Traktionskontrolle, Seitenairbag, USB;€ 16.970;Guter Preis;57.047 km;Automatik;06/2016;Benzin;110 kW (150 PS);4,7 l/100 km;109 g/km;Autoscout24.de
Volkswagen;Tiguan;Comfortline BMT/Start-Stopp;Anhängerkupplung, Einparkhilfe Sensoren vorne, Sitzheizung, Wegfahrsperre, Kurvenlicht, Dachreling, Multifunktionslenkrad, Spurhalteassistent;€ 18.443;Guter Preis;89.553 km;Schaltgetriebe;03/2017;Diesel;110 kW (150 PS);4,8 l/100 km;125 g/km;Autoscout24.de
Mercedes-Benz;B 180;Klasse/SHZ/AHK/Camara;Einparkhilfe Kamera, Beifahrerairbag, Klimaanlage, Sitzheizung, Multifunktionslenkrad, Anhängerkupplung, Getönte Scheiben, Touchscreen;€ 11.900;Guter Preis;109.000 km;Schaltgetriebe;10/2015;Benzin;90 kW (122 PS);5,6 l/100 km;129 g/km;Autoscout24.de
Ford;F 150;XLT Sport DoKA Nur an Gewerbe+Pano+Standhz;Elektrische Sitze, Traktionskontrolle, Beifahrerairbag, Sitzheizung, Sportpaket, Navigationssystem, Apple CarPlay, Schiebedach;€ 31.490;Sehr guter Preis;108.000 km;Automatik;03/2016;Benzin;272 kW (370 PS);nan;nan;Autoscout24.de
Ford;Kuga;ST-Line |LEDER|NAVI|PANO.|SHZ|R.KAMERA|AHK;Sportfahrwerk, Allrad, Anhängerkupplung, Sitzheizung, Elektrische Heckklappe, ABS, Apple CarPlay, Einparkhilfe Kamera;€ 17.990;Sehr guter Preis;60.000 km;Automatik;09/2018;Benzin;129 kW (175 PS);9,0 l/100 km;nan;Autoscout24.de
Audi;A6;40TDI LIMOUSINE SPORT PDC AHK ACC SPORTSITZE;Sportpaket, Apple CarPlay, LED-Scheinwerfer, Sportsitze, Anhängerkupplung, Schaltwippen, Sprachsteuerung, Sitzheizung;€ 26.990;Sehr guter Preis;120.000 km;Automatik;09/2019;Diesel;150 kW (204 PS);4,7 l/100 km;124 g/km;Autoscout24.de
Nissan;Qashqai;1.2 DIG-T N-Connecta 4x2 Klima Navi;Dachreling, 2-Zonen-Klimaautomatik, Einparkhilfe Sensoren vorne, Panoramadach, Sitzheizung, E10-geeignet, Spurhalteassistent, Alufelgen;€ 13.190;Sehr guter Preis;72.449 km;Schaltgetriebe;11/2017;Benzin;85 kW (116 PS);nan;nan;Autoscout24.de
Mercedes-Benz;E 350;E 350 e Plug in Hybrid, Luft, LED, DAB, Navi;Elektrische Sitze, Alarmanlage, Ambientebeleuchtung, teilb. Rücksitzbank, Einparkhilfe Kamera, Fahrerairbag, 2-Zonen-Klimaautomatik, Sitzheizung; ;nan;nan;nan;nan;nan;nan;nan;nan;Autoscout24.de
Hyundai;i30;|Klima|Isofix|Servo|2.Hand|USB|AUX;Fahrerairbag, E10-geeignet, Pannenkit, Klimaanlage, Klimaautomatik, Beifahrerairbag, Seitenairbag, Wegfahrsperre;€ 8.790;Guter Preis;122.845 km;Schaltgetriebe;12/2016;Benzin;74 kW (101 PS);5,6 l/100 km;129 g/km;Autoscout24.de
Audi;A6;Av 3.0 S-Tr PANO+MATRIX+MEMO+HEAD+AHK+ACC+KAM;Sportpaket, Panoramadach, LED-Scheinwerfer, Totwinkel-Assistent, Sportsitze, Elektrische Sitze, Einparkhilfe Kamera, Sitzheizung;€ 17.450;Sehr guter Preis;194.740 km;Automatik;03/2018;Diesel;160 kW (218 PS);4,6 l/100 km;119 g/km;Autoscout24.de
Ford;Tourneo Courier;Titanium;Über 1000 Fahrzeuge auf Lager und sofort verfügbar !!!;€ 9.990;Sehr guter Preis;86.500 km;Schaltgetriebe;05/2015;Benzin;74 kW (101 PS);5,4 l/100 km;128 g/km;Autoscout24.de
Opel;Zafira;C Active 7Sitze Navi AHK PDC Sitz+LR hzg;Isofix, Navigationssystem, Anhängerkupplung, Alufelgen, Sitzheizung, Einparkhilfe Sensoren vorne, Beifahrerairbag, 2-Zonen-Klimaautomatik;€ 12.490;Sehr guter Preis;95.000 km;Schaltgetriebe;05/2017;Benzin;103 kW (140 PS);6,4 l/100 km;148 g/km;Autoscout24.de
Toyota;RAV 4;4 2.0 Edition*Keyless*Kamera*4x4*1.Hand*;Allrad, Navigationssystem, Anhängerkupplung, Beifahrerairbag, Alufelgen, Sprachsteuerung, Wegfahrsperre, Multifunktionslenkrad;€ 15.950;nan;167.153 km;Automatik;06/2014;Benzin;111 kW (151 PS);7,2 l/100 km;167 g/km;Autoscout24.de
Mercedes-Benz;Sprinter;213 CDI Behindertengerecht Selbstfahrer;Behindertengerecht, Schiebetür rechts, Isofix, Standheizung, Getönte Scheiben, Klimaanlage, 2-Zonen-Klimaautomatik, Reserverad;€ 23.950;nan;168.000 km;Automatik;09/2015;Diesel;95 kW (129 PS);7,1 l/100 km;187 g/km;Autoscout24.de
Ford;B-Max;1.0 EcoBoost Sync Edition WSSHz|NAV|PDCv+h;Wegfahrsperre, Beifahrerairbag, Einparkhilfe Sensoren vorne, CD, Navigationssystem, Alufelgen, Freisprecheinrichtung, Isofix;€ 7.900;Sehr guter Preis;44.396 km;Schaltgetriebe;08/2014;Benzin;92 kW (125 PS);nan;nan;Autoscout24.de
Ford;EcoSport;Titanium KLIMA*PDC*BT*sauberes Fahrzeug;Fahrerairbag, Traktionskontrolle, Getönte Scheiben, Berganfahrassistent, Zentralverriegelung, Bluetooth, Tempomat, Lordosenstütze;€ 7.990;Sehr guter Preis;101.295 km;Schaltgetriebe;10/2014;Diesel;66 kW (90 PS);4,6 l/100 km;120 g/km;Autoscout24.de
Ford;B-Max;1.0 EcoBoost Sync Edition WSSHz|NAV|PDCv+h;Wegfahrsperre, Beifahrerairbag, Einparkhilfe Sensoren vorne, CD, Navigationssystem, Alufelgen, Freisprecheinrichtung, Isofix;€ 7.900;Sehr guter Preis;44.396 km;Schaltgetriebe;08/2014;Benzin;92 kW (125 PS);nan;nan;Autoscout24.de
Volkswagen;Golf;VII1.6 TDI Lounge;Alufelgen, Einparkhilfe Sensoren vorne, Beifahrerairbag, Armlehne, Sitzheizung, Multifunktionslenkrad, Bluetooth, Elektrische Seitenspiegel;€ 9.590;Fairer Preis;170.895 km;Schaltgetriebe;02/2016;Diesel;81 kW (110 PS);3,8 l/100 km;99 g/km;Autoscout24.de
Skoda;Fabia;Fabia Combi Ambition Klima Sitzhzg. Dachreling !;Sitzheizung, Pannenkit, Dachreling, Einparkhilfe Sensoren vorne, Scheinwerferreinigung, E10-geeignet, Einparkhilfe Sensoren hinten, Klimaautomatik;€ 11.450;Sehr guter Preis;38.000 km;Schaltgetriebe;08/2017;Benzin;70 kW (95 PS);4,3 l/100 km;99 g/km;Autoscout24.de
Fiat;Fullback;2.4 Double Cab 4x4 LX Plus *Navi AHK*;Elektrische Sitze, Alufelgen, Freisprecheinrichtung, Allrad, Beifahrerairbag, Elektr. Fensterheber, MP3, Musikstreaming integriert;€ 11.990;Sehr guter Preis;252.454 km;Automatik;08/2019;Diesel;133 kW (181 PS);nan;nan;Autoscout24.de
BMW;318;d Sport Line Exclusive PANO+KAM+MEMO+AHK+LED+;Sportfahrwerk, Sportsitze, LED-Scheinwerfer, Volldigitales Kombiinstrument, Getönte Scheiben, Elektrische Sitze, Panoramadach, 3-Zonen-Klimaautomatik;€ 18.350;Sehr guter Preis;139.982 km;Schaltgetriebe;06/2019;Diesel;110 kW (150 PS);4,3 l/100 km;113 g/km;Autoscout24.de
Honda;Jazz;1.3 i-VTEC Trend Aut.*SHZ*TEMPO*ALU*1.HAND*KLIMA*;❗Service Historie und Gebrauchtspureninfos auf Anruf;€ 13.550;Sehr guter Preis;16.687 km;Automatik;10/2016;Benzin;75 kW (102 PS);4,6 l/100 km;106 g/km;Autoscout24.de
Citroen;Spacetourer;Spacetourer Feel XL;Schiebetür links, Einparkhilfe Kamera, 360° Kamera, Beifahrerairbag, Radio, Head-up display, Navigationssystem, Kurvenlicht;€ 22.500;nan;136.000 km;Automatik;11/2018;Diesel;130 kW (177 PS);6,2 l/100 km;163 g/km;Autoscout24.de
Volkswagen;Caddy;Kombi BMT Klima Touch Freisprech 5-Sitze;Klimaanlage, USB, Beifahrerairbag, Armlehne, Freisprecheinrichtung, Anhängerkupplung, ABS, Start/Stop-Automatik;€ 6.690;Fairer Preis;281.211 km;Schaltgetriebe;01/2016;Diesel;55 kW (75 PS);4,6 l/100 km;119 g/km;Autoscout24.de
Citroen;Berlingo;BlueHDi 100 S&S  Multispace Shine;Klimaanlage, Isofix, Beifahrerairbag, Schiebetür links, Alufelgen, 2-Zonen-Klimaautomatik, Sitzheizung, Apple CarPlay;€ 8.950;Guter Preis;145.000 km;Schaltgetriebe;11/2017;Diesel;73 kW (99 PS);4,2 l/100 km;nan;Autoscout24.de
Chrysler;Pacifica;Plug In Hybrid V6 3.6 Monitore Kopfst. Navi Leder;Pannenkit, 360° Kamera, Spurhalteassistent, W-Lan / Wifi Hotspot, Einparkhilfe selbstlenkendes System, Schiebetür rechts, Bluetooth, Elektrische Sitze; ;nan;nan;nan;nan;nan;nan;nan;nan;Autoscout24.de
Mercedes-Benz;G 350;Edition 35 Designo Kamera Xenon H&K AHK 18;Totwinkel-Assistent, Navigationssystem, Multifunktionslenkrad, Freisprecheinrichtung, Elektrische Sitze, Anhängerkupplung, LED-Tagfahrlicht, Schiebedach;€ 49.990;Sehr guter Preis;235.000 km;Automatik;07/2015;Diesel;155 kW (211 PS);11,2 l/100 km;296 g/km;Autoscout24.de
Tesla;Model S;"70 Facelift*21 ""*Distronic*Pano*";LED-Scheinwerfer, Panoramadach, Einparkhilfe Sensoren vorne, Spurhalteassistent, Sitzheizung, Lichtsensor, Abstandstempomat, Bluetooth; ;nan;nan;nan;nan;nan;nan;nan;nan;Autoscout24.de
Renault;Koleos;Bose Allrad Panodach AHK RFK  Night&Day 4x4;Ihr Autohaus mit Herz - Familienbetrieb seit 115 Jahren;€ 7.990;Sehr guter Preis;178.588 km;Schaltgetriebe;02/2014;Diesel;127 kW (173 PS);nan;nan;Autoscout24.de
Toyota;Corolla;Touring Sports Hybrid Team D -TAXI-;Sommerreifen, LED-Scheinwerfer, Alufelgen, Dachreling, Sitzheizung, Alarmanlage, Freisprecheinrichtung, USB; ;nan;nan;nan;nan;nan;nan;nan;nan;Autoscout24.de
Mitsubishi;ASX;1.6 MIVEC Edition 100 Winterräder Scheckheft;Apple CarPlay, Einparkhilfe Kamera, Touchscreen, Regensensor, Sitzheizung, Android Auto, Freisprecheinrichtung, USB;€ 12.900;Guter Preis;65.418 km;Schaltgetriebe;11/2017;Benzin;86 kW (117 PS);nan;nan;Autoscout24.de
Fiat;Panda;* HU/AU neu * 1.Hand;Elektr. Fensterheber, Kopfairbag, E10-geeignet, Radio, Fahrerairbag, Berganfahrassistent;€ 9.490;Fairer Preis;12.133 km;Schaltgetriebe;03/2017;Benzin;51 kW (69 PS);5,2 l/100 km;123 g/km;Autoscout24.de
Fiat;Punto;1.4 8V Lounge;Sitzheizung, Klimaautomatik, Alufelgen, Klimaanlage, Nebelscheinwerfer, Lederlenkrad, Bluetooth, Elektr. Fensterheber;€ 8.600;Guter Preis;13.616 km;Schaltgetriebe;04/2015;Benzin;57 kW (77 PS);nan;nan;Autoscout24.de
Opel;Corsa;E 1.2 Klima;Elektrische Seitenspiegel, Klimaanlage, Fahrerairbag, Beifahrerairbag, Radio, Seitenairbag, Elektr. Fensterheber, Zentralverriegelung;€ 4.290;Sehr guter Preis;115.200 km;Schaltgetriebe;05/2016;Benzin;51 kW (69 PS);5,4 l/100 km;128 g/km;Autoscout24.de
Audi;Q7;3.0 TDI qu*S-LINE*PANO*7-SITZ*TV*BOSE*;Volldigitales Kombiinstrument, Sportpaket, Panoramadach, Einparkhilfe Kamera, Sportsitze, Luftfederung, LED-Scheinwerfer, Elektrische Sitze;€ 33.900;Sehr guter Preis;154.200 km;Automatik;03/2016;Diesel;200 kW (272 PS);5,7 l/100 km;151 g/km;Autoscout24.de
Opel;Astra;K Lim. 1.6D EDITION NAVI/LED/TEMP./SPORT;Apple CarPlay, Seitenairbag, Armlehne, Android Auto, Regensensor, Einparkhilfe Sensoren hinten, Zentralverriegelung, LED-Tagfahrlicht;€ 8.450;Sehr guter Preis;117.950 km;Schaltgetriebe;05/2019;Diesel;81 kW (110 PS);3,6 l/100 km;95 g/km;Autoscout24.de
Kia;Picanto;Edition 7 1.0 Tel.-Vorb. Klima BT Tel DAB;Elektrische Seitenspiegel, Klimaanlage, Pannenkit, Zentralverriegelung, Elektr. Fensterheber, Multifunktionslenkrad, Beifahrerairbag, Traktionskontrolle;€ 8.950;Guter Preis;70.000 km;Schaltgetriebe;09/2021;Benzin;49 kW (67 PS);nan;121 g/km;Autoscout24.de
Peugeot;3008;Allure, T.Leder, Fahrassist, 8fach bereift!;Finanzierung ab 6,29% / Sofortankauf & Inzahlungnahme;€ 12.100;Fairer Preis;122.440 km;Schaltgetriebe;06/2017;Benzin;96 kW (131 PS);5,4 l/100 km;124 g/km;Autoscout24.de
Opel;Vivaro;8043;Behindertengerecht, Schiebetür rechts, Armlehne, Stahlfelgen, Lederlenkrad, Radio;€ 9.988;Guter Preis;119.000 km;Schaltgetriebe;12/2014;Diesel;66 kW (90 PS);nan;nan;Autoscout24.de
Audi;Q3;2.0 TDI quattro S-Line Navi Panorama PDC;Über 400 Dacia Neuwagen im Bestand/3 Jahre Garantie;€ 16.490;Erhöhter Preis;169.400 km;Automatik;06/2014;Diesel;130 kW (177 PS);5,9 l/100 km;156 g/km;Autoscout24.de
BMW;420;"420i Gran Coupé Aut. Sport Line NAV+KAM+LED+M18""";Sportfahrwerk, Tempomat, Einparkhilfe Kamera, Sportsitze, Ambientebeleuchtung, Sitzheizung, LED-Scheinwerfer, Navigationssystem;€ 18.550;nan;133.108 km;Automatik;07/2019;Benzin;135 kW (184 PS);5,9 l/100 km;138 g/km;Autoscout24.de
Peugeot;2008;Active Pack1.2T NAVI/LED/PDC/TEMPOMAT/ALU;Navigationssystem, LED-Scheinwerfer, Klimaautomatik, Alufelgen, Fernlichtassistent, Regensensor, Spurhalteassistent, Beifahrerairbag;€ 15.390;Sehr guter Preis;22.990 km;Schaltgetriebe;11/2020;Benzin;96 kW (131 PS);4,5 l/100 km;103 g/km;Autoscout24.de
Volvo;XC90;Diesel D5 AWD Geartronic Inscription;W-Lan / Wifi Hotspot, Elektrische Sitze, Ambientebeleuchtung, Voll-LED Scheinwerfer, Sitzheizung, Dachreling, Isofix, Regensensor;€ 28.990;Sehr guter Preis;158.800 km;Automatik;07/2018;Diesel;173 kW (235 PS);nan;nan;Autoscout24.de
Mercedes-Benz;A 180;"LIMO AMG Line WIDESC+LEDER+NAV+AHK+DAB+18""";Sportsitze, Sportfahrwerk, Volldigitales Kombiinstrument, Ambientebeleuchtung, Sportpaket, Getönte Scheiben, Sitzheizung, Notrufsystem;€ 17.550;Sehr guter Preis;149.443 km;Schaltgetriebe;02/2021;Benzin;100 kW (136 PS);5,2 l/100 km;120 g/km;Autoscout24.de
Opel;Astra;Sports Tourer 1.4 Turbo Dynamic*IntelliLux;Finanzierung o. Anzahlung / Garantie 12 Monate;€ 9.980;nan;99.986 km;Schaltgetriebe;06/2017;Benzin;110 kW (150 PS);nan;0 g/km;Autoscout24.de
Volkswagen;Sharan;2.0D COMFORTL. 7-SITZER NAVI/SHZ/PDC/AHK;Alufelgen, Schiebetür rechts, Beifahrerairbag, Isofix, Navigationssystem, Anhängerkupplung, 3-Zonen-Klimaautomatik, Wegfahrsperre;€ 16.850;Guter Preis;119.500 km;Schaltgetriebe;06/2014;Diesel;103 kW (140 PS);5,5 l/100 km;143 g/km;Autoscout24.de
Skoda;Octavia;Combi 2.0 TSI RS Navi Xenon Leder LM19´;Sportsitze, Sportfahrwerk, E10-geeignet, Multifunktionslenkrad, Navigationssystem, Scheinwerferreinigung, Sitzheizung, Klimaanlage;€ 18.900;Fairer Preis;87.155 km;Schaltgetriebe;09/2016;Benzin;162 kW (220 PS);nan;nan;Autoscout24.de
Hyundai;KONA;Kona Trend 2WD*NAVI*SPUR*KAMERA*;Alufelgen, Einparkhilfe Kamera, Freisprecheinrichtung, Elektr. Fensterheber, Sitzheizung, Spurhalteassistent, Lichtsensor, Navigationssystem;€ 10.900;Sehr guter Preis;136.000 km;Schaltgetriebe;08/2019;Benzin;88 kW (120 PS);5,7 l/100 km;129 g/km;Autoscout24.de
Ford;Fiesta;Titanium-1HAND-EUR6-5Tür-ALU-SH-LED-MFL;Sitzheizung, Notrad, Klimaautomatik, Alufelgen, Sommerreifen, Navigationssystem, Nebelscheinwerfer, E10-geeignet;€ 8.800;Guter Preis;94.562 km;Schaltgetriebe;01/2017;Benzin;74 kW (101 PS);4,3 l/100 km;99 g/km;Autoscout24.de
Mercedes-Benz;Sprinter;316 CDI Maxi Hoch+Lang*Garantie*Euro6;12-64 Monate Garantie / Tüv & Inspektion= NEU !;€ 16.990;nan;189.000 km;Schaltgetriebe;11/2016;Diesel;120 kW (163 PS);7,9 l/100 km;209 g/km;Autoscout24.de
Opel;Insignia;OPC 4x4 2.8 V6;E10-geeignet, Klimaanlage, Tempomat, Schiebedach, Sportsitze, Panoramadach, Pannenkit, Fernlichtassistent;€ 17.999;Fairer Preis;92.950 km;Automatik;03/2014;Benzin;239 kW (325 PS);nan;nan;Autoscout24.de
MINI;Cooper Cabrio;Salt 1.5 AUT KLIMAAUT BT PDC ALU GJR ParkAss LM 2x;Sportsitze, Ambientebeleuchtung, Freisprecheinrichtung, Bluetooth, Einparkhilfe Sensoren hinten, Traktionskontrolle, 2-Zonen-Klimaautomatik, Radio;€ 12.475;nan;96.212 km;Automatik;09/2016;Benzin;100 kW (136 PS);nan;nan;Autoscout24.de
Alfa Romeo;Giulia;2.2 JTDM Automatik Klima Navi Temp Kamera;Finanzierung OHNE Anzahlung möglich!;€ 13.890;Sehr guter Preis;174.400 km;Automatik;11/2016;Diesel;132 kW (179 PS);3,8 l/100 km;99 g/km;Autoscout24.de
BMW;X5;sDrive 25d 360° PANO|NAVI|INDIVIDUAL|4-ZONEN;Seit 1963 Ihr KFZ-Meisterbetrieb in Mainz Bretzenheim;€ 27.990;Sehr guter Preis;124.000 km;Automatik;06/2017;Diesel;170 kW (231 PS);5,3 l/100 km;140 g/km;Autoscout24.de
Volkswagen;Touran;Comfortline BMT;3-Zonen-Klimaautomatik, Sitzheizung, Alufelgen, Einparkhilfe Sensoren hinten, Abstandstempomat, LED-Scheinwerfer, Elektrische Seitenspiegel, CD;€ 13.900;Sehr guter Preis;173.250 km;Automatik;11/2017;Diesel;85 kW (116 PS);4,4 l/100 km;114 g/km;Autoscout24.de
Mercedes-Benz;GLA 200;1.Hd*Navi*Bi-Xenon*SHZ*Temp*PDCv+h*8-f.;Multifunktionslenkrad, Ambientebeleuchtung, Sitzheizung, Sommerreifen, Einparkhilfe Sensoren vorne, Navigationssystem, Isofix, Traktionskontrolle;€ 17.990;Fairer Preis;85.000 km;Automatik;01/2015;Benzin;115 kW (156 PS);nan;nan;Autoscout24.de
Volkswagen;Tiguan;TDI Trendline;3-Zonen-Klimaautomatik, Anhängerkupplung, Sitzheizung, Multifunktionslenkrad, Alufelgen, CD, MP3, Dachreling;€ 15.390;Sehr guter Preis;100.250 km;Schaltgetriebe;05/2017;Diesel;85 kW (116 PS);4,7 l/100 km;123 g/km;Autoscout24.de
Jeep;Wrangler;"Unlimited Sahara ""1. Hand + UConnect""";Tempomat, Beifahrerairbag, Freisprecheinrichtung, Allrad, Alufelgen, Touchscreen, Soundsystem, Notbremsassistent;€ 27.500;Fairer Preis;131.200 km;Automatik;07/2014;Diesel;147 kW (200 PS);8,3 l/100 km;230 g/km;Autoscout24.de
Jaguar;XJ;Luxury+LED+NAVI+LEDER+PANO+MERIDIAN+;Sportpaket, Touchscreen, LED-Scheinwerfer, Schiebedach, ESP, Sportsitze, Einparkhilfe Kamera, Schlüssellose Zentralverriegelung;€ 22.990;Fairer Preis;94.005 km;Automatik;02/2016;Diesel;221 kW (300 PS);6,1 l/100 km;162 g/km;Autoscout24.de
Audi;A6;Avant 2.0 TDI S-tronic SPORT AHK;Alufelgen, Isofix, Sportsitze, Anhängerkupplung, Einparkhilfe Sensoren vorne, Sitzheizung, 4-Zonen-Klimaautomatik, Scheinwerferreinigung;€ 16.450;Sehr guter Preis;157.483 km;Automatik;01/2016;Diesel;140 kW (190 PS);5,2 l/100 km;115 g/km;Autoscout24.de
Mercedes-Benz;C 400;CGI 4Matic*Designo*HeadUp*Distro*Airmatic*;Luftfederung, Head-up display, Abstandstempomat, Soundsystem, LED-Scheinwerfer, Elektrische Heckklappe, 360° Kamera, Totwinkel-Assistent;€ 29.950;Guter Preis;41.635 km;Automatik;07/2015;Benzin;245 kW (333 PS);7,3 l/100 km;170 g/km;Autoscout24.de
BMW;i8;"Coupe Pure Impulse | Harman Kardon HUD 20""";Head-up display, Fahrerairbag, Einparkhilfe Sensoren hinten, Sportsitze, Schaltwippen, Navigationssystem, Sportpaket, Verkehrszeichenerkennung; ;nan;nan;nan;nan;nan;nan;nan;nan;Autoscout24.de
Opel;Zafira;C Tourer *2.HAND-KLIMA-TEMPOMAT*;Beifahrerairbag, Alufelgen, Apple CarPlay, Armlehne, Tempomat, Android Auto, Klimaanlage, Navigationssystem;€ 7.490;Guter Preis;149.827 km;Schaltgetriebe;10/2015;Diesel;88 kW (120 PS);4,5 l/100 km;119 g/km;Autoscout24.de
Fiat;500C;Lounge 1.2 8V Faltdach Klimaautom PDC;Katalysator, MP3, Einparkhilfe Sensoren hinten, Klimaautomatik, Alufelgen, Multifunktionslenkrad, Navigationssystem, Zentralverriegelung;€ 7.900;Guter Preis;98.200 km;Schaltgetriebe;04/2015;Benzin;51 kW (69 PS);nan;nan;Autoscout24.de
BMW;218;Active Tourer i M Sport;Sportfahrwerk, Sportsitze, LED-Scheinwerfer, Einparkhilfe Kamera, Sportpaket, Bluetooth, Einparkhilfe selbstlenkendes System, E10-geeignet;€ 13.900;Guter Preis;145.000 km;Automatik;03/2017;Benzin;100 kW (136 PS);nan;nan;Autoscout24.de
Audi;Q3;2.0 TDI S-tronic sport *AHK*Navi*SHZ*;Volldigitales Kombiinstrument, Elektrische Heckklappe, Ambientebeleuchtung, Einparkhilfe Kamera, Elektrische Sitze, Spoiler, Multifunktionslenkrad, Navigationssystem;€ 18.890;Guter Preis;116.954 km;Automatik;12/2016;Diesel;110 kW (150 PS);nan;nan;Autoscout24.de
BMW;116;ADVANTAGE KLIMA+NAV+ALLWETTER+EINPARKHILF+TÜ;TempomatLederlenkradSitzheizungRegWartung;€ 11.970;Fairer Preis;105.900 km;Schaltgetriebe;10/2016;Benzin;80 kW (109 PS);5,4 l/100 km;127 g/km;Autoscout24.de
Honda;Civic;1.8 i-VTEC Elegance;Standheizung, Einparkhilfe Kamera, Regensensor, 2-Zonen-Klimaautomatik, Tempomat, Lederlenkrad, Armlehne, Sommerreifen;€ 12.490;Fairer Preis;90.700 km;Schaltgetriebe;08/2015;Benzin;104 kW (141 PS);6,1 l/100 km;nan;Autoscout24.de
Ford;Focus;ST 2.3 EcoBoost *RECARO*PANO* ACC*LED*KAMERA*SHZ;Sportfahrwerk, Lichtsensor, Lederlenkrad, Abstandstempomat, Seitenairbag, Schiebedach, W-Lan / Wifi Hotspot, Soundsystem;€ 17.990;Sehr guter Preis;160.804 km;Automatik;06/2020;Benzin;206 kW (280 PS);nan;nan;Autoscout24.de
Mercedes-Benz;C 200;Coupé Edition 1 Aut. NAV+LED+SHZ+AHK+PANO+EU6;Schiebedach, Einparkhilfe selbstlenkendes System, Sommerreifen, Radio, Ambientebeleuchtung, LED-Scheinwerfer, Lichtsensor, 2-Zonen-Klimaautomatik;€ 25.749;Sehr guter Preis;28.450 km;Automatik;10/2016;Benzin;135 kW (184 PS);5,3 l/100 km;nan;Autoscout24.de
Ford;Kuga;2.0 TDCi ST-Line 4x4 NAVI/KAMERA/WIPA;Allrad, Sportfahrwerk, Sitzheizung, Elektrische Sitze, Android Auto, Anhängerkupplung, Reserverad, Beifahrerairbag;€ 15.900;Sehr guter Preis;144.040 km;Automatik;02/2019;Diesel;110 kW (150 PS);nan;nan;Autoscout24.de
Mercedes-Benz;GLK 220;CDI 4M *2.HD *19 *Navigation *SHZ*Klima;Chrom-Paket   Start - Stop   Navi;€ 16.990;Fairer Preis;175.100 km;Automatik;05/2014;Diesel;125 kW (170 PS);6,1 l/100 km;nan;Autoscout24.de
Mercedes-Benz;V 250;V V 250d SCORE 4MATIC KOMPAKT SPORT AHK KAMERA;Auto kauft man mit Vertrauen u Garantie;€ 34.440;Sehr guter Preis;143.781 km;Automatik;08/2016;Diesel;140 kW (190 PS);nan;nan;Autoscout24.de
Nissan;Qashqai;1.2 DIG-T N-Connecta, 360°, Navi, DAB;Alufelgen, 2-Zonen-Klimaautomatik, Einparkhilfe Sensoren vorne, Dachreling, Panoramadach, 360° Kamera, Sitzheizung, Navigationssystem;€ 13.900;Sehr guter Preis;76.000 km;Schaltgetriebe;07/2018;Benzin;85 kW (116 PS);5,6 l/100 km;129 g/km;Autoscout24.de
Tesla;Model Y;Long Range AWD *20-Zoll*AHK*Matrix-LED*;Europe biggest used Tesla dealer; ;nan;nan;nan;nan;nan;nan;nan;nan;Autoscout24.de
Volkswagen;Sharan;Highline BMT DSG 7-Sitzer Pano AHK Navi;Auto kauft man mit Vertrauen u Garantie;€ 22.440;Fairer Preis;149.941 km;Automatik;07/2017;Diesel;135 kW (184 PS);nan;nan;Autoscout24.de
Opel;Astra;K Sports Tourer Elegance LED-Sitz&Lenkradh;Dachreling, Touchscreen, Spurhalteassistent, Sommerreifen, Pannenkit, LED-Scheinwerfer, Apple CarPlay, Nebelscheinwerfer;€ 9.990;Sehr guter Preis;124.976 km;Schaltgetriebe;02/2020;Benzin;96 kW (131 PS);4,5 l/100 km;102 g/km;Autoscout24.de
Toyota;Yaris;1.5 Hybrid Club Automatik | Panorama | CAM;Panoramadach, Freisprecheinrichtung, Klimaanlage, Radio, Bluetooth, Touchscreen, Wegfahrsperre, Multifunktionslenkrad; ;nan;nan;Automatik;nan;nan;nan;nan;nan;Autoscout24.de
Renault;Clio;IV 1.2 16V 75 Limited;Isofix, Alufelgen, LED-Scheinwerfer, Geschwindigkeits-begrenzungsanlage, Navigationssystem, Touchscreen, MP3, Einparkhilfe Sensoren hinten;€ 8.930;Fairer Preis;64.786 km;Schaltgetriebe;05/2017;Benzin;54 kW (73 PS);nan;nan;Autoscout24.de
Jaguar;XF;20d Schiebdach. Bi-Xenon. Navi. Sitzh. 1.HAND;Seit 1963 Ihr KFZ-Meisterbetrieb in Mainz Bretzenheim;€ 18.900;Sehr guter Preis;78.800 km;Automatik;08/2018;Diesel;120 kW (163 PS);4,9 l/100 km;169 g/km;Autoscout24.de
Volkswagen;Golf Sportsvan;Lounge BMT/ Anhängerkupl;Isofix, Alufelgen, Multifunktionslenkrad, Berganfahrassistent, Navigationssystem, 2-Zonen-Klimaautomatik, Sportsitze, Sitzheizung;€ 8.400;Sehr guter Preis;158.617 km;Schaltgetriebe;04/2015;Benzin;81 kW (110 PS);3,9 l/100 km;101 g/km;Autoscout24.de
Volkswagen;Polo;1.6 TDI Highline *PDC*SHZ*KLIMA*;❗Service Historie und Gebrauchtspureninfos auf Anruf;€ 13.140;Sehr guter Preis;55.433 km;Schaltgetriebe;11/2018;Diesel;70 kW (95 PS);3,7 l/100 km;131 g/km;Autoscout24.de
Nissan;NV200;/Evalia Tekna 7-Sitze NAV+SHZ KLIMA CAM AHK;Schiebetür links, Einparkhilfe Kamera, Anhängerkupplung, Klimaanlage, Sitzheizung, Klimaautomatik, Schiebetür rechts, Navigationssystem;€ 15.890;Guter Preis;109.647 km;Schaltgetriebe;09/2017;Diesel;81 kW (110 PS);4,9 l/100 km;130 g/km;Autoscout24.de
Audi;A4;Avant 35TDI S-tronic LED~Pano~Navi3D~AHK~PDC;LED-Scheinwerfer, Armlehne, Alufelgen, Elektrische Heckklappe, Start/Stop-Automatik, Sitzheizung, Schiebedach, Bordcomputer;€ 16.850;Guter Preis;176.414 km;Automatik;12/2019;Diesel;120 kW (163 PS);4,1 l/100 km;108 g/km;Autoscout24.de
Opel;Astra;1,5D SPORTS TOURER EDITION/AUT/NAVI/LED/AK;Pannenkit, ABS, Sportfahrwerk, Anhängerkupplung, LED-Scheinwerfer, Start/Stop-Automatik, Sitzheizung, Ambientebeleuchtung;€ 11.890;Sehr guter Preis;116.000 km;Automatik;08/2021;Diesel;90 kW (122 PS);5,1 l/100 km;132 g/km;Autoscout24.de
Mercedes-Benz;GL 63 AMG;4Matic COMAND-Navi SoftClose Keyless M;Beifahrerairbag, Fahrerairbag, Navigationssystem, Sportpaket, Einparkhilfe Kamera, Innenspiegel automatisch abblendend, Abstandstempomat, Start/Stop-Automatik;€ 35.990;Guter Preis;133.900 km;Automatik;07/2014;Benzin;410 kW (557 PS);12,3 l/100 km;nan;Autoscout24.de
Skoda;Fabia;Combi 1.0 TSI Ambition, Sitzheizung, Tempomat;seit über 40 Jahren zuverlässig 99% Weiterempfehlung;€ 11.495;Sehr guter Preis;46.400 km;Schaltgetriebe;01/2018;Benzin;81 kW (110 PS);nan;nan;Autoscout24.de
Audi;A4;Avant 2.0 TDI S line *PANO*AHK*NAVI;Sportsitze, Panoramadach, Sportfahrwerk, Standheizung, Lordosenstütze, Navigationssystem, Multifunktionslenkrad, Sitzheizung;€ 14.500;Fairer Preis;182.000 km;Schaltgetriebe;07/2015;Diesel;140 kW (190 PS);4,7 l/100 km;125 g/km;Autoscout24.de
Citroen;C3;Feel|2.Hand|54Tkm|LED|PDC|Bluetooth|Klima;Spurhalteassistent, E10-geeignet, Einparkhilfe Sensoren hinten, Verkehrszeichenerkennung, Pannenkit, Wegfahrsperre, Tempomat, Elektr. Fensterheber;€ 9.890;Fairer Preis;54.009 km;Schaltgetriebe;02/2018;Benzin;50 kW (68 PS);4,9 l/100 km;113 g/km;Autoscout24.de
Peugeot;2008;1.2 CROSSWAY|APPLE|KAMERA|AMBIENTE;Sitzheizung, Einparkhilfe Kamera, Multifunktionslenkrad, Panoramadach, Geschwindigkeits-begrenzungsanlage, Pannenkit, Ambientebeleuchtung, Tempomat;€ 9.990;Sehr guter Preis;100.000 km;Automatik;07/2016;Benzin;81 kW (110 PS);4,8 l/100 km;110 g/km;Autoscout24.de
Audi;A8;3.0 TDI Lang Sport Ed.Matrix B&O HuD Nacht.21;Laserlicht, W-Lan / Wifi Hotspot, Fahrerairbag, Schiebedach, 360° Kamera, Nachtsicht-Assistent, LED-Scheinwerfer, Allrad;€ 35.490;Erhöhter Preis;156.000 km;Automatik;10/2016;Diesel;193 kW (262 PS);5,8 l/100 km;152 g/km;Autoscout24.de
Opel;Cascada;1,4 Turbo Innovation ecoFlex Sitz/Lenkr.;Bi-Xenon Scheinwerfer, ESP, LED-Tagfahrlicht, Alufelgen, Sitzheizung, Tempomat, Traktionskontrolle, Einparkhilfe Sensoren vorne;€ 13.490;Fairer Preis;63.000 km;Schaltgetriebe;12/2014;Benzin;103 kW (140 PS);6,3 l/100 km;148 g/km;Autoscout24.de
Mercedes-Benz;Citan;111 CDI Tourer Lang L2 Navi+SHZ+PTS+AHK;Navigationssystem, Isofix, Schiebetür links, Beifahrerairbag, Lederlenkrad, Anhängerkupplung, Schiebetür rechts, Klimaautomatik;€ 11.849;Sehr guter Preis;125.263 km;Schaltgetriebe;09/2020;Diesel;85 kW (116 PS);5,6 l/100 km;146 g/km;Autoscout24.de
Porsche;Macan;S Panoramadach Sitzheizung;ABS, Sportsitze, 2-Zonen-Klimaautomatik, Multifunktionslenkrad, Geschwindigkeits-begrenzungsanlage, Fahrerairbag, Zentralverriegelung, Luftfederung;€ 25.400;Guter Preis;193.785 km;Automatik;11/2014;Benzin;250 kW (340 PS);9,0 l/100 km;213 g/km;Autoscout24.de
Mercedes-Benz;C 180;T 7G-TRONIC;Sitzheizung, USB, LED-Scheinwerfer, Multifunktionslenkrad, Einparkhilfe selbstlenkendes System, Elektrische Sitze, Einparkhilfe Sensoren vorne, Airbag hinten;€ 16.990;Sehr guter Preis;99.000 km;Automatik;02/2015;Benzin;115 kW (156 PS);nan;nan;Autoscout24.de
BMW;M3;Lim. Competition, LED, H&K, Kein USA Import;Sportfahrwerk, Sportsitze, Head-up display, Sportpaket, Schaltwippen, Spoiler, LED-Scheinwerfer, W-Lan / Wifi Hotspot;€ 48.890;Fairer Preis;141.000 km;Automatik;03/2017;Benzin;331 kW (450 PS);8,3 l/100 km;194 g/km;Autoscout24.de
Mercedes-Benz;GLC 300;AMGline 4Matic Coupe,Navi,LED,SD,360Kam.;Finanzierung ab 6,29% / Sofortankauf & Inzahlungnahme;€ 30.800;Sehr guter Preis;140.735 km;Automatik;08/2017;Benzin;180 kW (245 PS);7,5 l/100 km;169 g/km;Autoscout24.de
Audi;A4;Lim. 1.4TFSI S-tronic AHK PARK SHZ TEMP XENON;Elektrische Seitenspiegel, Sommerreifen, Schaltwippen, Anhängerkupplung, Sitzheizung, E10-geeignet, Einparkhilfe Sensoren hinten, Scheinwerferreinigung;€ 17.499;Guter Preis;92.500 km;Automatik;07/2017;Benzin;110 kW (150 PS);5,6 l/100 km;129 g/km;Autoscout24.de
Mitsubishi;Space Star;Diamant Edition|Klima|Servo|1.Hand;Klimaanlage, Klimaautomatik, E10-geeignet, Pannenkit, Nebelscheinwerfer, Radio, Stahlfelgen, Traktionskontrolle;€ 7.850;Fairer Preis;47.500 km;Schaltgetriebe;06/2017;Benzin;52 kW (71 PS);4,2 l/100 km;100 g/km;Autoscout24.de
Opel;Meriva;B 1.4 Turbo STYLE Klima Sitzheizung PDC;Über 400 Dacia Neuwagen im Bestand/3 Jahre Garantie;€ 5.490;Guter Preis;148.000 km;Schaltgetriebe;09/2014;Benzin;88 kW (120 PS);5,9 l/100 km;nan;Autoscout24.de
Kia;Niro;Spirit GDI Hybrid 1.6 Navi Leder Soundsystem JBL K;Sitzbelüftung, Induktionsladen für Smartphones, Sitzheizung, Xenonscheinwerfer, Totwinkel-Assistent, Lordosenstütze, Abstandstempomat, Navigationssystem; ;nan;nan;nan;nan;nan;nan;nan;nan;Autoscout24.de
Ford;Focus;Turnier ST-Line;Sportfahrwerk, Spurhalteassistent, E10-geeignet, Notrad, 2-Zonen-Klimaautomatik, Sitzheizung, Einparkhilfe Sensoren vorne, Einparkhilfe Kamera;€ 13.900;Sehr guter Preis;76.328 km;Schaltgetriebe;10/2018;Benzin;92 kW (125 PS);5,1 l/100 km;115 g/km;Autoscout24.de
Volvo;V90;"T5 Inscription Leder Navi LED Kamera AHK 19""";Sportfahrwerk, Regensensor, Sitzheizung, Sportsitze, Bordcomputer, Einparkhilfe Kamera, Berganfahrassistent, Elektrische Heckklappe;€ 20.740;Sehr guter Preis;155.000 km;Automatik;08/2019;Benzin;184 kW (250 PS);6,8 l/100 km;157 g/km;Autoscout24.de
Ford;Tourneo Connect;Grand 1.5 TDCi Trend Automatik,7-Sitzer,Radio,PDC;Beifahrerairbag, Schiebetür links, Beheizbare Frontscheibe, Sitzheizung, Einparkhilfe Sensoren hinten, USB, Multifunktionslenkrad, Isofix;€ 14.890;Fairer Preis;117.751 km;Automatik;11/2015;Diesel;88 kW (120 PS);5,0 l/100 km;129 g/km;Autoscout24.de
Ford;Tourneo Courier;Titanium GRA PDC SHZ Navi Klima;Bundesweiter Transport und Zulassung möglich!;€ 8.995;Guter Preis;111.450 km;Schaltgetriebe;10/2014;Benzin;74 kW (101 PS);nan;nan;Autoscout24.de
BMW;116;i|1. Hand|LED TFL|Start/Stopp|AUX/USB|EURO6!;Traktionskontrolle, Regensensor, Radio, Armlehne, Isofix, LED-Tagfahrlicht, Klimaautomatik, Wegfahrsperre;€ 10.499;Sehr guter Preis;84.056 km;Schaltgetriebe;06/2016;Benzin;80 kW (109 PS);5,4 l/100 km;128 g/km;Autoscout24.de
Ford;Tourneo Courier;Titanium GRA PDC SHZ Navi Klima;Bundesweiter Transport und Zulassung möglich!;€ 8.995;Guter Preis;111.450 km;Schaltgetriebe;10/2014;Benzin;74 kW (101 PS);nan;nan;Autoscout24.de
MINI;One;ONE FIRST *UNFALLFREI*TÜV 03/2026*ALLWETTER*;INZAHLUNGNAHME UND FINANZIERUNG MÖGLICH;€ 10.900;Fairer Preis;86.600 km;Schaltgetriebe;12/2015;Benzin;55 kW (75 PS);5,3 l/100 km;126 g/km;Autoscout24.de
Nissan;Evalia;NV200/Evalia Tekna 7-Sitze NAV+SHZ KLIMA CAM AHK;Schiebetür links, Anhängerkupplung, Schiebetür rechts, Einparkhilfe Kamera, Isofix, Sitzheizung, Klimaautomatik, Tempomat;€ 15.890;Sehr guter Preis;109.647 km;Schaltgetriebe;09/2017;Diesel;81 kW (110 PS);4,9 l/100 km;130 g/km;Autoscout24.de
Skoda;Fabia;1.2 TSI Cool Edition**ISOFIX**Bluetooth**;Günstige Finanzierung inkl. Garantie möglich!;€ 9.795;Sehr guter Preis;53.500 km;Schaltgetriebe;06/2016;Benzin;66 kW (90 PS);nan;nan;Autoscout24.de
Volkswagen;Amarok;3,0 TDI V6 Aventura 4Motion*Garantie*;12-64 Monate Garantie / Tüv & Inspektion= NEU !;€ 29.900;Guter Preis;119.000 km;Automatik;09/2016;Diesel;165 kW (224 PS);7,8 l/100 km;203 g/km;Autoscout24.de
Audi;S1;2.0 TFSI quattro 1. Hd./Bi-Xenon/Bose Sound/Leder/;Multifunktionslenkrad, Bluetooth, Sportsitze, Allrad, Sportfahrwerk, MP3, Seitenairbag, Sommerreifen;€ 23.810;Sehr guter Preis;25.624 km;Schaltgetriebe;05/2018;Benzin;170 kW (231 PS);nan;nan;Autoscout24.de
Volkswagen;Tiguan;2.0 TSI 4Motion DSG Sport & Style;Sportpaket, Panoramadach, LED-Scheinwerfer, Multifunktionslenkrad, Lederlenkrad, Einparkhilfe Kamera, Seitenairbag, Bordcomputer;€ 16.900;Sehr guter Preis;88.122 km;Automatik;07/2015;Benzin;147 kW (200 PS);nan;0 g/km;Autoscout24.de
Nissan;Juke;4x4 RFK. Klima. Navi. Sitzh. Schiebedach.;Seit 1963 Ihr KFZ-Meisterbetrieb in Mainz Bretzenheim;€ 12.990;Sehr guter Preis;112.900 km;Automatik;02/2017;Benzin;140 kW (190 PS);6,5 l/100 km;153 g/km;Autoscout24.de
Opel;Insignia;2.0 CDTI Aut ** OPC-LINE ** Panorama **;Sitzbelüftung, 2-Zonen-Klimaautomatik, Schiebedach, Sportpaket, Bi-Xenon Scheinwerfer, Sportfahrwerk, Panoramadach, Verkehrszeichenerkennung;€ 14.950;Fairer Preis;119.433 km;Automatik;02/2016;Diesel;125 kW (170 PS);5,5 l/100 km;145 g/km;Autoscout24.de
Volkswagen;Touran;2.0 TDI Highline;3-Zonen-Klimaautomatik, LED-Scheinwerfer, Anhängerkupplung, Sitzheizung, CD, Navigationssystem, Alufelgen, Sportfahrwerk;€ 16.995;Fairer Preis;144.985 km;Schaltgetriebe;11/2015;Diesel;110 kW (150 PS);4,5 l/100 km;118 g/km;Autoscout24.de
Mazda;3;Lim. 2.0 OPTIMUM NAVI/LED/KAMERA/TEMP./HUD/AHK;Sitzheizung, Sportsitze, Tempomat, 2-Zonen-Klimaautomatik, Bi-Xenon Scheinwerfer, Lederlenkrad, Navigationssystem, Beifahrerairbag;€ 14.400;Sehr guter Preis;112.950 km;Automatik;05/2018;Benzin;88 kW (120 PS);5,6 l/100 km;129 g/km;Autoscout24.de
Nissan;NV200;Evalia Tekna 1.5 dCi 6MT Privacy NissanConnect;Schiebetür rechts, Schiebetür links, Einparkhilfe Kamera, Klimaautomatik, teilb. Rücksitzbank, Sitzheizung, Geschwindigkeits-begrenzungsanlage, Wegfahrsperre;€ 14.990;Sehr guter Preis;102.726 km;Schaltgetriebe;08/2017;Diesel;81 kW (110 PS);nan;nan;Autoscout24.de
Renault;Captur;Luxe ENERGY TCe 90 *NAV*KAMERA*;Einparkhilfe Kamera, Pannenkit, Klimaautomatik, Navigationssystem, Regensensor, Touchscreen, Geschwindigkeits-begrenzungsanlage, Bluetooth;€ 9.900;Sehr guter Preis;52.894 km;Schaltgetriebe;04/2015;Benzin;66 kW (90 PS);nan;nan;Autoscout24.de
SEAT;Ibiza;1.0 TSI 95 PS Xcellence,PDC,Rü-Kam,Full-Li;Freisprecheinrichtung, Sitzheizung, Tempomat, 2-Zonen-Klimaautomatik, Einparkhilfe Kamera, Schlüssellose Zentralverriegelung, Elektrische Seitenspiegel, Regensensor;€ 12.890;Guter Preis;25.810 km;Schaltgetriebe;10/2017;Benzin;70 kW (95 PS);nan;nan;Autoscout24.de
BMW;X1;sDrive 18 d *PDC*SHZ*KLIMA*1.HAND*MFL*AHK*;Getönte Scheiben, Anhängerkupplung, Alufelgen, Sitzheizung, Einparkhilfe Sensoren vorne, Multifunktionslenkrad, Elektrische Seitenspiegel, ESP;€ 14.599;Fairer Preis;165.239 km;Schaltgetriebe;07/2018;Diesel;110 kW (150 PS);4,6 l/100 km;120 g/km;Autoscout24.de
Opel;Movano;B Kombi L2H2 2.3CDTI*9-Sitz*Klima*Tem*Eu6;Isofix, Schiebetür rechts, Bluetooth, Freisprecheinrichtung, Klimaanlage, Start/Stop-Automatik, Sitzheizung, Radio;€ 8.990;Guter Preis;328.910 km;Schaltgetriebe;12/2015;Diesel;107 kW (145 PS);0,0 l/100 km;0 g/km;Autoscout24.de
Ford;Ranger;Autm. Kamera Teilleder SHZ PDC;Sitzheizung, Elektrische Sitze, Elektr. Fensterheber, Anhängerkupplung, Einparkhilfe Kamera, Reserverad, Allrad, Tempomat;€ 24.990;Sehr guter Preis;106.521 km;Automatik;01/2018;Diesel;147 kW (200 PS);8,7 l/100 km;228 g/km;Autoscout24.de
Jeep;Grand Cherokee;3.0 CRD Summit-Luft-Pano-H K-AHK-;Beifahrerairbag, Freisprecheinrichtung, Luftfederung, Sportpaket, Bluetooth, Einparkhilfe Kamera, Touchscreen, Sprachsteuerung;€ 23.900;Sehr guter Preis;139.900 km;Automatik;02/2019;Diesel;184 kW (250 PS);7,0 l/100 km;nan;Autoscout24.de
Opel;Mokka;1.6 CDTI ecoFlex Innovation Navi FLA LM;Bi-Xenon Scheinwerfer, Bordcomputer, ABS, Einparkhilfe Sensoren hinten, Touchscreen, Einparkhilfe Kamera, Einparkhilfe Sensoren vorne, teilb. Rücksitzbank;€ 9.490;Sehr guter Preis;112.850 km;Schaltgetriebe;06/2015;Diesel;100 kW (136 PS);nan;nan;Autoscout24.de
Kia;Ceed SW / cee'd SW;cee´d Sportswagon 1.6 Platinum Edition AHK, Panor,;Unser Angebot der Woche;€ 9.900;Guter Preis;104.000 km;Schaltgetriebe;11/2014;Benzin;99 kW (135 PS);nan;nan;Autoscout24.de
Mercedes-Benz;E 220;d T Avantgarde **Head-up+Totw.+Multibeam;Head-up display, Sportfahrwerk, Apple CarPlay, Totwinkel-Assistent, Einparkhilfe Kamera, Kurvenlicht, Reifendruckkontrollsystem, ESP;€ 23.888;nan;85.170 km;Automatik;07/2018;Diesel;143 kW (194 PS);6,0 l/100 km;158 g/km;Autoscout24.de
Volkswagen;Tiguan;Highline 2.0 TDI 4Motion / PANORAMA / ACC;Allrad, LED-Scheinwerfer, Panoramadach, Sitzheizung, Navigationssystem, Anhängerkupplung, 3-Zonen-Klimaautomatik, Abstandstempomat;€ 20.990;Sehr guter Preis;151.408 km;Automatik;06/2019;Diesel;110 kW (150 PS);5,7 l/100 km;149 g/km;Autoscout24.de
Ford;Focus;Turnier Business Klima+PDC+Navi+Allwetter;Klimaanlage, Touchscreen, Beheizbare Frontscheibe, Pannenkit, Wegfahrsperre, USB, E10-geeignet, Bluetooth;€ 8.880;Fairer Preis;89.786 km;Schaltgetriebe;02/2014;Benzin;92 kW (125 PS);5,1 l/100 km;121 g/km;Autoscout24.de
Mercedes-Benz;CLA 200;d aAHK/Voll-LED/Navi/Kamera;Einparkhilfe Kamera, Sportsitze, Sitzheizung, Alufelgen, Lederlenkrad, Fernlichtassistent, Tempomat, Navigationssystem;€ 18.910;Guter Preis;91.100 km;Schaltgetriebe;09/2017;Diesel;100 kW (136 PS);nan;nan;Autoscout24.de
Opel;Vivaro;B Kombi  L1H1 1.6 CDTI *G8057 KLIMA;Schiebetür rechts, Klimaanlage, Beifahrerairbag, Tempomat, Einparkhilfe Sensoren hinten, Notrad, Radio, Nebelscheinwerfer;€ 12.788;Sehr guter Preis;165.000 km;Schaltgetriebe;11/2015;Diesel;66 kW (90 PS);nan;nan;Autoscout24.de
Ford;Mondeo;Trend *Navi*PDC vorn & hinten*Automatik*;Sportfahrwerk, Einparkhilfe Sensoren vorne, USB, Apple CarPlay, Bluetooth, Berganfahrassistent, Beifahrerairbag, Navigationssystem;€ 14.900;Guter Preis;83.500 km;Automatik;12/2017;Diesel;110 kW (150 PS);4,9 l/100 km;126 g/km;Autoscout24.de
Skoda;Octavia;OCTAVIA RS 2.0 TDI COMBI NAVI XENON SHZ PDC AHK;FINANZIERUNG ab 3,99%++GARANTIE bis 36 Monate++ANKAUF;€ 11.950;Fairer Preis;190.000 km;Schaltgetriebe;04/2014;Diesel;135 kW (184 PS);4,6 l/100 km;122 g/km;Autoscout24.de
Aixam;City;Sport Mopedauto Leichtmobile Microcar 45 KM;Sportsitze, Sportpaket, Einparkhilfe Sensoren hinten, Alufelgen, Radio;€ 6.950;nan;9.741 km;Automatik;08/2017;Diesel;4 kW (5 PS);nan;nan;Autoscout24.de
Ford;Tourneo Custom;300 L2 Tourneo Trend 2.2 TDCi KAT;Beifahrerairbag, teilb. Rücksitzbank, Kurvenlicht, Getönte Scheiben, Alufelgen, Tempomat, Fahrerairbag, Tagfahrlicht;€ 13.999;Erhöhter Preis;209.500 km;Schaltgetriebe;06/2014;Diesel;92 kW (125 PS);nan;nan;Autoscout24.de
Skoda;Kamiq;1.0 TSI Clever Navi LED SHZ;Nutzen Sie unsere günstigen Finanzierungskonditionen!;€ 18.950;Sehr guter Preis;13.300 km;Schaltgetriebe;01/2021;Benzin;81 kW (110 PS);nan;nan;Autoscout24.de
Kia;Optima;Sportsw 2.0 Aut Spirit Hyb PANO+MEMO+VOLL;Ambientebeleuchtung, Einparkhilfe Sensoren hinten, Sportpaket, Isofix, Schiebedach, Notbremsassistent, Getönte Scheiben, Apple CarPlay; ;nan;nan;nan;nan;nan;nan;nan;nan;Autoscout24.de
Mercedes-Benz;GLK 220;CDI BlueTec 4Matic AHK PANO;Allrad, Elektrische Heckklappe, Panoramadach, Anhängerkupplung, Multifunktionslenkrad, Getönte Scheiben, CD, Sitzheizung;€ 21.999;Fairer Preis;131.800 km;Automatik;01/2015;Diesel;125 kW (170 PS);6,9 l/100 km;182 g/km;Autoscout24.de
Hyundai;TUCSON;Style Mild-Hybrid 4WD *KAMERA*NAVI*LKAS*;Allrad, Beifahrerairbag, Fahrerairbag, Einparkhilfe Sensoren vorne, LED-Scheinwerfer, Einparkhilfe Kamera, Sitzheizung, Alarmanlage;€ 20.499;nan;76.561 km;Automatik;01/2020;Diesel;136 kW (185 PS);5,8 l/100 km;153 g/km;Autoscout24.de
Mercedes-Benz;GLB 180;d 8G-DCT LEDER+VIRTUAL+PARKASS+TEMP+DAB;Sportpaket, Bordcomputer, Volldigitales Kombiinstrument, Alufelgen, Start/Stop-Automatik, Klimaautomatik, Dachreling, Einparkhilfe Sensoren vorne;€ 22.950;Sehr guter Preis;136.161 km;Automatik;05/2021;Diesel;85 kW (116 PS);4,7 l/100 km;125 g/km;Autoscout24.de
Opel;Grandland X;1.5D DESIGN  NAVI/LED/AHK/SHZ/ALU;LED-Scheinwerfer, ABS, Lordosenstütze, Einparkhilfe Kamera, Pannenkit, Sitzheizung, Klimaautomatik, Regensensor;€ 14.960;Sehr guter Preis;134.000 km;Automatik;06/2021;Diesel;96 kW (131 PS);3,8 l/100 km;99 g/km;Autoscout24.de
Volkswagen;Golf;Life Navi Rückfahrkamera;LED-Scheinwerfer, ABS, 3-Zonen-Klimaautomatik, Alufelgen, Volldigitales Kombiinstrument, Abstandstempomat, Lordosenstütze, Armlehne;€ 17.850;Guter Preis;73.748 km;Schaltgetriebe;09/2020;Diesel;85 kW (116 PS);3,5 l/100 km;91 g/km;Autoscout24.de
Kia;;CEED SW 1.6 EDITION7  EMOTION OHNE KLIMA;Zentralverriegelung, Sitzheizung, Alufelgen, Isofix, Multifunktionslenkrad, Seitenairbag, Dachreling, Radio;€ 7.960;Sehr guter Preis;94.600 km;Schaltgetriebe;03/2014;Benzin;99 kW (135 PS);nan;nan;Autoscout24.de
Volkswagen;Golf;Life Navi Rückfahrkamera;LED-Scheinwerfer, ABS, 3-Zonen-Klimaautomatik, Alufelgen, Volldigitales Kombiinstrument, Abstandstempomat, Lordosenstütze, Armlehne;€ 17.850;Guter Preis;73.748 km;Schaltgetriebe;09/2020;Diesel;85 kW (116 PS);3,5 l/100 km;91 g/km;Autoscout24.de
Volkswagen;Polo;1.8 TSI (BMT) GTI Klima Shz 1.Hand Allwetter;Fahrerairbag, LED-Scheinwerfer, Alufelgen, Sitzheizung, Kurvenlicht, Touchscreen, Seitenairbag, Start/Stop-Automatik;€ 13.490;Fairer Preis;79.852 km;Schaltgetriebe;08/2015;Benzin;141 kW (192 PS);6,0 l/100 km;139 g/km;Autoscout24.de
Mazda;CX-5;Exclusive HUD Navi Soundsystem LED Blendfreies Fer;Bei uns steht Kundenzufriedenheit an erster Stelle.;€ 18.885;Guter Preis;77.386 km;Schaltgetriebe;03/2018;Benzin;121 kW (165 PS);nan;nan;Autoscout24.de
SEAT;Ibiza;Beats *1.HAND* SHZ PDC KAM NAVI SOUND TEMP;Sportsitze, Sitzheizung, LED-Scheinwerfer, 2-Zonen-Klimaautomatik, Einparkhilfe Kamera, E10-geeignet, Volldigitales Kombiinstrument, Armlehne;€ 11.499;Sehr guter Preis;105.000 km;Schaltgetriebe;02/2019;Benzin;70 kW (95 PS);4,6 l/100 km;105 g/km;Autoscout24.de
BMW;330;Touring 330i Sport Line 185 kW (252 PS), Autom....;Start/Stop-Automatik, Lederlenkrad, Alufelgen, Sportsitze, Freisprecheinrichtung, Ambientebeleuchtung, Panoramadach, Sportpaket;€ 12.585;Guter Preis;344.300 km;Automatik;03/2018;Benzin;185 kW (252 PS);nan;nan;Autoscout24.de
Aixam;;Coupé GTI SPORT Mopedauto Microcar Minicar 45 kM;Sportfahrwerk, Alufelgen, Nebelscheinwerfer, Sportsitze, Sportpaket, Einparkhilfe Sensoren hinten, Bluetooth, Radio;€ 8.950;Guter Preis;24.100 km;Automatik;01/2015;Diesel;4 kW (5 PS);nan;nan;Autoscout24.de
Audi;Q8;55 TFSI QUATTRO/MATRIX/360°/BANG&OLUFSEN;360° Kamera, Panoramadach, Luftfederung, Head-up display, Abstandstempomat, Müdigkeitswarnsystem, Sportsitze, Soundsystem;€ 49.900;nan;79.435 km;Automatik;02/2019;Benzin;250 kW (340 PS);8,9 l/100 km;nan;Autoscout24.de
Volkswagen;Touran;TOURAN 1.4 TSI COMFORTLINE NAVI SHZ AHK 7-SITZER;FINANZIERUNG ab 3,99%++GARANTIE bis 36 Monate++ANKAUF;€ 15.950;Sehr guter Preis;130.000 km;Automatik;01/2016;Benzin;110 kW (150 PS);5,4 l/100 km;125 g/km;Autoscout24.de
Mercedes-Benz;E 220;CDI AVANTGARDE GLASDACH,PARKLENK,LEDILS,SH;Schiebedach, Elektrische Sitze, Regensensor, Navigationssystem, Anhängerkupplung, Alufelgen, Bi-Xenon Scheinwerfer, Sitzheizung;€ 23.880;Fairer Preis;56.700 km;Automatik;11/2015;Diesel;125 kW (170 PS);4,6 l/100 km;121 g/km;Autoscout24.de
BMW;Z4;Baureihe Z4 Roadster sDrive 35i;Schaltwippen, Soundsystem, Totwinkel-Assistent, Lederlenkrad, Sommerreifen, Ambientebeleuchtung, Isofix, Getönte Scheiben;€ 31.990;Sehr guter Preis;19.821 km;Automatik;09/2016;Benzin;225 kW (306 PS);9,4 l/100 km;223 g/km;Autoscout24.de
Audi;S7;Sportback NIGHT/QUATTRO/MATRIX/SHZ/2.HAND/LED;360° Kamera, 4-Zonen-Klimaautomatik, Sportsitze, Sportfahrwerk, Volldigitales Kombiinstrument, Sportpaket, Abstandstempomat, Allrad;€ 55.900;Sehr guter Preis;82.000 km;Automatik;03/2020;Diesel;257 kW (349 PS);6,5 l/100 km;170 g/km;Autoscout24.de
Opel;Corsa-e;Elegance Electric | Navi | RFK | 11 kW |;Einparkhilfe Kamera, Regensensor, Lederlenkrad, Berganfahrassistent, Navigationssystem, Elektrische Seitenspiegel, Induktionsladen für Smartphones, Alufelgen; ;nan;nan;nan;nan;nan;nan;nan;nan;Autoscout24.de
Audi;Q2;1.4 S-tronic BT E-HECK PANO PARK PDC SHZ TEMP;Panoramadach, Abstandstempomat, Getönte Scheiben, Einparkhilfe Sensoren vorne, Fernlichtassistent, Sitzheizung, E10-geeignet, Spurhalteassistent;€ 18.499;Fairer Preis;84.995 km;Automatik;12/2017;Benzin;110 kW (150 PS);5,5 l/100 km;125 g/km;Autoscout24.de
Dodge;Challenger;5.7 HEMI V8 R/T Navi | Leder | CAM;Navigationssystem, Sitzheizung, Apple CarPlay, LED-Scheinwerfer, Sportfahrwerk, Elektrische Sitze, 2-Zonen-Klimaautomatik, Soundsystem;€ 29.950;Sehr guter Preis;45.000 km;Automatik;03/2017;Benzin;277 kW (377 PS);nan;nan;Autoscout24.de
Volkswagen;Passat Variant;Comfortline BMT;Sitzheizung, 3-Zonen-Klimaautomatik, Einparkhilfe Kamera, DAB-Radio, Seitenairbag, Multifunktionslenkrad, Fernlichtassistent, ESP;€ 13.900;Sehr guter Preis;145.122 km;Schaltgetriebe;03/2018;Benzin;110 kW (150 PS);5,1 l/100 km;119 g/km;Autoscout24.de
Ford;Tourneo Courier;Sport;Über 1000 Fahrzeuge auf Lager und sofort verfügbar !!!;€ 12.490;Sehr guter Preis;64.200 km;Schaltgetriebe;01/2019;Benzin;74 kW (101 PS);5,8 l/100 km;131 g/km;Autoscout24.de
BMW;M5;Competition-Keramik-Bowers&Wilkins-Driving Ass Pro;Massagesitze, Sportfahrwerk, Sportpaket, Head-up display, MP3, Elektronische Parkbremse, Allrad, Spoiler;€ 94.875;Fairer Preis;43.370 km;Automatik;03/2023;Benzin;460 kW (625 PS);11,1 l/100 km;250 g/km;Autoscout24.de
Ford;S-Max;1.6 EcoBoost Trend *PDC*SHZ*;❗Service Historie und Gebrauchtspureninfos auf Anruf;€ 9.710;Sehr guter Preis;95.084 km;Schaltgetriebe;05/2014;Benzin;118 kW (160 PS);6,8 l/100 km;159 g/km;Autoscout24.de
Peugeot;3008;Allure Euro6,Navi,LED,AHK;LED-Scheinwerfer, Touchscreen, Bluetooth, Einparkhilfe Kamera, Spurhalteassistent, Alufelgen, Getönte Scheiben, Einparkhilfe Sensoren hinten;€ 12.800;Fairer Preis;133.211 km;Schaltgetriebe;06/2018;Benzin;96 kW (131 PS);5,4 l/100 km;124 g/km;Autoscout24.de
Ford;Focus;Kombi 1.0 EcoBoost Titanium S/S Navi LED;USB, Notrad, Sitzheizung, LED-Scheinwerfer, 2-Zonen-Klimaautomatik, Dachreling, Beifahrerairbag, ESP;€ 11.680;Sehr guter Preis;107.767 km;Schaltgetriebe;10/2019;Benzin;92 kW (125 PS);nan;nan;Autoscout24.de
Ford;C-Max;1.0 EcoBoost Titanium Rückfahrkamera;Einparkhilfe selbstlenkendes System, E10-geeignet, 2-Zonen-Klimaautomatik, Einparkhilfe Sensoren vorne, Touchscreen, Navigationssystem, Spurhalteassistent, Sitzheizung;€ 11.390;Sehr guter Preis;54.000 km;Schaltgetriebe;09/2016;Benzin;92 kW (125 PS);nan;nan;Autoscout24.de
BMW;X5;xDrive 40d 2.Hand Pano Softclose AHK HeadUp;Sportpaket, Sitzheizung, Schaltwippen, Head-up display, Panoramadach, Sommerreifen, Beheizbares Lenkrad, LED-Scheinwerfer;€ 30.850;nan;125.000 km;Automatik;04/2017;Diesel;230 kW (313 PS);6,0 l/100 km;159 g/km;Autoscout24.de
Skoda;Octavia;Combi 2.0 TDI DSG Style NAVI LED ACC PDC;Einparkhilfe Kamera, Anhängerkupplung, Sitzheizung, Elektrische Heckklappe, Bi-Xenon Scheinwerfer, Scheinwerferreinigung, Abstandstempomat, LED-Scheinwerfer;€ 16.950;Sehr guter Preis;92.300 km;Automatik;01/2019;Diesel;110 kW (150 PS);5,3 l/100 km;139 g/km;Autoscout24.de
Ford;Puma;Hybrid ST-Line X EcoBoost 1.0 Navi Digitales Cockp;Sportfahrwerk, Einparkhilfe Kamera, MP3, Abstandstempomat, Sitzheizung, 2-Zonen-Klimaautomatik, Bi-Xenon Scheinwerfer, Volldigitales Kombiinstrument;€ 15.990;Sehr guter Preis;71.652 km;Schaltgetriebe;07/2020;Benzin;92 kW (125 PS);nan;nan;Autoscout24.de
Volkswagen;up!;1.0 Basis KLIMA SITZHEIZUNG TELEFON Bluetooth;Alufelgen, Sitzheizung, Nebelscheinwerfer, Einparkhilfe Sensoren hinten, Einparkhilfe Kamera, Navigationssystem, MP3, Tempomat;€ 12.480;Sehr guter Preis;11.363 km;Schaltgetriebe;06/2022;Benzin;48 kW (65 PS);5,1 l/100 km;115 g/km;Autoscout24.de
Mercedes-Benz;E 200;d T-Modell +MBUX+Avantgarde+AHK+Cam+SpurW;Sportpaket, Sportfahrwerk, Anhängerkupplung, Sitzheizung, Elektrische Sitze, Sprachsteuerung, Einparkhilfe Kamera, Totwinkel-Assistent;€ 22.895;nan;84.700 km;Automatik;11/2018;Diesel;110 kW (150 PS);6,4 l/100 km;169 g/km;Autoscout24.de
SEAT;Ateca;1.4 TSI Style Navi SHZ PDC 110 kW (150 PS), Sch...;Sonderzinstage bei Autoflex24 eff. Zins ab 2,22 %;€ 16.987;Sehr guter Preis;70.987 km;Schaltgetriebe;05/2018;Benzin;110 kW (150 PS);nan;nan;Autoscout24.de
Audi;Q2;30 TFSI advanced Navi Sitzh. RüKa PDC;Elektrische Heckklappe, Einparkhilfe Kamera, Sitzheizung, Klimaautomatik, Schlüssellose Zentralverriegelung, Pannenkit, Einparkhilfe Sensoren vorne, Navigationssystem;€ 18.840;Sehr guter Preis;80.300 km;Schaltgetriebe;06/2023;Benzin;81 kW (110 PS);6,2 l/100 km;6 g/km;Autoscout24.de
Mercedes-Benz;GLA 180;Navi ,LED ,Klima ,Tempomat ,Sitzheizung;Sportsitze, Regensensor, Kurvenlicht, Sitzheizung, Fernlichtassistent, Totwinkel-Assistent, Navigationssystem, Ambientebeleuchtung;€ 19.800;Sehr guter Preis;56.000 km;Automatik;04/2018;Benzin;90 kW (122 PS);nan;nan;Autoscout24.de
Opel;Mokka X;1.4 Automatik Innovation;Ihr Autohaus in Espelkamp seit 35 Jahren;€ 13.760;Sehr guter Preis;92.600 km;Automatik;07/2019;Benzin;103 kW (140 PS);8,2 l/100 km;188 g/km;Autoscout24.de
Ford;Grand C-Max;Titanium 7 SItzer, Automatik;Einparkhilfe Kamera, Elektrische Heckklappe, Beifahrerairbag, Isofix, Schiebetür rechts, Android Auto, E10-geeignet, Alufelgen;€ 15.990;Sehr guter Preis;75.473 km;Automatik;06/2018;Benzin;110 kW (150 PS);6,8 l/100 km;154 g/km;Autoscout24.de
BMW;120;Sport Line SAG NaviBusiness PDC HiFi 18Zoll;Ihr BMW Servicepartner für die Region Hannover;€ 16.999;Fairer Preis;111.000 km;Automatik;09/2016;Benzin;135 kW (184 PS);6,0 l/100 km;nan;Autoscout24.de
Ford;C-Max;Titanium Navigation, Klima, Sitzhzng;Beifahrerairbag, 2-Zonen-Klimaautomatik, E10-geeignet, Panoramadach, Einparkhilfe selbstlenkendes System, Sitzheizung, Apple CarPlay, Beheizbares Lenkrad;€ 9.990;Sehr guter Preis;126.900 km;Schaltgetriebe;05/2017;Benzin;92 kW (125 PS);5,1 l/100 km;117 g/km;Autoscout24.de
SEAT;Leon;1.4 TSI FR Klima ALU RFK Nebel;Nutzen Sie unsere günstigen Finanzierungskonditionen!;€ 12.950;Sehr guter Preis;102.000 km;Schaltgetriebe;05/2016;Benzin;110 kW (150 PS);nan;nan;Autoscout24.de
Jaguar;XF;Sportbrake R-Sport Leder/Navi/SHZ;Sportfahrwerk, Innenspiegel automatisch abblendend, 2-Zonen-Klimaautomatik, USB, Traktionskontrolle, ESP, Totwinkel-Assistent, Einparkhilfe Kamera;€ 19.950;Sehr guter Preis;100.000 km;Automatik;06/2018;Diesel;221 kW (300 PS);7,5 l/100 km;171 g/km;Autoscout24.de
Opel;Insignia;A ST 2.0D INNOV. NAVI/LED/KAMERA/SHZ;Einparkhilfe Kamera, Getönte Scheiben, Android Auto, Sprachsteuerung, Einparkhilfe Sensoren vorne, Multifunktionslenkrad, Sommerreifen, Sitzheizung;€ 6.700;nan;140.990 km;Automatik;05/2016;Diesel;125 kW (170 PS);5,5 l/100 km;145 g/km;Autoscout24.de
Jaguar;XF;Sportbrake R-Sport Leder/Navi/SHZ;Sportfahrwerk, Innenspiegel automatisch abblendend, 2-Zonen-Klimaautomatik, USB, Traktionskontrolle, ESP, Totwinkel-Assistent, Einparkhilfe Kamera;€ 19.950;Sehr guter Preis;100.000 km;Automatik;06/2018;Diesel;221 kW (300 PS);7,5 l/100 km;171 g/km;Autoscout24.de
BMW;X2;xDrive18d Advantage;Volldigitales Kombiinstrument, Anhängerkupplung, Getönte Scheiben, Abstandstempomat, Alufelgen, Einparkhilfe Sensoren vorne, Notbremsassistent, Nebelscheinwerfer;€ 16.900;Guter Preis;150.234 km;Automatik;11/2018;Diesel;110 kW (150 PS);4,5 l/100 km;118 g/km;Autoscout24.de
Kia;Ceed / cee'd;1.0 TGDI Active*NAVI*TEMPO*CAM*PDC*AHK*ALU*;❗Service Historie und Gebrauchtspureninfos auf Anruf;€ 9.990;Sehr guter Preis;90.456 km;Schaltgetriebe;05/2018;Benzin;88 kW (120 PS);5,2 l/100 km;120 g/km;Autoscout24.de
Audi;A5;Cabriolet 1.8 TFSI S-tronic *S-LINE*NAVI*;Navigationssystem, Sportsitze, Sportpaket, Sportfahrwerk, Soundsystem, Multifunktionslenkrad, Sitzheizung, Scheinwerferreinigung;€ 19.480;Guter Preis;73.930 km;Automatik;05/2014;Benzin;125 kW (170 PS);6,2 l/100 km;147 g/km;Autoscout24.de
Volkswagen;Caddy;Maxi 2.0TDI 4MOTION DSG Highline *AHK/ACC*;Allrad, Schiebetür rechts, Sitzheizung, Isofix, Standheizung, Anhängerkupplung, Einparkhilfe Kamera, Alufelgen;€ 25.900;Fairer Preis;137.990 km;Automatik;08/2017;Diesel;110 kW (150 PS);5,6 l/100 km;146 g/km;Autoscout24.de
Hyundai;BAYON;1.0 T-GDI 48V-Hybrid Intro/Navi/Plus;Navigationssystem, Anhängerkupplung, Katalysator, Sitzheizung, Einparkhilfe Kamera, Klimaautomatik, Regensensor, Einparkhilfe Sensoren hinten;€ 15.480;Sehr guter Preis;41.790 km;Schaltgetriebe;07/2021;Benzin;74 kW (101 PS);nan;nan;Autoscout24.de
Jaguar;F-Pace;20d Portfolio 4x4 PANO NAVI DIGITAL TACHO;Seit 1963 Ihr KFZ-Meisterbetrieb in Mainz Bretzenheim;€ 22.990;Sehr guter Preis;119.970 km;Automatik;01/2019;Diesel;132 kW (179 PS);5,7 l/100 km;151 g/km;Autoscout24.de
Mercedes-Benz;C 300;de T Avantgarde 9G-tronic LED~Pano~WideScr.;Volldigitales Kombiinstrument, Sportfahrwerk, Panoramadach, Schiebedach, Sportsitze, Totwinkel-Assistent, Getönte Scheiben, Soundsystem; ;nan;nan;nan;nan;nan;nan;nan;nan;Autoscout24.de
Opel;Zafira;Drive;2-Zonen-Klimaautomatik, E10-geeignet, Panoramadach, Einparkhilfe Sensoren vorne, Tempomat, Pannenkit, Tagfahrlicht, Beifahrerairbag;€ 14.900;Guter Preis;51.951 km;Schaltgetriebe;04/2016;Benzin;103 kW (140 PS);nan;nan;Autoscout24.de
Renault;Kadjar;LIMITED Deluxe ENERGY TCe 130 EDC;Einparkhilfe Sensoren vorne, Navigationssystem, 2-Zonen-Klimaautomatik, Freisprecheinrichtung, Apple CarPlay, Einparkhilfe Kamera, Dachreling, Sitzheizung;€ 14.750;Sehr guter Preis;46.101 km;Automatik;10/2018;Benzin;96 kW (131 PS);5,7 l/100 km;123 g/km;Autoscout24.de
Hyundai;i20;1.0 T-GDI Trend Voll-LED Carplay Kam Carplay;Günstige Finanzierung! Wir kaufen Ihr Auto!;€ 14.480;Guter Preis;38.011 km;Schaltgetriebe;12/2023;Benzin;74 kW (101 PS);5,6 l/100 km;127 g/km;Autoscout24.de
Dacia;Bigster;"Expression SHZ+KLIMA+PDC+KAMERA+LED+17"" ALU TCe...";Sicherer EU-Neuwagenkauf zum Bestpreis seit 1999!;€ 26.980;nan;0 km;Schaltgetriebe;nan;Benzin;96 kW (131 PS);nan;134 g/km;Autoscout24.de
Jeep;Renegade;Longitude FWD;Beifahrerairbag, Anhängerkupplung, Bluetooth, Freisprecheinrichtung, Lordosenstütze, Einparkhilfe Sensoren hinten, Wegfahrsperre, Dachreling;€ 10.990;Guter Preis;158.500 km;Schaltgetriebe;02/2015;Autogas (LPG);103 kW (140 PS);6,0 l/100 km;142 g/km;Autoscout24.de
Mercedes-Benz;GLC 220;GLC 220 d 4M AHK Totwkl Kamera AMG-int. LED-ILS;Allrad, Einparkhilfe Kamera, Anhängerkupplung, Elektrische Heckklappe, W-Lan / Wifi Hotspot, Sitzheizung, Voll-LED Scheinwerfer, CD;€ 27.900;Sehr guter Preis;112.000 km;Automatik;01/2019;Diesel;125 kW (170 PS);5,0 l/100 km;129 g/km;Autoscout24.de
Opel;Zafira Tourer;C 1.6 Innovation  CNG ERDGAS 7SITZE;Bluetooth, Alufelgen, Freisprecheinrichtung, Armlehne, Reifendruckkontrollsystem, Notrufsystem, Zentralverriegelung mit Funkfernbedienung, Tagfahrlicht;€ 7.500;Sehr guter Preis;134.272 km;Schaltgetriebe;09/2015;Erdgas (CNG);110 kW (150 PS);nan;nan;Autoscout24.de
Volkswagen;Tiguan;Sport & Style 2.0 TDI BMT Navi Klimaautom Sportsit;ONLINE ABWICKLUNG+TOP BEWERTUNGEN+GÜNSTIGE FINANZIERUNG;€ 17.680;Guter Preis;76.166 km;Schaltgetriebe;02/2016;Diesel;110 kW (150 PS);nan;nan;Autoscout24.de
Skoda;Karoq;1.5 TSI STYLE/KAMERA/ACC/NAVI/SCHECKHEFT;Anhängerkupplung, Elektrische Heckklappe, Sitzheizung, Navigationssystem, Einparkhilfe Kamera, Ambientebeleuchtung, Einparkhilfe Sensoren vorne, Abstandstempomat;€ 22.800;Sehr guter Preis;49.990 km;Automatik;10/2020;Benzin;110 kW (150 PS);nan;nan;Autoscout24.de
Volkswagen;Arteon;Elegance 2.0 TDI DSG SHZ+LED+ACC;3-Zonen-Klimaautomatik, Sitzheizung, LED-Scheinwerfer, Einparkhilfe Kamera, Navigationssystem, Fernlichtassistent, Beheizbares Lenkrad, Totwinkel-Assistent;€ 21.990;Sehr guter Preis;105.000 km;Automatik;06/2017;Diesel;110 kW (150 PS);4,5 l/100 km;116 g/km;Autoscout24.de
Audi;Q5;"50d Quatt S LINE 20""+STANDHZ+MATRIX+LEDER+SHZ";Sportfahrwerk, Getönte Scheiben, Sportsitze, Sitzheizung, Einparkhilfe Kamera, Standheizung, Tempomat, Schaltwippen;€ 27.750;Sehr guter Preis;139.732 km;Automatik;11/2019;Diesel;210 kW (286 PS);6,2 l/100 km;162 g/km;Autoscout24.de
Jeep;Compass;1.3l T4-PHEV 177kW Upland Auto. 4WD;Allrad, Winterpaket, E10-geeignet, Soundsystem, LED-Scheinwerfer, Android Auto, Beheizbares Lenkrad, Navigationssystem; ;nan;nan;nan;nan;nan;nan;nan;nan;Autoscout24.de
Tesla;Model S;Dual;Bordcomputer, Beheizbares Lenkrad, Luftfederung, Traktionskontrolle, Ambientebeleuchtung, Fernlichtassistent, Sitzheizung, Allrad; ;nan;nan;nan;nan;nan;nan;nan;nan;Autoscout24.de
Hyundai;i20;TREND 1.2 GDi *SITZHZG*LENKRADHZG*KLIMA*;Beifahrerairbag, USB, Sitzheizung, Wegfahrsperre, Klimaanlage, Winterpaket, Freisprecheinrichtung, Einparkhilfe Sensoren hinten;€ 9.340;Fairer Preis;72.370 km;Schaltgetriebe;11/2015;Benzin;62 kW (84 PS);nan;nan;Autoscout24.de
Fiat;Panda;Easy*Klima*ZV*;Klimaanlage, Dachreling, Einparkhilfe Sensoren hinten, E10-geeignet, Pannenkit, Nebelscheinwerfer, Elektr. Fensterheber, ABS;€ 7.269;Guter Preis;53.000 km;Schaltgetriebe;03/2016;Benzin;51 kW (69 PS);5,2 l/100 km;123 g/km;Autoscout24.de
Volkswagen;Golf;Comfortline BMT Start-Stopp;Ihr BMW Servicepartner für die Region Hannover;€ 14.999;Sehr guter Preis;78.500 km;Automatik;10/2018;Diesel;85 kW (116 PS);4,0 l/100 km;103 g/km;Autoscout24.de
Ford;Ka/Ka+;+ Cool & Sound Klima BT Sprachsteuerung Notbremsas;Pannenkit, Alufelgen, Beifahrerairbag, Elektrische Seitenspiegel, Elektr. Fensterheber, Nebelscheinwerfer, Radio, Klimaanlage;€ 8.450;Guter Preis;70.950 km;Schaltgetriebe;05/2017;Benzin;63 kW (86 PS);nan;nan;Autoscout24.de
Fiat;500X;S-Design City Look*NAV*AHK*;Anhängerkupplung, Navigationssystem, Alufelgen, E10-geeignet, Beifahrerairbag, Reifendruckkontrollsystem, Kurvenlicht, Tempomat;€ 12.986;Fairer Preis;86.000 km;Schaltgetriebe;02/2018;Benzin;103 kW (140 PS);6,0 l/100 km;139 g/km;Autoscout24.de
BMW;i8;-First Edition-Harman-Kardon-HUD-Memory;360° Kamera, Head-up display, Elektrische Sitze, Einparkhilfe Kamera, Sitzheizung, Navigationssystem, LED-Scheinwerfer, Allrad; ;nan;nan;nan;nan;nan;nan;nan;nan;Autoscout24.de
Skoda;Superb;2.0 TDi Combi Automatik **Navi*AHK*ACC**;Elektrische Sitze, Anhängerkupplung, Elektrische Heckklappe, 3-Zonen-Klimaautomatik, Sitzheizung, LED-Scheinwerfer, Einparkhilfe Kamera, DAB-Radio;€ 16.995;Sehr guter Preis;167.000 km;Automatik;07/2020;Diesel;110 kW (150 PS);3,9 l/100 km;102 g/km;Autoscout24.de
Opel;Zafira;C Edition 2.0 TDCI AUTOMATIK/NAVI/LED/AHK;GARANTIE • FINANZIERUNG • LIEFERUNG • ZULASSUNG;€ 15.990;nan;120.000 km;Automatik;09/2017;Diesel;125 kW (170 PS);5,8 l/100 km;153 g/km;Autoscout24.de
Skoda;Kodiaq;2.0 TDI, Style 4x4, LED, Navi, ACC, el.Heckkl.;Allrad, Sommerreifen, Elektrische Sitze, Sitzheizung, Apple CarPlay, USB, Fahrerairbag, Elektrische Heckklappe;€ 24.480;Sehr guter Preis;125.000 km;Automatik;05/2021;Diesel;110 kW (150 PS);5,2 l/100 km;136 g/km;Autoscout24.de
Ford;Kuga;KUGA 2.0 TDCI 4x4 ST-Line XENON NAVI CAM;Allrad, Geschwindigkeits-begrenzungsanlage, Beheizbare Frontscheibe, Sitzheizung, Navigationssystem, Beheizbares Lenkrad, Elektrische Heckklappe, Abstandstempomat;€ 16.850;Guter Preis;112.203 km;Automatik;08/2018;Diesel;132 kW (179 PS);nan;nan;Autoscout24.de
Opel;Corsa;E 1.2 Klima;Elektrische Seitenspiegel, Klimaanlage, Fahrerairbag, Beifahrerairbag, Radio, Seitenairbag, Elektr. Fensterheber, Zentralverriegelung;€ 4.290;Sehr guter Preis;115.200 km;Schaltgetriebe;05/2016;Benzin;51 kW (69 PS);5,4 l/100 km;128 g/km;Autoscout24.de
Alfa Romeo;Giulia;2.2 JTDM Automatik Klima Navi Temp Kamera;Finanzierung OHNE Anzahlung möglich!;€ 13.890;Sehr guter Preis;174.400 km;Automatik;11/2016;Diesel;132 kW (179 PS);3,8 l/100 km;99 g/km;Autoscout24.de
Ford;Tourneo Courier;1.0 TREND 5-SITZER KLIMA/SHZ/AHK;Getönte Scheiben, Schiebetür rechts, Anhängerkupplung, Einparkhilfe Sensoren hinten, Klimaanlage, USB, Bluetooth, Armlehne;€ 4.250;Sehr guter Preis;186.900 km;Schaltgetriebe;06/2015;Benzin;74 kW (101 PS);5,4 l/100 km;128 g/km;Autoscout24.de
Volkswagen;Golf;VII Limousine *Klimaauto*Sitzheizung*Tempomat;2-Zonen-Klimaautomatik, Multifunktionslenkrad, Sitzheizung, Fahrerairbag, Alufelgen, Geschwindigkeits-begrenzungsanlage, Nebelscheinwerfer, Armlehne;€ 11.449;Sehr guter Preis;75.792 km;Schaltgetriebe;07/2015;Benzin;81 kW (110 PS);nan;nan;Autoscout24.de
Volvo;V70;Kombi Linje Classic;Elektrische Heckklappe, Alufelgen, Sportfahrwerk, Schiebedach, LED-Tagfahrlicht, Volldigitales Kombiinstrument, Elektrische Sitze, Abstandswarner;€ 8.900;Sehr guter Preis;195.697 km;Schaltgetriebe;05/2016;Diesel;110 kW (150 PS);4,1 l/100 km;113 g/km;Autoscout24.de
BMW;116;i|1. Hand|LED TFL|Start/Stopp|AUX/USB|EURO6!;Traktionskontrolle, Regensensor, Radio, Armlehne, Isofix, LED-Tagfahrlicht, Klimaautomatik, Wegfahrsperre;€ 10.499;Sehr guter Preis;84.056 km;Schaltgetriebe;06/2016;Benzin;80 kW (109 PS);5,4 l/100 km;128 g/km;Autoscout24.de
Peugeot;2008;1.2 CROSSWAY|APPLE|KAMERA|AMBIENTE;Sitzheizung, Einparkhilfe Kamera, Multifunktionslenkrad, Panoramadach, Geschwindigkeits-begrenzungsanlage, Pannenkit, Ambientebeleuchtung, Tempomat;€ 9.990;Sehr guter Preis;100.000 km;Automatik;07/2016;Benzin;81 kW (110 PS);4,8 l/100 km;110 g/km;Autoscout24.de
Nissan;Qashqai;Visia *PDC*RADIO*KLIMA*XENON*TEMPOMAT*;Alufelgen, Spurhalteassistent, Getönte Scheiben, Tempomat, Anhängerkupplung, Einparkhilfe Sensoren hinten, Geschwindigkeits-begrenzungsanlage, Beifahrerairbag;€ 9.299;Sehr guter Preis;116.591 km;Schaltgetriebe;09/2016;Benzin;85 kW (116 PS);5,6 l/100 km;129 g/km;Autoscout24.de
BMW;220;Coupé M Sport LED NaviBusiness FernlichtAss;Ihr BMW Servicepartner für die Region Hannover;€ 13.999;Guter Preis;194.000 km;Schaltgetriebe;08/2017;Diesel;140 kW (190 PS);4,3 l/100 km;nan;Autoscout24.de
SEAT;Leon;ST 2.0d 4Drive 4x4 DSG X-Perience PANO+LED+;Allrad, Schiebedach, LED-Scheinwerfer, Einparkhilfe Sensoren vorne, Sportpaket, Reifendruckkontrollsystem, USB, Sitzheizung;€ 11.750;Sehr guter Preis;150.000 km;Automatik;10/2016;Diesel;135 kW (184 PS);4,7 l/100 km;125 g/km;Autoscout24.de
Mercedes-Benz;GLC 220;d 4Matic Sitzh. Navi. Kamera Bluetooth;Seit 1963 Ihr KFZ-Meisterbetrieb in Mainz Bretzenheim;€ 22.990;Fairer Preis;159.000 km;Automatik;05/2017;Diesel;125 kW (170 PS);5,0 l/100 km;129 g/km;Autoscout24.de
Opel;Mokka;1.6 CDTI ecoFlex Innovation Navi FLA LM;Bi-Xenon Scheinwerfer, Bordcomputer, ABS, Einparkhilfe Sensoren hinten, Touchscreen, Einparkhilfe Kamera, Einparkhilfe Sensoren vorne, teilb. Rücksitzbank;€ 9.490;Sehr guter Preis;112.850 km;Schaltgetriebe;06/2015;Diesel;100 kW (136 PS);nan;nan;Autoscout24.de
Audi;Q5;2.0TDI/S Line/Leder/Pano/Navi/Bi-Xeno/AHK/PDC;Panoramadach, Sportpaket, 3-Zonen-Klimaautomatik, Scheinwerferreinigung, Sportfahrwerk, Elektrische Sitze, Fahrerairbag, Ambientebeleuchtung;€ 18.500;Sehr guter Preis;154.000 km;Automatik;01/2015;Diesel;140 kW (190 PS);5,7 l/100 km;151 g/km;Autoscout24.de
Volkswagen;Polo;V Trendline. Navi. Klima. PDC. Temp.;Seit 1963 Ihr KFZ-Meisterbetrieb in Mainz Bretzenheim;€ 6.990;Guter Preis;119.900 km;Schaltgetriebe;01/2016;Benzin;44 kW (60 PS);nan;nan;Autoscout24.de
Opel;Zafira Tourer;C 1.6 Innovation  CNG ERDGAS 7SITZE;Bluetooth, Alufelgen, Freisprecheinrichtung, Armlehne, Reifendruckkontrollsystem, Notrufsystem, Zentralverriegelung mit Funkfernbedienung, Tagfahrlicht;€ 7.500;Sehr guter Preis;134.272 km;Schaltgetriebe;09/2015;Erdgas (CNG);110 kW (150 PS);nan;nan;Autoscout24.de
Opel;Insignia;A ST 2.0D INNOV. NAVI/LED/KAMERA/SHZ;Einparkhilfe Kamera, Getönte Scheiben, Android Auto, Sprachsteuerung, Einparkhilfe Sensoren vorne, Multifunktionslenkrad, Sommerreifen, Sitzheizung;€ 6.700;nan;140.990 km;Automatik;05/2016;Diesel;125 kW (170 PS);5,5 l/100 km;145 g/km;Autoscout24.de
Volkswagen;T-Roc;2.0TSI Sport 4Motion DSG AID KAM ACC LED;Sportfahrwerk, Volldigitales Kombiinstrument, Ambientebeleuchtung, Einparkhilfe Kamera, Abstandstempomat, Standheizung, LED-Scheinwerfer, Allrad;€ 17.999;Sehr guter Preis;135.700 km;Automatik;03/2018;Benzin;140 kW (190 PS);6,7 l/100 km;152 g/km;Autoscout24.de
BMW;318;"d Tou Sport Line NAVI+LED+SHZ+TEMP+AHK+M18""";Sportfahrwerk, Sportsitze, Anhängerkupplung, 3-Zonen-Klimaautomatik, Ambientebeleuchtung, LED-Scheinwerfer, Elektrische Seitenspiegel, Einparkhilfe Sensoren vorne;€ 12.950;Sehr guter Preis;167.000 km;Schaltgetriebe;07/2019;Diesel;110 kW (150 PS);nan;nan;Autoscout24.de
Alfa Romeo;Giulia;2.2 JTDM Automatik Klima Navi Temp Kamera;Finanzierung OHNE Anzahlung möglich!;€ 13.890;Sehr guter Preis;174.400 km;Automatik;11/2016;Diesel;132 kW (179 PS);3,8 l/100 km;99 g/km;Autoscout24.de
Opel;Astra;5-Türer, Dynamic;2-Zonen-Klimaautomatik, Sitzheizung, Spurhalteassistent, Einparkhilfe Sensoren vorne, Verkehrszeichenerkennung, Einparkhilfe Kamera, Navigationssystem, Nebelscheinwerfer;€ 10.950;Sehr guter Preis;85.117 km;Schaltgetriebe;10/2017;Benzin;92 kW (125 PS);nan;nan;Autoscout24.de
Tesla;Model S;90D Allradantrieb Autopilot,Pano,HighSound,Navi;Volldigitales Kombiinstrument, Einparkhilfe selbstlenkendes System, ABS, Einparkhilfe Kamera, Schlüssellose Zentralverriegelung, Alarmanlage, Radio, Spurhalteassistent; ;nan;nan;nan;nan;nan;nan;nan;nan;Autoscout24.de
Nissan;X-Trail;1.6 dCi Visia 7 Sitzer/Navi/LED/Pano/Leder;Sommerreifen, Elektrische Sitze, Winterreifen, Sitzheizung, Tempomat, Bordcomputer, 2-Zonen-Klimaautomatik, Schiebedach;€ 10.980;Guter Preis;262.137 km;Automatik;06/2017;Diesel;96 kW (131 PS);nan;nan;Autoscout24.de
Hyundai;i30;CW 1.6CRDi Select LEDTgf~Tempomat~AHK;Freisprecheinrichtung, Alufelgen, USB, Beifahrerairbag, Anhängerkupplung, Tempomat, Fernlichtassistent, Isofix;€ 8.950;Guter Preis;131.299 km;Schaltgetriebe;10/2017;Diesel;81 kW (110 PS);3,8 l/100 km;99 g/km;Autoscout24.de
Ford;Fiesta;Sport;Isofix, Sportfahrwerk, Freisprecheinrichtung, Beheizbare Frontscheibe, Getönte Scheiben, Fahrerairbag, Sitzheizung, Sportpaket;€ 5.999;Sehr guter Preis;142.500 km;Schaltgetriebe;03/2016;Benzin;92 kW (125 PS);4,3 l/100 km;99 g/km;Autoscout24.de
Audi;A3;1.6 TDI Ambiente Navi/Temp/Xenon/Shzg/Klimaau;Alufelgen, Beifahrerairbag, Bordcomputer, Sportpaket, Armlehne, Sitzheizung, Elektrische Seitenspiegel, Bi-Xenon Scheinwerfer;€ 12.490;Fairer Preis;138.000 km;Schaltgetriebe;09/2016;Diesel;81 kW (110 PS);nan;nan;Autoscout24.de
Skoda;Fabia;1.0 MPI Ambit CLIMATRONIK+SHZ+PDC+TEMP+DAB;Sportsitze, Sitzheizung, Zentralverriegelung, Einparkhilfe Sensoren vorne, Apple CarPlay, Tempomat, Einparkhilfe Sensoren hinten, Isofix;€ 9.950;Sehr guter Preis;46.267 km;Schaltgetriebe;03/2019;Benzin;55 kW (75 PS);4,8 l/100 km;110 g/km;Autoscout24.de
Opel;Meriva;B Innovation*Tempomat*Sitzheizung*;Einparkhilfe Sensoren hinten, Radio, Beifahrerairbag, Sitzheizung, Tempomat, Alufelgen, Bluetooth, Getönte Scheiben;€ 7.290;Guter Preis;128.969 km;Schaltgetriebe;09/2016;Diesel;100 kW (136 PS);4,4 l/100 km;116 g/km;Autoscout24.de
Audi;A3;Sportback quattro S Line Sportpaket Aut. Navi;Sportfahrwerk, Sportpaket, Sportsitze, Allrad, Navigationssystem, Multifunktionslenkrad, Bordcomputer, Einparkhilfe Kamera;€ 15.890;Sehr guter Preis;133.104 km;Automatik;02/2015;Diesel;135 kW (184 PS);4,9 l/100 km;130 g/km;Autoscout24.de
MINI;Cooper;, 1. Hand, Navi, Panorama-Schiebedach! Klima;Schiebedach, Navigationssystem, Ambientebeleuchtung, 2-Zonen-Klimaautomatik, Panoramadach, Sitzheizung, USB, Einparkhilfe Sensoren hinten;€ 13.990;Sehr guter Preis;97.448 km;Automatik;02/2017;Benzin;100 kW (136 PS);nan;nan;Autoscout24.de
Audi;A5;2.0 TDI clean diesel Aut.*S-LINE*NAVI*XENON*;❗Service Historie und Gebrauchtspureninfos auf Anruf;€ 16.830;Sehr guter Preis;100.670 km;Schaltgetriebe;01/2017;Diesel;110 kW (150 PS);4,5 l/100 km;127 g/km;Autoscout24.de
Renault;Megane;3 1.6 110PS Lim. 5-trg Tempomat Klima;Qualität - Zuverlässigkeit - Sicherheit;€ 7.899;Sehr guter Preis;54.561 km;Schaltgetriebe;06/2015;Benzin;81 kW (110 PS);6,9 l/100 km;159 g/km;Autoscout24.de
Peugeot;2008;PureTech 110 EAT6 CARPLAY LEDER TEMPOMAT KLIMAAUT;Sportsitze, Ambientebeleuchtung, E10-geeignet, Apple CarPlay, Dachreling, Seitenairbag, Regensensor, Touchscreen;€ 10.990;Sehr guter Preis;76.420 km;Automatik;01/2017;Benzin;81 kW (110 PS);5,6 l/100 km;129 g/km;Autoscout24.de
Nissan;X-Trail;1.6 Panorama 360Kamera PDC Navi;Auto kauft man mit Vertrauen u Garantie;€ 14.200;Sehr guter Preis;118.803 km;Automatik;03/2017;Diesel;96 kW (131 PS);nan;nan;Autoscout24.de
Ford;Tourneo Connect;1.6 TDCi 5 SITZE TITANIUM PANO;Beifahrerairbag, Alufelgen, Klimaanlage, Panoramadach, Einparkhilfe Sensoren hinten, Bordcomputer, Bluetooth, Kurvenlicht;€ 12.480;Sehr guter Preis;94.506 km;Schaltgetriebe;03/2015;Diesel;85 kW (116 PS);4,9 l/100 km;130 g/km;Autoscout24.de
Mercedes-Benz;C 220;d Kombi AMG-Line|PDC|SHZ|SBL|Navi|Klima|USB;Sportpaket, Einparkhilfe Kamera, Navigationssystem, Getönte Scheiben, Sitzbelüftung, Sportfahrwerk, Klimaanlage, LED-Scheinwerfer;€ 15.890;Fairer Preis;200.000 km;Automatik;05/2015;Diesel;125 kW (170 PS);4,3 l/100 km;114 g/km;Autoscout24.de
Audi;A4;Lim. design *NAVI*PDC*KAMERA*TEMPOMAT*;Einparkhilfe Kamera, Navigationssystem, Elektrische Heckklappe, Getönte Scheiben, Sitzheizung, Armlehne, Einparkhilfe Sensoren vorne, Bi-Xenon Scheinwerfer;€ 15.499;Fairer Preis;110.969 km;Schaltgetriebe;04/2017;Benzin;110 kW (150 PS);5,5 l/100 km;131 g/km;Autoscout24.de
Kia;Carens;Dream Team/Mfl/Navi/Shz/Navi/7-Sitzer/;Navigationssystem, Beifahrerairbag, Sitzheizung, Tempomat, Elektr. Fensterheber, Alufelgen, Einparkhilfe Kamera, Dachreling;€ 11.990;Sehr guter Preis;77.383 km;Schaltgetriebe;04/2018;Benzin;99 kW (135 PS);6,5 l/100 km;150 g/km;Autoscout24.de
Hyundai;i30;i30cw 1.6 Automatik Style;2-Zonen-Klimaautomatik, Sitzheizung, Pannenkit, Tempomat, Wegfahrsperre, Regensensor, Multifunktionslenkrad, Bi-Xenon Scheinwerfer;€ 9.870;Sehr guter Preis;122.195 km;Automatik;06/2015;Benzin;99 kW (135 PS);6,8 l/100 km;136 g/km;Autoscout24.de
Mazda;CX-30;"Prime-Line KLIMA+NAVI+ALARM+KAMERA+LED+16""+HUD ...";Sicherer EU-Neuwagenkauf zum Bestpreis seit 1999!;€ 22.890;nan;0 km;Schaltgetriebe;nan;Benzin;103 kW (140 PS);nan;135 g/km;Autoscout24.de
Ford;C-Max;Titanium AHK KAMERA LED NAVI SHZ TEMPO PDC;- Ihre Zufriedenheit ist unser Antrieb -;€ 10.450;Sehr guter Preis;67.269 km;Schaltgetriebe;07/2017;Benzin;92 kW (125 PS);6,2 l/100 km;146 g/km;Autoscout24.de
Volkswagen;Sharan;Comfortline 2.0 TDI Automatik/ Navi/ AHK;Alufelgen, Anhängerkupplung, Beifahrerairbag, Einparkhilfe Sensoren vorne, Navigationssystem, Getönte Scheiben, Sitzheizung, Apple CarPlay;€ 14.990;Sehr guter Preis;159.215 km;Automatik;07/2016;Diesel;110 kW (150 PS);5,2 l/100 km;136 g/km;Autoscout24.de
Peugeot;308;LIM. 1.5D ACTIVE NAVI/LED/PDC/TEMP./SPORT;ESP, Touchscreen, Bluetooth, Navigationssystem, Sportsitze, Fahrerairbag, Sprachsteuerung, Armlehne;€ 7.450;Sehr guter Preis;141.650 km;Schaltgetriebe;09/2018;Diesel;96 kW (131 PS);3,6 l/100 km;95 g/km;Autoscout24.de
MINI;Cooper S Clubman;"Automatik Klima Einparkhilfe LED Tempomat 17""Alu";LED-Scheinwerfer, Sportfahrwerk, ABS, Alufelgen, 2-Zonen-Klimaautomatik, Sportsitze, Sportpaket, ESP;€ 13.980;Sehr guter Preis;110.438 km;Automatik;12/2016;Benzin;141 kW (192 PS);6,2 l/100 km;147 g/km;Autoscout24.de
Skoda;Fabia;Fabia Combi Ambition Klima Sitzhzg. Dachreling !;Sitzheizung, Pannenkit, Dachreling, Einparkhilfe Sensoren vorne, Scheinwerferreinigung, E10-geeignet, Einparkhilfe Sensoren hinten, Klimaautomatik;€ 11.450;Sehr guter Preis;38.000 km;Schaltgetriebe;08/2017;Benzin;70 kW (95 PS);4,3 l/100 km;99 g/km;Autoscout24.de
Ford;Focus;Turnier Titanium ZAHNRIEM NEU/ 2HAND/TEMP.;Getönte Scheiben, Einparkhilfe Sensoren vorne, Apple CarPlay, Sitzheizung, Beheizbare Frontscheibe, Touchscreen, Einparkhilfe Kamera, Klimaautomatik;€ 8.999;Guter Preis;98.000 km;Schaltgetriebe;11/2017;Benzin;92 kW (125 PS);4,8 l/100 km;114 g/km;Autoscout24.de
Peugeot;2008;Active Pack1.2T NAVI/LED/PDC/TEMPOMAT/ALU;Navigationssystem, LED-Scheinwerfer, Klimaautomatik, Alufelgen, Fernlichtassistent, Regensensor, Spurhalteassistent, Beifahrerairbag;€ 15.390;Sehr guter Preis;22.990 km;Schaltgetriebe;11/2020;Benzin;96 kW (131 PS);4,5 l/100 km;103 g/km;Autoscout24.de
Mercedes-Benz;A 180;d Kamera*Automatik;Einparkhilfe Kamera, Reifendruckkontrollsystem, Regensensor, Klimaautomatik, Seitenairbag, Beifahrerairbag, Tempomat;€ 14.998;Guter Preis;192.800 km;Automatik;04/2020;Diesel;85 kW (116 PS);4,0 l/100 km;117 g/km;Autoscout24.de
Skoda;Yeti;Cool Edition Outdoor 4x4*1.Hand*Klima*PDC*;Allrad, Bluetooth, Freisprecheinrichtung, USB, Sitzheizung, Sommerreifen, Fahrerairbag, Scheinwerferreinigung;€ 16.597;Guter Preis;54.450 km;Schaltgetriebe;05/2016;Benzin;110 kW (150 PS);6,3 l/100 km;149 g/km;Autoscout24.de
Mitsubishi;Outlander;Diamant Edition 4WD;Allrad, Radio, LED-Tagfahrlicht, Sprachsteuerung, Sitzheizung, Anhängerkupplung, Apple CarPlay, Kurvenlicht;€ 12.300;Guter Preis;155.800 km;Automatik;03/2015;Diesel;110 kW (150 PS);5,4 l/100 km;143 g/km;Autoscout24.de
Peugeot;208;Active*Sitzheizung*Lichtsensor*Klima*;Sitzheizung, Einparkhilfe Sensoren hinten, E10-geeignet, Lederlenkrad, Touchscreen, Zentralverriegelung, Pannenkit, Elektr. Fensterheber;€ 9.765;Sehr guter Preis;39.232 km;Schaltgetriebe;01/2019;Benzin;60 kW (82 PS);5,8 l/100 km;130 g/km;Autoscout24.de
Citroen;C3;Shine PDC+Navi+PANORAMA+Klimaauto+LED+Sitzhzg;Einparkhilfe Kamera, Apple CarPlay, Panoramadach, Fahrerairbag, E10-geeignet, Regensensor, Navigationssystem, Einparkhilfe Sensoren hinten;€ 9.990;Sehr guter Preis;59.997 km;Schaltgetriebe;08/2020;Benzin;60 kW (82 PS);4,2 l/100 km;96 g/km;Autoscout24.de
Ford;EcoSport;Trend;Sitzheizung, Einparkhilfe Sensoren vorne, Traktionskontrolle, USB, Einparkhilfe Sensoren hinten, Alufelgen, Nebelscheinwerfer, Freisprecheinrichtung;€ 7.390;Guter Preis;118.281 km;Schaltgetriebe;07/2015;Benzin;92 kW (125 PS);5,4 l/100 km;125 g/km;Autoscout24.de
Land Rover;Range Rover Evoque;Td4 SE Dynamic Leder ab 149€;Seit 1963 Ihr KFZ-Meisterbetrieb in Mainz Bretzenheim;€ 16.990;Fairer Preis;150.000 km;Automatik;10/2017;Diesel;110 kW (150 PS);8,2 l/100 km;188 g/km;Autoscout24.de
BMW;320;320 d Efficient Dynamics Advantage;Navigationssystem, Alufelgen, Elektrische Seitenspiegel, Armlehne, Klimaautomatik, Skisack, Tempomat, Beifahrerairbag;€ 11.100;Fairer Preis;222.200 km;Schaltgetriebe;03/2016;Diesel;120 kW (163 PS);3,9 l/100 km;103 g/km;Autoscout24.de
Ford;Tourneo Courier;1.0 TREND 5-SITZER KLIMA/SHZ/AHK;Getönte Scheiben, Schiebetür rechts, Anhängerkupplung, Einparkhilfe Sensoren hinten, Klimaanlage, USB, Bluetooth, Armlehne;€ 4.250;Sehr guter Preis;186.900 km;Schaltgetriebe;06/2015;Benzin;74 kW (101 PS);5,4 l/100 km;128 g/km;Autoscout24.de
Suzuki;SX4;Club *KLIMA-WENIG KILOMETER-PDC-NAVI*;Navigationssystem, Klimaanlage, Touchscreen, Sprachsteuerung, Traktionskontrolle, Zentralverriegelung, Freisprecheinrichtung, ESP;€ 9.990;Sehr guter Preis;28.147 km;Schaltgetriebe;02/2015;Benzin;88 kW (120 PS);6,2 l/100 km;143 g/km;Autoscout24.de
Mitsubishi;ASX;1.6 MIVEC Edition 100 Winterräder Scheckheft;Apple CarPlay, Einparkhilfe Kamera, Touchscreen, Regensensor, Sitzheizung, Android Auto, Freisprecheinrichtung, USB;€ 12.900;Guter Preis;65.418 km;Schaltgetriebe;11/2017;Benzin;86 kW (117 PS);nan;nan;Autoscout24.de
Mercedes-Benz;CLS 450;CLS 450 4M COMAND/SHD/Distron/Burmest/Kamera;Soundsystem, Abstandstempomat, teilb. Rücksitzbank, Volldigitales Kombiinstrument, Schiebedach, Ambientebeleuchtung, Totwinkel-Assistent, Beifahrerairbag;€ 37.980;Sehr guter Preis;67.987 km;Automatik;04/2018;Benzin;270 kW (367 PS);8,7 l/100 km;197 g/km;Autoscout24.de
Mitsubishi;ASX;Top 4WD PANO SHZ LEDER KLIMAUT;Elektrische Sitze, Schiebedach, Allrad, Sitzheizung, Multifunktionslenkrad, Einparkhilfe Kamera, Navigationssystem, Notbremsassistent;€ 11.750;Guter Preis;125.500 km;Automatik;07/2015;Diesel;110 kW (150 PS);5,8 l/100 km;154 g/km;Autoscout24.de
BMW;218;*Aut.*Klimaaut.*PDC*AHK*7xSitzer*;Klimaanlage, Multifunktionslenkrad, Anhängerkupplung, Elektr. Fensterheber, Sommerreifen, Alufelgen, Dachreling, Ambientebeleuchtung;€ 13.990;Fairer Preis;97.897 km;Automatik;11/2015;Benzin;100 kW (136 PS);5,3 l/100 km;126 g/km;Autoscout24.de
Land Rover;Discovery Sport;HSE TD4 Aut. *KAMERA/NAVI/LEDER*;Sportfahrwerk, Allrad, Sitzheizung, Notbremsassistent, Sommerreifen, Navigationssystem, Elektrische Sitze, USB;€ 13.900;Sehr guter Preis;181.218 km;Automatik;10/2015;Diesel;132 kW (179 PS);5,3 l/100 km;171 g/km;Autoscout24.de
Volkswagen;T-Roc;Style*LED*NAVI*DSG*ACC*SITZHZG*110KW*;Sportfahrwerk, Einparkhilfe Kamera, Navigationssystem, Sitzheizung, Einparkhilfe Sensoren vorne, LED-Scheinwerfer, Abstandstempomat, Volldigitales Kombiinstrument;€ 19.750;Sehr guter Preis;54.871 km;Automatik;05/2018;Benzin;110 kW (150 PS);5,4 l/100 km;123 g/km;Autoscout24.de
BMW;318;d Sport Line Exclusive PANO+KAM+MEMO+AHK+LED+;Sportfahrwerk, Sportsitze, LED-Scheinwerfer, Volldigitales Kombiinstrument, Getönte Scheiben, Elektrische Sitze, Panoramadach, 3-Zonen-Klimaautomatik;€ 18.350;Sehr guter Preis;139.982 km;Schaltgetriebe;06/2019;Diesel;110 kW (150 PS);4,3 l/100 km;113 g/km;Autoscout24.de
Mercedes-Benz;Vito;Tourer 116 Extralang *AHK+ Klima* (2319);Standheizung, Reifendruckkontrollsystem, Tempomat, Anhängerkupplung, Seitenairbag, Schiebetür, Elektrische Seitenspiegel, Getönte Scheiben;€ 21.490;Sehr guter Preis;127.050 km;Schaltgetriebe;08/2016;Diesel;120 kW (163 PS);nan;nan;Autoscout24.de
Nissan;Qashqai;1.2 DIG-T N-Connecta 4x2 Klima Navi;Dachreling, 2-Zonen-Klimaautomatik, Einparkhilfe Sensoren vorne, Panoramadach, Sitzheizung, E10-geeignet, Spurhalteassistent, Alufelgen;€ 13.190;Sehr guter Preis;72.449 km;Schaltgetriebe;11/2017;Benzin;85 kW (116 PS);nan;nan;Autoscout24.de
Mercedes-Benz;Citan;Kombi 111 CDI lang Klima Tüv neu;Klimaanlage, Beifahrerairbag, Alufelgen, Lederlenkrad, 2-Zonen-Klimaautomatik, Regensensor, Schiebetür rechts, Sitzheizung;€ 11.600;Sehr guter Preis;88.000 km;Schaltgetriebe;03/2016;Diesel;81 kW (110 PS);4,7 l/100 km;125 g/km;Autoscout24.de
BMW;225;xe iPerformance Active Tourer Luxury Line;BMW Vertragshändler - MINI Servicepartner;€ 17.930;Sehr guter Preis;38.000 km;Automatik;02/2018;Benzin;100 kW (136 PS);nan;nan;Autoscout24.de
Land Rover;Discovery Sport;HSE*Navi*AHK*360°Kamera*Stdhzg*;Finanzierung o. Anzahlung / Garantie 12 Monate;€ 15.980;Sehr guter Preis;124.900 km;Automatik;05/2016;Diesel;110 kW (150 PS);nan;0 g/km;Autoscout24.de
Audi;A3;Sportback*2.Hand*Xenon*Navi*PDC*AHK*Alu*Klima;Sportfahrwerk, Einparkhilfe Sensoren hinten, Bordcomputer, Sommerreifen, Sportpaket, Sitzheizung, Xenonscheinwerfer, LED-Tagfahrlicht;€ 12.597;Sehr guter Preis;127.900 km;Schaltgetriebe;03/2015;Benzin;92 kW (125 PS);5,1 l/100 km;121 g/km;Autoscout24.de
Volkswagen;Tiguan;Comfortline BMT/Start-Stopp;Anhängerkupplung, Einparkhilfe Sensoren vorne, Sitzheizung, Wegfahrsperre, Kurvenlicht, Dachreling, Multifunktionslenkrad, Spurhalteassistent;€ 18.443;Guter Preis;89.553 km;Schaltgetriebe;03/2017;Diesel;110 kW (150 PS);4,8 l/100 km;125 g/km;Autoscout24.de
Volkswagen;Scirocco;1.4 TSI Sportpaket El. Panodach Navi SD SHZ Scheck;Sitzheizung, Sportpaket, Schiebedach, Sportfahrwerk, teilb. Rücksitzbank, Alufelgen, Navigationssystem, Panoramadach;€ 11.990;Sehr guter Preis;143.000 km;Schaltgetriebe;09/2015;Benzin;92 kW (125 PS);nan;nan;Autoscout24.de
Audi;A6;40TDI LIMOUSINE SPORT PDC AHK ACC SPORTSITZE;Sportpaket, Apple CarPlay, LED-Scheinwerfer, Sportsitze, Anhängerkupplung, Schaltwippen, Sprachsteuerung, Sitzheizung;€ 26.990;Sehr guter Preis;120.000 km;Automatik;09/2019;Diesel;150 kW (204 PS);4,7 l/100 km;124 g/km;Autoscout24.de
Volkswagen;Golf;VII Limousine *Klimaauto*Sitzheizung*Tempomat;2-Zonen-Klimaautomatik, Multifunktionslenkrad, Sitzheizung, Fahrerairbag, Alufelgen, Geschwindigkeits-begrenzungsanlage, Nebelscheinwerfer, Armlehne;€ 11.449;Sehr guter Preis;75.792 km;Schaltgetriebe;07/2015;Benzin;81 kW (110 PS);nan;nan;Autoscout24.de
Mercedes-Benz;C 220;BlueTec / d Lim. Avantgarde*Exclusive*LED;Tempomat, Einparkhilfe Sensoren vorne, LED-Scheinwerfer, Navigationssystem, Sitzheizung, Elektrische Sitze, Ambientebeleuchtung, Alufelgen;€ 19.998;Guter Preis;75.900 km;Automatik;06/2015;Diesel;125 kW (170 PS);4,0 l/100 km;109 g/km;Autoscout24.de
Fiat;500;1.2 8V Lounge Navi/Pano/Sitzh/Temp/DAB/PDC;Klimaautomatik, Einparkhilfe Sensoren hinten, Alufelgen, Sitzheizung, E10-geeignet, Navigationssystem, Regensensor, Sommerreifen;€ 8.880;Sehr guter Preis;75.419 km;Schaltgetriebe;03/2019;Benzin;51 kW (69 PS);nan;nan;Autoscout24.de
Peugeot;5008;Allure Business Ambiente 7-Sitze;Alufelgen, 2-Zonen-Klimaautomatik, Totwinkel-Assistent, Touchscreen, Einparkhilfe Sensoren vorne, Freisprecheinrichtung, Einparkhilfe Kamera, Lichtsensor;€ 13.900;Guter Preis;161.644 km;Schaltgetriebe;01/2020;Benzin;96 kW (131 PS);5,3 l/100 km;121 g/km;Autoscout24.de
Mazda;CX-3;Center-Line Anhängerkupplung;Alufelgen, MP3, Touchscreen, Pannenkit, Notbremsassistent, Klimaautomatik, CD, Tempomat;€ 11.990;Guter Preis;102.000 km;Schaltgetriebe;11/2015;Benzin;88 kW (120 PS);nan;nan;Autoscout24.de
Audi;A1;design 1.4 TFSI *XEN*NAV*8-fach*;Sitzheizung, Fahrerairbag, Sportsitze, Scheinwerferreinigung, Navigationssystem, Freisprecheinrichtung, Schlüssellose Zentralverriegelung, Seitenairbag;€ 12.390;Guter Preis;132.200 km;Schaltgetriebe;09/2017;Benzin;92 kW (125 PS);nan;nan;Autoscout24.de
Audi;Q3;2.0 TDI quattro S-Tronic S-Line Bi-Xenon AHK;Seit 1963 Ihr KFZ-Meisterbetrieb in Mainz Bretzenheim;€ 17.900;Guter Preis;161.000 km;Automatik;02/2016;Diesel;135 kW (184 PS);5,6 l/100 km;146 g/km;Autoscout24.de
Ford;S-Max;S-MAX Titanium Design/Business-Paket 7-Sitze;Bluetooth, Einparkhilfe Sensoren vorne, Elektrische Sitze, Apple CarPlay, Beheizbares Lenkrad, Beifahrerairbag, Abstandstempomat, Navigationssystem;€ 16.900;Sehr guter Preis;130.000 km;Automatik;08/2016;Diesel;132 kW (179 PS);5,2 l/100 km;134 g/km;Autoscout24.de
Volkswagen;Golf;VII 1.4 TSI Highline;Bi-Xenon Scheinwerfer, Einparkhilfe Sensoren vorne, Alufelgen, Navigationssystem, Ambientebeleuchtung, Schiebedach, Panoramadach, Sitzheizung;€ 12.490;Guter Preis;117.250 km;Schaltgetriebe;06/2015;Benzin;110 kW (150 PS);nan;nan;Autoscout24.de
Volkswagen;Tiguan;TDI Trendline;3-Zonen-Klimaautomatik, Anhängerkupplung, Sitzheizung, Multifunktionslenkrad, Alufelgen, CD, MP3, Dachreling;€ 15.390;Sehr guter Preis;100.250 km;Schaltgetriebe;05/2017;Diesel;85 kW (116 PS);4,7 l/100 km;123 g/km;Autoscout24.de
BMW;120;120d xDrive Autom.,Navig,el.GSD,Harman/Kardon;Car Garantie incl.;€ 13.900;Sehr guter Preis;116.000 km;Automatik;07/2016;Diesel;140 kW (190 PS);nan;nan;Autoscout24.de
Opel;Zafira;C Active 7Sitze Navi AHK PDC Sitz+LR hzg;Isofix, Navigationssystem, Anhängerkupplung, Alufelgen, Sitzheizung, Einparkhilfe Sensoren vorne, Beifahrerairbag, 2-Zonen-Klimaautomatik;€ 12.490;Sehr guter Preis;95.000 km;Schaltgetriebe;05/2017;Benzin;103 kW (140 PS);6,4 l/100 km;148 g/km;Autoscout24.de
Ford;Fiesta;Titanium-1HAND-EUR6-5Tür-ALU-SH-LED-MFL;Sitzheizung, Notrad, Klimaautomatik, Alufelgen, Sommerreifen, Navigationssystem, Nebelscheinwerfer, E10-geeignet;€ 8.800;Guter Preis;94.562 km;Schaltgetriebe;01/2017;Benzin;74 kW (101 PS);4,3 l/100 km;99 g/km;Autoscout24.de
Peugeot;208;Active*Klima*Radio*BT;E10-geeignet, Elektrische Seitenspiegel, Bluetooth, Tempomat, Seitenairbag, Wegfahrsperre, Freisprecheinrichtung, Touchscreen;€ 7.638;Guter Preis;72.000 km;Schaltgetriebe;01/2017;Benzin;60 kW (82 PS);4,5 l/100 km;107 g/km;Autoscout24.de
Ford;Kuga;ST-Line |LEDER|NAVI|PANO.|SHZ|R.KAMERA|AHK;Sportfahrwerk, Allrad, Anhängerkupplung, Sitzheizung, Elektrische Heckklappe, ABS, Apple CarPlay, Einparkhilfe Kamera;€ 17.990;Sehr guter Preis;60.000 km;Automatik;09/2018;Benzin;129 kW (175 PS);9,0 l/100 km;nan;Autoscout24.de
Peugeot;308;Peugeot 308 Automatik NAVI Touch BT KAMERA;Seit 1963 Ihr KFZ-Meisterbetrieb in Mainz Bretzenheim;€ 9.390;Sehr guter Preis;123.406 km;Automatik;06/2016;Benzin;96 kW (131 PS);4,9 l/100 km;119 g/km;Autoscout24.de
Citroen;Spacetourer;Spacetourer Feel XL;Schiebetür links, Einparkhilfe Kamera, 360° Kamera, Beifahrerairbag, Radio, Head-up display, Navigationssystem, Kurvenlicht;€ 22.500;nan;136.000 km;Automatik;11/2018;Diesel;130 kW (177 PS);6,2 l/100 km;163 g/km;Autoscout24.de
SEAT;Ibiza;SC Cupra 1.8 TFSI Navi Sihzg Klimaaut Bi-Xenon;Sportfahrwerk, Navigationssystem, Xenonscheinwerfer, Sportsitze, Sitzheizung, Klimaanlage, Müdigkeitswarnsystem, teilb. Rücksitzbank;€ 11.990;Sehr guter Preis;97.690 km;Schaltgetriebe;10/2016;Benzin;141 kW (192 PS);nan;nan;Autoscout24.de
Honda;Jazz;1.3 i-VTEC Trend Aut.*SHZ*TEMPO*ALU*1.HAND*KLIMA*;❗Service Historie und Gebrauchtspureninfos auf Anruf;€ 13.550;Sehr guter Preis;16.687 km;Automatik;10/2016;Benzin;75 kW (102 PS);4,6 l/100 km;106 g/km;Autoscout24.de
Volvo;V70;Kombi Linje Classic;Elektrische Heckklappe, Alufelgen, Sportfahrwerk, Schiebedach, LED-Tagfahrlicht, Volldigitales Kombiinstrument, Elektrische Sitze, Abstandswarner;€ 8.900;Sehr guter Preis;195.697 km;Schaltgetriebe;05/2016;Diesel;110 kW (150 PS);4,1 l/100 km;113 g/km;Autoscout24.de
BMW;420;"420i Gran Coupé Aut. Sport Line NAV+KAM+LED+M18""";Sportfahrwerk, Tempomat, Einparkhilfe Kamera, Sportsitze, Ambientebeleuchtung, Sitzheizung, LED-Scheinwerfer, Navigationssystem;€ 18.550;nan;133.108 km;Automatik;07/2019;Benzin;135 kW (184 PS);5,9 l/100 km;138 g/km;Autoscout24.de
Audi;A4;Avant 2.0 TDI S tronic line AHK NAVI XENON 18 GRA;Sportpaket, Fahrerairbag, Sportfahrwerk, Allrad, Sitzheizung, Sportsitze, MP3, Scheinwerferreinigung;€ 16.450;Guter Preis;136.500 km;Automatik;04/2015;Diesel;130 kW (177 PS);nan;nan;Autoscout24.de
Dacia;Dokker;Stepway 1.2 TCe 115 ALLWETTER PDC KLIMA RADIO;Herbstangebot!;€ 8.990;Sehr guter Preis;120.190 km;Schaltgetriebe;01/2017;Benzin;85 kW (116 PS);nan;nan;Autoscout24.de
Audi;A3;Sportback 1.4 TSI ambiente ultra;Sitzheizung, Navigationssystem, Reifendruckkontrollsystem, Multifunktionslenkrad, Spurhalteassistent, Traktionskontrolle, Seitenairbag, USB;€ 16.970;Guter Preis;57.047 km;Automatik;06/2016;Benzin;110 kW (150 PS);4,7 l/100 km;109 g/km;Autoscout24.de
Volkswagen;Polo;1.6 TDI Highline *PDC*SHZ*KLIMA*;❗Service Historie und Gebrauchtspureninfos auf Anruf;€ 13.140;Sehr guter Preis;55.433 km;Schaltgetriebe;11/2018;Diesel;70 kW (95 PS);3,7 l/100 km;131 g/km;Autoscout24.de
Toyota;Corolla;Touring Sports Hybrid Team D -TAXI-;Sommerreifen, LED-Scheinwerfer, Alufelgen, Dachreling, Sitzheizung, Alarmanlage, Freisprecheinrichtung, USB; ;nan;nan;nan;nan;nan;nan;nan;nan;Autoscout24.de
Fiat;Panda;* HU/AU neu * 1.Hand;Elektr. Fensterheber, Kopfairbag, E10-geeignet, Radio, Fahrerairbag, Berganfahrassistent;€ 9.490;Fairer Preis;12.133 km;Schaltgetriebe;03/2017;Benzin;51 kW (69 PS);5,2 l/100 km;123 g/km;Autoscout24.de
Chrysler;Pacifica;Plug In Hybrid V6 3.6 Monitore Kopfst. Navi Leder;Pannenkit, 360° Kamera, Spurhalteassistent, W-Lan / Wifi Hotspot, Einparkhilfe selbstlenkendes System, Schiebetür rechts, Bluetooth, Elektrische Sitze; ;nan;nan;nan;nan;nan;nan;nan;nan;Autoscout24.de
Volkswagen;Golf Variant;Golf VII Variant 2.0 TDI BMT *PANO/AHK/STANDHEIZ*;Standheizung, Alufelgen, Sitzheizung, Schiebedach, Multifunktionslenkrad, Navigationssystem, Abstandstempomat, Einparkhilfe Sensoren vorne;€ 7.900;Sehr guter Preis;227.890 km;Schaltgetriebe;03/2015;Diesel;110 kW (150 PS);4,2 l/100 km;108 g/km;Autoscout24.de
Skoda;Rapid/Spaceback;1.2 TSI Joy*PDC*SHZ*AHK*TEMPO*KLIMA*GARANTIE*;❗Service Historie und Gebrauchtspureninfos auf Anruf;€ 8.540;Sehr guter Preis;109.545 km;Schaltgetriebe;05/2016;Benzin;81 kW (110 PS);4,9 l/100 km;110 g/km;Autoscout24.de
Opel;Astra;Sports Tourer 1.4 Turbo Dynamic*IntelliLux;Finanzierung o. Anzahlung / Garantie 12 Monate;€ 9.980;nan;99.986 km;Schaltgetriebe;06/2017;Benzin;110 kW (150 PS);nan;0 g/km;Autoscout24.de
Volkswagen;Caddy;PKW Maxi Trendline BMT 7 - Sitzer;Alufelgen, Multifunktionslenkrad, Sportpaket, Getönte Scheiben, Sportfahrwerk, Start/Stop-Automatik, Sitzheizung, Isofix;€ 10.500;Erhöhter Preis;238.944 km;Schaltgetriebe;12/2015;Diesel;75 kW (102 PS);4,7 l/100 km;122 g/km;Autoscout24.de
Skoda;Fabia;Combi 1.0 TSI Ambition, Sitzheizung, Tempomat;seit über 40 Jahren zuverlässig 99% Weiterempfehlung;€ 11.495;Sehr guter Preis;46.400 km;Schaltgetriebe;01/2018;Benzin;81 kW (110 PS);nan;nan;Autoscout24.de
Mercedes-Benz;E 350;E 350 e Plug in Hybrid, Luft, LED, DAB, Navi;Elektrische Sitze, Alarmanlage, Ambientebeleuchtung, teilb. Rücksitzbank, Einparkhilfe Kamera, Fahrerairbag, 2-Zonen-Klimaautomatik, Sitzheizung; ;nan;nan;nan;nan;nan;nan;nan;nan;Autoscout24.de
Ford;Tourneo Courier;Sport;Über 1000 Fahrzeuge auf Lager und sofort verfügbar !!!;€ 12.490;Sehr guter Preis;64.200 km;Schaltgetriebe;01/2019;Benzin;74 kW (101 PS);5,8 l/100 km;131 g/km;Autoscout24.de
SEAT;Leon;ST Style;Über 1000 Fahrzeuge auf Lager und sofort verfügbar !!!;€ 9.990;Sehr guter Preis;107.200 km;Schaltgetriebe;06/2015;Benzin;92 kW (125 PS);5,3 l/100 km;126 g/km;Autoscout24.de
Mercedes-Benz;Citan;111 CDI Tourer Lang L2 Navi+SHZ+PTS+AHK;Navigationssystem, Isofix, Schiebetür links, Beifahrerairbag, Lederlenkrad, Anhängerkupplung, Schiebetür rechts, Klimaautomatik;€ 11.849;Sehr guter Preis;125.263 km;Schaltgetriebe;09/2020;Diesel;85 kW (116 PS);5,6 l/100 km;146 g/km;Autoscout24.de
Peugeot;2008;1.2 CROSSWAY|APPLE|KAMERA|AMBIENTE;Sitzheizung, Einparkhilfe Kamera, Multifunktionslenkrad, Panoramadach, Geschwindigkeits-begrenzungsanlage, Pannenkit, Ambientebeleuchtung, Tempomat;€ 9.990;Sehr guter Preis;100.000 km;Automatik;07/2016;Benzin;81 kW (110 PS);4,8 l/100 km;110 g/km;Autoscout24.de
Mercedes-Benz;Citan;111 CDI Tourer Lang L2 Navi+SHZ+PTS+AHK;Navigationssystem, Isofix, Schiebetür links, Beifahrerairbag, Lederlenkrad, Anhängerkupplung, Schiebetür rechts, Klimaautomatik;€ 11.849;Sehr guter Preis;125.263 km;Schaltgetriebe;09/2020;Diesel;85 kW (116 PS);5,6 l/100 km;146 g/km;Autoscout24.de
Volkswagen;Passat;Passat 1.4 TSI BMT Comfortline NAVI+PDC+SHZ+ Navi;3-Zonen-Klimaautomatik, Navigationssystem, Sitzheizung, CD, Lordosenstütze, Einparkhilfe Sensoren vorne, Abstandswarner, Elektrische Sitze;€ 15.760;Guter Preis;26.890 km;Schaltgetriebe;07/2015;Benzin;92 kW (125 PS);5,3 l/100 km;123 g/km;Autoscout24.de
Audi;Q5;2.0d Quatt Design MATRIX+VIRTU+NAV+KAM+ACC+SH;Volldigitales Kombiinstrument, 3-Zonen-Klimaautomatik, Elektrische Heckklappe, Sportpaket, Apple CarPlay, Navigationssystem, LED-Scheinwerfer, Allrad;€ 20.450;nan;161.231 km;Automatik;09/2017;Diesel;120 kW (163 PS);5,0 l/100 km;129 g/km;Autoscout24.de
Porsche;Macan;Turbo VOLL+PANO+STANDH+ACC+LED;Panoramadach, Sitzheizung, Sitzbelüftung, LED-Scheinwerfer, Beheizbares Lenkrad, Luftfederung, Sportsitze, Soundsystem;€ 29.950;Sehr guter Preis;174.000 km;Automatik;06/2016;Benzin;294 kW (400 PS);9,2 l/100 km;218 g/km;Autoscout24.de
Audi;Q7;3.0 TDI qu*S-LINE*PANO*7-SITZ*TV*BOSE*;Volldigitales Kombiinstrument, Sportpaket, Panoramadach, Einparkhilfe Kamera, Sportsitze, Luftfederung, LED-Scheinwerfer, Elektrische Sitze;€ 33.900;Sehr guter Preis;154.200 km;Automatik;03/2016;Diesel;200 kW (272 PS);5,7 l/100 km;151 g/km;Autoscout24.de
SEAT;Ibiza;1.0 TSI 95 PS Xcellence,PDC,Rü-Kam,Full-Li;Freisprecheinrichtung, Sitzheizung, Tempomat, 2-Zonen-Klimaautomatik, Einparkhilfe Kamera, Schlüssellose Zentralverriegelung, Elektrische Seitenspiegel, Regensensor;€ 12.890;Guter Preis;25.810 km;Schaltgetriebe;10/2017;Benzin;70 kW (95 PS);nan;nan;Autoscout24.de
Nissan;Qashqai;1.2 DIG-T N-Connecta, 360°, Navi, DAB;Alufelgen, 2-Zonen-Klimaautomatik, Einparkhilfe Sensoren vorne, Dachreling, Panoramadach, 360° Kamera, Sitzheizung, Navigationssystem;€ 13.900;Sehr guter Preis;76.000 km;Schaltgetriebe;07/2018;Benzin;85 kW (116 PS);5,6 l/100 km;129 g/km;Autoscout24.de
Ford;Transit;Kasten 310 L2H2 Trend Mixto 6 SItzer;Beifahrerairbag, Start/Stop-Automatik, Einparkhilfe Sensoren vorne, Tempomat, Traktionskontrolle, Schiebetür rechts, Klimaanlage, Radio;€ 15.990;Sehr guter Preis;147.000 km;Schaltgetriebe;02/2017;Diesel;96 kW (131 PS);nan;nan;Autoscout24.de
BMW;420;d XDrive Sportline Leder Automatik BiXenon;Sportfahrwerk, Sportpaket, Sportsitze, Schiebedach, Einparkhilfe Kamera, Navigationssystem, teilb. Rücksitzbank, Allrad;€ 19.499;Sehr guter Preis;122.000 km;Automatik;12/2015;Diesel;140 kW (190 PS);nan;nan;Autoscout24.de
Audi;A3;SPORTBACK 2.0 TDI AMBITION NAVI XENON SHZ PDC;FINANZIERUNG ab 3,99%++GARANTIE bis 36 Monate++ANKAUF;€ 12.950;Sehr guter Preis;159.000 km;Automatik;09/2015;Diesel;110 kW (150 PS);4,4 l/100 km;116 g/km;Autoscout24.de
Hyundai;KONA;KONA 1 Hand, 38200km, Style Hybrid;Inzahlungnahme, Finanzierung ohne Anzahlung, Top Preise; ;nan;200 km;nan;nan;nan;nan;nan;nan;Autoscout24.de
Skoda;Octavia;Combi 2.0 TSI RS Navi Xenon Leder LM19´;Sportsitze, Sportfahrwerk, E10-geeignet, Multifunktionslenkrad, Navigationssystem, Scheinwerferreinigung, Sitzheizung, Klimaanlage;€ 18.900;Fairer Preis;87.155 km;Schaltgetriebe;09/2016;Benzin;162 kW (220 PS);nan;nan;Autoscout24.de
Nissan;NV200;/Evalia Tekna 7-Sitze NAV+SHZ KLIMA CAM AHK;Schiebetür links, Einparkhilfe Kamera, Anhängerkupplung, Klimaanlage, Sitzheizung, Klimaautomatik, Schiebetür rechts, Navigationssystem;€ 15.890;Guter Preis;109.647 km;Schaltgetriebe;09/2017;Diesel;81 kW (110 PS);4,9 l/100 km;130 g/km;Autoscout24.de
SEAT;Leon;2,0 TDI FR LED AHK NaviTouch RFKam PDC Pano;Einparkhilfe Sensoren vorne, Einparkhilfe Kamera, Sportfahrwerk, LED-Scheinwerfer, Elektrische Sitze, Schiebedach, Apple CarPlay, Panoramadach;€ 9.980;Fairer Preis;247.000 km;Schaltgetriebe;10/2016;Diesel;135 kW (184 PS);4,5 l/100 km;118 g/km;Autoscout24.de
Renault;Kadjar;Life TCE 130 *Klima*PDC*Garantie*wenig Kilometer;2-Zonen-Klimaautomatik, Regensensor, Soundsystem, Pannenkit, Reifendruckkontrollsystem, Beifahrerairbag, Wegfahrsperre, Klimaanlage;€ 11.800;Sehr guter Preis;67.550 km;Schaltgetriebe;03/2016;Benzin;96 kW (131 PS);5,9 l/100 km;126 g/km;Autoscout24.de
Ford;Transit Custom;Kombi 300 L1 2.2 TDCi *1992 *EXPORT;Beifahrerairbag, Notrad, Start/Stop-Automatik, CD, Radio, Zentralverriegelung, Schiebetür rechts, Katalysator;€ 7.988;Guter Preis;255.000 km;Schaltgetriebe;01/2015;Diesel;74 kW (101 PS);nan;nan;Autoscout24.de
Citroen;C3;Feel|2.Hand|54Tkm|LED|PDC|Bluetooth|Klima;Spurhalteassistent, E10-geeignet, Einparkhilfe Sensoren hinten, Verkehrszeichenerkennung, Pannenkit, Wegfahrsperre, Tempomat, Elektr. Fensterheber;€ 9.890;Fairer Preis;54.009 km;Schaltgetriebe;02/2018;Benzin;50 kW (68 PS);4,9 l/100 km;113 g/km;Autoscout24.de
MINI;Cooper Cabrio;Salt 1.5 AUT KLIMAAUT BT PDC ALU GJR ParkAss LM 2x;Sportsitze, Ambientebeleuchtung, Freisprecheinrichtung, Bluetooth, Einparkhilfe Sensoren hinten, Traktionskontrolle, 2-Zonen-Klimaautomatik, Radio;€ 12.475;nan;96.212 km;Automatik;09/2016;Benzin;100 kW (136 PS);nan;nan;Autoscout24.de
BMW;116;i|1. Hand|LED TFL|Start/Stopp|AUX/USB|EURO6!;Traktionskontrolle, Regensensor, Radio, Armlehne, Isofix, LED-Tagfahrlicht, Klimaautomatik, Wegfahrsperre;€ 10.499;Sehr guter Preis;84.056 km;Schaltgetriebe;06/2016;Benzin;80 kW (109 PS);5,4 l/100 km;128 g/km;Autoscout24.de
Dacia;Sandero;II Stepway Prestige|LED TFL|Navi|PDC|E6!;Start/Stop-Automatik, Klimaanlage, Dachreling, Isofix, Navigationssystem, Tempomat, Nebelscheinwerfer, Servolenkung;€ 8.399;Sehr guter Preis;98.105 km;Schaltgetriebe;04/2017;Diesel;66 kW (90 PS);3,5 l/100 km;98 g/km;Autoscout24.de
Volkswagen;Golf;VII 1.0 TSI BMT Comfortline Navi PDC Sitzh.;Sitzheizung, Elektrische Seitenspiegel, 2-Zonen-Klimaautomatik, Navigationssystem, Einparkhilfe Kamera, Multifunktionslenkrad, Lederlenkrad, Einparkhilfe Sensoren vorne;€ 12.910;Sehr guter Preis;79.609 km;Schaltgetriebe;12/2017;Benzin;81 kW (110 PS);nan;nan;Autoscout24.de
Opel;Astra;1,5D SPORTS TOURER EDITION/AUT/NAVI/LED/AK;Pannenkit, ABS, Sportfahrwerk, Anhängerkupplung, LED-Scheinwerfer, Start/Stop-Automatik, Sitzheizung, Ambientebeleuchtung;€ 11.890;Sehr guter Preis;116.000 km;Automatik;08/2021;Diesel;90 kW (122 PS);5,1 l/100 km;132 g/km;Autoscout24.de
Mercedes-Benz;V 250;V V 250d SCORE 4MATIC KOMPAKT SPORT AHK KAMERA;Auto kauft man mit Vertrauen u Garantie;€ 34.440;Sehr guter Preis;143.781 km;Automatik;08/2016;Diesel;140 kW (190 PS);nan;nan;Autoscout24.de
Audi;A4;Avant 35TDI S-tronic LED~Pano~Navi3D~AHK~PDC;LED-Scheinwerfer, Armlehne, Alufelgen, Elektrische Heckklappe, Start/Stop-Automatik, Sitzheizung, Schiebedach, Bordcomputer;€ 16.850;Guter Preis;176.414 km;Automatik;12/2019;Diesel;120 kW (163 PS);4,1 l/100 km;108 g/km;Autoscout24.de
Mercedes-Benz;C 220;C220 4Matic Bi-Xenon Navi PDC Avantgarde ab 149€;Seit 1963 Ihr KFZ-Meisterbetrieb in Mainz Bretzenheim;€ 17.990;Guter Preis;163.244 km;Automatik;02/2018;Diesel;125 kW (170 PS);4,7 l/100 km;124 g/km;Autoscout24.de
Volvo;XC90;Diesel D5 AWD Geartronic Inscription;W-Lan / Wifi Hotspot, Elektrische Sitze, Ambientebeleuchtung, Voll-LED Scheinwerfer, Sitzheizung, Dachreling, Isofix, Regensensor;€ 28.990;Sehr guter Preis;158.800 km;Automatik;07/2018;Diesel;173 kW (235 PS);nan;nan;Autoscout24.de
Ford;Transit Connect;Transit Conn 1.5d Trend 3SIT+KLIMA+PDC+AHK+8FACH;Klimaanlage, Schiebetür rechts, Beheizbare Frontscheibe, Start/Stop-Automatik, Alufelgen, Elektr. Fensterheber, Lordosenstütze, Anhängerkupplung;€ 8.850;nan;124.993 km;Schaltgetriebe;07/2017;Diesel;74 kW (101 PS);4,8 l/100 km;124 g/km;Autoscout24.de
Volkswagen;Touran;Comfortline BMT;3-Zonen-Klimaautomatik, Sitzheizung, Alufelgen, Einparkhilfe Sensoren hinten, Abstandstempomat, LED-Scheinwerfer, Elektrische Seitenspiegel, CD;€ 13.900;Sehr guter Preis;173.250 km;Automatik;11/2017;Diesel;85 kW (116 PS);4,4 l/100 km;114 g/km;Autoscout24.de
Audi;SQ5;3.0 TDI QUT FACE*VIRT*MATRIX*KAM*RS-SITZE*22';Volldigitales Kombiinstrument, Sportsitze, Luftfederung, Panoramadach, Allrad, Elektr. Fensterheber, Beifahrerairbag, Soundsystem;€ 32.900;Sehr guter Preis;212.000 km;Automatik;06/2020;Diesel;255 kW (347 PS);6,8 l/100 km;177 g/km;Autoscout24.de
Ford;Mondeo;Trend *Navi*PDC vorn & hinten*Automatik*;Sportfahrwerk, Einparkhilfe Sensoren vorne, USB, Apple CarPlay, Bluetooth, Berganfahrassistent, Beifahrerairbag, Navigationssystem;€ 14.900;Guter Preis;83.500 km;Automatik;12/2017;Diesel;110 kW (150 PS);4,9 l/100 km;126 g/km;Autoscout24.de
Audi;A6;Av 3.0 S-Tr PANO+MATRIX+MEMO+HEAD+AHK+ACC+KAM;Sportpaket, Panoramadach, LED-Scheinwerfer, Totwinkel-Assistent, Sportsitze, Elektrische Sitze, Einparkhilfe Kamera, Sitzheizung;€ 17.450;Sehr guter Preis;194.740 km;Automatik;03/2018;Diesel;160 kW (218 PS);4,6 l/100 km;119 g/km;Autoscout24.de
Mercedes-Benz;C 200;Coupé Edition 1 Aut. NAV+LED+SHZ+AHK+PANO+EU6;Schiebedach, Einparkhilfe selbstlenkendes System, Sommerreifen, Radio, Ambientebeleuchtung, LED-Scheinwerfer, Lichtsensor, 2-Zonen-Klimaautomatik;€ 25.749;Sehr guter Preis;28.450 km;Automatik;10/2016;Benzin;135 kW (184 PS);5,3 l/100 km;nan;Autoscout24.de
Hyundai;i30;|Klima|Isofix|Servo|2.Hand|USB|AUX;Fahrerairbag, E10-geeignet, Pannenkit, Klimaanlage, Klimaautomatik, Beifahrerairbag, Seitenairbag, Wegfahrsperre;€ 8.790;Guter Preis;122.845 km;Schaltgetriebe;12/2016;Benzin;74 kW (101 PS);5,6 l/100 km;129 g/km;Autoscout24.de
Nissan;Evalia;NV200/Evalia Tekna 7-Sitze NAV+SHZ KLIMA CAM AHK;Schiebetür links, Anhängerkupplung, Schiebetür rechts, Einparkhilfe Kamera, Isofix, Sitzheizung, Klimaautomatik, Tempomat;€ 15.890;Sehr guter Preis;109.647 km;Schaltgetriebe;09/2017;Diesel;81 kW (110 PS);4,9 l/100 km;130 g/km;Autoscout24.de
Audi;A4;2.0 TDI ultra *Automatik*Navi*SHZ*;Einparkhilfe Kamera, LED-Scheinwerfer, Sportfahrwerk, 3-Zonen-Klimaautomatik, Navigationssystem, Sitzheizung, Elektrische Heckklappe, Getönte Scheiben;€ 16.900;Fairer Preis;191.140 km;Automatik;03/2018;Diesel;110 kW (150 PS);3,9 l/100 km;99 g/km;Autoscout24.de
Tesla;Model S;"70 Facelift*21 ""*Distronic*Pano*";LED-Scheinwerfer, Panoramadach, Einparkhilfe Sensoren vorne, Spurhalteassistent, Sitzheizung, Lichtsensor, Abstandstempomat, Bluetooth; ;nan;nan;nan;nan;nan;nan;nan;nan;Autoscout24.de
Opel;Astra;K Sports Tourer Elegance LED-Sitz&Lenkradh;Dachreling, Touchscreen, Spurhalteassistent, Sommerreifen, Pannenkit, LED-Scheinwerfer, Apple CarPlay, Nebelscheinwerfer;€ 9.990;Sehr guter Preis;124.976 km;Schaltgetriebe;02/2020;Benzin;96 kW (131 PS);4,5 l/100 km;102 g/km;Autoscout24.de
Nissan;Qashqai;Visia *PDC*RADIO*KLIMA*XENON*TEMPOMAT*;Alufelgen, Spurhalteassistent, Getönte Scheiben, Tempomat, Anhängerkupplung, Einparkhilfe Sensoren hinten, Geschwindigkeits-begrenzungsanlage, Beifahrerairbag;€ 9.299;Sehr guter Preis;116.591 km;Schaltgetriebe;09/2016;Benzin;85 kW (116 PS);5,6 l/100 km;129 g/km;Autoscout24.de
Tesla;Model S;"70 Facelift*21 ""*Distronic*Pano*";LED-Scheinwerfer, Panoramadach, Einparkhilfe Sensoren vorne, Spurhalteassistent, Sitzheizung, Lichtsensor, Abstandstempomat, Bluetooth; ;nan;nan;nan;nan;nan;nan;nan;nan;Autoscout24.de
Opel;Astra;K Sports Tourer Elegance LED-Sitz&Lenkradh;Dachreling, Touchscreen, Spurhalteassistent, Sommerreifen, Pannenkit, LED-Scheinwerfer, Apple CarPlay, Nebelscheinwerfer;€ 9.990;Sehr guter Preis;124.976 km;Schaltgetriebe;02/2020;Benzin;96 kW (131 PS);4,5 l/100 km;102 g/km;Autoscout24.de
Opel;Corsa-e;Elegance Electric | Navi | RFK | 11 kW |;Einparkhilfe Kamera, Regensensor, Lederlenkrad, Berganfahrassistent, Navigationssystem, Elektrische Seitenspiegel, Induktionsladen für Smartphones, Alufelgen; ;nan;nan;nan;nan;nan;nan;nan;nan;Autoscout24.de
Nissan;NV200;Evalia Tekna 1.5 dCi 6MT Privacy NissanConnect;Schiebetür rechts, Schiebetür links, Einparkhilfe Kamera, Klimaautomatik, teilb. Rücksitzbank, Sitzheizung, Geschwindigkeits-begrenzungsanlage, Wegfahrsperre;€ 14.990;Sehr guter Preis;102.726 km;Schaltgetriebe;08/2017;Diesel;81 kW (110 PS);nan;nan;Autoscout24.de
Ford;Focus;Turnier ST-Line;Sportfahrwerk, Spurhalteassistent, E10-geeignet, Notrad, 2-Zonen-Klimaautomatik, Sitzheizung, Einparkhilfe Sensoren vorne, Einparkhilfe Kamera;€ 13.900;Sehr guter Preis;76.328 km;Schaltgetriebe;10/2018;Benzin;92 kW (125 PS);5,1 l/100 km;115 g/km;Autoscout24.de
Kia;Picanto;Edition 7 1.0 Tel.-Vorb. Klima BT Tel DAB;Elektrische Seitenspiegel, Klimaanlage, Pannenkit, Zentralverriegelung, Elektr. Fensterheber, Multifunktionslenkrad, Beifahrerairbag, Traktionskontrolle;€ 8.950;Guter Preis;70.000 km;Schaltgetriebe;09/2021;Benzin;49 kW (67 PS);nan;121 g/km;Autoscout24.de
Renault;Kadjar;LIMITED Deluxe ENERGY TCe 130 EDC;Einparkhilfe Sensoren vorne, Navigationssystem, 2-Zonen-Klimaautomatik, Freisprecheinrichtung, Apple CarPlay, Einparkhilfe Kamera, Dachreling, Sitzheizung;€ 14.750;Sehr guter Preis;46.101 km;Automatik;10/2018;Benzin;96 kW (131 PS);5,7 l/100 km;123 g/km;Autoscout24.de
Mercedes-Benz;B 180;Klasse/SHZ/AHK/Camara;Einparkhilfe Kamera, Beifahrerairbag, Klimaanlage, Sitzheizung, Multifunktionslenkrad, Anhängerkupplung, Getönte Scheiben, Touchscreen;€ 11.900;Guter Preis;109.000 km;Schaltgetriebe;10/2015;Benzin;90 kW (122 PS);5,6 l/100 km;129 g/km;Autoscout24.de
Volkswagen;Caddy;Kombi BMT Klima Touch Freisprech 5-Sitze;Klimaanlage, USB, Beifahrerairbag, Armlehne, Freisprecheinrichtung, Anhängerkupplung, ABS, Start/Stop-Automatik;€ 6.690;Fairer Preis;281.211 km;Schaltgetriebe;01/2016;Diesel;55 kW (75 PS);4,6 l/100 km;119 g/km;Autoscout24.de
Mercedes-Benz;A 180;"LIMO AMG Line WIDESC+LEDER+NAV+AHK+DAB+18""";Sportsitze, Sportfahrwerk, Volldigitales Kombiinstrument, Ambientebeleuchtung, Sportpaket, Getönte Scheiben, Sitzheizung, Notrufsystem;€ 17.550;Sehr guter Preis;149.443 km;Schaltgetriebe;02/2021;Benzin;100 kW (136 PS);5,2 l/100 km;120 g/km;Autoscout24.de
Citroen;Berlingo;BlueHDi 100 S&S  Multispace Shine;Klimaanlage, Isofix, Beifahrerairbag, Schiebetür links, Alufelgen, 2-Zonen-Klimaautomatik, Sitzheizung, Apple CarPlay;€ 8.950;Guter Preis;145.000 km;Schaltgetriebe;11/2017;Diesel;73 kW (99 PS);4,2 l/100 km;nan;Autoscout24.de
Mercedes-Benz;Sprinter;213 CDI Behindertengerecht Selbstfahrer;Behindertengerecht, Schiebetür rechts, Isofix, Standheizung, Getönte Scheiben, Klimaanlage, 2-Zonen-Klimaautomatik, Reserverad;€ 23.950;nan;168.000 km;Automatik;09/2015;Diesel;95 kW (129 PS);7,1 l/100 km;187 g/km;Autoscout24.de
Audi;A4;Lim. 1.4TFSI S-tronic AHK PARK SHZ TEMP XENON;Elektrische Seitenspiegel, Sommerreifen, Schaltwippen, Anhängerkupplung, Sitzheizung, E10-geeignet, Einparkhilfe Sensoren hinten, Scheinwerferreinigung;€ 17.499;Guter Preis;92.500 km;Automatik;07/2017;Benzin;110 kW (150 PS);5,6 l/100 km;129 g/km;Autoscout24.de
Audi;Q3;2.0 TDI S-tronic sport *AHK*Navi*SHZ*;Volldigitales Kombiinstrument, Elektrische Heckklappe, Ambientebeleuchtung, Einparkhilfe Kamera, Elektrische Sitze, Spoiler, Multifunktionslenkrad, Navigationssystem;€ 18.890;Guter Preis;116.954 km;Automatik;12/2016;Diesel;110 kW (150 PS);nan;nan;Autoscout24.de
Ford;Kuga;2.0 TDCi ST-Line 4x4 NAVI/KAMERA/WIPA;Allrad, Sportfahrwerk, Sitzheizung, Elektrische Sitze, Android Auto, Anhängerkupplung, Reserverad, Beifahrerairbag;€ 15.900;Sehr guter Preis;144.040 km;Automatik;02/2019;Diesel;110 kW (150 PS);nan;nan;Autoscout24.de
Volkswagen;Passat;Comfortline Limo*MP3*ACC*PDC*SHZ*STDHZ*;3-Zonen-Klimaautomatik, Standheizung, Sitzheizung, Fahrerairbag, Alufelgen, Start/Stop-Automatik, Einparkhilfe Sensoren vorne, Apple CarPlay;€ 15.770;Fairer Preis;116.968 km;Schaltgetriebe;04/2018;Diesel;88 kW (120 PS);nan;nan;Autoscout24.de
BMW;220;220 i Advantage;Anhängerkupplung, Getönte Scheiben, Einparkhilfe Sensoren vorne, Navigationssystem, Notbremsassistent, Reifendruckkontrollsystem, Nebelscheinwerfer, Sitzheizung;€ 15.750;Sehr guter Preis;65.000 km;Schaltgetriebe;09/2017;Benzin;141 kW (192 PS);5,9 l/100 km;137 g/km;Autoscout24.de
Ford;Focus;Kombi 1.0 EcoBoost Titanium S/S Navi LED;USB, Notrad, Sitzheizung, LED-Scheinwerfer, 2-Zonen-Klimaautomatik, Dachreling, Beifahrerairbag, ESP;€ 11.680;Sehr guter Preis;107.767 km;Schaltgetriebe;10/2019;Benzin;92 kW (125 PS);nan;nan;Autoscout24.de
BMW;220;Coupé M Sport LED NaviBusiness FernlichtAss;Ihr BMW Servicepartner für die Region Hannover;€ 13.999;Guter Preis;194.000 km;Schaltgetriebe;08/2017;Diesel;140 kW (190 PS);4,3 l/100 km;nan;Autoscout24.de
Peugeot;3008;Allure Euro6,Navi,LED,AHK;LED-Scheinwerfer, Touchscreen, Bluetooth, Einparkhilfe Kamera, Spurhalteassistent, Alufelgen, Getönte Scheiben, Einparkhilfe Sensoren hinten;€ 12.800;Fairer Preis;133.211 km;Schaltgetriebe;06/2018;Benzin;96 kW (131 PS);5,4 l/100 km;124 g/km;Autoscout24.de
Skoda;Kamiq;1.0 TSI Clever Navi LED SHZ;Nutzen Sie unsere günstigen Finanzierungskonditionen!;€ 18.950;Sehr guter Preis;13.300 km;Schaltgetriebe;01/2021;Benzin;81 kW (110 PS);nan;nan;Autoscout24.de
Opel;Grandland X;Edition Klima*EU6*Temp*Szhz*TÜV NEU*;Elektr. Fensterheber, Sitzheizung, Apple CarPlay, Armlehne, 2-Zonen-Klimaautomatik, Spurhalteassistent, Alufelgen, Getönte Scheiben;€ 11.790;Guter Preis;169.997 km;Schaltgetriebe;01/2018;Diesel;88 kW (120 PS);4,3 l/100 km;111 g/km;Autoscout24.de
Volkswagen;Golf;VII1.6 TDI Lounge;Alufelgen, Einparkhilfe Sensoren vorne, Beifahrerairbag, Armlehne, Sitzheizung, Multifunktionslenkrad, Bluetooth, Elektrische Seitenspiegel;€ 9.590;Fairer Preis;170.895 km;Schaltgetriebe;02/2016;Diesel;81 kW (110 PS);3,8 l/100 km;99 g/km;Autoscout24.de
Mercedes-Benz;Sprinter;316 CDI Maxi Hoch+Lang*Garantie*Euro6;12-64 Monate Garantie / Tüv & Inspektion= NEU !;€ 16.990;nan;189.000 km;Schaltgetriebe;11/2016;Diesel;120 kW (163 PS);7,9 l/100 km;209 g/km;Autoscout24.de
BMW;X2;xDrive18d Advantage;Volldigitales Kombiinstrument, Anhängerkupplung, Getönte Scheiben, Abstandstempomat, Alufelgen, Einparkhilfe Sensoren vorne, Notbremsassistent, Nebelscheinwerfer;€ 16.900;Guter Preis;150.234 km;Automatik;11/2018;Diesel;110 kW (150 PS);4,5 l/100 km;118 g/km;Autoscout24.de
Hyundai;TUCSON;1.6 TGDI 2WD Advantage Automatik, Navi, Sitzheizun;seit über 40 Jahren zuverlässig 99% Weiterempfehlung;€ 18.495;Sehr guter Preis;47.700 km;Automatik;08/2019;Benzin;130 kW (177 PS);8,2 l/100 km;186 g/km;Autoscout24.de
Kia;Picanto;Dream Team 1.0 Klimaautomatik SHZ Bluetooth Zentra;Pannenkit, Alufelgen, Sitzheizung, Klimaanlage, Elektr. Fensterheber, Klimaautomatik, Multifunktionslenkrad, Elektrische Seitenspiegel;€ 6.900;Sehr guter Preis;77.660 km;Schaltgetriebe;01/2016;Benzin;49 kW (67 PS);nan;nan;Autoscout24.de
SEAT;Ibiza;Beats *1.HAND* SHZ PDC KAM NAVI SOUND TEMP;Sportsitze, Sitzheizung, LED-Scheinwerfer, 2-Zonen-Klimaautomatik, Einparkhilfe Kamera, E10-geeignet, Volldigitales Kombiinstrument, Armlehne;€ 11.499;Sehr guter Preis;105.000 km;Schaltgetriebe;02/2019;Benzin;70 kW (95 PS);4,6 l/100 km;105 g/km;Autoscout24.de
BMW;218;Active Tourer i M Sport;Sportfahrwerk, Sportsitze, LED-Scheinwerfer, Einparkhilfe Kamera, Sportpaket, Bluetooth, Einparkhilfe selbstlenkendes System, E10-geeignet;€ 13.900;Guter Preis;145.000 km;Automatik;03/2017;Benzin;100 kW (136 PS);nan;nan;Autoscout24.de
BMW;X5;sDrive 25d 360° PANO|NAVI|INDIVIDUAL|4-ZONEN;Seit 1963 Ihr KFZ-Meisterbetrieb in Mainz Bretzenheim;€ 27.990;Sehr guter Preis;124.000 km;Automatik;06/2017;Diesel;170 kW (231 PS);5,3 l/100 km;140 g/km;Autoscout24.de
Renault;Captur;Experience LED|Bluetooth|Sitzheizung;Navigationssystem, Sitzheizung, Totwinkel-Assistent, Regensensor, Verkehrszeichenerkennung, Alufelgen, LED-Scheinwerfer, Spurhalteassistent;€ 14.999;Sehr guter Preis;28.522 km;Schaltgetriebe;12/2020;Benzin;96 kW (131 PS);nan;nan;Autoscout24.de
Audi;A8;3.0 TDI Lang Sport Ed.Matrix B&O HuD Nacht.21;Laserlicht, W-Lan / Wifi Hotspot, Fahrerairbag, Schiebedach, 360° Kamera, Nachtsicht-Assistent, LED-Scheinwerfer, Allrad;€ 35.490;Erhöhter Preis;156.000 km;Automatik;10/2016;Diesel;193 kW (262 PS);5,8 l/100 km;152 g/km;Autoscout24.de
Mazda;3;Lim. 2.0 OPTIMUM NAVI/LED/KAMERA/TEMP./HUD/AHK;Sitzheizung, Sportsitze, Tempomat, 2-Zonen-Klimaautomatik, Bi-Xenon Scheinwerfer, Lederlenkrad, Navigationssystem, Beifahrerairbag;€ 14.400;Sehr guter Preis;112.950 km;Automatik;05/2018;Benzin;88 kW (120 PS);5,6 l/100 km;129 g/km;Autoscout24.de
Mercedes-Benz;CLA 200;d aAHK/Voll-LED/Navi/Kamera;Einparkhilfe Kamera, Sportsitze, Sitzheizung, Alufelgen, Lederlenkrad, Fernlichtassistent, Tempomat, Navigationssystem;€ 18.910;Guter Preis;91.100 km;Schaltgetriebe;09/2017;Diesel;100 kW (136 PS);nan;nan;Autoscout24.de
Volkswagen;Amarok;3,0 TDI V6 Aventura 4Motion*Garantie*;12-64 Monate Garantie / Tüv & Inspektion= NEU !;€ 29.900;Guter Preis;119.000 km;Automatik;09/2016;Diesel;165 kW (224 PS);7,8 l/100 km;203 g/km;Autoscout24.de
Ford;Tourneo Courier;Titanium;Über 1000 Fahrzeuge auf Lager und sofort verfügbar !!!;€ 9.990;Sehr guter Preis;86.500 km;Schaltgetriebe;05/2015;Benzin;74 kW (101 PS);5,4 l/100 km;128 g/km;Autoscout24.de
SEAT;Leon;ST 2.0d 4Drive 4x4 DSG X-Perience PANO+LED+;Allrad, Schiebedach, LED-Scheinwerfer, Einparkhilfe Sensoren vorne, Sportpaket, Reifendruckkontrollsystem, USB, Sitzheizung;€ 11.750;Sehr guter Preis;150.000 km;Automatik;10/2016;Diesel;135 kW (184 PS);4,7 l/100 km;125 g/km;Autoscout24.de
Ford;Tourneo Courier;Titanium;Über 1000 Fahrzeuge auf Lager und sofort verfügbar !!!;€ 9.990;Sehr guter Preis;86.500 km;Schaltgetriebe;05/2015;Benzin;74 kW (101 PS);5,4 l/100 km;128 g/km;Autoscout24.de
BMW;X1;sDrive 18 d *PDC*SHZ*KLIMA*1.HAND*MFL*AHK*;Getönte Scheiben, Anhängerkupplung, Alufelgen, Sitzheizung, Einparkhilfe Sensoren vorne, Multifunktionslenkrad, Elektrische Seitenspiegel, ESP;€ 14.599;Fairer Preis;165.239 km;Schaltgetriebe;07/2018;Diesel;110 kW (150 PS);4,6 l/100 km;120 g/km;Autoscout24.de
Opel;Mokka X;1.4 Automatik Innovation;Ihr Autohaus in Espelkamp seit 35 Jahren;€ 13.760;Sehr guter Preis;92.600 km;Automatik;07/2019;Benzin;103 kW (140 PS);8,2 l/100 km;188 g/km;Autoscout24.de
Mercedes-Benz;C 400;CGI 4Matic*Designo*HeadUp*Distro*Airmatic*;Luftfederung, Head-up display, Abstandstempomat, Soundsystem, LED-Scheinwerfer, Elektrische Heckklappe, 360° Kamera, Totwinkel-Assistent;€ 29.950;Guter Preis;41.635 km;Automatik;07/2015;Benzin;245 kW (333 PS);7,3 l/100 km;170 g/km;Autoscout24.de
BMW;116;ADVANTAGE KLIMA+NAV+ALLWETTER+EINPARKHILF+TÜ;TempomatLederlenkradSitzheizungRegWartung;€ 11.970;Fairer Preis;105.900 km;Schaltgetriebe;10/2016;Benzin;80 kW (109 PS);5,4 l/100 km;127 g/km;Autoscout24.de
Jaguar;XF;20d Schiebdach. Bi-Xenon. Navi. Sitzh. 1.HAND;Seit 1963 Ihr KFZ-Meisterbetrieb in Mainz Bretzenheim;€ 18.900;Sehr guter Preis;78.800 km;Automatik;08/2018;Diesel;120 kW (163 PS);4,9 l/100 km;169 g/km;Autoscout24.de
Ford;Puma;1.0 EcoBoost Titanium 1.Hand Scheibenheizung Navi;Jetzt Probefahrt vereinbaren 02241/95126-24;€ 14.975;Sehr guter Preis;55.982 km;Schaltgetriebe;05/2020;Benzin;92 kW (125 PS);nan;nan;Autoscout24.de
Opel;Astra;K Lim. 1.6D EDITION NAVI/LED/TEMP./SPORT;Apple CarPlay, Seitenairbag, Armlehne, Android Auto, Regensensor, Einparkhilfe Sensoren hinten, Zentralverriegelung, LED-Tagfahrlicht;€ 8.450;Sehr guter Preis;117.950 km;Schaltgetriebe;05/2019;Diesel;81 kW (110 PS);3,6 l/100 km;95 g/km;Autoscout24.de
Fiat;Punto;1.4 8V Lounge;Sitzheizung, Klimaautomatik, Alufelgen, Klimaanlage, Nebelscheinwerfer, Lederlenkrad, Bluetooth, Elektr. Fensterheber;€ 8.600;Guter Preis;13.616 km;Schaltgetriebe;04/2015;Benzin;57 kW (77 PS);nan;nan;Autoscout24.de
Hyundai;i20;1.0 T-GDI Trend Voll-LED Carplay Kam Carplay;Günstige Finanzierung! Wir kaufen Ihr Auto!;€ 14.480;Guter Preis;38.011 km;Schaltgetriebe;12/2023;Benzin;74 kW (101 PS);5,6 l/100 km;127 g/km;Autoscout24.de
Fiat;500X;S-Design City Look*NAV*AHK*;Anhängerkupplung, Navigationssystem, Alufelgen, E10-geeignet, Beifahrerairbag, Reifendruckkontrollsystem, Kurvenlicht, Tempomat;€ 12.986;Fairer Preis;86.000 km;Schaltgetriebe;02/2018;Benzin;103 kW (140 PS);6,0 l/100 km;139 g/km;Autoscout24.de
Audi;SQ5;TFSI Black Ed.Virtual S-Sitz Luftf. 20 Rotor;Luftfederung, Sportsitze, Volldigitales Kombiinstrument, Abstandstempomat, Beifahrerairbag, Elektrische Sitze, Einparkhilfe Kamera, Sportfahrwerk;€ 28.740;Guter Preis;180.000 km;Automatik;01/2018;Benzin;260 kW (354 PS);6,8 l/100 km;189 g/km;Autoscout24.de
Volkswagen;up!;1.0 Basis KLIMA SITZHEIZUNG TELEFON Bluetooth;Alufelgen, Sitzheizung, Nebelscheinwerfer, Einparkhilfe Sensoren hinten, Einparkhilfe Kamera, Navigationssystem, MP3, Tempomat;€ 12.480;Sehr guter Preis;11.363 km;Schaltgetriebe;06/2022;Benzin;48 kW (65 PS);5,1 l/100 km;115 g/km;Autoscout24.de
Fiat;500C;Lounge 1.2  Cabrio Tempomat Radio PDC Alu Klimaanl;Apple CarPlay, Einparkhilfe Sensoren hinten, Alufelgen, Katalysator, Spoiler, Bluetooth, Schiebedach, Klimaanlage;€ 10.979;Sehr guter Preis;46.146 km;Schaltgetriebe;02/2020;Benzin;51 kW (69 PS);nan;nan;Autoscout24.de
Mercedes-Benz;C 200;4Matic Avantg,7G-Tronic,Distronic,Head-up,Leder,Pa;Car Garantie incl.;€ 20.900;nan;104.554 km;Automatik;03/2016;Benzin;135 kW (184 PS);nan;nan;Autoscout24.de
Opel;Grandland X;1.5D DESIGN  NAVI/LED/AHK/SHZ/ALU;LED-Scheinwerfer, ABS, Lordosenstütze, Einparkhilfe Kamera, Pannenkit, Sitzheizung, Klimaautomatik, Regensensor;€ 14.960;Sehr guter Preis;134.000 km;Automatik;06/2021;Diesel;96 kW (131 PS);3,8 l/100 km;99 g/km;Autoscout24.de
BMW;420;xDrive Automatik,Leder,Navi,H&K;Finanzierung ab 6,29% / Sofortankauf & Inzahlungnahme;€ 21.800;Sehr guter Preis;84.900 km;Automatik;07/2018;Diesel;120 kW (163 PS);4,5 l/100 km;118 g/km;Autoscout24.de
BMW;116;Baureihe 1 Lim. 5-trg. 116 i 61 TKM;Sitzheizung, E10-geeignet, Einparkhilfe Sensoren vorne, Tempomat, Alufelgen, Traktionskontrolle, Nebelscheinwerfer, Einparkhilfe Sensoren hinten;€ 12.599;Sehr guter Preis;61.250 km;Schaltgetriebe;09/2017;Benzin;80 kW (109 PS);5,3 l/100 km;123 g/km;Autoscout24.de
Mitsubishi;ASX;1.6 Mivec Diamant Edition+ 2WD;Alufelgen, Regensensor, Einparkhilfe Kamera, Sitzheizung, Tempomat, Navigationssystem, Xenonscheinwerfer, Klimaautomatik;€ 12.900;Sehr guter Preis;92.565 km;Schaltgetriebe;08/2019;Benzin;86 kW (117 PS);5,7 l/100 km;135 g/km;Autoscout24.de
Volkswagen;Tiguan;Highline 2.0 TDI 4Motion / PANORAMA / ACC;Allrad, LED-Scheinwerfer, Panoramadach, Sitzheizung, Navigationssystem, Anhängerkupplung, 3-Zonen-Klimaautomatik, Abstandstempomat;€ 20.990;Sehr guter Preis;151.408 km;Automatik;06/2019;Diesel;110 kW (150 PS);5,7 l/100 km;149 g/km;Autoscout24.de
Kia;Rio;1.2 Edition 7;Unser Angebot der Woche;€ 11.500;Sehr guter Preis;31.229 km;Schaltgetriebe;05/2020;Benzin;62 kW (84 PS);nan;nan;Autoscout24.de
Renault;Clio;IV 1.2 16V 75 Limited;Isofix, Alufelgen, LED-Scheinwerfer, Geschwindigkeits-begrenzungsanlage, Navigationssystem, Touchscreen, MP3, Einparkhilfe Sensoren hinten;€ 8.930;Fairer Preis;64.786 km;Schaltgetriebe;05/2017;Benzin;54 kW (73 PS);nan;nan;Autoscout24.de
Opel;Insignia;2.0 CDTI Aut ** OPC-LINE ** Panorama **;Sitzbelüftung, 2-Zonen-Klimaautomatik, Schiebedach, Sportpaket, Bi-Xenon Scheinwerfer, Sportfahrwerk, Panoramadach, Verkehrszeichenerkennung;€ 14.950;Fairer Preis;119.433 km;Automatik;02/2016;Diesel;125 kW (170 PS);5,5 l/100 km;145 g/km;Autoscout24.de
Audi;Q2;30 TFSI advanced Navi Sitzh. RüKa PDC;Elektrische Heckklappe, Einparkhilfe Kamera, Sitzheizung, Klimaautomatik, Schlüssellose Zentralverriegelung, Pannenkit, Einparkhilfe Sensoren vorne, Navigationssystem;€ 18.840;Sehr guter Preis;80.300 km;Schaltgetriebe;06/2023;Benzin;81 kW (110 PS);6,2 l/100 km;6 g/km;Autoscout24.de
Volkswagen;Passat Variant;Comfortline BMT;Sitzheizung, 3-Zonen-Klimaautomatik, Einparkhilfe Kamera, DAB-Radio, Seitenairbag, Multifunktionslenkrad, Fernlichtassistent, ESP;€ 13.900;Sehr guter Preis;145.122 km;Schaltgetriebe;03/2018;Benzin;110 kW (150 PS);5,1 l/100 km;119 g/km;Autoscout24.de
Volkswagen;Sharan;Highline BMT DSG 7-Sitzer Pano AHK Navi;Auto kauft man mit Vertrauen u Garantie;€ 22.440;Fairer Preis;149.941 km;Automatik;07/2017;Diesel;135 kW (184 PS);nan;nan;Autoscout24.de
Audi;A6;Avant 2.0 TDI S-tronic SPORT AHK;Alufelgen, Isofix, Sportsitze, Anhängerkupplung, Einparkhilfe Sensoren vorne, Sitzheizung, 4-Zonen-Klimaautomatik, Scheinwerferreinigung;€ 16.450;Sehr guter Preis;157.483 km;Automatik;01/2016;Diesel;140 kW (190 PS);5,2 l/100 km;115 g/km;Autoscout24.de
Mercedes-Benz;GLA 200;1.Hd*Navi*Bi-Xenon*SHZ*Temp*PDCv+h*8-f.;Multifunktionslenkrad, Ambientebeleuchtung, Sitzheizung, Sommerreifen, Einparkhilfe Sensoren vorne, Navigationssystem, Isofix, Traktionskontrolle;€ 17.990;Fairer Preis;85.000 km;Automatik;01/2015;Benzin;115 kW (156 PS);nan;nan;Autoscout24.de
Ford;Ranger;Autm. Kamera Teilleder SHZ PDC;Sitzheizung, Elektrische Sitze, Elektr. Fensterheber, Anhängerkupplung, Einparkhilfe Kamera, Reserverad, Allrad, Tempomat;€ 24.990;Sehr guter Preis;106.521 km;Automatik;01/2018;Diesel;147 kW (200 PS);8,7 l/100 km;228 g/km;Autoscout24.de
Audi;A4;Avant 2.0 TDI S line *PANO*AHK*NAVI;Sportsitze, Panoramadach, Sportfahrwerk, Standheizung, Lordosenstütze, Navigationssystem, Multifunktionslenkrad, Sitzheizung;€ 14.500;Fairer Preis;182.000 km;Schaltgetriebe;07/2015;Diesel;140 kW (190 PS);4,7 l/100 km;125 g/km;Autoscout24.de
Nissan;Juke;4x4 RFK. Klima. Navi. Sitzh. Schiebedach.;Seit 1963 Ihr KFZ-Meisterbetrieb in Mainz Bretzenheim;€ 12.990;Sehr guter Preis;112.900 km;Automatik;02/2017;Benzin;140 kW (190 PS);6,5 l/100 km;153 g/km;Autoscout24.de
Fiat;Fullback;2.4 Double Cab 4x4 LX Plus *Navi AHK*;Elektrische Sitze, Alufelgen, Freisprecheinrichtung, Allrad, Beifahrerairbag, Elektr. Fensterheber, MP3, Musikstreaming integriert;€ 11.990;Sehr guter Preis;252.454 km;Automatik;08/2019;Diesel;133 kW (181 PS);nan;nan;Autoscout24.de
Ford;C-Max;1.0 EcoBoost Titanium Rückfahrkamera;Einparkhilfe selbstlenkendes System, E10-geeignet, 2-Zonen-Klimaautomatik, Einparkhilfe Sensoren vorne, Touchscreen, Navigationssystem, Spurhalteassistent, Sitzheizung;€ 11.390;Sehr guter Preis;54.000 km;Schaltgetriebe;09/2016;Benzin;92 kW (125 PS);nan;nan;Autoscout24.de
Mitsubishi;Space Star;1.2Ganzjahresreifen,5 türig,4-fach Fensterheber;Alufelgen, Elektrische Seitenspiegel, Klimaanlage, Wegfahrsperre, Klimaautomatik, teilb. Rücksitzbank, Start/Stop-Automatik, Zentralverriegelung mit Funkfernbedienung;€ 10.990;Sehr guter Preis;15.206 km;Schaltgetriebe;10/2021;Benzin;59 kW (80 PS);nan;nan;Autoscout24.de
Renault;Twingo;LIFE SCe65 Start & Stop WINTERRÄDER;Elektrische Seitenspiegel, E10-geeignet, Sommerreifen, Traktionskontrolle, Zentralverriegelung, Wegfahrsperre;€ 9.245;Sehr guter Preis;23.900 km;Schaltgetriebe;10/2021;Benzin;48 kW (65 PS);5,1 l/100 km;116 g/km;Autoscout24.de
Opel;Astra;Edition Start/Stop;Einparkhilfe Kamera, 2-Zonen-Klimaautomatik, Start/Stop-Automatik, DAB-Radio, USB, Tagfahrlicht, Totwinkel-Assistent, Alufelgen;€ 7.950;Fairer Preis;246.500 km;Automatik;04/2021;Diesel;90 kW (122 PS);4,2 l/100 km;112 g/km;Autoscout24.de
Mercedes-Benz;GLC 220;d 4Matic Sitzh. Navi. Kamera Bluetooth;Seit 1963 Ihr KFZ-Meisterbetrieb in Mainz Bretzenheim;€ 22.990;Fairer Preis;159.000 km;Automatik;05/2017;Diesel;125 kW (170 PS);5,0 l/100 km;129 g/km;Autoscout24.de
Ford;Focus;ST 2.3 EcoBoost *RECARO*PANO* ACC*LED*KAMERA*SHZ;Sportfahrwerk, Lichtsensor, Lederlenkrad, Abstandstempomat, Seitenairbag, Schiebedach, W-Lan / Wifi Hotspot, Soundsystem;€ 17.990;Sehr guter Preis;160.804 km;Automatik;06/2020;Benzin;206 kW (280 PS);nan;nan;Autoscout24.de
Volkswagen;Golf;Comfortline BMT Start-Stopp;Ihr BMW Servicepartner für die Region Hannover;€ 14.999;Sehr guter Preis;78.500 km;Automatik;10/2018;Diesel;85 kW (116 PS);4,0 l/100 km;103 g/km;Autoscout24.de
Mercedes-Benz;GLC 300;AMGline 4Matic Coupe,Navi,LED,SD,360Kam.;Finanzierung ab 6,29% / Sofortankauf & Inzahlungnahme;€ 30.800;Sehr guter Preis;140.735 km;Automatik;08/2017;Benzin;180 kW (245 PS);7,5 l/100 km;169 g/km;Autoscout24.de
BMW;M5;Competition-Keramik-Bowers&Wilkins-Driving Ass Pro;Massagesitze, Sportfahrwerk, Sportpaket, Head-up display, MP3, Elektronische Parkbremse, Allrad, Spoiler;€ 94.875;Fairer Preis;43.370 km;Automatik;03/2023;Benzin;460 kW (625 PS);11,1 l/100 km;250 g/km;Autoscout24.de
Mitsubishi;Space Star;Diamant Edition|Klima|Servo|1.Hand;Klimaanlage, Klimaautomatik, E10-geeignet, Pannenkit, Nebelscheinwerfer, Radio, Stahlfelgen, Traktionskontrolle;€ 7.850;Fairer Preis;47.500 km;Schaltgetriebe;06/2017;Benzin;52 kW (71 PS);4,2 l/100 km;100 g/km;Autoscout24.de
Ford;Transit Custom;2.0 TDCi Kombi 320 **9 Sitze**;Isofix, Beifahrerairbag, Schiebetür rechts, Getönte Scheiben, Start/Stop-Automatik, Reifendruckkontrollsystem, Einparkhilfe Sensoren vorne, Tempomat;€ 18.995;Guter Preis;150.000 km;Schaltgetriebe;05/2019;Diesel;77 kW (105 PS);6,4 l/100 km;168 g/km;Autoscout24.de
Opel;Corsa;CORSA 1.2 TURBO GS NAVI LED SICHTPAKET SUNSET PDC;Finanzierung und Leasing möglich! Kontaktieren Sie uns!;€ 15.990;Sehr guter Preis;4.580 km;Schaltgetriebe;12/2023;Benzin;74 kW (101 PS);5,4 l/100 km;116 g/km;Autoscout24.de
Mercedes-Benz;G 350;Edition 35 Designo Kamera Xenon H&K AHK 18;Totwinkel-Assistent, Navigationssystem, Multifunktionslenkrad, Freisprecheinrichtung, Elektrische Sitze, Anhängerkupplung, LED-Tagfahrlicht, Schiebedach;€ 49.990;Sehr guter Preis;235.000 km;Automatik;07/2015;Diesel;155 kW (211 PS);11,2 l/100 km;296 g/km;Autoscout24.de
BMW;525;d Sport Line Navi/ACC/Virtual/LED/Ambiente;Sportpaket, Volldigitales Kombiinstrument, LED-Scheinwerfer, Ambientebeleuchtung, Sportsitze, Schaltwippen, Einparkhilfe Sensoren vorne, Sitzheizung;€ 25.490;Guter Preis;139.000 km;Automatik;06/2019;Diesel;170 kW (231 PS);nan;nan;Autoscout24.de
Mazda;6;Lim. Sports-Line/HUD/LED/LENKRADHEIZUNG/TOTW;Sportfahrwerk, Elektrische Sitze, Schiebedach, Sportpaket, Getönte Scheiben, Abstandstempomat, Einparkhilfe Kamera, LED-Scheinwerfer;€ 18.800;Fairer Preis;112.859 km;Automatik;06/2018;Diesel;129 kW (175 PS);4,8 l/100 km;127 g/km;Autoscout24.de
Jeep;Grand Cherokee;3.0 CRD Summit-Luft-Pano-H K-AHK-;Beifahrerairbag, Freisprecheinrichtung, Luftfederung, Sportpaket, Bluetooth, Einparkhilfe Kamera, Touchscreen, Sprachsteuerung;€ 23.900;Sehr guter Preis;139.900 km;Automatik;02/2019;Diesel;184 kW (250 PS);7,0 l/100 km;nan;Autoscout24.de
Opel;Astra;Opel 2020 Start/Stop 1.Hand*;Alufelgen, Regensensor, Sitzheizung, Spurhalteassistent, Nebelscheinwerfer, Beifahrerairbag, USB, DAB-Radio;€ 12.499;Sehr guter Preis;42.000 km;Schaltgetriebe;02/2020;Benzin;96 kW (131 PS);4,3 l/100 km;99 g/km;Autoscout24.de
Ford;EcoSport;Titanium 1,0l;Über 1000 Fahrzeuge auf Lager und sofort verfügbar !!!;€ 14.990;Sehr guter Preis;21.000 km;Schaltgetriebe;09/2020;Benzin;92 kW (125 PS);5,0 l/100 km;114 g/km;Autoscout24.de
Mercedes-Benz;C 180;CGI T Exclusive **LED*Navi*SHZ*PDC**;LED-Scheinwerfer, Navigationssystem, Elektrische Sitze, Fernlichtassistent, Sitzheizung, E10-geeignet, Multifunktionslenkrad, Einparkhilfe selbstlenkendes System;€ 19.795;Fairer Preis;58.000 km;Schaltgetriebe;07/2016;Benzin;115 kW (156 PS);nan;nan;Autoscout24.de
Ford;Transit;Courier Trend KLIMA, SITZHEIZUNG, PDC;Bitte ruf mich nicht Samstag oder Sonntag nur per E-Mai;€ 10.990;Sehr guter Preis;38.905 km;Schaltgetriebe;12/2017;Diesel;70 kW (95 PS);4,0 l/100 km;104 g/km;Autoscout24.de
BMW;120;Sport Line SAG NaviBusiness PDC HiFi 18Zoll;Ihr BMW Servicepartner für die Region Hannover;€ 16.999;Fairer Preis;111.000 km;Automatik;09/2016;Benzin;135 kW (184 PS);6,0 l/100 km;nan;Autoscout24.de
Opel;Zafira;C Tourer *2.HAND-KLIMA-TEMPOMAT*;Beifahrerairbag, Alufelgen, Apple CarPlay, Armlehne, Tempomat, Android Auto, Klimaanlage, Navigationssystem;€ 7.490;Guter Preis;149.827 km;Schaltgetriebe;10/2015;Diesel;88 kW (120 PS);4,5 l/100 km;119 g/km;Autoscout24.de
Volkswagen;Golf Variant;VII Variant 1.4 TSI DSG Highline / Navi LED;Sportfahrwerk, LED-Scheinwerfer, Volldigitales Kombiinstrument, Sportsitze, Fahrerairbag, Einparkhilfe Kamera, Ambientebeleuchtung, Sitzheizung;€ 15.980;Guter Preis;108.013 km;Automatik;06/2017;Benzin;110 kW (150 PS);nan;nan;Autoscout24.de
Opel;Mokka;1.6 CDTI ecoFlex Innovation Navi FLA LM;Bi-Xenon Scheinwerfer, Bordcomputer, ABS, Einparkhilfe Sensoren hinten, Touchscreen, Einparkhilfe Kamera, Einparkhilfe Sensoren vorne, teilb. Rücksitzbank;€ 9.490;Sehr guter Preis;112.850 km;Schaltgetriebe;06/2015;Diesel;100 kW (136 PS);nan;nan;Autoscout24.de
Ford;Tourneo Custom;SORTIMO EUROLINE 310 L1, Markise, Standheiz, ACC;Markise, Beifahrerairbag, Beheizbare Frontscheibe, Einparkhilfe Kamera, Kurvenlicht, Navigationssystem, Alufelgen, Armlehne;€ 29.980;Sehr guter Preis;98.900 km;Automatik;03/2018;Diesel;125 kW (170 PS);7,0 l/100 km;181 g/km;Autoscout24.de
Mercedes-Benz;GLC 220;d 4Matic AMG Aut. AHK LED COMAND TEMP SHZ;Sportpaket, Sportfahrwerk, Allrad, Anhängerkupplung, Navigationssystem, Sitzheizung, Elektrische Sitze, Alufelgen;€ 26.600;Guter Preis;136.800 km;Automatik;10/2017;Diesel;125 kW (170 PS);5,0 l/100 km;129 g/km;Autoscout24.de
Jaguar;XJ;Luxury+LED+NAVI+LEDER+PANO+MERIDIAN+;Sportpaket, Touchscreen, LED-Scheinwerfer, Schiebedach, ESP, Sportsitze, Einparkhilfe Kamera, Schlüssellose Zentralverriegelung;€ 22.990;Fairer Preis;94.005 km;Automatik;02/2016;Diesel;221 kW (300 PS);6,1 l/100 km;162 g/km;Autoscout24.de
Volkswagen;Touran;2.0 TDI Highline;3-Zonen-Klimaautomatik, LED-Scheinwerfer, Anhängerkupplung, Sitzheizung, CD, Navigationssystem, Alufelgen, Sportfahrwerk;€ 16.995;Fairer Preis;144.985 km;Schaltgetriebe;11/2015;Diesel;110 kW (150 PS);4,5 l/100 km;118 g/km;Autoscout24.de
Skoda;Octavia;Combi Style 2.0 TSI DSG StandHZG El. Panodach Navi;Bringservice deutschlandweit!;€ 14.990;Sehr guter Preis;151.000 km;Automatik;11/2018;Benzin;140 kW (190 PS);nan;nan;Autoscout24.de
Mercedes-Benz;GLA 180;Navi ,LED ,Klima ,Tempomat ,Sitzheizung;Sportsitze, Regensensor, Kurvenlicht, Sitzheizung, Fernlichtassistent, Totwinkel-Assistent, Navigationssystem, Ambientebeleuchtung;€ 19.800;Sehr guter Preis;56.000 km;Automatik;04/2018;Benzin;90 kW (122 PS);nan;nan;Autoscout24.de
SEAT;Ateca;1.4 TSI Style Navi SHZ PDC 110 kW (150 PS), Sch...;Sonderzinstage bei Autoflex24 eff. Zins ab 2,22 %;€ 16.987;Sehr guter Preis;70.987 km;Schaltgetriebe;05/2018;Benzin;110 kW (150 PS);nan;nan;Autoscout24.de
Ford;Grand C-Max;Titanium 7 SItzer, Automatik;Einparkhilfe Kamera, Elektrische Heckklappe, Beifahrerairbag, Isofix, Schiebetür rechts, Android Auto, E10-geeignet, Alufelgen;€ 15.990;Sehr guter Preis;75.473 km;Automatik;06/2018;Benzin;110 kW (150 PS);6,8 l/100 km;154 g/km;Autoscout24.de
BMW;Z4;Baureihe Z4 Roadster sDrive 35i;Schaltwippen, Soundsystem, Totwinkel-Assistent, Lederlenkrad, Sommerreifen, Ambientebeleuchtung, Isofix, Getönte Scheiben;€ 31.990;Sehr guter Preis;19.821 km;Automatik;09/2016;Benzin;225 kW (306 PS);9,4 l/100 km;223 g/km;Autoscout24.de
Fiat;500C;Lounge 1.2 8V Faltdach Klimaautom PDC;Katalysator, MP3, Einparkhilfe Sensoren hinten, Klimaautomatik, Alufelgen, Multifunktionslenkrad, Navigationssystem, Zentralverriegelung;€ 7.900;Guter Preis;98.200 km;Schaltgetriebe;04/2015;Benzin;51 kW (69 PS);nan;nan;Autoscout24.de
Mercedes-Benz;C 180;T 7G-TRONIC;Sitzheizung, USB, LED-Scheinwerfer, Multifunktionslenkrad, Einparkhilfe selbstlenkendes System, Elektrische Sitze, Einparkhilfe Sensoren vorne, Airbag hinten;€ 16.990;Sehr guter Preis;99.000 km;Automatik;02/2015;Benzin;115 kW (156 PS);nan;nan;Autoscout24.de
Volkswagen;Golf;Life Navi Rückfahrkamera;LED-Scheinwerfer, ABS, 3-Zonen-Klimaautomatik, Alufelgen, Volldigitales Kombiinstrument, Abstandstempomat, Lordosenstütze, Armlehne;€ 17.850;Guter Preis;73.748 km;Schaltgetriebe;09/2020;Diesel;85 kW (116 PS);3,5 l/100 km;91 g/km;Autoscout24.de
Volvo;V90;"T5 Inscription Leder Navi LED Kamera AHK 19""";Sportfahrwerk, Regensensor, Sitzheizung, Sportsitze, Bordcomputer, Einparkhilfe Kamera, Berganfahrassistent, Elektrische Heckklappe;€ 20.740;Sehr guter Preis;155.000 km;Automatik;08/2019;Benzin;184 kW (250 PS);6,8 l/100 km;157 g/km;Autoscout24.de
Tesla;Model Y;Long Range AWD *20-Zoll*AHK*Matrix-LED*;Europe biggest used Tesla dealer; ;nan;nan;nan;nan;nan;nan;nan;nan;Autoscout24.de
Skoda;Superb;2.0 TDi Combi Automatik **Navi*AHK*ACC**;Elektrische Sitze, Anhängerkupplung, Elektrische Heckklappe, 3-Zonen-Klimaautomatik, Sitzheizung, LED-Scheinwerfer, Einparkhilfe Kamera, DAB-Radio;€ 16.995;Sehr guter Preis;167.000 km;Automatik;07/2020;Diesel;110 kW (150 PS);3,9 l/100 km;102 g/km;Autoscout24.de
Renault;Master;2.3 dCi 130 Kasten L3H2 3,5t*Klima*;Finanzierung o. Anzahlung / Garantie 12 Monate;€ 12.500;nan;86.720 km;Schaltgetriebe;07/2019;Diesel;96 kW (131 PS);nan;0 g/km;Autoscout24.de
Audi;S1;2.0 TFSI quattro 1. Hd./Bi-Xenon/Bose Sound/Leder/;Multifunktionslenkrad, Bluetooth, Sportsitze, Allrad, Sportfahrwerk, MP3, Seitenairbag, Sommerreifen;€ 23.810;Sehr guter Preis;25.624 km;Schaltgetriebe;05/2018;Benzin;170 kW (231 PS);nan;nan;Autoscout24.de
Volkswagen;Tiguan;2.0 TSI 4Motion DSG Sport & Style;Sportpaket, Panoramadach, LED-Scheinwerfer, Multifunktionslenkrad, Lederlenkrad, Einparkhilfe Kamera, Seitenairbag, Bordcomputer;€ 16.900;Sehr guter Preis;88.122 km;Automatik;07/2015;Benzin;147 kW (200 PS);nan;0 g/km;Autoscout24.de
Audi;Q5;2.0TDI/S Line/Leder/Pano/Navi/Bi-Xeno/AHK/PDC;Panoramadach, Sportpaket, 3-Zonen-Klimaautomatik, Scheinwerferreinigung, Sportfahrwerk, Elektrische Sitze, Fahrerairbag, Ambientebeleuchtung;€ 18.500;Sehr guter Preis;154.000 km;Automatik;01/2015;Diesel;140 kW (190 PS);5,7 l/100 km;151 g/km;Autoscout24.de
Renault;Master;2.3 dCi 130 Kasten L3H2 3,5t*Klima*;Finanzierung o. Anzahlung / Garantie 12 Monate;€ 12.500;nan;86.720 km;Schaltgetriebe;07/2019;Diesel;96 kW (131 PS);nan;0 g/km;Autoscout24.de
Audi;S1;2.0 TFSI quattro 1. Hd./Bi-Xenon/Bose Sound/Leder/;Multifunktionslenkrad, Bluetooth, Sportsitze, Allrad, Sportfahrwerk, MP3, Seitenairbag, Sommerreifen;€ 23.810;Sehr guter Preis;25.624 km;Schaltgetriebe;05/2018;Benzin;170 kW (231 PS);nan;nan;Autoscout24.de
Volkswagen;Tiguan;2.0 TSI 4Motion DSG Sport & Style;Sportpaket, Panoramadach, LED-Scheinwerfer, Multifunktionslenkrad, Lederlenkrad, Einparkhilfe Kamera, Seitenairbag, Bordcomputer;€ 16.900;Sehr guter Preis;88.122 km;Automatik;07/2015;Benzin;147 kW (200 PS);nan;0 g/km;Autoscout24.de
Kia;XCeed;Platinum 1.6 GDI PHEV Leder+P-Dach+Navi+Kamera+ACC;Totwinkel-Assistent, Einparkhilfe Sensoren vorne, Beheizbares Lenkrad, Lordosenstütze, 2-Zonen-Klimaautomatik, Navigationssystem, Elektronische Parkbremse, Schiebedach; ;nan;nan;nan;nan;Elektro;nan;nan;nan;Autoscout24.de
BMW;X5;xDrive 40d 2.Hand Pano Softclose AHK HeadUp;Sportpaket, Sitzheizung, Schaltwippen, Head-up display, Panoramadach, Sommerreifen, Beheizbares Lenkrad, LED-Scheinwerfer;€ 30.850;nan;125.000 km;Automatik;04/2017;Diesel;230 kW (313 PS);6,0 l/100 km;159 g/km;Autoscout24.de
Audi;Q8;55 TFSI QUATTRO/MATRIX/360°/BANG&OLUFSEN;360° Kamera, Panoramadach, Luftfederung, Head-up display, Abstandstempomat, Müdigkeitswarnsystem, Sportsitze, Soundsystem;€ 49.900;nan;79.435 km;Automatik;02/2019;Benzin;250 kW (340 PS);8,9 l/100 km;nan;Autoscout24.de
Volkswagen;Golf;VII 1.6 TDi Variant **SHZ*PDC*ACC*Klima**;2-Zonen-Klimaautomatik, Sitzheizung, Alufelgen, Bluetooth, Geschwindigkeits-begrenzungsanlage, Apple CarPlay, Winterpaket, Beifahrerairbag;€ 12.495;Fairer Preis;123.000 km;Schaltgetriebe;08/2017;Diesel;85 kW (116 PS);4,1 l/100 km;106 g/km;Autoscout24.de
Mercedes-Benz;GLC 220;GLC 220 d 4M AHK Totwkl Kamera AMG-int. LED-ILS;Allrad, Einparkhilfe Kamera, Anhängerkupplung, Elektrische Heckklappe, W-Lan / Wifi Hotspot, Sitzheizung, Voll-LED Scheinwerfer, CD;€ 27.900;Sehr guter Preis;112.000 km;Automatik;01/2019;Diesel;125 kW (170 PS);5,0 l/100 km;129 g/km;Autoscout24.de
Opel;Zafira;C Edition 2.0 TDCI AUTOMATIK/NAVI/LED/AHK;GARANTIE • FINANZIERUNG • LIEFERUNG • ZULASSUNG;€ 15.990;nan;120.000 km;Automatik;09/2017;Diesel;125 kW (170 PS);5,8 l/100 km;153 g/km;Autoscout24.de
Ford;Kuga;KUGA 2.0 TDCI 4x4 ST-Line XENON NAVI CAM;Allrad, Geschwindigkeits-begrenzungsanlage, Beheizbare Frontscheibe, Sitzheizung, Navigationssystem, Beheizbares Lenkrad, Elektrische Heckklappe, Abstandstempomat;€ 16.850;Guter Preis;112.203 km;Automatik;08/2018;Diesel;132 kW (179 PS);nan;nan;Autoscout24.de
BMW;420;M Sport|LEDer|RFK|H&K|NAV|DAB;Sportfahrwerk, Sportpaket, Tempomat, Schaltwippen, Einparkhilfe Kamera, Sommerreifen, LED-Scheinwerfer, Sportsitze;€ 23.440;Fairer Preis;151.095 km;Automatik;06/2019;Diesel;140 kW (190 PS);nan;nan;Autoscout24.de
Volkswagen;Touran;Comfortline 2.0TDI AHK/ACC/MASSAGE/NAVI;Anhängerkupplung, Multifunktionslenkrad, 3-Zonen-Klimaautomatik, Alufelgen, Navigationssystem, Isofix, Abstandstempomat, Einparkhilfe Sensoren vorne;€ 15.970;Sehr guter Preis;145.001 km;Schaltgetriebe;04/2020;Diesel;85 kW (116 PS);5,5 l/100 km;146 g/km;Autoscout24.de
Skoda;Fabia;1.2 TSI Cool Edition**ISOFIX**Bluetooth**;Günstige Finanzierung inkl. Garantie möglich!;€ 9.795;Sehr guter Preis;53.500 km;Schaltgetriebe;06/2016;Benzin;66 kW (90 PS);nan;nan;Autoscout24.de
Audi;S7;Sportback NIGHT/QUATTRO/MATRIX/SHZ/2.HAND/LED;360° Kamera, 4-Zonen-Klimaautomatik, Sportsitze, Sportfahrwerk, Volldigitales Kombiinstrument, Sportpaket, Abstandstempomat, Allrad;€ 55.900;Sehr guter Preis;82.000 km;Automatik;03/2020;Diesel;257 kW (349 PS);6,5 l/100 km;170 g/km;Autoscout24.de
Mercedes-Benz;E 220;d T Avantgarde **Head-up+Totw.+Multibeam;Head-up display, Sportfahrwerk, Apple CarPlay, Totwinkel-Assistent, Einparkhilfe Kamera, Kurvenlicht, Reifendruckkontrollsystem, ESP;€ 23.888;nan;85.170 km;Automatik;07/2018;Diesel;143 kW (194 PS);6,0 l/100 km;158 g/km;Autoscout24.de
MG;EHS;PHEV 1.5 T-GDI Luxury  LED+PANO+SHZ+ACC+360°;Elektr. Fensterheber, Ambientebeleuchtung, Apple CarPlay, Abstandstempomat, Einparkhilfe Sensoren vorne, Schiebedach, Notbremsassistent, Notrufsystem; ;nan;nan;nan;nan;nan;nan;nan;nan;Autoscout24.de
Kia;Ceed / cee'd;1.0 TGDI Active*NAVI*TEMPO*CAM*PDC*AHK*ALU*;❗Service Historie und Gebrauchtspureninfos auf Anruf;€ 9.990;Sehr guter Preis;90.456 km;Schaltgetriebe;05/2018;Benzin;88 kW (120 PS);5,2 l/100 km;120 g/km;Autoscout24.de
Volkswagen;Polo;V Trendline. Navi. Klima. PDC. Temp.;Seit 1963 Ihr KFZ-Meisterbetrieb in Mainz Bretzenheim;€ 6.990;Guter Preis;119.900 km;Schaltgetriebe;01/2016;Benzin;44 kW (60 PS);nan;nan;Autoscout24.de
Opel;Astra;1.2 Turbo GS Line SHZ Lenkradheizung Apple CarPlay;Bi-Xenon Scheinwerfer, Xenonscheinwerfer, Sitzheizung, Lordosenstütze, Beifahrerairbag, Spurhalteassistent, Alufelgen, Ambientebeleuchtung;€ 12.750;Sehr guter Preis;48.300 km;Schaltgetriebe;02/2021;Benzin;96 kW (131 PS);5,3 l/100 km;121 g/km;Autoscout24.de
Opel;Mokka;Edition 1.2 Direct Injection Turbo 74 kW (;Abstandstempomat, Einparkhilfe Kamera, Tempomat, LED-Scheinwerfer, Regensensor, Sitzheizung, LED-Tagfahrlicht, Alufelgen;€ 14.950;Sehr guter Preis;60.000 km;Schaltgetriebe;11/2021;Benzin;74 kW (101 PS);nan;nan;Autoscout24.de
Audi;A6;Avant 2.0 TDI S-Tronic Ultra NAV+XEN+PANO+KAM;Einparkhilfe Kamera, Sportfahrwerk, Panoramadach, Sportsitze, CD, Schlüssellose Zentralverriegelung, Alufelgen, Lordosenstütze;€ 19.749;Erhöhter Preis;194.750 km;Automatik;03/2018;Diesel;140 kW (190 PS);4,7 l/100 km;nan;Autoscout24.de
Citroen;Berlingo;Feel M SHZ NAVI Kamera DAB KLIMA;Schiebetür links, Klimaanlage, Beifahrerairbag, Dachreling, Alufelgen, Elektr. Fensterheber, Isofix, Sitzheizung;€ 16.950;Sehr guter Preis;58.000 km;Schaltgetriebe;03/2019;Diesel;96 kW (131 PS);nan;nan;Autoscout24.de
Opel;Grandland X;"2.0d Aut Ultim MEMO+360+LED+AHK+19""";Sitzbelüftung, Elektrische Sitze, Anhängerkupplung, Getönte Scheiben, Sitzheizung, DAB-Radio, Start/Stop-Automatik, Beheizbares Lenkrad;€ 16.650;Sehr guter Preis;100.000 km;Automatik;01/2019;Diesel;130 kW (177 PS);4,9 l/100 km;128 g/km;Autoscout24.de
Renault;Talisman;Intens;Elektrische Heckklappe, Sommerreifen, Ambientebeleuchtung, Reifendruckkontrollsystem, Isofix, Touchscreen, Sportpaket, ESP;€ 16.499;Guter Preis;95.400 km;Automatik;01/2017;Benzin;147 kW (200 PS);5,6 l/100 km;127 g/km;Autoscout24.de
Hyundai;TUCSON;NAVI, KAMERA, SITZHEIZUNG;Ihr Fiat Partner seit 1970;€ 15.750;nan;73.000 km;Schaltgetriebe;08/2018;Benzin;97 kW (132 PS);6,9 l/100 km;158 g/km;Autoscout24.de
BMW;530;d Limo Steptronic SportLine+LED+NAVI+VIRTUAL;Sportpaket, Beifahrerairbag, Soundsystem, Panoramadach, Volldigitales Kombiinstrument, Sitzbelüftung, Schiebedach, Head-up display;€ 29.150;Sehr guter Preis;76.900 km;Automatik;07/2017;Diesel;195 kW (265 PS);nan;nan;Autoscout24.de
Mazda;CX-5;Exclusive HUD Navi Soundsystem LED Blendfreies Fer;Bei uns steht Kundenzufriedenheit an erster Stelle.;€ 18.885;Guter Preis;77.386 km;Schaltgetriebe;03/2018;Benzin;121 kW (165 PS);nan;nan;Autoscout24.de
Mercedes-Benz;GLB 180;d 8G-DCT LEDER+VIRTUAL+PARKASS+TEMP+DAB;Sportpaket, Bordcomputer, Volldigitales Kombiinstrument, Alufelgen, Start/Stop-Automatik, Klimaautomatik, Dachreling, Einparkhilfe Sensoren vorne;€ 22.950;Sehr guter Preis;136.161 km;Automatik;05/2021;Diesel;85 kW (116 PS);4,7 l/100 km;125 g/km;Autoscout24.de
Aixam;;Coupé GTI SPORT Mopedauto Microcar Minicar 45 kM;Sportfahrwerk, Alufelgen, Nebelscheinwerfer, Sportsitze, Sportpaket, Einparkhilfe Sensoren hinten, Bluetooth, Radio;€ 8.950;Guter Preis;24.100 km;Automatik;01/2015;Diesel;4 kW (5 PS);nan;nan;Autoscout24.de
BMW;520;d Aut.*NAVI*XENON*TEMPO*CAM*;❗Service Historie und Gebrauchtspureninfos auf Anruf;€ 21.540;Fairer Preis;77.587 km;Automatik;08/2016;Diesel;140 kW (190 PS);5,3 l/100 km;109 g/km;Autoscout24.de
Volkswagen;T-Cross;1.5 TSI Style OPF;Navigationssystem, Ambientebeleuchtung, Einparkhilfe Kamera, Sportsitze, Volldigitales Kombiinstrument, Totwinkel-Assistent, LED-Scheinwerfer, Sitzheizung;€ 19.950;Sehr guter Preis;37.000 km;Automatik;05/2020;Benzin;110 kW (150 PS);nan;nan;Autoscout24.de
Kia;Optima;Sportsw 2.0 Aut Spirit Hyb PANO+MEMO+VOLL;Ambientebeleuchtung, Einparkhilfe Sensoren hinten, Sportpaket, Isofix, Schiebedach, Notbremsassistent, Getönte Scheiben, Apple CarPlay; ;nan;nan;nan;nan;nan;nan;nan;nan;Autoscout24.de
Ford;EcoSport;1.0 EcoBoost *NAVI*RFK*SHZ*FSHZ*CARPLAY;Navigationssystem, Sitzheizung, USB, Einparkhilfe Kamera, Dachreling, Einparkhilfe Sensoren vorne, Klimaautomatik, Beifahrerairbag;€ 12.970;Sehr guter Preis;47.510 km;Schaltgetriebe;12/2019;Benzin;74 kW (101 PS);6,6 l/100 km;150 g/km;Autoscout24.de
Volkswagen;Golf;VII 1.5 TSI Comfortline BM SHZ | ACC | aAHK;Sitzheizung, 2-Zonen-Klimaautomatik, Abstandstempomat, Beifahrerairbag, Alufelgen, Anhängerkupplung, Regensensor, Multifunktionslenkrad;€ 13.450;Sehr guter Preis;122.100 km;Schaltgetriebe;10/2018;Benzin;96 kW (131 PS);6,0 l/100 km;133 g/km;Autoscout24.de
Opel;Zafira Tourer;C 1.6 Innovation  CNG ERDGAS 7SITZE;Bluetooth, Alufelgen, Freisprecheinrichtung, Armlehne, Reifendruckkontrollsystem, Notrufsystem, Zentralverriegelung mit Funkfernbedienung, Tagfahrlicht;€ 7.500;Sehr guter Preis;134.272 km;Schaltgetriebe;09/2015;Erdgas (CNG);110 kW (150 PS);nan;nan;Autoscout24.de
Ford;EcoSport;1.0 EcoBoost *NAVI*RFK*SHZ*FSHZ*CARPLAY;Navigationssystem, Sitzheizung, USB, Einparkhilfe Kamera, Dachreling, Einparkhilfe Sensoren vorne, Klimaautomatik, Beifahrerairbag;€ 12.970;Sehr guter Preis;47.510 km;Schaltgetriebe;12/2019;Benzin;74 kW (101 PS);6,6 l/100 km;150 g/km;Autoscout24.de
Volkswagen;Golf;VII 1.5 TSI Comfortline BM SHZ | ACC | aAHK;Sitzheizung, 2-Zonen-Klimaautomatik, Abstandstempomat, Beifahrerairbag, Alufelgen, Anhängerkupplung, Regensensor, Multifunktionslenkrad;€ 13.450;Sehr guter Preis;122.100 km;Schaltgetriebe;10/2018;Benzin;96 kW (131 PS);6,0 l/100 km;133 g/km;Autoscout24.de
SEAT;Arona;1.0 TSI FR;Sitzheizung, Navigationssystem, Einparkhilfe Sensoren vorne, Einparkhilfe Kamera, Abstandstempomat, Ambientebeleuchtung, Alufelgen, Nebelscheinwerfer;€ 17.790;Sehr guter Preis;16.526 km;Schaltgetriebe;08/2021;Benzin;81 kW (110 PS);5,3 l/100 km;120 g/km;Autoscout24.de
Citroen;C5 Aircross;2.0 Live Aut.+SHZ+PP+16ZOLL;Sitzheizung, Einparkhilfe Kamera, Sportsitze, Freisprecheinrichtung, Verkehrszeichenerkennung, Einparkhilfe Sensoren vorne, Lederlenkrad, Touchscreen;€ 18.749;Sehr guter Preis;55.750 km;Automatik;04/2020;Diesel;132 kW (179 PS);4,7 l/100 km;nan;Autoscout24.de
Kia;XCeed;1.6 Plug-in Hybrid Vision Navi, Angebot der Woche;Unser Angebot der Woche; ;nan;nan;nan;nan;nan;nan;nan;nan;Autoscout24.de
Opel;Vivaro;B Kombi  L1H1 1.6 CDTI *G8057 KLIMA;Schiebetür rechts, Klimaanlage, Beifahrerairbag, Tempomat, Einparkhilfe Sensoren hinten, Notrad, Radio, Nebelscheinwerfer;€ 12.788;Sehr guter Preis;165.000 km;Schaltgetriebe;11/2015;Diesel;66 kW (90 PS);nan;nan;Autoscout24.de
MINI;One;ONE FIRST *UNFALLFREI*TÜV 03/2026*ALLWETTER*;INZAHLUNGNAHME UND FINANZIERUNG MÖGLICH;€ 10.900;Fairer Preis;86.600 km;Schaltgetriebe;12/2015;Benzin;55 kW (75 PS);5,3 l/100 km;126 g/km;Autoscout24.de
Volkswagen;Tiguan;Sport & Style 2.0 TDI BMT Navi Klimaautom Sportsit;ONLINE ABWICKLUNG+TOP BEWERTUNGEN+GÜNSTIGE FINANZIERUNG;€ 17.680;Guter Preis;76.166 km;Schaltgetriebe;02/2016;Diesel;110 kW (150 PS);nan;nan;Autoscout24.de
Mercedes-Benz;Vito;116d Aut. RWD Lang KLIM+NAV+STANDHZ+SHZ+AHK;Sitzheizung, Multifunktionslenkrad, Einparkhilfe Sensoren vorne, Beifahrerairbag, Standheizung, Freisprecheinrichtung, Armlehne, Elektrische Seitenspiegel;€ 16.950;nan;124.774 km;Automatik;05/2017;Diesel;120 kW (163 PS);6,4 l/100 km;171 g/km;Autoscout24.de
Opel;Zafira;Drive;2-Zonen-Klimaautomatik, E10-geeignet, Panoramadach, Einparkhilfe Sensoren vorne, Tempomat, Pannenkit, Tagfahrlicht, Beifahrerairbag;€ 14.900;Guter Preis;51.951 km;Schaltgetriebe;04/2016;Benzin;103 kW (140 PS);nan;nan;Autoscout24.de
Jaguar;XF;Sportbrake R-Sport Leder/Navi/SHZ;Sportfahrwerk, Innenspiegel automatisch abblendend, 2-Zonen-Klimaautomatik, USB, Traktionskontrolle, ESP, Totwinkel-Assistent, Einparkhilfe Kamera;€ 19.950;Sehr guter Preis;100.000 km;Automatik;06/2018;Diesel;221 kW (300 PS);7,5 l/100 km;171 g/km;Autoscout24.de
Opel;Corsa;E 1.4 COLOR EDIT. NAVI/LED/TEMP./PDC/DAB+;Alufelgen, Apple CarPlay, Pannenkit, Navigationssystem, Einparkhilfe Sensoren hinten, Touchscreen, Android Auto, Sportsitze;€ 9.850;Guter Preis;49.750 km;Schaltgetriebe;06/2018;Benzin;66 kW (90 PS);4,7 l/100 km;110 g/km;Autoscout24.de
Toyota;Aygo;play club 1.0l 5-Türer Rückfahrkamera Apple CarPla;Fast Start 2020;€ 9.560;Sehr guter Preis;31.624 km;Schaltgetriebe;12/2019;Benzin;53 kW (72 PS);nan;nan;Autoscout24.de
Ford;Fiesta;Cool & Connect1.1 COOL&CONN Navi Apple CarPlay And;Einparkhilfe Sensoren hinten, Sitzheizung, Navigationssystem, Spurhalteassistent, Katalysator, Touchscreen, Lederlenkrad, Android Auto;€ 11.790;Sehr guter Preis;48.889 km;Schaltgetriebe;12/2019;Benzin;63 kW (86 PS);nan;nan;Autoscout24.de
Hyundai;KONA;Premium Hybrid AHK 8fach VOLLAUSSTATTUNG;Schiebedach, Totwinkel-Assistent, Sitzheizung, Sitzbelüftung, Head-up display, Beifahrerairbag, Anhängerkupplung, Navigationssystem; ;nan;nan;nan;nan;nan;nan;nan;nan;Autoscout24.de
Opel;Insignia;A ST 2.0D INNOV. NAVI/LED/KAMERA/SHZ;Einparkhilfe Kamera, Getönte Scheiben, Android Auto, Sprachsteuerung, Einparkhilfe Sensoren vorne, Multifunktionslenkrad, Sommerreifen, Sitzheizung;€ 6.700;nan;140.990 km;Automatik;05/2016;Diesel;125 kW (170 PS);5,5 l/100 km;145 g/km;Autoscout24.de
BMW;118;i Lim.  AUTOMATIK/NAVI/LED/PDC/GARANTIE;GARANTIE • FINANZIERUNG • LIEFERUNG • ZULASSUNG;€ 17.990;nan;98.000 km;Automatik;01/2020;Benzin;103 kW (140 PS);5,3 l/100 km;121 g/km;Autoscout24.de
Dodge;Challenger;5.7 HEMI V8 R/T Navi | Leder | CAM;Navigationssystem, Sitzheizung, Apple CarPlay, LED-Scheinwerfer, Sportfahrwerk, Elektrische Sitze, 2-Zonen-Klimaautomatik, Soundsystem;€ 29.950;Sehr guter Preis;45.000 km;Automatik;03/2017;Benzin;277 kW (377 PS);nan;nan;Autoscout24.de
Opel;Corsa;YES (Auch als GS verfügbar) 1.2 Turbo 100 PS, 6-Ga;ONLINE ABWICKLUNG+TOP BEWERTUNGEN+GÜNSTIGE FINANZI;€ 16.950;nan;1 km;Schaltgetriebe;03/2025;Benzin;74 kW (101 PS);5,3 l/100 km;118 g/km;Autoscout24.de
Jaguar;F-Pace;20d Portfolio 4x4 PANO NAVI DIGITAL TACHO;Seit 1963 Ihr KFZ-Meisterbetrieb in Mainz Bretzenheim;€ 22.990;Sehr guter Preis;119.970 km;Automatik;01/2019;Diesel;132 kW (179 PS);5,7 l/100 km;151 g/km;Autoscout24.de
Peugeot;5008;Active 1.5D NAVI/SHZ/LED/PDC/TEMPO/DAB+;Sitzheizung, Einparkhilfe Sensoren vorne, Android Auto, Spurhalteassistent, Navigationssystem, Alufelgen, Geschwindigkeits-begrenzungsanlage, Getönte Scheiben;€ 17.340;nan;91.940 km;Automatik;10/2019;Diesel;96 kW (131 PS);4,1 l/100 km;109 g/km;Autoscout24.de
Jeep;Compass;Longitude 4WD,Klima, Tempomat, AHK, PDC;Allrad, Elektr. Fensterheber, Beifahrerairbag, Anhängerkupplung, ESP, Spurhalteassistent, Bluetooth, Berganfahrassistent;€ 17.900;Sehr guter Preis;77.100 km;Schaltgetriebe;07/2019;Diesel;103 kW (140 PS);nan;nan;Autoscout24.de
Mercedes-Benz;E 220;CDI AVANTGARDE GLASDACH,PARKLENK,LEDILS,SH;Schiebedach, Elektrische Sitze, Regensensor, Navigationssystem, Anhängerkupplung, Alufelgen, Bi-Xenon Scheinwerfer, Sitzheizung;€ 23.880;Fairer Preis;56.700 km;Automatik;11/2015;Diesel;125 kW (170 PS);4,6 l/100 km;121 g/km;Autoscout24.de
BMW;220;d Gran Tourer Sport Line Autom. 7-Sitzer LED;Schiebedach, Beifahrerairbag, Head-up display, Fahrerairbag, Sitzheizung, Anhängerkupplung, LED-Scheinwerfer, Multifunktionslenkrad;€ 18.880;Erhöhter Preis;140.000 km;Automatik;11/2016;Diesel;140 kW (190 PS);4,5 l/100 km;119 g/km;Autoscout24.de
Skoda;Kodiaq;Style 4x4;Alufelgen, Sitzheizung, Abstandstempomat, Reifendruckkontrollsystem, 3-Zonen-Klimaautomatik, Navigationssystem, Wegfahrsperre, Schlüssellose Zentralverriegelung;€ 17.900;Sehr guter Preis;178.969 km;Automatik;09/2017;Benzin;132 kW (179 PS);7,3 l/100 km;168 g/km;Autoscout24.de
Opel;Movano;B Kombi L2H2 2.3CDTI*9-Sitz*Klima*Tem*Eu6;Isofix, Schiebetür rechts, Bluetooth, Freisprecheinrichtung, Klimaanlage, Start/Stop-Automatik, Sitzheizung, Radio;€ 8.990;Guter Preis;328.910 km;Schaltgetriebe;12/2015;Diesel;107 kW (145 PS);0,0 l/100 km;0 g/km;Autoscout24.de
Fiat;Ducato;2,3 HDI L4-H2 Maxi Hoch+Lang *Garantie*;12-64 Monate Garantie / Tüv & Inspektion= NEU !;€ 16.490;Sehr guter Preis;114.000 km;Schaltgetriebe;04/2019;Diesel;96 kW (131 PS);nan;nan;Autoscout24.de
Volkswagen;Touran;1.4 TSI Sound NAVI+SHZ+AHK;40 Jahren Erfahrung im Kraftfahrzeughandel;€ 16.790;Sehr guter Preis;99.013 km;Schaltgetriebe;10/2017;Benzin;110 kW (150 PS);5,8 l/100 km;135 g/km;Autoscout24.de
BMW;225;d Coupe Steptronic M Sport+LED+NAVI+KAMERA+H&K;Sportfahrwerk, Sportpaket, Spoiler, Navigationssystem, Sitzheizung, Einparkhilfe Kamera, MP3, Elektrische Sitze;€ 23.900;Sehr guter Preis;92.000 km;Automatik;02/2019;Diesel;165 kW (224 PS);4,6 l/100 km;121 g/km;Autoscout24.de
Mercedes-Benz;C 220;d Avantgarde 9G-Tro. Distronic AHK LED Navi;Finanzierung OHNE Anzahlung möglich!;€ 19.850;Guter Preis;150.000 km;Automatik;09/2019;Diesel;143 kW (194 PS);4,5 l/100 km;119 g/km;Autoscout24.de
Peugeot;2008;1.5 BlueHDi 120 Allure Autom. Leder, Panor.;Unser Angebot der Woche;€ 16.900;Sehr guter Preis;36.300 km;Automatik;03/2020;Diesel;88 kW (120 PS);nan;nan;Autoscout24.de
Volkswagen;T-Roc;2.0TSI Sport 4Motion DSG AID KAM ACC LED;Sportfahrwerk, Volldigitales Kombiinstrument, Ambientebeleuchtung, Einparkhilfe Kamera, Abstandstempomat, Standheizung, LED-Scheinwerfer, Allrad;€ 17.999;Sehr guter Preis;135.700 km;Automatik;03/2018;Benzin;140 kW (190 PS);6,7 l/100 km;152 g/km;Autoscout24.de
Aixam;City;Sport Mopedauto Leichtmobile Microcar 45 KM;Sportsitze, Sportpaket, Einparkhilfe Sensoren hinten, Alufelgen, Radio;€ 6.950;nan;9.741 km;Automatik;08/2017;Diesel;4 kW (5 PS);nan;nan;Autoscout24.de
Volkswagen;Touran;TOURAN 1.4 TSI COMFORTLINE NAVI SHZ AHK 7-SITZER;FINANZIERUNG ab 3,99%++GARANTIE bis 36 Monate++ANKAUF;€ 15.950;Sehr guter Preis;130.000 km;Automatik;01/2016;Benzin;110 kW (150 PS);5,4 l/100 km;125 g/km;Autoscout24.de
Ford;C-Max;Titanium Navigation, Klima, Sitzhzng;Beifahrerairbag, 2-Zonen-Klimaautomatik, E10-geeignet, Panoramadach, Einparkhilfe selbstlenkendes System, Sitzheizung, Apple CarPlay, Beheizbares Lenkrad;€ 9.990;Sehr guter Preis;126.900 km;Schaltgetriebe;05/2017;Benzin;92 kW (125 PS);5,1 l/100 km;117 g/km;Autoscout24.de
Fiat;500;Lounge 1.2 8V Insp. Neu;Alufelgen, Einparkhilfe Sensoren hinten, Touchscreen, Nebelscheinwerfer, Klimaanlage, Seitenairbag, Panoramadach, Navigationssystem;€ 7.895;Guter Preis;95.094 km;Schaltgetriebe;05/2016;Benzin;51 kW (69 PS);nan;nan;Autoscout24.de
Audi;A6;40 TDI quattro S tronic design Navi/ACC/Kamer;Volldigitales Kombiinstrument, Sportpaket, Panoramadach, 4-Zonen-Klimaautomatik, Sportsitze, Head-up display, Apple CarPlay, Schiebedach;€ 35.990;Erhöhter Preis;112.000 km;Automatik;11/2020;Diesel;150 kW (204 PS);nan;nan;Autoscout24.de
Audi;Q2;Sport TFSI S-tronic LED ACC NAVI SHZ SPUR PDC;- Ihre Zufriedenheit ist unser Antrieb -;€ 19.760;Sehr guter Preis;47.650 km;Automatik;01/2017;Benzin;110 kW (150 PS);5,2 l/100 km;119 g/km;Autoscout24.de
Volvo;XC60;2.0 D4 MOMENTUM NAVI/LED/PANO./VIRT/SH/AHK;Elektrische Sitze, Scheinwerferreinigung, Start/Stop-Automatik, Pannenkit, Elektrische Heckklappe, Anhängerkupplung, Klimaautomatik, Schiebedach;€ 24.800;nan;91.450 km;Automatik;01/2019;Diesel;140 kW (190 PS);5,1 l/100 km;133 g/km;Autoscout24.de
Audi;A3;Sportback 1.5 TFSI cod sport;Sportfahrwerk, Sportsitze, Navigationssystem, Apple CarPlay, ESP, Volldigitales Kombiinstrument, Dachreling, Bluetooth;€ 16.990;Guter Preis;96.680 km;Schaltgetriebe;11/2017;Benzin;110 kW (150 PS);nan;nan;Autoscout24.de
Volkswagen;Polo;1.8 TSI (BMT) GTI Klima Shz 1.Hand Allwetter;Fahrerairbag, LED-Scheinwerfer, Alufelgen, Sitzheizung, Kurvenlicht, Touchscreen, Seitenairbag, Start/Stop-Automatik;€ 13.490;Fairer Preis;79.852 km;Schaltgetriebe;08/2015;Benzin;141 kW (192 PS);6,0 l/100 km;139 g/km;Autoscout24.de
Toyota;Aygo X;1,0 l Play CVT / Pflegedienst Aktion;MEISTERGEPRÜFT;€ 15.920;Sehr guter Preis;5 km;Automatik;12/2024;Benzin;53 kW (72 PS);5,0 l/100 km;114 g/km;Autoscout24.de
Volkswagen;Sharan;2.0 TDI Highline *XENON*REARVIEW*GRA*;Einparkhilfe Kamera, Sitzheizung, Einparkhilfe Sensoren vorne, Sportfahrwerk, Beifahrerairbag, Isofix, Ambientebeleuchtung, 3-Zonen-Klimaautomatik;€ 20.450;Sehr guter Preis;95.375 km;Schaltgetriebe;06/2017;Diesel;135 kW (184 PS);nan;nan;Autoscout24.de
Skoda;Octavia;Combi Style 1.4 TSI DSG LED AHK STANDHZG;Anhängerkupplung, Standheizung, Elektrische Sitze, Einparkhilfe Kamera, Sitzheizung, Bluetooth, Ambientebeleuchtung, Scheinwerferreinigung;€ 19.670;Sehr guter Preis;18.200 km;Automatik;04/2018;Benzin;110 kW (150 PS);nan;nan;Autoscout24.de
Mercedes-Benz;E 200;d T-Modell +MBUX+Avantgarde+AHK+Cam+SpurW;Sportpaket, Sportfahrwerk, Anhängerkupplung, Sitzheizung, Elektrische Sitze, Sprachsteuerung, Einparkhilfe Kamera, Totwinkel-Assistent;€ 22.895;nan;84.700 km;Automatik;11/2018;Diesel;110 kW (150 PS);6,4 l/100 km;169 g/km;Autoscout24.de
BMW;118;i Advantage Lenkradhzg. LED SpurAss PDC KeyLess;Totwinkel-Assistent, MP3, Elektrische Heckklappe, Voll-LED Scheinwerfer, Beheizbares Lenkrad, 2-Zonen-Klimaautomatik, USB, Getönte Scheiben;€ 19.755;Sehr guter Preis;44.027 km;Automatik;11/2020;Benzin;100 kW (136 PS);5,6 l/100 km;129 g/km;Autoscout24.de
Audi;A4;40 TDI 2.0 TDI S-Line LED+ACC+NAVI+KAMERA+KEYLESS+;Sportfahrwerk, Volldigitales Kombiinstrument, LED-Scheinwerfer, Sportpaket, Ambientebeleuchtung, 360° Kamera, Einparkhilfe Kamera, Sitzheizung;€ 23.870;Sehr guter Preis;105.368 km;Automatik;12/2019;Diesel;140 kW (190 PS);6,2 l/100 km;163 g/km;Autoscout24.de
Ford;Fiesta;Vignale;Einparkhilfe Kamera, Alufelgen, Regensensor, Klimaautomatik, Beifahrerairbag, E10-geeignet, Beheizbare Frontscheibe, Sommerreifen;€ 12.990;Sehr guter Preis;62.300 km;Automatik;06/2018;Benzin;74 kW (101 PS);5,2 l/100 km;118 g/km;Autoscout24.de
Nissan;Qashqai;1.3 DIG-T DCT Tekna Leder Carlplay ACC;Sitzheizung, LED-Scheinwerfer, Elektrische Sitze, Verkehrszeichenerkennung, 360° Kamera, Panoramadach, Navigationssystem, Ambientebeleuchtung;€ 19.900;Sehr guter Preis;24.641 km;Automatik;12/2019;Benzin;117 kW (159 PS);5,3 l/100 km;121 g/km;Autoscout24.de
Kia;Carens;Dream Team/Mfl/Navi/Shz/Navi/7-Sitzer/;Navigationssystem, Beifahrerairbag, Sitzheizung, Tempomat, Elektr. Fensterheber, Alufelgen, Einparkhilfe Kamera, Dachreling;€ 11.990;Sehr guter Preis;77.383 km;Schaltgetriebe;04/2018;Benzin;99 kW (135 PS);6,5 l/100 km;150 g/km;Autoscout24.de
Opel;Corsa;E 1.2 Klima;Elektrische Seitenspiegel, Klimaanlage, Fahrerairbag, Beifahrerairbag, Radio, Seitenairbag, Elektr. Fensterheber, Zentralverriegelung;€ 4.290;Sehr guter Preis;115.200 km;Schaltgetriebe;05/2016;Benzin;51 kW (69 PS);5,4 l/100 km;128 g/km;Autoscout24.de
Mercedes-Benz;GLC 220;d 4Matic Sitzh. Navi. Kamera Bluetooth;Seit 1963 Ihr KFZ-Meisterbetrieb in Mainz Bretzenheim;€ 22.990;Fairer Preis;159.000 km;Automatik;05/2017;Diesel;125 kW (170 PS);5,0 l/100 km;129 g/km;Autoscout24.de
Volkswagen;T-Roc;2.0TSI Sport 4Motion DSG AID KAM ACC LED;Sportfahrwerk, Volldigitales Kombiinstrument, Ambientebeleuchtung, Einparkhilfe Kamera, Abstandstempomat, Standheizung, LED-Scheinwerfer, Allrad;€ 17.999;Sehr guter Preis;135.700 km;Automatik;03/2018;Benzin;140 kW (190 PS);6,7 l/100 km;152 g/km;Autoscout24.de
Alfa Romeo;Giulia;2.2 JTDM Automatik Klima Navi Temp Kamera;Finanzierung OHNE Anzahlung möglich!;€ 13.890;Sehr guter Preis;174.400 km;Automatik;11/2016;Diesel;132 kW (179 PS);3,8 l/100 km;99 g/km;Autoscout24.de
BMW;116;i|1. Hand|LED TFL|Start/Stopp|AUX/USB|EURO6!;Traktionskontrolle, Regensensor, Radio, Armlehne, Isofix, LED-Tagfahrlicht, Klimaautomatik, Wegfahrsperre;€ 10.499;Sehr guter Preis;84.056 km;Schaltgetriebe;06/2016;Benzin;80 kW (109 PS);5,4 l/100 km;128 g/km;Autoscout24.de
Skoda;Fabia;1.0 MPI Ambit CLIMATRONIK+SHZ+PDC+TEMP+DAB;Sportsitze, Sitzheizung, Zentralverriegelung, Einparkhilfe Sensoren vorne, Apple CarPlay, Tempomat, Einparkhilfe Sensoren hinten, Isofix;€ 9.950;Sehr guter Preis;46.267 km;Schaltgetriebe;03/2019;Benzin;55 kW (75 PS);4,8 l/100 km;110 g/km;Autoscout24.de
BMW;220;Coupé M Sport LED NaviBusiness FernlichtAss;Ihr BMW Servicepartner für die Region Hannover;€ 13.999;Guter Preis;194.000 km;Schaltgetriebe;08/2017;Diesel;140 kW (190 PS);4,3 l/100 km;nan;Autoscout24.de
Volvo;V70;Kombi Linje Classic;Elektrische Heckklappe, Alufelgen, Sportfahrwerk, Schiebedach, LED-Tagfahrlicht, Volldigitales Kombiinstrument, Elektrische Sitze, Abstandswarner;€ 8.900;Sehr guter Preis;195.697 km;Schaltgetriebe;05/2016;Diesel;110 kW (150 PS);4,1 l/100 km;113 g/km;Autoscout24.de
BMW;225;xe iPerformance Active Tourer Luxury Line;BMW Vertragshändler - MINI Servicepartner;€ 17.930;Sehr guter Preis;38.000 km;Automatik;02/2018;Benzin;100 kW (136 PS);nan;nan;Autoscout24.de
Nissan;Qashqai;Visia *PDC*RADIO*KLIMA*XENON*TEMPOMAT*;Alufelgen, Spurhalteassistent, Getönte Scheiben, Tempomat, Anhängerkupplung, Einparkhilfe Sensoren hinten, Geschwindigkeits-begrenzungsanlage, Beifahrerairbag;€ 9.299;Sehr guter Preis;116.591 km;Schaltgetriebe;09/2016;Benzin;85 kW (116 PS);5,6 l/100 km;129 g/km;Autoscout24.de
BMW;116;Baureihe 1 Lim. 5-trg. 116 i 61 TKM;Sitzheizung, E10-geeignet, Einparkhilfe Sensoren vorne, Tempomat, Alufelgen, Traktionskontrolle, Nebelscheinwerfer, Einparkhilfe Sensoren hinten;€ 12.599;Sehr guter Preis;61.250 km;Schaltgetriebe;09/2017;Benzin;80 kW (109 PS);5,3 l/100 km;123 g/km;Autoscout24.de
Citroen;C3;Shine PDC+Navi+PANORAMA+Klimaauto+LED+Sitzhzg;Einparkhilfe Kamera, Apple CarPlay, Panoramadach, Fahrerairbag, E10-geeignet, Regensensor, Navigationssystem, Einparkhilfe Sensoren hinten;€ 9.990;Sehr guter Preis;59.997 km;Schaltgetriebe;08/2020;Benzin;60 kW (82 PS);4,2 l/100 km;96 g/km;Autoscout24.de
SEAT;Leon;ST 2.0d 4Drive 4x4 DSG X-Perience PANO+LED+;Allrad, Schiebedach, LED-Scheinwerfer, Einparkhilfe Sensoren vorne, Sportpaket, Reifendruckkontrollsystem, USB, Sitzheizung;€ 11.750;Sehr guter Preis;150.000 km;Automatik;10/2016;Diesel;135 kW (184 PS);4,7 l/100 km;125 g/km;Autoscout24.de
Peugeot;2008;Active Pack1.2T NAVI/LED/PDC/TEMPOMAT/ALU;Navigationssystem, LED-Scheinwerfer, Klimaautomatik, Alufelgen, Fernlichtassistent, Regensensor, Spurhalteassistent, Beifahrerairbag;€ 15.390;Sehr guter Preis;22.990 km;Schaltgetriebe;11/2020;Benzin;96 kW (131 PS);4,5 l/100 km;103 g/km;Autoscout24.de
Volkswagen;T-Roc;Style*LED*NAVI*DSG*ACC*SITZHZG*110KW*;Sportfahrwerk, Einparkhilfe Kamera, Navigationssystem, Sitzheizung, Einparkhilfe Sensoren vorne, LED-Scheinwerfer, Abstandstempomat, Volldigitales Kombiinstrument;€ 19.750;Sehr guter Preis;54.871 km;Automatik;05/2018;Benzin;110 kW (150 PS);5,4 l/100 km;123 g/km;Autoscout24.de
BMW;318;"d Tou Sport Line NAVI+LED+SHZ+TEMP+AHK+M18""";Sportfahrwerk, Sportsitze, Anhängerkupplung, 3-Zonen-Klimaautomatik, Ambientebeleuchtung, LED-Scheinwerfer, Elektrische Seitenspiegel, Einparkhilfe Sensoren vorne;€ 12.950;Sehr guter Preis;167.000 km;Schaltgetriebe;07/2019;Diesel;110 kW (150 PS);nan;nan;Autoscout24.de
Opel;Corsa;E 1.2 Klima;Elektrische Seitenspiegel, Klimaanlage, Fahrerairbag, Beifahrerairbag, Radio, Seitenairbag, Elektr. Fensterheber, Zentralverriegelung;€ 4.290;Sehr guter Preis;115.200 km;Schaltgetriebe;05/2016;Benzin;51 kW (69 PS);5,4 l/100 km;128 g/km;Autoscout24.de
Volkswagen;Polo;V Trendline. Navi. Klima. PDC. Temp.;Seit 1963 Ihr KFZ-Meisterbetrieb in Mainz Bretzenheim;€ 6.990;Guter Preis;119.900 km;Schaltgetriebe;01/2016;Benzin;44 kW (60 PS);nan;nan;Autoscout24.de
Nissan;X-Trail;1.6 dCi Visia 7 Sitzer/Navi/LED/Pano/Leder;Sommerreifen, Elektrische Sitze, Winterreifen, Sitzheizung, Tempomat, Bordcomputer, 2-Zonen-Klimaautomatik, Schiebedach;€ 10.980;Guter Preis;262.137 km;Automatik;06/2017;Diesel;96 kW (131 PS);nan;nan;Autoscout24.de
Opel;Astra;5-Türer, Dynamic;2-Zonen-Klimaautomatik, Sitzheizung, Spurhalteassistent, Einparkhilfe Sensoren vorne, Verkehrszeichenerkennung, Einparkhilfe Kamera, Navigationssystem, Nebelscheinwerfer;€ 10.950;Sehr guter Preis;85.117 km;Schaltgetriebe;10/2017;Benzin;92 kW (125 PS);nan;nan;Autoscout24.de
Audi;A5;2.0 TDI clean diesel Aut.*S-LINE*NAVI*XENON*;❗Service Historie und Gebrauchtspureninfos auf Anruf;€ 16.830;Sehr guter Preis;100.670 km;Schaltgetriebe;01/2017;Diesel;110 kW (150 PS);4,5 l/100 km;127 g/km;Autoscout24.de
Peugeot;208;Active*Sitzheizung*Lichtsensor*Klima*;Sitzheizung, Einparkhilfe Sensoren hinten, E10-geeignet, Lederlenkrad, Touchscreen, Zentralverriegelung, Pannenkit, Elektr. Fensterheber;€ 9.765;Sehr guter Preis;39.232 km;Schaltgetriebe;01/2019;Benzin;60 kW (82 PS);5,8 l/100 km;130 g/km;Autoscout24.de
Opel;Insignia;A ST 2.0D INNOV. NAVI/LED/KAMERA/SHZ;Einparkhilfe Kamera, Getönte Scheiben, Android Auto, Sprachsteuerung, Einparkhilfe Sensoren vorne, Multifunktionslenkrad, Sommerreifen, Sitzheizung;€ 6.700;nan;140.990 km;Automatik;05/2016;Diesel;125 kW (170 PS);5,5 l/100 km;145 g/km;Autoscout24.de
Hyundai;i30;CW 1.6CRDi Select LEDTgf~Tempomat~AHK;Freisprecheinrichtung, Alufelgen, USB, Beifahrerairbag, Anhängerkupplung, Tempomat, Fernlichtassistent, Isofix;€ 8.950;Guter Preis;131.299 km;Schaltgetriebe;10/2017;Diesel;81 kW (110 PS);3,8 l/100 km;99 g/km;Autoscout24.de
Audi;A3;1.6 TDI Ambiente Navi/Temp/Xenon/Shzg/Klimaau;Alufelgen, Beifahrerairbag, Bordcomputer, Sportpaket, Armlehne, Sitzheizung, Elektrische Seitenspiegel, Bi-Xenon Scheinwerfer;€ 12.490;Fairer Preis;138.000 km;Schaltgetriebe;09/2016;Diesel;81 kW (110 PS);nan;nan;Autoscout24.de
Jaguar;F-Pace;20d R-Sport 4x4 Jet-Dachhimmel;Seit 1963 Ihr KFZ-Meisterbetrieb in Mainz Bretzenheim;€ 16.900;Sehr guter Preis;157.741 km;Automatik;02/2017;Diesel;132 kW (179 PS);5,9 l/100 km;157 g/km;Autoscout24.de
Nissan;X-Trail;1.6 Panorama 360Kamera PDC Navi;Auto kauft man mit Vertrauen u Garantie;€ 14.200;Sehr guter Preis;118.803 km;Automatik;03/2017;Diesel;96 kW (131 PS);nan;nan;Autoscout24.de
Ford;Fiesta;Sport;Isofix, Sportfahrwerk, Freisprecheinrichtung, Beheizbare Frontscheibe, Getönte Scheiben, Fahrerairbag, Sitzheizung, Sportpaket;€ 5.999;Sehr guter Preis;142.500 km;Schaltgetriebe;03/2016;Benzin;92 kW (125 PS);4,3 l/100 km;99 g/km;Autoscout24.de
Volkswagen;Tiguan;Comfortline BMT/Start-Stopp;Anhängerkupplung, Einparkhilfe Sensoren vorne, Sitzheizung, Wegfahrsperre, Kurvenlicht, Dachreling, Multifunktionslenkrad, Spurhalteassistent;€ 18.443;Guter Preis;89.553 km;Schaltgetriebe;03/2017;Diesel;110 kW (150 PS);4,8 l/100 km;125 g/km;Autoscout24.de
Land Rover;Range Rover Evoque;Td4 SE Dynamic Leder ab 149€;Seit 1963 Ihr KFZ-Meisterbetrieb in Mainz Bretzenheim;€ 16.990;Fairer Preis;150.000 km;Automatik;10/2017;Diesel;110 kW (150 PS);8,2 l/100 km;188 g/km;Autoscout24.de
Audi;A4;Lim. design *NAVI*PDC*KAMERA*TEMPOMAT*;Einparkhilfe Kamera, Navigationssystem, Elektrische Heckklappe, Getönte Scheiben, Sitzheizung, Armlehne, Einparkhilfe Sensoren vorne, Bi-Xenon Scheinwerfer;€ 15.499;Fairer Preis;110.969 km;Schaltgetriebe;04/2017;Benzin;110 kW (150 PS);5,5 l/100 km;131 g/km;Autoscout24.de
Mitsubishi;ASX;1.6 MIVEC Edition 100 Winterräder Scheckheft;Apple CarPlay, Einparkhilfe Kamera, Touchscreen, Regensensor, Sitzheizung, Android Auto, Freisprecheinrichtung, USB;€ 12.900;Guter Preis;65.418 km;Schaltgetriebe;11/2017;Benzin;86 kW (117 PS);nan;nan;Autoscout24.de
Audi;A6;40TDI LIMOUSINE SPORT PDC AHK ACC SPORTSITZE;Sportpaket, Apple CarPlay, LED-Scheinwerfer, Sportsitze, Anhängerkupplung, Schaltwippen, Sprachsteuerung, Sitzheizung;€ 26.990;Sehr guter Preis;120.000 km;Automatik;09/2019;Diesel;150 kW (204 PS);4,7 l/100 km;124 g/km;Autoscout24.de
MINI;Cooper;, 1. Hand, Navi, Panorama-Schiebedach! Klima;Schiebedach, Navigationssystem, Ambientebeleuchtung, 2-Zonen-Klimaautomatik, Panoramadach, Sitzheizung, USB, Einparkhilfe Sensoren hinten;€ 13.990;Sehr guter Preis;97.448 km;Automatik;02/2017;Benzin;100 kW (136 PS);nan;nan;Autoscout24.de
Mazda;CX-30;"Prime-Line KLIMA+NAVI+ALARM+KAMERA+LED+16""+HUD ...";Sicherer EU-Neuwagenkauf zum Bestpreis seit 1999!;€ 22.890;nan;0 km;Schaltgetriebe;nan;Benzin;103 kW (140 PS);nan;135 g/km;Autoscout24.de
Mercedes-Benz;GLC 220;d 4Matic Sitzh. Navi. Kamera Bluetooth;Seit 1963 Ihr KFZ-Meisterbetrieb in Mainz Bretzenheim;€ 22.990;Fairer Preis;159.000 km;Automatik;05/2017;Diesel;125 kW (170 PS);5,0 l/100 km;129 g/km;Autoscout24.de
Ford;Focus;Turnier Titanium ZAHNRIEM NEU/ 2HAND/TEMP.;Getönte Scheiben, Einparkhilfe Sensoren vorne, Apple CarPlay, Sitzheizung, Beheizbare Frontscheibe, Touchscreen, Einparkhilfe Kamera, Klimaautomatik;€ 8.999;Guter Preis;98.000 km;Schaltgetriebe;11/2017;Benzin;92 kW (125 PS);4,8 l/100 km;114 g/km;Autoscout24.de
BMW;318;d Sport Line Exclusive PANO+KAM+MEMO+AHK+LED+;Sportfahrwerk, Sportsitze, LED-Scheinwerfer, Volldigitales Kombiinstrument, Getönte Scheiben, Elektrische Sitze, Panoramadach, 3-Zonen-Klimaautomatik;€ 18.350;Sehr guter Preis;139.982 km;Schaltgetriebe;06/2019;Diesel;110 kW (150 PS);4,3 l/100 km;113 g/km;Autoscout24.de
Opel;Meriva;B Innovation*Tempomat*Sitzheizung*;Einparkhilfe Sensoren hinten, Radio, Beifahrerairbag, Sitzheizung, Tempomat, Alufelgen, Bluetooth, Getönte Scheiben;€ 7.290;Guter Preis;128.969 km;Schaltgetriebe;09/2016;Diesel;100 kW (136 PS);4,4 l/100 km;116 g/km;Autoscout24.de
Peugeot;5008;Allure Business Ambiente 7-Sitze;Alufelgen, 2-Zonen-Klimaautomatik, Totwinkel-Assistent, Touchscreen, Einparkhilfe Sensoren vorne, Freisprecheinrichtung, Einparkhilfe Kamera, Lichtsensor;€ 13.900;Guter Preis;161.644 km;Schaltgetriebe;01/2020;Benzin;96 kW (131 PS);5,3 l/100 km;121 g/km;Autoscout24.de
Mercedes-Benz;CLS 450;CLS 450 4M COMAND/SHD/Distron/Burmest/Kamera;Soundsystem, Abstandstempomat, teilb. Rücksitzbank, Volldigitales Kombiinstrument, Schiebedach, Ambientebeleuchtung, Totwinkel-Assistent, Beifahrerairbag;€ 37.980;Sehr guter Preis;67.987 km;Automatik;04/2018;Benzin;270 kW (367 PS);8,7 l/100 km;197 g/km;Autoscout24.de
Mercedes-Benz;A 180;d Kamera*Automatik;Einparkhilfe Kamera, Reifendruckkontrollsystem, Regensensor, Klimaautomatik, Seitenairbag, Beifahrerairbag, Tempomat;€ 14.998;Guter Preis;192.800 km;Automatik;04/2020;Diesel;85 kW (116 PS);4,0 l/100 km;117 g/km;Autoscout24.de
Skoda;Yeti;Cool Edition Outdoor 4x4*1.Hand*Klima*PDC*;Allrad, Bluetooth, Freisprecheinrichtung, USB, Sitzheizung, Sommerreifen, Fahrerairbag, Scheinwerferreinigung;€ 16.597;Guter Preis;54.450 km;Schaltgetriebe;05/2016;Benzin;110 kW (150 PS);6,3 l/100 km;149 g/km;Autoscout24.de
Volkswagen;Polo;1.6 TDI Highline *PDC*SHZ*KLIMA*;❗Service Historie und Gebrauchtspureninfos auf Anruf;€ 13.140;Sehr guter Preis;55.433 km;Schaltgetriebe;11/2018;Diesel;70 kW (95 PS);3,7 l/100 km;131 g/km;Autoscout24.de
Skoda;Fabia;Combi 1.0 TSI Ambition, Sitzheizung, Tempomat;seit über 40 Jahren zuverlässig 99% Weiterempfehlung;€ 11.495;Sehr guter Preis;46.400 km;Schaltgetriebe;01/2018;Benzin;81 kW (110 PS);nan;nan;Autoscout24.de
Peugeot;2008;PureTech 110 EAT6 CARPLAY LEDER TEMPOMAT KLIMAAUT;Sportsitze, Ambientebeleuchtung, E10-geeignet, Apple CarPlay, Dachreling, Seitenairbag, Regensensor, Touchscreen;€ 10.990;Sehr guter Preis;76.420 km;Automatik;01/2017;Benzin;81 kW (110 PS);5,6 l/100 km;129 g/km;Autoscout24.de
Opel;Astra;1.2 Edition NAVI+KAMERA+LED+DAB+SITHZ+TEMP;Sitzheizung, Elektrische Seitenspiegel, Elektrische Sitze, Alufelgen, Einparkhilfe Kamera, Beheizbares Lenkrad, 2-Zonen-Klimaautomatik, Regensensor;€ 10.950;nan;56.600 km;Schaltgetriebe;02/2021;Benzin;96 kW (131 PS);4,3 l/100 km;99 g/km;Autoscout24.de
Volkswagen;Sharan;Comfortline 2.0 TDI Automatik/ Navi/ AHK;Alufelgen, Anhängerkupplung, Beifahrerairbag, Einparkhilfe Sensoren vorne, Navigationssystem, Getönte Scheiben, Sitzheizung, Apple CarPlay;€ 14.990;Sehr guter Preis;159.215 km;Automatik;07/2016;Diesel;110 kW (150 PS);5,2 l/100 km;136 g/km;Autoscout24.de
Chrysler;Pacifica;Plug In Hybrid V6 3.6 Monitore Kopfst. Navi Leder;Pannenkit, 360° Kamera, Spurhalteassistent, W-Lan / Wifi Hotspot, Einparkhilfe selbstlenkendes System, Schiebetür rechts, Bluetooth, Elektrische Sitze; ;nan;nan;nan;nan;nan;nan;nan;nan;Autoscout24.de
Ford;C-Max;Titanium AHK KAMERA LED NAVI SHZ TEMPO PDC;- Ihre Zufriedenheit ist unser Antrieb -;€ 10.450;Sehr guter Preis;67.269 km;Schaltgetriebe;07/2017;Benzin;92 kW (125 PS);6,2 l/100 km;146 g/km;Autoscout24.de
Skoda;Fabia;Fabia Combi Ambition Klima Sitzhzg. Dachreling !;Sitzheizung, Pannenkit, Dachreling, Einparkhilfe Sensoren vorne, Scheinwerferreinigung, E10-geeignet, Einparkhilfe Sensoren hinten, Klimaautomatik;€ 11.450;Sehr guter Preis;38.000 km;Schaltgetriebe;08/2017;Benzin;70 kW (95 PS);4,3 l/100 km;99 g/km;Autoscout24.de
Fiat;500;1.2 8V Lounge Navi/Pano/Sitzh/Temp/DAB/PDC;Klimaautomatik, Einparkhilfe Sensoren hinten, Alufelgen, Sitzheizung, E10-geeignet, Navigationssystem, Regensensor, Sommerreifen;€ 8.880;Sehr guter Preis;75.419 km;Schaltgetriebe;03/2019;Benzin;51 kW (69 PS);nan;nan;Autoscout24.de
Ford;Mondeo;Titanium Automatik Memory Teilleder Navi;Leder Alcantara;€ 8.990;Sehr guter Preis;199.887 km;Automatik;12/2016;Diesel;132 kW (179 PS);4,9 l/100 km;nan;Autoscout24.de
Audi;Q5;2.0d Quatt Design MATRIX+VIRTU+NAV+KAM+ACC+SH;Volldigitales Kombiinstrument, 3-Zonen-Klimaautomatik, Elektrische Heckklappe, Sportpaket, Apple CarPlay, Navigationssystem, LED-Scheinwerfer, Allrad;€ 20.450;nan;161.231 km;Automatik;09/2017;Diesel;120 kW (163 PS);5,0 l/100 km;129 g/km;Autoscout24.de
Volkswagen;T-Roc;2.0TSI Sport 4Motion DSG AID KAM ACC LED;Sportfahrwerk, Volldigitales Kombiinstrument, Ambientebeleuchtung, Einparkhilfe Kamera, Abstandstempomat, Standheizung, LED-Scheinwerfer, Allrad;€ 17.999;Sehr guter Preis;135.700 km;Automatik;03/2018;Benzin;140 kW (190 PS);6,7 l/100 km;152 g/km;Autoscout24.de
Ford;Tourneo Courier;Sport;Über 1000 Fahrzeuge auf Lager und sofort verfügbar !!!;€ 12.490;Sehr guter Preis;64.200 km;Schaltgetriebe;01/2019;Benzin;74 kW (101 PS);5,8 l/100 km;131 g/km;Autoscout24.de
BMW;320;320 d Efficient Dynamics Advantage;Navigationssystem, Alufelgen, Elektrische Seitenspiegel, Armlehne, Klimaautomatik, Skisack, Tempomat, Beifahrerairbag;€ 11.100;Fairer Preis;222.200 km;Schaltgetriebe;03/2016;Diesel;120 kW (163 PS);3,9 l/100 km;103 g/km;Autoscout24.de
Mercedes-Benz;Citan;111 CDI Tourer Lang L2 Navi+SHZ+PTS+AHK;Navigationssystem, Isofix, Schiebetür links, Beifahrerairbag, Lederlenkrad, Anhängerkupplung, Schiebetür rechts, Klimaautomatik;€ 11.849;Sehr guter Preis;125.263 km;Schaltgetriebe;09/2020;Diesel;85 kW (116 PS);5,6 l/100 km;146 g/km;Autoscout24.de
Nissan;Qashqai;1.2 DIG-T N-Connecta, 360°, Navi, DAB;Alufelgen, 2-Zonen-Klimaautomatik, Einparkhilfe Sensoren vorne, Dachreling, Panoramadach, 360° Kamera, Sitzheizung, Navigationssystem;€ 13.900;Sehr guter Preis;76.000 km;Schaltgetriebe;07/2018;Benzin;85 kW (116 PS);5,6 l/100 km;129 g/km;Autoscout24.de
Renault;Kadjar;LIMITED Deluxe ENERGY TCe 130 EDC;Einparkhilfe Sensoren vorne, Navigationssystem, 2-Zonen-Klimaautomatik, Freisprecheinrichtung, Apple CarPlay, Einparkhilfe Kamera, Dachreling, Sitzheizung;€ 14.750;Sehr guter Preis;46.101 km;Automatik;10/2018;Benzin;96 kW (131 PS);5,7 l/100 km;123 g/km;Autoscout24.de
Nissan;Qashqai;1.2 DIG-T N-Connecta 4x2 Klima Navi;Dachreling, 2-Zonen-Klimaautomatik, Einparkhilfe Sensoren vorne, Panoramadach, Sitzheizung, E10-geeignet, Spurhalteassistent, Alufelgen;€ 13.190;Sehr guter Preis;72.449 km;Schaltgetriebe;11/2017;Benzin;85 kW (116 PS);nan;nan;Autoscout24.de
Mercedes-Benz;Citan;Kombi 111 CDI lang Klima Tüv neu;Klimaanlage, Beifahrerairbag, Alufelgen, Lederlenkrad, 2-Zonen-Klimaautomatik, Regensensor, Schiebetür rechts, Sitzheizung;€ 11.600;Sehr guter Preis;88.000 km;Schaltgetriebe;03/2016;Diesel;81 kW (110 PS);4,7 l/100 km;125 g/km;Autoscout24.de
Peugeot;308;LIM. 1.5D ACTIVE NAVI/LED/PDC/TEMP./SPORT;ESP, Touchscreen, Bluetooth, Navigationssystem, Sportsitze, Fahrerairbag, Sprachsteuerung, Armlehne;€ 7.450;Sehr guter Preis;141.650 km;Schaltgetriebe;09/2018;Diesel;96 kW (131 PS);3,6 l/100 km;95 g/km;Autoscout24.de
Mercedes-Benz;Vito;Tourer 116 Extralang *AHK+ Klima* (2319);Standheizung, Reifendruckkontrollsystem, Tempomat, Anhängerkupplung, Seitenairbag, Schiebetür, Elektrische Seitenspiegel, Getönte Scheiben;€ 21.490;Sehr guter Preis;127.050 km;Schaltgetriebe;08/2016;Diesel;120 kW (163 PS);nan;nan;Autoscout24.de
Opel;Astra;1,5D SPORTS TOURER EDITION/AUT/NAVI/LED/AK;Pannenkit, ABS, Sportfahrwerk, Anhängerkupplung, LED-Scheinwerfer, Start/Stop-Automatik, Sitzheizung, Ambientebeleuchtung;€ 11.890;Sehr guter Preis;116.000 km;Automatik;08/2021;Diesel;90 kW (122 PS);5,1 l/100 km;132 g/km;Autoscout24.de
Mercedes-Benz;E 350;E 350 e Plug in Hybrid, Luft, LED, DAB, Navi;Elektrische Sitze, Alarmanlage, Ambientebeleuchtung, teilb. Rücksitzbank, Einparkhilfe Kamera, Fahrerairbag, 2-Zonen-Klimaautomatik, Sitzheizung; ;nan;nan;nan;nan;nan;nan;nan;nan;Autoscout24.de
Ford;Kuga;2.0 TDCi ST-Line 4x4 NAVI/KAMERA/WIPA;Allrad, Sportfahrwerk, Sitzheizung, Elektrische Sitze, Android Auto, Anhängerkupplung, Reserverad, Beifahrerairbag;€ 15.900;Sehr guter Preis;144.040 km;Automatik;02/2019;Diesel;110 kW (150 PS);nan;nan;Autoscout24.de
Land Rover;Discovery Sport;HSE*Navi*AHK*360°Kamera*Stdhzg*;Finanzierung o. Anzahlung / Garantie 12 Monate;€ 15.980;Sehr guter Preis;124.900 km;Automatik;05/2016;Diesel;110 kW (150 PS);nan;0 g/km;Autoscout24.de
Hyundai;KONA;KONA 1 Hand, 38200km, Style Hybrid;Inzahlungnahme, Finanzierung ohne Anzahlung, Top Preise; ;nan;200 km;nan;nan;nan;nan;nan;nan;Autoscout24.de
Toyota;Corolla;Touring Sports Hybrid Team D -TAXI-;Sommerreifen, LED-Scheinwerfer, Alufelgen, Dachreling, Sitzheizung, Alarmanlage, Freisprecheinrichtung, USB; ;nan;nan;nan;nan;nan;nan;nan;nan;Autoscout24.de
Ford;S-Max;S-MAX Titanium Design/Business-Paket 7-Sitze;Bluetooth, Einparkhilfe Sensoren vorne, Elektrische Sitze, Apple CarPlay, Beheizbares Lenkrad, Beifahrerairbag, Abstandstempomat, Navigationssystem;€ 16.900;Sehr guter Preis;130.000 km;Automatik;08/2016;Diesel;132 kW (179 PS);5,2 l/100 km;134 g/km;Autoscout24.de
Kia;Picanto;Edition 7 1.0 Tel.-Vorb. Klima BT Tel DAB;Elektrische Seitenspiegel, Klimaanlage, Pannenkit, Zentralverriegelung, Elektr. Fensterheber, Multifunktionslenkrad, Beifahrerairbag, Traktionskontrolle;€ 8.950;Guter Preis;70.000 km;Schaltgetriebe;09/2021;Benzin;49 kW (67 PS);nan;121 g/km;Autoscout24.de
BMW;116;i|1. Hand|LED TFL|Start/Stopp|AUX/USB|EURO6!;Traktionskontrolle, Regensensor, Radio, Armlehne, Isofix, LED-Tagfahrlicht, Klimaautomatik, Wegfahrsperre;€ 10.499;Sehr guter Preis;84.056 km;Schaltgetriebe;06/2016;Benzin;80 kW (109 PS);5,4 l/100 km;128 g/km;Autoscout24.de
Volkswagen;up!;1.0 Basis KLIMA SITZHEIZUNG TELEFON Bluetooth;Alufelgen, Sitzheizung, Nebelscheinwerfer, Einparkhilfe Sensoren hinten, Einparkhilfe Kamera, Navigationssystem, MP3, Tempomat;€ 12.480;Sehr guter Preis;11.363 km;Schaltgetriebe;06/2022;Benzin;48 kW (65 PS);5,1 l/100 km;115 g/km;Autoscout24.de
BMW;120;120d xDrive Autom.,Navig,el.GSD,Harman/Kardon;Car Garantie incl.;€ 13.900;Sehr guter Preis;116.000 km;Automatik;07/2016;Diesel;140 kW (190 PS);nan;nan;Autoscout24.de
Ford;Focus;Kombi 1.0 EcoBoost Titanium S/S Navi LED;USB, Notrad, Sitzheizung, LED-Scheinwerfer, 2-Zonen-Klimaautomatik, Dachreling, Beifahrerairbag, ESP;€ 11.680;Sehr guter Preis;107.767 km;Schaltgetriebe;10/2019;Benzin;92 kW (125 PS);nan;nan;Autoscout24.de
Peugeot;308;Peugeot 308 Automatik NAVI Touch BT KAMERA;Seit 1963 Ihr KFZ-Meisterbetrieb in Mainz Bretzenheim;€ 9.390;Sehr guter Preis;123.406 km;Automatik;06/2016;Benzin;96 kW (131 PS);4,9 l/100 km;119 g/km;Autoscout24.de
Renault;Captur;Experience LED|Bluetooth|Sitzheizung;Navigationssystem, Sitzheizung, Totwinkel-Assistent, Regensensor, Verkehrszeichenerkennung, Alufelgen, LED-Scheinwerfer, Spurhalteassistent;€ 14.999;Sehr guter Preis;28.522 km;Schaltgetriebe;12/2020;Benzin;96 kW (131 PS);nan;nan;Autoscout24.de
Opel;Mokka X;1.4 Automatik Innovation;Ihr Autohaus in Espelkamp seit 35 Jahren;€ 13.760;Sehr guter Preis;92.600 km;Automatik;07/2019;Benzin;103 kW (140 PS);8,2 l/100 km;188 g/km;Autoscout24.de
Dacia;Dokker;Stepway 1.2 TCe 115 ALLWETTER PDC KLIMA RADIO;Herbstangebot!;€ 8.990;Sehr guter Preis;120.190 km;Schaltgetriebe;01/2017;Benzin;85 kW (116 PS);nan;nan;Autoscout24.de
Renault;Twingo;LIFE SCe65 Start & Stop WINTERRÄDER;Elektrische Seitenspiegel, E10-geeignet, Sommerreifen, Traktionskontrolle, Zentralverriegelung, Wegfahrsperre;€ 9.245;Sehr guter Preis;23.900 km;Schaltgetriebe;10/2021;Benzin;48 kW (65 PS);5,1 l/100 km;116 g/km;Autoscout24.de
Dacia;Lodgy;1.2 TCE STEPWAY NAVI/PDC/TEMP./NEBEL/KLIMA;Tempomat, Beifahrerairbag, Freisprecheinrichtung, Nebelscheinwerfer, Dachreling, Navigationssystem, Alufelgen, Pannenkit;€ 7.750;Sehr guter Preis;97.500 km;Schaltgetriebe;03/2016;Benzin;85 kW (116 PS);5,6 l/100 km;133 g/km;Autoscout24.de
Citroen;Spacetourer;Spacetourer Feel XL;Schiebetür links, Einparkhilfe Kamera, 360° Kamera, Beifahrerairbag, Radio, Head-up display, Navigationssystem, Kurvenlicht;€ 22.500;nan;136.000 km;Automatik;11/2018;Diesel;130 kW (177 PS);6,2 l/100 km;163 g/km;Autoscout24.de
Opel;Grandland X;1.5D DESIGN  NAVI/LED/AHK/SHZ/ALU;LED-Scheinwerfer, ABS, Lordosenstütze, Einparkhilfe Kamera, Pannenkit, Sitzheizung, Klimaautomatik, Regensensor;€ 14.960;Sehr guter Preis;134.000 km;Automatik;06/2021;Diesel;96 kW (131 PS);3,8 l/100 km;99 g/km;Autoscout24.de
Mercedes-Benz;C 200;Coupé Edition 1 Aut. NAV+LED+SHZ+AHK+PANO+EU6;Schiebedach, Einparkhilfe selbstlenkendes System, Sommerreifen, Radio, Ambientebeleuchtung, LED-Scheinwerfer, Lichtsensor, 2-Zonen-Klimaautomatik;€ 25.749;Sehr guter Preis;28.450 km;Automatik;10/2016;Benzin;135 kW (184 PS);5,3 l/100 km;nan;Autoscout24.de
SEAT;Ibiza;Beats *1.HAND* SHZ PDC KAM NAVI SOUND TEMP;Sportsitze, Sitzheizung, LED-Scheinwerfer, 2-Zonen-Klimaautomatik, Einparkhilfe Kamera, E10-geeignet, Volldigitales Kombiinstrument, Armlehne;€ 11.499;Sehr guter Preis;105.000 km;Schaltgetriebe;02/2019;Benzin;70 kW (95 PS);4,6 l/100 km;105 g/km;Autoscout24.de
Jaguar;XF;20d Schiebdach. Bi-Xenon. Navi. Sitzh. 1.HAND;Seit 1963 Ihr KFZ-Meisterbetrieb in Mainz Bretzenheim;€ 18.900;Sehr guter Preis;78.800 km;Automatik;08/2018;Diesel;120 kW (163 PS);4,9 l/100 km;169 g/km;Autoscout24.de
Audi;A4;Lim. 1.4TFSI S-tronic AHK PARK SHZ TEMP XENON;Elektrische Seitenspiegel, Sommerreifen, Schaltwippen, Anhängerkupplung, Sitzheizung, E10-geeignet, Einparkhilfe Sensoren hinten, Scheinwerferreinigung;€ 17.499;Guter Preis;92.500 km;Automatik;07/2017;Benzin;110 kW (150 PS);5,6 l/100 km;129 g/km;Autoscout24.de
Peugeot;3008;Allure Euro6,Navi,LED,AHK;LED-Scheinwerfer, Touchscreen, Bluetooth, Einparkhilfe Kamera, Spurhalteassistent, Alufelgen, Getönte Scheiben, Einparkhilfe Sensoren hinten;€ 12.800;Fairer Preis;133.211 km;Schaltgetriebe;06/2018;Benzin;96 kW (131 PS);5,4 l/100 km;124 g/km;Autoscout24.de
Mazda;3;Lim. 2.0 OPTIMUM NAVI/LED/KAMERA/TEMP./HUD/AHK;Sitzheizung, Sportsitze, Tempomat, 2-Zonen-Klimaautomatik, Bi-Xenon Scheinwerfer, Lederlenkrad, Navigationssystem, Beifahrerairbag;€ 14.400;Sehr guter Preis;112.950 km;Automatik;05/2018;Benzin;88 kW (120 PS);5,6 l/100 km;129 g/km;Autoscout24.de
BMW;220;Coupé M Sport LED NaviBusiness FernlichtAss;Ihr BMW Servicepartner für die Region Hannover;€ 13.999;Guter Preis;194.000 km;Schaltgetriebe;08/2017;Diesel;140 kW (190 PS);4,3 l/100 km;nan;Autoscout24.de
Fiat;Panda;* HU/AU neu * 1.Hand;Elektr. Fensterheber, Kopfairbag, E10-geeignet, Radio, Fahrerairbag, Berganfahrassistent;€ 9.490;Fairer Preis;12.133 km;Schaltgetriebe;03/2017;Benzin;51 kW (69 PS);5,2 l/100 km;123 g/km;Autoscout24.de
Kia;Rio;1.2 Edition 7;Unser Angebot der Woche;€ 11.500;Sehr guter Preis;31.229 km;Schaltgetriebe;05/2020;Benzin;62 kW (84 PS);nan;nan;Autoscout24.de
Skoda;Octavia;Combi 2.0 TSI RS Navi Xenon Leder LM19´;Sportsitze, Sportfahrwerk, E10-geeignet, Multifunktionslenkrad, Navigationssystem, Scheinwerferreinigung, Sitzheizung, Klimaanlage;€ 18.900;Fairer Preis;87.155 km;Schaltgetriebe;09/2016;Benzin;162 kW (220 PS);nan;nan;Autoscout24.de
BMW;X2;xDrive18d Advantage;Volldigitales Kombiinstrument, Anhängerkupplung, Getönte Scheiben, Abstandstempomat, Alufelgen, Einparkhilfe Sensoren vorne, Notbremsassistent, Nebelscheinwerfer;€ 16.900;Guter Preis;150.234 km;Automatik;11/2018;Diesel;110 kW (150 PS);4,5 l/100 km;118 g/km;Autoscout24.de
Hyundai;i20;1.0 T-GDI Trend Voll-LED Carplay Kam Carplay;Günstige Finanzierung! Wir kaufen Ihr Auto!;€ 14.480;Guter Preis;38.011 km;Schaltgetriebe;12/2023;Benzin;74 kW (101 PS);5,6 l/100 km;127 g/km;Autoscout24.de
Opel;Astra;K Lim. 1.6D EDITION NAVI/LED/TEMP./SPORT;Apple CarPlay, Seitenairbag, Armlehne, Android Auto, Regensensor, Einparkhilfe Sensoren hinten, Zentralverriegelung, LED-Tagfahrlicht;€ 8.450;Sehr guter Preis;117.950 km;Schaltgetriebe;05/2019;Diesel;81 kW (110 PS);3,6 l/100 km;95 g/km;Autoscout24.de
Skoda;Rapid/Spaceback;1.2 TSI Joy*PDC*SHZ*AHK*TEMPO*KLIMA*GARANTIE*;❗Service Historie und Gebrauchtspureninfos auf Anruf;€ 8.540;Sehr guter Preis;109.545 km;Schaltgetriebe;05/2016;Benzin;81 kW (110 PS);4,9 l/100 km;110 g/km;Autoscout24.de
Audi;A4;2.0 TDI ultra *Automatik*Navi*SHZ*;Einparkhilfe Kamera, LED-Scheinwerfer, Sportfahrwerk, 3-Zonen-Klimaautomatik, Navigationssystem, Sitzheizung, Elektrische Heckklappe, Getönte Scheiben;€ 16.900;Fairer Preis;191.140 km;Automatik;03/2018;Diesel;110 kW (150 PS);3,9 l/100 km;99 g/km;Autoscout24.de
Volkswagen;Golf;Comfortline BMT Start-Stopp;Ihr BMW Servicepartner für die Region Hannover;€ 14.999;Sehr guter Preis;78.500 km;Automatik;10/2018;Diesel;85 kW (116 PS);4,0 l/100 km;103 g/km;Autoscout24.de
Ford;Puma;Hybrid ST-Line X EcoBoost 1.0 Navi Digitales Cockp;Sportfahrwerk, Einparkhilfe Kamera, MP3, Abstandstempomat, Sitzheizung, 2-Zonen-Klimaautomatik, Bi-Xenon Scheinwerfer, Volldigitales Kombiinstrument;€ 15.990;Sehr guter Preis;71.652 km;Schaltgetriebe;07/2020;Benzin;92 kW (125 PS);nan;nan;Autoscout24.de
Ford;Mondeo;Trend *Navi*PDC vorn & hinten*Automatik*;Sportfahrwerk, Einparkhilfe Sensoren vorne, USB, Apple CarPlay, Bluetooth, Berganfahrassistent, Beifahrerairbag, Navigationssystem;€ 14.900;Guter Preis;83.500 km;Automatik;12/2017;Diesel;110 kW (150 PS);4,9 l/100 km;126 g/km;Autoscout24.de
Nissan;NV200;/Evalia Tekna 7-Sitze NAV+SHZ KLIMA CAM AHK;Schiebetür links, Einparkhilfe Kamera, Anhängerkupplung, Klimaanlage, Sitzheizung, Klimaautomatik, Schiebetür rechts, Navigationssystem;€ 15.890;Guter Preis;109.647 km;Schaltgetriebe;09/2017;Diesel;81 kW (110 PS);4,9 l/100 km;130 g/km;Autoscout24.de
Audi;SQ5;TFSI Black Ed.Virtual S-Sitz Luftf. 20 Rotor;Luftfederung, Sportsitze, Volldigitales Kombiinstrument, Abstandstempomat, Beifahrerairbag, Elektrische Sitze, Einparkhilfe Kamera, Sportfahrwerk;€ 28.740;Guter Preis;180.000 km;Automatik;01/2018;Benzin;260 kW (354 PS);6,8 l/100 km;189 g/km;Autoscout24.de
BMW;420;xDrive Automatik,Leder,Navi,H&K;Finanzierung ab 6,29% / Sofortankauf & Inzahlungnahme;€ 21.800;Sehr guter Preis;84.900 km;Automatik;07/2018;Diesel;120 kW (163 PS);4,5 l/100 km;118 g/km;Autoscout24.de
SEAT;Ibiza;1.0 TSI 95 PS Xcellence,PDC,Rü-Kam,Full-Li;Freisprecheinrichtung, Sitzheizung, Tempomat, 2-Zonen-Klimaautomatik, Einparkhilfe Kamera, Schlüssellose Zentralverriegelung, Elektrische Seitenspiegel, Regensensor;€ 12.890;Guter Preis;25.810 km;Schaltgetriebe;10/2017;Benzin;70 kW (95 PS);nan;nan;Autoscout24.de
Peugeot;208;Active*Klima*Radio*BT;E10-geeignet, Elektrische Seitenspiegel, Bluetooth, Tempomat, Seitenairbag, Wegfahrsperre, Freisprecheinrichtung, Touchscreen;€ 7.638;Guter Preis;72.000 km;Schaltgetriebe;01/2017;Benzin;60 kW (82 PS);4,5 l/100 km;107 g/km;Autoscout24.de
Opel;Mokka X;1.6 Selection Start/Stop*AHK*KLIMA;Dachreling, Tempomat, Anhängerkupplung, Wegfahrsperre, E10-geeignet, Gepäckraumabtrennung, Reserverad, Klimaanlage;€ 9.590;Guter Preis;100.000 km;Schaltgetriebe;12/2016;Benzin;85 kW (116 PS);6,6 l/100 km;155 g/km;Autoscout24.de
Mercedes-Benz;A 180;"LIMO AMG Line WIDESC+LEDER+NAV+AHK+DAB+18""";Sportsitze, Sportfahrwerk, Volldigitales Kombiinstrument, Ambientebeleuchtung, Sportpaket, Getönte Scheiben, Sitzheizung, Notrufsystem;€ 17.550;Sehr guter Preis;149.443 km;Schaltgetriebe;02/2021;Benzin;100 kW (136 PS);5,2 l/100 km;120 g/km;Autoscout24.de
Skoda;Fabia;1.0 MPI Ambit CLIMATRONIK+SHZ+PDC+TEMP+DAB;Sportsitze, Sitzheizung, Zentralverriegelung, Einparkhilfe Sensoren vorne, Apple CarPlay, Tempomat, Einparkhilfe Sensoren hinten, Isofix;€ 9.950;Sehr guter Preis;46.267 km;Schaltgetriebe;03/2019;Benzin;55 kW (75 PS);4,8 l/100 km;110 g/km;Autoscout24.de
Ford;Transit;Kasten 310 L2H2 Trend Mixto 6 SItzer;Beifahrerairbag, Start/Stop-Automatik, Einparkhilfe Sensoren vorne, Tempomat, Traktionskontrolle, Schiebetür rechts, Klimaanlage, Radio;€ 15.990;Sehr guter Preis;147.000 km;Schaltgetriebe;02/2017;Diesel;96 kW (131 PS);nan;nan;Autoscout24.de
Hyundai;TUCSON;1.6 TGDI 2WD Advantage Automatik, Navi, Sitzheizun;seit über 40 Jahren zuverlässig 99% Weiterempfehlung;€ 18.495;Sehr guter Preis;47.700 km;Automatik;08/2019;Benzin;130 kW (177 PS);8,2 l/100 km;186 g/km;Autoscout24.de
BMW;X5;sDrive 25d 360° PANO|NAVI|INDIVIDUAL|4-ZONEN;Seit 1963 Ihr KFZ-Meisterbetrieb in Mainz Bretzenheim;€ 27.990;Sehr guter Preis;124.000 km;Automatik;06/2017;Diesel;170 kW (231 PS);5,3 l/100 km;140 g/km;Autoscout24.de
BMW;X1;sDrive 18 d *PDC*SHZ*KLIMA*1.HAND*MFL*AHK*;Getönte Scheiben, Anhängerkupplung, Alufelgen, Sitzheizung, Einparkhilfe Sensoren vorne, Multifunktionslenkrad, Elektrische Seitenspiegel, ESP;€ 14.599;Fairer Preis;165.239 km;Schaltgetriebe;07/2018;Diesel;110 kW (150 PS);4,6 l/100 km;120 g/km;Autoscout24.de
MINI;Cooper Cabrio;Salt 1.5 AUT KLIMAAUT BT PDC ALU GJR ParkAss LM 2x;Sportsitze, Ambientebeleuchtung, Freisprecheinrichtung, Bluetooth, Einparkhilfe Sensoren hinten, Traktionskontrolle, 2-Zonen-Klimaautomatik, Radio;€ 12.475;nan;96.212 km;Automatik;09/2016;Benzin;100 kW (136 PS);nan;nan;Autoscout24.de
Opel;Astra;Opel 2020 Start/Stop 1.Hand*;Alufelgen, Regensensor, Sitzheizung, Spurhalteassistent, Nebelscheinwerfer, Beifahrerairbag, USB, DAB-Radio;€ 12.499;Sehr guter Preis;42.000 km;Schaltgetriebe;02/2020;Benzin;96 kW (131 PS);4,3 l/100 km;99 g/km;Autoscout24.de
Opel;Astra;Sports Tourer 1.4 Turbo Dynamic*IntelliLux;Finanzierung o. Anzahlung / Garantie 12 Monate;€ 9.980;nan;99.986 km;Schaltgetriebe;06/2017;Benzin;110 kW (150 PS);nan;0 g/km;Autoscout24.de
Opel;Corsa;CORSA 1.2 TURBO GS NAVI LED SICHTPAKET SUNSET PDC;Finanzierung und Leasing möglich! Kontaktieren Sie uns!;€ 15.990;Sehr guter Preis;4.580 km;Schaltgetriebe;12/2023;Benzin;74 kW (101 PS);5,4 l/100 km;116 g/km;Autoscout24.de
Opel;Astra;1.2 Turbo GS Line SHZ Lenkradheizung Apple CarPlay;Bi-Xenon Scheinwerfer, Xenonscheinwerfer, Sitzheizung, Lordosenstütze, Beifahrerairbag, Spurhalteassistent, Alufelgen, Ambientebeleuchtung;€ 12.750;Sehr guter Preis;48.300 km;Schaltgetriebe;02/2021;Benzin;96 kW (131 PS);5,3 l/100 km;121 g/km;Autoscout24.de
Peugeot;3008;Allure, T.Leder, Fahrassist, 8fach bereift!;Finanzierung ab 6,29% / Sofortankauf & Inzahlungnahme;€ 12.100;Fairer Preis;122.440 km;Schaltgetriebe;06/2017;Benzin;96 kW (131 PS);5,4 l/100 km;124 g/km;Autoscout24.de
Volvo;XC90;Diesel D5 AWD Geartronic Inscription;W-Lan / Wifi Hotspot, Elektrische Sitze, Ambientebeleuchtung, Voll-LED Scheinwerfer, Sitzheizung, Dachreling, Isofix, Regensensor;€ 28.990;Sehr guter Preis;158.800 km;Automatik;07/2018;Diesel;173 kW (235 PS);nan;nan;Autoscout24.de
Volkswagen;Golf;VII 1.0 TSI BMT Comfortline Navi PDC Sitzh.;Sitzheizung, Elektrische Seitenspiegel, 2-Zonen-Klimaautomatik, Navigationssystem, Einparkhilfe Kamera, Multifunktionslenkrad, Lederlenkrad, Einparkhilfe Sensoren vorne;€ 12.910;Sehr guter Preis;79.609 km;Schaltgetriebe;12/2017;Benzin;81 kW (110 PS);nan;nan;Autoscout24.de
Citroen;C3;Feel|2.Hand|54Tkm|LED|PDC|Bluetooth|Klima;Spurhalteassistent, E10-geeignet, Einparkhilfe Sensoren hinten, Verkehrszeichenerkennung, Pannenkit, Wegfahrsperre, Tempomat, Elektr. Fensterheber;€ 9.890;Fairer Preis;54.009 km;Schaltgetriebe;02/2018;Benzin;50 kW (68 PS);4,9 l/100 km;113 g/km;Autoscout24.de
Hyundai;TUCSON;Style Mild-Hybrid 4WD *KAMERA*NAVI*LKAS*;Allrad, Beifahrerairbag, Fahrerairbag, Einparkhilfe Sensoren vorne, LED-Scheinwerfer, Einparkhilfe Kamera, Sitzheizung, Alarmanlage;€ 20.499;nan;76.561 km;Automatik;01/2020;Diesel;136 kW (185 PS);5,8 l/100 km;153 g/km;Autoscout24.de
Audi;SQ5;3.0 TDI QUT FACE*VIRT*MATRIX*KAM*RS-SITZE*22';Volldigitales Kombiinstrument, Sportsitze, Luftfederung, Panoramadach, Allrad, Elektr. Fensterheber, Beifahrerairbag, Soundsystem;€ 32.900;Sehr guter Preis;212.000 km;Automatik;06/2020;Diesel;255 kW (347 PS);6,8 l/100 km;177 g/km;Autoscout24.de
Audi;Q7;3.0 TDI qu*S-LINE*PANO*7-SITZ*TV*BOSE*;Volldigitales Kombiinstrument, Sportpaket, Panoramadach, Einparkhilfe Kamera, Sportsitze, Luftfederung, LED-Scheinwerfer, Elektrische Sitze;€ 33.900;Sehr guter Preis;154.200 km;Automatik;03/2016;Diesel;200 kW (272 PS);5,7 l/100 km;151 g/km;Autoscout24.de
Ford;EcoSport;Titanium 1,0l;Über 1000 Fahrzeuge auf Lager und sofort verfügbar !!!;€ 14.990;Sehr guter Preis;21.000 km;Schaltgetriebe;09/2020;Benzin;92 kW (125 PS);5,0 l/100 km;114 g/km;Autoscout24.de
Nissan;Evalia;NV200/Evalia Tekna 7-Sitze NAV+SHZ KLIMA CAM AHK;Schiebetür links, Anhängerkupplung, Schiebetür rechts, Einparkhilfe Kamera, Isofix, Sitzheizung, Klimaautomatik, Tempomat;€ 15.890;Sehr guter Preis;109.647 km;Schaltgetriebe;09/2017;Diesel;81 kW (110 PS);4,9 l/100 km;130 g/km;Autoscout24.de
Peugeot;2008;1.2 CROSSWAY|APPLE|KAMERA|AMBIENTE;Sitzheizung, Einparkhilfe Kamera, Multifunktionslenkrad, Panoramadach, Geschwindigkeits-begrenzungsanlage, Pannenkit, Ambientebeleuchtung, Tempomat;€ 9.990;Sehr guter Preis;100.000 km;Automatik;07/2016;Benzin;81 kW (110 PS);4,8 l/100 km;110 g/km;Autoscout24.de
Mercedes-Benz;GLA 180;Navi ,LED ,Klima ,Tempomat ,Sitzheizung;Sportsitze, Regensensor, Kurvenlicht, Sitzheizung, Fernlichtassistent, Totwinkel-Assistent, Navigationssystem, Ambientebeleuchtung;€ 19.800;Sehr guter Preis;56.000 km;Automatik;04/2018;Benzin;90 kW (122 PS);nan;nan;Autoscout24.de
Kia;Optima;Sportsw 2.0 Aut Spirit Hyb PANO+MEMO+VOLL;Ambientebeleuchtung, Einparkhilfe Sensoren hinten, Sportpaket, Isofix, Schiebedach, Notbremsassistent, Getönte Scheiben, Apple CarPlay; ;nan;nan;nan;nan;nan;nan;nan;nan;Autoscout24.de
Renault;Master;2.3 dCi 130 Kasten L3H2 3,5t*Klima*;Finanzierung o. Anzahlung / Garantie 12 Monate;€ 12.500;nan;86.720 km;Schaltgetriebe;07/2019;Diesel;96 kW (131 PS);nan;0 g/km;Autoscout24.de
Mercedes-Benz;CLA 200;d aAHK/Voll-LED/Navi/Kamera;Einparkhilfe Kamera, Sportsitze, Sitzheizung, Alufelgen, Lederlenkrad, Fernlichtassistent, Tempomat, Navigationssystem;€ 18.910;Guter Preis;91.100 km;Schaltgetriebe;09/2017;Diesel;100 kW (136 PS);nan;nan;Autoscout24.de
Porsche;Macan;Turbo VOLL+PANO+STANDH+ACC+LED;Panoramadach, Sitzheizung, Sitzbelüftung, LED-Scheinwerfer, Beheizbares Lenkrad, Luftfederung, Sportsitze, Soundsystem;€ 29.950;Sehr guter Preis;174.000 km;Automatik;06/2016;Benzin;294 kW (400 PS);9,2 l/100 km;218 g/km;Autoscout24.de
Audi;Q3;2.0 TDI S-tronic sport *AHK*Navi*SHZ*;Volldigitales Kombiinstrument, Elektrische Heckklappe, Ambientebeleuchtung, Einparkhilfe Kamera, Elektrische Sitze, Spoiler, Multifunktionslenkrad, Navigationssystem;€ 18.890;Guter Preis;116.954 km;Automatik;12/2016;Diesel;110 kW (150 PS);nan;nan;Autoscout24.de
Opel;Grandland X;Edition Klima*EU6*Temp*Szhz*TÜV NEU*;Elektr. Fensterheber, Sitzheizung, Apple CarPlay, Armlehne, 2-Zonen-Klimaautomatik, Spurhalteassistent, Alufelgen, Getönte Scheiben;€ 11.790;Guter Preis;169.997 km;Schaltgetriebe;01/2018;Diesel;88 kW (120 PS);4,3 l/100 km;111 g/km;Autoscout24.de
Tesla;Model S;"70 Facelift*21 ""*Distronic*Pano*";LED-Scheinwerfer, Panoramadach, Einparkhilfe Sensoren vorne, Spurhalteassistent, Sitzheizung, Lichtsensor, Abstandstempomat, Bluetooth; ;nan;nan;nan;nan;nan;nan;nan;nan;Autoscout24.de
Volkswagen;Golf;Life Navi Rückfahrkamera;LED-Scheinwerfer, ABS, 3-Zonen-Klimaautomatik, Alufelgen, Volldigitales Kombiinstrument, Abstandstempomat, Lordosenstütze, Armlehne;€ 17.850;Guter Preis;73.748 km;Schaltgetriebe;09/2020;Diesel;85 kW (116 PS);3,5 l/100 km;91 g/km;Autoscout24.de
Audi;A4;Avant 35TDI S-tronic LED~Pano~Navi3D~AHK~PDC;LED-Scheinwerfer, Armlehne, Alufelgen, Elektrische Heckklappe, Start/Stop-Automatik, Sitzheizung, Schiebedach, Bordcomputer;€ 16.850;Guter Preis;176.414 km;Automatik;12/2019;Diesel;120 kW (163 PS);4,1 l/100 km;108 g/km;Autoscout24.de
SEAT;Ateca;1.4 TSI Style Navi SHZ PDC 110 kW (150 PS), Sch...;Sonderzinstage bei Autoflex24 eff. Zins ab 2,22 %;€ 16.987;Sehr guter Preis;70.987 km;Schaltgetriebe;05/2018;Benzin;110 kW (150 PS);nan;nan;Autoscout24.de
Fiat;500C;Lounge 1.2  Cabrio Tempomat Radio PDC Alu Klimaanl;Apple CarPlay, Einparkhilfe Sensoren hinten, Alufelgen, Katalysator, Spoiler, Bluetooth, Schiebedach, Klimaanlage;€ 10.979;Sehr guter Preis;46.146 km;Schaltgetriebe;02/2020;Benzin;51 kW (69 PS);nan;nan;Autoscout24.de
Volkswagen;Touran;Comfortline BMT;3-Zonen-Klimaautomatik, Sitzheizung, Alufelgen, Einparkhilfe Sensoren hinten, Abstandstempomat, LED-Scheinwerfer, Elektrische Seitenspiegel, CD;€ 13.900;Sehr guter Preis;173.250 km;Automatik;11/2017;Diesel;85 kW (116 PS);4,4 l/100 km;114 g/km;Autoscout24.de
BMW;M3;Lim. Competition, LED, H&K, Kein USA Import;Sportfahrwerk, Sportsitze, Head-up display, Sportpaket, Schaltwippen, Spoiler, LED-Scheinwerfer, W-Lan / Wifi Hotspot;€ 48.890;Fairer Preis;141.000 km;Automatik;03/2017;Benzin;331 kW (450 PS);8,3 l/100 km;194 g/km;Autoscout24.de
SEAT;Leon;2,0 TDI FR LED AHK NaviTouch RFKam PDC Pano;Einparkhilfe Sensoren vorne, Einparkhilfe Kamera, Sportfahrwerk, LED-Scheinwerfer, Elektrische Sitze, Schiebedach, Apple CarPlay, Panoramadach;€ 9.980;Fairer Preis;247.000 km;Schaltgetriebe;10/2016;Diesel;135 kW (184 PS);4,5 l/100 km;118 g/km;Autoscout24.de
Ford;Transit Connect;Transit Conn 1.5d Trend 3SIT+KLIMA+PDC+AHK+8FACH;Klimaanlage, Schiebetür rechts, Beheizbare Frontscheibe, Start/Stop-Automatik, Alufelgen, Elektr. Fensterheber, Lordosenstütze, Anhängerkupplung;€ 8.850;nan;124.993 km;Schaltgetriebe;07/2017;Diesel;74 kW (101 PS);4,8 l/100 km;124 g/km;Autoscout24.de
Mercedes-Benz;V 250;V V 250d SCORE 4MATIC KOMPAKT SPORT AHK KAMERA;Auto kauft man mit Vertrauen u Garantie;€ 34.440;Sehr guter Preis;143.781 km;Automatik;08/2016;Diesel;140 kW (190 PS);nan;nan;Autoscout24.de
Mercedes-Benz;Sprinter;316 CDI Maxi Hoch+Lang*Garantie*Euro6;12-64 Monate Garantie / Tüv & Inspektion= NEU !;€ 16.990;nan;189.000 km;Schaltgetriebe;11/2016;Diesel;120 kW (163 PS);7,9 l/100 km;209 g/km;Autoscout24.de
Volvo;V70;Kombi Linje Classic;Elektrische Heckklappe, Alufelgen, Sportfahrwerk, Schiebedach, LED-Tagfahrlicht, Volldigitales Kombiinstrument, Elektrische Sitze, Abstandswarner;€ 8.900;Sehr guter Preis;195.697 km;Schaltgetriebe;05/2016;Diesel;110 kW (150 PS);4,1 l/100 km;113 g/km;Autoscout24.de
Mercedes-Benz;Sprinter;316 CDI Maxi Hoch+Lang*Garantie*Euro6;12-64 Monate Garantie / Tüv & Inspektion= NEU !;€ 16.990;nan;189.000 km;Schaltgetriebe;11/2016;Diesel;120 kW (163 PS);7,9 l/100 km;209 g/km;Autoscout24.de
Audi;Q2;30 TFSI advanced Navi Sitzh. RüKa PDC;Elektrische Heckklappe, Einparkhilfe Kamera, Sitzheizung, Klimaautomatik, Schlüssellose Zentralverriegelung, Pannenkit, Einparkhilfe Sensoren vorne, Navigationssystem;€ 18.840;Sehr guter Preis;80.300 km;Schaltgetriebe;06/2023;Benzin;81 kW (110 PS);6,2 l/100 km;6 g/km;Autoscout24.de
Hyundai;i30;|Klima|Isofix|Servo|2.Hand|USB|AUX;Fahrerairbag, E10-geeignet, Pannenkit, Klimaanlage, Klimaautomatik, Beifahrerairbag, Seitenairbag, Wegfahrsperre;€ 8.790;Guter Preis;122.845 km;Schaltgetriebe;12/2016;Benzin;74 kW (101 PS);5,6 l/100 km;129 g/km;Autoscout24.de
Opel;Mokka;Edition 1.2 Direct Injection Turbo 74 kW (;Abstandstempomat, Einparkhilfe Kamera, Tempomat, LED-Scheinwerfer, Regensensor, Sitzheizung, LED-Tagfahrlicht, Alufelgen;€ 14.950;Sehr guter Preis;60.000 km;Schaltgetriebe;11/2021;Benzin;74 kW (101 PS);nan;nan;Autoscout24.de
Ford;Grand C-Max;Titanium 7 SItzer, Automatik;Einparkhilfe Kamera, Elektrische Heckklappe, Beifahrerairbag, Isofix, Schiebetür rechts, Android Auto, E10-geeignet, Alufelgen;€ 15.990;Sehr guter Preis;75.473 km;Automatik;06/2018;Benzin;110 kW (150 PS);6,8 l/100 km;154 g/km;Autoscout24.de
Renault;Kadjar;Life TCE 130 *Klima*PDC*Garantie*wenig Kilometer;2-Zonen-Klimaautomatik, Regensensor, Soundsystem, Pannenkit, Reifendruckkontrollsystem, Beifahrerairbag, Wegfahrsperre, Klimaanlage;€ 11.800;Sehr guter Preis;67.550 km;Schaltgetriebe;03/2016;Benzin;96 kW (131 PS);5,9 l/100 km;126 g/km;Autoscout24.de
Hyundai;TUCSON;NAVI, KAMERA, SITZHEIZUNG;Ihr Fiat Partner seit 1970;€ 15.750;nan;73.000 km;Schaltgetriebe;08/2018;Benzin;97 kW (132 PS);6,9 l/100 km;158 g/km;Autoscout24.de
Nissan;NV200;Evalia Tekna 1.5 dCi 6MT Privacy NissanConnect;Schiebetür rechts, Schiebetür links, Einparkhilfe Kamera, Klimaautomatik, teilb. Rücksitzbank, Sitzheizung, Geschwindigkeits-begrenzungsanlage, Wegfahrsperre;€ 14.990;Sehr guter Preis;102.726 km;Schaltgetriebe;08/2017;Diesel;81 kW (110 PS);nan;nan;Autoscout24.de
Citroen;Berlingo;BlueHDi 100 S&S  Multispace Shine;Klimaanlage, Isofix, Beifahrerairbag, Schiebetür links, Alufelgen, 2-Zonen-Klimaautomatik, Sitzheizung, Apple CarPlay;€ 8.950;Guter Preis;145.000 km;Schaltgetriebe;11/2017;Diesel;73 kW (99 PS);4,2 l/100 km;nan;Autoscout24.de
Volkswagen;Sharan;Highline BMT DSG 7-Sitzer Pano AHK Navi;Auto kauft man mit Vertrauen u Garantie;€ 22.440;Fairer Preis;149.941 km;Automatik;07/2017;Diesel;135 kW (184 PS);nan;nan;Autoscout24.de
Volkswagen;Amarok;3,0 TDI V6 Aventura 4Motion*Garantie*;12-64 Monate Garantie / Tüv & Inspektion= NEU !;€ 29.900;Guter Preis;119.000 km;Automatik;09/2016;Diesel;165 kW (224 PS);7,8 l/100 km;203 g/km;Autoscout24.de
BMW;220;220 i Advantage;Anhängerkupplung, Getönte Scheiben, Einparkhilfe Sensoren vorne, Navigationssystem, Notbremsassistent, Reifendruckkontrollsystem, Nebelscheinwerfer, Sitzheizung;€ 15.750;Sehr guter Preis;65.000 km;Schaltgetriebe;09/2017;Benzin;141 kW (192 PS);5,9 l/100 km;137 g/km;Autoscout24.de
Volkswagen;Golf;Golf VII Variant 1.6 TDI Comfortline #STHZ#ACC#;Klimaautomatik, Standheizung, Fernlichtassistent, Einparkhilfe Sensoren vorne, Navigationssystem, Einparkhilfe Sensoren hinten, MP3, Alufelgen;€ 13.990;Sehr guter Preis;74.700 km;Schaltgetriebe;11/2019;Diesel;85 kW (116 PS);nan;134 g/km;Autoscout24.de
MG;EHS;PHEV 1.5 T-GDI Luxury  LED+PANO+SHZ+ACC+360°;Elektr. Fensterheber, Ambientebeleuchtung, Apple CarPlay, Abstandstempomat, Einparkhilfe Sensoren vorne, Schiebedach, Notbremsassistent, Notrufsystem; ;nan;nan;nan;nan;nan;nan;nan;nan;Autoscout24.de
Fiat;500X;S-Design City Look*NAV*AHK*;Anhängerkupplung, Navigationssystem, Alufelgen, E10-geeignet, Beifahrerairbag, Reifendruckkontrollsystem, Kurvenlicht, Tempomat;€ 12.986;Fairer Preis;86.000 km;Schaltgetriebe;02/2018;Benzin;103 kW (140 PS);6,0 l/100 km;139 g/km;Autoscout24.de
Volkswagen;Passat Variant;Comfortline BMT;Sitzheizung, 3-Zonen-Klimaautomatik, Einparkhilfe Kamera, DAB-Radio, Seitenairbag, Multifunktionslenkrad, Fernlichtassistent, ESP;€ 13.900;Sehr guter Preis;145.122 km;Schaltgetriebe;03/2018;Benzin;110 kW (150 PS);5,1 l/100 km;119 g/km;Autoscout24.de
BMW;225;xe iPerformance Active Tourer Luxury Line;BMW Vertragshändler - MINI Servicepartner;€ 17.930;Sehr guter Preis;38.000 km;Automatik;02/2018;Benzin;100 kW (136 PS);nan;nan;Autoscout24.de
Ford;Transit;Courier Trend KLIMA, SITZHEIZUNG, PDC;Bitte ruf mich nicht Samstag oder Sonntag nur per E-Mai;€ 10.990;Sehr guter Preis;38.905 km;Schaltgetriebe;12/2017;Diesel;70 kW (95 PS);4,0 l/100 km;104 g/km;Autoscout24.de
Ford;F 150;XLT Sport DoKA Nur an Gewerbe+Pano+Standhz;Elektrische Sitze, Traktionskontrolle, Beifahrerairbag, Sitzheizung, Sportpaket, Navigationssystem, Apple CarPlay, Schiebedach;€ 31.490;Sehr guter Preis;108.000 km;Automatik;03/2016;Benzin;272 kW (370 PS);nan;nan;Autoscout24.de
Mercedes-Benz;E 220;d T Avantgarde **Head-up+Totw.+Multibeam;Head-up display, Sportfahrwerk, Apple CarPlay, Totwinkel-Assistent, Einparkhilfe Kamera, Kurvenlicht, Reifendruckkontrollsystem, ESP;€ 23.888;nan;85.170 km;Automatik;07/2018;Diesel;143 kW (194 PS);6,0 l/100 km;158 g/km;Autoscout24.de
SEAT;Arona;1.0 TSI FR;Sitzheizung, Navigationssystem, Einparkhilfe Sensoren vorne, Einparkhilfe Kamera, Abstandstempomat, Ambientebeleuchtung, Alufelgen, Nebelscheinwerfer;€ 17.790;Sehr guter Preis;16.526 km;Schaltgetriebe;08/2021;Benzin;81 kW (110 PS);5,3 l/100 km;120 g/km;Autoscout24.de
Hyundai;KONA;Premium Hybrid AHK 8fach VOLLAUSSTATTUNG;Schiebedach, Totwinkel-Assistent, Sitzheizung, Sitzbelüftung, Head-up display, Beifahrerairbag, Anhängerkupplung, Navigationssystem; ;nan;nan;nan;nan;nan;nan;nan;nan;Autoscout24.de
Volkswagen;Tiguan;Highline 2.0 TDI 4Motion / PANORAMA / ACC;Allrad, LED-Scheinwerfer, Panoramadach, Sitzheizung, Navigationssystem, Anhängerkupplung, 3-Zonen-Klimaautomatik, Abstandstempomat;€ 20.990;Sehr guter Preis;151.408 km;Automatik;06/2019;Diesel;110 kW (150 PS);5,7 l/100 km;149 g/km;Autoscout24.de
BMW;118;i Lim.  AUTOMATIK/NAVI/LED/PDC/GARANTIE;GARANTIE • FINANZIERUNG • LIEFERUNG • ZULASSUNG;€ 17.990;nan;98.000 km;Automatik;01/2020;Benzin;103 kW (140 PS);5,3 l/100 km;121 g/km;Autoscout24.de
Ford;Focus;ST-Line B&O Kamera ACC SHZ Lenkradheizung;Sportfahrwerk, Einparkhilfe Kamera, Ambientebeleuchtung, Sportsitze, Lederlenkrad, Touchscreen, Soundsystem, USB;€ 14.990;Guter Preis;102.057 km;Schaltgetriebe;09/2021;Benzin;114 kW (155 PS);5,2 l/100 km;117 g/km;Autoscout24.de
Mazda;CX-5;Exclusive HUD Navi Soundsystem LED Blendfreies Fer;Bei uns steht Kundenzufriedenheit an erster Stelle.;€ 18.885;Guter Preis;77.386 km;Schaltgetriebe;03/2018;Benzin;121 kW (165 PS);nan;nan;Autoscout24.de
Audi;A8;3.0 TDI Lang Sport Ed.Matrix B&O HuD Nacht.21;Laserlicht, W-Lan / Wifi Hotspot, Fahrerairbag, Schiebedach, 360° Kamera, Nachtsicht-Assistent, LED-Scheinwerfer, Allrad;€ 35.490;Erhöhter Preis;156.000 km;Automatik;10/2016;Diesel;193 kW (262 PS);5,8 l/100 km;152 g/km;Autoscout24.de
Ford;Ranger;Autm. Kamera Teilleder SHZ PDC;Sitzheizung, Elektrische Sitze, Elektr. Fensterheber, Anhängerkupplung, Einparkhilfe Kamera, Reserverad, Allrad, Tempomat;€ 24.990;Sehr guter Preis;106.521 km;Automatik;01/2018;Diesel;147 kW (200 PS);8,7 l/100 km;228 g/km;Autoscout24.de
Volkswagen;Caddy;Kombi BMT Klima Touch Freisprech 5-Sitze;Klimaanlage, USB, Beifahrerairbag, Armlehne, Freisprecheinrichtung, Anhängerkupplung, ABS, Start/Stop-Automatik;€ 6.690;Fairer Preis;281.211 km;Schaltgetriebe;01/2016;Diesel;55 kW (75 PS);4,6 l/100 km;119 g/km;Autoscout24.de
Mercedes-Benz;GLC 300;AMGline 4Matic Coupe,Navi,LED,SD,360Kam.;Finanzierung ab 6,29% / Sofortankauf & Inzahlungnahme;€ 30.800;Sehr guter Preis;140.735 km;Automatik;08/2017;Benzin;180 kW (245 PS);7,5 l/100 km;169 g/km;Autoscout24.de
Ford;EcoSport;1.0 EcoBoost *NAVI*RFK*SHZ*FSHZ*CARPLAY;Navigationssystem, Sitzheizung, USB, Einparkhilfe Kamera, Dachreling, Einparkhilfe Sensoren vorne, Klimaautomatik, Beifahrerairbag;€ 12.970;Sehr guter Preis;47.510 km;Schaltgetriebe;12/2019;Benzin;74 kW (101 PS);6,6 l/100 km;150 g/km;Autoscout24.de
Opel;Corsa;YES (Auch als GS verfügbar) 1.2 Turbo 100 PS, 6-Ga;ONLINE ABWICKLUNG+TOP BEWERTUNGEN+GÜNSTIGE FINANZI;€ 16.950;nan;1 km;Schaltgetriebe;03/2025;Benzin;74 kW (101 PS);5,3 l/100 km;118 g/km;Autoscout24.de
Suzuki;Swift;Automatik Comfort+ aus 1. Hand, Werkstatt gepflegt;Elektrische Seitenspiegel, ABS, Spurhalteassistent, Einparkhilfe Kamera, Touchscreen, Klimaautomatik, Alufelgen, Sitzheizung;€ 14.995;Guter Preis;26.975 km;Automatik;03/2019;Benzin;82 kW (111 PS);5,3 l/100 km;121 g/km;Autoscout24.de
Volkswagen;Golf;VII1.6 TDI Lounge;Alufelgen, Einparkhilfe Sensoren vorne, Beifahrerairbag, Armlehne, Sitzheizung, Multifunktionslenkrad, Bluetooth, Elektrische Seitenspiegel;€ 9.590;Fairer Preis;170.895 km;Schaltgetriebe;02/2016;Diesel;81 kW (110 PS);3,8 l/100 km;99 g/km;Autoscout24.de
BMW;530;d Limo Steptronic SportLine+LED+NAVI+VIRTUAL;Sportpaket, Beifahrerairbag, Soundsystem, Panoramadach, Volldigitales Kombiinstrument, Sitzbelüftung, Schiebedach, Head-up display;€ 29.150;Sehr guter Preis;76.900 km;Automatik;07/2017;Diesel;195 kW (265 PS);nan;nan;Autoscout24.de
Mitsubishi;Space Star;1.2Ganzjahresreifen,5 türig,4-fach Fensterheber;Alufelgen, Elektrische Seitenspiegel, Klimaanlage, Wegfahrsperre, Klimaautomatik, teilb. Rücksitzbank, Start/Stop-Automatik, Zentralverriegelung mit Funkfernbedienung;€ 10.990;Sehr guter Preis;15.206 km;Schaltgetriebe;10/2021;Benzin;59 kW (80 PS);nan;nan;Autoscout24.de
Mercedes-Benz;GLC 220;GLC 220 d 4M AHK Totwkl Kamera AMG-int. LED-ILS;Allrad, Einparkhilfe Kamera, Anhängerkupplung, Elektrische Heckklappe, W-Lan / Wifi Hotspot, Sitzheizung, Voll-LED Scheinwerfer, CD;€ 27.900;Sehr guter Preis;112.000 km;Automatik;01/2019;Diesel;125 kW (170 PS);5,0 l/100 km;129 g/km;Autoscout24.de
Subaru;Forester;Exclusive Automatik;Wegfahrsperre, Bluetooth, Notrad, Anhängerkupplung, Einparkhilfe Kamera, Allrad, 2-Zonen-Klimaautomatik, Schiebedach;€ 19.970;Sehr guter Preis;74.500 km;Automatik;09/2017;Benzin;110 kW (150 PS);nan;nan;Autoscout24.de
Volvo;V90;"T5 Inscription Leder Navi LED Kamera AHK 19""";Sportfahrwerk, Regensensor, Sitzheizung, Sportsitze, Bordcomputer, Einparkhilfe Kamera, Berganfahrassistent, Elektrische Heckklappe;€ 20.740;Sehr guter Preis;155.000 km;Automatik;08/2019;Benzin;184 kW (250 PS);6,8 l/100 km;157 g/km;Autoscout24.de
Skoda;Octavia;Combi Style 2.0 TSI DSG StandHZG El. Panodach Navi;Bringservice deutschlandweit!;€ 14.990;Sehr guter Preis;151.000 km;Automatik;11/2018;Benzin;140 kW (190 PS);nan;nan;Autoscout24.de
Kia;Ceed / cee'd;1.0 TGDI Active*NAVI*TEMPO*CAM*PDC*AHK*ALU*;❗Service Historie und Gebrauchtspureninfos auf Anruf;€ 9.990;Sehr guter Preis;90.456 km;Schaltgetriebe;05/2018;Benzin;88 kW (120 PS);5,2 l/100 km;120 g/km;Autoscout24.de
BMW;116;ADVANTAGE KLIMA+NAV+ALLWETTER+EINPARKHILF+TÜ;TempomatLederlenkradSitzheizungRegWartung;€ 11.970;Fairer Preis;105.900 km;Schaltgetriebe;10/2016;Benzin;80 kW (109 PS);5,4 l/100 km;127 g/km;Autoscout24.de
Ford;Mondeo;2.0Hybrid Kombi Aut.Titanium+TEMPO+PDC;Alufelgen, USB, Ambientebeleuchtung, Beheizbare Frontscheibe, Sitzheizung, Beifahrerairbag, Fernlichtassistent, Dachreling; ;nan;nan;nan;nan;nan;nan;nan;nan;Autoscout24.de
Volkswagen;Polo;1.0 MPI Trendline;Einparkhilfe Sensoren hinten, Multifunktionslenkrad, MP3, Pannenkit, Seitenairbag, E10-geeignet, Traktionskontrolle, Isofix;€ 13.950;Guter Preis;36.209 km;Schaltgetriebe;01/2021;Benzin;59 kW (80 PS);5,6 l/100 km;128 g/km;Autoscout24.de
Citroen;C3;Feel Pack PureTech 82 83 EU6d 1.2 PURETECH LED Kli;Klimaautomatik, Einparkhilfe Sensoren hinten, Fahrerairbag, Bi-Xenon Scheinwerfer, Touchscreen, Spurhalteassistent, Sitzheizung, Elektr. Fensterheber;€ 12.980;Sehr guter Preis;8.623 km;Schaltgetriebe;04/2022;Benzin;60 kW (82 PS);5,5 l/100 km;124 g/km;Autoscout24.de
Audi;S1;2.0 TFSI quattro 1. Hd./Bi-Xenon/Bose Sound/Leder/;Multifunktionslenkrad, Bluetooth, Sportsitze, Allrad, Sportfahrwerk, MP3, Seitenairbag, Sommerreifen;€ 23.810;Sehr guter Preis;25.624 km;Schaltgetriebe;05/2018;Benzin;170 kW (231 PS);nan;nan;Autoscout24.de
Mercedes-Benz;C 200;4Matic Avantg,7G-Tronic,Distronic,Head-up,Leder,Pa;Car Garantie incl.;€ 20.900;nan;104.554 km;Automatik;03/2016;Benzin;135 kW (184 PS);nan;nan;Autoscout24.de
BMW;218;Active Tourer i M Sport;Sportfahrwerk, Sportsitze, LED-Scheinwerfer, Einparkhilfe Kamera, Sportpaket, Bluetooth, Einparkhilfe selbstlenkendes System, E10-geeignet;€ 13.900;Guter Preis;145.000 km;Automatik;03/2017;Benzin;100 kW (136 PS);nan;nan;Autoscout24.de
Peugeot;2008;1.5 BlueHDi 120 Allure Autom. Leder, Panor.;Unser Angebot der Woche;€ 16.900;Sehr guter Preis;36.300 km;Automatik;03/2020;Diesel;88 kW (120 PS);nan;nan;Autoscout24.de
BMW;525;d Sport Line Navi/ACC/Virtual/LED/Ambiente;Sportpaket, Volldigitales Kombiinstrument, LED-Scheinwerfer, Ambientebeleuchtung, Sportsitze, Schaltwippen, Einparkhilfe Sensoren vorne, Sitzheizung;€ 25.490;Guter Preis;139.000 km;Automatik;06/2019;Diesel;170 kW (231 PS);nan;nan;Autoscout24.de
Mazda;6;Lim. Sports-Line/HUD/LED/LENKRADHEIZUNG/TOTW;Sportfahrwerk, Elektrische Sitze, Schiebedach, Sportpaket, Getönte Scheiben, Abstandstempomat, Einparkhilfe Kamera, LED-Scheinwerfer;€ 18.800;Fairer Preis;112.859 km;Automatik;06/2018;Diesel;129 kW (175 PS);4,8 l/100 km;127 g/km;Autoscout24.de
Mercedes-Benz;GLC 220;d 4Matic AMG Aut. AHK LED COMAND TEMP SHZ;Sportpaket, Sportfahrwerk, Allrad, Anhängerkupplung, Navigationssystem, Sitzheizung, Elektrische Sitze, Alufelgen;€ 26.600;Guter Preis;136.800 km;Automatik;10/2017;Diesel;125 kW (170 PS);5,0 l/100 km;129 g/km;Autoscout24.de
BMW;116;Baureihe 1 Lim. 5-trg. 116 i 61 TKM;Sitzheizung, E10-geeignet, Einparkhilfe Sensoren vorne, Tempomat, Alufelgen, Traktionskontrolle, Nebelscheinwerfer, Einparkhilfe Sensoren hinten;€ 12.599;Sehr guter Preis;61.250 km;Schaltgetriebe;09/2017;Benzin;80 kW (109 PS);5,3 l/100 km;123 g/km;Autoscout24.de
Opel;Corsa;1.2 Edition/PDC/SHZ/TEMPOMAT/ISOFIX/BLUETO;Touchscreen, Sitzheizung, Sportsitze, Einparkhilfe Sensoren hinten, Klimaanlage, Sportfahrwerk, Freisprecheinrichtung, Spurhalteassistent;€ 11.890;Sehr guter Preis;27.500 km;Schaltgetriebe;02/2020;Benzin;55 kW (75 PS);5,3 l/100 km;120 g/km;Autoscout24.de
Citroen;C4 Cactus;ShinePureTech 130 Automatik, Navi, Kamera, 1.Hand;Seitenairbag, Regensensor, Totwinkel-Assistent, Sitzheizung, E10-geeignet, Einparkhilfe Kamera, Lordosenstütze, DAB-Radio;€ 13.680;Guter Preis;70.800 km;Automatik;12/2019;Benzin;96 kW (131 PS);4,7 l/100 km;108 g/km;Autoscout24.de
Ford;Focus;ST 2.3 EcoBoost *RECARO*PANO* ACC*LED*KAMERA*SHZ;Sportfahrwerk, Lichtsensor, Lederlenkrad, Abstandstempomat, Seitenairbag, Schiebedach, W-Lan / Wifi Hotspot, Soundsystem;€ 17.990;Sehr guter Preis;160.804 km;Automatik;06/2020;Benzin;206 kW (280 PS);nan;nan;Autoscout24.de
Mercedes-Benz;E 200;d T-Modell +MBUX+Avantgarde+AHK+Cam+SpurW;Sportpaket, Sportfahrwerk, Anhängerkupplung, Sitzheizung, Elektrische Sitze, Sprachsteuerung, Einparkhilfe Kamera, Totwinkel-Assistent;€ 22.895;nan;84.700 km;Automatik;11/2018;Diesel;110 kW (150 PS);6,4 l/100 km;169 g/km;Autoscout24.de
Volkswagen;T-Cross;1.5 TSI Style OPF;Navigationssystem, Ambientebeleuchtung, Einparkhilfe Kamera, Sportsitze, Volldigitales Kombiinstrument, Totwinkel-Assistent, LED-Scheinwerfer, Sitzheizung;€ 19.950;Sehr guter Preis;37.000 km;Automatik;05/2020;Benzin;110 kW (150 PS);nan;nan;Autoscout24.de
Renault;Clio;IV 1.2 16V 75 Limited;Isofix, Alufelgen, LED-Scheinwerfer, Geschwindigkeits-begrenzungsanlage, Navigationssystem, Touchscreen, MP3, Einparkhilfe Sensoren hinten;€ 8.930;Fairer Preis;64.786 km;Schaltgetriebe;05/2017;Benzin;54 kW (73 PS);nan;nan;Autoscout24.de
Opel;Corsa;Elegance DAB Spurhalteassistent LED Scheinwerfer;Sitzheizung, Nebelscheinwerfer, Regensensor, Alufelgen, Einparkhilfe Sensoren vorne, Fernlichtassistent, LED-Scheinwerfer, DAB-Radio;€ 13.500;Sehr guter Preis;29.408 km;Schaltgetriebe;04/2021;Benzin;74 kW (101 PS);4,3 l/100 km;98 g/km;Autoscout24.de
Skoda;Octavia;Combi Style 1.4 TSI DSG LED AHK STANDHZG;Anhängerkupplung, Standheizung, Elektrische Sitze, Einparkhilfe Kamera, Sitzheizung, Bluetooth, Ambientebeleuchtung, Scheinwerferreinigung;€ 19.670;Sehr guter Preis;18.200 km;Automatik;04/2018;Benzin;110 kW (150 PS);nan;nan;Autoscout24.de
BMW;118;i Advantage Line Leder Dakota|Navi|LED|SHZ;Sitzheizung, 2-Zonen-Klimaautomatik, Ambientebeleuchtung, Einparkhilfe Sensoren vorne, LED-Scheinwerfer, Verkehrszeichenerkennung, Navigationssystem, Voll-LED Scheinwerfer;€ 16.349;Guter Preis;69.716 km;Automatik;10/2018;Benzin;100 kW (136 PS);nan;nan;Autoscout24.de
Kia;XCeed;1.6 Plug-in Hybrid Vision Navi, Angebot der Woche;Unser Angebot der Woche; ;nan;nan;nan;nan;nan;nan;nan;nan;Autoscout24.de
Lada;Niva;4x4 1.HAND,AHK,SERVOLENKUNG,SITZHEIZUNG;Sitzheizung, Anhängerkupplung, Soundsystem, Tagfahrlicht, LED-Tagfahrlicht;€ 11.880;Sehr guter Preis;40.000 km;Schaltgetriebe;08/2019;Benzin;61 kW (83 PS);9,8 l/100 km;226 g/km;Autoscout24.de
Jeep;Grand Cherokee;3.0 CRD Summit-Luft-Pano-H K-AHK-;Beifahrerairbag, Freisprecheinrichtung, Luftfederung, Sportpaket, Bluetooth, Einparkhilfe Kamera, Touchscreen, Sprachsteuerung;€ 23.900;Sehr guter Preis;139.900 km;Automatik;02/2019;Diesel;184 kW (250 PS);7,0 l/100 km;nan;Autoscout24.de
Opel;Grandland X;"2.0d Aut Ultim MEMO+360+LED+AHK+19""";Sitzbelüftung, Elektrische Sitze, Anhängerkupplung, Getönte Scheiben, Sitzheizung, DAB-Radio, Start/Stop-Automatik, Beheizbares Lenkrad;€ 16.650;Sehr guter Preis;100.000 km;Automatik;01/2019;Diesel;130 kW (177 PS);4,9 l/100 km;128 g/km;Autoscout24.de
Citroen;Berlingo;Feel M SHZ NAVI Kamera DAB KLIMA;Schiebetür links, Klimaanlage, Beifahrerairbag, Dachreling, Alufelgen, Elektr. Fensterheber, Isofix, Sitzheizung;€ 16.950;Sehr guter Preis;58.000 km;Schaltgetriebe;03/2019;Diesel;96 kW (131 PS);nan;nan;Autoscout24.de
Kia;Picanto;Dream Team 1.0 Klimaautomatik SHZ Bluetooth Zentra;Pannenkit, Alufelgen, Sitzheizung, Klimaanlage, Elektr. Fensterheber, Klimaautomatik, Multifunktionslenkrad, Elektrische Seitenspiegel;€ 6.900;Sehr guter Preis;77.660 km;Schaltgetriebe;01/2016;Benzin;49 kW (67 PS);nan;nan;Autoscout24.de
Ford;Fiesta;Cool & Connect1.1 COOL&CONN Navi Apple CarPlay And;Einparkhilfe Sensoren hinten, Sitzheizung, Navigationssystem, Spurhalteassistent, Katalysator, Touchscreen, Lederlenkrad, Android Auto;€ 11.790;Sehr guter Preis;48.889 km;Schaltgetriebe;12/2019;Benzin;63 kW (86 PS);nan;nan;Autoscout24.de
Nissan;Qashqai;Visia *PDC*RADIO*KLIMA*XENON*TEMPOMAT*;Alufelgen, Spurhalteassistent, Getönte Scheiben, Tempomat, Anhängerkupplung, Einparkhilfe Sensoren hinten, Geschwindigkeits-begrenzungsanlage, Beifahrerairbag;€ 9.299;Sehr guter Preis;116.591 km;Schaltgetriebe;09/2016;Benzin;85 kW (116 PS);5,6 l/100 km;129 g/km;Autoscout24.de
BMW;218;Active Tourer d xDrive Advantage, LED, SH, PDC, Rü;Allrad, Einparkhilfe Kamera, Elektrische Heckklappe, Sportsitze, Isofix, LED-Scheinwerfer, Navigationssystem, Sitzheizung;€ 16.990;nan;93.259 km;Automatik;04/2020;Diesel;110 kW (150 PS);5,4 l/100 km;142 g/km;Autoscout24.de
Peugeot;208;130 EAT8 Allure NAVI CARPLAY PDC VIRTUAL COCKPIT;Verkehrszeichenerkennung, Spurhalteassistent, E10-geeignet, Notbremsassistent, Alufelgen, Apple CarPlay, Touchscreen, Navigationssystem;€ 14.250;Guter Preis;73.828 km;Automatik;10/2019;Benzin;96 kW (131 PS);4,5 l/100 km;103 g/km;Autoscout24.de
Toyota;Aygo X;1,0 l Play CVT / Pflegedienst Aktion;MEISTERGEPRÜFT;€ 15.920;Sehr guter Preis;5 km;Automatik;12/2024;Benzin;53 kW (72 PS);5,0 l/100 km;114 g/km;Autoscout24.de
Jaguar;XF;Sportbrake R-Sport Leder/Navi/SHZ;Sportfahrwerk, Innenspiegel automatisch abblendend, 2-Zonen-Klimaautomatik, USB, Traktionskontrolle, ESP, Totwinkel-Assistent, Einparkhilfe Kamera;€ 19.950;Sehr guter Preis;100.000 km;Automatik;06/2018;Diesel;221 kW (300 PS);7,5 l/100 km;171 g/km;Autoscout24.de
Ford;C-Max;1.0 EcoBoost Titanium Rückfahrkamera;Einparkhilfe selbstlenkendes System, E10-geeignet, 2-Zonen-Klimaautomatik, Einparkhilfe Sensoren vorne, Touchscreen, Navigationssystem, Spurhalteassistent, Sitzheizung;€ 11.390;Sehr guter Preis;54.000 km;Schaltgetriebe;09/2016;Benzin;92 kW (125 PS);nan;nan;Autoscout24.de
Toyota;RAV 4;RAV4 2.5 HYBRID Comfort|AHK;Anhängerkupplung, Einparkhilfe Kamera, Reifendruckkontrollsystem, Abstandstempomat, LED-Scheinwerfer, Tempomat, Seitenairbag, Katalysator; ;nan;nan;nan;nan;nan;nan;nan;nan;Autoscout24.de
Skoda;Superb;2.0 TDi Combi Automatik **Navi*AHK*ACC**;Elektrische Sitze, Anhängerkupplung, Elektrische Heckklappe, 3-Zonen-Klimaautomatik, Sitzheizung, LED-Scheinwerfer, Einparkhilfe Kamera, DAB-Radio;€ 16.995;Sehr guter Preis;167.000 km;Automatik;07/2020;Diesel;110 kW (150 PS);3,9 l/100 km;102 g/km;Autoscout24.de
Audi;Q2;Sport TFSI S-tronic LED ACC NAVI SHZ SPUR PDC;- Ihre Zufriedenheit ist unser Antrieb -;€ 19.760;Sehr guter Preis;47.650 km;Automatik;01/2017;Benzin;110 kW (150 PS);5,2 l/100 km;119 g/km;Autoscout24.de
Opel;Corsa;1.2T Edition Tempomat PDC v+h/ Kamera/ SHZ;Sitzheizung, Einparkhilfe Sensoren vorne, Beheizbares Lenkrad, Einparkhilfe Kamera, Einparkhilfe Sensoren hinten, Totwinkel-Assistent, Fernlichtassistent, Fahrerairbag;€ 14.990;Sehr guter Preis;13.133 km;Schaltgetriebe;01/2024;Benzin;74 kW (101 PS);5,2 l/100 km;118 g/km;Autoscout24.de
Fiat;Ducato;2,3 HDI L4-H2 Maxi Hoch+Lang *Garantie*;12-64 Monate Garantie / Tüv & Inspektion= NEU !;€ 16.490;Sehr guter Preis;114.000 km;Schaltgetriebe;04/2019;Diesel;96 kW (131 PS);nan;nan;Autoscout24.de
Kia;Sportage;Dream Team 2WD 1.6 GDI+Rückfahrkam.+Navi+SitzHZG+T;Mitsubishi & Honda Vertragspartner seit über 40 Jahren;€ 15.480;Sehr guter Preis;69.519 km;Schaltgetriebe;09/2018;Benzin;97 kW (132 PS);nan;nan;Autoscout24.de
Volkswagen;Golf;VII 1.5 TSI Comfortline BM SHZ | ACC | aAHK;Sitzheizung, 2-Zonen-Klimaautomatik, Abstandstempomat, Beifahrerairbag, Alufelgen, Anhängerkupplung, Regensensor, Multifunktionslenkrad;€ 13.450;Sehr guter Preis;122.100 km;Schaltgetriebe;10/2018;Benzin;96 kW (131 PS);6,0 l/100 km;133 g/km;Autoscout24.de
SsangYong;Tivoli;1.5 Quartz Navi+Kamera+Sitzheizung;Navigationssystem, teilb. Rücksitzbank, Regensensor, Einparkhilfe Kamera, Tempomat, Voll-LED Scheinwerfer, Freisprecheinrichtung, Totwinkel-Assistent;€ 15.980;nan;23.499 km;Schaltgetriebe;10/2022;Benzin;163 kW (222 PS);nan;nan;Autoscout24.de
SEAT;Ibiza;FR;Sitzheizung, Schlüssellose Zentralverriegelung, Sportsitze, Navigationssystem, Ambientebeleuchtung, Klimaautomatik, LED-Scheinwerfer, Sportfahrwerk;€ 15.950;Sehr guter Preis;25.741 km;Schaltgetriebe;03/2021;Benzin;81 kW (110 PS);nan;nan;Autoscout24.de
Ford;Fiesta;Vignale;Einparkhilfe Kamera, Alufelgen, Regensensor, Klimaautomatik, Beifahrerairbag, E10-geeignet, Beheizbare Frontscheibe, Sommerreifen;€ 12.990;Sehr guter Preis;62.300 km;Automatik;06/2018;Benzin;74 kW (101 PS);5,2 l/100 km;118 g/km;Autoscout24.de
SEAT;Leon;ST 2.0d 4Drive 4x4 DSG X-Perience PANO+LED+;Allrad, Schiebedach, LED-Scheinwerfer, Einparkhilfe Sensoren vorne, Sportpaket, Reifendruckkontrollsystem, USB, Sitzheizung;€ 11.750;Sehr guter Preis;150.000 km;Automatik;10/2016;Diesel;135 kW (184 PS);4,7 l/100 km;125 g/km;Autoscout24.de
SEAT;Leon;1.5 TGI ERDGAS FR PANORAMA,KAMERA,CARPLAY;Sportfahrwerk, Sitzheizung, Schiebedach, Einparkhilfe Kamera, Panoramadach, Bordcomputer, Sportpaket, Regensensor;€ 17.460;Sehr guter Preis;58.795 km;Automatik;04/2020;Benzin;96 kW (131 PS);5,5 l/100 km;98 g/km;Autoscout24.de
Jaguar;F-Pace;20d Portfolio 4x4 PANO NAVI DIGITAL TACHO;Seit 1963 Ihr KFZ-Meisterbetrieb in Mainz Bretzenheim;€ 22.990;Sehr guter Preis;119.970 km;Automatik;01/2019;Diesel;132 kW (179 PS);5,7 l/100 km;151 g/km;Autoscout24.de
Ford;Puma;1.0 EcoBoost ST-Linie ST-Line *LED*NAVI*TWA;Schlüssellose Zentralverriegelung, Sportfahrwerk, USB, Sitzheizung, Einparkhilfe Kamera, Abstandstempomat, LED-Scheinwerfer, Navigationssystem;€ 17.804;Sehr guter Preis;13.975 km;Schaltgetriebe;05/2021;Benzin;92 kW (125 PS);nan;nan;Autoscout24.de
Volkswagen;Touran;Comfortline 2.0TDI AHK/ACC/MASSAGE/NAVI;Anhängerkupplung, Multifunktionslenkrad, 3-Zonen-Klimaautomatik, Alufelgen, Navigationssystem, Isofix, Abstandstempomat, Einparkhilfe Sensoren vorne;€ 15.970;Sehr guter Preis;145.001 km;Schaltgetriebe;04/2020;Diesel;85 kW (116 PS);5,5 l/100 km;146 g/km;Autoscout24.de
Volkswagen;Polo;TSI Highline;Sportsitze, LED-Scheinwerfer, E10-geeignet, Volldigitales Kombiinstrument, Einparkhilfe Sensoren vorne, Einparkhilfe Kamera, Sitzheizung, Pannenkit;€ 15.590;Sehr guter Preis;71.250 km;Schaltgetriebe;04/2022;Benzin;81 kW (110 PS);5,1 l/100 km;117 g/km;Autoscout24.de
Citroen;C5 Aircross;2.0 Live Aut.+SHZ+PP+16ZOLL;Sitzheizung, Einparkhilfe Kamera, Sportsitze, Freisprecheinrichtung, Verkehrszeichenerkennung, Einparkhilfe Sensoren vorne, Lederlenkrad, Touchscreen;€ 18.749;Sehr guter Preis;55.750 km;Automatik;04/2020;Diesel;132 kW (179 PS);4,7 l/100 km;nan;Autoscout24.de
Toyota;Aygo;play club 1.0l 5-Türer Rückfahrkamera Apple CarPla;Fast Start 2020;€ 9.560;Sehr guter Preis;31.624 km;Schaltgetriebe;12/2019;Benzin;53 kW (72 PS);nan;nan;Autoscout24.de
Opel;Insignia;2.0 CDTI Aut ** OPC-LINE ** Panorama **;Sitzbelüftung, 2-Zonen-Klimaautomatik, Schiebedach, Sportpaket, Bi-Xenon Scheinwerfer, Sportfahrwerk, Panoramadach, Verkehrszeichenerkennung;€ 14.950;Fairer Preis;119.433 km;Automatik;02/2016;Diesel;125 kW (170 PS);5,5 l/100 km;145 g/km;Autoscout24.de
Volkswagen;Sharan;2.0 TDI Highline *XENON*REARVIEW*GRA*;Einparkhilfe Kamera, Sitzheizung, Einparkhilfe Sensoren vorne, Sportfahrwerk, Beifahrerairbag, Isofix, Ambientebeleuchtung, 3-Zonen-Klimaautomatik;€ 20.450;Sehr guter Preis;95.375 km;Schaltgetriebe;06/2017;Diesel;135 kW (184 PS);nan;nan;Autoscout24.de
Peugeot;2008;PureTech 130 EAT8 Allure Pack;Einparkhilfe Kamera, Fahrerairbag, Alufelgen, Dachreling, Freisprecheinrichtung, Notbremsassistent, Getönte Scheiben, Navigationssystem;€ 16.900;Fairer Preis;76.264 km;Automatik;10/2021;Benzin;96 kW (131 PS);4,8 l/100 km;109 g/km;Autoscout24.de
Ford;Transit Custom;2.0 TDCi Kombi 320 **9 Sitze**;Isofix, Beifahrerairbag, Schiebetür rechts, Getönte Scheiben, Start/Stop-Automatik, Reifendruckkontrollsystem, Einparkhilfe Sensoren vorne, Tempomat;€ 18.995;Guter Preis;150.000 km;Schaltgetriebe;05/2019;Diesel;77 kW (105 PS);6,4 l/100 km;168 g/km;Autoscout24.de
Ford;Focus;Cool Rückfahrkamera Navi Sitzheizung Totwinkel;LED-Scheinwerfer, Sitzheizung, Reifendruckkontrollsystem, Regensensor, Beifahrerairbag, Totwinkel-Assistent, Navigationssystem, Einparkhilfe Kamera;€ 16.250;Sehr guter Preis;40.360 km;Automatik;02/2021;Diesel;88 kW (120 PS);3,6 l/100 km;92 g/km;Autoscout24.de
Volkswagen;T-Cross;United 1.0 TSI DSG Ganzj.Reifen App-Connect Einpar;Sitzheizung, Einparkhilfe Sensoren vorne, Ambientebeleuchtung, 2-Zonen-Klimaautomatik, Regensensor, Getönte Scheiben, MP3, DAB-Radio;€ 18.730;Guter Preis;46.350 km;Automatik;10/2020;Benzin;85 kW (116 PS);nan;nan;Autoscout24.de
Kia;Ceed SW / cee'd SW;Cee'd SW 1.6d Hyb 7G Spirit MEMO+KAM+LED+ACC+;Elektrische Heckklappe, Schaltwippen, Sitzheizung, Alarmanlage, Einparkhilfe Kamera, Totwinkel-Assistent, 2-Zonen-Klimaautomatik, Induktionsladen für Smartphones; ;nan;nan;nan;nan;nan;nan;nan;nan;Autoscout24.de
BMW;118;i Advantage Lenkradhzg. LED SpurAss PDC KeyLess;Totwinkel-Assistent, MP3, Elektrische Heckklappe, Voll-LED Scheinwerfer, Beheizbares Lenkrad, 2-Zonen-Klimaautomatik, USB, Getönte Scheiben;€ 19.755;Sehr guter Preis;44.027 km;Automatik;11/2020;Benzin;100 kW (136 PS);5,6 l/100 km;129 g/km;Autoscout24.de
MINI;Cooper SE;Mini Cooper SE Navi LED ACC 1.Hd mtl. 149.-;Abstandstempomat, Sportsitze, Ambientebeleuchtung, Navigationssystem, Seitenairbag, Reifendruckkontrollsystem, Kopfairbag, Spoiler; ;nan;nan;nan;nan;nan;nan;nan;nan;Autoscout24.de
Citroen;C3;Shine PDC+Navi+PANORAMA+Klimaauto+LED+Sitzhzg;Einparkhilfe Kamera, Apple CarPlay, Panoramadach, Fahrerairbag, E10-geeignet, Regensensor, Navigationssystem, Einparkhilfe Sensoren hinten;€ 9.990;Sehr guter Preis;59.997 km;Schaltgetriebe;08/2020;Benzin;60 kW (82 PS);4,2 l/100 km;96 g/km;Autoscout24.de
MINI;Cooper SE;Mini Cooper SE Navi LED ACC 1.Hd mtl. 149.-;Abstandstempomat, Sportsitze, Ambientebeleuchtung, Navigationssystem, Seitenairbag, Reifendruckkontrollsystem, Kopfairbag, Spoiler; ;nan;nan;nan;nan;nan;nan;nan;nan;Autoscout24.de
Audi;S7;Sportback NIGHT/QUATTRO/MATRIX/SHZ/2.HAND/LED;360° Kamera, 4-Zonen-Klimaautomatik, Sportsitze, Sportfahrwerk, Volldigitales Kombiinstrument, Sportpaket, Abstandstempomat, Allrad;€ 55.900;Sehr guter Preis;82.000 km;Automatik;03/2020;Diesel;257 kW (349 PS);6,5 l/100 km;170 g/km;Autoscout24.de
Volkswagen;Golf;1.8 TSI DSG U.S. Edition;Einparkhilfe Kamera, Lordosenstütze, Pannenkit, Notbremsassistent, Multifunktionslenkrad, Freisprecheinrichtung, Seitenairbag, Fahrerairbag;€ 16.999;Sehr guter Preis;78.000 km;Automatik;07/2018;Benzin;125 kW (170 PS);nan;nan;Autoscout24.de
Fiat;500;Lounge Sitzheizung;Apple CarPlay, Alufelgen, Nebelscheinwerfer, Einparkhilfe Sensoren hinten, Sitzheizung, Schiebedach, Android Auto, Seitenairbag;€ 11.490;Sehr guter Preis;51.100 km;Schaltgetriebe;02/2020;Benzin;51 kW (69 PS);5,5 l/100 km;126 g/km;Autoscout24.de
Audi;A3;Sportback 1.5 TFSI cod sport;Sportfahrwerk, Sportsitze, Navigationssystem, Apple CarPlay, ESP, Volldigitales Kombiinstrument, Dachreling, Bluetooth;€ 16.990;Guter Preis;96.680 km;Schaltgetriebe;11/2017;Benzin;110 kW (150 PS);nan;nan;Autoscout24.de
Peugeot;5008;Allure 1.2T NAVI/LED/PDC/AHK/7-SITZER/TEMPO;Anhängerkupplung, Einparkhilfe Sensoren vorne, Dachreling, Ambientebeleuchtung, 2-Zonen-Klimaautomatik, Navigationssystem, Android Auto, Elektrische Seitenspiegel;€ 16.490;Sehr guter Preis;112.010 km;Automatik;01/2020;Benzin;96 kW (131 PS);5,2 l/100 km;119 g/km;Autoscout24.de
Audi;A6;Avant 2.0 TDI S-tronic SPORT AHK;Alufelgen, Isofix, Sportsitze, Anhängerkupplung, Einparkhilfe Sensoren vorne, Sitzheizung, 4-Zonen-Klimaautomatik, Scheinwerferreinigung;€ 16.450;Sehr guter Preis;157.483 km;Automatik;01/2016;Diesel;140 kW (190 PS);5,2 l/100 km;115 g/km;Autoscout24.de
BMW;120;Sport Line SAG NaviBusiness PDC HiFi 18Zoll;Ihr BMW Servicepartner für die Region Hannover;€ 16.999;Fairer Preis;111.000 km;Automatik;09/2016;Benzin;135 kW (184 PS);6,0 l/100 km;nan;Autoscout24.de
Opel;Corsa;E 1.4 COLOR EDIT. NAVI/LED/TEMP./PDC/DAB+;Alufelgen, Apple CarPlay, Pannenkit, Navigationssystem, Einparkhilfe Sensoren hinten, Touchscreen, Android Auto, Sportsitze;€ 9.850;Guter Preis;49.750 km;Schaltgetriebe;06/2018;Benzin;66 kW (90 PS);4,7 l/100 km;110 g/km;Autoscout24.de
Opel;Astra;Edition 1.2 *Klima*CarPlay*Tempomat*;Sitzheizung, E10-geeignet, Beheizbares Lenkrad, Fahrerairbag, Einparkhilfe Sensoren hinten, Elektr. Fensterheber, Einparkhilfe Sensoren vorne, Android Auto;€ 15.990;Sehr guter Preis;15.200 km;Schaltgetriebe;04/2024;Benzin;55 kW (75 PS);nan;120 g/km;Autoscout24.de
Nissan;Juke;4x4 RFK. Klima. Navi. Sitzh. Schiebedach.;Seit 1963 Ihr KFZ-Meisterbetrieb in Mainz Bretzenheim;€ 12.990;Sehr guter Preis;112.900 km;Automatik;02/2017;Benzin;140 kW (190 PS);6,5 l/100 km;153 g/km;Autoscout24.de
Tesla;Model Y;Long Range AWD *20-Zoll*AHK*Matrix-LED*;Europe biggest used Tesla dealer; ;nan;nan;nan;nan;nan;nan;nan;nan;Autoscout24.de
Citroen;C3;Shine PT 110 S&S EAT6*NAV*LED*Kamera*;Einparkhilfe Kamera, Sitzheizung, Alufelgen, Navigationssystem, Klimaautomatik, Beifahrerairbag, Regensensor, Android Auto;€ 15.990;Sehr guter Preis;8.066 km;Automatik;04/2023;Benzin;81 kW (110 PS);nan;nan;Autoscout24.de
Nissan;Qashqai;"1.6 DIG-T Tekna 360° PGD Alu19"" Navi AHK";LED-Scheinwerfer, Anhängerkupplung, Dachreling, Ambientebeleuchtung, Einparkhilfe selbstlenkendes System, 360° Kamera, Navigationssystem, Totwinkel-Assistent;€ 19.750;Sehr guter Preis;34.980 km;Schaltgetriebe;02/2020;Benzin;117 kW (159 PS);nan;nan;Autoscout24.de
Mercedes-Benz;Vito;Kasten eVito 111/112 lang;Sitzheizung, Beifahrerairbag, Navigationssystem, Klimaanlage, Traktionskontrolle, DAB-Radio, Bluetooth, Elektrische Seitenspiegel; ;nan;nan;nan;nan;nan;nan;nan;nan;Autoscout24.de
Audi;Q8;55 TFSI QUATTRO/MATRIX/360°/BANG&OLUFSEN;360° Kamera, Panoramadach, Luftfederung, Head-up display, Abstandstempomat, Müdigkeitswarnsystem, Sportsitze, Soundsystem;€ 49.900;nan;79.435 km;Automatik;02/2019;Benzin;250 kW (340 PS);8,9 l/100 km;nan;Autoscout24.de
MG;MG3;Hybrid+ Std Kamera*Apple/Android*Standhzg.*;Abstandstempomat, Getönte Scheiben, LED-Tagfahrlicht, Bluetooth, E10-geeignet, Verkehrszeichenerkennung, Einparkhilfe Kamera, Touchscreen; ;nan;nan;nan;nan;nan;nan;nan;nan;Autoscout24.de
Mercedes-Benz;C 180;CGI T Exclusive **LED*Navi*SHZ*PDC**;LED-Scheinwerfer, Navigationssystem, Elektrische Sitze, Fernlichtassistent, Sitzheizung, E10-geeignet, Multifunktionslenkrad, Einparkhilfe selbstlenkendes System;€ 19.795;Fairer Preis;58.000 km;Schaltgetriebe;07/2016;Benzin;115 kW (156 PS);nan;nan;Autoscout24.de
Ford;Tourneo Custom;SORTIMO EUROLINE 310 L1, Markise, Standheiz, ACC;Markise, Beifahrerairbag, Beheizbare Frontscheibe, Einparkhilfe Kamera, Kurvenlicht, Navigationssystem, Alufelgen, Armlehne;€ 29.980;Sehr guter Preis;98.900 km;Automatik;03/2018;Diesel;125 kW (170 PS);7,0 l/100 km;181 g/km;Autoscout24.de
Tesla;Model S;Dual;Bordcomputer, Beheizbares Lenkrad, Luftfederung, Traktionskontrolle, Ambientebeleuchtung, Fernlichtassistent, Sitzheizung, Allrad; ;nan;nan;nan;nan;nan;nan;nan;nan;Autoscout24.de
Fiat;Fullback;2.4 Double Cab 4x4 LX Plus *Navi AHK*;Elektrische Sitze, Alufelgen, Freisprecheinrichtung, Allrad, Beifahrerairbag, Elektr. Fensterheber, MP3, Musikstreaming integriert;€ 11.990;Sehr guter Preis;252.454 km;Automatik;08/2019;Diesel;133 kW (181 PS);nan;nan;Autoscout24.de
CUPRA;Formentor;1,5 TSI DSG *Navi*GJR*Sitzheizung*;Sitzheizung, Einparkhilfe Kamera, Regensensor, LED-Scheinwerfer, Dachreling, Einparkhilfe selbstlenkendes System, Sportsitze, Reifendruckkontrollsystem;€ 21.990;Sehr guter Preis;75.900 km;Automatik;03/2021;Benzin;110 kW (150 PS);5,5 l/100 km;126 g/km;Autoscout24.de
Mercedes-Benz;C 200;T d AHK*PDC*Tempo*Navi*LedTF*1 Hand;Sportfahrwerk, Alufelgen, Lederlenkrad, Anhängerkupplung, Navigationssystem, Sitzheizung, Xenonscheinwerfer, Elektrische Sitze;€ 18.980;Sehr guter Preis;95.327 km;Schaltgetriebe;02/2020;Diesel;118 kW (160 PS);4,8 l/100 km;127 g/km;Autoscout24.de
Dodge;Challenger;5.7 HEMI V8 R/T Navi | Leder | CAM;Navigationssystem, Sitzheizung, Apple CarPlay, LED-Scheinwerfer, Sportfahrwerk, Elektrische Sitze, 2-Zonen-Klimaautomatik, Soundsystem;€ 29.950;Sehr guter Preis;45.000 km;Automatik;03/2017;Benzin;277 kW (377 PS);nan;nan;Autoscout24.de
BMW;Z4;Baureihe Z4 Roadster sDrive 35i;Schaltwippen, Soundsystem, Totwinkel-Assistent, Lederlenkrad, Sommerreifen, Ambientebeleuchtung, Isofix, Getönte Scheiben;€ 31.990;Sehr guter Preis;19.821 km;Automatik;09/2016;Benzin;225 kW (306 PS);9,4 l/100 km;223 g/km;Autoscout24.de
Peugeot;5008;Active 1.5D NAVI/SHZ/LED/PDC/TEMPO/DAB+;Sitzheizung, Einparkhilfe Sensoren vorne, Android Auto, Spurhalteassistent, Navigationssystem, Alufelgen, Geschwindigkeits-begrenzungsanlage, Getönte Scheiben;€ 17.340;nan;91.940 km;Automatik;10/2019;Diesel;96 kW (131 PS);4,1 l/100 km;109 g/km;Autoscout24.de
Mercedes-Benz;A 200;Progressive (EURO 6d-TEMP) Navi Business u. Spiege;TOP PARTNER | Finanzierung | Inzahlungnahme.;€ 18.975;Guter Preis;66.200 km;Schaltgetriebe;08/2018;Benzin;120 kW (163 PS);nan;nan;Autoscout24.de
Dacia;Sandero;III 1.0 TCe 90 Expression CVT LED Einpar;Tempomat, Nebelscheinwerfer, Lederlenkrad, Einparkhilfe Sensoren hinten, Armlehne, Touchscreen, Elektrische Seitenspiegel, Klimaanlage;€ 15.990;Sehr guter Preis;4.613 km;Automatik;01/2024;Benzin;67 kW (91 PS);nan;nan;Autoscout24.de
Audi;A6;Avant 2.0 TDI S-Tronic Ultra NAV+XEN+PANO+KAM;Einparkhilfe Kamera, Sportfahrwerk, Panoramadach, Sportsitze, CD, Schlüssellose Zentralverriegelung, Alufelgen, Lordosenstütze;€ 19.749;Erhöhter Preis;194.750 km;Automatik;03/2018;Diesel;140 kW (190 PS);4,7 l/100 km;nan;Autoscout24.de
Kia;Picanto;PICANTO 1.2 DPI MT Dream Team Edition;Alufelgen, Einparkhilfe Kamera, Nebelscheinwerfer, Sitzheizung, Beifahrerairbag, Seitenairbag, Ambientebeleuchtung, Apple CarPlay;€ 12.980;Sehr guter Preis;20.930 km;Schaltgetriebe;05/2022;Benzin;62 kW (84 PS);nan;nan;Autoscout24.de
BMW;330;Touring 330i Sport Line 185 kW (252 PS), Autom....;Start/Stop-Automatik, Lederlenkrad, Alufelgen, Sportsitze, Freisprecheinrichtung, Ambientebeleuchtung, Panoramadach, Sportpaket;€ 12.585;Guter Preis;344.300 km;Automatik;03/2018;Benzin;185 kW (252 PS);nan;nan;Autoscout24.de
Skoda;Fabia;Combi Soleil;Sitzheizung, Dachreling, LED-Scheinwerfer, E10-geeignet, Start/Stop-Automatik, Abstandstempomat, Pannenkit, Navigationssystem;€ 11.995;Sehr guter Preis;96.432 km;Schaltgetriebe;08/2019;Benzin;81 kW (110 PS);nan;nan;Autoscout24.de
Nissan;Juke;1.0 DIG-T Acenta/NAVI/LED/DAB/Komfort-Paket;Sitzheizung, LED-Scheinwerfer, E10-geeignet, Regensensor, Einparkhilfe Kamera, Lordosenstütze, Klimaautomatik, Navigationssystem;€ 13.900;Sehr guter Preis;87.130 km;Schaltgetriebe;05/2020;Benzin;86 kW (117 PS);4,9 l/100 km;112 g/km;Autoscout24.de
Peugeot;2008;Active Pack1.2T NAVI/LED/PDC/TEMPOMAT/ALU;Navigationssystem, LED-Scheinwerfer, Klimaautomatik, Alufelgen, Fernlichtassistent, Regensensor, Spurhalteassistent, Beifahrerairbag;€ 15.390;Sehr guter Preis;22.990 km;Schaltgetriebe;11/2020;Benzin;96 kW (131 PS);4,5 l/100 km;103 g/km;Autoscout24.de
Skoda;Fabia;Combi Soleil;Sitzheizung, Dachreling, LED-Scheinwerfer, E10-geeignet, Start/Stop-Automatik, Abstandstempomat, Pannenkit, Navigationssystem;€ 11.995;Sehr guter Preis;96.432 km;Schaltgetriebe;08/2019;Benzin;81 kW (110 PS);nan;nan;Autoscout24.de
Nissan;Juke;1.0 DIG-T Acenta/NAVI/LED/DAB/Komfort-Paket;Sitzheizung, LED-Scheinwerfer, E10-geeignet, Regensensor, Einparkhilfe Kamera, Lordosenstütze, Klimaautomatik, Navigationssystem;€ 13.900;Sehr guter Preis;87.130 km;Schaltgetriebe;05/2020;Benzin;86 kW (117 PS);4,9 l/100 km;112 g/km;Autoscout24.de
Aixam;City;Sport Mopedauto Leichtmobile Microcar 45 KM;Sportsitze, Sportpaket, Einparkhilfe Sensoren hinten, Alufelgen, Radio;€ 6.950;nan;9.741 km;Automatik;08/2017;Diesel;4 kW (5 PS);nan;nan;Autoscout24.de
BMW;320;"d Sport Line Navi | Leder | LED | ESHD | 19""";Sportfahrwerk, Sportsitze, Sportpaket, Schiebedach, Ambientebeleuchtung, LED-Scheinwerfer, Sitzheizung, Getönte Scheiben;€ 17.950;Fairer Preis;182.700 km;Automatik;01/2018;Diesel;140 kW (190 PS);4,2 l/100 km;111 g/km;Autoscout24.de
Kia;XCeed;PHEV Vision Leder+LED+Navi+Sitz&Lenkradhzg;Sportpaket, Navigationssystem, Ambientebeleuchtung, 2-Zonen-Klimaautomatik, Lordosenstütze, W-Lan / Wifi Hotspot, Sommerreifen, Einparkhilfe Kamera;€ 18.880;Sehr guter Preis;39.984 km;Automatik;12/2021;Benzin;104 kW (141 PS);6,0 l/100 km;140 g/km;Autoscout24.de
Mercedes-Benz;GLB 180;d 8G-DCT LEDER+VIRTUAL+PARKASS+TEMP+DAB;Sportpaket, Bordcomputer, Volldigitales Kombiinstrument, Alufelgen, Start/Stop-Automatik, Klimaautomatik, Dachreling, Einparkhilfe Sensoren vorne;€ 22.950;Sehr guter Preis;136.161 km;Automatik;05/2021;Diesel;85 kW (116 PS);4,7 l/100 km;125 g/km;Autoscout24.de
Jaguar;XJ;Luxury+LED+NAVI+LEDER+PANO+MERIDIAN+;Sportpaket, Touchscreen, LED-Scheinwerfer, Schiebedach, ESP, Sportsitze, Einparkhilfe Kamera, Schlüssellose Zentralverriegelung;€ 22.990;Fairer Preis;94.005 km;Automatik;02/2016;Diesel;221 kW (300 PS);6,1 l/100 km;162 g/km;Autoscout24.de
Volkswagen;Golf Variant;VII Variant 1.4 TSI DSG Highline / Navi LED;Sportfahrwerk, LED-Scheinwerfer, Volldigitales Kombiinstrument, Sportsitze, Fahrerairbag, Einparkhilfe Kamera, Ambientebeleuchtung, Sitzheizung;€ 15.980;Guter Preis;108.013 km;Automatik;06/2017;Benzin;110 kW (150 PS);nan;nan;Autoscout24.de
Audi;A6;40 TDI quattro S tronic design Navi/ACC/Kamer;Volldigitales Kombiinstrument, Sportpaket, Panoramadach, 4-Zonen-Klimaautomatik, Sportsitze, Head-up display, Apple CarPlay, Schiebedach;€ 35.990;Erhöhter Preis;112.000 km;Automatik;11/2020;Diesel;150 kW (204 PS);nan;nan;Autoscout24.de
Hyundai;IONIQ;Elektro Premium +Leder + GSD +Winterreifen;Sitzheizung, Schiebedach, Anhängerkupplung, Totwinkel-Assistent, Elektrische Sitze, Verkehrszeichenerkennung, Beheizbares Lenkrad, Reifendruckkontrollsystem; ;nan;nan;nan;nan;Elektro;nan;nan;nan;Autoscout24.de
Mercedes-Benz;Vito;116d Aut. RWD Lang KLIM+NAV+STANDHZ+SHZ+AHK;Sitzheizung, Multifunktionslenkrad, Einparkhilfe Sensoren vorne, Beifahrerairbag, Standheizung, Freisprecheinrichtung, Armlehne, Elektrische Seitenspiegel;€ 16.950;nan;124.774 km;Automatik;05/2017;Diesel;120 kW (163 PS);6,4 l/100 km;171 g/km;Autoscout24.de
Hyundai;i30;1.0 Turbo 48V Trend Klimaaut. 17 Alu TOP;Einparkhilfe Sensoren vorne, Sitzheizung, Beifahrerairbag, Einparkhilfe Kamera, Fernlichtassistent, Tempomat, Induktionsladen für Smartphones, Beheizbares Lenkrad;€ 17.990;Guter Preis;19.019 km;Schaltgetriebe;05/2023;Benzin;88 kW (120 PS);5,0 l/100 km;115 g/km;Autoscout24.de
Renault;Talisman;Intens;Elektrische Heckklappe, Sommerreifen, Ambientebeleuchtung, Reifendruckkontrollsystem, Isofix, Touchscreen, Sportpaket, ESP;€ 16.499;Guter Preis;95.400 km;Automatik;01/2017;Benzin;147 kW (200 PS);5,6 l/100 km;127 g/km;Autoscout24.de
Hyundai;i20;1.0 TGDI Trend Voll-LED Carplay Kam Android;Günstige Finanzierung! Wir kaufen Ihr Auto!;€ 14.990;nan;34.548 km;Schaltgetriebe;08/2023;Benzin;74 kW (101 PS);5,6 l/100 km;127 g/km;Autoscout24.de
Volkswagen;Touran;1.4 TSI Sound NAVI+SHZ+AHK;40 Jahren Erfahrung im Kraftfahrzeughandel;€ 16.790;Sehr guter Preis;99.013 km;Schaltgetriebe;10/2017;Benzin;110 kW (150 PS);5,8 l/100 km;135 g/km;Autoscout24.de
Volkswagen;T-Roc;Style*LED*NAVI*DSG*ACC*SITZHZG*110KW*;Sportfahrwerk, Einparkhilfe Kamera, Navigationssystem, Sitzheizung, Einparkhilfe Sensoren vorne, LED-Scheinwerfer, Abstandstempomat, Volldigitales Kombiinstrument;€ 19.750;Sehr guter Preis;54.871 km;Automatik;05/2018;Benzin;110 kW (150 PS);5,4 l/100 km;123 g/km;Autoscout24.de
Renault;Captur;1.2 TCe ENERGY NAVI,TOTWINKEL,LED,1.HAND;2-Zonen-Klimaautomatik, Sitzheizung, Regensensor, Navigationssystem, Beifahrerairbag, Einparkhilfe Sensoren vorne, Tempomat, Touchscreen;€ 13.480;Sehr guter Preis;50.000 km;Automatik;11/2018;Benzin;87 kW (118 PS);5,6 l/100 km;127 g/km;Autoscout24.de
Opel;Zafira;C Edition 2.0 TDCI AUTOMATIK/NAVI/LED/AHK;GARANTIE • FINANZIERUNG • LIEFERUNG • ZULASSUNG;€ 15.990;nan;120.000 km;Automatik;09/2017;Diesel;125 kW (170 PS);5,8 l/100 km;153 g/km;Autoscout24.de
BMW;X5;xDrive 40d 2.Hand Pano Softclose AHK HeadUp;Sportpaket, Sitzheizung, Schaltwippen, Head-up display, Panoramadach, Sommerreifen, Beheizbares Lenkrad, LED-Scheinwerfer;€ 30.850;nan;125.000 km;Automatik;04/2017;Diesel;230 kW (313 PS);6,0 l/100 km;159 g/km;Autoscout24.de
Citroen;C3;Turbo 100S&S You Tempomat PDC Spurhalteassist;Günstige Finanzierung! Wir kaufen Ihr Auto!;€ 14.690;nan;100 km;Schaltgetriebe;nan;Benzin;74 kW (101 PS);nan;123 g/km;Autoscout24.de
Audi;A6;2.0 TDI SCR ultra S tronic Navi Stdhz LM17;Sportsitze, Soundsystem, Standheizung, Navigationssystem, Sitzheizung, Ambientebeleuchtung, Radio, Touchscreen;€ 25.950;Guter Preis;47.400 km;Automatik;04/2018;Diesel;140 kW (190 PS);nan;nan;Autoscout24.de
Ford;Focus;EcoBoost Autom. Titanium m. Kamera/LED;Sitzheizung, Abstandstempomat, Einparkhilfe Kamera, Seitenairbag, Lordosenstütze, Beifahrerairbag, LED-Scheinwerfer, Navigationssystem;€ 16.950;Sehr guter Preis;55.400 km;Automatik;02/2020;Benzin;92 kW (125 PS);6,0 l/100 km;136 g/km;Autoscout24.de
Skoda;Fabia;1.2 TSI Cool Edition**ISOFIX**Bluetooth**;Günstige Finanzierung inkl. Garantie möglich!;€ 9.795;Sehr guter Preis;53.500 km;Schaltgetriebe;06/2016;Benzin;66 kW (90 PS);nan;nan;Autoscout24.de
BMW;218;i SPORT LINE AUTOMATIK NAVI LED NEBEL PDC SPORTSIT;Sportsitze, Sitzheizung, 2-Zonen-Klimaautomatik, Bi-Xenon Scheinwerfer, Verkehrszeichenerkennung, Sportpaket, Xenonscheinwerfer, Ambientebeleuchtung;€ 21.777;Guter Preis;55.917 km;Automatik;08/2019;Benzin;100 kW (136 PS);7,5 l/100 km;171 g/km;Autoscout24.de
Peugeot;Rifter;PureTech 110 L2 Allure GT-LiINE,NAVI,TEMPO,RFK,PDC;TOP-Zustand, sofort lieferbar, Probefahrt erwünscht!;€ 18.889;Sehr guter Preis;68.700 km;Schaltgetriebe;01/2019;Benzin;81 kW (110 PS);7,5 l/100 km;170 g/km;Autoscout24.de
Volkswagen;Golf;VII 1.6 TDi Variant **SHZ*PDC*ACC*Klima**;2-Zonen-Klimaautomatik, Sitzheizung, Alufelgen, Bluetooth, Geschwindigkeits-begrenzungsanlage, Apple CarPlay, Winterpaket, Beifahrerairbag;€ 12.495;Fairer Preis;123.000 km;Schaltgetriebe;08/2017;Diesel;85 kW (116 PS);4,1 l/100 km;106 g/km;Autoscout24.de
Skoda;Octavia;III Combi 2.0 TDI DSG STYLE *AHK *LED *SHZ *CLIMA;Elektrische Sitze, Volldigitales Kombiinstrument, Spurhalteassistent, Scheinwerferreinigung, Einparkhilfe Kamera, Ambientebeleuchtung, LED-Scheinwerfer, Sitzheizung;€ 16.880;Sehr guter Preis;110.834 km;Schaltgetriebe;02/2020;Diesel;110 kW (150 PS);5,2 l/100 km;8 g/km;Autoscout24.de
Volkswagen;Golf;VII 1.0 TSI IQ.DRIVE/WP/ Top Zustand;2-Zonen-Klimaautomatik, Sitzheizung, Abstandstempomat, Alufelgen, Lordosenstütze, Einparkhilfe Sensoren vorne, E10-geeignet, Lederlenkrad;€ 13.710;Sehr guter Preis;99.806 km;Schaltgetriebe;05/2019;Benzin;85 kW (116 PS);nan;nan;Autoscout24.de
Mercedes-Benz;C 220;d Avantgarde 9G-Tro. Distronic AHK LED Navi;Finanzierung OHNE Anzahlung möglich!;€ 19.850;Guter Preis;150.000 km;Automatik;09/2019;Diesel;143 kW (194 PS);4,5 l/100 km;119 g/km;Autoscout24.de
Volkswagen;Taigo;1.0 TSI Life Navi LED Virtual DAB SHZ App;Probefahrt, Finanzierung und Inzahlungnahme möglich :);€ 16.890;Sehr guter Preis;56.680 km;Schaltgetriebe;10/2023;Benzin;70 kW (95 PS);5,8 l/100 km;132 g/km;Autoscout24.de
Hyundai;i30;1.4 T-GDI YES! +Navi+SHZ+ALU+PDC+Tempomat+Lenkradh;Sitzheizung, 2-Zonen-Klimaautomatik, Pannenkit, Spurhalteassistent, Einparkhilfe Kamera, Beifahrerairbag, Android Auto, Zentralverriegelung;€ 14.690;Sehr guter Preis;76.850 km;Schaltgetriebe;12/2019;Benzin;103 kW (140 PS);nan;nan;Autoscout24.de
BMW;i3;(94 Ah) Navi|Sitzhzg|Schnell-Laden|Wärmepumpe;LED-Scheinwerfer, Sitzheizung, Navigationssystem, Ambientebeleuchtung, Alufelgen, Klimaautomatik, Sprachsteuerung, ABS; ;nan;nan;nan;nan;nan;nan;nan;nan;Autoscout24.de
Volkswagen;T-Roc;Style*LED*NAVI*DSG*ACC*SITZHZG*110KW*;Sportfahrwerk, Einparkhilfe Kamera, Navigationssystem, Sitzheizung, Einparkhilfe Sensoren vorne, LED-Scheinwerfer, Abstandstempomat, Volldigitales Kombiinstrument;€ 19.750;Sehr guter Preis;54.871 km;Automatik;05/2018;Benzin;110 kW (150 PS);5,4 l/100 km;123 g/km;Autoscout24.de
Mercedes-Benz;GLC 220;d 4Matic Sitzh. Navi. Kamera Bluetooth;Seit 1963 Ihr KFZ-Meisterbetrieb in Mainz Bretzenheim;€ 22.990;Fairer Preis;159.000 km;Automatik;05/2017;Diesel;125 kW (170 PS);5,0 l/100 km;129 g/km;Autoscout24.de
Citroen;C3;Shine PDC+Navi+PANORAMA+Klimaauto+LED+Sitzhzg;Einparkhilfe Kamera, Apple CarPlay, Panoramadach, Fahrerairbag, E10-geeignet, Regensensor, Navigationssystem, Einparkhilfe Sensoren hinten;€ 9.990;Sehr guter Preis;59.997 km;Schaltgetriebe;08/2020;Benzin;60 kW (82 PS);4,2 l/100 km;96 g/km;Autoscout24.de
Volkswagen;T-Roc;2.0TSI Sport 4Motion DSG AID KAM ACC LED;Sportfahrwerk, Volldigitales Kombiinstrument, Ambientebeleuchtung, Einparkhilfe Kamera, Abstandstempomat, Standheizung, LED-Scheinwerfer, Allrad;€ 17.999;Sehr guter Preis;135.700 km;Automatik;03/2018;Benzin;140 kW (190 PS);6,7 l/100 km;152 g/km;Autoscout24.de
BMW;225;xe iPerformance Active Tourer Luxury Line;BMW Vertragshändler - MINI Servicepartner;€ 17.930;Sehr guter Preis;38.000 km;Automatik;02/2018;Benzin;100 kW (136 PS);nan;nan;Autoscout24.de
Skoda;Fabia;1.0 MPI Ambit CLIMATRONIK+SHZ+PDC+TEMP+DAB;Sportsitze, Sitzheizung, Zentralverriegelung, Einparkhilfe Sensoren vorne, Apple CarPlay, Tempomat, Einparkhilfe Sensoren hinten, Isofix;€ 9.950;Sehr guter Preis;46.267 km;Schaltgetriebe;03/2019;Benzin;55 kW (75 PS);4,8 l/100 km;110 g/km;Autoscout24.de
Peugeot;2008;Active Pack1.2T NAVI/LED/PDC/TEMPOMAT/ALU;Navigationssystem, LED-Scheinwerfer, Klimaautomatik, Alufelgen, Fernlichtassistent, Regensensor, Spurhalteassistent, Beifahrerairbag;€ 15.390;Sehr guter Preis;22.990 km;Schaltgetriebe;11/2020;Benzin;96 kW (131 PS);4,5 l/100 km;103 g/km;Autoscout24.de
Kia;Carens;Dream Team/Mfl/Navi/Shz/Navi/7-Sitzer/;Navigationssystem, Beifahrerairbag, Sitzheizung, Tempomat, Elektr. Fensterheber, Alufelgen, Einparkhilfe Kamera, Dachreling;€ 11.990;Sehr guter Preis;77.383 km;Schaltgetriebe;04/2018;Benzin;99 kW (135 PS);6,5 l/100 km;150 g/km;Autoscout24.de
BMW;220;Coupé M Sport LED NaviBusiness FernlichtAss;Ihr BMW Servicepartner für die Region Hannover;€ 13.999;Guter Preis;194.000 km;Schaltgetriebe;08/2017;Diesel;140 kW (190 PS);4,3 l/100 km;nan;Autoscout24.de
BMW;318;"d Tou Sport Line NAVI+LED+SHZ+TEMP+AHK+M18""";Sportfahrwerk, Sportsitze, Anhängerkupplung, 3-Zonen-Klimaautomatik, Ambientebeleuchtung, LED-Scheinwerfer, Elektrische Seitenspiegel, Einparkhilfe Sensoren vorne;€ 12.950;Sehr guter Preis;167.000 km;Schaltgetriebe;07/2019;Diesel;110 kW (150 PS);nan;nan;Autoscout24.de
BMW;116;Baureihe 1 Lim. 5-trg. 116 i 61 TKM;Sitzheizung, E10-geeignet, Einparkhilfe Sensoren vorne, Tempomat, Alufelgen, Traktionskontrolle, Nebelscheinwerfer, Einparkhilfe Sensoren hinten;€ 12.599;Sehr guter Preis;61.250 km;Schaltgetriebe;09/2017;Benzin;80 kW (109 PS);5,3 l/100 km;123 g/km;Autoscout24.de
Peugeot;208;Active*Sitzheizung*Lichtsensor*Klima*;Sitzheizung, Einparkhilfe Sensoren hinten, E10-geeignet, Lederlenkrad, Touchscreen, Zentralverriegelung, Pannenkit, Elektr. Fensterheber;€ 9.765;Sehr guter Preis;39.232 km;Schaltgetriebe;01/2019;Benzin;60 kW (82 PS);5,8 l/100 km;130 g/km;Autoscout24.de
Ford;Kuga;ST-Line |LEDER|NAVI|PANO.|SHZ|R.KAMERA|AHK;Sportfahrwerk, Allrad, Anhängerkupplung, Sitzheizung, Elektrische Heckklappe, ABS, Apple CarPlay, Einparkhilfe Kamera;€ 17.990;Sehr guter Preis;60.000 km;Automatik;09/2018;Benzin;129 kW (175 PS);9,0 l/100 km;nan;Autoscout24.de
BMW;318;d Sport Line Exclusive PANO+KAM+MEMO+AHK+LED+;Sportfahrwerk, Sportsitze, LED-Scheinwerfer, Volldigitales Kombiinstrument, Getönte Scheiben, Elektrische Sitze, Panoramadach, 3-Zonen-Klimaautomatik;€ 18.350;Sehr guter Preis;139.982 km;Schaltgetriebe;06/2019;Diesel;110 kW (150 PS);4,3 l/100 km;113 g/km;Autoscout24.de
Nissan;X-Trail;1.6 dCi Visia 7 Sitzer/Navi/LED/Pano/Leder;Sommerreifen, Elektrische Sitze, Winterreifen, Sitzheizung, Tempomat, Bordcomputer, 2-Zonen-Klimaautomatik, Schiebedach;€ 10.980;Guter Preis;262.137 km;Automatik;06/2017;Diesel;96 kW (131 PS);nan;nan;Autoscout24.de
Opel;Astra;5-Türer, Dynamic;2-Zonen-Klimaautomatik, Sitzheizung, Spurhalteassistent, Einparkhilfe Sensoren vorne, Verkehrszeichenerkennung, Einparkhilfe Kamera, Navigationssystem, Nebelscheinwerfer;€ 10.950;Sehr guter Preis;85.117 km;Schaltgetriebe;10/2017;Benzin;92 kW (125 PS);nan;nan;Autoscout24.de
Mitsubishi;ASX;1.6 MIVEC Edition 100 Winterräder Scheckheft;Apple CarPlay, Einparkhilfe Kamera, Touchscreen, Regensensor, Sitzheizung, Android Auto, Freisprecheinrichtung, USB;€ 12.900;Guter Preis;65.418 km;Schaltgetriebe;11/2017;Benzin;86 kW (117 PS);nan;nan;Autoscout24.de
Audi;A4;Lim. design *NAVI*PDC*KAMERA*TEMPOMAT*;Einparkhilfe Kamera, Navigationssystem, Elektrische Heckklappe, Getönte Scheiben, Sitzheizung, Armlehne, Einparkhilfe Sensoren vorne, Bi-Xenon Scheinwerfer;€ 15.499;Fairer Preis;110.969 km;Schaltgetriebe;04/2017;Benzin;110 kW (150 PS);5,5 l/100 km;131 g/km;Autoscout24.de
Land Rover;Range Rover Evoque;Td4 SE Dynamic Leder ab 149€;Seit 1963 Ihr KFZ-Meisterbetrieb in Mainz Bretzenheim;€ 16.990;Fairer Preis;150.000 km;Automatik;10/2017;Diesel;110 kW (150 PS);8,2 l/100 km;188 g/km;Autoscout24.de
Opel;Astra;1.2 Edition NAVI+KAMERA+LED+DAB+SITHZ+TEMP;Sitzheizung, Elektrische Seitenspiegel, Elektrische Sitze, Alufelgen, Einparkhilfe Kamera, Beheizbares Lenkrad, 2-Zonen-Klimaautomatik, Regensensor;€ 10.950;nan;56.600 km;Schaltgetriebe;02/2021;Benzin;96 kW (131 PS);4,3 l/100 km;99 g/km;Autoscout24.de
Hyundai;i30;CW 1.6CRDi Select LEDTgf~Tempomat~AHK;Freisprecheinrichtung, Alufelgen, USB, Beifahrerairbag, Anhängerkupplung, Tempomat, Fernlichtassistent, Isofix;€ 8.950;Guter Preis;131.299 km;Schaltgetriebe;10/2017;Diesel;81 kW (110 PS);3,8 l/100 km;99 g/km;Autoscout24.de
Jaguar;F-Pace;20d R-Sport 4x4 Jet-Dachhimmel;Seit 1963 Ihr KFZ-Meisterbetrieb in Mainz Bretzenheim;€ 16.900;Sehr guter Preis;157.741 km;Automatik;02/2017;Diesel;132 kW (179 PS);5,9 l/100 km;157 g/km;Autoscout24.de
Audi;A5;2.0 TDI clean diesel Aut.*S-LINE*NAVI*XENON*;❗Service Historie und Gebrauchtspureninfos auf Anruf;€ 16.830;Sehr guter Preis;100.670 km;Schaltgetriebe;01/2017;Diesel;110 kW (150 PS);4,5 l/100 km;127 g/km;Autoscout24.de
Audi;Q5;2.0d Quatt Design MATRIX+VIRTU+NAV+KAM+ACC+SH;Volldigitales Kombiinstrument, 3-Zonen-Klimaautomatik, Elektrische Heckklappe, Sportpaket, Apple CarPlay, Navigationssystem, LED-Scheinwerfer, Allrad;€ 20.450;nan;161.231 km;Automatik;09/2017;Diesel;120 kW (163 PS);5,0 l/100 km;129 g/km;Autoscout24.de
Nissan;X-Trail;1.6 Panorama 360Kamera PDC Navi;Auto kauft man mit Vertrauen u Garantie;€ 14.200;Sehr guter Preis;118.803 km;Automatik;03/2017;Diesel;96 kW (131 PS);nan;nan;Autoscout24.de
Mercedes-Benz;Citan;111 CDI Tourer Lang L2 Navi+SHZ+PTS+AHK;Navigationssystem, Isofix, Schiebetür links, Beifahrerairbag, Lederlenkrad, Anhängerkupplung, Schiebetür rechts, Klimaautomatik;€ 11.849;Sehr guter Preis;125.263 km;Schaltgetriebe;09/2020;Diesel;85 kW (116 PS);5,6 l/100 km;146 g/km;Autoscout24.de
Mercedes-Benz;A 180;d Kamera*Automatik;Einparkhilfe Kamera, Reifendruckkontrollsystem, Regensensor, Klimaautomatik, Seitenairbag, Beifahrerairbag, Tempomat;€ 14.998;Guter Preis;192.800 km;Automatik;04/2020;Diesel;85 kW (116 PS);4,0 l/100 km;117 g/km;Autoscout24.de
Chrysler;Pacifica;Plug In Hybrid V6 3.6 Monitore Kopfst. Navi Leder;Pannenkit, 360° Kamera, Spurhalteassistent, W-Lan / Wifi Hotspot, Einparkhilfe selbstlenkendes System, Schiebetür rechts, Bluetooth, Elektrische Sitze; ;nan;nan;nan;nan;nan;nan;nan;nan;Autoscout24.de
Mazda;CX-30;"Prime-Line KLIMA+NAVI+ALARM+KAMERA+LED+16""+HUD ...";Sicherer EU-Neuwagenkauf zum Bestpreis seit 1999!;€ 22.890;nan;0 km;Schaltgetriebe;nan;Benzin;103 kW (140 PS);nan;135 g/km;Autoscout24.de
MINI;Cooper;, 1. Hand, Navi, Panorama-Schiebedach! Klima;Schiebedach, Navigationssystem, Ambientebeleuchtung, 2-Zonen-Klimaautomatik, Panoramadach, Sitzheizung, USB, Einparkhilfe Sensoren hinten;€ 13.990;Sehr guter Preis;97.448 km;Automatik;02/2017;Benzin;100 kW (136 PS);nan;nan;Autoscout24.de
Nissan;Qashqai;1.2 DIG-T N-Connecta, 360°, Navi, DAB;Alufelgen, 2-Zonen-Klimaautomatik, Einparkhilfe Sensoren vorne, Dachreling, Panoramadach, 360° Kamera, Sitzheizung, Navigationssystem;€ 13.900;Sehr guter Preis;76.000 km;Schaltgetriebe;07/2018;Benzin;85 kW (116 PS);5,6 l/100 km;129 g/km;Autoscout24.de
Audi;SQ5;TFSI Black Ed.Virtual S-Sitz Luftf. 20 Rotor;Luftfederung, Sportsitze, Volldigitales Kombiinstrument, Abstandstempomat, Beifahrerairbag, Elektrische Sitze, Einparkhilfe Kamera, Sportfahrwerk;€ 28.740;Guter Preis;180.000 km;Automatik;01/2018;Benzin;260 kW (354 PS);6,8 l/100 km;189 g/km;Autoscout24.de
BMW;420;xDrive Automatik,Leder,Navi,H&K;Finanzierung ab 6,29% / Sofortankauf & Inzahlungnahme;€ 21.800;Sehr guter Preis;84.900 km;Automatik;07/2018;Diesel;120 kW (163 PS);4,5 l/100 km;118 g/km;Autoscout24.de
BMW;420;"420i Gran Coupé Aut. Sport Line NAV+KAM+LED+M18""";Sportfahrwerk, Tempomat, Einparkhilfe Kamera, Sportsitze, Ambientebeleuchtung, Sitzheizung, LED-Scheinwerfer, Navigationssystem;€ 18.550;nan;133.108 km;Automatik;07/2019;Benzin;135 kW (184 PS);5,9 l/100 km;138 g/km;Autoscout24.de
Ford;Tourneo Courier;Sport;Über 1000 Fahrzeuge auf Lager und sofort verfügbar !!!;€ 12.490;Sehr guter Preis;64.200 km;Schaltgetriebe;01/2019;Benzin;74 kW (101 PS);5,8 l/100 km;131 g/km;Autoscout24.de
Mercedes-Benz;GLC 220;d 4Matic Sitzh. Navi. Kamera Bluetooth;Seit 1963 Ihr KFZ-Meisterbetrieb in Mainz Bretzenheim;€ 22.990;Fairer Preis;159.000 km;Automatik;05/2017;Diesel;125 kW (170 PS);5,0 l/100 km;129 g/km;Autoscout24.de
Ford;Focus;Turnier Titanium ZAHNRIEM NEU/ 2HAND/TEMP.;Getönte Scheiben, Einparkhilfe Sensoren vorne, Apple CarPlay, Sitzheizung, Beheizbare Frontscheibe, Touchscreen, Einparkhilfe Kamera, Klimaautomatik;€ 8.999;Guter Preis;98.000 km;Schaltgetriebe;11/2017;Benzin;92 kW (125 PS);4,8 l/100 km;114 g/km;Autoscout24.de
Hyundai;TUCSON;1.6 TGDI 2WD Advantage Automatik, Navi, Sitzheizun;seit über 40 Jahren zuverlässig 99% Weiterempfehlung;€ 18.495;Sehr guter Preis;47.700 km;Automatik;08/2019;Benzin;130 kW (177 PS);8,2 l/100 km;186 g/km;Autoscout24.de
Volkswagen;Polo;1.6 TDI Highline *PDC*SHZ*KLIMA*;❗Service Historie und Gebrauchtspureninfos auf Anruf;€ 13.140;Sehr guter Preis;55.433 km;Schaltgetriebe;11/2018;Diesel;70 kW (95 PS);3,7 l/100 km;131 g/km;Autoscout24.de
Skoda;Fabia;Fabia Combi Ambition Klima Sitzhzg. Dachreling !;Sitzheizung, Pannenkit, Dachreling, Einparkhilfe Sensoren vorne, Scheinwerferreinigung, E10-geeignet, Einparkhilfe Sensoren hinten, Klimaautomatik;€ 11.450;Sehr guter Preis;38.000 km;Schaltgetriebe;08/2017;Benzin;70 kW (95 PS);4,3 l/100 km;99 g/km;Autoscout24.de
Mercedes-Benz;E 220;d T Avantgarde **Head-up+Totw.+Multibeam;Head-up display, Sportfahrwerk, Apple CarPlay, Totwinkel-Assistent, Einparkhilfe Kamera, Kurvenlicht, Reifendruckkontrollsystem, ESP;€ 23.888;nan;85.170 km;Automatik;07/2018;Diesel;143 kW (194 PS);6,0 l/100 km;158 g/km;Autoscout24.de
Peugeot;5008;Allure Business Ambiente 7-Sitze;Alufelgen, 2-Zonen-Klimaautomatik, Totwinkel-Assistent, Touchscreen, Einparkhilfe Sensoren vorne, Freisprecheinrichtung, Einparkhilfe Kamera, Lichtsensor;€ 13.900;Guter Preis;161.644 km;Schaltgetriebe;01/2020;Benzin;96 kW (131 PS);5,3 l/100 km;121 g/km;Autoscout24.de
Peugeot;2008;PureTech 110 EAT6 CARPLAY LEDER TEMPOMAT KLIMAAUT;Sportsitze, Ambientebeleuchtung, E10-geeignet, Apple CarPlay, Dachreling, Seitenairbag, Regensensor, Touchscreen;€ 10.990;Sehr guter Preis;76.420 km;Automatik;01/2017;Benzin;81 kW (110 PS);5,6 l/100 km;129 g/km;Autoscout24.de
Citroen;Spacetourer;Spacetourer Feel XL;Schiebetür links, Einparkhilfe Kamera, 360° Kamera, Beifahrerairbag, Radio, Head-up display, Navigationssystem, Kurvenlicht;€ 22.500;nan;136.000 km;Automatik;11/2018;Diesel;130 kW (177 PS);6,2 l/100 km;163 g/km;Autoscout24.de
Kia;Picanto;Edition 7 1.0 Tel.-Vorb. Klima BT Tel DAB;Elektrische Seitenspiegel, Klimaanlage, Pannenkit, Zentralverriegelung, Elektr. Fensterheber, Multifunktionslenkrad, Beifahrerairbag, Traktionskontrolle;€ 8.950;Guter Preis;70.000 km;Schaltgetriebe;09/2021;Benzin;49 kW (67 PS);nan;121 g/km;Autoscout24.de
Renault;Captur;Experience LED|Bluetooth|Sitzheizung;Navigationssystem, Sitzheizung, Totwinkel-Assistent, Regensensor, Verkehrszeichenerkennung, Alufelgen, LED-Scheinwerfer, Spurhalteassistent;€ 14.999;Sehr guter Preis;28.522 km;Schaltgetriebe;12/2020;Benzin;96 kW (131 PS);nan;nan;Autoscout24.de
Ford;Puma;1.0 EcoBoost Titanium 1.Hand Scheibenheizung Navi;Jetzt Probefahrt vereinbaren 02241/95126-24;€ 14.975;Sehr guter Preis;55.982 km;Schaltgetriebe;05/2020;Benzin;92 kW (125 PS);nan;nan;Autoscout24.de
Ford;C-Max;Titanium AHK KAMERA LED NAVI SHZ TEMPO PDC;- Ihre Zufriedenheit ist unser Antrieb -;€ 10.450;Sehr guter Preis;67.269 km;Schaltgetriebe;07/2017;Benzin;92 kW (125 PS);6,2 l/100 km;146 g/km;Autoscout24.de
Nissan;Qashqai;1.2 DIG-T N-Connecta 4x2 Klima Navi;Dachreling, 2-Zonen-Klimaautomatik, Einparkhilfe Sensoren vorne, Panoramadach, Sitzheizung, E10-geeignet, Spurhalteassistent, Alufelgen;€ 13.190;Sehr guter Preis;72.449 km;Schaltgetriebe;11/2017;Benzin;85 kW (116 PS);nan;nan;Autoscout24.de
BMW;X2;xDrive18d Advantage;Volldigitales Kombiinstrument, Anhängerkupplung, Getönte Scheiben, Abstandstempomat, Alufelgen, Einparkhilfe Sensoren vorne, Notbremsassistent, Nebelscheinwerfer;€ 16.900;Guter Preis;150.234 km;Automatik;11/2018;Diesel;110 kW (150 PS);4,5 l/100 km;118 g/km;Autoscout24.de
Renault;Kadjar;LIMITED Deluxe ENERGY TCe 130 EDC;Einparkhilfe Sensoren vorne, Navigationssystem, 2-Zonen-Klimaautomatik, Freisprecheinrichtung, Apple CarPlay, Einparkhilfe Kamera, Dachreling, Sitzheizung;€ 14.750;Sehr guter Preis;46.101 km;Automatik;10/2018;Benzin;96 kW (131 PS);5,7 l/100 km;123 g/km;Autoscout24.de
Mercedes-Benz;CLS 450;CLS 450 4M COMAND/SHD/Distron/Burmest/Kamera;Soundsystem, Abstandstempomat, teilb. Rücksitzbank, Volldigitales Kombiinstrument, Schiebedach, Ambientebeleuchtung, Totwinkel-Assistent, Beifahrerairbag;€ 37.980;Sehr guter Preis;67.987 km;Automatik;04/2018;Benzin;270 kW (367 PS);8,7 l/100 km;197 g/km;Autoscout24.de
Audi;A4;1,4 Ltr. Design*Navi*LED*8-Fach*Sitzheizung*****;Navigationssystem, LED-Scheinwerfer, Sitzheizung, Schaltwippen, Einparkhilfe Sensoren vorne, Pannenkit, MP3, Seitenairbag;€ 19.990;Guter Preis;52.500 km;Automatik;09/2018;Benzin;110 kW (150 PS);nan;nan;Autoscout24.de
Hyundai;KONA;KONA 1 Hand, 38200km, Style Hybrid;Inzahlungnahme, Finanzierung ohne Anzahlung, Top Preise; ;nan;200 km;nan;nan;nan;nan;nan;nan;Autoscout24.de
Citroen;C3;Shine PDC+Navi+PANORAMA+Klimaauto+LED+Sitzhzg;Einparkhilfe Kamera, Apple CarPlay, Panoramadach, Fahrerairbag, E10-geeignet, Regensensor, Navigationssystem, Einparkhilfe Sensoren hinten;€ 9.990;Sehr guter Preis;59.997 km;Schaltgetriebe;08/2020;Benzin;60 kW (82 PS);4,2 l/100 km;96 g/km;Autoscout24.de
Mercedes-Benz;GLA 180;Navi ,LED ,Klima ,Tempomat ,Sitzheizung;Sportsitze, Regensensor, Kurvenlicht, Sitzheizung, Fernlichtassistent, Totwinkel-Assistent, Navigationssystem, Ambientebeleuchtung;€ 19.800;Sehr guter Preis;56.000 km;Automatik;04/2018;Benzin;90 kW (122 PS);nan;nan;Autoscout24.de
Opel;Astra;Opel 2020 Start/Stop 1.Hand*;Alufelgen, Regensensor, Sitzheizung, Spurhalteassistent, Nebelscheinwerfer, Beifahrerairbag, USB, DAB-Radio;€ 12.499;Sehr guter Preis;42.000 km;Schaltgetriebe;02/2020;Benzin;96 kW (131 PS);4,3 l/100 km;99 g/km;Autoscout24.de
Opel;Astra;K Sports Tourer Elegance LED-Sitz&Lenkradh;Dachreling, Touchscreen, Spurhalteassistent, Sommerreifen, Pannenkit, LED-Scheinwerfer, Apple CarPlay, Nebelscheinwerfer;€ 9.990;Sehr guter Preis;124.976 km;Schaltgetriebe;02/2020;Benzin;96 kW (131 PS);4,5 l/100 km;102 g/km;Autoscout24.de
Fiat;500;1.2 8V Lounge Navi/Pano/Sitzh/Temp/DAB/PDC;Klimaautomatik, Einparkhilfe Sensoren hinten, Alufelgen, Sitzheizung, E10-geeignet, Navigationssystem, Regensensor, Sommerreifen;€ 8.880;Sehr guter Preis;75.419 km;Schaltgetriebe;03/2019;Benzin;51 kW (69 PS);nan;nan;Autoscout24.de
BMW;X1;sDrive 18 d *PDC*SHZ*KLIMA*1.HAND*MFL*AHK*;Getönte Scheiben, Anhängerkupplung, Alufelgen, Sitzheizung, Einparkhilfe Sensoren vorne, Multifunktionslenkrad, Elektrische Seitenspiegel, ESP;€ 14.599;Fairer Preis;165.239 km;Schaltgetriebe;07/2018;Diesel;110 kW (150 PS);4,6 l/100 km;120 g/km;Autoscout24.de
Opel;Corsa-e;Elegance Electric | Navi | RFK | 11 kW |;Einparkhilfe Kamera, Regensensor, Lederlenkrad, Berganfahrassistent, Navigationssystem, Elektrische Seitenspiegel, Induktionsladen für Smartphones, Alufelgen; ;nan;nan;nan;nan;nan;nan;nan;nan;Autoscout24.de
Opel;Astra;1,5D SPORTS TOURER EDITION/AUT/NAVI/LED/AK;Pannenkit, ABS, Sportfahrwerk, Anhängerkupplung, LED-Scheinwerfer, Start/Stop-Automatik, Sitzheizung, Ambientebeleuchtung;€ 11.890;Sehr guter Preis;116.000 km;Automatik;08/2021;Diesel;90 kW (122 PS);5,1 l/100 km;132 g/km;Autoscout24.de
Jaguar;XF;20d Schiebdach. Bi-Xenon. Navi. Sitzh. 1.HAND;Seit 1963 Ihr KFZ-Meisterbetrieb in Mainz Bretzenheim;€ 18.900;Sehr guter Preis;78.800 km;Automatik;08/2018;Diesel;120 kW (163 PS);4,9 l/100 km;169 g/km;Autoscout24.de
Volvo;V60;Kombi Momentum T.Leder,Navi,LED,PDC,AHK;Finanzierung ab 6,29% / Sofortankauf & Inzahlungnahme;€ 20.300;Fairer Preis;80.610 km;Schaltgetriebe;09/2018;Diesel;110 kW (150 PS);4,3 l/100 km;114 g/km;Autoscout24.de
Volkswagen;Passat;Comfortline Limo*MP3*ACC*PDC*SHZ*STDHZ*;3-Zonen-Klimaautomatik, Standheizung, Sitzheizung, Fahrerairbag, Alufelgen, Start/Stop-Automatik, Einparkhilfe Sensoren vorne, Apple CarPlay;€ 15.770;Fairer Preis;116.968 km;Schaltgetriebe;04/2018;Diesel;88 kW (120 PS);nan;nan;Autoscout24.de
Hyundai;TUCSON;Style Mild-Hybrid 4WD *KAMERA*NAVI*LKAS*;Allrad, Beifahrerairbag, Fahrerairbag, Einparkhilfe Sensoren vorne, LED-Scheinwerfer, Einparkhilfe Kamera, Sitzheizung, Alarmanlage;€ 20.499;nan;76.561 km;Automatik;01/2020;Diesel;136 kW (185 PS);5,8 l/100 km;153 g/km;Autoscout24.de
Opel;Mokka X;1.4 Automatik Innovation;Ihr Autohaus in Espelkamp seit 35 Jahren;€ 13.760;Sehr guter Preis;92.600 km;Automatik;07/2019;Benzin;103 kW (140 PS);8,2 l/100 km;188 g/km;Autoscout24.de
Mercedes-Benz;A 180;"LIMO AMG Line WIDESC+LEDER+NAV+AHK+DAB+18""";Sportsitze, Sportfahrwerk, Volldigitales Kombiinstrument, Ambientebeleuchtung, Sportpaket, Getönte Scheiben, Sitzheizung, Notrufsystem;€ 17.550;Sehr guter Preis;149.443 km;Schaltgetriebe;02/2021;Benzin;100 kW (136 PS);5,2 l/100 km;120 g/km;Autoscout24.de
Audi;A4;2.0 TDI ultra *Automatik*Navi*SHZ*;Einparkhilfe Kamera, LED-Scheinwerfer, Sportfahrwerk, 3-Zonen-Klimaautomatik, Navigationssystem, Sitzheizung, Elektrische Heckklappe, Getönte Scheiben;€ 16.900;Fairer Preis;191.140 km;Automatik;03/2018;Diesel;110 kW (150 PS);3,9 l/100 km;99 g/km;Autoscout24.de
Peugeot;308;LIM. 1.5D ACTIVE NAVI/LED/PDC/TEMP./SPORT;ESP, Touchscreen, Bluetooth, Navigationssystem, Sportsitze, Fahrerairbag, Sprachsteuerung, Armlehne;€ 7.450;Sehr guter Preis;141.650 km;Schaltgetriebe;09/2018;Diesel;96 kW (131 PS);3,6 l/100 km;95 g/km;Autoscout24.de
Hyundai;BAYON;1.0 T-GDI 48V-Hybrid Intro/Navi/Plus;Navigationssystem, Anhängerkupplung, Katalysator, Sitzheizung, Einparkhilfe Kamera, Klimaautomatik, Regensensor, Einparkhilfe Sensoren hinten;€ 15.480;Sehr guter Preis;41.790 km;Schaltgetriebe;07/2021;Benzin;74 kW (101 PS);nan;nan;Autoscout24.de
Audi;A6;Av 3.0 S-Tr PANO+MATRIX+MEMO+HEAD+AHK+ACC+KAM;Sportpaket, Panoramadach, LED-Scheinwerfer, Totwinkel-Assistent, Sportsitze, Elektrische Sitze, Einparkhilfe Kamera, Sitzheizung;€ 17.450;Sehr guter Preis;194.740 km;Automatik;03/2018;Diesel;160 kW (218 PS);4,6 l/100 km;119 g/km;Autoscout24.de
Volkswagen;T-Roc;2.0TSI Sport 4Motion DSG AID KAM ACC LED;Sportfahrwerk, Volldigitales Kombiinstrument, Ambientebeleuchtung, Einparkhilfe Kamera, Abstandstempomat, Standheizung, LED-Scheinwerfer, Allrad;€ 17.999;Sehr guter Preis;135.700 km;Automatik;03/2018;Benzin;140 kW (190 PS);6,7 l/100 km;152 g/km;Autoscout24.de
Ford;EcoSport;Titanium 1,0l;Über 1000 Fahrzeuge auf Lager und sofort verfügbar !!!;€ 14.990;Sehr guter Preis;21.000 km;Schaltgetriebe;09/2020;Benzin;92 kW (125 PS);5,0 l/100 km;114 g/km;Autoscout24.de
Mercedes-Benz;C 220;C220 4Matic Bi-Xenon Navi PDC Avantgarde ab 149€;Seit 1963 Ihr KFZ-Meisterbetrieb in Mainz Bretzenheim;€ 17.990;Guter Preis;163.244 km;Automatik;02/2018;Diesel;125 kW (170 PS);4,7 l/100 km;124 g/km;Autoscout24.de
Peugeot;3008;Allure Euro6,Navi,LED,AHK;LED-Scheinwerfer, Touchscreen, Bluetooth, Einparkhilfe Kamera, Spurhalteassistent, Alufelgen, Getönte Scheiben, Einparkhilfe Sensoren hinten;€ 12.800;Fairer Preis;133.211 km;Schaltgetriebe;06/2018;Benzin;96 kW (131 PS);5,4 l/100 km;124 g/km;Autoscout24.de
Ford;Puma;Hybrid ST-Line X EcoBoost 1.0 Navi Digitales Cockp;Sportfahrwerk, Einparkhilfe Kamera, MP3, Abstandstempomat, Sitzheizung, 2-Zonen-Klimaautomatik, Bi-Xenon Scheinwerfer, Volldigitales Kombiinstrument;€ 15.990;Sehr guter Preis;71.652 km;Schaltgetriebe;07/2020;Benzin;92 kW (125 PS);nan;nan;Autoscout24.de
Audi;Q8;55 TFSI QUATTRO/MATRIX/360°/BANG&OLUFSEN;360° Kamera, Panoramadach, Luftfederung, Head-up display, Abstandstempomat, Müdigkeitswarnsystem, Sportsitze, Soundsystem;€ 49.900;nan;79.435 km;Automatik;02/2019;Benzin;250 kW (340 PS);8,9 l/100 km;nan;Autoscout24.de
Volkswagen;Tiguan;Highline 2.0 TDI 4Motion / PANORAMA / ACC;Allrad, LED-Scheinwerfer, Panoramadach, Sitzheizung, Navigationssystem, Anhängerkupplung, 3-Zonen-Klimaautomatik, Abstandstempomat;€ 20.990;Sehr guter Preis;151.408 km;Automatik;06/2019;Diesel;110 kW (150 PS);5,7 l/100 km;149 g/km;Autoscout24.de
Ford;Kuga;2.0 TDCi ST-Line 4x4 NAVI/KAMERA/WIPA;Allrad, Sportfahrwerk, Sitzheizung, Elektrische Sitze, Android Auto, Anhängerkupplung, Reserverad, Beifahrerairbag;€ 15.900;Sehr guter Preis;144.040 km;Automatik;02/2019;Diesel;110 kW (150 PS);nan;nan;Autoscout24.de
Skoda;Octavia;Combi 2.0 TDI DSG Style NAVI LED ACC PDC;Einparkhilfe Kamera, Anhängerkupplung, Sitzheizung, Elektrische Heckklappe, Bi-Xenon Scheinwerfer, Scheinwerferreinigung, Abstandstempomat, LED-Scheinwerfer;€ 16.950;Sehr guter Preis;92.300 km;Automatik;01/2019;Diesel;110 kW (150 PS);5,3 l/100 km;139 g/km;Autoscout24.de
Mercedes-Benz;Sprinter;II Kasten 211 CDI;Schiebetür rechts, Klimaanlage, Elektrische Seitenspiegel, Allwetterreifen, Freisprecheinrichtung, USB, Einparkhilfe Sensoren vorne, Armlehne;€ 11.990;nan;185.532 km;Automatik;04/2018;Diesel;84 kW (114 PS);8,2 l/100 km;213 g/km;Autoscout24.de
Hyundai;i20;1.0 T-GDI Trend Voll-LED Carplay Kam Carplay;Günstige Finanzierung! Wir kaufen Ihr Auto!;€ 14.480;Guter Preis;38.011 km;Schaltgetriebe;12/2023;Benzin;74 kW (101 PS);5,6 l/100 km;127 g/km;Autoscout24.de
Mercedes-Benz;E 200;d T-Modell +MBUX+Avantgarde+AHK+Cam+SpurW;Sportpaket, Sportfahrwerk, Anhängerkupplung, Sitzheizung, Elektrische Sitze, Sprachsteuerung, Einparkhilfe Kamera, Totwinkel-Assistent;€ 22.895;nan;84.700 km;Automatik;11/2018;Diesel;110 kW (150 PS);6,4 l/100 km;169 g/km;Autoscout24.de
Ford;Focus;Kombi 1.0 EcoBoost Titanium S/S Navi LED;USB, Notrad, Sitzheizung, LED-Scheinwerfer, 2-Zonen-Klimaautomatik, Dachreling, Beifahrerairbag, ESP;€ 11.680;Sehr guter Preis;107.767 km;Schaltgetriebe;10/2019;Benzin;92 kW (125 PS);nan;nan;Autoscout24.de
Skoda;Octavia;Combi Style 1.4 TSI DSG LED AHK STANDHZG;Anhängerkupplung, Standheizung, Elektrische Sitze, Einparkhilfe Kamera, Sitzheizung, Bluetooth, Ambientebeleuchtung, Scheinwerferreinigung;€ 19.670;Sehr guter Preis;18.200 km;Automatik;04/2018;Benzin;110 kW (150 PS);nan;nan;Autoscout24.de
Fiat;Panda;* HU/AU neu * 1.Hand;Elektr. Fensterheber, Kopfairbag, E10-geeignet, Radio, Fahrerairbag, Berganfahrassistent;€ 9.490;Fairer Preis;12.133 km;Schaltgetriebe;03/2017;Benzin;51 kW (69 PS);5,2 l/100 km;123 g/km;Autoscout24.de
Audi;A4;Avant 35TDI S-tronic LED~Pano~Navi3D~AHK~PDC;LED-Scheinwerfer, Armlehne, Alufelgen, Elektrische Heckklappe, Start/Stop-Automatik, Sitzheizung, Schiebedach, Bordcomputer;€ 16.850;Guter Preis;176.414 km;Automatik;12/2019;Diesel;120 kW (163 PS);4,1 l/100 km;108 g/km;Autoscout24.de
Ford;Focus;Turnier ST-Line;Sportfahrwerk, Spurhalteassistent, E10-geeignet, Notrad, 2-Zonen-Klimaautomatik, Sitzheizung, Einparkhilfe Sensoren vorne, Einparkhilfe Kamera;€ 13.900;Sehr guter Preis;76.328 km;Schaltgetriebe;10/2018;Benzin;92 kW (125 PS);5,1 l/100 km;115 g/km;Autoscout24.de
Mercedes-Benz;GLC 220;GLC 220 d 4M AHK Totwkl Kamera AMG-int. LED-ILS;Allrad, Einparkhilfe Kamera, Anhängerkupplung, Elektrische Heckklappe, W-Lan / Wifi Hotspot, Sitzheizung, Voll-LED Scheinwerfer, CD;€ 27.900;Sehr guter Preis;112.000 km;Automatik;01/2019;Diesel;125 kW (170 PS);5,0 l/100 km;129 g/km;Autoscout24.de
BMW;225;xe iPerformance Active Tourer Luxury Line;BMW Vertragshändler - MINI Servicepartner;€ 17.930;Sehr guter Preis;38.000 km;Automatik;02/2018;Benzin;100 kW (136 PS);nan;nan;Autoscout24.de
Mercedes-Benz;GLC 220;GLC 220 d 4M AHK Totwkl Kamera AMG-int. LED-ILS;Allrad, Einparkhilfe Kamera, Anhängerkupplung, Elektrische Heckklappe, W-Lan / Wifi Hotspot, Sitzheizung, Voll-LED Scheinwerfer, CD;€ 27.900;Sehr guter Preis;112.000 km;Automatik;01/2019;Diesel;125 kW (170 PS);5,0 l/100 km;129 g/km;Autoscout24.de
Audi;A6;2.0 TDI SCR ultra S tronic Navi Stdhz LM17;Sportsitze, Soundsystem, Standheizung, Navigationssystem, Sitzheizung, Ambientebeleuchtung, Radio, Touchscreen;€ 25.950;Guter Preis;47.400 km;Automatik;04/2018;Diesel;140 kW (190 PS);nan;nan;Autoscout24.de
Kia;Rio;1.2 Edition 7;Unser Angebot der Woche;€ 11.500;Sehr guter Preis;31.229 km;Schaltgetriebe;05/2020;Benzin;62 kW (84 PS);nan;nan;Autoscout24.de
Opel;Astra;1.6 D Start Stop Sports Tourer Edition;Alufelgen, Sommerreifen, Spurhalteassistent, Klimaanlage, Armlehne, Sitzheizung, Pannenkit, Beifahrerairbag;€ 7.250;Sehr guter Preis;147.975 km;Schaltgetriebe;08/2019;Diesel;81 kW (110 PS);4,5 l/100 km;nan;Autoscout24.de
Volvo;XC90;Diesel D5 AWD Geartronic Inscription;W-Lan / Wifi Hotspot, Elektrische Sitze, Ambientebeleuchtung, Voll-LED Scheinwerfer, Sitzheizung, Dachreling, Isofix, Regensensor;€ 28.990;Sehr guter Preis;158.800 km;Automatik;07/2018;Diesel;173 kW (235 PS);nan;nan;Autoscout24.de
Opel;Astra;1.2 Turbo GS Line SHZ Lenkradheizung Apple CarPlay;Bi-Xenon Scheinwerfer, Xenonscheinwerfer, Sitzheizung, Lordosenstütze, Beifahrerairbag, Spurhalteassistent, Alufelgen, Ambientebeleuchtung;€ 12.750;Sehr guter Preis;48.300 km;Schaltgetriebe;02/2021;Benzin;96 kW (131 PS);5,3 l/100 km;121 g/km;Autoscout24.de
Audi;A4;Lim. 1.4TFSI S-tronic AHK PARK SHZ TEMP XENON;Elektrische Seitenspiegel, Sommerreifen, Schaltwippen, Anhängerkupplung, Sitzheizung, E10-geeignet, Einparkhilfe Sensoren hinten, Scheinwerferreinigung;€ 17.499;Guter Preis;92.500 km;Automatik;07/2017;Benzin;110 kW (150 PS);5,6 l/100 km;129 g/km;Autoscout24.de
Opel;Zafira;C Active 7Sitze Navi AHK PDC Sitz+LR hzg;Isofix, Navigationssystem, Anhängerkupplung, Alufelgen, Sitzheizung, Einparkhilfe Sensoren vorne, Beifahrerairbag, 2-Zonen-Klimaautomatik;€ 12.490;Sehr guter Preis;95.000 km;Schaltgetriebe;05/2017;Benzin;103 kW (140 PS);6,4 l/100 km;148 g/km;Autoscout24.de
Toyota;Corolla;Touring Sports Hybrid Team D -TAXI-;Sommerreifen, LED-Scheinwerfer, Alufelgen, Dachreling, Sitzheizung, Alarmanlage, Freisprecheinrichtung, USB; ;nan;nan;nan;nan;nan;nan;nan;nan;Autoscout24.de
Opel;Corsa;CORSA 1.2 TURBO GS NAVI LED SICHTPAKET SUNSET PDC;Finanzierung und Leasing möglich! Kontaktieren Sie uns!;€ 15.990;Sehr guter Preis;4.580 km;Schaltgetriebe;12/2023;Benzin;74 kW (101 PS);5,4 l/100 km;116 g/km;Autoscout24.de
Mitsubishi;ASX;1.6 Mivec Diamant Edition+ 2WD;Alufelgen, Regensensor, Einparkhilfe Kamera, Sitzheizung, Tempomat, Navigationssystem, Xenonscheinwerfer, Klimaautomatik;€ 12.900;Sehr guter Preis;92.565 km;Schaltgetriebe;08/2019;Benzin;86 kW (117 PS);5,7 l/100 km;135 g/km;Autoscout24.de
Mazda;3;Lim. 2.0 OPTIMUM NAVI/LED/KAMERA/TEMP./HUD/AHK;Sitzheizung, Sportsitze, Tempomat, 2-Zonen-Klimaautomatik, Bi-Xenon Scheinwerfer, Lederlenkrad, Navigationssystem, Beifahrerairbag;€ 14.400;Sehr guter Preis;112.950 km;Automatik;05/2018;Benzin;88 kW (120 PS);5,6 l/100 km;129 g/km;Autoscout24.de
Opel;Grandland X;1.5D DESIGN  NAVI/LED/AHK/SHZ/ALU;LED-Scheinwerfer, ABS, Lordosenstütze, Einparkhilfe Kamera, Pannenkit, Sitzheizung, Klimaautomatik, Regensensor;€ 14.960;Sehr guter Preis;134.000 km;Automatik;06/2021;Diesel;96 kW (131 PS);3,8 l/100 km;99 g/km;Autoscout24.de
Volkswagen;Tiguan;TDI Trendline;3-Zonen-Klimaautomatik, Anhängerkupplung, Sitzheizung, Multifunktionslenkrad, Alufelgen, CD, MP3, Dachreling;€ 15.390;Sehr guter Preis;100.250 km;Schaltgetriebe;05/2017;Diesel;85 kW (116 PS);4,7 l/100 km;123 g/km;Autoscout24.de
Volvo;XC60;2.0 D4 MOMENTUM NAVI/LED/PANO./VIRT/SH/AHK;Elektrische Sitze, Scheinwerferreinigung, Start/Stop-Automatik, Pannenkit, Elektrische Heckklappe, Anhängerkupplung, Klimaautomatik, Schiebedach;€ 24.800;nan;91.450 km;Automatik;01/2019;Diesel;140 kW (190 PS);5,1 l/100 km;133 g/km;Autoscout24.de
Volkswagen;Golf;Life Navi Rückfahrkamera;LED-Scheinwerfer, ABS, 3-Zonen-Klimaautomatik, Alufelgen, Volldigitales Kombiinstrument, Abstandstempomat, Lordosenstütze, Armlehne;€ 17.850;Guter Preis;73.748 km;Schaltgetriebe;09/2020;Diesel;85 kW (116 PS);3,5 l/100 km;91 g/km;Autoscout24.de
Nissan;NV200;/Evalia Tekna 7-Sitze NAV+SHZ KLIMA CAM AHK;Schiebetür links, Einparkhilfe Kamera, Anhängerkupplung, Klimaanlage, Sitzheizung, Klimaautomatik, Schiebetür rechts, Navigationssystem;€ 15.890;Guter Preis;109.647 km;Schaltgetriebe;09/2017;Diesel;81 kW (110 PS);4,9 l/100 km;130 g/km;Autoscout24.de
Skoda;Fabia;1.0 MPI Ambit CLIMATRONIK+SHZ+PDC+TEMP+DAB;Sportsitze, Sitzheizung, Zentralverriegelung, Einparkhilfe Sensoren vorne, Apple CarPlay, Tempomat, Einparkhilfe Sensoren hinten, Isofix;€ 9.950;Sehr guter Preis;46.267 km;Schaltgetriebe;03/2019;Benzin;55 kW (75 PS);4,8 l/100 km;110 g/km;Autoscout24.de
Mitsubishi;Space Star;1.2Ganzjahresreifen,5 türig,4-fach Fensterheber;Alufelgen, Elektrische Seitenspiegel, Klimaanlage, Wegfahrsperre, Klimaautomatik, teilb. Rücksitzbank, Start/Stop-Automatik, Zentralverriegelung mit Funkfernbedienung;€ 10.990;Sehr guter Preis;15.206 km;Schaltgetriebe;10/2021;Benzin;59 kW (80 PS);nan;nan;Autoscout24.de
Ford;Ranger;Autm. Kamera Teilleder SHZ PDC;Sitzheizung, Elektrische Sitze, Elektr. Fensterheber, Anhängerkupplung, Einparkhilfe Kamera, Reserverad, Allrad, Tempomat;€ 24.990;Sehr guter Preis;106.521 km;Automatik;01/2018;Diesel;147 kW (200 PS);8,7 l/100 km;228 g/km;Autoscout24.de
Ford;Tourneo Custom;SORTIMO EUROLINE 310 L1, Markise, Standheiz, ACC;Markise, Beifahrerairbag, Beheizbare Frontscheibe, Einparkhilfe Kamera, Kurvenlicht, Navigationssystem, Alufelgen, Armlehne;€ 29.980;Sehr guter Preis;98.900 km;Automatik;03/2018;Diesel;125 kW (170 PS);7,0 l/100 km;181 g/km;Autoscout24.de
Jaguar;XF;Sportbrake R-Sport Leder/Navi/SHZ;Sportfahrwerk, Innenspiegel automatisch abblendend, 2-Zonen-Klimaautomatik, USB, Traktionskontrolle, ESP, Totwinkel-Assistent, Einparkhilfe Kamera;€ 19.950;Sehr guter Preis;100.000 km;Automatik;06/2018;Diesel;221 kW (300 PS);7,5 l/100 km;171 g/km;Autoscout24.de
Skoda;Kamiq;1.0 TSI Clever Navi LED SHZ;Nutzen Sie unsere günstigen Finanzierungskonditionen!;€ 18.950;Sehr guter Preis;13.300 km;Schaltgetriebe;01/2021;Benzin;81 kW (110 PS);nan;nan;Autoscout24.de
Audi;Q2;1.4 S-tronic BT E-HECK PANO PARK PDC SHZ TEMP;Panoramadach, Abstandstempomat, Getönte Scheiben, Einparkhilfe Sensoren vorne, Fernlichtassistent, Sitzheizung, E10-geeignet, Spurhalteassistent;€ 18.499;Fairer Preis;84.995 km;Automatik;12/2017;Benzin;110 kW (150 PS);5,5 l/100 km;125 g/km;Autoscout24.de
Audi;A6;40 TDI quattro S tronic design Navi/ACC/Kamer;Volldigitales Kombiinstrument, Sportpaket, Panoramadach, 4-Zonen-Klimaautomatik, Sportsitze, Head-up display, Apple CarPlay, Schiebedach;€ 35.990;Erhöhter Preis;112.000 km;Automatik;11/2020;Diesel;150 kW (204 PS);nan;nan;Autoscout24.de
SEAT;Ibiza;Beats *1.HAND* SHZ PDC KAM NAVI SOUND TEMP;Sportsitze, Sitzheizung, LED-Scheinwerfer, 2-Zonen-Klimaautomatik, Einparkhilfe Kamera, E10-geeignet, Volldigitales Kombiinstrument, Armlehne;€ 11.499;Sehr guter Preis;105.000 km;Schaltgetriebe;02/2019;Benzin;70 kW (95 PS);4,6 l/100 km;105 g/km;Autoscout24.de
Fiat;500C;Lounge 1.2  Cabrio Tempomat Radio PDC Alu Klimaanl;Apple CarPlay, Einparkhilfe Sensoren hinten, Alufelgen, Katalysator, Spoiler, Bluetooth, Schiebedach, Klimaanlage;€ 10.979;Sehr guter Preis;46.146 km;Schaltgetriebe;02/2020;Benzin;51 kW (69 PS);nan;nan;Autoscout24.de
Renault;Master;2.3 dCi 130 Kasten L3H2 3,5t*Klima*;Finanzierung o. Anzahlung / Garantie 12 Monate;€ 12.500;nan;86.720 km;Schaltgetriebe;07/2019;Diesel;96 kW (131 PS);nan;0 g/km;Autoscout24.de
Ford;Grand C-Max;Titanium 7 SItzer, Automatik;Einparkhilfe Kamera, Elektrische Heckklappe, Beifahrerairbag, Isofix, Schiebetür rechts, Android Auto, E10-geeignet, Alufelgen;€ 15.990;Sehr guter Preis;75.473 km;Automatik;06/2018;Benzin;110 kW (150 PS);6,8 l/100 km;154 g/km;Autoscout24.de
Kia;XCeed;Platinum 1.6 GDI PHEV Leder+P-Dach+Navi+Kamera+ACC;Totwinkel-Assistent, Einparkhilfe Sensoren vorne, Beheizbares Lenkrad, Lordosenstütze, 2-Zonen-Klimaautomatik, Navigationssystem, Elektronische Parkbremse, Schiebedach; ;nan;nan;nan;nan;Elektro;nan;nan;nan;Autoscout24.de
Ford;Fiesta;Titanium-1HAND-EUR6-5Tür-ALU-SH-LED-MFL;Sitzheizung, Notrad, Klimaautomatik, Alufelgen, Sommerreifen, Navigationssystem, Nebelscheinwerfer, E10-geeignet;€ 8.800;Guter Preis;94.562 km;Schaltgetriebe;01/2017;Benzin;74 kW (101 PS);4,3 l/100 km;99 g/km;Autoscout24.de
Subaru;Forester;Exclusive Automatik;Wegfahrsperre, Bluetooth, Notrad, Anhängerkupplung, Einparkhilfe Kamera, Allrad, 2-Zonen-Klimaautomatik, Schiebedach;€ 19.970;Sehr guter Preis;74.500 km;Automatik;09/2017;Benzin;110 kW (150 PS);nan;nan;Autoscout24.de
Mercedes-Benz;CLA 200;CLA 200d 8G-Autom LED Nav Leder Shz AHK Ambiente;Finanzierung OHNE Anzahlung möglich!;€ 21.590;nan;136.200 km;Automatik;10/2020;Diesel;110 kW (150 PS);4,7 l/100 km;125 g/km;Autoscout24.de
Volkswagen;T-Cross;1.5 TSI Style OPF;Navigationssystem, Ambientebeleuchtung, Einparkhilfe Kamera, Sportsitze, Volldigitales Kombiinstrument, Totwinkel-Assistent, LED-Scheinwerfer, Sitzheizung;€ 19.950;Sehr guter Preis;37.000 km;Automatik;05/2020;Benzin;110 kW (150 PS);nan;nan;Autoscout24.de
Dacia;Dokker;Stepway 1.2 TCe 115 ALLWETTER PDC KLIMA RADIO;Herbstangebot!;€ 8.990;Sehr guter Preis;120.190 km;Schaltgetriebe;01/2017;Benzin;85 kW (116 PS);nan;nan;Autoscout24.de
Mercedes-Benz;CLA 200;d aAHK/Voll-LED/Navi/Kamera;Einparkhilfe Kamera, Sportsitze, Sitzheizung, Alufelgen, Lederlenkrad, Fernlichtassistent, Tempomat, Navigationssystem;€ 18.910;Guter Preis;91.100 km;Schaltgetriebe;09/2017;Diesel;100 kW (136 PS);nan;nan;Autoscout24.de
Peugeot;2008;Active Pack1.2T NAVI/LED/PDC/TEMPOMAT/ALU;Navigationssystem, LED-Scheinwerfer, Klimaautomatik, Alufelgen, Fernlichtassistent, Regensensor, Spurhalteassistent, Beifahrerairbag;€ 15.390;Sehr guter Preis;22.990 km;Schaltgetriebe;11/2020;Benzin;96 kW (131 PS);4,5 l/100 km;103 g/km;Autoscout24.de
Renault;Twingo;LIFE SCe65 Start & Stop WINTERRÄDER;Elektrische Seitenspiegel, E10-geeignet, Sommerreifen, Traktionskontrolle, Zentralverriegelung, Wegfahrsperre;€ 9.245;Sehr guter Preis;23.900 km;Schaltgetriebe;10/2021;Benzin;48 kW (65 PS);5,1 l/100 km;116 g/km;Autoscout24.de
Volkswagen;Golf;Golf VII Variant 1.6 TDI Comfortline #STHZ#ACC#;Klimaautomatik, Standheizung, Fernlichtassistent, Einparkhilfe Sensoren vorne, Navigationssystem, Einparkhilfe Sensoren hinten, MP3, Alufelgen;€ 13.990;Sehr guter Preis;74.700 km;Schaltgetriebe;11/2019;Diesel;85 kW (116 PS);nan;134 g/km;Autoscout24.de
SEAT;Ibiza;1.0 TSI 95 PS Xcellence,PDC,Rü-Kam,Full-Li;Freisprecheinrichtung, Sitzheizung, Tempomat, 2-Zonen-Klimaautomatik, Einparkhilfe Kamera, Schlüssellose Zentralverriegelung, Elektrische Seitenspiegel, Regensensor;€ 12.890;Guter Preis;25.810 km;Schaltgetriebe;10/2017;Benzin;70 kW (95 PS);nan;nan;Autoscout24.de
Opel;Grandland X;Edition Klima*EU6*Temp*Szhz*TÜV NEU*;Elektr. Fensterheber, Sitzheizung, Apple CarPlay, Armlehne, 2-Zonen-Klimaautomatik, Spurhalteassistent, Alufelgen, Getönte Scheiben;€ 11.790;Guter Preis;169.997 km;Schaltgetriebe;01/2018;Diesel;88 kW (120 PS);4,3 l/100 km;111 g/km;Autoscout24.de
Peugeot;3008;Allure, T.Leder, Fahrassist, 8fach bereift!;Finanzierung ab 6,29% / Sofortankauf & Inzahlungnahme;€ 12.100;Fairer Preis;122.440 km;Schaltgetriebe;06/2017;Benzin;96 kW (131 PS);5,4 l/100 km;124 g/km;Autoscout24.de
Mazda;CX-5;Exclusive HUD Navi Soundsystem LED Blendfreies Fer;Bei uns steht Kundenzufriedenheit an erster Stelle.;€ 18.885;Guter Preis;77.386 km;Schaltgetriebe;03/2018;Benzin;121 kW (165 PS);nan;nan;Autoscout24.de
BMW;530;d Limo Steptronic SportLine+LED+NAVI+VIRTUAL;Sportpaket, Beifahrerairbag, Soundsystem, Panoramadach, Volldigitales Kombiinstrument, Sitzbelüftung, Schiebedach, Head-up display;€ 29.150;Sehr guter Preis;76.900 km;Automatik;07/2017;Diesel;195 kW (265 PS);nan;nan;Autoscout24.de
Volkswagen;Golf;VII 1.0 TSI BMT Comfortline Navi PDC Sitzh.;Sitzheizung, Elektrische Seitenspiegel, 2-Zonen-Klimaautomatik, Navigationssystem, Einparkhilfe Kamera, Multifunktionslenkrad, Lederlenkrad, Einparkhilfe Sensoren vorne;€ 12.910;Sehr guter Preis;79.609 km;Schaltgetriebe;12/2017;Benzin;81 kW (110 PS);nan;nan;Autoscout24.de
Volkswagen;Golf;Comfortline BMT Start-Stopp;Ihr BMW Servicepartner für die Region Hannover;€ 14.999;Sehr guter Preis;78.500 km;Automatik;10/2018;Diesel;85 kW (116 PS);4,0 l/100 km;103 g/km;Autoscout24.de
Citroen;C3;Feel|2.Hand|54Tkm|LED|PDC|Bluetooth|Klima;Spurhalteassistent, E10-geeignet, Einparkhilfe Sensoren hinten, Verkehrszeichenerkennung, Pannenkit, Wegfahrsperre, Tempomat, Elektr. Fensterheber;€ 9.890;Fairer Preis;54.009 km;Schaltgetriebe;02/2018;Benzin;50 kW (68 PS);4,9 l/100 km;113 g/km;Autoscout24.de
SEAT;Arona;1.0 TSI FR;Sitzheizung, Navigationssystem, Einparkhilfe Sensoren vorne, Einparkhilfe Kamera, Abstandstempomat, Ambientebeleuchtung, Alufelgen, Nebelscheinwerfer;€ 17.790;Sehr guter Preis;16.526 km;Schaltgetriebe;08/2021;Benzin;81 kW (110 PS);5,3 l/100 km;120 g/km;Autoscout24.de
Mazda;6;Lim. Sports-Line/HUD/LED/LENKRADHEIZUNG/TOTW;Sportfahrwerk, Elektrische Sitze, Schiebedach, Sportpaket, Getönte Scheiben, Abstandstempomat, Einparkhilfe Kamera, LED-Scheinwerfer;€ 18.800;Fairer Preis;112.859 km;Automatik;06/2018;Diesel;129 kW (175 PS);4,8 l/100 km;127 g/km;Autoscout24.de
Volvo;V90;"T5 Inscription Leder Navi LED Kamera AHK 19""";Sportfahrwerk, Regensensor, Sitzheizung, Sportsitze, Bordcomputer, Einparkhilfe Kamera, Berganfahrassistent, Elektrische Heckklappe;€ 20.740;Sehr guter Preis;155.000 km;Automatik;08/2019;Benzin;184 kW (250 PS);6,8 l/100 km;157 g/km;Autoscout24.de
Opel;Astra;Sports Tourer 1.4 Turbo Dynamic*IntelliLux;Finanzierung o. Anzahlung / Garantie 12 Monate;€ 9.980;nan;99.986 km;Schaltgetriebe;06/2017;Benzin;110 kW (150 PS);nan;0 g/km;Autoscout24.de
BMW;218;i SPORT LINE AUTOMATIK NAVI LED NEBEL PDC SPORTSIT;Sportsitze, Sitzheizung, 2-Zonen-Klimaautomatik, Bi-Xenon Scheinwerfer, Verkehrszeichenerkennung, Sportpaket, Xenonscheinwerfer, Ambientebeleuchtung;€ 21.777;Guter Preis;55.917 km;Automatik;08/2019;Benzin;100 kW (136 PS);7,5 l/100 km;171 g/km;Autoscout24.de
Toyota;RAV 4;RAV4 2.5 HYBRID Comfort|AHK;Anhängerkupplung, Einparkhilfe Kamera, Reifendruckkontrollsystem, Abstandstempomat, LED-Scheinwerfer, Tempomat, Seitenairbag, Katalysator; ;nan;nan;nan;nan;nan;nan;nan;nan;Autoscout24.de
Audi;S1;2.0 TFSI quattro 1. Hd./Bi-Xenon/Bose Sound/Leder/;Multifunktionslenkrad, Bluetooth, Sportsitze, Allrad, Sportfahrwerk, MP3, Seitenairbag, Sommerreifen;€ 23.810;Sehr guter Preis;25.624 km;Schaltgetriebe;05/2018;Benzin;170 kW (231 PS);nan;nan;Autoscout24.de
Kia;Optima;Sportsw 2.0 Aut Spirit Hyb PANO+MEMO+VOLL;Ambientebeleuchtung, Einparkhilfe Sensoren hinten, Sportpaket, Isofix, Schiebedach, Notbremsassistent, Getönte Scheiben, Apple CarPlay; ;nan;nan;nan;nan;nan;nan;nan;nan;Autoscout24.de
Kia;Carens;Dream Team/Mfl/Navi/Shz/Navi/7-Sitzer/;Navigationssystem, Beifahrerairbag, Sitzheizung, Tempomat, Elektr. Fensterheber, Alufelgen, Einparkhilfe Kamera, Dachreling;€ 11.990;Sehr guter Preis;77.383 km;Schaltgetriebe;04/2018;Benzin;99 kW (135 PS);6,5 l/100 km;150 g/km;Autoscout24.de
Volkswagen;Sharan;Highline BMT DSG 7-Sitzer Pano AHK Navi;Auto kauft man mit Vertrauen u Garantie;€ 22.440;Fairer Preis;149.941 km;Automatik;07/2017;Diesel;135 kW (184 PS);nan;nan;Autoscout24.de
Mercedes-Benz;GLC 220;d 4Matic AMG Aut. AHK LED COMAND TEMP SHZ;Sportpaket, Sportfahrwerk, Allrad, Anhängerkupplung, Navigationssystem, Sitzheizung, Elektrische Sitze, Alufelgen;€ 26.600;Guter Preis;136.800 km;Automatik;10/2017;Diesel;125 kW (170 PS);5,0 l/100 km;129 g/km;Autoscout24.de
Ford;Transit;Courier Trend KLIMA, SITZHEIZUNG, PDC;Bitte ruf mich nicht Samstag oder Sonntag nur per E-Mai;€ 10.990;Sehr guter Preis;38.905 km;Schaltgetriebe;12/2017;Diesel;70 kW (95 PS);4,0 l/100 km;104 g/km;Autoscout24.de
BMW;118;i Advantage Lenkradhzg. LED SpurAss PDC KeyLess;Totwinkel-Assistent, MP3, Elektrische Heckklappe, Voll-LED Scheinwerfer, Beheizbares Lenkrad, 2-Zonen-Klimaautomatik, USB, Getönte Scheiben;€ 19.755;Sehr guter Preis;44.027 km;Automatik;11/2020;Benzin;100 kW (136 PS);5,6 l/100 km;129 g/km;Autoscout24.de
SEAT;Ateca;1.4 TSI Style Navi SHZ PDC 110 kW (150 PS), Sch...;Sonderzinstage bei Autoflex24 eff. Zins ab 2,22 %;€ 16.987;Sehr guter Preis;70.987 km;Schaltgetriebe;05/2018;Benzin;110 kW (150 PS);nan;nan;Autoscout24.de
Nissan;Evalia;NV200/Evalia Tekna 7-Sitze NAV+SHZ KLIMA CAM AHK;Schiebetür links, Anhängerkupplung, Schiebetür rechts, Einparkhilfe Kamera, Isofix, Sitzheizung, Klimaautomatik, Tempomat;€ 15.890;Sehr guter Preis;109.647 km;Schaltgetriebe;09/2017;Diesel;81 kW (110 PS);4,9 l/100 km;130 g/km;Autoscout24.de
Ford;Transit;Kasten 310 L2H2 Trend Mixto 6 SItzer;Beifahrerairbag, Start/Stop-Automatik, Einparkhilfe Sensoren vorne, Tempomat, Traktionskontrolle, Schiebetür rechts, Klimaanlage, Radio;€ 15.990;Sehr guter Preis;147.000 km;Schaltgetriebe;02/2017;Diesel;96 kW (131 PS);nan;nan;Autoscout24.de
Audi;Q3;2.0 TDI quattro S tronic design Navi/Leder/Te;Sportpaket, Schiebedach, Beifahrerairbag, Einparkhilfe Kamera, Elektrische Sitze, Panoramadach, Elektrische Heckklappe, Sitzheizung;€ 22.990;Fairer Preis;93.000 km;Automatik;08/2018;Diesel;110 kW (150 PS);nan;nan;Autoscout24.de
Suzuki;Swift;Automatik Comfort+ aus 1. Hand, Werkstatt gepflegt;Elektrische Seitenspiegel, ABS, Spurhalteassistent, Einparkhilfe Kamera, Touchscreen, Klimaautomatik, Alufelgen, Sitzheizung;€ 14.995;Guter Preis;26.975 km;Automatik;03/2019;Benzin;82 kW (111 PS);5,3 l/100 km;121 g/km;Autoscout24.de
Audi;A6;Avant 2.0 TDI S-Tronic Ultra NAV+XEN+PANO+KAM;Einparkhilfe Kamera, Sportfahrwerk, Panoramadach, Sportsitze, CD, Schlüssellose Zentralverriegelung, Alufelgen, Lordosenstütze;€ 19.749;Erhöhter Preis;194.750 km;Automatik;03/2018;Diesel;140 kW (190 PS);4,7 l/100 km;nan;Autoscout24.de
BMW;X1;xDrive25e Advantage / AHK / Rückfahrkamera;Sportsitze, Allrad, Einparkhilfe Kamera, Sitzheizung, LED-Scheinwerfer, Alufelgen, E10-geeignet, Reifendruckkontrollsystem; ;nan;nan;nan;nan;nan;nan;nan;nan;Autoscout24.de
Peugeot;208;Active*Klima*Radio*BT;E10-geeignet, Elektrische Seitenspiegel, Bluetooth, Tempomat, Seitenairbag, Wegfahrsperre, Freisprecheinrichtung, Touchscreen;€ 7.638;Guter Preis;72.000 km;Schaltgetriebe;01/2017;Benzin;60 kW (82 PS);4,5 l/100 km;107 g/km;Autoscout24.de
Volkswagen;Touran;Comfortline BMT;3-Zonen-Klimaautomatik, Sitzheizung, Alufelgen, Einparkhilfe Sensoren hinten, Abstandstempomat, LED-Scheinwerfer, Elektrische Seitenspiegel, CD;€ 13.900;Sehr guter Preis;173.250 km;Automatik;11/2017;Diesel;85 kW (116 PS);4,4 l/100 km;114 g/km;Autoscout24.de
Mercedes-Benz;GLC 300;AMGline 4Matic Coupe,Navi,LED,SD,360Kam.;Finanzierung ab 6,29% / Sofortankauf & Inzahlungnahme;€ 30.800;Sehr guter Preis;140.735 km;Automatik;08/2017;Benzin;180 kW (245 PS);7,5 l/100 km;169 g/km;Autoscout24.de
Audi;A8;50 TDI HD Matrix Virtual Hud Kamera 21 Zoll;Volldigitales Kombiinstrument, Laserlicht, Einparkhilfe Kamera, Sportfahrwerk, Allrad, Head-up display, Sitzheizung, Elektrische Sitze;€ 37.490;Sehr guter Preis;177.300 km;Automatik;01/2019;Diesel;210 kW (286 PS);5,8 l/100 km;152 g/km;Autoscout24.de
BMW;220;Coupé M Sport LED NaviBusiness FernlichtAss;Ihr BMW Servicepartner für die Region Hannover;€ 13.999;Guter Preis;194.000 km;Schaltgetriebe;08/2017;Diesel;140 kW (190 PS);4,3 l/100 km;nan;Autoscout24.de
Audi;A8;50 TDI HD Matrix Virtual Hud Kamera 21 Zoll;Volldigitales Kombiinstrument, Laserlicht, Einparkhilfe Kamera, Sportfahrwerk, Allrad, Head-up display, Sitzheizung, Elektrische Sitze;€ 37.490;Sehr guter Preis;177.300 km;Automatik;01/2019;Diesel;210 kW (286 PS);5,8 l/100 km;152 g/km;Autoscout24.de
Ford;Puma;1.0 EcoBoost ST-Linie ST-Line *LED*NAVI*TWA;Schlüssellose Zentralverriegelung, Sportfahrwerk, USB, Sitzheizung, Einparkhilfe Kamera, Abstandstempomat, LED-Scheinwerfer, Navigationssystem;€ 17.804;Sehr guter Preis;13.975 km;Schaltgetriebe;05/2021;Benzin;92 kW (125 PS);nan;nan;Autoscout24.de
Skoda;Karoq;1.5 TSI STYLE/KAMERA/ACC/NAVI/SCHECKHEFT;Anhängerkupplung, Elektrische Heckklappe, Sitzheizung, Navigationssystem, Einparkhilfe Kamera, Ambientebeleuchtung, Einparkhilfe Sensoren vorne, Abstandstempomat;€ 22.800;Sehr guter Preis;49.990 km;Automatik;10/2020;Benzin;110 kW (150 PS);nan;nan;Autoscout24.de
Fiat;500X;S-Design City Look*NAV*AHK*;Anhängerkupplung, Navigationssystem, Alufelgen, E10-geeignet, Beifahrerairbag, Reifendruckkontrollsystem, Kurvenlicht, Tempomat;€ 12.986;Fairer Preis;86.000 km;Schaltgetriebe;02/2018;Benzin;103 kW (140 PS);6,0 l/100 km;139 g/km;Autoscout24.de
Citroen;Berlingo;Feel M SHZ NAVI Kamera DAB KLIMA;Schiebetür links, Klimaanlage, Beifahrerairbag, Dachreling, Alufelgen, Elektr. Fensterheber, Isofix, Sitzheizung;€ 16.950;Sehr guter Preis;58.000 km;Schaltgetriebe;03/2019;Diesel;96 kW (131 PS);nan;nan;Autoscout24.de
Opel;Corsa;Elegance DAB Spurhalteassistent LED Scheinwerfer;Sitzheizung, Nebelscheinwerfer, Regensensor, Alufelgen, Einparkhilfe Sensoren vorne, Fernlichtassistent, LED-Scheinwerfer, DAB-Radio;€ 13.500;Sehr guter Preis;29.408 km;Schaltgetriebe;04/2021;Benzin;74 kW (101 PS);4,3 l/100 km;98 g/km;Autoscout24.de
Volkswagen;Polo;1.0 MPI Trendline;Einparkhilfe Sensoren hinten, Multifunktionslenkrad, MP3, Pannenkit, Seitenairbag, E10-geeignet, Traktionskontrolle, Isofix;€ 13.950;Guter Preis;36.209 km;Schaltgetriebe;01/2021;Benzin;59 kW (80 PS);5,6 l/100 km;128 g/km;Autoscout24.de
Ford;Transit Connect;Transit Conn 1.5d Trend 3SIT+KLIMA+PDC+AHK+8FACH;Klimaanlage, Schiebetür rechts, Beheizbare Frontscheibe, Start/Stop-Automatik, Alufelgen, Elektr. Fensterheber, Lordosenstütze, Anhängerkupplung;€ 8.850;nan;124.993 km;Schaltgetriebe;07/2017;Diesel;74 kW (101 PS);4,8 l/100 km;124 g/km;Autoscout24.de
Dodge;Challenger;5.7 HEMI V8 R/T Navi | Leder | CAM;Navigationssystem, Sitzheizung, Apple CarPlay, LED-Scheinwerfer, Sportfahrwerk, Elektrische Sitze, 2-Zonen-Klimaautomatik, Soundsystem;€ 29.950;Sehr guter Preis;45.000 km;Automatik;03/2017;Benzin;277 kW (377 PS);nan;nan;Autoscout24.de
Hyundai;TUCSON;NAVI, KAMERA, SITZHEIZUNG;Ihr Fiat Partner seit 1970;€ 15.750;nan;73.000 km;Schaltgetriebe;08/2018;Benzin;97 kW (132 PS);6,9 l/100 km;158 g/km;Autoscout24.de
Kia;Ceed SW / cee'd SW;Cee'd SW 1.6d Hyb 7G Spirit MEMO+KAM+LED+ACC+;Elektrische Heckklappe, Schaltwippen, Sitzheizung, Alarmanlage, Einparkhilfe Kamera, Totwinkel-Assistent, 2-Zonen-Klimaautomatik, Induktionsladen für Smartphones; ;nan;nan;nan;nan;nan;nan;nan;nan;Autoscout24.de
Mercedes-Benz;CLA 200;Urban/Progressiv Paket/Leder;ALLE FAHRZEUGE BEI UNS AUF LAGER!!!;€ 23.999;Sehr guter Preis;110.254 km;Automatik;06/2020;Benzin;120 kW (163 PS);nan;nan;Autoscout24.de
Dacia;Sandero;II Stepway Prestige|LED TFL|Navi|PDC|E6!;Start/Stop-Automatik, Klimaanlage, Dachreling, Isofix, Navigationssystem, Tempomat, Nebelscheinwerfer, Servolenkung;€ 8.399;Sehr guter Preis;98.105 km;Schaltgetriebe;04/2017;Diesel;66 kW (90 PS);3,5 l/100 km;98 g/km;Autoscout24.de
BMW;530;i xDrive Sport Aut. M PAKET+PANO+PROF+MEMO+19;Sportfahrwerk, Sportpaket, Tempomat, Volldigitales Kombiinstrument, Ambientebeleuchtung, Head-up display, Sportsitze, Schaltwippen;€ 28.450;nan;73.123 km;Automatik;08/2018;Benzin;185 kW (252 PS);6,0 l/100 km;137 g/km;Autoscout24.de
Opel;Corsa;1.2 Edition/PDC/SHZ/TEMPOMAT/ISOFIX/BLUETO;Touchscreen, Sitzheizung, Sportsitze, Einparkhilfe Sensoren hinten, Klimaanlage, Sportfahrwerk, Freisprecheinrichtung, Spurhalteassistent;€ 11.890;Sehr guter Preis;27.500 km;Schaltgetriebe;02/2020;Benzin;55 kW (75 PS);5,3 l/100 km;120 g/km;Autoscout24.de
Opel;Astra;K Lim. 1.6D EDITION NAVI/LED/TEMP./SPORT;Apple CarPlay, Seitenairbag, Armlehne, Android Auto, Regensensor, Einparkhilfe Sensoren hinten, Zentralverriegelung, LED-Tagfahrlicht;€ 8.450;Sehr guter Preis;117.950 km;Schaltgetriebe;05/2019;Diesel;81 kW (110 PS);3,6 l/100 km;95 g/km;Autoscout24.de
BMW;225;d Coupe Steptronic M Sport+LED+NAVI+KAMERA+H&K;Sportfahrwerk, Sportpaket, Spoiler, Navigationssystem, Sitzheizung, Einparkhilfe Kamera, MP3, Elektrische Sitze;€ 23.900;Sehr guter Preis;92.000 km;Automatik;02/2019;Diesel;165 kW (224 PS);4,6 l/100 km;121 g/km;Autoscout24.de
Audi;A6;40TDI LIMOUSINE SPORT PDC AHK ACC SPORTSITZE;Sportpaket, Apple CarPlay, LED-Scheinwerfer, Sportsitze, Anhängerkupplung, Schaltwippen, Sprachsteuerung, Sitzheizung;€ 26.990;Sehr guter Preis;120.000 km;Automatik;09/2019;Diesel;150 kW (204 PS);4,7 l/100 km;124 g/km;Autoscout24.de
Opel;Mokka;Edition 1.2 Direct Injection Turbo 74 kW (;Abstandstempomat, Einparkhilfe Kamera, Tempomat, LED-Scheinwerfer, Regensensor, Sitzheizung, LED-Tagfahrlicht, Alufelgen;€ 14.950;Sehr guter Preis;60.000 km;Schaltgetriebe;11/2021;Benzin;74 kW (101 PS);nan;nan;Autoscout24.de
Volkswagen;Touran;Comfortline 2.0TDI AHK/ACC/MASSAGE/NAVI;Anhängerkupplung, Multifunktionslenkrad, 3-Zonen-Klimaautomatik, Alufelgen, Navigationssystem, Isofix, Abstandstempomat, Einparkhilfe Sensoren vorne;€ 15.970;Sehr guter Preis;145.001 km;Schaltgetriebe;04/2020;Diesel;85 kW (116 PS);5,5 l/100 km;146 g/km;Autoscout24.de
Citroen;C3;Feel Pack PureTech 82 83 EU6d 1.2 PURETECH LED Kli;Klimaautomatik, Einparkhilfe Sensoren hinten, Fahrerairbag, Bi-Xenon Scheinwerfer, Touchscreen, Spurhalteassistent, Sitzheizung, Elektr. Fensterheber;€ 12.980;Sehr guter Preis;8.623 km;Schaltgetriebe;04/2022;Benzin;60 kW (82 PS);5,5 l/100 km;124 g/km;Autoscout24.de
Ford;Focus;ST-Line B&O Kamera ACC SHZ Lenkradheizung;Sportfahrwerk, Einparkhilfe Kamera, Ambientebeleuchtung, Sportsitze, Lederlenkrad, Touchscreen, Soundsystem, USB;€ 14.990;Guter Preis;102.057 km;Schaltgetriebe;09/2021;Benzin;114 kW (155 PS);5,2 l/100 km;117 g/km;Autoscout24.de
Ford;EcoSport;1.0 EcoBoost *NAVI*RFK*SHZ*FSHZ*CARPLAY;Navigationssystem, Sitzheizung, USB, Einparkhilfe Kamera, Dachreling, Einparkhilfe Sensoren vorne, Klimaautomatik, Beifahrerairbag;€ 12.970;Sehr guter Preis;47.510 km;Schaltgetriebe;12/2019;Benzin;74 kW (101 PS);6,6 l/100 km;150 g/km;Autoscout24.de
Nissan;Qashqai;1.3 DIG-T DCT Tekna Leder Carlplay ACC;Sitzheizung, LED-Scheinwerfer, Elektrische Sitze, Verkehrszeichenerkennung, 360° Kamera, Panoramadach, Navigationssystem, Ambientebeleuchtung;€ 19.900;Sehr guter Preis;24.641 km;Automatik;12/2019;Benzin;117 kW (159 PS);5,3 l/100 km;121 g/km;Autoscout24.de
Peugeot;Rifter;PureTech 110 L2 Allure GT-LiINE,NAVI,TEMPO,RFK,PDC;TOP-Zustand, sofort lieferbar, Probefahrt erwünscht!;€ 18.889;Sehr guter Preis;68.700 km;Schaltgetriebe;01/2019;Benzin;81 kW (110 PS);7,5 l/100 km;170 g/km;Autoscout24.de
Mercedes-Benz;A 200;A 200 Progressive LED+NAVI+SHZ+RFK+TEMP+ Klima/BC;LED-Scheinwerfer, Volldigitales Kombiinstrument, Sitzheizung, Schaltwippen, Sprachsteuerung, Navigationssystem, Regensensor, Voll-LED Scheinwerfer;€ 20.960;Sehr guter Preis;69.650 km;Automatik;05/2019;Benzin;120 kW (163 PS);5,4 l/100 km;123 g/km;Autoscout24.de
Toyota;Hilux;Single Cab Duty 4x4 18.396Km;Allrad, Anhängerkupplung, Radio, Einparkhilfe Sensoren hinten, Zentralverriegelung, Berganfahrassistent, Freisprecheinrichtung, Lederlenkrad;€ 20.900;Sehr guter Preis;18.296 km;Schaltgetriebe;09/2019;Diesel;110 kW (150 PS);6,5 l/100 km;nan;Autoscout24.de
Citroen;C4 Cactus;ShinePureTech 130 Automatik, Navi, Kamera, 1.Hand;Seitenairbag, Regensensor, Totwinkel-Assistent, Sitzheizung, E10-geeignet, Einparkhilfe Kamera, Lordosenstütze, DAB-Radio;€ 13.680;Guter Preis;70.800 km;Automatik;12/2019;Benzin;96 kW (131 PS);4,7 l/100 km;108 g/km;Autoscout24.de
Jeep;Grand Cherokee;3.0 CRD Summit-Luft-Pano-H K-AHK-;Beifahrerairbag, Freisprecheinrichtung, Luftfederung, Sportpaket, Bluetooth, Einparkhilfe Kamera, Touchscreen, Sprachsteuerung;€ 23.900;Sehr guter Preis;139.900 km;Automatik;02/2019;Diesel;184 kW (250 PS);7,0 l/100 km;nan;Autoscout24.de
Dacia;Sandero;Stepway Prestige TCe 90;Dachreling, Einparkhilfe Kamera, Klimaautomatik, Raucherpaket, Tempomat, Einparkhilfe Sensoren hinten, Touchscreen, Navigationssystem;€ 11.990;Guter Preis;35.532 km;Schaltgetriebe;09/2020;Benzin;66 kW (90 PS);5,5 l/100 km;125 g/km;Autoscout24.de
Lada;Niva;4x4 1.HAND,AHK,SERVOLENKUNG,SITZHEIZUNG;Sitzheizung, Anhängerkupplung, Soundsystem, Tagfahrlicht, LED-Tagfahrlicht;€ 11.880;Sehr guter Preis;40.000 km;Schaltgetriebe;08/2019;Benzin;61 kW (83 PS);9,8 l/100 km;226 g/km;Autoscout24.de
Audi;Q2;30 TFSI advanced Navi Sitzh. RüKa PDC;Elektrische Heckklappe, Einparkhilfe Kamera, Sitzheizung, Klimaautomatik, Schlüssellose Zentralverriegelung, Pannenkit, Einparkhilfe Sensoren vorne, Navigationssystem;€ 18.840;Sehr guter Preis;80.300 km;Schaltgetriebe;06/2023;Benzin;81 kW (110 PS);6,2 l/100 km;6 g/km;Autoscout24.de
Peugeot;5008;Active 1.5D NAVI/SHZ/LED/PDC/TEMPO/DAB+;Sitzheizung, Einparkhilfe Sensoren vorne, Android Auto, Spurhalteassistent, Navigationssystem, Alufelgen, Geschwindigkeits-begrenzungsanlage, Getönte Scheiben;€ 17.340;nan;91.940 km;Automatik;10/2019;Diesel;96 kW (131 PS);4,1 l/100 km;109 g/km;Autoscout24.de
Volkswagen;Touran;R Line Highline BMT/Start-Stopp;LED-Scheinwerfer, Sportfahrwerk, Sportpaket, Sitzheizung, Alufelgen, Navigationssystem, Ambientebeleuchtung, Abstandstempomat;€ 24.000;Fairer Preis;78.700 km;Schaltgetriebe;03/2017;Diesel;110 kW (150 PS);4,5 l/100 km;118 g/km;Autoscout24.de
Citroen;Berlingo;1.2PureTech LivePack+KLIMA+TEMPO+KAMERA;Isofix, Beifahrerairbag, Einparkhilfe Kamera, Klimaanlage, Tempomat, Freisprecheinrichtung, teilb. Rücksitzbank, Schiebetür rechts;€ 14.900;Sehr guter Preis;50.112 km;Schaltgetriebe;03/2023;Benzin;81 kW (110 PS);7,0 l/100 km;160 g/km;Autoscout24.de
BMW;220;220 i Advantage;Anhängerkupplung, Getönte Scheiben, Einparkhilfe Sensoren vorne, Navigationssystem, Notbremsassistent, Reifendruckkontrollsystem, Nebelscheinwerfer, Sitzheizung;€ 15.750;Sehr guter Preis;65.000 km;Schaltgetriebe;09/2017;Benzin;141 kW (192 PS);5,9 l/100 km;137 g/km;Autoscout24.de
BMW;116;Baureihe 1 Lim. 5-trg. 116 i 61 TKM;Sitzheizung, E10-geeignet, Einparkhilfe Sensoren vorne, Tempomat, Alufelgen, Traktionskontrolle, Nebelscheinwerfer, Einparkhilfe Sensoren hinten;€ 12.599;Sehr guter Preis;61.250 km;Schaltgetriebe;09/2017;Benzin;80 kW (109 PS);5,3 l/100 km;123 g/km;Autoscout24.de
Nissan;NV200;Evalia Tekna 1.5 dCi 6MT Privacy NissanConnect;Schiebetür rechts, Schiebetür links, Einparkhilfe Kamera, Klimaautomatik, teilb. Rücksitzbank, Sitzheizung, Geschwindigkeits-begrenzungsanlage, Wegfahrsperre;€ 14.990;Sehr guter Preis;102.726 km;Schaltgetriebe;08/2017;Diesel;81 kW (110 PS);nan;nan;Autoscout24.de
Opel;Grandland X;"2.0d Aut Ultim MEMO+360+LED+AHK+19""";Sitzbelüftung, Elektrische Sitze, Anhängerkupplung, Getönte Scheiben, Sitzheizung, DAB-Radio, Start/Stop-Automatik, Beheizbares Lenkrad;€ 16.650;Sehr guter Preis;100.000 km;Automatik;01/2019;Diesel;130 kW (177 PS);4,9 l/100 km;128 g/km;Autoscout24.de
Citroen;Berlingo;BlueHDi 100 S&S  Multispace Shine;Klimaanlage, Isofix, Beifahrerairbag, Schiebetür links, Alufelgen, 2-Zonen-Klimaautomatik, Sitzheizung, Apple CarPlay;€ 8.950;Guter Preis;145.000 km;Schaltgetriebe;11/2017;Diesel;73 kW (99 PS);4,2 l/100 km;nan;Autoscout24.de
Peugeot;2008;1.5 BlueHDi 120 Allure Autom. Leder, Panor.;Unser Angebot der Woche;€ 16.900;Sehr guter Preis;36.300 km;Automatik;03/2020;Diesel;88 kW (120 PS);nan;nan;Autoscout24.de
Nissan;Qashqai;"1.6 DIG-T Tekna 360° PGD Alu19"" Navi AHK";LED-Scheinwerfer, Anhängerkupplung, Dachreling, Ambientebeleuchtung, Einparkhilfe selbstlenkendes System, 360° Kamera, Navigationssystem, Totwinkel-Assistent;€ 19.750;Sehr guter Preis;34.980 km;Schaltgetriebe;02/2020;Benzin;117 kW (159 PS);nan;nan;Autoscout24.de
Jeep;Compass;Longitude 4WD,Klima, Tempomat, AHK, PDC;Allrad, Elektr. Fensterheber, Beifahrerairbag, Anhängerkupplung, ESP, Spurhalteassistent, Bluetooth, Berganfahrassistent;€ 17.900;Sehr guter Preis;77.100 km;Schaltgetriebe;07/2019;Diesel;103 kW (140 PS);nan;nan;Autoscout24.de
Audi;SQ5;3.0 TDI QUT FACE*VIRT*MATRIX*KAM*RS-SITZE*22';Volldigitales Kombiinstrument, Sportsitze, Luftfederung, Panoramadach, Allrad, Elektr. Fensterheber, Beifahrerairbag, Soundsystem;€ 32.900;Sehr guter Preis;212.000 km;Automatik;06/2020;Diesel;255 kW (347 PS);6,8 l/100 km;177 g/km;Autoscout24.de
Audi;Q2;Sport TFSI S-tronic LED ACC NAVI SHZ SPUR PDC;- Ihre Zufriedenheit ist unser Antrieb -;€ 19.760;Sehr guter Preis;47.650 km;Automatik;01/2017;Benzin;110 kW (150 PS);5,2 l/100 km;119 g/km;Autoscout24.de
Hyundai;KONA;Advantage+Navi+LED+HUD+Leder;Navigationssystem, Sitzheizung, Klimaautomatik, Head-up display, Schlüssellose Zentralverriegelung, Einparkhilfe Kamera, Wegfahrsperre, Lichtsensor;€ 15.350;Sehr guter Preis;49.500 km;Schaltgetriebe;10/2020;Benzin;88 kW (120 PS);nan;nan;Autoscout24.de
Ford;Focus;ST 2.3 EcoBoost *RECARO*PANO* ACC*LED*KAMERA*SHZ;Sportfahrwerk, Lichtsensor, Lederlenkrad, Abstandstempomat, Seitenairbag, Schiebedach, W-Lan / Wifi Hotspot, Soundsystem;€ 17.990;Sehr guter Preis;160.804 km;Automatik;06/2020;Benzin;206 kW (280 PS);nan;nan;Autoscout24.de
Nissan;Juke;1.0 DIG-T Acenta/NAVI/LED/DAB/Komfort-Paket;Sitzheizung, LED-Scheinwerfer, E10-geeignet, Regensensor, Einparkhilfe Kamera, Lordosenstütze, Klimaautomatik, Navigationssystem;€ 13.900;Sehr guter Preis;87.130 km;Schaltgetriebe;05/2020;Benzin;86 kW (117 PS);4,9 l/100 km;112 g/km;Autoscout24.de
Ford;Kuga;KUGA 2.0 TDCI 4x4 ST-Line XENON NAVI CAM;Allrad, Geschwindigkeits-begrenzungsanlage, Beheizbare Frontscheibe, Sitzheizung, Navigationssystem, Beheizbares Lenkrad, Elektrische Heckklappe, Abstandstempomat;€ 16.850;Guter Preis;112.203 km;Automatik;08/2018;Diesel;132 kW (179 PS);nan;nan;Autoscout24.de
Opel;Corsa;YES (Auch als GS verfügbar) 1.2 Turbo 100 PS, 6-Ga;ONLINE ABWICKLUNG+TOP BEWERTUNGEN+GÜNSTIGE FINANZI;€ 16.950;nan;1 km;Schaltgetriebe;03/2025;Benzin;74 kW (101 PS);5,3 l/100 km;118 g/km;Autoscout24.de
Mercedes-Benz;C 180;Avantgarde 2x+LED+Navi+Advanced+Spur/Totwi;Fahrerairbag, Sportfahrwerk, Ambientebeleuchtung, Einparkhilfe Kamera, Wegfahrsperre, Totwinkel-Assistent, Lichtsensor, Elektrische Sitze;€ 22.899;Sehr guter Preis;70.000 km;Automatik;08/2019;Benzin;115 kW (156 PS);7,6 l/100 km;172 g/km;Autoscout24.de
Mercedes-Benz;C 200;4M LED*Panorama*PDC*Kam*Memory*Sitzheizung;Volldigitales Kombiinstrument, Panoramadach, Wegfahrsperre, Ambientebeleuchtung, Elektrische Sitze, Lichtsensor, Apple CarPlay, Schaltwippen;€ 27.850;Guter Preis;42.819 km;Automatik;07/2019;Benzin;135 kW (184 PS);7,7 l/100 km;174 g/km;Autoscout24.de
Peugeot;208;130 EAT8 Allure NAVI CARPLAY PDC VIRTUAL COCKPIT;Verkehrszeichenerkennung, Spurhalteassistent, E10-geeignet, Notbremsassistent, Alufelgen, Apple CarPlay, Touchscreen, Navigationssystem;€ 14.250;Guter Preis;73.828 km;Automatik;10/2019;Benzin;96 kW (131 PS);4,5 l/100 km;103 g/km;Autoscout24.de
Volkswagen;Passat Variant;Comfortline BMT;Sitzheizung, 3-Zonen-Klimaautomatik, Einparkhilfe Kamera, DAB-Radio, Seitenairbag, Multifunktionslenkrad, Fernlichtassistent, ESP;€ 13.900;Sehr guter Preis;145.122 km;Schaltgetriebe;03/2018;Benzin;110 kW (150 PS);5,1 l/100 km;119 g/km;Autoscout24.de
Peugeot;208;Active*Sitzheizung*Lichtsensor*Klima*;Sitzheizung, Einparkhilfe Sensoren hinten, E10-geeignet, Lederlenkrad, Touchscreen, Zentralverriegelung, Pannenkit, Elektr. Fensterheber;€ 9.765;Sehr guter Preis;39.232 km;Schaltgetriebe;01/2019;Benzin;60 kW (82 PS);5,8 l/100 km;130 g/km;Autoscout24.de
Mercedes-Benz;C 350;C 350 E T 7G-AUTO. AMG LINE NAVI LED NIGHT-PAKET K;Finanzierung und Leasing möglich! Kontaktieren Sie uns!; ;nan;nan;nan;nan;nan;nan;nan;nan;Autoscout24.de
BMW;118;i Lim.  AUTOMATIK/NAVI/LED/PDC/GARANTIE;GARANTIE • FINANZIERUNG • LIEFERUNG • ZULASSUNG;€ 17.990;nan;98.000 km;Automatik;01/2020;Benzin;103 kW (140 PS);5,3 l/100 km;121 g/km;Autoscout24.de
Opel;Corsa;E 1.4 COLOR EDIT. NAVI/LED/TEMP./PDC/DAB+;Alufelgen, Apple CarPlay, Pannenkit, Navigationssystem, Einparkhilfe Sensoren hinten, Touchscreen, Android Auto, Sportsitze;€ 9.850;Guter Preis;49.750 km;Schaltgetriebe;06/2018;Benzin;66 kW (90 PS);4,7 l/100 km;110 g/km;Autoscout24.de
BMW;420;M Sport|LEDer|RFK|H&K|NAV|DAB;Sportfahrwerk, Sportpaket, Tempomat, Schaltwippen, Einparkhilfe Kamera, Sommerreifen, LED-Scheinwerfer, Sportsitze;€ 23.440;Fairer Preis;151.095 km;Automatik;06/2019;Diesel;140 kW (190 PS);nan;nan;Autoscout24.de
Ford;Fiesta;Cool & Connect1.1 COOL&CONN Navi Apple CarPlay And;Einparkhilfe Sensoren hinten, Sitzheizung, Navigationssystem, Spurhalteassistent, Katalysator, Touchscreen, Lederlenkrad, Android Auto;€ 11.790;Sehr guter Preis;48.889 km;Schaltgetriebe;12/2019;Benzin;63 kW (86 PS);nan;nan;Autoscout24.de
Audi;A4;40 TDI 2.0 TDI S-Line LED+ACC+NAVI+KAMERA+KEYLESS+;Sportfahrwerk, Volldigitales Kombiinstrument, LED-Scheinwerfer, Sportpaket, Ambientebeleuchtung, 360° Kamera, Einparkhilfe Kamera, Sitzheizung;€ 23.870;Sehr guter Preis;105.368 km;Automatik;12/2019;Diesel;140 kW (190 PS);6,2 l/100 km;163 g/km;Autoscout24.de
Kia;XCeed;1.6 Plug-in Hybrid Vision Navi, Angebot der Woche;Unser Angebot der Woche; ;nan;nan;nan;nan;nan;nan;nan;nan;Autoscout24.de
Volkswagen;Golf;VII 1.5 TSI Comfortline BM SHZ | ACC | aAHK;Sitzheizung, 2-Zonen-Klimaautomatik, Abstandstempomat, Beifahrerairbag, Alufelgen, Anhängerkupplung, Regensensor, Multifunktionslenkrad;€ 13.450;Sehr guter Preis;122.100 km;Schaltgetriebe;10/2018;Benzin;96 kW (131 PS);6,0 l/100 km;133 g/km;Autoscout24.de
Hyundai;IONIQ;Elektro Premium +Leder + GSD +Winterreifen;Sitzheizung, Schiebedach, Anhängerkupplung, Totwinkel-Assistent, Elektrische Sitze, Verkehrszeichenerkennung, Beheizbares Lenkrad, Reifendruckkontrollsystem; ;nan;nan;nan;nan;Elektro;nan;nan;nan;Autoscout24.de
Mercedes-Benz;C 220;d T Avantgarde;Sportpaket, Einparkhilfe Kamera, Navigationssystem, Anhängerkupplung, Reifendruckkontrollsystem, Fernlichtassistent, Totwinkel-Assistent, Sitzheizung;€ 23.990;Sehr guter Preis;99.000 km;Automatik;10/2020;Diesel;143 kW (194 PS);nan;nan;Autoscout24.de
Toyota;Aygo;play club 1.0l 5-Türer Rückfahrkamera Apple CarPla;Fast Start 2020;€ 9.560;Sehr guter Preis;31.624 km;Schaltgetriebe;12/2019;Benzin;53 kW (72 PS);nan;nan;Autoscout24.de
Opel;Corsa;1.2T Edition Tempomat PDC v+h/ Kamera/ SHZ;Sitzheizung, Einparkhilfe Sensoren vorne, Beheizbares Lenkrad, Einparkhilfe Kamera, Einparkhilfe Sensoren hinten, Totwinkel-Assistent, Fernlichtassistent, Fahrerairbag;€ 14.990;Sehr guter Preis;13.133 km;Schaltgetriebe;01/2024;Benzin;74 kW (101 PS);5,2 l/100 km;118 g/km;Autoscout24.de
Ford;Focus;Cool Rückfahrkamera Navi Sitzheizung Totwinkel;LED-Scheinwerfer, Sitzheizung, Reifendruckkontrollsystem, Regensensor, Beifahrerairbag, Totwinkel-Assistent, Navigationssystem, Einparkhilfe Kamera;€ 16.250;Sehr guter Preis;40.360 km;Automatik;02/2021;Diesel;88 kW (120 PS);3,6 l/100 km;92 g/km;Autoscout24.de
BMW;X4 M;d *21 *ACC*Pano*AHK*Memory*Standhzg.*H&K;H-UP   Display-Key   360°   Sitzhzg.;€ 40.800;Sehr guter Preis;92.000 km;Automatik;04/2019;Diesel;240 kW (326 PS);6,4 l/100 km;nan;Autoscout24.de
Audi;S7;Sportback NIGHT/QUATTRO/MATRIX/SHZ/2.HAND/LED;360° Kamera, 4-Zonen-Klimaautomatik, Sportsitze, Sportfahrwerk, Volldigitales Kombiinstrument, Sportpaket, Abstandstempomat, Allrad;€ 55.900;Sehr guter Preis;82.000 km;Automatik;03/2020;Diesel;257 kW (349 PS);6,5 l/100 km;170 g/km;Autoscout24.de
Mercedes-Benz;GLB 180;d 8G-DCT LEDER+VIRTUAL+PARKASS+TEMP+DAB;Sportpaket, Bordcomputer, Volldigitales Kombiinstrument, Alufelgen, Start/Stop-Automatik, Klimaautomatik, Dachreling, Einparkhilfe Sensoren vorne;€ 22.950;Sehr guter Preis;136.161 km;Automatik;05/2021;Diesel;85 kW (116 PS);4,7 l/100 km;125 g/km;Autoscout24.de
Opel;Astra;Edition Start/Stop;Einparkhilfe Kamera, 2-Zonen-Klimaautomatik, Start/Stop-Automatik, DAB-Radio, USB, Tagfahrlicht, Totwinkel-Assistent, Alufelgen;€ 7.950;Fairer Preis;246.500 km;Automatik;04/2021;Diesel;90 kW (122 PS);4,2 l/100 km;112 g/km;Autoscout24.de
Ford;Kuga;ST-Line |LEDER|NAVI|PANO.|SHZ|R.KAMERA|AHK;Sportfahrwerk, Allrad, Anhängerkupplung, Sitzheizung, Elektrische Heckklappe, ABS, Apple CarPlay, Einparkhilfe Kamera;€ 17.990;Sehr guter Preis;60.000 km;Automatik;09/2018;Benzin;129 kW (175 PS);9,0 l/100 km;nan;Autoscout24.de
Mercedes-Benz;GLB 180;d 8G-DCT LEDER+VIRTUAL+PARKASS+TEMP+DAB;Sportpaket, Bordcomputer, Volldigitales Kombiinstrument, Alufelgen, Start/Stop-Automatik, Klimaautomatik, Dachreling, Einparkhilfe Sensoren vorne;€ 22.950;Sehr guter Preis;136.161 km;Automatik;05/2021;Diesel;85 kW (116 PS);4,7 l/100 km;125 g/km;Autoscout24.de
Opel;Astra;Edition Start/Stop;Einparkhilfe Kamera, 2-Zonen-Klimaautomatik, Start/Stop-Automatik, DAB-Radio, USB, Tagfahrlicht, Totwinkel-Assistent, Alufelgen;€ 7.950;Fairer Preis;246.500 km;Automatik;04/2021;Diesel;90 kW (122 PS);4,2 l/100 km;112 g/km;Autoscout24.de
Mercedes-Benz;A 200;Progressive (EURO 6d-TEMP) Navi Business u. Spiege;TOP PARTNER | Finanzierung | Inzahlungnahme.;€ 18.975;Guter Preis;66.200 km;Schaltgetriebe;08/2018;Benzin;120 kW (163 PS);nan;nan;Autoscout24.de
Volkswagen;Golf;1.8 TSI DSG U.S. Edition;Einparkhilfe Kamera, Lordosenstütze, Pannenkit, Notbremsassistent, Multifunktionslenkrad, Freisprecheinrichtung, Seitenairbag, Fahrerairbag;€ 16.999;Sehr guter Preis;78.000 km;Automatik;07/2018;Benzin;125 kW (170 PS);nan;nan;Autoscout24.de
BMW;118;i Advantage Line Leder Dakota|Navi|LED|SHZ;Sitzheizung, 2-Zonen-Klimaautomatik, Ambientebeleuchtung, Einparkhilfe Sensoren vorne, LED-Scheinwerfer, Verkehrszeichenerkennung, Navigationssystem, Voll-LED Scheinwerfer;€ 16.349;Guter Preis;69.716 km;Automatik;10/2018;Benzin;100 kW (136 PS);nan;nan;Autoscout24.de
Kia;Niro;Edition 7/AUTOMATIK/CAM/AHK/LED/SHZ/ACC!;Reparaturkostenversicherung für bis zu 36 Monaten!!!; ;nan;nan;nan;nan;nan;nan;nan;nan;Autoscout24.de
BMW;218;Active Tourer d xDrive Advantage, LED, SH, PDC, Rü;Allrad, Einparkhilfe Kamera, Elektrische Heckklappe, Sportsitze, Isofix, LED-Scheinwerfer, Navigationssystem, Sitzheizung;€ 16.990;nan;93.259 km;Automatik;04/2020;Diesel;110 kW (150 PS);5,4 l/100 km;142 g/km;Autoscout24.de
Audi;S6;4.0 TFSI quattro/ KLAPPENABG. / 520 PS;Anhängerkupplung, Schiebedach, Sportfahrwerk, Navigationssystem, Sportpaket, Soundsystem, Scheinwerferreinigung, Sportsitze;€ 47.990;Sehr guter Preis;80.891 km;Automatik;04/2017;Benzin;382 kW (519 PS);9,2 l/100 km;214 g/km;Autoscout24.de
Peugeot;2008;PureTech 130 EAT8 Allure Pack;Einparkhilfe Kamera, Fahrerairbag, Alufelgen, Dachreling, Freisprecheinrichtung, Notbremsassistent, Getönte Scheiben, Navigationssystem;€ 16.900;Fairer Preis;76.264 km;Automatik;10/2021;Benzin;96 kW (131 PS);4,8 l/100 km;109 g/km;Autoscout24.de
SEAT;Ibiza;FR;Sitzheizung, Schlüssellose Zentralverriegelung, Sportsitze, Navigationssystem, Ambientebeleuchtung, Klimaautomatik, LED-Scheinwerfer, Sportfahrwerk;€ 15.950;Sehr guter Preis;25.741 km;Schaltgetriebe;03/2021;Benzin;81 kW (110 PS);nan;nan;Autoscout24.de
BMW;320;"d Sport Line Navi | Leder | LED | ESHD | 19""";Sportfahrwerk, Sportsitze, Sportpaket, Schiebedach, Ambientebeleuchtung, LED-Scheinwerfer, Sitzheizung, Getönte Scheiben;€ 17.950;Fairer Preis;182.700 km;Automatik;01/2018;Diesel;140 kW (190 PS);4,2 l/100 km;111 g/km;Autoscout24.de
Audi;Q5;40 TDI Quattro Sport NAV+XEN+ACC+PANORAMA+KAM;Sportfahrwerk, Sportsitze, Panoramadach, Sportpaket, Einparkhilfe Kamera, Sommerreifen, Apple CarPlay, Abstandstempomat;€ 29.989;Sehr guter Preis;69.450 km;Automatik;12/2018;Diesel;140 kW (190 PS);7,1 l/100 km;186 g/km;Autoscout24.de
Volkswagen;Tiguan;R-LINE 4M DSG/LED/NAVI/AHK/ACC/MULTIMEDIA;Sportpaket, Volldigitales Kombiinstrument, Anhängerkupplung, W-Lan / Wifi Hotspot, Einparkhilfe Kamera, Induktionsladen für Smartphones, Allrad, Sportfahrwerk;€ 25.480;Guter Preis;117.000 km;Automatik;11/2017;Diesel;176 kW (239 PS);6,4 l/100 km;167 g/km;Autoscout24.de
Skoda;Octavia;Combi Style 2.0 TSI DSG StandHZG El. Panodach Navi;Bringservice deutschlandweit!;€ 14.990;Sehr guter Preis;151.000 km;Automatik;11/2018;Benzin;140 kW (190 PS);nan;nan;Autoscout24.de
MG;EHS;PHEV 1.5 T-GDI Luxury  LED+PANO+SHZ+ACC+360°;Elektr. Fensterheber, Ambientebeleuchtung, Apple CarPlay, Abstandstempomat, Einparkhilfe Sensoren vorne, Schiebedach, Notbremsassistent, Notrufsystem; ;nan;nan;nan;nan;nan;nan;nan;nan;Autoscout24.de
Kia;Picanto;PICANTO 1.2 DPI MT Dream Team Edition;Alufelgen, Einparkhilfe Kamera, Nebelscheinwerfer, Sitzheizung, Beifahrerairbag, Seitenairbag, Ambientebeleuchtung, Apple CarPlay;€ 12.980;Sehr guter Preis;20.930 km;Schaltgetriebe;05/2022;Benzin;62 kW (84 PS);nan;nan;Autoscout24.de
BMW;218;Active Tourer i M Sport;Sportfahrwerk, Sportsitze, LED-Scheinwerfer, Einparkhilfe Kamera, Sportpaket, Bluetooth, Einparkhilfe selbstlenkendes System, E10-geeignet;€ 13.900;Guter Preis;145.000 km;Automatik;03/2017;Benzin;100 kW (136 PS);nan;nan;Autoscout24.de
BMW;X5;xDrive 40d 2.Hand Pano Softclose AHK HeadUp;Sportpaket, Sitzheizung, Schaltwippen, Head-up display, Panoramadach, Sommerreifen, Beheizbares Lenkrad, LED-Scheinwerfer;€ 30.850;nan;125.000 km;Automatik;04/2017;Diesel;230 kW (313 PS);6,0 l/100 km;159 g/km;Autoscout24.de
BMW;318;d Sport Line Exclusive PANO+KAM+MEMO+AHK+LED+;Sportfahrwerk, Sportsitze, LED-Scheinwerfer, Volldigitales Kombiinstrument, Getönte Scheiben, Elektrische Sitze, Panoramadach, 3-Zonen-Klimaautomatik;€ 18.350;Sehr guter Preis;139.982 km;Schaltgetriebe;06/2019;Diesel;110 kW (150 PS);4,3 l/100 km;113 g/km;Autoscout24.de
Skoda;Kodiaq;2.0 TDI, Style 4x4, LED, Navi, ACC, el.Heckkl.;Allrad, Sommerreifen, Elektrische Sitze, Sitzheizung, Apple CarPlay, USB, Fahrerairbag, Elektrische Heckklappe;€ 24.480;Sehr guter Preis;125.000 km;Automatik;05/2021;Diesel;110 kW (150 PS);5,2 l/100 km;136 g/km;Autoscout24.de
Mercedes-Benz;Vito;111 BlueTEC Tourer PRO L 8-Sitzer Standhzg.;Klimaanlage, Seitenairbag, Beifahrerairbag, Reifendruckkontrollsystem, Tempomat, Lordosenstütze, Müdigkeitswarnsystem, Schiebetür rechts;€ 21.998;Erhöhter Preis;80.574 km;Schaltgetriebe;03/2018;Diesel;84 kW (114 PS);nan;nan;Autoscout24.de
Mercedes-Benz;A 200;Progressive NAV+LED+WIDESCREEN+BURMESTER;Sportsitze, Ambientebeleuchtung, Volldigitales Kombiinstrument, LED-Scheinwerfer, Voll-LED Scheinwerfer, Android Auto, Lederlenkrad, Reifendruckkontrollsystem;€ 22.989;Sehr guter Preis;94.750 km;Automatik;04/2020;Diesel;110 kW (150 PS);4,0 l/100 km;nan;Autoscout24.de
Kia;Ceed / cee'd;1.0 TGDI Active*NAVI*TEMPO*CAM*PDC*AHK*ALU*;❗Service Historie und Gebrauchtspureninfos auf Anruf;€ 9.990;Sehr guter Preis;90.456 km;Schaltgetriebe;05/2018;Benzin;88 kW (120 PS);5,2 l/100 km;120 g/km;Autoscout24.de
Volkswagen;Golf;e-Golf NAV+LED+CARPLAY+WÄRMEPUMPE+PP+16ZOLL;Sommerreifen, Regensensor, Schlüssellose Zentralverriegelung, Airbag hinten, LED-Scheinwerfer, Navigationssystem, Lordosenstütze, Getönte Scheiben; ;nan;nan;nan;nan;nan;nan;nan;nan;Autoscout24.de
Volkswagen;T-Cross;United 1.0 TSI DSG Ganzj.Reifen App-Connect Einpar;Sitzheizung, Einparkhilfe Sensoren vorne, Ambientebeleuchtung, 2-Zonen-Klimaautomatik, Regensensor, Getönte Scheiben, MP3, DAB-Radio;€ 18.730;Guter Preis;46.350 km;Automatik;10/2020;Benzin;85 kW (116 PS);nan;nan;Autoscout24.de
Peugeot;5008;Allure 1.2T NAVI/LED/PDC/AHK/7-SITZER/TEMPO;Anhängerkupplung, Einparkhilfe Sensoren vorne, Dachreling, Ambientebeleuchtung, 2-Zonen-Klimaautomatik, Navigationssystem, Android Auto, Elektrische Seitenspiegel;€ 16.490;Sehr guter Preis;112.010 km;Automatik;01/2020;Benzin;96 kW (131 PS);5,2 l/100 km;119 g/km;Autoscout24.de
Kia;Sportage;SPORTAGE 1.6 2WD VISION 17ZOLL NAVI KAMERA KLIMA S;Tagfahrlicht, Navigationssystem, Lichtsensor, Einparkhilfe Kamera, Sitzheizung, Spurhalteassistent, Verkehrszeichenerkennung, Alufelgen;€ 18.877;Guter Preis;24.200 km;Schaltgetriebe;12/2019;Diesel;100 kW (136 PS);nan;nan;Autoscout24.de
Volkswagen;Golf;GTD 2.0 TDI DSG NAV+LED+AHK+KAMERA+ACC+17ZO;Sportsitze, Sportfahrwerk, Sportpaket, LED-Scheinwerfer, Bordcomputer, Einparkhilfe Kamera, Sommerreifen, Sitzheizung;€ 21.749;Sehr guter Preis;89.450 km;Automatik;03/2019;Diesel;135 kW (184 PS);4,3 l/100 km;nan;Autoscout24.de
Hyundai;TUCSON;Tucson FL 1.6 Turbo 7-DCT Trend;Reifendruckkontrollsystem, Elektrische Heckklappe, ABS, Navigationssystem, Sprachsteuerung, Beheizbares Lenkrad, Alufelgen, Einparkhilfe Kamera;€ 18.290;Guter Preis;57.867 km;Automatik;11/2018;Sonstige;130 kW (177 PS);7,3 l/100 km;173 g/km;Autoscout24.de
Hyundai;i30;2.0 TGDI  N Performance;Sportfahrwerk, Sportsitze, Navigationssystem, Schlüssellose Zentralverriegelung, Lichtsensor, Apple CarPlay, Einparkhilfe Kamera, Klimaautomatik;€ 24.989;Sehr guter Preis;34.000 km;Schaltgetriebe;11/2020;Benzin;202 kW (275 PS);nan;nan;Autoscout24.de
Kia;XCeed;PHEV Vision Leder+LED+Navi+Sitz&Lenkradhzg;Sportpaket, Navigationssystem, Ambientebeleuchtung, 2-Zonen-Klimaautomatik, Lordosenstütze, W-Lan / Wifi Hotspot, Sommerreifen, Einparkhilfe Kamera;€ 18.880;Sehr guter Preis;39.984 km;Automatik;12/2021;Benzin;104 kW (141 PS);6,0 l/100 km;140 g/km;Autoscout24.de
Mercedes-Benz;C 220;C 220 d Car Play DAB Radio Navi Tempomat Isofix;Elektrische Sitze, Apple CarPlay, Sitzheizung, LED-Scheinwerfer, ABS, DAB-Radio, Einparkhilfe selbstlenkendes System, Notrufsystem;€ 25.900;Sehr guter Preis;53.069 km;Automatik;11/2020;Diesel;143 kW (194 PS);4,3 l/100 km;113 g/km;Autoscout24.de
BMW;M5;Competition-Keramik-Bowers&Wilkins-Driving Ass Pro;Massagesitze, Sportfahrwerk, Sportpaket, Head-up display, MP3, Elektronische Parkbremse, Allrad, Spoiler;€ 94.875;Fairer Preis;43.370 km;Automatik;03/2023;Benzin;460 kW (625 PS);11,1 l/100 km;250 g/km;Autoscout24.de
Mercedes-Benz;CLA 250;e SB AMG+MBUX+Night+SHZ+LED+PDC+Apple+DAB;Sportsitze, Sportpaket, Ambientebeleuchtung, Volldigitales Kombiinstrument, Sitzheizung, LED-Scheinwerfer, Navigationssystem, MP3; ;nan;nan;nan;nan;nan;nan;nan;nan;Autoscout24.de
Opel;Corsa;F Elegance 1.2 Turbo EU6d Navi LED Apple CarPlay A;Totwinkel-Assistent, Einparkhilfe Kamera, Klimaautomatik, Regensensor, Pannenkit, Nebelscheinwerfer, Sitzheizung, Bi-Xenon Scheinwerfer;€ 15.990;Sehr guter Preis;58.366 km;Automatik;09/2021;Benzin;74 kW (101 PS);5,8 l/100 km;131 g/km;Autoscout24.de
Opel;Astra;Edition 1.2 *Klima*CarPlay*Tempomat*;Sitzheizung, E10-geeignet, Beheizbares Lenkrad, Fahrerairbag, Einparkhilfe Sensoren hinten, Elektr. Fensterheber, Einparkhilfe Sensoren vorne, Android Auto;€ 15.990;Sehr guter Preis;15.200 km;Schaltgetriebe;04/2024;Benzin;55 kW (75 PS);nan;120 g/km;Autoscout24.de
Mercedes-Benz;CLA 250;e SB AMG+MBUX+Night+SHZ+LED+PDC+Apple+DAB;Sportsitze, Sportpaket, Ambientebeleuchtung, Volldigitales Kombiinstrument, Sitzheizung, LED-Scheinwerfer, Navigationssystem, MP3; ;nan;nan;nan;nan;nan;nan;nan;nan;Autoscout24.de
Opel;Corsa;F Elegance 1.2 Turbo EU6d Navi LED Apple CarPlay A;Totwinkel-Assistent, Einparkhilfe Kamera, Klimaautomatik, Regensensor, Pannenkit, Nebelscheinwerfer, Sitzheizung, Bi-Xenon Scheinwerfer;€ 15.990;Sehr guter Preis;58.366 km;Automatik;09/2021;Benzin;74 kW (101 PS);5,8 l/100 km;131 g/km;Autoscout24.de
Opel;Astra;Edition 1.2 *Klima*CarPlay*Tempomat*;Sitzheizung, E10-geeignet, Beheizbares Lenkrad, Fahrerairbag, Einparkhilfe Sensoren hinten, Elektr. Fensterheber, Einparkhilfe Sensoren vorne, Android Auto;€ 15.990;Sehr guter Preis;15.200 km;Schaltgetriebe;04/2024;Benzin;55 kW (75 PS);nan;120 g/km;Autoscout24.de
Mercedes-Benz;E 300;dePano*Mubeam*Burmest*AHK*4xsH+belüSitz;Panoramadach, Sitzbelüftung, Totwinkel-Assistent, Elektrische Seitenspiegel, Einparkhilfe Kamera, Luftfederung, Soundsystem, Abstandstempomat; ;nan;nan;nan;nan;nan;nan;nan;nan;Autoscout24.de
Audi;Q3;35 TFSI advanced;Sportfahrwerk, Volldigitales Kombiinstrument, Sportsitze, Ambientebeleuchtung, LED-Tagfahrlicht, Navigationssystem, Sitzheizung, LED-Scheinwerfer;€ 26.500;Sehr guter Preis;44.127 km;Automatik;04/2020;Benzin;110 kW (150 PS);3,0 l/100 km;2 g/km;Autoscout24.de
SEAT;Leon;1.5 TGI ERDGAS FR PANORAMA,KAMERA,CARPLAY;Sportfahrwerk, Sitzheizung, Schiebedach, Einparkhilfe Kamera, Panoramadach, Bordcomputer, Sportpaket, Regensensor;€ 17.460;Sehr guter Preis;58.795 km;Automatik;04/2020;Benzin;96 kW (131 PS);5,5 l/100 km;98 g/km;Autoscout24.de
Mercedes-Benz;C 300;de T Avantgarde 9G-tronic LED~Pano~WideScr.;Volldigitales Kombiinstrument, Sportfahrwerk, Panoramadach, Schiebedach, Sportsitze, Totwinkel-Assistent, Getönte Scheiben, Soundsystem; ;nan;nan;nan;nan;nan;nan;nan;nan;Autoscout24.de
Toyota;Aygo X;1,0 l Play CVT / Pflegedienst Aktion;MEISTERGEPRÜFT;€ 15.920;Sehr guter Preis;5 km;Automatik;12/2024;Benzin;53 kW (72 PS);5,0 l/100 km;114 g/km;Autoscout24.de
Hyundai;i30;N Fastback Performance*Umbau*Tuning*Geil*;Einparkhilfe Sensoren vorne, Sportfahrwerk, Sportsitze, Navigationssystem, Apple CarPlay, Elektrische Sitze, Sommerreifen, Einparkhilfe Kamera;€ 23.697;Erhöhter Preis;87.500 km;Schaltgetriebe;01/2019;Benzin;202 kW (275 PS);7,8 l/100 km;178 g/km;Autoscout24.de
BMW;330;330e Aut. Advantage|NAVIGATION|360CAM|SHZG|LED|;360° Kamera, Abstandstempomat, Einparkhilfe Kamera, Sitzheizung, Beifahrerairbag, MP3, Fernlichtassistent, Induktionsladen für Smartphones; ;nan;nan;nan;nan;nan;nan;nan;nan;Autoscout24.de
Skoda;Fabia;Fabia Combi Clever 110PS ACC SHZ PDC v+h LED Klima;EU-Fahrzeuge mit XXL-Rabatt und maximalem Service!;€ 12.997;Fairer Preis;83.150 km;Schaltgetriebe;08/2018;Benzin;81 kW (110 PS);5,7 l/100 km;128 g/km;Autoscout24.de
Porsche;Panamera;Panamera*Luft,Pano,14-Wege,Lenkradheiz.,U-Frei*;Einparkhilfe Kamera, Luftfederung, Sportfahrwerk, Einparkhilfe Sensoren vorne, Lichtsensor, Spurhalteassistent, Panoramadach, Alarmanlage;€ 56.850;Sehr guter Preis;65.200 km;Automatik;06/2018;Benzin;243 kW (330 PS);7,6 l/100 km;173 g/km;Autoscout24.de
Citroen;C3;Shine PT 110 S&S EAT6*NAV*LED*Kamera*;Einparkhilfe Kamera, Sitzheizung, Alufelgen, Navigationssystem, Klimaautomatik, Beifahrerairbag, Regensensor, Android Auto;€ 15.990;Sehr guter Preis;8.066 km;Automatik;04/2023;Benzin;81 kW (110 PS);nan;nan;Autoscout24.de
Audi;A3;Sportback 1.5 TFSI cod sport;Sportfahrwerk, Sportsitze, Navigationssystem, Apple CarPlay, ESP, Volldigitales Kombiinstrument, Dachreling, Bluetooth;€ 16.990;Guter Preis;96.680 km;Schaltgetriebe;11/2017;Benzin;110 kW (150 PS);nan;nan;Autoscout24.de
Mercedes-Benz;GLA 200;d 8G Style WIDESC+NAV+KAMER+MULTIBEAM+ACC;LED-Scheinwerfer, Sportsitze, Volldigitales Kombiinstrument, Elektrische Heckklappe, Einparkhilfe Kamera, Sprachsteuerung, Sitzheizung, Fernlichtassistent;€ 27.950;Sehr guter Preis;78.529 km;Automatik;11/2020;Diesel;110 kW (150 PS);4,6 l/100 km;121 g/km;Autoscout24.de
Nissan;X-Trail;1.6 dCi Visia 7 Sitzer/Navi/LED/Pano/Leder;Sommerreifen, Elektrische Sitze, Winterreifen, Sitzheizung, Tempomat, Bordcomputer, 2-Zonen-Klimaautomatik, Schiebedach;€ 10.980;Guter Preis;262.137 km;Automatik;06/2017;Diesel;96 kW (131 PS);nan;nan;Autoscout24.de
Citroen;C5 Aircross;2.0 Live Aut.+SHZ+PP+16ZOLL;Sitzheizung, Einparkhilfe Kamera, Sportsitze, Freisprecheinrichtung, Verkehrszeichenerkennung, Einparkhilfe Sensoren vorne, Lederlenkrad, Touchscreen;€ 18.749;Sehr guter Preis;55.750 km;Automatik;04/2020;Diesel;132 kW (179 PS);4,7 l/100 km;nan;Autoscout24.de
Volkswagen;Tiguan;Highline 2.0 TDI DSG Leder Panoranadach Business-P;Sportpaket, Volldigitales Kombiinstrument, Elektrische Heckklappe, 3-Zonen-Klimaautomatik, Panoramadach, Elektrische Sitze, Spoiler, LED-Scheinwerfer;€ 26.830;Sehr guter Preis;59.150 km;Automatik;07/2020;Diesel;110 kW (150 PS);nan;nan;Autoscout24.de
Skoda;Scala;Ambition Plus 110PS Tempomat SHZ LED ALU Garantie;EU-Fahrzeuge mit XXL-Rabatt und maximalem Service!;€ 16.997;Sehr guter Preis;18.750 km;Schaltgetriebe;07/2023;Benzin;81 kW (110 PS);nan;nan;Autoscout24.de
Honda;Civic;1.5 Elegance Aut. Klima/LED/ACC/Kamera/SHZ;Elektrische Heckklappe, Totwinkel-Assistent, Sitzheizung, Regensensor, Abstandstempomat, LED-Scheinwerfer, Einparkhilfe Kamera, DAB-Radio;€ 21.290;nan;15.439 km;Automatik;02/2020;Benzin;134 kW (182 PS);nan;nan;Autoscout24.de
Kia;Sportage;Dream Team 2WD 1.6 GDI+Rückfahrkam.+Navi+SitzHZG+T;Mitsubishi & Honda Vertragspartner seit über 40 Jahren;€ 15.480;Sehr guter Preis;69.519 km;Schaltgetriebe;09/2018;Benzin;97 kW (132 PS);nan;nan;Autoscout24.de
Tesla;Model Y;Long Range AWD *20-Zoll*AHK*Matrix-LED*;Europe biggest used Tesla dealer; ;nan;nan;nan;nan;nan;nan;nan;nan;Autoscout24.de
Volkswagen;T-Cross;1.0 TSI Life, Kamera, Side, Winterpaket;seit über 40 Jahren zuverlässig 99% Weiterempfehlung;€ 17.995;Sehr guter Preis;23.000 km;Schaltgetriebe;01/2021;Benzin;81 kW (110 PS);5,8 l/100 km;133 g/km;Autoscout24.de
Audi;A6;Avant 40 TDI S tronic Navi/Leder/ACC/Kamera/L;360° Kamera, Notbremsassistent, LED-Scheinwerfer, Einparkhilfe Kamera, Sitzheizung, Navigationssystem, Abstandstempomat, Fernlichtassistent;€ 22.950;Fairer Preis;149.000 km;Automatik;01/2019;Diesel;150 kW (204 PS);nan;nan;Autoscout24.de
BMW;320;d Touring Sport Line Shadow LED,Navi,SH,PDC;Finanzierung ab 6,29% / Sofortankauf & Inzahlungnahme;€ 16.500;Fairer Preis;151.135 km;Automatik;12/2018;Diesel;140 kW (190 PS);4,1 l/100 km;109 g/km;Autoscout24.de
Audi;A4;40 TDI advanced Navi STHZ Pano Kamera LED;Probefahrt, Finanzierung und Inzahlungnahme möglich :);€ 22.480;Sehr guter Preis;122.580 km;Automatik;11/2020;Diesel;140 kW (190 PS);5,3 l/100 km;138 g/km;Autoscout24.de
Mercedes-Benz;GLC 200;GLC 200 AMG Line 4Matic(EURO 6d-TEMP) Autom./LED;Sportpaket, Anhängerkupplung, Sportfahrwerk, Reifendruckkontrollsystem, Allrad, Apple CarPlay, Alufelgen, Spoiler;€ 33.900;Sehr guter Preis;45.500 km;Automatik;10/2019;Benzin;145 kW (197 PS);7,1 l/100 km;162 g/km;Autoscout24.de
Volkswagen;Golf;VII GTI 2.0 TSI BMT Navi DAB ACC LM18;Abstandstempomat, Sportsitze, Fernlichtassistent, Volldigitales Kombiinstrument, Sitzheizung, LED-Scheinwerfer, Kurvenlicht, Alufelgen;€ 19.950;Sehr guter Preis;58.900 km;Schaltgetriebe;07/2018;Benzin;169 kW (230 PS);nan;nan;Autoscout24.de
MG;MG3;Hybrid+ Std Kamera*Apple/Android*Standhzg.*;Abstandstempomat, Getönte Scheiben, LED-Tagfahrlicht, Bluetooth, E10-geeignet, Verkehrszeichenerkennung, Einparkhilfe Kamera, Touchscreen; ;nan;nan;nan;nan;nan;nan;nan;nan;Autoscout24.de
Fiat;Fullback;2.4 Double Cab 4x4 LX Plus *Navi AHK*;Elektrische Sitze, Alufelgen, Freisprecheinrichtung, Allrad, Beifahrerairbag, Elektr. Fensterheber, MP3, Musikstreaming integriert;€ 11.990;Sehr guter Preis;252.454 km;Automatik;08/2019;Diesel;133 kW (181 PS);nan;nan;Autoscout24.de
Hyundai;i20;1.0 TGDI Trend Voll-LED Carplay Kam Android;Günstige Finanzierung! Wir kaufen Ihr Auto!;€ 14.990;nan;34.548 km;Schaltgetriebe;08/2023;Benzin;74 kW (101 PS);5,6 l/100 km;127 g/km;Autoscout24.de
Opel;Astra;5-Türer, Dynamic;2-Zonen-Klimaautomatik, Sitzheizung, Spurhalteassistent, Einparkhilfe Sensoren vorne, Verkehrszeichenerkennung, Einparkhilfe Kamera, Navigationssystem, Nebelscheinwerfer;€ 10.950;Sehr guter Preis;85.117 km;Schaltgetriebe;10/2017;Benzin;92 kW (125 PS);nan;nan;Autoscout24.de
Hyundai;i20;1.0 TGDI Trend Voll-LED Carplay Kam Android;Günstige Finanzierung! Wir kaufen Ihr Auto!;€ 14.990;nan;34.548 km;Schaltgetriebe;08/2023;Benzin;74 kW (101 PS);5,6 l/100 km;127 g/km;Autoscout24.de
Volvo;XC60;D4 Aut. Kinetic;Sitzheizung, Allwetterreifen, Getönte Scheiben, Radio, Lichtsensor, Sprachsteuerung, Regensensor, 2-Zonen-Klimaautomatik;€ 21.990;Sehr guter Preis;99.200 km;Automatik;10/2017;Diesel;140 kW (190 PS);nan;nan;Autoscout24.de
Volkswagen;Tiguan;Join 2,0 TDI 4M.DSG AHK HUD LED Navi ACC;Allrad, Anhängerkupplung, Standheizung, LED-Scheinwerfer, Head-up display, Sitzheizung, 3-Zonen-Klimaautomatik, Navigationssystem;€ 23.999;Guter Preis;87.100 km;Automatik;04/2018;Diesel;110 kW (150 PS);5,7 l/100 km;149 g/km;Autoscout24.de
Hyundai;i30;1.0 Turbo 48V Trend Klimaaut. 17 Alu TOP;Einparkhilfe Sensoren vorne, Sitzheizung, Beifahrerairbag, Einparkhilfe Kamera, Fernlichtassistent, Tempomat, Induktionsladen für Smartphones, Beheizbares Lenkrad;€ 17.990;Guter Preis;19.019 km;Schaltgetriebe;05/2023;Benzin;88 kW (120 PS);5,0 l/100 km;115 g/km;Autoscout24.de
Volkswagen;Tiguan;2.0 TDI DSG Comfortline EU6d-T Navi LED ACC;Finanzierung ab 5,99%;€ 23.950;Guter Preis;97.000 km;Automatik;07/2020;Diesel;110 kW (150 PS);nan;nan;Autoscout24.de
Mercedes-Benz;GLA 45 AMG;4Matic /NAVI/LED/PDC/PANO/GARANTIE;GARANTIE • FINANZIERUNG • LIEFERUNG • ZULASSUNG;€ 31.490;nan;89.000 km;Automatik;11/2018;Benzin;280 kW (381 PS);8,5 l/100 km;193 g/km;Autoscout24.de
Renault;Clio;IV 1.2 16V 75 Limited;Isofix, Alufelgen, LED-Scheinwerfer, Geschwindigkeits-begrenzungsanlage, Navigationssystem, Touchscreen, MP3, Einparkhilfe Sensoren hinten;€ 8.930;Fairer Preis;64.786 km;Schaltgetriebe;05/2017;Benzin;54 kW (73 PS);nan;nan;Autoscout24.de
Dacia;Duster;Extreme inkl. LED, Kameras, Teilleder, Allwetter;Auto Tekolf - Seit 1982 Ihr Spezialist rund ums Auto!;€ 17.450;nan;14.510 km;Schaltgetriebe;11/2022;Benzin;96 kW (131 PS);5,7 l/100 km;131 g/km;Autoscout24.de
Jeep;Compass;1.3l T4-PHEV 177kW Upland Auto. 4WD;Allrad, Winterpaket, E10-geeignet, Soundsystem, LED-Scheinwerfer, Android Auto, Beheizbares Lenkrad, Navigationssystem; ;nan;nan;nan;nan;nan;nan;nan;nan;Autoscout24.de
Hyundai;i30;1.4 T-GDI YES! +Navi+SHZ+ALU+PDC+Tempomat+Lenkradh;Sitzheizung, 2-Zonen-Klimaautomatik, Pannenkit, Spurhalteassistent, Einparkhilfe Kamera, Beifahrerairbag, Android Auto, Zentralverriegelung;€ 14.690;Sehr guter Preis;76.850 km;Schaltgetriebe;12/2019;Benzin;103 kW (140 PS);nan;nan;Autoscout24.de
Mercedes-Benz;C 220;d Avantgarde 9G-Tro. Distronic AHK LED Navi;Finanzierung OHNE Anzahlung möglich!;€ 19.850;Guter Preis;150.000 km;Automatik;09/2019;Diesel;143 kW (194 PS);4,5 l/100 km;119 g/km;Autoscout24.de
Volkswagen;Polo;TSI Highline;Sportsitze, LED-Scheinwerfer, E10-geeignet, Volldigitales Kombiinstrument, Einparkhilfe Sensoren vorne, Einparkhilfe Kamera, Sitzheizung, Pannenkit;€ 15.590;Sehr guter Preis;71.250 km;Schaltgetriebe;04/2022;Benzin;81 kW (110 PS);5,1 l/100 km;117 g/km;Autoscout24.de
Opel;Astra;5-Türer Edition 1.2 Direct Injection Turbo;Sitzheizung, 2-Zonen-Klimaautomatik, DAB-Radio, Regensensor, Alufelgen, Katalysator, Ambientebeleuchtung, Beheizbares Lenkrad;€ 11.950;Guter Preis;72.300 km;Schaltgetriebe;12/2020;Benzin;81 kW (110 PS);nan;nan;Autoscout24.de
Skoda;Fabia;Combi Soleil;Sitzheizung, Dachreling, LED-Scheinwerfer, E10-geeignet, Start/Stop-Automatik, Abstandstempomat, Pannenkit, Navigationssystem;€ 11.995;Sehr guter Preis;96.432 km;Schaltgetriebe;08/2019;Benzin;81 kW (110 PS);nan;nan;Autoscout24.de
Toyota;C-HR;Hybrid 2.0 Team D Navi/TWW/AHK;Ständig über 100 Gebrauchtwagen auf Lager; ;nan;nan;nan;nan;nan;nan;nan;nan;Autoscout24.de
Audi;Q5;"50d Quatt S LINE 20""+STANDHZ+MATRIX+LEDER+SHZ";Sportfahrwerk, Getönte Scheiben, Sportsitze, Sitzheizung, Einparkhilfe Kamera, Standheizung, Tempomat, Schaltwippen;€ 27.750;Sehr guter Preis;139.732 km;Automatik;11/2019;Diesel;210 kW (286 PS);6,2 l/100 km;162 g/km;Autoscout24.de
Volkswagen;Caddy;Maxi 2.0TDI 4MOTION DSG Highline *AHK/ACC*;Allrad, Schiebetür rechts, Sitzheizung, Isofix, Standheizung, Anhängerkupplung, Einparkhilfe Kamera, Alufelgen;€ 25.900;Fairer Preis;137.990 km;Automatik;08/2017;Diesel;110 kW (150 PS);5,6 l/100 km;146 g/km;Autoscout24.de
Mitsubishi;ASX;1.6 MIVEC Edition 100 Winterräder Scheckheft;Apple CarPlay, Einparkhilfe Kamera, Touchscreen, Regensensor, Sitzheizung, Android Auto, Freisprecheinrichtung, USB;€ 12.900;Guter Preis;65.418 km;Schaltgetriebe;11/2017;Benzin;86 kW (117 PS);nan;nan;Autoscout24.de
Volkswagen;Caddy;Maxi 2.0TDI 4MOTION DSG Highline *AHK/ACC*;Allrad, Schiebetür rechts, Sitzheizung, Isofix, Standheizung, Anhängerkupplung, Einparkhilfe Kamera, Alufelgen;€ 25.900;Fairer Preis;137.990 km;Automatik;08/2017;Diesel;110 kW (150 PS);5,6 l/100 km;146 g/km;Autoscout24.de
Volkswagen;Arteon;Elegance 2.0 TDI DSG SHZ+LED+ACC;3-Zonen-Klimaautomatik, Sitzheizung, LED-Scheinwerfer, Einparkhilfe Kamera, Navigationssystem, Fernlichtassistent, Beheizbares Lenkrad, Totwinkel-Assistent;€ 21.990;Sehr guter Preis;105.000 km;Automatik;06/2017;Diesel;110 kW (150 PS);4,5 l/100 km;116 g/km;Autoscout24.de
Opel;Astra;1.6 Turbo +Standheizung+;Ihr Autohaus in Espelkamp seit 35 Jahren;€ 16.450;Sehr guter Preis;47.500 km;Schaltgetriebe;01/2019;Benzin;147 kW (200 PS);7,2 l/100 km;163 g/km;Autoscout24.de
Ford;Ranger;Wildtrak Doppelkabine 4x4 *GARANTIE*HARDTOP*;Sportfahrwerk, Elektrische Sitze, Sitzheizung, DAB-Radio, Allrad, Sitzbelüftung, Anhängerkupplung, Schlüssellose Zentralverriegelung;€ 27.990;nan;95.000 km;Automatik;11/2020;Diesel;157 kW (213 PS);7,8 l/100 km;207 g/km;Autoscout24.de
Audi;A7;55 TFSI 2x S Line B&O HuD Softcl.Kame.20 Zoll;Sportfahrwerk, Volldigitales Kombiinstrument, Sportsitze, Head-up display, Elektrische Seitenspiegel, Allrad, Soundsystem, Schlüssellose Zentralverriegelung;€ 37.490;Fairer Preis;167.500 km;Automatik;05/2018;Benzin;250 kW (340 PS);5,5 l/100 km;145 g/km;Autoscout24.de
Opel;Corsa;F 1.2 Elegance Panorama LED Apple CarPlay Android;Einparkhilfe Kamera, Panoramadach, Sitzheizung, Bi-Xenon Scheinwerfer, Klimaautomatik, Pannenkit, Klimaanlage, Katalysator;€ 16.948;Sehr guter Preis;36.022 km;Automatik;11/2021;Benzin;74 kW (101 PS);5,7 l/100 km;129 g/km;Autoscout24.de
Skoda;Octavia;Ambition 1.0 TSI;Spurhalteassistent, LED-Scheinwerfer, Anhängerkupplung, Sitzheizung, Dachreling, Einparkhilfe Sensoren vorne, Abstandstempomat, 2-Zonen-Klimaautomatik;€ 16.780;Sehr guter Preis;82.566 km;Schaltgetriebe;07/2021;Benzin;81 kW (110 PS);nan;nan;Autoscout24.de
Ford;Focus;Active Aut*Tech2*WiPa*LED*Kamera*Insp+Bremsen NEU*;Elektrische Heckklappe, USB, Klimaanlage, Alufelgen, Volldigitales Kombiinstrument, Sportsitze, W-Lan / Wifi Hotspot, Ambientebeleuchtung;€ 15.000;Guter Preis;119.900 km;Automatik;10/2020;Diesel;110 kW (150 PS);4,2 l/100 km;111 g/km;Autoscout24.de
Kia;Ceed / cee'd;1.4 VISION NAVI KOMF Klima Navi Rückfahrkamera;2-Zonen-Klimaautomatik, Navigationssystem, Sitzheizung, E10-geeignet, Einparkhilfe Kamera, Beifahrerairbag, Spurhalteassistent, Apple CarPlay;€ 14.450;Guter Preis;39.801 km;Schaltgetriebe;10/2018;Benzin;73 kW (99 PS);nan;165 g/km;Autoscout24.de
Opel;Vivaro;Cargo Edition 2,0 CDTI lang | RFK | PDC |;Beifahrerairbag, Elektrische Seitenspiegel, Einparkhilfe Kamera, Armlehne, Android Auto, Klimaanlage, ESP, Navigationssystem;€ 16.985;nan;24.448 km;Schaltgetriebe;12/2021;Diesel;106 kW (144 PS);7,9 l/100 km;208 g/km;Autoscout24.de
Renault;Kadjar;Bose Edition;LED-Scheinwerfer, Sitzheizung, Verkehrszeichenerkennung, Totwinkel-Assistent, E10-geeignet, Ambientebeleuchtung, Einparkhilfe Sensoren vorne, Volldigitales Kombiinstrument;€ 16.900;Sehr guter Preis;69.579 km;Automatik;01/2019;Benzin;117 kW (159 PS);6,8 l/100 km;154 g/km;Autoscout24.de
Mercedes-Benz;C 200;T d AHK*PDC*Tempo*Navi*LedTF*1 Hand;Sportfahrwerk, Alufelgen, Lederlenkrad, Anhängerkupplung, Navigationssystem, Sitzheizung, Xenonscheinwerfer, Elektrische Sitze;€ 18.980;Sehr guter Preis;95.327 km;Schaltgetriebe;02/2020;Diesel;118 kW (160 PS);4,8 l/100 km;127 g/km;Autoscout24.de
Volkswagen;Taigo;1.0 TSI Life Navi LED Virtual DAB SHZ App;Probefahrt, Finanzierung und Inzahlungnahme möglich :);€ 16.890;Sehr guter Preis;56.680 km;Schaltgetriebe;10/2023;Benzin;70 kW (95 PS);5,8 l/100 km;132 g/km;Autoscout24.de
Peugeot;208;Active FACELIFT+SHZ+PDC+KLIMA+LED+APP 1.2 PureT...;Sicherer EU-Neuwagenkauf zum Bestpreis seit 1999!;€ 17.980;nan;10 km;Schaltgetriebe;09/2024;Benzin;74 kW (101 PS);5,4 l/100 km;121 g/km;Autoscout24.de
Renault;Captur;1.2 TCe ENERGY NAVI,TOTWINKEL,LED,1.HAND;2-Zonen-Klimaautomatik, Sitzheizung, Regensensor, Navigationssystem, Beifahrerairbag, Einparkhilfe Sensoren vorne, Tempomat, Touchscreen;€ 13.480;Sehr guter Preis;50.000 km;Automatik;11/2018;Benzin;87 kW (118 PS);5,6 l/100 km;127 g/km;Autoscout24.de
