Brand,Model,Kilometers,BuildYear,Transmission,Fuel,Power,l/Km,Emission,CurrentPrice
Mercedes-Benz,CLA 220 Shooting Brake,96.000 km,10/2017,Automatik,Diesel,130 kW (177 PS),7l/100km,108g CO2/km (komb)*,23.455
Dacia,Lodgy,69.595 km,07/2017,Manuell,Benzin,85 kW (116 PS),8l/100km,185g CO2/km (komb)*,12.948
Volkswagen,T-Roc,96.418 km,11/2017,Automatik,Diesel,110 kW (150 PS),1l/100km,133g CO2/km (komb)*,24.948
Dacia,Duster,38.342 km,07/2017,Manuell,Benzin,92 kW (125 PS),8l/100km,185g CO2/km (komb)*,14.948
Renault,Megane,32.890 km,11/2017,Manuell,Benzin,97 kW (132 PS),8l/100km,120g CO2/km (komb)*,14.948
Dacia,Dokker,106.490 km,07/2017,Manuell,Benzin,85 kW (116 PS),8l/100km,130g CO2/km (komb)*,13.348
Mazda,2,16.572 km,12/2017,Manuell,Benzin,66 kW (90 PS),5l/100km,105g CO2/km (komb)*,16.548
Volkswagen,Passat,78.090 km,11/2017,Automatik,Benzin,162 kW (220 PS),8l/100km,148g CO2/km (komb)*,26.448
Nissan,Micra,44.800 km,09/2017,Manuell,Benzin,52 kW (71 PS),6l/100km,107g CO2/km (komb)*,11.548
Renault,Clio,117.135 km,08/2017,Manuell,Benzin,87 kW (118 PS),4l/100km,120g CO2/km (komb)*,11.048
Seat,Leon,75.073 km,11/2017,Manuell,Benzin,221 kW (301 PS),9l/100km,158g CO2/km (komb)*,21.248
Seat,Ibiza,57.348 km,08/2017,Manuell,Benzin,70 kW (95 PS),8l/100km,185g CO2/km (komb)*,12.549
Renault,Grand Scenic,81.000 km,12/2017,Manuell,Benzin,97 kW (132 PS),1l/100km,136g CO2/km (komb)*,15.048
Audi,TT,54.590 km,05/2017,Automatik,Benzin,132 kW (180 PS),0l/100km,0g CO2/km (WLTP,30.549
Volkswagen,Golf,58.374 km,10/2017,Manuell,Benzin,110 kW (150 PS),8l/100km,185g CO2/km (komb)*,17.949
Mercedes-Benz,SONSTIGE,148.484 km,04/2017,Automatik,Diesel,130 kW (177 PS),7l/100km,186g CO2/km (komb)*,36.049
Citroen,C1,118.730 km,05/2017,Manuell,Benzin,51 kW (69 PS),8l/100km,185g CO2/km (komb)*,7.948
Volkswagen,T6 SONSTIGE,145.400 km,04/2017,Manuell,Diesel,75 kW (102 PS),7l/100km,186g CO2/km (komb)*,18.349
Opel,Adam,51.540 km,05/2017,Manuell,Benzin,85 kW (116 PS),8l/100km,185g CO2/km (komb)*,13.448
Renault,Kadjar,87.914 km,04/2017,Automatik,Benzin,96 kW (131 PS),8l/100km,132g CO2/km (komb)*,15.948
Mazda,CX-3,111.000 km,12/2017,Manuell,Benzin,88 kW (120 PS),8l/100km,185g CO2/km (komb)*,16.049
Volkswagen,Golf,40.552 km,11/2017,Automatik,Benzin,110 kW (150 PS),8l/100km,185g CO2/km (komb)*,21.049
Mini,Cooper S,89.799 km,07/2017,Manuell,Benzin,141 kW (192 PS),8l/100km,185g CO2/km (komb)*,16.949
Hyundai,i30,87.550 km,10/2017,Manuell,Benzin,74 kW (101 PS),8l/100km,185g CO2/km (komb)*,13.049
Volkswagen,Passat Variant,114.000 km,10/2017,Automatik,Diesel,176 kW (239 PS),7l/100km,186g CO2/km (komb)*,24.349
Hyundai,i10,83.264 km,09/2017,Manuell,Benzin,49 kW (67 PS),8l/100km,185g CO2/km (komb)*,8.949
Renault,Master,147.800 km,09/2017,Manuell,Diesel,96 kW (131 PS),7l/100km,186g CO2/km (komb)*,23.849
Peugeot,3008,59.000 km,08/2017,Automatik,Benzin,96 kW (131 PS),8l/100km,185g CO2/km (komb)*,18.048
Renault,Trafic,135.300 km,09/2017,Manuell,Diesel,89 kW (121 PS),7l/100km,186g CO2/km (komb)*,21.349
Volkswagen,Golf,74.500 km,10/2017,Automatik,Benzin,81 kW (110 PS),1l/100km,110g CO2/km (komb)*,18.490
Renault,Master,123.000 km,03/2017,Manuell,Diesel,92 kW (125 PS),0l/100km,0g CO2/km (WLTP,28.949
Opel,Movano,108.300 km,03/2017,Manuell,Diesel,96 kW (131 PS),0l/100km,0g CO2/km (WLTP,30.149
Opel,Corsa,63.127 km,05/2017,Automatik,Benzin,66 kW (90 PS),9l/100km,137g CO2/km (komb)*,14.549
Jeep,Renegade,96.313 km,08/2017,Manuell,Diesel,103 kW (140 PS),1l/100km,154g CO2/km (komb)*,16.949
Suzuki,Baleno,92.065 km,10/2017,Automatik,Benzin,82 kW (112 PS),7l/100km,0g CO2/km (WLTP,13.349
Ford,B-Max,112.095 km,04/2017,Automatik,Benzin,77 kW (105 PS),4l/100km,149g CO2/km (komb)*,13.549
Mazda,3,99.182 km,07/2017,Automatik,Benzin,88 kW (120 PS),6l/100km,129g CO2/km (komb)*,16.049
Peugeot,2008,76.850 km,05/2017,Manuell,Diesel,73 kW (99 PS),5l/100km,90g CO2/km (komb)*,11.549
Skoda,Rapid,104.000 km,05/2017,Automatik,Benzin,92 kW (125 PS),8l/100km,114g CO2/km (komb)*,15.049
Mazda,CX-3,55.600 km,08/2017,Manuell,Benzin,88 kW (120 PS),9l/100km,137g CO2/km (komb)*,16.749
Suzuki,Vitara,41.300 km,05/2017,Manuell,Benzin,88 kW (120 PS),8l/100km,185g CO2/km (komb)*,16.549
Skoda,Fabia,31.700 km,07/2017,Manuell,Benzin,55 kW (75 PS),8l/100km,109g CO2/km (komb)*,12.249
Smart,ForTwo,49.990 km,07/2017,Automatik,Benzin,66 kW (90 PS),5l/100km,114g CO2/km (komb)*,14.049
Fiat,Tipo,84.895 km,07/2017,Manuell,Diesel,88 kW (120 PS),7l/100km,98g CO2/km (komb)*,12.949
Volkswagen,Caddy,77.000 km,06/2017,Automatik,Diesel,75 kW (102 PS),7l/100km,186g CO2/km (komb)*,20.149
Mazda,CX-3,96.300 km,06/2017,Automatik,Benzin,110 kW (150 PS),8l/100km,146g CO2/km (komb)*,19.349
Volvo,XC60,92.800 km,06/2017,Automatik,Diesel,110 kW (150 PS),7l/100km,119g CO2/km (komb)*,23.349
Alfa,Romeo Giulia,89.999 km,09/2017,Automatik,Benzin,147 kW (200 PS),9l/100km,194g CO2/km (komb)*,28.649
Mercedes-Benz,Sprinter,111.000 km,12/2017,Manuell,Diesel,105 kW (143 PS),3l/100km,190g CO2/km (komb)*,25.349
Volkswagen,Golf Sportsvan,64.380 km,05/2017,Automatik,Benzin,110 kW (150 PS),8l/100km,185g CO2/km (komb)*,20.149
Ford,B-Max,21.300 km,12/2017,Manuell,Benzin,74 kW (101 PS),1l/100km,119g CO2/km (komb)*,12.349
Kia,Niro,35.434 km,05/2017,Automatik,Hybrid (Elektro / Benzin),104 kW (141 PS),4l/100km,101g CO2/km (komb)*,21.249
Ford,Transit Custom,123.000 km,11/2017,Manuell,Diesel,96 kW (131 PS),6l/100km,156g CO2/km (komb)*,23.349
Jaguar,F-Type,82.000 km,07/2017,Automatik,Benzin,405 kW (551 PS),8l/100km,268g CO2/km (komb)*,58.749
Audi,SQ7,137.366 km,06/2017,Automatik,Diesel,320 kW (435 PS),7l/100km,186g CO2/km (komb)*,49.949
Audi,SQ7,137.366 km,06/2017,Automatik,Diesel,320 kW (435 PS),7l/100km,186g CO2/km (komb)*,50.849
Volkswagen,Golf,85.000 km,09/2017,Manuell,Diesel,110 kW (150 PS),7l/100km,186g CO2/km (komb)*,19.649
Ford,Galaxy,99.400 km,03/2017,Manuell,Benzin,118 kW (160 PS),5l/100km,149g CO2/km (komb)*,20.749
Peugeot,3008,132.282 km,10/2017,Automatik,Benzin,121 kW (165 PS),8l/100km,136g CO2/km (komb)*,15.749
Ford,Focus,69.000 km,05/2017,Manuell,Benzin,74 kW (101 PS),6l/100km,105g CO2/km (komb)*,11.349
Skoda,Kodiaq,133.680 km,05/2017,Automatik,Diesel,140 kW (190 PS),7l/100km,186g CO2/km (komb)*,25.349
Mini,Cooper S Cabrio,69.000 km,04/2017,Manuell,Benzin,141 kW (192 PS),8l/100km,185g CO2/km (komb)*,21.249
Mercedes-Benz,B 220,92.000 km,09/2017,Automatik,Benzin,135 kW (184 PS),8l/100km,185g CO2/km (komb)*,20.749
Volkswagen,Golf,122.000 km,08/2017,Automatik,Benzin,169 kW (230 PS),3l/100km,145g CO2/km (komb)*,21.749
Ford,Focus,84.200 km,10/2017,Automatik,Benzin,134 kW (182 PS),1l/100km,140g CO2/km (komb)*,15.949
Porsche,Panamera,94.400 km,07/2017,Automatik,Hybrid (Elektro / Benzin),500 kW (680 PS),9l/100km,69g CO2/km (komb)*,98.049
Opel,Crossland X,67.380 km,11/2017,Manuell,Benzin,96 kW (131 PS),8l/100km,114g CO2/km (komb)*,14.649
Audi,Q2,136.670 km,08/2017,Automatik,Diesel,140 kW (190 PS),7l/100km,186g CO2/km (komb)*,25.149
Kia,Sportage,71.800 km,10/2017,Automatik,Benzin,130 kW (177 PS),8l/100km,185g CO2/km (komb)*,21.249
Toyota,RAV 4,87.436 km,08/2017,Automatik,Hybrid (Elektro / Benzin),145 kW (197 PS),9l/100km,115g CO2/km (komb)*,23.349
Mercedes-Benz,Citan,77.111 km,12/2017,Automatik,Benzin,84 kW (114 PS),8l/100km,185g CO2/km (komb)*,17.549
Volkswagen,Caddy,102.900 km,06/2017,Automatik,Benzin,92 kW (125 PS),7l/100km,130g CO2/km (komb)*,22.349
Jaguar,XF,119.500 km,11/2017,Automatik,Diesel,132 kW (180 PS),8l/100km,124g CO2/km (komb)*,25.349
Jaguar,XF,86.000 km,05/2017,Automatik,Diesel,132 kW (180 PS),3l/100km,114g CO2/km (komb)*,39.749
Skoda,Octavia,93.700 km,10/2017,Automatik,Diesel,135 kW (184 PS),7l/100km,186g CO2/km (komb)*,22.249
Mercedes-Benz,V 220,146.950 km,07/2017,Automatik,Diesel,120 kW (163 PS),7l/100km,186g CO2/km (komb)*,36.049
Honda,Civic,126.524 km,07/2017,Manuell,Benzin,95 kW (129 PS),1l/100km,117g CO2/km (komb)*,16.949
Citroen,C3,88.875 km,04/2017,Manuell,Benzin,81 kW (110 PS),6l/100km,0g CO2/km (WLTP,12.049
Nissan,Qashqai,74.000 km,07/2017,Manuell,Benzin,120 kW (163 PS),8l/100km,185g CO2/km (komb)*,19.849
Abarth,500,54.500 km,08/2017,Manuell,Benzin,118 kW (160 PS),0l/100km,0g CO2/km (WLTP,17.949
Peugeot,3008,54.362 km,08/2017,Automatik,Diesel,133 kW (180 PS),4l/100km,114g CO2/km (komb)*,24.849
Ford,Galaxy,112.179 km,11/2017,Automatik,Diesel,110 kW (150 PS),4l/100km,134g CO2/km (komb)*,25.449
Ford,Focus,67.935 km,11/2017,Automatik,Benzin,92 kW (125 PS),5l/100km,125g CO2/km (komb)*,16.949
Mini,ONE,67.000 km,12/2017,Manuell,Benzin,75 kW (102 PS),8l/100km,185g CO2/km (komb)*,13.849
Peugeot,208,88.600 km,04/2017,Manuell,Benzin,50 kW (68 PS),4l/100km,102g CO2/km (komb)*,9.449
Jaguar,F-Pace,62.000 km,07/2017,Automatik,Diesel,221 kW (301 PS),3l/100km,166g CO2/km (komb)*,35.449
Audi,A6 Allroad,95.417 km,08/2017,Automatik,Diesel,140 kW (190 PS),7l/100km,186g CO2/km (komb)*,28.549
Audi,A1,62.200 km,07/2017,Manuell,Benzin,70 kW (95 PS),8l/100km,102g CO2/km (komb)*,15.749
BMW,X1,109.839 km,11/2017,Manuell,Benzin,103 kW (140 PS),3l/100km,121g CO2/km (komb)*,18.049
Mercedes-Benz,Vito,106.376 km,07/2017,Automatik,Diesel,140 kW (190 PS),7l/100km,186g CO2/km (komb)*,50.849
Ford,Galaxy,111.877 km,11/2017,Automatik,Diesel,110 kW (150 PS),4l/100km,134g CO2/km (komb)*,24.649
Honda,CR-V,78.960 km,05/2017,Manuell,Benzin,114 kW (155 PS),2l/100km,168g CO2/km (komb)*,19.149
Mazda,CX-5,66.653 km,11/2017,Automatik,Benzin,143 kW (194 PS),8l/100km,162g CO2/km (komb)*,26.449
Seat,Alhambra,73.900 km,06/2017,Automatik,Diesel,110 kW (150 PS),7l/100km,186g CO2/km (komb)*,31.849
Ford,Kuga,65.500 km,10/2017,Manuell,Benzin,110 kW (150 PS),8l/100km,185g CO2/km (komb)*,17.449
Mercedes-Benz,E 200,42.395 km,06/2017,Automatik,Benzin,135 kW (184 PS),8l/100km,152g CO2/km (komb)*,30.749
Ford,Focus,136.600 km,06/2017,Manuell,Diesel,136 kW (185 PS),7l/100km,110g CO2/km (komb)*,15.849
Land Rover,Range Rover Evoque,35.000 km,08/2017,Automatik,Diesel,110 kW (150 PS),0l/100km,0g CO2/km (WLTP,31.749
Seat,Leon,60.000 km,04/2017,Manuell,Benzin,85 kW (116 PS),0l/100km,0g CO2/km (WLTP,16.449
Mazda,CX-3,86.897 km,12/2017,Manuell,Benzin,88 kW (120 PS),8l/100km,185g CO2/km (komb)*,16.949
Opel,Meriva,74.560 km,04/2017,Manuell,Benzin,88 kW (120 PS),8l/100km,185g CO2/km (komb)*,11.649
Seat,Leon,81.549 km,10/2017,Manuell,Benzin,110 kW (150 PS),0l/100km,0g CO2/km (WLTP,16.949
Opel,Crossland X,47.159 km,09/2017,Manuell,Benzin,81 kW (110 PS),9l/100km,109g CO2/km (komb)*,14.849
Mercedes-Benz,C 43 AMG,115.000 km,05/2017,Automatik,Benzin,270 kW (367 PS),8l/100km,178g CO2/km (komb)*,38.149
Ford,Focus,59.990 km,12/2017,Automatik,Benzin,92 kW (125 PS),8l/100km,185g CO2/km (komb)*,15.749
Ford,C-Max,137.000 km,05/2017,Manuell,Benzin,110 kW (150 PS),8l/100km,139g CO2/km (komb)*,13.349
Land Rover,Range Rover Evoque,88.500 km,11/2017,Automatik,Diesel,132 kW (180 PS),7l/100km,186g CO2/km (komb)*,28.649
Skoda,Superb,109.600 km,10/2017,Automatik,Diesel,110 kW (150 PS),7l/100km,186g CO2/km (komb)*,21.249
Volkswagen,Caddy,80.000 km,12/2017,Manuell,Diesel,75 kW (102 PS),7l/100km,186g CO2/km (komb)*,17.049
Mazda,MX-5,65.900 km,08/2017,Manuell,Benzin,118 kW (160 PS),8l/100km,185g CO2/km (komb)*,20.949
Kia,Sportage,81.224 km,12/2017,Automatik,Benzin,130 kW (177 PS),8l/100km,185g CO2/km (komb)*,19.649
Seat,SONSTIGE,91.640 km,09/2017,Manuell,Benzin,110 kW (150 PS),8l/100km,185g CO2/km (komb)*,16.049
Opel,Corsa,34.100 km,09/2017,Automatik,Benzin,66 kW (90 PS),8l/100km,185g CO2/km (komb)*,13.049
Alfa,Romeo Stelvio,53.371 km,10/2017,Automatik,Benzin,206 kW (280 PS),0l/100km,0g CO2/km (WLTP,32.749
Volkswagen,Tiguan,72.850 km,11/2017,Manuell,Benzin,92 kW (125 PS),0l/100km,0g CO2/km (WLTP,20.076
Ford,Kuga,130.750 km,11/2017,Manuell,Diesel,110 kW (150 PS),7l/100km,135g CO2/km (komb)*,16.749
Renault,Megane,48.000 km,05/2017,Manuell,Benzin,74 kW (101 PS),0l/100km,0g CO2/km (WLTP,14.549
Volkswagen,Golf,90.000 km,05/2017,Manuell,Benzin,81 kW (110 PS),0l/100km,0g CO2/km (WLTP,14.449
Peugeot,Partner Tepee,138.000 km,06/2017,Manuell,Benzin,81 kW (110 PS),8l/100km,185g CO2/km (komb)*,14.049
Volkswagen,T6 Multivan,148.000 km,08/2017,Automatik,Diesel,150 kW (204 PS),7l/100km,186g CO2/km (komb)*,40.049
Opel,Insignia,135.000 km,12/2017,Automatik,Benzin,191 kW (260 PS),8l/100km,185g CO2/km (komb)*,21.049
Skoda,Octavia,92.000 km,10/2017,Automatik,Benzin,169 kW (230 PS),6l/100km,0g CO2/km (WLTP,23.649
Peugeot,308,48.670 km,07/2017,Manuell,Benzin,96 kW (131 PS),6l/100km,107g CO2/km (komb)*,16.949
Mercedes-Benz,G 350,45.350 km,11/2017,Automatik,Diesel,180 kW (245 PS),7l/100km,186g CO2/km (komb)*,92.149
Ford,S-Max,104.600 km,05/2017,Automatik,Diesel,132 kW (180 PS),4l/100km,129g CO2/km (komb)*,19.949
Kia,Soul,86.000 km,10/2017,Automatik,Elektro,81 kW (110 PS),,0g CO2/km (WLTP,14.749
Kia,Stonic,34.400 km,12/2017,Manuell,Benzin,62 kW (84 PS),8l/100km,118g CO2/km (komb)*,15.049
Mercedes-Benz,SONSTIGE,83.750 km,08/2017,Manuell,Benzin,90 kW (122 PS),8l/100km,185g CO2/km (komb)*,17.049
BMW,X5,53.100 km,12/2017,Automatik,Benzin,330 kW (449 PS),6l/100km,227g CO2/km (komb)*,49.349
Volkswagen,Golf Sportsvan,141.000 km,06/2017,Manuell,Benzin,110 kW (150 PS),8l/100km,185g CO2/km (komb)*,12.649
Opel,Insignia,124.126 km,12/2017,Manuell,Benzin,121 kW (165 PS),6l/100km,136g CO2/km (komb)*,15.049
Ford,Focus,91.840 km,10/2017,Manuell,Diesel,110 kW (150 PS),7l/100km,186g CO2/km (komb)*,14.049
Opel,Corsa,78.500 km,12/2017,Manuell,Benzin,152 kW (207 PS),0l/100km,0g CO2/km (WLTP,17.349
Opel,Astra,31.000 km,06/2017,Halbautomatik,Benzin,77 kW (105 PS),8l/100km,185g CO2/km (komb)*,15.249
Ford,Fiesta,97.000 km,11/2017,Manuell,Benzin,63 kW (86 PS),8l/100km,185g CO2/km (komb)*,13.049
Mercedes-Benz,E 250,113.911 km,10/2017,Automatik,Benzin,155 kW (211 PS),2l/100km,138g CO2/km (komb)*,28.649
Volvo,XC90,146.300 km,07/2017,Automatik,Diesel,173 kW (235 PS),7l/100km,186g CO2/km (komb)*,30.749
Volkswagen,Passat Variant,87.800 km,11/2017,Automatik,Diesel,110 kW (150 PS),7l/100km,123g CO2/km (komb)*,20.049
Volkswagen,Golf Sportsvan,89.694 km,05/2017,Manuell,Benzin,110 kW (150 PS),4l/100km,129g CO2/km (komb)*,14.949
Opel,Karl,88.900 km,12/2017,Automatik,Benzin,55 kW (75 PS),6l/100km,0g CO2/km (WLTP,12.549
Skoda,Rapid,55.200 km,11/2017,Manuell,Benzin,70 kW (95 PS),4l/100km,101g CO2/km (komb)*,13.649
Jeep,Grand Cherokee,130.300 km,11/2017,Automatik,Diesel,184 kW (250 PS),8l/100km,212g CO2/km (komb)*,31.849
Renault,Megane,99.500 km,08/2017,Manuell,Benzin,74 kW (101 PS),4l/100km,120g CO2/km (komb)*,12.149
Fiat,Tipo,99.500 km,05/2017,Manuell,Diesel,88 kW (120 PS),2l/100km,110g CO2/km (komb)*,11.149
Volkswagen,Golf,56.500 km,12/2017,Manuell,Benzin,96 kW (131 PS),8l/100km,110g CO2/km (komb)*,17.649
Audi,A6,39.913 km,11/2017,Automatik,Diesel,240 kW (326 PS),4l/100km,169g CO2/km (komb)*,47.749
Ford,Focus,78.688 km,04/2017,Manuell,Benzin,92 kW (125 PS),7l/100km,108g CO2/km (komb)*,12.449
Mazda,CX-3,83.603 km,10/2017,Automatik,Benzin,88 kW (120 PS),8l/100km,185g CO2/km (komb)*,17.549
Volkswagen,Golf,79.599 km,12/2017,Manuell,Benzin,81 kW (110 PS),8l/100km,109g CO2/km (komb)*,13.949
BMW,1er M Coupe,112.940 km,05/2017,Manuell,Benzin,135 kW (184 PS),8l/100km,185g CO2/km (komb)*,18.049
Skoda,Fabia,15.000 km,11/2017,Manuell,Benzin,70 kW (95 PS),8l/100km,185g CO2/km (komb)*,13.549
Ford,Ranger,87.109 km,11/2017,Automatik,Diesel,147 kW (200 PS),7l/100km,186g CO2/km (komb)*,31.749
Kia,Sorento,115.150 km,05/2017,Automatik,Diesel,147 kW (200 PS),7l/100km,186g CO2/km (komb)*,26.149
Kia,Sorento,115.150 km,05/2017,Automatik,Diesel,147 kW (200 PS),7l/100km,186g CO2/km (komb)*,25.249
Nissan,Micra,44.800 km,09/2017,Manuell,Benzin,52 kW (71 PS),6l/100km,107g CO2/km (komb)*,11.549
Volkswagen,up!,42.500 km,07/2017,Manuell,Benzin,55 kW (75 PS),1l/100km,96g CO2/km (komb)*,10.549
Ford,Focus,134.251 km,04/2017,Manuell,Diesel,88 kW (120 PS),7l/100km,186g CO2/km (komb)*,12.049
Porsche,Panamera,124.500 km,08/2017,Automatik,Benzin,340 kW (462 PS),8l/100km,185g CO2/km (komb)*,59.849
Citroen,DS3,104.000 km,06/2017,Manuell,Benzin,81 kW (110 PS),8l/100km,185g CO2/km (komb)*,8.649
Mercedes-Benz,E 63 AMG,106.000 km,04/2017,Automatik,Benzin,450 kW (612 PS),8l/100km,185g CO2/km (komb)*,62.949
Opel,Astra,127.000 km,04/2017,Manuell,Benzin,92 kW (125 PS),9l/100km,114g CO2/km (komb)*,10.949
Volkswagen,Polo,95.400 km,09/2017,Manuell,Benzin,44 kW (60 PS),8l/100km,114g CO2/km (komb)*,9.949
Porsche,991,48.000 km,05/2017,Automatik,Benzin,397 kW (540 PS),8l/100km,185g CO2/km (komb)*,141.449
Jeep,Grand Cherokee,105.505 km,05/2017,Automatik,Diesel,184 kW (250 PS),7l/100km,186g CO2/km (komb)*,26.549
Volkswagen,Tiguan,83.578 km,12/2017,Automatik,Benzin,132 kW (180 PS),2l/100km,166g CO2/km (komb)*,25.449
Porsche,Panamera,87.150 km,06/2017,Automatik,Diesel,310 kW (422 PS),7l/100km,186g CO2/km (komb)*,79.949
Ford,Transit Custom,137.000 km,12/2017,Manuell,Diesel,77 kW (105 PS),7l/100km,186g CO2/km (komb)*,21.249
Volvo,XC90,133.900 km,11/2017,Automatik,Diesel,173 kW (235 PS),6l/100km,158g CO2/km (komb)*,35.949
Ford,Fiesta,92.960 km,03/2017,Manuell,Benzin,59 kW (80 PS),0l/100km,0g CO2/km (WLTP,10.349
Volkswagen,Beetle,32.003 km,06/2017,Manuell,Benzin,77 kW (105 PS),1l/100km,124g CO2/km (komb)*,18.949
Porsche,Panamera,124.500 km,08/2017,Automatik,Hybrid (Elektro / Benzin),340 kW (462 PS),8l/100km,85g CO2/km (komb)*,60.849
Skoda,Superb,118.300 km,11/2017,Automatik,Diesel,110 kW (150 PS),7l/100km,186g CO2/km (komb)*,21.149
Mercedes-Benz,E 400,133.000 km,11/2017,Automatik,Benzin,245 kW (333 PS),8l/100km,180g CO2/km (komb)*,29.149
Renault,Clio,117.135 km,08/2017,Manuell,Benzin,87 kW (118 PS),4l/100km,120g CO2/km (komb)*,11.049
Ford,Ranger,148.731 km,08/2017,Automatik,Diesel,147 kW (200 PS),7l/100km,186g CO2/km (komb)*,30.649
Seat,Ibiza,77.318 km,10/2017,Manuell,Benzin,55 kW (75 PS),8l/100km,185g CO2/km (komb)*,11.749
Volkswagen,T6 SONSTIGE,128.500 km,04/2017,Automatik,Diesel,150 kW (204 PS),8l/100km,178g CO2/km (komb)*,35.049
Renault,ZOE,103.000 km,11/2017,Automatik,Elektro,68 kW (58 PS),,0g CO2/km (WLTP,9.249
Hyundai,Tucson,60.830 km,08/2017,Manuell,Benzin,97 kW (132 PS),8l/100km,185g CO2/km (komb)*,17.049
Dacia,Logan,83.000 km,12/2017,Manuell,Benzin,66 kW (90 PS),3l/100km,125g CO2/km (komb)*,12.549
Audi,Q5,93.093 km,11/2017,Automatik,Diesel,140 kW (190 PS),7l/100km,138g CO2/km (komb)*,34.849
Citroen,C4 Cactus,81.010 km,09/2017,Manuell,Benzin,60 kW (82 PS),8l/100km,185g CO2/km (komb)*,9.849
Mercedes-Benz,GLC 350,82.131 km,11/2017,Automatik,Diesel,190 kW (258 PS),7l/100km,161g CO2/km (komb)*,35.449
Mercedes-Benz,V 250,106.376 km,07/2017,Automatik,Diesel,140 kW (190 PS),7l/100km,186g CO2/km (komb)*,51.349
Nissan,Qashqai,74.000 km,07/2017,Manuell,Benzin,120 kW (163 PS),8l/100km,185g CO2/km (komb)*,21.149
Renault,ZOE,54.500 km,06/2017,Automatik,Elektro,43 kW (58 PS),,0g CO2/km (WLTP,10.149
Kia,Sportage,116.144 km,04/2017,Manuell,Diesel,100 kW (136 PS),7l/100km,186g CO2/km (komb)*,16.549
BMW,X6,56.835 km,08/2017,Automatik,Diesel,280 kW (381 PS),7l/100km,186g CO2/km (komb)*,52.449
Skoda,Yeti,126.700 km,10/2017,Automatik,Benzin,81 kW (110 PS),8l/100km,185g CO2/km (komb)*,12.049
Opel,Mokka X,37.500 km,11/2017,Manuell,Benzin,85 kW (116 PS),8l/100km,185g CO2/km (komb)*,15.049
Audi,A3,94.000 km,12/2017,Automatik,Benzin,110 kW (150 PS),8l/100km,185g CO2/km (komb)*,21.149
Volkswagen,Tiguan,32.500 km,09/2017,Manuell,Benzin,92 kW (125 PS),8l/100km,185g CO2/km (komb)*,18.849
BMW,X1,101.500 km,04/2017,Automatik,Benzin,141 kW (192 PS),8l/100km,185g CO2/km (komb)*,19.049
Volkswagen,up!,113.000 km,07/2017,Manuell,Benzin,44 kW (60 PS),8l/100km,185g CO2/km (komb)*,7.749
Chevrolet,Camaro,25.112 km,08/2017,Automatik,Benzin,333 kW (453 PS),8l/100km,185g CO2/km (komb)*,54.449
Renault,ZOE,77.600 km,05/2017,Automatik,Elektro,43 kW (58 PS),,0g CO2/km (komb)*,9.849
Abarth,500,133.580 km,10/2017,Manuell,Benzin,118 kW (160 PS),8l/100km,185g CO2/km (komb)*,13.349
Volkswagen,T6 SONSTIGE,145.000 km,09/2017,Automatik,Diesel,110 kW (150 PS),7l/100km,186g CO2/km (komb)*,21.149
Jeep,Renegade,44.910 km,07/2017,Manuell,Benzin,81 kW (110 PS),8l/100km,145g CO2/km (komb)*,15.449
Suzuki,SONSTIGE,42.950 km,06/2017,Automatik,Benzin,82 kW (112 PS),5l/100km,114g CO2/km (komb)*,15.349
Mercedes-Benz,SONSTIGE,140.786 km,09/2017,Automatik,Diesel,105 kW (143 PS),7l/100km,186g CO2/km (komb)*,24.349
Land Rover,Discovery Sport,98.250 km,05/2017,Automatik,Diesel,132 kW (180 PS),3l/100km,0g CO2/km (WLTP,24.349
Volkswagen,T6 SONSTIGE,89.500 km,12/2017,Manuell,Diesel,75 kW (102 PS),7l/100km,186g CO2/km (komb)*,23.249
Ford,C-Max,79.631 km,11/2017,Automatik,Benzin,110 kW (150 PS),8l/100km,185g CO2/km (komb)*,15.949
Opel,Vivaro,86.900 km,07/2017,Manuell,Diesel,89 kW (121 PS),7l/100km,186g CO2/km (komb)*,14.849
Chevrolet,Camaro,3.103 km,06/2017,Automatik,Benzin,333 kW (453 PS),1l/100km,252g CO2/km (komb)*,63.549
Mercedes-Benz,E 300,45.824 km,11/2017,Automatik,Benzin,180 kW (245 PS),8l/100km,147g CO2/km (komb)*,46.549
Volkswagen,T6 Multivan,113.270 km,06/2017,Automatik,Diesel,150 kW (204 PS),7l/100km,186g CO2/km (komb)*,45.149
Mercedes-Benz,GLA 250,59.801 km,06/2017,Automatik,Benzin,155 kW (211 PS),8l/100km,185g CO2/km (komb)*,29.649
Porsche,991,61.900 km,05/2017,Automatik,Benzin,331 kW (450 PS),8l/100km,185g CO2/km (komb)*,124.349
Honda,Jazz,81.500 km,12/2017,Manuell,Benzin,75 kW (102 PS),5l/100km,116g CO2/km (komb)*,13.049
BMW,630 Gran Turismo,143.000 km,12/2017,Automatik,Diesel,195 kW (265 PS),9l/100km,129g CO2/km (komb)*,38.149
Mini,Cooper S Clubman,100.000 km,09/2017,Automatik,Benzin,141 kW (192 PS),9l/100km,163g CO2/km (komb)*,19.449
Ford,B-Max,63.437 km,07/2017,Manuell,Benzin,74 kW (101 PS),8l/100km,185g CO2/km (komb)*,11.849
Mercedes-Benz,C 63 AMG,49.612 km,07/2017,Automatik,Benzin,375 kW (510 PS),8l/100km,208g CO2/km (komb)*,83.149
Ford,Fiesta,50.690 km,05/2017,Manuell,Benzin,59 kW (80 PS),6l/100km,105g CO2/km (komb)*,11.249
Opel,Zafira,88.110 km,05/2017,Automatik,Benzin,125 kW (170 PS),6l/100km,176g CO2/km (komb)*,19.149
Renault,Captur,60.343 km,08/2017,Automatik,Benzin,87 kW (118 PS),8l/100km,127g CO2/km (komb)*,14.149
Volkswagen,T6 California,101.807 km,08/2017,Automatik,Diesel,150 kW (204 PS),7l/100km,186g CO2/km (komb)*,48.349
BMW,i3,110.891 km,10/2017,Automatik,Elektro,75 kW (102 PS),,0g CO2/km (komb)*,14.349
Hyundai,i10,90.950 km,05/2017,Manuell,Benzin,49 kW (67 PS),7l/100km,108g CO2/km (komb)*,8.349
BMW,320 Gran Turismo,100.000 km,08/2017,Automatik,Benzin,135 kW (184 PS),4l/100km,146g CO2/km (komb)*,22.849
Mercedes-Benz,B 200,49.000 km,11/2017,Automatik,Benzin,115 kW (156 PS),8l/100km,185g CO2/km (komb)*,26.449
Volkswagen,Golf,118.000 km,09/2017,Automatik,Benzin,81 kW (110 PS),8l/100km,185g CO2/km (komb)*,16.449
Seat,Ateca,36.000 km,11/2017,Manuell,Benzin,110 kW (150 PS),4l/100km,123g CO2/km (komb)*,25.449
Mercedes-Benz,Citan,47.152 km,07/2017,Manuell,Benzin,84 kW (114 PS),2l/100km,140g CO2/km (komb)*,16.749
Volkswagen,Golf,92.170 km,08/2017,Manuell,Benzin,180 kW (245 PS),8l/100km,185g CO2/km (komb)*,21.949
Volkswagen,Caddy,62.000 km,07/2017,Manuell,Erdgas,81 kW (110 PS),,96g CO2/km (komb)*,15.849
Audi,A6 allroad quattro,136.336 km,07/2017,Automatik,Diesel,140 kW (190 PS),7l/100km,149g CO2/km (komb)*,25.449
Smart,ForTwo,84.000 km,06/2017,Automatik,Benzin,66 kW (90 PS),8l/100km,185g CO2/km (komb)*,16.349
Skoda,Kodiaq,61.676 km,08/2017,Automatik,Benzin,132 kW (180 PS),3l/100km,168g CO2/km (komb)*,28.649
Skoda,Octavia,86.498 km,07/2017,Manuell,Benzin,110 kW (150 PS),3l/100km,124g CO2/km (komb)*,18.949
Opel,Corsa,69.977 km,08/2017,Manuell,Benzin,66 kW (90 PS),2l/100km,123g CO2/km (komb)*,11.049
Volkswagen,Caddy,100.000 km,12/2017,Automatik,Diesel,75 kW (102 PS),7l/100km,186g CO2/km (komb)*,23.249
Volkswagen,Golf,129.773 km,09/2017,Manuell,Benzin,81 kW (110 PS),2l/100km,162g CO2/km (komb)*,11.849
Mazda,2,64.000 km,05/2017,Manuell,Benzin,66 kW (90 PS),8l/100km,185g CO2/km (komb)*,12.549
Volkswagen,Golf,127.290 km,07/2017,Manuell,Diesel,110 kW (150 PS),7l/100km,186g CO2/km (komb)*,15.049
Hyundai,i40,84.572 km,07/2017,Manuell,Benzin,99 kW (135 PS),1l/100km,145g CO2/km (komb)*,12.649
Audi,A4,64.370 km,09/2017,Automatik,Diesel,140 kW (190 PS),7l/100km,123g CO2/km (komb)*,26.549
Opel,Karl,37.271 km,02/2017,Manuell,Benzin,55 kW (75 PS),8l/100km,185g CO2/km (komb)*,9.749
Ford,Ka / Ka+,61.250 km,11/2017,Manuell,Benzin,63 kW (86 PS),8l/100km,185g CO2/km (komb)*,9.849
Mitsubishi,Space Star,91.074 km,11/2017,Automatik,Benzin,59 kW (80 PS),8l/100km,185g CO2/km (komb)*,11.749
Volkswagen,Caddy,95.000 km,09/2017,Automatik,Benzin,81 kW (110 PS),8l/100km,185g CO2/km (komb)*,15.349
Seat,Alhambra,108.800 km,11/2017,Manuell,Benzin,110 kW (150 PS),4l/100km,148g CO2/km (komb)*,21.849
Volkswagen,Touran,112.000 km,04/2017,Automatik,Benzin,110 kW (150 PS),8l/100km,185g CO2/km (komb)*,19.049
Mercedes-Benz,V 220,148.000 km,12/2017,Automatik,Diesel,120 kW (163 PS),7l/100km,186g CO2/km (komb)*,37.049
Volkswagen,Golf Sportsvan,58.998 km,12/2017,Automatik,Benzin,81 kW (110 PS),8l/100km,185g CO2/km (komb)*,17.549
BMW,330,95.600 km,07/2017,Automatik,Hybrid (Elektro / Benzin),185 kW (252 PS),8l/100km,85g CO2/km (komb)*,25.449
Skoda,Yeti,44.757 km,07/2017,Automatik,Benzin,81 kW (110 PS),5l/100km,128g CO2/km (komb)*,18.449
Hyundai,i40,142.676 km,12/2017,Automatik,Benzin,121 kW (165 PS),8l/100km,185g CO2/km (komb)*,15.049
Fiat,500,70.300 km,04/2017,Manuell,Benzin,63 kW (86 PS),7l/100km,90g CO2/km (komb)*,11.749
Volkswagen,up!,40.444 km,11/2017,Automatik,Elektro,60 kW (82 PS),,0g CO2/km (komb)*,13.749
Skoda,Octavia,88.500 km,12/2017,Automatik,Benzin,132 kW (180 PS),8l/100km,185g CO2/km (komb)*,20.149
Volkswagen,Golf,98.000 km,08/2017,Automatik,Benzin,169 kW (230 PS),8l/100km,185g CO2/km (komb)*,23.849
Subaru,OUTBACK,123.000 km,11/2017,Automatik,Diesel,110 kW (150 PS),7l/100km,186g CO2/km (komb)*,21.249
Ford,Transit,118.900 km,06/2017,Manuell,Diesel,96 kW (131 PS),7l/100km,186g CO2/km (komb)*,17.049
Renault,Clio,87.775 km,05/2017,Manuell,Benzin,66 kW (90 PS),8l/100km,185g CO2/km (komb)*,11.049
Opel,Mokka X,58.800 km,04/2017,Automatik,Benzin,112 kW (152 PS),0l/100km,0g CO2/km (WLTP,17.949
Hyundai,SONSTIGE,32.000 km,12/2017,Automatik,Wasserstoff,100 kW (136 PS),,0g CO2/km (komb)*,17.949
Audi,A5,59.516 km,12/2017,Automatik,Benzin,140 kW (190 PS),8l/100km,185g CO2/km (komb)*,27.349
Hyundai,i30,95.350 km,07/2017,Manuell,Benzin,103 kW (140 PS),4l/100km,124g CO2/km (komb)*,13.949
Mercedes-Benz,E 200,95.704 km,04/2017,Automatik,Benzin,135 kW (184 PS),8l/100km,185g CO2/km (komb)*,33.449
Dodge,Durango,91.900 km,07/2017,Automatik,Benzin,291 kW (396 PS),8l/100km,185g CO2/km (komb)*,39.249
Suzuki,Swift,47.344 km,07/2017,Manuell,Hybrid (Elektro / Benzin),66 kW (90 PS),3l/100km,98g CO2/km (komb)*,12.249
Seat,Ibiza,39.000 km,11/2017,Manuell,Benzin,66 kW (90 PS),9l/100km,116g CO2/km (komb)*,9.549
Alfa,Romeo Giulia,89.950 km,11/2017,Automatik,Benzin,375 kW (510 PS),5l/100km,198g CO2/km (komb)*,50.849
Toyota,C-HR,75.800 km,09/2017,Automatik,Hybrid (Elektro / Benzin),90 kW (122 PS),0l/100km,0g CO2/km (WLTP,20.649
Fiat,500C,91.312 km,10/2017,Manuell,Benzin,63 kW (86 PS),8l/100km,185g CO2/km (komb)*,10.449
Nissan,X-Trail,55.037 km,12/2017,Manuell,Benzin,120 kW (163 PS),4l/100km,149g CO2/km (komb)*,22.649
Toyota,C-HR,83.258 km,08/2017,Automatik,N/A,90 kW (122 PS),8l/100km,85g CO2/km (komb)*,20.098
BMW,120,71.100 km,07/2017,Automatik,Benzin,135 kW (184 PS),8l/100km,185g CO2/km (komb)*,20.049
Citroen,C3,149.500 km,07/2017,Manuell,Diesel,55 kW (75 PS),7l/100km,83g CO2/km (komb)*,9.349
Volkswagen,Touareg,81.000 km,06/2017,Automatik,Diesel,193 kW (262 PS),7l/100km,186g CO2/km (komb)*,33.849
Volkswagen,SONSTIGE,119.000 km,05/2017,Automatik,Diesel,110 kW (150 PS),9l/100km,181g CO2/km (komb)*,33.849
Mini,Cooper S,56.000 km,08/2017,Manuell,Benzin,141 kW (192 PS),8l/100km,185g CO2/km (komb)*,18.049
Mercedes-Benz,C 63 AMG,15.924 km,11/2017,Automatik,Benzin,375 kW (510 PS),8l/100km,185g CO2/km (komb)*,114.349
Skoda,Kodiaq,91.500 km,11/2017,Automatik,Benzin,132 kW (180 PS),3l/100km,168g CO2/km (komb)*,24.449
Volkswagen,Touran,40.788 km,07/2017,Manuell,Benzin,110 kW (150 PS),7l/100km,132g CO2/km (komb)*,22.749
Renault,ZOE,66.872 km,07/2017,Automatik,Elektro,68 kW (92 PS),,0g CO2/km (WLTP,9.749
Toyota,RAV 4,120.390 km,05/2017,Automatik,Hybrid (Elektro / Benzin),145 kW (197 PS),8l/100km,85g CO2/km (komb)*,20.149
Mercedes-Benz,AMG GT,24.350 km,09/2017,Automatik,Benzin,430 kW (585 PS),4l/100km,259g CO2/km (komb)*,141.349
Opel,Mokka X,60.112 km,11/2017,Automatik,Benzin,103 kW (140 PS),2l/100km,144g CO2/km (komb)*,16.049
Mercedes-Benz,E 400,138.700 km,09/2017,Automatik,Benzin,245 kW (333 PS),9l/100km,180g CO2/km (komb)*,31.749
Volkswagen,Arteon,77.000 km,07/2017,Automatik,Benzin,206 kW (280 PS),3l/100km,164g CO2/km (komb)*,26.449
Ford,Galaxy,117.459 km,07/2017,Manuell,Benzin,118 kW (160 PS),5l/100km,149g CO2/km (komb)*,19.049
Opel,Mokka X,63.000 km,08/2017,Automatik,Benzin,112 kW (152 PS),4l/100km,0g CO2/km (WLTP,18.049
Fiat,500C,51.000 km,05/2017,Manuell,Benzin,51 kW (69 PS),8l/100km,185g CO2/km (komb)*,11.049
Smart,ForTwo,22.000 km,11/2017,Automatik,Elektro,60 kW (82 PS),,0g CO2/km (komb)*,10.049
Skoda,Octavia,123.305 km,07/2017,Automatik,Diesel,110 kW (150 PS),7l/100km,186g CO2/km (komb)*,19.049
Skoda,Fabia,82.059 km,05/2017,Manuell,Benzin,81 kW (110 PS),8l/100km,185g CO2/km (komb)*,12.549
Volkswagen,Passat Variant,131.890 km,11/2017,Automatik,Benzin,132 kW (180 PS),8l/100km,185g CO2/km (komb)*,19.049
Seat,Ibiza,45.702 km,06/2017,Manuell,Benzin,66 kW (90 PS),9l/100km,116g CO2/km (komb)*,13.949
Peugeot,2008,28.150 km,05/2017,Automatik,Benzin,81 kW (110 PS),8l/100km,185g CO2/km (komb)*,17.049
Audi,Q5,59.000 km,09/2017,Automatik,Diesel,140 kW (190 PS),7l/100km,151g CO2/km (komb)*,33.649
Opel,Crossland X,85.466 km,07/2017,Manuell,Benzin,96 kW (131 PS),8l/100km,114g CO2/km (komb)*,12.249
Audi,A5,143.860 km,11/2017,Manuell,Benzin,140 kW (190 PS),9l/100km,133g CO2/km (komb)*,27.249
Mercedes-Benz,Vito,32.191 km,11/2017,Manuell,Diesel,84 kW (114 PS),7l/100km,186g CO2/km (komb)*,28.149
Mercedes-Benz,Sprinter,69.000 km,04/2017,Manuell,Diesel,120 kW (163 PS),7l/100km,186g CO2/km (komb)*,31.349
Volkswagen,T6 SONSTIGE,57.900 km,08/2017,Automatik,Diesel,110 kW (150 PS),7l/100km,186g CO2/km (komb)*,29.749
Fiat,500,44.194 km,09/2017,Manuell,Benzin,51 kW (69 PS),8l/100km,185g CO2/km (komb)*,17.549
BMW,X1,79.000 km,12/2017,Automatik,Benzin,103 kW (140 PS),8l/100km,185g CO2/km (komb)*,17.949
Peugeot,Boxer,65.000 km,12/2017,Manuell,Diesel,96 kW (131 PS),7l/100km,186g CO2/km (komb)*,27.549
Mercedes-Benz,Sprinter,59.000 km,10/2017,Manuell,Diesel,120 kW (163 PS),7l/100km,186g CO2/km (komb)*,38.149
Volkswagen,up!,34.467 km,11/2017,Automatik,Elektro,60 kW (82 PS),,0g CO2/km (WLTP,12.749
BMW,630,143.000 km,12/2017,Automatik,Diesel,195 kW (265 PS),9l/100km,129g CO2/km (komb)*,38.149
Peugeot,108,118.457 km,06/2017,Manuell,Benzin,51 kW (69 PS),8l/100km,185g CO2/km (komb)*,7.549
Ford,Tourneo Connect,113.100 km,06/2017,Manuell,Benzin,74 kW (101 PS),8l/100km,185g CO2/km (komb)*,13.849
Opel,Adam,25.100 km,12/2017,Manuell,Benzin,64 kW (87 PS),8l/100km,185g CO2/km (komb)*,12.749
Mercedes-Benz,SONSTIGE,119.622 km,04/2017,Automatik,Benzin,155 kW (211 PS),8l/100km,185g CO2/km (komb)*,26.549
Opel,Mokka X,60.000 km,05/2017,Manuell,Benzin,103 kW (140 PS),8l/100km,185g CO2/km (komb)*,15.649
Mini,ONE,79.000 km,10/2017,Manuell,Benzin,75 kW (102 PS),8l/100km,185g CO2/km (komb)*,13.749
Mini,John Cooper Works Countryman,86.000 km,12/2017,Automatik,Benzin,170 kW (231 PS),9l/100km,158g CO2/km (komb)*,27.549
Mercedes-Benz,SONSTIGE,59.000 km,10/2017,Manuell,Diesel,120 kW (163 PS),7l/100km,186g CO2/km (komb)*,38.149
Mercedes-Benz,E 200,44.400 km,09/2017,Automatik,Benzin,135 kW (184 PS),9l/100km,132g CO2/km (komb)*,33.949
Toyota,Aygo,58.275 km,11/2017,Automatik,Benzin,53 kW (72 PS),8l/100km,185g CO2/km (komb)*,12.249
Fiat,Panda,63.090 km,04/2017,Automatik,Benzin,63 kW (86 PS),8l/100km,185g CO2/km (komb)*,12.849
Ford,EcoSport,25.690 km,08/2017,Manuell,Benzin,92 kW (125 PS),4l/100km,125g CO2/km (komb)*,15.949
Renault,Captur,89.688 km,11/2017,Manuell,Benzin,66 kW (90 PS),8l/100km,185g CO2/km (komb)*,11.749
Hyundai,ix20,62.000 km,04/2017,Manuell,Benzin,92 kW (125 PS),8l/100km,185g CO2/km (komb)*,13.949
Dacia,Dokker,74.000 km,10/2017,Manuell,Benzin,85 kW (116 PS),8l/100km,185g CO2/km (komb)*,15.549
Audi,RS3,85.000 km,10/2017,Automatik,Benzin,294 kW (400 PS),1l/100km,189g CO2/km (komb)*,43.549
Renault,Captur,102.100 km,05/2017,Automatik,Diesel,66 kW (90 PS),7l/100km,186g CO2/km (komb)*,14.549
Ford,Focus,67.020 km,07/2017,Manuell,Benzin,92 kW (125 PS),8l/100km,110g CO2/km (komb)*,12.049
Nissan,X-Trail,78.400 km,12/2017,Manuell,Benzin,120 kW (163 PS),4l/100km,149g CO2/km (komb)*,20.149
Renault,Megane,109.260 km,06/2017,Automatik,Diesel,120 kW (163 PS),7l/100km,124g CO2/km (komb)*,15.549
Jaguar,F-Pace,71.150 km,07/2017,Automatik,Diesel,221 kW (301 PS),6l/100km,159g CO2/km (komb)*,52.349
Volkswagen,Polo,36.890 km,09/2017,Manuell,Benzin,48 kW (65 PS),7l/100km,108g CO2/km (komb)*,13.849
Volkswagen,Golf,83.650 km,07/2017,Manuell,Benzin,81 kW (110 PS),8l/100km,109g CO2/km (komb)*,13.949
Toyota,Aygo,46.000 km,12/2017,Manuell,Benzin,51 kW (69 PS),8l/100km,185g CO2/km (komb)*,10.449
Volvo,XC60,137.900 km,11/2017,Automatik,Diesel,140 kW (190 PS),1l/100km,133g CO2/km (komb)*,30.249
Alfa,Romeo Stelvio,97.850 km,05/2017,Automatik,Benzin,206 kW (280 PS),7l/100km,161g CO2/km (komb)*,26.349
Volvo,XC60,70.789 km,12/2017,Automatik,Hybrid (Elektro / Benzin),235 kW (320 PS),1l/100km,49g CO2/km (komb)*,37.049
Seat,Leon,62.500 km,11/2017,Manuell,Benzin,63 kW (86 PS),2l/100km,119g CO2/km (komb)*,10.849
Seat,Ibiza,83.200 km,10/2017,Manuell,Benzin,85 kW (116 PS),7l/100km,108g CO2/km (komb)*,12.049
Kia,Rio,28.950 km,12/2017,Manuell,Benzin,62 kW (84 PS),5l/100km,125g CO2/km (komb)*,12.649
Opel,Astra,32.700 km,07/2017,Manuell,Benzin,92 kW (125 PS),9l/100km,114g CO2/km (komb)*,13.749
Mazda,CX-5,40.000 km,03/2017,Automatik,Diesel,110 kW (150 PS),3l/100km,139g CO2/km (komb)*,22.249
Ford,Fiesta,46.000 km,09/2017,Manuell,Benzin,63 kW (86 PS),8l/100km,109g CO2/km (komb)*,10.449
Ford,Fiesta,60.046 km,05/2017,Manuell,Benzin,59 kW (80 PS),3l/100km,99g CO2/km (komb)*,11.049
Peugeot,2008,43.300 km,11/2017,Automatik,Benzin,81 kW (110 PS),8l/100km,110g CO2/km (komb)*,13.949
Smart,ForTwo,71.116 km,04/2017,Manuell,Benzin,45 kW (61 PS),5l/100km,104g CO2/km (komb)*,8.949
Volkswagen,Polo,70.500 km,12/2017,Manuell,Benzin,48 kW (65 PS),8l/100km,185g CO2/km (komb)*,10.849
Peugeot,3008,59.000 km,08/2017,Automatik,Benzin,96 kW (131 PS),8l/100km,185g CO2/km (komb)*,18.049
Volkswagen,Scirocco,95.000 km,10/2017,Automatik,Diesel,135 kW (184 PS),7l/100km,186g CO2/km (komb)*,19.149
Mitsubishi,Space Star,71.500 km,07/2017,Manuell,Benzin,52 kW (71 PS),2l/100km,96g CO2/km (komb)*,7.549
Skoda,SONSTIGE,75.500 km,11/2017,Automatik,Diesel,110 kW (150 PS),7l/100km,186g CO2/km (komb)*,30.749
Skoda,SONSTIGE,48.000 km,11/2017,Automatik,Benzin,110 kW (150 PS),5l/100km,125g CO2/km (komb)*,22.749
Volkswagen,T6 SONSTIGE,145.500 km,04/2017,Automatik,Diesel,150 kW (204 PS),4l/100km,168g CO2/km (komb)*,31.849
Volkswagen,T6 Multivan,148.000 km,08/2017,Automatik,Diesel,150 kW (204 PS),7l/100km,186g CO2/km (komb)*,39.749
Mazda,MX-5,77.000 km,05/2017,Manuell,Benzin,96 kW (131 PS),9l/100km,140g CO2/km (komb)*,20.149
Volkswagen,Passat Variant,83.000 km,12/2017,Automatik,Diesel,110 kW (150 PS),7l/100km,186g CO2/km (komb)*,20.749
Volkswagen,Golf,58.000 km,08/2017,Automatik,Diesel,135 kW (184 PS),5l/100km,118g CO2/km (komb)*,23.349
Fiat,Tipo,29.000 km,01/2017,Manuell,Diesel,N/A,7l/100km,98g CO2/km (komb)*,12.749
BMW,M550,73.700 km,08/2017,Automatik,Diesel,294 kW (400 PS),3l/100km,171g CO2/km (komb)*,50.849
Nissan,Micra,16.928 km,09/2017,Manuell,Benzin,59 kW (80 PS),8l/100km,185g CO2/km (komb)*,10.749
Volkswagen,Touareg,87.000 km,05/2017,Automatik,Diesel,193 kW (262 PS),7l/100km,186g CO2/km (komb)*,42.349
Volkswagen,up!,41.500 km,11/2017,Automatik,Elektro,60 kW (82 PS),,0g CO2/km (komb)*,13.749
Fiat,Fullback,77.300 km,06/2017,Manuell,Diesel,133 kW (181 PS),9l/100km,0g CO2/km (WLTP,21.249
Ford,SONSTIGE,75.000 km,09/2017,Manuell,Diesel,88 kW (120 PS),7l/100km,186g CO2/km (komb)*,15.049
Kia,Stonic,61.200 km,12/2017,Manuell,Benzin,73 kW (99 PS),5l/100km,125g CO2/km (komb)*,14.049
Volkswagen,T6 Transporter,140.000 km,07/2017,Manuell,Diesel,62 kW (84 PS),8l/100km,153g CO2/km (komb)*,13.549
Renault,Twingo,28.964 km,10/2017,Manuell,Benzin,51 kW (69 PS),5l/100km,112g CO2/km (komb)*,9.949
Audi,Q2,89.755 km,09/2017,Manuell,Benzin,110 kW (150 PS),8l/100km,185g CO2/km (komb)*,18.049
Volkswagen,Golf Sportsvan,124.600 km,06/2017,Manuell,Diesel,85 kW (116 PS),2l/100km,110g CO2/km (komb)*,12.049
Opel,Crossland X,109.735 km,07/2017,Manuell,Benzin,96 kW (131 PS),8l/100km,185g CO2/km (komb)*,11.849
Dacia,Logan,45.845 km,03/2019,Manuell,Benzin,54 kW (73 PS),2l/100km,117g CO2/km (komb)*,11.548
Hyundai,i30,57.722 km,01/2019,Manuell,Benzin,73 kW (99 PS),8l/100km,126g CO2/km (komb)*,15.748
Opel,Crossland X,51.678 km,08/2019,Manuell,Benzin,96 kW (131 PS),8l/100km,114g CO2/km (komb)*,16.448
Mini,Cooper,109.000 km,10/2019,Automatik,Benzin,100 kW (136 PS),8l/100km,109g CO2/km (komb)*,16.648
Land Rover,Range Rover Sport,114.607 km,08/2019,Automatik,Diesel,250 kW (340 PS),7l/100km,231g CO2/km (komb)*,58.748
Renault,Espace,66.910 km,03/2019,Automatik,Benzin,165 kW (224 PS),8l/100km,153g CO2/km (komb)*,26.248
Renault,Clio,60.705 km,11/2019,Manuell,Benzin,56 kW (73 PS),8l/100km,185g CO2/km (komb)*,12.448
Ford,EcoSport,41.890 km,06/2019,Manuell,Benzin,74 kW (101 PS),8l/100km,120g CO2/km (komb)*,15.548
Volkswagen,T6 Multivan,77.200 km,08/2019,Automatik,Benzin,150 kW (204 PS),1l/100km,216g CO2/km (komb)*,45.048
Mazda,6,57.590 km,01/2019,Automatik,Benzin,121 kW (165 PS),8l/100km,140g CO2/km (komb)*,24.248
Mazda,CX-3,52.890 km,04/2019,Automatik,Benzin,89 kW (120 PS),8l/100km,140g CO2/km (komb)*,19.648
Jaguar,E-Pace,40.940 km,12/2019,Automatik,Benzin,183 kW (249 PS),8l/100km,174g CO2/km (komb)*,34.848
Renault,Captur,46.456 km,05/2019,Manuell,Benzin,66 kW (90 PS),4l/100km,123g CO2/km (komb)*,14.448
Ford,EcoSport,78.366 km,05/2019,Manuell,Benzin,92 kW (125 PS),3l/100km,119g CO2/km (WLTP,15.448
Volkswagen,Golf,79.181 km,10/2019,Automatik,Benzin,110 kW (150 PS),8l/100km,185g CO2/km (komb)*,21.489
Audi,A4,70.852 km,08/2019,Automatik,Benzin,140 kW (190 PS),8l/100km,185g CO2/km (komb)*,27.389
Audi,A3,59.916 km,03/2019,Automatik,Benzin,110 kW (150 PS),8l/100km,185g CO2/km (komb)*,26.989
Seat,Leon,48.579 km,12/2019,Manuell,Diesel,110 kW (150 PS),5l/100km,131g CO2/km (WLTP,20.689
Skoda,Octavia,79.987 km,09/2019,Automatik,Diesel,110 kW (150 PS),3l/100km,139g CO2/km (WLTP,20.689
Dacia,Duster,98.310 km,08/2019,Manuell,Autogas,84 kW (114 PS),,96g CO2/km (komb)*,13.748
Renault,Scenic,98.370 km,02/2019,Manuell,Benzin,103 kW (140 PS),8l/100km,185g CO2/km (komb)*,15.448
Audi,Q2,59.945 km,06/2019,Automatik,Benzin,85 kW (116 PS),8l/100km,185g CO2/km (komb)*,24.489
Land Rover,Range Rover Sport,77.750 km,04/2019,Automatik,Diesel,250 kW (340 PS),7l/100km,231g CO2/km (komb)*,76.848
Skoda,Rapid,85.015 km,03/2019,Automatik,Benzin,81 kW (110 PS),7l/100km,108g CO2/km (komb)*,16.548
Land Rover,Range Rover Sport,122.981 km,03/2019,Automatik,Hybrid (Elektro / Benzin),297 kW (404 PS),4l/100km,32g CO2/km (komb)*,58.948
Jaguar,F-Pace,28.586 km,08/2019,Automatik,Diesel,177 kW (241 PS),0l/100km,0g CO2/km (WLTP,48.049
Renault,Captur,50.090 km,11/2019,Manuell,Benzin,66 kW (90 PS),8l/100km,185g CO2/km (komb)*,16.548
Land Rover,Range Rover Sport,34.461 km,09/2019,Automatik,Hybrid (Elektro / Benzin),297 kW (404 PS),2l/100km,73g CO2/km (komb)*,106.148
Renault,Megane,45.790 km,11/2019,Automatik,Benzin,103 kW (140 PS),8l/100km,117g CO2/km (komb)*,19.648
Land Rover,Range Rover Sport,115.752 km,04/2019,Automatik,Diesel,250 kW (340 PS),0l/100km,0g CO2/km (WLTP,64.348
Hyundai,i30,77.798 km,09/2019,Manuell,Diesel,100 kW (136 PS),7l/100km,186g CO2/km (komb)*,18.289
Audi,A3,61.586 km,07/2019,Automatik,Diesel,85 kW (116 PS),4l/100km,141g CO2/km (WLTP,21.689
Renault,Captur,27.590 km,12/2019,Manuell,Benzin,66 kW (90 PS),8l/100km,123g CO2/km (komb)*,16.948
Jaguar,I-Pace,56.468 km,07/2019,Automatik,Elektro,294 kW (400 PS),,0g CO2/km (WLTP,31.448
Suzuki,Vitara,97.984 km,03/2019,Manuell,Benzin,103 kW (140 PS),8l/100km,185g CO2/km (komb)*,16.789
Ford,Transit Connect,99.657 km,04/2019,Manuell,Diesel,88 kW (120 PS),3l/100km,0g CO2/km (WLTP,13.849
Ford,Transit Connect,79.500 km,04/2019,Manuell,Diesel,88 kW (120 PS),3l/100km,0g CO2/km (WLTP,14.549
Ford,Transit Connect,95.327 km,04/2019,Manuell,Diesel,88 kW (120 PS),3l/100km,0g CO2/km (WLTP,13.849
Ford,Transit Connect,85.175 km,06/2019,Manuell,Diesel,88 kW (120 PS),3l/100km,0g CO2/km (WLTP,14.549
Ford,Transit Connect,101.047 km,04/2019,Manuell,Diesel,88 kW (120 PS),3l/100km,0g CO2/km (WLTP,13.849
Audi,A4,59.987 km,12/2019,Automatik,Diesel,140 kW (190 PS),4l/100km,142g CO2/km (WLTP,29.789
Hyundai,i30,40.905 km,06/2019,Manuell,Benzin,88 kW (120 PS),5l/100km,1.260g CO2/km (komb)*,17.748
Renault,Koleos,37.790 km,12/2019,Automatik,Diesel,140 kW (190 PS),7l/100km,184g CO2/km (komb)*,28.148
Mazda,CX-3,57.964 km,10/2019,Manuell,Benzin,89 kW (121 PS),1l/100km,141g CO2/km (WLTP,18.048
Renault,Grand Scenic,38.433 km,02/2019,Manuell,Benzin,117 kW (159 PS),8l/100km,185g CO2/km (komb)*,20.648
Volkswagen,Golf,61.390 km,08/2019,Manuell,Diesel,85 kW (116 PS),9l/100km,130g CO2/km (WLTP,17.289
Audi,A4,66.232 km,05/2019,Automatik,Diesel,110 kW (150 PS),6l/100km,146g CO2/km (WLTP,26.689
Audi,A4,66.232 km,05/2019,Automatik,Diesel,110 kW (150 PS),6l/100km,146g CO2/km (WLTP,27.989
Hyundai,i20,66.499 km,10/2019,Manuell,Benzin,62 kW (84 PS),4l/100km,145g CO2/km (WLTP,12.948
Jaguar,F-Pace,104.404 km,09/2019,Automatik,Diesel,221 kW (301 PS),7l/100km,186g CO2/km (komb)*,38.148
Ford,Transit Courier,63.000 km,05/2019,Manuell,Benzin,74 kW (101 PS),8l/100km,185g CO2/km (komb)*,11.548
Renault,Captur,52.475 km,06/2019,Manuell,Benzin,110 kW (150 PS),8l/100km,185g CO2/km (komb)*,16.048
Mazda,CX-3,51.190 km,03/2019,Manuell,Benzin,89 kW (121 PS),8l/100km,141g CO2/km (komb)*,18.948
Renault,Captur,42.361 km,10/2019,Manuell,Benzin,96 kW (131 PS),6l/100km,128g CO2/km (komb)*,17.048
Renault,ZOE,37.598 km,08/2019,Automatik,Elektro,68 kW (92 PS),,0g CO2/km (WLTP,9.948
Ford,Transit,105.915 km,08/2019,Manuell,Diesel,96 kW (131 PS),7l/100km,186g CO2/km (komb)*,30.649
Mercedes-Benz,CLA 200 Shooting Brake,80.500 km,03/2019,Automatik,Benzin,115 kW (156 PS),5l/100km,148g CO2/km (komb)*,26.448
BMW,X2,109.618 km,12/2019,Automatik,Diesel,170 kW (231 PS),9l/100km,0g CO2/km (WLTP,30.349
Dacia,Duster,36.120 km,12/2019,Manuell,Benzin,96 kW (131 PS),0l/100km,153g CO2/km (WLTP,16.548
Toyota,Aygo,89.000 km,02/2019,Manuell,Benzin,53 kW (72 PS),1l/100km,93g CO2/km (komb)*,11.048
Ford,Kuga,63.230 km,11/2019,Automatik,Diesel,110 kW (150 PS),7l/100km,186g CO2/km (komb)*,25.089
Renault,Clio,86.604 km,08/2019,Manuell,Benzin,56 kW (76 PS),0l/100km,137g CO2/km (WLTP,10.948
Volkswagen,Sharan,71.274 km,08/2019,Manuell,Diesel,110 kW (150 PS),5l/100km,169g CO2/km (WLTP,29.789
Fiat,500X,47.104 km,09/2019,Manuell,Benzin,88 kW (120 PS),6l/100km,138g CO2/km (komb)*,16.948
Volkswagen,Golf,73.739 km,01/2019,Automatik,Benzin,180 kW (245 PS),3l/100km,144g CO2/km (komb)*,26.248
Opel,Crossland X,43.449 km,07/2019,Manuell,Benzin,81 kW (110 PS),3l/100km,141g CO2/km (WLTP,17.089
Ford,Transit Connect,99.430 km,10/2019,Manuell,Diesel,88 kW (120 PS),7l/100km,186g CO2/km (komb)*,17.589
Audi,Q2,16.406 km,03/2019,Manuell,Benzin,85 kW (116 PS),5l/100km,147g CO2/km (WLTP,21.989
Renault,Grand Scenic,86.138 km,02/2019,Manuell,Benzin,103 kW (140 PS),8l/100km,185g CO2/km (komb)*,17.948
Renault,Clio,52.460 km,08/2019,Automatik,Benzin,96 kW (131 PS),8l/100km,185g CO2/km (komb)*,17.448
Renault,Kadjar,40.390 km,10/2019,Automatik,Benzin,103 kW (140 PS),0l/100km,155g CO2/km (WLTP,21.748
Ford,Focus,58.407 km,12/2019,Manuell,Benzin,110 kW (150 PS),6l/100km,136g CO2/km (WLTP,21.989
Kia,Soul,56.184 km,06/2019,Manuell,Benzin,97 kW (132 PS),8l/100km,185g CO2/km (komb)*,16.489
Volkswagen,Golf,52.442 km,09/2019,Automatik,Diesel,110 kW (150 PS),7l/100km,186g CO2/km (komb)*,21.689
Mercedes-Benz,E 220,71.483 km,06/2019,Automatik,Diesel,143 kW (194 PS),3l/100km,0g CO2/km (WLTP,28.549
Skoda,Superb,45.434 km,06/2019,Automatik,Diesel,140 kW (190 PS),9l/100km,155g CO2/km (WLTP,30.889
Volkswagen,Golf,26.185 km,06/2019,Manuell,Diesel,85 kW (116 PS),5l/100km,131g CO2/km (WLTP,19.689
Volkswagen,Golf,26.854 km,06/2019,Manuell,Diesel,85 kW (116 PS),5l/100km,131g CO2/km (WLTP,19.689
Volkswagen,Golf,17.464 km,06/2019,Manuell,Diesel,85 kW (116 PS),1l/100km,134g CO2/km (WLTP,20.289
Audi,Q3,42.098 km,06/2019,Manuell,Benzin,110 kW (150 PS),2l/100km,163g CO2/km (WLTP,29.789
Volkswagen,Golf,26.990 km,07/2019,Manuell,Diesel,85 kW (116 PS),1l/100km,134g CO2/km (WLTP,19.689
Skoda,Karoq,48.972 km,07/2019,Automatik,Diesel,110 kW (150 PS),7l/100km,186g CO2/km (komb)*,28.789
Volkswagen,Golf,29.404 km,06/2019,Manuell,Diesel,85 kW (116 PS),5l/100km,131g CO2/km (WLTP,19.689
Skoda,Superb,37.405 km,12/2019,Automatik,Diesel,140 kW (190 PS),7l/100km,186g CO2/km (komb)*,32.989
Volkswagen,Golf,18.908 km,06/2019,Manuell,Diesel,85 kW (116 PS),5l/100km,131g CO2/km (WLTP,20.289
Volkswagen,T-Roc,54.502 km,07/2019,Manuell,Diesel,85 kW (116 PS),5l/100km,145g CO2/km (WLTP,23.989
Volkswagen,Golf,26.374 km,07/2019,Manuell,Diesel,85 kW (116 PS),1l/100km,134g CO2/km (WLTP,19.289
Seat,Alhambra,43.372 km,07/2019,Manuell,Diesel,110 kW (150 PS),4l/100km,167g CO2/km (WLTP,31.889
Volkswagen,Golf,35.793 km,06/2019,Manuell,Diesel,85 kW (116 PS),5l/100km,131g CO2/km (WLTP,19.289
Volkswagen,Golf,31.300 km,06/2019,Manuell,Diesel,85 kW (116 PS),1l/100km,134g CO2/km (WLTP,19.689
Volkswagen,T-Roc,54.502 km,07/2019,Manuell,Diesel,85 kW (116 PS),5l/100km,145g CO2/km (WLTP,22.689
Volkswagen,Golf,28.391 km,07/2019,Manuell,Diesel,85 kW (116 PS),1l/100km,135g CO2/km (WLTP,19.689
Mazda,CX-30,54.690 km,09/2019,Manuell,Benzin,90 kW (122 PS),8l/100km,116g CO2/km (komb)*,22.848
Ford,Transit,72.955 km,06/2019,Manuell,Diesel,96 kW (131 PS),7l/100km,186g CO2/km (komb)*,19.649
Ford,Transit,72.899 km,06/2019,Manuell,Diesel,96 kW (131 PS),7l/100km,186g CO2/km (komb)*,19.649
Ford,Transit,90.947 km,08/2019,Manuell,Diesel,96 kW (131 PS),7l/100km,186g CO2/km (komb)*,19.649
Ford,Transit,120.660 km,06/2019,Manuell,Diesel,96 kW (131 PS),7l/100km,186g CO2/km (komb)*,19.649
Ford,Transit,87.804 km,06/2019,Manuell,Diesel,96 kW (131 PS),7l/100km,186g CO2/km (komb)*,19.649
Ford,Transit,104.165 km,06/2019,Manuell,Diesel,96 kW (131 PS),7l/100km,186g CO2/km (komb)*,19.649
Ford,Transit,80.941 km,06/2019,Manuell,Diesel,96 kW (131 PS),7l/100km,186g CO2/km (komb)*,19.649
Ford,Transit,82.803 km,06/2019,Manuell,Diesel,96 kW (131 PS),7l/100km,186g CO2/km (komb)*,19.649
Ford,Transit,91.283 km,06/2019,Manuell,Diesel,96 kW (131 PS),7l/100km,186g CO2/km (komb)*,19.649
Ford,Transit,112.952 km,06/2019,Manuell,Diesel,96 kW (131 PS),7l/100km,186g CO2/km (komb)*,19.649
Ford,Transit,77.255 km,06/2019,Manuell,Diesel,96 kW (131 PS),7l/100km,186g CO2/km (komb)*,19.649
Ford,Transit,89.852 km,06/2019,Manuell,Diesel,96 kW (131 PS),7l/100km,186g CO2/km (komb)*,19.649
Renault,Kadjar,34.390 km,07/2019,Automatik,Benzin,117 kW (159 PS),0l/100km,155g CO2/km (WLTP,21.748
Ford,Kuga,95.018 km,11/2019,Manuell,Benzin,110 kW (150 PS),8l/100km,185g CO2/km (komb)*,20.089
Ford,Focus,67.969 km,09/2019,Automatik,Benzin,110 kW (150 PS),8l/100km,185g CO2/km (komb)*,20.589
Volkswagen,Touran,97.000 km,07/2019,Automatik,Diesel,110 kW (150 PS),7l/100km,186g CO2/km (komb)*,26.989
Mercedes-Benz,E 220,71.483 km,05/2019,Automatik,Diesel,143 kW (194 PS),3l/100km,166g CO2/km (WLTP,29.349
Peugeot,208,73.092 km,04/2019,Manuell,Benzin,60 kW (82 PS),8l/100km,109g CO2/km (komb)*,10.948
Ford,Kuga,52.842 km,08/2019,Automatik,Benzin,110 kW (150 PS),1l/100km,206g CO2/km (WLTP,21.089
Opel,Grandland X,43.799 km,01/2019,Manuell,Benzin,96 kW (131 PS),9l/100km,155g CO2/km (WLTP,19.089
Ford,Focus,32.228 km,09/2019,Manuell,Benzin,74 kW (101 PS),8l/100km,185g CO2/km (komb)*,15.189
Mercedes-Benz,SONSTIGE,74.350 km,12/2019,Automatik,Benzin,287 kW (390 PS),9l/100km,247g CO2/km (WLTP,54.189
Mercedes-Benz,Vito,56.531 km,11/2019,Automatik,Diesel,140 kW (190 PS),7l/100km,186g CO2/km (komb)*,42.189
Seat,Arona,85.980 km,04/2019,Automatik,Benzin,85 kW (116 PS),8l/100km,113g CO2/km (komb)*,18.589
Volkswagen,Passat Variant,76.274 km,12/2019,Automatik,Benzin,110 kW (150 PS),8l/100km,185g CO2/km (komb)*,22.489
Skoda,Karoq,48.425 km,05/2019,Automatik,Benzin,110 kW (150 PS),8l/100km,185g CO2/km (komb)*,25.989
Renault,Clio,36.848 km,09/2019,Manuell,Benzin,74 kW (101 PS),0l/100km,130g CO2/km (WLTP,13.948
Seat,Leon,67.268 km,05/2019,Manuell,Benzin,110 kW (150 PS),8l/100km,185g CO2/km (komb)*,19.689
Audi,SONSTIGE,42.036 km,11/2019,Automatik,Benzin,180 kW (245 PS),8l/100km,185g CO2/km (komb)*,36.889
Volkswagen,Polo,99.250 km,07/2019,Manuell,Benzin,70 kW (95 PS),8l/100km,185g CO2/km (komb)*,15.189
Skoda,Kamiq,62.995 km,08/2019,Automatik,Benzin,85 kW (116 PS),8l/100km,185g CO2/km (komb)*,20.889
Volkswagen,Crafter,43.884 km,09/2019,Manuell,Diesel,103 kW (140 PS),7l/100km,186g CO2/km (komb)*,38.189
Volkswagen,Touran,42.619 km,03/2019,Manuell,Benzin,85 kW (116 PS),8l/100km,185g CO2/km (komb)*,24.289
Ford,Transit,87.804 km,05/2019,Manuell,Diesel,96 kW (131 PS),7l/100km,186g CO2/km (komb)*,20.349
Ford,Transit,68.000 km,03/2019,Manuell,Diesel,77 kW (105 PS),7l/100km,186g CO2/km (komb)*,26.489
Ford,Transit,72.955 km,05/2019,Manuell,Diesel,96 kW (131 PS),7l/100km,186g CO2/km (komb)*,20.349
Ford,Transit,72.899 km,05/2019,Manuell,Diesel,96 kW (131 PS),7l/100km,186g CO2/km (komb)*,20.349
Ford,Transit,77.255 km,05/2019,Manuell,Diesel,96 kW (131 PS),7l/100km,186g CO2/km (komb)*,20.349
Ford,Transit,89.852 km,05/2019,Manuell,Diesel,96 kW (131 PS),7l/100km,186g CO2/km (komb)*,20.349
Ford,Transit,82.803 km,05/2019,Manuell,Diesel,96 kW (131 PS),7l/100km,186g CO2/km (komb)*,20.349
Ford,Transit,90.947 km,07/2019,Manuell,Diesel,96 kW (131 PS),7l/100km,186g CO2/km (komb)*,20.349
Ford,Transit,80.941 km,05/2019,Manuell,Diesel,96 kW (131 PS),7l/100km,186g CO2/km (komb)*,20.349
Ford,Transit,91.283 km,05/2019,Manuell,Diesel,96 kW (131 PS),7l/100km,186g CO2/km (komb)*,20.349
Volkswagen,Golf,92.055 km,11/2019,Automatik,Diesel,110 kW (150 PS),3l/100km,140g CO2/km (WLTP,19.689
Volkswagen,Golf,86.843 km,10/2019,Automatik,Diesel,110 kW (150 PS),3l/100km,140g CO2/km (WLTP,17.689
Skoda,Octavia,91.058 km,11/2019,Manuell,Diesel,85 kW (116 PS),2l/100km,135g CO2/km (WLTP,18.689
Volkswagen,Touran,49.987 km,09/2019,Automatik,Diesel,110 kW (150 PS),2l/100km,163g CO2/km (WLTP,28.789
Audi,A4,53.833 km,06/2019,Automatik,Diesel,110 kW (150 PS),6l/100km,147g CO2/km (WLTP,26.989
Audi,A4,53.833 km,06/2019,Automatik,Diesel,110 kW (150 PS),6l/100km,147g CO2/km (WLTP,25.689
Skoda,Scala,89.116 km,11/2019,Manuell,Diesel,85 kW (116 PS),9l/100km,128g CO2/km (WLTP,17.689
Skoda,Octavia,87.630 km,08/2019,Automatik,Diesel,110 kW (150 PS),3l/100km,139g CO2/km (WLTP,20.689
Volkswagen,Golf,25.563 km,10/2019,Automatik,Diesel,110 kW (150 PS),4l/100km,141g CO2/km (WLTP,21.689
Volkswagen,Touran,49.987 km,09/2019,Automatik,Diesel,110 kW (150 PS),2l/100km,163g CO2/km (WLTP,30.089
Volkswagen,Passat,68.974 km,02/2019,Automatik,Diesel,140 kW (190 PS),7l/100km,148g CO2/km (WLTP,22.689
Skoda,Octavia,87.630 km,08/2019,Automatik,Diesel,110 kW (150 PS),3l/100km,139g CO2/km (WLTP,21.989
Volkswagen,Golf,52.442 km,09/2019,Automatik,Diesel,110 kW (150 PS),7l/100km,186g CO2/km (komb)*,22.989
Skoda,Octavia,96.150 km,10/2019,Automatik,Diesel,110 kW (150 PS),3l/100km,139g CO2/km (WLTP,19.689
Hyundai,Kona,41.807 km,03/2019,Manuell,Benzin,88 kW (120 PS),8l/100km,185g CO2/km (komb)*,18.089
Volkswagen,up!,21.675 km,09/2019,Manuell,Benzin,44 kW (60 PS),4l/100km,123g CO2/km (WLTP,11.689
Ford,Transit Connect,62.133 km,01/2019,Manuell,Diesel,88 kW (120 PS),6l/100km,147g CO2/km (WLTP,18.789
Volkswagen,Golf,18.303 km,08/2019,Automatik,Elektro,100 kW (136 PS),,0g CO2/km (komb)*,18.689
Volkswagen,Golf,39.987 km,10/2019,Automatik,Elektro,100 kW (136 PS),,0g CO2/km (komb)*,18.689
Skoda,Superb,92.356 km,11/2019,Automatik,Diesel,140 kW (190 PS),7l/100km,186g CO2/km (komb)*,28.589
Ford,Kuga,77.404 km,02/2019,Automatik,Diesel,132 kW (180 PS),5l/100km,197g CO2/km (WLTP,21.989
Ford,EcoSport,75.245 km,03/2019,Automatik,Benzin,92 kW (125 PS),8l/100km,185g CO2/km (komb)*,16.989
Seat,SONSTIGE,25.384 km,11/2019,Manuell,Benzin,70 kW (95 PS),8l/100km,185g CO2/km (komb)*,16.989
Ford,Kuga,41.828 km,11/2019,Manuell,Benzin,110 kW (150 PS),8l/100km,185g CO2/km (komb)*,21.989
Dacia,Dokker,55.153 km,06/2019,Manuell,Benzin,96 kW (131 PS),1l/100km,138g CO2/km (komb)*,16.948
Audi,Q2,83.826 km,11/2019,Automatik,Benzin,140 kW (190 PS),8l/100km,185g CO2/km (komb)*,28.489
Ford,SONSTIGE,55.500 km,07/2019,Manuell,Diesel,96 kW (131 PS),7l/100km,186g CO2/km (komb)*,30.189
Mercedes-Benz,SONSTIGE,98.830 km,10/2019,Automatik,Diesel,140 kW (190 PS),7l/100km,186g CO2/km (komb)*,45.889
Ford,Fiesta,32.200 km,08/2019,Manuell,Benzin,63 kW (86 PS),8l/100km,185g CO2/km (komb)*,13.589
Dacia,Duster,52.390 km,11/2019,Manuell,Benzin,96 kW (131 PS),0l/100km,162g CO2/km (WLTP,17.548
Volkswagen,Golf,61.337 km,09/2019,Automatik,Diesel,110 kW (150 PS),3l/100km,140g CO2/km (WLTP,21.689
Volkswagen,Golf,89.766 km,10/2019,Automatik,Diesel,110 kW (150 PS),3l/100km,140g CO2/km (WLTP,19.689
Volkswagen,T-Roc,53.268 km,10/2019,Automatik,Diesel,110 kW (150 PS),7l/100km,154g CO2/km (WLTP,26.689
Volkswagen,Polo,5.765 km,12/2019,Manuell,Benzin,59 kW (80 PS),5l/100km,126g CO2/km (WLTP,17.789
Volkswagen,Golf,89.766 km,10/2019,Automatik,Diesel,110 kW (150 PS),3l/100km,140g CO2/km (WLTP,20.989
Ford,S-Max,63.799 km,06/2019,Automatik,Diesel,140 kW (190 PS),7l/100km,177g CO2/km (WLTP,29.189
Dacia,Duster,92.290 km,11/2019,Manuell,Benzin,96 kW (131 PS),8l/100km,185g CO2/km (komb)*,14.948
Ford,Kuga,36.200 km,11/2019,Automatik,Benzin,169 kW (230 PS),8l/100km,185g CO2/km (komb)*,26.289
Ford,SONSTIGE,76.501 km,10/2019,Manuell,Diesel,77 kW (105 PS),7l/100km,186g CO2/km (komb)*,27.089
Ford,Kuga,104.999 km,06/2019,Manuell,Diesel,88 kW (120 PS),2l/100km,136g CO2/km (komb)*,16.548
Seat,Alhambra,61.080 km,09/2019,Automatik,Diesel,130 kW (177 PS),7l/100km,186g CO2/km (komb)*,37.989
Audi,Q7,67.464 km,08/2019,Automatik,Diesel,210 kW (286 PS),7l/100km,186g CO2/km (komb)*,53.589
BMW,SONSTIGE,69.700 km,10/2019,Automatik,Diesel,140 kW (190 PS),6l/100km,158g CO2/km (WLTP,29.489
Volkswagen,Passat,89.840 km,05/2019,Automatik,Diesel,110 kW (150 PS),5l/100km,143g CO2/km (WLTP,20.689
Volkswagen,Caddy,148.550 km,11/2019,Automatik,Diesel,110 kW (150 PS),7l/100km,186g CO2/km (komb)*,31.849
Opel,Mokka X,90.500 km,05/2019,Automatik,Benzin,103 kW (140 PS),2l/100km,188g CO2/km (WLTP,17.289
Mercedes-Benz,Vito,79.590 km,12/2019,Manuell,Diesel,100 kW (136 PS),7l/100km,186g CO2/km (komb)*,31.289
Mazda,CX-30,94.370 km,12/2019,Manuell,Hybrid (Elektro / Benzin),132 kW (180 PS),8l/100km,85g CO2/km (komb)*,23.148
Renault,Clio,75.050 km,08/2019,Manuell,Benzin,74 kW (101 PS),8l/100km,185g CO2/km (komb)*,14.448
Volkswagen,Polo,29.163 km,07/2019,Manuell,Benzin,85 kW (116 PS),5l/100km,124g CO2/km (WLTP,18.289
Ford,Fiesta,58.860 km,02/2019,Manuell,Benzin,103 kW (140 PS),8l/100km,185g CO2/km (komb)*,17.948
Volkswagen,Golf,36.000 km,03/2019,Automatik,Elektro,100 kW (136 PS),,0g CO2/km (komb)*,18.689
Volkswagen,Golf,52.242 km,11/2019,Manuell,Diesel,85 kW (116 PS),1l/100km,133g CO2/km (WLTP,18.689
Volkswagen,Golf,52.635 km,10/2019,Automatik,Diesel,110 kW (150 PS),4l/100km,143g CO2/km (WLTP,22.989
Volkswagen,Golf,52.635 km,10/2019,Automatik,Diesel,110 kW (150 PS),4l/100km,143g CO2/km (WLTP,21.689
Nissan,Qashqai,39.560 km,04/2019,Automatik,Benzin,117 kW (159 PS),8l/100km,185g CO2/km (komb)*,21.748
Renault,Captur,102.855 km,09/2019,Manuell,Benzin,96 kW (131 PS),8l/100km,185g CO2/km (komb)*,12.948
Mazda,3,23.355 km,11/2019,Manuell,Benzin,90 kW (122 PS),8l/100km,135g CO2/km (komb)*,20.648
Ford,Transit,50.000 km,11/2019,Manuell,Diesel,77 kW (105 PS),8l/100km,210g CO2/km (WLTP,24.689
Volkswagen,Tiguan,60.340 km,12/2019,Manuell,Diesel,110 kW (150 PS),8l/100km,152g CO2/km (WLTP,27.189
Renault,ZOE,30.000 km,07/2019,Automatik,Elektro,53 kW (72 PS),,0g CO2/km (WLTP,9.948
Volkswagen,T-Cross,14.832 km,09/2019,Manuell,Benzin,70 kW (95 PS),8l/100km,185g CO2/km (komb)*,19.289
Volkswagen,Passat,53.908 km,11/2019,Automatik,Diesel,140 kW (190 PS),4l/100km,167g CO2/km (WLTP,28.789
Volkswagen,Golf,24.030 km,11/2019,Manuell,Diesel,85 kW (116 PS),5l/100km,131g CO2/km (WLTP,19.289
Volkswagen,Passat,53.908 km,11/2019,Automatik,Diesel,140 kW (190 PS),4l/100km,167g CO2/km (WLTP,30.089
Volkswagen,Polo,39.270 km,10/2019,Manuell,Diesel,70 kW (95 PS),9l/100km,129g CO2/km (WLTP,18.689
Volkswagen,Golf,24.030 km,11/2019,Manuell,Diesel,85 kW (116 PS),5l/100km,131g CO2/km (WLTP,20.589
Ford,Transit,95.327 km,03/2019,Manuell,Diesel,88 kW (120 PS),3l/100km,166g CO2/km (WLTP,14.549
Ford,Transit,79.500 km,03/2019,Manuell,Diesel,88 kW (120 PS),3l/100km,166g CO2/km (WLTP,15.249
Ford,Transit,99.657 km,03/2019,Manuell,Diesel,88 kW (120 PS),3l/100km,166g CO2/km (WLTP,14.549
Ford,Transit,85.175 km,05/2019,Manuell,Diesel,88 kW (120 PS),3l/100km,166g CO2/km (WLTP,15.249
Hyundai,i30,68.900 km,08/2019,Manuell,Benzin,88 kW (120 PS),8l/100km,132g CO2/km (WLTP,15.689
Mercedes-Benz,Sprinter,33.638 km,11/2019,Manuell,Diesel,105 kW (143 PS),7l/100km,186g CO2/km (komb)*,27.489
Audi,SONSTIGE,93.029 km,04/2019,Automatik,Diesel,140 kW (190 PS),7l/100km,186g CO2/km (komb)*,26.689
Mazda,CX-30,34.590 km,11/2019,Automatik,Benzin,90 kW (122 PS),5l/100km,126g CO2/km (komb)*,23.148
Jaguar,E-Pace,84.400 km,05/2019,Manuell,Diesel,110 kW (150 PS),5l/100km,146g CO2/km (komb)*,24.448
Opel,Adam,51.800 km,05/2019,Manuell,Benzin,64 kW (87 PS),5l/100km,128g CO2/km (komb)*,14.048
Land Rover,Discovery Sport,84.035 km,10/2019,Automatik,Diesel,110 kW (150 PS),7l/100km,186g CO2/km (komb)*,26.089
Mazda,CX-5,98.518 km,08/2019,Automatik,Diesel,135 kW (184 PS),7l/100km,186g CO2/km (komb)*,28.189
Volvo,V90,96.864 km,04/2019,Automatik,Diesel,140 kW (190 PS),7l/100km,186g CO2/km (komb)*,29.189
Ford,Transit Connect,23.896 km,03/2019,Manuell,Benzin,74 kW (101 PS),8l/100km,185g CO2/km (komb)*,17.089
Skoda,Octavia,89.775 km,11/2019,Automatik,Diesel,110 kW (150 PS),7l/100km,186g CO2/km (komb)*,22.589
Audi,A4,74.682 km,05/2019,Automatik,Diesel,110 kW (150 PS),2l/100km,163g CO2/km (WLTP,24.089
Volkswagen,Passat Variant,98.445 km,06/2019,Manuell,Diesel,110 kW (150 PS),7l/100km,186g CO2/km (komb)*,21.589
Volvo,SONSTIGE,75.541 km,06/2019,Automatik,Benzin,184 kW (250 PS),8l/100km,185g CO2/km (komb)*,33.389
BMW,118,88.345 km,08/2019,Automatik,Diesel,110 kW (150 PS),7l/100km,186g CO2/km (komb)*,23.589
Skoda,Superb,93.986 km,06/2019,Automatik,Diesel,110 kW (150 PS),7l/100km,186g CO2/km (komb)*,21.589
Peugeot,3008,59.775 km,06/2019,Manuell,Diesel,96 kW (131 PS),7l/100km,186g CO2/km (komb)*,23.089
Volvo,XC90,54.198 km,10/2019,Automatik,Diesel,173 kW (235 PS),7l/100km,203g CO2/km (WLTP,41.289
Skoda,Octavia,71.766 km,09/2019,Manuell,Benzin,85 kW (116 PS),8l/100km,185g CO2/km (komb)*,17.089
BMW,520,62.297 km,02/2019,Automatik,Diesel,140 kW (190 PS),7l/100km,186g CO2/km (komb)*,31.289
BMW,X3,71.599 km,07/2019,Automatik,Diesel,140 kW (190 PS),7l/100km,186g CO2/km (komb)*,32.389
BMW,520,89.885 km,08/2019,Automatik,Diesel,140 kW (190 PS),7l/100km,186g CO2/km (komb)*,27.689
Hyundai,i20,45.243 km,12/2019,Manuell,Benzin,55 kW (75 PS),3l/100km,142g CO2/km (WLTP,14.089
Volkswagen,Touran,98.790 km,05/2019,Automatik,Diesel,85 kW (116 PS),7l/100km,186g CO2/km (komb)*,24.089
Seat,Ateca,45.500 km,01/2019,Automatik,Benzin,110 kW (150 PS),8l/100km,185g CO2/km (komb)*,25.589
Fiat,New Panda,48.126 km,12/2019,Manuell,Benzin,51 kW (69 PS),8l/100km,185g CO2/km (komb)*,13.089
Mazda,3,32.660 km,06/2019,Manuell,Benzin,90 kW (122 PS),2l/100km,119g CO2/km (komb)*,20.648
Kia,pro cee'd,85.155 km,11/2019,Manuell,Benzin,150 kW (204 PS),8l/100km,185g CO2/km (komb)*,22.148
Volvo,XC60,61.354 km,12/2019,Automatik,Benzin,140 kW (190 PS),8l/100km,185g CO2/km (komb)*,33.089
Skoda,Scala,39.400 km,12/2019,Automatik,Benzin,110 kW (150 PS),8l/100km,185g CO2/km (komb)*,20.689
BMW,SONSTIGE,51.598 km,11/2019,Automatik,Diesel,140 kW (190 PS),7l/100km,186g CO2/km (komb)*,33.889
Audi,Q8,80.569 km,07/2019,Automatik,Benzin,250 kW (340 PS),11l/100km,249g CO2/km (WLTP,70.889
Mercedes-Benz,SONSTIGE,45.125 km,10/2019,Automatik,Benzin,145 kW (197 PS),1l/100km,166g CO2/km (WLTP,41.689
Smart,ForFour,38.382 km,04/2019,Manuell,Benzin,52 kW (71 PS),8l/100km,185g CO2/km (komb)*,12.749
Skoda,Scala,82.349 km,07/2019,Manuell,Benzin,85 kW (116 PS),7l/100km,128g CO2/km (WLTP,17.649
Skoda,Scala,82.349 km,08/2019,Manuell,Benzin,85 kW (116 PS),7l/100km,0g CO2/km (WLTP,16.949
Mercedes-Benz,SONSTIGE,71.748 km,10/2019,Automatik,Diesel,250 kW (340 PS),7l/100km,186g CO2/km (komb)*,45.589
Ford,Transit Connect,99.999 km,09/2019,Automatik,Diesel,88 kW (120 PS),7l/100km,186g CO2/km (komb)*,19.889
Smart,ForFour,38.382 km,03/2019,Manuell,Benzin,52 kW (71 PS),8l/100km,185g CO2/km (komb)*,13.549
Seat,Leon,59.313 km,09/2019,Automatik,Benzin,110 kW (150 PS),4l/100km,146g CO2/km (WLTP,21.589
Volkswagen,Passat,17.249 km,12/2019,Automatik,Diesel,140 kW (190 PS),6l/100km,156g CO2/km (WLTP,31.189
Volkswagen,Golf,45.000 km,02/2019,Automatik,Diesel,110 kW (150 PS),7l/100km,186g CO2/km (komb)*,25.489
Seat,Alhambra,24.317 km,03/2019,Automatik,Diesel,110 kW (150 PS),7l/100km,176g CO2/km (WLTP,35.289
Volkswagen,up!,5.783 km,07/2019,Manuell,Benzin,44 kW (60 PS),2l/100km,117g CO2/km (WLTP,13.289
Skoda,Scala,94.215 km,09/2019,Manuell,Diesel,85 kW (116 PS),9l/100km,128g CO2/km (WLTP,16.689
Volkswagen,Golf,76.316 km,05/2019,Automatik,Diesel,110 kW (150 PS),5l/100km,143g CO2/km (WLTP,20.689
Volkswagen,Golf,38.540 km,12/2019,Manuell,Diesel,85 kW (116 PS),3l/100km,139g CO2/km (WLTP,20.989
Volkswagen,Golf,38.540 km,12/2019,Manuell,Diesel,85 kW (116 PS),3l/100km,139g CO2/km (WLTP,19.689
Seat,Alhambra,24.317 km,03/2019,Automatik,Diesel,110 kW (150 PS),7l/100km,176g CO2/km (WLTP,33.989
Volkswagen,Golf,45.000 km,02/2019,Automatik,Diesel,110 kW (150 PS),7l/100km,186g CO2/km (komb)*,24.189
Volkswagen,Golf,29.987 km,07/2019,Automatik,Diesel,110 kW (150 PS),3l/100km,139g CO2/km (WLTP,22.689
Opel,Astra,56.780 km,11/2019,Manuell,Diesel,77 kW (105 PS),4l/100km,115g CO2/km (WLTP,14.689
Volkswagen,Passat,17.249 km,12/2019,Automatik,Diesel,140 kW (190 PS),6l/100km,156g CO2/km (WLTP,29.789
Volkswagen,Golf,56.825 km,12/2019,Automatik,Diesel,110 kW (150 PS),5l/100km,143g CO2/km (WLTP,23.689
Volkswagen,Polo,27.747 km,10/2019,Manuell,Benzin,85 kW (116 PS),7l/100km,129g CO2/km (WLTP,18.689
Fiat,Tipo,17.000 km,06/2019,Manuell,Benzin,88 kW (120 PS),8l/100km,185g CO2/km (komb)*,15.689
Skoda,Octavia,51.450 km,06/2019,Manuell,Benzin,180 kW (245 PS),8l/100km,185g CO2/km (komb)*,27.789
Mercedes-Benz,Sprinter,42.803 km,12/2019,Manuell,Diesel,105 kW (143 PS),7l/100km,186g CO2/km (komb)*,33.189
Audi,Q3,95.739 km,04/2019,Automatik,Benzin,140 kW (190 PS),8l/100km,185g CO2/km (komb)*,30.089
Volkswagen,Golf Sportsvan,50.342 km,03/2019,Automatik,Diesel,110 kW (150 PS),7l/100km,186g CO2/km (komb)*,21.889
Volkswagen,T-Cross,35.849 km,11/2019,Manuell,Benzin,85 kW (116 PS),8l/100km,185g CO2/km (komb)*,18.589
Volkswagen,T6 SONSTIGE,52.550 km,12/2019,Manuell,Diesel,75 kW (102 PS),3l/100km,0g CO2/km (WLTP,30.449
Mercedes-Benz,AMG GT,112.850 km,06/2019,Automatik,Benzin,430 kW (585 PS),8l/100km,185g CO2/km (komb)*,113.149
Volkswagen,T6 SONSTIGE,37.950 km,12/2019,Automatik,Diesel,146 kW (199 PS),7l/100km,186g CO2/km (komb)*,66.049
Skoda,Scala,49.500 km,04/2019,Manuell,Benzin,85 kW (116 PS),7l/100km,129g CO2/km (WLTP,18.089
Seat,Alhambra,128.321 km,01/2019,Automatik,Diesel,110 kW (150 PS),7l/100km,186g CO2/km (komb)*,26.249
Iveco,Daily,99.200 km,11/2019,Manuell,Diesel,115 kW (156 PS),7l/100km,186g CO2/km (komb)*,26.449
Iveco,Daily,100.000 km,11/2019,Manuell,Diesel,115 kW (156 PS),7l/100km,186g CO2/km (komb)*,20.049
Hyundai,IONIQ,46.250 km,04/2019,Automatik,Elektro,88 kW (120 PS),,0g CO2/km (WLTP,16.649
Iveco,Daily,78.700 km,12/2019,Manuell,Diesel,115 kW (156 PS),7l/100km,186g CO2/km (komb)*,22.649
Iveco,Daily,91.500 km,11/2019,Manuell,Diesel,115 kW (156 PS),7l/100km,186g CO2/km (komb)*,21.349
Iveco,Daily,81.000 km,11/2019,Manuell,Diesel,115 kW (156 PS),7l/100km,186g CO2/km (komb)*,21.349
Iveco,Daily,98.000 km,11/2019,Manuell,Diesel,115 kW (156 PS),0l/100km,0g CO2/km (WLTP,28.049
Porsche,Cayenne,71.800 km,03/2019,Automatik,Benzin,404 kW (549 PS),8l/100km,267g CO2/km (komb)*,81.049
Mercedes-Benz,B 200,83.882 km,04/2019,Automatik,Diesel,100 kW (136 PS),3l/100km,142g CO2/km (komb)*,21.249
Jeep,Compass,80.130 km,11/2019,Automatik,Benzin,125 kW (170 PS),3l/100km,190g CO2/km (komb)*,21.149
BMW,X3,91.874 km,03/2019,Automatik,Diesel,140 kW (190 PS),7l/100km,186g CO2/km (komb)*,31.749
Renault,Master,138.900 km,04/2019,Manuell,Diesel,96 kW (131 PS),7l/100km,186g CO2/km (komb)*,30.149
Renault,Kadjar,71.423 km,11/2019,Manuell,Benzin,117 kW (159 PS),8l/100km,185g CO2/km (komb)*,19.049
Skoda,Octavia,72.790 km,06/2019,Automatik,Benzin,85 kW (116 PS),8l/100km,185g CO2/km (komb)*,18.649
Mazda,3,91.350 km,08/2019,Manuell,Hybrid (Elektro / Benzin),90 kW (122 PS),8l/100km,85g CO2/km (komb)*,17.049
Mercedes-Benz,C 180,51.808 km,08/2019,Manuell,Benzin,115 kW (156 PS),8l/100km,116g CO2/km (komb)*,25.349
Mercedes-Benz,C 400,74.200 km,08/2019,Automatik,Benzin,245 kW (333 PS),8l/100km,185g CO2/km (komb)*,42.349
Jeep,Compass,48.500 km,12/2019,Manuell,Benzin,103 kW (140 PS),8l/100km,155g CO2/km (komb)*,21.149
Mazda,MX-5,42.210 km,02/2019,Manuell,Benzin,135 kW (184 PS),9l/100km,156g CO2/km (komb)*,26.048
Jaguar,XF,54.841 km,10/2019,Automatik,Diesel,132 kW (180 PS),7l/100km,186g CO2/km (komb)*,29.648
Renault,ZOE,32.058 km,11/2019,Automatik,Elektro,68 kW (92 PS),,0g CO2/km (WLTP,11.349
Renault,ZOE,42.762 km,02/2019,Automatik,Elektro,68 kW (92 PS),,0g CO2/km (WLTP,9.349
Renault,ZOE,17.543 km,03/2019,Automatik,Elektro,65 kW (88 PS),,0g CO2/km (WLTP,11.749
Renault,ZOE,17.812 km,09/2019,Automatik,Elektro,68 kW (92 PS),,0g CO2/km (WLTP,11.049
Mercedes-Benz,Vito,59.500 km,07/2019,Manuell,Diesel,100 kW (136 PS),7l/100km,186g CO2/km (komb)*,33.349
Renault,Trafic,78.500 km,04/2019,Manuell,Diesel,89 kW (121 PS),0l/100km,0g CO2/km (WLTP,35.249
Renault,Master,113.000 km,10/2019,Manuell,Diesel,96 kW (131 PS),0l/100km,0g CO2/km (WLTP,36.449
Renault,Master,115.000 km,10/2019,Manuell,Diesel,96 kW (131 PS),7l/100km,186g CO2/km (komb)*,31.449
Mercedes-Benz,C 43 AMG,87.542 km,07/2019,Automatik,Benzin,287 kW (390 PS),8l/100km,185g CO2/km (komb)*,41.249
Ford,EcoSport,77.100 km,02/2019,Manuell,Benzin,92 kW (125 PS),4l/100km,144g CO2/km (WLTP,17.089
Volkswagen,T-Roc,53.138 km,08/2019,Manuell,Diesel,85 kW (116 PS),7l/100km,186g CO2/km (komb)*,21.689
Renault,Master,114.500 km,03/2019,Manuell,Diesel,96 kW (131 PS),0l/100km,0g CO2/km (WLTP,37.649
Renault,ZOE,39.587 km,02/2019,Automatik,Elektro,68 kW (92 PS),,0g CO2/km (WLTP,11.249
Alfa,Romeo Stelvio,44.000 km,10/2019,Automatik,Benzin,375 kW (510 PS),8l/100km,185g CO2/km (komb)*,61.449
Alfa,Romeo Stelvio,61.000 km,01/2019,N/A,Benzin,375 kW (510 PS),8l/100km,185g CO2/km (komb)*,62.449
Alfa,Romeo Stelvio,60.000 km,03/2019,Automatik,Benzin,147 kW (200 PS),8l/100km,185g CO2/km (komb)*,31.749
Jeep,Grand Cherokee,74.500 km,02/2019,Automatik,Benzin,344 kW (468 PS),8l/100km,185g CO2/km (komb)*,63.549
Renault,ZOE,45.056 km,06/2019,Automatik,Elektro,68 kW (92 PS),,0g CO2/km (WLTP,10.649
Renault,ZOE,62.644 km,02/2019,Automatik,Elektro,68 kW (92 PS),,0g CO2/km (WLTP,13.149
Mercedes-Benz,B 220,44.446 km,10/2019,Automatik,Benzin,140 kW (190 PS),8l/100km,185g CO2/km (komb)*,25.949
BMW,840,66.200 km,10/2019,Automatik,Benzin,250 kW (340 PS),2l/100km,164g CO2/km (komb)*,49.349
Renault,ZOE,44.817 km,07/2019,Automatik,Elektro,68 kW (58 PS),,0g CO2/km (WLTP,13.849
Volkswagen,Tiguan,82.122 km,07/2019,Automatik,Benzin,132 kW (180 PS),8l/100km,185g CO2/km (komb)*,33.989
Volkswagen,Passat Variant,88.444 km,10/2019,Automatik,Diesel,110 kW (150 PS),1l/100km,134g CO2/km (WLTP,22.089
BMW,520,69.775 km,08/2019,Automatik,Diesel,140 kW (190 PS),7l/100km,186g CO2/km (komb)*,34.389
Volkswagen,T-Roc,56.675 km,04/2019,Manuell,Diesel,85 kW (116 PS),7l/100km,186g CO2/km (komb)*,21.489
Audi,A4,94.700 km,07/2019,Automatik,Diesel,110 kW (150 PS),7l/100km,186g CO2/km (komb)*,24.489
Mercedes-Benz,Citan,63.947 km,05/2019,Manuell,Diesel,66 kW (90 PS),7l/100km,186g CO2/km (komb)*,16.089
Volkswagen,Tiguan,97.605 km,09/2019,Automatik,Diesel,110 kW (150 PS),7l/100km,186g CO2/km (komb)*,27.189
Skoda,Octavia,69.671 km,12/2019,Automatik,Benzin,180 kW (245 PS),8l/100km,185g CO2/km (komb)*,28.589
Opel,Combo,93.366 km,09/2019,Manuell,Diesel,75 kW (102 PS),7l/100km,186g CO2/km (komb)*,13.089
Ford,Galaxy,53.805 km,08/2019,Manuell,Diesel,140 kW (190 PS),7l/100km,186g CO2/km (komb)*,31.289
Ford,Focus,8.707 km,01/2019,Manuell,Benzin,74 kW (101 PS),8l/100km,185g CO2/km (komb)*,20.489
Ford,Galaxy,102.462 km,06/2019,Automatik,Diesel,140 kW (190 PS),7l/100km,186g CO2/km (komb)*,31.989
Audi,Q3,93.140 km,10/2019,Manuell,Benzin,110 kW (150 PS),8l/100km,0g CO2/km (WLTP,24.449
Audi,A4,77.700 km,10/2019,Automatik,Benzin,180 kW (245 PS),8l/100km,0g CO2/km (WLTP,31.849
Opel,Astra,121.391 km,05/2019,Manuell,Diesel,100 kW (136 PS),7l/100km,186g CO2/km (komb)*,14.089
BMW,530,95.776 km,02/2019,Automatik,Hybrid (Elektro / Benzin),135 kW (184 PS),8l/100km,85g CO2/km (komb)*,30.589
Jaguar,I-Pace,68.668 km,12/2019,Automatik,Elektro,294 kW (400 PS),,0g CO2/km (WLTP,35.089
Mercedes-Benz,V 300,75.654 km,09/2019,Automatik,Diesel,176 kW (239 PS),175l/100km,7g CO2/km (WLTP,60.649
Ford,Kuga,74.654 km,11/2019,Automatik,Benzin,110 kW (150 PS),8l/100km,185g CO2/km (komb)*,23.489
Mercedes-Benz,eVito,7.173 km,09/2019,Automatik,Elektro,85 kW (116 PS),,0g CO2/km (WLTP,24.089
Mercedes-Benz,C 200,56.215 km,09/2019,Automatik,Benzin,135 kW (184 PS),8l/100km,185g CO2/km (komb)*,31.989
Volkswagen,Golf Variant,113.592 km,11/2019,Automatik,Benzin,221 kW (301 PS),1l/100km,161g CO2/km (komb)*,26.549
BMW,218 Gran Tourer,108.914 km,11/2019,Automatik,Diesel,110 kW (150 PS),7l/100km,186g CO2/km (komb)*,24.989
Volkswagen,Golf,90.590 km,08/2019,Automatik,Diesel,110 kW (150 PS),9l/100km,128g CO2/km (komb)*,19.949
Toyota,C-HR,54.706 km,01/2019,Automatik,Hybrid (Elektro / Benzin),72 kW (98 PS),8l/100km,85g CO2/km (komb)*,25.989
Suzuki,Ignis,20.214 km,12/2019,Automatik,Benzin,66 kW (90 PS),6l/100km,0g CO2/km (WLTP,15.949
Ford,Kuga,103.970 km,03/2019,Automatik,Diesel,132 kW (180 PS),7l/100km,186g CO2/km (komb)*,19.849
Volkswagen,Passat Variant,99.603 km,06/2019,Automatik,Diesel,140 kW (190 PS),7l/100km,186g CO2/km (komb)*,21.049
Ford,Focus,58.745 km,02/2019,Manuell,Benzin,92 kW (125 PS),8l/100km,108g CO2/km (komb)*,17.549
Jaguar,F-Pace,93.660 km,12/2019,Automatik,Benzin,405 kW (551 PS),9l/100km,0g CO2/km (WLTP,52.349
Volkswagen,Golf Variant,73.855 km,07/2019,Manuell,Diesel,85 kW (116 PS),7l/100km,186g CO2/km (komb)*,23.489
Ford,Focus,120.870 km,05/2019,Manuell,Benzin,134 kW (182 PS),8l/100km,185g CO2/km (komb)*,19.149
BMW,520,124.800 km,02/2019,Automatik,Diesel,140 kW (190 PS),5l/100km,131g CO2/km (WLTP,26.549
Peugeot,3008,56.716 km,05/2019,Manuell,Benzin,96 kW (131 PS),3l/100km,120g CO2/km (komb)*,19.149
Mini,ONE,67.600 km,01/2019,Automatik,Benzin,75 kW (102 PS),8l/100km,111g CO2/km (komb)*,17.349
Mercedes-Benz,Vito,132.173 km,05/2019,Automatik,Diesel,100 kW (136 PS),7l/100km,186g CO2/km (komb)*,26.449
Volkswagen,Touareg,47.800 km,05/2019,Automatik,Diesel,210 kW (286 PS),1l/100km,0g CO2/km (WLTP,48.349
Volkswagen,Tiguan,105.100 km,07/2019,Automatik,Diesel,110 kW (150 PS),2l/100km,0g CO2/km (WLTP,25.349
Volkswagen,Passat Variant,112.823 km,07/2019,Automatik,Diesel,110 kW (150 PS),7l/100km,186g CO2/km (komb)*,20.049
Toyota,Yaris,38.600 km,10/2019,Manuell,Benzin,82 kW (112 PS),2l/100km,118g CO2/km (komb)*,15.549
Ford,Galaxy,128.914 km,06/2019,Automatik,Diesel,110 kW (150 PS),3l/100km,140g CO2/km (komb)*,23.349
Volkswagen,Passat Variant,79.198 km,02/2019,Manuell,Diesel,110 kW (150 PS),5l/100km,0g CO2/km (WLTP,24.349
Ford,Kuga,71.000 km,08/2019,Manuell,Benzin,110 kW (150 PS),7l/100km,158g CO2/km (komb)*,21.449
Land Rover,Range Rover Sport,68.500 km,11/2019,Automatik,Diesel,225 kW (306 PS),5l/100km,198g CO2/km (komb)*,58.549
Ford,Focus,96.282 km,09/2019,Manuell,Benzin,92 kW (125 PS),8l/100km,185g CO2/km (komb)*,14.949
Skoda,Scala,32.441 km,11/2019,Manuell,Benzin,85 kW (116 PS),7l/100km,0g CO2/km (WLTP,16.449
Volkswagen,T6 Multivan,77.200 km,08/2019,Automatik,Benzin,150 kW (204 PS),1l/100km,216g CO2/km (komb)*,45.049
Dacia,Logan,45.845 km,03/2019,Manuell,Benzin,54 kW (73 PS),2l/100km,117g CO2/km (komb)*,11.549
Skoda,Rapid,85.015 km,03/2019,Automatik,Benzin,81 kW (110 PS),7l/100km,108g CO2/km (komb)*,14.949
Jaguar,F-Pace,66.950 km,09/2019,Automatik,Diesel,221 kW (301 PS),1l/100km,0g CO2/km (WLTP,47.749
Ford,EcoSport,78.366 km,05/2019,Manuell,Benzin,92 kW (125 PS),3l/100km,0g CO2/km (WLTP,15.449
Volkswagen,T-Roc,41.974 km,02/2019,Automatik,Benzin,140 kW (190 PS),7l/100km,152g CO2/km (komb)*,28.149
Ford,EcoSport,48.100 km,01/2019,Manuell,Benzin,92 kW (125 PS),8l/100km,185g CO2/km (komb)*,18.449
Volkswagen,Passat Variant,66.098 km,07/2019,Automatik,Diesel,88 kW (120 PS),7l/100km,186g CO2/km (komb)*,21.849
Ford,Fiesta,20.200 km,12/2019,Automatik,Benzin,74 kW (101 PS),5l/100km,122g CO2/km (komb)*,18.549
Land Rover,Range Rover Sport,99.999 km,03/2019,Automatik,Diesel,250 kW (340 PS),7l/100km,231g CO2/km (komb)*,56.749
Volkswagen,Golf,23.569 km,04/2019,Manuell,Benzin,110 kW (150 PS),8l/100km,185g CO2/km (komb)*,21.749
Land Rover,Range Rover Velar,102.750 km,06/2019,Automatik,Diesel,221 kW (301 PS),8l/100km,0g CO2/km (WLTP,42.249
Audi,Q3,87.696 km,08/2019,Automatik,Benzin,110 kW (150 PS),3l/100km,149g CO2/km (komb)*,29.049
Renault,Scenic,74.750 km,04/2019,Manuell,Benzin,103 kW (140 PS),8l/100km,185g CO2/km (komb)*,16.649
Land Rover,Discovery Sport,62.600 km,12/2019,Automatik,Diesel,132 kW (180 PS),6l/100km,147g CO2/km (komb)*,35.249
Land Rover,Range Rover Velar,61.970 km,07/2019,Automatik,Benzin,221 kW (301 PS),8l/100km,178g CO2/km (komb)*,45.249
Peugeot,2008,66.788 km,04/2019,Manuell,Benzin,96 kW (131 PS),8l/100km,110g CO2/km (WLTP,15.949
Peugeot,3008,51.900 km,11/2019,Automatik,Diesel,132 kW (180 PS),7l/100km,129g CO2/km (komb)*,28.149
Ford,Focus,35.400 km,11/2019,Manuell,Benzin,110 kW (150 PS),8l/100km,185g CO2/km (komb)*,23.849
Citroen,C4 Cactus,44.000 km,09/2019,Automatik,Benzin,96 kW (131 PS),8l/100km,110g CO2/km (komb)*,16.049
Land Rover,Discovery Sport,73.818 km,05/2019,Automatik,Benzin,177 kW (241 PS),9l/100km,0g CO2/km (WLTP,25.749
Land Rover,Range Rover Velar,55.000 km,11/2019,Automatik,Benzin,405 kW (551 PS),3l/100km,0g CO2/km (WLTP,64.349
Audi,A5,78.900 km,05/2019,Automatik,Benzin,140 kW (190 PS),6l/100km,0g CO2/km (WLTP,29.749
Ford,Kuga,61.200 km,12/2019,Manuell,Benzin,110 kW (150 PS),8l/100km,177g CO2/km (komb)*,19.449
Land Rover,Range Rover Evoque,59.190 km,10/2019,Automatik,Benzin,183 kW (249 PS),8l/100km,0g CO2/km (WLTP,41.249
Land Rover,Range Rover Velar,75.859 km,10/2019,Automatik,Diesel,202 kW (275 PS),8l/100km,0g CO2/km (WLTP,45.449
Audi,Q2,64.797 km,12/2019,Automatik,Benzin,110 kW (150 PS),8l/100km,119g CO2/km (komb)*,23.249
Ford,C-Max,126.555 km,01/2019,Automatik,Benzin,110 kW (150 PS),6l/100km,174g CO2/km (komb)*,16.049
Iveco,Daily,112.000 km,04/2019,Automatik,Diesel,100 kW (136 PS),7l/100km,186g CO2/km (komb)*,41.249
Audi,A4,149.000 km,04/2019,Automatik,Diesel,110 kW (150 PS),6l/100km,121g CO2/km (komb)*,20.449
Ford,Focus,39.181 km,10/2019,Automatik,Benzin,110 kW (150 PS),9l/100km,133g CO2/km (komb)*,21.149
Jaguar,E-Pace,81.230 km,11/2019,Automatik,Diesel,110 kW (150 PS),6l/100km,199g CO2/km (komb)*,29.649
Peugeot,3008,47.685 km,09/2019,Manuell,Benzin,96 kW (131 PS),2l/100km,118g CO2/km (komb)*,20.749
Volkswagen,up!,35.310 km,12/2019,Manuell,Benzin,44 kW (60 PS),8l/100km,185g CO2/km (komb)*,12.049
Ford,Transit Custom,73.190 km,06/2019,Manuell,Diesel,96 kW (131 PS),7l/100km,186g CO2/km (komb)*,33.949
Mazda,CX-5,58.904 km,05/2019,Manuell,Benzin,121 kW (165 PS),4l/100km,146g CO2/km (komb)*,23.549
Land Rover,Range Rover Velar,81.400 km,11/2019,Automatik,Diesel,177 kW (241 PS),5l/100km,171g CO2/km (komb)*,43.649
Nissan,NV300,45.806 km,12/2019,Manuell,Diesel,107 kW (146 PS),7l/100km,186g CO2/km (komb)*,27.549
Seat,Ibiza,25.384 km,12/2019,Manuell,Benzin,70 kW (95 PS),7l/100km,106g CO2/km (komb)*,16.949
Volkswagen,Passat Variant,116.784 km,07/2019,Manuell,Benzin,110 kW (150 PS),5l/100km,124g CO2/km (komb)*,19.549
Mazda,CX-3,51.146 km,10/2019,Automatik,Benzin,110 kW (150 PS),8l/100km,185g CO2/km (komb)*,21.949
Jaguar,F-Pace,56.485 km,03/2019,Automatik,Diesel,177 kW (241 PS),3l/100km,166g CO2/km (komb)*,33.349
Hyundai,Kona,22.900 km,10/2019,Automatik,Benzin,130 kW (177 PS),3l/100km,144g CO2/km (komb)*,27.549
Ford,C-Max,35.895 km,07/2019,Manuell,Benzin,92 kW (125 PS),7l/100km,129g CO2/km (komb)*,18.049
Mercedes-Benz,Vito,62.087 km,05/2019,Automatik,Diesel,120 kW (163 PS),9l/100km,0g CO2/km (WLTP,42.449
Ford,Focus,52.075 km,12/2019,Manuell,Benzin,110 kW (150 PS),5l/100km,114g CO2/km (komb)*,18.949
Mazda,CX-5,62.993 km,11/2019,Manuell,Diesel,110 kW (150 PS),5l/100km,130g CO2/km (komb)*,23.549
Mercedes-Benz,E 300,67.700 km,08/2019,Automatik,Diesel,180 kW (245 PS),2l/100km,139g CO2/km (komb)*,35.049
BMW,520,124.800 km,02/2019,Automatik,Diesel,140 kW (190 PS),5l/100km,131g CO2/km (komb)*,27.549
Volvo,XC90,74.700 km,11/2019,Automatik,Hybrid (Elektro / Benzin),288 kW (392 PS),4l/100km,32g CO2/km (komb)*,47.649
Ford,EcoSport,75.245 km,04/2019,Automatik,Benzin,92 kW (125 PS),2l/100km,140g CO2/km (komb)*,16.849
Seat,Arona,31.750 km,10/2019,Manuell,Benzin,85 kW (116 PS),8l/100km,113g CO2/km (komb)*,18.649
Volkswagen,Sharan,93.764 km,06/2019,Manuell,Benzin,110 kW (150 PS),8l/100km,185g CO2/km (komb)*,27.249
Seat,Alhambra,99.458 km,12/2019,Automatik,Diesel,110 kW (150 PS),2l/100km,137g CO2/km (komb)*,29.649
Mercedes-Benz,Vito,99.850 km,09/2019,Automatik,Diesel,140 kW (190 PS),2l/100km,163g CO2/km (komb)*,42.449
Seat,Ateca,95.861 km,09/2019,Automatik,Benzin,110 kW (150 PS),8l/100km,185g CO2/km (komb)*,21.149
Volkswagen,Passat Variant,112.792 km,05/2019,Automatik,Diesel,110 kW (150 PS),3l/100km,113g CO2/km (komb)*,20.066
Skoda,Karoq,112.930 km,10/2019,Manuell,Diesel,85 kW (116 PS),7l/100km,120g CO2/km (komb)*,20.049
Land Rover,Range Rover Sport,59.850 km,08/2019,Automatik,Hybrid (Elektro / Benzin),297 kW (404 PS),4l/100km,32g CO2/km (komb)*,66.549
Land Rover,Range Rover Evoque,73.750 km,05/2019,Automatik,Diesel,177 kW (241 PS),7l/100km,153g CO2/km (komb)*,35.749
Jaguar,XJ,74.900 km,08/2019,Automatik,Diesel,221 kW (301 PS),7l/100km,0g CO2/km (WLTP,43.449
Jaguar,XF,62.160 km,02/2019,Automatik,Benzin,184 kW (250 PS),3l/100km,0g CO2/km (WLTP,31.749
Audi,Q3,87.696 km,08/2019,Automatik,Benzin,110 kW (150 PS),3l/100km,149g CO2/km (komb)*,28.449
BMW,M5,44.050 km,07/2019,Automatik,Benzin,460 kW (626 PS),9l/100km,0g CO2/km (WLTP,72.849
Volkswagen,Golf Variant,99.894 km,01/2019,Manuell,Diesel,85 kW (116 PS),2l/100km,109g CO2/km (komb)*,15.349
BMW,320,71.000 km,12/2019,Automatik,Diesel,140 kW (190 PS),4l/100km,0g CO2/km (WLTP,36.049
Ford,Transit,69.418 km,08/2019,Manuell,Diesel,96 kW (131 PS),7l/100km,186g CO2/km (komb)*,24.249
Volkswagen,T-Roc,40.216 km,04/2019,Manuell,Benzin,85 kW (116 PS),8l/100km,116g CO2/km (komb)*,20.149
Ford,Tourneo Custom,109.000 km,11/2018,Manuell,Diesel,125 kW (170 PS),7l/100km,167g CO2/km (komb)*,35.489
Renault,Clio,50.490 km,09/2018,Manuell,Benzin,66 kW (90 PS),0l/100km,137g CO2/km (WLTP,11.948
Skoda,Kodiaq,99.740 km,07/2018,Automatik,Benzin,92 kW (125 PS),8l/100km,137g CO2/km (komb)*,20.648
Renault,Clio,45.318 km,07/2018,Manuell,Benzin,54 kW (73 PS),6l/100km,127g CO2/km (komb)*,12.048
Renault,Megane,47.770 km,03/2018,Manuell,Benzin,74 kW (101 PS),4l/100km,120g CO2/km (komb)*,15.048
Hyundai,i20,98.390 km,05/2018,Manuell,Benzin,62 kW (84 PS),8l/100km,185g CO2/km (komb)*,11.048
Mazda,CX-3,105.000 km,02/2018,Manuell,Benzin,88 kW (120 PS),9l/100km,137g CO2/km (komb)*,15.948
Dacia,Duster,66.590 km,01/2018,Manuell,Benzin,92 kW (125 PS),8l/100km,185g CO2/km (komb)*,16.948
Jeep,Renegade,95.916 km,01/2018,Manuell,Benzin,103 kW (140 PS),6l/100km,185g CO2/km (komb)*,15.948
Renault,Captur,73.790 km,12/2018,Manuell,Benzin,66 kW (90 PS),8l/100km,123g CO2/km (komb)*,15.548
Renault,Trafic,61.580 km,05/2018,Manuell,Diesel,92 kW (125 PS),7l/100km,186g CO2/km (komb)*,23.648
Renault,Captur,27.760 km,07/2018,Automatik,Benzin,110 kW (150 PS),3l/100km,118g CO2/km (komb)*,18.548
Mercedes-Benz,Citan,33.817 km,08/2018,Manuell,Benzin,84 kW (114 PS),1l/100km,145g CO2/km (komb)*,22.248
Toyota,Avensis,71.342 km,03/2018,Manuell,Benzin,108 kW (147 PS),5l/100km,148g CO2/km (komb)*,18.848
Hyundai,i30,60.525 km,08/2018,Manuell,Benzin,88 kW (120 PS),8l/100km,185g CO2/km (komb)*,16.448
Renault,Twingo,32.490 km,10/2018,Manuell,Benzin,52 kW (71 PS),8l/100km,185g CO2/km (komb)*,11.548
Opel,Insignia,48.845 km,10/2018,Manuell,Diesel,100 kW (136 PS),9l/100km,154g CO2/km (WLTP,21.389
Volkswagen,Golf Sportsvan,55.260 km,05/2018,Automatik,Benzin,92 kW (125 PS),2l/100km,121g CO2/km (komb)*,19.048
Ford,C-Max,66.153 km,11/2018,Manuell,Benzin,110 kW (150 PS),8l/100km,139g CO2/km (komb)*,18.789
Opel,Astra,89.987 km,11/2018,Manuell,Diesel,81 kW (110 PS),1l/100km,132g CO2/km (WLTP,13.289
Opel,Mokka,59.987 km,05/2018,Manuell,Diesel,100 kW (136 PS),7l/100km,186g CO2/km (komb)*,16.289
Renault,Grand Scenic,69.150 km,08/2018,Manuell,Benzin,97 kW (132 PS),8l/100km,185g CO2/km (komb)*,17.048
Dacia,Sandero,64.525 km,06/2018,Manuell,Autogas,66 kW (90 PS),,120g CO2/km (komb)*,10.948
Fiat,500,50.878 km,11/2018,Manuell,Benzin,51 kW (69 PS),6l/100km,149g CO2/km (WLTP,14.689
Skoda,Fabia,21.619 km,06/2018,Automatik,Benzin,81 kW (110 PS),5l/100km,104g CO2/km (komb)*,16.948
Hyundai,i30,89.990 km,06/2018,Manuell,Benzin,103 kW (140 PS),4l/100km,0g CO2/km (WLTP,17.458
Ford,EcoSport,30.861 km,03/2018,Manuell,Benzin,103 kW (140 PS),8l/100km,185g CO2/km (komb)*,18.089
Ford,SONSTIGE,60.100 km,03/2018,Automatik,Diesel,96 kW (131 PS),7l/100km,186g CO2/km (komb)*,31.489
Skoda,Octavia,88.235 km,09/2018,Automatik,Benzin,110 kW (150 PS),1l/100km,0g CO2/km (WLTP,20.049
Volkswagen,Polo,43.663 km,12/2018,Manuell,Diesel,70 kW (95 PS),7l/100km,186g CO2/km (komb)*,20.089
BMW,220 Active Tourer,81.155 km,05/2018,Automatik,Benzin,141 kW (192 PS),8l/100km,185g CO2/km (komb)*,20.189
Abarth,595C,37.402 km,07/2018,Automatik,Benzin,118 kW (160 PS),8l/100km,185g CO2/km (komb)*,21.089
Audi,S5,40.632 km,06/2018,Automatik,Benzin,260 kW (354 PS),8l/100km,185g CO2/km (komb)*,51.489
Renault,Grand Scenic,68.650 km,06/2018,Manuell,Benzin,120 kW (163 PS),8l/100km,185g CO2/km (komb)*,22.248
Opel,Astra,34.195 km,07/2018,Manuell,Diesel,81 kW (110 PS),7l/100km,186g CO2/km (komb)*,16.689
Skoda,Octavia,88.235 km,08/2018,Automatik,Benzin,110 kW (150 PS),1l/100km,137g CO2/km (WLTP,20.849
Ford,Edge,76.550 km,06/2018,Manuell,Diesel,132 kW (180 PS),7l/100km,186g CO2/km (komb)*,22.989
Ford,Kuga,67.779 km,08/2018,Automatik,Benzin,178 kW (242 PS),8l/100km,185g CO2/km (komb)*,23.989
Renault,Grand Scenic,74.640 km,08/2018,Manuell,Benzin,103 kW (140 PS),8l/100km,185g CO2/km (komb)*,19.648
Volkswagen,Polo,83.446 km,06/2018,Manuell,Benzin,70 kW (95 PS),8l/100km,185g CO2/km (komb)*,14.489
Renault,ZOE,61.100 km,12/2018,Automatik,Elektro,80 kW (109 PS),,0g CO2/km (WLTP,9.448
Ford,Edge,79.800 km,12/2018,Automatik,Diesel,175 kW (238 PS),7l/100km,186g CO2/km (komb)*,33.389
Mercedes-Benz,SONSTIGE,125.278 km,02/2018,Manuell,Diesel,115 kW (156 PS),7l/100km,186g CO2/km (komb)*,36.049
Renault,Kadjar,18.093 km,11/2018,Manuell,Benzin,103 kW (140 PS),8l/100km,185g CO2/km (komb)*,15.948
Volkswagen,T6 Multivan,69.545 km,12/2018,Automatik,Diesel,146 kW (199 PS),7l/100km,186g CO2/km (komb)*,49.589
Ford,Transit Custom,76.962 km,10/2018,Manuell,Diesel,96 kW (131 PS),7l/100km,186g CO2/km (komb)*,23.089
Citroen,C3 Aircross,53.387 km,07/2018,Manuell,Benzin,96 kW (131 PS),2l/100km,117g CO2/km (komb)*,13.048
Dacia,Duster,41.206 km,07/2018,Manuell,Benzin,84 kW (114 PS),8l/100km,185g CO2/km (komb)*,13.448
Ford,Fiesta,94.549 km,05/2018,Manuell,Benzin,52 kW (71 PS),8l/100km,185g CO2/km (komb)*,10.089
Fiat,500X,19.878 km,05/2018,Automatik,Benzin,125 kW (170 PS),7l/100km,157g CO2/km (WLTP,20.989
Volkswagen,SONSTIGE,62.434 km,10/2018,Automatik,Diesel,75 kW (102 PS),7l/100km,186g CO2/km (komb)*,19.489
Volkswagen,Touran,69.990 km,10/2018,Manuell,Diesel,85 kW (116 PS),7l/100km,186g CO2/km (komb)*,22.189
Volkswagen,Touran,69.990 km,10/2018,Manuell,Diesel,85 kW (116 PS),7l/100km,186g CO2/km (komb)*,23.489
Volkswagen,Sharan,78.251 km,06/2018,Automatik,Benzin,110 kW (150 PS),8l/100km,185g CO2/km (komb)*,25.089
Volkswagen,Golf Sportsvan,34.446 km,09/2018,Automatik,Benzin,81 kW (110 PS),8l/100km,185g CO2/km (komb)*,20.589
Volkswagen,Touran,44.784 km,07/2018,Automatik,Benzin,110 kW (150 PS),8l/100km,185g CO2/km (komb)*,28.289
Volkswagen,Touran,82.000 km,05/2018,Manuell,Benzin,110 kW (150 PS),8l/100km,185g CO2/km (komb)*,26.089
Fiat,500,35.400 km,11/2018,Manuell,Benzin,51 kW (69 PS),2l/100km,142g CO2/km (WLTP,12.689
Mercedes-Benz,GLA 180,51.761 km,07/2018,Automatik,Benzin,90 kW (122 PS),8l/100km,185g CO2/km (komb)*,24.349
Citroen,C4 Cactus,106.850 km,12/2018,Automatik,Benzin,81 kW (110 PS),8l/100km,185g CO2/km (komb)*,14.349
Mercedes-Benz,Sprinter,59.340 km,05/2018,Manuell,Diesel,120 kW (163 PS),7l/100km,186g CO2/km (komb)*,37.589
Renault,Scenic,65.000 km,07/2018,Manuell,Benzin,103 kW (140 PS),8l/100km,185g CO2/km (komb)*,15.449
Renault,Master,123.700 km,09/2018,Manuell,Diesel,92 kW (125 PS),0l/100km,0g CO2/km (WLTP,26.449
Dacia,Duster,27.797 km,09/2018,Automatik,Diesel,80 kW (109 PS),7l/100km,186g CO2/km (komb)*,19.849
Hyundai,Tucson,84.250 km,05/2018,Manuell,Benzin,97 kW (132 PS),8l/100km,185g CO2/km (komb)*,16.049
Seat,Leon,62.500 km,03/2018,Manuell,Benzin,110 kW (150 PS),8l/100km,185g CO2/km (komb)*,21.889
Alpine,SONSTIGE,20.400 km,12/2018,Automatik,Benzin,185 kW (252 PS),8l/100km,185g CO2/km (komb)*,55.149
Mazda,CX-3,86.800 km,03/2018,Automatik,Benzin,110 kW (150 PS),8l/100km,185g CO2/km (komb)*,19.149
Mini,Cooper Countryman,117.336 km,03/2018,Automatik,Benzin,170 kW (231 PS),8l/100km,185g CO2/km (komb)*,25.349
Mini,John Cooper Works Countryman,117.336 km,03/2018,Automatik,Benzin,170 kW (231 PS),8l/100km,185g CO2/km (komb)*,25.349
BMW,X5 M,124.800 km,03/2018,Automatik,Benzin,423 kW (575 PS),8l/100km,185g CO2/km (komb)*,42.349
Audi,RS6,140.375 km,02/2018,Automatik,Benzin,445 kW (605 PS),8l/100km,185g CO2/km (komb)*,62.949
Porsche,Cayenne,83.150 km,04/2018,Automatik,Benzin,404 kW (549 PS),8l/100km,185g CO2/km (komb)*,72.749
Mercedes-Benz,SONSTIGE,6.304 km,10/2018,Automatik,Diesel,130 kW (177 PS),0l/100km,0g CO2/km (WLTP,126.049
Renault,Master,87.000 km,06/2018,Manuell,Diesel,96 kW (131 PS),0l/100km,0g CO2/km (WLTP,40.249
Jeep,Compass,61.650 km,09/2018,Automatik,Benzin,125 kW (170 PS),9l/100km,160g CO2/km (komb)*,25.349
Jeep,Compass,53.000 km,02/2018,Automatik,Benzin,125 kW (170 PS),8l/100km,185g CO2/km (komb)*,23.249
Jeep,Compass,62.700 km,05/2018,Automatik,Benzin,125 kW (170 PS),8l/100km,185g CO2/km (komb)*,23.249
Jeep,Compass,87.800 km,11/2018,Automatik,Benzin,125 kW (170 PS),8l/100km,185g CO2/km (komb)*,23.249
Jeep,Compass,68.300 km,04/2018,Manuell,Benzin,103 kW (140 PS),8l/100km,185g CO2/km (komb)*,21.094
Mazda,MX-5,55.576 km,04/2018,Manuell,Benzin,96 kW (131 PS),8l/100km,185g CO2/km (komb)*,20.989
Kia,cee'd Sportswagon,41.600 km,09/2018,Automatik,Benzin,103 kW (140 PS),6l/100km,127g CO2/km (komb)*,19.049
BMW,X3,86.700 km,12/2018,Automatik,Diesel,195 kW (265 PS),7l/100km,186g CO2/km (komb)*,36.489
Opel,Combo,54.290 km,03/2018,Manuell,Diesel,77 kW (105 PS),7l/100km,186g CO2/km (komb)*,14.089
Fiat,Ducato,14.475 km,11/2018,Manuell,Diesel,109 kW (148 PS),7l/100km,186g CO2/km (komb)*,36.489
Ford,Transit Custom,69.913 km,09/2018,Manuell,Diesel,96 kW (131 PS),4l/100km,186g CO2/km (komb)*,23.249
Renault,Koleos,95.032 km,01/2018,Automatik,Diesel,130 kW (177 PS),7l/100km,186g CO2/km (komb)*,22.249
Ford,EcoSport,105.000 km,07/2018,Manuell,Benzin,103 kW (140 PS),8l/100km,119g CO2/km (komb)*,14.349
Ssangyong,Tivoli,31.900 km,07/2018,Manuell,Benzin,94 kW (128 PS),2l/100km,0g CO2/km (WLTP,13.249
BMW,X1,142.296 km,10/2018,Automatik,Benzin,141 kW (192 PS),8l/100km,185g CO2/km (komb)*,25.589
Ford,Transit,11.653 km,05/2018,Manuell,Diesel,96 kW (131 PS),7l/100km,186g CO2/km (komb)*,44.889
Ford,EcoSport,36.923 km,11/2018,Manuell,Benzin,92 kW (125 PS),8l/100km,185g CO2/km (komb)*,23.489
Skoda,Fabia,66.550 km,03/2018,Manuell,Benzin,70 kW (95 PS),3l/100km,99g CO2/km (komb)*,13.649
Mercedes-Benz,E 400,145.000 km,10/2018,Automatik,Diesel,250 kW (340 PS),8l/100km,152g CO2/km (komb)*,35.349
Ford,S-Max,92.854 km,12/2018,Automatik,Diesel,140 kW (190 PS),6l/100km,0g CO2/km (WLTP,23.849
Hyundai,i40,108.070 km,01/2018,Manuell,Benzin,99 kW (135 PS),1l/100km,145g CO2/km (komb)*,15.049
Ford,S-Max,132.595 km,06/2018,Automatik,Diesel,154 kW (209 PS),5l/100km,144g CO2/km (komb)*,22.749
Volkswagen,Passat Variant,113.593 km,06/2018,Automatik,Diesel,110 kW (150 PS),7l/100km,186g CO2/km (komb)*,19.049
Ford,Transit,52.710 km,09/2018,Manuell,Diesel,96 kW (131 PS),7l/100km,186g CO2/km (komb)*,26.049
Ford,Focus,53.100 km,02/2018,Manuell,Benzin,110 kW (150 PS),6l/100km,128g CO2/km (komb)*,17.049
Ford,EcoSport,83.110 km,10/2018,Manuell,Benzin,92 kW (125 PS),3l/100km,119g CO2/km (komb)*,15.549
Volkswagen,T6 Multivan,100.000 km,04/2018,Automatik,Diesel,150 kW (204 PS),7l/100km,186g CO2/km (komb)*,43.349
Mercedes-Benz,AMG GT R,4.000 km,04/2018,Automatik,Benzin,430 kW (585 PS),8l/100km,185g CO2/km (komb)*,161.249
Nissan,Qashqai,64.980 km,04/2018,Manuell,Benzin,120 kW (163 PS),8l/100km,134g CO2/km (komb)*,18.549
Hyundai,Santa Fe,95.100 km,04/2018,Manuell,Diesel,147 kW (200 PS),6l/100km,159g CO2/km (komb)*,24.449
Mazda,CX-5,95.951 km,06/2018,Automatik,Benzin,143 kW (194 PS),1l/100km,162g CO2/km (komb)*,23.849
Ford,Fiesta,43.131 km,04/2018,Manuell,Benzin,92 kW (125 PS),3l/100km,98g CO2/km (komb)*,16.049
Volvo,V40,61.000 km,03/2018,Manuell,Benzin,90 kW (122 PS),8l/100km,185g CO2/km (komb)*,15.949
Renault,Kadjar,91.300 km,06/2018,Automatik,Benzin,96 kW (131 PS),8l/100km,132g CO2/km (komb)*,17.949
Volkswagen,T-Roc,37.055 km,07/2018,Automatik,Benzin,140 kW (190 PS),7l/100km,152g CO2/km (komb)*,26.549
Ford,EcoSport,52.172 km,02/2018,Automatik,Benzin,92 kW (125 PS),8l/100km,134g CO2/km (komb)*,15.949
Ford,Kuga,67.779 km,09/2018,Automatik,Benzin,178 kW (242 PS),7l/100km,199g CO2/km (komb)*,24.349
Mazda,CX-5,109.547 km,03/2018,Automatik,Benzin,143 kW (194 PS),8l/100km,162g CO2/km (komb)*,24.149
Ford,Focus,64.977 km,09/2018,Automatik,Benzin,92 kW (125 PS),5l/100km,125g CO2/km (komb)*,16.949
Renault,Megane,47.770 km,03/2018,Manuell,Benzin,74 kW (101 PS),4l/100km,120g CO2/km (komb)*,15.049
Ford,Edge,117.284 km,07/2018,Automatik,Diesel,154 kW (209 PS),7l/100km,186g CO2/km (komb)*,26.549
Land Rover,Range Rover Velar,45.597 km,03/2018,Automatik,Benzin,280 kW (381 PS),8l/100km,214g CO2/km (komb)*,55.649
Mercedes-Benz,GLE 63 AMG,89.063 km,04/2018,Automatik,Benzin,410 kW (558 PS),9l/100km,282g CO2/km (komb)*,57.749
Mercedes-Benz,V 250,75.575 km,08/2018,Automatik,Diesel,140 kW (190 PS),6l/100km,159g CO2/km (komb)*,43.349
Kia,Sorento,116.240 km,11/2018,Automatik,Diesel,147 kW (200 PS),2l/100km,163g CO2/km (komb)*,27.349
Seat,Leon,109.200 km,05/2018,Manuell,Benzin,132 kW (180 PS),8l/100km,134g CO2/km (komb)*,17.049
Cadillac,XT5,73.100 km,06/2018,Automatik,Benzin,231 kW (314 PS),8l/100km,229g CO2/km (komb)*,26.449
Toyota,Proace,48.920 km,03/2018,Automatik,Diesel,130 kW (177 PS),7l/100km,186g CO2/km (komb)*,39.249
Land Rover,Discovery Sport,50.500 km,10/2018,Automatik,Benzin,177 kW (241 PS),8l/100km,191g CO2/km (komb)*,26.549
Volkswagen,Crafter,55.850 km,12/2018,Manuell,Diesel,130 kW (177 PS),7l/100km,186g CO2/km (komb)*,42.549
Kia,Sportage,80.825 km,04/2018,Manuell,Benzin,130 kW (177 PS),6l/100km,177g CO2/km (WLTP,19.949
Skoda,Rapid,107.193 km,12/2018,Manuell,Benzin,81 kW (110 PS),5l/100km,185g CO2/km (komb)*,13.549
Mazda,CX-3,105.000 km,02/2018,Manuell,Benzin,88 kW (120 PS),9l/100km,137g CO2/km (komb)*,15.949
Land Rover,Range Rover,97.325 km,04/2018,Automatik,Diesel,250 kW (340 PS),4l/100km,0g CO2/km (WLTP,62.849
Kia,Picanto,27.038 km,02/2018,Manuell,Benzin,62 kW (84 PS),5l/100km,114g CO2/km (komb)*,12.849
Renault,Twingo,88.580 km,12/2018,Automatik,Benzin,51 kW (69 PS),2l/100km,118g CO2/km (komb)*,11.749
Volkswagen,Arteon,139.900 km,02/2018,Automatik,Benzin,206 kW (280 PS),8l/100km,164g CO2/km (komb)*,26.449
Volkswagen,Tiguan,94.800 km,07/2018,Manuell,Benzin,110 kW (150 PS),8l/100km,132g CO2/km (komb)*,19.549
Audi,A3,107.692 km,01/2018,Manuell,Benzin,110 kW (150 PS),8l/100km,185g CO2/km (komb)*,19.749
Ford,Kuga,90.600 km,04/2018,Automatik,Benzin,178 kW (242 PS),1.000l/100km,199g CO2/km (komb)*,21.149
Ford,Focus,84.483 km,03/2018,Manuell,Benzin,110 kW (150 PS),8l/100km,185g CO2/km (komb)*,14.549
Hyundai,IONIQ,81.500 km,11/2018,Automatik,Elektro,88 kW (120 PS),,0g CO2/km (komb)*,17.549
Ford,EcoSport,22.169 km,09/2018,Automatik,Benzin,92 kW (125 PS),2l/100km,140g CO2/km (komb)*,17.049
Ford,Kuga,97.376 km,05/2018,Manuell,Benzin,110 kW (150 PS),8l/100km,185g CO2/km (komb)*,15.849
Land Rover,Discovery,90.968 km,09/2018,Automatik,Diesel,225 kW (306 PS),3l/100km,0g CO2/km (WLTP,38.649
Alfa,Romeo Stelvio,69.200 km,01/2018,Automatik,Benzin,375 kW (510 PS),8l/100km,210g CO2/km (komb)*,51.349
Mazda,3,141.050 km,07/2018,Manuell,Diesel,110 kW (150 PS),7l/100km,186g CO2/km (komb)*,14.549
Opel,Grandland X,81.587 km,03/2018,Manuell,Benzin,96 kW (131 PS),8l/100km,185g CO2/km (komb)*,14.749
Opel,Crossland X,98.787 km,01/2018,Manuell,Benzin,96 kW (131 PS),8l/100km,114g CO2/km (komb)*,14.049
Nissan,370Z,35.755 km,05/2018,Automatik,Benzin,241 kW (328 PS),9l/100km,254g CO2/km (komb)*,31.849
Mazda,MX-5,24.612 km,05/2018,Automatik,Benzin,118 kW (160 PS),8l/100km,185g CO2/km (komb)*,25.949
Mercedes-Benz,C 200,99.400 km,01/2018,Automatik,Benzin,135 kW (184 PS),6l/100km,136g CO2/km (komb)*,29.749
Opel,Corsa,112.000 km,04/2018,Manuell,Benzin,110 kW (150 PS),1l/100km,139g CO2/km (komb)*,13.449
Volkswagen,Touareg,99.880 km,08/2018,Automatik,Diesel,210 kW (286 PS),7l/100km,182g CO2/km (komb)*,39.149
Seat,Arona,69.673 km,08/2018,Manuell,Benzin,70 kW (95 PS),8l/100km,111g CO2/km (komb)*,15.949
Skoda,Octavia,98.271 km,11/2018,Automatik,Benzin,110 kW (150 PS),8l/100km,114g CO2/km (komb)*,19.049
BMW,X3,130.000 km,07/2018,Automatik,Diesel,195 kW (265 PS),7l/100km,186g CO2/km (komb)*,31.749
Audi,A3,80.000 km,05/2018,Automatik,Benzin,110 kW (150 PS),8l/100km,185g CO2/km (komb)*,23.149
Volkswagen,Caddy,88.933 km,04/2018,Automatik,Diesel,110 kW (150 PS),7l/100km,186g CO2/km (komb)*,29.349
Honda,Civic,63.695 km,04/2018,Manuell,Benzin,95 kW (129 PS),8l/100km,185g CO2/km (komb)*,17.949
Nissan,Juke,24.431 km,04/2018,Manuell,Benzin,160 kW (218 PS),8l/100km,165g CO2/km (komb)*,17.949
Mercedes-Benz,Sprinter,72.110 km,05/2018,Manuell,Diesel,105 kW (143 PS),4l/100km,0g CO2/km (WLTP,33.649
Audi,A8,100.000 km,05/2018,Automatik,Diesel,210 kW (286 PS),7l/100km,186g CO2/km (komb)*,47.749
Skoda,Kodiaq,83.427 km,05/2018,Manuell,Benzin,92 kW (125 PS),8l/100km,137g CO2/km (komb)*,20.149
Ford,Grand C-Max,59.500 km,06/2018,Manuell,Benzin,92 kW (125 PS),8l/100km,119g CO2/km (komb)*,20.149
Mercedes-Benz,GLC 350,135.500 km,04/2018,Automatik,Diesel,190 kW (258 PS),7l/100km,161g CO2/km (komb)*,38.149
Ford,Mustang,16.277 km,04/2018,Automatik,Benzin,331 kW (450 PS),8l/100km,285g CO2/km (komb)*,49.349
Audi,R8,35.500 km,05/2018,Automatik,Benzin,397 kW (540 PS),8l/100km,286g CO2/km (komb)*,126.849
Volkswagen,T-Roc,69.987 km,11/2018,Manuell,Benzin,110 kW (150 PS),8l/100km,120g CO2/km (komb)*,19.349
Volkswagen,T-Roc,119.433 km,05/2018,Automatik,Diesel,110 kW (150 PS),7l/100km,186g CO2/km (komb)*,24.049
Mercedes-Benz,A 220,76.500 km,11/2018,Automatik,Benzin,140 kW (190 PS),8l/100km,185g CO2/km (komb)*,25.849
Volvo,XC60,85.500 km,01/2018,Automatik,Benzin,184 kW (250 PS),8l/100km,185g CO2/km (komb)*,32.749
Audi,A4,53.337 km,01/2018,Automatik,Benzin,185 kW (252 PS),6l/100km,135g CO2/km (komb)*,29.749
Volkswagen,T6 Caravelle,39.385 km,11/2018,Manuell,Diesel,75 kW (102 PS),7l/100km,186g CO2/km (komb)*,35.949
Ford,Kuga,99.988 km,03/2018,Manuell,Benzin,88 kW (120 PS),8l/100km,185g CO2/km (komb)*,15.049
Volvo,XC60,75.500 km,10/2018,Automatik,Diesel,140 kW (190 PS),8l/100km,153g CO2/km (komb)*,36.549
Ford,Transit,111.623 km,08/2018,Manuell,Diesel,96 kW (131 PS),6l/100km,186g CO2/km (komb)*,31.449
Toyota,Proace,75.000 km,04/2018,Automatik,Diesel,130 kW (177 PS),2l/100km,163g CO2/km (komb)*,42.049
Ford,Kuga,139.990 km,03/2018,Automatik,Diesel,132 kW (180 PS),7l/100km,186g CO2/km (komb)*,16.949
Peugeot,308,33.233 km,04/2018,Manuell,Benzin,96 kW (131 PS),8l/100km,185g CO2/km (komb)*,17.049
Ford,Transit Custom,76.004 km,03/2018,Automatik,Diesel,96 kW (131 PS),7l/100km,181g CO2/km (komb)*,28.549
Mercedes-Benz,S 400,88.000 km,07/2018,Automatik,Diesel,250 kW (340 PS),7l/100km,186g CO2/km (komb)*,65.449
Renault,Megane,75.720 km,03/2018,Manuell,Benzin,97 kW (132 PS),8l/100km,185g CO2/km (komb)*,16.849
Audi,A4 Allroad,99.115 km,08/2018,Automatik,Diesel,140 kW (190 PS),7l/100km,186g CO2/km (komb)*,28.549
Ford,EcoSport,38.800 km,05/2018,Manuell,Benzin,103 kW (140 PS),8l/100km,119g CO2/km (komb)*,18.449
Cadillac,ATS,58.140 km,07/2018,Automatik,Benzin,203 kW (276 PS),8l/100km,204g CO2/km (komb)*,24.349
Kia,Sorento,79.574 km,02/2018,Automatik,Diesel,147 kW (200 PS),7l/100km,186g CO2/km (komb)*,28.049
Mini,One Clubman,64.718 km,08/2018,Automatik,Benzin,75 kW (102 PS),8l/100km,185g CO2/km (komb)*,17.849
Kia,Sportage,127.000 km,04/2018,Automatik,Diesel,136 kW (185 PS),7l/100km,186g CO2/km (komb)*,19.949
Ford,Transit Connect,71.397 km,10/2018,Automatik,Diesel,74 kW (101 PS),1l/100km,0g CO2/km (WLTP,22.149
Ford,Transit Custom,55.780 km,05/2018,Manuell,Diesel,96 kW (131 PS),6l/100km,171g CO2/km (komb)*,24.449
Ford,Edge,76.550 km,07/2018,Manuell,Diesel,132 kW (180 PS),8l/100km,154g CO2/km (komb)*,23.249
BMW,520,85.300 km,10/2018,Automatik,Diesel,140 kW (190 PS),7l/100km,186g CO2/km (komb)*,26.349
Ford,S-Max,92.854 km,12/2018,Automatik,Diesel,140 kW (190 PS),6l/100km,0g CO2/km (WLTP,27.449
Dacia,Duster,133.500 km,04/2018,Automatik,Diesel,80 kW (109 PS),5l/100km,116g CO2/km (komb)*,14.649
Hyundai,i40,108.070 km,01/2018,Manuell,Benzin,99 kW (135 PS),1l/100km,145g CO2/km (komb)*,15.349
Mercedes-Benz,CLA 180,91.924 km,02/2018,Automatik,Benzin,90 kW (122 PS),4l/100km,126g CO2/km (komb)*,20.990
Opel,Corsa,61.990 km,05/2018,Manuell,Benzin,74 kW (101 PS),6l/100km,128g CO2/km (komb)*,12.849
Volkswagen,Sharan,97.750 km,07/2018,Automatik,Benzin,110 kW (150 PS),8l/100km,185g CO2/km (komb)*,27.549
Ford,Mondeo,44.646 km,03/2018,Automatik,Diesel,132 kW (180 PS),7l/100km,186g CO2/km (komb)*,25.449
Hyundai,Santa Fe,93.190 km,02/2018,Automatik,Diesel,147 kW (200 PS),7l/100km,186g CO2/km (komb)*,25.349
Volvo,XC60,62.790 km,06/2018,Automatik,Benzin,184 kW (250 PS),8l/100km,185g CO2/km (komb)*,31.849
Ford,Kuga,91.080 km,04/2018,Manuell,Benzin,110 kW (150 PS),2l/100km,164g CO2/km (komb)*,18.849
Ford,Fiesta,67.941 km,05/2018,Manuell,Benzin,74 kW (101 PS),3l/100km,97g CO2/km (komb)*,16.949
Opel,Astra,69.500 km,02/2018,Manuell,Benzin,110 kW (150 PS),8l/100km,185g CO2/km (komb)*,14.749
Audi,A4,44.000 km,03/2018,Automatik,Benzin,110 kW (150 PS),8l/100km,185g CO2/km (komb)*,24.349
Renault,Talisman,97.350 km,06/2018,Automatik,Benzin,110 kW (150 PS),8l/100km,133g CO2/km (komb)*,16.949
Ford,Edge,90.000 km,11/2018,Automatik,Diesel,154 kW (209 PS),7l/100km,186g CO2/km (komb)*,23.349
Opel,Insignia,48.000 km,03/2018,Manuell,Benzin,121 kW (165 PS),8l/100km,185g CO2/km (komb)*,16.449
Ford,C-Max,92.000 km,07/2018,Manuell,Benzin,92 kW (125 PS),8l/100km,185g CO2/km (komb)*,18.049
Honda,CR-V,46.110 km,05/2018,Manuell,Benzin,114 kW (155 PS),8l/100km,185g CO2/km (komb)*,22.049
Volkswagen,Golf,60.347 km,09/2018,Manuell,Benzin,110 kW (150 PS),0l/100km,0g CO2/km (WLTP,20.049
Jaguar,XF,89.000 km,05/2018,Automatik,Diesel,177 kW (241 PS),8l/100km,153g CO2/km (komb)*,31.749
Renault,Megane,72.500 km,06/2018,Manuell,Benzin,97 kW (132 PS),8l/100km,185g CO2/km (komb)*,14.549
Volvo,XC60,79.800 km,06/2018,Automatik,Diesel,140 kW (190 PS),8l/100km,153g CO2/km (komb)*,34.949
Volkswagen,Touareg,76.697 km,09/2018,Automatik,Diesel,210 kW (286 PS),6l/100km,173g CO2/km (komb)*,56.549
Volkswagen,Touareg,76.697 km,09/2018,Automatik,Diesel,210 kW (286 PS),6l/100km,173g CO2/km (komb)*,52.149
Volkswagen,T6 Caravelle,39.385 km,11/2018,Manuell,Diesel,75 kW (102 PS),0l/100km,0g CO2/km (WLTP,36.949
Volkswagen,Passat Alltrack,64.485 km,08/2018,Automatik,Benzin,162 kW (220 PS),9l/100km,160g CO2/km (komb)*,29.349
Volkswagen,Golf,67.629 km,11/2018,Manuell,Diesel,85 kW (116 PS),94l/100km,0g CO2/km (WLTP,16.849
Renault,Scenic,134.677 km,07/2018,Automatik,Benzin,120 kW (163 PS),5l/100km,130g CO2/km (komb)*,15.949
Audi,A4,51.431 km,05/2018,Manuell,Benzin,110 kW (150 PS),5l/100km,131g CO2/km (komb)*,22.849
Ford,Focus,76.506 km,01/2018,Automatik,Benzin,92 kW (125 PS),5l/100km,125g CO2/km (komb)*,16.849
Skoda,Fabia,51.200 km,01/2018,Manuell,Benzin,81 kW (110 PS),0l/100km,0g CO2/km (WLTP,14.349
Jaguar,E-Pace,47.000 km,11/2018,Automatik,Diesel,132 kW (180 PS),6l/100km,158g CO2/km (komb)*,27.549
Jaguar,F-Pace,36.500 km,08/2018,Automatik,Diesel,177 kW (241 PS),3l/100km,166g CO2/km (komb)*,40.349
Volkswagen,Crafter,93.600 km,09/2018,Manuell,Diesel,103 kW (140 PS),7l/100km,186g CO2/km (komb)*,23.849
Volkswagen,Crafter,93.600 km,09/2018,Manuell,Diesel,103 kW (140 PS),7l/100km,186g CO2/km (komb)*,24.949
Renault,Trafic,98.657 km,01/2018,Manuell,Diesel,107 kW (146 PS),7l/100km,186g CO2/km (komb)*,24.349
Volkswagen,T-Roc,61.911 km,10/2018,Automatik,Benzin,140 kW (190 PS),8l/100km,152g CO2/km (komb)*,27.349
Mercedes-Benz,B 220,133.000 km,04/2018,Automatik,Diesel,130 kW (177 PS),1l/100km,107g CO2/km (komb)*,19.049
Dacia,Logan,112.800 km,07/2018,Manuell,Benzin,66 kW (90 PS),5l/100km,115g CO2/km (komb)*,10.849
Hyundai,i30,102.729 km,08/2018,Manuell,Benzin,88 kW (120 PS),8l/100km,115g CO2/km (komb)*,11.649
Mercedes-Benz,E 220,129.000 km,01/2018,Automatik,Diesel,143 kW (194 PS),4l/100km,106g CO2/km (komb)*,31.249
Ford,S-Max,80.000 km,05/2018,Automatik,Benzin,177 kW (241 PS),9l/100km,180g CO2/km (komb)*,23.349
Volkswagen,Golf Sportsvan,41.350 km,02/2018,Automatik,Benzin,96 kW (131 PS),8l/100km,116g CO2/km (komb)*,21.249
Mazda,CX-3,83.500 km,03/2018,Manuell,Benzin,110 kW (150 PS),4l/100km,150g CO2/km (komb)*,17.849
BMW,X5,83.500 km,09/2018,Automatik,Benzin,225 kW (306 PS),8l/100km,201g CO2/km (komb)*,47.649
Ford,Fiesta,99.623 km,06/2018,Manuell,Benzin,63 kW (86 PS),8l/100km,185g CO2/km (komb)*,10.949
Kia,Sorento,78.070 km,07/2018,Automatik,Diesel,147 kW (200 PS),6l/100km,0g CO2/km (WLTP,31.749
Land Rover,Range Rover Evoque,90.500 km,12/2018,Automatik,Diesel,110 kW (150 PS),2l/100km,164g CO2/km (komb)*,26.149
Mercedes-Benz,B 180,68.150 km,10/2018,Automatik,Benzin,90 kW (122 PS),7l/100km,153g CO2/km (komb)*,19.649
Peugeot,3008,74.200 km,09/2018,Automatik,Diesel,96 kW (131 PS),7l/100km,186g CO2/km (komb)*,21.249
Kia,Niro,133.259 km,04/2018,Automatik,Hybrid (Elektro / Benzin),104 kW (141 PS),4l/100km,101g CO2/km (komb)*,18.449
Kia,cee'd,127.440 km,10/2018,Manuell,Benzin,99 kW (135 PS),6l/100km,134g CO2/km (komb)*,13.249
Ford,S-Max,94.544 km,12/2018,Automatik,Diesel,140 kW (190 PS),6l/100km,0g CO2/km (WLTP,24.749
Skoda,Superb,89.333 km,06/2018,Manuell,Benzin,92 kW (125 PS),3l/100km,122g CO2/km (komb)*,19.049
Ford,Focus,30.160 km,03/2018,Manuell,Benzin,110 kW (150 PS),6l/100km,128g CO2/km (komb)*,19.649
Dacia,Duster,56.851 km,07/2018,Automatik,Diesel,80 kW (109 PS),5l/100km,116g CO2/km (komb)*,20.149
Opel,Insignia,79.000 km,08/2018,Automatik,Diesel,154 kW (209 PS),7l/100km,184g CO2/km (komb)*,30.749
Abarth,595,60.500 km,10/2018,Manuell,Benzin,107 kW (146 PS),8l/100km,185g CO2/km (komb)*,16.949
Mazda,CX-5,149.990 km,02/2018,Automatik,Benzin,143 kW (194 PS),8l/100km,185g CO2/km (komb)*,21.249
Renault,Captur,43.500 km,02/2018,Manuell,Benzin,66 kW (90 PS),1l/100km,121g CO2/km (komb)*,14.649
Ford,Mondeo,88.202 km,10/2018,Automatik,Benzin,118 kW (160 PS),5l/100km,152g CO2/km (komb)*,19.049
Peugeot,5008,69.000 km,10/2018,Automatik,Benzin,121 kW (165 PS),8l/100km,133g CO2/km (komb)*,22.849
Opel,Insignia,130.000 km,02/2018,Automatik,Benzin,191 kW (260 PS),9l/100km,203g CO2/km (komb)*,23.349
Hyundai,i30,53.500 km,06/2018,Manuell,Benzin,88 kW (120 PS),5l/100km,115g CO2/km (komb)*,14.349
Toyota,Mirai,122.881 km,01/2018,Automatik,Wasserstoff,113 kW (154 PS),,0g CO2/km (komb)*,23.249
Audi,SQ7,72.325 km,06/2018,Automatik,Diesel,320 kW (435 PS),6l/100km,199g CO2/km (komb)*,58.849
Land Rover,Range Rover Sport,95.300 km,07/2018,Automatik,Benzin,386 kW (525 PS),3l/100km,280g CO2/km (komb)*,60.849
Land Rover,Range Rover Sport,88.400 km,01/2018,Automatik,Benzin,386 kW (525 PS),8l/100km,294g CO2/km (komb)*,59.649
Land Rover,Discovery Sport,49.900 km,10/2018,Automatik,Diesel,177 kW (241 PS),8l/100km,181g CO2/km (komb)*,36.049
Ford,Fiesta,69.860 km,12/2018,Manuell,Benzin,74 kW (101 PS),0l/100km,0g CO2/km (WLTP,13.249
Seat,Leon,91.350 km,06/2018,Manuell,Benzin,132 kW (180 PS),8l/100km,134g CO2/km (komb)*,20.049
Jaguar,F-Pace,72.500 km,08/2018,Automatik,Diesel,221 kW (301 PS),3l/100km,166g CO2/km (komb)*,42.349
Jaguar,F-Pace,70.000 km,03/2018,Automatik,Diesel,221 kW (301 PS),3l/100km,166g CO2/km (komb)*,44.549
Jeep,Renegade,60.900 km,12/2018,Manuell,Benzin,88 kW (120 PS),1l/100km,139g CO2/km (komb)*,17.549
Volkswagen,T-Roc,88.717 km,08/2018,Automatik,Benzin,140 kW (190 PS),8l/100km,152g CO2/km (komb)*,23.249
Opel,Zafira,58.700 km,06/2018,Manuell,Benzin,103 kW (140 PS),8l/100km,185g CO2/km (komb)*,17.749
Ford,Focus,80.184 km,02/2018,Manuell,Benzin,92 kW (125 PS),7l/100km,108g CO2/km (komb)*,13.749
Ford,EcoSport,91.220 km,04/2018,Manuell,Benzin,92 kW (125 PS),5l/100km,114g CO2/km (komb)*,14.749
Jaguar,E-Pace,39.527 km,06/2018,Automatik,Diesel,132 kW (180 PS),6l/100km,0g CO2/km (WLTP,27.449
Ford,S-Max,55.464 km,10/2018,Automatik,Diesel,140 kW (190 PS),5l/100km,0g CO2/km (WLTP,25.449
Mitsubishi,Eclipse,45.829 km,06/2018,Manuell,Benzin,120 kW (163 PS),0l/100km,0g CO2/km (WLTP,19.649
Mazda,6,108.385 km,05/2018,Manuell,Benzin,121 kW (165 PS),0l/100km,0g CO2/km (WLTP,18.949
Land Rover,Discovery,82.438 km,10/2018,Automatik,Diesel,225 kW (306 PS),0l/100km,0g CO2/km (WLTP,42.449
Skoda,Octavia,76.900 km,08/2018,Automatik,Benzin,132 kW (180 PS),0l/100km,0g CO2/km (WLTP,25.449
Opel,Vivaro,138.699 km,12/2018,Manuell,Diesel,70 kW (95 PS),1l/100km,160g CO2/km (komb)*,19.149
BMW,225,75.600 km,10/2018,Automatik,Hybrid (Elektro / Benzin),165 kW (224 PS),8l/100km,85g CO2/km (komb)*,17.849
Hyundai,i30,86.441 km,05/2018,Manuell,Benzin,202 kW (275 PS),1l/100km,163g CO2/km (komb)*,23.249
Volvo,XC60,132.050 km,12/2018,Automatik,Diesel,140 kW (190 PS),7l/100km,186g CO2/km (komb)*,27.549
Volkswagen,Caddy,100.000 km,04/2018,Automatik,Diesel,75 kW (102 PS),7l/100km,186g CO2/km (komb)*,17.949
Volkswagen,Caddy,58.800 km,10/2018,Manuell,Diesel,75 kW (102 PS),7l/100km,186g CO2/km (komb)*,18.949
Volkswagen,Caddy,51.200 km,10/2018,Manuell,Diesel,75 kW (102 PS),7l/100km,186g CO2/km (komb)*,18.949
Ford,EcoSport,40.500 km,09/2018,Manuell,Benzin,92 kW (125 PS),8l/100km,185g CO2/km (komb)*,18.049
Mazda,3,43.350 km,09/2018,Manuell,Benzin,88 kW (120 PS),8l/100km,185g CO2/km (komb)*,16.949
Opel,Mokka,125.429 km,06/2018,Automatik,Benzin,103 kW (140 PS),8l/100km,185g CO2/km (komb)*,13.849
Opel,Astra,117.000 km,01/2018,Manuell,Benzin,92 kW (125 PS),8l/100km,185g CO2/km (komb)*,13.849
Ford,Grand C-Max,41.000 km,12/2018,Automatik,Benzin,110 kW (150 PS),8l/100km,185g CO2/km (komb)*,20.149
Ford,Ka / Ka+,47.500 km,01/2018,Manuell,Benzin,63 kW (86 PS),8l/100km,185g CO2/km (komb)*,11.849
Ford,EcoSport,48.300 km,07/2018,Manuell,Benzin,92 kW (125 PS),8l/100km,185g CO2/km (komb)*,18.049
BMW,X3,53.000 km,06/2018,Automatik,Benzin,135 kW (184 PS),8l/100km,185g CO2/km (komb)*,31.749
BMW,320,103.840 km,08/2018,Automatik,Diesel,140 kW (190 PS),8l/100km,127g CO2/km (komb)*,24.949
Ford,C-Max,58.132 km,10/2018,Manuell,Benzin,92 kW (125 PS),8l/100km,131g CO2/km (WLTP,16.549
Opel,Crossland X,16.600 km,06/2018,Manuell,Benzin,96 kW (131 PS),5l/100km,114g CO2/km (komb)*,16.549
Volkswagen,Touareg,76.697 km,09/2018,Automatik,Diesel,210 kW (286 PS),6l/100km,173g CO2/km (komb)*,49.049
Jaguar,XE,67.350 km,09/2018,Automatik,Benzin,147 kW (200 PS),8l/100km,178g CO2/km (komb)*,24.949
Jaguar,E-Pace,19.990 km,11/2018,Automatik,Benzin,147 kW (200 PS),8l/100km,182g CO2/km (komb)*,33.849
Jaguar,I-Pace,66.800 km,07/2018,Automatik,Elektro,294 kW (400 PS),,0g CO2/km (WLTP,36.649
Volkswagen,Polo,84.749 km,12/2018,Manuell,Benzin,48 kW (65 PS),8l/100km,108g CO2/km (komb)*,13.049
Fiat,500,28.300 km,03/2018,Manuell,Benzin,51 kW (69 PS),8l/100km,111g CO2/km (komb)*,11.949
Jaguar,E-Pace,36.500 km,12/2018,Automatik,Benzin,183 kW (249 PS),3l/100km,189g CO2/km (komb)*,32.749
Audi,Q3,61.100 km,03/2018,Automatik,Benzin,110 kW (150 PS),8l/100km,185g CO2/km (komb)*,22.949
Volkswagen,Passat Variant,47.900 km,02/2018,Automatik,Hybrid (Elektro / Benzin),160 kW (218 PS),7l/100km,38g CO2/km (komb)*,30.749
Volkswagen,Tiguan,40.080 km,02/2018,Manuell,Benzin,110 kW (150 PS),0l/100km,0g CO2/km (WLTP,28.249
Opel,Grandland X,32.000 km,01/2018,Automatik,Benzin,96 kW (131 PS),0l/100km,0g CO2/km (WLTP,19.949
Volkswagen,Golf,120.389 km,11/2018,Manuell,Diesel,85 kW (116 PS),2l/100km,109g CO2/km (komb)*,17.049
Seat,Leon,108.000 km,08/2018,Manuell,Benzin,110 kW (150 PS),8l/100km,114g CO2/km (komb)*,15.349
Volkswagen,Touran,73.500 km,11/2018,Manuell,Benzin,110 kW (150 PS),8l/100km,185g CO2/km (komb)*,21.849
BMW,X5,146.000 km,04/2018,Automatik,Diesel,230 kW (313 PS),9l/100km,183g CO2/km (komb)*,36.649
Opel,Insignia,143.000 km,05/2018,Automatik,Diesel,154 kW (209 PS),7l/100km,186g CO2/km (komb)*,18.749
Hyundai,i30,80.222 km,10/2018,Manuell,Benzin,103 kW (140 PS),8l/100km,185g CO2/km (komb)*,17.349
Ssangyong,REXTON,74.954 km,05/2018,Automatik,Diesel,133 kW (181 PS),7l/100km,186g CO2/km (komb)*,23.349
Land Rover,Range Rover Evoque,32.915 km,06/2018,Automatik,Diesel,110 kW (150 PS),7l/100km,186g CO2/km (komb)*,31.149
Volkswagen,T6 SONSTIGE,90.000 km,04/2018,Automatik,Diesel,110 kW (150 PS),7l/100km,186g CO2/km (komb)*,34.949
Opel,Insignia CT,142.500 km,01/2018,Automatik,Benzin,191 kW (260 PS),8l/100km,185g CO2/km (komb)*,20.849
Mercedes-Benz,E 250,65.234 km,01/2018,Automatik,Benzin,155 kW (211 PS),8l/100km,185g CO2/km (komb)*,30.049
Nissan,Qashqai,67.807 km,10/2018,Manuell,Benzin,85 kW (116 PS),8l/100km,185g CO2/km (komb)*,16.949
Seat,Leon,54.461 km,08/2018,Manuell,Benzin,81 kW (110 PS),8l/100km,185g CO2/km (komb)*,12.549
Ford,Edge,99.141 km,06/2018,Automatik,Diesel,154 kW (209 PS),7l/100km,186g CO2/km (komb)*,26.549
Ford,Focus,55.400 km,12/2018,Manuell,Benzin,134 kW (182 PS),8l/100km,185g CO2/km (komb)*,23.849
Opel,Astra,76.145 km,10/2018,Manuell,Benzin,77 kW (105 PS),6l/100km,107g CO2/km (komb)*,13.949
Kia,Stonic,42.620 km,08/2018,Manuell,Benzin,74 kW (101 PS),5l/100km,115g CO2/km (komb)*,15.949
Ford,EcoSport,73.550 km,05/2018,Manuell,Benzin,92 kW (125 PS),8l/100km,185g CO2/km (komb)*,13.049
Hyundai,Tucson,41.000 km,01/2018,Manuell,Benzin,130 kW (177 PS),3l/100km,0g CO2/km (WLTP,18.549
Opel,Astra,90.215 km,11/2018,Manuell,Diesel,81 kW (110 PS),7l/100km,186g CO2/km (komb)*,11.449
Skoda,Octavia,84.622 km,05/2018,Automatik,Benzin,132 kW (180 PS),8l/100km,185g CO2/km (komb)*,20.149
Renault,Trafic,61.580 km,05/2018,Manuell,Diesel,92 kW (125 PS),7l/100km,186g CO2/km (komb)*,23.649
Volkswagen,T6 Multivan,85.779 km,08/2018,Automatik,Diesel,150 kW (204 PS),6l/100km,186g CO2/km (komb)*,41.349
Lexus,RX 300,51.278 km,03/2018,Automatik,Benzin,175 kW (238 PS),6l/100km,245g CO2/km (komb)*,42.449
Land Rover,Discovery Sport,150.000 km,04/2018,Automatik,Diesel,132 kW (180 PS),3l/100km,139g CO2/km (komb)*,21.149
Porsche,991,17.450 km,05/2018,Automatik,Benzin,368 kW (500 PS),7l/100km,288g CO2/km (komb)*,169.549
Volkswagen,Touareg,90.000 km,10/2018,Automatik,Diesel,210 kW (286 PS),6l/100km,173g CO2/km (komb)*,44.049
Peugeot,5008,150.000 km,10/2018,Manuell,Diesel,96 kW (131 PS),2l/100km,109g CO2/km (komb)*,15.949
Opel,Crossland X,95.000 km,06/2018,Manuell,Benzin,96 kW (131 PS),5l/100km,114g CO2/km (komb)*,11.949
Volkswagen,Golf Sportsvan,87.740 km,02/2018,Automatik,Benzin,96 kW (131 PS),1l/100km,116g CO2/km (komb)*,18.649
Volkswagen,Golf Sportsvan,84.450 km,10/2018,Manuell,Benzin,63 kW (86 PS),0l/100km,0g CO2/km (WLTP,15.849
Opel,Corsa,62.600 km,05/2018,Manuell,Benzin,66 kW (90 PS),8l/100km,185g CO2/km (komb)*,12.649
Opel,Grandland X,78.411 km,03/2018,Manuell,Diesel,88 kW (120 PS),0l/100km,0g CO2/km (WLTP,19.949
Opel,Grandland X,40.944 km,04/2018,Manuell,Benzin,96 kW (131 PS),0l/100km,0g CO2/km (WLTP,20.049
Ford,Kuga,60.075 km,09/2018,Manuell,Benzin,110 kW (150 PS),2l/100km,164g CO2/km (komb)*,19.149
Honda,Jazz,53.025 km,12/2018,Manuell,Benzin,75 kW (102 PS),1l/100km,117g CO2/km (komb)*,13.549
Mercedes-Benz,A 180,38.720 km,11/2018,Manuell,Benzin,100 kW (136 PS),8l/100km,185g CO2/km (komb)*,23.349
Ford,EcoSport,57.600 km,06/2018,Manuell,Benzin,103 kW (140 PS),8l/100km,185g CO2/km (komb)*,16.049
Skoda,Octavia,73.128 km,07/2018,Automatik,Benzin,169 kW (230 PS),6l/100km,149g CO2/km (komb)*,25.449
Mercedes-Benz,E 250,115.088 km,02/2018,Automatik,Benzin,155 kW (211 PS),2l/100km,140g CO2/km (komb)*,28.649
Volkswagen,Golf Sportsvan,48.233 km,11/2018,Manuell,Benzin,96 kW (131 PS),1l/100km,116g CO2/km (komb)*,18.549
Volkswagen,Golf Sportsvan,48.341 km,12/2018,Automatik,Benzin,96 kW (131 PS),8l/100km,185g CO2/km (komb)*,20.149
Seat,Leon,119.500 km,12/2018,Automatik,Benzin,140 kW (190 PS),8l/100km,185g CO2/km (komb)*,18.849
Porsche,Panamera,67.000 km,07/2018,Automatik,Benzin,324 kW (441 PS),1l/100km,184g CO2/km (komb)*,68.449
BMW,440,89.900 km,02/2018,Automatik,Benzin,240 kW (326 PS),3l/100km,0g CO2/km (WLTP,34.849
Ford,Fiesta,52.907 km,07/2018,Manuell,Benzin,74 kW (101 PS),8l/100km,185g CO2/km (komb)*,13.049
Audi,Q8,97.475 km,12/2018,Automatik,Diesel,273 kW (371 PS),7l/100km,186g CO2/km (komb)*,55.449
Audi,A3,79.100 km,09/2018,Automatik,Benzin,110 kW (150 PS),8l/100km,185g CO2/km (komb)*,24.349
Audi,S5,109.700 km,04/2018,Automatik,Benzin,260 kW (354 PS),9l/100km,179g CO2/km (komb)*,36.949
Skoda,Fabia,66.200 km,11/2018,Manuell,Benzin,81 kW (110 PS),6l/100km,105g CO2/km (komb)*,13.949
Ford,Grand Tourneo Connect,113.800 km,12/2018,Manuell,Diesel,88 kW (120 PS),5l/100km,119g CO2/km (komb)*,21.149
Opel,Crossland X,114.000 km,12/2018,Manuell,Benzin,81 kW (110 PS),8l/100km,185g CO2/km (komb)*,13.549
Opel,Crossland X,87.270 km,03/2018,Manuell,Benzin,96 kW (131 PS),8l/100km,185g CO2/km (komb)*,12.049
Volkswagen,Passat Variant,119.232 km,02/2018,Automatik,Benzin,132 kW (180 PS),8l/100km,185g CO2/km (komb)*,18.849
Volkswagen,Touran,120.959 km,04/2018,Automatik,Benzin,110 kW (150 PS),4l/100km,126g CO2/km (komb)*,22.249
Ford,SONSTIGE,90.840 km,08/2018,Manuell,Diesel,74 kW (101 PS),7l/100km,186g CO2/km (komb)*,13.549
Mazda,6,79.332 km,12/2018,Automatik,Benzin,143 kW (194 PS),8l/100km,185g CO2/km (komb)*,25.449
Ford,Grand C-Max,130.000 km,10/2018,Manuell,Diesel,110 kW (150 PS),6l/100km,146g CO2/km (komb)*,12.449
Renault,Clio,98.000 km,11/2018,Manuell,Diesel,66 kW (90 PS),3l/100km,129g CO2/km (komb)*,9.949
Land Rover,Range Rover Sport,45.722 km,05/2018,Automatik,Diesel,225 kW (306 PS),7l/100km,186g CO2/km (komb)*,51.449
Skoda,Karoq,62.000 km,02/2018,Automatik,Benzin,110 kW (150 PS),4l/100km,0g CO2/km (WLTP,23.249
Jaguar,F-Pace,74.355 km,09/2018,Automatik,Diesel,132 kW (180 PS),3l/100km,139g CO2/km (komb)*,31.249
Fiat,Talento,111.068 km,06/2018,Manuell,Diesel,70 kW (95 PS),5l/100km,170g CO2/km (komb)*,13.549
Seat,Leon,63.451 km,08/2018,Manuell,Benzin,110 kW (150 PS),8l/100km,114g CO2/km (komb)*,18.549
Mini,Cooper,39.300 km,04/2018,Automatik,Benzin,141 kW (192 PS),8l/100km,185g CO2/km (komb)*,22.249
Mitsubishi,Outlander,30.300 km,09/2018,Manuell,Benzin,110 kW (150 PS),7l/100km,159g CO2/km (komb)*,22.349
Volvo,XC90,96.936 km,04/2018,Automatik,Diesel,173 kW (235 PS),7l/100km,149g CO2/km (komb)*,40.040
Alfa,Romeo Stelvio,133.758 km,06/2018,Automatik,Benzin,206 kW (280 PS),7l/100km,161g CO2/km (komb)*,27.549
Kia,cee'd,80.840 km,07/2018,Manuell,Benzin,103 kW (140 PS),8l/100km,185g CO2/km (komb)*,16.949
Seat,Leon,127.409 km,08/2018,Manuell,Benzin,92 kW (125 PS),8l/100km,185g CO2/km (komb)*,11.549
Seat,Leon,142.578 km,08/2018,Manuell,Benzin,92 kW (125 PS),8l/100km,185g CO2/km (komb)*,11.249
Toyota,Aygo,96.887 km,07/2018,Manuell,Benzin,51 kW (69 PS),1l/100km,95g CO2/km (komb)*,9.049
Skoda,Fabia,37.768 km,03/2018,Manuell,Benzin,55 kW (75 PS),8l/100km,185g CO2/km (komb)*,13.549
Mazda,3,26.527 km,01/2018,Manuell,Benzin,88 kW (120 PS),8l/100km,185g CO2/km (komb)*,16.949
Ford,Transit,70.000 km,12/2018,Manuell,Diesel,125 kW (170 PS),6l/100km,186g CO2/km (komb)*,19.049
BMW,530,115.000 km,01/2018,Automatik,Diesel,195 kW (265 PS),7l/100km,186g CO2/km (komb)*,31.749
Renault,Clio,57.594 km,06/2018,Manuell,Benzin,54 kW (73 PS),8l/100km,185g CO2/km (komb)*,12.549
Jaguar,XE,130.000 km,08/2018,Manuell,Diesel,132 kW (180 PS),9l/100km,128g CO2/km (komb)*,15.849
Jaguar,XF,90.325 km,08/2018,Automatik,Diesel,177 kW (241 PS),8l/100km,153g CO2/km (komb)*,31.649
Mercedes-Benz,C 43 AMG,124.920 km,07/2018,Automatik,Benzin,270 kW (367 PS),3l/100km,190g CO2/km (komb)*,40.249
Mercedes-Benz,C 200,53.894 km,08/2018,Automatik,Benzin,135 kW (184 PS),8l/100km,185g CO2/km (komb)*,33.949
Peugeot,308,48.750 km,05/2018,Manuell,Benzin,96 kW (131 PS),8l/100km,185g CO2/km (komb)*,15.449
Ford,Ranger,146.215 km,10/2018,Automatik,Diesel,147 kW (200 PS),7l/100km,186g CO2/km (komb)*,27.549
Volkswagen,Caddy,91.100 km,09/2018,Manuell,Diesel,75 kW (102 PS),7l/100km,186g CO2/km (komb)*,17.549
Ford,EcoSport,38.000 km,09/2018,Manuell,Benzin,92 kW (125 PS),8l/100km,185g CO2/km (komb)*,16.549
Opel,Corsa,75.880 km,03/2018,Manuell,Benzin,66 kW (90 PS),8l/100km,185g CO2/km (komb)*,10.849
Ford,Focus,67.500 km,04/2018,Manuell,Benzin,110 kW (150 PS),8l/100km,185g CO2/km (komb)*,16.449
Skoda,Rapid,81.492 km,10/2018,Manuell,Benzin,70 kW (95 PS),8l/100km,185g CO2/km (komb)*,13.549
Opel,Grandland X,94.400 km,06/2018,Automatik,Benzin,96 kW (131 PS),8l/100km,185g CO2/km (komb)*,16.049
Renault,Twingo,23.998 km,07/2018,Manuell,Benzin,51 kW (69 PS),5l/100km,125g CO2/km (komb)*,10.049
Mazda,3,31.180 km,05/2018,Manuell,Benzin,88 kW (120 PS),8l/100km,185g CO2/km (komb)*,17.549
Mazda,CX-3,94.268 km,04/2018,Manuell,Benzin,88 kW (120 PS),8l/100km,185g CO2/km (komb)*,15.949
Ford,Focus,72.657 km,07/2018,Manuell,Benzin,134 kW (182 PS),0l/100km,0g CO2/km (WLTP,20.749
Renault,ZOE,53.500 km,09/2018,Automatik,Elektro,43 kW (58 PS),,0g CO2/km (WLTP,11.349
Opel,Zafira,111.458 km,10/2018,Automatik,Diesel,96 kW (131 PS),7l/100km,183g CO2/km (komb)*,21.249
Hyundai,i30,60.525 km,08/2018,Manuell,Benzin,88 kW (120 PS),8l/100km,185g CO2/km (komb)*,16.449
Volvo,V60,76.000 km,07/2018,Automatik,Benzin,112 kW (152 PS),8l/100km,185g CO2/km (komb)*,21.449
Ford,Grand C-Max,94.650 km,04/2018,Automatik,Benzin,110 kW (150 PS),8l/100km,185g CO2/km (komb)*,16.349
Ford,Focus,69.459 km,08/2018,Manuell,Benzin,92 kW (125 PS),8l/100km,185g CO2/km (komb)*,13.949
Renault,ZOE,78.000 km,03/2018,Automatik,Elektro,43 kW (58 PS),,0g CO2/km (WLTP,10.249
Volvo,V90 Cross Country,123.500 km,04/2018,Automatik,Diesel,173 kW (235 PS),7l/100km,186g CO2/km (komb)*,29.749
Audi,Q2,118.819 km,07/2018,Automatik,Diesel,110 kW (150 PS),8l/100km,125g CO2/km (komb)*,21.749
Land Rover,Discovery,96.352 km,10/2018,Automatik,Diesel,177 kW (241 PS),4l/100km,226g CO2/km (komb)*,29.749
Ford,Focus,41.200 km,11/2018,Automatik,Benzin,110 kW (150 PS),8l/100km,185g CO2/km (komb)*,22.249
Mercedes-Benz,GLE 350,129.917 km,12/2018,Automatik,Diesel,190 kW (258 PS),4l/100km,169g CO2/km (komb)*,41.349
Opel,Adam,44.600 km,10/2018,Manuell,Benzin,51 kW (69 PS),6l/100km,128g CO2/km (komb)*,11.949
Audi,A6,52.000 km,07/2018,Automatik,Benzin,140 kW (190 PS),8l/100km,185g CO2/km (komb)*,27.549
Opel,Karl,61.329 km,08/2018,Manuell,Benzin,54 kW (73 PS),2l/100km,118g CO2/km (komb)*,11.049
Hyundai,Kona,38.327 km,09/2018,Manuell,Benzin,88 kW (120 PS),4l/100km,125g CO2/km (komb)*,16.849
Seat,Leon,54.461 km,07/2018,Manuell,Benzin,81 kW (110 PS),8l/100km,140g CO2/km (komb)*,12.849
Skoda,Fabia,71.000 km,12/2018,Manuell,Benzin,70 kW (95 PS),0l/100km,0g CO2/km (WLTP,12.749
Ssangyong,XLV,60.980 km,11/2018,Manuell,Diesel,85 kW (116 PS),7l/100km,186g CO2/km (komb)*,12.049
Alpine,SONSTIGE,21.000 km,08/2018,Automatik,Benzin,185 kW (252 PS),2l/100km,162g CO2/km (komb)*,63.049
Mercedes-Benz,GLC 250,42.000 km,01/2018,Automatik,Benzin,155 kW (211 PS),8l/100km,185g CO2/km (komb)*,34.549
Volkswagen,up!,35.000 km,04/2018,Automatik,Elektro,60 kW (82 PS),,0g CO2/km (komb)*,11.049
Mercedes-Benz,GLC 350,87.227 km,05/2018,Automatik,Hybrid (Elektro / Benzin),155 kW (211 PS),8l/100km,85g CO2/km (komb)*,37.249
Seat,Leon,139.648 km,07/2018,Manuell,Benzin,92 kW (125 PS),8l/100km,185g CO2/km (komb)*,11.249
Seat,Leon,116.103 km,07/2018,Manuell,Benzin,92 kW (125 PS),8l/100km,185g CO2/km (komb)*,11.749
Seat,Leon,79.646 km,07/2018,Manuell,Benzin,92 kW (125 PS),8l/100km,185g CO2/km (komb)*,12.549
Seat,Leon,102.260 km,08/2018,Manuell,Benzin,92 kW (125 PS),8l/100km,185g CO2/km (komb)*,12.049
Seat,Leon,105.653 km,08/2018,Manuell,Benzin,92 kW (125 PS),8l/100km,185g CO2/km (komb)*,12.049
Seat,Leon,114.607 km,08/2018,Manuell,Diesel,85 kW (116 PS),7l/100km,186g CO2/km (komb)*,11.249
Seat,Leon,130.353 km,08/2018,Manuell,Diesel,85 kW (116 PS),7l/100km,186g CO2/km (komb)*,11.249
Seat,Leon,147.589 km,08/2018,Manuell,Diesel,85 kW (116 PS),7l/100km,186g CO2/km (komb)*,11.249
Seat,Leon,124.997 km,08/2018,Manuell,Diesel,85 kW (116 PS),7l/100km,186g CO2/km (komb)*,11.249
Seat,Leon,103.510 km,07/2018,Manuell,Benzin,92 kW (125 PS),8l/100km,185g CO2/km (komb)*,12.049
Seat,Leon,131.622 km,08/2018,Manuell,Benzin,92 kW (125 PS),8l/100km,185g CO2/km (komb)*,11.249
Seat,Leon,134.934 km,07/2018,Manuell,Benzin,92 kW (125 PS),8l/100km,185g CO2/km (komb)*,11.249
Seat,Leon,137.240 km,08/2018,Manuell,Diesel,85 kW (116 PS),7l/100km,186g CO2/km (komb)*,11.249
Seat,Leon,91.340 km,08/2018,Manuell,Benzin,92 kW (125 PS),8l/100km,185g CO2/km (komb)*,12.249
Ford,S-Max,70.511 km,07/2018,Automatik,Diesel,110 kW (150 PS),2l/100km,134g CO2/km (komb)*,21.749
Seat,Leon,144.538 km,08/2018,Manuell,Benzin,81 kW (110 PS),8l/100km,185g CO2/km (komb)*,10.249
Seat,Leon,119.752 km,08/2018,Manuell,Benzin,81 kW (110 PS),8l/100km,185g CO2/km (komb)*,10.549
Renault,ZOE,45.005 km,11/2018,Automatik,Elektro,43 kW (58 PS),,0g CO2/km (komb)*,13.049
Renault,Captur,54.666 km,03/2018,Manuell,Benzin,66 kW (90 PS),8l/100km,185g CO2/km (komb)*,13.949
Mercedes-Benz,E 350,67.000 km,09/2018,Automatik,Benzin,220 kW (299 PS),8l/100km,155g CO2/km (komb)*,32.949
Mercedes-Benz,GLA 180,51.200 km,06/2018,Automatik,Benzin,90 kW (122 PS),8l/100km,185g CO2/km (komb)*,23.249
Dodge,RAM,102.700 km,07/2018,Automatik,Autogas,295 kW (401 PS),,96g CO2/km (komb)*,40.149
Volkswagen,Polo,117.521 km,07/2018,Manuell,Benzin,70 kW (95 PS),8l/100km,185g CO2/km (komb)*,14.049
Volkswagen,Crafter,67.011 km,11/2018,Manuell,Diesel,103 kW (140 PS),7l/100km,186g CO2/km (komb)*,25.149
Volkswagen,Golf Sportsvan,55.260 km,05/2018,Automatik,Benzin,92 kW (125 PS),2l/100km,121g CO2/km (komb)*,19.049
Dacia,Sandero,64.525 km,06/2018,Manuell,Autogas,66 kW (90 PS),,120g CO2/km (komb)*,10.949
Ford,Tourneo Courier,95.950 km,10/2018,Manuell,Benzin,74 kW (101 PS),3l/100km,120g CO2/km (komb)*,14.049
Kia,Rio,53.567 km,02/2020,Automatik,Benzin,88 kW (120 PS),8l/100km,107g CO2/km (komb)*,18.448
Jaguar,E-Pace,43.195 km,11/2020,Automatik,Benzin,183 kW (249 PS),8l/100km,174g CO2/km (komb)*,34.948
Dacia,Logan,62.025 km,08/2020,Manuell,Benzin,66 kW (90 PS),8l/100km,185g CO2/km (komb)*,13.948
Renault,Megane,62.795 km,01/2020,Manuell,Benzin,103 kW (140 PS),8l/100km,117g CO2/km (komb)*,16.548
Mercedes-Benz,E 220,56.270 km,07/2020,Automatik,Diesel,143 kW (194 PS),7l/100km,186g CO2/km (komb)*,41.348
Hyundai,Kona,68.390 km,10/2020,Manuell,Benzin,88 kW (120 PS),0l/100km,137g CO2/km (WLTP,17.948
Renault,Espace,62.590 km,12/2020,Automatik,Benzin,165 kW (224 PS),0l/100km,197g CO2/km (WLTP,30.648
Land Rover,Discovery Sport,85.869 km,12/2020,Automatik,Diesel,132 kW (180 PS),7l/100km,186g CO2/km (komb)*,31.548
Land Rover,Range Rover Evoque,89.684 km,10/2020,Automatik,Diesel,132 kW (180 PS),7l/100km,186g CO2/km (komb)*,33.848
Mercedes-Benz,E 220,36.458 km,04/2020,Automatik,Diesel,143 kW (194 PS),7l/100km,186g CO2/km (komb)*,43.049
Mercedes-Benz,E 220,29.693 km,04/2020,Automatik,Diesel,143 kW (194 PS),7l/100km,186g CO2/km (komb)*,43.049
Land Rover,Discovery Sport,51.490 km,10/2020,Automatik,Diesel,177 kW (241 PS),7l/100km,169g CO2/km (komb)*,39.148
Ford,Focus,92.971 km,11/2020,Automatik,Benzin,92 kW (125 PS),6l/100km,149g CO2/km (WLTP,18.089
Volkswagen,T6 Multivan,88.505 km,06/2020,Automatik,Diesel,110 kW (150 PS),7l/100km,186g CO2/km (komb)*,43.049
Volkswagen,Passat Variant,84.586 km,11/2020,Automatik,Diesel,140 kW (190 PS),9l/100km,0g CO2/km (WLTP,27.049
Volkswagen,Passat Variant,85.847 km,12/2020,Automatik,Diesel,140 kW (190 PS),9l/100km,0g CO2/km (WLTP,27.049
Volkswagen,Passat Variant,90.972 km,10/2020,Automatik,Diesel,140 kW (190 PS),9l/100km,155g CO2/km (WLTP,27.849
Volkswagen,Passat Variant,72.370 km,11/2020,Automatik,Diesel,140 kW (190 PS),9l/100km,0g CO2/km (WLTP,27.049
Volkswagen,Passat Variant,81.744 km,09/2020,Automatik,Diesel,140 kW (190 PS),9l/100km,155g CO2/km (WLTP,27.849
Volkswagen,Passat Variant,84.586 km,10/2020,Automatik,Diesel,140 kW (190 PS),9l/100km,155g CO2/km (WLTP,27.849
Volkswagen,Passat Variant,72.370 km,10/2020,Automatik,Diesel,140 kW (190 PS),9l/100km,155g CO2/km (WLTP,27.849
Volkswagen,Passat Variant,85.847 km,11/2020,Automatik,Diesel,140 kW (190 PS),9l/100km,155g CO2/km (WLTP,27.849
Volkswagen,Passat Variant,85.621 km,10/2020,Automatik,Diesel,140 kW (190 PS),9l/100km,155g CO2/km (WLTP,27.849
Volkswagen,Passat Variant,94.652 km,10/2020,Automatik,Hybrid (Elektro / Benzin),160 kW (218 PS),8l/100km,85g CO2/km (komb)*,26.089
Volkswagen,Passat Variant,124.811 km,11/2020,Automatik,Diesel,140 kW (190 PS),7l/100km,186g CO2/km (komb)*,23.489
Volkswagen,Passat Variant,93.995 km,11/2020,Automatik,Diesel,110 kW (150 PS),7l/100km,186g CO2/km (komb)*,21.989
Volkswagen,Caddy,71.856 km,10/2020,Manuell,Diesel,55 kW (75 PS),7l/100km,121g CO2/km (komb)*,18.489
Volkswagen,Golf,95.632 km,03/2020,Manuell,Benzin,96 kW (131 PS),8l/100km,110g CO2/km (komb)*,19.489
Volkswagen,T-Roc,118.653 km,10/2020,Manuell,Diesel,85 kW (116 PS),7l/100km,113g CO2/km (komb)*,20.089
Volkswagen,Golf,40.728 km,07/2020,Manuell,Benzin,96 kW (131 PS),8l/100km,110g CO2/km (komb)*,20.489
Skoda,Superb,55.920 km,09/2020,Automatik,Benzin,160 kW (220 PS),8l/100km,145g CO2/km (komb)*,24.489
Volkswagen,Crafter,73.719 km,08/2020,Manuell,Diesel,103 kW (140 PS),7l/100km,186g CO2/km (komb)*,28.489
Volkswagen,Golf,21.843 km,11/2020,Automatik,Benzin,110 kW (150 PS),8l/100km,185g CO2/km (komb)*,24.489
Jaguar,F-Pace,91.466 km,05/2020,Automatik,Diesel,221 kW (301 PS),7l/100km,159g CO2/km (komb)*,43.848
Skoda,Superb,49.599 km,10/2020,Automatik,Benzin,160 kW (220 PS),8l/100km,145g CO2/km (komb)*,28.789
Ford,Transit,68.000 km,11/2020,Manuell,Diesel,125 kW (170 PS),7l/100km,227g CO2/km (WLTP,51.589
Skoda,Octavia,99.980 km,11/2020,Automatik,Diesel,110 kW (150 PS),7l/100km,122g CO2/km (WLTP,20.689
Seat,Leon,37.016 km,10/2020,Automatik,Diesel,110 kW (150 PS),7l/100km,123g CO2/km (WLTP,26.689
Volkswagen,Golf,42.372 km,09/2020,Manuell,Diesel,85 kW (116 PS),2l/100km,110g CO2/km (WLTP,21.689
Volkswagen,Sharan,98.802 km,05/2020,Manuell,Diesel,110 kW (150 PS),5l/100km,170g CO2/km (WLTP,29.789
Skoda,Octavia,99.980 km,11/2020,Automatik,Diesel,110 kW (150 PS),7l/100km,122g CO2/km (WLTP,21.989
Volkswagen,Golf,9.987 km,02/2020,Manuell,Benzin,96 kW (131 PS),5l/100km,124g CO2/km (WLTP,20.689
Skoda,Octavia,54.053 km,08/2020,Automatik,Diesel,135 kW (184 PS),3l/100km,165g CO2/km (WLTP,29.789
Seat,Leon,37.016 km,10/2020,Automatik,Diesel,110 kW (150 PS),7l/100km,123g CO2/km (WLTP,27.989
Jaguar,E-Pace,76.961 km,07/2020,Automatik,Benzin,221 kW (301 PS),8l/100km,181g CO2/km (komb)*,40.448
Volkswagen,Passat Variant,57.320 km,01/2020,Automatik,Benzin,110 kW (150 PS),8l/100km,119g CO2/km (komb)*,25.248
Volkswagen,Passat Variant,90.972 km,11/2020,Automatik,Diesel,140 kW (190 PS),9l/100km,0g CO2/km (WLTP,27.049
Volkswagen,Passat Variant,81.744 km,10/2020,Automatik,Diesel,140 kW (190 PS),9l/100km,0g CO2/km (WLTP,27.049
Volkswagen,Passat Variant,85.621 km,11/2020,Automatik,Diesel,140 kW (190 PS),9l/100km,0g CO2/km (WLTP,27.049
Jaguar,F-Type,41.079 km,10/2020,Automatik,Benzin,221 kW (301 PS),0l/100km,0g CO2/km (WLTP,51.449
Jaguar,F-Pace,42.585 km,02/2020,Automatik,Benzin,405 kW (551 PS),8l/100km,272g CO2/km (komb)*,55.648
Audi,A3,38.671 km,11/2020,Automatik,Benzin,110 kW (150 PS),8l/100km,185g CO2/km (komb)*,28.789
Mazda,CX-5,52.005 km,09/2020,Automatik,Benzin,143 kW (194 PS),4l/100km,169g CO2/km (WLTP,30.648
Jaguar,F-Type,65.272 km,06/2020,Automatik,Benzin,280 kW (381 PS),0l/100km,0g CO2/km (WLTP,61.548
Skoda,Karoq,26.249 km,09/2020,Manuell,Benzin,110 kW (150 PS),3l/100km,143g CO2/km (WLTP,26.989
Seat,Leon,33.394 km,03/2020,Manuell,Diesel,85 kW (116 PS),9l/100km,128g CO2/km (WLTP,20.289
Skoda,Karoq,35.372 km,09/2020,Automatik,Diesel,110 kW (150 PS),7l/100km,186g CO2/km (komb)*,31.889
Seat,Ateca,35.018 km,10/2020,Automatik,Benzin,110 kW (150 PS),8l/100km,155g CO2/km (WLTP,26.689
Skoda,Karoq,35.372 km,09/2020,Automatik,Diesel,110 kW (150 PS),7l/100km,186g CO2/km (komb)*,33.189
Audi,A4,23.668 km,04/2020,Automatik,Diesel,140 kW (190 PS),7l/100km,186g CO2/km (komb)*,31.889
Skoda,Karoq,26.249 km,09/2020,Manuell,Benzin,110 kW (150 PS),3l/100km,143g CO2/km (WLTP,25.689
Seat,Ateca,35.018 km,10/2020,Automatik,Benzin,110 kW (150 PS),8l/100km,155g CO2/km (WLTP,27.989
Volkswagen,Tiguan,52.488 km,01/2020,Manuell,Diesel,110 kW (150 PS),8l/100km,152g CO2/km (WLTP,26.289
Jaguar,I-Pace,35.397 km,08/2020,Automatik,Elektro,294 kW (400 PS),,0g CO2/km (WLTP,59.148
Ford,Kuga,63.000 km,10/2020,Manuell,Diesel,110 kW (150 PS),2l/100km,136g CO2/km (WLTP,26.989
Skoda,Karoq,17.806 km,11/2020,Manuell,Benzin,110 kW (150 PS),3l/100km,143g CO2/km (WLTP,26.689
Skoda,Fabia,16.050 km,10/2020,Manuell,Benzin,70 kW (95 PS),4l/100km,123g CO2/km (WLTP,18.289
Skoda,Octavia,41.702 km,11/2020,Manuell,Diesel,85 kW (116 PS),3l/100km,112g CO2/km (WLTP,23.689
Skoda,Karoq,17.806 km,11/2020,Manuell,Benzin,110 kW (150 PS),3l/100km,143g CO2/km (WLTP,27.989
Dacia,Sandero,13.876 km,11/2020,Manuell,Autogas,74 kW (101 PS),,96g CO2/km (komb)*,15.348
Land Rover,Range Rover Evoque,41.640 km,12/2020,Automatik,Hybrid (Elektro / Benzin),147 kW (200 PS),2l/100km,43g CO2/km (komb)*,39.148
Dacia,Duster,50.436 km,02/2020,Manuell,Benzin,74 kW (101 PS),8l/100km,185g CO2/km (komb)*,13.548
Land Rover,Range Rover Evoque,33.613 km,12/2020,Automatik,Hybrid (Elektro / Benzin),227 kW (309 PS),4l/100km,32g CO2/km (komb)*,36.848
Renault,Megane,53.070 km,02/2020,Manuell,Benzin,103 kW (140 PS),8l/100km,185g CO2/km (komb)*,16.948
Skoda,Karoq,66.315 km,03/2020,Automatik,Benzin,110 kW (150 PS),8l/100km,185g CO2/km (komb)*,25.048
Dacia,Duster,28.820 km,10/2020,Manuell,Autogas,74 kW (101 PS),,96g CO2/km (komb)*,14.248
Kia,Stonic,84.890 km,05/2020,Manuell,Diesel,85 kW (116 PS),0l/100km,131g CO2/km (WLTP,16.548
Mazda,6,20.722 km,09/2020,Automatik,Benzin,121 kW (165 PS),5l/100km,185g CO2/km (komb)*,28.048
Volkswagen,T6 Multivan,88.505 km,07/2020,Automatik,Diesel,110 kW (150 PS),7l/100km,186g CO2/km (komb)*,44.049
Renault,ZOE,58.798 km,12/2020,Automatik,Elektro,51 kW (69 PS),,0g CO2/km (WLTP,9.948
Renault,ZOE,79.652 km,02/2020,Automatik,Elektro,100 kW (136 PS),,0g CO2/km (WLTP,14.448
Skoda,Octavia,43.642 km,11/2020,Automatik,Diesel,110 kW (150 PS),7l/100km,123g CO2/km (WLTP,30.089
Seat,Ateca,56.160 km,12/2020,Automatik,Diesel,110 kW (150 PS),9l/100km,154g CO2/km (WLTP,28.789
Skoda,Octavia,32.338 km,10/2020,Automatik,Diesel,110 kW (150 PS),7l/100km,123g CO2/km (WLTP,29.089
Volkswagen,Golf,29.987 km,06/2020,Manuell,Diesel,85 kW (116 PS),1l/100km,107g CO2/km (WLTP,20.689
Seat,Arona,70.720 km,11/2020,Manuell,Diesel,70 kW (95 PS),7l/100km,123g CO2/km (WLTP,18.689
Seat,Arona,67.163 km,09/2020,Manuell,Diesel,70 kW (95 PS),8l/100km,125g CO2/km (WLTP,18.689
Skoda,Karoq,26.601 km,11/2020,Manuell,Diesel,110 kW (150 PS),6l/100km,146g CO2/km (WLTP,27.689
Skoda,Octavia,32.338 km,10/2020,Automatik,Diesel,110 kW (150 PS),7l/100km,123g CO2/km (WLTP,27.689
Dacia,Duster,42.750 km,10/2020,Manuell,Benzin,74 kW (101 PS),0l/100km,145g CO2/km (WLTP,15.848
Fiat,500,46.667 km,07/2020,Manuell,Hybrid (Elektro / Benzin),51 kW (69 PS),1l/100km,93g CO2/km (komb)*,12.848
Smart,ForTwo,36.140 km,09/2020,Automatik,Elektro,60 kW (82 PS),,0g CO2/km (WLTP,10.948
Volkswagen,T-Roc,15.548 km,06/2020,Automatik,Benzin,110 kW (150 PS),3l/100km,121g CO2/km (komb)*,29.648
Toyota,Yaris,25.100 km,06/2020,Manuell,Benzin,60 kW (82 PS),8l/100km,185g CO2/km (komb)*,16.848
Land Rover,Range Rover Evoque,44.095 km,03/2020,Automatik,Benzin,147 kW (200 PS),8l/100km,185g CO2/km (komb)*,36.948
Mercedes-Benz,GLC 220,87.730 km,01/2020,Automatik,Diesel,143 kW (194 PS),2l/100km,137g CO2/km (komb)*,35.048
Mazda,CX-30,37.783 km,08/2020,Automatik,Benzin,110 kW (150 PS),8l/100km,185g CO2/km (komb)*,23.748
Volkswagen,Golf,28.482 km,10/2020,Automatik,Elektro,100 kW (136 PS),,0g CO2/km (komb)*,18.689
Volkswagen,Tiguan,53.833 km,11/2020,Automatik,Benzin,110 kW (150 PS),8l/100km,185g CO2/km (komb)*,30.589
Mercedes-Benz,E 220,29.693 km,05/2020,Automatik,Diesel,143 kW (194 PS),5l/100km,118g CO2/km (komb)*,42.349
Mercedes-Benz,E 220,36.458 km,05/2020,Automatik,Diesel,143 kW (194 PS),5l/100km,118g CO2/km (komb)*,42.349
Skoda,Superb,58.708 km,08/2020,Automatik,Benzin,160 kW (220 PS),8l/100km,145g CO2/km (komb)*,29.789
Dacia,Sandero,57.370 km,01/2020,Manuell,Benzin,66 kW (90 PS),8l/100km,185g CO2/km (komb)*,13.448
Renault,ZOE,49.700 km,10/2020,Automatik,Elektro,100 kW (136 PS),,0g CO2/km (WLTP,10.448
Opel,Insignia,39.500 km,04/2020,Manuell,Diesel,100 kW (136 PS),6l/100km,146g CO2/km (WLTP,21.389
Audi,A4,27.278 km,05/2020,Automatik,Benzin,110 kW (150 PS),8l/100km,154g CO2/km (WLTP,29.789
Ford,Focus,34.764 km,03/2020,Manuell,Benzin,92 kW (125 PS),8l/100km,185g CO2/km (komb)*,20.589
Ford,Focus,74.725 km,06/2020,Automatik,Benzin,92 kW (125 PS),5l/100km,147g CO2/km (WLTP,19.889
Ford,Kuga,50.167 km,11/2020,Manuell,Diesel,110 kW (150 PS),5l/100km,132g CO2/km (WLTP,28.989
Mercedes-Benz,V 250,40.490 km,06/2020,Automatik,Diesel,140 kW (190 PS),7l/100km,186g CO2/km (komb)*,58.149
Renault,Megane,41.353 km,08/2020,Automatik,Benzin,117 kW (159 PS),0l/100km,151g CO2/km (WLTP,25.348
Volkswagen,Passat Variant,92.692 km,11/2020,Automatik,Hybrid (Elektro / Benzin),160 kW (218 PS),8l/100km,85g CO2/km (komb)*,25.489
Volkswagen,Sharan,85.088 km,08/2020,Automatik,Benzin,110 kW (150 PS),8l/100km,185g CO2/km (komb)*,28.089
Hyundai,i30,36.396 km,09/2020,Manuell,Benzin,81 kW (110 PS),8l/100km,185g CO2/km (komb)*,20.048
Opel,Grandland X,55.300 km,08/2020,Automatik,Benzin,96 kW (131 PS),7l/100km,152g CO2/km (WLTP,22.389
Mercedes-Benz,V 250,40.490 km,06/2020,Automatik,Diesel,140 kW (190 PS),7l/100km,186g CO2/km (komb)*,58.749
Skoda,Karoq,34.578 km,07/2020,Manuell,Diesel,110 kW (150 PS),7l/100km,150g CO2/km (WLTP,28.789
Seat,Ibiza,51.000 km,08/2020,Manuell,Diesel,70 kW (95 PS),6l/100km,122g CO2/km (WLTP,17.289
Volkswagen,Tiguan,57.354 km,07/2020,Automatik,Diesel,176 kW (239 PS),8l/100km,204g CO2/km (WLTP,35.289
Seat,Leon,68.393 km,06/2020,Manuell,Diesel,85 kW (116 PS),9l/100km,128g CO2/km (WLTP,18.689
Audi,A4,51.714 km,05/2020,Automatik,Diesel,140 kW (190 PS),4l/100km,142g CO2/km (WLTP,30.889
Volkswagen,Golf,55.077 km,09/2020,Manuell,Diesel,85 kW (116 PS),2l/100km,110g CO2/km (WLTP,20.289
Volkswagen,Golf,39.987 km,08/2020,Manuell,Benzin,110 kW (150 PS),6l/100km,127g CO2/km (WLTP,20.689
Volkswagen,T-Roc,37.225 km,06/2020,Automatik,Diesel,110 kW (150 PS),6l/100km,147g CO2/km (WLTP,26.689
Skoda,Octavia,59.081 km,11/2020,Automatik,Diesel,110 kW (150 PS),7l/100km,186g CO2/km (komb)*,25.689
Skoda,Fabia,28.880 km,07/2020,Manuell,Benzin,70 kW (95 PS),5l/100km,125g CO2/km (WLTP,17.689
Volkswagen,T-Roc,39.121 km,08/2020,Automatik,Diesel,110 kW (150 PS),8l/100km,153g CO2/km (WLTP,27.689
Audi,A4,29.987 km,09/2020,Automatik,Diesel,140 kW (190 PS),4l/100km,142g CO2/km (WLTP,31.889
Volkswagen,T-Roc,13.990 km,08/2020,Manuell,Benzin,110 kW (150 PS),8l/100km,120g CO2/km (komb)*,26.989
Seat,Ibiza,26.489 km,08/2020,Manuell,Diesel,70 kW (95 PS),9l/100km,127g CO2/km (WLTP,18.689
Volkswagen,T-Roc,13.990 km,08/2020,Manuell,Benzin,110 kW (150 PS),8l/100km,120g CO2/km (komb)*,25.689
Seat,Alhambra,29.061 km,02/2020,Automatik,Diesel,110 kW (150 PS),8l/100km,179g CO2/km (WLTP,34.989
Skoda,Fabia,24.643 km,06/2020,Manuell,Benzin,70 kW (95 PS),6l/100km,126g CO2/km (WLTP,17.689
Volkswagen,T-Roc,39.717 km,09/2020,Manuell,Diesel,85 kW (116 PS),6l/100km,147g CO2/km (WLTP,24.689
Skoda,Fabia,27.179 km,08/2020,Manuell,Benzin,44 kW (60 PS),5l/100km,124g CO2/km (WLTP,15.289
Skoda,Fabia,16.728 km,07/2020,Manuell,Benzin,44 kW (60 PS),9l/100km,134g CO2/km (WLTP,15.689
Volkswagen,T-Roc,19.154 km,07/2020,Manuell,Benzin,110 kW (150 PS),2l/100km,141g CO2/km (WLTP,26.989
Skoda,Karoq,52.536 km,09/2020,Manuell,Benzin,110 kW (150 PS),5l/100km,149g CO2/km (WLTP,25.689
Volkswagen,Tiguan,57.354 km,07/2020,Automatik,Diesel,176 kW (239 PS),8l/100km,204g CO2/km (WLTP,33.989
Audi,A3,48.128 km,08/2020,Automatik,Diesel,110 kW (150 PS),7l/100km,122g CO2/km (WLTP,27.689
Volkswagen,T-Roc,19.683 km,07/2020,Automatik,Benzin,110 kW (150 PS),8l/100km,154g CO2/km (WLTP,28.789
Skoda,Octavia,23.025 km,09/2020,Manuell,Benzin,110 kW (150 PS),7l/100km,130g CO2/km (WLTP,25.689
Volkswagen,T-Roc,35.839 km,07/2020,Manuell,Benzin,110 kW (150 PS),7l/100km,152g CO2/km (WLTP,24.289
Volkswagen,T-Roc,19.154 km,07/2020,Manuell,Benzin,110 kW (150 PS),2l/100km,141g CO2/km (WLTP,25.689
Renault,Twingo,15.830 km,11/2020,Automatik,Elektro,60 kW (82 PS),,0g CO2/km (WLTP,13.748
Skoda,Octavia,49.290 km,02/2020,Automatik,Benzin,180 kW (245 PS),8l/100km,185g CO2/km (komb)*,29.089
Ford,SONSTIGE,56.761 km,12/2020,Manuell,Benzin,92 kW (125 PS),8l/100km,185g CO2/km (komb)*,20.989
Volkswagen,T-Roc,32.350 km,12/2020,Automatik,Benzin,110 kW (150 PS),8l/100km,155g CO2/km (WLTP,25.489
Hyundai,i10,89.400 km,11/2020,Manuell,Benzin,62 kW (84 PS),9l/100km,113g CO2/km (komb)*,13.048
Opel,Insignia,49.497 km,03/2020,Manuell,Diesel,125 kW (170 PS),6l/100km,173g CO2/km (WLTP,24.289
Volkswagen,T-Roc,45.500 km,10/2020,Manuell,Benzin,110 kW (150 PS),7l/100km,151g CO2/km (WLTP,24.189
Mercedes-Benz,V 250,40.490 km,05/2020,Automatik,Diesel,140 kW (190 PS),7l/100km,186g CO2/km (komb)*,58.849
Mercedes-Benz,SONSTIGE,40.490 km,05/2020,Automatik,Diesel,140 kW (190 PS),7l/100km,186g CO2/km (komb)*,58.849
Renault,ZOE,50.000 km,12/2020,Automatik,Elektro,51 kW (69 PS),,0g CO2/km (WLTP,13.048
Volkswagen,Polo,65.250 km,06/2020,Automatik,Benzin,147 kW (200 PS),8l/100km,185g CO2/km (komb)*,19.948
Ford,SONSTIGE,77.500 km,01/2020,Manuell,Diesel,96 kW (131 PS),7l/100km,186g CO2/km (komb)*,37.689
Ford,S-Max,80.512 km,03/2020,Automatik,Diesel,140 kW (190 PS),7l/100km,186g CO2/km (komb)*,29.589
Ford,Kuga,83.700 km,10/2020,Manuell,Diesel,110 kW (150 PS),1l/100km,133g CO2/km (WLTP,23.589
Ford,Explorer,42.613 km,12/2020,Automatik,Hybrid (Elektro / Benzin),336 kW (457 PS),8l/100km,85g CO2/km (komb)*,54.189
Ford,Kuga,17.382 km,01/2020,Manuell,Benzin,110 kW (150 PS),8l/100km,177g CO2/km (WLTP,22.789
Fiat,500,51.782 km,08/2020,Automatik,Benzin,51 kW (69 PS),8l/100km,185g CO2/km (komb)*,15.689
Volkswagen,T-Cross,67.035 km,01/2020,Automatik,Benzin,85 kW (116 PS),5l/100km,147g CO2/km (WLTP,20.589
Ford,Focus,81.984 km,08/2020,Manuell,Diesel,88 kW (120 PS),1l/100km,133g CO2/km (WLTP,18.089
Audi,SONSTIGE,56.330 km,11/2020,Automatik,Benzin,150 kW (204 PS),8l/100km,185g CO2/km (komb)*,36.589
Volkswagen,Passat Variant,74.871 km,10/2020,Automatik,Hybrid (Elektro / Benzin),115 kW (156 PS),8l/100km,85g CO2/km (komb)*,25.489
Volkswagen,Crafter,105.527 km,04/2020,Automatik,Diesel,130 kW (177 PS),7l/100km,186g CO2/km (komb)*,50.089
Volkswagen,T-Roc,25.541 km,12/2020,Automatik,Benzin,110 kW (150 PS),8l/100km,185g CO2/km (komb)*,27.489
Volkswagen,Golf,106.434 km,04/2020,Manuell,Benzin,96 kW (131 PS),8l/100km,185g CO2/km (komb)*,18.489
Land Rover,Range Rover Evoque,12.881 km,10/2020,Automatik,Benzin,147 kW (200 PS),8l/100km,185g CO2/km (komb)*,41.048
Volkswagen,Polo,49.423 km,11/2020,Manuell,Benzin,59 kW (80 PS),8l/100km,185g CO2/km (komb)*,14.989
Ford,Focus,60.000 km,12/2020,Automatik,Benzin,92 kW (125 PS),6l/100km,136g CO2/km (WLTP,19.989
Mercedes-Benz,B 150,33.800 km,09/2020,Automatik,Hybrid (Elektro / Benzin),160 kW (218 PS),8l/100km,85g CO2/km (komb)*,26.389
Renault,ZOE,22.233 km,12/2020,Automatik,Elektro,51 kW (69 PS),,0g CO2/km (WLTP,13.048
Volkswagen,T6 Multivan,86.532 km,11/2020,Automatik,Diesel,110 kW (150 PS),7l/100km,186g CO2/km (komb)*,54.089
Volkswagen,Golf,86.643 km,08/2020,Automatik,Diesel,110 kW (150 PS),7l/100km,186g CO2/km (komb)*,23.389
Ford,Puma,27.883 km,10/2020,Automatik,Benzin,92 kW (125 PS),8l/100km,185g CO2/km (komb)*,23.989
Volkswagen,Crafter,92.703 km,03/2020,Automatik,Diesel,130 kW (177 PS),7l/100km,186g CO2/km (komb)*,28.189
Volkswagen,Passat Variant,89.663 km,05/2020,Automatik,Diesel,110 kW (150 PS),7l/100km,186g CO2/km (komb)*,25.689
Audi,SQ2,71.210 km,05/2020,Automatik,Benzin,221 kW (301 PS),8l/100km,185g CO2/km (komb)*,34.489
Audi,Q3,105.146 km,04/2020,Automatik,Benzin,169 kW (230 PS),8l/100km,185g CO2/km (komb)*,33.589
Volkswagen,T6 Kombi,75.830 km,11/2020,Automatik,Diesel,110 kW (150 PS),7l/100km,186g CO2/km (komb)*,33.889
Volkswagen,Crafter,98.184 km,10/2020,Automatik,Diesel,103 kW (140 PS),7l/100km,186g CO2/km (komb)*,30.289
Audi,A8,87.854 km,06/2020,Automatik,Hybrid (Elektro / Benzin),250 kW (340 PS),8l/100km,85g CO2/km (komb)*,52.089
Volkswagen,Crafter,83.683 km,07/2020,Automatik,Diesel,130 kW (177 PS),7l/100km,186g CO2/km (komb)*,30.489
Seat,Alhambra,53.202 km,11/2020,Automatik,Diesel,130 kW (177 PS),7l/100km,186g CO2/km (komb)*,36.889
Volkswagen,T-Cross,40.838 km,10/2020,Automatik,Benzin,85 kW (116 PS),8l/100km,185g CO2/km (komb)*,21.489
Volkswagen,T6 Multivan,82.441 km,09/2020,Automatik,Diesel,110 kW (150 PS),7l/100km,186g CO2/km (komb)*,52.089
BMW,M850,64.863 km,10/2020,Automatik,Benzin,390 kW (530 PS),8l/100km,185g CO2/km (komb)*,61.389
Seat,Leon,50.495 km,10/2020,Manuell,Benzin,66 kW (90 PS),8l/100km,185g CO2/km (komb)*,16.889
Volkswagen,Golf Variant,45.116 km,12/2020,Automatik,Benzin,81 kW (110 PS),8l/100km,185g CO2/km (komb)*,21.889
Volkswagen,Polo,54.006 km,10/2020,Automatik,Benzin,110 kW (150 PS),8l/100km,185g CO2/km (komb)*,22.089
Volkswagen,Golf,34.611 km,04/2020,Manuell,Benzin,96 kW (131 PS),8l/100km,185g CO2/km (komb)*,20.589
Volkswagen,SONSTIGE,68.847 km,07/2020,Manuell,Diesel,75 kW (102 PS),7l/100km,186g CO2/km (komb)*,27.389
Audi,SONSTIGE,99.368 km,11/2020,Automatik,Diesel,150 kW (204 PS),7l/100km,186g CO2/km (komb)*,30.589
Land Rover,Discovery Sport,59.341 km,06/2020,Automatik,Diesel,110 kW (150 PS),1l/100km,0g CO2/km (WLTP,33.449
Ford,Focus,58.370 km,01/2020,Manuell,Benzin,74 kW (101 PS),8l/100km,185g CO2/km (komb)*,17.289
Audi,Q5,83.397 km,11/2020,Automatik,Diesel,150 kW (204 PS),7l/100km,186g CO2/km (komb)*,37.889
Audi,SONSTIGE,27.408 km,06/2020,Manuell,Benzin,85 kW (116 PS),8l/100km,185g CO2/km (komb)*,24.489
Audi,Q3,26.780 km,08/2020,Automatik,Benzin,140 kW (190 PS),8l/100km,185g CO2/km (komb)*,40.989
Renault,Scenic,82.780 km,12/2020,Automatik,Benzin,117 kW (159 PS),8l/100km,185g CO2/km (komb)*,20.148
Renault,Twingo,45.990 km,02/2020,Manuell,Benzin,54 kW (73 PS),0l/100km,124g CO2/km (WLTP,13.548
Volkswagen,Golf,72.582 km,01/2020,Manuell,Diesel,110 kW (150 PS),2l/100km,135g CO2/km (WLTP,20.689
Skoda,Octavia,46.180 km,10/2020,Manuell,Diesel,85 kW (116 PS),1l/100km,134g CO2/km (WLTP,19.689
Volkswagen,Golf,92.348 km,04/2020,Automatik,Diesel,110 kW (150 PS),5l/100km,143g CO2/km (WLTP,19.689
Seat,Arona,13.663 km,12/2020,Manuell,Benzin,81 kW (110 PS),3l/100km,120g CO2/km (WLTP,20.589
Volkswagen,Golf,148.377 km,05/2020,Automatik,Diesel,110 kW (150 PS),7l/100km,186g CO2/km (komb)*,17.689
Volkswagen,Passat,26.299 km,10/2020,Automatik,Benzin,160 kW (218 PS),8l/100km,185g CO2/km (komb)*,29.089
Volkswagen,Sharan,76.359 km,10/2020,Automatik,Diesel,110 kW (150 PS),8l/100km,179g CO2/km (WLTP,31.889
Volkswagen,Golf,69.987 km,01/2020,Manuell,Diesel,110 kW (150 PS),2l/100km,135g CO2/km (WLTP,19.689
Seat,Ibiza,46.887 km,12/2020,Manuell,Diesel,70 kW (95 PS),8l/100km,126g CO2/km (WLTP,17.689
Skoda,Octavia,55.226 km,09/2020,Automatik,Diesel,110 kW (150 PS),7l/100km,122g CO2/km (WLTP,26.589
Opel,Astra,33.282 km,02/2020,Manuell,Benzin,81 kW (110 PS),5l/100km,125g CO2/km (WLTP,16.689
Volkswagen,Golf,78.795 km,08/2020,Automatik,Diesel,110 kW (150 PS),5l/100km,143g CO2/km (WLTP,21.689
Volkswagen,Touran,133.449 km,11/2020,Manuell,Diesel,90 kW (122 PS),7l/100km,186g CO2/km (komb)*,20.689
Volkswagen,Golf,46.229 km,12/2020,Manuell,Diesel,85 kW (116 PS),6l/100km,120g CO2/km (WLTP,22.289
Ford,Kuga,44.393 km,12/2020,Manuell,Benzin,110 kW (150 PS),8l/100km,185g CO2/km (komb)*,23.989
Volkswagen,up!,29.694 km,11/2020,Manuell,Benzin,48 kW (65 PS),1l/100km,116g CO2/km (WLTP,12.689
Seat,Arona,13.663 km,12/2020,Manuell,Benzin,81 kW (110 PS),3l/100km,120g CO2/km (WLTP,19.289
Volkswagen,Golf,8.925 km,11/2020,Manuell,Benzin,96 kW (131 PS),5l/100km,125g CO2/km (WLTP,21.689
Skoda,Octavia,61.491 km,08/2020,Automatik,Diesel,110 kW (150 PS),3l/100km,138g CO2/km (WLTP,22.689
Skoda,Octavia,61.491 km,08/2020,Automatik,Diesel,110 kW (150 PS),3l/100km,138g CO2/km (WLTP,23.989
Skoda,Superb,23.335 km,10/2020,Automatik,Diesel,110 kW (150 PS),2l/100km,136g CO2/km (WLTP,28.789
Volkswagen,Golf,59.504 km,09/2020,Automatik,Diesel,110 kW (150 PS),5l/100km,117g CO2/km (WLTP,24.689
Skoda,Octavia,59.709 km,11/2020,Automatik,Diesel,110 kW (150 PS),8l/100km,126g CO2/km (WLTP,26.289
Seat,Leon,139.855 km,06/2020,Manuell,Diesel,85 kW (116 PS),7l/100km,186g CO2/km (komb)*,15.689
Volkswagen,T-Roc,52.249 km,09/2020,Automatik,Diesel,110 kW (150 PS),4l/100km,168g CO2/km (WLTP,27.689
Volkswagen,Golf,49.047 km,05/2020,Manuell,Diesel,85 kW (116 PS),1l/100km,133g CO2/km (WLTP,20.689
Skoda,Octavia,55.226 km,09/2020,Automatik,Diesel,110 kW (150 PS),7l/100km,122g CO2/km (WLTP,25.289
Volkswagen,Golf,78.795 km,08/2020,Automatik,Diesel,110 kW (150 PS),5l/100km,143g CO2/km (WLTP,22.989
Volkswagen,Touran,145.831 km,10/2020,Manuell,Diesel,110 kW (150 PS),7l/100km,186g CO2/km (komb)*,21.689
Volkswagen,Golf,59.987 km,02/2020,Automatik,Diesel,110 kW (150 PS),5l/100km,143g CO2/km (WLTP,22.689
Volkswagen,Golf,59.987 km,02/2020,Automatik,Diesel,110 kW (150 PS),5l/100km,143g CO2/km (WLTP,23.989
Opel,Astra,27.793 km,01/2020,Manuell,Diesel,77 kW (105 PS),4l/100km,114g CO2/km (WLTP,16.689
Volkswagen,Golf,81.227 km,04/2020,Manuell,Diesel,110 kW (150 PS),2l/100km,136g CO2/km (WLTP,20.689
Volkswagen,Golf,37.127 km,07/2020,Manuell,Diesel,85 kW (116 PS),7l/100km,186g CO2/km (komb)*,22.689
Volkswagen,T-Roc,59.250 km,08/2020,Automatik,Diesel,110 kW (150 PS),7l/100km,186g CO2/km (komb)*,26.689
Volkswagen,Passat,59.987 km,10/2020,Automatik,Diesel,110 kW (150 PS),7l/100km,186g CO2/km (komb)*,26.689
Skoda,Octavia,59.709 km,11/2020,Automatik,Diesel,110 kW (150 PS),8l/100km,126g CO2/km (WLTP,27.589
Seat,Leon,49.987 km,11/2020,Automatik,Diesel,110 kW (150 PS),7l/100km,123g CO2/km (WLTP,25.689
Volkswagen,E-up!,40.319 km,02/2020,Automatik,Elektro,61 kW (83 PS),,0g CO2/km (komb)*,13.689
Volkswagen,ID.4,45.980 km,11/2020,Automatik,Elektro,150 kW (204 PS),,0g CO2/km (komb)*,33.989
Volkswagen,ID.3,43.350 km,10/2020,Automatik,Elektro,150 kW (204 PS),,0g CO2/km (komb)*,31.289
Skoda,Octavia,68.520 km,10/2020,Manuell,Benzin,110 kW (150 PS),7l/100km,130g CO2/km (WLTP,22.689
Ford,SONSTIGE,105.107 km,12/2020,Manuell,Diesel,136 kW (185 PS),7l/100km,186g CO2/km (komb)*,36.089
Ford,Puma,39.919 km,11/2020,Automatik,Benzin,92 kW (125 PS),8l/100km,185g CO2/km (komb)*,22.989
Skoda,Karoq,121.755 km,12/2020,Manuell,Benzin,110 kW (150 PS),3l/100km,0g CO2/km (WLTP,19.049
Ford,Puma,41.879 km,09/2020,Automatik,Benzin,92 kW (125 PS),8l/100km,185g CO2/km (komb)*,18.989
Volkswagen,ID.4,73.500 km,11/2020,Automatik,Elektro,150 kW (204 PS),,0g CO2/km (komb)*,34.789
Volkswagen,ID.4,61.000 km,11/2020,Automatik,Elektro,150 kW (204 PS),,0g CO2/km (komb)*,32.889
Skoda,Citigo,27.941 km,12/2020,Automatik,Elektro,61 kW (83 PS),,0g CO2/km (komb)*,15.489
Audi,Q5,69.554 km,06/2020,Automatik,Hybrid (Elektro / Benzin),270 kW (367 PS),8l/100km,85g CO2/km (komb)*,45.589
Volkswagen,up!,29.697 km,12/2020,Manuell,Benzin,48 kW (65 PS),3l/100km,120g CO2/km (WLTP,11.689
Volkswagen,T-Roc,98.658 km,12/2020,Automatik,Diesel,110 kW (150 PS),7l/100km,186g CO2/km (komb)*,26.089
Land Rover,Discovery Sport,59.341 km,05/2020,Automatik,Diesel,110 kW (150 PS),1l/100km,186g CO2/km (WLTP,34.149
Opel,Corsa-e,22.209 km,11/2020,Automatik,Elektro,100 kW (136 PS),,0g CO2/km (komb)*,15.089
Volkswagen,Golf,15.275 km,02/2020,Automatik,Elektro,100 kW (136 PS),,0g CO2/km (komb)*,18.689
Volkswagen,Golf,19.967 km,10/2020,Automatik,Elektro,100 kW (136 PS),,0g CO2/km (komb)*,19.689
Peugeot,2008,47.598 km,12/2020,Manuell,Benzin,96 kW (131 PS),8l/100km,114g CO2/km (komb)*,17.689
Ford,Ranger,77.087 km,05/2020,Automatik,Diesel,156 kW (212 PS),7l/100km,186g CO2/km (komb)*,37.389
Ford,Puma,117.273 km,10/2020,Manuell,Benzin,92 kW (125 PS),8l/100km,185g CO2/km (komb)*,14.989
Ford,Puma,36.612 km,11/2020,Manuell,Benzin,70 kW (95 PS),8l/100km,185g CO2/km (komb)*,16.989
Ford,Focus,43.888 km,07/2020,Manuell,Benzin,92 kW (125 PS),8l/100km,185g CO2/km (komb)*,17.989
Ford,Puma,26.885 km,09/2020,Manuell,Benzin,114 kW (155 PS),8l/100km,185g CO2/km (komb)*,21.989
Ford,Kuga,16.349 km,10/2020,Manuell,Benzin,110 kW (150 PS),8l/100km,185g CO2/km (komb)*,25.989
Ford,Puma,35.063 km,12/2020,Automatik,Benzin,92 kW (125 PS),8l/100km,185g CO2/km (komb)*,24.989
Ford,EcoSport,26.581 km,05/2020,Manuell,Benzin,92 kW (125 PS),8l/100km,185g CO2/km (komb)*,17.989
Ford,Puma,63.901 km,09/2020,Automatik,Benzin,92 kW (125 PS),8l/100km,185g CO2/km (komb)*,17.989
Ford,Transit Connect,40.431 km,07/2020,Manuell,Benzin,74 kW (101 PS),8l/100km,185g CO2/km (komb)*,19.989
Ford,SONSTIGE,75.322 km,11/2020,Manuell,Diesel,140 kW (190 PS),7l/100km,186g CO2/km (komb)*,23.989
Ford,Puma,125.839 km,10/2020,Manuell,Benzin,92 kW (125 PS),8l/100km,185g CO2/km (komb)*,15.989
Ford,Focus,41.087 km,01/2020,Manuell,Benzin,92 kW (125 PS),8l/100km,185g CO2/km (komb)*,16.389
Ford,EcoSport,32.786 km,07/2020,Manuell,Benzin,103 kW (140 PS),8l/100km,185g CO2/km (komb)*,18.989
Ford,Puma,44.219 km,06/2020,Manuell,Benzin,114 kW (155 PS),8l/100km,185g CO2/km (komb)*,20.989
Ford,Puma,41.585 km,10/2020,Manuell,Benzin,92 kW (125 PS),8l/100km,185g CO2/km (komb)*,20.989
Ford,Focus,58.260 km,08/2020,Manuell,Benzin,114 kW (155 PS),8l/100km,185g CO2/km (komb)*,19.389
Ford,Transit Custom,113.952 km,10/2020,Automatik,Diesel,96 kW (131 PS),7l/100km,186g CO2/km (komb)*,25.989
Ford,Mustang,24.220 km,04/2020,Automatik,Benzin,331 kW (450 PS),8l/100km,185g CO2/km (komb)*,47.389
Mercedes-Benz,E 300,52.962 km,05/2020,Automatik,Benzin,190 kW (258 PS),8l/100km,185g CO2/km (komb)*,46.789
Ford,Puma,20.389 km,09/2020,Manuell,Benzin,114 kW (155 PS),8l/100km,185g CO2/km (komb)*,21.989
Ford,Grand Tourneo,20.140 km,11/2020,Manuell,Diesel,74 kW (101 PS),7l/100km,186g CO2/km (komb)*,25.989
Ford,Grand Tourneo,36.742 km,07/2020,Manuell,Diesel,88 kW (120 PS),7l/100km,186g CO2/km (komb)*,26.989
Ford,Ranger,42.176 km,04/2020,Automatik,Diesel,156 kW (212 PS),3l/100km,243g CO2/km (WLTP,39.089
Volkswagen,Touran,117.312 km,11/2020,Automatik,Diesel,110 kW (150 PS),7l/100km,186g CO2/km (komb)*,23.489
Mercedes-Benz,Vito,66.855 km,09/2020,Manuell,Diesel,100 kW (136 PS),7l/100km,186g CO2/km (komb)*,26.089
Volkswagen,Crafter,100.848 km,08/2020,Manuell,Diesel,130 kW (177 PS),7l/100km,186g CO2/km (komb)*,29.589
Volkswagen,SONSTIGE,84.005 km,11/2020,Automatik,Benzin,110 kW (150 PS),8l/100km,185g CO2/km (komb)*,26.589
Volkswagen,Polo,27.207 km,08/2020,Automatik,Benzin,70 kW (95 PS),8l/100km,185g CO2/km (komb)*,20.889
Renault,Captur,39.463 km,12/2020,Automatik,Hybrid (Elektro / Benzin),116 kW (92 PS),4l/100km,34g CO2/km (komb)*,21.248
Volkswagen,T-Roc,42.985 km,10/2020,Manuell,Diesel,85 kW (116 PS),7l/100km,186g CO2/km (komb)*,21.489
Volkswagen,Golf Variant,75.924 km,02/2020,Automatik,Benzin,110 kW (150 PS),8l/100km,185g CO2/km (komb)*,21.589
Volkswagen,Tiguan,65.343 km,06/2020,Automatik,Benzin,110 kW (150 PS),8l/100km,185g CO2/km (komb)*,27.289
Volkswagen,T6 Transporter,128.391 km,09/2020,Manuell,Diesel,81 kW (110 PS),7l/100km,186g CO2/km (komb)*,22.489
Volkswagen,T-Roc,42.540 km,06/2020,Automatik,Benzin,221 kW (301 PS),8l/100km,185g CO2/km (komb)*,33.389
Volkswagen,T-Roc,44.237 km,11/2020,Automatik,Benzin,110 kW (150 PS),8l/100km,185g CO2/km (komb)*,29.389
Volkswagen,Golf Variant,52.940 km,05/2020,Automatik,Diesel,110 kW (150 PS),5l/100km,143g CO2/km (WLTP,23.689
Volkswagen,SONSTIGE,111.580 km,08/2020,Automatik,Diesel,110 kW (150 PS),7l/100km,186g CO2/km (komb)*,28.389
Seat,Ibiza,45.952 km,12/2020,Manuell,Diesel,70 kW (95 PS),8l/100km,126g CO2/km (WLTP,17.689
Volkswagen,Golf,64.122 km,05/2020,Automatik,Diesel,110 kW (150 PS),5l/100km,143g CO2/km (WLTP,22.689
Volkswagen,Polo,37.509 km,12/2020,Manuell,Benzin,59 kW (80 PS),5l/100km,124g CO2/km (WLTP,17.289
Volkswagen,Golf,26.049 km,07/2020,Manuell,Benzin,96 kW (131 PS),5l/100km,125g CO2/km (WLTP,21.689
Volkswagen,Polo,16.684 km,10/2020,Manuell,Benzin,59 kW (80 PS),6l/100km,128g CO2/km (WLTP,16.789
Seat,Alhambra,29.061 km,02/2020,Automatik,Diesel,110 kW (150 PS),8l/100km,179g CO2/km (WLTP,36.389
Volkswagen,Passat,9.221 km,08/2020,Manuell,Diesel,110 kW (150 PS),9l/100km,128g CO2/km (WLTP,27.989
Skoda,Scala,44.554 km,11/2020,Automatik,Diesel,85 kW (116 PS),9l/100km,129g CO2/km (WLTP,21.689
Volkswagen,Golf,65.713 km,05/2020,Automatik,Diesel,110 kW (150 PS),7l/100km,186g CO2/km (komb)*,22.989
Skoda,Octavia,37.120 km,10/2020,Manuell,Benzin,110 kW (150 PS),8l/100km,131g CO2/km (WLTP,25.689
Volkswagen,Golf,71.211 km,06/2020,Manuell,Diesel,110 kW (150 PS),2l/100km,135g CO2/km (WLTP,20.689
Skoda,Octavia,41.702 km,11/2020,Manuell,Diesel,85 kW (116 PS),3l/100km,112g CO2/km (WLTP,25.089
Skoda,Scala,34.153 km,07/2020,Automatik,Diesel,85 kW (116 PS),5l/100km,131g CO2/km (WLTP,22.689
Volkswagen,Passat,95.770 km,07/2020,Manuell,Diesel,110 kW (150 PS),8l/100km,127g CO2/km (WLTP,20.689
Volkswagen,Passat,57.324 km,04/2020,Automatik,Diesel,110 kW (150 PS),3l/100km,140g CO2/km (WLTP,25.689
Volkswagen,Polo,32.644 km,11/2020,Manuell,Benzin,59 kW (80 PS),6l/100km,128g CO2/km (WLTP,17.289
Skoda,Octavia,51.283 km,11/2020,Manuell,Diesel,85 kW (116 PS),1l/100km,134g CO2/km (WLTP,20.689
Volkswagen,Golf,65.713 km,05/2020,Automatik,Diesel,110 kW (150 PS),7l/100km,186g CO2/km (komb)*,21.689
Skoda,Octavia,52.532 km,11/2020,Automatik,Diesel,110 kW (150 PS),8l/100km,127g CO2/km (WLTP,28.789
Volkswagen,Passat,9.221 km,08/2020,Manuell,Diesel,110 kW (150 PS),9l/100km,128g CO2/km (WLTP,26.689
Volkswagen,Passat,46.510 km,07/2020,Manuell,Diesel,110 kW (150 PS),9l/100km,128g CO2/km (WLTP,24.689
Seat,Arona,28.353 km,08/2020,Manuell,Benzin,70 kW (95 PS),6l/100km,128g CO2/km (WLTP,17.689
Seat,Ibiza,33.641 km,02/2020,Manuell,Diesel,70 kW (95 PS),7l/100km,186g CO2/km (komb)*,18.689
Skoda,Octavia,149.131 km,12/2020,Automatik,Diesel,110 kW (150 PS),7l/100km,186g CO2/km (komb)*,20.689
Volkswagen,Passat,59.185 km,07/2020,Manuell,Diesel,110 kW (150 PS),9l/100km,128g CO2/km (WLTP,24.989
Ford,Kuga,35.117 km,12/2020,Automatik,Diesel,140 kW (190 PS),7l/100km,186g CO2/km (komb)*,31.189
Skoda,Kamiq,36.440 km,10/2020,Automatik,Benzin,85 kW (116 PS),8l/100km,185g CO2/km (komb)*,20.989
Ford,Mustang,34.850 km,01/2020,Automatik,Benzin,331 kW (450 PS),8l/100km,185g CO2/km (komb)*,51.589
Ford,Kuga,39.421 km,12/2020,Automatik,Hybrid (Elektro / Benzin),165 kW (224 PS),8l/100km,85g CO2/km (komb)*,26.089
Skoda,Karoq,121.755 km,11/2020,Manuell,Benzin,110 kW (150 PS),3l/100km,143g CO2/km (WLTP,19.749
Ford,Kuga,68.728 km,05/2020,Automatik,Diesel,140 kW (190 PS),7l/100km,186g CO2/km (komb)*,28.689
Volkswagen,SONSTIGE,109.499 km,05/2020,Automatik,Diesel,176 kW (239 PS),7l/100km,186g CO2/km (komb)*,34.589
Audi,A3,31.650 km,03/2020,Automatik,Benzin,140 kW (190 PS),3l/100km,0g CO2/km (WLTP,29.349
Renault,ZOE,22.407 km,11/2020,Automatik,Elektro,80 kW (109 PS),,0g CO2/km (komb)*,14.989
Skoda,Superb,110.030 km,11/2020,Automatik,Diesel,147 kW (200 PS),7l/100km,186g CO2/km (komb)*,29.589
Volkswagen,up!,30.578 km,08/2020,Manuell,Benzin,44 kW (60 PS),8l/100km,185g CO2/km (komb)*,12.489
Volkswagen,Touran,53.697 km,11/2020,Manuell,Benzin,110 kW (150 PS),8l/100km,185g CO2/km (komb)*,29.589
Volkswagen,Touran,35.021 km,07/2020,Automatik,Benzin,110 kW (150 PS),8l/100km,185g CO2/km (komb)*,30.689
Volkswagen,T6 SONSTIGE,83.367 km,11/2020,Manuell,Diesel,110 kW (150 PS),7l/100km,186g CO2/km (komb)*,38.489
Audi,Q3,61.900 km,07/2020,Automatik,Benzin,169 kW (230 PS),8l/100km,185g CO2/km (komb)*,33.789
Citroen,Jumpy,47.700 km,08/2020,Manuell,Diesel,90 kW (122 PS),5l/100km,145g CO2/km (komb)*,21.248
Volkswagen,Polo,56.747 km,09/2020,Manuell,Diesel,70 kW (95 PS),8l/100km,127g CO2/km (WLTP,20.689
Volkswagen,Passat,32.223 km,09/2020,Automatik,Diesel,140 kW (190 PS),5l/100km,172g CO2/km (WLTP,36.089
Seat,Ibiza,49.987 km,09/2020,Manuell,Diesel,70 kW (95 PS),6l/100km,122g CO2/km (WLTP,18.689
Volkswagen,Sharan,66.344 km,05/2020,Automatik,Diesel,130 kW (177 PS),7l/100km,186g CO2/km (komb)*,41.289
Volkswagen,Golf,56.909 km,06/2020,Manuell,Diesel,85 kW (116 PS),2l/100km,136g CO2/km (WLTP,19.689
Opel,Combo,62.274 km,10/2020,Manuell,Diesel,75 kW (102 PS),9l/100km,154g CO2/km (WLTP,13.689
Volkswagen,Passat,69.942 km,04/2020,Automatik,Diesel,110 kW (150 PS),4l/100km,141g CO2/km (WLTP,26.289
Volkswagen,T-Cross,18.461 km,05/2020,Manuell,Benzin,70 kW (95 PS),9l/100km,134g CO2/km (WLTP,18.289
Skoda,Superb,90.940 km,08/2020,Automatik,Benzin,200 kW (272 PS),8l/100km,185g CO2/km (komb)*,28.589
Opel,Corsa-e,18.676 km,11/2020,Automatik,Elektro,100 kW (136 PS),,0g CO2/km (komb)*,16.289
Opel,Corsa-e,19.265 km,11/2020,Automatik,Elektro,100 kW (136 PS),,0g CO2/km (komb)*,16.689
Opel,Corsa-e,16.807 km,11/2020,Automatik,Elektro,100 kW (136 PS),,0g CO2/km (komb)*,16.689
Opel,Corsa-e,24.044 km,09/2020,Automatik,Elektro,100 kW (136 PS),,0g CO2/km (komb)*,16.689
Opel,Corsa-e,29.987 km,11/2020,Automatik,Elektro,100 kW (136 PS),,0g CO2/km (komb)*,16.689
Opel,Corsa-e,9.987 km,10/2020,Automatik,Elektro,100 kW (136 PS),,0g CO2/km (komb)*,18.689
Opel,Corsa-e,14.155 km,09/2020,Automatik,Elektro,100 kW (136 PS),,0g CO2/km (komb)*,17.289
Opel,Corsa-e,15.901 km,08/2020,Automatik,Elektro,100 kW (136 PS),,0g CO2/km (komb)*,16.689
Volkswagen,SONSTIGE,47.773 km,10/2020,Manuell,Benzin,110 kW (150 PS),8l/100km,185g CO2/km (komb)*,26.389
Mercedes-Benz,Vito,43.786 km,11/2020,Manuell,Diesel,100 kW (136 PS),7l/100km,186g CO2/km (komb)*,27.389
Ford,Fiesta,32.152 km,09/2020,Manuell,Benzin,114 kW (155 PS),6l/100km,126g CO2/km (WLTP,19.989
Suzuki,Swift,19.375 km,02/2020,Automatik,Benzin,82 kW (112 PS),8l/100km,185g CO2/km (komb)*,18.048
Land Rover,Range Rover Evoque,36.685 km,11/2020,Automatik,Hybrid (Elektro / Benzin),227 kW (309 PS),4l/100km,32g CO2/km (komb)*,40.748
Land Rover,Range Rover Sport,68.092 km,11/2020,Automatik,Benzin,294 kW (400 PS),0l/100km,242g CO2/km (WLTP,75.448
Land Rover,Range Rover Evoque,59.362 km,03/2020,Automatik,Benzin,147 kW (200 PS),0l/100km,0g CO2/km (WLTP,41.648
Ford,Kuga,36.290 km,07/2020,Automatik,Hybrid (Elektro / Benzin),112 kW (152 PS),2l/100km,26g CO2/km (komb)*,27.448
Land Rover,Range Rover Evoque,32.413 km,07/2020,Automatik,Benzin,183 kW (249 PS),8l/100km,182g CO2/km (komb)*,40.948
Dacia,Duster,33.845 km,03/2020,Manuell,Benzin,74 kW (101 PS),0l/100km,145g CO2/km (WLTP,16.648
Renault,Kangoo Z.E.,27.300 km,02/2020,Automatik,Elektro,44 kW (60 PS),,0g CO2/km (WLTP,11.648
Ford,Fiesta,60.000 km,09/2020,Manuell,Benzin,147 kW (200 PS),8l/100km,185g CO2/km (komb)*,19.989
Ford,Transit Connect,88.500 km,07/2020,Manuell,Diesel,88 kW (120 PS),7l/100km,186g CO2/km (komb)*,21.089
Ford,Puma,44.433 km,04/2020,Manuell,Benzin,114 kW (155 PS),8l/100km,185g CO2/km (komb)*,23.989
Renault,Kadjar,35.590 km,08/2020,Automatik,Benzin,103 kW (140 PS),8l/100km,185g CO2/km (komb)*,22.148
Seat,Leon,52.450 km,09/2020,Automatik,Benzin,110 kW (150 PS),9l/100km,134g CO2/km (WLTP,25.589
Audi,A4,59.392 km,04/2020,Automatik,Diesel,120 kW (163 PS),3l/100km,139g CO2/km (WLTP,27.989
Volkswagen,Touran,46.197 km,08/2020,Manuell,Diesel,110 kW (150 PS),5l/100km,145g CO2/km (WLTP,29.789
Volkswagen,Passat,49.900 km,11/2020,Automatik,Benzin,160 kW (218 PS),8l/100km,185g CO2/km (komb)*,29.789
Skoda,Scala,46.524 km,10/2020,Manuell,Benzin,70 kW (95 PS),6l/100km,126g CO2/km (WLTP,16.689
Skoda,Scala,48.728 km,10/2020,Manuell,Benzin,85 kW (116 PS),5l/100km,124g CO2/km (WLTP,19.289
Volkswagen,Touran,46.197 km,08/2020,Manuell,Diesel,110 kW (150 PS),5l/100km,145g CO2/km (WLTP,31.089
Audi,A4,59.392 km,04/2020,Automatik,Diesel,120 kW (163 PS),3l/100km,139g CO2/km (WLTP,26.689
Skoda,Scala,15.577 km,11/2020,Manuell,Benzin,85 kW (116 PS),4l/100km,123g CO2/km (WLTP,18.689
Renault,Megane,65.611 km,12/2020,Automatik,Benzin,117 kW (159 PS),0l/100km,141g CO2/km (WLTP,21.748
Dacia,Duster,42.892 km,06/2020,Manuell,Autogas,74 kW (101 PS),,0g CO2/km (WLTP,16.748
Land Rover,Range Rover Evoque,67.919 km,11/2020,Manuell,Hybrid (Elektro / Benzin),147 kW (200 PS),4l/100km,32g CO2/km (komb)*,44.848
Land Rover,Defender,78.452 km,08/2020,Automatik,Diesel,147 kW (200 PS),7l/100km,186g CO2/km (komb)*,55.648
Volkswagen,Passat Variant,36.000 km,11/2020,Automatik,Diesel,110 kW (150 PS),4l/100km,141g CO2/km (WLTP,30.889
Volkswagen,Golf,64.654 km,12/2020,Manuell,Benzin,81 kW (110 PS),8l/100km,185g CO2/km (komb)*,19.589
Audi,SONSTIGE,82.812 km,07/2020,Automatik,Diesel,150 kW (204 PS),7l/100km,186g CO2/km (komb)*,37.689
Volkswagen,up!,25.212 km,10/2020,Automatik,Elektro,61 kW (83 PS),,0g CO2/km (komb)*,14.689
Opel,Corsa-e,22.875 km,11/2020,Automatik,Elektro,100 kW (136 PS),,0g CO2/km (komb)*,16.689
Opel,Corsa-e,17.687 km,11/2020,Automatik,Elektro,100 kW (136 PS),,0g CO2/km (komb)*,15.689
Audi,Q5,114.880 km,10/2020,Automatik,Diesel,150 kW (204 PS),7l/100km,186g CO2/km (komb)*,35.589
Mercedes-Benz,Sprinter,64.571 km,09/2020,Automatik,Diesel,120 kW (163 PS),7l/100km,186g CO2/km (komb)*,36.489
Volkswagen,SONSTIGE,79.781 km,09/2020,Automatik,Diesel,75 kW (102 PS),7l/100km,186g CO2/km (komb)*,28.489
Mercedes-Benz,C 160,107.400 km,12/2020,Automatik,Diesel,118 kW (160 PS),9l/100km,155g CO2/km (WLTP,25.689
Volkswagen,Polo,60.345 km,05/2020,Manuell,Benzin,59 kW (80 PS),6l/100km,0g CO2/km (WLTP,16.949
Skoda,Octavia,34.950 km,12/2020,Manuell,Benzin,110 kW (150 PS),7l/100km,130g CO2/km (WLTP,28.189
Skoda,Scala,67.730 km,10/2020,Manuell,Diesel,85 kW (116 PS),6l/100km,122g CO2/km (WLTP,19.689
Skoda,Kamiq,36.330 km,02/2020,Manuell,Benzin,110 kW (150 PS),8l/100km,185g CO2/km (komb)*,25.689
Skoda,Kamiq,38.690 km,08/2020,Automatik,Benzin,110 kW (150 PS),5l/100km,148g CO2/km (WLTP,26.689
Skoda,Scala,109.464 km,11/2020,Manuell,Diesel,85 kW (116 PS),7l/100km,122g CO2/km (WLTP,16.689
Volkswagen,Golf,23.240 km,12/2020,Automatik,Elektro,100 kW (136 PS),,0g CO2/km (WLTP,18.149
Opel,Corsa-e,31.680 km,10/2020,Automatik,Elektro,100 kW (136 PS),,0g CO2/km (komb)*,16.689
Seat,Ateca,48.850 km,09/2020,Automatik,Benzin,110 kW (150 PS),8l/100km,156g CO2/km (WLTP,28.689
Audi,A4,57.425 km,04/2020,Automatik,Diesel,120 kW (163 PS),3l/100km,139g CO2/km (WLTP,27.689
Volkswagen,Golf,38.410 km,02/2020,Automatik,Diesel,110 kW (150 PS),5l/100km,144g CO2/km (WLTP,26.989
Skoda,Kamiq,43.817 km,11/2020,Automatik,Benzin,110 kW (150 PS),2l/100km,115g CO2/km (WLTP,26.689
Volkswagen,Passat,46.612 km,07/2020,Automatik,Diesel,110 kW (150 PS),1l/100km,134g CO2/km (WLTP,25.689
Volkswagen,Golf,38.410 km,02/2020,Automatik,Diesel,110 kW (150 PS),5l/100km,144g CO2/km (WLTP,25.689
Volkswagen,Passat,46.612 km,07/2020,Automatik,Diesel,110 kW (150 PS),1l/100km,134g CO2/km (WLTP,26.989
Volkswagen,Polo,28.519 km,01/2020,Manuell,Benzin,59 kW (80 PS),5l/100km,125g CO2/km (WLTP,16.289
Ford,Kuga,68.739 km,11/2020,Automatik,Diesel,140 kW (190 PS),9l/100km,153g CO2/km (WLTP,31.289
Skoda,Octavia,57.960 km,08/2020,Automatik,Benzin,110 kW (150 PS),3l/100km,143g CO2/km (WLTP,24.289
Kia,XCeed,48.300 km,12/2020,Automatik,Benzin,150 kW (204 PS),8l/100km,185g CO2/km (komb)*,24.848
Volkswagen,Touareg,92.390 km,08/2020,Automatik,Diesel,170 kW (231 PS),2l/100km,0g CO2/km (WLTP,47.649
Ford,Fiesta,24.046 km,09/2020,Manuell,Benzin,92 kW (125 PS),8l/100km,130g CO2/km (WLTP,20.089
Opel,Corsa-e,33.451 km,08/2020,Automatik,Elektro,100 kW (136 PS),,0g CO2/km (komb)*,16.289
Volkswagen,up!,25.145 km,09/2020,Automatik,Elektro,61 kW (83 PS),,0g CO2/km (komb)*,15.289
Volkswagen,Touran,109.878 km,10/2020,Automatik,Diesel,110 kW (150 PS),7l/100km,186g CO2/km (komb)*,25.489
Ford,Puma,51.010 km,10/2020,Automatik,Benzin,92 kW (125 PS),3l/100km,143g CO2/km (WLTP,22.289
Skoda,Kodiaq,35.840 km,05/2020,Automatik,Benzin,110 kW (150 PS),6l/100km,173g CO2/km (WLTP,31.289
Volkswagen,Polo,14.230 km,07/2020,Manuell,Benzin,59 kW (80 PS),6l/100km,126g CO2/km (WLTP,17.689
Skoda,Kamiq,23.306 km,10/2020,Automatik,Benzin,110 kW (150 PS),2l/100km,142g CO2/km (WLTP,30.089
Volkswagen,Touran,64.447 km,08/2020,Manuell,Diesel,110 kW (150 PS),4l/100km,142g CO2/km (WLTP,29.789
Audi,A4,69.987 km,05/2020,Automatik,Diesel,120 kW (163 PS),3l/100km,139g CO2/km (WLTP,26.689
Audi,A4,69.987 km,05/2020,Automatik,Diesel,120 kW (163 PS),3l/100km,139g CO2/km (WLTP,27.989
Skoda,Kamiq,23.306 km,10/2020,Automatik,Benzin,110 kW (150 PS),2l/100km,142g CO2/km (WLTP,28.789
Audi,A4,51.131 km,05/2020,Automatik,Diesel,120 kW (163 PS),3l/100km,139g CO2/km (WLTP,27.689
Volkswagen,Touran,64.447 km,08/2020,Manuell,Diesel,110 kW (150 PS),4l/100km,142g CO2/km (WLTP,31.089
Volkswagen,Passat,46.213 km,05/2020,Automatik,Diesel,110 kW (150 PS),3l/100km,140g CO2/km (WLTP,26.689
Audi,A4,62.689 km,07/2020,Automatik,Diesel,120 kW (163 PS),3l/100km,139g CO2/km (WLTP,26.689
Audi,A4,62.689 km,07/2020,Automatik,Diesel,120 kW (163 PS),3l/100km,139g CO2/km (WLTP,27.989
Audi,A4,51.131 km,05/2020,Automatik,Diesel,120 kW (163 PS),3l/100km,139g CO2/km (WLTP,29.089
Volkswagen,Passat Variant,47.358 km,01/2020,Automatik,Benzin,110 kW (150 PS),8l/100km,185g CO2/km (komb)*,23.489
Skoda,Kodiaq,113.149 km,08/2020,Automatik,Diesel,110 kW (150 PS),7l/100km,186g CO2/km (komb)*,26.689
Volkswagen,SONSTIGE,54.006 km,09/2020,Manuell,Benzin,110 kW (150 PS),8l/100km,185g CO2/km (komb)*,27.789
Ford,Fiesta,75.444 km,12/2020,Manuell,Benzin,92 kW (125 PS),8l/100km,185g CO2/km (komb)*,14.649
Ford,Fiesta,52.845 km,09/2020,Manuell,Benzin,55 kW (75 PS),5l/100km,0g CO2/km (WLTP,12.849
Ford,Fiesta,51.368 km,10/2020,Manuell,Benzin,55 kW (75 PS),5l/100km,0g CO2/km (WLTP,12.849
Ford,Fiesta,52.687 km,10/2020,Manuell,Benzin,55 kW (75 PS),5l/100km,0g CO2/km (WLTP,12.849
Ford,Fiesta,68.388 km,11/2020,Manuell,Benzin,55 kW (75 PS),5l/100km,0g CO2/km (WLTP,12.849
Dacia,Sandero,89.227 km,11/2020,Manuell,Benzin,54 kW (73 PS),8l/100km,185g CO2/km (komb)*,9.048
Renault,Clio,43.235 km,01/2020,Manuell,Benzin,53 kW (72 PS),0l/100km,136g CO2/km (WLTP,13.048
Volkswagen,Polo,72.067 km,11/2020,Automatik,Benzin,147 kW (200 PS),8l/100km,185g CO2/km (komb)*,19.648
Audi,Q3,46.870 km,11/2020,Automatik,Diesel,147 kW (200 PS),2l/100km,163g CO2/km (WLTP,35.489
Ford,Fiesta,56.757 km,11/2020,Manuell,Benzin,55 kW (75 PS),5l/100km,0g CO2/km (WLTP,12.849
Ford,Fiesta,53.087 km,10/2020,Manuell,Benzin,55 kW (75 PS),5l/100km,0g CO2/km (WLTP,12.849
Ford,Fiesta,49.424 km,11/2020,Manuell,Benzin,55 kW (75 PS),5l/100km,0g CO2/km (WLTP,12.849
Volkswagen,Tiguan,44.125 km,10/2021,Automatik,Diesel,147 kW (200 PS),6l/100km,173g CO2/km (komb)*,36.089
Volkswagen,T-Roc,41.060 km,12/2021,Automatik,Benzin,110 kW (150 PS),8l/100km,120g CO2/km (komb)*,26.448
Ford,Focus,42.743 km,04/2021,Manuell,Benzin,92 kW (125 PS),8l/100km,185g CO2/km (komb)*,19.648
Land Rover,Discovery Sport,34.696 km,08/2021,Automatik,Diesel,132 kW (180 PS),7l/100km,187g CO2/km (komb)*,39.148
Land Rover,Discovery Sport,51.608 km,05/2021,Automatik,Diesel,110 kW (150 PS),7l/100km,187g CO2/km (komb)*,34.948
Mazda,CX-5,8.390 km,07/2021,Manuell,Benzin,121 kW (165 PS),6l/100km,172g CO2/km (WLTP,31.848
Renault,Kangoo,70.780 km,09/2021,Manuell,Diesel,55 kW (75 PS),2l/100km,137g CO2/km (WLTP,15.948
Jaguar,F-Pace,35.082 km,09/2021,Automatik,Diesel,132 kW (180 PS),4l/100km,194g CO2/km (WLTP,39.189
Volkswagen,T6 Kombi,73.078 km,05/2021,Automatik,Diesel,110 kW (150 PS),7l/100km,201g CO2/km (WLTP,36.749
Volkswagen,T6 Kombi,80.356 km,04/2021,Automatik,Diesel,110 kW (150 PS),7l/100km,201g CO2/km (WLTP,36.749
Volkswagen,T6 Kombi,76.389 km,03/2021,Automatik,Diesel,110 kW (150 PS),7l/100km,201g CO2/km (WLTP,36.749
Volkswagen,T6 Kombi,76.950 km,02/2021,Automatik,Diesel,110 kW (150 PS),7l/100km,202g CO2/km (WLTP,36.749
Volkswagen,T6 Transporter,117.970 km,06/2021,Automatik,Diesel,110 kW (150 PS),7l/100km,186g CO2/km (komb)*,28.489
Volkswagen,T6 Transporter,121.041 km,06/2021,Automatik,Diesel,110 kW (150 PS),7l/100km,186g CO2/km (komb)*,28.489
Volkswagen,T6 Kombi,73.078 km,06/2021,Automatik,Diesel,110 kW (150 PS),7l/100km,0g CO2/km (WLTP,39.149
Volkswagen,T6 Kombi,80.356 km,05/2021,Automatik,Diesel,110 kW (150 PS),7l/100km,0g CO2/km (WLTP,39.149
Volkswagen,Golf Variant,87.190 km,08/2021,Automatik,Benzin,96 kW (131 PS),8l/100km,185g CO2/km (komb)*,24.489
Volkswagen,T6 Kombi,76.389 km,04/2021,Automatik,Diesel,110 kW (150 PS),7l/100km,0g CO2/km (WLTP,39.149
Volkswagen,T6 Kombi,76.950 km,03/2021,Automatik,Diesel,110 kW (150 PS),7l/100km,0g CO2/km (WLTP,39.149
Volkswagen,Caddy,62.900 km,05/2021,Manuell,Diesel,75 kW (102 PS),7l/100km,186g CO2/km (komb)*,27.589
Seat,Leon,41.232 km,05/2021,Automatik,Benzin,110 kW (150 PS),8l/100km,185g CO2/km (komb)*,21.989
Ford,Kuga,11.200 km,12/2021,Manuell,Benzin,110 kW (150 PS),7l/100km,153g CO2/km (WLTP,25.289
Skoda,Karoq,52.803 km,11/2021,Automatik,Diesel,110 kW (150 PS),1l/100km,160g CO2/km (WLTP,32.889
Seat,Ateca,49.987 km,11/2021,Automatik,Diesel,110 kW (150 PS),9l/100km,156g CO2/km (WLTP,29.789
Volkswagen,Tiguan,48.720 km,09/2021,Automatik,Diesel,110 kW (150 PS),4l/100km,168g CO2/km (WLTP,38.389
Volkswagen,Tiguan,48.720 km,09/2021,Automatik,Diesel,110 kW (150 PS),4l/100km,168g CO2/km (WLTP,37.089
Seat,Leon,19.987 km,08/2021,Automatik,Diesel,110 kW (150 PS),4l/100km,116g CO2/km (WLTP,25.289
Skoda,Karoq,52.803 km,11/2021,Automatik,Diesel,110 kW (150 PS),1l/100km,160g CO2/km (WLTP,34.289
Seat,Leon,19.987 km,08/2021,Automatik,Diesel,110 kW (150 PS),4l/100km,116g CO2/km (WLTP,26.589
Ford,Focus,76.831 km,09/2021,Automatik,Diesel,88 kW (120 PS),9l/100km,126g CO2/km (WLTP,20.089
Jaguar,F-Pace,29.378 km,06/2021,Automatik,Benzin,405 kW (551 PS),0l/100km,0g CO2/km (WLTP,81.449
Jaguar,F-Type,25.037 km,07/2021,Automatik,Benzin,221 kW (301 PS),8l/100km,188g CO2/km (komb)*,56.948
Jaguar,I-Pace,39.761 km,03/2021,Automatik,Elektro,294 kW (400 PS),,0g CO2/km (WLTP,61.648
Ford,Kuga,37.300 km,09/2021,Manuell,Diesel,110 kW (150 PS),9l/100km,127g CO2/km (WLTP,23.089
Jaguar,F-Pace,60.846 km,10/2021,Automatik,Diesel,132 kW (180 PS),0l/100km,0g CO2/km (WLTP,42.349
Seat,Leon,62.650 km,06/2021,Manuell,Benzin,110 kW (150 PS),1l/100km,139g CO2/km (WLTP,26.489
Skoda,Octavia,45.756 km,10/2021,Automatik,Diesel,110 kW (150 PS),6l/100km,121g CO2/km (WLTP,29.789
Seat,Ibiza,28.833 km,10/2021,Manuell,Benzin,70 kW (95 PS),4l/100km,123g CO2/km (WLTP,16.689
Land Rover,Range Rover,63.499 km,03/2021,Automatik,Benzin,386 kW (525 PS),8l/100km,294g CO2/km (komb)*,107.748
Kia,Sportage,65.450 km,07/2021,Automatik,Benzin,130 kW (177 PS),8l/100km,185g CO2/km (komb)*,28.789
Volkswagen,Passat Variant,109.734 km,11/2021,Automatik,Hybrid (Elektro / Benzin),160 kW (218 PS),8l/100km,85g CO2/km (komb)*,22.489
Volkswagen,Passat Variant,113.850 km,12/2021,Automatik,Diesel,110 kW (150 PS),7l/100km,186g CO2/km (komb)*,21.489
Ford,Transit Connect,30.650 km,08/2021,Manuell,Diesel,74 kW (101 PS),7l/100km,124g CO2/km (komb)*,23.289
Kia,Sportage,74.576 km,04/2021,Automatik,Benzin,130 kW (177 PS),8l/100km,185g CO2/km (komb)*,26.789
Skoda,Fabia,22.099 km,10/2021,Automatik,Benzin,70 kW (95 PS),8l/100km,131g CO2/km (WLTP,20.289
Ssangyong,Tivoli,65.844 km,04/2021,Manuell,Benzin,120 kW (163 PS),8l/100km,185g CO2/km (komb)*,14.948
Opel,Crossland X,25.135 km,05/2021,Manuell,Benzin,81 kW (110 PS),3l/100km,141g CO2/km (WLTP,19.089
Dacia,Sandero,40.190 km,12/2021,Manuell,Autogas,74 kW (101 PS),,135g CO2/km (WLTP,16.548
Renault,Captur,20.226 km,03/2021,Automatik,Benzin,103 kW (140 PS),8l/100km,185g CO2/km (komb)*,23.348
Renault,Kangoo,32.725 km,07/2021,Manuell,Benzin,96 kW (131 PS),0l/100km,144g CO2/km (WLTP,24.348
Mazda,CX-3,32.370 km,05/2021,Manuell,Benzin,89 kW (121 PS),2l/100km,0g CO2/km (WLTP,21.248
Renault,Clio,14.090 km,04/2021,Manuell,Benzin,67 kW (91 PS),0l/100km,132g CO2/km (WLTP,17.548
Volkswagen,Caddy,54.990 km,12/2021,Automatik,Diesel,90 kW (122 PS),7l/100km,186g CO2/km (komb)*,33.489
Renault,ZOE,38.971 km,12/2021,Automatik,Elektro,51 kW (69 PS),,0g CO2/km (WLTP,14.948
Seat,Leon,53.177 km,08/2021,Automatik,Diesel,110 kW (150 PS),5l/100km,118g CO2/km (WLTP,24.689
Volkswagen,T-Roc,36.795 km,09/2021,Automatik,Diesel,110 kW (150 PS),1l/100km,134g CO2/km (WLTP,28.789
Volkswagen,T-Roc,36.795 km,09/2021,Automatik,Diesel,110 kW (150 PS),1l/100km,134g CO2/km (WLTP,30.089
Skoda,Octavia,53.669 km,01/2021,Manuell,Benzin,110 kW (150 PS),7l/100km,130g CO2/km (WLTP,25.689
Opel,Corsa,64.951 km,02/2021,Manuell,Benzin,55 kW (75 PS),6l/100km,0g CO2/km (WLTP,12.448
Renault,Captur,29.999 km,04/2021,Manuell,Benzin,103 kW (140 PS),0l/100km,148g CO2/km (WLTP,20.048
Dacia,Sandero,30.407 km,12/2021,Manuell,Autogas,67 kW (91 PS),,96g CO2/km (komb)*,15.448
Renault,Clio,17.435 km,12/2021,Manuell,Benzin,67 kW (91 PS),0l/100km,132g CO2/km (WLTP,14.348
Renault,Captur,22.890 km,06/2021,Manuell,Benzin,103 kW (140 PS),0l/100km,148g CO2/km (WLTP,21.748
Volkswagen,Passat Variant,89.564 km,11/2021,Automatik,Diesel,110 kW (150 PS),7l/100km,186g CO2/km (komb)*,24.989
Ford,Mondeo,32.677 km,11/2021,Automatik,Hybrid (Elektro / Benzin),138 kW (190 PS),1l/100km,94g CO2/km (komb)*,28.549
Skoda,Superb,23.826 km,03/2021,Automatik,Benzin,160 kW (220 PS),8l/100km,145g CO2/km (komb)*,34.989
Seat,Leon,19.987 km,05/2021,Automatik,Diesel,110 kW (150 PS),7l/100km,123g CO2/km (WLTP,26.689
Renault,ZOE,15.090 km,08/2021,Automatik,Elektro,100 kW (136 PS),,0g CO2/km (WLTP,16.948
Renault,Clio,30.190 km,05/2021,Manuell,Benzin,67 kW (91 PS),8l/100km,185g CO2/km (komb)*,16.548
Jaguar,F-Pace,56.488 km,07/2021,Automatik,Hybrid (Elektro / Benzin),297 kW (301 PS),4l/100km,32g CO2/km (komb)*,48.148
Hyundai,i30,58.790 km,08/2021,Automatik,Benzin,117 kW (159 PS),0l/100km,142g CO2/km (WLTP,23.248
Ford,SONSTIGE,55.819 km,02/2021,Manuell,Diesel,77 kW (105 PS),7l/100km,186g CO2/km (komb)*,33.589
Opel,Crossland X,30.040 km,08/2021,Manuell,Benzin,96 kW (131 PS),6l/100km,137g CO2/km (WLTP,19.289
Hyundai,Kona,18.700 km,11/2021,Manuell,Benzin,88 kW (120 PS),8l/100km,185g CO2/km (komb)*,21.089
Dacia,Duster,35.342 km,09/2021,Manuell,Benzin,110 kW (150 PS),0l/100km,147g CO2/km (WLTP,19.848
Skoda,Fabia,31.771 km,06/2021,Manuell,Benzin,44 kW (60 PS),8l/100km,185g CO2/km (komb)*,14.548
Citroen,Jumpy,62.686 km,09/2021,Automatik,Diesel,90 kW (122 PS),7l/100km,186g CO2/km (komb)*,23.689
Ford,Focus,79.000 km,10/2021,Manuell,Benzin,92 kW (125 PS),1l/100km,116g CO2/km (WLTP,18.889
Dacia,Duster,52.672 km,11/2021,Manuell,Autogas,67 kW (91 PS),,96g CO2/km (komb)*,16.948
Renault,Captur,47.438 km,12/2021,Manuell,Hybrid (Elektro / Benzin),68 kW (92 PS),4l/100km,34g CO2/km (komb)*,22.848
Volkswagen,Crafter,95.100 km,11/2021,Manuell,Diesel,103 kW (140 PS),7l/100km,186g CO2/km (komb)*,37.849
Ford,Kuga,42.720 km,07/2021,Manuell,Benzin,110 kW (150 PS),7l/100km,160g CO2/km (WLTP,28.189
Volkswagen,Tiguan,44.125 km,09/2021,Automatik,Diesel,147 kW (200 PS),6l/100km,173g CO2/km (WLTP,37.389
Renault,ZOE,63.941 km,11/2021,Automatik,Elektro,99 kW (135 PS),,0g CO2/km (WLTP,16.648
Renault,ZOE,32.699 km,12/2021,Automatik,Elektro,99 kW (135 PS),,0g CO2/km (WLTP,17.048
Skoda,Karoq,12.389 km,06/2021,Manuell,Benzin,110 kW (150 PS),5l/100km,147g CO2/km (WLTP,31.089
Seat,Ateca,29.322 km,05/2021,Automatik,Diesel,110 kW (150 PS),4l/100km,168g CO2/km (WLTP,34.989
Audi,Q2,27.405 km,12/2021,Automatik,Benzin,110 kW (150 PS),3l/100km,144g CO2/km (WLTP,27.689
Skoda,Karoq,47.320 km,09/2021,Automatik,Diesel,110 kW (150 PS),9l/100km,155g CO2/km (WLTP,33.989
Seat,Ateca,29.322 km,05/2021,Automatik,Diesel,110 kW (150 PS),4l/100km,168g CO2/km (WLTP,36.289
Skoda,Fabia,28.346 km,05/2021,Manuell,Benzin,44 kW (60 PS),5l/100km,125g CO2/km (WLTP,14.289
Skoda,Karoq,33.525 km,05/2021,Manuell,Benzin,110 kW (150 PS),5l/100km,147g CO2/km (WLTP,26.689
Seat,Ateca,46.921 km,07/2021,Automatik,Diesel,110 kW (150 PS),2l/100km,137g CO2/km (WLTP,28.789
Seat,Ateca,46.921 km,07/2021,Automatik,Diesel,110 kW (150 PS),2l/100km,137g CO2/km (WLTP,30.089
Skoda,Karoq,33.525 km,05/2021,Manuell,Benzin,110 kW (150 PS),5l/100km,147g CO2/km (WLTP,27.989
Seat,Ibiza,22.886 km,07/2021,Manuell,Benzin,70 kW (95 PS),8l/100km,106g CO2/km (komb)*,17.689
Seat,Ibiza,46.628 km,04/2021,Manuell,Diesel,70 kW (95 PS),8l/100km,126g CO2/km (WLTP,17.689
Seat,Ateca,24.224 km,07/2021,Automatik,Diesel,110 kW (150 PS),4l/100km,167g CO2/km (WLTP,33.989
Skoda,Octavia,18.365 km,06/2021,Manuell,Benzin,110 kW (150 PS),9l/100km,134g CO2/km (WLTP,30.889
Land Rover,Range Rover Evoque,26.066 km,09/2021,Manuell,Hybrid (Elektro / Benzin),147 kW (200 PS),2l/100km,43g CO2/km (komb)*,38.748
Skoda,Octavia,17.306 km,09/2021,Automatik,Hybrid (Elektro / Benzin),150 kW (204 PS),8l/100km,85g CO2/km (komb)*,28.189
Ford,Ranger,37.450 km,09/2021,Automatik,Diesel,156 kW (212 PS),7l/100km,186g CO2/km (komb)*,43.789
Ford,Fiesta,55.893 km,01/2021,Manuell,Benzin,147 kW (200 PS),8l/100km,185g CO2/km (komb)*,22.689
Skoda,Octavia,51.930 km,10/2021,Automatik,Benzin,180 kW (245 PS),9l/100km,157g CO2/km (WLTP,36.589
Ford,SONSTIGE,98.719 km,01/2021,Manuell,Diesel,125 kW (170 PS),7l/100km,186g CO2/km (komb)*,30.889
Ford,SONSTIGE,68.180 km,03/2021,Manuell,Diesel,96 kW (131 PS),7l/100km,186g CO2/km (komb)*,34.389
Ford,Kuga,84.600 km,06/2021,Automatik,Hybrid (Elektro / Benzin),165 kW (224 PS),8l/100km,85g CO2/km (komb)*,26.489
Ford,Fiesta,24.723 km,12/2021,Manuell,Benzin,114 kW (155 PS),9l/100km,133g CO2/km (WLTP,21.789
Ford,Focus,97.365 km,01/2021,Manuell,Benzin,114 kW (155 PS),3l/100km,120g CO2/km (WLTP,19.989
Renault,ZOE,17.420 km,11/2021,Automatik,Elektro,99 kW (69 PS),,0g CO2/km (WLTP,19.048
Mazda,CX-30,14.500 km,06/2021,Automatik,Benzin,132 kW (180 PS),9l/100km,111g CO2/km (komb)*,27.448
Volkswagen,Golf,55.170 km,01/2021,Automatik,Benzin,180 kW (245 PS),8l/100km,185g CO2/km (komb)*,30.089
Ford,Kuga,43.189 km,07/2021,Automatik,Hybrid (Elektro / Benzin),165 kW (224 PS),8l/100km,85g CO2/km (komb)*,29.889
Volkswagen,Tiguan,76.578 km,12/2021,Automatik,Diesel,110 kW (150 PS),7l/100km,186g CO2/km (komb)*,34.189
Audi,SQ5,53.944 km,12/2021,Automatik,Diesel,251 kW (341 PS),7l/100km,186g CO2/km (komb)*,58.489
Audi,SQ8,59.208 km,01/2021,Automatik,Benzin,373 kW (507 PS),8l/100km,185g CO2/km (komb)*,78.589
Skoda,Octavia,109.107 km,02/2021,Automatik,Diesel,110 kW (150 PS),7l/100km,186g CO2/km (komb)*,22.489
Ford,Tourneo Connect,35.342 km,10/2021,Manuell,Diesel,88 kW (120 PS),8l/100km,153g CO2/km (WLTP,28.689
Volkswagen,T-Roc,36.310 km,07/2021,Manuell,Benzin,110 kW (150 PS),8l/100km,185g CO2/km (komb)*,24.489
Volkswagen,Passat Variant,77.463 km,02/2021,Automatik,Hybrid (Elektro / Benzin),160 kW (218 PS),8l/100km,85g CO2/km (komb)*,27.189
Skoda,Fabia,13.341 km,01/2021,Manuell,Benzin,44 kW (60 PS),8l/100km,130g CO2/km (WLTP,14.289
Ford,Puma,33.250 km,07/2021,Manuell,Benzin,92 kW (125 PS),4l/100km,121g CO2/km (WLTP,21.389
Audi,SONSTIGE,93.522 km,01/2021,Automatik,Diesel,120 kW (163 PS),7l/100km,186g CO2/km (komb)*,28.089
Land Rover,Range Rover Evoque,49.585 km,10/2021,Automatik,Hybrid (Elektro / Benzin),227 kW (309 PS),4l/100km,32g CO2/km (komb)*,41.848
Cupra,Formentor,60.778 km,04/2021,Automatik,Benzin,110 kW (150 PS),8l/100km,185g CO2/km (komb)*,26.589
Jaguar,E-Pace,42.073 km,11/2021,Automatik,Hybrid (Elektro / Benzin),227 kW (309 PS),4l/100km,45g CO2/km (komb)*,36.848
Volkswagen,T-Roc,98.373 km,05/2021,Automatik,Benzin,110 kW (150 PS),8l/100km,185g CO2/km (komb)*,22.889
Mercedes-Benz,Vito,79.301 km,02/2021,Automatik,Diesel,140 kW (190 PS),7l/100km,186g CO2/km (komb)*,44.389
Mercedes-Benz,Vito,91.937 km,10/2021,Manuell,Diesel,100 kW (136 PS),7l/100km,186g CO2/km (komb)*,25.089
Audi,SONSTIGE,39.821 km,01/2021,Automatik,Hybrid (Elektro / Benzin),110 kW (150 PS),8l/100km,85g CO2/km (komb)*,28.789
Audi,SONSTIGE,67.342 km,12/2021,Automatik,Hybrid (Elektro / Benzin),195 kW (265 PS),8l/100km,85g CO2/km (komb)*,49.589
Volkswagen,T6 Multivan,102.582 km,06/2021,Automatik,Diesel,110 kW (150 PS),7l/100km,186g CO2/km (komb)*,42.289
Audi,SONSTIGE,65.984 km,12/2021,Automatik,Hybrid (Elektro / Benzin),195 kW (265 PS),8l/100km,85g CO2/km (komb)*,46.789
Volkswagen,Golf,84.768 km,11/2021,Automatik,Diesel,110 kW (150 PS),7l/100km,186g CO2/km (komb)*,24.289
Volkswagen,T-Roc,108.844 km,11/2021,Automatik,Diesel,110 kW (150 PS),7l/100km,186g CO2/km (komb)*,23.289
Audi,S6,101.462 km,12/2021,Automatik,Diesel,253 kW (344 PS),7l/100km,186g CO2/km (komb)*,58.789
Volkswagen,Sharan,46.896 km,12/2021,Automatik,Benzin,110 kW (150 PS),8l/100km,185g CO2/km (komb)*,35.389
Volkswagen,Passat,51.783 km,06/2021,Automatik,Benzin,160 kW (218 PS),8l/100km,185g CO2/km (komb)*,29.089
Volkswagen,Tiguan,47.896 km,06/2021,Automatik,Diesel,110 kW (150 PS),7l/100km,186g CO2/km (komb)*,32.689
Volkswagen,Arteon,44.490 km,11/2021,Automatik,Hybrid (Elektro / Benzin),160 kW (218 PS),8l/100km,85g CO2/km (komb)*,34.589
Volkswagen,T6 Transporter,51.458 km,09/2021,Manuell,Diesel,81 kW (110 PS),7l/100km,186g CO2/km (komb)*,25.889
Volkswagen,Tiguan,83.926 km,12/2021,Automatik,Diesel,110 kW (150 PS),7l/100km,186g CO2/km (komb)*,32.689
Volkswagen,T6 Multivan,89.999 km,07/2021,Automatik,Diesel,150 kW (204 PS),7l/100km,186g CO2/km (komb)*,47.689
Audi,RSQ3,95.150 km,06/2021,Automatik,Benzin,294 kW (400 PS),8l/100km,185g CO2/km (komb)*,48.989
Audi,SONSTIGE,106.367 km,12/2021,Automatik,Hybrid (Elektro / Benzin),220 kW (299 PS),8l/100km,85g CO2/km (komb)*,39.189
Audi,Q7,104.211 km,02/2021,Automatik,Hybrid (Elektro / Benzin),250 kW (340 PS),8l/100km,85g CO2/km (komb)*,54.189
Ford,Puma,29.500 km,08/2021,Manuell,Benzin,147 kW (200 PS),8l/100km,185g CO2/km (komb)*,26.589
Volkswagen,Crafter,84.357 km,12/2021,Manuell,Diesel,130 kW (177 PS),7l/100km,186g CO2/km (komb)*,32.489
Ford,SONSTIGE,31.800 km,10/2021,Manuell,Diesel,96 kW (131 PS),4l/100km,195g CO2/km (WLTP,32.289
Audi,Q8,88.267 km,11/2021,Automatik,Diesel,210 kW (286 PS),7l/100km,186g CO2/km (komb)*,66.889
Audi,SQ5,80.061 km,09/2021,Automatik,Diesel,251 kW (341 PS),7l/100km,186g CO2/km (komb)*,58.989
Jaguar,F-Pace,57.204 km,11/2021,Automatik,Hybrid (Elektro / Benzin),297 kW (301 PS),4l/100km,32g CO2/km (komb)*,46.348
Seat,Leon,48.500 km,11/2021,Automatik,Diesel,110 kW (150 PS),6l/100km,120g CO2/km (WLTP,26.589
Audi,SONSTIGE,52.064 km,06/2021,Automatik,Benzin,180 kW (245 PS),8l/100km,185g CO2/km (komb)*,43.389
Ford,Ranger,48.743 km,04/2021,Automatik,Diesel,156 kW (212 PS),7l/100km,186g CO2/km (komb)*,40.489
Seat,Ibiza,9.987 km,08/2021,Manuell,Benzin,59 kW (80 PS),5l/100km,125g CO2/km (WLTP,16.289
Skoda,Fabia,15.385 km,12/2021,Manuell,Benzin,70 kW (95 PS),4l/100km,123g CO2/km (WLTP,17.689
Cupra,Leon,29.987 km,05/2021,Automatik,Benzin,180 kW (245 PS),8l/100km,185g CO2/km (komb)*,26.689
Skoda,Octavia,49.119 km,07/2021,Manuell,Benzin,110 kW (150 PS),6l/100km,126g CO2/km (WLTP,25.989
Seat,Ibiza,28.501 km,12/2021,Manuell,Benzin,81 kW (110 PS),1l/100km,116g CO2/km (WLTP,18.689
Seat,Ibiza,32.055 km,12/2021,Automatik,Benzin,110 kW (150 PS),1l/100km,140g CO2/km (WLTP,23.689
Seat,Leon,29.987 km,12/2021,Automatik,Diesel,110 kW (150 PS),5l/100km,117g CO2/km (WLTP,25.289
Skoda,Scala,34.486 km,06/2021,Manuell,Benzin,110 kW (150 PS),6l/100km,127g CO2/km (WLTP,21.689
Seat,Arona,29.662 km,07/2021,Automatik,Benzin,110 kW (150 PS),3l/100km,144g CO2/km (WLTP,24.689
Cupra,Leon,26.832 km,09/2021,Automatik,Benzin,180 kW (245 PS),8l/100km,185g CO2/km (komb)*,28.789
Skoda,Fabia,13.342 km,11/2021,Manuell,Benzin,70 kW (95 PS),4l/100km,123g CO2/km (WLTP,18.589
Cupra,Leon,23.412 km,08/2021,Automatik,Benzin,180 kW (245 PS),8l/100km,185g CO2/km (komb)*,27.689
Volkswagen,up!,28.554 km,12/2021,Manuell,Benzin,48 kW (65 PS),1l/100km,116g CO2/km (WLTP,13.289
Seat,Leon,68.440 km,12/2021,Automatik,Diesel,110 kW (150 PS),5l/100km,118g CO2/km (WLTP,23.989
Ford,S-Max,66.749 km,01/2021,Automatik,Diesel,140 kW (190 PS),7l/100km,186g CO2/km (komb)*,33.289
Seat,Leon,77.678 km,11/2021,Automatik,Diesel,110 kW (150 PS),4l/100km,116g CO2/km (WLTP,20.689
Opel,Astra,54.350 km,09/2021,Manuell,Diesel,77 kW (105 PS),3l/100km,113g CO2/km (WLTP,15.689
Skoda,Octavia,28.595 km,11/2021,Automatik,Benzin,150 kW (204 PS),8l/100km,185g CO2/km (komb)*,26.689
Seat,Ateca,14.457 km,02/2021,Automatik,Benzin,110 kW (150 PS),8l/100km,155g CO2/km (WLTP,30.089
Volkswagen,Arteon,29.987 km,07/2021,Automatik,Diesel,147 kW (200 PS),7l/100km,149g CO2/km (WLTP,38.389
Ford,Fiesta,49.459 km,05/2021,Manuell,Benzin,55 kW (75 PS),7l/100km,129g CO2/km (WLTP,13.989
Seat,Leon,68.440 km,12/2021,Automatik,Diesel,110 kW (150 PS),5l/100km,118g CO2/km (WLTP,22.689
Skoda,Octavia,35.967 km,10/2021,Automatik,Diesel,110 kW (150 PS),6l/100km,121g CO2/km (WLTP,27.689
Volkswagen,Passat,87.739 km,03/2021,Manuell,Diesel,110 kW (150 PS),9l/100km,128g CO2/km (WLTP,21.689
Ford,Transit Custom,46.589 km,01/2021,Manuell,Diesel,96 kW (131 PS),7l/100km,186g CO2/km (komb)*,26.989
Volkswagen,Touareg,34.263 km,01/2021,Automatik,Diesel,210 kW (286 PS),5l/100km,222g CO2/km (WLTP,59.389
Seat,Leon,77.678 km,11/2021,Automatik,Diesel,110 kW (150 PS),4l/100km,116g CO2/km (WLTP,21.989
Skoda,Octavia,19.987 km,11/2021,Automatik,Diesel,147 kW (200 PS),7l/100km,186g CO2/km (komb)*,39.189
Skoda,Scala,35.688 km,07/2021,Automatik,Benzin,110 kW (150 PS),9l/100km,134g CO2/km (WLTP,23.689
Seat,Arona,29.662 km,07/2021,Automatik,Benzin,110 kW (150 PS),3l/100km,144g CO2/km (WLTP,25.989
Skoda,Octavia,58.490 km,12/2021,Automatik,Diesel,110 kW (150 PS),5l/100km,119g CO2/km (WLTP,28.789
Volkswagen,Golf,81.444 km,06/2021,Manuell,Diesel,85 kW (116 PS),6l/100km,120g CO2/km (WLTP,20.289
Volkswagen,up!,27.792 km,12/2021,Manuell,Benzin,48 kW (65 PS),1l/100km,116g CO2/km (WLTP,13.689
Seat,Ateca,39.987 km,01/2021,Automatik,Diesel,110 kW (150 PS),6l/100km,157g CO2/km (WLTP,31.889
Seat,Ateca,14.457 km,02/2021,Automatik,Benzin,110 kW (150 PS),8l/100km,155g CO2/km (WLTP,28.789
Skoda,Octavia,49.119 km,07/2021,Manuell,Benzin,110 kW (150 PS),6l/100km,126g CO2/km (WLTP,24.689
Volkswagen,ID.3,53.500 km,12/2021,Automatik,Elektro,150 kW (204 PS),,0g CO2/km (komb)*,30.789
Volkswagen,ID.4,90.000 km,04/2021,Automatik,Elektro,150 kW (204 PS),,0g CO2/km (komb)*,32.989
Audi,Q4 e-tron,34.760 km,04/2021,Automatik,Elektro,150 kW (204 PS),,0g CO2/km (komb)*,46.689
Volkswagen,Passat Variant,33.780 km,09/2021,Automatik,Hybrid (Elektro / Benzin),160 kW (218 PS),1l/100km,138g CO2/km (WLTP,28.689
Skoda,Enyaq iV,90.348 km,07/2021,Automatik,Elektro,150 kW (204 PS),,0g CO2/km (komb)*,32.089
Volkswagen,ID.4,34.659 km,07/2021,Automatik,Elektro,125 kW (170 PS),,0g CO2/km (komb)*,25.689
Volkswagen,ID.4,46.870 km,05/2021,Automatik,Elektro,125 kW (170 PS),,0g CO2/km (komb)*,23.989
Skoda,Enyaq iV,49.048 km,08/2021,Automatik,Elektro,132 kW (180 PS),,0g CO2/km (komb)*,27.189
Ford,Kuga,32.200 km,12/2021,Automatik,Hybrid (Elektro / Benzin),165 kW (224 PS),8l/100km,85g CO2/km (komb)*,31.589
Ford,Puma,25.296 km,08/2021,Manuell,Benzin,92 kW (125 PS),6l/100km,135g CO2/km (WLTP,22.389
Cupra,Formentor,39.637 km,03/2021,Automatik,Benzin,228 kW (310 PS),8l/100km,185g CO2/km (komb)*,34.589
Cupra,Formentor,19.354 km,01/2021,Automatik,Benzin,228 kW (310 PS),8l/100km,185g CO2/km (komb)*,34.589
Volkswagen,Golf,30.887 km,12/2021,Automatik,Benzin,235 kW (320 PS),8l/100km,185g CO2/km (komb)*,41.789
Volkswagen,T-Cross,39.797 km,12/2021,Automatik,Benzin,81 kW (110 PS),8l/100km,185g CO2/km (komb)*,25.489
Audi,Q4 e-tron,51.995 km,06/2021,Automatik,Elektro,150 kW (204 PS),,0g CO2/km (komb)*,42.189
Audi,Q4 e-tron,48.020 km,10/2021,Automatik,Elektro,125 kW (170 PS),,0g CO2/km (komb)*,30.589
Volkswagen,ID.3,54.937 km,11/2021,Automatik,Elektro,110 kW (150 PS),,0g CO2/km (komb)*,20.889
Audi,Q4 e-tron,113.111 km,12/2021,Automatik,Elektro,220 kW (299 PS),,0g CO2/km (komb)*,38.189
Renault,Captur,46.753 km,12/2021,Automatik,Hybrid (Elektro / Benzin),116 kW (92 PS),4l/100km,32g CO2/km (komb)*,21.148
Ford,Mustang,30.379 km,09/2021,Automatik,Benzin,330 kW (449 PS),5l/100km,265g CO2/km (WLTP,50.589
Volkswagen,up!,25.232 km,09/2021,Automatik,Elektro,61 kW (83 PS),,0g CO2/km (komb)*,14.489
Opel,Corsa-e,18.180 km,04/2021,Automatik,Elektro,100 kW (136 PS),,0g CO2/km (komb)*,18.289
Opel,Corsa-e,5.984 km,04/2021,Automatik,Elektro,100 kW (136 PS),,0g CO2/km (komb)*,18.689
Opel,Mokka-e,19.071 km,06/2021,Automatik,Elektro,100 kW (136 PS),,0g CO2/km (komb)*,17.689
Opel,Corsa-e,13.775 km,06/2021,Automatik,Elektro,100 kW (136 PS),,0g CO2/km (komb)*,18.289
Opel,Mokka-e,32.325 km,04/2021,Automatik,Elektro,100 kW (136 PS),,0g CO2/km (komb)*,19.289
Opel,Mokka-e,29.575 km,05/2021,Automatik,Elektro,100 kW (136 PS),,0g CO2/km (komb)*,18.689
Opel,Corsa-e,21.507 km,04/2021,Automatik,Elektro,100 kW (136 PS),,0g CO2/km (komb)*,17.689
Opel,Corsa-e,17.819 km,05/2021,Automatik,Elektro,100 kW (136 PS),,0g CO2/km (komb)*,18.089
Volkswagen,up!,9.987 km,05/2021,Automatik,Elektro,61 kW (83 PS),,0g CO2/km (komb)*,16.289
Volkswagen,ID.3,2.662 km,11/2021,Automatik,Elektro,110 kW (150 PS),,0g CO2/km (komb)*,23.689
Opel,Mokka-e,14.249 km,04/2021,Automatik,Elektro,100 kW (136 PS),,0g CO2/km (komb)*,17.289
Opel,Corsa-e,17.198 km,05/2021,Automatik,Elektro,100 kW (136 PS),,0g CO2/km (komb)*,18.289
Opel,Corsa-e,22.689 km,10/2021,Automatik,Elektro,100 kW (136 PS),,0g CO2/km (komb)*,17.689
Opel,Corsa-e,29.018 km,09/2021,Automatik,Elektro,100 kW (136 PS),,0g CO2/km (komb)*,17.689
Opel,Corsa-e,27.592 km,05/2021,Automatik,Elektro,100 kW (136 PS),,0g CO2/km (komb)*,17.689
Opel,Corsa-e,15.573 km,09/2021,Automatik,Elektro,100 kW (136 PS),,0g CO2/km (komb)*,18.689
Opel,Mokka-e,20.966 km,06/2021,Automatik,Elektro,100 kW (136 PS),,0g CO2/km (komb)*,19.689
Opel,Corsa-e,18.221 km,10/2021,Automatik,Elektro,100 kW (136 PS),,0g CO2/km (komb)*,18.489
Opel,Corsa-e,15.492 km,08/2021,Automatik,Elektro,100 kW (136 PS),,0g CO2/km (komb)*,18.689
Opel,Corsa-e,13.393 km,05/2021,Automatik,Elektro,100 kW (136 PS),,0g CO2/km (komb)*,18.689
Opel,Corsa-e,22.509 km,01/2021,Automatik,Elektro,100 kW (136 PS),,0g CO2/km (komb)*,16.689
Opel,Corsa-e,19.763 km,05/2021,Automatik,Elektro,100 kW (136 PS),,0g CO2/km (komb)*,18.689
Opel,Corsa-e,17.743 km,06/2021,Automatik,Elektro,100 kW (136 PS),,0g CO2/km (komb)*,18.289
Seat,Mii,14.009 km,10/2021,Automatik,Elektro,61 kW (83 PS),,0g CO2/km (komb)*,15.489
Opel,Corsa-e,17.010 km,10/2021,Automatik,Elektro,100 kW (136 PS),,0g CO2/km (komb)*,18.289
Opel,Corsa-e,12.177 km,05/2021,Automatik,Elektro,100 kW (136 PS),,0g CO2/km (komb)*,18.689
Skoda,Octavia,119.059 km,03/2021,Automatik,Diesel,110 kW (150 PS),7l/100km,186g CO2/km (komb)*,23.589
Audi,Q3,79.362 km,12/2021,Automatik,Hybrid (Elektro / Benzin),180 kW (245 PS),8l/100km,85g CO2/km (komb)*,38.589
Ford,Fiesta,72.945 km,09/2021,Manuell,Benzin,55 kW (75 PS),7l/100km,129g CO2/km (WLTP,12.989
Ford,Ranger,79.745 km,10/2021,Automatik,Diesel,156 kW (212 PS),7l/100km,186g CO2/km (komb)*,35.289
Ford,Puma,38.918 km,05/2021,Automatik,Benzin,92 kW (125 PS),1l/100km,138g CO2/km (WLTP,22.989
Ford,Puma,51.712 km,03/2021,Manuell,Benzin,114 kW (155 PS),8l/100km,185g CO2/km (komb)*,22.989
Ford,Puma,31.831 km,08/2021,Manuell,Benzin,92 kW (125 PS),6l/100km,135g CO2/km (WLTP,21.989
Ford,SONSTIGE,63.387 km,10/2021,Manuell,Benzin,114 kW (155 PS),1l/100km,138g CO2/km (WLTP,20.989
Ford,Puma,32.391 km,02/2021,Manuell,Benzin,114 kW (155 PS),8l/100km,185g CO2/km (komb)*,21.989
Ford,Focus,13.542 km,11/2021,Manuell,Benzin,114 kW (155 PS),9l/100km,134g CO2/km (WLTP,22.589
Ford,Mustang,54.492 km,06/2021,Automatik,Benzin,331 kW (450 PS),8l/100km,185g CO2/km (komb)*,44.689
Ford,Puma,33.644 km,11/2021,Manuell,Benzin,114 kW (155 PS),1l/100km,138g CO2/km (WLTP,22.989
Ford,Puma,47.752 km,01/2021,Automatik,Benzin,92 kW (125 PS),8l/100km,185g CO2/km (komb)*,23.989
Ford,Focus,37.740 km,03/2021,Automatik,Diesel,110 kW (150 PS),7l/100km,186g CO2/km (komb)*,22.989
Ford,Kuga,35.732 km,02/2021,Manuell,Benzin,110 kW (150 PS),8l/100km,185g CO2/km (komb)*,24.989
Ford,Puma,22.781 km,08/2021,Manuell,Benzin,147 kW (200 PS),8l/100km,185g CO2/km (komb)*,24.989
Ford,Kuga,29.487 km,07/2021,Automatik,Benzin,140 kW (190 PS),8l/100km,185g CO2/km (komb)*,30.089
Ford,Transit Custom,69.272 km,10/2021,Manuell,Diesel,96 kW (131 PS),7l/100km,186g CO2/km (komb)*,32.189
Ford,Ranger,30.556 km,05/2021,Automatik,Diesel,156 kW (212 PS),7l/100km,186g CO2/km (komb)*,48.389
Volkswagen,Passat Variant,31.080 km,05/2021,Automatik,Hybrid (Elektro / Benzin),160 kW (218 PS),1l/100km,139g CO2/km (WLTP,28.689
Volkswagen,Golf Variant,106.940 km,12/2021,Automatik,Diesel,110 kW (150 PS),7l/100km,186g CO2/km (komb)*,23.489
Audi,SONSTIGE,67.259 km,05/2021,Automatik,Hybrid (Elektro / Benzin),150 kW (204 PS),8l/100km,85g CO2/km (komb)*,27.489
BMW,SONSTIGE,61.230 km,03/2021,Automatik,Diesel,140 kW (190 PS),8l/100km,151g CO2/km (WLTP,40.189
Skoda,Karoq,26.259 km,01/2021,Automatik,Benzin,110 kW (150 PS),4l/100km,146g CO2/km (WLTP,29.289
Skoda,Karoq,51.676 km,12/2021,Automatik,Benzin,110 kW (150 PS),8l/100km,185g CO2/km (komb)*,27.089
Volkswagen,T-Cross,42.243 km,10/2021,Automatik,Benzin,81 kW (110 PS),8l/100km,185g CO2/km (komb)*,24.889
Skoda,Octavia,112.369 km,02/2021,Automatik,Diesel,110 kW (150 PS),7l/100km,186g CO2/km (komb)*,23.589
Audi,A4 Allroad,76.847 km,01/2021,Automatik,Diesel,140 kW (190 PS),7l/100km,186g CO2/km (komb)*,37.189
Jaguar,E-Pace,31.092 km,11/2021,Automatik,Hybrid (Elektro / Benzin),227 kW (309 PS),4l/100km,32g CO2/km (komb)*,40.048
Volkswagen,Polo,53.083 km,06/2021,Automatik,Benzin,70 kW (95 PS),8l/100km,185g CO2/km (komb)*,19.589
Volkswagen,ID.3,30.333 km,07/2021,Automatik,Elektro,110 kW (150 PS),,0g CO2/km (komb)*,19.689
Volkswagen,T6 Caravelle,65.526 km,06/2021,Automatik,Diesel,110 kW (150 PS),7l/100km,186g CO2/km (komb)*,43.589
Volkswagen,Passat,83.816 km,06/2021,Automatik,Diesel,147 kW (200 PS),7l/100km,186g CO2/km (komb)*,30.189
Volkswagen,Golf,27.501 km,12/2021,Automatik,Benzin,180 kW (245 PS),8l/100km,185g CO2/km (komb)*,25.989
Volkswagen,Passat,28.515 km,07/2021,Automatik,Diesel,110 kW (150 PS),7l/100km,186g CO2/km (komb)*,31.189
Ford,Fiesta,67.300 km,11/2021,Manuell,Benzin,55 kW (75 PS),7l/100km,129g CO2/km (WLTP,13.589
Renault,Twingo,15.940 km,07/2021,Automatik,Elektro,60 kW (82 PS),,0g CO2/km (WLTP,14.948
Seat,Ateca,45.750 km,03/2021,Automatik,Benzin,110 kW (150 PS),9l/100km,157g CO2/km (WLTP,28.689
Cupra,Leon,32.492 km,08/2021,Automatik,Benzin,180 kW (245 PS),8l/100km,185g CO2/km (komb)*,26.689
Cupra,Formentor,27.378 km,12/2021,Automatik,Benzin,180 kW (245 PS),8l/100km,185g CO2/km (komb)*,29.789
Seat,Ateca,28.997 km,12/2021,Manuell,Benzin,110 kW (150 PS),7l/100km,152g CO2/km (WLTP,26.689
Volkswagen,Passat,54.238 km,12/2021,Automatik,Diesel,147 kW (200 PS),6l/100km,157g CO2/km (WLTP,34.289
Skoda,Kodiaq,49.987 km,10/2021,Automatik,Diesel,147 kW (200 PS),5l/100km,171g CO2/km (WLTP,40.189
Volkswagen,Golf,52.586 km,08/2021,Automatik,Diesel,147 kW (200 PS),7l/100km,186g CO2/km (komb)*,32.189
Volkswagen,Passat,31.271 km,12/2021,Automatik,Diesel,147 kW (200 PS),1l/100km,161g CO2/km (WLTP,36.089
Volkswagen,Passat,54.238 km,12/2021,Automatik,Diesel,147 kW (200 PS),6l/100km,157g CO2/km (WLTP,32.889
Opel,Astra,27.217 km,12/2021,Manuell,Benzin,81 kW (110 PS),2l/100km,118g CO2/km (WLTP,17.689
Skoda,Kamiq,54.670 km,08/2021,Automatik,Benzin,81 kW (110 PS),8l/100km,185g CO2/km (komb)*,23.989
Ford,Puma,24.050 km,02/2021,Manuell,Benzin,147 kW (200 PS),8l/100km,185g CO2/km (komb)*,27.089
Volkswagen,Polo,18.494 km,07/2021,Manuell,Benzin,70 kW (95 PS),3l/100km,120g CO2/km (WLTP,17.689
Skoda,Octavia,68.489 km,11/2021,Manuell,Diesel,110 kW (150 PS),4l/100km,116g CO2/km (WLTP,26.689
Volkswagen,Golf,92.767 km,07/2021,Automatik,Diesel,147 kW (200 PS),7l/100km,186g CO2/km (komb)*,26.489
Ford,Kuga,29.485 km,07/2021,Automatik,Benzin,140 kW (190 PS),9l/100km,136g CO2/km (WLTP,31.289
Ford,Tourneo Custom,75.317 km,08/2021,Automatik,Diesel,136 kW (185 PS),4l/100km,221g CO2/km (WLTP,42.049
Ford,Tourneo Custom,73.991 km,07/2021,Automatik,Diesel,136 kW (185 PS),4l/100km,221g CO2/km (WLTP,42.049
Ford,Tourneo Custom,72.547 km,08/2021,Automatik,Diesel,136 kW (185 PS),4l/100km,221g CO2/km (WLTP,42.049
Volkswagen,ID.3,39.141 km,12/2021,Automatik,Elektro,150 kW (204 PS),,0g CO2/km (komb)*,22.989
Volkswagen,ID.3,37.845 km,11/2021,Automatik,Elektro,110 kW (150 PS),,0g CO2/km (komb)*,20.489
Skoda,Enyaq iV,21.654 km,09/2021,Automatik,Elektro,150 kW (204 PS),,0g CO2/km (komb)*,34.289
Ford,Bronco,25.000 km,12/2021,Automatik,Benzin,224 kW (305 PS),8l/100km,185g CO2/km (komb)*,66.989
Audi,Q5,116.594 km,12/2021,Automatik,Hybrid (Elektro / Benzin),270 kW (367 PS),8l/100km,85g CO2/km (komb)*,41.789
Ford,Tourneo Custom,72.547 km,09/2021,Automatik,Diesel,136 kW (185 PS),4l/100km,0g CO2/km (WLTP,41.249
Ford,Tourneo Custom,75.317 km,09/2021,Automatik,Diesel,136 kW (185 PS),4l/100km,0g CO2/km (WLTP,41.249
Volkswagen,SONSTIGE,84.463 km,05/2021,Automatik,Hybrid (Elektro / Benzin),160 kW (218 PS),8l/100km,85g CO2/km (komb)*,29.589
Volkswagen,SONSTIGE,95.932 km,07/2021,Automatik,Diesel,147 kW (200 PS),7l/100km,186g CO2/km (komb)*,37.589
Ford,Tourneo Custom,73.991 km,08/2021,Automatik,Diesel,136 kW (185 PS),4l/100km,0g CO2/km (WLTP,41.249
Audi,SONSTIGE,52.353 km,09/2021,Automatik,Hybrid (Elektro / Benzin),270 kW (367 PS),8l/100km,85g CO2/km (komb)*,50.689
Opel,Corsa-e,17.529 km,04/2021,Automatik,Elektro,100 kW (136 PS),,0g CO2/km (komb)*,17.689
Opel,Corsa-e,9.556 km,10/2021,Automatik,Elektro,100 kW (136 PS),,0g CO2/km (komb)*,18.689
Opel,Corsa-e,19.040 km,06/2021,Automatik,Elektro,100 kW (136 PS),,0g CO2/km (komb)*,18.689
Opel,Corsa-e,21.791 km,09/2021,Automatik,Elektro,100 kW (136 PS),,0g CO2/km (komb)*,17.689
Opel,Corsa-e,26.364 km,08/2021,Automatik,Elektro,100 kW (136 PS),,0g CO2/km (komb)*,17.689
Opel,Corsa-e,12.731 km,09/2021,Automatik,Elektro,100 kW (136 PS),,0g CO2/km (komb)*,18.689
Opel,Corsa-e,22.241 km,09/2021,Automatik,Elektro,100 kW (136 PS),,0g CO2/km (komb)*,17.689
Opel,Corsa-e,23.932 km,05/2021,Automatik,Elektro,100 kW (136 PS),,0g CO2/km (komb)*,18.289
Opel,Mokka-e,1.397 km,10/2021,Automatik,Elektro,100 kW (136 PS),,0g CO2/km (komb)*,18.689
Opel,Mokka-e,29.987 km,04/2021,Automatik,Elektro,100 kW (136 PS),,0g CO2/km (komb)*,20.289
Opel,Corsa-e,8.211 km,05/2021,Automatik,Elektro,100 kW (136 PS),,0g CO2/km (komb)*,19.289
Opel,Corsa-e,24.870 km,04/2021,Automatik,Elektro,100 kW (136 PS),,0g CO2/km (komb)*,17.689
Opel,Mokka-e,18.243 km,07/2021,Automatik,Elektro,100 kW (136 PS),,0g CO2/km (komb)*,16.689
Opel,Corsa-e,25.799 km,09/2021,Automatik,Elektro,100 kW (136 PS),,0g CO2/km (komb)*,18.089
Audi,A6,123.988 km,07/2021,Automatik,Hybrid (Elektro / Benzin),195 kW (265 PS),8l/100km,85g CO2/km (komb)*,36.089
Cupra,Formentor,46.001 km,12/2021,Automatik,Benzin,110 kW (150 PS),8l/100km,185g CO2/km (komb)*,28.489
Skoda,Octavia,31.270 km,08/2021,Manuell,Diesel,110 kW (150 PS),2l/100km,110g CO2/km (WLTP,27.689
Skoda,Octavia,40.600 km,03/2021,Automatik,Diesel,110 kW (150 PS),5l/100km,118g CO2/km (WLTP,28.689
Volkswagen,T6 Transporter,96.133 km,02/2021,Manuell,Diesel,81 kW (110 PS),7l/100km,186g CO2/km (komb)*,25.489
Volkswagen,SONSTIGE,52.050 km,01/2021,Manuell,Diesel,75 kW (102 PS),7l/100km,186g CO2/km (komb)*,21.489
Ford,Puma,83.500 km,11/2021,Manuell,Benzin,147 kW (200 PS),8l/100km,154g CO2/km (WLTP,22.989
Ford,Fiesta,37.500 km,07/2021,Manuell,Benzin,55 kW (75 PS),3l/100km,121g CO2/km (WLTP,15.389
Peugeot,108,50.135 km,04/2021,Manuell,Benzin,53 kW (72 PS),3l/100km,120g CO2/km (WLTP,11.089
Ford,Transit Connect,29.808 km,09/2021,Manuell,Diesel,74 kW (101 PS),7l/100km,186g CO2/km (komb)*,20.989
Volkswagen,up!,40.270 km,07/2021,Manuell,Benzin,48 kW (65 PS),8l/100km,185g CO2/km (komb)*,13.489
Skoda,Karoq,26.890 km,07/2021,Manuell,Benzin,81 kW (110 PS),8l/100km,185g CO2/km (komb)*,23.489
Volkswagen,Passat,70.881 km,03/2021,Automatik,Benzin,160 kW (218 PS),8l/100km,185g CO2/km (komb)*,28.589
Skoda,Karoq,66.910 km,07/2021,Manuell,Benzin,110 kW (150 PS),8l/100km,185g CO2/km (komb)*,25.489
Volkswagen,Tiguan,28.000 km,03/2021,Automatik,Benzin,180 kW (245 PS),8l/100km,185g CO2/km (komb)*,36.989
Volkswagen,Passat,72.072 km,11/2021,Automatik,Diesel,110 kW (150 PS),8l/100km,127g CO2/km (WLTP,24.689
Seat,Tarraco,61.385 km,10/2021,Manuell,Diesel,110 kW (150 PS),4l/100km,141g CO2/km (WLTP,26.989
Seat,Tarraco,61.385 km,10/2021,Manuell,Diesel,110 kW (150 PS),4l/100km,141g CO2/km (WLTP,25.689
Seat,Tarraco,38.090 km,10/2021,Manuell,Benzin,110 kW (150 PS),2l/100km,163g CO2/km (WLTP,31.889
Seat,Tarraco,38.090 km,10/2021,Manuell,Benzin,110 kW (150 PS),2l/100km,163g CO2/km (WLTP,33.189
Seat,Ibiza,22.300 km,08/2021,Manuell,Benzin,59 kW (80 PS),5l/100km,125g CO2/km (WLTP,15.689
Skoda,Kodiaq,49.987 km,10/2021,Automatik,Diesel,147 kW (200 PS),5l/100km,171g CO2/km (WLTP,41.489
Volkswagen,Arteon,38.019 km,11/2021,Automatik,Benzin,140 kW (190 PS),3l/100km,167g CO2/km (WLTP,32.889
Volkswagen,Passat,72.072 km,11/2021,Automatik,Diesel,110 kW (150 PS),8l/100km,127g CO2/km (WLTP,25.989
Volkswagen,Polo,29.023 km,11/2021,Manuell,Benzin,59 kW (80 PS),4l/100km,123g CO2/km (WLTP,17.689
Renault,ZOE,49.367 km,12/2021,Automatik,Elektro,100 kW (136 PS),,0g CO2/km (WLTP,17.448
Skoda,Octavia,78.000 km,11/2021,Automatik,Benzin,180 kW (245 PS),1l/100km,161g CO2/km (WLTP,35.089
Audi,Q4 e-tron,35.836 km,06/2021,Automatik,Elektro,150 kW (204 PS),,0g CO2/km (komb)*,47.889
Audi,Q4 e-tron,39.431 km,11/2021,Automatik,Elektro,220 kW (299 PS),,0g CO2/km (komb)*,52.489
Skoda,Citigo,46.452 km,05/2021,Automatik,Elektro,61 kW (83 PS),,0g CO2/km (komb)*,14.989
Volkswagen,Polo,32.460 km,02/2021,Manuell,Benzin,70 kW (95 PS),8l/100km,185g CO2/km (komb)*,18.489
Volkswagen,Polo,41.950 km,06/2021,Manuell,Benzin,70 kW (95 PS),8l/100km,185g CO2/km (komb)*,18.489
Volkswagen,ID.3,48.487 km,08/2021,Automatik,Elektro,150 kW (204 PS),,0g CO2/km (komb)*,25.989
Volkswagen,ID.4,36.839 km,07/2021,Automatik,Elektro,109 kW (148 PS),,0g CO2/km (komb)*,24.989
Dacia,Duster,62.750 km,02/2021,Manuell,Autogas,74 kW (101 PS),,96g CO2/km (komb)*,15.848
Volkswagen,T6 Kombi,110.759 km,11/2021,Manuell,Diesel,81 kW (110 PS),7l/100km,186g CO2/km (komb)*,32.489
Volkswagen,Touran,60.458 km,12/2021,Automatik,Diesel,110 kW (150 PS),7l/100km,186g CO2/km (komb)*,33.489
Opel,Mokka-e,22.325 km,05/2021,Automatik,Elektro,100 kW (136 PS),,0g CO2/km (komb)*,20.689
Opel,Corsa-e,14.151 km,05/2021,Automatik,Elektro,100 kW (136 PS),,0g CO2/km (komb)*,18.689
Opel,Corsa-e,23.763 km,11/2021,Automatik,Elektro,100 kW (136 PS),,0g CO2/km (komb)*,17.689
Opel,Mokka,22.754 km,10/2021,Automatik,Elektro,100 kW (136 PS),,0g CO2/km (komb)*,19.689
Opel,Mokka-e,21.608 km,06/2021,Automatik,Elektro,100 kW (136 PS),,0g CO2/km (komb)*,20.689
Opel,Corsa-e,19.549 km,05/2021,Automatik,Elektro,100 kW (136 PS),,0g CO2/km (komb)*,17.689
Opel,Mokka,24.944 km,07/2021,Automatik,Elektro,100 kW (136 PS),,0g CO2/km (komb)*,18.689
Opel,Corsa-e,24.943 km,04/2021,Automatik,Elektro,100 kW (136 PS),,0g CO2/km (komb)*,16.689
Opel,Mokka-e,24.798 km,09/2021,Automatik,Elektro,100 kW (136 PS),,0g CO2/km (komb)*,19.689
Opel,Corsa-e,9.393 km,11/2021,Automatik,Elektro,100 kW (136 PS),,0g CO2/km (komb)*,19.289
Volkswagen,SONSTIGE,54.966 km,12/2021,Automatik,Benzin,235 kW (320 PS),8l/100km,185g CO2/km (komb)*,40.789
Ford,Kuga,60.000 km,11/2021,Automatik,Hybrid (Elektro / Benzin),165 kW (224 PS),8l/100km,85g CO2/km (komb)*,29.589
Land Rover,Range Rover Velar,81.750 km,02/2021,Automatik,Diesel,221 kW (1 PS),5l/100km,96g CO2/km (komb)*,55.648
Audi,SONSTIGE,39.900 km,12/2021,Automatik,Hybrid (Elektro / Benzin),150 kW (204 PS),8l/100km,85g CO2/km (komb)*,27.389
Kia,XCeed,44.690 km,04/2021,Manuell,Benzin,103 kW (140 PS),8l/100km,185g CO2/km (komb)*,25.248
Jaguar,F-Pace,59.828 km,04/2021,Automatik,Hybrid (Elektro / Benzin),297 kW (404 PS),4l/100km,32g CO2/km (komb)*,47.448
Land Rover,Range Rover Evoque,38.932 km,06/2021,Automatik,Hybrid (Elektro / Benzin),227 kW (200 PS),4l/100km,32g CO2/km (komb)*,42.648
Opel,Mokka-e,4.312 km,06/2021,Automatik,Elektro,100 kW (136 PS),,0g CO2/km (komb)*,18.689
Land Rover,Range Rover Evoque,36.933 km,05/2021,Automatik,Hybrid (Elektro / Benzin),147 kW (200 PS),4l/100km,32g CO2/km (komb)*,43.948
Land Rover,Defender,97.587 km,07/2021,Automatik,Hybrid (Elektro / Benzin),297 kW (301 PS),4l/100km,32g CO2/km (komb)*,78.748
Jaguar,F-Pace,49.310 km,07/2021,Automatik,Hybrid (Elektro / Benzin),297 kW (301 PS),4l/100km,32g CO2/km (komb)*,50.848
Skoda,Kamiq,22.100 km,12/2021,Automatik,Benzin,110 kW (150 PS),8l/100km,185g CO2/km (komb)*,24.748
Land Rover,Range Rover Evoque,29.012 km,03/2021,Automatik,Diesel,120 kW (163 PS),0l/100km,0g CO2/km (WLTP,42.749
Opel,Grandland X,25.990 km,06/2021,Automatik,Benzin,133 kW (181 PS),1l/100km,31g CO2/km (WLTP,19.689
Volkswagen,up!,23.800 km,10/2021,Manuell,Benzin,48 kW (65 PS),2l/100km,118g CO2/km (WLTP,14.289
Renault,ZOE,22.867 km,12/2021,Automatik,Elektro,80 kW (109 PS),,0g CO2/km (WLTP,15.948
Ford,Mondeo,32.677 km,10/2021,Automatik,Benzin,138 kW (188 PS),8l/100km,185g CO2/km (komb)*,29.349
Ford,Kuga,68.142 km,07/2021,Automatik,Hybrid (Elektro / Benzin),165 kW (224 PS),8l/100km,85g CO2/km (komb)*,29.189
Hyundai,IONIQ,14.000 km,12/2021,Automatik,Elektro,100 kW (136 PS),,0g CO2/km (komb)*,23.089
Seat,Leon,60.350 km,04/2021,Automatik,Benzin,110 kW (150 PS),8l/100km,185g CO2/km (komb)*,24.989
Volkswagen,Polo,60.195 km,11/2021,Automatik,Benzin,70 kW (95 PS),8l/100km,185g CO2/km (komb)*,20.489
Jaguar,F-Pace,46.028 km,03/2021,Automatik,Hybrid (Elektro / Benzin),297 kW (301 PS),8l/100km,85g CO2/km (komb)*,67.248
Renault,ZOE,31.600 km,08/2021,Automatik,Elektro,80 kW (109 PS),,0g CO2/km (WLTP,17.248
Hyundai,Tucson,36.738 km,11/2021,Manuell,Benzin,110 kW (150 PS),3l/100km,144g CO2/km (komb)*,27.348
Skoda,Kodiaq,71.035 km,08/2021,Automatik,Benzin,140 kW (190 PS),8l/100km,185g CO2/km (komb)*,33.789
Skoda,Octavia,76.770 km,11/2021,Automatik,Benzin,180 kW (245 PS),8l/100km,185g CO2/km (komb)*,32.589
Ford,Tourneo Custom,44.510 km,07/2021,Automatik,Diesel,136 kW (185 PS),7l/100km,186g CO2/km (komb)*,40.789
Opel,Corsa-e,16.677 km,05/2021,Automatik,Elektro,100 kW (136 PS),,0g CO2/km (komb)*,18.289
Opel,Mokka-e,16.088 km,04/2021,Automatik,Elektro,100 kW (136 PS),,0g CO2/km (komb)*,19.689
Opel,Corsa-e,22.413 km,06/2021,Automatik,Elektro,100 kW (136 PS),,0g CO2/km (komb)*,17.689
Opel,Corsa-e,32.670 km,04/2021,Automatik,Elektro,100 kW (136 PS),,0g CO2/km (komb)*,16.289
Opel,Corsa-e,18.082 km,06/2021,Automatik,Elektro,100 kW (136 PS),,0g CO2/km (komb)*,18.289
Land Rover,Discovery Sport,49.591 km,02/2021,Automatik,Hybrid (Elektro / Benzin),227 kW (200 PS),4l/100km,32g CO2/km (komb)*,45.748
Land Rover,Range Rover Evoque,43.225 km,04/2021,Automatik,Hybrid (Elektro / Benzin),227 kW (309 PS),4l/100km,43g CO2/km (komb)*,47.348
Ford,Puma,49.000 km,06/2021,Automatik,Benzin,92 kW (125 PS),9l/100km,134g CO2/km (WLTP,22.589
Ford,Focus,25.657 km,10/2021,Manuell,Benzin,114 kW (155 PS),9l/100km,134g CO2/km (WLTP,21.489
Hyundai,Kona,57.460 km,06/2021,Automatik,Elektro,100 kW (136 PS),,0g CO2/km (komb)*,25.089
Kia,Stonic,43.750 km,07/2021,Manuell,Benzin,62 kW (84 PS),6l/100km,129g CO2/km (komb)*,13.348
Ford,Kuga,23.935 km,11/2021,Automatik,Hybrid (Elektro / Benzin),165 kW (224 PS),8l/100km,85g CO2/km (komb)*,35.489
Seat,Tarraco,54.106 km,11/2021,Automatik,Diesel,110 kW (150 PS),7l/100km,148g CO2/km (WLTP,28.789
Volkswagen,Arteon,19.987 km,12/2021,Automatik,Benzin,140 kW (190 PS),3l/100km,166g CO2/km (WLTP,34.989
Seat,Leon,29.754 km,09/2021,Manuell,Benzin,96 kW (131 PS),6l/100km,126g CO2/km (WLTP,22.689
Seat,Tarraco,54.106 km,11/2021,Automatik,Diesel,110 kW (150 PS),7l/100km,148g CO2/km (WLTP,30.089
Opel,Corsa-e,7.289 km,05/2021,Automatik,Elektro,100 kW (136 PS),,0g CO2/km (komb)*,16.689
Opel,Corsa-e,15.162 km,05/2021,Automatik,Elektro,100 kW (136 PS),,0g CO2/km (komb)*,18.689
Ford,Puma,70.642 km,05/2021,Automatik,Benzin,92 kW (125 PS),9l/100km,135g CO2/km (WLTP,24.089
Opel,Corsa-e,28.544 km,02/2021,Automatik,Elektro,100 kW (136 PS),,0g CO2/km (komb)*,15.689
Volkswagen,T6 Transporter,118.000 km,07/2021,Manuell,Diesel,110 kW (150 PS),1l/100km,186g CO2/km (WLTP,23.589
Volkswagen,SONSTIGE,102.113 km,11/2021,Automatik,Diesel,110 kW (150 PS),7l/100km,186g CO2/km (komb)*,27.989
Audi,Q5,100.363 km,12/2021,Automatik,Hybrid (Elektro / Benzin),220 kW (299 PS),8l/100km,85g CO2/km (komb)*,38.389
Renault,ZOE,23.746 km,01/2021,Automatik,Elektro,51 kW (69 PS),,0g CO2/km (WLTP,15.948
Peugeot,308,26.316 km,03/2021,Manuell,Benzin,96 kW (131 PS),7l/100km,127g CO2/km (WLTP,20.489
Volkswagen,Sharan,69.600 km,12/2021,Automatik,Benzin,110 kW (150 PS),7l/100km,198g CO2/km (WLTP,37.589
Ford,Mondeo,30.610 km,11/2021,Automatik,Benzin,138 kW (188 PS),2l/100km,142g CO2/km (WLTP,22.689
Audi,A4,51.467 km,02/2021,Automatik,Diesel,120 kW (163 PS),5l/100km,130g CO2/km (WLTP,28.789
Volkswagen,Passat,146.855 km,01/2021,Automatik,Diesel,110 kW (150 PS),9l/100km,128g CO2/km (WLTP,18.689
Volkswagen,Arteon,29.987 km,07/2021,Automatik,Diesel,147 kW (200 PS),7l/100km,149g CO2/km (WLTP,37.089
Audi,A4,51.467 km,02/2021,Automatik,Diesel,120 kW (163 PS),5l/100km,130g CO2/km (WLTP,30.089
Ford,Puma,24.007 km,07/2021,Manuell,Benzin,114 kW (155 PS),6l/100km,126g CO2/km (WLTP,24.089
Mercedes-Benz,CLA 180,31.002 km,12/2021,Automatik,Hybrid (Elektro / Benzin),118 kW (160 PS),8l/100km,85g CO2/km (komb)*,36.489
Opel,Mokka-e,29.987 km,05/2021,Automatik,Elektro,100 kW (136 PS),,0g CO2/km (komb)*,19.689
Volkswagen,Golf,34.790 km,01/2021,Automatik,Benzin,110 kW (150 PS),1l/100km,138g CO2/km (WLTP,28.189
Mercedes-Benz,SONSTIGE,76.595 km,12/2021,Automatik,Hybrid (Elektro / Diesel),143 kW (194 PS),7l/100km,86g CO2/km (komb)*,43.689
Volkswagen,Golf Variant,31.025 km,06/2021,Manuell,Diesel,85 kW (116 PS),7l/100km,186g CO2/km (komb)*,23.289
Volkswagen,Golf Variant,36.980 km,03/2021,Manuell,Diesel,85 kW (116 PS),6l/100km,121g CO2/km (WLTP,23.289
Volkswagen,Passat Variant,113.249 km,07/2021,Automatik,Diesel,147 kW (200 PS),7l/100km,186g CO2/km (komb)*,28.489
Mercedes-Benz,SONSTIGE,99.990 km,01/2021,Automatik,Diesel,243 kW (330 PS),7l/100km,186g CO2/km (komb)*,80.689
Mercedes-Benz,Sprinter,68.974 km,11/2021,Automatik,Diesel,120 kW (163 PS),7l/100km,186g CO2/km (komb)*,40.689
Mercedes-Benz,SONSTIGE,85.491 km,12/2021,Automatik,Diesel,110 kW (150 PS),7l/100km,186g CO2/km (komb)*,35.989
Mercedes-Benz,GLE 250,68.353 km,12/2021,Automatik,Hybrid (Elektro / Diesel),143 kW (194 PS),7l/100km,86g CO2/km (komb)*,64.989
Volkswagen,T-Cross,31.279 km,06/2021,Automatik,Benzin,110 kW (150 PS),1l/100km,138g CO2/km (WLTP,26.689
Volkswagen,Golf,52.684 km,10/2021,Automatik,Diesel,110 kW (150 PS),7l/100km,123g CO2/km (WLTP,26.289
Volkswagen,Polo,39.612 km,06/2021,Manuell,Benzin,70 kW (95 PS),8l/100km,185g CO2/km (komb)*,19.489
Volkswagen,Polo,55.405 km,08/2021,Manuell,Benzin,70 kW (95 PS),8l/100km,185g CO2/km (komb)*,17.989
BMW,X2,32.262 km,05/2022,Automatik,Diesel,140 kW (190 PS),7l/100km,186g CO2/km (komb)*,30.649
Mercedes-Benz,A 200,43.320 km,07/2022,Automatik,Benzin,120 kW (163 PS),8l/100km,144g CO2/km (komb)*,28.048
Mercedes-Benz,A 200,23.983 km,04/2022,Manuell,Benzin,120 kW (163 PS),6l/100km,150g CO2/km (WLTP,26.448
Hyundai,i30,33.680 km,06/2022,Manuell,Benzin,88 kW (120 PS),2l/100km,141g CO2/km (WLTP,20.748
Volkswagen,Golf Variant,110.405 km,01/2022,Automatik,Benzin,110 kW (150 PS),8l/100km,185g CO2/km (komb)*,21.489
Jaguar,F-Pace,35.237 km,05/2022,Automatik,Benzin,184 kW (250 PS),1l/100km,228g CO2/km (WLTP,46.489
Volkswagen,Sharan,23.742 km,01/2022,Automatik,Benzin,110 kW (150 PS),8l/100km,185g CO2/km (komb)*,39.489
Volkswagen,Golf,39.794 km,08/2022,Manuell,Benzin,110 kW (150 PS),8l/100km,185g CO2/km (komb)*,22.989
Volkswagen,Golf,33.957 km,03/2022,Automatik,Benzin,81 kW (110 PS),8l/100km,185g CO2/km (komb)*,22.989
Audi,S3,27.346 km,08/2022,Automatik,Benzin,228 kW (310 PS),8l/100km,185g CO2/km (komb)*,45.789
Audi,A3,26.683 km,02/2022,Manuell,Diesel,85 kW (116 PS),7l/100km,186g CO2/km (komb)*,25.489
Ford,S-Max,57.000 km,09/2022,Manuell,Diesel,110 kW (150 PS),6l/100km,156g CO2/km (WLTP,30.689
Toyota,Proace,3.921 km,04/2022,Automatik,Diesel,130 kW (177 PS),7l/100km,186g CO2/km (komb)*,47.848
Volkswagen,T6 Transporter,116.803 km,04/2022,Automatik,Diesel,110 kW (150 PS),7l/100km,186g CO2/km (komb)*,28.489
Porsche,Cayenne,14.500 km,12/2022,Automatik,Benzin,404 kW (549 PS),6l/100km,264g CO2/km (komb)*,145.858
Ford,Kuga,25.021 km,08/2022,Manuell,Benzin,110 kW (150 PS),7l/100km,152g CO2/km (WLTP,28.689
Ford,Kuga,79.594 km,08/2022,Automatik,Diesel,110 kW (150 PS),4l/100km,166g CO2/km (WLTP,25.689
Skoda,Fabia,34.490 km,10/2022,Manuell,Benzin,81 kW (110 PS),8l/100km,185g CO2/km (komb)*,17.848
Renault,Arkana,35.930 km,01/2022,Automatik,Benzin,103 kW (140 PS),8l/100km,185g CO2/km (komb)*,22.148
Kia,Sportage,16.890 km,11/2022,Manuell,Benzin,110 kW (150 PS),8l/100km,185g CO2/km (komb)*,27.448
Mercedes-Benz,B 180,7.175 km,12/2022,Automatik,Benzin,100 kW (136 PS),8l/100km,154g CO2/km (WLTP,28.048
Renault,Kadjar,26.869 km,01/2022,Manuell,Benzin,103 kW (140 PS),8l/100km,185g CO2/km (komb)*,21.848
Renault,Kangoo,50.310 km,12/2022,Manuell,Benzin,75 kW (102 PS),8l/100km,185g CO2/km (komb)*,22.748
Peugeot,2008,44.801 km,04/2022,Automatik,Benzin,96 kW (131 PS),9l/100km,134g CO2/km (WLTP,23.089
Ford,Focus,25 km,05/2022,Manuell,Benzin,92 kW (125 PS),4l/100km,499g CO2/km (WLTP,22.849
Renault,Twingo,15.625 km,01/2022,Manuell,Benzin,48 kW (65 PS),8l/100km,185g CO2/km (komb)*,14.748
Renault,Master,102.663 km,03/2022,Manuell,Diesel,120 kW (163 PS),7l/100km,186g CO2/km (komb)*,27.448
Hyundai,IONIQ 5,33.700 km,09/2022,Automatik,Elektro,225 kW (306 PS),,0g CO2/km (WLTP,34.448
Hyundai,i30,19.638 km,11/2022,Manuell,Benzin,88 kW (120 PS),2l/100km,118g CO2/km (WLTP,20.089
Audi,A3,27.501 km,08/2022,Manuell,Benzin,110 kW (150 PS),8l/100km,131g CO2/km (WLTP,26.689
Renault,ZOE,6.915 km,02/2022,Automatik,Elektro,80 kW (109 PS),,0g CO2/km (WLTP,15.048
Renault,ZOE,28.905 km,02/2022,Automatik,Elektro,100 kW (136 PS),,0g CO2/km (WLTP,17.448
Renault,Twingo Electric,19.052 km,02/2022,Automatik,Elektro,31 kW (42 PS),,0g CO2/km (WLTP,13.948
Hyundai,IONIQ 5,22.500 km,09/2022,Automatik,Elektro,160 kW (218 PS),,0g CO2/km (WLTP,32.848
Suzuki,Vitara,15.611 km,07/2022,Automatik,Benzin,75 kW (102 PS),8l/100km,185g CO2/km (komb)*,23.848
Renault,Clio,30.011 km,02/2022,Automatik,Benzin,67 kW (91 PS),2l/100km,119g CO2/km (WLTP,17.948
Hyundai,i30,27.356 km,04/2022,Manuell,Benzin,88 kW (120 PS),2l/100km,141g CO2/km (WLTP,21.148
Renault,ZOE,32.590 km,02/2022,Automatik,Elektro,51 kW (69 PS),,0g CO2/km (WLTP,17.948
Volkswagen,Crafter,44.454 km,04/2022,Manuell,Diesel,103 kW (140 PS),7l/100km,186g CO2/km (komb)*,37.689
Dacia,Sandero,51.156 km,01/2022,Manuell,Autogas,67 kW (91 PS),,127g CO2/km (WLTP,13.948
Hyundai,Tucson,23.631 km,01/2022,Automatik,Hybrid (Elektro / Benzin),132 kW (180 PS),4l/100km,31g CO2/km (WLTP,37.748
Renault,Captur,42.966 km,01/2022,Automatik,Hybrid (Elektro / Benzin),118 kW (160 PS),5l/100km,34g CO2/km (komb)*,20.048
Dacia,Sandero,88.100 km,02/2022,Manuell,Benzin,49 kW (67 PS),3l/100km,0g CO2/km (WLTP,12.048
Hyundai,IONIQ 5,26.600 km,09/2022,Automatik,Elektro,225 kW (306 PS),,0g CO2/km (WLTP,34.448
Renault,ZOE,13.124 km,02/2022,Automatik,Elektro,99 kW (135 PS),,0g CO2/km (WLTP,19.048
Dacia,Sandero,78.762 km,03/2022,Manuell,Autogas,74 kW (101 PS),,131g CO2/km (WLTP,14.948
Skoda,Kodiaq,88.568 km,10/2022,Automatik,Diesel,147 kW (200 PS),7l/100km,186g CO2/km (komb)*,36.589
Audi,SONSTIGE,90.210 km,02/2022,Automatik,Diesel,150 kW (204 PS),7l/100km,186g CO2/km (komb)*,38.689
Audi,Q7,47.465 km,01/2022,Automatik,Diesel,210 kW (286 PS),7l/100km,186g CO2/km (komb)*,64.289
Ford,S-Max,63.486 km,07/2022,Manuell,Diesel,110 kW (150 PS),6l/100km,157g CO2/km (WLTP,29.889
Renault,Captur,20.538 km,01/2022,Automatik,Hybrid (Elektro / Benzin),68 kW (92 PS),4l/100km,34g CO2/km (komb)*,24.248
Renault,Captur,21.000 km,11/2022,Automatik,Hybrid (Elektro / Benzin),116 kW (91 PS),5l/100km,34g CO2/km (komb)*,22.748
Renault,ZOE,45.412 km,01/2022,Automatik,Elektro,51 kW (69 PS),,0g CO2/km (WLTP,15.948
Ford,Focus,25 km,04/2022,Manuell,Benzin,92 kW (125 PS),4l/100km,121g CO2/km (WLTP,23.549
Ford,Kuga,34.792 km,02/2022,Automatik,Hybrid (Elektro / Benzin),165 kW (224 PS),8l/100km,85g CO2/km (komb)*,31.289
Dacia,Duster,9.279 km,04/2022,Manuell,Benzin,96 kW (131 PS),2l/100km,146g CO2/km (WLTP,25.348
Renault,ZOE,36.100 km,01/2022,Automatik,Elektro,51 kW (69 PS),,0g CO2/km (WLTP,15.848
Ford,EcoSport,81.688 km,01/2022,Manuell,Benzin,92 kW (125 PS),9l/100km,157g CO2/km (WLTP,19.789
Volkswagen,Golf Variant,51.416 km,10/2022,Automatik,Benzin,81 kW (110 PS),8l/100km,185g CO2/km (komb)*,22.489
Renault,ZOE,23.999 km,01/2022,Automatik,Elektro,80 kW (109 PS),,0g CO2/km (WLTP,16.648
Renault,Express,20.430 km,09/2022,Manuell,Diesel,55 kW (75 PS),7l/100km,186g CO2/km (komb)*,17.448
Renault,ZOE,33.502 km,02/2022,Automatik,Elektro,51 kW (69 PS),,0g CO2/km (WLTP,20.048
Renault,ZOE,19.658 km,03/2022,Automatik,Elektro,81 kW (110 PS),,0g CO2/km (WLTP,15.848
Renault,ZOE,29.999 km,01/2022,Automatik,Elektro,80 kW (109 PS),,0g CO2/km (WLTP,15.948
Seat,Leon,41.031 km,09/2022,Automatik,Diesel,110 kW (150 PS),6l/100km,120g CO2/km (WLTP,26.989
Seat,Leon,41.031 km,09/2022,Automatik,Diesel,110 kW (150 PS),6l/100km,120g CO2/km (WLTP,25.689
Dacia,Sandero,31.849 km,01/2022,Manuell,Autogas,74 kW (101 PS),,127g CO2/km (WLTP,15.948
Ford,SONSTIGE,21.449 km,12/2022,Manuell,Benzin,92 kW (125 PS),4l/100km,146g CO2/km (WLTP,21.989
Ford,Transit,1.500 km,11/2022,Manuell,Diesel,77 kW (105 PS),7l/100km,0g CO2/km (WLTP,35.158
Cupra,Formentor,29.000 km,09/2022,Automatik,Hybrid (Elektro / Benzin),150 kW (204 PS),8l/100km,85g CO2/km (komb)*,29.189
Audi,SONSTIGE,28.600 km,03/2022,Automatik,Benzin,180 kW (245 PS),1l/100km,184g CO2/km (WLTP,41.189
Audi,Q5,68.175 km,10/2022,Automatik,Diesel,150 kW (204 PS),9l/100km,181g CO2/km (WLTP,42.989
Dacia,Sandero,13.270 km,11/2022,Manuell,Autogas,74 kW (101 PS),,96g CO2/km (komb)*,17.448
Ford,Transit Custom,1.744 km,01/2022,Manuell,Diesel,125 kW (170 PS),7l/100km,184g CO2/km (WLTP,52.089
Opel,Crossland X,26.889 km,03/2022,Manuell,Benzin,61 kW (83 PS),2l/100km,141g CO2/km (WLTP,17.789
Seat,Ateca,27.201 km,05/2022,Automatik,Benzin,110 kW (150 PS),8l/100km,154g CO2/km (WLTP,30.289
Volkswagen,T-Roc,59.070 km,08/2022,Manuell,Benzin,81 kW (110 PS),8l/100km,185g CO2/km (komb)*,19.589
Volkswagen,Golf,27.360 km,06/2022,Automatik,Diesel,85 kW (116 PS),6l/100km,119g CO2/km (WLTP,25.589
Ford,Transit,76.000 km,11/2022,Manuell,Diesel,96 kW (131 PS),3l/100km,243g CO2/km (WLTP,34.389
Ford,Mondeo,32.713 km,01/2022,Automatik,Benzin,138 kW (188 PS),2l/100km,142g CO2/km (WLTP,24.689
Ford,Focus,32.228 km,12/2022,Manuell,Benzin,114 kW (155 PS),9l/100km,134g CO2/km (WLTP,25.189
Renault,Kadjar,31.721 km,01/2022,Automatik,Benzin,103 kW (140 PS),8l/100km,185g CO2/km (komb)*,22.689
Volkswagen,Polo,16.311 km,11/2022,Automatik,Benzin,70 kW (95 PS),8l/100km,185g CO2/km (komb)*,21.489
Audi,SONSTIGE,46.061 km,03/2022,Automatik,Benzin,294 kW (400 PS),8l/100km,185g CO2/km (komb)*,59.589
Audi,SQ8,56.210 km,10/2022,Automatik,Benzin,373 kW (507 PS),8l/100km,185g CO2/km (komb)*,78.089
Audi,SONSTIGE,30.681 km,01/2022,Automatik,Hybrid (Elektro / Benzin),270 kW (367 PS),8l/100km,85g CO2/km (komb)*,54.989
Volkswagen,T6 Transporter,70.236 km,01/2022,Manuell,Diesel,81 kW (110 PS),7l/100km,186g CO2/km (komb)*,26.589
Audi,SQ5,77.258 km,02/2022,Automatik,Diesel,251 kW (341 PS),7l/100km,186g CO2/km (komb)*,61.089
Audi,SONSTIGE,46.306 km,02/2022,Automatik,Benzin,294 kW (400 PS),8l/100km,185g CO2/km (komb)*,59.589
Volkswagen,Golf,75.168 km,01/2022,Automatik,Diesel,147 kW (200 PS),7l/100km,186g CO2/km (komb)*,30.189
Ford,Focus,37.394 km,12/2022,Manuell,Diesel,88 kW (120 PS),8l/100km,126g CO2/km (WLTP,22.689
Volkswagen,Passat Variant,36.608 km,02/2022,Automatik,Diesel,147 kW (200 PS),7l/100km,186g CO2/km (komb)*,30.589
Volkswagen,Golf,24.958 km,03/2022,Automatik,Benzin,180 kW (245 PS),8l/100km,185g CO2/km (komb)*,34.589
Skoda,Octavia,36.960 km,08/2022,Automatik,Diesel,110 kW (150 PS),5l/100km,118g CO2/km (WLTP,31.289
Skoda,Octavia,35.905 km,09/2022,Automatik,Diesel,85 kW (116 PS),5l/100km,118g CO2/km (WLTP,27.689
Volkswagen,Golf,69.285 km,01/2022,Automatik,Benzin,180 kW (245 PS),8l/100km,185g CO2/km (komb)*,31.789
Volkswagen,Passat Variant,102.192 km,02/2022,Automatik,Diesel,110 kW (150 PS),7l/100km,186g CO2/km (komb)*,25.589
Ford,Kuga,41.800 km,09/2022,Automatik,Hybrid (Elektro / Benzin),165 kW (224 PS),8l/100km,85g CO2/km (komb)*,34.189
Mercedes-Benz,Sprinter,100 km,11/2022,Automatik,Diesel,140 kW (190 PS),9l/100km,499g CO2/km (WLTP,56.989
Fiat,500C,15 km,12/2022,Manuell,Benzin,51 kW (69 PS),7l/100km,499g CO2/km (WLTP,19.358
Volkswagen,SONSTIGE,140.240 km,02/2022,Manuell,Diesel,90 kW (122 PS),7l/100km,186g CO2/km (komb)*,25.489
Volkswagen,SONSTIGE,115.785 km,02/2022,Manuell,Diesel,90 kW (122 PS),7l/100km,186g CO2/km (komb)*,27.089
Volkswagen,Polo,19.756 km,09/2022,Manuell,Benzin,59 kW (80 PS),8l/100km,185g CO2/km (komb)*,18.189
Volkswagen,T6 Multivan,36.670 km,02/2022,Automatik,Diesel,150 kW (204 PS),9l/100km,208g CO2/km (WLTP,58.789
Fiat,500C,15 km,12/2022,Manuell,Benzin,51 kW (69 PS),7l/100km,499g CO2/km (WLTP,18.058
Renault,Kadjar,26.310 km,08/2022,Automatik,Benzin,116 kW (158 PS),8l/100km,185g CO2/km (komb)*,24.748
Hyundai,i10,35.071 km,12/2022,Manuell,Benzin,49 kW (67 PS),8l/100km,110g CO2/km (WLTP,14.349
Hyundai,Staria,45.986 km,12/2022,Automatik,Diesel,130 kW (177 PS),7l/100km,186g CO2/km (komb)*,52.589
Ford,Puma,58.700 km,08/2022,Automatik,Benzin,92 kW (125 PS),3l/100km,143g CO2/km (WLTP,21.489
Renault,Captur,23.620 km,03/2022,Manuell,Benzin,103 kW (140 PS),8l/100km,185g CO2/km (komb)*,22.148
Volkswagen,Golf,44.800 km,02/2022,Automatik,Benzin,110 kW (150 PS),8l/100km,185g CO2/km (komb)*,28.789
Volkswagen,Touran,26.813 km,09/2022,Automatik,Diesel,110 kW (150 PS),7l/100km,186g CO2/km (komb)*,37.389
Skoda,Superb,73.568 km,03/2022,Automatik,Benzin,160 kW (218 PS),8l/100km,185g CO2/km (komb)*,29.389
Audi,SONSTIGE,98.044 km,01/2022,Automatik,Diesel,180 kW (245 PS),7l/100km,186g CO2/km (komb)*,46.289
Skoda,Kodiaq,112.920 km,01/2022,Automatik,Diesel,110 kW (150 PS),7l/100km,186g CO2/km (komb)*,31.889
Volkswagen,Taigo,14.889 km,11/2022,Manuell,Benzin,81 kW (110 PS),8l/100km,185g CO2/km (komb)*,23.889
Volkswagen,SONSTIGE,86.853 km,08/2022,Automatik,Diesel,110 kW (150 PS),7l/100km,186g CO2/km (komb)*,33.689
Volkswagen,T6 Kombi,42.018 km,04/2022,Automatik,Diesel,110 kW (150 PS),7l/100km,186g CO2/km (komb)*,42.089
Volkswagen,Touran,19.530 km,09/2022,Automatik,Diesel,110 kW (150 PS),7l/100km,186g CO2/km (komb)*,37.389
Volkswagen,Taigo,42.686 km,11/2022,Manuell,Benzin,70 kW (95 PS),8l/100km,185g CO2/km (komb)*,21.989
Audi,SONSTIGE,56.695 km,05/2022,Automatik,Benzin,228 kW (310 PS),8l/100km,185g CO2/km (komb)*,41.689
Audi,SONSTIGE,24.541 km,03/2022,Automatik,Benzin,150 kW (204 PS),8l/100km,185g CO2/km (komb)*,41.789
Opel,Insignia,11.401 km,02/2022,Automatik,Benzin,147 kW (200 PS),8l/100km,185g CO2/km (komb)*,33.989
Audi,Q8,24.539 km,08/2022,Automatik,Benzin,280 kW (381 PS),8l/100km,185g CO2/km (komb)*,77.289
Mercedes-Benz,V 220,50 km,10/2022,Automatik,Diesel,120 kW (163 PS),5l/100km,197g CO2/km (WLTP,60.889
Audi,Q2,53.108 km,12/2022,Automatik,Diesel,85 kW (116 PS),7l/100km,186g CO2/km (komb)*,31.589
Audi,SONSTIGE,50.150 km,09/2022,Automatik,Diesel,147 kW (200 PS),7l/100km,186g CO2/km (komb)*,36.989
Audi,Q2,66.658 km,11/2022,Manuell,Diesel,85 kW (116 PS),7l/100km,186g CO2/km (komb)*,27.289
Audi,SONSTIGE,60.911 km,12/2022,Manuell,Benzin,81 kW (110 PS),8l/100km,185g CO2/km (komb)*,26.989
Audi,SONSTIGE,44.734 km,10/2022,Automatik,Diesel,251 kW (341 PS),7l/100km,186g CO2/km (komb)*,60.189
Ford,Transit,55.134 km,07/2022,Manuell,Diesel,77 kW (105 PS),7l/100km,186g CO2/km (komb)*,34.389
Audi,e-tron,42.199 km,10/2022,Automatik,Elektro,300 kW (408 PS),,0g CO2/km (komb)*,52.089
Skoda,Octavia,17.099 km,08/2022,Automatik,Hybrid (Elektro / Benzin),150 kW (204 PS),8l/100km,85g CO2/km (komb)*,28.089
Volkswagen,T6 Transporter,25.294 km,12/2022,Manuell,Diesel,81 kW (110 PS),7l/100km,186g CO2/km (komb)*,32.089
Volkswagen,Golf,27.594 km,07/2022,Automatik,Benzin,96 kW (131 PS),5l/100km,125g CO2/km (WLTP,26.689
Volkswagen,Passat,28.711 km,07/2022,Automatik,Diesel,147 kW (200 PS),5l/100km,144g CO2/km (WLTP,31.889
Volkswagen,Passat,13.553 km,07/2022,Automatik,Benzin,140 kW (190 PS),2l/100km,164g CO2/km (WLTP,30.889
Volkswagen,Passat,13.553 km,07/2022,Automatik,Benzin,140 kW (190 PS),2l/100km,164g CO2/km (WLTP,32.189
Volkswagen,Golf,27.594 km,07/2022,Automatik,Benzin,96 kW (131 PS),5l/100km,125g CO2/km (WLTP,27.989
Audi,A4,19.071 km,04/2022,Automatik,Diesel,120 kW (163 PS),9l/100km,128g CO2/km (WLTP,31.889
Cupra,Leon,29.987 km,10/2022,Automatik,Benzin,150 kW (204 PS),8l/100km,185g CO2/km (komb)*,24.689
Skoda,Octavia,32.955 km,05/2022,Automatik,Diesel,110 kW (150 PS),5l/100km,118g CO2/km (WLTP,29.789
Volkswagen,Passat,16.675 km,08/2022,Automatik,Benzin,140 kW (190 PS),2l/100km,164g CO2/km (WLTP,30.889
Volkswagen,Passat,25.936 km,06/2022,Automatik,Diesel,147 kW (200 PS),5l/100km,144g CO2/km (WLTP,30.889
Volkswagen,Passat,16.675 km,08/2022,Automatik,Benzin,140 kW (190 PS),2l/100km,164g CO2/km (WLTP,32.189
Volkswagen,Passat,36.750 km,06/2022,Automatik,Diesel,147 kW (200 PS),5l/100km,144g CO2/km (WLTP,29.789
Cupra,Leon,25.483 km,11/2022,Automatik,Benzin,150 kW (204 PS),8l/100km,185g CO2/km (komb)*,25.689
Cupra,Formentor,28.629 km,11/2022,Automatik,Benzin,180 kW (245 PS),8l/100km,185g CO2/km (komb)*,30.389
Volkswagen,Tiguan,26.592 km,01/2022,Automatik,Benzin,235 kW (320 PS),8l/100km,185g CO2/km (komb)*,46.389
Volkswagen,Passat,26.455 km,11/2022,Automatik,Diesel,147 kW (200 PS),1l/100km,159g CO2/km (WLTP,33.589
Volkswagen,Passat,36.750 km,06/2022,Automatik,Diesel,147 kW (200 PS),5l/100km,144g CO2/km (WLTP,31.089
Skoda,Octavia,29.987 km,12/2022,Automatik,Diesel,110 kW (150 PS),6l/100km,121g CO2/km (WLTP,31.889
Volkswagen,Polo,49.349 km,02/2022,Manuell,Benzin,70 kW (95 PS),8l/100km,185g CO2/km (komb)*,20.389
MG,EHS,24.599 km,11/2022,Automatik,Hybrid (Elektro / Benzin),190 kW (258 PS),8l/100km,85g CO2/km (komb)*,24.989
Opel,Vivaro,1.500 km,10/2022,Automatik,Elektro,100 kW (136 PS),,0g CO2/km (komb)*,33.889
Volkswagen,ID.3,68.228 km,10/2022,Automatik,Elektro,107 kW (146 PS),,0g CO2/km (komb)*,21.989
Volkswagen,ID.4,29.761 km,07/2022,Automatik,Elektro,109 kW (148 PS),,0g CO2/km (komb)*,25.389
Skoda,Enyaq iV,24.573 km,11/2022,Automatik,Elektro,109 kW (148 PS),,0g CO2/km (komb)*,24.789
Volkswagen,ID.3,59.750 km,01/2022,Automatik,Elektro,107 kW (146 PS),,0g CO2/km (komb)*,22.489
Volkswagen,ID.3,23.773 km,08/2022,Automatik,Elektro,107 kW (146 PS),,0g CO2/km (komb)*,23.489
Volkswagen,ID.4,40.737 km,08/2022,Automatik,Elektro,109 kW (148 PS),,0g CO2/km (komb)*,23.989
Audi,Q4 e-tron,65.330 km,02/2022,Automatik,Elektro,125 kW (170 PS),,0g CO2/km (komb)*,35.089
Cupra,Born,12.765 km,12/2022,Automatik,Elektro,150 kW (204 PS),,0g CO2/km (komb)*,29.089
Ford,Puma,33.132 km,06/2022,Manuell,Benzin,92 kW (125 PS),6l/100km,135g CO2/km (WLTP,23.989
Cupra,Formentor,27.099 km,02/2022,Automatik,Benzin,228 kW (310 PS),8l/100km,185g CO2/km (komb)*,35.089
Audi,Q4 e-tron,5.214 km,08/2022,Automatik,Elektro,125 kW (170 PS),,0g CO2/km (komb)*,33.889
Opel,Corsa-e,32.021 km,10/2022,Automatik,Elektro,100 kW (136 PS),,0g CO2/km (komb)*,16.289
Opel,Corsa-e,16.491 km,03/2022,Automatik,Elektro,100 kW (136 PS),,0g CO2/km (komb)*,18.689
Volkswagen,Polo,87.564 km,02/2022,Automatik,Benzin,81 kW (110 PS),8l/100km,185g CO2/km (komb)*,21.489
Ford,Focus,28.396 km,01/2022,Manuell,Benzin,114 kW (155 PS),9l/100km,135g CO2/km (WLTP,26.989
Ford,Tourneo Custom,37.318 km,11/2022,Manuell,Diesel,96 kW (131 PS),7l/100km,186g CO2/km (komb)*,39.489
Ford,Kuga,24.682 km,10/2022,Automatik,Hybrid (Elektro / Benzin),165 kW (224 PS),3l/100km,29g CO2/km (WLTP,31.989
Ford,Kuga,6.553 km,11/2022,Automatik,Hybrid (Elektro / Benzin),165 kW (224 PS),3l/100km,29g CO2/km (WLTP,33.289
Ford,Fiesta,16.947 km,08/2022,Automatik,Benzin,92 kW (125 PS),1l/100km,138g CO2/km (WLTP,20.989
Ford,Kuga,18.404 km,11/2022,Automatik,Hybrid (Elektro / Benzin),165 kW (224 PS),3l/100km,29g CO2/km (WLTP,30.689
Ford,Kuga,73.461 km,01/2022,Automatik,Hybrid (Elektro / Benzin),165 kW (224 PS),3l/100km,29g CO2/km (WLTP,24.989
Hyundai,i30,21.612 km,08/2022,Manuell,Benzin,88 kW (120 PS),8l/100km,185g CO2/km (komb)*,18.389
Ford,EcoSport,28.597 km,08/2022,Manuell,Benzin,103 kW (140 PS),9l/100km,157g CO2/km (WLTP,20.989
Ford,Fiesta,25.070 km,08/2022,Automatik,Benzin,92 kW (125 PS),1l/100km,138g CO2/km (WLTP,21.089
Ford,Transit Custom,9.552 km,07/2022,Manuell,Diesel,77 kW (105 PS),7l/100km,186g CO2/km (komb)*,28.089
Ford,Kuga,20.723 km,10/2022,Manuell,Benzin,110 kW (150 PS),7l/100km,160g CO2/km (WLTP,30.689
Ford,Kuga,17.349 km,11/2022,Automatik,Hybrid (Elektro / Benzin),165 kW (224 PS),3l/100km,29g CO2/km (WLTP,32.189
Ford,Explorer,52.939 km,11/2022,Automatik,Hybrid (Elektro / Benzin),336 kW (457 PS),8l/100km,85g CO2/km (komb)*,53.489
Ford,Puma,36.021 km,01/2022,Manuell,Benzin,114 kW (155 PS),1l/100km,138g CO2/km (WLTP,23.989
Ford,Kuga,12.970 km,11/2022,Automatik,Hybrid (Elektro / Benzin),165 kW (224 PS),3l/100km,29g CO2/km (WLTP,32.789
Ford,Kuga,11.812 km,11/2022,Automatik,Hybrid (Elektro / Benzin),165 kW (224 PS),3l/100km,29g CO2/km (WLTP,32.789
Ford,Kuga,10.471 km,11/2022,Automatik,Hybrid (Elektro / Benzin),165 kW (224 PS),3l/100km,29g CO2/km (WLTP,32.789
Ford,Kuga,8.577 km,11/2022,Automatik,Hybrid (Elektro / Benzin),165 kW (224 PS),3l/100km,29g CO2/km (WLTP,33.289
Ford,SONSTIGE,38.658 km,04/2022,Automatik,Benzin,92 kW (125 PS),6l/100km,134g CO2/km (WLTP,22.989
Ford,Kuga,113.793 km,06/2022,Automatik,Hybrid (Elektro / Benzin),165 kW (224 PS),8l/100km,85g CO2/km (komb)*,22.989
Ford,Focus,30.607 km,09/2022,Automatik,Diesel,88 kW (120 PS),3l/100km,139g CO2/km (WLTP,22.989
Ford,Fiesta,11.914 km,09/2022,Automatik,Benzin,92 kW (125 PS),1l/100km,138g CO2/km (WLTP,20.989
Ford,Fiesta,25.613 km,08/2022,Automatik,Benzin,92 kW (125 PS),1l/100km,138g CO2/km (WLTP,20.989
Ford,Fiesta,17.674 km,08/2022,Automatik,Benzin,92 kW (125 PS),1l/100km,138g CO2/km (WLTP,20.989
Ford,Kuga,17.679 km,11/2022,Automatik,Hybrid (Elektro / Benzin),165 kW (224 PS),3l/100km,29g CO2/km (WLTP,32.189
Ford,Kuga,19.017 km,11/2022,Automatik,Hybrid (Elektro / Benzin),165 kW (224 PS),3l/100km,29g CO2/km (WLTP,32.189
Ford,Kuga,22.808 km,11/2022,Automatik,Hybrid (Elektro / Benzin),165 kW (224 PS),3l/100km,29g CO2/km (WLTP,31.689
Ford,Transit,33.189 km,11/2022,Manuell,Diesel,77 kW (105 PS),7l/100km,186g CO2/km (komb)*,37.389
Ford,Transit Custom,36.086 km,06/2022,Manuell,Diesel,96 kW (131 PS),7l/100km,186g CO2/km (komb)*,38.489
Ford,Transit,19.963 km,07/2022,Automatik,Elektro,198 kW (269 PS),,0g CO2/km (komb)*,36.389
Volkswagen,Passat Variant,46.983 km,06/2022,Automatik,Benzin,110 kW (150 PS),8l/100km,185g CO2/km (komb)*,27.489
Audi,SONSTIGE,21.976 km,02/2022,Automatik,Benzin,294 kW (400 PS),8l/100km,185g CO2/km (komb)*,60.589
Volkswagen,Golf,32.588 km,12/2022,Automatik,Diesel,110 kW (150 PS),6l/100km,120g CO2/km (WLTP,33.389
Volkswagen,SONSTIGE,118.472 km,02/2022,Manuell,Diesel,90 kW (122 PS),7l/100km,186g CO2/km (komb)*,27.089
Volkswagen,Taigo,39.788 km,01/2022,Automatik,Benzin,81 kW (110 PS),8l/100km,185g CO2/km (komb)*,24.589
Audi,SONSTIGE,69.745 km,03/2022,Automatik,Hybrid (Elektro / Benzin),110 kW (150 PS),8l/100km,85g CO2/km (komb)*,26.389
Skoda,Octavia,18.590 km,09/2022,Automatik,Benzin,150 kW (204 PS),8l/100km,185g CO2/km (komb)*,28.089
Volkswagen,Passat,25.692 km,12/2022,Automatik,Diesel,147 kW (200 PS),7l/100km,186g CO2/km (komb)*,39.489
Audi,A6,31.845 km,08/2022,Automatik,Diesel,150 kW (204 PS),7l/100km,186g CO2/km (komb)*,41.089
Volkswagen,Passat Variant,67.600 km,03/2022,Automatik,Diesel,110 kW (150 PS),7l/100km,186g CO2/km (komb)*,28.689
Ford,Kuga,39.900 km,09/2022,Automatik,Hybrid (Elektro / Benzin),165 kW (224 PS),8l/100km,85g CO2/km (komb)*,34.889
Volkswagen,Golf,52.470 km,10/2022,Automatik,Benzin,81 kW (110 PS),8l/100km,185g CO2/km (komb)*,22.489
Ford,SONSTIGE,23.100 km,02/2022,Manuell,Diesel,77 kW (105 PS),2l/100km,188g CO2/km (WLTP,26.489
Audi,SONSTIGE,29.607 km,02/2022,Automatik,Elektro,350 kW (476 PS),,0g CO2/km (komb)*,66.589
Ford,Mustang Mach-E,2.650 km,07/2022,Automatik,Elektro,198 kW (269 PS),,0g CO2/km (komb)*,41.589
MG,MG5,5.937 km,08/2022,Automatik,Elektro,130 kW (177 PS),,0g CO2/km (komb)*,21.989
Ford,Mustang Mach-E,8.050 km,01/2022,Automatik,Elektro,198 kW (269 PS),,0g CO2/km (komb)*,38.489
Dacia,Duster,34.790 km,05/2022,Manuell,Autogas,74 kW (101 PS),,144g CO2/km (WLTP,19.048
Renault,ZOE,44.626 km,01/2022,Automatik,Elektro,80 kW (69 PS),,0g CO2/km (WLTP,16.948
Volkswagen,Passat,22.980 km,08/2022,Automatik,Benzin,140 kW (190 PS),3l/100km,165g CO2/km (WLTP,31.889
Skoda,Octavia,23.992 km,07/2022,Manuell,Diesel,85 kW (116 PS),3l/100km,112g CO2/km (WLTP,25.689
Volkswagen,Passat,32.685 km,06/2022,Manuell,Benzin,110 kW (150 PS),4l/100km,146g CO2/km (WLTP,26.689
Audi,A4,32.504 km,09/2022,Automatik,Diesel,120 kW (163 PS),9l/100km,129g CO2/km (WLTP,30.889
Seat,Leon,15.127 km,10/2022,Manuell,Diesel,85 kW (116 PS),3l/100km,114g CO2/km (WLTP,23.689
Skoda,Octavia,23.992 km,07/2022,Manuell,Diesel,85 kW (116 PS),3l/100km,112g CO2/km (WLTP,26.989
Volkswagen,Passat,32.685 km,06/2022,Manuell,Benzin,110 kW (150 PS),4l/100km,146g CO2/km (WLTP,27.989
Volkswagen,Passat,57.730 km,09/2022,Automatik,Diesel,90 kW (122 PS),9l/100km,129g CO2/km (WLTP,24.689
Seat,Leon,15.127 km,10/2022,Manuell,Diesel,85 kW (116 PS),3l/100km,114g CO2/km (WLTP,24.989
Hyundai,IONIQ,6.400 km,09/2022,Automatik,Elektro,100 kW (136 PS),,0g CO2/km (komb)*,21.589
Hyundai,Santa Fe,30.500 km,01/2022,Automatik,Hybrid (Elektro / Benzin),195 kW (265 PS),8l/100km,85g CO2/km (komb)*,39.589
Ford,Kuga,49.200 km,11/2022,Automatik,Hybrid (Elektro / Benzin),165 kW (224 PS),8l/100km,85g CO2/km (komb)*,29.089
Ford,SONSTIGE,54.000 km,11/2022,Manuell,Diesel,96 kW (131 PS),8l/100km,209g CO2/km (WLTP,42.489
Audi,SONSTIGE,28.026 km,12/2022,Automatik,Hybrid (Elektro / Benzin),150 kW (204 PS),8l/100km,85g CO2/km (komb)*,32.489
Peugeot,Traveller,41.398 km,11/2022,Automatik,Diesel,130 kW (177 PS),4l/100km,193g CO2/km (WLTP,47.489
Cupra,Formentor,33.047 km,12/2022,Automatik,Benzin,180 kW (245 PS),8l/100km,185g CO2/km (komb)*,34.189
Ford,SONSTIGE,41.288 km,11/2022,Manuell,Diesel,96 kW (131 PS),8l/100km,209g CO2/km (WLTP,43.789
Volkswagen,SONSTIGE,41.434 km,10/2022,Automatik,Benzin,110 kW (150 PS),8l/100km,185g CO2/km (komb)*,36.289
Audi,Q5,95.124 km,02/2022,Automatik,Hybrid (Elektro / Benzin),220 kW (299 PS),8l/100km,85g CO2/km (komb)*,42.889
Hyundai,Kona,3.945 km,12/2022,Automatik,Elektro,100 kW (136 PS),,0g CO2/km (komb)*,24.389
Volkswagen,SONSTIGE,29.514 km,09/2022,Automatik,Benzin,235 kW (320 PS),8l/100km,185g CO2/km (komb)*,42.589
Ford,Grand Tourneo,12.000 km,12/2022,Manuell,Diesel,75 kW (102 PS),5l/100km,132g CO2/km (WLTP,30.689
Ford,Ranger,15.975 km,07/2022,Automatik,Diesel,156 kW (212 PS),8l/100km,256g CO2/km (WLTP,42.589
Seat,Ibiza,50.199 km,02/2022,Manuell,Erdgas,66 kW (90 PS),,96g CO2/km (komb)*,14.489
Audi,Q5,40.629 km,11/2022,Automatik,Hybrid (Elektro / Benzin),220 kW (299 PS),8l/100km,85g CO2/km (komb)*,41.789
Audi,SONSTIGE,22.932 km,01/2022,Automatik,Benzin,81 kW (110 PS),8l/100km,185g CO2/km (komb)*,25.989
Audi,SONSTIGE,13.568 km,02/2022,Automatik,Hybrid (Elektro / Benzin),150 kW (204 PS),8l/100km,85g CO2/km (komb)*,32.489
Audi,SONSTIGE,73.540 km,03/2022,Automatik,Hybrid (Elektro / Benzin),220 kW (299 PS),8l/100km,85g CO2/km (komb)*,39.789
Ford,Transit,59.292 km,06/2022,Manuell,Diesel,77 kW (105 PS),7l/100km,186g CO2/km (komb)*,34.189
Land Rover,Range Rover Evoque,21.243 km,06/2022,Automatik,Hybrid (Elektro / Benzin),227 kW (309 PS),4l/100km,32g CO2/km (komb)*,53.448
Volkswagen,Touran,33.478 km,06/2022,Automatik,Diesel,110 kW (150 PS),7l/100km,186g CO2/km (komb)*,35.389
Volkswagen,Tiguan,31.011 km,10/2022,Manuell,Benzin,110 kW (150 PS),8l/100km,185g CO2/km (komb)*,31.189
Volkswagen,Passat,66.135 km,09/2022,Automatik,Benzin,110 kW (150 PS),8l/100km,185g CO2/km (komb)*,25.489
Volkswagen,Tiguan,32.492 km,03/2022,Automatik,Diesel,147 kW (200 PS),7l/100km,186g CO2/km (komb)*,44.689
Volkswagen,Touran,17.442 km,09/2022,Automatik,Diesel,110 kW (150 PS),7l/100km,186g CO2/km (komb)*,38.489
Volkswagen,Passat,56.374 km,04/2022,Automatik,Benzin,110 kW (150 PS),8l/100km,185g CO2/km (komb)*,29.589
Skoda,Octavia,58.000 km,05/2022,Automatik,Benzin,150 kW (204 PS),8l/100km,185g CO2/km (komb)*,26.589
Cupra,Leon,23.023 km,07/2022,Automatik,Benzin,180 kW (245 PS),8l/100km,185g CO2/km (komb)*,29.589
Volkswagen,Touareg,71.129 km,11/2022,Automatik,Diesel,210 kW (286 PS),7l/100km,186g CO2/km (komb)*,55.589
Audi,A6,37.946 km,11/2022,Automatik,Diesel,253 kW (344 PS),7l/100km,186g CO2/km (komb)*,64.889
Ford,Mustang Mach-E,23.110 km,03/2022,Automatik,Elektro,358 kW (487 PS),,0g CO2/km (komb)*,49.589
Volkswagen,Tiguan,53.665 km,08/2022,Automatik,Benzin,110 kW (150 PS),8l/100km,154g CO2/km (WLTP,31.789
Dacia,Duster,12.010 km,02/2022,Automatik,Benzin,110 kW (150 PS),8l/100km,185g CO2/km (komb)*,25.348
Renault,Trafic,15.903 km,12/2022,Manuell,Diesel,81 kW (110 PS),9l/100km,181g CO2/km (WLTP,37.848
Volkswagen,Passat,47.799 km,11/2022,Automatik,Diesel,110 kW (150 PS),5l/100km,131g CO2/km (WLTP,29.089
Cupra,Leon,24.989 km,11/2022,Automatik,Benzin,150 kW (204 PS),8l/100km,185g CO2/km (komb)*,26.689
Volkswagen,Passat,47.799 km,11/2022,Automatik,Diesel,110 kW (150 PS),5l/100km,131g CO2/km (WLTP,27.689
Volkswagen,Passat,39.103 km,06/2022,Automatik,Diesel,147 kW (200 PS),5l/100km,144g CO2/km (WLTP,29.789
Cupra,Formentor,12.827 km,10/2022,Automatik,Benzin,180 kW (245 PS),8l/100km,185g CO2/km (komb)*,30.789
Cupra,Formentor,22.422 km,11/2022,Automatik,Benzin,180 kW (245 PS),8l/100km,185g CO2/km (komb)*,28.789
Seat,Arona,8.207 km,11/2022,Manuell,Benzin,81 kW (110 PS),5l/100km,124g CO2/km (WLTP,21.289
Ford,Mustang Mach-E,41.200 km,04/2022,Automatik,Elektro,216 kW (294 PS),,0g CO2/km (komb)*,39.589
Audi,e-tron,26.700 km,11/2022,Automatik,Elektro,300 kW (408 PS),,0g CO2/km (komb)*,67.989
Cupra,Born,26.149 km,11/2022,Automatik,Elektro,150 kW (204 PS),,0g CO2/km (komb)*,27.589
Skoda,Scala,37.009 km,04/2022,Manuell,Benzin,81 kW (110 PS),7l/100km,106g CO2/km (komb)*,17.948
Ford,Kuga,11.000 km,12/2022,Automatik,Hybrid (Elektro / Benzin),165 kW (224 PS),8l/100km,85g CO2/km (komb)*,37.389
Cupra,Formentor,50.063 km,02/2022,Automatik,Benzin,150 kW (204 PS),8l/100km,185g CO2/km (komb)*,26.389
Ford,Mustang Mach-E,18.000 km,11/2022,Automatik,Elektro,358 kW (487 PS),,0g CO2/km (komb)*,50.589
Opel,SONSTIGE,67.846 km,04/2022,Automatik,Diesel,90 kW (122 PS),2l/100km,137g CO2/km (WLTP,18.589
Hyundai,Kona,5.950 km,12/2022,Automatik,Elektro,100 kW (136 PS),,0g CO2/km (komb)*,24.089
Mazda,CX-30,48.300 km,01/2022,Manuell,Benzin,110 kW (150 PS),9l/100km,134g CO2/km (WLTP,26.448
Land Rover,Range Rover Evoque,17.253 km,06/2022,Automatik,Hybrid (Elektro / Benzin),147 kW (200 PS),4l/100km,32g CO2/km (komb)*,51.448
Mazda,CX-60,19.560 km,09/2022,Automatik,Hybrid (Elektro / Benzin),241 kW (192 PS),4l/100km,32g CO2/km (komb)*,44.448
Ford,Puma,25.990 km,03/2022,Manuell,Benzin,92 kW (125 PS),8l/100km,185g CO2/km (komb)*,22.148
Volkswagen,Passat,5.914 km,07/2022,Automatik,Diesel,147 kW (200 PS),5l/100km,144g CO2/km (WLTP,37.089
Volkswagen,Passat,26.614 km,07/2022,Automatik,Diesel,147 kW (200 PS),5l/100km,144g CO2/km (WLTP,31.889
Volkswagen,Golf Variant,105.694 km,01/2022,Automatik,Diesel,85 kW (116 PS),7l/100km,186g CO2/km (komb)*,19.989
Volkswagen,SONSTIGE,38.736 km,03/2022,Automatik,Benzin,140 kW (190 PS),8l/100km,185g CO2/km (komb)*,37.689
Volkswagen,Polo,32.641 km,12/2022,Manuell,Benzin,59 kW (80 PS),8l/100km,185g CO2/km (komb)*,18.689
Audi,SONSTIGE,21.967 km,11/2022,Automatik,Hybrid (Elektro / Benzin),180 kW (245 PS),8l/100km,85g CO2/km (komb)*,30.689
Opel,SONSTIGE,47.400 km,05/2022,Manuell,Benzin,96 kW (131 PS),6l/100km,128g CO2/km (WLTP,19.689
Volkswagen,Caddy,21.650 km,06/2022,Automatik,Diesel,90 kW (122 PS),3l/100km,139g CO2/km (WLTP,35.989
Volkswagen,Touran,11.153 km,06/2022,Manuell,Benzin,110 kW (150 PS),7l/100km,153g CO2/km (WLTP,31.089
Volkswagen,Passat,29.987 km,08/2022,Automatik,Diesel,110 kW (150 PS),8l/100km,127g CO2/km (WLTP,32.189
Volkswagen,Touran,11.153 km,06/2022,Manuell,Benzin,110 kW (150 PS),7l/100km,153g CO2/km (WLTP,29.789
Ford,Puma,18.625 km,07/2022,Automatik,Benzin,92 kW (125 PS),6l/100km,135g CO2/km (WLTP,26.089
Volkswagen,Golf,32.547 km,02/2022,Automatik,Benzin,110 kW (150 PS),8l/100km,185g CO2/km (komb)*,29.189
Skoda,Kamiq,41.436 km,06/2022,Manuell,Benzin,81 kW (110 PS),8l/100km,185g CO2/km (komb)*,19.189
Opel,Insignia,53.386 km,08/2022,Automatik,Diesel,90 kW (122 PS),3l/100km,137g CO2/km (WLTP,22.789
Nissan,Juke,31.550 km,02/2022,Automatik,Benzin,84 kW (114 PS),8l/100km,185g CO2/km (komb)*,22.148
Volkswagen,Passat Alltrack,58.419 km,06/2022,Automatik,Diesel,147 kW (200 PS),7l/100km,186g CO2/km (komb)*,37.589
Renault,Master,55.201 km,10/2022,Manuell,Diesel,120 kW (163 PS),0l/100km,0g CO2/km (WLTP,49.348
Renault,ZOE,28.060 km,04/2022,Automatik,Elektro,100 kW (136 PS),,0g CO2/km (WLTP,17.948
Ford,Transit Custom,440 km,11/2022,Manuell,Diesel,77 kW (105 PS),6l/100km,200g CO2/km (WLTP,32.689
Audi,A4,19.071 km,04/2022,Automatik,Diesel,120 kW (163 PS),9l/100km,128g CO2/km (WLTP,33.189
Volkswagen,Passat,39.103 km,06/2022,Automatik,Diesel,147 kW (200 PS),5l/100km,144g CO2/km (WLTP,31.089
Volkswagen,Passat,36.131 km,06/2022,Automatik,Diesel,147 kW (200 PS),5l/100km,144g CO2/km (WLTP,30.889
Volkswagen,Passat,36.131 km,06/2022,Automatik,Diesel,147 kW (200 PS),5l/100km,144g CO2/km (WLTP,32.189
Volkswagen,Passat,18.226 km,07/2022,Automatik,Benzin,140 kW (190 PS),3l/100km,165g CO2/km (WLTP,30.889
Volkswagen,Passat,34.427 km,06/2022,Automatik,Diesel,147 kW (200 PS),5l/100km,144g CO2/km (WLTP,32.189
Volkswagen,Passat,24.451 km,08/2022,Automatik,Benzin,140 kW (190 PS),3l/100km,165g CO2/km (WLTP,30.889
Volkswagen,Passat,37.127 km,06/2022,Automatik,Diesel,147 kW (200 PS),5l/100km,144g CO2/km (WLTP,30.889
Volkswagen,Passat,34.427 km,06/2022,Automatik,Diesel,147 kW (200 PS),5l/100km,144g CO2/km (WLTP,30.889
Volkswagen,Passat,36.212 km,06/2022,Automatik,Diesel,147 kW (200 PS),5l/100km,144g CO2/km (WLTP,30.889
Hyundai,IONIQ,7.438 km,09/2022,Automatik,Elektro,100 kW (136 PS),,0g CO2/km (komb)*,22.389
Audi,A3,52 km,04/2022,Automatik,Benzin,110 kW (150 PS),8l/100km,131g CO2/km (WLTP,32.289
Seat,Arona,32.845 km,10/2022,Automatik,Benzin,110 kW (150 PS),3l/100km,143g CO2/km (WLTP,26.189
Ford,Transit Custom,12 km,06/2022,Manuell,Diesel,96 kW (131 PS),5l/100km,197g CO2/km (WLTP,33.289
Ford,Transit Custom,2.000 km,06/2022,Manuell,Diesel,96 kW (131 PS),3l/100km,192g CO2/km (WLTP,32.089
Mercedes-Benz,Sprinter,83.808 km,07/2022,Manuell,Diesel,125 kW (170 PS),7l/100km,186g CO2/km (komb)*,33.389
Mercedes-Benz,EQA,65.355 km,06/2022,Automatik,Diesel,174 kW (237 PS),7l/100km,186g CO2/km (komb)*,79.689
Volkswagen,Golf,23.160 km,04/2022,Automatik,Diesel,85 kW (116 PS),6l/100km,119g CO2/km (WLTP,26.389
Audi,A4,38.990 km,01/2022,Manuell,Benzin,110 kW (150 PS),4l/100km,145g CO2/km (WLTP,31.789
Mercedes-Benz,SONSTIGE,65.355 km,06/2022,Automatik,Diesel,174 kW (237 PS),7l/100km,186g CO2/km (komb)*,79.689
Ford,Transit Custom,43.000 km,03/2022,Manuell,Diesel,96 kW (131 PS),2l/100km,192g CO2/km (WLTP,25.989
Skoda,Fabia,42.600 km,03/2022,Automatik,Benzin,70 kW (95 PS),6l/100km,136g CO2/km (WLTP,21.389
Volkswagen,Golf,25.180 km,12/2022,Automatik,Benzin,221 kW (301 PS),8l/100km,185g CO2/km (komb)*,37.689
Volkswagen,Golf Variant,34.115 km,06/2022,Manuell,Diesel,85 kW (116 PS),6l/100km,121g CO2/km (WLTP,25.089
Volkswagen,Golf,36.540 km,05/2022,Automatik,Diesel,85 kW (116 PS),5l/100km,117g CO2/km (WLTP,26.089
Volkswagen,Golf GTI,26.160 km,01/2022,Automatik,Benzin,180 kW (245 PS),5l/100km,169g CO2/km (WLTP,32.789
Volkswagen,Golf Variant,39.770 km,06/2022,Manuell,Diesel,85 kW (116 PS),3l/100km,112g CO2/km (WLTP,25.389
Skoda,Octavia,40.190 km,02/2022,Automatik,Diesel,110 kW (150 PS),5l/100km,118g CO2/km (WLTP,29.789
Volkswagen,Golf Variant,34.220 km,06/2022,Manuell,Diesel,85 kW (116 PS),3l/100km,112g CO2/km (WLTP,25.089
Mercedes-Benz,EQB,57.411 km,11/2022,Automatik,Elektro,168 kW (228 PS),,0g CO2/km (komb)*,35.289
Volkswagen,Passat,23.185 km,07/2022,Automatik,Benzin,140 kW (190 PS),2l/100km,164g CO2/km (WLTP,30.889
Volkswagen,Passat,38.368 km,06/2022,Automatik,Diesel,147 kW (200 PS),5l/100km,144g CO2/km (WLTP,30.889
Volkswagen,Passat,38.368 km,06/2022,Automatik,Diesel,147 kW (200 PS),5l/100km,144g CO2/km (WLTP,32.189
Volkswagen,Passat,23.185 km,07/2022,Automatik,Benzin,140 kW (190 PS),2l/100km,164g CO2/km (WLTP,32.189
Volkswagen,Golf,51.015 km,07/2022,Automatik,Diesel,85 kW (116 PS),7l/100km,186g CO2/km (komb)*,25.389
Volkswagen,SONSTIGE,21.489 km,02/2022,Manuell,Benzin,81 kW (110 PS),8l/100km,185g CO2/km (komb)*,25.689
Opel,Crossland X,45.931 km,06/2022,Automatik,Benzin,96 kW (131 PS),5l/100km,113g CO2/km (komb)*,20.148
Ford,Kuga,22.000 km,09/2022,Automatik,Hybrid (Elektro / Benzin),165 kW (224 PS),8l/100km,85g CO2/km (komb)*,34.289
Jeep,Renegade,25 km,10/2022,Automatik,Benzin,96 kW (131 PS),7l/100km,499g CO2/km (WLTP,23.858
Ford,Fiesta,62.113 km,03/2022,Manuell,Benzin,92 kW (125 PS),8l/100km,185g CO2/km (komb)*,17.749
Ford,Fiesta,63.679 km,02/2022,Manuell,Benzin,92 kW (125 PS),8l/100km,185g CO2/km (komb)*,17.749
Mercedes-Benz,Sprinter,47.779 km,01/2022,Manuell,Diesel,125 kW (170 PS),7l/100km,186g CO2/km (komb)*,35.489
Land Rover,Range Rover Evoque,17.427 km,01/2022,Automatik,Hybrid (Elektro / Benzin),227 kW (309 PS),4l/100km,32g CO2/km (komb)*,48.048
Dacia,Duster,19.999 km,06/2022,Manuell,Benzin,96 kW (131 PS),6l/100km,146g CO2/km (WLTP,20.048
Opel,Insignia,18.006 km,01/2022,Automatik,Benzin,125 kW (170 PS),8l/100km,185g CO2/km (komb)*,27.048
Volkswagen,T-Cross,65.417 km,05/2022,Manuell,Benzin,70 kW (95 PS),8l/100km,185g CO2/km (komb)*,19.049
Volkswagen,Golf,33.550 km,11/2022,Manuell,Benzin,110 kW (150 PS),7l/100km,129g CO2/km (WLTP,24.489
Ford,Puma,27.641 km,10/2022,Automatik,Benzin,92 kW (125 PS),1l/100km,138g CO2/km (WLTP,23.589
Seat,Ateca,52.600 km,02/2022,Automatik,Diesel,110 kW (150 PS),3l/100km,139g CO2/km (WLTP,29.789
Volvo,XC40,32.975 km,01/2022,Automatik,Benzin,145 kW (197 PS),2l/100km,153g CO2/km (WLTP,36.289
Suzuki,SX4 S-Cross,22.445 km,10/2022,Automatik,Benzin,75 kW (102 PS),8l/100km,132g CO2/km (WLTP,25.089
Volvo,XC90,37.554 km,09/2022,Automatik,Hybrid (Elektro / Benzin),288 kW (392 PS),4l/100km,160g CO2/km (WLTP,67.489
Volkswagen,ID.4,36.567 km,05/2022,Automatik,Elektro,125 kW (170 PS),,0g CO2/km (komb)*,27.389
Mercedes-Benz,SONSTIGE,46.029 km,12/2022,Automatik,Hybrid (Elektro / Benzin),150 kW (204 PS),8l/100km,85g CO2/km (komb)*,41.089
Volvo,V60,26.314 km,01/2022,Automatik,Hybrid (Elektro / Benzin),293 kW (398 PS),8l/100km,85g CO2/km (komb)*,36.189
Volvo,V90,50.548 km,01/2022,Automatik,Hybrid (Elektro / Benzin),335 kW (456 PS),8l/100km,160g CO2/km (WLTP,47.389
Volkswagen,Golf,43.617 km,04/2022,Automatik,Diesel,110 kW (150 PS),4l/100km,116g CO2/km (WLTP,28.189
Audi,Q8,44.800 km,01/2022,Automatik,Diesel,210 kW (286 PS),6l/100km,224g CO2/km (WLTP,75.789
Audi,SONSTIGE,59.586 km,06/2022,Automatik,Diesel,150 kW (204 PS),7l/100km,186g CO2/km (komb)*,37.689
Ford,Transit,40.000 km,11/2022,Manuell,Diesel,96 kW (131 PS),3l/100km,270g CO2/km (WLTP,33.289
Peugeot,3008,44.729 km,01/2022,Automatik,Hybrid (Elektro / Benzin),165 kW (224 PS),2l/100km,163g CO2/km (WLTP,28.489
Volvo,XC60,35.624 km,02/2022,Automatik,Diesel,145 kW (197 PS),7l/100km,176g CO2/km (WLTP,43.789
Volvo,XC40,42.602 km,04/2022,Automatik,Hybrid (Elektro / Benzin),155 kW (211 PS),1l/100km,160g CO2/km (WLTP,34.289
BMW,218 Gran Tourer,99.152 km,03/2022,Automatik,Diesel,110 kW (150 PS),6l/100km,136g CO2/km (WLTP,23.089
Suzuki,SX4 S-Cross,2.345 km,10/2022,Manuell,Benzin,95 kW (129 PS),4l/100km,146g CO2/km (WLTP,24.089
Volkswagen,T6 Multivan,49.500 km,01/2022,Automatik,Diesel,110 kW (150 PS),9l/100km,207g CO2/km (WLTP,53.389
Peugeot,308,33.903 km,10/2022,Automatik,Hybrid (Elektro / Benzin),133 kW (181 PS),8l/100km,85g CO2/km (komb)*,29.489
Skoda,Scala,37.072 km,08/2022,Manuell,Benzin,81 kW (110 PS),4l/100km,146g CO2/km (WLTP,19.089
BMW,320,77.597 km,10/2022,Automatik,Diesel,140 kW (190 PS),7l/100km,150g CO2/km (WLTP,31.289
Volvo,XC60,60.675 km,06/2022,Automatik,Diesel,145 kW (197 PS),7l/100km,176g CO2/km (WLTP,38.889
Opel,Corsa,33.428 km,01/2022,Manuell,Benzin,74 kW (101 PS),6l/100km,127g CO2/km (WLTP,16.589
Renault,ZOE,23.770 km,02/2022,Automatik,Elektro,100 kW (136 PS),,0g CO2/km (WLTP,17.948
Renault,ZOE,44.725 km,02/2022,Automatik,Elektro,51 kW (69 PS),,0g CO2/km (WLTP,15.448
Volkswagen,T6 Multivan,42.650 km,06/2022,Automatik,Diesel,150 kW (204 PS),5l/100km,224g CO2/km (WLTP,68.589
Ford,Puma,43.170 km,06/2022,Automatik,Benzin,92 kW (125 PS),3l/100km,143g CO2/km (WLTP,25.889
Volvo,XC40,59.358 km,10/2022,Automatik,Elektro,170 kW (231 PS),,0g CO2/km (komb)*,34.789
Ford,Kuga,83.061 km,02/2022,Automatik,Hybrid (Elektro / Benzin),165 kW (224 PS),8l/100km,85g CO2/km (komb)*,22.089
Cupra,Leon,23.450 km,10/2022,Automatik,Hybrid (Elektro / Benzin),150 kW (204 PS),8l/100km,85g CO2/km (komb)*,26.589
Cupra,Leon,22.000 km,03/2022,Automatik,Hybrid (Elektro / Benzin),180 kW (245 PS),8l/100km,85g CO2/km (komb)*,28.189
Cupra,Formentor,28.750 km,07/2022,Automatik,Hybrid (Elektro / Benzin),180 kW (245 PS),8l/100km,85g CO2/km (komb)*,31.689
Volvo,XC60,71.973 km,01/2022,Automatik,Diesel,145 kW (197 PS),2l/100km,188g CO2/km (WLTP,38.389
Seat,Leon,29.545 km,01/2022,Manuell,Benzin,81 kW (110 PS),7l/100km,129g CO2/km (WLTP,21.889
Cupra,Leon,31.650 km,11/2022,Automatik,Hybrid (Elektro / Benzin),150 kW (204 PS),8l/100km,85g CO2/km (komb)*,27.189
Volvo,XC60,20.950 km,05/2022,Automatik,Diesel,145 kW (197 PS),2l/100km,188g CO2/km (WLTP,43.289
Ford,Fiesta,67.364 km,01/2022,Manuell,Benzin,92 kW (125 PS),5l/100km,0g CO2/km (WLTP,15.949
Ford,Fiesta,65.414 km,03/2022,Manuell,Benzin,92 kW (125 PS),5l/100km,0g CO2/km (WLTP,15.949
Cupra,Formentor,30.386 km,11/2022,Automatik,Hybrid (Elektro / Benzin),180 kW (245 PS),8l/100km,85g CO2/km (komb)*,29.489
Volkswagen,Passat,51.804 km,06/2022,Automatik,Diesel,147 kW (200 PS),5l/100km,144g CO2/km (WLTP,29.789
Volkswagen,Passat,23.572 km,07/2022,Automatik,Diesel,147 kW (200 PS),5l/100km,144g CO2/km (WLTP,31.889
Volkswagen,Passat Variant,27.655 km,08/2022,Manuell,Benzin,110 kW (150 PS),6l/100km,149g CO2/km (WLTP,30.789
Cupra,Formentor,20.600 km,10/2022,Automatik,Hybrid (Elektro / Benzin),150 kW (204 PS),8l/100km,85g CO2/km (komb)*,26.189
Seat,Leon,48.400 km,02/2022,Automatik,Benzin,110 kW (150 PS),7l/100km,129g CO2/km (WLTP,24.389
Peugeot,3008,26.228 km,01/2022,Automatik,Hybrid (Elektro / Benzin),165 kW (224 PS),1l/100km,161g CO2/km (WLTP,26.989
Volkswagen,T-Roc,17.540 km,12/2022,Manuell,Benzin,81 kW (110 PS),3l/100km,143g CO2/km (WLTP,24.089
Volkswagen,Golf,28.920 km,07/2022,Automatik,Diesel,85 kW (116 PS),6l/100km,119g CO2/km (WLTP,25.589
Cupra,Leon,38.850 km,04/2022,Automatik,Hybrid (Elektro / Benzin),180 kW (245 PS),8l/100km,85g CO2/km (komb)*,27.789
Cupra,Formentor,49.700 km,11/2022,Automatik,Hybrid (Elektro / Benzin),150 kW (204 PS),8l/100km,85g CO2/km (komb)*,26.689
Seat,Leon,4.193 km,10/2022,Automatik,Benzin,140 kW (190 PS),7l/100km,151g CO2/km (WLTP,29.789
Volkswagen,T-Roc,14.750 km,03/2022,Automatik,Benzin,110 kW (150 PS),3l/100km,143g CO2/km (WLTP,27.789
Skoda,Octavia,35.900 km,08/2022,Automatik,Hybrid (Elektro / Benzin),150 kW (204 PS),2l/100km,141g CO2/km (WLTP,32.889
Cupra,Leon,33.600 km,07/2022,Automatik,Hybrid (Elektro / Benzin),150 kW (204 PS),8l/100km,85g CO2/km (komb)*,26.689
Seat,Leon,11.280 km,10/2022,Automatik,Hybrid (Elektro / Benzin),110 kW (150 PS),8l/100km,85g CO2/km (komb)*,30.789
Renault,Captur,14.933 km,11/2022,Automatik,Benzin,103 kW (140 PS),6l/100km,137g CO2/km (WLTP,23.989
Skoda,Octavia,23.060 km,02/2022,Automatik,Hybrid (Elektro / Benzin),180 kW (245 PS),2l/100km,141g CO2/km (WLTP,34.889
Cupra,Leon,35.255 km,12/2022,Automatik,Hybrid (Elektro / Benzin),150 kW (204 PS),2l/100km,140g CO2/km (WLTP,30.289
Mercedes-Benz,Sprinter,38.158 km,10/2022,Automatik,Diesel,125 kW (170 PS),7l/100km,186g CO2/km (komb)*,41.389
Volkswagen,T6 SONSTIGE,33.726 km,06/2022,Manuell,Diesel,81 kW (110 PS),7l/100km,186g CO2/km (komb)*,28.289
Mercedes-Benz,SONSTIGE,88.678 km,02/2022,Automatik,Benzin,120 kW (163 PS),8l/100km,185g CO2/km (komb)*,25.589
Mercedes-Benz,SONSTIGE,64.352 km,08/2022,Automatik,Benzin,190 kW (258 PS),8l/100km,185g CO2/km (komb)*,37.289
Mercedes-Benz,Sprinter,95.314 km,02/2022,Manuell,Diesel,125 kW (170 PS),7l/100km,186g CO2/km (komb)*,33.389
Volvo,V60,61.564 km,01/2022,Automatik,Hybrid (Elektro / Benzin),293 kW (398 PS),8l/100km,160g CO2/km (WLTP,36.289
Cupra,Born,10.290 km,09/2022,Automatik,Elektro,150 kW (204 PS),,0g CO2/km (komb)*,30.189
Ford,Kuga,22.431 km,07/2022,Automatik,Hybrid (Elektro / Benzin),165 kW (224 PS),8l/100km,85g CO2/km (komb)*,38.389
Volkswagen,ID.3,29.987 km,10/2022,Automatik,Elektro,150 kW (204 PS),,0g CO2/km (komb)*,29.789
Renault,Master,1.175 km,11/2022,Manuell,Diesel,100 kW (136 PS),7l/100km,186g CO2/km (komb)*,32.349
Fiat,500,27.595 km,05/2022,Automatik,Elektro,87 kW (118 PS),,0g CO2/km (komb)*,22.089
Ford,Fiesta,62.113 km,02/2022,Manuell,Benzin,92 kW (125 PS),8l/100km,185g CO2/km (komb)*,18.449
Ford,Fiesta,63.679 km,01/2022,Manuell,Benzin,92 kW (125 PS),8l/100km,185g CO2/km (komb)*,18.449
Ford,SONSTIGE,27.752 km,08/2022,Manuell,Diesel,77 kW (105 PS),7l/100km,186g CO2/km (komb)*,30.289
Volkswagen,Crafter,232 km,09/2022,Automatik,Diesel,130 kW (177 PS),4l/100km,300g CO2/km (WLTP,64.989
Mercedes-Benz,SONSTIGE,27.351 km,09/2022,Automatik,Benzin,100 kW (136 PS),8l/100km,185g CO2/km (komb)*,30.289
Mercedes-Benz,SONSTIGE,96.500 km,04/2022,Automatik,Benzin,145 kW (197 PS),8l/100km,185g CO2/km (komb)*,38.189
Mercedes-Benz,SONSTIGE,49.987 km,09/2022,Automatik,Diesel,145 kW (197 PS),7l/100km,186g CO2/km (komb)*,54.989
Ford,SONSTIGE,30.964 km,05/2022,Manuell,Diesel,77 kW (105 PS),7l/100km,186g CO2/km (komb)*,30.289
Ford,Fiesta,65.414 km,02/2022,Manuell,Benzin,92 kW (125 PS),5l/100km,114g CO2/km (WLTP,16.649
Ford,Transit,78.145 km,06/2022,Manuell,Diesel,77 kW (105 PS),7l/100km,186g CO2/km (komb)*,34.989
Opel,Corsa,61.440 km,12/2022,Automatik,Benzin,74 kW (101 PS),3l/100km,121g CO2/km (WLTP,18.349
Ford,Transit,39.947 km,06/2022,Manuell,Diesel,77 kW (105 PS),4l/100km,221g CO2/km (WLTP,36.289
Ford,SONSTIGE,25.244 km,06/2022,Manuell,Diesel,77 kW (105 PS),7l/100km,186g CO2/km (komb)*,30.289
Volkswagen,Passat Variant,56.400 km,09/2022,Automatik,Diesel,110 kW (150 PS),9l/100km,128g CO2/km (WLTP,30.689
Cupra,Ateca,17.965 km,10/2022,Automatik,Benzin,221 kW (301 PS),1l/100km,206g CO2/km (WLTP,40.189
Renault,Master,1.175 km,12/2022,Manuell,Diesel,100 kW (136 PS),9l/100km,499g CO2/km (WLTP,33.949
Ford,Transit,42.100 km,10/2022,Manuell,Diesel,96 kW (131 PS),3l/100km,270g CO2/km (WLTP,34.589
Ford,SONSTIGE,42.700 km,11/2022,Manuell,Diesel,96 kW (131 PS),8l/100km,210g CO2/km (WLTP,30.189
Volkswagen,T-Cross,65.417 km,04/2022,Manuell,Benzin,70 kW (95 PS),8l/100km,185g CO2/km (komb)*,19.749
Audi,Q2,27.880 km,11/2022,Manuell,Benzin,81 kW (110 PS),2l/100km,140g CO2/km (WLTP,25.389
Volkswagen,Golf,34.449 km,11/2022,Automatik,Diesel,147 kW (200 PS),2l/100km,137g CO2/km (WLTP,31.689
Toyota,Proace,1.010 km,12/2023,Automatik,Diesel,130 kW (177 PS),5l/100km,197g CO2/km (WLTP,45.548
Renault,Clio,10.403 km,03/2023,Automatik,Benzin,67 kW (90 PS),8l/100km,111g CO2/km (komb)*,20.048
Mazda,CX-5,9.614 km,03/2023,Automatik,Benzin,143 kW (194 PS),6l/100km,171g CO2/km (WLTP,35.348
Skoda,Octavia,21.458 km,10/2023,Automatik,Benzin,110 kW (150 PS),8l/100km,114g CO2/km (komb)*,31.189
Volkswagen,Golf,28.391 km,09/2023,Automatik,Diesel,110 kW (150 PS),7l/100km,186g CO2/km (komb)*,32.189
Volkswagen,Golf,35.900 km,07/2023,Automatik,Diesel,110 kW (150 PS),7l/100km,186g CO2/km (komb)*,32.189
Volkswagen,Golf,33.212 km,10/2023,Automatik,Diesel,85 kW (116 PS),7l/100km,186g CO2/km (komb)*,25.989
Seat,Leon,16.090 km,12/2023,Automatik,Diesel,110 kW (150 PS),7l/100km,186g CO2/km (komb)*,32.189
Skoda,Superb,16.875 km,11/2023,Automatik,Benzin,110 kW (150 PS),8l/100km,116g CO2/km (komb)*,32.189
Hyundai,Kona,5.000 km,11/2023,Automatik,Benzin,88 kW (120 PS),3l/100km,143g CO2/km (WLTP,29.189
Audi,A3,27.842 km,04/2023,Automatik,Diesel,110 kW (150 PS),7l/100km,186g CO2/km (komb)*,33.789
Ford,Kuga,74.300 km,10/2023,Automatik,Diesel,88 kW (120 PS),5l/100km,170g CO2/km (WLTP,31.189
Ford,Kuga,16.066 km,02/2023,Automatik,Diesel,88 kW (120 PS),7l/100km,186g CO2/km (komb)*,28.548
Volkswagen,Golf,16.551 km,10/2023,Automatik,Benzin,81 kW (110 PS),8l/100km,185g CO2/km (komb)*,26.989
Volkswagen,Golf,24.170 km,10/2023,Automatik,Benzin,81 kW (110 PS),8l/100km,185g CO2/km (komb)*,25.789
Ford,Kuga,21.100 km,10/2023,Automatik,Diesel,88 kW (120 PS),6l/100km,157g CO2/km (WLTP,35.389
Hyundai,Tucson,35.479 km,07/2023,Automatik,Benzin,132 kW (177 PS),8l/100km,185g CO2/km (komb)*,36.989
Opel,Corsa,13.324 km,01/2023,Manuell,Benzin,74 kW (101 PS),1l/100km,115g CO2/km (WLTP,16.689
Opel,Crossland X,66.450 km,02/2023,Automatik,Benzin,96 kW (131 PS),5l/100km,147g CO2/km (WLTP,22.089
Seat,Ibiza,9.987 km,08/2023,Manuell,Benzin,70 kW (95 PS),5l/100km,124g CO2/km (WLTP,19.289
Hyundai,Kona,31.700 km,10/2023,Automatik,Hybrid (Elektro / Benzin),104 kW (141 PS),8l/100km,108g CO2/km (WLTP,30.548
Hyundai,Tucson,19.656 km,10/2023,Automatik,Hybrid (Elektro / Benzin),195 kW (265 PS),4l/100km,31g CO2/km (WLTP,37.048
Opel,Corsa,53 km,01/2023,Manuell,Benzin,55 kW (75 PS),9l/100km,499g CO2/km (WLTP,16.548
Hyundai,Santa Fe,28.500 km,10/2023,Automatik,Diesel,142 kW (193 PS),3l/100km,166g CO2/km (WLTP,45.348
Mazda,CX-5,19.575 km,03/2023,Automatik,Benzin,143 kW (194 PS),8l/100km,185g CO2/km (komb)*,35.048
Hyundai,Tucson,26.380 km,12/2023,Automatik,Diesel,100 kW (136 PS),7l/100km,186g CO2/km (komb)*,36.489
Renault,Arkana,21.495 km,09/2023,Automatik,Hybrid (Elektro / Benzin),105 kW (143 PS),8l/100km,107g CO2/km (komb)*,28.048
Dacia,Sandero,20.311 km,03/2023,Manuell,Autogas,67 kW (91 PS),,127g CO2/km (WLTP,18.848
Ford,Focus,11.705 km,09/2023,Manuell,Benzin,92 kW (125 PS),4l/100km,146g CO2/km (WLTP,27.089
Hyundai,Kona,5.000 km,12/2023,Automatik,Benzin,88 kW (120 PS),3l/100km,0g CO2/km (WLTP,29.158
Opel,Corsa,1.010 km,01/2023,Manuell,Benzin,55 kW (75 PS),3l/100km,120g CO2/km (WLTP,16.548
Ford,Transit Connect,1.000 km,08/2023,Manuell,Diesel,74 kW (101 PS),6l/100km,499g CO2/km (WLTP,26.258
Hyundai,Tucson,29.600 km,10/2023,Automatik,Hybrid (Elektro / Benzin),195 kW (265 PS),4l/100km,31g CO2/km (WLTP,34.448
Hyundai,i20,19.090 km,04/2023,Manuell,Benzin,74 kW (101 PS),0l/100km,127g CO2/km (WLTP,21.748
Hyundai,Santa Fe,27.900 km,01/2023,Automatik,Hybrid (Elektro / Benzin),195 kW (265 PS),6l/100km,37g CO2/km (WLTP,44.348
Volkswagen,Tiguan,59.755 km,06/2023,Automatik,Benzin,110 kW (150 PS),9l/100km,0g CO2/km (WLTP,30.649
Volkswagen,Tiguan,62.898 km,06/2023,Automatik,Benzin,110 kW (150 PS),9l/100km,0g CO2/km (WLTP,30.649
Hyundai,Staria,33.883 km,07/2023,Automatik,Diesel,130 kW (177 PS),5l/100km,222g CO2/km (WLTP,48.248
Hyundai,Kona,14.000 km,10/2023,Automatik,Hybrid (Elektro / Benzin),104 kW (141 PS),8l/100km,108g CO2/km (WLTP,32.748
Hyundai,Tucson,25.300 km,09/2023,Automatik,Benzin,110 kW (150 PS),6l/100km,150g CO2/km (WLTP,27.548
Toyota,Yaris Cross,1.300 km,09/2023,Automatik,Hybrid (Elektro / Benzin),85 kW (92 PS),2l/100km,116g CO2/km (WLTP,29.648
Ford,Transit Custom,61.090 km,02/2023,Manuell,Diesel,96 kW (131 PS),7l/100km,186g CO2/km (komb)*,28.049
Hyundai,Bayon,44.400 km,07/2023,Automatik,Benzin,74 kW (101 PS),5l/100km,124g CO2/km (WLTP,21.748
Ford,Kuga,10 km,05/2023,Automatik,Diesel,88 kW (120 PS),7l/100km,499g CO2/km (WLTP,29.858
Ford,Kuga,25.853 km,05/2023,Automatik,Diesel,88 kW (120 PS),3l/100km,165g CO2/km (WLTP,32.089
Audi,A6,35.373 km,12/2023,Automatik,Hybrid (Elektro / Benzin),270 kW (367 PS),8l/100km,85g CO2/km (komb)*,61.589
Volkswagen,SONSTIGE,34.667 km,11/2023,Automatik,Hybrid (Elektro / Benzin),160 kW (218 PS),8l/100km,85g CO2/km (komb)*,38.589
Ford,Kuga,47.700 km,09/2023,Automatik,Diesel,88 kW (120 PS),1l/100km,159g CO2/km (WLTP,35.289
Hyundai,Tucson,17.641 km,12/2023,Automatik,Benzin,132 kW (177 PS),8l/100km,185g CO2/km (komb)*,43.253
Ford,Focus,11.700 km,03/2023,Automatik,Benzin,92 kW (125 PS),9l/100km,133g CO2/km (WLTP,29.389
Ford,Focus,17.000 km,09/2023,Manuell,Benzin,92 kW (125 PS),1l/100km,138g CO2/km (WLTP,27.989
Ford,Kuga,32.953 km,04/2023,Automatik,Diesel,88 kW (120 PS),9l/100km,154g CO2/km (WLTP,31.289
Ford,Focus,13.850 km,04/2023,Automatik,Benzin,92 kW (125 PS),7l/100km,130g CO2/km (WLTP,28.489
Volkswagen,Tiguan,59.755 km,05/2023,Automatik,Benzin,110 kW (150 PS),9l/100km,156g CO2/km (WLTP,31.449
Volkswagen,Tiguan,62.898 km,05/2023,Automatik,Benzin,110 kW (150 PS),9l/100km,156g CO2/km (WLTP,31.449
Hyundai,i30,11.800 km,10/2023,Automatik,Benzin,88 kW (120 PS),5l/100km,122g CO2/km (WLTP,26.289
Toyota,C-HR,11.310 km,12/2023,Automatik,Hybrid (Elektro / Benzin),112 kW (152 PS),8l/100km,85g CO2/km (komb)*,41.148
Ford,Kuga,25.000 km,01/2023,Automatik,Diesel,88 kW (120 PS),6l/100km,158g CO2/km (WLTP,34.389
Ford,Focus,17.259 km,07/2023,Manuell,Benzin,92 kW (125 PS),4l/100km,146g CO2/km (WLTP,29.489
Ford,Transit,61.090 km,01/2023,Manuell,Diesel,96 kW (131 PS),7l/100km,186g CO2/km (komb)*,28.749
Ford,Focus,13.000 km,09/2023,Manuell,Benzin,92 kW (125 PS),3l/100km,120g CO2/km (WLTP,26.889
Ford,Puma,3.778 km,11/2023,Automatik,Benzin,114 kW (155 PS),3l/100km,142g CO2/km (WLTP,26.989
Ford,Puma,11 km,11/2023,Automatik,Benzin,114 kW (155 PS),3l/100km,142g CO2/km (WLTP,27.589
Seat,Ateca,26.283 km,06/2023,Automatik,Diesel,110 kW (150 PS),3l/100km,140g CO2/km (WLTP,33.189
Seat,Ibiza,801 km,08/2023,Manuell,Benzin,70 kW (95 PS),5l/100km,124g CO2/km (WLTP,20.289
Seat,Ateca,26.283 km,06/2023,Automatik,Diesel,110 kW (150 PS),3l/100km,140g CO2/km (WLTP,31.889
Seat,Ibiza,4.781 km,08/2023,Manuell,Benzin,70 kW (95 PS),5l/100km,124g CO2/km (WLTP,19.689
Mitsubishi,Space Star,36.941 km,07/2023,Manuell,Benzin,52 kW (71 PS),5l/100km,0g CO2/km (WLTP,11.949
Hyundai,i10,35.071 km,01/2023,Manuell,Benzin,49 kW (67 PS),8l/100km,0g CO2/km (WLTP,13.749
Ford,Puma,22 km,11/2023,Automatik,Benzin,114 kW (155 PS),3l/100km,142g CO2/km (WLTP,27.589
Ford,Puma,6.733 km,12/2023,Manuell,Benzin,92 kW (125 PS),6l/100km,135g CO2/km (WLTP,25.989
Ford,SONSTIGE,5.036 km,05/2023,Automatik,Diesel,85 kW (116 PS),8l/100km,153g CO2/km (WLTP,29.089
Ford,Kuga,20.113 km,07/2023,Automatik,Diesel,88 kW (120 PS),3l/100km,165g CO2/km (WLTP,33.789
Ford,SONSTIGE,13.923 km,07/2023,Automatik,Benzin,114 kW (155 PS),3l/100km,143g CO2/km (WLTP,27.589
Kia,Rio,18.910 km,03/2023,Automatik,Benzin,74 kW (101 PS),7l/100km,0g CO2/km (WLTP,19.648
Toyota,C-HR,1.001 km,03/2023,Automatik,Hybrid (Elektro / Benzin),135 kW (184 PS),3l/100km,120g CO2/km (WLTP,31.248
Toyota,C-HR,1.010 km,10/2023,Automatik,Hybrid (Elektro / Benzin),72 kW (98 PS),9l/100km,499g CO2/km (WLTP,25.948
Toyota,C-HR,1.010 km,10/2023,Automatik,Hybrid (Elektro / Benzin),135 kW (152 PS),9l/100km,499g CO2/km (WLTP,32.748
Audi,Q2,10.450 km,11/2023,Automatik,Benzin,110 kW (150 PS),4l/100km,144g CO2/km (WLTP,30.789
Hyundai,Kona,13.190 km,06/2023,Automatik,Hybrid (Elektro / Benzin),104 kW (141 PS),4l/100km,122g CO2/km (WLTP,31.748
Volkswagen,T6 Multivan,62.600 km,10/2023,Automatik,Diesel,150 kW (204 PS),5l/100km,222g CO2/km (WLTP,58.289
Toyota,Yaris Cross,5.190 km,09/2023,Automatik,Hybrid (Elektro / Benzin),85 kW (116 PS),0l/100km,116g CO2/km (WLTP,29.648
Volkswagen,Touareg,37.850 km,11/2023,Automatik,Diesel,210 kW (286 PS),4l/100km,219g CO2/km (WLTP,74.789
Volkswagen,Tiguan,13.440 km,12/2023,Automatik,Diesel,110 kW (150 PS),8l/100km,151g CO2/km (WLTP,38.489
Ford,Ranger,20.650 km,12/2023,Automatik,Diesel,177 kW (241 PS),7l/100km,186g CO2/km (komb)*,60.389
Volkswagen,T6 California,18.000 km,04/2023,Automatik,Diesel,150 kW (204 PS),2l/100km,216g CO2/km (WLTP,73.789
Renault,Megane E-Tech,28.590 km,08/2023,Automatik,Elektro,160 kW (218 PS),,0g CO2/km (WLTP,31.148
Hyundai,Tucson,17.016 km,12/2023,Automatik,Benzin,132 kW (180 PS),8l/100km,185g CO2/km (komb)*,35.989
Volkswagen,Tiguan,59.975 km,06/2023,Automatik,Benzin,110 kW (150 PS),3l/100km,164g CO2/km (WLTP,30.889
Hyundai,Tucson,25 km,12/2023,Automatik,Benzin,132 kW (177 PS),2l/100km,499g CO2/km (WLTP,39.258
Volkswagen,T-Roc,14.345 km,12/2023,Manuell,Diesel,85 kW (116 PS),9l/100km,128g CO2/km (WLTP,29.789
Volkswagen,Golf,15.630 km,11/2023,Automatik,Benzin,96 kW (131 PS),6l/100km,126g CO2/km (WLTP,27.189
Volkswagen,T-Roc,20.250 km,09/2023,Manuell,Diesel,85 kW (116 PS),9l/100km,127g CO2/km (WLTP,28.689
Opel,Corsa,1.001 km,01/2023,Automatik,Benzin,74 kW (101 PS),9l/100km,499g CO2/km (WLTP,19.448
Volkswagen,T-Roc,17.570 km,11/2023,Manuell,Diesel,85 kW (116 PS),9l/100km,128g CO2/km (WLTP,30.789
Audi,A6 allroad quattro,37.732 km,01/2023,Automatik,Benzin,250 kW (340 PS),8l/100km,200g CO2/km (WLTP,58.789
Renault,Clio,10.077 km,08/2023,Manuell,Benzin,49 kW (67 PS),8l/100km,185g CO2/km (komb)*,16.948
Audi,Q5,10.200 km,05/2023,Automatik,Diesel,210 kW (286 PS),2l/100km,215g CO2/km (WLTP,59.289
Volkswagen,Golf,24.750 km,06/2023,Manuell,Benzin,96 kW (131 PS),5l/100km,124g CO2/km (WLTP,23.689
Volkswagen,Tiguan,300 km,12/2023,Automatik,Diesel,110 kW (150 PS),8l/100km,152g CO2/km (WLTP,49.089
Audi,Q8,43.137 km,01/2023,Automatik,Diesel,210 kW (286 PS),7l/100km,186g CO2/km (komb)*,73.489
Volkswagen,Tiguan,21.500 km,08/2023,Automatik,Diesel,110 kW (150 PS),8l/100km,151g CO2/km (WLTP,39.089
Volkswagen,Tiguan,24.130 km,09/2023,Automatik,Diesel,110 kW (150 PS),8l/100km,151g CO2/km (WLTP,39.589
Volkswagen,Tiguan,19.860 km,08/2023,Automatik,Diesel,110 kW (150 PS),8l/100km,151g CO2/km (WLTP,39.589
Volkswagen,Polo,48.500 km,12/2023,Manuell,Benzin,70 kW (95 PS),8l/100km,185g CO2/km (komb)*,21.089
Audi,S5,5.662 km,12/2023,Automatik,Benzin,260 kW (354 PS),9l/100km,203g CO2/km (komb)*,57.249
Volkswagen,SONSTIGE,13.012 km,12/2023,Automatik,Benzin,180 kW (245 PS),8l/100km,185g CO2/km (komb)*,52.189
Volkswagen,Passat Variant,80.672 km,01/2023,Automatik,Diesel,147 kW (200 PS),7l/100km,186g CO2/km (komb)*,32.989
Fiat,500C,15 km,02/2023,Manuell,Benzin,51 kW (69 PS),7l/100km,499g CO2/km (WLTP,19.158
Hyundai,i30,5 km,10/2023,Automatik,Benzin,88 kW (120 PS),6l/100km,499g CO2/km (WLTP,22.158
Fiat,500C,15 km,02/2023,Manuell,Benzin,51 kW (69 PS),7l/100km,499g CO2/km (WLTP,20.258
Volkswagen,T-Roc,18.000 km,08/2023,Automatik,Diesel,110 kW (150 PS),5l/100km,0g CO2/km (WLTP,46.558
Fiat,500C,15 km,02/2023,Manuell,Benzin,51 kW (69 PS),7l/100km,499g CO2/km (WLTP,19.858
Fiat,500C,15 km,02/2023,Manuell,Benzin,51 kW (69 PS),7l/100km,499g CO2/km (WLTP,19.958
Audi,S3,9.600 km,06/2023,Automatik,Benzin,228 kW (310 PS),2l/100km,186g CO2/km (WLTP,46.489
Audi,S3,17.800 km,06/2023,Automatik,Benzin,228 kW (310 PS),2l/100km,186g CO2/km (WLTP,46.389
Audi,SQ5,37.933 km,03/2023,Automatik,Diesel,251 kW (341 PS),7l/100km,186g CO2/km (komb)*,59.489
Hyundai,Santa Fe,24.300 km,10/2023,Automatik,Hybrid (Elektro / Benzin),195 kW (265 PS),8l/100km,85g CO2/km (komb)*,46.189
Ford,Ranger,30.800 km,03/2023,Automatik,Benzin,215 kW (292 PS),8l/100km,315g CO2/km (WLTP,63.989
Volkswagen,Passat Alltrack,46.426 km,03/2023,Automatik,Diesel,147 kW (200 PS),7l/100km,186g CO2/km (komb)*,38.589
Ford,Ranger,17.100 km,02/2023,Automatik,Benzin,215 kW (292 PS),8l/100km,315g CO2/km (WLTP,61.889
Audi,S3,17.600 km,06/2023,Automatik,Benzin,228 kW (310 PS),2l/100km,186g CO2/km (WLTP,46.389
Volkswagen,T-Roc,26.780 km,12/2023,Automatik,Benzin,140 kW (190 PS),8l/100km,178g CO2/km (WLTP,38.589
Mitsubishi,Space Star,36.941 km,06/2023,Manuell,Benzin,52 kW (71 PS),5l/100km,113g CO2/km (WLTP,12.649
Audi,SONSTIGE,14.728 km,08/2023,Automatik,Benzin,81 kW (110 PS),8l/100km,185g CO2/km (komb)*,25.189
Ford,Focus,24.891 km,10/2023,Automatik,Diesel,85 kW (116 PS),8l/100km,153g CO2/km (WLTP,27.589
Ford,Focus,1.500 km,12/2023,Automatik,Benzin,114 kW (155 PS),3l/100km,121g CO2/km (WLTP,37.689
Volkswagen,Golf,21.665 km,10/2023,Automatik,Benzin,110 kW (150 PS),7l/100km,129g CO2/km (WLTP,27.889
Dacia,Sandero,2.858 km,12/2023,Manuell,Autogas,74 kW (101 PS),,96g CO2/km (komb)*,19.648
Renault,Clio,24.155 km,06/2023,Manuell,Benzin,49 kW (67 PS),4l/100km,122g CO2/km (WLTP,15.548
Volkswagen,Taigo,6.312 km,11/2023,Manuell,Benzin,70 kW (95 PS),8l/100km,185g CO2/km (komb)*,22.489
Audi,SONSTIGE,39.950 km,05/2023,Automatik,Diesel,150 kW (204 PS),7l/100km,186g CO2/km (komb)*,50.789
Audi,A6,8.969 km,09/2023,Automatik,Benzin,195 kW (265 PS),8l/100km,185g CO2/km (komb)*,54.189
Audi,SONSTIGE,8.009 km,09/2023,Automatik,Benzin,110 kW (150 PS),8l/100km,185g CO2/km (komb)*,36.789
Seat,Leon,24.500 km,11/2023,Automatik,Diesel,110 kW (150 PS),7l/100km,123g CO2/km (WLTP,30.789
Volkswagen,Touareg,31.955 km,10/2023,Automatik,Diesel,210 kW (286 PS),7l/100km,228g CO2/km (WLTP,74.289
Volkswagen,Golf GTI,21.050 km,12/2023,Automatik,Benzin,180 kW (245 PS),2l/100km,163g CO2/km (WLTP,38.089
Audi,S3,17.450 km,08/2023,Automatik,Benzin,228 kW (310 PS),2l/100km,186g CO2/km (WLTP,45.889
Audi,S3,17.100 km,08/2023,Automatik,Benzin,228 kW (310 PS),2l/100km,186g CO2/km (WLTP,45.889
Audi,S3,15.000 km,08/2023,Automatik,Benzin,228 kW (310 PS),2l/100km,186g CO2/km (WLTP,46.389
Volkswagen,T6 California,14.900 km,11/2023,Automatik,Diesel,110 kW (150 PS),8l/100km,211g CO2/km (WLTP,73.789
Cupra,Formentor,16.594 km,08/2023,Automatik,Benzin,287 kW (390 PS),8l/100km,185g CO2/km (komb)*,50.389
Volkswagen,Taigo,4.615 km,01/2023,Automatik,Benzin,81 kW (110 PS),8l/100km,185g CO2/km (komb)*,28.089
Volkswagen,Taigo,29.500 km,11/2023,Automatik,Benzin,81 kW (110 PS),8l/100km,185g CO2/km (komb)*,24.989
Ford,Puma,20.022 km,06/2023,Automatik,Benzin,114 kW (155 PS),3l/100km,142g CO2/km (WLTP,25.989
Volkswagen,Golf Variant,14.862 km,05/2023,Automatik,Benzin,81 kW (110 PS),8l/100km,185g CO2/km (komb)*,27.589
Volkswagen,Caddy,22.037 km,06/2023,Manuell,Benzin,84 kW (114 PS),8l/100km,185g CO2/km (komb)*,37.889
Audi,SONSTIGE,22.450 km,02/2023,Automatik,Diesel,120 kW (163 PS),7l/100km,186g CO2/km (komb)*,36.089
Volkswagen,T6 California,45.060 km,08/2023,Automatik,Diesel,110 kW (150 PS),7l/100km,186g CO2/km (komb)*,70.989
Volkswagen,Golf,20.208 km,12/2023,Manuell,Diesel,85 kW (116 PS),7l/100km,186g CO2/km (komb)*,26.989
Volkswagen,Tiguan,35.726 km,09/2023,Automatik,Diesel,110 kW (150 PS),7l/100km,186g CO2/km (komb)*,36.389
Volkswagen,Golf,24.246 km,01/2023,Manuell,Benzin,110 kW (150 PS),8l/100km,185g CO2/km (komb)*,27.589
Volkswagen,Passat,20.667 km,09/2023,Automatik,Diesel,110 kW (150 PS),7l/100km,186g CO2/km (komb)*,35.389
Ford,Puma,5.710 km,11/2023,Automatik,Benzin,114 kW (155 PS),3l/100km,142g CO2/km (WLTP,26.989
Volkswagen,Taigo,11.723 km,10/2023,Manuell,Benzin,70 kW (95 PS),8l/100km,185g CO2/km (komb)*,20.789
Volkswagen,T-Cross,26.250 km,12/2023,Automatik,Benzin,81 kW (110 PS),8l/100km,185g CO2/km (komb)*,25.689
Skoda,Octavia,25.038 km,10/2023,Automatik,Benzin,110 kW (150 PS),8l/100km,185g CO2/km (komb)*,30.289
Volkswagen,T-Roc,65.766 km,07/2023,Automatik,Diesel,110 kW (150 PS),7l/100km,186g CO2/km (komb)*,30.489
Volkswagen,T-Roc,29.990 km,07/2023,Automatik,Benzin,110 kW (150 PS),8l/100km,185g CO2/km (komb)*,30.589
Volkswagen,Caddy,11.632 km,12/2023,Manuell,Diesel,75 kW (102 PS),7l/100km,186g CO2/km (komb)*,35.989
Volkswagen,SONSTIGE,19.346 km,11/2023,Automatik,Benzin,110 kW (150 PS),8l/100km,185g CO2/km (komb)*,58.089
Mercedes-Benz,GLA 35 AMG,22.500 km,10/2023,Automatik,Benzin,225 kW (306 PS),8l/100km,185g CO2/km (komb)*,52.189
Volkswagen,Touareg,29.452 km,11/2023,Automatik,Diesel,210 kW (286 PS),7l/100km,186g CO2/km (komb)*,75.189
Volkswagen,Golf,6.749 km,04/2023,Automatik,Diesel,110 kW (150 PS),7l/100km,186g CO2/km (komb)*,28.089
Volkswagen,Golf,30.920 km,12/2023,Automatik,Diesel,110 kW (150 PS),7l/100km,186g CO2/km (komb)*,29.589
Volkswagen,Taigo,11.173 km,11/2023,Manuell,Benzin,70 kW (95 PS),8l/100km,185g CO2/km (komb)*,20.889
Audi,SONSTIGE,37.800 km,06/2023,Automatik,Hybrid (Elektro / Benzin),110 kW (150 PS),8l/100km,85g CO2/km (komb)*,43.989
Volkswagen,SONSTIGE,19.300 km,12/2023,Automatik,Hybrid (Elektro / Benzin),160 kW (218 PS),8l/100km,85g CO2/km (komb)*,57.589
Audi,Q3,72.750 km,01/2023,Automatik,Diesel,110 kW (150 PS),7l/100km,186g CO2/km (komb)*,39.189
Hyundai,Kona,23.020 km,09/2023,Automatik,Benzin,206 kW (280 PS),8l/100km,185g CO2/km (komb)*,35.658
Audi,Q7,47.800 km,01/2023,Automatik,Benzin,250 kW (340 PS),8l/100km,185g CO2/km (komb)*,67.489
Volkswagen,Caddy,46.900 km,03/2023,Manuell,Diesel,75 kW (102 PS),8l/100km,126g CO2/km (WLTP,23.489
Audi,Q2,77.571 km,01/2023,Manuell,Diesel,85 kW (116 PS),7l/100km,186g CO2/km (komb)*,30.489
Audi,A6,19.781 km,01/2023,Automatik,Diesel,150 kW (204 PS),7l/100km,186g CO2/km (komb)*,40.289
Ford,Transit,26.875 km,09/2023,Manuell,Diesel,96 kW (131 PS),7l/100km,186g CO2/km (komb)*,33.789
Audi,SONSTIGE,45.793 km,06/2023,Automatik,Elektro,300 kW (408 PS),,0g CO2/km (komb)*,67.789
Seat,Leon,1.500 km,06/2023,Automatik,Diesel,110 kW (150 PS),6l/100km,0g CO2/km (WLTP,38.958
Audi,SONSTIGE,26.384 km,02/2023,Automatik,Benzin,235 kW (320 PS),8l/100km,185g CO2/km (komb)*,49.989
Audi,A4,34.275 km,07/2023,Automatik,Diesel,150 kW (204 PS),7l/100km,186g CO2/km (komb)*,38.989
Ford,Fiesta,50 km,09/2023,Manuell,Benzin,92 kW (125 PS),1l/100km,114g CO2/km (WLTP,24.489
Ford,Kuga,28.950 km,06/2023,Automatik,Diesel,88 kW (120 PS),3l/100km,165g CO2/km (WLTP,29.089
Audi,Q7,21.910 km,11/2023,Automatik,Benzin,250 kW (340 PS),8l/100km,185g CO2/km (komb)*,76.189
Ford,Kuga,20 km,10/2023,Manuell,Benzin,110 kW (150 PS),7l/100km,160g CO2/km (WLTP,32.189
Ford,Kuga,12.543 km,10/2023,Automatik,Hybrid (Elektro / Benzin),165 kW (224 PS),3l/100km,29g CO2/km (WLTP,35.389
Ford,Ranger,8.480 km,10/2023,Automatik,Diesel,151 kW (205 PS),7l/100km,186g CO2/km (komb)*,50.489
Ford,Bronco,15.800 km,12/2023,Automatik,Benzin,246 kW (335 PS),8l/100km,185g CO2/km (komb)*,67.989
Ford,Kuga,45.246 km,02/2023,Automatik,Diesel,88 kW (120 PS),5l/100km,170g CO2/km (WLTP,30.089
Volkswagen,ID. Buzz,22.047 km,12/2023,Automatik,Elektro,150 kW (204 PS),,0g CO2/km (komb)*,57.489
Opel,SONSTIGE,353 km,06/2023,Automatik,Benzin,96 kW (131 PS),4l/100km,122g CO2/km (WLTP,23.089
Ford,Kuga,25.880 km,11/2023,Automatik,Hybrid (Elektro / Benzin),165 kW (224 PS),3l/100km,29g CO2/km (WLTP,34.289
Volkswagen,ID.4,14.284 km,11/2023,Automatik,Elektro,150 kW (204 PS),,0g CO2/km (komb)*,37.889
Audi,SONSTIGE,6.036 km,11/2023,Automatik,Elektro,300 kW (408 PS),,0g CO2/km (komb)*,76.689
Volkswagen,Polo,6.296 km,02/2023,Manuell,Benzin,59 kW (80 PS),8l/100km,131g CO2/km (WLTP,22.089
Hyundai,i20,5.300 km,07/2023,Automatik,Benzin,74 kW (101 PS),8l/100km,185g CO2/km (komb)*,21.789
Ford,Puma,19.914 km,09/2023,Manuell,Benzin,92 kW (125 PS),6l/100km,135g CO2/km (WLTP,22.989
Ford,SONSTIGE,11.457 km,06/2023,Automatik,Diesel,85 kW (116 PS),8l/100km,153g CO2/km (WLTP,28.489
Volkswagen,ID.4,19.181 km,12/2023,Automatik,Elektro,150 kW (204 PS),,0g CO2/km (komb)*,36.389
Volkswagen,ID.4,15.185 km,11/2023,Automatik,Elektro,150 kW (204 PS),,0g CO2/km (komb)*,37.889
Volkswagen,ID.4,20.973 km,09/2023,Automatik,Elektro,125 kW (170 PS),,0g CO2/km (komb)*,32.389
Volkswagen,ID.3,20.001 km,11/2023,Automatik,Elektro,150 kW (204 PS),,0g CO2/km (komb)*,32.689
Audi,SONSTIGE,18.077 km,08/2023,Automatik,Elektro,350 kW (476 PS),,0g CO2/km (komb)*,71.989
Volkswagen,ID.3,41.458 km,07/2023,Automatik,Elektro,150 kW (204 PS),,0g CO2/km (komb)*,31.289
Audi,Q4 e-tron,12.457 km,12/2023,Automatik,Elektro,195 kW (265 PS),,0g CO2/km (komb)*,50.189
Audi,SONSTIGE,12.309 km,12/2023,Automatik,Elektro,300 kW (408 PS),,0g CO2/km (komb)*,75.689
Volkswagen,ID.3,26.048 km,07/2023,Automatik,Elektro,150 kW (204 PS),,0g CO2/km (komb)*,31.489
Volkswagen,ID.4,20.590 km,11/2023,Automatik,Elektro,150 kW (204 PS),,0g CO2/km (komb)*,38.389
Volkswagen,ID. Buzz,29.874 km,08/2023,Automatik,Elektro,150 kW (204 PS),,0g CO2/km (komb)*,46.189
Audi,Q4 e-tron,21.223 km,07/2023,Automatik,Elektro,220 kW (299 PS),,0g CO2/km (komb)*,48.889
Volkswagen,ID.3,22.112 km,07/2023,Automatik,Elektro,150 kW (204 PS),,0g CO2/km (komb)*,31.289
Volkswagen,ID.3,18.362 km,07/2023,Automatik,Elektro,150 kW (204 PS),,0g CO2/km (komb)*,31.289
Ford,Focus,32.500 km,04/2023,Automatik,Benzin,92 kW (125 PS),1l/100km,137g CO2/km (WLTP,26.589
Skoda,Karoq,22.315 km,07/2023,Manuell,Diesel,85 kW (116 PS),7l/100km,186g CO2/km (komb)*,31.558
Skoda,Karoq,24.800 km,06/2023,Automatik,Benzin,110 kW (150 PS),8l/100km,185g CO2/km (komb)*,32.658
Skoda,Karoq,25.540 km,06/2023,Automatik,Benzin,110 kW (150 PS),0l/100km,0g CO2/km (WLTP,37.058
Volkswagen,Tiguan,28.065 km,11/2023,Automatik,Diesel,110 kW (150 PS),9l/100km,154g CO2/km (WLTP,38.089
Peugeot,3008,15.700 km,06/2023,Automatik,Benzin,96 kW (131 PS),4l/100km,0g CO2/km (WLTP,28.358
Ford,Puma,11.391 km,12/2023,Automatik,Benzin,92 kW (125 PS),3l/100km,143g CO2/km (WLTP,25.989
Ford,Puma,20.605 km,05/2023,Automatik,Benzin,114 kW (155 PS),3l/100km,142g CO2/km (WLTP,25.989
Ford,Puma,14.070 km,05/2023,Automatik,Benzin,114 kW (155 PS),3l/100km,142g CO2/km (WLTP,25.489
Audi,A6,29.489 km,07/2023,Automatik,Hybrid (Elektro / Benzin),270 kW (367 PS),8l/100km,85g CO2/km (komb)*,64.489
Ford,Puma,44 km,10/2023,Automatik,Benzin,114 kW (155 PS),3l/100km,142g CO2/km (WLTP,27.589
Ford,Puma,14.077 km,03/2023,Automatik,Benzin,114 kW (155 PS),3l/100km,142g CO2/km (WLTP,25.389
Ford,Puma,13.348 km,09/2023,Automatik,Benzin,92 kW (125 PS),3l/100km,143g CO2/km (WLTP,24.989
Ford,Puma,16 km,11/2023,Automatik,Benzin,114 kW (155 PS),3l/100km,142g CO2/km (WLTP,27.589
Ford,Puma,57 km,10/2023,Automatik,Benzin,114 kW (155 PS),3l/100km,142g CO2/km (WLTP,27.589
Ford,Puma,12.334 km,05/2023,Automatik,Benzin,114 kW (155 PS),3l/100km,142g CO2/km (WLTP,26.989
Ford,Puma,20.815 km,05/2023,Automatik,Benzin,114 kW (155 PS),3l/100km,142g CO2/km (WLTP,25.989
Ford,Puma,58 km,10/2023,Automatik,Benzin,114 kW (155 PS),3l/100km,142g CO2/km (WLTP,27.589
Ford,Puma,14.511 km,09/2023,Automatik,Benzin,92 kW (125 PS),3l/100km,143g CO2/km (WLTP,26.989
Ford,Puma,7.521 km,10/2023,Automatik,Benzin,114 kW (155 PS),3l/100km,142g CO2/km (WLTP,26.989
Ford,Puma,11.497 km,11/2023,Automatik,Benzin,114 kW (155 PS),3l/100km,142g CO2/km (WLTP,26.489
Seat,Leon,1.005 km,05/2023,Automatik,Benzin,81 kW (110 PS),8l/100km,132g CO2/km (WLTP,28.089
Ford,Transit,5.466 km,10/2023,Automatik,Diesel,110 kW (150 PS),9l/100km,235g CO2/km (WLTP,44.689
Ford,Puma,7.982 km,05/2023,Automatik,Benzin,114 kW (155 PS),3l/100km,142g CO2/km (WLTP,27.589
Ford,Puma,53 km,10/2023,Automatik,Benzin,114 kW (155 PS),3l/100km,142g CO2/km (WLTP,27.589
Volkswagen,ID.4,16.847 km,12/2023,Automatik,Elektro,220 kW (299 PS),,0g CO2/km (komb)*,43.389
Volkswagen,ID.4,34.980 km,02/2023,Automatik,Elektro,150 kW (204 PS),,0g CO2/km (komb)*,38.789
Volkswagen,ID.5,14.381 km,11/2023,Automatik,Elektro,150 kW (204 PS),,0g CO2/km (komb)*,41.589
Maxus,SONSTIGE,5.476 km,10/2023,Automatik,Elektro,130 kW (177 PS),,0g CO2/km (komb)*,32.589
Skoda,Kodiaq,10 km,03/2023,Automatik,Diesel,110 kW (150 PS),5l/100km,499g CO2/km (WLTP,42.958
Ford,Fiesta,15.100 km,06/2023,Automatik,Benzin,92 kW (125 PS),3l/100km,119g CO2/km (WLTP,25.389
Volkswagen,SONSTIGE,10.790 km,12/2023,Automatik,Benzin,110 kW (150 PS),8l/100km,185g CO2/km (komb)*,35.589
Ford,EcoSport,69.900 km,01/2023,Manuell,Benzin,103 kW (140 PS),9l/100km,157g CO2/km (WLTP,22.989
Ford,SONSTIGE,18.905 km,05/2023,Automatik,Diesel,85 kW (116 PS),8l/100km,153g CO2/km (WLTP,26.489
Ford,SONSTIGE,9.077 km,05/2023,Automatik,Benzin,114 kW (155 PS),3l/100km,143g CO2/km (WLTP,28.089
Ford,Kuga,12.307 km,06/2023,Automatik,Hybrid (Elektro / Benzin),165 kW (224 PS),3l/100km,29g CO2/km (WLTP,33.189
Ford,Transit,3.791 km,10/2023,Manuell,Diesel,110 kW (150 PS),8l/100km,211g CO2/km (WLTP,44.689
Ford,Fiesta,4.609 km,09/2023,Manuell,Benzin,92 kW (125 PS),6l/100km,136g CO2/km (WLTP,22.989
Ford,SONSTIGE,10.459 km,05/2023,Automatik,Benzin,114 kW (155 PS),3l/100km,143g CO2/km (WLTP,27.589
Ford,SONSTIGE,14.979 km,01/2023,Automatik,Benzin,114 kW (155 PS),3l/100km,143g CO2/km (WLTP,26.989
Ford,SONSTIGE,17.682 km,07/2023,Automatik,Benzin,114 kW (155 PS),3l/100km,143g CO2/km (WLTP,26.989
Ford,SONSTIGE,8.346 km,07/2023,Automatik,Benzin,114 kW (155 PS),3l/100km,143g CO2/km (WLTP,26.489
Ford,SONSTIGE,20.492 km,05/2023,Automatik,Benzin,114 kW (155 PS),3l/100km,143g CO2/km (WLTP,26.489
Ford,SONSTIGE,12.522 km,05/2023,Automatik,Benzin,114 kW (155 PS),3l/100km,143g CO2/km (WLTP,27.589
Ford,Kuga,11.830 km,04/2023,Manuell,Benzin,110 kW (150 PS),7l/100km,160g CO2/km (WLTP,30.189
Ford,Kuga,12.706 km,03/2023,Manuell,Benzin,110 kW (150 PS),7l/100km,160g CO2/km (WLTP,30.189
Ford,SONSTIGE,15 km,05/2023,Automatik,Diesel,85 kW (116 PS),8l/100km,153g CO2/km (WLTP,29.589
Ford,Kuga,11.452 km,09/2023,Automatik,Diesel,88 kW (120 PS),3l/100km,165g CO2/km (WLTP,34.789
Ford,Kuga,14.981 km,10/2023,Automatik,Diesel,88 kW (120 PS),3l/100km,165g CO2/km (WLTP,34.289
Ford,Kuga,18.509 km,11/2023,Automatik,Hybrid (Elektro / Benzin),165 kW (224 PS),3l/100km,29g CO2/km (WLTP,34.789
Ford,S-Max,21.493 km,05/2023,Automatik,Benzin,140 kW (190 PS),8l/100km,185g CO2/km (komb)*,40.489
Ford,Puma,5.070 km,12/2023,Manuell,Benzin,92 kW (125 PS),6l/100km,135g CO2/km (WLTP,25.989
Ford,SONSTIGE,17.321 km,05/2023,Automatik,Diesel,85 kW (116 PS),8l/100km,153g CO2/km (WLTP,28.089
Ford,SONSTIGE,7.447 km,05/2023,Automatik,Benzin,114 kW (155 PS),3l/100km,143g CO2/km (WLTP,28.089
Ford,SONSTIGE,5.460 km,05/2023,Automatik,Diesel,85 kW (116 PS),8l/100km,153g CO2/km (WLTP,29.089
Ford,SONSTIGE,7.914 km,05/2023,Automatik,Benzin,114 kW (155 PS),3l/100km,143g CO2/km (WLTP,28.089
Ford,Kuga,15.055 km,07/2023,Manuell,Benzin,110 kW (150 PS),7l/100km,160g CO2/km (WLTP,31.189
Ford,Kuga,14.853 km,09/2023,Automatik,Benzin,140 kW (190 PS),8l/100km,185g CO2/km (komb)*,36.389
Ford,Kuga,10.645 km,11/2023,Automatik,Hybrid (Elektro / Benzin),165 kW (224 PS),3l/100km,29g CO2/km (WLTP,35.389
Ford,Transit,5.737 km,10/2023,Automatik,Diesel,110 kW (150 PS),4l/100km,247g CO2/km (WLTP,44.689
Ford,Transit,4.899 km,10/2023,Automatik,Diesel,110 kW (150 PS),9l/100km,235g CO2/km (WLTP,44.689
Ford,Tourneo Custom,7.814 km,10/2023,Manuell,Diesel,110 kW (150 PS),9l/100km,206g CO2/km (WLTP,46.789
Ford,SONSTIGE,15.297 km,05/2023,Automatik,Benzin,114 kW (155 PS),3l/100km,143g CO2/km (WLTP,25.989
Ford,SONSTIGE,13.173 km,07/2023,Automatik,Benzin,114 kW (155 PS),3l/100km,143g CO2/km (WLTP,27.589
Ford,SONSTIGE,14.697 km,07/2023,Automatik,Benzin,114 kW (155 PS),3l/100km,143g CO2/km (WLTP,27.589
Ford,SONSTIGE,18.776 km,10/2023,Automatik,Benzin,114 kW (155 PS),3l/100km,143g CO2/km (WLTP,26.989
Ford,Transit Custom,23.558 km,02/2023,Manuell,Diesel,77 kW (105 PS),7l/100km,186g CO2/km (komb)*,28.089
Ford,SONSTIGE,13.596 km,07/2023,Automatik,Benzin,114 kW (155 PS),3l/100km,143g CO2/km (WLTP,28.089
Ford,SONSTIGE,20.272 km,06/2023,Automatik,Diesel,85 kW (116 PS),8l/100km,153g CO2/km (WLTP,28.489
Ford,Kuga,15.070 km,09/2023,Manuell,Benzin,110 kW (150 PS),7l/100km,160g CO2/km (WLTP,31.189
Ford,Kuga,12.289 km,12/2023,Manuell,Benzin,110 kW (150 PS),7l/100km,160g CO2/km (WLTP,30.089
Ford,Kuga,8 km,10/2023,Manuell,Benzin,110 kW (150 PS),7l/100km,160g CO2/km (WLTP,32.789
Ford,Kuga,13.704 km,10/2023,Manuell,Benzin,110 kW (150 PS),7l/100km,160g CO2/km (WLTP,31.689
Ford,Kuga,11.339 km,10/2023,Manuell,Benzin,110 kW (150 PS),7l/100km,160g CO2/km (WLTP,31.689
Ford,Kuga,14.048 km,07/2023,Automatik,Diesel,88 kW (120 PS),3l/100km,165g CO2/km (WLTP,33.289
Ford,Transit,4.034 km,10/2023,Automatik,Diesel,110 kW (150 PS),5l/100km,223g CO2/km (WLTP,44.689
Ford,Transit,14.256 km,10/2023,Manuell,Diesel,110 kW (150 PS),8l/100km,211g CO2/km (WLTP,44.689
Ford,Mustang,13.375 km,04/2023,Automatik,Benzin,338 kW (460 PS),8l/100km,185g CO2/km (komb)*,59.689
Ford,Ranger,13 km,10/2023,Automatik,Diesel,151 kW (205 PS),9l/100km,234g CO2/km (WLTP,50.989
Ford,SONSTIGE,8.593 km,02/2023,Automatik,Benzin,114 kW (155 PS),3l/100km,143g CO2/km (WLTP,26.989
Ford,SONSTIGE,13.302 km,04/2023,Automatik,Benzin,114 kW (155 PS),3l/100km,143g CO2/km (WLTP,25.989
Ford,Kuga,16.754 km,02/2023,Automatik,Diesel,88 kW (120 PS),3l/100km,165g CO2/km (WLTP,29.089
Ford,Kuga,22.366 km,11/2023,Automatik,Diesel,88 kW (120 PS),3l/100km,165g CO2/km (WLTP,33.289
Ford,SONSTIGE,14.880 km,07/2023,Automatik,Benzin,114 kW (155 PS),3l/100km,143g CO2/km (WLTP,27.589
Ford,SONSTIGE,63.105 km,10/2023,Automatik,Diesel,85 kW (116 PS),8l/100km,153g CO2/km (WLTP,26.989
Ford,Kuga,23.557 km,02/2023,Automatik,Diesel,88 kW (120 PS),3l/100km,165g CO2/km (WLTP,28.089
Ford,SONSTIGE,10.201 km,03/2023,Automatik,Benzin,114 kW (155 PS),3l/100km,143g CO2/km (WLTP,27.589
Ford,SONSTIGE,12.518 km,06/2023,Automatik,Benzin,114 kW (155 PS),3l/100km,143g CO2/km (WLTP,27.589
Ford,SONSTIGE,3.541 km,05/2023,Automatik,Benzin,114 kW (155 PS),3l/100km,143g CO2/km (WLTP,28.089
Ford,Kuga,9.933 km,09/2023,Manuell,Benzin,110 kW (150 PS),7l/100km,160g CO2/km (WLTP,30.689
Ford,Kuga,12.901 km,06/2023,Automatik,Diesel,88 kW (120 PS),3l/100km,165g CO2/km (WLTP,31.189
Ford,Kuga,13.414 km,10/2023,Automatik,Diesel,88 kW (120 PS),3l/100km,165g CO2/km (WLTP,34.289
Ford,Kuga,11.547 km,02/2023,Automatik,Diesel,88 kW (120 PS),5l/100km,170g CO2/km (WLTP,34.189
Ford,Kuga,7 km,10/2023,Manuell,Benzin,110 kW (150 PS),7l/100km,160g CO2/km (WLTP,32.789
Ford,Kuga,14.975 km,08/2023,Automatik,Diesel,88 kW (120 PS),3l/100km,165g CO2/km (WLTP,34.789
Ford,Kuga,10.890 km,07/2023,Automatik,Diesel,88 kW (120 PS),3l/100km,165g CO2/km (WLTP,34.789
Ford,Transit,4.129 km,10/2023,Automatik,Diesel,110 kW (150 PS),9l/100km,235g CO2/km (WLTP,44.689
Ford,Transit,3.800 km,10/2023,Automatik,Diesel,110 kW (150 PS),4l/100km,247g CO2/km (WLTP,44.689
Seat,Arona,11.045 km,01/2023,Manuell,Benzin,81 kW (110 PS),7l/100km,129g CO2/km (WLTP,19.989
Ford,SONSTIGE,19.428 km,07/2023,Automatik,Benzin,114 kW (155 PS),3l/100km,143g CO2/km (WLTP,25.489
Ford,Kuga,17.566 km,08/2023,Manuell,Benzin,110 kW (150 PS),7l/100km,160g CO2/km (WLTP,31.189
Ford,Tourneo Custom,26.846 km,06/2023,Manuell,Diesel,110 kW (150 PS),9l/100km,206g CO2/km (WLTP,42.589
Ford,Kuga,14.114 km,02/2023,Automatik,Diesel,88 kW (120 PS),3l/100km,165g CO2/km (WLTP,30.089
Ford,Kuga,13.720 km,04/2023,Manuell,Benzin,110 kW (150 PS),7l/100km,160g CO2/km (WLTP,30.189
Volkswagen,ID.4,21.722 km,03/2023,Automatik,Elektro,150 kW (204 PS),,0g CO2/km (komb)*,36.389
Volkswagen,Crafter,7.550 km,04/2023,Manuell,Diesel,103 kW (140 PS),8l/100km,0g CO2/km (WLTP,54.058
Volkswagen,Caddy,22.900 km,05/2023,Automatik,Diesel,90 kW (122 PS),3l/100km,138g CO2/km (WLTP,39.089
Volkswagen,Passat,27.506 km,10/2023,Automatik,Diesel,147 kW (200 PS),7l/100km,186g CO2/km (komb)*,38.989
Kia,Stonic,34.900 km,07/2023,Manuell,Benzin,88 kW (120 PS),6l/100km,0g CO2/km (WLTP,22.858
Seat,Ateca,10 km,08/2023,Automatik,Benzin,110 kW (150 PS),5l/100km,499g CO2/km (WLTP,36.858
Ford,SONSTIGE,39.005 km,01/2023,Manuell,Diesel,96 kW (131 PS),7l/100km,186g CO2/km (komb)*,28.489
Hyundai,i30,6.520 km,10/2023,Manuell,Benzin,88 kW (120 PS),2l/100km,0g CO2/km (WLTP,20.058
Audi,A4,26.424 km,07/2023,Automatik,Diesel,120 kW (163 PS),7l/100km,186g CO2/km (komb)*,41.089
Skoda,Kamiq,29.750 km,07/2023,Automatik,Benzin,110 kW (150 PS),8l/100km,185g CO2/km (komb)*,26.989
Volkswagen,Golf,14.513 km,06/2023,Automatik,Diesel,85 kW (116 PS),7l/100km,186g CO2/km (komb)*,26.989
Skoda,Octavia,11.583 km,08/2023,Automatik,Benzin,110 kW (150 PS),8l/100km,185g CO2/km (komb)*,28.589
Volkswagen,Golf GTI,14.150 km,11/2023,Automatik,Benzin,180 kW (245 PS),7l/100km,160g CO2/km (WLTP,32.889
Volkswagen,Golf GTI,15.550 km,11/2023,Automatik,Benzin,180 kW (245 PS),7l/100km,160g CO2/km (WLTP,32.889
Alpine,SONSTIGE,16.411 km,11/2023,Automatik,Benzin,221 kW (301 PS),8l/100km,154g CO2/km (WLTP,72.848
Hyundai,Tucson,28.100 km,05/2023,Automatik,Benzin,169 kW (230 PS),8l/100km,185g CO2/km (komb)*,34.389
Audi,SONSTIGE,13.852 km,11/2023,Automatik,Elektro,350 kW (476 PS),,0g CO2/km (komb)*,74.989
Ford,Mustang Mach-E,1.275 km,06/2023,Automatik,Elektro,258 kW (351 PS),,0g CO2/km (komb)*,48.389
Maxus,eDeliver 9,50 km,07/2023,Automatik,Elektro,150 kW (204 PS),,0g CO2/km (WLTP,63.489
Toyota,RAV 4,29.600 km,11/2023,Automatik,Hybrid (Elektro / Benzin),131 kW (178 PS),8l/100km,85g CO2/km (komb)*,46.148
Audi,Q2,28.391 km,12/2023,Automatik,Diesel,110 kW (150 PS),7l/100km,186g CO2/km (komb)*,38.989
Volkswagen,Passat,23.516 km,04/2023,Automatik,Diesel,110 kW (150 PS),5l/100km,132g CO2/km (WLTP,30.889
Volkswagen,Passat,27.620 km,07/2023,Automatik,Diesel,110 kW (150 PS),9l/100km,128g CO2/km (WLTP,34.989
Volkswagen,Passat,27.620 km,07/2023,Automatik,Diesel,110 kW (150 PS),9l/100km,128g CO2/km (WLTP,36.289
Ford,Ranger,3.077 km,09/2023,Manuell,Diesel,125 kW (170 PS),7l/100km,186g CO2/km (komb)*,42.589
Audi,SONSTIGE,12.524 km,03/2023,Automatik,Elektro,350 kW (476 PS),,0g CO2/km (komb)*,76.089
Ford,Ranger,14.851 km,12/2023,Automatik,Diesel,151 kW (205 PS),9l/100km,236g CO2/km (WLTP,51.589
Ford,Explorer,33.214 km,06/2023,Automatik,Hybrid (Elektro / Benzin),336 kW (457 PS),8l/100km,85g CO2/km (komb)*,65.989
Cupra,Born,2.705 km,11/2023,Automatik,Elektro,170 kW (231 PS),,0g CO2/km (komb)*,37.989
Renault,Captur,9.990 km,12/2023,Automatik,Benzin,116 kW (158 PS),8l/100km,185g CO2/km (komb)*,28.548
Audi,Q5,29.000 km,05/2023,Automatik,Diesel,120 kW (163 PS),7l/100km,186g CO2/km (komb)*,46.358
Ford,S-Max,49.400 km,06/2023,Automatik,Benzin,140 kW (190 PS),7l/100km,153g CO2/km (WLTP,38.489
Audi,RS3,14.870 km,01/2023,Automatik,Benzin,294 kW (400 PS),9l/100km,0g CO2/km (WLTP,84.749
Volkswagen,SONSTIGE,20.689 km,07/2023,Automatik,Benzin,140 kW (190 PS),8l/100km,185g CO2/km (komb)*,41.889
Volkswagen,SONSTIGE,26.199 km,12/2023,Automatik,Hybrid (Elektro / Benzin),160 kW (218 PS),8l/100km,85g CO2/km (komb)*,42.889
Volkswagen,SONSTIGE,7.666 km,11/2023,Automatik,Benzin,110 kW (150 PS),8l/100km,185g CO2/km (komb)*,35.589
Audi,Q8,105.333 km,01/2023,Automatik,Diesel,210 kW (286 PS),7l/100km,186g CO2/km (komb)*,71.889
Audi,Q7,51.178 km,03/2023,Automatik,Diesel,210 kW (286 PS),7l/100km,186g CO2/km (komb)*,79.089
Volkswagen,Passat Variant,32.797 km,11/2023,Automatik,Hybrid (Elektro / Benzin),160 kW (218 PS),8l/100km,85g CO2/km (komb)*,39.289
BMW,SONSTIGE,65.100 km,04/2023,Automatik,Diesel,140 kW (190 PS),7l/100km,150g CO2/km (WLTP,46.789
Ford,Ranger,20.800 km,09/2023,Automatik,Benzin,215 kW (292 PS),8l/100km,315g CO2/km (WLTP,64.989
Ford,Focus,13.560 km,07/2023,Automatik,Benzin,114 kW (155 PS),9l/100km,134g CO2/km (WLTP,28.189
Volkswagen,Tiguan,38.500 km,08/2023,Automatik,Diesel,110 kW (150 PS),7l/100km,186g CO2/km (komb)*,39.489
Seat,Arona,31.000 km,03/2023,Manuell,Benzin,70 kW (95 PS),6l/100km,127g CO2/km (WLTP,19.689
Audi,A6,15.019 km,08/2023,Automatik,Benzin,195 kW (265 PS),8l/100km,185g CO2/km (komb)*,49.189
Seat,Leon,2.000 km,10/2023,Automatik,Diesel,110 kW (150 PS),8l/100km,125g CO2/km (WLTP,31.089
Opel,Astra,24.760 km,02/2023,Automatik,Hybrid (Elektro / Benzin),132 kW (180 PS),4l/100km,32g CO2/km (komb)*,24.248
Volkswagen,T-Roc,23.975 km,09/2023,Manuell,Diesel,85 kW (116 PS),9l/100km,128g CO2/km (WLTP,29.189
Audi,Q2,36.980 km,10/2023,Automatik,Benzin,110 kW (150 PS),4l/100km,144g CO2/km (WLTP,29.789
Volkswagen,Golf,2.500 km,08/2023,Automatik,Benzin,110 kW (150 PS),7l/100km,130g CO2/km (WLTP,33.989
Volkswagen,Polo,16.236 km,11/2023,Manuell,Benzin,70 kW (95 PS),8l/100km,185g CO2/km (komb)*,19.989
Volkswagen,Polo,14.217 km,09/2023,Manuell,Benzin,70 kW (95 PS),8l/100km,185g CO2/km (komb)*,19.989
Volkswagen,Passat,59.759 km,01/2023,Automatik,Benzin,110 kW (150 PS),8l/100km,185g CO2/km (komb)*,26.989
Volkswagen,Tiguan,20.000 km,06/2023,Automatik,Benzin,110 kW (150 PS),8l/100km,185g CO2/km (komb)*,34.289
Audi,A4,19.679 km,04/2023,Automatik,Diesel,120 kW (163 PS),7l/100km,186g CO2/km (komb)*,37.789
Volkswagen,Passat,44.307 km,01/2023,Automatik,Diesel,147 kW (200 PS),7l/100km,186g CO2/km (komb)*,35.389
Seat,Tarraco,23.500 km,12/2023,Automatik,Benzin,180 kW (245 PS),8l/100km,185g CO2/km (komb)*,37.989
Volkswagen,Touareg,24.336 km,12/2023,Automatik,Diesel,210 kW (286 PS),7l/100km,186g CO2/km (komb)*,74.189
Cupra,Leon,30.112 km,02/2023,Automatik,Benzin,110 kW (150 PS),8l/100km,185g CO2/km (komb)*,29.589
Volkswagen,Polo,26.900 km,11/2023,Manuell,Benzin,70 kW (95 PS),8l/100km,185g CO2/km (komb)*,19.989
Volkswagen,Taigo,17.421 km,11/2023,Automatik,Benzin,81 kW (110 PS),8l/100km,185g CO2/km (komb)*,24.989
Volkswagen,Tiguan,19.746 km,06/2023,Automatik,Benzin,110 kW (150 PS),8l/100km,185g CO2/km (komb)*,34.289
Volkswagen,Tiguan,27.953 km,05/2023,Automatik,Benzin,110 kW (150 PS),8l/100km,185g CO2/km (komb)*,34.789
Volkswagen,Taigo,15.558 km,07/2023,Manuell,Benzin,81 kW (110 PS),8l/100km,185g CO2/km (komb)*,23.489
Audi,A4,24.258 km,11/2023,Automatik,Diesel,100 kW (136 PS),7l/100km,186g CO2/km (komb)*,36.889
Audi,A6,7.060 km,09/2023,Automatik,Benzin,220 kW (299 PS),8l/100km,185g CO2/km (komb)*,52.489
Volkswagen,Polo,16.700 km,10/2023,Manuell,Benzin,70 kW (95 PS),8l/100km,185g CO2/km (komb)*,19.989
Volkswagen,Passat,25.178 km,11/2023,Automatik,Diesel,110 kW (150 PS),7l/100km,186g CO2/km (komb)*,35.389
Volkswagen,Tiguan,25.611 km,06/2023,Automatik,Benzin,110 kW (150 PS),8l/100km,185g CO2/km (komb)*,34.789
Volkswagen,Tiguan,29.484 km,07/2023,Automatik,Benzin,110 kW (150 PS),8l/100km,185g CO2/km (komb)*,34.789
Audi,A4,16.981 km,06/2023,Automatik,Benzin,110 kW (150 PS),8l/100km,185g CO2/km (komb)*,35.889
Audi,A4,21.000 km,02/2023,Automatik,Benzin,110 kW (150 PS),8l/100km,185g CO2/km (komb)*,38.489
Volkswagen,Passat,19.382 km,12/2023,Automatik,Diesel,147 kW (200 PS),7l/100km,186g CO2/km (komb)*,40.589
Volkswagen,Touareg,25.750 km,12/2023,Automatik,Benzin,280 kW (381 PS),8l/100km,185g CO2/km (komb)*,75.189
Seat,Tarraco,5.972 km,12/2023,Automatik,Benzin,180 kW (245 PS),8l/100km,185g CO2/km (komb)*,37.989
Ford,Ranger,12.557 km,12/2023,Automatik,Diesel,177 kW (241 PS),7l/100km,186g CO2/km (komb)*,60.389
Seat,Leon,2.000 km,06/2023,Automatik,Diesel,110 kW (150 PS),8l/100km,125g CO2/km (WLTP,31.289
Volkswagen,Golf,2.000 km,07/2023,Automatik,Benzin,110 kW (150 PS),7l/100km,130g CO2/km (WLTP,31.889
Seat,Leon,2.500 km,10/2023,Automatik,Diesel,110 kW (150 PS),7l/100km,124g CO2/km (WLTP,30.289
Audi,A3,14.534 km,07/2023,Automatik,Benzin,150 kW (204 PS),8l/100km,185g CO2/km (komb)*,33.789
Audi,A3,7.911 km,12/2023,Automatik,Benzin,150 kW (204 PS),8l/100km,185g CO2/km (komb)*,37.989
Audi,A6,1.534 km,09/2023,Automatik,Benzin,270 kW (367 PS),8l/100km,185g CO2/km (komb)*,58.689
Audi,A1,13.318 km,05/2023,Manuell,Benzin,70 kW (95 PS),8l/100km,185g CO2/km (komb)*,23.489
Ford,Ranger,15.952 km,10/2023,Automatik,Diesel,177 kW (241 PS),7l/100km,186g CO2/km (komb)*,58.789
Volkswagen,Golf Variant,14.880 km,05/2023,Automatik,Benzin,110 kW (150 PS),7l/100km,130g CO2/km (WLTP,30.089
Opel,Movano,37.051 km,05/2023,Manuell,Diesel,103 kW (140 PS),5l/100km,169g CO2/km (komb)*,25.048
Seat,Tarraco,13.085 km,05/2023,Automatik,Diesel,110 kW (150 PS),4l/100km,142g CO2/km (WLTP,31.889
Audi,A5,48.510 km,04/2023,Automatik,Diesel,120 kW (163 PS),7l/100km,186g CO2/km (komb)*,39.589
Audi,A4,23.469 km,02/2023,Automatik,Diesel,100 kW (136 PS),7l/100km,186g CO2/km (komb)*,34.789
Seat,Tarraco,13.085 km,05/2023,Automatik,Diesel,110 kW (150 PS),7l/100km,186g CO2/km (komb)*,33.189
Audi,TT,9.050 km,10/2023,Automatik,Benzin,145 kW (197 PS),8l/100km,185g CO2/km (komb)*,43.189
Audi,Q2,18.678 km,06/2023,Automatik,Diesel,110 kW (150 PS),7l/100km,186g CO2/km (komb)*,35.389
Audi,TT,7.699 km,12/2023,Automatik,Benzin,180 kW (245 PS),8l/100km,185g CO2/km (komb)*,46.289
Audi,Q5,6.211 km,09/2023,Automatik,Benzin,270 kW (367 PS),8l/100km,185g CO2/km (komb)*,56.689
Ford,Transit,2 km,07/2023,Manuell,Diesel,96 kW (131 PS),7l/100km,499g CO2/km (WLTP,37.358
Volkswagen,ID.4,25.272 km,08/2023,Automatik,Elektro,150 kW (204 PS),,0g CO2/km (komb)*,36.389
Volkswagen,ID.4,11.705 km,11/2023,Automatik,Elektro,150 kW (204 PS),,0g CO2/km (komb)*,37.989
Volkswagen,ID.5,18.968 km,08/2023,Automatik,Elektro,150 kW (204 PS),,0g CO2/km (komb)*,37.989
Volkswagen,ID.4,28.194 km,11/2023,Automatik,Elektro,150 kW (204 PS),,0g CO2/km (komb)*,38.489
Cupra,Born,5.515 km,10/2023,Automatik,Elektro,170 kW (231 PS),,0g CO2/km (komb)*,37.389
Audi,Q8,10.953 km,11/2023,Automatik,Elektro,300 kW (408 PS),,0g CO2/km (komb)*,75.189
Audi,Q8,11.477 km,12/2023,Automatik,Elektro,300 kW (408 PS),,0g CO2/km (komb)*,74.189
Cupra,Born,11.750 km,11/2023,Automatik,Elektro,170 kW (231 PS),,0g CO2/km (komb)*,37.989
Volkswagen,ID.5,16.858 km,10/2023,Automatik,Elektro,150 kW (204 PS),,0g CO2/km (komb)*,38.489
Volkswagen,ID.5,9.285 km,10/2023,Automatik,Elektro,150 kW (204 PS),,0g CO2/km (komb)*,38.989
Hyundai,Kona,1.200 km,07/2023,Automatik,Elektro,160 kW (218 PS),,0g CO2/km (komb)*,39.089
Volkswagen,T-Cross,9.999 km,05/2023,Automatik,Benzin,81 kW (110 PS),2l/100km,0g CO2/km (WLTP,24.958
Audi,A6,5.888 km,09/2023,Automatik,Benzin,270 kW (367 PS),8l/100km,185g CO2/km (komb)*,58.689
Audi,A4,25.391 km,05/2023,Automatik,Diesel,100 kW (136 PS),7l/100km,186g CO2/km (komb)*,32.789
Volkswagen,T-Cross,21.836 km,12/2023,Manuell,Benzin,70 kW (95 PS),8l/100km,185g CO2/km (komb)*,22.689
Volkswagen,SONSTIGE,24.989 km,11/2023,Automatik,Benzin,115 kW (156 PS),8l/100km,185g CO2/km (komb)*,40.489
Volkswagen,Passat Variant,12.195 km,11/2023,Automatik,Diesel,110 kW (150 PS),7l/100km,186g CO2/km (komb)*,41.789
Audi,Q8,6.633 km,07/2023,Automatik,Elektro,250 kW (340 PS),,0g CO2/km (komb)*,63.889
Volkswagen,ID.5,29.764 km,08/2023,Automatik,Elektro,150 kW (204 PS),,0g CO2/km (komb)*,37.389
Volkswagen,ID.4,21.174 km,11/2023,Automatik,Elektro,150 kW (204 PS),,0g CO2/km (komb)*,35.889
Volkswagen,ID.4,10.515 km,05/2023,Automatik,Elektro,220 kW (299 PS),,0g CO2/km (komb)*,44.189
Volkswagen,ID.4,15.500 km,12/2023,Automatik,Elektro,150 kW (204 PS),,0g CO2/km (komb)*,42.589
Dacia,Sandero,10 km,10/2024,Manuell,Benzin,81 kW (110 PS),5l/100km,125g CO2/km (komb)*,20.040
Hyundai,i30,25.800 km,05/2024,Automatik,Benzin,88 kW (120 PS),2l/100km,140g CO2/km (WLTP,27.645
Dacia,Sandero,1.001 km,12/2024,Manuell,Autogas,67 kW (90 PS),,96g CO2/km (komb)*,16.895
Dacia,Sandero,1.001 km,12/2024,Manuell,Benzin,67 kW (90 PS),9l/100km,499g CO2/km (WLTP,16.583
Dacia,Sandero,10 km,12/2024,Manuell,Benzin,67 kW (90 PS),9l/100km,499g CO2/km (WLTP,16.506
Seat,Arona,15.500 km,04/2024,Automatik,Benzin,85 kW (116 PS),8l/100km,131g CO2/km (WLTP,26.438
Renault,Master,15 km,12/2024,Manuell,Diesel,125 kW (170 PS),9l/100km,208g CO2/km (WLTP,52.426
Volkswagen,Tiguan,16.075 km,05/2024,Automatik,Diesel,110 kW (150 PS),7l/100km,186g CO2/km (komb)*,51.434
Dacia,Sandero,1.001 km,12/2024,Manuell,Benzin,67 kW (90 PS),9l/100km,499g CO2/km (WLTP,16.529
Volkswagen,Golf Variant,1.500 km,10/2024,Automatik,Benzin,96 kW (131 PS),8l/100km,131g CO2/km (WLTP,47.210
Volkswagen,Tiguan,1.500 km,10/2024,Automatik,Benzin,110 kW (150 PS),8l/100km,156g CO2/km (WLTP,59.334
Volkswagen,Tiguan,1.500 km,11/2024,Automatik,Benzin,110 kW (150 PS),8l/100km,156g CO2/km (WLTP,60.910
Volkswagen,Tiguan,24.440 km,06/2024,Automatik,Diesel,110 kW (150 PS),5l/100km,145g CO2/km (WLTP,51.127
Volkswagen,Tiguan,18.850 km,07/2024,Automatik,Diesel,110 kW (150 PS),6l/100km,147g CO2/km (WLTP,57.591
Seat,Leon,24.199 km,05/2024,Automatik,Diesel,110 kW (150 PS),7l/100km,186g CO2/km (komb)*,36.854
Seat,Leon,28.103 km,03/2024,Automatik,Diesel,110 kW (150 PS),7l/100km,186g CO2/km (komb)*,38.323
Volkswagen,Golf,25.076 km,03/2024,Manuell,Benzin,110 kW (150 PS),8l/100km,112g CO2/km (komb)*,29.188
Seat,Leon,25.432 km,05/2024,Automatik,Diesel,110 kW (150 PS),7l/100km,186g CO2/km (komb)*,37.669
Volkswagen,Golf,26.007 km,05/2024,Manuell,Diesel,85 kW (116 PS),7l/100km,186g CO2/km (komb)*,30.538
Seat,Leon,9.833 km,01/2024,Automatik,Diesel,110 kW (150 PS),7l/100km,186g CO2/km (komb)*,32.789
Hyundai,Tucson,19.296 km,02/2024,Automatik,Benzin,132 kW (177 PS),2l/100km,163g CO2/km (WLTP,35.848
Opel,Corsa,14.021 km,02/2024,Manuell,Benzin,74 kW (101 PS),1l/100km,115g CO2/km (WLTP,22.357
Seat,Leon,12.350 km,06/2024,Automatik,Diesel,110 kW (150 PS),7l/100km,186g CO2/km (komb)*,35.510
Hyundai,i30,24.600 km,03/2024,Automatik,Benzin,88 kW (120 PS),4l/100km,144g CO2/km (WLTP,27.648
Dacia,Sandero,14 km,12/2024,Manuell,Benzin,67 kW (90 PS),2l/100km,119g CO2/km (WLTP,15.986
Dacia,Sandero,1.001 km,12/2024,Manuell,Benzin,67 kW (90 PS),9l/100km,499g CO2/km (WLTP,16.599
Dacia,Sandero,1.001 km,12/2024,Manuell,Benzin,67 kW (90 PS),9l/100km,499g CO2/km (WLTP,16.493
Dacia,Sandero,1.001 km,12/2024,Manuell,Benzin,67 kW (90 PS),9l/100km,499g CO2/km (WLTP,16.573
Dacia,Sandero,1.001 km,12/2024,Manuell,Benzin,67 kW (90 PS),9l/100km,499g CO2/km (WLTP,16.559
Renault,Clio,500 km,03/2024,Manuell,Benzin,66 kW (90 PS),2l/100km,118g CO2/km (WLTP,24.145
Mazda,CX-5,4.001 km,10/2024,Automatik,Diesel,110 kW (150 PS),1l/100km,160g CO2/km (WLTP,44.391
Mazda,CX-5,5.103 km,09/2024,Automatik,Benzin,143 kW (194 PS),6l/100km,172g CO2/km (WLTP,45.789
Dacia,Sandero,1.001 km,12/2024,Manuell,Benzin,67 kW (90 PS),9l/100km,499g CO2/km (WLTP,16.535
Hyundai,i30,3.001 km,08/2024,Manuell,Benzin,74 kW (101 PS),3l/100km,143g CO2/km (WLTP,28.997
Hyundai,i30,20.600 km,03/2024,Automatik,Benzin,88 kW (120 PS),2l/100km,140g CO2/km (WLTP,28.771
Hyundai,i30,19.400 km,04/2024,Automatik,Benzin,88 kW (120 PS),2l/100km,140g CO2/km (WLTP,27.575
Hyundai,i30,24.700 km,03/2024,Automatik,Benzin,88 kW (120 PS),4l/100km,144g CO2/km (WLTP,29.355
Opel,Corsa,21.947 km,02/2024,Manuell,Benzin,74 kW (101 PS),2l/100km,116g CO2/km (WLTP,23.484
Ford,Focus,11.408 km,05/2024,Manuell,Benzin,92 kW (125 PS),7l/100km,130g CO2/km (WLTP,33.673
Ford,Focus,9.408 km,05/2024,Manuell,Benzin,92 kW (125 PS),7l/100km,130g CO2/km (WLTP,33.048
Ford,Kuga,15 km,06/2024,Manuell,Benzin,110 kW (150 PS),4l/100km,145g CO2/km (WLTP,37.340
Ford,Kuga,15 km,05/2024,Manuell,Benzin,110 kW (150 PS),4l/100km,145g CO2/km (WLTP,39.105
Skoda,Kodiaq,1.100 km,11/2024,Automatik,Diesel,142 kW (190 PS),5l/100km,499g CO2/km (WLTP,61.021
Skoda,Kodiaq,10 km,11/2024,Automatik,Diesel,142 kW (190 PS),5l/100km,499g CO2/km (WLTP,60.710
Skoda,Kodiaq,10 km,11/2024,Automatik,Diesel,142 kW (190 PS),5l/100km,499g CO2/km (WLTP,61.230
Hyundai,i30,90 km,09/2024,Automatik,Benzin,103 kW (140 PS),5l/100km,499g CO2/km (WLTP,33.861
Volkswagen,Tiguan,8.200 km,07/2024,Automatik,Benzin,110 kW (150 PS),3l/100km,0g CO2/km (WLTP,53.576
Volkswagen,T-Roc,10.097 km,07/2024,Automatik,Benzin,110 kW (150 PS),3l/100km,143g CO2/km (WLTP,38.764
Hyundai,i30,1.001 km,05/2024,Automatik,Benzin,88 kW (120 PS),2l/100km,140g CO2/km (WLTP,29.981
Ford,Kuga,24.025 km,03/2024,Manuell,Benzin,110 kW (150 PS),7l/100km,160g CO2/km (WLTP,40.787
Ford,Focus,1.500 km,05/2024,Manuell,Benzin,92 kW (125 PS),4l/100km,123g CO2/km (WLTP,42.716
Volkswagen,T-Roc,13.570 km,06/2024,Automatik,Benzin,110 kW (150 PS),6l/100km,0g CO2/km (WLTP,35.071
Mazda,2,2.003 km,08/2024,Automatik,Hybrid (Elektro / Benzin),85 kW (116 PS),3l/100km,98g CO2/km (WLTP,29.588
Seat,Ateca,10 km,09/2024,Automatik,Benzin,110 kW (150 PS),3l/100km,499g CO2/km (WLTP,36.061
Skoda,Kodiaq,10 km,11/2024,Automatik,Diesel,142 kW (190 PS),5l/100km,499g CO2/km (WLTP,60.488
Hyundai,i20,15 km,11/2024,Automatik,Benzin,74 kW (101 PS),4l/100km,122g CO2/km (WLTP,26.313
Hyundai,Tucson,19.900 km,05/2024,Automatik,Hybrid (Elektro / Benzin),169 kW (230 PS),4l/100km,146g CO2/km (WLTP,42.498
Mazda,CX-30,5.390 km,03/2024,Automatik,Benzin,110 kW (150 PS),8l/100km,185g CO2/km (komb)*,31.648
Hyundai,i10,14.200 km,04/2024,Manuell,Benzin,62 kW (84 PS),4l/100km,123g CO2/km (WLTP,22.232
Renault,Austral,8.772 km,09/2024,Automatik,Hybrid (Elektro / Benzin),116 kW (158 PS),9l/100km,499g CO2/km (WLTP,39.148
Renault,Austral,8.939 km,08/2024,Automatik,Hybrid (Elektro / Benzin),116 kW (158 PS),2l/100km,141g CO2/km (WLTP,41.248
Hyundai,Staria,23.800 km,04/2024,Automatik,Diesel,130 kW (177 PS),5l/100km,222g CO2/km (WLTP,53.783
Hyundai,i30,25.400 km,05/2024,Automatik,Benzin,118 kW (160 PS),3l/100km,142g CO2/km (WLTP,29.331
Skoda,Superb,1.000 km,12/2024,Automatik,Diesel,142 kW (190 PS),1l/100km,499g CO2/km (WLTP,61.936
Dacia,Sandero,90 km,12/2024,Manuell,Benzin,67 kW (91 PS),9l/100km,119g CO2/km (WLTP,16.169
Mazda,CX-5,3.503 km,05/2024,Automatik,Benzin,143 kW (194 PS),6l/100km,172g CO2/km (WLTP,44.292
Mazda,6,2.703 km,04/2024,Automatik,Benzin,143 kW (194 PS),6l/100km,172g CO2/km (WLTP,44.535
Renault,Austral,14.001 km,01/2024,Automatik,Hybrid (Elektro / Benzin),147 kW (200 PS),7l/100km,105g CO2/km (WLTP,40.848
Hyundai,Tucson,10 km,06/2024,Automatik,Diesel,100 kW (136 PS),8l/100km,499g CO2/km (WLTP,44.380
Hyundai,Tucson,10 km,06/2024,Automatik,Diesel,100 kW (136 PS),8l/100km,499g CO2/km (WLTP,44.724
Seat,Leon,1.050 km,11/2024,Automatik,Diesel,110 kW (150 PS),9l/100km,499g CO2/km (WLTP,36.318
Seat,Leon,1.000 km,11/2024,Automatik,Diesel,110 kW (150 PS),9l/100km,499g CO2/km (WLTP,36.364
Hyundai,Tucson,10 km,06/2024,Automatik,Diesel,100 kW (136 PS),8l/100km,499g CO2/km (WLTP,45.881
Hyundai,i30,12.900 km,04/2024,Automatik,Benzin,118 kW (160 PS),3l/100km,142g CO2/km (WLTP,31.342
Hyundai,i20,15 km,11/2024,Automatik,Benzin,74 kW (101 PS),4l/100km,122g CO2/km (WLTP,26.142
Hyundai,i30,12.900 km,04/2024,Automatik,Benzin,88 kW (120 PS),2l/100km,140g CO2/km (WLTP,25.778
Dacia,Duster,2.425 km,05/2024,Automatik,Benzin,110 kW (150 PS),2l/100km,141g CO2/km (WLTP,27.885
Ford,Focus,7.000 km,02/2024,Manuell,Benzin,92 kW (125 PS),4l/100km,123g CO2/km (WLTP,40.365
Seat,Arona,16.320 km,05/2024,Automatik,Benzin,85 kW (116 PS),8l/100km,0g CO2/km (WLTP,26.104
Ford,Focus,1.500 km,05/2024,Manuell,Benzin,92 kW (125 PS),4l/100km,123g CO2/km (WLTP,43.803
Ford,Transit Custom,10 km,04/2024,Automatik,Diesel,125 kW (170 PS),4l/100km,499g CO2/km (WLTP,58.976
Ford,Focus,9.408 km,06/2024,Manuell,Benzin,92 kW (125 PS),7l/100km,0g CO2/km (WLTP,33.360
Ford,Focus,11.408 km,06/2024,Manuell,Benzin,92 kW (125 PS),7l/100km,0g CO2/km (WLTP,33.360
Ford,Focus,11.904 km,06/2024,Manuell,Benzin,92 kW (125 PS),7l/100km,0g CO2/km (WLTP,33.029
Opel,Vivaro,10 km,10/2024,Manuell,Diesel,106 kW (146 PS),7l/100km,499g CO2/km (WLTP,39.233
Opel,Vivaro,10 km,10/2024,Manuell,Diesel,106 kW (146 PS),7l/100km,499g CO2/km (WLTP,38.610
Dacia,Jogger,1.001 km,12/2024,Manuell,Benzin,81 kW (110 PS),7l/100km,499g CO2/km (WLTP,23.519
Seat,Arona,14.177 km,06/2024,Automatik,Benzin,85 kW (116 PS),8l/100km,0g CO2/km (WLTP,25.361
Volkswagen,Tiguan,10 km,07/2024,Automatik,Diesel,142 kW (190 PS),3l/100km,499g CO2/km (WLTP,60.176
Skoda,Fabia,10 km,12/2024,Manuell,Benzin,70 kW (95 PS),1l/100km,499g CO2/km (WLTP,26.856
Volkswagen,Touareg,10 km,10/2024,Automatik,Diesel,210 kW (286 PS),4l/100km,499g CO2/km (WLTP,109.351
Nissan,Juke,10 km,10/2024,Automatik,Benzin,84 kW (114 PS),1l/100km,499g CO2/km (WLTP,30.275
Volkswagen,Touareg,62 km,10/2024,Automatik,Diesel,210 kW (286 PS),4l/100km,499g CO2/km (WLTP,111.858
Hyundai,Tucson,1.200 km,06/2024,Automatik,Diesel,100 kW (136 PS),8l/100km,0g CO2/km (WLTP,42.381
Skoda,Fabia,10 km,12/2024,Manuell,Benzin,70 kW (95 PS),1l/100km,499g CO2/km (WLTP,27.096
Volkswagen,Tiguan,10 km,10/2024,Automatik,Diesel,142 kW (190 PS),2l/100km,499g CO2/km (WLTP,56.291
Volkswagen,Tiguan,10 km,10/2024,Automatik,Diesel,142 kW (190 PS),2l/100km,499g CO2/km (WLTP,58.125
Hyundai,Tucson,10 km,06/2024,Automatik,Diesel,100 kW (136 PS),8l/100km,499g CO2/km (WLTP,43.175
Volkswagen,Caddy,10 km,09/2024,Automatik,Diesel,90 kW (122 PS),6l/100km,499g CO2/km (WLTP,47.364
Ford,Transit Custom,10 km,07/2024,Automatik,Diesel,125 kW (170 PS),4l/100km,499g CO2/km (WLTP,57.155
Hyundai,i20,15 km,11/2024,Automatik,Benzin,74 kW (101 PS),4l/100km,122g CO2/km (WLTP,25.925
Hyundai,i20,15 km,11/2024,Automatik,Benzin,74 kW (101 PS),4l/100km,122g CO2/km (WLTP,27.740
Hyundai,i30,15 km,07/2024,Automatik,Benzin,103 kW (140 PS),4l/100km,499g CO2/km (WLTP,34.370
Mazda,6,1.999 km,04/2024,Automatik,Benzin,143 kW (194 PS),6l/100km,172g CO2/km (WLTP,44.763
Mazda,6,10 km,04/2024,Automatik,Benzin,143 kW (194 PS),4l/100km,167g CO2/km (WLTP,44.330
Dacia,Sandero,2.614 km,01/2024,Manuell,Benzin,67 kW (91 PS),8l/100km,185g CO2/km (komb)*,17.448
Skoda,Kodiaq,17.000 km,05/2024,Automatik,Diesel,142 kW (190 PS),6l/100km,0g CO2/km (WLTP,61.650
Toyota,Yaris Cross,1.010 km,04/2024,Automatik,Hybrid (Elektro / Benzin),85 kW (116 PS),2l/100km,116g CO2/km (WLTP,27.948
Hyundai,i30,22.500 km,04/2024,Automatik,Benzin,118 kW (160 PS),3l/100km,142g CO2/km (WLTP,28.570
Renault,Clio,2.300 km,07/2024,Manuell,Benzin,67 kW (91 PS),9l/100km,499g CO2/km (WLTP,24.818
Seat,Leon,1.000 km,12/2024,Automatik,Diesel,110 kW (150 PS),9l/100km,499g CO2/km (WLTP,39.434
Hyundai,IONIQ 5,7.403 km,01/2024,Automatik,Elektro,173 kW (235 PS),,0g CO2/km (WLTP,40.048
Seat,Arona,20 km,09/2024,Automatik,Benzin,110 kW (150 PS),6l/100km,499g CO2/km (WLTP,32.898
Ford,Kuga,5.400 km,04/2024,Automatik,Benzin,140 kW (190 PS),4l/100km,146g CO2/km (WLTP,43.342
Skoda,Octavia,10 km,12/2024,Automatik,Benzin,110 kW (150 PS),5l/100km,499g CO2/km (WLTP,44.501
Seat,Arona,10 km,12/2024,Automatik,Benzin,85 kW (116 PS),6l/100km,499g CO2/km (WLTP,30.718
Peugeot,3008,3.830 km,03/2024,Automatik,Benzin,96 kW (131 PS),4l/100km,0g CO2/km (WLTP,32.585
Peugeot,3008,3.150 km,03/2024,Automatik,Benzin,96 kW (131 PS),4l/100km,0g CO2/km (WLTP,32.859
Volkswagen,Golf,8.450 km,08/2024,Manuell,Diesel,85 kW (116 PS),2l/100km,499g CO2/km (WLTP,43.049
Hyundai,i20,15 km,12/2024,Manuell,Benzin,58 kW (79 PS),4l/100km,122g CO2/km (WLTP,21.897
Renault,Trafic,15 km,11/2024,Manuell,Diesel,96 kW (131 PS),7l/100km,182g CO2/km (WLTP,40.062
Ford,Kuga,14.200 km,02/2024,Manuell,Benzin,110 kW (150 PS),7l/100km,160g CO2/km (WLTP,39.556
Renault,Trafic,15 km,11/2024,Manuell,Diesel,96 kW (131 PS),7l/100km,182g CO2/km (WLTP,41.544
Renault,Trafic,15 km,11/2024,Manuell,Diesel,96 kW (131 PS),7l/100km,182g CO2/km (WLTP,40.345
Renault,Trafic,15 km,11/2024,Manuell,Diesel,96 kW (131 PS),7l/100km,182g CO2/km (WLTP,40.183
Renault,Trafic,15 km,11/2024,Manuell,Diesel,96 kW (131 PS),7l/100km,182g CO2/km (WLTP,40.654
Renault,Trafic,15 km,11/2024,Manuell,Diesel,96 kW (131 PS),7l/100km,182g CO2/km (WLTP,41.457
Seat,Ibiza,2 km,12/2024,Manuell,Benzin,70 kW (95 PS),1l/100km,499g CO2/km (WLTP,23.836
Skoda,Octavia,20 km,09/2024,Automatik,Benzin,110 kW (150 PS),1l/100km,499g CO2/km (WLTP,42.172
Skoda,Octavia,20 km,09/2024,Automatik,Benzin,110 kW (150 PS),1l/100km,499g CO2/km (WLTP,41.558
Seat,Ibiza,2 km,12/2024,Manuell,Benzin,70 kW (95 PS),1l/100km,499g CO2/km (WLTP,23.640
Seat,Ibiza,2 km,12/2024,Manuell,Benzin,70 kW (95 PS),1l/100km,499g CO2/km (WLTP,25.339
Seat,Ibiza,2 km,12/2024,Manuell,Benzin,70 kW (95 PS),1l/100km,499g CO2/km (WLTP,25.062
Seat,Ibiza,2 km,12/2024,Manuell,Benzin,70 kW (95 PS),1l/100km,499g CO2/km (WLTP,25.311
Seat,Ibiza,2 km,12/2024,Manuell,Benzin,70 kW (95 PS),1l/100km,499g CO2/km (WLTP,23.615
Seat,Ibiza,2 km,12/2024,Manuell,Benzin,70 kW (95 PS),1l/100km,499g CO2/km (WLTP,24.189
Ford,Kuga,6.000 km,06/2024,Automatik,Hybrid (Elektro / Benzin),165 kW (224 PS),8l/100km,85g CO2/km (komb)*,41.917
Ford,Explorer,5.600 km,06/2024,Automatik,Hybrid (Elektro / Benzin),336 kW (457 PS),8l/100km,85g CO2/km (komb)*,83.817
Ford,Focus,11.904 km,05/2024,Manuell,Benzin,92 kW (125 PS),7l/100km,130g CO2/km (WLTP,34.481
Skoda,Octavia,20 km,06/2024,Automatik,Benzin,110 kW (150 PS),3l/100km,120g CO2/km (WLTP,36.685
Volkswagen,Touran,1.500 km,11/2024,Automatik,Benzin,110 kW (150 PS),7l/100km,159g CO2/km (WLTP,48.814
Ford,Transit Custom,10 km,10/2024,Automatik,Diesel,125 kW (170 PS),7l/100km,499g CO2/km (WLTP,64.827
Ford,Transit Custom,1.000 km,10/2024,Automatik,Diesel,125 kW (170 PS),7l/100km,499g CO2/km (WLTP,71.046
Ford,Transit Custom,10 km,10/2024,Automatik,Diesel,125 kW (170 PS),7l/100km,499g CO2/km (WLTP,71.893
Volkswagen,Touran,20.194 km,08/2024,Automatik,Benzin,110 kW (150 PS),7l/100km,159g CO2/km (WLTP,47.472
Skoda,Octavia,20 km,07/2024,Automatik,Benzin,110 kW (150 PS),3l/100km,499g CO2/km (WLTP,33.665
Volkswagen,Touran,1.500 km,11/2024,Automatik,Benzin,110 kW (150 PS),7l/100km,159g CO2/km (WLTP,48.751
Hyundai,i20,15 km,11/2024,Manuell,Benzin,74 kW (101 PS),3l/100km,121g CO2/km (WLTP,25.978
Hyundai,i20,15 km,11/2024,Manuell,Benzin,74 kW (101 PS),3l/100km,121g CO2/km (WLTP,25.086
Hyundai,Tucson,10 km,11/2024,Manuell,Diesel,85 kW (116 PS),5l/100km,499g CO2/km (WLTP,38.873
Ford,Focus,16.633 km,05/2024,Manuell,Benzin,92 kW (125 PS),1l/100km,138g CO2/km (WLTP,36.771
Ford,Puma,19.600 km,01/2024,Manuell,Benzin,92 kW (125 PS),6l/100km,135g CO2/km (WLTP,20.789
Ford,Focus,2.300 km,06/2024,Automatik,Benzin,114 kW (155 PS),3l/100km,143g CO2/km (WLTP,40.885
Hyundai,i30,18.547 km,02/2024,Manuell,Benzin,88 kW (120 PS),8l/100km,185g CO2/km (komb)*,28.151
Renault,Clio,15 km,02/2024,Manuell,Benzin,67 kW (90 PS),2l/100km,118g CO2/km (WLTP,21.861
Ford,Puma,14.300 km,01/2024,Manuell,Benzin,92 kW (125 PS),6l/100km,135g CO2/km (WLTP,24.489
Skoda,Fabia,10 km,01/2024,Manuell,Benzin,70 kW (95 PS),1l/100km,499g CO2/km (WLTP,22.158
Skoda,Fabia,10 km,01/2024,Manuell,Benzin,70 kW (95 PS),1l/100km,499g CO2/km (WLTP,22.858
Volkswagen,T-Roc,7.003 km,05/2024,Automatik,Benzin,110 kW (150 PS),4l/100km,144g CO2/km (WLTP,38.049
Seat,Arona,11.800 km,05/2024,Automatik,Benzin,85 kW (116 PS),8l/100km,131g CO2/km (WLTP,28.800
Hyundai,i30,26.900 km,03/2024,Manuell,Benzin,88 kW (120 PS),8l/100km,120g CO2/km (komb)*,27.022
Hyundai,i30,23.000 km,02/2024,Automatik,Benzin,88 kW (120 PS),4l/100km,122g CO2/km (WLTP,30.340
Volkswagen,Touareg,23.978 km,02/2024,Automatik,Benzin,340 kW (462 PS),8l/100km,185g CO2/km (komb)*,80.589
Toyota,C-HR,7.717 km,01/2024,Automatik,Hybrid (Elektro / Benzin),112 kW (152 PS),1l/100km,116g CO2/km (WLTP,41.148
Toyota,C-HR,3.081 km,01/2024,Automatik,Hybrid (Elektro / Benzin),103 kW (140 PS),8l/100km,108g CO2/km (WLTP,31.748
Ford,Focus,4.700 km,01/2024,Manuell,Benzin,92 kW (125 PS),5l/100km,125g CO2/km (WLTP,31.089
Toyota,C-HR,5.000 km,01/2024,Automatik,Hybrid (Elektro / Benzin),145 kW (197 PS),1l/100km,116g CO2/km (WLTP,41.148
Volkswagen,Golf,16.472 km,06/2024,Automatik,Benzin,140 kW (190 PS),8l/100km,185g CO2/km (komb)*,42.515
Volkswagen,T-Roc,21.740 km,06/2024,Manuell,Benzin,85 kW (116 PS),9l/100km,134g CO2/km (WLTP,28.399
Volkswagen,T-Roc,25.760 km,05/2024,Manuell,Benzin,85 kW (116 PS),9l/100km,134g CO2/km (WLTP,29.376
Hyundai,SONSTIGE,10 km,10/2024,Automatik,Elektro,71 kW (97 PS),,0g CO2/km (WLTP,30.567
Dacia,Duster,1.001 km,10/2024,Manuell,Benzin,96 kW (131 PS),9l/100km,499g CO2/km (WLTP,30.620
Dacia,Jogger,1.001 km,11/2024,Manuell,Benzin,81 kW (110 PS),9l/100km,499g CO2/km (WLTP,23.624
Volkswagen,T-Roc,26.120 km,06/2024,Manuell,Benzin,85 kW (116 PS),9l/100km,134g CO2/km (WLTP,29.396
Volkswagen,T-Roc,28.330 km,06/2024,Manuell,Benzin,85 kW (116 PS),9l/100km,134g CO2/km (WLTP,28.194
Volkswagen,T-Roc,25.530 km,05/2024,Manuell,Benzin,85 kW (116 PS),9l/100km,134g CO2/km (WLTP,28.634
Hyundai,Tucson,25.100 km,02/2024,Automatik,Hybrid (Elektro / Benzin),169 kW (230 PS),6l/100km,149g CO2/km (WLTP,36.048
Volkswagen,Golf,14.400 km,01/2024,Manuell,Diesel,85 kW (116 PS),3l/100km,112g CO2/km (WLTP,25.589
Volkswagen,T-Roc,15.260 km,05/2024,Automatik,Benzin,110 kW (150 PS),3l/100km,143g CO2/km (WLTP,37.863
Volkswagen,Golf,14.070 km,04/2024,Manuell,Diesel,85 kW (116 PS),3l/100km,112g CO2/km (WLTP,31.585
Volkswagen,T-Roc,20.400 km,05/2024,Automatik,Benzin,110 kW (150 PS),3l/100km,143g CO2/km (WLTP,38.722
Volkswagen,T-Roc,8.320 km,06/2024,Automatik,Benzin,110 kW (150 PS),2l/100km,142g CO2/km (WLTP,37.922
Volkswagen,Tiguan,23.100 km,03/2024,Automatik,Diesel,110 kW (150 PS),5l/100km,145g CO2/km (WLTP,51.860
Volkswagen,T-Roc,14.110 km,05/2024,Automatik,Benzin,110 kW (150 PS),3l/100km,143g CO2/km (WLTP,40.050
Ford,Focus,20.656 km,05/2024,Automatik,Benzin,114 kW (155 PS),3l/100km,143g CO2/km (WLTP,38.154
Skoda,Octavia,16.135 km,04/2024,Automatik,Benzin,180 kW (245 PS),8l/100km,185g CO2/km (komb)*,47.235
Volkswagen,Tiguan,27.140 km,05/2024,Automatik,Diesel,142 kW (190 PS),5l/100km,171g CO2/km (WLTP,63.531
Volkswagen,Tiguan,16.920 km,05/2024,Automatik,Benzin,110 kW (150 PS),2l/100km,142g CO2/km (WLTP,49.255
Volkswagen,Tiguan,19.080 km,05/2024,Automatik,Diesel,110 kW (150 PS),7l/100km,149g CO2/km (WLTP,54.912
Volkswagen,Tiguan,19.995 km,05/2024,Automatik,Diesel,142 kW (190 PS),5l/100km,171g CO2/km (WLTP,66.408
Skoda,Karoq,6.400 km,04/2024,Automatik,Benzin,110 kW (150 PS),2l/100km,141g CO2/km (WLTP,40.955
Volkswagen,Tiguan,15.630 km,06/2024,Automatik,Benzin,110 kW (150 PS),5l/100km,149g CO2/km (WLTP,59.469
Volkswagen,Tiguan,30.500 km,05/2024,Automatik,Diesel,110 kW (150 PS),6l/100km,148g CO2/km (WLTP,58.152
Volkswagen,Tiguan,23.160 km,05/2024,Automatik,Diesel,110 kW (150 PS),3l/100km,140g CO2/km (WLTP,48.940
Volkswagen,T-Roc,11.670 km,06/2024,Automatik,Benzin,110 kW (150 PS),3l/100km,144g CO2/km (WLTP,38.750
Volkswagen,Tiguan,21.940 km,05/2024,Automatik,Diesel,110 kW (150 PS),3l/100km,140g CO2/km (WLTP,48.667
Volkswagen,Golf GTI,13.030 km,03/2024,Automatik,Benzin,180 kW (245 PS),2l/100km,163g CO2/km (WLTP,46.351
Volkswagen,Tiguan,18.070 km,05/2024,Automatik,Benzin,110 kW (150 PS),6l/100km,150g CO2/km (WLTP,50.598
Volkswagen,Tiguan,24.650 km,05/2024,Automatik,Diesel,142 kW (190 PS),5l/100km,171g CO2/km (WLTP,66.054
Volkswagen,T-Roc,17.930 km,05/2024,Automatik,Benzin,110 kW (150 PS),4l/100km,145g CO2/km (WLTP,41.892
Skoda,Kodiaq,12.000 km,05/2024,Automatik,Diesel,142 kW (190 PS),1l/100km,159g CO2/km (WLTP,55.344
Dacia,Jogger,26.150 km,05/2024,Manuell,Benzin,81 kW (110 PS),8l/100km,185g CO2/km (komb)*,24.266
Volkswagen,T6 Transporter,20.980 km,03/2024,Automatik,Diesel,110 kW (150 PS),6l/100km,199g CO2/km (WLTP,49.341
Volkswagen,Tiguan,17.570 km,04/2024,Automatik,Diesel,110 kW (150 PS),5l/100km,145g CO2/km (WLTP,50.001
Volkswagen,Golf GTI,16.115 km,01/2024,Automatik,Benzin,180 kW (245 PS),2l/100km,163g CO2/km (WLTP,38.589
Volkswagen,Golf GTI,14.720 km,03/2024,Automatik,Benzin,180 kW (245 PS),2l/100km,163g CO2/km (WLTP,44.893
Volkswagen,Golf GTI,13.800 km,03/2024,Automatik,Benzin,180 kW (245 PS),2l/100km,163g CO2/km (WLTP,46.285
Volkswagen,Golf GTI,12.160 km,03/2024,Automatik,Benzin,180 kW (245 PS),2l/100km,163g CO2/km (WLTP,44.198
Volkswagen,Tiguan,25.960 km,05/2024,Automatik,Benzin,110 kW (150 PS),6l/100km,150g CO2/km (WLTP,51.985
Volkswagen,Tiguan,15.300 km,05/2024,Automatik,Diesel,110 kW (150 PS),7l/100km,150g CO2/km (WLTP,57.102
Volkswagen,Tiguan,21.400 km,05/2024,Automatik,Diesel,110 kW (150 PS),7l/100km,150g CO2/km (WLTP,55.061
Volkswagen,Tiguan,24.520 km,05/2024,Automatik,Diesel,110 kW (150 PS),6l/100km,148g CO2/km (WLTP,58.995
Volkswagen,Golf GTI,9.850 km,03/2024,Automatik,Benzin,180 kW (245 PS),2l/100km,163g CO2/km (WLTP,47.025
Volkswagen,Golf GTI,14.065 km,03/2024,Automatik,Benzin,180 kW (245 PS),2l/100km,163g CO2/km (WLTP,45.171
Volkswagen,Tiguan,13.950 km,04/2024,Automatik,Diesel,110 kW (150 PS),7l/100km,151g CO2/km (WLTP,62.243
Volkswagen,Tiguan,18.680 km,02/2024,Automatik,Benzin,110 kW (150 PS),7l/100km,158g CO2/km (WLTP,55.719
Volkswagen,Tiguan,17.350 km,05/2024,Automatik,Benzin,110 kW (150 PS),6l/100km,150g CO2/km (WLTP,48.994
Seat,Arona,100 km,11/2024,Automatik,Benzin,85 kW (116 PS),9l/100km,133g CO2/km (WLTP,31.002
Seat,Arona,100 km,11/2024,Automatik,Benzin,85 kW (116 PS),9l/100km,133g CO2/km (WLTP,28.952
Hyundai,i30,15 km,12/2024,Manuell,Benzin,71 kW (97 PS),2l/100km,141g CO2/km (WLTP,25.398
Ford,Kuga,3.057 km,06/2024,Automatik,Hybrid (Elektro / Benzin),165 kW (224 PS),8l/100km,85g CO2/km (komb)*,50.949
Renault,Trafic,15 km,11/2024,Manuell,Diesel,96 kW (131 PS),9l/100km,499g CO2/km (WLTP,41.718
Ford,Kuga,15 km,05/2024,Manuell,Benzin,110 kW (150 PS),4l/100km,145g CO2/km (WLTP,36.940
Ford,Puma,2.727 km,07/2024,Manuell,Benzin,92 kW (125 PS),4l/100km,122g CO2/km (WLTP,36.054
Ford,Kuga,6.887 km,03/2024,Automatik,Hybrid (Elektro / Benzin),165 kW (224 PS),8l/100km,85g CO2/km (komb)*,47.103
Renault,Trafic,15 km,11/2024,Manuell,Diesel,96 kW (131 PS),9l/100km,499g CO2/km (WLTP,41.010
Hyundai,Tucson,15 km,09/2024,Automatik,Benzin,117 kW (159 PS),7l/100km,159g CO2/km (WLTP,44.227
Ford,Explorer,5.590 km,06/2024,Automatik,Hybrid (Elektro / Benzin),336 kW (457 PS),8l/100km,85g CO2/km (komb)*,84.294
Dacia,Jogger,1.001 km,11/2024,Manuell,Benzin,81 kW (110 PS),9l/100km,499g CO2/km (WLTP,23.703
Renault,Clio,20.508 km,04/2024,Manuell,Benzin,67 kW (91 PS),3l/100km,121g CO2/km (WLTP,20.839
Fiat,Tipo,10 km,12/2024,Manuell,Diesel,96 kW (131 PS),4l/100km,499g CO2/km (WLTP,24.971
Ford,Focus,16.054 km,07/2024,Automatik,Benzin,114 kW (155 PS),3l/100km,143g CO2/km (WLTP,37.974
Volkswagen,Passat Variant,16.397 km,05/2024,Automatik,Diesel,110 kW (150 PS),7l/100km,186g CO2/km (komb)*,54.510
Hyundai,i20,15 km,11/2024,Automatik,Benzin,74 kW (101 PS),4l/100km,123g CO2/km (WLTP,26.352
Ford,Focus,19.800 km,01/2024,Automatik,Diesel,85 kW (116 PS),4l/100km,142g CO2/km (WLTP,32.089
Renault,Trafic,15 km,11/2024,Manuell,Diesel,96 kW (131 PS),9l/100km,499g CO2/km (WLTP,40.195
Ford,Explorer,15.612 km,06/2024,Automatik,Hybrid (Elektro / Benzin),336 kW (457 PS),8l/100km,85g CO2/km (komb)*,87.175
Ford,Kuga,6.900 km,02/2024,Automatik,Hybrid (Elektro / Benzin),165 kW (224 PS),8l/100km,85g CO2/km (komb)*,36.889
Volkswagen,Caddy,10 km,09/2024,Automatik,Diesel,90 kW (122 PS),6l/100km,499g CO2/km (WLTP,50.299
Seat,Ateca,21.640 km,04/2024,Automatik,Diesel,110 kW (150 PS),4l/100km,141g CO2/km (WLTP,43.094
Seat,Ateca,22.890 km,05/2024,Automatik,Diesel,110 kW (150 PS),4l/100km,141g CO2/km (WLTP,42.552
Volkswagen,Golf,25.545 km,04/2024,Manuell,Diesel,85 kW (116 PS),3l/100km,112g CO2/km (WLTP,30.514
Volkswagen,Golf,26.600 km,04/2024,Manuell,Diesel,85 kW (116 PS),3l/100km,112g CO2/km (WLTP,30.122
Renault,Trafic,12 km,11/2024,Manuell,Diesel,96 kW (131 PS),7l/100km,182g CO2/km (WLTP,40.162
Ford,Focus,11.200 km,01/2024,Automatik,Benzin,114 kW (155 PS),3l/100km,143g CO2/km (WLTP,32.189
Ford,Focus,15.945 km,05/2024,Manuell,Benzin,92 kW (125 PS),1l/100km,138g CO2/km (WLTP,32.731
Hyundai,Bayon,15 km,12/2024,Manuell,Benzin,58 kW (79 PS),7l/100km,129g CO2/km (WLTP,24.505
Ford,Focus,5.600 km,06/2024,Automatik,Benzin,114 kW (155 PS),3l/100km,143g CO2/km (WLTP,38.011
Ford,Kuga,13.501 km,03/2024,Automatik,Hybrid (Elektro / Benzin),165 kW (224 PS),8l/100km,85g CO2/km (komb)*,44.305
Renault,Trafic,15 km,11/2024,Manuell,Diesel,96 kW (131 PS),9l/100km,499g CO2/km (WLTP,39.808
Volkswagen,SONSTIGE,18.738 km,05/2024,Automatik,Benzin,110 kW (150 PS),8l/100km,185g CO2/km (komb)*,41.529
Ford,Focus,4.600 km,06/2024,Automatik,Benzin,114 kW (155 PS),3l/100km,143g CO2/km (WLTP,35.904
Volkswagen,Passat Variant,19.886 km,05/2024,Automatik,Benzin,110 kW (150 PS),8l/100km,185g CO2/km (komb)*,42.091
Renault,Trafic,15 km,11/2024,Manuell,Diesel,96 kW (131 PS),9l/100km,499g CO2/km (WLTP,39.407
Volkswagen,Passat Variant,25.477 km,05/2024,Automatik,Benzin,110 kW (150 PS),8l/100km,185g CO2/km (komb)*,41.308
Ford,Puma,13.683 km,03/2024,Automatik,Benzin,114 kW (155 PS),3l/100km,142g CO2/km (WLTP,36.274
Ford,Kuga,11.567 km,03/2024,Automatik,Hybrid (Elektro / Benzin),165 kW (224 PS),8l/100km,85g CO2/km (komb)*,43.187
Ford,Kuga,11.677 km,02/2024,Automatik,Hybrid (Elektro / Benzin),165 kW (224 PS),8l/100km,85g CO2/km (komb)*,34.989
Volkswagen,T-Roc,25.610 km,04/2024,Automatik,Benzin,110 kW (150 PS),3l/100km,143g CO2/km (WLTP,34.671
Volkswagen,Tiguan,7.900 km,11/2024,Automatik,Diesel,110 kW (150 PS),5l/100km,145g CO2/km (WLTP,62.686
Hyundai,i30,10 km,12/2024,Automatik,Benzin,103 kW (140 PS),3l/100km,144g CO2/km (WLTP,31.970
Skoda,Kodiaq,13.900 km,06/2024,Automatik,Diesel,142 kW (190 PS),1l/100km,161g CO2/km (WLTP,60.515
Hyundai,i30,10 km,12/2024,Automatik,Benzin,103 kW (140 PS),3l/100km,144g CO2/km (WLTP,31.240
Volkswagen,SONSTIGE,26.135 km,05/2024,Automatik,Benzin,110 kW (150 PS),8l/100km,185g CO2/km (komb)*,42.127
Volkswagen,Golf,25.334 km,06/2024,Manuell,Benzin,85 kW (116 PS),8l/100km,185g CO2/km (komb)*,32.826
Volkswagen,T-Roc,23.448 km,07/2024,Automatik,Benzin,110 kW (150 PS),8l/100km,185g CO2/km (komb)*,36.656
Volkswagen,Golf Variant,20.443 km,08/2024,Automatik,Benzin,85 kW (116 PS),8l/100km,132g CO2/km (WLTP,37.725
Volkswagen,Golf Variant,19.166 km,08/2024,Automatik,Benzin,85 kW (116 PS),8l/100km,132g CO2/km (WLTP,37.624
Ford,Kuga,11.596 km,05/2024,Manuell,Benzin,110 kW (150 PS),7l/100km,160g CO2/km (WLTP,39.751
Volkswagen,SONSTIGE,24.804 km,05/2024,Automatik,Benzin,110 kW (150 PS),8l/100km,185g CO2/km (komb)*,41.748
Volkswagen,Taigo,20.805 km,07/2024,Automatik,Benzin,85 kW (116 PS),8l/100km,185g CO2/km (komb)*,32.709
Volkswagen,SONSTIGE,28.842 km,02/2024,Automatik,Diesel,110 kW (150 PS),7l/100km,186g CO2/km (komb)*,48.689
Volkswagen,T-Roc,25.988 km,07/2024,Automatik,Benzin,110 kW (150 PS),8l/100km,185g CO2/km (komb)*,37.901
Ford,Kuga,22.227 km,01/2024,Automatik,Hybrid (Elektro / Benzin),165 kW (224 PS),8l/100km,85g CO2/km (komb)*,35.389
Ford,SONSTIGE,1.200 km,10/2024,Automatik,Diesel,125 kW (170 PS),6l/100km,225g CO2/km (WLTP,73.421
Ford,SONSTIGE,1.200 km,10/2024,Automatik,Diesel,125 kW (170 PS),6l/100km,225g CO2/km (WLTP,74.083
Volkswagen,Touareg,1.000 km,10/2024,Automatik,Diesel,210 kW (286 PS),4l/100km,499g CO2/km (WLTP,100.295
Skoda,Octavia,10 km,07/2024,Automatik,Benzin,110 kW (150 PS),3l/100km,499g CO2/km (WLTP,43.079
Skoda,Octavia,10 km,06/2024,Automatik,Benzin,110 kW (150 PS),3l/100km,499g CO2/km (WLTP,42.044
Volkswagen,Caddy,10 km,12/2024,Automatik,Diesel,90 kW (122 PS),7l/100km,499g CO2/km (WLTP,48.650
Seat,Ateca,10 km,12/2024,Automatik,Benzin,110 kW (150 PS),4l/100km,499g CO2/km (WLTP,37.861
Seat,Ateca,1.800 km,12/2024,Automatik,Benzin,110 kW (150 PS),4l/100km,499g CO2/km (WLTP,40.901
Seat,Ateca,10 km,12/2024,Automatik,Benzin,110 kW (150 PS),4l/100km,499g CO2/km (WLTP,40.315
Skoda,Octavia,10 km,09/2024,Automatik,Diesel,110 kW (150 PS),6l/100km,499g CO2/km (WLTP,43.808
Volkswagen,Tiguan,10 km,12/2024,Automatik,Diesel,110 kW (150 PS),3l/100km,499g CO2/km (WLTP,52.943
Skoda,Superb,10 km,08/2024,Automatik,Diesel,110 kW (150 PS),5l/100km,499g CO2/km (WLTP,59.396
Volkswagen,Touareg,10 km,09/2024,Automatik,Diesel,210 kW (286 PS),4l/100km,499g CO2/km (WLTP,105.860
Volkswagen,Touareg,10 km,09/2024,Automatik,Diesel,210 kW (286 PS),3l/100km,499g CO2/km (WLTP,104.899
Volkswagen,Touareg,10 km,09/2024,Automatik,Diesel,210 kW (286 PS),3l/100km,499g CO2/km (WLTP,105.635
Skoda,Karoq,50 km,11/2024,Automatik,Benzin,110 kW (150 PS),4l/100km,499g CO2/km (WLTP,43.968
Skoda,Superb,10 km,10/2024,Automatik,Diesel,110 kW (150 PS),2l/100km,499g CO2/km (WLTP,52.831
Hyundai,i30,10 km,12/2024,Automatik,Benzin,103 kW (140 PS),3l/100km,499g CO2/km (WLTP,33.601
Volkswagen,Tiguan,10 km,10/2024,Automatik,Diesel,142 kW (190 PS),2l/100km,499g CO2/km (WLTP,58.987
Volkswagen,Touareg,10 km,10/2024,Automatik,Diesel,210 kW (286 PS),4l/100km,499g CO2/km (WLTP,107.674
Skoda,Octavia,10 km,06/2024,Automatik,Benzin,110 kW (150 PS),3l/100km,499g CO2/km (WLTP,40.624
Skoda,Fabia,10 km,10/2024,Manuell,Benzin,70 kW (95 PS),1l/100km,499g CO2/km (WLTP,25.553
Skoda,Fabia,10 km,10/2024,Manuell,Benzin,70 kW (95 PS),1l/100km,499g CO2/km (WLTP,25.538
Seat,Ateca,10 km,12/2024,Automatik,Benzin,110 kW (150 PS),4l/100km,499g CO2/km (WLTP,37.912
Volkswagen,Tiguan,10 km,12/2024,Automatik,Diesel,110 kW (150 PS),3l/100km,499g CO2/km (WLTP,53.431
Volkswagen,Tiguan,10 km,12/2024,Automatik,Diesel,110 kW (150 PS),3l/100km,499g CO2/km (WLTP,53.155
Volkswagen,Touareg,10 km,09/2024,Automatik,Diesel,210 kW (286 PS),3l/100km,499g CO2/km (WLTP,102.542
Hyundai,i30,10 km,12/2024,Automatik,Benzin,103 kW (140 PS),3l/100km,499g CO2/km (WLTP,34.808
Volkswagen,Caddy,10 km,10/2024,Manuell,Diesel,75 kW (102 PS),6l/100km,499g CO2/km (WLTP,42.853
Skoda,Karoq,50 km,11/2024,Automatik,Benzin,110 kW (150 PS),4l/100km,499g CO2/km (WLTP,44.104
Seat,Ateca,1.150 km,12/2024,Automatik,Benzin,110 kW (150 PS),4l/100km,499g CO2/km (WLTP,40.237
Skoda,Fabia,10 km,11/2024,Manuell,Benzin,70 kW (95 PS),9l/100km,499g CO2/km (WLTP,23.909
Volkswagen,Caddy,10 km,10/2024,Manuell,Diesel,75 kW (102 PS),6l/100km,499g CO2/km (WLTP,42.667
Seat,Ateca,10 km,12/2024,Automatik,Benzin,110 kW (150 PS),4l/100km,499g CO2/km (WLTP,39.026
Hyundai,i30,15 km,02/2024,Automatik,Benzin,88 kW (120 PS),6l/100km,499g CO2/km (WLTP,26.333
Skoda,Octavia,10 km,06/2024,Automatik,Benzin,110 kW (150 PS),3l/100km,499g CO2/km (WLTP,41.086
Seat,Ateca,10 km,12/2024,Automatik,Benzin,110 kW (150 PS),4l/100km,499g CO2/km (WLTP,40.648
Volkswagen,Tiguan,10 km,12/2024,Automatik,Diesel,110 kW (150 PS),5l/100km,499g CO2/km (WLTP,57.961
Hyundai,i30,10 km,09/2024,Automatik,Benzin,103 kW (140 PS),3l/100km,499g CO2/km (WLTP,33.123
Volkswagen,Caddy,10 km,10/2024,Manuell,Diesel,75 kW (102 PS),6l/100km,499g CO2/km (WLTP,42.857
Volkswagen,Caddy,1.750 km,10/2024,Manuell,Diesel,75 kW (102 PS),6l/100km,499g CO2/km (WLTP,42.583
Volkswagen,Caddy,10 km,10/2024,Manuell,Diesel,75 kW (102 PS),6l/100km,499g CO2/km (WLTP,42.887
Volkswagen,Caddy,10 km,10/2024,Manuell,Diesel,75 kW (102 PS),6l/100km,499g CO2/km (WLTP,42.735
Volkswagen,T-Roc,10.000 km,07/2024,Automatik,Benzin,140 kW (190 PS),3l/100km,166g CO2/km (WLTP,49.309
Hyundai,i30,10 km,12/2024,Automatik,Benzin,103 kW (140 PS),3l/100km,144g CO2/km (WLTP,33.467
Fiat,Ducato,10 km,06/2024,Manuell,Diesel,103 kW (140 PS),7l/100km,228g CO2/km (WLTP,57.384
Fiat,Ducato,10 km,06/2024,Manuell,Diesel,103 kW (140 PS),7l/100km,228g CO2/km (WLTP,57.340
Volkswagen,Golf Variant,14.432 km,08/2024,Automatik,Benzin,85 kW (116 PS),8l/100km,132g CO2/km (WLTP,39.760
Hyundai,Kona,15 km,12/2024,Automatik,Benzin,101 kW (137 PS),3l/100km,141g CO2/km (WLTP,34.140
Audi,Q3,8.106 km,04/2024,Automatik,Hybrid (Elektro / Benzin),180 kW (245 PS),8l/100km,85g CO2/km (komb)*,56.123
Fiat,Ducato,10 km,06/2024,Manuell,Diesel,103 kW (140 PS),7l/100km,228g CO2/km (WLTP,59.081
Fiat,Ducato,10 km,06/2024,Manuell,Diesel,103 kW (140 PS),7l/100km,228g CO2/km (WLTP,58.872
Volkswagen,Tiguan,24.279 km,06/2024,Automatik,Diesel,110 kW (150 PS),7l/100km,186g CO2/km (komb)*,56.621
Hyundai,Kona,15 km,12/2024,Automatik,Benzin,101 kW (137 PS),3l/100km,141g CO2/km (WLTP,35.143
Ford,Focus,13.600 km,07/2024,Manuell,Benzin,92 kW (125 PS),7l/100km,130g CO2/km (WLTP,31.242
Volkswagen,Tiguan,25.406 km,06/2024,Automatik,Diesel,110 kW (150 PS),7l/100km,186g CO2/km (komb)*,55.004
Hyundai,Staria,30.500 km,04/2024,Automatik,Diesel,130 kW (177 PS),5l/100km,222g CO2/km (WLTP,55.161
Ford,Kuga,17.800 km,02/2024,Automatik,Hybrid (Elektro / Benzin),165 kW (224 PS),8l/100km,85g CO2/km (komb)*,32.789
Ford,Kuga,24.861 km,04/2024,Automatik,Diesel,88 kW (120 PS),5l/100km,170g CO2/km (WLTP,40.382
Volkswagen,Caddy,0 km,12/2024,Manuell,Diesel,75 kW (102 PS),5l/100km,499g CO2/km (WLTP,35.896
Volkswagen,Caddy,0 km,12/2024,Manuell,Diesel,75 kW (102 PS),5l/100km,499g CO2/km (WLTP,35.737
Ford,Transit,15 km,11/2024,Manuell,Diesel,0 kW (170 PS),8l/100km,499g CO2/km (WLTP,54.133
Volkswagen,Tiguan,10 km,11/2024,Automatik,Benzin,110 kW (150 PS),2l/100km,499g CO2/km (WLTP,56.375
Hyundai,i30,10 km,10/2024,Manuell,Benzin,103 kW (140 PS),9l/100km,499g CO2/km (WLTP,33.204
Hyundai,i30,10 km,10/2024,Automatik,Benzin,103 kW (140 PS),4l/100km,499g CO2/km (WLTP,36.415
Seat,Arona,10 km,09/2024,Automatik,Benzin,85 kW (116 PS),8l/100km,499g CO2/km (WLTP,28.860
Volkswagen,T-Roc,23.640 km,02/2024,Automatik,Benzin,140 kW (190 PS),8l/100km,178g CO2/km (WLTP,45.856
Volkswagen,Tiguan,19.037 km,03/2024,Automatik,Benzin,140 kW (190 PS),8l/100km,185g CO2/km (komb)*,56.380
Volkswagen,Tiguan,18.439 km,02/2024,Automatik,Diesel,110 kW (150 PS),7l/100km,186g CO2/km (komb)*,42.589
Volkswagen,Golf,19.900 km,01/2024,Automatik,Diesel,147 kW (200 PS),7l/100km,186g CO2/km (komb)*,36.389
Hyundai,i20,4.700 km,05/2024,Manuell,Benzin,88 kW (120 PS),3l/100km,120g CO2/km (WLTP,29.719
Hyundai,i20,8.000 km,05/2024,Manuell,Benzin,88 kW (120 PS),3l/100km,120g CO2/km (WLTP,29.949
Hyundai,i30,15.800 km,05/2024,Automatik,Benzin,118 kW (160 PS),6l/100km,128g CO2/km (WLTP,31.729
Volkswagen,SONSTIGE,6.613 km,07/2024,Manuell,Benzin,85 kW (116 PS),8l/100km,185g CO2/km (komb)*,35.273
Volkswagen,T-Cross,26.322 km,04/2024,Automatik,Benzin,85 kW (116 PS),8l/100km,185g CO2/km (komb)*,32.356
Audi,SONSTIGE,15.335 km,05/2024,Automatik,Benzin,110 kW (150 PS),8l/100km,185g CO2/km (komb)*,42.197
Dacia,Jogger,17.950 km,05/2024,Manuell,Benzin,81 kW (110 PS),8l/100km,185g CO2/km (komb)*,25.290
Hyundai,i30,17.000 km,04/2024,Automatik,Benzin,118 kW (160 PS),6l/100km,128g CO2/km (WLTP,32.613
Citroen,C4,23.306 km,04/2024,Automatik,Diesel,96 kW (131 PS),1l/100km,0g CO2/km (WLTP,26.454
Alfa,Romeo Giulia,14.103 km,03/2024,Automatik,Benzin,206 kW (280 PS),3l/100km,167g CO2/km (komb)*,41.248
Fiat,500X,12.775 km,03/2024,Automatik,Benzin,96 kW (131 PS),8l/100km,185g CO2/km (komb)*,27.548
Volkswagen,Crafter,50 km,07/2024,Automatik,Diesel,130 kW (177 PS),5l/100km,499g CO2/km (WLTP,81.658
Volkswagen,Crafter,50 km,11/2024,Manuell,Diesel,103 kW (140 PS),9l/100km,499g CO2/km (WLTP,53.639
Volkswagen,Caddy,100 km,09/2024,Manuell,Diesel,75 kW (102 PS),9l/100km,499g CO2/km (WLTP,31.936
Volkswagen,Crafter,50 km,06/2024,Manuell,Diesel,75 kW (102 PS),4l/100km,499g CO2/km (WLTP,46.546
Volkswagen,Crafter,50 km,06/2024,Manuell,Diesel,75 kW (102 PS),4l/100km,499g CO2/km (WLTP,50.058
Volkswagen,Crafter,50 km,06/2024,Manuell,Diesel,75 kW (102 PS),4l/100km,499g CO2/km (WLTP,45.704
Volkswagen,Crafter,50 km,06/2024,Manuell,Diesel,75 kW (102 PS),4l/100km,499g CO2/km (WLTP,49.858
Volkswagen,Crafter,50 km,11/2024,Manuell,Diesel,103 kW (140 PS),9l/100km,499g CO2/km (WLTP,53.334
Volkswagen,Crafter,50 km,11/2024,Manuell,Diesel,103 kW (140 PS),9l/100km,499g CO2/km (WLTP,53.239
Volkswagen,Crafter,200 km,04/2024,Manuell,Diesel,103 kW (140 PS),6l/100km,499g CO2/km (WLTP,65.510
Ford,Kuga,19.581 km,02/2024,Automatik,Hybrid (Elektro / Benzin),165 kW (224 PS),8l/100km,85g CO2/km (komb)*,35.989
Ford,Puma,18.200 km,03/2024,Automatik,Benzin,114 kW (155 PS),3l/100km,142g CO2/km (WLTP,32.681
Ford,Focus,30.990 km,05/2024,Automatik,Benzin,114 kW (155 PS),5l/100km,125g CO2/km (WLTP,38.530
Volkswagen,Caddy,0 km,12/2024,Manuell,Diesel,75 kW (102 PS),4l/100km,499g CO2/km (WLTP,34.372
Volkswagen,Caddy,0 km,12/2024,Manuell,Diesel,75 kW (102 PS),4l/100km,499g CO2/km (WLTP,34.369
Volkswagen,Caddy,0 km,12/2024,Manuell,Diesel,75 kW (102 PS),4l/100km,499g CO2/km (WLTP,34.141
Hyundai,i20,100 km,10/2024,Manuell,Benzin,74 kW (101 PS),6l/100km,127g CO2/km (WLTP,24.673
Volkswagen,Caddy,10 km,12/2024,Automatik,Diesel,90 kW (122 PS),7l/100km,499g CO2/km (WLTP,48.249
Ford,Transit,10 km,11/2024,Manuell,Diesel,96 kW (131 PS),5l/100km,499g CO2/km (WLTP,57.127
Mazda,MX-30,13.100 km,01/2024,Automatik,Hybrid (Elektro / Benzin),125 kW (170 PS),1l/100km,21g CO2/km (WLTP,31.648
Volkswagen,T-Cross,7.971 km,08/2024,Manuell,Benzin,70 kW (95 PS),6l/100km,135g CO2/km (WLTP,30.632
Volkswagen,T-Cross,5.109 km,08/2024,Manuell,Benzin,70 kW (95 PS),6l/100km,135g CO2/km (WLTP,31.783
Audi,Q3,5.208 km,05/2024,Automatik,Hybrid (Elektro / Benzin),180 kW (245 PS),8l/100km,85g CO2/km (komb)*,54.057
Ford,Puma,2.478 km,02/2024,Automatik,Benzin,92 kW (125 PS),3l/100km,143g CO2/km (WLTP,25.389
Ford,Kuga,12.200 km,01/2024,Automatik,Hybrid (Elektro / Benzin),165 kW (224 PS),8l/100km,85g CO2/km (komb)*,32.189
Volkswagen,T-Roc,15.130 km,05/2024,Automatik,Benzin,110 kW (150 PS),3l/100km,143g CO2/km (WLTP,38.203
Volkswagen,T-Roc,10.190 km,05/2024,Automatik,Benzin,110 kW (150 PS),2l/100km,142g CO2/km (WLTP,36.940
Volkswagen,T-Roc,24.400 km,05/2024,Automatik,Benzin,110 kW (150 PS),2l/100km,142g CO2/km (WLTP,37.801
Audi,A4,15.828 km,07/2024,Automatik,Benzin,195 kW (265 PS),8l/100km,185g CO2/km (komb)*,61.708
Hyundai,i30,10 km,11/2024,Automatik,Benzin,103 kW (140 PS),3l/100km,499g CO2/km (WLTP,33.952
Volkswagen,Tiguan,10 km,11/2024,Automatik,Benzin,110 kW (150 PS),2l/100km,499g CO2/km (WLTP,57.553
Volkswagen,Tiguan,7.900 km,08/2024,Automatik,Diesel,110 kW (150 PS),8l/100km,152g CO2/km (WLTP,71.525
Volkswagen,Tiguan,8.900 km,07/2024,Automatik,Diesel,110 kW (150 PS),7l/100km,150g CO2/km (WLTP,62.930
Volkswagen,Passat Variant,26.625 km,05/2024,Automatik,Diesel,110 kW (150 PS),7l/100km,186g CO2/km (komb)*,44.766
Volkswagen,Passat Variant,25.355 km,03/2024,Automatik,Benzin,110 kW (150 PS),8l/100km,185g CO2/km (komb)*,39.922
Audi,SONSTIGE,7.934 km,05/2024,Automatik,Diesel,120 kW (163 PS),7l/100km,186g CO2/km (komb)*,54.206
Audi,SONSTIGE,26.819 km,03/2024,Automatik,Benzin,110 kW (150 PS),8l/100km,185g CO2/km (komb)*,52.714
Audi,SONSTIGE,21.845 km,03/2024,Automatik,Benzin,150 kW (204 PS),8l/100km,185g CO2/km (komb)*,46.838
Volkswagen,Taigo,23.107 km,05/2024,Manuell,Benzin,70 kW (95 PS),8l/100km,185g CO2/km (komb)*,26.608
Volkswagen,Golf,25.363 km,03/2024,Manuell,Benzin,96 kW (131 PS),8l/100km,185g CO2/km (komb)*,30.266
Volkswagen,SONSTIGE,11.873 km,03/2024,Manuell,Benzin,110 kW (150 PS),8l/100km,185g CO2/km (komb)*,39.476
Volkswagen,Golf,28.759 km,03/2024,Manuell,Benzin,96 kW (131 PS),8l/100km,185g CO2/km (komb)*,30.395
Audi,SONSTIGE,5.159 km,06/2024,Automatik,Benzin,228 kW (310 PS),8l/100km,185g CO2/km (komb)*,52.660
Volkswagen,Golf,25.585 km,03/2024,Manuell,Benzin,96 kW (131 PS),8l/100km,185g CO2/km (komb)*,30.044
Volkswagen,Golf,26.692 km,03/2024,Manuell,Benzin,96 kW (131 PS),8l/100km,185g CO2/km (komb)*,30.181
Volkswagen,Golf,7.819 km,06/2024,Automatik,Benzin,85 kW (116 PS),8l/100km,185g CO2/km (komb)*,36.181
Audi,Q2,29.170 km,04/2024,Automatik,Benzin,110 kW (150 PS),8l/100km,185g CO2/km (komb)*,41.107
Audi,SONSTIGE,5.987 km,04/2024,Automatik,Hybrid (Elektro / Benzin),110 kW (150 PS),8l/100km,85g CO2/km (komb)*,41.229
Audi,SONSTIGE,27.961 km,03/2024,Automatik,Benzin,150 kW (204 PS),8l/100km,185g CO2/km (komb)*,51.864
Audi,Q3,7.720 km,05/2024,Automatik,Benzin,110 kW (150 PS),8l/100km,185g CO2/km (komb)*,54.321
Audi,A4,24.463 km,04/2024,Automatik,Benzin,150 kW (204 PS),8l/100km,185g CO2/km (komb)*,44.857
Audi,SONSTIGE,27.155 km,05/2024,Automatik,Diesel,150 kW (204 PS),7l/100km,186g CO2/km (komb)*,63.454
Audi,SONSTIGE,8.746 km,04/2024,Automatik,Diesel,150 kW (204 PS),7l/100km,186g CO2/km (komb)*,66.313
Volkswagen,Golf,29.592 km,04/2024,Manuell,Benzin,96 kW (131 PS),8l/100km,185g CO2/km (komb)*,28.534
Volkswagen,Golf,25.823 km,03/2024,Manuell,Benzin,96 kW (131 PS),8l/100km,185g CO2/km (komb)*,29.680
Volkswagen,Golf,25.476 km,03/2024,Manuell,Benzin,96 kW (131 PS),8l/100km,185g CO2/km (komb)*,29.116
Volkswagen,Golf,25.285 km,02/2024,Manuell,Diesel,85 kW (116 PS),7l/100km,186g CO2/km (komb)*,25.289
Seat,Arona,10 km,09/2024,Automatik,Benzin,85 kW (116 PS),7l/100km,129g CO2/km (WLTP,32.615
Volkswagen,SONSTIGE,20.061 km,03/2024,Manuell,Benzin,81 kW (110 PS),8l/100km,185g CO2/km (komb)*,32.578
Volkswagen,Golf,5.700 km,05/2024,Automatik,Benzin,235 kW (320 PS),8l/100km,185g CO2/km (komb)*,51.980
Volkswagen,Tiguan,5.993 km,05/2024,Automatik,Benzin,96 kW (131 PS),8l/100km,185g CO2/km (komb)*,46.935
Volkswagen,Golf,25.682 km,04/2024,Manuell,Benzin,96 kW (131 PS),8l/100km,185g CO2/km (komb)*,29.680
Volkswagen,Golf,25.672 km,03/2024,Manuell,Benzin,96 kW (131 PS),8l/100km,185g CO2/km (komb)*,29.517
Audi,SONSTIGE,25.366 km,05/2024,Automatik,Diesel,150 kW (204 PS),7l/100km,186g CO2/km (komb)*,52.232
Volkswagen,Golf,27.237 km,04/2024,Manuell,Benzin,96 kW (131 PS),8l/100km,185g CO2/km (komb)*,29.057
Volkswagen,Golf,25.380 km,03/2024,Manuell,Benzin,96 kW (131 PS),8l/100km,185g CO2/km (komb)*,30.352
Volkswagen,Golf,25.158 km,03/2024,Manuell,Benzin,96 kW (131 PS),8l/100km,185g CO2/km (komb)*,28.745
Volkswagen,Taigo,5.500 km,05/2024,Manuell,Benzin,70 kW (95 PS),8l/100km,185g CO2/km (komb)*,25.502
Volkswagen,Passat Variant,20.693 km,04/2024,Automatik,Benzin,110 kW (150 PS),8l/100km,185g CO2/km (komb)*,42.640
Ford,Puma,13.952 km,04/2024,Automatik,Benzin,92 kW (125 PS),3l/100km,143g CO2/km (WLTP,35.758
Ford,Puma,1.500 km,10/2024,Automatik,Benzin,114 kW (155 PS),3l/100km,142g CO2/km (WLTP,47.248
Ford,Kuga,6.080 km,01/2024,Automatik,Hybrid (Elektro / Benzin),165 kW (224 PS),8l/100km,85g CO2/km (komb)*,30.989
Ford,Kuga,27.008 km,02/2024,Automatik,Diesel,88 kW (120 PS),5l/100km,170g CO2/km (WLTP,32.189
Ford,Puma,10.792 km,02/2024,Automatik,Benzin,114 kW (155 PS),3l/100km,142g CO2/km (WLTP,28.689
Volkswagen,T-Roc,20.290 km,05/2024,Manuell,Benzin,110 kW (150 PS),3l/100km,143g CO2/km (WLTP,33.294
Volkswagen,T-Roc,18.645 km,05/2024,Manuell,Benzin,110 kW (150 PS),3l/100km,143g CO2/km (WLTP,34.802
Volkswagen,T-Roc,23.200 km,05/2024,Automatik,Benzin,110 kW (150 PS),3l/100km,143g CO2/km (WLTP,38.368
Volkswagen,T-Roc,22.290 km,05/2024,Automatik,Benzin,110 kW (150 PS),2l/100km,142g CO2/km (WLTP,37.675
Volkswagen,T-Roc,30.860 km,05/2024,Automatik,Benzin,110 kW (150 PS),3l/100km,143g CO2/km (WLTP,36.729
Volkswagen,T-Roc,19.580 km,05/2024,Automatik,Benzin,110 kW (150 PS),3l/100km,143g CO2/km (WLTP,37.648
Hyundai,i30,10 km,06/2024,Automatik,Benzin,73 kW (99 PS),6l/100km,499g CO2/km (WLTP,29.982
Hyundai,Tucson,10 km,11/2024,Automatik,Diesel,100 kW (136 PS),3l/100km,499g CO2/km (WLTP,43.067
Skoda,Octavia,50 km,12/2024,Automatik,Benzin,110 kW (150 PS),1l/100km,115g CO2/km (WLTP,38.248
Volkswagen,Tiguan,50 km,10/2024,Automatik,Diesel,110 kW (150 PS),5l/100km,143g CO2/km (WLTP,53.878
Volkswagen,Golf GTI,26.870 km,01/2024,Automatik,Benzin,180 kW (245 PS),2l/100km,163g CO2/km (WLTP,38.089
Volkswagen,Tiguan,50 km,10/2024,Automatik,Diesel,110 kW (150 PS),5l/100km,143g CO2/km (WLTP,53.106
Volkswagen,Tiguan,2.000 km,10/2024,Automatik,Diesel,110 kW (150 PS),5l/100km,143g CO2/km (WLTP,52.480
Volkswagen,Tiguan,50 km,10/2024,Automatik,Diesel,110 kW (150 PS),5l/100km,143g CO2/km (WLTP,52.959
Skoda,Superb,50 km,10/2024,Automatik,Diesel,142 kW (190 PS),6l/100km,174g CO2/km (WLTP,64.715
Mazda,CX-30,10 km,03/2025,Manuell,Benzin,103 kW (140 PS),6l/100km,136g CO2/km (WLTP,35.727
Mazda,CX-60,10 km,03/2025,Automatik,Diesel,187 kW (254 PS),5l/100km,142g CO2/km (WLTP,70.937
Mazda,CX-60,10 km,03/2025,Automatik,Diesel,187 kW (254 PS),4l/100km,140g CO2/km (WLTP,69.995
Mazda,CX-30,2.003 km,02/2025,Manuell,Benzin,103 kW (140 PS),6l/100km,136g CO2/km (WLTP,37.820
Hyundai,i10,2.003 km,02/2025,Manuell,Benzin,66 kW (90 PS),4l/100km,123g CO2/km (WLTP,23.858
Volkswagen,Touareg,10 km,02/2025,Automatik,Diesel,210 kW (286 PS),4l/100km,499g CO2/km (WLTP,95.172
Mazda,3,10 km,02/2025,Manuell,Benzin,103 kW (140 PS),6l/100km,135g CO2/km (WLTP,34.565
Mazda,CX-30,1.002 km,02/2025,Manuell,Benzin,103 kW (140 PS),6l/100km,136g CO2/km (WLTP,37.263
Hyundai,Tucson,1.003 km,03/2025,Automatik,Hybrid (Elektro / Benzin),158 kW (215 PS),5l/100km,147g CO2/km (WLTP,53.746
Mazda,3,1.003 km,02/2025,Manuell,Benzin,103 kW (140 PS),6l/100km,135g CO2/km (WLTP,33.816
Mazda,CX-5,10 km,02/2025,Manuell,Benzin,121 kW (165 PS),5l/100km,146g CO2/km (WLTP,40.253
Mazda,CX-5,10 km,02/2025,Manuell,Benzin,121 kW (165 PS),5l/100km,146g CO2/km (WLTP,40.167
Mazda,3,10 km,02/2025,Manuell,Benzin,103 kW (140 PS),6l/100km,135g CO2/km (WLTP,34.525
Mazda,CX-60,10 km,02/2025,Automatik,Diesel,187 kW (254 PS),5l/100km,142g CO2/km (WLTP,62.343
Hyundai,SONSTIGE,10 km,02/2025,Automatik,Elektro,71 kW (97 PS),,0g CO2/km (WLTP,28.817
Nissan,Juke,10 km,01/2025,Manuell,Benzin,84 kW (114 PS),9l/100km,499g CO2/km (WLTP,26.261
Hyundai,i30,0 km,N/A,Manuell,Benzin,71 kW (99 PS),3l/100km,499g CO2/km (WLTP,25.151
Hyundai,i30,0 km,N/A,Manuell,Benzin,74 kW (99 PS),6l/100km,499g CO2/km (WLTP,25.903
Hyundai,i30,0 km,N/A,Automatik,Benzin,74 kW (99 PS),9l/100km,499g CO2/km (WLTP,29.630
Volkswagen,Touareg,10 km,02/2025,Automatik,Diesel,210 kW (286 PS),4l/100km,499g CO2/km (WLTP,93.890
Volkswagen,Touareg,10 km,02/2025,Automatik,Diesel,210 kW (286 PS),4l/100km,499g CO2/km (WLTP,99.307
Ford,Tourneo Custom,1.010 km,02/2025,Automatik,Diesel,125 kW (170 PS),3l/100km,285g CO2/km (WLTP,69.606
Dacia,Sandero,10 km,N/A,Automatik,Benzin,67 kW (90 PS),7l/100km,499g CO2/km (WLTP,17.614
Volkswagen,Touareg,10 km,02/2025,Automatik,Diesel,210 kW (286 PS),4l/100km,499g CO2/km (WLTP,94.399
Peugeot,308,0 km,N/A,Automatik,Diesel,96 kW (131 PS),1l/100km,499g CO2/km (WLTP,39.763
Peugeot,308,0 km,N/A,Automatik,Diesel,96 kW (131 PS),1l/100km,499g CO2/km (WLTP,35.640
Peugeot,308,0 km,N/A,Automatik,Diesel,96 kW (131 PS),7l/100km,186g CO2/km (komb)*,40.096
Peugeot,308,0 km,N/A,Automatik,Diesel,96 kW (131 PS),1l/100km,499g CO2/km (WLTP,36.575
Peugeot,308,0 km,N/A,Automatik,Diesel,96 kW (131 PS),1l/100km,499g CO2/km (WLTP,35.985
Dacia,Sandero,10 km,N/A,Automatik,Benzin,67 kW (90 PS),7l/100km,499g CO2/km (WLTP,19.126
Volkswagen,Touareg,800 km,01/2025,Automatik,Diesel,210 kW (286 PS),4l/100km,499g CO2/km (WLTP,99.307
Volkswagen,Touareg,10 km,01/2025,Automatik,Diesel,210 kW (286 PS),4l/100km,499g CO2/km (WLTP,93.575
Dacia,Sandero,0 km,N/A,Automatik,Benzin,67 kW (90 PS),7l/100km,499g CO2/km (WLTP,19.157
Dacia,Sandero,0 km,N/A,Automatik,Benzin,67 kW (90 PS),7l/100km,499g CO2/km (WLTP,19.106
Dacia,Sandero,0 km,N/A,Automatik,Benzin,67 kW (90 PS),7l/100km,499g CO2/km (WLTP,19.038
Dacia,Sandero,0 km,N/A,Automatik,Benzin,67 kW (90 PS),7l/100km,499g CO2/km (WLTP,19.113
Hyundai,SONSTIGE,2.403 km,01/2025,Automatik,Elektro,71 kW (97 PS),,0g CO2/km (WLTP,30.913
Skoda,Karoq,10 km,03/2025,Automatik,Benzin,110 kW (150 PS),1l/100km,499g CO2/km (WLTP,42.943
Skoda,Karoq,10 km,02/2025,Automatik,Benzin,110 kW (150 PS),1l/100km,139g CO2/km (WLTP,44.278
Skoda,Karoq,10 km,03/2025,Automatik,Benzin,110 kW (150 PS),1l/100km,499g CO2/km (WLTP,43.431
Hyundai,i30,0 km,N/A,Manuell,Benzin,103 kW (140 PS),9l/100km,499g CO2/km (WLTP,30.514
Hyundai,i30,0 km,N/A,Manuell,Benzin,103 kW (140 PS),9l/100km,499g CO2/km (WLTP,28.728
Audi,Q5,9.990 km,02/2025,Automatik,Diesel,150 kW (204 PS),4l/100km,168g CO2/km (WLTP,83.601
Hyundai,SONSTIGE,3.002 km,01/2025,Automatik,Elektro,71 kW (97 PS),,0g CO2/km (WLTP,29.953
Maxus,eDeliver 3,30 km,02/2025,Automatik,Elektro,90 kW (122 PS),,0g CO2/km (WLTP,27.089
Skoda,Superb,0 km,N/A,Automatik,Diesel,110 kW (150 PS),1l/100km,499g CO2/km (WLTP,56.513
Skoda,Superb,0 km,N/A,Automatik,Diesel,142 kW (190 PS),9l/100km,499g CO2/km (WLTP,59.789
Skoda,Superb,0 km,N/A,Automatik,Diesel,110 kW (150 PS),1l/100km,499g CO2/km (WLTP,54.272
Skoda,Superb,0 km,N/A,Automatik,Diesel,142 kW (190 PS),9l/100km,499g CO2/km (WLTP,62.176
Volkswagen,Caddy,0 km,N/A,Manuell,Diesel,75 kW (102 PS),3l/100km,499g CO2/km (WLTP,35.043
Hyundai,i30,0 km,N/A,Manuell,Benzin,103 kW (140 PS),7l/100km,499g CO2/km (WLTP,31.515
Hyundai,i30,0 km,N/A,Manuell,Benzin,103 kW (140 PS),7l/100km,499g CO2/km (WLTP,33.359
Hyundai,i30,0 km,N/A,Automatik,Benzin,103 kW (140 PS),3l/100km,499g CO2/km (WLTP,32.838
Hyundai,i30,0 km,N/A,Automatik,Benzin,103 kW (140 PS),3l/100km,499g CO2/km (WLTP,29.892
Hyundai,i30,0 km,N/A,Manuell,Benzin,103 kW (140 PS),7l/100km,499g CO2/km (WLTP,28.442
Volkswagen,Caddy,0 km,N/A,Automatik,Diesel,90 kW (122 PS),8l/100km,499g CO2/km (WLTP,39.144
Hyundai,i30,0 km,N/A,Manuell,Benzin,103 kW (140 PS),7l/100km,499g CO2/km (WLTP,26.396
Hyundai,i30,0 km,N/A,Manuell,Benzin,103 kW (140 PS),7l/100km,499g CO2/km (WLTP,33.020
Hyundai,i30,0 km,N/A,Automatik,Benzin,103 kW (140 PS),3l/100km,499g CO2/km (WLTP,34.404
Hyundai,i30,0 km,N/A,Automatik,Benzin,103 kW (140 PS),3l/100km,499g CO2/km (WLTP,34.025
Volkswagen,Caddy,0 km,N/A,Manuell,Diesel,90 kW (122 PS),4l/100km,499g CO2/km (WLTP,40.847
Hyundai,i30,0 km,N/A,Manuell,Benzin,103 kW (140 PS),7l/100km,499g CO2/km (WLTP,30.018
Hyundai,i30,0 km,N/A,Manuell,Benzin,103 kW (140 PS),7l/100km,499g CO2/km (WLTP,26.746
Hyundai,i30,0 km,N/A,Automatik,Benzin,103 kW (140 PS),3l/100km,499g CO2/km (WLTP,32.235
Ford,Tourneo Courier,15 km,01/2025,Manuell,Benzin,92 kW (125 PS),7l/100km,153g CO2/km (WLTP,33.467
Hyundai,Tucson,10 km,03/2025,Automatik,Hybrid (Elektro / Benzin),158 kW (215 PS),1l/100km,132g CO2/km (WLTP,45.547
Hyundai,Kona,15 km,01/2025,Automatik,Benzin,101 kW (137 PS),3l/100km,141g CO2/km (WLTP,35.260
Hyundai,Kona,15 km,01/2025,Automatik,Benzin,101 kW (137 PS),3l/100km,141g CO2/km (WLTP,34.363
Ford,Tourneo Courier,15 km,01/2025,Manuell,Benzin,92 kW (125 PS),7l/100km,153g CO2/km (WLTP,33.451
Volkswagen,Caddy,0 km,N/A,Manuell,Diesel,75 kW (102 PS),3l/100km,499g CO2/km (WLTP,32.471
Volkswagen,Caddy,0 km,N/A,Automatik,Diesel,90 kW (122 PS),8l/100km,499g CO2/km (WLTP,43.868
Volkswagen,Caddy,0 km,N/A,Automatik,Diesel,90 kW (122 PS),8l/100km,499g CO2/km (WLTP,37.305
Volkswagen,Caddy,0 km,N/A,Manuell,Diesel,90 kW (122 PS),4l/100km,499g CO2/km (WLTP,45.019
Volkswagen,Caddy,0 km,N/A,Automatik,Diesel,90 kW (122 PS),8l/100km,499g CO2/km (WLTP,46.972
Volkswagen,Caddy,0 km,N/A,Automatik,Diesel,90 kW (122 PS),8l/100km,499g CO2/km (WLTP,43.137
Volkswagen,Caddy,0 km,N/A,Manuell,Diesel,90 kW (122 PS),4l/100km,499g CO2/km (WLTP,39.044
Volkswagen,Caddy,0 km,N/A,Manuell,Diesel,90 kW (122 PS),7l/100km,499g CO2/km (WLTP,48.326
Volkswagen,Caddy,0 km,N/A,Manuell,Diesel,90 kW (122 PS),7l/100km,499g CO2/km (WLTP,44.280
Volkswagen,Caddy,0 km,N/A,Manuell,Diesel,90 kW (122 PS),7l/100km,499g CO2/km (WLTP,41.332
Volkswagen,Caddy,0 km,N/A,Manuell,Diesel,75 kW (102 PS),3l/100km,499g CO2/km (WLTP,39.849
Volkswagen,Caddy,0 km,N/A,Automatik,Diesel,90 kW (122 PS),8l/100km,499g CO2/km (WLTP,39.919
Nissan,Juke,10 km,N/A,Automatik,Benzin,84 kW (114 PS),6l/100km,499g CO2/km (WLTP,24.746
Volkswagen,Tiguan,10 km,N/A,Automatik,Benzin,110 kW (150 PS),2l/100km,499g CO2/km (WLTP,47.144
Volkswagen,Tiguan,10 km,N/A,Automatik,Benzin,110 kW (150 PS),2l/100km,499g CO2/km (WLTP,45.908
Volkswagen,Tiguan,10 km,N/A,Automatik,Diesel,110 kW (150 PS),3l/100km,499g CO2/km (WLTP,49.580
Volkswagen,Caddy,10 km,N/A,Manuell,Diesel,75 kW (102 PS),4l/100km,499g CO2/km (WLTP,41.858
Volkswagen,Caddy,10 km,N/A,Manuell,Diesel,90 kW (122 PS),4l/100km,499g CO2/km (WLTP,46.358
Nissan,Juke,10 km,N/A,Automatik,Benzin,84 kW (114 PS),2l/100km,499g CO2/km (WLTP,28.736
Volkswagen,Golf,10 km,N/A,Manuell,Benzin,110 kW (150 PS),6l/100km,499g CO2/km (WLTP,34.484
Volkswagen,Golf,10 km,N/A,Automatik,Benzin,110 kW (150 PS),4l/100km,499g CO2/km (WLTP,37.523
Volkswagen,Golf,10 km,N/A,Automatik,Diesel,110 kW (150 PS),7l/100km,499g CO2/km (WLTP,42.958
Nissan,Juke,10 km,N/A,Automatik,Benzin,84 kW (114 PS),1l/100km,499g CO2/km (WLTP,28.704
Volkswagen,Tiguan,10 km,N/A,Automatik,Diesel,110 kW (150 PS),3l/100km,499g CO2/km (WLTP,50.395
Volkswagen,Caddy,10 km,N/A,Automatik,Diesel,90 kW (122 PS),6l/100km,499g CO2/km (WLTP,46.458
Volkswagen,Golf,10 km,N/A,Automatik,Diesel,110 kW (150 PS),7l/100km,499g CO2/km (WLTP,43.458
Volkswagen,Golf,10 km,N/A,Automatik,Benzin,110 kW (150 PS),4l/100km,499g CO2/km (WLTP,36.358
Volkswagen,Golf,10 km,N/A,Manuell,Benzin,110 kW (150 PS),6l/100km,499g CO2/km (WLTP,34.458
Volkswagen,Tiguan,10 km,N/A,Automatik,Benzin,110 kW (150 PS),2l/100km,499g CO2/km (WLTP,47.167
Volkswagen,Tiguan,10 km,N/A,Automatik,Diesel,110 kW (150 PS),3l/100km,499g CO2/km (WLTP,48.896
Volkswagen,Caddy,10 km,N/A,Manuell,Diesel,75 kW (102 PS),5l/100km,499g CO2/km (WLTP,37.893
Volkswagen,Caddy,10 km,N/A,Automatik,Diesel,90 kW (122 PS),6l/100km,499g CO2/km (WLTP,41.222
Volkswagen,Caddy,10 km,N/A,Manuell,Diesel,90 kW (122 PS),7l/100km,499g CO2/km (WLTP,42.233
Skoda,Karoq,0 km,01/2025,Automatik,Benzin,110 kW (150 PS),4l/100km,499g CO2/km (WLTP,40.387
Nissan,Juke,10 km,N/A,Manuell,Benzin,84 kW (114 PS),8l/100km,499g CO2/km (WLTP,23.718
Volkswagen,Golf,10 km,N/A,Manuell,Benzin,110 kW (150 PS),6l/100km,499g CO2/km (WLTP,34.438
Volkswagen,Golf,10 km,N/A,Manuell,Benzin,110 kW (150 PS),4l/100km,499g CO2/km (WLTP,33.425
Volkswagen,Golf,10 km,N/A,Automatik,Benzin,110 kW (150 PS),2l/100km,499g CO2/km (WLTP,35.098
Skoda,Superb,10 km,N/A,Automatik,Diesel,142 kW (190 PS),6l/100km,499g CO2/km (WLTP,61.058
Volkswagen,T-Roc,10 km,N/A,Automatik,Diesel,110 kW (150 PS),5l/100km,499g CO2/km (WLTP,38.939
Volkswagen,Golf,10 km,N/A,Manuell,Diesel,85 kW (116 PS),3l/100km,499g CO2/km (WLTP,35.367
Volkswagen,T-Roc,10 km,N/A,Automatik,Benzin,110 kW (150 PS),6l/100km,499g CO2/km (WLTP,37.807
Skoda,Superb,10 km,N/A,Automatik,Diesel,110 kW (150 PS),2l/100km,499g CO2/km (WLTP,55.058
Volkswagen,Golf,10 km,N/A,Manuell,Diesel,85 kW (116 PS),3l/100km,499g CO2/km (WLTP,33.115
Volkswagen,Golf,10 km,N/A,Manuell,Diesel,85 kW (116 PS),4l/100km,499g CO2/km (WLTP,30.324
Volkswagen,Golf,10 km,N/A,Manuell,Benzin,110 kW (150 PS),6l/100km,499g CO2/km (WLTP,36.671
Volkswagen,Golf,10 km,N/A,Automatik,Benzin,110 kW (150 PS),2l/100km,499g CO2/km (WLTP,37.472
Skoda,Fabia,10 km,N/A,Manuell,Benzin,70 kW (95 PS),3l/100km,499g CO2/km (WLTP,23.289
Volkswagen,T-Roc,10 km,N/A,Manuell,Benzin,85 kW (116 PS),7l/100km,499g CO2/km (WLTP,32.714
Volkswagen,Golf,10 km,N/A,Manuell,Benzin,110 kW (150 PS),6l/100km,499g CO2/km (WLTP,38.089
Volkswagen,Golf,1.324 km,01/2025,Automatik,Benzin,195 kW (265 PS),2l/100km,165g CO2/km (WLTP,56.424
Opel,Vivaro,50 km,N/A,Automatik,Diesel,106 kW (146 PS),7l/100km,203g CO2/km (WLTP,40.374
Opel,Vivaro,50 km,N/A,Automatik,Diesel,106 kW (146 PS),7l/100km,203g CO2/km (WLTP,40.292
Opel,Vivaro,50 km,N/A,Manuell,Diesel,106 kW (146 PS),4l/100km,194g CO2/km (WLTP,39.056
Opel,Vivaro,50 km,N/A,Automatik,Diesel,106 kW (146 PS),7l/100km,203g CO2/km (WLTP,41.070
Opel,Vivaro,50 km,N/A,Automatik,Diesel,106 kW (146 PS),7l/100km,203g CO2/km (WLTP,44.397
Opel,Vivaro,50 km,N/A,Automatik,Diesel,106 kW (146 PS),7l/100km,203g CO2/km (WLTP,40.624
Opel,Vivaro,50 km,N/A,Automatik,Diesel,106 kW (146 PS),7l/100km,203g CO2/km (WLTP,40.707
Renault,Trafic,50 km,01/2025,Manuell,Diesel,125 kW (170 PS),3l/100km,188g CO2/km (WLTP,45.440
Renault,Master,15 km,02/2025,Manuell,Diesel,125 kW (170 PS),7l/100km,203g CO2/km (WLTP,48.294
Toyota,Hilux,50 km,01/2025,Automatik,Diesel,150 kW (204 PS),3l/100km,194g CO2/km (WLTP,65.599
Renault,Master,15 km,02/2025,Manuell,Diesel,125 kW (170 PS),7l/100km,203g CO2/km (WLTP,45.646
Renault,Master,15 km,N/A,Manuell,Diesel,125 kW (170 PS),7l/100km,203g CO2/km (WLTP,49.067
Renault,Master,15 km,N/A,Manuell,Diesel,125 kW (170 PS),7l/100km,203g CO2/km (WLTP,48.038
Renault,Master,15 km,N/A,Manuell,Diesel,125 kW (170 PS),7l/100km,203g CO2/km (WLTP,46.979
Renault,Trafic,50 km,N/A,Manuell,Diesel,125 kW (170 PS),3l/100km,188g CO2/km (WLTP,44.328
Renault,Trafic,50 km,01/2025,Manuell,Diesel,125 kW (170 PS),3l/100km,188g CO2/km (WLTP,44.670
Renault,Master,50 km,02/2025,Manuell,Diesel,125 kW (170 PS),6l/100km,198g CO2/km (WLTP,51.114
Renault,Master,50 km,02/2025,Manuell,Diesel,125 kW (170 PS),6l/100km,198g CO2/km (WLTP,50.672
Renault,Master,50 km,N/A,Manuell,Diesel,125 kW (170 PS),6l/100km,198g CO2/km (WLTP,50.679
Renault,Master,15 km,02/2025,Manuell,Diesel,125 kW (170 PS),7l/100km,203g CO2/km (WLTP,47.611
Renault,Master,15 km,N/A,Manuell,Diesel,125 kW (170 PS),7l/100km,203g CO2/km (WLTP,47.569
Renault,Master,15 km,02/2025,Manuell,Diesel,125 kW (170 PS),7l/100km,203g CO2/km (WLTP,48.486
Renault,Master,15 km,N/A,Manuell,Diesel,125 kW (170 PS),7l/100km,203g CO2/km (WLTP,47.097
Renault,Master,15 km,N/A,Manuell,Diesel,125 kW (170 PS),7l/100km,203g CO2/km (WLTP,49.198
Renault,Master,50 km,02/2025,Manuell,Diesel,125 kW (170 PS),6l/100km,198g CO2/km (WLTP,50.365
Renault,Master,50 km,02/2025,Manuell,Diesel,125 kW (170 PS),6l/100km,198g CO2/km (WLTP,49.911
Renault,Master,50 km,02/2025,Manuell,Diesel,125 kW (170 PS),6l/100km,198g CO2/km (WLTP,51.510
Volkswagen,Golf Variant,10 km,N/A,Manuell,Diesel,85 kW (116 PS),4l/100km,499g CO2/km (WLTP,30.819
Volkswagen,Tiguan,10 km,N/A,Automatik,Benzin,110 kW (150 PS),4l/100km,499g CO2/km (WLTP,57.458
Volkswagen,Tiguan,10 km,N/A,Automatik,Diesel,110 kW (150 PS),6l/100km,499g CO2/km (WLTP,55.567
Volkswagen,Tiguan,10 km,N/A,Automatik,Diesel,142 kW (190 PS),4l/100km,499g CO2/km (WLTP,61.718
Volkswagen,Tiguan,10 km,N/A,Automatik,Diesel,110 kW (150 PS),6l/100km,499g CO2/km (WLTP,56.981
Volkswagen,Tiguan,10 km,N/A,Automatik,Diesel,142 kW (190 PS),3l/100km,499g CO2/km (WLTP,65.458
Volkswagen,Tiguan,10 km,N/A,Automatik,Benzin,110 kW (150 PS),4l/100km,499g CO2/km (WLTP,53.457
Nissan,Qashqai,0 km,N/A,Automatik,Benzin,116 kW (158 PS),1l/100km,499g CO2/km (WLTP,41.901
Volkswagen,Golf,20 km,N/A,Manuell,Benzin,110 kW (150 PS),4l/100km,499g CO2/km (WLTP,38.009
Volkswagen,Golf Variant,10 km,N/A,Automatik,Benzin,110 kW (150 PS),4l/100km,499g CO2/km (WLTP,38.594
Volkswagen,Golf Variant,10 km,N/A,Automatik,Diesel,110 kW (150 PS),9l/100km,499g CO2/km (WLTP,43.158
Volkswagen,Golf Variant,10 km,N/A,Automatik,Diesel,110 kW (150 PS),9l/100km,499g CO2/km (WLTP,42.558
Volkswagen,Golf Variant,10 km,N/A,Automatik,Benzin,110 kW (150 PS),4l/100km,499g CO2/km (WLTP,38.477
Volkswagen,Touran,8 km,02/2025,Automatik,Benzin,110 kW (150 PS),5l/100km,148g CO2/km (WLTP,44.551
Volkswagen,T-Cross,0 km,N/A,Manuell,Benzin,85 kW (116 PS),7l/100km,499g CO2/km (WLTP,34.000
Nissan,Qashqai,0 km,N/A,Automatik,Benzin,116 kW (158 PS),4l/100km,499g CO2/km (WLTP,37.510
Seat,Arona,20 km,N/A,Automatik,Benzin,85 kW (116 PS),9l/100km,499g CO2/km (WLTP,30.758
Seat,Arona,20 km,N/A,Automatik,Benzin,85 kW (116 PS),9l/100km,499g CO2/km (WLTP,32.059
Volkswagen,Golf,10 km,N/A,Manuell,Benzin,110 kW (150 PS),4l/100km,499g CO2/km (WLTP,32.273
Nissan,Qashqai,0 km,N/A,Automatik,Benzin,116 kW (158 PS),1l/100km,499g CO2/km (WLTP,43.414
Nissan,Qashqai,0 km,N/A,Automatik,Benzin,116 kW (158 PS),1l/100km,499g CO2/km (WLTP,43.216
Nissan,Qashqai,0 km,N/A,Automatik,Benzin,116 kW (158 PS),1l/100km,499g CO2/km (WLTP,42.123
Nissan,Qashqai,0 km,N/A,Automatik,Benzin,116 kW (158 PS),1l/100km,499g CO2/km (WLTP,42.876
Nissan,Qashqai,0 km,N/A,Automatik,Benzin,116 kW (158 PS),1l/100km,499g CO2/km (WLTP,41.636
Nissan,Qashqai,0 km,N/A,Automatik,Benzin,116 kW (158 PS),1l/100km,499g CO2/km (WLTP,42.783
Nissan,Qashqai,0 km,N/A,Automatik,Benzin,116 kW (158 PS),1l/100km,499g CO2/km (WLTP,42.740
Nissan,Qashqai,0 km,N/A,Automatik,Benzin,116 kW (158 PS),1l/100km,499g CO2/km (WLTP,43.282
Nissan,Qashqai,0 km,N/A,Automatik,Benzin,116 kW (158 PS),1l/100km,499g CO2/km (WLTP,43.154
Nissan,Qashqai,0 km,N/A,Automatik,Benzin,116 kW (158 PS),1l/100km,499g CO2/km (WLTP,42.676
Nissan,Qashqai,0 km,N/A,Automatik,Benzin,116 kW (158 PS),1l/100km,499g CO2/km (WLTP,43.436
Nissan,Qashqai,0 km,N/A,Automatik,Benzin,116 kW (158 PS),1l/100km,499g CO2/km (WLTP,43.458
Nissan,Qashqai,0 km,N/A,Automatik,Benzin,116 kW (158 PS),1l/100km,499g CO2/km (WLTP,42.940
Volkswagen,Tiguan,20 km,N/A,Automatik,Diesel,142 kW (190 PS),4l/100km,499g CO2/km (WLTP,67.223
Audi,Q3,20 km,N/A,Automatik,Diesel,147 kW (200 PS),2l/100km,499g CO2/km (WLTP,58.271
Volkswagen,Golf,20 km,N/A,Automatik,Benzin,110 kW (150 PS),9l/100km,499g CO2/km (WLTP,39.634
Volkswagen,Golf,20 km,N/A,Automatik,Benzin,110 kW (150 PS),9l/100km,499g CO2/km (WLTP,41.057
Volkswagen,Touareg,15 km,N/A,Automatik,Diesel,210 kW (286 PS),7l/100km,499g CO2/km (WLTP,112.784
Skoda,Fabia,0 km,N/A,Manuell,Benzin,70 kW (95 PS),1l/100km,499g CO2/km (WLTP,24.256
Skoda,Fabia,0 km,N/A,Manuell,Benzin,70 kW (95 PS),1l/100km,499g CO2/km (WLTP,21.763
Skoda,Fabia,0 km,N/A,Manuell,Benzin,70 kW (95 PS),1l/100km,499g CO2/km (WLTP,24.011
Ford,Focus,0 km,N/A,Manuell,Benzin,92 kW (125 PS),1l/100km,499g CO2/km (WLTP,29.569
Volkswagen,T-Roc,20 km,N/A,Automatik,Benzin,110 kW (150 PS),5l/100km,499g CO2/km (WLTP,44.602
Volkswagen,Caddy,10 km,N/A,Manuell,Diesel,90 kW (122 PS),4l/100km,499g CO2/km (WLTP,39.858
Seat,Ibiza,20 km,N/A,Manuell,Benzin,85 kW (116 PS),3l/100km,499g CO2/km (WLTP,25.900
Volkswagen,Caddy,10 km,N/A,Manuell,Diesel,75 kW (102 PS),3l/100km,499g CO2/km (WLTP,34.141
Volkswagen,Caddy,10 km,N/A,Manuell,Diesel,75 kW (102 PS),3l/100km,499g CO2/km (WLTP,35.758
Volkswagen,Caddy,10 km,N/A,Automatik,Diesel,90 kW (122 PS),5l/100km,499g CO2/km (WLTP,40.658
Seat,Ibiza,20 km,N/A,Manuell,Benzin,85 kW (116 PS),3l/100km,499g CO2/km (WLTP,24.284
Volkswagen,Caddy,10 km,N/A,Automatik,Diesel,90 kW (122 PS),6l/100km,499g CO2/km (WLTP,38.528
Volkswagen,Caddy,10 km,N/A,Manuell,Diesel,90 kW (122 PS),4l/100km,499g CO2/km (WLTP,39.418
Skoda,Karoq,10 km,N/A,Automatik,Benzin,110 kW (150 PS),2l/100km,499g CO2/km (WLTP,42.141
Hyundai,i30,0 km,N/A,Automatik,Benzin,74 kW (99 PS),8l/100km,499g CO2/km (WLTP,31.325
Skoda,Karoq,0 km,01/2025,Automatik,Benzin,110 kW (150 PS),4l/100km,499g CO2/km (WLTP,40.500
Hyundai,i30,0 km,N/A,Manuell,Benzin,74 kW (99 PS),6l/100km,499g CO2/km (WLTP,26.435
Volkswagen,Caddy,10 km,01/2025,Automatik,Diesel,90 kW (122 PS),7l/100km,499g CO2/km (WLTP,50.560
Audi,Q3,20 km,N/A,Automatik,Diesel,147 kW (200 PS),2l/100km,499g CO2/km (WLTP,61.767
Audi,Q3,20 km,N/A,Automatik,Diesel,147 kW (200 PS),2l/100km,499g CO2/km (WLTP,62.118
Volkswagen,Golf Variant,10 km,N/A,Automatik,Diesel,110 kW (150 PS),7l/100km,499g CO2/km (WLTP,38.335
Volkswagen,Golf GTI,20 km,N/A,Automatik,Benzin,180 kW (245 PS),1l/100km,499g CO2/km (WLTP,58.196
Skoda,Karoq,10 km,N/A,Manuell,Benzin,110 kW (150 PS),1l/100km,499g CO2/km (WLTP,37.604
Skoda,Karoq,10 km,N/A,Automatik,Diesel,110 kW (150 PS),5l/100km,499g CO2/km (WLTP,44.051
Volkswagen,Golf Variant,10 km,N/A,Manuell,Diesel,85 kW (116 PS),4l/100km,499g CO2/km (WLTP,34.631
Volkswagen,Golf GTI,20 km,N/A,Automatik,Benzin,180 kW (245 PS),1l/100km,499g CO2/km (WLTP,54.954
Volkswagen,T-Roc,20 km,N/A,Manuell,Benzin,110 kW (150 PS),2l/100km,499g CO2/km (WLTP,36.252
Skoda,Karoq,10 km,N/A,Manuell,Diesel,85 kW (116 PS),7l/100km,499g CO2/km (WLTP,37.861
Volkswagen,Golf Variant,10 km,N/A,Manuell,Benzin,110 kW (150 PS),5l/100km,499g CO2/km (WLTP,32.991
Volkswagen,Golf Variant,10 km,N/A,Automatik,Benzin,110 kW (150 PS),4l/100km,499g CO2/km (WLTP,37.058
Volkswagen,Golf Variant,10 km,N/A,Automatik,Benzin,110 kW (150 PS),3l/100km,499g CO2/km (WLTP,36.158
Volkswagen,Golf Variant,10 km,N/A,Manuell,Benzin,110 kW (150 PS),5l/100km,499g CO2/km (WLTP,33.958
Nissan,Juke,10 km,N/A,Automatik,Benzin,84 kW (114 PS),1l/100km,499g CO2/km (WLTP,26.589
Volkswagen,Golf Variant,10 km,N/A,Manuell,Diesel,85 kW (116 PS),4l/100km,499g CO2/km (WLTP,33.525
Skoda,Octavia,15 km,N/A,Automatik,Benzin,110 kW (150 PS),5l/100km,499g CO2/km (WLTP,38.837
Volkswagen,Golf,20 km,N/A,Automatik,Benzin,110 kW (150 PS),9l/100km,499g CO2/km (WLTP,39.935
Volkswagen,Golf,20 km,N/A,Automatik,Benzin,110 kW (150 PS),9l/100km,499g CO2/km (WLTP,40.494
Skoda,Fabia,20 km,N/A,Manuell,Benzin,59 kW (80 PS),4l/100km,499g CO2/km (WLTP,21.913
Skoda,Fabia,20 km,N/A,Manuell,Benzin,59 kW (80 PS),4l/100km,499g CO2/km (WLTP,21.900
Skoda,Fabia,20 km,N/A,Manuell,Benzin,59 kW (80 PS),4l/100km,499g CO2/km (WLTP,21.896
Volkswagen,Golf Variant,10 km,N/A,Automatik,Diesel,110 kW (150 PS),7l/100km,499g CO2/km (WLTP,39.858
Volkswagen,Golf Variant,10 km,N/A,Automatik,Diesel,110 kW (150 PS),8l/100km,499g CO2/km (WLTP,41.792
Volkswagen,T-Roc,20 km,N/A,Automatik,Benzin,110 kW (150 PS),5l/100km,499g CO2/km (WLTP,40.658
Skoda,Karoq,10 km,N/A,Automatik,Diesel,110 kW (150 PS),1l/100km,499g CO2/km (WLTP,42.746
Skoda,Karoq,10 km,N/A,Automatik,Benzin,110 kW (150 PS),2l/100km,499g CO2/km (WLTP,39.914
Volkswagen,Golf Variant,10 km,N/A,Automatik,Benzin,110 kW (150 PS),3l/100km,499g CO2/km (WLTP,35.206
Nissan,Juke,10 km,N/A,Manuell,Benzin,84 kW (114 PS),9l/100km,499g CO2/km (WLTP,26.029
Skoda,Karoq,10 km,N/A,Automatik,Benzin,110 kW (150 PS),2l/100km,499g CO2/km (WLTP,44.658
Skoda,Karoq,10 km,N/A,Automatik,Diesel,110 kW (150 PS),1l/100km,499g CO2/km (WLTP,43.514
Skoda,Octavia,15 km,N/A,Automatik,Benzin,110 kW (150 PS),1l/100km,499g CO2/km (WLTP,41.718
Skoda,Fabia,20 km,N/A,Manuell,Benzin,59 kW (80 PS),4l/100km,499g CO2/km (WLTP,22.118
Maxus,Deliver 9,10 km,N/A,Manuell,Diesel,109 kW (148 PS),7l/100km,254g CO2/km (WLTP,29.789
Ford,F 150,10 km,N/A,Automatik,Benzin,298 kW (405 PS),37l/100km,342g CO2/km (WLTP,96.750
Suzuki,Vitara,0 km,N/A,Manuell,Benzin,95 kW (129 PS),3l/100km,499g CO2/km (WLTP,28.708
Volkswagen,Tiguan,0 km,N/A,Automatik,Benzin,110 kW (150 PS),2l/100km,499g CO2/km (WLTP,45.991
Volkswagen,Tiguan,0 km,N/A,Automatik,Benzin,110 kW (150 PS),2l/100km,499g CO2/km (WLTP,45.847
Volkswagen,T-Cross,0 km,N/A,Automatik,Benzin,85 kW (116 PS),8l/100km,499g CO2/km (WLTP,34.159
Volkswagen,Golf Variant,20 km,N/A,Manuell,Benzin,110 kW (150 PS),9l/100km,499g CO2/km (WLTP,38.723
Skoda,Fabia,15 km,N/A,Manuell,Benzin,70 kW (95 PS),1l/100km,499g CO2/km (WLTP,23.065
Skoda,Octavia,10 km,N/A,Automatik,Benzin,85 kW (116 PS),5l/100km,499g CO2/km (WLTP,30.406
Volkswagen,Golf Variant,20 km,N/A,Manuell,Benzin,110 kW (150 PS),9l/100km,499g CO2/km (WLTP,37.310
Volkswagen,Golf Variant,20 km,N/A,Manuell,Benzin,110 kW (150 PS),9l/100km,499g CO2/km (WLTP,38.295
Volkswagen,Golf Variant,20 km,N/A,Manuell,Benzin,110 kW (150 PS),9l/100km,499g CO2/km (WLTP,38.482
Volkswagen,Tiguan,10 km,N/A,Automatik,Benzin,110 kW (150 PS),2l/100km,499g CO2/km (WLTP,49.858
Skoda,Octavia,15 km,N/A,Automatik,Benzin,110 kW (150 PS),5l/100km,499g CO2/km (WLTP,39.253
Skoda,Octavia,10 km,N/A,Manuell,Benzin,110 kW (150 PS),4l/100km,499g CO2/km (WLTP,34.725
Skoda,Octavia,10 km,N/A,Automatik,Benzin,85 kW (116 PS),5l/100km,499g CO2/km (WLTP,35.144
Skoda,Octavia,10 km,N/A,Manuell,Benzin,85 kW (116 PS),2l/100km,499g CO2/km (WLTP,27.828
Volkswagen,Caddy,10 km,N/A,Manuell,Diesel,90 kW (122 PS),4l/100km,499g CO2/km (WLTP,46.258
Seat,Arona,20 km,N/A,Manuell,Benzin,85 kW (116 PS),6l/100km,499g CO2/km (WLTP,26.201
Skoda,Fabia,15 km,N/A,Manuell,Benzin,70 kW (95 PS),1l/100km,499g CO2/km (WLTP,25.222
Seat,Arona,20 km,N/A,Manuell,Benzin,85 kW (116 PS),6l/100km,499g CO2/km (WLTP,26.675
Skoda,Fabia,15 km,N/A,Manuell,Benzin,70 kW (95 PS),1l/100km,499g CO2/km (WLTP,25.075
Volkswagen,Tiguan,10 km,N/A,Automatik,Diesel,110 kW (150 PS),4l/100km,499g CO2/km (WLTP,52.907
Skoda,Octavia,10 km,N/A,Automatik,Benzin,110 kW (150 PS),5l/100km,499g CO2/km (WLTP,36.583
Skoda,Octavia,10 km,N/A,Automatik,Diesel,110 kW (150 PS),7l/100km,499g CO2/km (WLTP,44.448
Skoda,Octavia,10 km,N/A,Automatik,Diesel,110 kW (150 PS),5l/100km,499g CO2/km (WLTP,38.660
Skoda,Octavia,10 km,N/A,Automatik,Benzin,110 kW (150 PS),2l/100km,499g CO2/km (WLTP,41.649
Skoda,Octavia,10 km,N/A,Automatik,Benzin,110 kW (150 PS),5l/100km,499g CO2/km (WLTP,31.349
Skoda,Fabia,15 km,N/A,Manuell,Benzin,70 kW (95 PS),5l/100km,499g CO2/km (WLTP,23.214
Volkswagen,Golf Variant,20 km,N/A,Manuell,Benzin,110 kW (150 PS),9l/100km,499g CO2/km (WLTP,38.097
Volkswagen,Golf Variant,20 km,N/A,Manuell,Benzin,110 kW (150 PS),9l/100km,499g CO2/km (WLTP,38.835
Skoda,Octavia,0 km,N/A,Manuell,Diesel,85 kW (116 PS),7l/100km,499g CO2/km (WLTP,32.657
Skoda,Octavia,0 km,N/A,Automatik,Benzin,110 kW (150 PS),4l/100km,499g CO2/km (WLTP,39.344
Skoda,Octavia,0 km,N/A,Automatik,Diesel,110 kW (150 PS),9l/100km,499g CO2/km (WLTP,45.490
Skoda,Octavia,0 km,N/A,Manuell,Benzin,85 kW (116 PS),8l/100km,499g CO2/km (WLTP,33.073
Skoda,Octavia,0 km,N/A,Automatik,Benzin,85 kW (116 PS),5l/100km,499g CO2/km (WLTP,35.273
Skoda,Octavia,0 km,N/A,Automatik,Diesel,110 kW (150 PS),9l/100km,499g CO2/km (WLTP,41.951
Skoda,Octavia,0 km,N/A,Automatik,Diesel,110 kW (150 PS),9l/100km,499g CO2/km (WLTP,40.221
Skoda,Octavia,0 km,N/A,Automatik,Benzin,110 kW (150 PS),4l/100km,499g CO2/km (WLTP,41.592
Skoda,Octavia,0 km,N/A,Automatik,Benzin,110 kW (150 PS),4l/100km,499g CO2/km (WLTP,35.039
Skoda,Octavia,0 km,N/A,Manuell,Benzin,85 kW (116 PS),8l/100km,499g CO2/km (WLTP,31.169
Skoda,Octavia,0 km,N/A,Manuell,Benzin,110 kW (150 PS),9l/100km,499g CO2/km (WLTP,31.796
Skoda,Octavia,0 km,N/A,Automatik,Diesel,110 kW (150 PS),9l/100km,499g CO2/km (WLTP,35.696
Skoda,Octavia,0 km,N/A,Automatik,Benzin,85 kW (116 PS),5l/100km,499g CO2/km (WLTP,28.571
Skoda,Octavia,0 km,N/A,Manuell,Benzin,85 kW (116 PS),8l/100km,499g CO2/km (WLTP,29.481
Skoda,Octavia,0 km,N/A,Automatik,Benzin,110 kW (150 PS),4l/100km,499g CO2/km (WLTP,35.487
Skoda,Octavia,0 km,N/A,Manuell,Benzin,110 kW (150 PS),9l/100km,499g CO2/km (WLTP,37.865
Skoda,Octavia,0 km,N/A,Manuell,Benzin,110 kW (150 PS),9l/100km,499g CO2/km (WLTP,31.808
Skoda,Octavia,0 km,N/A,Automatik,Benzin,110 kW (150 PS),4l/100km,499g CO2/km (WLTP,37.732
Skoda,Octavia,0 km,N/A,Automatik,Benzin,85 kW (116 PS),5l/100km,499g CO2/km (WLTP,34.960
Skoda,Octavia,0 km,N/A,Manuell,Benzin,110 kW (150 PS),9l/100km,499g CO2/km (WLTP,29.082
Skoda,Octavia,0 km,N/A,Manuell,Diesel,85 kW (116 PS),7l/100km,499g CO2/km (WLTP,30.724
Skoda,Octavia,0 km,N/A,Manuell,Benzin,85 kW (116 PS),8l/100km,499g CO2/km (WLTP,26.964
Skoda,Octavia,0 km,N/A,Automatik,Benzin,110 kW (150 PS),4l/100km,499g CO2/km (WLTP,41.466
Skoda,Octavia,0 km,N/A,Automatik,Benzin,110 kW (150 PS),4l/100km,499g CO2/km (WLTP,37.571
Skoda,Octavia,0 km,N/A,Manuell,Benzin,85 kW (116 PS),8l/100km,499g CO2/km (WLTP,29.107
Skoda,Octavia,0 km,N/A,Automatik,Diesel,110 kW (150 PS),9l/100km,499g CO2/km (WLTP,42.043
Skoda,Octavia,0 km,N/A,Manuell,Benzin,110 kW (150 PS),9l/100km,499g CO2/km (WLTP,31.869
Skoda,Octavia,0 km,N/A,Automatik,Benzin,85 kW (116 PS),5l/100km,499g CO2/km (WLTP,30.238
Skoda,Octavia,0 km,N/A,Manuell,Benzin,110 kW (150 PS),9l/100km,499g CO2/km (WLTP,27.688
Skoda,Octavia,0 km,N/A,Manuell,Benzin,110 kW (150 PS),9l/100km,499g CO2/km (WLTP,37.201
Skoda,Octavia,0 km,N/A,Automatik,Benzin,110 kW (150 PS),4l/100km,499g CO2/km (WLTP,38.945
Skoda,Octavia,0 km,N/A,Manuell,Diesel,85 kW (116 PS),7l/100km,499g CO2/km (WLTP,36.984
Skoda,Octavia,0 km,N/A,Automatik,Diesel,110 kW (150 PS),9l/100km,499g CO2/km (WLTP,41.885
Skoda,Octavia,0 km,N/A,Automatik,Diesel,110 kW (150 PS),9l/100km,499g CO2/km (WLTP,39.758
Skoda,Octavia,0 km,N/A,Manuell,Benzin,110 kW (150 PS),9l/100km,499g CO2/km (WLTP,31.305
Skoda,Octavia,0 km,N/A,Automatik,Benzin,110 kW (150 PS),4l/100km,499g CO2/km (WLTP,33.250
Skoda,Octavia,0 km,N/A,Automatik,Benzin,85 kW (116 PS),5l/100km,499g CO2/km (WLTP,32.089
Skoda,Octavia,0 km,N/A,Automatik,Benzin,110 kW (150 PS),4l/100km,499g CO2/km (WLTP,32.447
Skoda,Octavia,0 km,N/A,Manuell,Diesel,85 kW (116 PS),7l/100km,499g CO2/km (WLTP,37.557
Skoda,Octavia,0 km,N/A,Manuell,Benzin,85 kW (116 PS),8l/100km,499g CO2/km (WLTP,28.373
Skoda,Octavia,0 km,N/A,Manuell,Benzin,85 kW (116 PS),8l/100km,499g CO2/km (WLTP,24.863
Ford,Kuga,0 km,N/A,Manuell,Benzin,110 kW (150 PS),2l/100km,499g CO2/km (WLTP,36.808
Skoda,Octavia,0 km,N/A,Automatik,Benzin,110 kW (150 PS),4l/100km,499g CO2/km (WLTP,28.710
Skoda,Octavia,0 km,N/A,Manuell,Benzin,110 kW (150 PS),9l/100km,499g CO2/km (WLTP,35.772
Skoda,Octavia,0 km,N/A,Manuell,Benzin,85 kW (116 PS),8l/100km,499g CO2/km (WLTP,32.258
Skoda,Octavia,0 km,N/A,Manuell,Diesel,85 kW (116 PS),7l/100km,499g CO2/km (WLTP,35.574
Skoda,Octavia,0 km,N/A,Automatik,Benzin,110 kW (150 PS),4l/100km,499g CO2/km (WLTP,40.034
Skoda,Octavia,0 km,N/A,Automatik,Diesel,110 kW (150 PS),9l/100km,499g CO2/km (WLTP,41.561
Skoda,Octavia,0 km,N/A,Automatik,Benzin,85 kW (116 PS),5l/100km,499g CO2/km (WLTP,30.180
Skoda,Octavia,0 km,N/A,Automatik,Diesel,110 kW (150 PS),9l/100km,499g CO2/km (WLTP,35.552
Skoda,Octavia,0 km,N/A,Automatik,Benzin,85 kW (116 PS),5l/100km,499g CO2/km (WLTP,32.296
Skoda,Octavia,0 km,N/A,Manuell,Diesel,85 kW (116 PS),7l/100km,499g CO2/km (WLTP,32.901
Skoda,Octavia,0 km,N/A,Automatik,Diesel,110 kW (150 PS),9l/100km,499g CO2/km (WLTP,37.788
Skoda,Octavia,0 km,N/A,Manuell,Benzin,110 kW (150 PS),9l/100km,499g CO2/km (WLTP,37.761
Skoda,Octavia,0 km,N/A,Automatik,Benzin,110 kW (150 PS),4l/100km,499g CO2/km (WLTP,38.416
Skoda,Octavia,0 km,N/A,Manuell,Diesel,85 kW (116 PS),7l/100km,499g CO2/km (WLTP,27.550
Skoda,Octavia,0 km,N/A,Automatik,Benzin,110 kW (150 PS),4l/100km,499g CO2/km (WLTP,33.528
Skoda,Octavia,0 km,N/A,Manuell,Benzin,110 kW (150 PS),9l/100km,499g CO2/km (WLTP,37.540
Skoda,Octavia,0 km,N/A,Automatik,Diesel,110 kW (150 PS),9l/100km,499g CO2/km (WLTP,40.083
Skoda,Octavia,0 km,N/A,Manuell,Diesel,85 kW (116 PS),7l/100km,499g CO2/km (WLTP,36.162
Skoda,Octavia,0 km,N/A,Manuell,Benzin,110 kW (150 PS),9l/100km,499g CO2/km (WLTP,39.604
Skoda,Octavia,0 km,N/A,Automatik,Diesel,110 kW (150 PS),9l/100km,499g CO2/km (WLTP,38.418
Skoda,Octavia,0 km,N/A,Manuell,Diesel,85 kW (116 PS),7l/100km,499g CO2/km (WLTP,29.752
Skoda,Octavia,15 km,N/A,Automatik,Benzin,110 kW (150 PS),5l/100km,499g CO2/km (WLTP,41.635
Skoda,Octavia,10 km,N/A,Automatik,Benzin,85 kW (116 PS),1l/100km,499g CO2/km (WLTP,29.419
Skoda,Octavia,10 km,N/A,Automatik,Benzin,110 kW (150 PS),1l/100km,499g CO2/km (WLTP,31.773
Volkswagen,Caddy,10 km,N/A,Manuell,Diesel,75 kW (102 PS),5l/100km,499g CO2/km (WLTP,34.282
Volkswagen,Caddy,10 km,N/A,Manuell,Diesel,75 kW (102 PS),6l/100km,499g CO2/km (WLTP,36.217
Volkswagen,Caddy,10 km,N/A,Automatik,Diesel,90 kW (122 PS),7l/100km,499g CO2/km (WLTP,38.308
Volkswagen,T-Roc,20 km,N/A,Automatik,Benzin,140 kW (190 PS),3l/100km,499g CO2/km (WLTP,47.679
Skoda,Octavia,10 km,N/A,Manuell,Benzin,85 kW (116 PS),4l/100km,499g CO2/km (WLTP,28.079
Skoda,Fabia,0 km,N/A,Manuell,Benzin,70 kW (95 PS),1l/100km,499g CO2/km (WLTP,20.495
Volkswagen,T-Roc,10 km,N/A,Automatik,Benzin,110 kW (150 PS),1l/100km,499g CO2/km (WLTP,39.810
Seat,Leon,10 km,N/A,Automatik,Diesel,110 kW (150 PS),9l/100km,499g CO2/km (WLTP,38.484
Skoda,Octavia,10 km,N/A,Automatik,Diesel,110 kW (150 PS),7l/100km,499g CO2/km (WLTP,45.661
Volkswagen,Golf Variant,20 km,N/A,Manuell,Benzin,110 kW (150 PS),9l/100km,499g CO2/km (WLTP,36.691
Skoda,Octavia,10 km,N/A,Automatik,Benzin,110 kW (150 PS),2l/100km,499g CO2/km (WLTP,42.592
Volkswagen,Caddy,10 km,N/A,Automatik,Diesel,90 kW (122 PS),7l/100km,499g CO2/km (WLTP,43.651
Kia,cee'd Sportswagon,10 km,03/2025,Automatik,Benzin,103 kW (140 PS),3l/100km,499g CO2/km (WLTP,25.658
Volkswagen,Golf Variant,20 km,N/A,Manuell,Benzin,110 kW (150 PS),9l/100km,499g CO2/km (WLTP,39.597
Volkswagen,T-Roc,10 km,N/A,Automatik,Benzin,110 kW (150 PS),3l/100km,499g CO2/km (WLTP,39.001
Volkswagen,T-Roc,10 km,N/A,Automatik,Benzin,140 kW (190 PS),6l/100km,499g CO2/km (WLTP,42.977
Volkswagen,T-Roc,10 km,N/A,Automatik,Diesel,110 kW (150 PS),5l/100km,499g CO2/km (WLTP,42.872
Volkswagen,Caddy,10 km,N/A,Manuell,Diesel,90 kW (122 PS),7l/100km,499g CO2/km (WLTP,45.018
Volkswagen,Golf,10 km,N/A,Automatik,Benzin,110 kW (150 PS),2l/100km,499g CO2/km (WLTP,35.858
Volkswagen,Golf,10 km,N/A,Manuell,Diesel,85 kW (116 PS),4l/100km,499g CO2/km (WLTP,29.510
Dacia,Sandero,10 km,N/A,Manuell,Benzin,67 kW (90 PS),2l/100km,499g CO2/km (WLTP,15.658
Skoda,Octavia,15 km,N/A,Automatik,Diesel,110 kW (150 PS),6l/100km,499g CO2/km (WLTP,42.643
Volkswagen,Golf GTI,20 km,N/A,Automatik,Benzin,180 kW (245 PS),1l/100km,499g CO2/km (WLTP,63.658
Volkswagen,Golf,10 km,N/A,Manuell,Benzin,110 kW (150 PS),4l/100km,499g CO2/km (WLTP,33.958
Volkswagen,Golf,10 km,N/A,Automatik,Diesel,110 kW (150 PS),5l/100km,499g CO2/km (WLTP,41.758
Volkswagen,Golf GTI,20 km,N/A,Automatik,Benzin,180 kW (245 PS),1l/100km,499g CO2/km (WLTP,59.069
Volkswagen,Golf,10 km,N/A,Automatik,Diesel,110 kW (150 PS),6l/100km,499g CO2/km (WLTP,42.258
Volkswagen,Golf,10 km,N/A,Automatik,Benzin,110 kW (150 PS),2l/100km,499g CO2/km (WLTP,33.007
Volkswagen,Golf,10 km,N/A,Manuell,Diesel,85 kW (116 PS),3l/100km,499g CO2/km (WLTP,32.736
Volkswagen,Golf,10 km,N/A,Manuell,Diesel,85 kW (116 PS),3l/100km,499g CO2/km (WLTP,33.758
Volkswagen,Golf,10 km,N/A,Automatik,Diesel,110 kW (150 PS),5l/100km,499g CO2/km (WLTP,36.720
Volkswagen,Golf,10 km,N/A,Manuell,Benzin,110 kW (150 PS),4l/100km,499g CO2/km (WLTP,31.213
Dacia,Sandero,10 km,N/A,Manuell,Benzin,67 kW (90 PS),3l/100km,499g CO2/km (WLTP,16.858
Skoda,Octavia,0 km,N/A,Automatik,Benzin,110 kW (150 PS),4l/100km,499g CO2/km (WLTP,37.104
Volkswagen,Caddy,0 km,N/A,Automatik,Diesel,90 kW (122 PS),6l/100km,499g CO2/km (WLTP,39.543
Volkswagen,Caddy,0 km,N/A,Automatik,Diesel,90 kW (122 PS),6l/100km,499g CO2/km (WLTP,35.397
Volkswagen,Caddy,0 km,N/A,Automatik,Diesel,90 kW (122 PS),6l/100km,499g CO2/km (WLTP,41.561
Volkswagen,Caddy,0 km,N/A,Manuell,Diesel,75 kW (102 PS),4l/100km,499g CO2/km (WLTP,34.236
Volkswagen,Caddy,0 km,N/A,Automatik,Diesel,90 kW (122 PS),6l/100km,499g CO2/km (WLTP,38.132
Volkswagen,Caddy,0 km,N/A,Manuell,Diesel,75 kW (102 PS),4l/100km,499g CO2/km (WLTP,35.458
Volkswagen,Caddy,0 km,N/A,Manuell,Diesel,75 kW (102 PS),4l/100km,499g CO2/km (WLTP,31.278
Seat,Arona,20 km,N/A,Automatik,Benzin,85 kW (116 PS),9l/100km,499g CO2/km (WLTP,32.309
Volkswagen,T-Roc,10 km,N/A,Automatik,Benzin,110 kW (150 PS),1l/100km,499g CO2/km (WLTP,43.171
Seat,Arona,20 km,N/A,Automatik,Benzin,85 kW (116 PS),9l/100km,499g CO2/km (WLTP,32.732
Seat,Arona,20 km,N/A,Automatik,Benzin,85 kW (116 PS),9l/100km,499g CO2/km (WLTP,31.414
Seat,Arona,20 km,N/A,Automatik,Benzin,85 kW (116 PS),9l/100km,499g CO2/km (WLTP,29.208
Seat,Arona,20 km,N/A,Automatik,Benzin,85 kW (116 PS),9l/100km,499g CO2/km (WLTP,31.101
Volkswagen,Golf Variant,20 km,N/A,Automatik,Benzin,110 kW (150 PS),6l/100km,499g CO2/km (WLTP,40.861
Skoda,Fabia,0 km,N/A,Manuell,Benzin,70 kW (95 PS),1l/100km,499g CO2/km (WLTP,20.931
Skoda,Fabia,0 km,N/A,Manuell,Benzin,70 kW (95 PS),1l/100km,499g CO2/km (WLTP,21.366
Volkswagen,Caddy,0 km,N/A,Automatik,Diesel,90 kW (122 PS),7l/100km,499g CO2/km (WLTP,39.318
Skoda,Fabia,10 km,N/A,Manuell,Benzin,59 kW (80 PS),1l/100km,499g CO2/km (WLTP,21.201
Skoda,Octavia,30 km,N/A,Automatik,Benzin,110 kW (150 PS),9l/100km,499g CO2/km (WLTP,38.837
Skoda,Octavia,30 km,N/A,Automatik,Benzin,110 kW (150 PS),5l/100km,499g CO2/km (WLTP,40.622
Hyundai,i30,20 km,N/A,Automatik,Benzin,74 kW (99 PS),6l/100km,499g CO2/km (WLTP,28.559
Hyundai,i30,20 km,N/A,Automatik,Benzin,74 kW (99 PS),6l/100km,499g CO2/km (WLTP,28.886
Hyundai,i30,10 km,N/A,Manuell,Benzin,71 kW (99 PS),3l/100km,499g CO2/km (WLTP,27.647
Skoda,Octavia,10 km,N/A,Automatik,Benzin,180 kW (245 PS),7l/100km,499g CO2/km (WLTP,50.080
Skoda,Karoq,20 km,N/A,Automatik,Benzin,110 kW (150 PS),2l/100km,499g CO2/km (WLTP,41.097
Hyundai,i30,20 km,N/A,Automatik,Benzin,74 kW (99 PS),6l/100km,499g CO2/km (WLTP,28.618
Hyundai,i30,20 km,N/A,Automatik,Benzin,74 kW (99 PS),6l/100km,499g CO2/km (WLTP,29.220
Skoda,Octavia,30 km,N/A,Automatik,Benzin,110 kW (150 PS),5l/100km,499g CO2/km (WLTP,36.111
Skoda,Octavia,30 km,N/A,Automatik,Benzin,110 kW (150 PS),9l/100km,499g CO2/km (WLTP,35.106
Skoda,Octavia,10 km,N/A,Automatik,Diesel,110 kW (150 PS),5l/100km,499g CO2/km (WLTP,40.459
Skoda,Fabia,10 km,N/A,Manuell,Benzin,59 kW (80 PS),1l/100km,499g CO2/km (WLTP,20.883
Hyundai,i30,10 km,N/A,Manuell,Benzin,71 kW (99 PS),3l/100km,499g CO2/km (WLTP,28.938
Skoda,Karoq,20 km,N/A,Automatik,Benzin,110 kW (150 PS),2l/100km,499g CO2/km (WLTP,40.643
Skoda,Fabia,10 km,N/A,Manuell,Benzin,59 kW (80 PS),1l/100km,499g CO2/km (WLTP,21.000
Skoda,Fabia,10 km,N/A,Manuell,Benzin,59 kW (80 PS),1l/100km,499g CO2/km (WLTP,20.915
Volkswagen,Caddy,10 km,N/A,Automatik,Diesel,90 kW (122 PS),6l/100km,499g CO2/km (WLTP,45.458
Volkswagen,Caddy,10 km,N/A,Manuell,Diesel,90 kW (122 PS),4l/100km,499g CO2/km (WLTP,45.658
Volkswagen,Caddy,10 km,N/A,Manuell,Diesel,75 kW (102 PS),4l/100km,499g CO2/km (WLTP,40.958
Kia,Stonic,0 km,N/A,Manuell,Benzin,62 kW (84 PS),1l/100km,499g CO2/km (WLTP,23.858
Dacia,Sandero,0 km,N/A,Manuell,Benzin,67 kW (90 PS),3l/100km,499g CO2/km (WLTP,17.158
Dacia,Sandero,0 km,N/A,Automatik,Benzin,67 kW (90 PS),7l/100km,499g CO2/km (WLTP,18.658
Volkswagen,Caddy,0 km,N/A,Automatik,Diesel,90 kW (122 PS),7l/100km,499g CO2/km (WLTP,42.792
Volkswagen,Caddy,0 km,N/A,Manuell,Diesel,75 kW (102 PS),6l/100km,499g CO2/km (WLTP,33.018
Volkswagen,Caddy,0 km,N/A,Manuell,Diesel,75 kW (102 PS),6l/100km,499g CO2/km (WLTP,35.275
Volkswagen,Caddy,0 km,N/A,Manuell,Diesel,75 kW (102 PS),6l/100km,499g CO2/km (WLTP,36.999
Dacia,Sandero,0 km,N/A,Manuell,Benzin,67 kW (90 PS),3l/100km,499g CO2/km (WLTP,17.658
Dacia,Sandero,0 km,N/A,Automatik,Benzin,67 kW (90 PS),7l/100km,499g CO2/km (WLTP,17.358
Volkswagen,Caddy,0 km,N/A,Automatik,Diesel,90 kW (122 PS),7l/100km,499g CO2/km (WLTP,36.940
Volkswagen,Caddy,0 km,N/A,Automatik,Diesel,90 kW (122 PS),7l/100km,499g CO2/km (WLTP,40.480
Opel,Vivaro,50 km,N/A,Manuell,Diesel,106 kW (146 PS),4l/100km,194g CO2/km (WLTP,38.972
Opel,Vivaro,50 km,N/A,Manuell,Diesel,106 kW (146 PS),4l/100km,194g CO2/km (WLTP,39.920
Opel,Vivaro,50 km,N/A,Manuell,Diesel,106 kW (146 PS),4l/100km,194g CO2/km (WLTP,39.032
Opel,Vivaro,50 km,N/A,Manuell,Diesel,106 kW (146 PS),4l/100km,194g CO2/km (WLTP,38.818
Opel,Vivaro,50 km,N/A,Manuell,Diesel,106 kW (146 PS),4l/100km,194g CO2/km (WLTP,40.959
Opel,Vivaro,50 km,N/A,Manuell,Diesel,106 kW (146 PS),4l/100km,194g CO2/km (WLTP,40.329
Opel,Vivaro,50 km,N/A,Manuell,Diesel,106 kW (146 PS),4l/100km,194g CO2/km (WLTP,40.083
Opel,Vivaro,50 km,N/A,Manuell,Diesel,106 kW (146 PS),4l/100km,194g CO2/km (WLTP,39.401
Opel,Vivaro,50 km,N/A,Manuell,Diesel,106 kW (146 PS),4l/100km,194g CO2/km (WLTP,39.480
Opel,Vivaro,50 km,N/A,Manuell,Diesel,106 kW (146 PS),4l/100km,194g CO2/km (WLTP,42.645
Volkswagen,Tiguan,0 km,N/A,Automatik,Diesel,110 kW (150 PS),3l/100km,499g CO2/km (WLTP,49.695
Volkswagen,Tiguan,0 km,N/A,Automatik,Diesel,110 kW (150 PS),3l/100km,499g CO2/km (WLTP,47.958
Volkswagen,Tiguan,0 km,N/A,Automatik,Diesel,110 kW (150 PS),3l/100km,499g CO2/km (WLTP,53.158
Skoda,Karoq,0 km,N/A,Automatik,Diesel,110 kW (150 PS),4l/100km,499g CO2/km (WLTP,44.965
Skoda,Karoq,0 km,N/A,Automatik,Benzin,110 kW (150 PS),4l/100km,499g CO2/km (WLTP,34.158
