brand,model,car_info,user_text,price,price_evaluation,kilometer,gear,date,fuel,power,consumption,co2
Land,Rover Range Rover,P530 SV 23 Zoll LM Black/AHK,,159987,Ohne Bewertung,57226,,07/2023,Benzin,530,,
Mercedes-Benz,GLA 200,| Autom. | Memory| Navi| 18Zoll| Garantie,,16999,Ohne Bewertung,104343,,02/2015,Benzin,156,,
Mercedes-Benz,GLA 45 AMG,4Matic Edition 1 *Automatik*Navi*,,27555,Ohne Bewertung,79992,,05/2015,Benzin,360,,
Audi,e-tron,"50 Quattro AIR LEATHER MEM HEAT CAM 19""",,27750,Sehr guter Preis,84994,,01/2021,Elektro,313,,
Volkswagen,Tiguan,1.4 TSI Trend & Fun BlueMotion 6 Gang,,9499,Guter Preis,179000,,02/2014,Benzin,122,,
Opel,Mokka,Irmscher 1.2T AT NAVI Matrix Licht Winter-,,29990,Sehr guter Preis,10,,08/2023,,131,,
Volkswagen,Tiguan,1.4 TSI Comfortline LED Navi ACC Keyless,,19490,Guter Preis,96219,,12/2017,Benzin,150,,
Volkswagen,Tiguan,Comfortline Tiguan Comfortline BlueMotion,,21490,Erhöhter Preis,74730,,05/2017,Benzin,150,,
Mercedes-Benz,GLA 180,NAVI*CAM*XENON*PANO*SHZ*PDC*LEDER*I.HAND,,17490,Guter Preis,109000,,12/2015,Benzin,122,,
Audi,Q3,quattro NAVI LED PANO RFK Sitzh. TEMPOMAT Kli,,19440,Fairer Preis,108500,,11/2016,Benzin,179,,
Volkswagen,T-Roc,Sport 1.5 l TSI DSG+NAVI+LED+ACC+StHz,,19385,Fairer Preis,107000,,11/2018,Benzin,150,,
BMW,X1,sDrive18i Bi-Xenon Sitzheizung PDC Bluetooth,,13990,Ohne Bewertung,74434,,10/2013,Benzin,150,,
Volkswagen,Tiguan,4Motion DSG Navi Standheizung PDC vo.+hi.,,21739,Fairer Preis,92300,,12/2017,Benzin,179,,
BMW,X1,20 i sDrive Garantie*Leder*Navi*Bi-Xenon*,,13990,Ohne Bewertung,124492,,03/2014,Benzin,184,,
BMW,X5,xDrive30d M-Paket * Standhzg. * Memory,,29890,Fairer Preis,89987,,04/2015,Diesel,258,,
Volkswagen,T-Roc,2.0TSI 4Motion DSG Sport+LED+NAVI+TEMPO,,22650,Erhöhter Preis,63515,,06/2018,Benzin,190,,
Volkswagen,Tiguan,Comfortline SHZ.AHK.KAM.SPURH.ACC.TÜV NEU,,20490,Guter Preis,111460,,04/2018,Benzin,150,,
Audi,RSQ3,2.5 TFSI quattro S tronic,,22999,Ohne Bewertung,121000,,12/2014,Benzin,310,,
Volkswagen,Touran,*2.0 TDI*DSG*Comfortline*LED*SHZ*PDC*ACC*,,18690,Guter Preis,117151,,05/2017,Diesel,150,,
Volkswagen,T-Roc,Style 2.0TDI DSG 4M-ACC-NAVI-DAB-KLIMA-SHZ,,19491,Guter Preis,91520,,05/2018,Diesel,150,,
Audi,Q2,2.0 TFSI design quattro LED Navi PDC Tempomat,,20990,Fairer Preis,68852,,10/2017,Benzin,190,,
BMW,X4,xDrive28i M Sport*HUD*ACC*SD*F1*SPUR*TWA*360°,,29990,Sehr guter Preis,79000,,07/2018,Benzin,245,,
BMW,X3,"xDrive 20 d Steptronic/XENON/NAVI/AHK/18""ALU",,22899,Fairer Preis,89300,,03/2016,Diesel,190,,
Volkswagen,Tiguan Allspace,1.5TSI IQ.DRIVE+LED+NAVI+VIRTUAL,,23490,Fairer Preis,115085,,03/2020,Benzin,150,,
Volkswagen,Crafter,35 2.0 TDI Doka Kran HIAB 017 T,,28890,Ohne Bewertung,62052,,05/2015,Diesel,109,,
Audi,Q5,",3.0 TFSI  quattro,4x4!! 272hp, km 135.000!!",,16800,Ohne Bewertung,135000,,04/2014,Benzin,272,,
Volkswagen,T-Roc,1.5 TSI ACC Kamera Navi Standheizung Allwe,,23990,Fairer Preis,66993,,10/2019,Benzin,150,,
Mercedes-Benz,GLC 250,4M 9GT AMG DISTRONIC AHK 360°KAMERA SPUR,,29980,Fairer Preis,94500,,08/2017,Benzin,211,,
BMW,X5,Baureihe X5 M *Head-Up Display,,23999,Ohne Bewertung,121214,,02/2010,Benzin,555,,
Mercedes-Benz,GLK 200,CDI Temp/SHZ/Navi/Klima,,17450,Ohne Bewertung,104957,,03/2013,Diesel,143,,
Volkswagen,Touareg,3.0 V6 TDI SCR Blue Motion DPF Autom.,,30900,Erhöhter Preis,81000,,06/2017,Diesel,262,,
Audi,Q3,basis*1Hand*Led*Pdc*Tüv*Neu*,,13990,Sehr guter Preis,99999,,04/2015,Benzin,150,,
BMW,X1,Baureihe X1 sDrive 18 i Advantage Navi Pano SHZ,,18950,Fairer Preis,83000,,03/2019,Benzin,140,,
Audi,Q3,2.0 TFSI Quattro Stronic*Leder*Xenon*Navi*PDC,,15999,Sehr guter Preis,104000,,10/2016,Benzin,179,,
Volkswagen,Tiguan,Comfortline BMT*Allwetter*Tempomat*PDC*,,16950,Sehr guter Preis,85600,,10/2016,Diesel,150,,
Audi,Q3,1.4TFSI * Sitzhzg. * PDC * Keyless,,15490,Fairer Preis,136149,,10/2015,Benzin,150,,
Ford,Kuga,1.5EB 4x4 Aut.Individual+XENON+NAVI+PANO,,15900,Fairer Preis,97038,,04/2016,Benzin,182,,
Mercedes-Benz,GLC 220,d 4M 9G-tronic Exclusive+LED+NAVI+LEDER,,28500,Fairer Preis,101485,,09/2018,Diesel,170,,
Volkswagen,Tiguan,Highline R-Line/AHK/Massage/ab 249 € m.,,25900,Fairer Preis,103000,,12/2017,Diesel,190,,
Audi,Q5,2.0TDI quattro S-tronic basis+XENON+NAVI,,24450,Erhöhter Preis,121500,,06/2017,Diesel,190,,
BMW,X3,xDrive20d*LCI*BI-XENON*NAVI*LEDER*SHZ*AHK*,,19790,Guter Preis,136000,,11/2016,Diesel,190,,
Audi,Q5,"2.0 TFSIquattro,19""S-Line Alu,Alcantara,Xenon",,15990,Ohne Bewertung,98888,,04/2010,Benzin,211,,
Audi,Q2,"S-Line 1.4 TFSI S-tronic / MMI-Navi, LED, RFK",,17980,Sehr guter Preis,87500,,01/2018,Benzin,150,,
Lincoln,Navigator,7 Sitzer Automatik+Leder+Navi+Kamera,,17980,Ohne Bewertung,91500,,06/2012,Benzin,305,,
Mercedes-Benz,GLA 180,KLIMA+LEDER+NAV+LED+EINPARKHILFE+ALU+TOP,,15890,Fairer Preis,140500,,04/2017,Benzin,122,,
BMW,X1,18d xDrive PDC AHK SHZ Navi Klima 2.Hand,,13999,Ohne Bewertung,110800,,11/2013,Diesel,143,,
Volkswagen,Tiguan,1.5 TSI Join,,20480,Sehr guter Preis,49800,,01/2019,Benzin,131,,
Volkswagen,Tiguan Allspace,COMFORTLINE TDI 150,,23730,Guter Preis,88147,,05/2020,Diesel,150,,
Ford,Kuga,ST-Line Technologie-P.2 AHK Keyfree-P. ACC,,19490,Guter Preis,108742,,03/2018,Benzin,242,,
BMW,X4,xDrive20d xLine*Schiebedach*Head-UP Display,,26980,Sehr guter Preis,115000,,12/2017,Diesel,190,,
Volkswagen,T-Roc,1.5 TSI DSG United LED AHK Standhzg.,,22255,Guter Preis,80950,,10/2020,Benzin,150,,
Volkswagen,Tiguan,Lounge Sport & Style BMT 2.0 TDI 4Motion,,14999,Guter Preis,124000,,02/2016,Diesel,184,,
BMW,X2,"sDrive 20iA M-SPORT X LED NAVI PARKASSIST 19""",,25900,Guter Preis,68500,,06/2019,Benzin,192,,
BMW,X1,sDrive20i Sport*H.UP*SHZ*LED*TEMPOM*GARANTIE*,,25950,Guter Preis,75242,,12/2019,Benzin,192,,
Mercedes-Benz,GLC 43 AMG,4matic LED Pano Headup 360 Cam Comand,,33900,Guter Preis,80000,,10/2016,Benzin,367,,
BMW,X3,xDrive 35d M Sport LED ACC Pano Head-Up AHK,,31990,Fairer Preis,123848,,04/2017,Diesel,313,,
Volkswagen,T-Roc,"R 2.0TSI 4M DSG / Navi, LED, AHK, RFK, ACC",,27290,Fairer Preis,79000,,02/2020,Benzin,300,,
Audi,Q3,2.0 TDI Quattro/AHK/1.Hand/199 € mtl.,,15900,Ohne Bewertung,109000,,03/2013,Diesel,140,,
Volkswagen,Tiguan,2.0 TSI DSG 4MOTION LIFE+1.HAND+Bi-XENON+,,17990,Ohne Bewertung,93769,,10/2013,Benzin,211,,
Mercedes-Benz,GL 350,"BLUETEC, 4 MATIC, EURO 6, Automatik",,21850,Ohne Bewertung,142508,,07/2010,Diesel,211,,
Mercedes-Benz,GLA 200,GLA200 AMG *PANORAMA*KAMERA*COMAND*AUTOMATIK*,,21445,Ohne Bewertung,96200,,07/2014,Benzin,156,,
Volkswagen,T-Roc,"Sport R-LINE/LED/PANORAMA/VIRTUAL/19""ALU",,25988,Fairer Preis,76725,,09/2020,Benzin,150,,
Volkswagen,Tiguan Allspace,1.5 TSI 7 Sitze AHK STHZG PANO,,27740,Guter Preis,87310,,11/2020,Benzin,150,,
Audi,Q5,2.0 TFSI quattro S-Tronic S-Line Kam ACC LED,,34490,Erhöhter Preis,77169,,01/2018,Benzin,252,,
BMW,X6,"xDrive50i M ""GLASDACH-NAVI-CAM-LEDER-SITZH""",,25890,Ohne Bewertung,86000,,07/2013,Benzin,408,,
BMW,X5,xDrive35i F15 PANORAM+HEAD+NAV+360°+HARM&KAD,,22900,Sehr guter Preis,86993,,07/2015,Benzin,306,,
Volkswagen,Tiguan,2.0 TSI Highline R-Line 4Motion LED Navi,,24990,Hoher Preis,99308,,08/2016,Benzin,179,,
Mercedes-Benz,GLA 200,Urban Bi-Xenon Navi Kamera Sitzheizung,,20990,Ohne Bewertung,91355,,03/2015,Benzin,156,,
Volkswagen,Tiguan Allspace,Highline Tiguan L 2.0 HL DT 176T,,31390,Guter Preis,97850,,11/2019,Diesel,239,,
Mercedes-Benz,GLA 200,StreetStyle Navi DSG Leder Glasdach Xeno,,20930,Fairer Preis,94475,,05/2015,Benzin,156,,
Volvo,XC60,T5 AWD Summum /AHK/Schiebedach/Kamera/,,26900,Fairer Preis,85000,,07/2017,Benzin,245,,
Mercedes-Benz,GLE 250,COMAND+LED+PANO+HARMAN+360+AHK+ACC+1.HD+,,31898,Guter Preis,126300,,07/2017,Diesel,204,,
BMW,X4,xDrive*Navi*Shz*Business Paket*Top,,24990,Fairer Preis,107437,,05/2015,Benzin,306,,
Volkswagen,Tiguan,Highline 4Motion*Navi*ACC*LED*Panorama*,,19990,Fairer Preis,100730,,08/2016,Benzin,179,,
Mercedes-Benz,GLK 250,"4M SPORTPAKET 360GRAD,COMAND,SPURPAKET",,26880,Ohne Bewertung,100000,,03/2014,Benzin,211,,
Volkswagen,Tiguan,HIGHLINE 2.0 TSI 4MOTION DSG +SHZ+NAV+AHK,,21490,Erhöhter Preis,99280,,12/2016,Benzin,179,,
Volkswagen,Tiguan,Highline 2.0 TDI DSG 4Motion /OFFROAD/AHK,,28990,Erhöhter Preis,48000,,02/2017,Diesel,190,,
Volkswagen,T-Roc,1.5 TSI DSG SPORT*LED*AHK*DIGITAL*NAVI*KAM,,22899,Guter Preis,58100,,02/2021,Benzin,150,,
Volkswagen,Tiguan,Highline BMT 4M AHK|STHZ|NAVI|KAMERA|ACC|,,23990,Fairer Preis,84100,,09/2016,Benzin,179,,
Volkswagen,Touareg,*PANORAMA*360°KAMERA*AHK*LUFTFE*MEMORY*R-,,25990,Fairer Preis,155000,,07/2015,Diesel,262,,
Volkswagen,Tiguan,2.0 TSI 4Motion DSG Sport & Style,,17400,Guter Preis,88122,,07/2015,Benzin,200,,
Volkswagen,Tiguan,1.5TSI Active+LED+CARPLAY+ACC+KAMERA,,22450,Guter Preis,93831,,11/2022,Benzin,150,,
Mercedes-Benz,GLA 200,AHK Bi-Xenon Kamera Navi Teilleder PDC,,21990,Fairer Preis,89972,,11/2015,Benzin,156,,
Audi,Q3,basis*8-fach*AHK*PDC*,,18450,Guter Preis,53800,,06/2016,Benzin,150,,
Volkswagen,Tiguan,2.0 TDI IQ.DRIVE|ACC|ParkPilot|el.AHK,,24300,Fairer Preis,84000,,12/2019,Diesel,150,,
Volkswagen,Tiguan,2.0 TSI DSG 4MOTION Highline | NAVI | ACC,,22580,Erhöhter Preis,92000,,04/2017,Benzin,179,,
Mercedes-Benz,GLA 200,AMG Line*PANO*KAMERA*1.HAND*NAVI*,,20990,Fairer Preis,82299,,06/2015,Benzin,156,,
Volkswagen,Tiguan,1.4 TSI Comfortline Virtual Cockpit AHK,,18990,Fairer Preis,86825,,08/2016,Benzin,150,,
Volkswagen,Tiguan,1.5TSI Aktiv+LED+CARPLAY+ACC+KAMERA,,21490,Guter Preis,91012,,12/2022,Benzin,131,,
Volkswagen,Tiguan,2x R Line 4x4 AHK Alcantara LED,,25799,Erhöhter Preis,95700,,02/2017,Benzin,220,,
Volkswagen,Tiguan,Comfortline BMT/4Motion Neue Mod.Digital,,18250,Fairer Preis,104000,,06/2016,Benzin,179,,
Mercedes-Benz,GLA 180,AMG Line Automatik NAVI Sitzheizung,,20722,Fairer Preis,96804,,03/2016,Benzin,122,,
Volkswagen,Tiguan,2.0 TSI 4Motion Sound LED Navi ACC,,22490,Fairer Preis,97049,,06/2017,Benzin,179,,
Dodge,Durango,"3.6 V6 7-SITZER/AHK/SHD/18""/72TKM",,22480,Sehr guter Preis,72335,,08/2017,Benzin,296,,
Opel,Mokka,X 1.4 Turbo INNOVATION (SCHIEBEDACH*LEDER),,16950,Ohne Bewertung,90884,,08/2017,Benzin,140,,
BMW,X3,xDrive 20i Advantage KLIMA+XENON+PDC+SITZHZG,,22450,Fairer Preis,85671,,06/2016,Benzin,184,,
BMW,X3,"20iA xDrive, 1.Hand, Panorama, AHK, Navi",,19850,Ohne Bewertung,80000,,04/2012,Benzin,184,,
BMW,X1,20i 184PS xDrive Automatik Sport Line Navi,,16749,Ohne Bewertung,97859,,11/2013,Benzin,184,,
Mercedes-Benz,GLA 200,*Style*Automatik*Bi-Xenon*Navi*Leder*,,17450,Ohne Bewertung,103000,,04/2014,Benzin,156,,
Volkswagen,Tiguan,2.0 TSI 4Motion DSG LED Navi Head-Up 360°,,22990,Erhöhter Preis,110588,,02/2017,Benzin,179,,
Volkswagen,Tiguan,Highline 2.0TSI 4Motion AHK PANO ACC VZE,,24490,Fairer Preis,85000,,04/2017,Benzin,179,,
Land,Rover Discovery Sport,DISCOVERY SPORT 7SITZ+NAV+XENON+KAMERA+ALLWETTER,,22890,Ohne Bewertung,93300,,05/2016,Diesel,150,,
Mercedes-Benz,GLC 250,GLC -Klasse GLC 250 d 4Matic,,26000,Guter Preis,127000,,10/2017,Diesel,204,,
Volkswagen,Tiguan,2.0 TSI DSG 4Mo. Highline ACTIVE-INFO LED,,22450,Fairer Preis,76550,,10/2016,Benzin,179,,
BMW,X1,xDrive20i A M Sport Aut. Panorama Klimaaut.,,22860,Fairer Preis,91880,,12/2016,Benzin,192,,
Volkswagen,Tiguan,R-Line 4Motion Nav SHZ ACC RFK Leder DSG,,25488,Fairer Preis,86500,,04/2017,Benzin,220,,
Hyundai,TUCSON,1.6 TGDI Passion 2WD Navi AHK Kamera 1.Hd,,17980,Guter Preis,94800,,03/2018,Benzin,177,,
BMW,X3,28i xDrive|Verkauf  an Händler/Export/Gewerbe,,16299,Ohne Bewertung,101196,,09/2013,Benzin,245,,
Mercedes-Benz,GLK 220,CDI BlueEfficiency 4Matic Xenon*Garantie,,17990,Ohne Bewertung,153227,,05/2014,Diesel,170,,
Volkswagen,Tiguan,1.4TSI Comfortline DSG Navi LED AHK,,18960,Guter Preis,81250,,09/2016,Benzin,150,,
Volkswagen,Tiguan,2.0 TDI SCR DSG Elegance *AHK*Standheizun,,24990,Fairer Preis,121209,,12/2020,Diesel,150,,
Mercedes-Benz,GLK 250,4Matic PANO NAVI AHK SHZ TEMPOMAT,,24999,Ohne Bewertung,117000,,03/2015,Benzin,211,,
Volkswagen,Tiguan,2.0 TSI Highline 4Motion,,19990,Erhöhter Preis,115000,,09/2016,Benzin,179,,
Volkswagen,Tiguan,1.4 TSI Comfortline LED Virtual Cockpit,,23950,Erhöhter Preis,79892,,03/2017,Benzin,150,,
Volkswagen,Tiguan,"AHK,LED,PDC,Kamera,Sitzheizung,Navi",,17350,Ohne Bewertung,99700,,09/2016,Benzin,125,,
Audi,Q2,35 1.5 TFSI S line LED Android Apple Tempomat,,24950,Fairer Preis,70974,,03/2021,Benzin,150,,
Volkswagen,Tiguan,1.4 TSI BMT Navi Spurhalte Sitzheizung,,21990,Erhöhter Preis,79192,,03/2017,Benzin,150,,
Volkswagen,Tiguan,"Lounge Sport & Style Automatik*AHK*18""",,16490,Fairer Preis,100000,,05/2016,Benzin,150,,
Volkswagen,Tiguan,Sound BMT 4M AHK|NAVI|ACC|2xKAMERA|4xSHZ|,,21590,Sehr guter Preis,100000,,10/2017,Benzin,179,,
Ford,Kuga,ST-Line 1.5 EcoBoost 4x4 Aut. Pano AHK Navi,,19350,Fairer Preis,91800,,05/2018,Benzin,182,,
BMW,X1,sDrive 28i | Panoramadach | M-Paket,,15900,Ohne Bewertung,91600,,07/2013,Benzin,245,,
Mercedes-Benz,GLA 200,Automatik/AMG/Navi/Night/Temp/BiXen/Shz,,20999,Fairer Preis,75346,,07/2015,Benzin,156,,
BMW,X1,xDrive35i M-PAKET/LEDER/PANO/2.HAND/LED/306PS,,13900,Ohne Bewertung,145000,,11/2015,Benzin,306,,
Volkswagen,T-Roc,2.0 TSI R 4Motion LED|Navi|Kamera|ACC|PDC,,26440,Fairer Preis,83378,,09/2021,Benzin,300,,
Volkswagen,Tiguan,1.4 TSI ACT 4Motion(BMT)Highline Allwette,,17490,Fairer Preis,102204,,11/2016,Benzin,150,,
Volkswagen,Tiguan,2.0 TDI Highline StandH Navi AHK Kamera S,,27440,Fairer Preis,70700,,09/2020,Diesel,150,,
BMW,X1,20d Steptronic Sport Line+LED+NAVI+PANO+H&K,,24850,Erhöhter Preis,129427,,01/2020,Diesel,190,,
BMW,X6 M,4.4 V8 xDrive Navi Kamera HeadUp SoftClo...,,29999,Ohne Bewertung,98453,,03/2013,Benzin,555,,
Volkswagen,Tiguan,1.4 TSI Comfortline 1.Hand Pano AHK el.He,,16975,Fairer Preis,87473,,08/2016,Benzin,150,,
Volkswagen,Tiguan,1.4 TSI DSG Sitzheizung,,17990,Fairer Preis,73968,,11/2015,Benzin,150,,
Skoda,Kodiaq,KODIAQ STYLE 1.5TSI DSG NAVI+ACC-TEMPOMAT+KAMERA,,23889,Fairer Preis,99999,,01/2019,Benzin,150,,
Mercedes-Benz,GLA 250,AUTOMATIK|ALLRAD|KAMERA|STANDHEIZUNG|AHK,,19990,Guter Preis,100000,,10/2016,Benzin,211,,
BMW,X5,*xDrive25d*M-Paket*FULL*ACC*21'ALU*HUD*Luf*Led,,35600,Ohne Bewertung,93000,,10/2014,Diesel,258,,
BMW,X1,"sDrive18i AUTOMATIK,NAVI,AHK,XENON,LEDER,PDC",,15880,Ohne Bewertung,90000,,09/2014,Benzin,150,,
Volkswagen,Tiguan,Highline 4Motion Sitzheizung*Navi*E-Heck*,,22990,Guter Preis,139489,,08/2019,Diesel,239,,
Mercedes-Benz,ML 350,4M / Sonderfarbe / Winterkompletträder,,29500,Ohne Bewertung,,,,,,,
Volkswagen,Tiguan,1.4 TSI DSG Sound 4Motion AHK ACC Navi Si,,22950,Guter Preis,98158,,01/2018,Benzin,150,,
Audi,Q5,2.0 TFSIquattro,,19890,Ohne Bewertung,89900,,06/2013,Benzin,224,,
Volkswagen,Tiguan,2.0 TSI DSG 4M Highline LED ACC DCC Navi,,25950,Fairer Preis,77518,,01/2017,Benzin,220,,
Mercedes-Benz,GLA 250,2.0 4Matic AMG-Line 7G-DCT**AKTIONSPREIS,,16999,Ohne Bewertung,85125,,02/2015,Benzin,211,,
Volkswagen,Tiguan,1.4 TSI SOUND+1.HAND+NAVIGATION+AHK schw.,,19990,Fairer Preis,84368,,07/2017,Benzin,150,,
Skoda,Kodiaq,2.0 TSI Style 4x4 DSG LED Navi ACC,,27950,Fairer Preis,81402,,02/2018,Benzin,179,,
BMW,X3,xDrive28i 1.HAND XENON NAVI LEDER MEMORY SHZ,,18490,Ohne Bewertung,119800,,06/2014,Benzin,245,,
Volkswagen,Tiguan,TIGUAN 2.0 TSI DSG|ALLRAD|HIGHLINE|VIRTUAL|PANO|,,21990,Erhöhter Preis,120000,,11/2016,Benzin,179,,
Mercedes-Benz,GLC 300,4Matic AMG Kamera Burmeister Sitzklima,,32980,Guter Preis,58200,,02/2019,Benzin,245,,
Volkswagen,T-Roc,T-ROC 2.0 TSI DSG|SPORT|ALLRAD|VIRTUAL|PANO|AHK|,,23990,Erhöhter Preis,100000,,01/2018,Benzin,190,,
Fiat,500X,1.4 140PS Lounge Automatik Pano Navi 1.Hand,,15749,Fairer Preis,69939,,03/2016,Benzin,140,,
Volkswagen,Tiguan,2.0 TSI 4M DSG Highline *Pano*AHK*Kamera*,,24475,Fairer Preis,78000,,05/2017,Benzin,220,,
BMW,X1,xDrive 20i Sport Line LED Navi Tempomat PDC,,22990,Erhöhter Preis,79588,,11/2016,Benzin,192,,
Mercedes-Benz,GLA 180,*LEDER*BI-XENON*NAVI*PDC*STYLE*,,20990,Fairer Preis,92000,,02/2017,Benzin,122,,
Volkswagen,Tiguan,1.4TSI Comfortline Navi,,17960,Erhöhter Preis,94500,,05/2017,Benzin,125,,
Volvo,XC60,Momentum AWD*AHK*NAVIGATION*2.HAND,,19900,Guter Preis,112812,,11/2015,Diesel,190,,
Mercedes-Benz,GLA 250,4Matic Vollleder/Pano/Elektr.Heck,,22199,Fairer Preis,73340,,11/2015,Benzin,211,,
Mercedes-Benz,GLC 250,4Matic Garantie*LED*Navi*2-Zonen-Klima*,,24900,Fairer Preis,109943,,09/2016,Benzin,211,,
Volkswagen,Tiguan,Sound 1.4 TSI *schw.AHK*Sorglos*,,17999,Fairer Preis,91213,,05/2017,Benzin,125,,
BMW,X1,xDrive20i Sport Line Automatik*Leder*Navi*PDC,,20999,Guter Preis,91000,,05/2017,Benzin,192,,
Volkswagen,Tiguan,1.4 TSI DSG BMT / NAVI-DM / TEMPOMAT /,,16444,Fairer Preis,77000,,09/2015,Benzin,150,,
Mercedes-Benz,GLA 250,", AMG LINE, PANORAMA, 7G, KEYLESS GO",,21990,Fairer Preis,119000,,12/2015,Benzin,211,,
Volkswagen,Tiguan,4M*SOUND*R-LINE*LED-R.KAM-ACC-PANO-AHK,,23380,Erhöhter Preis,101620,,02/2018,Benzin,150,,
Mercedes-Benz,GLA 180,URBAN+SCORE+BI-XENON+SHZ+LORDOSE+PARKTR.,,17787,Guter Preis,88815,,03/2016,Benzin,122,,
Mercedes-Benz,GLC 43 AMG,19*Burmester*Alcantara*360°*Panorama*,,36950,Guter Preis,98100,,05/2019,Benzin,367,,
Volkswagen,Tiguan,1.4 TSI SPORT & STYLE / PANORAMA / 1.HAND,,13777,Ohne Bewertung,97000,,05/2014,Benzin,122,,
Volkswagen,Tiguan,2.0 TSI R-Line 4Motion LED Navi AHK ACC,,24990,Erhöhter Preis,109246,,10/2017,Benzin,179,,
Mercedes-Benz,GLA 200,Style Navi BiX ILS Klimaa. Parkass. Klim,,17999,Guter Preis,94300,,07/2016,Benzin,156,,
BMW,X1,xDrive20d RFK Navi Adapt. LED SHZ Driv.Assist,,26730,Fairer Preis,79400,,10/2019,Diesel,190,,
Volkswagen,Tiguan Allspace,1.4 TSI CL*AHK*Pano*CAM*7 Sitzer,,24770,Guter Preis,104380,,01/2018,Benzin,150,,
Mercedes-Benz,GLC 43 AMG,4Matic*Panorama*Standheizung*AHK,,35980,Sehr guter Preis,68500,,11/2016,Benzin,367,,
Volkswagen,Tiguan,1.4TSI Lounge Sport&Style+XENON+KAMERA,,16150,Fairer Preis,80174,,02/2016,Benzin,125,,
Mercedes-Benz,GLA 200,URBAN *PANORAMA|NAVI|LED*,,19900,Fairer Preis,94120,,03/2017,Benzin,156,,
Nissan,Qashqai,1.2 DIG-T Visia 4x2 Sitzheizung AHK USB,,14490,Erhöhter Preis,76013,,07/2016,Benzin,116,,
Audi,Q3,1.4 TFSI Sport Bi-Xenon S-Tronic AAC Tempomat,,19990,Fairer Preis,104649,,04/2015,Benzin,150,,
Volkswagen,T-Roc,2.0 TSI 4Motion DSG Sport,,21990,Fairer Preis,80744,,11/2017,Benzin,190,,
BMW,218 Gran Tourer,2er Gran Tourer - 218i Luxury Line Leder Head-Up,,15990,Fairer Preis,99896,,11/2015,Benzin,136,,
Volkswagen,Tiguan,1.4 TSI Trendline Navi Sitzheizung AHK,,22950,Erhöhter Preis,73522,,05/2017,Benzin,150,,
Volkswagen,Golf,"Sportsvan ""Sound"" Automatik",,16900,Fairer Preis,81000,,04/2017,Benzin,150,,
Audi,Q3,2.0  TFSI sport quattro S-Tronic AHK NAVI,,19875,Guter Preis,103000,,06/2015,Benzin,220,,
Volkswagen,Tiguan,Life Life 2.0 TDI SCR 4MOTION 147 kW 7-Ga,,29990,Fairer Preis,80340,,12/2020,Diesel,200,,
Mercedes-Benz,GLA 200,GLA-Klasse GLA 200 Style,,15950,Guter Preis,91000,,06/2015,Benzin,156,,
BMW,X1,xDRIVE 2.0i M SPORT PANO LED NAVI AHK KAMERA,,23490,Fairer Preis,97000,,10/2017,Benzin,192,,
BMW,X3,"20i xDrive, 1.Hand, Leder, erst 80.000 km!",,17900,Sehr guter Preis,80000,,04/2016,Benzin,184,,
Mercedes-Benz,GLA 200,Urban SCHECKHEFT/TÜV NEU/BI-XENON/KLIMA,,16700,Guter Preis,87000,,11/2015,Benzin,156,,
Volkswagen,Tiguan,1.4 TSI DSG 4Motion Highline,,23590,Fairer Preis,73110,,05/2017,Benzin,150,,
Mercedes-Benz,GLA 250,AMG-Line DCT NAV+LED+SHZ+KAM+NIGHT-PAKET,,22989,Fairer Preis,98450,,08/2017,Benzin,211,,
Volkswagen,Tiguan,1.4 TSI Sound Navi LED ACC PDC,,17890,Guter Preis,101807,,08/2017,Benzin,150,,
Audi,Q3,2.0 TFSI quattro S-Line/Pano-Dach/Navi/BOSE/,,18890,Ohne Bewertung,104000,,12/2014,Benzin,211,,
BMW,X1,xDrive 20i Sport Line LED Navi ACC Bluetooth,,23490,Fairer Preis,81123,,05/2017,Benzin,192,,
BMW,X1,xDrive 20d Sport Line*HUD*AHK*LED*19°Zoll*,,27790,Guter Preis,97956,,02/2020,Diesel,190,,
Mercedes-Benz,GLC 250,"9G 4M AMG-LINE""PANO""DTR+""AIRMATIC""360""BM",,29490,Fairer Preis,94000,,12/2015,Benzin,211,,
Honda,HR-V,1.5VTEC Comfort+KLIMA+TEMPO+BLUETOOTH+SHZ,,12990,Fairer Preis,81824,,02/2016,Benzin,131,,
Volkswagen,Tiguan,1.4 TSI Sound 4Motion LED AHK Navi ACC,,22990,Fairer Preis,107854,,03/2018,Benzin,150,,
Mercedes-Benz,GLA 180,URBAN PROGRESSIVE PANORAMADACH,,17980,Fairer Preis,89000,,09/2016,Benzin,122,,
Mercedes-Benz,GLA 250,4Matic 7G-DCT AMG-Line Pano Navi RFK,,23990,Fairer Preis,88063,,07/2017,Benzin,211,,
BMW,X4 M40,"X4 M M40 i 3,33% NAVI*KAMERA*8 FACH",,28990,Sehr guter Preis,104700,,06/2016,Benzin,360,,
BMW,X5,xDrive35i*Aut*Pano*Leder*Xenon*Navi*Kamera*,,21299,Ohne Bewertung,,,,,,,
Mercedes-Benz,GLA 45 AMG,4M PERFORMANCE NIGHT AMG-LINE STYLING,,27777,Ohne Bewertung,87000,,09/2016,Benzin,381,,
Volkswagen,T-Roc,Sport 4Motion*3J.GARANTIE*PANO*NAVI*AHK*,,23490,Fairer Preis,99980,,06/2018,Benzin,190,,
BMW,X5,xDrive50i M Paket 2.Hand*Unfallfrei*Head-Up*,,29950,Sehr guter Preis,96929,,02/2016,Benzin,449,,
Hyundai,ix35,1.6 GDI Einparkhilfe Sitzheizung Tempomat,,13990,Fairer Preis,70534,,08/2015,Benzin,135,,
BMW,X1,"xDrive20i M SPORT HEADUP,ACC,HIFI,NAVIPLUS,SH",,21880,Guter Preis,80000,,05/2017,Benzin,192,,
Volkswagen,Tiguan,Life 1.5 TSI*ACC**Panorama,,27400,Guter Preis,59888,,10/2021,Benzin,150,,
Mercedes-Benz,GLK 350,4Matic V6 *Holz*Traumhaft*Leder beige*,,23980,Ohne Bewertung,91150,,10/2013,Benzin,306,,
Volkswagen,Tiguan,"2.0 TSI 4M 360GRAD,KEYLESS,MASSAGE,PANO",,25880,Erhöhter Preis,80000,,10/2017,Benzin,220,,
Volkswagen,Tiguan Allspace,1.4 TSI Comfortline 3Z-Klima Sit,,22980,Fairer Preis,89800,,06/2018,Benzin,150,,
Volkswagen,Tiguan,1.4 TSI Benzine Automatisch - GPS - Airco,,20990,Fairer Preis,116935,,08/2017,Benzin,150,,
Volkswagen,Tiguan,1.4TSI DSG Highline R-Line Pano Sthz Ahk,,25990,Fairer Preis,87000,,02/2018,Benzin,150,,
BMW,X6,Baureihe X6 xDrive35i,,23999,Ohne Bewertung,90962,,08/2012,Benzin,306,,
Volkswagen,Tiguan,1.4 TSI Lounge Sport & Style NAVI AHK REA,,14821,Ohne Bewertung,98050,,06/2016,Benzin,125,,
Audi,Q3,2.0 TFSI quattro|S-LINE|LED|NAVI|PANO|LEDER,,22990,Fairer Preis,102367,,05/2016,Benzin,179,,
Volkswagen,Tiguan,4Motion LED ACC Automatik Kamera Virtual,,22950,Fairer Preis,136949,,11/2018,Diesel,150,,
Mercedes-Benz,GLC 250,"4M EXCLUSIVE MEMORY,360GRAD,DISTRONIC",,26880,Fairer Preis,97800,,04/2017,Benzin,211,,
Mercedes-Benz,GLK 350,4-Matic Prestige / Afn AHK / Leder / xen,,24179,Ohne Bewertung,101498,,06/2013,Benzin,306,,
Volkswagen,T-Roc,1.5TSI DSG Style*LED*ActiveInfo*Pano*BEATS,,19900,Sehr guter Preis,100000,,04/2018,Benzin,150,,
BMW,X5,"xDrive50i M Sport 360° Pano LED 20""Alu",,23850,Ohne Bewertung,129783,,07/2014,Benzin,449,,
Volkswagen,Tiguan,"Cup Sport & Style BMT 4Mot,XENON/LED,AHZV",,14900,Fairer Preis,143490,,06/2015,Diesel,140,,
Mercedes-Benz,GLA 180,AMG LED/ Pano/ Garmin / Klima/ Sitzhzg.,,19870,Fairer Preis,96324,,07/2017,Benzin,122,,
Volkswagen,Tiguan,1.4 TSI Sound App-Connect ACC Navi AHK,,20990,Erhöhter Preis,77870,,11/2017,Benzin,125,,
Mercedes-Benz,GLA 200,Urban Xenon Navi Leder Sitzheizung,,20990,Erhöhter Preis,66780,,05/2015,Benzin,156,,
Mercedes-Benz,GLA 200,AMG-Line Autom. Night-Paket  Bi-Xenon el,,18980,Fairer Preis,121500,,07/2015,Benzin,156,,
BMW,X1,xDrive 28i Xenon SHZ PDC 1.Hand,,14995,Ohne Bewertung,82480,,03/2013,Benzin,245,,
BMW,X5,xDrive35i M-Paket,,22900,Ohne Bewertung,110000,,01/2014,Benzin,306,,
Volkswagen,Tiguan,R-Line Sport & Style 4Motion*AUTOM.*NAVI*,,17490,Ohne Bewertung,99000,,09/2014,Benzin,179,,
Volkswagen,T-Roc,Sport Allrad NAVI|SHZ|ACC|BEATS|PDC|AHK|LE,,21490,Fairer Preis,103700,,06/2018,Benzin,190,,
BMW,X4 M40,i *2.Hand*Head-Up*Harman/Kardon*LED*AHK*,,27950,Sehr guter Preis,114187,,06/2016,Benzin,360,,
BMW,X1,sDrive18i Navi Panoramadach PDC,,21970,Fairer Preis,95450,,01/2018,Benzin,140,,
Mercedes-Benz,GLC 250,4Matic Garantie* Junge Sterne* AMG*,,35990,Guter Preis,64186,,09/2018,Benzin,211,,
BMW,X3,xDrive20d Aut. / Live-Cockpit Pro Navi LED AC,,29690,Fairer Preis,112804,,10/2020,Diesel,190,,
Volkswagen,Tiguan,2.0 TSI Highline 4Motion StandHZG AHK-kla,,23990,Erhöhter Preis,66480,,11/2016,Benzin,179,,
Volkswagen,Tiguan,"Sound BMT/Start-Stopp, AHK, ACC, LED, SHA",,17600,Guter Preis,102126,,10/2017,Benzin,150,,
BMW,X1,2.0D X-Drive *LED*Pano*Navi*el. Heckk.* 14...,,19990,Guter Preis,128760,,07/2020,Diesel,190,,
Ford,EcoSport,ST-Line B&O RFK Navi,,13995,Fairer Preis,83110,,10/2018,Benzin,125,,
Volkswagen,Tiguan,Highline BMT 4M *1.HD/LED/NAVI/PDC/AHK*,,21490,Fairer Preis,67700,,01/2017,Benzin,150,,
Volkswagen,Tiguan,"Trend & Fun BMT, inkl. 1 Jahr Garantie",,12980,Ohne Bewertung,94529,,12/2012,Benzin,160,,
Volkswagen,Tiguan,2.0 TSI Highline 4M AHK DSG LED PDC,,22973,Erhöhter Preis,90450,,08/2016,Benzin,179,,
BMW,X1,sDr 18i Advantage Sitzheiz PDCv+h LED 2ZKlima,,16890,Erhöhter Preis,109305,,07/2016,Benzin,136,,
Volkswagen,Tiguan,Elegance 1.5 TSI DSG*Matrix*Navi*PDC*,,24480,Sehr guter Preis,45789,,11/2020,Benzin,150,,
Mercedes-Benz,GLA 200,7G*2.Hand*Automatik*Navi*Tempomat*SHZ...,,20950,Guter Preis,88000,,09/2017,Benzin,156,,
Volkswagen,Tiguan,"R-Line 1.4TSI 237,-ohne Anzahlung Sitzhei",,19949,Guter Preis,97812,,06/2018,Benzin,150,,
Volkswagen,Tiguan,R-Line AUT.*LEDER*SHZ*PANO*KAM*AHK*4SEASO,,16900,Guter Preis,118577,,07/2016,Benzin,200,,
BMW,X1,20i xDrive|M-SPORTPAKET|HEAD-UP|NAVI|LED|AHK|,,24990,Fairer Preis,78000,,05/2017,Benzin,192,,
Mercedes-Benz,GLC 43 AMG,4M Night Burmester DISTRONIC Pano AHK,,39900,Fairer Preis,97843,,12/2017,Benzin,367,,
Volkswagen,Tiguan,"Comfortline *RFK, TWA, Navi, LED*",,16830,Fairer Preis,113500,,01/2017,Benzin,150,,
Skoda,Karoq,KAROQ STYLE 1.0TSI DSG NAVIGATION+SITZ-HZuvm,,20489,Fairer Preis,67688,,04/2018,Benzin,116,,
Mercedes-Benz,GLA 250,LED NAVI SHZ 360° PANO Designo Lack,,23490,Fairer Preis,104288,,11/2017,Benzin,211,,
Volkswagen,T-Roc,1.5TSI Sport DSG NAVI LED AHK,,20930,Fairer Preis,81950,,04/2018,Benzin,150,,
BMW,X6,xDrive 50i M Individual *Unfallfrei*2.Hand*,,29950,Sehr guter Preis,99317,,07/2016,Benzin,449,,
Volkswagen,T-Roc,1.5 TSI ACT OPF DSG Sport 8fach R-Line,,27900,Fairer Preis,51000,,01/2021,Benzin,150,,
Mercedes-Benz,GLA 250,AMG 4Matic Pano Navi Leder Xenon PDC SHZ,,21700,Ohne Bewertung,86146,,10/2014,Benzin,211,,
BMW,X6,"xDrive 35i Leder, 360°Kamera",,23999,Ohne Bewertung,89000,,02/2012,Benzin,306,,
Volkswagen,Tiguan,2.0 TDI DPF 4Motion DSG Sport & Style,,21425,Fairer Preis,81925,,07/2015,Diesel,177,,
Volkswagen,Tiguan,Navi Pano Highline 4M 2.0 TSI DSG LED AHK,,22550,Fairer Preis,84000,,06/2016,Benzin,179,,
Audi,RSQ3,RS Q3 2.5 TFSI quattro,,27900,Guter Preis,101500,,07/2015,Benzin,340,,
Mercedes-Benz,GL 450,4MATIC,,23800,Ohne Bewertung,86000,,10/2012,Benzin,340,,
Mercedes-Benz,GLC 250,"4M EXCLUSIVE PANORAMA,LEDILS,PARKLENK,SH",,28420,Fairer Preis,76453,,01/2016,Benzin,211,,
Volkswagen,Tiguan,2.0 TSI DSG Highline 4Motion 1.Hand,,22999,Fairer Preis,97000,,11/2016,Benzin,179,,
Volkswagen,Tiguan,TIGUAN 1.4 TSI / 118 Cup  DSG,,18995,Ohne Bewertung,85933,,09/2014,Benzin,160,,
Volkswagen,Touareg,3.0TDI V6 282PS 4Motion Exclusive ABT,,26999,Ohne Bewertung,108176,,02/2013,Diesel,281,,
BMW,X4,xDrive20d M-Sportpaket Navi Xenon RFK Shz PDC,,22990,Ohne Bewertung,103021,,01/2015,Diesel,190,,
Volkswagen,T6 Transporter,T6 Kombi lang Allrad 4Motion 4x4 5-Sitzer Mixto,,32595,Erhöhter Preis,131800,,01/2019,Diesel,150,,
Volkswagen,Tiguan,1.4 TSI  DSG Highline AHK+ACC+Navi+LED+Ka,,21490,Fairer Preis,91200,,10/2016,Benzin,150,,
Volkswagen,Tiguan,R-Line 2.0 TSI DSG 4Motion AHK+PANO+HUD,,27450,Fairer Preis,96879,,04/2018,Benzin,220,,
Volkswagen,Tiguan,R-Line Navi/ACC/AHK/LHZ/SHZ/TOTWI/DAB,,21999,Fairer Preis,99974,,10/2018,Benzin,125,,
Renault,Captur,1.3 TCe 150 Version S LED Navi Kamera DAB,,15950,Fairer Preis,87415,,07/2018,Benzin,150,,
Audi,Q3,design quattro S-Tronic XENON/NAVI/AHK/1HAND,,19899,Fairer Preis,90000,,06/2016,Benzin,179,,
Volkswagen,Tiguan,Highline R-Line 4-Motion Black Style Pano,,32990,Fairer Preis,86505,,07/2020,Diesel,190,,
Volkswagen,T-Cross,TSI OPF Life Plus WINTER-PAKET+ACC+ALU,,17900,Fairer Preis,65417,,05/2022,Benzin,95,,
Volkswagen,Tiguan,1.4 TSI DSG BMT Lounge Sport & Style Stdh,,18450,Fairer Preis,89900,,12/2015,Benzin,150,,
Mercedes-Benz,GLA 200,*Pano*Navi*Kamera*BiXenon*LederSportsitze,,19990,Sehr guter Preis,70020,,04/2016,Benzin,156,,
Volkswagen,T-Roc,1.5 TSI Style ACT+USB+NSW+MAL+DWA+SHZ+BAA+,,18690,Fairer Preis,82580,,01/2018,Benzin,150,,
Volkswagen,Tiguan,Track & Style 4Motion SITZHEIZ*KILMA*AHK*,,11900,Ohne Bewertung,149122,,04/2014,Diesel,140,,
Mercedes-Benz,GLA 200,AMG-Line *BI-Xenon*Klimaautomatik*Shzg*,,20990,Fairer Preis,89510,,04/2015,Benzin,156,,
BMW,X1,xDrive20i Advantage Steptronic Aut. Klimaaut.,,21840,Fairer Preis,96931,,04/2018,Benzin,192,,
Volkswagen,Tiguan,2.0 TSI BMT Highline 4Motion LED ACC Navi,,26490,Guter Preis,68616,,01/2017,Benzin,220,,
Volkswagen,Tiguan,2.0 TSI Sound 4Motion,,21950,Fairer Preis,71000,,09/2017,Benzin,179,,
Audi,Q3,"2.0 TFSI qu S LINE AHK,KEYLESS,PARKLENKASSIST",,18480,Ohne Bewertung,108700,,03/2012,Benzin,211,,
Volkswagen,Tiguan,1.5 TSI DSG UNITED*MATRIX*AHK*KAMERA*NAVI,,28499,Fairer Preis,52100,,02/2021,Benzin,150,,
Volkswagen,T-Roc,2.0 TSI DSG 4MOTION Sport LED+NAVI+ACC+,,20489,Guter Preis,88717,,08/2018,Benzin,190,,
Volkswagen,T-Roc,T-ROC 1.5 TSI IQ-Drive+DSG+NAVI+LED+ACC+PDC,,22489,Guter Preis,51200,,05/2020,Benzin,150,,
Opel,Mokka X,1.4 Turbo Kamera IntelliLink Sitzheizung,,14490,Fairer Preis,79986,,08/2017,Benzin,140,,
Volkswagen,Touareg,V6 TDI 4M Leder Navi BiXenon ABT 1Hd,,24500,Erhöhter Preis,112401,,07/2015,Diesel,204,,
Volkswagen,Tiguan,Sport & Style 4M+R-Line+AHK+DSG+Navi+Pano,,17990,Ohne Bewertung,88126,,04/2014,Benzin,211,,
BMW,X5,xDrive35i Leder*Navi*Pano*AHK*SZ*XENON*,,21950,Ohne Bewertung,86620,,07/2014,Benzin,305,,
Volkswagen,Tiguan,2.0 TDI*4X4*DSG*NAV*BI-XN*RFK*KYLS*ST-HZG,,14990,Ohne Bewertung,158263,,07/2013,Diesel,177,,
Volkswagen,Tiguan,Comfortline 4Motion LED NAVI KAMERA AHK,,20590,Fairer Preis,100000,,04/2016,Diesel,150,,
Volkswagen,Tiguan,2.0 Cup Sport & Style BMT 4Motion-130KW,,17885,Ohne Bewertung,88626,,10/2014,Diesel,177,,
BMW,X3,xDrive35i -,,19500,Sehr guter Preis,96000,,07/2015,Benzin,306,,
BMW,X3,xDrive28i Automatik//Xenon//M-Sport,,26900,Ohne Bewertung,99000,,03/2015,Benzin,245,,
Volkswagen,T-Roc,1.0 TSI Style AAC Navi Android Sitzhzg PDC,,19950,Fairer Preis,41774,,06/2020,Benzin,116,,
BMW,X1,xDrive25i Aut. M Sport Navi Panorama Glasdach,,21890,Guter Preis,100685,,02/2016,Benzin,231,,
Volkswagen,Tiguan,1.5 TSI DSG ELEGANCE*IQ.LIGHT*AHK*DIGITAL,,29699,Fairer Preis,52800,,12/2020,Benzin,150,,
Audi,Q5,S-Line select 2.0 TDI Quattro S-tronic / LED,,29780,Fairer Preis,108000,,06/2018,Diesel,190,,
BMW,X1,sDrive18i Advantage *LED*AHK*SHZ*PDC*,,20430,Fairer Preis,91600,,03/2018,Benzin,140,,
BMW,X5,X-Drive 3.0si Leder Xenon,,22990,Ohne Bewertung,106000,,11/2012,Benzin,272,,
Volkswagen,Tiguan,"Join ACC°SPURHALTEAS°NAVI°PDC°SHZ°17""ALU°",,18990,Guter Preis,92800,,07/2018,Benzin,150,,
Volkswagen,Tiguan,Trend & Fun 4Motion R-Line/Klima/DAB/AHK,,12900,Ohne Bewertung,85658,,09/2012,Benzin,160,,
BMW,X5 M50,i*CARBON*PANO*KEYLESS*B&O*HEAD UP*,,25999,Ohne Bewertung,110000,,11/2014,Benzin,451,,
Audi,Q3,1.4 TFSI S line Navi Pano AHK APS FIS SHZ,,18930,Ohne Bewertung,116531,,10/2014,Benzin,150,,
Mercedes-Benz,GLA 180,6-Gang URBAN SITZHZG AHK NAVI XENON ...,,18500,Fairer Preis,73000,,06/2016,Benzin,122,,
Mercedes-Benz,GLK 220,"CDI 4M AMG SPORTPAKET AHK,ILS,SCHECKHEFT",,22880,Ohne Bewertung,100000,,03/2015,Diesel,170,,
Audi,Q3,sport Automatik Navi AHK Xenon Navi,,17800,Fairer Preis,98000,,01/2016,Benzin,150,,
Volkswagen,Tiguan,2.0 TSI 162kW DSG 4MOTION Highline Hi...,,23500,Fairer Preis,103000,,01/2017,Benzin,220,,
BMW,X6,xDrive50i Sonderaustattung,,26390,Ohne Bewertung,95000,,04/2014,Benzin,408,,
Mercedes-Benz,GLK 350,4MATIC BlueEFFICIENCY -,,23999,Ohne Bewertung,105000,,08/2013,Benzin,306,,
Volkswagen,Tiguan,TIGUAN 2.0 TDI DSG|ALLRAD|KAMERA|SITZHEIZUNG|ACC,,20990,Erhöhter Preis,92000,,07/2016,Diesel,150,,
Volkswagen,Tiguan,"Trendline Climatr,SHZ,PDC,NSW,Navi",,17650,Guter Preis,107500,,01/2018,Benzin,150,,
Ford,Kuga,Trend 1.5 120PS 1Hand Klima Mopf,,12999,Fairer Preis,119706,,01/2018,Benzin,120,,
BMW,X1,xDrive 25i M Sport|LEDer|PANO|HUD|ACC|RFK|H&K,,24880,Fairer Preis,109749,,01/2018,Benzin,231,,
Volkswagen,Tiguan,TIGUAN COMFORTLINE*4x4*MASSAGE-ACC-KAMERA-ALCANT,,21898,Erhöhter Preis,98782,,09/2016,Diesel,150,,
BMW,X5,Baureihe X5 xDrive 30 d,,34900,Fairer Preis,117008,,06/2016,Diesel,258,,
Volkswagen,Tiguan Allspace,2.0 TSI 137 kW DSG 4MOTION,,19900,Sehr guter Preis,108627,,07/2018,Benzin,186,,
Volkswagen,Tiguan,Sport & Style 2.0 TDI DSG 4M | XENON PDC,,17750,Ohne Bewertung,83240,,03/2014,Diesel,177,,
Audi,Q7,3.0 TDI Quattro /HUD/ACC/PANO/LUFT/360°Kamera,,34990,Sehr guter Preis,110751,,08/2015,Diesel,272,,
Volkswagen,Tiguan,Sport*Xenon*Navi*Kamera*Scheckheft*Pano*,,12500,Ohne Bewertung,97745,,06/2012,Benzin,122,,
BMW,X1,sDrive18i Sport Line + GARANTIE,,18490,Fairer Preis,104003,,11/2017,Benzin,140,,
Mercedes-Benz,GLA 200,Urban Night Paket*Pano-AHK-Kamera-Xenon*,,15990,Guter Preis,115150,,10/2015,Benzin,156,,
Mercedes-Benz,GLA 200,"Urban 1.Hand, Automatik",,18550,Ohne Bewertung,99000,,11/2014,Benzin,156,,
Volkswagen,T-Roc,Sport 2.0 TSI 4Motion*PANORAMA*,,19990,Sehr guter Preis,80911,,06/2018,Benzin,190,,
BMW,X4,2.0 Benzine Autom. - GPS - Topstaat! 1Ste Eig,,29990,Erhöhter Preis,93767,,01/2017,Benzin,184,,
Mercedes-Benz,GLK 350,4MATIC/ANH.KUPPLUNG/SHZ./ELEKTR.SITZE,,22999,Ohne Bewertung,83967,,01/2014,Benzin,306,,
Volkswagen,Touareg,V6 TDI BMT*Start-Stopp 4Mot*Pano*AHK,,27490,Fairer Preis,99997,,11/2015,Diesel,262,,
BMW,X4,xDrive28i NAVI/KAMERA/HEADUP/MEMORY/LEDER/,,26490,Sehr guter Preis,65300,,01/2016,Benzin,245,,
Volkswagen,Tiguan,2.0 TDI DSG 4M XEN NAVI RFK 1H Track&Style,,18490,Fairer Preis,89985,,11/2015,Diesel,184,,
Audi,Q3,35 TDI basis,,25500,Guter Preis,94500,,10/2019,Diesel,150,,
Volkswagen,Tiguan,"Sport & Style BMT ""PANO-NAVI-TÜV NEU""",,12450,Ohne Bewertung,105000,,12/2014,Benzin,160,,
Volkswagen,Tiguan,"R Line 2,0 4x4 Automatik Leder AHK Xenon",,18899,Fairer Preis,110263,,06/2015,Diesel,177,,
BMW,X3,xDrive20i Xenon Tempomat USB Klimaaut. Shz,,21830,Ohne Bewertung,85000,,03/2015,Benzin,184,,
Mercedes-Benz,GLA 250,Urban/DCT/Nav/Xenon/AHK/Kam/H-K Surround,,18980,Fairer Preis,95900,,05/2015,Benzin,211,,
BMW,X1,"xDrive20i KEYLESSGO,LED,PANORAMA,NAVI,18ZOLL",,23880,Fairer Preis,88263,,06/2018,Benzin,192,,
Volkswagen,Tiguan,2.0 TSI DSG 4MOTION Sport & Style Spo...,,16000,Ohne Bewertung,92100,,11/2014,Benzin,179,,
Mercedes-Benz,GLA 250,AMG 7G-DCT SHZ Rü-Ka Xenon Klima Navi,,23950,Guter Preis,66400,,07/2016,Benzin,211,,
Mercedes-Benz,ML 350,BlueEfficiency ACC LED KAMERA SHZ Sthz.,,25890,Ohne Bewertung,130000,,07/2012,Benzin,306,,
BMW,X1,20i xDrive / Navi / Leder / Pano / Scheckheft,,12950,Ohne Bewertung,95000,,08/2013,Benzin,184,,
Audi,Q5,"3.0 TFSI S tronic quattro S-Line, Insp.NEU",,19490,Sehr guter Preis,108000,,07/2016,Benzin,272,,
Volkswagen,Tiguan,Highline R-Line 4Motion~Linksgas~VOLL,,24490,Ohne Bewertung,84730,,12/2016,Benzin,220,,
BMW,X1,sDrive18i Advantage + 2jahre.BPS-GARANTIE,,16990,Sehr guter Preis,95005,,08/2017,Benzin,140,,
BMW,X5 M,X5M LED HeadUp SmartKey Carplay Panorama ,,26000,Ohne Bewertung,85000,,06/2013,Benzin,555,,
Mazda,CX-5,SENDO SKYACTIV-G165 NAVI+SITZ-HZuvm,,12789,Ohne Bewertung,124704,,03/2015,Benzin,165,,
Volkswagen,Tiguan Allspace,4Motion*R-Line*PANORAMA*EasyOpen,,26890,Fairer Preis,111000,,05/2018,Benzin,179,,
Volkswagen,Tiguan,2.0 TSI DSG 4M Highline * Top Ausstattung,,20950,Fairer Preis,96000,,09/2016,Benzin,179,,
Volkswagen,T5 andere,,,18550,Ohne Bewertung,115500,,04/2012,Benzin,116,,
Audi,Q5,Quattro S-Line*Alcantara*Kamera*Navi*LED*,,26990,Fairer Preis,147301,,07/2017,Diesel,190,,
Mercedes-Benz,GLK 220,CDI BlueEfficiency 4Matic AMG Line AHK,,23500,Ohne Bewertung,112000,,01/2014,Diesel,170,,
Mercedes-Benz,GLA 250,4MATIC AMG Line/Vollleder/HarmanKardon,,23990,Fairer Preis,94800,,07/2015,Benzin,211,,
BMW,X1,xDrive28i Aut.Pano Allwetter SHZ Navi Kamera,,13490,Ohne Bewertung,97000,,07/2015,Benzin,245,,
BMW,X1,xDrive 20 i Sport Line-AHK-LED-ALLWETTER-TOP,,19499,Fairer Preis,121900,,01/2017,Benzin,192,,
Volkswagen,Tiguan,"1,4 TSI 4Motion DSG Highline",,21990,Erhöhter Preis,89000,,04/2017,Benzin,150,,
Mercedes-Benz,GLK 250,"CDI 4M KAMERA,COMAND,ILS,SCHECKHEFT,NAVI",,24880,Ohne Bewertung,86100,,08/2012,Diesel,204,,
Mercedes-Benz,GLA 250,4Matic AMG-Line/Leder/Navi/Bi-Xenon/SHZ,,18950,Sehr guter Preis,95000,,08/2015,Benzin,211,,
BMW,X3,XD 20i X-LINE*1.Hd*Aut.*Leder*Navi*PDC*,,22490,Fairer Preis,93920,,09/2016,Benzin,184,,
Volkswagen,Tiguan,R-Line 2.0 TDI DSG 4Motion /LED/ACC/PANO/,,31990,Fairer Preis,51000,,07/2018,Diesel,190,,
Volkswagen,Tiguan,Sport & Style 4Motion 2.0 TSI-R Line-AHK,,17490,Ohne Bewertung,84000,,01/2013,Benzin,211,,
BMW,X1,sDrive20i xLine LED Navi AHK Memory,,24990,Erhöhter Preis,90853,,07/2018,Benzin,192,,
BMW,X2,sDrive18d Advantage HiFi DAB LED Navi Shz,,22990,Fairer Preis,103917,,11/2020,Diesel,150,,
Volkswagen,Golf Sportsvan,Golf VII Sportsvan 1.4 TSI Lounge Klimaaut. PDC,,15490,Fairer Preis,69675,,01/2016,Benzin,150,,
Mercedes-Benz,GLA 250,4Matic BUSINESS-PAKET LED NAVI PDC,,19999,Guter Preis,108300,,01/2018,Benzin,211,,
Volkswagen,Tiguan,2.0TSI 4Motion DSG Highline LED AHK Navi,,21950,Fairer Preis,82744,,06/2016,Benzin,179,,
Mercedes-Benz,GLK 350,4MATIC Panorama+Keyless+Memory+++,,24900,Ohne Bewertung,105500,,09/2012,Benzin,306,,
Volkswagen,Golf,Sportsvan VII 1.4TSI Comfortline AHK Xenon,,14980,Guter Preis,73947,,12/2016,Benzin,125,,
Volkswagen,Tiguan,2.0TDI DSG Highline 4Motion ACC LED,,20987,Fairer Preis,108803,,07/2016,Diesel,190,,
Volkswagen,Tiguan,Highline 2.0 TDI 4Motion ALCANTARA/TEMPOM,,25190,Ohne Bewertung,108000,,07/2016,Diesel,150,,
BMW,X4,xDrive 30d/Navi/Bi-Xenon/2.Hnd/Volleder/MFL,,25950,Ohne Bewertung,81195,,07/2014,Diesel,258,,
Dacia,Duster,1.2 TCe Prestige 4WD Klima Navi Kamera PDC,,13490,Erhöhter Preis,103797,,12/2017,Benzin,125,,
Mercedes-Benz,GLA 200,7 G-TRONIC Navi Xenon Bluetooth,,20790,Fairer Preis,88600,,02/2016,Benzin,156,,
Volkswagen,Tiguan,Sport & Style BMT R-Line 4Motion,,21495,Fairer Preis,74000,,07/2015,Diesel,184,,
BMW,X3,xDrive 20 d / NAVI / KAMERA / LEDER / XENON,,19350,Ohne Bewertung,82500,,05/2014,Diesel,184,,
Dacia,Duster,TCe 125 4WD Prestige,,16490,Fairer Preis,76550,,08/2018,Benzin,125,,
Mercedes-Benz,GLC 250,"4M EXCLUSIVE AIRMATIC,360GRAD,BURMESTER",,28880,Fairer Preis,79000,,11/2016,Benzin,211,,
Mercedes-Benz,GLA 250,4Matic Urban AHK WR ACC Totwinkel Pano,,19990,Sehr guter Preis,110136,,05/2015,Benzin,211,,
Mercedes-Benz,GLA 200,Urban+LED+Fernlichtassist.+Keylessgo+ BC,,19990,Fairer Preis,109000,,01/2018,Benzin,156,,
BMW,X5,xDrive 50i/1HD/PANO/SOFTC/HUD/STHZ/HARM/360°,,32680,Ohne Bewertung,108201,,02/2014,Benzin,449,,
Mercedes-Benz,GLA 250,4Matic/NAVI/Style/Automatik/PTS,,18900,Ohne Bewertung,93290,,04/2014,Benzin,211,,
Mercedes-Benz,GLC 250,GLC -Klasse GLC 250 4Matic,,22999,Sehr guter Preis,100000,,10/2015,Benzin,211,,
BMW,X1,25d xDrive  M Paket 2.Hand*ACC*Head-Up*,,18250,Guter Preis,160430,,01/2016,Diesel,231,,
Volkswagen,Tiguan,2.0 TSI BMT DSG 4-M R-Line ACC FLA Pano,,24479,Erhöhter Preis,90586,,11/2016,Benzin,220,,
Mercedes-Benz,GLA 200,"7G-DCT,  AMG Line, 1.Hd,  Scheckheft",,18150,Ohne Bewertung,104000,,01/2015,Benzin,156,,
Audi,Q5,40 TDI QUATTRO*2HD*NAVI*KAMERA*AHK*PDC*XEN*SH,,28990,Fairer Preis,93400,,08/2019,Diesel,190,,
Volkswagen,Tiguan,2.0TDI Comfortline Navi Sitzheiz. AHK,,19440,Erhöhter Preis,93790,,09/2016,Diesel,150,,
Volkswagen,Tiguan,R-Line BMT/Start-Stopp*Pano*Navi*,,22900,Erhöhter Preis,99745,,01/2017,Benzin,150,,
Mercedes-Benz,GLC 250,4M/AHK/LED/KAM/NIGHTP./SCHECKHEFT,,25500,Guter Preis,115000,,10/2017,Benzin,211,,
Mercedes-Benz,GLA 220,4Matic 7G-DCT Urban *AHK*LED*Pano*Standh,,25490,Guter Preis,84506,,03/2018,Benzin,184,,
Hyundai,ix35,"Style 2WD *Erst 74tkm*Automatik*AHK 1,6t*",,11999,Ohne Bewertung,77234,,05/2011,Benzin,163,,
Mercedes-Benz,GLA 250,GLA -Klasse GLA 250 AMG-Line,,19990,Guter Preis,93000,,03/2016,Benzin,211,,
Mercedes-Benz,GLA 200,*AMG*Panorama*Garantie*Xenon*SHZ,,18970,Ohne Bewertung,92789,,08/2014,Benzin,156,,
BMW,X1,xDrive20i Advantage Steptronic Navi AHK Aut. ,,23930,Fairer Preis,86969,,08/2018,Benzin,192,,
Mercedes-Benz,GLE 350,d 4Matic*AMG-Line*8-fach*AHK*,,33950,Sehr guter Preis,129012,,08/2015,Diesel,258,,
Mercedes-Benz,GLA 220,"GLA Klasse 220 CDI /d 4Matic Urban, Aus 1. Hand",,20480,Fairer Preis,90174,,08/2015,Diesel,170,,
BMW,X3,XD 20i *Aut.*Leder*Head-Up*Bi-Xenon*Panor.*,,18490,Ohne Bewertung,78200,,11/2013,Benzin,184,,
BMW,X3,xDrive28i -XENON-PANORAMA-NAVI-SHZ-KAMERA,,21500,Fairer Preis,100000,,02/2016,Benzin,245,,
Volkswagen,Tiguan,"2.0 TDI 4M HIGHLINE PANO,HUD,KAMERA,ACC",,24380,Fairer Preis,95026,,02/2017,Diesel,190,,
Audi,Q3,1.4 TFSI S line /LED/Sportsitze/Alcantara,,18990,Fairer Preis,81768,,07/2016,Benzin,150,,
BMW,X1,xDrive 20 i Advantage /Leder /Navi/AHK,,19900,Fairer Preis,96313,,07/2016,Benzin,192,,
Mercedes-Benz,ML 350,4MATIC -,,26490,Ohne Bewertung,91406,,10/2012,Benzin,306,,
Audi,Q3,"2.0 TFSI qu S LINE PANO,KEYLESS,TOTWINKEL,1HD",,20880,Guter Preis,97800,,06/2017,Benzin,179,,
Volkswagen,Tiguan,Trend & Fun BMT*Rückfahrkamera*,,12390,Sehr guter Preis,93046,,11/2015,Benzin,125,,
Audi,Q3,2.0 TFSI quattro S-Line Bose AHK LED Navi,,25990,Erhöhter Preis,97241,,04/2017,Benzin,220,,
BMW,X3,xDrive28i Automatik//Xenon//M-Sport//,,24490,Guter Preis,82141,,06/2015,Benzin,245,,
Mercedes-Benz,GLA 200,7G AMG *LED*360°*Leder*Standheiz*,,23990,Guter Preis,84000,,05/2018,Benzin,156,,
Volkswagen,Tiguan,1.5 TSI DSG R Line *19Zoll *LED *Navi*Kam,,25690,Fairer Preis,99000,,02/2019,Benzin,150,,
Opel,Crossland (X),Crossland (X) 1.2 EDITION Automatik NEUE-REIFEN,,12950,Fairer Preis,92004,,11/2017,Benzin,110,,
Mercedes-Benz,GLA 45 AMG,4M -AGA|PANO|NIGHT|ACC|KAMERA|NAVI|,,29990,Ohne Bewertung,81800,,09/2016,Benzin,381,,
Volkswagen,Tiguan,1.4 TSI DSG R-Line,,15400,Ohne Bewertung,88000,,08/2014,Benzin,160,,
Volkswagen,T-Roc,1.0 TSI Style Sitzheizung PDC Spurhalte,,16950,Fairer Preis,89341,,05/2018,Benzin,116,,
Mercedes-Benz,GLA 200,Urban Night Navi Kamera Park-Pilot,,20790,Guter Preis,79150,,01/2018,Benzin,156,,
Volkswagen,Tiguan,TIGUAN HIGHLINE 2.0TSI DSG 4MOTION DIGITAL TACHO,,30889,Fairer Preis,48843,,07/2020,Benzin,230,,
Volkswagen,Tiguan,1.4 TSI DSG Lounge Sport & Style,,18500,Fairer Preis,78450,,02/2016,Benzin,150,,
Volkswagen,Tiguan,"Join 1.5TSI 225,-ohne Anzahlung Sitzheizu",,18949,Guter Preis,88691,,11/2018,Benzin,150,,
BMW,X1,18i sDrive NAVI AUTOM PDC AHK Tüv Neu,,12799,Ohne Bewertung,105600,,07/2014,Benzin,150,,
Volkswagen,Tiguan,1.4 TSI Comfortline Sitzheizung Klima PDC,,18490,Erhöhter Preis,69602,,08/2017,Benzin,125,,
Volkswagen,T-Roc,Sport 1.5 TSI ACT AHK*LED*NAVI*SITZHEIZUNG,,17880,Guter Preis,87950,,08/2018,Benzin,150,,
Volkswagen,Tiguan,1.5 TSI R-Line Navi Android Apple Kamera,,25990,Fairer Preis,97167,,02/2019,Benzin,150,,
Mercedes-Benz,GLC 250,4M Navi PDC SHZ LED el.Heck AUT KAM LM,,28400,Fairer Preis,87059,,09/2017,Benzin,211,,
Volkswagen,Tiguan,Life 4Motion/Navi/SHZ/PDC/1.Hand/DSG,,17700,Ohne Bewertung,77900,,10/2013,Benzin,179,,
Volkswagen,T-Roc,R Sport 4Motion ACC LED Navi Touch PDC DAB,,21499,Fairer Preis,78000,,10/2018,Benzin,190,,
Mercedes-Benz,350,"ML 350 4MATIC scheckheftgepflegt, 1 Halter",,23000,Ohne Bewertung,119000,,09/2014,Benzin,306,,
Mercedes-Benz,GLC 250,4Matic Exclusive*LED*AHK*PANO*,,24880,Guter Preis,97133,,11/2015,Benzin,211,,
BMW,X3,xDrive 20i +BI-XENON+LEDER+NAVI+SITZHZ+AHK+,,20990,Sehr guter Preis,88506,,01/2016,Benzin,184,,
Kia,XCeed,Xceed 1.6 T-GDI Spirit LED Navi SHZ ACC AAC DAB,,18990,Guter Preis,95680,,12/2019,Benzin,204,,
Volkswagen,Tiguan,JOIN 1.4 TSI AHK+ACC+LED+NAVI+SHZ+RFK+PDC,,17780,Sehr guter Preis,106981,,07/2018,Benzin,150,,
Volkswagen,Tiguan,2.0 TDI Lounge Track & Style BMT 4Motion,,18490,Guter Preis,111400,,11/2015,Diesel,150,,
BMW,X1,sDrive18i Sport Line *LED*18Zoll*Park Assist*,,20250,Guter Preis,86151,,07/2018,Benzin,140,,
Volkswagen,Tiguan,Highline BMT/4Motion/1.Hd./LED/Aut.,,19500,Guter Preis,95000,,10/2016,Benzin,179,,
Mercedes-Benz,ML 250,CDI BT 4M Klimaa Navi BiX ILS Pano Heckkl,,27999,Ohne Bewertung,95800,,09/2013,Diesel,204,,
Volkswagen,Tiguan,2.0 TSI DSG 4Motion Comfortline,,18990,Fairer Preis,89900,,07/2016,Benzin,179,,
Audi,Q3,"1,4 TFSI S-Line sport BOSE-Sound DAB AHK el.H",,19780,Fairer Preis,84000,,01/2017,Benzin,125,,
Volkswagen,Tiguan,R-LINE 2.0 TSI DSG 4Motion DCC DYNAUDIO,,27950,Erhöhter Preis,76850,,02/2018,Benzin,220,,
Mercedes-Benz,GLC 250,4Matic /NAVI/LED/KAMERA/GARANTIE,,30990,Fairer Preis,29000,,08/2016,Benzin,211,,
Skoda,Kodiaq,KODIAQ STYLE 1.4TSI 4X4 7-SITZE+1.HAND+VOLLLEDER,,21889,Erhöhter Preis,137612,,08/2017,Benzin,150,,
Mercedes-Benz,GLK 220,GLK220 CDI BlueEfficiency*4Matic*AMG Line*20Zoll,,23950,Ohne Bewertung,115000,,02/2013,Diesel,170,,
Opel,Mokka,1.4 Turbo ECO Flex  *Navi*Klima*SHZ+LKH...,,10990,Fairer Preis,111060,,01/2016,Benzin,140,,
Volkswagen,Tiguan,2.0 Highline R-Line LED Navi Panorama AHK,,27950,Erhöhter Preis,69202,,06/2017,Benzin,179,,
Volkswagen,Tiguan,1.4 TSI Comfortline AHK PDC Servotronic N,,19930,Erhöhter Preis,59201,,08/2016,Benzin,150,,
BMW,X1,xDrive 25 i M Sport *PANO*LED*PDC*NAVI*LEDER*,,23999,Fairer Preis,112140,,06/2018,Benzin,231,,
Volkswagen,Tiguan,2.0TSI DSG Highline 4Motion Pano LED,,23950,Erhöhter Preis,64582,,09/2017,Benzin,179,,
BMW,X3,xDrive 20 d Advantage,,29900,Guter Preis,98500,,09/2021,Diesel,190,,
Mercedes-Benz,GLA 250,4MATIC DCT PANORAMA KAMERA,,21100,Guter Preis,107000,,05/2016,Benzin,211,,
Mercedes-Benz,GLA 180,7G-DCT *NAVI*KLIMA*PDC*TEMPOMAT*SHZ*AHK*,,18980,Fairer Preis,90000,,01/2016,Benzin,122,,
Audi,Q3,1.4 TFSI S-Line NAVI Xenon SHZ TEMPOMAT,,16975,Fairer Preis,93100,,06/2016,Benzin,150,,
Volkswagen,Tiguan,Lounge Sport & Style BMT,,17290,Guter Preis,81800,,01/2016,Benzin,150,,
BMW,X1,28 i xDrive M-Paket ** PANO-KAMERA-BiXENON**,,16490,Ohne Bewertung,99000,,11/2012,Benzin,245,,
Mercedes-Benz,GLC 250,"4M NIGHT KAMERA,NAVI,PANO,METALLIC,20Z.",,27480,Fairer Preis,70000,,10/2016,Benzin,211,,
Mercedes-Benz,GLC 250,4Matic AMG-Line LED Navi Leder SHZ,,22990,Sehr guter Preis,114971,,10/2015,Benzin,211,,
Audi,RSQ3,"2.5 TFSI quattro,Bose,20""Alu,Carbon,Daytona",,21500,Ohne Bewertung,162179,,11/2014,Benzin,310,,
Mercedes-Benz,GLB 200,d 4Matic Progressive Virtual Leder Navi,,30980,Guter Preis,98950,,04/2021,Diesel,150,,
BMW,X3,"Baureihe X3 xDrive30d""TÜV""GARANTIE""",,26499,Sehr guter Preis,99000,,01/2016,Diesel,258,,
Volkswagen,Tiguan,Sport & Style 4Motion DSG*NAVI*PDC*AHK*1A,,11490,Ohne Bewertung,104067,,03/2013,Benzin,179,,
Opel,Mokka,Innovation BiXenon Rückfahrkamera Tempomat,,12700,Fairer Preis,104558,,09/2014,Benzin,140,,
Mercedes-Benz,GLA 250,4MATIC DCT AMG Line AMG Line,,21490,Fairer Preis,96000,,10/2016,Benzin,211,,
Audi,Q5,2.0TFSI tiptronic quattro NAVI KEYLESS LEDER,,21990,Ohne Bewertung,99990,,05/2013,Benzin,224,,
Mercedes-Benz,GLC 220,CDI 4-Matic Autom. - GPS - Leder - Topst,,25990,Guter Preis,90152,,10/2015,Diesel,170,,
Volkswagen,T-Roc,T-ROC Sport 2.0 TSI DSG*LED*Navi*PDC*ZVF*,,21430,Fairer Preis,99500,,05/2019,Benzin,190,,
Volkswagen,Tiguan,Comfortline PANO NAVI LEDER KEYLESS,,20488,Erhöhter Preis,90563,,07/2017,Benzin,150,,
BMW,X1,Baureihe  XDrive 20 i M-PAKET  Leder Autom.,,21900,Guter Preis,76000,,12/2015,Benzin,192,,
Mercedes-Benz,GLA 200,AMG LINE NAVI*KLIMA*SHZ*PDC*LEDER*TEMPOM,,14490,Ohne Bewertung,167789,,04/2014,Benzin,156,,
BMW,X1,"xDrive 20 i Sport Line""Kamera""AHK""LED""Navi""",,19990,Fairer Preis,98800,,10/2016,Benzin,192,,
Mercedes-Benz,GLK 250,4M COMAND/AKH/ILS/TOTW./360°/DEUTSCH.FZG,,27980,Ohne Bewertung,94379,,09/2013,Benzin,211,,
Volkswagen,Tiguan,2.0 TSI DSG 4Motion R-Line Panorama AHK,,27990,Fairer Preis,79634,,05/2018,Benzin,179,,
Mercedes-Benz,GLA 200,d CDI Automatik*AHK*TEMPOMAT*PDC*XEN*NAV,,18800,Ohne Bewertung,84000,,08/2014,Diesel,136,,
Volkswagen,T-Roc,*1.0 TSI*Edition*NAVI*Lane Assist*KLIMA*LM*,,15590,Guter Preis,34987,,01/2019,Benzin,116,,
Volkswagen,Tiguan,2.0TSi SOUND 4x4 Autom. Navi+Kam/LED/Ahk,,22920,Erhöhter Preis,89000,,09/2017,Benzin,179,,
Mercedes-Benz,GLB 250,8G-DCT Progressive+LED+NAVI+7-SITZE+AHK,,35900,Erhöhter Preis,94702,,12/2020,Benzin,224,,
Volkswagen,Tiguan,Comfortline SHZ*BT*PDC V+H*3Z-KLIMA*2HAND,,17990,Fairer Preis,101079,,12/2016,Benzin,150,,
Mercedes-Benz,GLA 200,CDI 4Matic *Xenon*AHK*Navi,,19580,Fairer Preis,86500,,07/2015,Diesel,136,,
Volkswagen,Tiguan,Highline  4Motion*MASSAGE*NAVI*LED*,,23780,Fairer Preis,81697,,12/2016,Diesel,150,,
Volkswagen,T-Roc,"Style 1.0 l TSI Style Panorama, Einparkhil",,17490,Fairer Preis,86900,,08/2018,Benzin,116,,
Volkswagen,Tiguan,2.0 TSI DSG Highline 4Motion Erstbesitz,,20990,Fairer Preis,113835,,01/2017,Benzin,179,,
BMW,X3,xDrive 20d*AHK*Navi Prof*Glasdach*18 Zoll,,21880,Ohne Bewertung,116800,,03/2015,Diesel,190,,
Volkswagen,T-Roc,1.5 TSI OPF DSG Style/AHK,,25990,Fairer Preis,80200,,10/2022,Benzin,150,,
Volkswagen,Tiguan,/Leder/Pano/AHK/Tüv Neu,,14990,Ohne Bewertung,106612,,01/2014,Benzin,211,,
Volkswagen,Tiguan,Lounge = DSG - 4Motion - Navigation =,,20985,Ohne Bewertung,75000,,03/2016,Diesel,150,,
BMW,X1,xLine18i sDrive Aut. NAVI LED KAMERA PARKASSI,,18900,Fairer Preis,90000,,06/2016,Benzin,136,,
Volkswagen,Tiguan,Track & Style 4Motion/ALLRAD/AHK/PDC,,14950,Ohne Bewertung,99486,,01/2015,Benzin,160,,
Mercedes-Benz,GLA 200,GLA-Klasse  GLA 200 7G-Tronic AHK/Pano/Navi/Urba,,19990,Guter Preis,92687,,11/2015,Benzin,156,,
Volkswagen,Tiguan,"Cup AHK,Sitzheizung,PDC,Klimaautomatik",,11600,Ohne Bewertung,105956,,11/2014,Benzin,122,,
Volkswagen,Tiguan,1.4 TSI ACT Sound LED s. AHK Allwetter ,,18990,Guter Preis,64680,,05/2017,Benzin,150,,
Skoda,Karoq,KAROQ SPORTLINE 2.0TSI DSG 4X4 ACC-TEMPOMAT+PANO,,26489,Fairer Preis,88620,,01/2020,Benzin,190,,
Volkswagen,Tiguan,1.4 TSI NAV+LED+APS+17ZOLL+SHZ+3.Hand,,16749,Fairer Preis,72450,,07/2017,Benzin,125,,
BMW,X3,xDrive35i  LEDER,,17900,Ohne Bewertung,90017,,08/2012,Benzin,306,,
Volkswagen,T-Cross,1.6 TDI+PDC+Klima+Sitzhzg,,15650,Fairer Preis,95722,,11/2020,Diesel,95,,
Audi,Q3,2.0 TFSI quattro AHK+XENON PLUS+SHZ+NAVI PLUS,,19884,Ohne Bewertung,66870,,12/2014,Benzin,211,,
Volkswagen,Tiguan,Comfortline 1.4 TSI,,19990,Fairer Preis,101697,,01/2017,Benzin,150,,
Volkswagen,T-Roc,T-ROC* STYLE* ACC* APPLE CAR PLAY* AHK* SPURHALT,,17499,Guter Preis,85652,,08/2018,Benzin,150,,
Volkswagen,Tiguan Allspace,Highline 4Motion *7-Sitzer*HuD*,,28900,Fairer Preis,100000,,08/2018,Benzin,179,,
Volkswagen,Tiguan,Life BMT/Bi-Xenon/Navi/AHK/Aus 1 Hand/Tem,,15490,Ohne Bewertung,100000,,03/2014,Benzin,160,,
BMW,X1,sDrive 16d M Sport/Pano/H-Up/LED/1 Hand,,25890,Fairer Preis,94500,,01/2021,Diesel,116,,
BMW,X1,sDrive 18i Advantage/1 HAND/PANO/NAVI/SHZ/PDC,,19900,Guter Preis,83400,,07/2018,Benzin,140,,
Volkswagen,Tiguan,Cup Sport & Style BMT *AUTOMATIK*PANO*AHK,,16490,Ohne Bewertung,75000,,04/2014,Benzin,160,,
Skoda,Kodiaq,Sportline 2.0 TSI DSG 4x4 /PANO/LED/ACC/,,30990,Fairer Preis,77000,,05/2018,Benzin,179,,
Mercedes-Benz,ML 350,4MATIC -,,25500,Ohne Bewertung,119500,,07/2014,Benzin,306,,
Mercedes-Benz,GLK 350,4Matic *AMG-LINE*COMAND*MEMORY*MOPF*,,17990,Ohne Bewertung,113350,,07/2013,Benzin,306,,
Volkswagen,T-Roc,1.5 TSI OPF DSG Style/AHK,,25990,Fairer Preis,75466,,08/2022,Benzin,150,,
Volvo,XC60,Summum 2WD 1.Hand*Leistungsst 144kW*Pano*,,14950,Ohne Bewertung,119080,,11/2012,Diesel,136,,
Volkswagen,Tiguan,1.5 TSI OPF DSG R-Line Navi Lenkradhzg,,32900,Erhöhter Preis,58000,,12/2020,Benzin,150,,
Mercedes-Benz,GLA 250,"4MATIC DCT AMG Line, TOP Zustand, MB SH",,22800,Guter Preis,104180,,11/2016,Benzin,211,,
BMW,X1,"Allrad 20 i LED,Autom,Navi,Tempom,SHZ,",,19900,Ohne Bewertung,99700,,04/2016,Benzin,192,,
Volkswagen,Tiguan,2.0 TSI/R-LINE/4MOTION/AHK/DAB/SOUND,,25000,Fairer Preis,99000,,04/2017,Benzin,179,,
Mercedes-Benz,GLA 250,"AMG-LIne,Navi,Autom,Sitzh.,ToP",,21980,Fairer Preis,86750,,10/2016,Benzin,211,,
BMW,X4,xDrive20iA 184PS M-Paket Navi R-Kamera Xenon,,30499,Fairer Preis,81833,,01/2017,Benzin,184,,
BMW,X3,xD30d Panorama HUD HiFi Xenon PDC Sport Leder,,23499,Guter Preis,116000,,08/2015,Diesel,258,,
Volkswagen,T-Roc,2.0TSI DSG 4Motion Sport Navi Voll-LED ACC,,21790,Fairer Preis,93226,,11/2017,Benzin,190,,
Volkswagen,Tiguan,1.4 TSI Sound Klimaaut. Navi Panorama ACC,,21490,Fairer Preis,63918,,10/2017,Benzin,125,,
Volkswagen,Tiguan,4Motion*R-LINE*VIRT.COCKPIT*MASSAGE,,26750,Erhöhter Preis,93210,,06/2017,Benzin,179,,
Audi,RSQ3,"2.5 TFSI qu S-SITZE,BOSE,KEYLESS,KAMERA,SH",,29880,Fairer Preis,100000,,02/2016,Benzin,340,,
Volkswagen,Tiguan,"Sound 1.4TSI 237,-ohne Anzahlung Navi App",,19889,Fairer Preis,64863,,09/2017,Benzin,150,,
Mercedes-Benz,ML 400,4MATIC -,,22500,Ohne Bewertung,113000,,07/2015,Benzin,333,,
Volkswagen,Tiguan,2.0 TDI United Navi AHK SHZ,,24255,Fairer Preis,62100,,06/2020,Diesel,150,,
Volkswagen,Tiguan,TDI 2.0 DSG *Sound*LED*Nav*ACC*RüKam,,23980,Erhöhter Preis,86600,,05/2017,Diesel,150,,
Volkswagen,T-Roc,2.0 TSI Sport 4Motion LED+NAV+AHK+PANO+ACC,,20960,Fairer Preis,,,,,,,
Volkswagen,Tiguan,Highline R-Line BMT/Start-Stopp 4M PANO D,,23990,Erhöhter Preis,83670,,02/2017,Benzin,179,,
Opel,Mokka X,Edition*AUTOMATIK*NAVI*PDC*,,15450,Fairer Preis,73750,,06/2018,Benzin,140,,
BMW,X3,"xDrive20i xLine - 1. Hand, Orig KM",,21500,Sehr guter Preis,85000,,05/2016,Benzin,184,,
Volkswagen,Tiguan,1.4 Highline BMT/4Motion/ACC/PDC/LED/NAVI,,18800,Guter Preis,85151,,08/2016,Benzin,150,,
BMW,X1,"20i sDrive NAVI,AHK,TEMP,BT,PDC,BIXENON,KLIMA",,16450,Fairer Preis,99433,,06/2015,Benzin,184,,
Volkswagen,Tiguan,2.0 TSI 155kW 4MOTION LIFE LIFE,,17450,Ohne Bewertung,70000,,12/2013,Benzin,211,,
Volkswagen,Tiguan,2.0 TSI Highline 4Motion DSG*NAVI*ACC*SHZ,,21450,Fairer Preis,81230,,12/2016,Benzin,179,,
Volkswagen,Tiguan,Lounge Sport&Style PANO+NaviPLUS+XENON+18,,16700,Guter Preis,104221,,10/2015,Benzin,150,,
Mercedes-Benz,GLA 250,4MATIC*BI-XE*GARANTIE*NAVI*,,17900,Ohne Bewertung,104550,,08/2014,Benzin,211,,
Mercedes-Benz,GLA 45 AMG,"4M NIGHT EXKLUSIV,COMAND,H/K,MEMORY",,28780,Ohne Bewertung,80000,,07/2017,Benzin,381,,
BMW,X1,Baureihe X1 xDrive 20 i Sport Line,,19999,Fairer Preis,98700,,06/2016,Benzin,192,,
Volkswagen,T-Roc,1.5 TSI DSG Sport*Navi*LED*Virtual*CarPlay,,18890,Guter Preis,116776,,07/2018,Benzin,150,,
Volkswagen,Tiguan,1.4 TSI DSG Comfortline Navi AHK Spurhalt,,20480,Fairer Preis,79017,,03/2017,Benzin,150,,
Volkswagen,Tiguan,Comfortline BMT*PARKASSIST*STANDHZG*,,19399,Fairer Preis,75326,,08/2016,Benzin,150,,
Volkswagen,Tiguan,1.4 TSI ACT DSG Comfortline,,17000,Fairer Preis,105600,,08/2016,Benzin,150,,
Volkswagen,Tiguan,2.0 TSI Sport & Style 4Motion *Pano*DCC*,,14990,Ohne Bewertung,98000,,03/2012,Benzin,179,,
BMW,X1,sDrive 18i Advantage TEMP NAV SHZ AHK,,19330,Sehr guter Preis,91945,,10/2018,Benzin,140,,
Volkswagen,Tiguan,1.4 TSI*LIFE*SHZ*PDC*NAVI*TEMP*S-HFT*1-HD,,12990,Ohne Bewertung,122036,,09/2013,Benzin,160,,
Volkswagen,Tiguan,Sound BMT/Start-Stopp 4Motion/AHK/RFK/LED,,20990,Fairer Preis,90490,,05/2017,Benzin,179,,
Volkswagen,Tiguan,2.0 TSI 4Motion R-Line *ACC*DIGITAL-TACHO,,24990,Fairer Preis,94146,,11/2017,Benzin,179,,
Volkswagen,Tiguan,Life BMT 4Motion|DSG|NAVI|XENON|,,14999,Ohne Bewertung,95000,,07/2014,Diesel,140,,
Mercedes-Benz,GLA 220,AMG Kamera H/K Navi Bi-Xenon AHK,,20999,Fairer Preis,91867,,07/2016,Diesel,177,,
Volkswagen,Tiguan,1.4 TSI ACT BMT Comfortline ,,17500,Fairer Preis,85000,,10/2016,Benzin,150,,
BMW,X2,Baureihe X2 xDrive 20 d M Sport,,28800,Guter Preis,69641,,04/2021,Diesel,190,,
Volkswagen,Sharan,Sound BMT/Start-Stopp,,21100,Fairer Preis,92843,,06/2017,Benzin,150,,
Volkswagen,Tiguan,Highline/R-LINE 2.0 TSI BMT Standheiz.*,,21800,Erhöhter Preis,136122,,10/2016,Benzin,179,,
Volkswagen,Tiguan,1.4 TSI DSG BMT Highline PANO*360CAM*VIRT,,19990,Guter Preis,133100,,01/2017,Benzin,150,,
Volkswagen,Tiguan,"Comfortline BMT/Start-Stopp 4Motion Pano,",,21500,Fairer Preis,80000,,06/2017,Benzin,179,,
Volkswagen,Tiguan,2.0 TSI BMT Sound 4Motion LED Navi ACC,,27950,Erhöhter Preis,71906,,01/2018,Benzin,179,,
Opel,Grandland (X),GRANDLAND INNOVATION 1.2 NAVI+VOLL-LED+TEILLEDER,,14389,Fairer Preis,89999,,11/2018,Benzin,131,,
BMW,X1,xDrive 20 i M Sport Paket /NAVI/LED/AHK/PANO/,,25490,Fairer Preis,66000,,05/2017,Benzin,192,,
Volkswagen,Tiguan,Lounge Sport & Style BMT.Navi.Klimatronic,,16500,Guter Preis,80000,,11/2015,Benzin,150,,
Mercedes-Benz,GLA 200,GLA -Klasse GLA 200 Automatik Bi Xenon N,,18910,Ohne Bewertung,80988,,09/2014,Benzin,156,,
Mercedes-Benz,GLK 350,3.5 V6 Pano/RKam/PDC/Carplay/R19/Leder,,22900,Ohne Bewertung,76000,,03/2015,Benzin,306,,
Volkswagen,Tiguan,1.4TSI Lounge Sport & Style*BI-XENON*NAVI,,15690,Fairer Preis,105000,,12/2015,Benzin,150,,
Mercedes-Benz,GLA 180,AMG Line NAVI+LED+KAMERA+AMBIENTE+AHK,,19999,Fairer Preis,103800,,09/2018,Benzin,122,,
Audi,RSQ3,RS Q3 2.5 TFSI quattro Aut.*NAVI*XENON*BOSE*PDC*,,25730,Ohne Bewertung,104277,,02/2014,Benzin,310,,
Volkswagen,Tiguan,1.5 TSI B #Join #Schiebedach #LED-Scheinw,,25990,Ohne Bewertung,81910,,02/2019,Benzin,150,,
BMW,X6,xDrive35i *Sehr-Gepflegt*Leder*Xenon*Kamera*,,24900,Ohne Bewertung,119800,,06/2014,Benzin,306,,
Volkswagen,Tiguan Allspace,Comfortline HUD*LED*NAV*AHK*KAM*,,23650,Fairer Preis,113330,,03/2019,Benzin,150,,
Volkswagen,Tiguan Allspace,1.4 TSI LED Navi 7-Sitze AHK Pan,,27950,Fairer Preis,75676,,05/2018,Benzin,150,,
Mercedes-Benz,GLA 250,"AMG Line Bi-Xenon LM 19"" Navi PDC vo+hi",,22380,Fairer Preis,56910,,10/2015,Benzin,211,,
Volkswagen,Tiguan,1.5 TSI COMFORTLINE LED+NAV+AHK+STHZG+HuD,,20950,Fairer Preis,91131,,07/2019,Benzin,150,,
Mercedes-Benz,GLC 250,Exclusive 4M *1.H *Pano *LUFT *Memory,,29900,Fairer Preis,100000,,09/2017,Benzin,211,,
Volkswagen,Tiguan,"Highline 2.0 TSI DSG, Klimaautomatik, LED",,22990,Fairer Preis,82200,,09/2017,Benzin,179,,
Volkswagen,Tiguan,"1.4 TSI DSG ""SOUND"" 4M AHK Navi Kamera La",,19990,Fairer Preis,102100,,04/2017,Benzin,150,,
Audi,Q3,1.4 TFSI*Sitzh*Pano*,,16499,Sehr guter Preis,109610,,03/2016,Benzin,150,,
Volkswagen,Tiguan,"Sport & Style BMT PANO/MTL.RATE 171,-",,19980,Fairer Preis,74151,,02/2016,Benzin,150,,
Volkswagen,Tiguan Allspace,Highline 4Mot. TSI DSG Navi AHK,,28555,Erhöhter Preis,74400,,02/2018,Benzin,220,,
Volkswagen,Tiguan,Cup 4 Motion*Panorama*Navi*LED-BI-Xenon*,,14950,Ohne Bewertung,96520,,04/2014,Benzin,160,,
Volkswagen,Tiguan,"R Line, RFK, Pano, Navi",,17300,Sehr guter Preis,79000,,07/2015,Benzin,150,,
BMW,X2,sDrive 20 i Advantage / NAVI /AHK/,,21600,Fairer Preis,109870,,11/2018,Benzin,192,,
Volkswagen,Tiguan,1.5 TSI ACT DSG IQ.Drive Navi ACC SHZ,,22490,Fairer Preis,108500,,06/2019,Benzin,150,,
Mercedes-Benz,GLA 250,4Matic 7G-DCT*1.HD*PANO*LEDER*Bi-XEN*KAM,,21990,Fairer Preis,111000,,01/2016,Benzin,211,,
BMW,X4,xDrive 28i Sp.-Aut.*Leder*SpSitze*Navi*Kamera,,25890,Ohne Bewertung,74865,,11/2014,Benzin,245,,
Volkswagen,Touareg,3.0 TDI 4Motion*AHK*NAVI*Panorama Schieb,,24900,Guter Preis,121500,,01/2016,Diesel,262,,
BMW,X1,sDrive 18i Autom. - Airco - Topstaat! 1Ste Ei,,19990,Sehr guter Preis,77838,,06/2018,Benzin,140,,
Volkswagen,Tiguan,Comfortline 1.4 TSI DSG 1.Hand Scheckheft,,24490,Erhöhter Preis,81659,,08/2017,Benzin,150,,
BMW,X1,xDrive 18d M Sport LED Navi Tempomat USB,,21990,Erhöhter Preis,99295,,01/2017,Diesel,150,,
Volkswagen,Tiguan,1.5 TSI IQ.DRIVE DSG Navi LED ACC PDC AHK,,24950,Fairer Preis,89750,,07/2019,Benzin,150,,
BMW,X3,xDrive30d Advantage HUD/NaviProfessional,,21750,Guter Preis,112307,,05/2016,Diesel,258,,
BMW,X1,Baureihe X1 xDrive 20 iA Advantage*LED+PDC*,,19700,Fairer Preis,93000,,02/2017,Benzin,192,,
Skoda,Karoq,KAROQ DRIVE125 1.5TSI DSG DIGITAL TACHO+NAVIuvm,,21890,Fairer Preis,92246,,07/2020,Benzin,150,,
Volkswagen,Tiguan,"1,4 TSi Comfortline ACC Navi SHZ PDC v+h",,18889,Fairer Preis,98998,,02/2017,Benzin,150,,
BMW,X1,xDr.20i xLine KAM+ACC+AHK+KOMF+DAB+HIFI+SPUR+,,20320,Guter Preis,108000,,12/2016,Benzin,192,,
Audi,Q2,1.4 TFSI sport AHK LED Navi Sitzheizung Allwe,,20950,Fairer Preis,85791,,10/2017,Benzin,150,,
BMW,X1,sDrive18i xLine Aut + 2Jahre-BPS.GARANTIE,,23889,Fairer Preis,77005,,08/2018,Benzin,140,,
BMW,X4,20 i xD M Sportpaket *19 *ACC *H-UP *Memory,,29900,Guter Preis,80000,,06/2017,Benzin,184,,
Volkswagen,Tiguan,1.4 TSI ACT Comfortline 4Motion BM *NAVI*,,18590,Fairer Preis,79556,,12/2016,Benzin,150,,
Volkswagen,Tiguan,"Lounge Sport & Style 1,4 TSI DSG",,16980,Fairer Preis,87564,,03/2016,Benzin,150,,
Volkswagen,T-Roc,1.5 TSI DSG Sport Navi beats SHZ,,22250,Fairer Preis,39500,,09/2019,Benzin,150,,
Mercedes-Benz,GLA 250,*COMAND*LED*FREISPRECH*NAVI,,23995,Guter Preis,104515,,12/2018,Benzin,211,,
Volkswagen,Tiguan Allspace,Highline 4Motion *AHK*Digital T,,33900,Fairer Preis,61500,,06/2019,Diesel,190,,
Volkswagen,Tiguan,1.5 TSI IQ.DRIVE #ACC#LED#CAM#Assist#,,20690,Guter Preis,106500,,06/2019,Benzin,150,,
Volkswagen,Tiguan,1.4 TSI BMT 4Motion Highline DSG AHK Navi,,22980,Fairer Preis,79432,,08/2017,Benzin,150,,
Volkswagen,Tiguan,Automatik 4-Motion Navi Kamera AHK,,18990,Fairer Preis,109677,,10/2016,Benzin,150,,
Audi,Q2,1.4 TFSI design Klima Navi LED Tempomat,,18990,Fairer Preis,79893,,02/2017,Benzin,150,,
BMW,X3,xDrive 20i Automatik Klima PDC GRA AHK,,18990,Ohne Bewertung,69900,,10/2013,Benzin,184,,
Volkswagen,Tiguan,1.4 TSI 4M Highline *LED*AHK*Navi*Virtual,,19390,Fairer Preis,73964,,09/2016,Benzin,150,,
Volkswagen,Tiguan,4Motion*R-LINE*19%*1HD*AUTO*360*PANO*4XSH,,33990,Erhöhter Preis,98900,,09/2019,Diesel,239,,
Volkswagen,Tiguan,1.4 TSI LOUNGE NAVI KAMERA PDC,,14760,Fairer Preis,95260,,09/2015,Benzin,125,,
BMW,X1,sDrive18i Navi Klimaaut. Shz PDC,,15900,Fairer Preis,106974,,10/2017,Benzin,140,,
Volkswagen,Tiguan,1.4 TSI BMT Comfortline 92 kW (125 PS)...,,16789,Sehr guter Preis,84000,,08/2018,Benzin,125,,
BMW,X5 M,Leder Zimt Panorama AHK,,24900,Ohne Bewertung,120000,,10/2011,Benzin,555,,
Volkswagen,Tiguan,2.0 TSI DSG 4Motion Highline 3x R line,,23999,Fairer Preis,107215,,06/2017,Benzin,179,,
Volkswagen,Tiguan,1.4 TSI Lounge Sport & Style | Navi | PDC,,17690,Hoher Preis,112600,,01/2016,Benzin,150,,
Mercedes-Benz,GLA 200,Urban,,21890,Guter Preis,77611,,07/2018,Benzin,156,,
Mercedes-Benz,GLA 200,AMG-Line*Navi*Leder*Vollausstattung*Top*,,16980,Ohne Bewertung,89000,,04/2014,Benzin,156,,
Audi,Q3,1.4 TFSI-Automatik-Navi-1.Hand-PDC-Tüv Neu,,15990,Ohne Bewertung,118619,,03/2014,Benzin,150,,
BMW,X1,xDrive25i M Sportpaket Head-Up HK HiFi DAB,,25850,Fairer Preis,98000,,04/2017,Benzin,231,,
Mercedes-Benz,GLA 250,4Matic 7G-DCT AMG Line *DISTR*NIGHT*H&K*,,22990,Fairer Preis,97000,,05/2017,Benzin,211,,
Volkswagen,Tiguan,Lounge Sport & Style/ Navi/Kamera/Tüv NEU,,15999,Guter Preis,90000,,10/2015,Benzin,150,,
Mercedes-Benz,GLC 250,4Matic Exclusive LED Navi ACC 360° Leder,,30490,Fairer Preis,87899,,06/2017,Benzin,211,,
Volkswagen,Tiguan Allspace,Highline 4Motion  |7 SITZE|AUTOM,,29980,Erhöhter Preis,101000,,07/2018,Benzin,220,,
BMW,X6,xDrive M 50i Individual Kamera/TW/SPH/Scheckh,,25000,Ohne Bewertung,114000,,09/2016,Benzin,449,,
Volkswagen,Tiguan,"2.0 TSI R Line 4 Motion 3,33% STANDH*LED*",,26490,Erhöhter Preis,99880,,06/2019,Benzin,190,,
Volkswagen,Tiguan,1.4 TSI Sport & Style AHK Kamera NAVI GRA,,15489,Erhöhter Preis,95950,,07/2015,Benzin,125,,
Volkswagen,T-Roc,1.5 TSI DSG Style LED Navi AHK ACC Kamera,,22990,Guter Preis,74191,,01/2019,Benzin,150,,
Mercedes-Benz,GLA 250,CGI 4Matic 7G-DCT*AMGLine*SPORT*PANORAMA,,26200,Guter Preis,93700,,11/2018,Benzin,211,,
BMW,X4 M40,M40i -,,25500,Sehr guter Preis,104000,,09/2016,Benzin,360,,
Volkswagen,Touareg,V6 TDI BMT *ACC*Luft*Alcantara,,21990,Ohne Bewertung,105000,,04/2014,Diesel,245,,
Volkswagen,Tiguan,Cup Sport & Style BMT*Panorama*8-fach*,,15450,Ohne Bewertung,85900,,12/2014,Benzin,160,,
Volkswagen,Tiguan Allspace,Highline 4Mot. PanoDach Navi AHK,,29500,Sehr guter Preis,112272,,12/2020,Diesel,200,,
Volkswagen,Tiguan,"Highline 4Motion AUTOMATIK, LED, NAVI, BC",,21990,Guter Preis,110728,,10/2017,Benzin,179,,
Mercedes-Benz,GLA 200,GLA -Klasse GLA 200 Automatik Bi Xenon N,,18210,Ohne Bewertung,80988,,09/2014,Benzin,156,,
Volkswagen,Tiguan,1.4 Lounge Sport & Style*DSG*NAVI*XEN*RFK,,16490,Fairer Preis,90800,,03/2016,Benzin,150,,
Audi,Q3,1.4 TFSI sport S-Line Xenon Standheizung PDC,,17990,Guter Preis,79895,,11/2016,Benzin,150,,
BMW,X1,Baureihe X1 sDrive 18 i Advantage,,18999,Sehr guter Preis,89499,,11/2018,Benzin,140,,
Audi,Q2,design KAMERA|PANO|VIRTUAL|AHK|LED|SPUR*,,19990,Sehr guter Preis,98507,,12/2017,Benzin,150,,
Volkswagen,Tiguan,2.0 TSI Highline 4Motion PANO R-KAM LED,,20490,Fairer Preis,114350,,11/2016,Benzin,179,,
Volkswagen,T-Roc,1.5 TSI DSG Sport LED Navi ACC Sitzheizung,,23990,Fairer Preis,76888,,03/2019,Benzin,150,,
Volkswagen,Tiguan,1.4 TSI Sound LED Navi ACC SHZ PDC Klima,,19950,Fairer Preis,88780,,11/2017,Benzin,150,,
Volkswagen,Tiguan,2.0 TDI SOUND 4M/ LED/Kamera/NAVI/Lenkhz.,,21980,Erhöhter Preis,83251,,07/2017,Diesel,150,,
Volkswagen,Tiguan,*2.0*TDI*DSG*4Motion*AHK*Leder*Individual*,,15999,Ohne Bewertung,113000,,10/2012,Diesel,140,,
BMW,X5,xDrive 25d|1-HAND|AHK|KAMERA|HEADUP|LED|NAVI|,,25990,Ohne Bewertung,120000,,11/2014,Diesel,218,,
Volkswagen,Touareg,V6 TDI Terrain Tech 4Motion R-Line,,28990,Fairer Preis,81100,,12/2015,Diesel,262,,
Volkswagen,Tiguan,1.5 TSI COMFORTLINE LED+NAVI+RFK+AHK+PLA,,19930,Fairer Preis,102286,,07/2019,Benzin,150,,
Mercedes-Benz,GLB 200,GLB -Klasse GLB 200 d,,28900,Guter Preis,121400,,05/2021,Diesel,150,,
Volkswagen,Tiguan,Highline BMT/Start-Stopp 4Motion,,23990,Fairer Preis,102330,,09/2017,Benzin,220,,
Volkswagen,T-Roc,Sport  2.0TSI DSG 4Motion*LED*NAVI*ACC*,,20950,Fairer Preis,93300,,02/2018,Benzin,190,,
MINI,Cooper S,Countryman S All4 LEDER NAVI SHZ LED PDC BT USB,,12890,Guter Preis,107350,,12/2015,Benzin,190,,
Volkswagen,Tiguan,1.4 TSI Comfortline NAVI LANE AHK PDC SHZ,,16900,Fairer Preis,98411,,02/2017,Benzin,125,,
Volkswagen,Tiguan,TIGUAN 1.4 TSI DSG HIGHLINE 4M LED AUDIO ACC WIN,,22390,Erhöhter Preis,75040,,05/2017,Benzin,150,,
Mercedes-Benz,GLC 250,d 4Matic AMG Line,,26491,Sehr guter Preis,84300,,02/2016,Diesel,204,,
Volkswagen,Tiguan,"Highline 4M, LED, Navi, AHK, Kamera, uvm.",,24990,Erhöhter Preis,110134,,04/2017,Benzin,220,,
Volkswagen,Tiguan,Sport & Style R Line PDC Panorama SHZ AHK,,14999,Ohne Bewertung,86216,,04/2014,Benzin,160,,
Volkswagen,T-Roc,"T-ROC 1.5 TSI * SPORT * ACC+VIRTUAL+NAVI+LED+19""",,19300,Fairer Preis,69300,,05/2018,Benzin,150,,
Mercedes-Benz,GLC 250,4M*NAVi*DiSTRO*360°*LED*KEY/GO*LED*SPuR*,,25850,Fairer Preis,101000,,07/2016,Benzin,211,,
Volkswagen,T-Roc,2.0 TDI Active  R-Line|AHK|Navi|CAM|,,24470,Fairer Preis,88858,,01/2022,Diesel,150,,
Volkswagen,T-Roc,/ R-Line / incl. Garantie / 2 Jahre HU & A,,20490,Guter Preis,59412,,01/2023,Benzin,110,,
Volkswagen,Tiguan,Lounge 1.4 TSI DSG Navi Kamera AHK SHZ,,17830,Fairer Preis,79972,,04/2016,Benzin,150,,
Volkswagen,Tiguan,2.0 TDI Highline 4Motion Standheizung AHK,,21990,Erhöhter Preis,112523,,05/2017,Diesel,150,,
Volkswagen,Tiguan,Comfortline BMT AHK 4Motion 8xb.,,16200,Sehr guter Preis,127034,,12/2016,Benzin,179,,
Audi,Q3,sport quattro S-Tronic S-Line R-CAM/SIDE/LANE,,20990,Guter Preis,94550,,10/2015,Benzin,179,,
Mercedes-Benz,GLA 200,GLA -Klasse 200*2 Hand*MB Checkheft*Navi*,,16499,Ohne Bewertung,100000,,05/2014,Benzin,156,,
Audi,Q3,1.4 TFSI*AHK*Panorama*Xenon*Navig.*KeylessGO*,,14990,Ohne Bewertung,114300,,05/2014,Benzin,150,,
BMW,X1,sDrive18d M-Sport*AHK*LED-Scheinwerfer*PDC*Te,,21850,Fairer Preis,86033,,01/2017,Diesel,150,,
BMW,X1,Baureihe X1 sDrive 20i S-DRIVE AHK/ALU/NAVI/,,16250,Ohne Bewertung,112700,,08/2014,Benzin,184,,
Volkswagen,Tiguan,2.0 TSI Allrad DSG Navi AHK RüKa LED ACC,,20990,Sehr guter Preis,78000,,01/2017,Benzin,179,,
Mercedes-Benz,GLA 250,4MATIC DCT Urban | Navi | Panoramaschieb,,21900,Sehr guter Preis,95000,,06/2017,Benzin,211,,
Volkswagen,Tiguan,2.0 TSI 4M 180HP P-VARM COCKPIT T-BAR R-CAM,,21786,Fairer Preis,100900,,10/2017,Benzin,179,,
Volkswagen,Tiguan,Highline 4M*AHK-Pano-HeadUp-LED-ACC*,,26990,Erhöhter Preis,87600,,04/2017,Diesel,190,,
Mercedes-Benz,GLC 250,4-MATIC/PANORAMA/LEDER/SCHECKHEFT/1.HAND,,24900,Guter Preis,97549,,05/2017,Benzin,211,,
Mercedes-Benz,GLK 350,4M MEMORY DISTR 360° 1 HAND NETTO 24.980,,28980,Ohne Bewertung,82943,,05/2015,Benzin,306,,
Mercedes-Benz,GLA 200,AMG Line*Kamera*Heckklappe-elektrisch*,,21990,Fairer Preis,92868,,06/2017,Benzin,156,,
BMW,X3,xDrive20i 1.HAND/AUTOMATIK/LEDER/NAVI/SHZ/,,17890,Ohne Bewertung,77260,,04/2013,Benzin,184,,
Volkswagen,Touareg,V6 TDI #R-Line #Bi-Xenon #DAB #Panorama,,24980,Ohne Bewertung,93750,,10/2012,Diesel,204,,
Volkswagen,Tiguan,1.4 TSI Sport Pano/Leder/RFK/Xenon/Navi,,15950,Fairer Preis,96957,,02/2016,Benzin,150,,
BMW,X4,xDrive 20 d M-Sport KAMERA SHZ HEAD-UP,,22740,Erhöhter Preis,120150,,10/2015,Diesel,190,,
Volkswagen,Tiguan,"Highline 4Motion DSG Leder,Navi,SH,Kamera",,13990,Sehr guter Preis,109990,,07/2017,Benzin,200,,
Mercedes-Benz,GLC 250,4Matic *TOPZUSTAND*AHK*,,24990,Fairer Preis,113780,,12/2015,Benzin,211,,
Volkswagen,Caddy,/AUTOMATIK/SHZ/RFK/UVM..,,24999,Erhöhter Preis,83000,,11/2017,Benzin,125,,
Mercedes-Benz,GLA 200,AMG-Line Night Paket Navi SHZ Pano Xenon,,22400,Guter Preis,54450,,08/2015,Benzin,156,,
BMW,X1,sDrive18i,,19500,Guter Preis,95408,,02/2019,Benzin,140,,
BMW,X5,"xDrive 40 d Aut.Pano,Navi,LederLED,2.HD",,26750,Ohne Bewertung,119565,,10/2014,Diesel,313,,
Mercedes-Benz,GLA 200,Urban Aut.*NAVI*XENON*PDC*SHZ*,,19960,Fairer Preis,85029,,12/2016,Benzin,156,,
Volkswagen,Tiguan,1.4 Tiguan Comfortline/R-LINE/LED/NAVI/ST-HEIZUN,,18999,Erhöhter Preis,77700,,08/2016,Benzin,150,,
Volkswagen,Tiguan,*1.HAND*PANO*BI-XENON*SHZ*TEMP*NAVI*,,10999,Ohne Bewertung,111575,,01/2014,Benzin,160,,
Volkswagen,Tiguan,Cup Sport & Style 1.4 TSI *Bi-Xenon/NAVI,,14450,Ohne Bewertung,97050,,06/2014,Benzin,160,,
Mercedes-Benz,GLC 250,"d 4M NAVI,LED,SPORTSITZE,SPURHALTE,AHK",,27880,Fairer Preis,94000,,02/2016,Diesel,204,,
Mercedes-Benz,GLC 250,"d 4M NAVI,LED,SPORTSITZE,SPURHALTE,AHK",,27880,Fairer Preis,94000,,02/2016,Diesel,204,,
Audi,RSQ3,RS Q3 2.5 TFSI quattro PANO+NAPPA RAUTE+BOSE+KAM,,31376,Erhöhter Preis,104495,,06/2015,Benzin,340,,
Mercedes-Benz,GLA 200,Automatik*Navi*RFK*SHZ*Xenon*,,18990,Guter Preis,85000,,01/2016,Benzin,156,,
Mitsubishi,ASX,"Invite 2WD 1,6, 106.000km!!",,9000,Fairer Preis,106000,,01/2015,Benzin,117,,
Volkswagen,Tiguan,2.0 TSI DSG 4M Highline ACC Navi RFK APP,,19740,Fairer Preis,73950,,06/2016,Benzin,179,,
Volkswagen,T-Roc,1.5 TSI Style NAVI GJ-REIFEN DWA PDC SITZH,,18950,Fairer Preis,81530,,03/2019,Benzin,150,,
Volkswagen,Tiguan,"2,0 TSi Life 4Motion DSG*AHK",,13980,Ohne Bewertung,108000,,11/2013,Benzin,179,,
BMW,X1,sDrive18i M Sport|PDC|LED|Navi|Parkassist.,,21690,Fairer Preis,92550,,05/2019,Benzin,136,,
Volkswagen,Tiguan,Highli 4M 2.0 TSI DSG R line Black Style,,24900,Guter Preis,104000,,09/2019,Benzin,190,,
Volkswagen,Tiguan,Lounge Sport & Style BMT + Navi +1.6t AHK,,9998,Sehr guter Preis,148000,,04/2015,Benzin,122,,
Mazda,CX-5,Sports-Line AWD*Automatik*8-fach bereift*,,16950,Ohne Bewertung,92370,,08/2014,Diesel,175,,
Volkswagen,Tiguan,Sport & Style 4Motion*Pano*PDC*selbst Par,,13490,Ohne Bewertung,100000,,03/2014,Benzin,160,,
BMW,X1,xDrive 20d*M-Sport*AHK*Harmann*ACC*R-Cam,,24870,Fairer Preis,96000,,04/2017,Diesel,190,,
Mercedes-Benz,GLC 220,d 4M 9G-TRONIC Exclusive *LED*AHK*Leder*,,27985,Fairer Preis,87200,,11/2015,Diesel,170,,
BMW,X3,xDrive 20 i Leder/Panorama/Xenon/SHZ/LM,,14950,Ohne Bewertung,99000,,11/2012,Benzin,184,,
BMW,X2,sDrive18i M Sport+LED+NAVI+,,18650,Guter Preis,102000,,12/2018,Benzin,140,,
Volkswagen,Tiguan,Sport & Style 2.0 TDI BMT Navi Klimaautom,,17680,Fairer Preis,76166,,02/2016,Diesel,150,,
BMW,X4,xDrive30d M Sport*HUD*XENON*CAM*NAVI,,25990,Guter Preis,112000,,06/2016,Diesel,258,,
Volkswagen,Tiguan,Comfortline BMT/Start-Stopp,,17900,Fairer Preis,99987,,02/2017,Benzin,150,,
Mercedes-Benz,GLA 45 AMG,"4M NIGHT EXKLUSIV HARMAN/K,DISTRO,20Z",,27480,Ohne Bewertung,75557,,07/2015,Benzin,360,,
Audi,RSQ3,"2.5 TFSI quattro performance,S-line, Voll !",,28490,Sehr guter Preis,114900,,08/2016,Benzin,367,,
BMW,X1,"20i sDrive Advantage Navi,Xenon,SH,PDC",,11400,Ohne Bewertung,89580,,08/2014,Benzin,184,,
Volkswagen,T-Roc,"Sport 4Motion,DSG ,4x4,190 PS",,21900,Guter Preis,19900,,04/2018,Benzin,190,,
Volkswagen,Tiguan,1.4 TSI Sound Navi LED ACC SHZ Klima App-,,18990,Fairer Preis,96368,,12/2017,Benzin,150,,
Volkswagen,Tiguan Allspace,2.0 TSI 132kW DSG 4MOTION Hi...,,25500,Ohne Bewertung,95000,,03/2018,Benzin,179,,
BMW,X3,xDrive20d Advantage Xenon Navi Bus. Tempomat,,21900,Erhöhter Preis,109000,,01/2017,Diesel,190,,
Volkswagen,Tiguan,Lounge Sport & Style*Kamera*Tempomat*AHK*,,15600,Sehr guter Preis,83000,,03/2016,Benzin,150,,
Volkswagen,Tiguan,2.0 Highline R-Line 4Motion AHK Navi,,23980,Erhöhter Preis,107200,,09/2017,Benzin,220,,
Volkswagen,Tiguan,Highline AHK+SHZ+NAVI+EPH+RFK 1.5 TSI OPF,,29490,Fairer Preis,40890,,07/2020,Benzin,150,,
Mercedes-Benz,GLE 350,d 4M 9G LED AHK *Garantie,,37990,Guter Preis,116990,,11/2017,Diesel,258,,
Volkswagen,T-Roc,Sport 4Motion 2.0|ACC|AHK|Lane|LED|Pano|,,23499,Fairer Preis,99977,,05/2018,Benzin,190,,
BMW,X1,sDrive 18iA Advantage Navi/RFK/Multi/Tempomat,,17999,Fairer Preis,90500,,12/2016,Benzin,136,,
Volkswagen,Tiguan,1.5 TSI Elegance *ACC*Matrix-LED*Navi*RFK,,27375,Fairer Preis,53833,,11/2020,Benzin,150,,
Volkswagen,Tiguan,Sport & Style 4Motion*Automatic*Pano*Navi,,15980,Ohne Bewertung,71266,,06/2014,Benzin,179,,
Audi,Q5,TFSI*PANO*B&O*MEMORY*LEDER*LED*SPURHALTE*VOLL,,24990,Erhöhter Preis,85000,,07/2015,Benzin,220,,
BMW,X1,1.5iA*AUT.*PANO DAK*NAVI*ZETELVERWARMING*PDC*,,19890,Fairer Preis,95924,,01/2017,Benzin,136,,
BMW,X5,xDrive35i M Paket AHK MFL NAVI KLIMA RFK SHZ,,26990,Sehr guter Preis,88990,,08/2016,Benzin,306,,
Mercedes-Benz,GL 400,4Matic AMG 7-Sitze B&O 360° Bi-Xenon SHZ,,31977,Ohne Bewertung,120000,,04/2015,Benzin,333,,
Audi,Q3,"2.0 TFSI qu S LINE AHK,LED,MAGNETIC-RIDE,SH",,22480,Guter Preis,73100,,05/2017,Benzin,179,,
Volkswagen,Tiguan,"2.0 TSI HIGHLINE 4M ACC,STANDHEIZ,PANO,SH",,26880,Fairer Preis,58364,,02/2017,Benzin,220,,
Audi,Q3,2.0 TFSI quattro S tronic sport *Pano*Navi*,,21890,Guter Preis,97133,,05/2018,Benzin,179,,
Mercedes-Benz,GLK 350,4Matic AMG*LED*COMMAND*MEMORY*R.KAMERA,,17990,Ohne Bewertung,79950,,09/2012,Benzin,306,,
Volkswagen,Tiguan,R-Line BMT/St-Stopp *R-Line*LED*AHK*,,18900,Fairer Preis,108000,,03/2017,Benzin,150,,
Volkswagen,Tiguan,2.0 TDI DSG 4Motion Sound  AHK Navi LED P,,23889,Fairer Preis,92678,,01/2018,Diesel,150,,
Volkswagen,Tiguan,Highline /R-Line BMT 4Motion 2.0TSI/DSG/,,23990,Erhöhter Preis,117233,,01/2017,Benzin,179,,
Volkswagen,T-Roc,2.0 TSI 4Motion Sport AHK*PANO*NAVI*SOUND,,22680,Fairer Preis,81723,,01/2018,Benzin,190,,
Volkswagen,Tiguan,"Sport & Style NAVI, SITZHEIZUNG, 2x PDC",,13490,Ohne Bewertung,99799,,02/2013,Benzin,160,,
Audi,Q5,2.0 TDI  quattro*PANORAMA*XENON*NAVI*S-LINE,,19885,Ohne Bewertung,101230,,01/2013,Diesel,177,,
BMW,X1,18 i 1.5 136PS sDrive Navi R-Kamera,,17249,Fairer Preis,69938,,06/2017,Benzin,136,,
Volkswagen,Tiguan,1.5 TSI IQ.DRIVE LED Navi Standheizung,,21990,Fairer Preis,89998,,11/2019,Benzin,131,,
Volkswagen,Tiguan,Highline 2.0 TSI BMT Bluetooth Navi LED,,20880,Guter Preis,77000,,02/2017,Benzin,179,,
BMW,X1,Baureihe M-PAKET/AUTOMATIK/LEDER/NAVI/TÜV NEU,,18700,Ohne Bewertung,73000,,12/2014,Diesel,218,,
Volkswagen,Tiguan,Sport & Style BMT R-Line 1. Hand HU NEU,,14999,Ohne Bewertung,82000,,03/2014,Benzin,160,,
Volkswagen,Tiguan,"Comfortline TSI,DSG,AHK,",,18975,Fairer Preis,87013,,05/2017,Benzin,150,,
Mercedes-Benz,GLC 250,"4M EXCLUSIVE COMAND,KAMERA,PANO,LEDILS",,27880,Fairer Preis,78500,,11/2015,Benzin,211,,
BMW,X1,sDrive 18 i xLine *NAVI*AUTOMATIK,,17900,Erhöhter Preis,96958,,06/2016,Benzin,136,,
Mercedes-Benz,GLA 200,GLA -Klasse GLA 200 Street Style AMG,,16790,Sehr guter Preis,95000,,06/2015,Benzin,156,,
Mercedes-Benz,GLA 45 AMG,4M *2.H *Pano *Bi-Xenon*Kamera*COMAND,,26990,Ohne Bewertung,135126,,09/2015,Benzin,381,,
Volkswagen,Tiguan,2.0 TSI 4Motion DSG Highline AHK Navi,,26890,Fairer Preis,83600,,05/2019,Benzin,230,,
Volkswagen,Tiguan,Sport & Style BMT AUTOMATIK,,14950,Fairer Preis,99800,,07/2015,Benzin,160,,
Volkswagen,Tiguan,2.0TDI SOUND NAV+ACC+AHK+SHZ+2xPDC+NSW+BT,,18530,Fairer Preis,107200,,04/2017,Diesel,150,,
Audi,RSQ3,RS Q3 2.5 TFSI quattro +Bose+Panoramadach+,,27990,Ohne Bewertung,95003,,04/2014,Benzin,310,,
Volkswagen,Tiguan,Sound 4Motion *HU+SERVICE+ALLWETTER NEU*,,22900,Fairer Preis,96000,,01/2018,Benzin,179,,
Volkswagen,Tiguan,2.0 Highline 4Motion/LED/HUD/360°/AHK/PAN,,20900,Fairer Preis,122800,,04/2016,Benzin,179,,
Volkswagen,Tiguan,2.0 TDI Highline 4Motion *Standheizung*LE,,24546,Fairer Preis,103344,,12/2017,Diesel,190,,
Volkswagen,Tiguan,1.4 TSI DSG Sport&Style AHK Kamera 1.Hand,,16950,Ohne Bewertung,53122,,10/2014,Benzin,160,,
Volkswagen,Tiguan,1.4 TSI DSG 4MOTION  R line Ausstattung,,19980,Fairer Preis,106000,,01/2018,Benzin,150,,
Audi,Q5,2.0TFSI quattro *S-line  *PANO *KAMERA *NAVI,,18490,Ohne Bewertung,100213,,01/2015,Benzin,220,,
Mercedes-Benz,GLC 250,4MATIC Navi/Keyless-Go/Autom./Klima/BC,,24790,Fairer Preis,114900,,02/2016,Benzin,211,,
BMW,X1,xDrive 20iA AHK KAMERA KLIMA PDC SHZ 1.HAND,,19560,Guter Preis,95690,,07/2017,Benzin,192,,
Volkswagen,Tiguan,1.4 TSI Sound NAVI+AHK+ACC+LED,,20490,Fairer Preis,97146,,11/2017,Benzin,150,,
Volkswagen,T-Cross,R Line  1.5 TSI DSG/LED/CAM,,24200,Guter Preis,47890,,12/2020,Benzin,150,,
Mazda,CX-5,SKYACTIV-G 165 AWD Aut. Exclusive-Line,,22890,Erhöhter Preis,84849,,04/2019,Benzin,165,,
Mercedes-Benz,GLA 200,AMG Line AMG Line,,22500,Erhöhter Preis,110000,,04/2017,Benzin,156,,
Volkswagen,Tiguan,1.4 TSI Lounge XENON+NAVI+PDC HI.+KAMERA,,14990,Fairer Preis,79990,,07/2015,Benzin,150,,
Mercedes-Benz,GLC 250,4Matic AMG Line NAVI E-Heck Kamera Leder,,29999,Erhöhter Preis,119000,,01/2017,Benzin,211,,
Mercedes-Benz,GLA 200,Score |PANO |AHK |PDC |NAVI |BI XEN |SZH,,17490,Guter Preis,103400,,07/2016,Benzin,156,,
BMW,X3,Baureihe X3 xDrive 30 i xLine*Navi*Leder*LED*,,29999,Guter Preis,69000,,03/2021,Benzin,252,,
Volkswagen,Tiguan,2.0 TSI 132kW DSG BMT 4MOTION Highlin...,,23000,Guter Preis,77500,,05/2017,Benzin,179,,
Volkswagen,Tiguan,1.5 TSI DSG IQ /Navi/Shz/Spur/ACC/VZE/Ahk,,21490,Guter Preis,85890,,10/2019,Benzin,150,,
Volkswagen,Tiguan,Cup Sport & Style BMT,,13900,Ohne Bewertung,85000,,11/2014,Benzin,160,,
Volkswagen,T5 Transporter,T5 2.0TDI Pritsche Doka AHK Klima Standheizung,,21380,Guter Preis,91000,,07/2015,Diesel,140,,
Volkswagen,Tiguan,Highline 1.4TSI 4Motion AHK PANO NAVI,,17990,Guter Preis,98675,,10/2017,Benzin,150,,
Mercedes-Benz,GLA 45 AMG,GLA45 AMG 4M DISTRONIC+COMAND+360°+SPORTABGAS,,27800,Ohne Bewertung,99959,,10/2018,Benzin,381,,
BMW,X1,xDrive20d Sport Line PANO+AHK+HIFI+DRI-ASSIST,,19600,Fairer Preis,118000,,11/2015,Diesel,190,,
Mercedes-Benz,GLA 180,"Pano,Standhzg.,Sitzhzg.,Elkr. Heckklappe",,19890,Guter Preis,84516,,02/2017,Benzin,122,,
Volkswagen,Tiguan,Sound BMT/Start-Stopp 4Motion,,19900,Guter Preis,99645,,10/2017,Benzin,150,,
Volkswagen,Tiguan,2.0 TSI 162kW DSG 4MOTION Highline R-Line,,25990,Fairer Preis,86000,,01/2018,Benzin,220,,
BMW,X1,20 d xDrive 20d Automatik Navi Panorama Xenon,,15990,Ohne Bewertung,94990,,03/2012,Diesel,177,,
Volkswagen,Tiguan,Highline 2.0 TSI DSG 4Motion PANO AHK EL.,,22485,Guter Preis,79015,,12/2017,Benzin,179,,
BMW,X1,Baureihe X1 sDrive 18 i NAVI+KLIMA+BLUETOOTH+PDC,,16879,Guter Preis,65180,,10/2016,Benzin,136,,
Volkswagen,Tiguan,Lounge Sport & Style BMT,,15499,Fairer Preis,99000,,02/2016,Benzin,150,,
Audi,Q3,basis quattro,,18799,Sehr guter Preis,101746,,12/2017,Benzin,179,,
Mercedes-Benz,GLA 200,", NAVI, XENON, AHK, PDC..",,15980,Ohne Bewertung,99500,,08/2014,Benzin,156,,
Volkswagen,Amarok,"3,0 V6 TDI Aventura 4Motion*Garantie*",,37000,Fairer Preis,57000,,06/2017,Diesel,224,,
Volkswagen,Tiguan,2.0 TSI BMT Highline 4Motion Klima Navi,,24850,Erhöhter Preis,77590,,04/2017,Benzin,220,,
Mercedes-Benz,GLA 200,Urban NAVI+SHZ+FSE+BT+CD+KLIMA+XENON+PDC,,18900,Fairer Preis,76648,,05/2015,Benzin,156,,
Audi,Q5,3.0 TFSI quattro |2xS-Line|ACC|Pano|B&O|Xenon,,23890,Ohne Bewertung,116500,,05/2014,Benzin,272,,
Opel,Mokka,Innovation *1.Hand*Erst 79tkm*Automatik*,,13999,Fairer Preis,79992,,05/2016,Diesel,136,,
BMW,X1,xDrive 20i M Sport LED+NAVI+AHK+SHZ+RFK+TEMP+,,23760,Fairer Preis,79550,,05/2017,Benzin,192,,
BMW,X1,"18i sDrive *M-Paket *Navi *AHK *18"" *ATM",,14999,Ohne Bewertung,96100,,04/2012,Benzin,150,,
Volkswagen,Tiguan,Highline 4MOTION 2.0 TSI 162 kW DSG,,26890,Erhöhter Preis,92866,,08/2017,Benzin,220,,
Audi,Q3,2.0TFSI Sport Quattro AHK Navi Pano DAB,,24387,Fairer Preis,71563,,04/2017,Benzin,179,,
Hyundai,SANTA FE,Santa Fe 2.2 CRDi Premium 4WD Bi-Xenon Navi AHK,,25990,Erhöhter Preis,58541,,03/2016,Diesel,200,,
Audi,Q2,1.4 TFSI S tronic sport *S-line*LED*ACC*19Zol,,22850,Fairer Preis,87151,,05/2018,Benzin,150,,
Volkswagen,Amarok,2.0TDI HIGHLINE DC*EDS*NAVI*SHZ*AHK*HARDT,,21990,Ohne Bewertung,81346,,09/2014,Diesel,179,,
Volkswagen,Tiguan,2.0 TDI R Line BMT 4M,,19999,Ohne Bewertung,84000,,01/2014,Diesel,177,,
BMW,X4,xDrive35i*M Sport*Schiebedach*HeadUp*360°*,,23850,Sehr guter Preis,124900,,12/2015,Benzin,306,,
Audi,Q3,"quattro*S-LINE*XENON-PDC V+H-NAVI-DAB-LM 17""",,22860,Erhöhter Preis,96477,,11/2015,Diesel,150,,
Volkswagen,Tiguan,Highline BMT/Start-Stopp 4Motion,,22490,Fairer Preis,103000,,01/2018,Benzin,150,,
Volkswagen,Tiguan,"1,4 TSI *Garantie*187€ mtl.",,13950,Ohne Bewertung,97000,,06/2013,Benzin,160,,
Mercedes-Benz,GLA 200,AMG Line* BI-XENON*NAVI*PANO*ASSIST*KAM*,,20982,Fairer Preis,109500,,04/2017,Benzin,156,,
Volkswagen,T-Roc,2.0  Sport 4M AHK+ACC+DCC+LED+KAMERA+BEATS,,22450,Fairer Preis,97400,,02/2018,Benzin,190,,
Volkswagen,Tiguan,Cup*Panoramadach*Voll Scheckheftgepflegt*,,15150,Guter Preis,98600,,12/2015,Benzin,160,,
Audi,Q3,2.0 TFSI quattro 3x S-Line NAVI BOSE LED ,,23000,Fairer Preis,88470,,04/2016,Benzin,220,,
Volkswagen,Tiguan,1.5 TSI Comfortline LED Navi Klimaaut.,,20890,Fairer Preis,85545,,10/2019,Benzin,131,,
Audi,Q2,1.4 TFSI sport S-Line S-Tronic LED Head-Up,,21950,Fairer Preis,77507,,11/2017,Benzin,150,,
BMW,X3,xDrive28i xLine Automatik  Panoramadach,,19950,Sehr guter Preis,75000,,01/2016,Benzin,245,,
Volkswagen,T-Roc,2.0 TSI Sport 4Motion DSG LED Navi ACC AHK,,25950,Erhöhter Preis,63740,,03/2018,Benzin,190,,
BMW,X1,20 i M Sportpaket Panorama LED Navi Tempomat,,22998,Fairer Preis,129410,,10/2017,Benzin,192,,
Volkswagen,Tiguan,"1,4 TSI ""Sport & Style""-NAVI-PANO-ALU-PDC",,13980,Ohne Bewertung,91124,,09/2013,Benzin,122,,
Volkswagen,T-Roc,2.0 TSI Sport 4Motion/LED/ACC/SHZ/AppConn.,,19890,Fairer Preis,98000,,11/2017,Benzin,190,,
Volkswagen,Tiguan,IQ.DRIVE*ACC*PDC*AppleCar*Tot-Winkel*Navi,,22950,Fairer Preis,98453,,01/2020,Benzin,150,,
BMW,X2,sDrive 20i M Sport X /AHK/Pano/Head-up/,,25990,Fairer Preis,93697,,05/2019,Benzin,192,,
Audi,Q3,2.0 TFSI quattro Sport Aut.*S-LINE*NAVI*LED*,,21510,Fairer Preis,105695,,02/2016,Benzin,220,,
BMW,X3,sDrive 20 i Navi|Xeno|SHZ|HeadUp|Kamera|Leder,,22950,Guter Preis,69500,,08/2015,Benzin,184,,
Audi,Q3,2.0 TFSI quattro Xenon Plus/Tempomat/PDC/Navi,,17490,Ohne Bewertung,99590,,04/2014,Benzin,211,,
BMW,X1,18d xDrive Sport Line|SHZ|PDC|MFL|Bi-XEN|TEMP,,14990,Ohne Bewertung,100000,,02/2014,Diesel,143,,
Volkswagen,Tiguan,Sport & Style BMT *MIT 2 JAHRE GARANTIE*,,15980,Ohne Bewertung,122000,,11/2014,Benzin,160,,
BMW,X3,xDrive 20i Aut X-LINE TEILLEDER  PANORAMADACH,,17499,Ohne Bewertung,74994,,06/2014,Benzin,184,,
Volkswagen,Tiguan,R Line *DSG*Pano*Navi*Leder*Bi Xenon*,,16990,Ohne Bewertung,71000,,11/2014,Benzin,160,,
BMW,X1,sDrive 18 i Advantage Business Navi,,16490,Guter Preis,72753,,08/2017,Benzin,140,,
Volkswagen,Tiguan,Sport & Style DSG 4Motion R-Line NAVI BT,,18990,Ohne Bewertung,104000,,03/2014,Diesel,177,,
Volkswagen,T-Roc,2.0 TSI DSG R 4Motion Navi AHK DCC,,29350,Fairer Preis,49900,,06/2020,Benzin,300,,
Mercedes-Benz,GLC 250,4Matic 1.Hand*SHG*TÜV:NEU*LED*NAVI*,,24999,Fairer Preis,79000,,06/2016,Benzin,211,,
Audi,RSQ3,RS Q3 2.5 TFSI quattro MTM 424 (PS) KW Fahrwerk,,26989,Ohne Bewertung,111000,,02/2014,Benzin,424,,
Mercedes-Benz,GLA 220,d 4M PEAK AMG NIGHT KAM MEMORY NAVI LED,,23200,Fairer Preis,96359,,06/2017,Diesel,177,,
Volkswagen,Tiguan,Lounge Sport & Style*DSG*Navi*LED*R-Kamer,,15860,Guter Preis,75870,,12/2015,Benzin,150,,
Volkswagen,Tiguan,2.0 TSI Highline 4Motion*Panoram*RFK*Navi,,22990,Fairer Preis,125000,,12/2016,Benzin,220,,
Mercedes-Benz,GLA 200,/ Navi /Klima/Sportfahrwerk,,20350,Fairer Preis,121412,,04/2018,Benzin,156,,
Ford,Kuga,2.0TDCI 4X4 Aut.ST-Line+XENON+NAVI+KAMERA,,21850,Fairer Preis,77152,,12/2019,Diesel,179,,
Volkswagen,Tiguan,1.4 TSI Sport & Style AHK Panodach NAVI G,,16885,Erhöhter Preis,75310,,10/2015,Benzin,125,,
BMW,X5,xDrive30d ,,22500,Ohne Bewertung,95000,,12/2013,Diesel,245,,
Mercedes-Benz,GLA 200,Aut. Style/NAVI/TEMPOMAT/PDC/SHZ./18ZOLL,,19490,Guter Preis,88000,,10/2016,Benzin,156,,
BMW,X6,,,22500,Ohne Bewertung,72580,,07/2011,Benzin,408,,
Mercedes-Benz,ML 63 AMG,ML -Klasse ML 63 AMG|VOLL,,29500,Ohne Bewertung,92462,,05/2012,Benzin,525,,
Volkswagen,Tiguan,Cup Sport & Style BMT 4Motion,,16890,Fairer Preis,122000,,12/2014,Diesel,177,,
Volkswagen,T-Roc,Sport/ACC/LED-Scheinwerfer/NAVI/AHK,,19999,Fairer Preis,102800,,04/2018,Benzin,150,,
Mercedes-Benz,GLK 220,"CDI  4 Matic, AHK, NAVI, PDC, XENON",,19880,Ohne Bewertung,119655,,03/2012,Diesel,170,,
Volkswagen,Tiguan,SOUND 1.4TSI DSG Navi AHK LED RearView,,22990,Fairer Preis,84711,,05/2018,Benzin,150,,
Mercedes-Benz,GLC 250,4Matic 9-G*EXCLUSIVE*LED*AHK*,,26980,Fairer Preis,59139,,06/2016,Benzin,211,,
Volkswagen,Tiguan,2.0 TSI DSG 4M R-LINE NAVI KAMERA PANO AH,,25960,Fairer Preis,107339,,02/2018,Benzin,179,,
BMW,X1,"sDrive 20i Autom, Navi, LED",,17499,Ohne Bewertung,76600,,02/2015,Benzin,184,,
Audi,Q5,2.0 TDI  quattro S line Sport / Plus,,18990,Ohne Bewertung,105150,,10/2013,Diesel,177,,
Audi,Q5,2.0 TFSI quattro S LINE SPORT SELECT+AHK+NAVI,,23880,Fairer Preis,67500,,12/2016,Benzin,179,,
Volkswagen,Tiguan Allspace,TIGUAN ALLSPACE 2.0TSi HIGHLINE 4M LED/ACC/PANO,,25845,Fairer Preis,97695,,05/2018,Benzin,179,,
Audi,Q3,"2.0 TFSI qu S tronic 3x S Line Navi,Leder,LED",,23443,Fairer Preis,73250,,08/2017,Benzin,179,,
Audi,Q3,"2.0 TFSI qu S tronic 3x S Line Navi,Leder,LED",,23443,Fairer Preis,73250,,08/2017,Benzin,179,,
Mercedes-Benz,GLA 200,7G-DCT URBAN *NAVI*ANSCHLUSSGARANTIE*LED,,20870,Sehr guter Preis,84800,,03/2019,Benzin,156,,
BMW,X1,xDRIVE 20i SPORT LINE*AUT.*LED*NAVI*KAMERA*,,17500,Sehr guter Preis,108000,,10/2016,Benzin,192,,
Mercedes-Benz,GLC 220,"d 4Matic, Navi, PDC, Sitzheiz., Klimaau.",,25950,Fairer Preis,119000,,09/2015,Diesel,170,,
Volkswagen,Tiguan,2.0 TSI DSG 4MOTION Highline Panoramadach,,15900,Sehr guter Preis,101000,,07/2016,Benzin,170,,
Volkswagen,Tiguan,Comfortline BMT/Start-Stopp 1.Hand,,19999,Guter Preis,93000,,05/2018,Benzin,150,,
BMW,X1,xDrive20i xLine Steptronic Aut. Klimaaut. AHK,,22990,Fairer Preis,63008,,11/2017,Benzin,192,,
Mercedes-Benz,GLA 45 AMG,Mercedes-AMG GLA 45 4MATIC DCT AMG,,25500,Ohne Bewertung,73500,,09/2015,Benzin,381,,
Audi,Q3,design quattro 2.0 TFSI AHK LED Klimaautomati,,21970,Guter Preis,91200,,07/2018,Benzin,179,,
Volkswagen,Tiguan,Trend & Fun BMT 1.4 TSI Navi KLIMAAUTO. S,,15480,Fairer Preis,87500,,02/2016,Benzin,150,,
Mercedes-Benz,GLA 200,Urban AUT*NAVI*LED*PANORAMA,,19490,Guter Preis,106406,,04/2017,Benzin,156,,
Volkswagen,Tiguan Allspace,2.0 TSI Highline  R-Line 4Motion,,27989,Erhöhter Preis,96121,,07/2019,Benzin,220,,
Volkswagen,Tiguan,2.0 TSI DSG 4X4 R-line Leder Pano LED....,,24990,Fairer Preis,102000,,01/2018,Benzin,179,,
Volkswagen,T-Roc,TDI 4M DSG STYLE GELB&BLACK PANORAMA / LED,,21777,Fairer Preis,83000,,12/2017,Diesel,150,,
Volkswagen,Tiguan,TIGUAN 1.4 TSI DSG LOUNGE-SPORT|NAVI|KAMERA|PDC,,15990,Sehr guter Preis,57500,,12/2015,Benzin,150,,
Volkswagen,Tiguan,Sport & Style BMT - 4Motion,,18990,Ohne Bewertung,93144,,01/2015,Diesel,177,,
BMW,X1,xDrive 20i 1.Hand Navi LED SHZ PDC v+h Tempom,,19450,Fairer Preis,109124,,05/2017,Benzin,192,,
Audi,Q5,2.0 TFSI Q Tiptronic S line Xenon Pano B&O Ka,,20980,Guter Preis,113000,,06/2015,Benzin,220,,
BMW,X2,sDrive 20i M SportX Navi LED HarmanKardon SHZ,,23990,Guter Preis,75000,,12/2018,Benzin,192,,
Mercedes-Benz,GLC 250,GLC250*4MATIC*Exclusive*AHK* LED*el. Heckklappe*,,27980,Fairer Preis,98150,,01/2017,Benzin,211,,
Volkswagen,Tiguan,2.0 TSI DSG R-Line 4Motion*NAVI*LED*VIRT*,,25990,Fairer Preis,94000,,05/2018,Benzin,179,,
BMW,X1,X-DRIVE 20i M-SPORTPAKET NAVI-KAMERA-PANORAMA,,23900,Fairer Preis,90440,,07/2017,Benzin,192,,
Audi,SQ5,3.0 TDI quattro  Panodach Navi Xenon Leder S,,26749,Ohne Bewertung,105007,,07/2014,Diesel,313,,
Audi,Q2,Sport 1.4 TFSI AHK LED VC PDC GRA Sitzh Navi,,20440,Fairer Preis,74000,,07/2017,Benzin,150,,
BMW,X1,SDrive / 100,,19995,Erhöhter Preis,79537,,09/2016,Benzin,136,,
Volkswagen,T-Roc,2.0 TDI Sport 4M DSG +LED+AHK+NAVI,,21800,Fairer Preis,98686,,04/2018,Diesel,150,,
Volkswagen,Tiguan Allspace,*4MO*KAM*ViCo*eAHK*StandHz*PANO,,31880,Fairer Preis,76253,,11/2021,Benzin,190,,
Volkswagen,Tiguan,R-Line BMT/Start-Stopp 4Motion 1 HAND,,26490,Guter Preis,90000,,10/2019,Benzin,190,,
Volkswagen,Tiguan,R-LINE 2.0 TDI/BMT/4Motion/AHK/ACC/VC,,25788,Fairer Preis,113165,,07/2017,Diesel,239,,
Mercedes-Benz,GLA 180,AMG PEAK Edition Automatik,,20500,Guter Preis,84700,,06/2017,Benzin,122,,
Volkswagen,Tiguan,2.0 TSI 4Motion Aut. Highline Pano LED,,23200,Fairer Preis,78050,,08/2017,Benzin,220,,
Audi,Q3,TFSI quattro S-LINE PANO TOTW KAMERA SPUR,,22480,Guter Preis,86600,,05/2016,Benzin,220,,
Volkswagen,Tiguan,Comfortline*1.Hand*Facelift*Navi*ACC*Cam,,15998,Erhöhter Preis,94236,,09/2016,Benzin,125,,
Volkswagen,Tiguan,4MOTION*R LINE*360°*PANO*DYNAUDIO*HUD,,22990,Hoher Preis,119935,,08/2017,Benzin,150,,
Mercedes-Benz,GLK 250,CDI BlueTec 4Matic*SPORT-FAHRWERK*PANO*,,27980,Ohne Bewertung,73737,,06/2014,Diesel,204,,
BMW,X3,"xDrive20d M SPORT NAVIPROF,HUD,KEYLESSGO,AHK",,24780,Guter Preis,100000,,08/2017,Diesel,190,,
Volkswagen,Touareg,3.0 TDI 4Motion DSG AHK Airmatic Leder,,29990,Hoher Preis,111942,,01/2016,Diesel,262,,
Mercedes-Benz,GLA 180,7G Urban Navi_Pano_Kamera_Xenon_PDC,,18850,Guter Preis,98000,,11/2016,Benzin,122,,
Volkswagen,Tiguan,2.0 TSI Sport & Style 4Motion*DSG*Xenon*,,14990,Ohne Bewertung,78000,,06/2013,Benzin,179,,
Volkswagen,Tiguan,Sport & Style 2.0 TDI 4Motion*Bi-Xenon*,,13890,Ohne Bewertung,90000,,12/2014,Diesel,140,,
Mercedes-Benz,GLC 300,4M AMG Line*360°NAVI*ACC*PDC*LEDER*XENON,,28550,Guter Preis,119000,,11/2017,Benzin,245,,
BMW,X1,sDrive 18i xLine-Navi Prof.-Leder-HUD-LED-AHK,,18790,Guter Preis,106810,,05/2017,Benzin,136,,
Mercedes-Benz,GLK 350,CDI 4M*AMG*V6*Dist+*XENON*PANO*360*AHK*,,28990,Ohne Bewertung,114600,,06/2014,Diesel,265,,
Volkswagen,T-Roc,2.0 TSI DSG 4MOTION  R-line  Navi ACC  AHK,,22990,Fairer Preis,85000,,06/2018,Benzin,190,,
BMW,X1,xDrive 20 i Advantage Navi LED Mehrzonenklima,,17900,Guter Preis,101500,,04/2017,Benzin,192,,
Volkswagen,Tiguan,IQ.DRIVE 1.5 TSI AHK+NAVI+SHZ,,21250,Fairer Preis,101824,,01/2020,Benzin,150,,
Volkswagen,Tiguan,2.0 TSI 4Motion DSG Join Bluetooth Navi,,23900,Fairer Preis,83507,,05/2018,Benzin,179,,
Volkswagen,Tiguan,2.0 TSI BMT Highline 4Motion Standheizung,,23980,Erhöhter Preis,83578,,12/2017,Benzin,179,,
BMW,X1,sDrive 20 i M Sport Garantie LED AHK,,24970,Fairer Preis,75500,,12/2018,Benzin,192,,
Mercedes-Benz,C 250,Lim. BlueTec / d 4Matic,,19900,Sehr guter Preis,71184,,06/2015,Diesel,204,,
Volkswagen,Tiguan,2.0 TSI DSG Sport&Style 4M. AHK Xenon Nav,,19490,Fairer Preis,66163,,09/2015,Benzin,179,,
Citroën,C4 Cactus,1.2 Feel Edition NAVI KAMERA SHZ AHK,,11490,Ohne Bewertung,100561,,02/2018,Benzin,82,,
BMW,X1,sDrive 18i M Sport/LED/Kamera/Navi/AHK/19Zoll,,19990,Fairer Preis,98326,,11/2017,Benzin,140,,
BMW,X5,M50d xDrive*2HD*TV*LED*HUD*PANOR*AHK*4XSH*EU6,,33990,Guter Preis,140900,,11/2015,Diesel,381,,
BMW,X1,xDrive20i Advantage Navi LED RFK AHK,,19480,Guter Preis,71500,,05/2016,Benzin,192,,
Volkswagen,Tiguan,2.0 TSI Highline 4Motion,,25950,Guter Preis,97000,,12/2019,Benzin,190,,
Mercedes-Benz,GLA 200,/URBAN/Xenon/Navi/Scheckhefthistory/EURO6,,17800,Sehr guter Preis,77029,,03/2015,Benzin,156,,
BMW,X3,xDrive 20 i *** 1. Hand ***,,14999,Ohne Bewertung,100000,,03/2013,Benzin,184,,
Volkswagen,Tiguan,2.0 TSI DSG 4Motion Highline*LED*ACC*,,22885,Fairer Preis,73485,,04/2017,Benzin,179,,
Volkswagen,Tiguan Allspace,Highline 4Motion*R-Line*PANO*,,28497,Fairer Preis,99711,,06/2019,Benzin,220,,
BMW,X5 M,Standhzg.-Pano-HeadUp-KeyGo-AHk-Kamera,,26980,Ohne Bewertung,124500,,04/2012,Benzin,555,,
BMW,X1,sDrive 18d xLine 18LM,,21448,Erhöhter Preis,100000,,09/2017,Diesel,150,,
Audi,Q3,2.0 TFSI quattro/Leder/Stronic/Side Assist/,,16950,Ohne Bewertung,98500,,01/2014,Benzin,170,,
Volkswagen,Tiguan,Comfortline DSG/Navi/ACC+VIRTUELL,,19800,Fairer Preis,109000,,09/2017,Benzin,150,,
BMW,X1,"20i Aut ADVANTAGE LED+NAV+SHZ+PDC+GRA+DAB+19""",,23830,Fairer Preis,77900,,03/2019,Benzin,192,,
Volkswagen,Tiguan,Highline TSI 4Motion  R-Line DSG AHK,,20980,Fairer Preis,124000,,07/2016,Benzin,179,,
BMW,X6,"xDrive30d NAVIPROF,TOPVIEW,MEMORY,AHK,BIXENON",,26880,Ohne Bewertung,68520,,09/2014,Diesel,245,,
Volkswagen,Tiguan Allspace,Comfortline 4Motion DSG,,25995,Fairer Preis,89500,,05/2018,Benzin,179,,
BMW,X1,xDrive 20 i Advantage NAV|LED,,17689,Fairer Preis,107100,,06/2016,Benzin,192,,
Volkswagen,Tiguan,Sport & Style BMT**Sehr guter Zustand!!**,,13990,Ohne Bewertung,99349,,02/2015,Benzin,122,,
BMW,X1,xDrive 20i xLine Klima Einparkhilfe,,21490,Fairer Preis,72750,,12/2016,Benzin,192,,
Audi,SQ5,3.0 TFSI tiptronic quattro ,,24990,Ohne Bewertung,97000,,07/2016,Benzin,354,,
Mercedes-Benz,GLA 250,4Matic 211 PK AMG | STOELVERW. | kamera,,18500,Ohne Bewertung,120142,,07/2014,Benzin,211,,
Volkswagen,Tiguan Allspace,*7SITZER*AHZV*DCC*LHZ*FSH*4xSHZ*,,23499,Sehr guter Preis,113000,,03/2018,Benzin,150,,
Audi,Q5,"2.0 TFSI quattro,S line*AHK*Pano*B&O*Xenon",,19500,Ohne Bewertung,86600,,12/2012,Benzin,224,,
BMW,X1,Baureihe X1 sDrive 18 i M Sport   HEAD UP,,19480,Erhöhter Preis,104000,,05/2019,Benzin,140,,
Audi,Q3,2.0 TFSI quattro S tronic*Navi/Kamera/SHZ*,,18980,Ohne Bewertung,81600,,02/2015,Benzin,179,,
Mercedes-Benz,GLA 200,Urban BiXenon*AHK*Teilleder*Kamera*PDC,,18490,Fairer Preis,89110,,09/2016,Benzin,156,,
Volkswagen,Tiguan,Sound Ruby Red!,,20690,Fairer Preis,75279,,10/2017,Benzin,150,,
Mercedes-Benz,GLC 250,/4Matic/NAVI/LED/TOTW/TEMPOMAT,,26900,Guter Preis,89755,,11/2016,Benzin,211,,
BMW,X6,xDrive 50 i M Paket Night-Vision*Soft-Close*,,29950,Ohne Bewertung,133307,,03/2015,Benzin,449,,
Volkswagen,Tiguan,2.0 TSI Highline BMT 4Motion LED DCC ACC,,19999,Fairer Preis,112000,,01/2018,Benzin,179,,
Volkswagen,Tiguan Allspace,1.4TSI DSG LED NAV APP ACC 7Sitz,,25480,Fairer Preis,88963,,01/2018,Benzin,150,,
Mercedes-Benz,GLA 200,Urban Offroad-Komfortfahrwerk Park-Assis,,19100,Sehr guter Preis,79000,,11/2016,Benzin,156,,
Audi,RSQ3,2.5 TFSI S tronic quattro NAVI LEDER ADS,,28990,Ohne Bewertung,96770,,01/2014,Benzin,310,,
BMW,X1,"Baureihe X1 sDrive 18 i M Sport, HIFI,",,19480,Fairer Preis,104500,,05/2019,Benzin,140,,
BMW,X1,"Baureihe X1 sDrive 18 i M Sport ,",,19480,Erhöhter Preis,104500,,05/2019,Benzin,140,,
Mercedes-Benz,GLC 250,"2,0l 211 PS Exclusive 4Matic+Navi",,26790,Fairer Preis,81420,,06/2016,Benzin,211,,
Mercedes-Benz,ML 350,CDI AMG Line *Luft *AHK *Distr. Standhzg.,,26990,Ohne Bewertung,122844,,10/2013,Diesel,258,,
Volkswagen,Tiguan,JOIN TSI DSG 4MOTION NAVI SHZ LED PDC EL.,,22929,Fairer Preis,83658,,06/2018,Benzin,150,,
Volkswagen,Tiguan,1.5 TSI IQ.DRIVE APP+ACC+SHZ+RFK+AHK+PLA,,21430,Guter Preis,84619,,12/2019,Benzin,150,,
Mercedes-Benz,GLA 200,CDI 4 Matic Bi-Xenon*Temp*Memory*AHK*,,15950,Ohne Bewertung,111170,,11/2013,Diesel,136,,
Mercedes-Benz,GLA 180,GLA -Klasse TÜV-Neu Automatik Garantie,,18890,Guter Preis,72810,,02/2016,Benzin,122,,
Volkswagen,Tiguan,1.4 TSI Cup Sport & Style *AHK*Bluetooth*,,13950,Ohne Bewertung,105880,,07/2014,Benzin,122,,
Audi,Q3,2.0 TDI S-Tronic quattro LED Standheizung,,21990,Erhöhter Preis,84082,,09/2015,Diesel,150,,
Hyundai,TUCSON,Tucson Intro Edition 4WDSHZ.AHK.KAM.TÜV NEU,,16490,Guter Preis,101840,,03/2016,Diesel,136,,
BMW,X2,xDrive 20i /LED/Navi/Ahk/VZE/Park-Ass,,24990,Erhöhter Preis,87317,,07/2019,Benzin,192,,
BMW,X1,sDrive18i M Sport Navi AHK Panorama Klimaaut.,,22830,Fairer Preis,64059,,02/2018,Benzin,140,,
Mercedes-Benz,GLC 250,4Matic /LED/ Navi/AHK/75tkm,,25990,Fairer Preis,75800,,10/2016,Benzin,211,,
Volkswagen,Tiguan,2.0TSI Join 4M DSG LED Navi ACC AHK,,23860,Fairer Preis,92150,,04/2018,Benzin,179,,
BMW,X6,Baureihe X6 xDrive 40 d/M-Paket/S-Heft/Voll !,,31900,Sehr guter Preis,142000,,10/2016,Diesel,313,,
Mercedes-Benz,GLA 200,Urban Automatik/Navi/Kamera/Bi-Xenon/AHK,,17990,Guter Preis,115000,,07/2015,Benzin,156,,
BMW,X1,20d xDrive M Sport LED Navi Panorama AHK,,23990,Erhöhter Preis,99987,,10/2017,Diesel,190,,
Volkswagen,Tiguan,Comfortline Velours*SHZ*Kamera*ACC,,20800,Fairer Preis,82363,,04/2018,Benzin,150,,
Mercedes-Benz,GLA 200,1.6l Navi AHK Sitzheizung PDC,,15180,Sehr guter Preis,103390,,07/2015,Benzin,156,,
Volkswagen,Tiguan,1.4 TSI Comfortline LED ACC AHK Navi PDC,,24950,Erhöhter Preis,57547,,10/2017,Benzin,150,,
Mercedes-Benz,GLA 250,", 360°,AHK,KeylessGo, Abstandst.,Pan., ..",,20990,Ohne Bewertung,92200,,11/2017,Benzin,211,,
Volkswagen,Tiguan,Sound BMT/Start-Stopp,,18590,Guter Preis,99987,,10/2017,Benzin,150,,
Volkswagen,Touareg,3.0 V6 TDI R-Line *AHK*SHZ*PAN*NAV*ACC*,,28490,Fairer Preis,123451,,06/2015,Diesel,262,,
Audi,Q3,"2.0TFSI S-tronic design quattro Leder, Pano",,23950,Fairer Preis,89336,,08/2018,Benzin,179,,
Volkswagen,Tiguan,1.5 TSI Comfortline LED ACC Navi Klima AH,,20990,Guter Preis,97080,,02/2020,Benzin,150,,
BMW,X2,sDrive 18 i M-Sportpaket*KAMERA*PANO*HUD*LED*,,23990,Fairer Preis,72323,,11/2018,Benzin,140,,
Volkswagen,Tiguan,"Sport & Style 1,4 TSI Lounge AHK Navi Rüc",,14980,Fairer Preis,108625,,09/2015,Benzin,150,,
Volkswagen,Tiguan,"Cup Sport & Style BMT ""1 HAND-NAVI-SITZH""",,13790,Ohne Bewertung,60000,,07/2014,Benzin,122,,
Volkswagen,T-Roc,Sport 4Motion *Allrad*,,20888,Fairer Preis,99643,,08/2018,Benzin,190,,
BMW,X5,40d xDrive Steptronic*8-fach bereift,,22990,Ohne Bewertung,104524,,03/2013,Diesel,306,,
Volkswagen,Tiguan,"2.0 TDI 4M HIGHLINE DYNAUDIO,AHK,MASSAGE",,25880,Fairer Preis,80000,,09/2017,Diesel,190,,
Volkswagen,Tiguan,1.4 TSI Sound DSG *PANO*HuD*AID*360°*ACC*,,19444,Guter Preis,129892,,03/2018,Benzin,150,,
BMW,X4 M,- 35i xDrive mit optimierter Leistung,,29900,Sehr guter Preis,88700,,06/2016,Benzin,362,,
BMW,X1,xDrive25i mit AHK RFK SHZ HUD ACC LED+TÜV neu,,22800,Guter Preis,98456,,03/2018,Benzin,231,,
Volkswagen,Tiguan,2.0 TSI Highline 4Motion BM Aut. *LED*,,23780,Fairer Preis,66331,,01/2017,Benzin,179,,
BMW,X3,xDrive20i ADVANTAGE TÜV NEU ,,18900,Sehr guter Preis,103931,,08/2017,Benzin,184,,
Volkswagen,Tiguan,Sport & Style 4Motion R-Line / Leder,,13900,Ohne Bewertung,114900,,07/2013,Benzin,179,,
Volkswagen,Tiguan,Comfortline R Line,,22990,Fairer Preis,95600,,05/2018,Benzin,150,,
Mercedes-Benz,GLC 250,4Matic*AMG Line*LED*NAVI*2.Hand*PDC*,,22990,Sehr guter Preis,121973,,11/2015,Benzin,211,,
Audi,Q2,35 TFSI S tronic Navi PDC LED Kamera 1.Hand,,24900,Guter Preis,59000,,03/2022,Benzin,150,,
Mercedes-Benz,ML 350,CGI 4Matic~Navi~Leder~ACC~AHK~EL.GSD,,26699,Ohne Bewertung,70000,,02/2013,Benzin,306,,
BMW,X1,sDrive 18d Sport Line LED HarmanKardon Navi,,21990,Fairer Preis,89941,,10/2017,Diesel,150,,
Mercedes-Benz,GLC 250,"4MATIC Exclusive,LED,Navi,AHK,Spur+Totw.",,27990,Guter Preis,108500,,11/2016,Benzin,211,,
Volkswagen,Amarok,"3,0 TDI DoubleCab 4Motion,wenigKM,Auflast",,25900,Fairer Preis,93300,,03/2018,Diesel,163,,
Mercedes-Benz,GLA 200,d Activity Edition 4Matic NAVI BI XENON,,21990,Fairer Preis,78200,,12/2016,Diesel,136,,
Volkswagen,Tiguan Allspace,"R-Line 1.4 TSI, NAVI, LED,KD NEU",,21300,Guter Preis,89350,,08/2018,Benzin,150,,
Dacia,Duster,TCe 150 Adventure AHK 360KAM Sitzheiz.   ,,16470,Fairer Preis,74072,,07/2019,Benzin,150,,
Mercedes-Benz,GLA 220,CDI / d 4Matic-Navi-Automatik-Leder,,16490,Sehr guter Preis,88528,,12/2015,Diesel,177,,
Volkswagen,Tiguan Allspace,"2.0 TSI Highline AHK,Standheiz.",,25990,Guter Preis,102500,,06/2018,Benzin,179,,
Jeep,Compass,Limited 4WD | Pano | Navi & Sound | ACC,,19450,Fairer Preis,85000,,04/2019,Benzin,170,,
Volkswagen,Tiguan,R-Line+Kamera+Navi+TÜV+INSPEKTION NEU '',,15950,Ohne Bewertung,67879,,12/2012,Benzin,160,,
Volkswagen,Tiguan,1.5 TSI ACT OPF IQ.DRIVE Navi AHK Kamera,,19900,Guter Preis,83000,,10/2019,Benzin,150,,
Audi,Q5,"2.0 TDI QUATTRO S-LINE / XENON,LEDER,ACC+LANE",,20995,Ohne Bewertung,113000,,12/2014,Diesel,190,,
Volkswagen,Tiguan,Lounge Track & Style BMT 4Motion,,18990,Guter Preis,96057,,07/2015,Diesel,177,,
Mercedes-Benz,ML 500,AMG Designo*1.Hand*SHG*Standheizung*,,24999,Ohne Bewertung,98000,,04/2010,Benzin,387,,
Volkswagen,Tiguan,2.0 TSI R-Line 4Motion Navi ACC PDC DAB,,24950,Erhöhter Preis,54433,,05/2017,Benzin,179,,
BMW,X5,xDrive35i LEDER NAPPA Adaptiv LED Sitzbelüft.,,26490,Sehr guter Preis,118000,,03/2016,Benzin,306,,
Mercedes-Benz,GLA 250,4MATIC AMG SPORT DISTR CARPL PANO OFFROA,,24390,Fairer Preis,83600,,03/2017,Benzin,211,,
Volkswagen,T-Roc,2.0 TDI Sport 4M LED Navi Beats Leder AHK,,23990,Erhöhter Preis,86594,,04/2018,Diesel,150,,
Volkswagen,Tiguan,2.0 TDI 4Motion R-LINE +AHK+NAVI+PANO+X+,,19490,Fairer Preis,94975,,10/2015,Diesel,150,,
BMW,X1,xDrive20i Navi/LED/Sportsitze/Autom./Lordose,,18455,Guter Preis,111212,,08/2016,Benzin,192,,
Mercedes-Benz,GLA 200,AMG Line+Keyless+Navi+Klima+LED+RKS+Shz.,,19970,Guter Preis,86365,,08/2017,Benzin,156,,
Audi,RSQ3,"2.5TFSI quattro *PANORAMA *LEDER *20"" ROTOR",,25950,Ohne Bewertung,110941,,06/2014,Benzin,310,,
Volkswagen,Tiguan Allspace,Comfortline 1.4 TSI++Erste Hand+,,22990,Fairer Preis,94600,,10/2018,Benzin,150,,
Audi,Q3,1.4 TFSI ACT DSG Scheckheft Alcantara K.Less,,16950,Ohne Bewertung,95873,,11/2014,Benzin,150,,
Mercedes-Benz,GLA 250,Edition 1*2.HAND*KLIMA*NAVI*TEMPO*XENON*,,19950,Guter Preis,67000,,08/2015,Benzin,211,,
Volkswagen,Tiguan,2.0 TSI R Line*4Motion*AHK*LED*Lenkradhei,,22950,Fairer Preis,112000,,12/2017,Benzin,179,,
BMW,X1,18 i sDrive Aut.*Bi-Xenon*Klima*PDC*Sitzh.,,11999,Ohne Bewertung,114000,,03/2012,Benzin,150,,
Audi,Q3,1.4 TFSI XENON|AHK|MMI NAVI|KAMERA|PANORAMA,,16990,Ohne Bewertung,87859,,04/2014,Benzin,150,,
Volkswagen,Tiguan,Trendline BMT 1.4 TSI/AHK/NAVI/LM/PDC,,15987,Erhöhter Preis,103999,,10/2016,Benzin,125,,
Volkswagen,Amarok,DoubleCab 2.0 TDI 4 Motion*Klimaanlage*,,14390,Sehr guter Preis,110000,,04/2015,Diesel,140,,
BMW,X1,"xDr.20i*xLine*HK-MEMORY-PDC-AHK-SHZ-SP.SZ-18""",,24370,Fairer Preis,66135,,05/2018,Benzin,192,,
Volkswagen,Tiguan,Sport & Style 4Motion*DSG*R-Line*1.Hand*,,14999,Ohne Bewertung,116000,,02/2013,Benzin,179,,
Volkswagen,Tiguan,Join 1.4 TSI 4M Navi+LED+AHK+Pano+Kamera+,,22490,Erhöhter Preis,108890,,02/2018,Benzin,150,,
Mercedes-Benz,GLA 250,4Matic aus Rentnerhand,,19999,Sehr guter Preis,115500,,06/2016,Benzin,211,,
Audi,Q3,2.0 TFSI quattro sport*B&O*Kamera*Panorama,,19990,Guter Preis,97117,,07/2016,Benzin,200,,
Volkswagen,T-Roc,"Life Sitzheizung,PDC 2x,Klimaautomatik",,14400,Guter Preis,95957,,08/2018,Benzin,116,,
Kia,Sportage,2.0 CRDI AWD Automatik SPIRIT *JBL*360*,,21980,Erhöhter Preis,113500,,01/2019,Diesel,185,,
Audi,Q3,1.4 TFSI S TRONIC Nav Keyless Xenon Ahk,,15990,Ohne Bewertung,67422,,10/2014,Benzin,150,,
Mercedes-Benz,GLC 250,"4M 3x AMG KEYLESS,ILS,BURMESTER,360GRAD",,31880,Fairer Preis,88719,,07/2017,Benzin,211,,
Volkswagen,Tiguan,2.0TSI Track&Style 4Motion XENON LEDER,,15779,Ohne Bewertung,72000,,07/2014,Benzin,179,,
Volkswagen,Tiguan,Sport & Style BMT*R LINE*NUR 69TKM*NAVI*,,16499,Fairer Preis,69000,,10/2015,Benzin,150,,
Ford,Kuga,1.5 EB Titanium Navi AHK ACC WP Kamera DAB,,21490,Fairer Preis,66960,,01/2021,Benzin,150,,
BMW,X1,25i xDrive | Navi | LED | 1. Hd | Sound-Sys. ,,23888,Fairer Preis,52000,,04/2016,Benzin,231,,
BMW,X5 M50,d/Pano/HUD/HK/360°/Softcl./,,29999,Ohne Bewertung,115000,,09/2013,Diesel,381,,
Volkswagen,Tiguan,1.4 TSI ACT Sound *LED*NAVI*ACC*,,19980,Fairer Preis,113880,,01/2018,Benzin,150,,
Volkswagen,Tiguan,Sound 4Motion*AHK*LED*PANO*NAVI MMI*,,19900,Fairer Preis,123110,,03/2017,Benzin,179,,
Volkswagen,Amarok,Highline DoubleCa*4x4*BREIT*MONSTER-OPTIK,,23950,Ohne Bewertung,82200,,05/2014,Diesel,179,,
Ford,Expedition,"5.4 V8""LEDER""KLIMA*7SITZER""SERVICE NEU*GARANTIE",,24900,Ohne Bewertung,96900,,12/2012,Benzin,305,,
Volkswagen,Tiguan,1.4 TSI KAMERA+AHK+NAVI+SHZ+ACC+PDC,,18990,Guter Preis,87500,,04/2018,Benzin,150,,
Mercedes-Benz,GLA 250,/Navi/Leder/Bi-Xenon/GARANTIE/EURO 6,,19890,Guter Preis,71600,,09/2015,Benzin,211,,
Volkswagen,Amarok,Highline DoubleCab 4Motion*LEDER*TÜV NEU*,,23985,Fairer Preis,108000,,12/2015,Diesel,179,,
Audi,Q3,1.4 TFSI Benzine Autom. - GPS - Airco - Topst,,14990,Sehr guter Preis,104875,,10/2016,Benzin,150,,
Volkswagen,Tiguan,"Comfortline BMT 2,0 TSI 4Motion KAMERA",,21690,Fairer Preis,73000,,05/2017,Benzin,179,,
Volkswagen,Tiguan,Comfortline 4Motion,,16950,Fairer Preis,114200,,08/2016,Benzin,150,,
Hyundai,i30,Kombi 1.0 T-GDI iMT Trend *PDC*GRA*,,17980,Guter Preis,21175,,07/2022,Benzin,120,,
Volkswagen,Golf,VII Variant 1.4 TSI Allstar Navi PDC USB,,15990,Fairer Preis,78836,,04/2016,Benzin,125,,
Volkswagen,Golf,VII Variant *R*4Motion  *Pano*DSG*,,19888,Guter Preis,129185,,11/2015,Benzin,300,,
Audi,A6,Avant 40 TDI quattro S tronic advanced LED AC,,48980,Fairer Preis,29875,,06/2024,Diesel,204,,
Ford,Focus,Turnier Trend 1.0 EcoBoost KomfortPaket AH,,15490,Guter Preis,47097,,12/2021,Benzin,125,,
Ford,Focus,Turnier Cool & Connect Navi SHZ LED,,17890,Fairer Preis,77200,,03/2020,Benzin,150,,
Volkswagen,Golf,Variant VII 1.4TSI Comfortline+LED+KAMERA,,14900,Fairer Preis,111562,,07/2017,Benzin,125,,
Volkswagen,Golf,VII 1.0 TSI LED ACC AHK schwenk. Navi DAB,,17990,Erhöhter Preis,116440,,05/2018,Benzin,110,,
Volkswagen,Passat Variant,2.0 TSI Highline LED ACC AHK Navi,,22990,Erhöhter Preis,114708,,09/2016,Benzin,220,,
Mercedes-Benz,E 400,T AVANTGARDE LEDER+NAV+LED+HARMAN+DISTRONC,,26499,Fairer Preis,108400,,04/2015,Benzin,333,,
BMW,520,i Touring Leder*Memory*Sport-Sitze*2-Zonen*,,18990,Guter Preis,90518,,03/2016,Benzin,184,,
Audi,A4,Avant 2.0 TFSI design LED Navi ACC 360° DAB,,23490,Erhöhter Preis,117146,,09/2015,Benzin,190,,
Volkswagen,Passat Variant,1.4 TSI ACT BMT Automatik Navi,,14999,Fairer Preis,111144,,06/2015,Benzin,150,,
Mercedes-Benz,CLA 200 Shooting Brake,Navi Tempomat Bi-Xenon,,22990,Erhöhter Preis,71813,,02/2016,Benzin,156,,
Volkswagen,Golf,Variant 1.5 TSI DSG Join R-line Navi Pano,,18350,Fairer Preis,89900,,09/2018,Benzin,150,,
Volkswagen,Golf,VII Variant 1.5 TSI BMT Comfortline LED,,16900,Guter Preis,58374,,10/2017,Benzin,150,,
Volkswagen,Passat Alltrack,4Motion 2.0 TSI LED ACC Panorama,,24990,Guter Preis,89987,,08/2018,Benzin,220,,
Audi,A4,AVANT SPORT 1.4TFSI STAND-HZ+NAVI+KLIMAAUTO,,18489,Fairer Preis,111637,,10/2016,Benzin,150,,
Volkswagen,Golf,2.0 TDI BMT Trendline Variant 150ps,,12990,Guter Preis,111000,,10/2015,Diesel,150,,
Volkswagen,Golf,VII Variant 1.0 TSI IQ.DRIVE ACC LED App Al,,18950,Erhöhter Preis,73891,,01/2020,Benzin,116,,
Mercedes-Benz,Vito,Tourer kompakt 116 CDI Aut. *1.HAND* 5002,,21990,Ohne Bewertung,112050,,02/2014,Diesel,163,,
Mercedes-Benz,GLA 250,Garantie*B.Xenon*Leder*Pano*AMG*,,20990,Sehr guter Preis,61186,,07/2015,Benzin,211,,
BMW,530,i T. xDrive Sport Aut NAVI LED Stdhzg HUD H&K,,28880,Fairer Preis,99999,,12/2017,Benzin,252,,
Volkswagen,Golf,7 Variant 1.6TDI 110PS Comfortline Navi USB,,13699,Fairer Preis,106763,,08/2017,Diesel,116,,
Mercedes-Benz,CLA 180 Shooting Brake,LED Navi Sitzheizung PDC,,19990,Fairer Preis,99986,,09/2018,Benzin,122,,
Audi,A4,Avant 1.4 S-Line Allwetter AHK Xenon Navi Sit,,23990,Fairer Preis,92395,,10/2018,Benzin,150,,
Mercedes-Benz,C 250,d T-Modell Garantie*Sport-Sitze*Navi*,,21500,Guter Preis,84138,,05/2016,Diesel,204,,
Mercedes-Benz,E 300,CDI BlueEfficiency Navi Xenon 1.Hand AHK,,19999,Ohne Bewertung,92528,,03/2011,Diesel,231,,
Volkswagen,Golf,Comfortline Winter-Pak. App-Connect ACC CAM,,19086,Fairer Preis,66791,,05/2020,Benzin,150,,
Mercedes-Benz,C 180,*MULTIBEAM LED*KAMERA*TWA*AMG LINE*,,23990,Fairer Preis,80000,,12/2018,Benzin,156,,
Volkswagen,Golf,VII VARIANT COMFORTLINE TSI 150 DSG,,19430,Fairer Preis,57103,,09/2019,Benzin,150,,
Mercedes-Benz,C 300,T Autom.,,27900,Sehr guter Preis,75900,,02/2018,Benzin,245,,
Audi,A4,Avant Attraction Automatik Bi-Xenon Navi,,18999,Fairer Preis,78872,,01/2016,Diesel,150,,
Volkswagen,Golf,VII Variant GTD *DSG*Pano*Vitrual  Cockpit*,,19388,Guter Preis,130470,,08/2018,Diesel,184,,
Volkswagen,Golf,VII Variant R 2.0 4Motion Pano Navi LED,,27890,Fairer Preis,59997,,01/2020,Benzin,300,,
Mercedes-Benz,C 180,T Automatik+Leder+Navi+LED+Kamera+Carplay,,20980,Sehr guter Preis,93730,,09/2019,Benzin,156,,
BMW,540,i xDrive LuxuryLine PANO DrivingAssistant+,,30952,Fairer Preis,109417,,03/2018,Benzin,340,,
Volkswagen,Golf,VI Variant Style SHZ KLIMA ALU`S KAMERA PDC,,8490,Ohne Bewertung,94000,,11/2011,Benzin,86,,
Volkswagen,Golf,VII Variant Highline BMT*Automatik*AHK*,,20950,Fairer Preis,69500,,10/2019,Benzin,150,,
Audi,S4,Avant 3.0 TFSI quattro **NAVI*B&O* XENON**,,21990,Ohne Bewertung,77000,,10/2011,Benzin,333,,
Audi,A4,Avant 1.8 Tfsi*quattro -S line Sportpaket,,16790,Ohne Bewertung,120100,,11/2014,Benzin,170,,
Audi,A6,Avant 3.0 TDI Quattro S-Line*Garantie*Pano*,,20950,Sehr guter Preis,127828,,09/2015,Diesel,218,,
Mercedes-Benz,C 220,T d 4Matic T-Modell *Automatik*Comand*AHK,,19999,Fairer Preis,111145,,10/2017,Diesel,170,,
Mercedes-Benz,C 250,D *AMG-LINE*PANO*BURMESTER*NAVI*ACC*,,24999,Ohne Bewertung,89828,,02/2015,Diesel,204,,
BMW,520,i Alarm Kamera CockpitPlus ParkAs Geschwindig,,24999,Fairer Preis,77103,,11/2019,Benzin,184,,
Mercedes-Benz,CLA 220 Shooting Brake,7G-DCT Urban+NAVI+LEDER,,22750,Fairer Preis,86412,,06/2018,Diesel,177,,
Audi,A6,Avant 3.0 TDI quattro S line Sport Plus,,28990,Guter Preis,89000,,04/2017,Diesel,272,,
Mercedes-Benz,E 400,333PS 9G 4Matic Avantgarde AMG ACC ,,26799,Fairer Preis,139250,,01/2017,Benzin,333,,
BMW,318,i Touring Advantage LED*Navi*Panorama*,,20950,Guter Preis,91446,,06/2020,Benzin,156,,
Volkswagen,Golf,Variant R  PANO+KAMERA+XENON+LEDER+DCC,,22449,Guter Preis,115333,,01/2016,Benzin,300,,
Mercedes-Benz,C 220,C220 d T Aut. LED Navi Sitzheizung Kamera PDC,,23990,Guter Preis,96851,,10/2018,Diesel,194,,
Audi,A6,Avant 2.0 TFSI  69.000KM!! Navi!!Sitheizung!!,,15900,Ohne Bewertung,69000,,10/2013,Benzin,179,,
Audi,A3,Sportback S line Sportpaket /S-Tronic/PDC/AHK,,15980,Ohne Bewertung,69998,,09/2013,Benzin,122,,
Volkswagen,Passat Variant,Passat 2.0 TDI*HIGH*4X4*DSG*NAV*LED*RFK*ACC*MASS,,19790,Guter Preis,138484,,09/2015,Diesel,239,,
Mercedes-Benz,CLA 200,Shooting Brake AMG*Alcantara*Navi*Ambi*,,23990,Guter Preis,71981,,12/2019,Benzin,163,,
BMW,318,d Touring erst 114.000km 1. Hand,,12990,Guter Preis,114000,,04/2015,Diesel,143,,
Mercedes-Benz,C 220,C -Klasse T-Modell C 220 T BlueTec / d,,17850,Ohne Bewertung,99764,,11/2015,Diesel,170,,
Mercedes-Benz,CLA 180,CLA180 Shooting Brake LED NAVI BT SHZ PDC 7G-DCT,,20490,Fairer Preis,71347,,06/2018,Benzin,122,,
Volkswagen,Golf,VIII Variant 1.5 eTSI Style *ACC*LED*Navi*R,,21250,Fairer Preis,87190,,08/2021,Benzin,131,,
Volkswagen,Golf,VII Variant 1.4 TSI Allstar Bi-Xenon Navi,,17490,Fairer Preis,81957,,04/2016,Benzin,125,,
Volkswagen,Golf,VII Variant Highline*R-Line*BMT*Automatik*,,16950,Guter Preis,43000,,12/2016,Benzin,125,,
Mercedes-Benz,E 200,T-Modell AMG*LED*Ambiente*Sport-Sitze*,,23990,Fairer Preis,144265,,09/2017,Benzin,184,,
Audi,A4,35TFSI Avant S-tronic basis+LED+NAVI+PDC+SHZ,,22650,Fairer Preis,104810,,11/2020,Benzin,150,,
Volkswagen,Golf,VII 1.4 TSI LED PDC SHZ Panorama,,17990,Fairer Preis,101886,,03/2017,Benzin,150,,
Mercedes-Benz,C 250,T-Modell CGI AMG*Leder*Kamera*Ambiente*,,25990,Guter Preis,51367,,02/2018,Benzin,211,,
Volkswagen,Golf,R 4MotionACC+AHK+Soundsys+PDC+SHZ+Navi,,21099,Fairer Preis,125000,,03/2016,Benzin,300,,
Volkswagen,Golf,VII Highline |XENON|SHZ|KAMERA|NAVI|CARPLAY,,14990,Guter Preis,99587,,12/2015,Benzin,150,,
Volkswagen,Golf,Variant 1.4 TSI Highline DSG LED Navi AHK,,19950,Erhöhter Preis,79986,,06/2017,Benzin,150,,
Volkswagen,Golf,R 4MOTION|DYNAUDIO|KAMERA|ACC|LEDER|NAVI|SH,,26990,Guter Preis,94030,,11/2017,Benzin,310,,
Mercedes-Benz,C 200,T Night Edition AMG Line LED SFW 1.Hd,,26980,Fairer Preis,102000,,01/2021,Benzin,184,,
Mercedes-Benz,CLA 180,Shooting Brake AMG*Garantie*Alcantara*,,15950,Sehr guter Preis,147859,,11/2015,Benzin,122,,
Mercedes-Benz,C 250,T 7G Burmester Distronic Head Up 1. Hand,,26990,Fairer Preis,41802,,08/2016,Benzin,211,,
Volkswagen,Golf,Variant Life 2.0 TDI 85kW*DSG*NAVI*ASSIST*A,,18730,Guter Preis,89418,,12/2021,Diesel,116,,
Volkswagen,Golf,VII Variant 1.5 TSI DSG Sound Panorama ACC,,18990,Fairer Preis,94885,,02/2018,Benzin,131,,
Volkswagen,Passat Variant,2.0 TSI 272 PS 4Motion DSG Elegan,,27859,Guter Preis,99172,,12/2019,Benzin,272,,
Volkswagen,Passat,2.0TDI Variant DSG Business+LED+NAVI+VIRT,,20150,Sehr guter Preis,117277,,10/2019,Diesel,190,,
Mercedes-Benz,C 220,d 4M T 9G-tronic Avantgarde+LED+NAVI+AHK,,23900,Guter Preis,101098,,12/2019,Diesel,194,,
Volkswagen,Passat Alltrack,2.0 TSI 220 PS 4M DSG PANORAMA/A,,27439,Guter Preis,64485,,08/2018,Benzin,220,,
Mercedes-Benz,CLA 200 Shooting Brake,7G-DCT AMG Line+LED+NAVI+,,26900,Guter Preis,74000,,08/2020,Benzin,163,,
Volkswagen,Golf,Variant VII 1.4 TSI Cup AHK PDC 16 GRA,,12950,Ohne Bewertung,93500,,08/2014,Benzin,150,,
Audi,A6,Avant 40 TDI sport PANORMA ACC 360 Kamera,,27999,Fairer Preis,109966,,02/2019,Diesel,204,,
Volkswagen,Golf,VIII Variant 1.5 eTSI Style *ACC*LED*Navi*A,,19925,Guter Preis,110405,,01/2022,Benzin,150,,
Volkswagen,Passat Variant,Passat 2.0 TDI*HIGHL*4X4*R-LINE*LED*RFK*NAVI*ACC,,20690,Guter Preis,148457,,12/2015,Diesel,239,,
Volkswagen,Golf,VII GTI 2.0 TSI DSG ,,17300,Ohne Bewertung,99300,,03/2015,Benzin,220,,
Volkswagen,Golf,"COMFORTLINE+LED+NAVI+16""ALU+ACC+AHK+APP+BUSINESS",,17950,Fairer Preis,106700,,05/2020,Diesel,150,,
Mercedes-Benz,CLA 200 Shooting Brake,CLA 200 SHOOTING BRAKE URBAN+NAVI+LED+ALLWETTER+,,24480,Erhöhter Preis,45800,,03/2018,Benzin,156,,
Mercedes-Benz,C 43 AMG,C 43 T AMG 367PS 4Matic 9G HUD Pano 360° ,,36999,Fairer Preis,98091,,06/2017,Benzin,367,,
Volkswagen,Caddy,-DSG-Alltrack-Behindertengerecht-Rampe,,32900,Ohne Bewertung,120000,,07/2017,Diesel,150,,
Volkswagen,Golf,Variant VIII 2.0TDI DSG Life+LED+NAVI+KAMER,,21900,Fairer Preis,79216,,03/2022,Diesel,116,,
Volkswagen,Golf,Variant 1.5 TSI DSG Highline*LED*CarPlay*AC,,16971,Fairer Preis,85850,,09/2017,Benzin,150,,
Volkswagen,Golf,1.0 TSI Comfort Variant * Navi * Massage *,,12950,Erhöhter Preis,142900,,05/2017,Benzin,110,,
Volkswagen,Golf,"Variant Alltrack 1,8 TSI DSG 4Motion  Panod",,21750,Fairer Preis,79950,,06/2018,Benzin,179,,
Volkswagen,Golf,VI Variant Match 1 Hand!,,12490,Ohne Bewertung,88957,,04/2013,Benzin,122,,
BMW,320,d Touring Advantage/NAVI/LED/KAMERA/HUD/,,20990,Fairer Preis,92751,,07/2018,Diesel,190,,
Mercedes-Benz,E 220,d E -Klasse T-Modell,,25750,Guter Preis,79000,,09/2017,Diesel,194,,
Volkswagen,Golf,Variant 1.4 TSI Highline LED Navi ACC STHZ,,18990,Erhöhter Preis,78247,,01/2018,Benzin,125,,
BMW,520,d Touring Aut. 8-fach Navi PDC LED Klimaaut.,,24900,Fairer Preis,116000,,11/2019,Diesel,190,,
Volkswagen,Golf,2.0 TSI DSG 4MOTION BMT R Variant PANO NAVI,,24990,Fairer Preis,99980,,01/2017,Benzin,300,,
BMW,320,d Luxury Line Panorama Kamera DAB H/K Alarm,,25999,Fairer Preis,80051,,12/2019,Diesel,190,,
Volkswagen,Golf,Variant 1.4 TSI BlueMotion Technology Highl,,15990,Fairer Preis,90200,,09/2017,Benzin,150,,
Volkswagen,Golf,VII Variant 1.4 TSI *Cup*GRA*Sound*PDC*Alu,,13980,Ohne Bewertung,117300,,03/2015,Benzin,125,,
Volkswagen,Caddy,Edition 35 DSG Navi Sitzhz Xenon R.Kamera,,25490,Sehr guter Preis,64369,,09/2019,Benzin,131,,
Volkswagen,Golf,VII 1.5 TSI ACT BMT Highline ...,,16799,Fairer Preis,102800,,01/2018,Benzin,150,,
Mercedes-Benz,CLA 220 Shooting Brake,Navi*PDC*Shz*Sport,,21890,Fairer Preis,63500,,11/2018,Diesel,170,,
Volkswagen,Golf,Variant VII R 4Motion Xenon/Navi/Dynaudio/P,,23480,Fairer Preis,94200,,10/2016,Benzin,300,,
Volkswagen,Golf,VII Alltrack 4Motion 2.0 TDI|DSG|ACC|AHK,,21990,Sehr guter Preis,65519,,05/2020,Diesel,184,,
Mercedes-Benz,E 200,T AVANTGARDE AUTOMATIK+NAVI+LED+KAMERA+TÜV,,25880,Fairer Preis,123600,,03/2019,Diesel,150,,
Volkswagen,Passat Variant,1.4 TSI DSG Highline LED Navi ACC,,21990,Erhöhter Preis,88813,,01/2016,Benzin,150,,
Volkswagen,Golf,Variant VII 1.4 TSI BMT Comfortline *NAV...,,16350,Fairer Preis,86122,,11/2017,Benzin,125,,
Volkswagen,Passat Variant,2.0 TDI BMT 7-DSG Elegance R-Line,,25500,Fairer Preis,90972,,11/2020,Diesel,190,,
Volkswagen,Passat Variant,1.8 TSI DSG Highline Head-Up 360°,,20950,Fairer Preis,89986,,01/2016,Benzin,179,,
Audi,A4,Avant Sport/Matrix/360°/ACC/MMI+/Keyless/AHK,,17990,Fairer Preis,131000,,11/2017,Benzin,150,,
Volkswagen,Golf,VI IVariant 1.4 TSI Allstar  L&S Paket,,13400,Sehr guter Preis,91044,,07/2016,Benzin,125,,
Mercedes-Benz,E 350,BlueTec 4Matic,,16990,Ohne Bewertung,145306,,02/2014,Diesel,252,,
Mercedes-Benz,E 300,AMG  T-Modell E 300 CGI BlueEfficiency,,21890,Ohne Bewertung,99000,,05/2013,Benzin,252,,
Volkswagen,Golf,VII Variant 1.4TSi Comfortline*PDC*NAVI*SHZ,,13990,Ohne Bewertung,69700,,03/2014,Benzin,122,,
Volkswagen,Golf,"VII Lim. Sound Start-Stopp""TÜV""GARANTIE",,15799,Fairer Preis,89000,,11/2017,Benzin,110,,
Volkswagen,Passat Variant,Elegance | LED | Navi |  Head-Up ,,23980,Sehr guter Preis,84100,,05/2022,Benzin,150,,
Volkswagen,Golf,Variant 1.4 TSI DSG Comfortline  Panodach A,,13990,Sehr guter Preis,74075,,09/2015,Benzin,125,,
Volkswagen,Golf,"VII Variant 1,2i 77 kw - PDC-Sitzh.-Allwet.",,11500,Ohne Bewertung,100000,,10/2013,Benzin,105,,
Volkswagen,Passat Variant,2.0 TDI BMT 7-DSG Elegance R-Line,,25500,Fairer Preis,85621,,11/2020,Diesel,190,,
BMW,318,d Sport Line*Touring*LED*AHK*Navi*SHZ*Euro6,,17990,Fairer Preis,120000,,06/2019,Diesel,150,,
Volkswagen,Golf,Variant 1.4 TSI Comfortline  AHK Navi Xenon,,12259,Ohne Bewertung,112346,,08/2013,Benzin,122,,
Volkswagen,Golf,VII 1.5 TSI Highline LED ACC Android Apple,,18990,Fairer Preis,79900,,07/2018,Benzin,150,,
Volkswagen,Passat Variant,2.0 TDI BMT 7-DSG Elegance R-Line,,25500,Fairer Preis,84586,,11/2020,Diesel,190,,
Volkswagen,Passat Variant,2.0 TDI BMT 7-DSG Elegance R-Line,,25500,Fairer Preis,81744,,10/2020,Diesel,190,,
Volkswagen,Passat Variant,"1.4 TSI R LINE DYNAUDIO,MASSAGE",,20880,Erhöhter Preis,96900,,06/2016,Benzin,150,,
Volkswagen,Golf,VII 1.5 TSI 3xR-Line LED Navi ACC Alcantara,,21990,Fairer Preis,85988,,03/2019,Benzin,150,,
Audi,A4,35 TDI Avant basis S-Tronic Xenon Navi SHZ PD,,22990,Fairer Preis,119640,,10/2019,Diesel,150,,
Volkswagen,Golf,VII 1.5TSI Sound KAMERA NAVI AHK ACC LED,,16750,Fairer Preis,115389,,10/2017,Benzin,150,,
Volkswagen,Golf,VII 1.4 TSI BMT DSG Navi ACC Sitzheizung,,16990,Fairer Preis,103353,,06/2018,Benzin,125,,
Volkswagen,Passat Variant,1.8 R line LEDER NAVI LED PANO,,19700,Fairer Preis,100000,,03/2016,Benzin,179,,
Skoda,Superb,SUPERB COMBI SPORTLINE 2.0TSI DSG 4X4 COLUMBUS,,24889,Fairer Preis,98236,,12/2017,Benzin,280,,
Volkswagen,Touran,"VW Touran 1.4 AHK, Navi. Rückfahrkamera",,19930,Ohne Bewertung,105500,,01/2016,Benzin,150,,
Volkswagen,Golf,VIII Variant 1.0 TSI DSG Life AHK*KAMERA*NA,,20999,Fairer Preis,43000,,02/2021,Benzin,110,,
BMW,M550,i 360°NightVis Fond-EntPro TV Panorama Voll,,31999,Fairer Preis,150000,,10/2015,Benzin,449,,
Volkswagen,Golf,VII Variant 1.4 TSI LED App Massage PDC Sit,,18490,Erhöhter Preis,69309,,09/2017,Benzin,125,,
Volkswagen,Golf,"1.5TSI R-Line DSG LED PANO AHK 18""-ALU NAVI",,18900,Guter Preis,99687,,01/2019,Benzin,150,,
Volkswagen,Golf,VII Variant 2.0 GTD Bi-Xenon Totwinkel ACC,,18990,Fairer Preis,116994,,07/2015,Diesel,184,,
Volkswagen,Golf,2.0 TDI SCR DSG Comfortline Variant*Navi*,,18990,Fairer Preis,57500,,08/2019,Diesel,150,,
Mercedes-Benz,E 200,"T AVANTGARDE STANDHEIZ,PARKLENK,NAVI,AHK ",,21880,Ohne Bewertung,82872,,08/2013,Benzin,184,,
Mercedes-Benz,C 43 AMG,T 4Matic *Panorama*LED*Kamera*,,23999,Sehr guter Preis,147000,,07/2016,Benzin,367,,
Volkswagen,Golf,"VII Variant R DSG NAVI+LED+19""ALU+SHZ",,24889,Fairer Preis,107963,,03/2019,Benzin,300,,
Mercedes-Benz,C 43 AMG,T,,26900,Guter Preis,137062,,11/2017,Benzin,367,,
Mercedes-Benz,C 180,T-Modell AVANTGARDE LED*AHK*AUTOMATIK*PDC,,20990,Ohne Bewertung,87500,,01/2015,Benzin,156,,
Skoda,Superb,Combi Style 1.4 TSI NAVI+KAMERA+BI-XENON,,15777,Fairer Preis,112000,,10/2015,Benzin,150,,
BMW,520,5 Touring 520 d/Head-Up,,24500,Sehr guter Preis,114753,,06/2020,Diesel,190,,
Mercedes-Benz,C 200,C200 T Avantgarde Mild-Hybrid LED Navi 360° DAB,,25990,Fairer Preis,52344,,09/2019,Benzin,197,,
Volkswagen,Golf,Variant VII R 2.0 TSI DSG 4Motion Navi Digi,,26925,Erhöhter Preis,89342,,05/2017,Benzin,310,,
Mercedes-Benz,CLA 45 AMG Shooting Brake,4Matic*3J.Garantie*,,24999,Sehr guter Preis,98132,,07/2015,Benzin,360,,
Volkswagen,Golf,VII Variant R BMT 4Motion *AUT.*LED*1.HAND*,,21500,Guter Preis,108705,,08/2017,Benzin,310,,
Mercedes-Benz,E 250,CGI T 8G-tronic Elegance+LED+NAVI+PANO+AHK,,22900,Fairer Preis,88340,,08/2015,Benzin,211,,
Volkswagen,Golf,VII Variant Allstar NAVI ACC AHK,,16220,Sehr guter Preis,89681,,05/2016,Benzin,150,,
Volkswagen,Golf,VII Variant 1.2 TSI BMT Comfortline AHK PDC,,15950,Fairer Preis,65752,,07/2016,Benzin,110,,
Volkswagen,Golf,VII Variant Allstar BMT/AUTOMATIK/KLIMA/BC,,13190,Guter Preis,105001,,12/2016,Benzin,125,,
Volkswagen,Passat Variant,1.4 TSI BMT R-Line DSG LED 360°,,24490,Hoher Preis,80054,,04/2016,Benzin,150,,
BMW,318,d Touring Steptronic Advantage+LED+NAVI+SHZ,,22150,Fairer Preis,62192,,06/2019,Diesel,150,,
Volkswagen,Golf,VII Variant 1.5 TSI DSG R-Line VC LED Navi,,23950,Erhöhter Preis,79767,,03/2019,Benzin,150,,
Volkswagen,Golf,VII Variant Highline*DSG*BI-XENON*ALCANTARA,,14950,Guter Preis,102210,,06/2015,Benzin,150,,
Volkswagen,Passat Variant,1.8 TSI DSG R-Line LED Navi ACC,,23990,Erhöhter Preis,99958,,01/2017,Benzin,179,,
Volkswagen,Golf,VII Variant R BMT 4Motion DSG 1.HAND KAMERA,,21900,Fairer Preis,121000,,09/2016,Benzin,300,,
Volkswagen,Golf,VII Variant Trendline BMT,,12400,Guter Preis,87567,,06/2016,Benzin,110,,
Volkswagen,Golf,R BMT 4Motion Kamera ACC DYNAUDIO Panorama,,20999,Fairer Preis,141000,,08/2015,Benzin,300,,
BMW,523,"i Touring Klimaautom., PDC, SHZ, SWW",,13990,Ohne Bewertung,138593,,04/2011,Benzin,204,,
Volkswagen,Golf,VII Variant Comfortline SOUND Klimaauto+PDC,,12880,Sehr guter Preis,96228,,01/2017,Benzin,110,,
Volkswagen,Golf,"VW Golf VII R Variant 2.0 TSI DSG ""APR"" Navi ACC",,28500,Erhöhter Preis,93000,,07/2016,Benzin,360,,
Volkswagen,Golf,VIII Alltrack 4Motion*NAVI/Pro*KAMERA*IQ*,,22890,Fairer Preis,122000,,06/2022,Diesel,200,,
BMW,320,i Touring xDrive NAV AHK el. HECKKL SITZH PDC,,19950,Ohne Bewertung,78797,,06/2013,Benzin,184,,
Volkswagen,Golf,VII Variant Automatik BlueMotion Panorama-D,,16950,Guter Preis,92981,,11/2018,Benzin,131,,
Volkswagen,Golf,VII R 4Motion DSG Variant~LED~Navi~ACC~DAB,,24900,Fairer Preis,96878,,01/2018,Benzin,310,,
Volkswagen,Golf,VII Variant Highline BMT Autom. Navi BiXeno,,13990,Ohne Bewertung,99000,,08/2014,Benzin,150,,
BMW,528,i Touring M-Sport|Navi Prof.|Kamera|BMW Serv.,,21990,Ohne Bewertung,85945,,02/2016,Benzin,245,,
Volkswagen,Golf,Variant 1.4 TSI DSG Highline XENON PANO KEY,,11999,Ohne Bewertung,113800,,05/2012,Benzin,160,,
Volkswagen,Caddy,Maxi 1.4 TSI Parkassist AHK Navi 7-Sitze,,28950,Erhöhter Preis,55232,,03/2020,Benzin,131,,
Audi,A4,1.8 TFSI S line quattro Panorama Standheizung,,22990,Fairer Preis,96460,,11/2015,Benzin,170,,
Volkswagen,Golf,R 2.0TSI DSG 4M Variant ABT 400PS DCC,,21980,Sehr guter Preis,123000,,12/2015,Benzin,400,,
Mercedes-Benz,C 250,*ACC*SHZ*BURMESTER*KEYLESS GO*TOP,,21990,Fairer Preis,95467,,03/2016,Benzin,211,,
Volkswagen,Golf,VII 1.5 TSI R-Line DSG LED Navi ACC PDC USB,,20950,Fairer Preis,78160,,03/2019,Benzin,150,,
Volkswagen,Golf,1.4 TSI DSG BMT Highline Variant Highline,,19100,Fairer Preis,81744,,05/2017,Benzin,150,,
Volkswagen,Golf,VII Variant 1.4 TSI DSG LED Navi ACC AHK,,19490,Fairer Preis,69270,,05/2018,Benzin,125,,
Mercedes-Benz,C 300,T  Avantgarde 4Matic 4x4 Stdhz. Distronic ,,31940,Guter Preis,85237,,10/2020,Benzin,258,,
Volkswagen,Golf,VII Variant R BMT DSG 4Motion Pano Bi-Xenon,,22400,Fairer Preis,121000,,05/2016,Benzin,300,,
Mercedes-Benz,E 200,T 2.0 CGI 184PS BE Avantgarde Navi SHZ,,17999,Ohne Bewertung,93223,,04/2013,Benzin,184,,
BMW,320,d Luxury Line DAB CockpitPlus PDC Leder,,24499,Fairer Preis,113990,,09/2020,Diesel,190,,
Skoda,Octavia,OCTAVIA COMBI RS DSG 1.HAND+SCHECKHEFT GEPFLEGT,,21689,Guter Preis,84555,,04/2018,Benzin,230,,
BMW,528,"i xDrive Head-Up HiFi Facelift 18""Navi Xenon",,19900,Ohne Bewertung,108000,,09/2015,Benzin,245,,
Volkswagen,Golf,1.4TSI Varian Highline*DSG*NAV*XEN*RFK*1.HD,,14990,Ohne Bewertung,86900,,07/2014,Benzin,140,,
Mercedes-Benz,C 200,T AMG Line Burmester Standheizung Kamera,,23900,Fairer Preis,90678,,03/2016,Benzin,184,,
Volkswagen,Golf,"1.5TSI DSG R-Line LED AHK PANO NAVI 18"" ALU",,18900,Ohne Bewertung,98513,,06/2019,Benzin,150,,
Volkswagen,Golf,VII Variant Highline BMT 1. HAND SCHECKHEFT,,14799,Ohne Bewertung,97985,,12/2014,Benzin,125,,
Mazda,6,KOMBI SIGNATURE NAVI+LED+360+ACC+DAB+HUB+TÜV+,,22840,Erhöhter Preis,96800,,08/2018,Benzin,194,,
Volkswagen,Passat Variant,Elegance 4Motion R-Line Panorama,,28990,Erhöhter Preis,134740,,07/2020,Benzin,272,,
Volkswagen,Golf,VII  R-Line LPG PRINS MASSAGE/R-CAM/BIXEN/,,13990,Ohne Bewertung,103500,,12/2014,Benzin,150,,
Volkswagen,Golf,VII Var. 1.8 TSI DSG Alltrack 4Motion STHZG,,18490,Fairer Preis,107000,,07/2017,Benzin,179,,
Volkswagen,Golf,VII Variant Cup-Automatik-Navi-Neu TÜV,,14500,Ohne Bewertung,83700,,03/2015,Benzin,105,,
Volkswagen,Passat Variant,2.0TSI HIGHLINE LED#AHK#SHZ#FH,,23999,Fairer Preis,74473,,04/2016,Benzin,220,,
Mercedes-Benz,CLA 250 Shooting Brake,CLA Shooting Brake 250 7G-DCT Urban,,21490,Sehr guter Preis,89370,,04/2016,Benzin,211,,
Volkswagen,Passat Variant,1.8 TFSI DSG Highline |AHK|Leder,,19815,Fairer Preis,101242,,02/2017,Benzin,179,,
Mercedes-Benz,CLA 250 Shooting Brake,4M SPORT EDITION STANDHZ,,20780,Sehr guter Preis,92972,,04/2016,Benzin,218,,
BMW,520,i T AUTOMATIK LUXURY PANO NAVI PROF LEDER DDC,,17890,Ohne Bewertung,110029,,07/2013,Benzin,184,,
Ford,Mondeo,Turnier 2.0 ST-Line Navi Panorama PDC,,17890,Erhöhter Preis,103471,,03/2017,Diesel,150,,
Volkswagen,Golf,VII Variant Highline BMT NAVIGATION / PDC,,16880,Fairer Preis,83000,,04/2016,Benzin,150,,
Audi,A1,attraction Gepflegt*TÜV-NEU*KLIMA,,8380,Ohne Bewertung,68968,,06/2012,Benzin,86,,
Volkswagen,Golf,"Variant Alltrack 2.0 TDI DSG / Matrix, Pano",,26960,Guter Preis,90500,,08/2021,Diesel,200,,
Volkswagen,Golf,Variant VII 1.5 TSI DSG Sound LED/NAVI/AHK/,,17950,Fairer Preis,93809,,09/2017,Benzin,150,,
Mercedes-Benz,C 220,d T 9G Avantgarde +MBUX-NAV+CAM+LED-HP+1HD,,24590,Guter Preis,107495,,12/2020,Diesel,194,,
Volkswagen,Golf,VII Variant 1.5 TSI DSG LED Navi Kamera PDC,,21950,Fairer Preis,85894,,10/2019,Benzin,150,,
Volkswagen,Golf,VII Variant R 4Motion,,24800,Fairer Preis,90000,,11/2017,Benzin,310,,
Volkswagen,Passat Variant,Elegance 4Motion 2.0 TDI DSG/AHK,,24999,Fairer Preis,92882,,01/2020,Diesel,190,,
Volkswagen,Passat Variant,2.0 TDI BMT 7-DSG Elegance R-Line,,25500,Fairer Preis,72370,,11/2020,Diesel,190,,
Volkswagen,Golf,2.0 TSI DSG 4MOTION R Variant R,,26000,Fairer Preis,97326,,03/2018,Benzin,310,,
Volkswagen,Golf,Variant 1.2 TSI BMT CUP*AHK*Allwetter*PDC*,,10999,Ohne Bewertung,113106,,07/2014,Benzin,86,,
Volkswagen,Golf,"VII Variant 1,4 TS Highline DSG NAVI AHK",,17900,Guter Preis,96537,,04/2017,Benzin,150,,
Volkswagen,Golf,VII Variant Highline BMT DSG Standhz Spuras,,13990,Sehr guter Preis,105000,,04/2015,Benzin,150,,
Volkswagen,Golf,VII Variant Alltrack 4Motion / LED / Standh,,19890,Fairer Preis,92900,,10/2017,Benzin,179,,
Volkswagen,Passat Variant,1.4 TSI Comfortline Navi ACC PDC,,19490,Fairer Preis,78962,,07/2016,Benzin,150,,
Volkswagen,Golf,Sportsvan VIIHighline+DSG+ACC+NAVI+Bi-Xenon,,13999,Sehr guter Preis,94789,,09/2015,Benzin,150,,
BMW,320,Baureihe 3 Touring 320 d Luxury Line,,25500,Sehr guter Preis,100991,,03/2021,Diesel,190,,
Volkswagen,Golf,VII  R Line  Highline Pano. Alcanta LED AHK,,17990,Fairer Preis,90300,,04/2017,Benzin,150,,
Audi,A6,Avant 1.8 TFSI S tronic Navi Xenon AHK Sports,,21930,Erhöhter Preis,98420,,05/2016,Benzin,190,,
BMW,520,d Kamera HUD DAB Leder Alarm DisplayKey Sport,,28499,Guter Preis,90515,,09/2020,Diesel,190,,
Volkswagen,Golf,7 R Variant - Top Zustand - 1 Hand,,25500,Fairer Preis,101383,,04/2018,Benzin,310,,
Volkswagen,Golf,VII Variant 1.5 TSI DSG Highline LED ACC Na,,20950,Fairer Preis,83537,,09/2019,Benzin,150,,
Volkswagen,Golf,VII Variant Highline BMT*Alcantara*Klima,,13650,Sehr guter Preis,96550,,05/2015,Benzin,150,,
Mercedes-Benz,E 200,T-Modell Garantie*LED*2-Zonen-Klima*,,17990,Sehr guter Preis,97136,,07/2015,Benzin,184,,
Volkswagen,Golf,BMT VII 1.4 TSI Lounge PANO AHK BI-XENON ST,,16590,Sehr guter Preis,75190,,06/2015,Benzin,150,,
Volkswagen,Golf,Variant 1.4 TSI DSG Highline AHK Navi ACC,,17290,Fairer Preis,86400,,06/2017,Benzin,125,,
Volkswagen,Golf,VII Variant Allstar BMT PANO/AHK/TÜV NEU,,11700,Sehr guter Preis,97000,,10/2016,Benzin,86,,
Mercedes-Benz,CLA 250,Shooting Brake|AMG Line|Garantie|Harman,,18990,Sehr guter Preis,107727,,08/2015,Benzin,211,,
Mercedes-Benz,CLA 250 Shooting Brake,|AMG Line|Garantie|Harman,,18990,Guter Preis,107727,,08/2015,Benzin,211,,
Volkswagen,Golf,VII Variant R  4Motion 2.0 TSI+Alufelgen+Si,,25870,Erhöhter Preis,91579,,04/2018,Benzin,310,,
Mercedes-Benz,C 200,C- Klasse 200 T-Modell d Avantgarde Standheizung,,19980,Guter Preis,119826,,05/2020,Diesel,160,,
BMW,M550,"d xDrive, Leder Navi Connected Harman Xenon",,27000,Guter Preis,136109,,01/2017,Diesel,381,,
Volkswagen,Golf,VII Variant Highline Teilleder PDC vorn/hin,,16990,Fairer Preis,79850,,05/2016,Benzin,125,,
Volkswagen,Golf,VII Variant 2.0 TDI DSG R-Line LED Panorama,,21990,Hoher Preis,116234,,06/2017,Diesel,150,,
Volkswagen,Golf,GOLF VARIANT COMFORTLINE 1.6TDI DSG-LED|NAVIuvm.,,19949,Fairer Preis,49881,,07/2019,Diesel,116,,
Mercedes-Benz,C 180,Amg Line /NAVI/LED/CAM/BURM/GARANTIE,,29890,Fairer Preis,74000,,03/2021,Benzin,156,,
Mercedes-Benz,CLA 200 Shooting Brake,CLA 200 AMG Shooting Brake Nav/Pano/Temp/Pdc/Shz,,20999,Fairer Preis,82960,,03/2016,Benzin,156,,
Volkswagen,Golf,Variant VII Highline Bi-Xenon/Navi/AHK/ergo,,16480,Fairer Preis,108860,,06/2016,Benzin,150,,
Volkswagen,Golf,2.0 TSI DSG 4MOTION BMT R Variant R,,19500,Sehr guter Preis,130000,,07/2015,Benzin,300,,
Volkswagen,Passat Variant,1.8 TSI DSG R-Line LED Navi ACC,,22950,Fairer Preis,98579,,10/2017,Benzin,179,,
Volkswagen,Passat Variant,Comfortline Navi Sitzheizung ACC,,19950,Fairer Preis,74848,,06/2016,Benzin,150,,
Mercedes-Benz,C 250,T AMG Line|Night|LEDer|NAV|Distronic+|SHZG,,21880,Sehr guter Preis,94813,,11/2016,Benzin,211,,
Volkswagen,Golf,GOLF 7R   Facelift Ohne OPF,,23890,Guter Preis,113000,,02/2018,Benzin,310,,
Volkswagen,Passat Variant,Elegance R-Line Pano App-Connect,,25990,Fairer Preis,117100,,02/2021,Diesel,200,,
Volkswagen,Golf,"VII Variant Comfortline**MTL.RATE 106,00**",,11500,Fairer Preis,109620,,04/2016,Benzin,110,,
Volkswagen,Passat Variant,1.5TSI DSG Business+LED+NAVI+AHK,,23790,Fairer Preis,89322,,03/2023,Benzin,150,,
Mercedes-Benz,CLA 250 Shooting Brake,"CLA 250 SB 4M*SPORT*AMG LINE*NIGHT-LED-SHZ-19""",,22470,Fairer Preis,86564,,09/2016,Benzin,218,,
Mercedes-Benz,C 220,d T 9G-tronic Avantgarde+LED+NAVI+AHK+PDC,,27900,Erhöhter Preis,96011,,11/2020,Diesel,194,,
Volkswagen,Passat,1.5TSI Variant DSG Business+LED+NAVI+AHK,,23790,Fairer Preis,88320,,03/2023,Benzin,150,,
Volkswagen,Golf,VII Variant Highline BMT|ACC|NAVI|LED|SHZ|M,,15990,Fairer Preis,124500,,09/2017,Benzin,150,,
Volkswagen,Golf,Variant 1.5 TSI Comfortline NAVI ALU SHZ,,17890,Fairer Preis,88550,,07/2019,Benzin,131,,
BMW,318,d Touring Advantage Garantie*LED*Navi*Pano*,,14750,Fairer Preis,144073,,03/2016,Diesel,150,,
Volkswagen,Golf,VII R Var. 4Motion DSG Pano Rückfahrkamera ,,22990,Erhöhter Preis,128100,,01/2016,Benzin,300,,
Volkswagen,Golf,"VII Lim. Lounge R-line / 18""",,13600,Guter Preis,91400,,09/2015,Benzin,125,,
Volkswagen,Golf,VII Variant 1.4 TSI 150 PS DSG Comfortline,,18360,Fairer Preis,84573,,06/2017,Benzin,150,,
BMW,530,d xD Luxury Line Kamera HUD Alarm Individual,,30999,Guter Preis,76799,,09/2019,Diesel,265,,
Volkswagen,Golf,VII Variant 1.0 TSI Comfortline DSG Navi,,17990,Erhöhter Preis,80200,,04/2019,Benzin,116,,
Volkswagen,Golf,SPORTSVAN 1.2 TSI BMT 110HP STYLE PSENS BT,,13599,Erhöhter Preis,92820,,08/2014,Benzin,110,,
Volkswagen,Golf,Sportsvan VII Highline BMT *Leder *ACC *RFK,,18550,Fairer Preis,62480,,06/2015,Benzin,150,,
Volkswagen,Golf,Variant 1.4 TSI Highline DSG Navi R-Line Sp,,15750,Fairer Preis,98500,,04/2017,Benzin,125,,
Mercedes-Benz,C 200,"T CGI Kombi Automatik orig,78tkm Navi",,19190,Sehr guter Preis,78000,,06/2015,Benzin,184,,
Volkswagen,Golf,"VII Variant Highline Navi,LED,Panorama,SH",,17100,Guter Preis,72430,,08/2018,Benzin,150,,
Mercedes-Benz,CLA 200 Shooting Brake,CLA 200 SB AMG-Line *PANO*NIGHT*KAM*NAVI*LED*,,19900,Fairer Preis,98363,,10/2016,Benzin,156,,
Mercedes-Benz,C 250,d T-Modell BlueTec AMG*Ambiente*LED*Pano*,,18990,Fairer Preis,154145,,07/2015,Diesel,204,,
Audi,A4,Avant 45 TFSI Quattro *StdHzg*PanoSD*ACC*PDC,,28599,Fairer Preis,86000,,10/2020,Benzin,245,,
BMW,320,d Sport Line 360° Laser HUD DAB Komfort AHK,,25499,Guter Preis,112258,,02/2021,Diesel,190,,
Ford,Mondeo,Turnier 1.5 Titanium /CAM/LED/DAB/,,14990,Guter Preis,94064,,11/2018,Benzin,165,,
Volkswagen,Golf,VII Variant Lounge BMT,,13200,Guter Preis,92912,,07/2015,Benzin,125,,
Volkswagen,Golf,VII Variant Lounge BMT *AUTOMATIK*SHZ*PDC*,,13999,Guter Preis,96000,,07/2015,Benzin,110,,
Volkswagen,Golf,Variant Join 1.0 TSI Navi,,16555,Fairer Preis,81300,,01/2019,Benzin,116,,
Volkswagen,Golf,Variant VII 1.4 TSI DSG Highline AHK-klappb,,19925,Erhöhter Preis,70648,,05/2017,Benzin,150,,
Volkswagen,Golf,Variant VII 1.4 TSI Highline R-LINE+LED,,16790,Erhöhter Preis,84600,,07/2017,Benzin,125,,
Volkswagen,Golf,VII Variant Highline BMT/Start-Stopp,,19990,Fairer Preis,81256,,10/2017,Benzin,150,,
Volkswagen,Golf,VII Variant 1.5 TSI R-Line Navi ACC Kamera,,19490,Erhöhter Preis,85755,,11/2019,Benzin,150,,
Mercedes-Benz,CLS 500 Shooting Brake,4-Matic AMG-Paket VOLL,,28990,Ohne Bewertung,109725,,10/2013,Benzin,408,,
Volkswagen,Golf,"VII R-Line,ACC,NaviSHZ,Pano,LED,Standheizung",,19599,Guter Preis,92397,,02/2018,Benzin,150,,
Volkswagen,Golf,2.0 TSI DSG 4MOTION R Variant R,,27300,Fairer Preis,110000,,07/2017,Benzin,310,,
Volkswagen,Golf,VII R BMT 4M|PANO|KAMERA|DYNAUDIO|NAVI|VOLL,,31990,Hoher Preis,72850,,05/2017,Benzin,310,,
Volkswagen,Caddy Maxi,2.0 TDI BMT (7-Si.) AHK Standhzg Navi,,26900,Ohne Bewertung,96000,,09/2021,Diesel,122,,
Mercedes-Benz,C 200,"T NIGHT BURMESTER,DISTRO,PANO,360GRAD,SH",,22880,Fairer Preis,98943,,03/2017,Benzin,184,,
Volkswagen,Golf,"VII Variant 2.0 TDI GTD ACTIVE-INFO,KEYLESS",,23480,Erhöhter Preis,99980,,07/2018,Diesel,184,,
Volkswagen,Golf,Variant Allstar BMT 1.2 TSI Navi AHK,,14710,Fairer Preis,95600,,04/2016,Benzin,110,,
Volkswagen,Golf,VII Variant 1.5TSI Comfortline DSG Navi Kam,,19290,Fairer Preis,85250,,11/2019,Benzin,150,,
Volkswagen,Golf,1.2TSI Comfortline Variant+SCHECKHEFT+TEMP.,,9990,Ohne Bewertung,91598,,02/2012,Benzin,105,,
Mercedes-Benz,CLA 200 Shooting Brake,7G-DCT RFK LED SHZ Pano,,21950,Guter Preis,81150,,09/2016,Benzin,156,,
Volkswagen,Golf,VII Variant Alltrack 4Motion*AHK*ACC*Kamera,,18999,Guter Preis,90000,,06/2018,Benzin,179,,
Mercedes-Benz,C 250,T-Modell |Avantgarde|LED|DISTR|360°|TOTW,,23490,Fairer Preis,87770,,02/2017,Benzin,211,,
Volkswagen,Passat Variant,2.0TDI DSG Business+LED+NAVI+PDC,,23499,Fairer Preis,65298,,11/2020,Diesel,122,,
Volkswagen,Golf,VII Variant Highline*Aut.*LED*AHK*HU/AU neu,,17999,Guter Preis,95263,,11/2017,Benzin,150,,
Volkswagen,Golf,Sportsvan VII Highline*NAVI*BI-XENON*1 HAND,,13999,Sehr guter Preis,89000,,08/2015,Benzin,150,,
Audi,A4,Avant Ambiente Aut./Xenon-Plus/ACC/PDC/BT,,17950,Guter Preis,105000,,10/2015,Benzin,170,,
Mercedes-Benz,CLA 200 Shooting Brake,Automatik LED Navi Kamera,,22990,Erhöhter Preis,103731,,03/2017,Benzin,156,,
Volkswagen,Golf,Variant 1.5 TSI ACT Highline ACC NAVI LED,,18980,Fairer Preis,94600,,01/2020,Benzin,150,,
Volkswagen,Golf,VII Variant 1.5 TSI BMT Highline AHK,,21490,Erhöhter Preis,72000,,11/2017,Benzin,150,,
Mercedes-Benz,C 220,d T 9G-tronic basis+LED+NAVI+KAMERA+AHK,,23500,Fairer Preis,120939,,10/2020,Diesel,194,,
Audi,A6,3.0 TDI quattro | Matrix-LED| HUD| ACC | AHK,,28666,Fairer Preis,132500,,12/2018,Diesel,272,,
Volkswagen,Golf,1.4 TSI 92kW BMT ALLSTAR Variant ALLSTAR,,14490,Fairer Preis,95133,,04/2016,Benzin,125,,
Volkswagen,Passat Variant,1.4 TSI BlueMotion Navi Sitzheiz.,,14990,Fairer Preis,86160,,07/2015,Benzin,150,,
Mercedes-Benz,CLA 220 Shooting Brake,8G-DCT AMG Line+LED+NAVI,,27490,Guter Preis,123355,,03/2020,Diesel,190,,
Mercedes-Benz,C 200,C -Klasse T-Modell C 200 T CGI,,17490,Sehr guter Preis,86000,,11/2015,Benzin,184,,
Volkswagen,Golf,Sportsvan VII*SOUND*,,12900,Guter Preis,107447,,11/2017,Benzin,125,,
Volkswagen,Golf,VII Variant 1.6 TDI DSG LED Standheizung,,17990,Fairer Preis,98828,,01/2018,Diesel,116,,
Volkswagen,Golf,VII Variant 2.Hd SHz PDC TÜV NEU +GARANTIE+,,14290,Fairer Preis,93000,,03/2016,Benzin,125,,
Volkswagen,Golf,VII Variant Highline BMT,,12990,Ohne Bewertung,97464,,08/2014,Benzin,140,,
Mercedes-Benz,C 400,T 4MATIC 2X AMG LINE DISTRONIC LEDER ROT,,26890,Guter Preis,110712,,04/2016,Benzin,333,,
Volkswagen,Golf,Variant 1.4 TSI Klimaaut. Navi ACC PDC,,17990,Fairer Preis,58931,,09/2017,Benzin,150,,
Mercedes-Benz,C 200,CGI Avantgarde | AHK | LED | ACC | Kamera,,20666,Guter Preis,119800,,09/2015,Benzin,184,,
Volkswagen,Golf,VII Variant Alltrack 1.8 TSI 4Motion BMT AH,,16930,Fairer Preis,124980,,03/2016,Benzin,179,,
Volkswagen,Golf,VI 1.4 TSI Variant Highline/Autom/Klima/PDC,,12980,Ohne Bewertung,79851,,07/2013,Benzin,122,,
Volkswagen,Golf,"VII Variant Highline, Kamera, LED, AHZV",,17780,Fairer Preis,79550,,05/2017,Benzin,150,,
Volkswagen,Golf,VII Variant 1.5 TSI ACT Highline BMT LED,,18490,Fairer Preis,94422,,02/2018,Benzin,131,,
Volkswagen,Golf,VII Variant 1.5 TSI Highline-R Line-DSG-LED,,19990,Fairer Preis,89800,,05/2018,Benzin,150,,
Audi,A6,2.0 TFSI Avant quattro S-Tronic MMI Plus AHK,,26950,Fairer Preis,85431,,04/2016,Benzin,252,,
Audi,A4,Avant S line Sportpaket /plus/ Navi/B&O/2.Ha.,,18999,Fairer Preis,78500,,09/2015,Benzin,170,,
Audi,A4,2.0 TFSI Avant S-Tronic S-Line MMI Plus B&O,,24950,Fairer Preis,87709,,12/2016,Benzin,190,,
Mercedes-Benz,CLA 45 AMG Shooting Brake,4Matic *2.HD/NAVI/ACC*,,23490,Ohne Bewertung,120500,,12/2015,Benzin,381,,
Mercedes-Benz,C 180,T CGI Avantgarde*Burmester*BusinessPlus*,,16780,Ohne Bewertung,112000,,11/2014,Benzin,156,,
Volkswagen,Golf,VII Variant 1.2TSI Allstar Klima+Sitzhzg.,,13690,Fairer Preis,93425,,07/2016,Benzin,110,,
Volkswagen,Golf,VII Variant 1.4 TSI BMT Highline ACC Pano,,15980,Sehr guter Preis,110000,,11/2016,Benzin,150,,
Volkswagen,Golf,VII Highline 1.4 DSG XENON AHK KLIMA SHZ BT,,12990,Ohne Bewertung,105000,,12/2013,Benzin,140,,
Volkswagen,Golf,Variant Lounge BMT DSG*Pano*AHK*PDC*SHZ*S&S,,12990,Guter Preis,90808,,11/2015,Benzin,125,,
Audi,A4,Avant 2.0 TFSI ultra S tronic *Navi*PDC*SHZ*,,18490,Guter Preis,98950,,07/2016,Benzin,190,,
Mercedes-Benz,CLA 200 Shooting Brake,7G-DCT Peak Edition *Pano,,23845,Erhöhter Preis,84834,,03/2017,Benzin,156,,
Mercedes-Benz,C 200,T 4Matic 9G-TRONIC Avantgarde,,21990,Fairer Preis,88700,,05/2017,Benzin,184,,
Volkswagen,Golf,VII Variant Allstar DSG Navi PDC,,14800,Fairer Preis,94000,,09/2016,Benzin,110,,
Volkswagen,Golf,VII Variant 1.4 TSI Highline Pano AHK BiXe,,13990,Ohne Bewertung,120347,,04/2014,Benzin,140,,
BMW,520,d Touring xDrive Sport Line LED Navi Kamera,,29990,Fairer Preis,102569,,10/2020,Diesel,190,,
Mercedes-Benz,CLA 220,CLA -Klasse Shooting Brake CLA 220 4Matic,,21999,Sehr guter Preis,94948,,07/2017,Benzin,184,,
Volkswagen,Golf,Variant 2.0 TDI Comfortline Lounge,,14490,Fairer Preis,112000,,12/2015,Diesel,150,,
Skoda,Octavia,OCTAVIA COMBI AMB. TSI DSG VOLL-LED+NAVI+SITZHZ,,16489,Fairer Preis,96176,,05/2018,Benzin,116,,
Volkswagen,Golf,VII Var 1.5 TSI DSG Comfortline NAV+RFK+AHK,,18490,Fairer Preis,80500,,03/2018,Benzin,131,,
Skoda,Superb,1.8 TSI Style Bi-Xenon AHK Pano Leder ACC,,23990,Fairer Preis,95746,,05/2019,Benzin,179,,
Volkswagen,Passat Variant,Comfortline R-Line 1.4 TSI Navi,,20789,Erhöhter Preis,82000,,11/2017,Benzin,150,,
Mercedes-Benz,CLA 180 Shooting Brake,*PANO*LEDER*SHZ*PDC*TEMPO,,16790,Sehr guter Preis,100000,,02/2016,Benzin,122,,
Mercedes-Benz,CLA 180,SB NAVI*PANO*LEDER*SHZ*PDC*TEMPOMAT*EGSD,,16790,Sehr guter Preis,100000,,02/2016,Benzin,122,,
Volkswagen,Golf,VII Variant Highline~Massage~ACC~LED~Touch,,15990,Guter Preis,99297,,11/2017,Benzin,150,,
Mercedes-Benz,C 180,T 9G-Tronic Avantgarde+LED+NAVI+AHK+LEDER,,19750,Fairer Preis,96291,,04/2017,Benzin,156,,
Mercedes-Benz,E 200,T 9G-tronic AMG Line+LED+NAVI+VIRTUAL+RFK,,25150,Fairer Preis,94608,,06/2017,Benzin,184,,
Mercedes-Benz,GLA 250,GLA -Klasse GLA 250 4Matic,,20900,Ohne Bewertung,67945,,02/2015,Benzin,211,,
Volkswagen,Golf,VII IQ.DRIVE Start-Stopp 1.5 TSI BMT EU6d-T,,17990,Fairer Preis,93000,,01/2020,Benzin,150,,
Mercedes-Benz,C 200,C -Klasse T-Modell C 200 T CGI,,18950,Fairer Preis,80197,,06/2016,Benzin,184,,
Volkswagen,Golf,VII Variant Comfortline BlueMotion TGI,,13450,Fairer Preis,80142,,05/2017,Erdgas (CNG),110,,
Volkswagen,Golf,VII Variant 1.5 TSI DSG ACT JOIN PLUS AID A,,18980,Fairer Preis,96171,,10/2018,Benzin,150,,
Volkswagen,Passat Variant,1.4 TSI Comfortline AHK Tempomat,,16990,Fairer Preis,119995,,11/2015,Benzin,150,,
BMW,320,d xD M Sport Kamera HUD Panorama Individual,,25999,Fairer Preis,131257,,02/2020,Diesel,190,,
Volkswagen,Golf,VII Variant GTD 2.0 TDI PDC+KAMERA+NAVI+SHZ,,18590,Erhöhter Preis,111018,,06/2015,Diesel,184,,
Volkswagen,Golf,VII Variant Comfortline BMT 1.HAND DSG AHK,,12950,Guter Preis,96000,,04/2015,Benzin,125,,
Mercedes-Benz,CLA 200,CLA -Klasse.Shooting Brake.CLA 200.CDI.AUT.NAV.B,,16990,Fairer Preis,142500,,07/2015,Diesel,136,,
Volkswagen,Golf,"Variant R 4Motion R, Navi, ACC, Shz, Kam",,26990,Erhöhter Preis,88388,,04/2018,Benzin,310,,
BMW,520,d xDrive Touring+LIVE-COC+CAM+AHK+LED-SW+1HD+,,28995,Fairer Preis,102708,,02/2021,Diesel,190,,
Volkswagen,Golf,7 Variant 1.6 TDI BlueMotion Kamera Navi,,15950,Fairer Preis,80300,,01/2017,Diesel,110,,
Volkswagen,Passat Variant,Virtual Cockpit*DSG*LED*DDC,,20980,Erhöhter Preis,90000,,04/2018,Benzin,150,,
Volkswagen,Golf,VII Variant TSI DSG Navigation Bluetooth,,11890,Ohne Bewertung,101100,,09/2014,Benzin,105,,
Volkswagen,Passat Variant,1.8 TSI BMT Highline LED Navi AHK,,19990,Fairer Preis,121116,,12/2016,Benzin,179,,
Mercedes-Benz,C 180,T 9G-TRONIC Avantgarde *AHK*Navi*LED*TWA*,,20666,Fairer Preis,96500,,07/2017,Benzin,156,,
Volkswagen,Golf,Variant Highline 1.5TSI DSG LED/ACC/NAVI/SH,,18470,Guter Preis,89026,,02/2020,Benzin,150,,
Volkswagen,Golf,Sportsvan VII Highline Automatik DSG/ACC,,14900,Guter Preis,68180,,03/2015,Benzin,125,,
Volkswagen,Golf,VII 1.6 TDI DSG Variant*AHK*Navi*ACC*SHZ*,,16390,Guter Preis,98500,,10/2017,Diesel,116,,
Volkswagen,Golf,VII *GTD*Xenon*Sportsitze*,,19990,Fairer Preis,96900,,10/2016,Diesel,184,,
Volkswagen,Golf,VII Variant 1.2 TSI DSG Comf. Navi PDC SHZ,,13290,Ohne Bewertung,74900,,09/2014,Benzin,105,,
Mercedes-Benz,C 250,T-Mod AMG-Line  *AHK*SHZ*NAV*LED*TEM*PDC*,,23590,Guter Preis,93513,,09/2017,Benzin,211,,
Volkswagen,Passat Variant,2.0 TSI DSG Highline *Navi*Leder*,,21930,Fairer Preis,110136,,02/2018,Benzin,220,,
Volkswagen,Golf,VII Variant Allstar BMT,,14490,Fairer Preis,98200,,10/2016,Benzin,125,,
Mercedes-Benz,CLA 200 Shooting Brake,AMG-Line Sonderlack,,19690,Guter Preis,70000,,06/2015,Benzin,156,,
Mercedes-Benz,CLA 200,Shooting Brake AMG Line Sonderlack,,19690,Sehr guter Preis,70000,,06/2015,Benzin,156,,
Volkswagen,Passat Variant,1.4 TSI Comfortline DSG LED / ACC,,17980,Fairer Preis,103850,,09/2017,Benzin,150,,
Hyundai,i30,Kombi 1.4 Blue Klima Sitzheizung USB,,13990,Ohne Bewertung,94089,,06/2017,Benzin,101,,
Volkswagen,Golf,VII Variant 1.4 TSI Comfort Navi PDC USB,,12990,Ohne Bewertung,132753,,02/2015,Benzin,125,,
Volkswagen,Golf,Variant VII Highline LED/ACC/Navi/SHZ/ergoA,,17480,Fairer Preis,96210,,02/2018,Benzin,150,,
Volkswagen,Passat Alltrack,"Variant 4Motion BI-XENON, LEDER",,18990,Ohne Bewertung,110668,,04/2014,Benzin,211,,
Volkswagen,Golf,VII Variant Allstar BMT,,11999,Sehr guter Preis,122000,,06/2016,Benzin,150,,
Volkswagen,Golf,"VII Variant Cup,AUTOMATIK,KLIMA;NAVI,SITZH.",,12800,Ohne Bewertung,87800,,12/2014,Benzin,125,,
Volkswagen,Golf,1.5 TSI ACT DSG Join Variant Standheizung,,17490,Guter Preis,89000,,06/2018,Benzin,150,,
Volkswagen,Golf,7r Facelift Performance ohne OPF ,,28000,Fairer Preis,93000,,08/2018,Benzin,310,,
Mercedes-Benz,C 200,T 4Matic BLIS TEMP PANO AHK LED el. HECKKL,,22950,Fairer Preis,90158,,09/2017,Benzin,184,,
Volkswagen,Golf,VII Variant Highline BMT/Start-Stopp*Navi*,,16490,Fairer Preis,98462,,10/2019,Benzin,150,,
Volkswagen,Golf,VII 1.5 TSI R-Line Voll-LED CarPlay Navi SH,,17670,Guter Preis,83500,,11/2019,Benzin,150,,
Volkswagen,Golf,7 Variant R 4Motion*Dynaudio*Kam*2.Hand*ACC,,28990,Erhöhter Preis,95000,,05/2018,Benzin,310,,
Volkswagen,Golf,Variant 1.4 TSI DSG Sound Navi/ACC,,18480,Erhöhter Preis,77184,,03/2018,Benzin,125,,
Volkswagen,Passat Variant,2.0 TDI DSG ELEGANCE*IQ.LIGHT*AHK,,25499,Fairer Preis,57300,,05/2020,Diesel,150,,
Volkswagen,Golf,2.0 TDI DSG 4M BMT Alltrack S-H/ACC/PANO/AK,,22890,Ohne Bewertung,107741,,04/2016,Diesel,184,,
Volkswagen,Passat Alltrack,2.0 TSI DSG 4Motion*Navi*ACC*LED,,22980,Fairer Preis,91266,,07/2018,Benzin,220,,
Volkswagen,Golf,"Variant Comfortline AHK,Navi,LED,PDC,SH",,19200,Erhöhter Preis,79800,,01/2020,Benzin,150,,
Volkswagen,Golf,7R Variant - OPF - Gewinde KW V1 - 19 Zoll,,25599,Guter Preis,99800,,02/2019,Benzin,300,,
Mercedes-Benz,CLA 250 Shooting Brake,CLA 250 SB 4Matic AMG°EXCLUSIV°PANO°ACC°H&K,,23490,Guter Preis,112300,,04/2017,Benzin,211,,
Mercedes-Benz,CLA 250,SB 4Matic AMG°EXCLUSIV°PANO°ACC°H&K,,23490,Guter Preis,112300,,04/2017,Benzin,211,,
Volkswagen,Golf,VII Lounge BMT 1.4TSI*1.HAND*AUTOMATIK*NAVI,,14990,Sehr guter Preis,117000,,01/2016,Benzin,150,,
Audi,A4,Avant Sline 2.0TFSI ultra Matrix Navi PDC SHZ,,21830,Fairer Preis,106990,,05/2017,Benzin,190,,
Volkswagen,Golf,VII Variant 1.5 TSI Join AHK LED ACC,,16980,Erhöhter Preis,103545,,05/2018,Benzin,150,,
Volkswagen,Golf,VII Variant 2.0 TDI GTD Bi-Xenon Navi AHK,,23950,Fairer Preis,58872,,04/2016,Diesel,184,,
Volkswagen,Golf,VII Variant 1.5 TSI Sound DSG LED NAVI DYNA,,16833,Fairer Preis,102000,,12/2017,Benzin,150,,
Volkswagen,Golf,7 Variant 1.4*Highline*DSG*SHZ*Pano*LED*PDC,,18990,Fairer Preis,80900,,03/2018,Benzin,125,,
Mercedes-Benz,C 200,T Avantgarde *LED*NAVI*KAMERA*BLIS*8FACH*,,20888,Guter Preis,84000,,06/2017,Benzin,184,,
Volkswagen,Golf,Variant VIII 2.0TDI DSG Life+LED+NAVI+VIRTU,,23450,Fairer Preis,55314,,03/2022,Diesel,116,,
Volkswagen,Golf,1.4 TSI 92kW DSG BMT Highline Variant H...,,13500,Ohne Bewertung,115000,,10/2014,Benzin,125,,
Volkswagen,Passat Variant,2.0 TSI Elegance LED ACC Kamera,,28990,Fairer Preis,50871,,09/2020,Benzin,190,,
Volkswagen,Golf,1.2 TSI DSG Variant Blue Motion|XENON|SHZ,,14980,Guter Preis,73000,,10/2015,Benzin,110,,
Audi,A4,Avant 1.4 TFSI S tronic Bi-Xenon Navi AHK PDC,,22950,Fairer Preis,83467,,05/2017,Benzin,150,,
Volkswagen,Golf,TRAUMGEPFLEGT Golf R Variant Facelift,,23800,Sehr guter Preis,121000,,05/2018,Benzin,310,,
Mercedes-Benz,C 180,C180 T Avantgarde LED Navi Kamera Sitzheizung,,20990,Guter Preis,84787,,07/2017,Benzin,156,,
Volkswagen,Passat Variant,"3.6 Exclusive 4M Xenon,Navi,Leder",,21999,Ohne Bewertung,112492,,03/2013,Benzin,299,,
Mercedes-Benz,E 250,T AMG-LINE*WIDE *M-BEAM *BURMESTER *360°,,28500,Erhöhter Preis,93999,,11/2016,Benzin,211,,
Seat,Leon,2.0TSI ST DSG FR+LED+NAVI+PANO+AHK+PDC,,18650,Guter Preis,100533,,03/2019,Benzin,190,,
Volkswagen,Passat Variant,Highline BMT/Start-Stopp 4Motion,,21490,Guter Preis,84603,,03/2016,Benzin,280,,
Audi,S4,3.0 TFSI quattro CAPRISTO / DOWNPIPES,,25390,Ohne Bewertung,116214,,02/2013,Benzin,333,,
Volkswagen,Golf,VII Variant Allstar*NAV*TEL*SHZ*PDC*,,14874,Fairer Preis,109974,,10/2016,Benzin,150,,
Volkswagen,Golf,VII Var. 1.5 TSI HL DSG LED*NAV*ACC*LM19,,17198,Fairer Preis,96137,,03/2018,Benzin,150,,
Volkswagen,Golf,VII Variant Highline AHK DSG APP ACC NAVI,,18990,Fairer Preis,69290,,10/2017,Benzin,150,,
Mercedes-Benz,E 200,T 9G-TRONIC Avantgarde *Navi*el Heck*CAM*,,25380,Fairer Preis,109852,,05/2017,Benzin,184,,
BMW,520,d HUD Kamera ACC HUD DAB NightVision Komfort,,28499,Guter Preis,65914,,04/2020,Diesel,190,,
Volkswagen,Touran,1.4 TSI DSG BMT Highline LED Kamera Pano,,20990,Guter Preis,66100,,10/2016,Benzin,150,,
Volkswagen,Golf,VII Variant R NON-OPF / Performance,,32305,Erhöhter Preis,74175,,01/2018,Benzin,310,,
Volkswagen,Golf,VII Variant R 4Motion Automatik 310 PS ACC,,24950,Erhöhter Preis,142500,,06/2017,Benzin,310,,
BMW,218,Baureihe 2 Active Tourer 218 i,,14750,Ohne Bewertung,98905,,08/2015,Benzin,136,,
Volkswagen,Golf,7/  1.4 TSI  ALLSTAR *1 HAND *NAVI *XENON,,13900,Fairer Preis,102000,,08/2016,Benzin,125,,
Volkswagen,Golf,VII Variant Highline BMT/Start-Stopp,,16900,Guter Preis,93700,,02/2018,Benzin,150,,
Volkswagen,Passat Variant,2.0 TSI DSG 4MOTION 280PS N 41715,,15400,Sehr guter Preis,113000,,04/2016,Benzin,280,,
Volkswagen,Golf,VII Variant 1.5 TSI DSG Highline R line ACC,,19410,Fairer Preis,97300,,07/2020,Benzin,150,,
Volkswagen,Passat Alltrack,Passat Variant Alltrack 2.0TSI4M LED+NAV+ACC+RFK,,25930,Fairer Preis,78157,,11/2017,Benzin,220,,
Volkswagen,Golf,GOLF VII R *DYNA*PANO*RFK*H&R*ACC*SPUR*LED*DCC*,,22900,Sehr guter Preis,120000,,07/2018,Benzin,310,,
Volkswagen,Golf,"VI Variant Comfortline 1,4 TSI AHK KLIMA AL",,8990,Ohne Bewertung,87552,,05/2012,Benzin,160,,
Volkswagen,Golf,Variant Golf VII Variant 1.2 TSI BMT Comfor,,12995,Ohne Bewertung,113900,,04/2014,Benzin,105,,
Volkswagen,Golf,VII Variant Highline BMT*AUTOMATIK*BI-XENON,,15999,Sehr guter Preis,79000,,09/2017,Benzin,125,,
Skoda,Fabia,Combi 1.2 TSI Joy Navi Sitzheizung PDC,,11990,Erhöhter Preis,99013,,05/2016,Benzin,90,,
Audi,A4,Avant 1.4 TFSI sport LED Navi ACC Sitzheizung,,18990,Guter Preis,99986,,04/2017,Benzin,150,,
BMW,330,d Touring Bi-Xenon PDC DAB AHK KLIMA,,22888,Ohne Bewertung,89600,,09/2014,Diesel,258,,
Volkswagen,Golf,VII 1.2 TSI DSG LOUNGE AHK ACC PDC SHZ GJR ,,14740,Guter Preis,76500,,04/2016,Benzin,110,,
Volkswagen,Golf,VII Variant Comfortline NAVI TEMPOMAT KLIMA,,13490,Ohne Bewertung,69614,,03/2014,Benzin,105,,
Mercedes-Benz,CLA 45 AMG Shooting Brake,CLA 45 AMG°4-MATIC°PANO°XENON°MEMORY°KAM°82TKM°,,29899,Guter Preis,82000,,08/2015,Benzin,360,,
Volkswagen,Passat Variant,"2.0 TSI 3x R LINE KAMERA,ACC,1.HD",,23380,Fairer Preis,66200,,01/2017,Benzin,220,,
Volkswagen,Golf,Variant 1.4 TSI Cup *XEN*STHZ*LENKASS*BT*,,12990,Ohne Bewertung,113000,,10/2014,Benzin,125,,
Volkswagen,Golf,VII Variant R BMT 4Motion 2.0 TSI AD El. Pa,,22999,Erhöhter Preis,135000,,02/2016,Benzin,300,,
Volkswagen,Golf,VII Variant Cup/AHZV/2.Hand/erst 96545km,,11980,Ohne Bewertung,96545,,09/2014,Benzin,125,,
Skoda,Octavia,Combi Ambition AHK*PDC*SHZ*TEMP*KLIMA*,,16450,Fairer Preis,81072,,05/2018,Benzin,150,,
Volkswagen,Golf,Sportsvan VII Highline BMT/Start-Stopp,,11999,Sehr guter Preis,108894,,03/2015,Benzin,125,,
Volkswagen,Golf,7 VARIANT DSG SPORTPAKET SOUND FACELIFT LED,,16900,Fairer Preis,134000,,11/2017,Benzin,125,,
Volkswagen,Golf,VII Variant 1.4 TSi Comfortline R-Line,,13990,Fairer Preis,96631,,11/2016,Benzin,125,,
Volkswagen,Golf,VII 1.0 TSI Comfortline BlueMotion Aut.*NAV,,15590,Erhöhter Preis,98540,,09/2017,Benzin,110,,
Volkswagen,Golf,VII Variant Highline BMT,,14500,Fairer Preis,119000,,09/2015,Benzin,150,,
Volkswagen,Golf,2.0 TSI R BMT 4Motion,,30900,Ohne Bewertung,90122,,06/2019,Benzin,300,,
Volkswagen,Golf,Variant 1.2 TSI Cup *Business/Winter-Paket*,,11890,Ohne Bewertung,97728,,07/2014,Benzin,105,,
BMW,320,i Touring Luxury LED Navi Leder Pano PDC AHK,,21995,Fairer Preis,98865,,03/2018,Benzin,184,,
Audi,A6,Avant 2.0 TFSI 2.Hand Scheckheft Garantie,,20750,Ohne Bewertung,92065,,02/2014,Benzin,179,,
Volkswagen,Passat Variant,Highline /2.0 TDI/Aut./Anh./Pano/,,18499,Ohne Bewertung,99500,,03/2015,Diesel,190,,
Mercedes-Benz,C 180,"T-Modell*BUSINESS*AUDIO 20-SHZ-NAVI-LM 18""",,17470,Fairer Preis,95607,,02/2017,Benzin,156,,
Mercedes-Benz,C 300,T AVANTGARDE LED ILS /Pano/DISTRONIC/360°,,22450,Guter Preis,117508,,02/2017,Benzin,245,,
Mercedes-Benz,C 180,C180 T LED Navi Totwinkel Tempomat Sitzheizung,,21990,Fairer Preis,96349,,01/2018,Benzin,156,,
Audi,A4,"2.0 TFSI Avant S tr. ""S-Line""HeadUP""ACC""CAM""",,24990,Guter Preis,104000,,08/2017,Benzin,252,,
Volkswagen,Golf,1.5 TSI ACT OPF DSG Highline Variant,,16600,Guter Preis,93900,,02/2018,Benzin,150,,
Volkswagen,Golf,1.5 TSI Variant Highline Navi Pano LED ACC,,16800,Fairer Preis,82894,,11/2017,Benzin,150,,
Volkswagen,Golf,Variant 1.4 TSI DSG Comfortline,,16900,Fairer Preis,88200,,02/2018,Benzin,125,,
Volkswagen,Golf,Variant Allstar BMT*2.Hand*AHK*Kamera*Navi*,,14490,Fairer Preis,102500,,02/2017,Benzin,125,,
Mercedes-Benz,CLA 180 Shooting Brake,7G-DCT Urban *AHK*Pano*LE,,19690,Fairer Preis,74375,,09/2016,Benzin,122,,
Mercedes-Benz,C 180,T CGI*AVANTGARDE*LEDER*NAVI*TEMPOMAT*SHZ*,,16980,Sehr guter Preis,86345,,09/2016,Benzin,156,,
Volkswagen,Golf,Variant Highline 1.5TSI DSG LED/ACC/PANO/AH,,17980,Guter Preis,107169,,03/2020,Benzin,150,,
Audi,A4,Avant 40 TDI quattro S tronic 8-fach 1.Hand,,26900,Fairer Preis,89000,,07/2021,Diesel,204,,
Renault,Megane,IV Grandtour 1.2 TCe Navi Sitzheizung AHK,,14990,Erhöhter Preis,89986,,03/2018,Benzin,132,,
Mercedes-Benz,E 500,CGI Avantgarde 4Matic AMG LED LEDER,,27390,Ohne Bewertung,121100,,11/2015,Benzin,408,,
Mercedes-Benz,E 200,T 9G-TRONIC *MULTIBEAM*Pano*Navi*Burmester,,25849,Fairer Preis,80700,,05/2017,Benzin,184,,
Volkswagen,Passat Variant,2.0 TDI DSG Elegance Navi IQ.Ligh,,23950,Guter Preis,77400,,11/2020,Diesel,150,,
Volkswagen,Golf,"1.4 TSI LOUNGE Variant, AHK, Navi, PANO",,13450,Fairer Preis,110000,,01/2016,Benzin,125,,
Audi,A4,Avant 1.4 TFSI 150PS Automatik Klima Navi LED,,18999,Guter Preis,95514,,06/2017,Benzin,150,,
Volkswagen,Golf,Variant HL R-Line 4Motion 2.0 TDI Navi AHK,,16990,Hoher Preis,85500,,11/2015,Diesel,150,,
Audi,A6,3.0 TFSI quattro S tronic Avant 1.HAND AHK,,24990,Ohne Bewertung,99980,,09/2014,Benzin,310,,
Mercedes-Benz,CLA 180,SB AMG Line LED Navi Kamera Alcantara,,23990,Fairer Preis,76142,,04/2017,Benzin,122,,
Volkswagen,Caddy,Maxi Kombi*1.Hand*7 Sitze*Scheckheft*Klima,,17999,Hoher Preis,108000,,04/2015,Benzin,105,,
Volkswagen,Caddy Maxi,Kombi*1.Hand*7 Sitze*Scheckheft*Klima,,17999,Ohne Bewertung,108000,,04/2015,Benzin,105,,
Volkswagen,Golf,VII Variant 1.0TSI Join Navi PDC SHZ,,15950,Fairer Preis,67088,,08/2018,Benzin,110,,
Volkswagen,Golf,VII 1.6 TDI Join Navi ACC PDC Sitzheizung,,17490,Fairer Preis,85772,,05/2018,Diesel,116,,
Volkswagen,Golf,7 R 2.0TSI 4M +PERFORMANCE+KAMERA+LED+DAB+,,25999,Fairer Preis,121000,,11/2019,Benzin,300,,
BMW,320,d Sport Line Kamera DAB Alarm HiFi Komfort ,,25999,Sehr guter Preis,106571,,11/2021,Diesel,190,,
Volkswagen,Golf,VII 1.4 TSI Variant Klima Pdc 1-Hand Euro6,,11800,Ohne Bewertung,97278,,09/2014,Benzin,125,,
Volkswagen,Golf,"VII Variant Highline BMT, LED, Navi, App",,17450,Guter Preis,99600,,06/2018,Benzin,150,,
Mercedes-Benz,E 200,E200 T Avantgarde LED Navi Kamera Standheizung,,26990,Fairer Preis,88830,,07/2017,Benzin,184,,
Volkswagen,Passat Variant,1.8 TSI BMT Highline Navi LED AHK,,23950,Fairer Preis,74843,,01/2018,Benzin,179,,
Volkswagen,Golf,VII Variant 2.0 TDI DSG GTD Dynaudio ACC,,23490,Fairer Preis,95146,,04/2019,Diesel,184,,
Volkswagen,Caddy,PKW Maxi*ROLLSTUHLRAMPE*STANDHEIZUNG*KLIMA,,25949,Ohne Bewertung,103800,,09/2015,Benzin,125,,
Volkswagen,Caddy Maxi,*ROLLSTUHLRAMPE*STANDHEIZUNG*KLIMA*,,25949,Ohne Bewertung,103800,,09/2015,Benzin,125,,
Volkswagen,Caddy,1.4TSI *NAVI*AHK*SHZ*FES*SCHECKHEFT*TEMP*,,18999,Fairer Preis,83000,,10/2015,Benzin,125,,
BMW,328,"i xDrive M SPORT PAKET AUTO NUR 87,650 KM",,21990,Ohne Bewertung,87650,,08/2014,Benzin,245,,
Mercedes-Benz,C 180,T-Modell Automatik/AMG/Navi/Shz/LED/Temp,,23699,Fairer Preis,67352,,04/2016,Benzin,156,,
BMW,528,"i Touring, Panoramadach, 2.Hand",,16990,Ohne Bewertung,122400,,03/2015,Benzin,245,,
Volkswagen,Golf,VII Variant Highline BMT*Bi-Xenon*AHK*PDC,,13200,Sehr guter Preis,111000,,07/2016,Benzin,150,,
Volkswagen,Passat Variant,Elegance R-Line Panorama DynAudio,,28990,Erhöhter Preis,57660,,01/2020,Diesel,150,,
Volkswagen,Caddy,1.6 TDI Team *Rollstuhl-Rampe* 3900,,20990,Ohne Bewertung,110050,,10/2015,Diesel,102,,
Volkswagen,Golf,Sportsvan VII Lounge BMT/Start-Stopp*KLIMA*,,12999,Guter Preis,81250,,08/2015,Benzin,125,,
Mercedes-Benz,C 250,"T AMG Line, Burmester, AHK, C43 Heckansatz",,23499,Fairer Preis,105000,,07/2015,Benzin,211,,
Audi,A4,1.4 TFSI Avant Klimaaut. Sitzheizung AHK USB,,22490,Fairer Preis,70945,,08/2016,Benzin,150,,
Volkswagen,Golf,VII Variant 1.5 TSI Join LED Standheizung,,18990,Fairer Preis,71800,,04/2018,Benzin,150,,
Volkswagen,Golf,VII Variant BMT*1.HAND*NUR 113TKM*XENON*PDC,,12400,Guter Preis,113000,,08/2015,Benzin,122,,
Volkswagen,Golf,VII Alltrack 1.8TSI Business Nav Sitzhz 17',,16380,Fairer Preis,127730,,11/2015,Benzin,179,,
Volkswagen,Golf,VII Variant 1.5 TSI Highline #ACC#LED#SHZ#,,16390,Sehr guter Preis,90215,,01/2020,Benzin,150,,
Volkswagen,Golf,VII Variant 2.0 TDI 4Motion Bi-Xenon AHK,,15990,Fairer Preis,121595,,10/2016,Diesel,150,,
Volkswagen,Golf,VII Variant Comfortline BMT *Standheizung*,,13000,Ohne Bewertung,75000,,10/2013,Benzin,122,,
Volkswagen,Golf,1.5 TSI ACT OPF DSG Highline Variant Hi...,,21500,Fairer Preis,80400,,03/2019,Benzin,150,,
Volkswagen,Golf,VII Variant 1.0 TSI Navi Klima 1.Hand USB,,14990,Guter Preis,105672,,07/2019,Benzin,116,,
Volkswagen,Golf,VII Alltrack Variant  4Motion 1HD DSG AHK,,18950,Fairer Preis,89000,,06/2016,Diesel,184,,
Volkswagen,Golf,VII Variant 1.5 TSI DSG Highline ACC Navi,,16440,Guter Preis,103400,,01/2020,Benzin,150,,
Volkswagen,Golf,"Variant Lounge ,Klima ,Navi,PDC, Tempomat",,12800,Fairer Preis,107000,,11/2015,Benzin,110,,
Volkswagen,Golf,VII Variant 1.4TSI Xenon Tempomat Bluetooth,,13700,Guter Preis,68800,,04/2015,Benzin,122,,
Volkswagen,Golf,VII Variant Highline|PANO|NAVI|ACC|XENO|AHK,,13980,Ohne Bewertung,69999,,09/2014,Benzin,122,,
Volkswagen,Golf,1.2 TSI LOUNGE - Top gepflegt,,11900,Guter Preis,88000,,12/2015,Benzin,110,,
Volkswagen,Golf,1.5 TSI ACT DSG Sound Variant ACC/Kamera,,16990,Fairer Preis,70305,,08/2017,Benzin,150,,
Volkswagen,Golf,VII Variant Trendline,,14990,Fairer Preis,86000,,06/2017,Benzin,110,,
Mercedes-Benz,C 250,T CGI AVANTGARDE+DISTRONIC+BUSINESSPAK+AHK,,23740,Guter Preis,99955,,03/2018,Benzin,211,,
Mercedes-Benz,CLA 200,Shooting Brake Automatik Navi Tempomat,,17500,Guter Preis,120257,,10/2015,Benzin,156,,
Volkswagen,Golf,Variant Join 1.4l TSI +NAVI+RFK+LIGHT-ASSIS,,15875,Fairer Preis,97899,,06/2018,Benzin,125,,
Volkswagen,Golf,VII Variant 1.0 TSI IQ.DRIVE  AHK PDC LM Te,,14650,Fairer Preis,91100,,07/2019,Benzin,116,,
Volkswagen,Golf,VI 1.2 TSI Behindertgerechter Umbau Rollstu,,12999,Ohne Bewertung,116000,,10/2011,Benzin,105,,
Mercedes-Benz,CLA 250 Shooting Brake,"CLA 250 SB 4Matic*AMG*BI XENON-SHZ-SP.FW/SZ-18""",,17450,Guter Preis,122533,,04/2015,Benzin,211,,
Mercedes-Benz,C 180,T 9G *AMG*BUSINESS-LED-SHZ-TEMPO-COMAND-18,,24970,Erhöhter Preis,98593,,02/2018,Benzin,156,,
Volkswagen,Golf,VII Variant Highline BMT ACC Gepflegt,,12000,Ohne Bewertung,109000,,04/2014,Benzin,122,,
Volkswagen,Golf,VII Variant Highline R-LINE XENON AHK NAVI,,13990,Ohne Bewertung,121900,,12/2014,Benzin,150,,
Mercedes-Benz,C 180,T Avantgarde LED/Klima/Parktronic/Tempomat,,18370,Guter Preis,105942,,06/2017,Benzin,156,,
Audi,A6,"Avant 2.0 TFSI qu 360GRAD,LUFT,STANDHEIZ,ACC",,27880,Fairer Preis,89625,,03/2017,Benzin,252,,
Mercedes-Benz,CLA 200 Shooting Brake,CLA 200 SB OrangeArtEdition AMG-Line*BiXenon*ACC,,22480,Fairer Preis,63727,,10/2015,Benzin,156,,
Mercedes-Benz,C 200,T CGI BE Avantgarde Navi Klima PTS,,15999,Ohne Bewertung,72500,,08/2013,Benzin,184,,
BMW,530,d LiveCockpit*Navi*LED*Leder*Kame*Luftf*19LM,,29890,Fairer Preis,66400,,03/2020,Diesel,265,,
Volkswagen,Passat,"Variant 2.0 TDI 4M R LINE HUD,KEYLESS,SH",,25880,Erhöhter Preis,93705,,04/2016,Diesel,239,,
Skoda,Octavia,Combi * Bi-Xenon * Sitzhzg. * 8-fach Ele,,14190,Ohne Bewertung,89987,,01/2014,Diesel,150,,
Volkswagen,Golf,Variant 1.4 TSI BlueMotion Technology Comfo,,12511,Fairer Preis,126266,,12/2016,Benzin,125,,
Volkswagen,Golf,VII 1.4 TSI Variant Highline*StHz*ACC*LED*,,11950,Ohne Bewertung,116044,,03/2014,Benzin,122,,
Volkswagen,Golf,VII Variant Lounge BMT,,11950,Guter Preis,95000,,06/2015,Benzin,110,,
Mercedes-Benz,E 200,T-Modell / LED / NAVI / GARANTIE,,25300,Fairer Preis,73200,,01/2017,Benzin,184,,
Audi,A6,Avant 40 TDI quattro S tronic sport Kamera,,29900,Fairer Preis,117000,,07/2020,Diesel,204,,
Audi,A6,2.0TFSI S tronic Avant S-LINE SHZ PANO LEDER,,24990,Guter Preis,99970,,04/2015,Benzin,252,,
BMW,530,d Touring *LEDER-DAKOTA*NAVI*PANO*BI-XENON*,,21980,Ohne Bewertung,110463,,07/2014,Diesel,258,,
Volkswagen,Golf,VII Variant Highline BMT,,13999,Ohne Bewertung,70000,,12/2014,Benzin,150,,
Volkswagen,Golf,Sportsvan VII Trendline BMT/Start-Stopp AHK,,11490,Guter Preis,105890,,06/2015,Benzin,110,,
Mercedes-Benz,E 400,T Elegance Navi Schiebedach SHZ PDC Klima!,,21490,Guter Preis,125000,,06/2016,Benzin,333,,
Volkswagen,Golf,VII Variant Comfortline BMT 1.4TSI*Navi*etc,,11990,Ohne Bewertung,82916,,06/2014,Benzin,122,,
Skoda,Octavia,Combi 1.5 TSI Solei DSG Navi Sitzheizung,,19950,Fairer Preis,79978,,05/2019,Benzin,150,,
Volkswagen,Golf,VII Variant DSG Highline*LED*ACC*NAVI*SHZ*,,16499,Guter Preis,116000,,01/2018,Benzin,150,,
Volkswagen,Golf,VII 1.0 TSI United Navi Sitzheizung PDC USB,,18950,Erhöhter Preis,84491,,07/2020,Benzin,116,,
Volkswagen,Golf,VII Variant Cup |Navi|Pdc|Shz|Tempomat|++,,11950,Ohne Bewertung,85000,,11/2014,Benzin,86,,
BMW,320,Baureihe 3 Touring 320 d xDrive Advantage,,23300,Sehr guter Preis,129414,,12/2020,Diesel,190,,
Mercedes-Benz,CLA 45 AMG,SB 4Matic NIGHT AMG Performance SPUR,,25990,Fairer Preis,98000,,07/2015,Benzin,360,,
Mercedes-Benz,E 250,E250 T AMG Line LED Matteffekt Navi Alcantara,,29990,Erhöhter Preis,89995,,08/2016,Benzin,211,,
Mercedes-Benz,CLA 250,CLA250 SB 4Matic Aut. LED ASSIST NAV StdHzg SHZ,,23600,Guter Preis,92700,,04/2018,Benzin,211,,
Volkswagen,Golf,Variant 1.5TSI Highline Navi LED Kamera ACC,,18440,Fairer Preis,79960,,04/2020,Benzin,131,,
Volkswagen,Golf,VII 1.4 TSI 150 Comfortline LED ergoA SHZ,,15888,Guter Preis,88750,,01/2018,Benzin,150,,
Volkswagen,Passat Alltrack,4Motion 2.0 TDI LED Navi AHK ACC,,24950,Fairer Preis,83024,,02/2016,Diesel,239,,
Volkswagen,Golf,VII Comfortline TGI ERDGAS-BENZIN/NAVI/LED,,14990,Fairer Preis,105000,,08/2017,Benzin,110,,
Audi,A4,"Avant sport ultra/ S line/ LED/ Navi/ 19""",,23990,Fairer Preis,76500,,05/2017,Benzin,190,,
Audi,A4,Avant design 2.0 TFSI Automatik Laneassist,,20840,Sehr guter Preis,98598,,01/2018,Benzin,252,,
Volkswagen,Passat Variant,Business *DSG*ACC*NAVI,,18500,Guter Preis,107947,,12/2020,Diesel,150,,
Volkswagen,Golf,VII Variant 1.5 TSI DSG Comfortline Navi,,19900,Fairer Preis,97148,,07/2019,Benzin,150,,
Volkswagen,Golf,VII Variant Lounge 1.Hd/MFL/Tempomat/AHK,,11950,Guter Preis,93139,,08/2015,Benzin,86,,
Mercedes-Benz,E 250,CGI AHK/NAVI/LED/AMBIENTE/PDC/SHZ/TEMPOMAT,,19900,Ohne Bewertung,97212,,11/2013,Benzin,211,,
Mercedes-Benz,C 400,T 4M AMG Line COMAND LED Pano HuD Burm.,,22480,Sehr guter Preis,110696,,05/2015,Benzin,333,,
Mercedes-Benz,C 180,"AMG Line, Night Paket, Service Neu",,19499,Guter Preis,95000,,07/2015,Benzin,156,,
Audi,A4,"Avant 2.0 TFSI qu S LINE VIRTUAL,KEYLESS,ACC",,25480,Erhöhter Preis,78399,,05/2017,Benzin,190,,
Mercedes-Benz,CLA 250,"Shooting Brake AMG, 4Matic, Standheizung",,23400,Sehr guter Preis,111227,,12/2017,Benzin,218,,
Volkswagen,Golf,Variant R-Line 1.5TSI DSG +AHK+KAMERA+PANO+,,21890,Erhöhter Preis,113018,,12/2018,Benzin,150,,
Audi,A4,Avant design 2.0 TFSI Stronic // GARANTIE//,,21990,Fairer Preis,67000,,04/2016,Benzin,190,,
Volkswagen,Golf,VII Variant GTD+Pano+Keyless+Navi+Xenon+Kam,,19870,Fairer Preis,99744,,01/2017,Diesel,184,,
BMW,318,i Luxury Line Touring HUD+LED+NAVI+PDC+KLIMA,,18300,Erhöhter Preis,105740,,10/2017,Benzin,136,,
Ford,Focus,ST 2.3 EcoBoost Navi ACC Kamera Head-Up,,23950,Sehr guter Preis,62112,,07/2019,Benzin,280,,
Volkswagen,Passat Variant,BMT R-LINE/ACC/LED/HUD/DYNAUDIO,,19980,Erhöhter Preis,103791,,03/2016,Benzin,179,,
Mercedes-Benz,E 200,T AMG-Line CGI BlueEfficiency*LED*NAVI*PDC*,,20900,Ohne Bewertung,89600,,09/2014,Benzin,184,,
Volkswagen,Golf,VII Variant DSG Highline LED/ACC/Massage,,18890,Guter Preis,79000,,05/2020,Benzin,150,,
Volkswagen,Golf,VII Variant 1.5 TSI Join BlueMotion Navi SH,,16490,Erhöhter Preis,116000,,02/2018,Benzin,131,,
Volkswagen,Golf,VII Variant Highline R Line AHK LED Navi,,17500,Guter Preis,110000,,10/2018,Benzin,150,,
Volkswagen,Golf,Lounge BMT 1.2 TSI NAVI AHK KLIMA BLUETOOTH,,12990,Erhöhter Preis,121500,,04/2015,Benzin,110,,
Volkswagen,Golf,VII Variant R BMT 4Motion STZH Pano iPhone,,19900,Fairer Preis,139600,,12/2015,Benzin,300,,
Mercedes-Benz,C 400,4MATIC T AMG Line Autom. AMG Line,,26500,Guter Preis,97200,,07/2015,Benzin,333,,
BMW,335,i xDrive M Sportpaket/Pano/Kamera/HeadUp/H&K,,24900,Ohne Bewertung,110371,,01/2014,Benzin,306,,
Audi,A4,Avant S Line Sportpaket*Stage4*KKSPerformance,,24890,Ohne Bewertung,81098,,08/2013,Benzin,500,,
BMW,320,i M xDrive SHADOW+BI-XEN+M-LENK+EL.HECK+,,17450,Ohne Bewertung,99950,,06/2014,Benzin,184,,
Volkswagen,Golf,VII Variant 1.6 TDI DSG Comfortline BMT,,14800,Fairer Preis,114000,,03/2017,Diesel,116,,
Volkswagen,Caddy,PKW Maxi BMT-Rollstuhlrampe-Navi-Temp.,,27500,Ohne Bewertung,94000,,10/2015,Benzin,125,,
Volkswagen,Golf,"VII  1,2l*2.HAND*KLIMA*NAVI*EURO 6*HU NEU*",,11970,Guter Preis,88675,,05/2016,Benzin,110,,
Audi,A6,3.0 TFSI quattro S tronic Avant - 3x S line ,,21000,Ohne Bewertung,111000,,05/2013,Benzin,310,,
Volkswagen,Passat Variant,3.6 V6 DSG 4MOTION Highline 1HAND,,22490,Ohne Bewertung,124980,,10/2013,Benzin,299,,
Volkswagen,Golf,2.0 TDI Sound Variant Sound,,23000,Hoher Preis,95000,,06/2017,Diesel,150,,
Volkswagen,Golf,VII 1.2 TSI Allstar BMT*Winter-Paket *Ahk*,,12488,Fairer Preis,96887,,12/2016,Benzin,110,,
Mercedes-Benz,CLA 200 Shooting Brake,LED NAVI KAMERA SHZ TEMP,,21890,Guter Preis,72098,,04/2017,Benzin,156,,
Volkswagen,Passat Variant,1.8 TSI Highline DSG Navi LED ACC,,23950,Fairer Preis,75236,,05/2018,Benzin,179,,
BMW,520,dA xDrive Touring+NAV+LIVECOCKPIT+MEMORY+CAM+,,29950,Fairer Preis,105000,,05/2021,Diesel,190,,
Volkswagen,Golf,VII Variant Sound Start-Stopp // PANO / UVM,,15999,Fairer Preis,106000,,02/2018,Benzin,125,,
Volkswagen,Golf,"VII Variant 1.0 TSI ""IQ.DRIVE"" Navi ACC EPH",,16980,Fairer Preis,79360,,01/2020,Benzin,116,,
Volkswagen,Golf,VII Variant Comfortline BMT Panorama SHZ,,10471,Ohne Bewertung,101143,,03/2014,Benzin,122,,
Volkswagen,Golf,Sportsvan VII Comfortline*NAVI+KAM*AUTOMATI,,16799,Fairer Preis,65000,,08/2016,Benzin,116,,
Volkswagen,Golf,Variant Highline 1.4 TSI Leder*Navi*Xenon*A,,12990,Ohne Bewertung,124879,,12/2013,Benzin,122,,
Mercedes-Benz,E 200,T-Modell AHK + Navi + LED + AUTOM.,,20450,Ohne Bewertung,112000,,12/2014,Benzin,184,,
Volkswagen,Golf,1.5 TSI ACT OPF JOIN Variant JOIN,,17990,Fairer Preis,86250,,02/2019,Benzin,150,,
Volkswagen,Golf,VII Variant Highline BMT DSG,,12990,Guter Preis,115113,,09/2015,Benzin,125,,
Mercedes-Benz,E 300,CGI BlueEfficiency 4Mat*2.HAND*AUTOMATIK*,,18970,Ohne Bewertung,95150,,03/2012,Benzin,252,,
Mercedes-Benz,C 180,C180 T Avantgarde 9G-Tronic LED Navi Sitzheizung,,21490,Fairer Preis,90478,,05/2018,Benzin,156,,
Mercedes-Benz,CLA 200 Shooting Brake,*Xenon*Navi*Pano*LED*,,19500,Guter Preis,97579,,10/2015,Benzin,156,,
Seat,Leon,ST (Kombi) FR / DSG / incl. Garantie /,,16990,Guter Preis,61500,,03/2017,Benzin,150,,
Volkswagen,Golf,VII Variant 1.5 TSI Highline #17Z#LED#ACC#,,18290,Guter Preis,72200,,12/2019,Benzin,150,,
Mercedes-Benz,C 400,T 4Matic LED*Pano*Navi*AMG-Line*Memory,,28699,Fairer Preis,104500,,05/2017,Benzin,333,,
Volkswagen,Golf,VII Variant 1.0 TSI IQ-Drive Navi ACC PDC,,18490,Fairer Preis,72878,,01/2020,Benzin,116,,
BMW,535,i Touring xDrive M-Paket*2.Hand*Deutsch Fzg.*,,26990,Ohne Bewertung,113000,,11/2013,Benzin,306,,
Volkswagen,Golf,1.5 16V TSI DSG ACC|Navi|SHZ|Winter,,16995,Guter Preis,98590,,06/2020,Benzin,150,,
Volkswagen,Passat Variant,2.0 TSI 4Motion DSG Highline DCC,,27890,Fairer Preis,76853,,11/2017,Benzin,280,,
Mercedes-Benz,C 180,T Aut.  Avantgarde Ambiente SHZ APA,,19850,Fairer Preis,106450,,07/2015,Benzin,156,,
Mercedes-Benz,E 200,T-Mod. Avantg. ILS//KAMERA/S-DACH/STANDHZG,,21890,Ohne Bewertung,82207,,02/2014,Benzin,184,,
Volkswagen,Golf,VII 1.0 TSI Join Navi ACC Tempomat PDC USB,,17950,Erhöhter Preis,63606,,03/2019,Benzin,116,,
BMW,320,i xDrive Touring Advantage Navi Panorama PDC,,20460,Erhöhter Preis,105200,,05/2018,Benzin,184,,
Volkswagen,Passat Alltrack,2.0 TDI DSG 4MOTION Navi LED AHK,,27950,Fairer Preis,70900,,04/2020,Diesel,190,,
Audi,S4,Avant 3.0 TFSI quattro,,24800,Ohne Bewertung,122905,,01/2015,Benzin,333,,
Volkswagen,Golf,Variant Cup Xenon Klima Shz Tempomat,,10990,Ohne Bewertung,110000,,08/2014,Benzin,105,,
Volkswagen,Golf,VII Var. Lounge*Getriebefehler* 8-FACH*DSG*,,11500,Sehr guter Preis,92742,,05/2015,Benzin,125,,
Volkswagen,Passat Variant,Passat TDI Leder Automatik Navi Bluetooth 199€M.,,17999,Ohne Bewertung,111000,,01/2015,Diesel,150,,
Volkswagen,Golf,VII Variant *DSG*ACC*NAVI*TOUCH*AHK*,,13490,Ohne Bewertung,120900,,05/2018,Benzin,150,,
Mercedes-Benz,C 250,T AMG Line,,21990,Guter Preis,107690,,12/2014,Benzin,211,,
Mercedes-Benz,CLA 250 Shooting Brake,AMG Line Orange Edition,,21890,Fairer Preis,90000,,06/2015,Benzin,211,,
Volkswagen,Golf,1.4 TSI BMT 92kW Highline Variant Highline,,15000,Fairer Preis,74000,,06/2017,Benzin,125,,
Mercedes-Benz,CLA 250 Shooting Brake,CLA 250 Sport 4M AMG-Paket AMG-Line,,23500,Fairer Preis,99800,,08/2015,Benzin,211,,
BMW,525,d T*M-PAKET*SOFT CLOSE-PANORAMA-NAVI-AUTOMA-,,22998,Erhöhter Preis,94295,,03/2016,Diesel,218,,
Volkswagen,Passat,3.6 FSI 299PS DSG Highline 4Motion DCC,,19999,Ohne Bewertung,132184,,04/2011,Benzin,299,,
Volkswagen,Passat Variant,Passat 3.6 FSI 299PS DSG Highline 4Motion DCC,,19999,Ohne Bewertung,132184,,04/2011,Benzin,299,,
Volkswagen,Passat Variant,2.0 TDI Highline LEDER NAVI PANO,,22600,Fairer Preis,93200,,01/2017,Diesel,190,,
Volkswagen,Golf,VII 1.5 TSI ACT Anhängerkupplung/ Sitzhzg,,15890,Fairer Preis,102030,,04/2018,Benzin,150,,
Volkswagen,Caddy,"MAXI 2.0 TDI 7 SITZE NAVI,SH,STANDHEIZUNG",,23480,Fairer Preis,99500,,01/2017,Diesel,102,,
Mercedes-Benz,C 43 AMG,/Widescreen/Performance AGA/360°/Std.Hzg,,32999,Fairer Preis,142800,,02/2019,Benzin,390,,
Volkswagen,Golf,7 Variant 1.4 HIGHLINE XENON NAVI 1.HAND SH,,13900,Ohne Bewertung,128305,,01/2015,Benzin,140,,
Mercedes-Benz,C 250,C -Klasse*LED*Navi*R+F-Cam*Leder*Belüftete,,21990,Fairer Preis,87057,,03/2016,Benzin,211,,
Volkswagen,Golf,VII Alltrack Variant 4Motion |DYNAUDIO|,,19990,Ohne Bewertung,135297,,07/2016,Benzin,179,,
Mercedes-Benz,E 300,CGI BlueEfficiency~1. Hand~PDC~MFL~Tempo,,19990,Ohne Bewertung,83980,,03/2012,Benzin,252,,
Volkswagen,Golf,VII Variant Comfortline 92kW /LED/KLIMA/SHZ,,14950,Fairer Preis,85926,,10/2017,Benzin,125,,
BMW,330,i M SPORT/SERVICE NEU/TÜV 01-27/DEUTSCHES FA,,24649,Fairer Preis,79522,,10/2015,Benzin,252,,
Volkswagen,Golf,Sportsvan VII Highline BMT/Start-Stopp,,15900,Ohne Bewertung,68585,,05/2017,Benzin,125,,
Mercedes-Benz,C 400,4MATIC T AVANTGARDE Autom. AVANTGARDE,,24500,Sehr guter Preis,91500,,07/2015,Benzin,430,,
Mercedes-Benz,A 200,BlueEfficiency LED|SHZ|STHZ|NAVI|PTS|,,15990,Guter Preis,82866,,09/2016,Benzin,156,,
Volkswagen,Golf,VII 1.5 TSI Comfortline ACC Navi Kamera PDC,,19490,Guter Preis,69496,,01/2020,Benzin,150,,
Mercedes-Benz,C 220,T d Avantgarde/PANO/COMAND/LED/ParkPilot,,24900,Fairer Preis,134000,,02/2019,Diesel,194,,
Volkswagen,Passat Variant,"Comfortline AHK,LED,Navi,GRA,PDC",,19490,Erhöhter Preis,76347,,04/2018,Benzin,150,,
Volkswagen,Golf,VII Variant 1.4 TSI BMT +AHK+XENON+NAVI+,,12490,Ohne Bewertung,123252,,02/2014,Benzin,122,,
Volkswagen,Passat,1.8 TSI Highline BM Aut.*NAVI*LED*ACC*CAM,,18050,Fairer Preis,107642,,04/2016,Benzin,179,,
Mercedes-Benz,E 300,4-Matic T-Modell *AMG PAKET* TOP* TÜV NEU*,,21390,Ohne Bewertung,111000,,09/2013,Benzin,252,,
Volkswagen,Golf,VII Var. GTD 2.0 TDI DSG NAV*LED*ACC*DYNA,,22796,Erhöhter Preis,96708,,08/2017,Diesel,184,,
Volkswagen,Golf,Variant 1.0 TSI Sound Navi ACC Sitzheizung,,17950,Erhöhter Preis,51437,,10/2017,Benzin,110,,
Volkswagen,T5 Transporter,Caravelle Comfortline lang 2.0 TD,,24790,Sehr guter Preis,119000,,05/2015,Diesel,179,,
BMW,530,d Alarm AHK Kamera DAB H/K WLAN M Sport ,,28499,Guter Preis,125000,,11/2020,Diesel,286,,
Mercedes-Benz,CLA 200 Shooting Brake,*NAVI*PDC*UNFALLFREI*LED*,,16499,Sehr guter Preis,107173,,02/2017,Benzin,156,,
Volkswagen,Golf,VII Variant Join Start-Stopp,,16990,Fairer Preis,81584,,10/2018,Benzin,150,,
Mercedes-Benz,E 350,CGI BlueEfficiency~H/K~Nacht~Totw~Spur~top,,19990,Ohne Bewertung,111146,,06/2012,Benzin,306,,
Volkswagen,Golf,VII Variant 1.4 TSI DSG R-Line Xenon ACC,,14450,Guter Preis,121000,,05/2016,Benzin,150,,
Skoda,Octavia,OCTAVIA COMBI RS TSI DSG NAVI+BI-XENON+TÜV 06/26,,13889,Sehr guter Preis,124394,,08/2016,Benzin,220,,
Mercedes-Benz,CLA 220 Shooting Brake,"CLA 220 SB 4Matic*Urban*NIGHT*LED-MEMORY-SHZ-18""",,19990,Sehr guter Preis,109457,,01/2018,Benzin,184,,
BMW,218,Gran Tourer 218 i AHK*LED*NAVI*AUTOMATIK*,,14950,Fairer Preis,81500,,04/2016,Benzin,136,,
Mercedes-Benz,B 250,"4M NIGHTPAKET KEYLESS,DISTRONIC,STANDHEIZ.",,20880,Guter Preis,64513,,05/2016,Benzin,211,,
Volkswagen,Golf,VII Variant Comfortline BMT/Panorama,,10900,Ohne Bewertung,96000,,06/2014,Benzin,105,,
Audi,A4,Avant S line Sportpaket/plus/SHZ/TEMP/PDC/S+W,,17980,Ohne Bewertung,99409,,05/2014,Benzin,170,,
Skoda,Rapid,Spaceback Monte Carlo/DSG/XENON,,15199,Fairer Preis,70016,,08/2017,Benzin,125,,
Volkswagen,Golf,VII Variant 1.4 TSI BMT DSG Comfortline 2.H,,12490,Ohne Bewertung,119000,,08/2013,Benzin,122,,
Mercedes-Benz,CLS Shooting Brake,CLS 500 Shooting Brake 4Matic Garantie*Sch.D*AMG,,23950,Ohne Bewertung,135173,,01/2014,Benzin,408,,
BMW,320,Touring 320 d xDrive Advantage,,25998,Fairer Preis,84000,,08/2020,Diesel,190,,
Volkswagen,Golf,VII Variant 1.5TSI Join DSG AHK Kamera Navi,,18975,Guter Preis,56700,,10/2018,Benzin,150,,
Volkswagen,Golf,"VII Variant Comfortline BMT 1.4 ""2.Hand""",,10900,Guter Preis,109000,,01/2015,Benzin,125,,
Mercedes-Benz,E 200,CGI AVANTGARDE *LED/AHK/NAVI/TÜV+KD NEU*,,18900,Sehr guter Preis,108000,,03/2015,Benzin,184,,
Volkswagen,Golf,VII Variant 1.4 TSI Highline R-Line *Navi*L,,15590,Fairer Preis,111864,,04/2018,Benzin,125,,
Volkswagen,Golf,VII Variant 1.5 TSI Comfortline #DSG#PDC#,,16490,Guter Preis,85900,,04/2020,Benzin,150,,
Seat,Leon,FR Navi*LED*Winter Paket,,10900,Sehr guter Preis,110590,,09/2015,Benzin,150,,
Mercedes-Benz,E 250,"CGI ,Automatik,Navi,Xenon,93Tkm",,22700,Guter Preis,93000,,11/2015,Benzin,211,,
Mercedes-Benz,C 180,T CGI*3J.Garantie*PANO*HUD*R-Kamera*,,18999,Fairer Preis,124067,,07/2016,Benzin,156,,
BMW,135,i,,25500,Ohne Bewertung,89000,,09/2015,Benzin,326,,
Volkswagen,Passat Variant,2.0 TDI Highline 4Motion PANO LED,,23890,Fairer Preis,78700,,05/2016,Diesel,239,,
Volkswagen,Passat Variant,2.0 TSI DSG BMT Highline ACC/AHK,,21890,Fairer Preis,111267,,06/2016,Benzin,220,,
Skoda,Octavia,Combi 1.5 TSI ACT Soleil DSG LED Navi,,20950,Fairer Preis,82684,,11/2019,Benzin,150,,
Volkswagen,Golf,VII Variant 1.5 TSI Highline #LED#DSG#ACC#,,17990,Guter Preis,72600,,01/2020,Benzin,150,,
Mercedes-Benz,E 250,T CGI BlueEfficiency Aut. Elegance LED Nav,,18890,Ohne Bewertung,111474,,08/2014,Benzin,211,,
Volkswagen,Golf,Variant Golf VII 1.2 TSI BlueMotion Tech. C,,10499,Ohne Bewertung,107000,,07/2014,Benzin,110,,
Mercedes-Benz,CLA 250 Shooting Brake,4Matic AMG-LINE PANORAMA,,21900,Sehr guter Preis,109000,,02/2016,Benzin,218,,
Mercedes-Benz,C 200,C200 T AVANTG*2HD*AUTOMATIK*PDC*LED*PANO*SH*NAVI,,20990,Fairer Preis,100000,,06/2016,Benzin,184,,
Mercedes-Benz,CLA 250 Shooting Brake,Aut 4-Matic 155kw | Orang,,20950,Guter Preis,99868,,06/2016,Benzin,211,,
Volkswagen,Golf,"Variant Highline Navi,LED,Sitzheizung,WR",,19900,Erhöhter Preis,58622,,03/2019,Benzin,150,,
Volkswagen,Passat Alltrack,Variant 4Moti/ACC/DCC/Pano/Voll,,14490,Ohne Bewertung,125000,,02/2013,Benzin,211,,
Mercedes-Benz,C 200,C -Klasse T-Modell*PDC*TEMPOMAT*,,17899,Ohne Bewertung,108000,,03/2014,Benzin,184,,
Audi,A4,Avant 2.0 TFSI design ultra s-tronic Xenon,,23950,Fairer Preis,82682,,02/2018,Benzin,190,,
Volkswagen,Golf,Variant 1.2 TSI ALLSTAR NAVI SITZHZG GRA PD,,12977,Guter Preis,98238,,01/2017,Benzin,110,,
Volkswagen,Passat,Highline/DSG/PANO/CAM/LEDER/STANDHEIZUNG!,,19800,Sehr guter Preis,79000,,01/2016,Diesel,190,,
Volkswagen,Passat Variant,R-Line Highline LED Navi Pano.,,23590,Fairer Preis,88185,,12/2016,Benzin,220,,
Volkswagen,Golf,Variant 1.0 TSI (BlueMotion Technology) DSG,,15490,Fairer Preis,104536,,03/2018,Benzin,110,,
Volkswagen,Passat Variant,Comfortline 2.0TDI*Navi*AHK*2Hand,,17990,Guter Preis,96000,,04/2016,Diesel,150,,
Mercedes-Benz,CLA 250 Shooting Brake,CLA 250 SB nordlichtviolett kristallgrau Kamera,,21900,Fairer Preis,60006,,09/2015,Benzin,211,,
Volkswagen,Golf,VII Variant 1.0 TSI Join NAVI PDC SZHG AHK,,15900,Fairer Preis,78970,,05/2018,Benzin,110,,
Volkswagen,Golf,VII Variant 2.0 TDI Comfortline AHK,,17459,Fairer Preis,80000,,08/2018,Diesel,150,,
Volkswagen,Golf,VII Variant Sound +1.Hand+AHK+Navi,,15750,Fairer Preis,83000,,02/2018,Benzin,125,,
Audi,A4,Avant sport 2.0 TFSI AHK Schwenkbar 3 Zonen K,,23970,Fairer Preis,93500,,06/2018,Benzin,252,,
Volkswagen,Golf,VII Variant 1.0 TSI Naviapp PDC BT Klima,,12430,Fairer Preis,99980,,03/2017,Benzin,110,,
BMW,528,i Touring Xenon AHK PDC,,20490,Ohne Bewertung,94700,,01/2016,Benzin,245,,
Volkswagen,Golf,Variant 1.5 TSI Comfortline DSG Kamera Navi,,16680,Guter Preis,106850,,05/2020,Benzin,150,,
Mercedes-Benz,E 200,E -Klasse T-Modell CGI,,18490,Ohne Bewertung,99300,,03/2014,Benzin,184,,
Volkswagen,Golf,Variant 1.5 TSI DSG*R-Line*Navi*ACC*Sound,,15885,Guter Preis,108950,,03/2018,Benzin,150,,
Volkswagen,Passat Variant,2.0TDi BMT/Start-Stopp *1.Hand*,,14999,Fairer Preis,149992,,11/2017,Diesel,150,,
Volkswagen,Golf,VII Variant Highline BMT/Start-Stopp Sport,,17999,Fairer Preis,73815,,04/2018,Benzin,150,,
Volkswagen,Golf,"Variant Highline ,Xenon,Pano-Dach,Tempomat",,14900,Ohne Bewertung,102500,,02/2014,Diesel,150,,
Mercedes-Benz,CLA 250 Shooting Brake,CLA Shooting Brake 250 Panorama Navi,,21890,Ohne Bewertung,113481,,09/2015,Benzin,211,,
Mercedes-Benz,E 200,T AVANTGARDE AVANTGARDE,,17790,Ohne Bewertung,89000,,01/2015,Benzin,184,,
BMW,525,"d Touring Luxury Line""NEU TÜV""SERVICE",,19999,Guter Preis,100000,,01/2016,Diesel,218,,
Volkswagen,Golf,VII Variant Comfort BMT R-Line Sport / Navi,,15600,Guter Preis,100000,,06/2018,Diesel,150,,
Audi,A4,2.0 TFSI S tronic quattro Attraction B&O NAVI,,19790,Ohne Bewertung,112650,,03/2013,Benzin,211,,
Mercedes-Benz,E 200,T 7G-TRONIC Avantgarde+Navi+Schiebedach,,19990,Ohne Bewertung,110080,,12/2013,Benzin,184,,
Audi,A4,Avant 35 TDI S tronic AHK Navi PDC LED,,25900,Fairer Preis,91000,,02/2022,Diesel,163,,
Mercedes-Benz,C 250,C250CGI T-Modell Avantgarde/Leder/Navi/Automatik,,22900,Guter Preis,98000,,01/2016,Benzin,211,,
BMW,320,i Touring xDrive Sport Line Shadow*Navi*Hifi,,22900,Fairer Preis,108000,,08/2018,Benzin,184,,
Volkswagen,Golf,7 Variant 1.4 TSI Comfortline Navi LED Mas,,13879,Fairer Preis,110000,,09/2017,Benzin,125,,
Volkswagen,Arteon,Shooting Brake+NAVI+LED+PANO+HEADUP+CAM,,30890,Guter Preis,80000,,06/2021,Diesel,200,,
Mercedes-Benz,E 250,"d T AVANTGARDE ILS,COMAND,PARKLENK,AHK,SH",,23480,Fairer Preis,95096,,03/2016,Diesel,204,,
Mercedes-Benz,CLA 45 AMG Shooting Brake,*Frischer Service*,,25435,Guter Preis,94399,,09/2015,Benzin,360,,
Volkswagen,Golf,VI 1.4 TSI Variant Style Xenon DSG Navi PDC,,12490,Ohne Bewertung,73534,,11/2012,Benzin,122,,
Mercedes-Benz,CLA 220 Shooting Brake,CLA 220 d 4Matic Shooting Brake PANORAMA DISTRON,,19990,Fairer Preis,97000,,10/2015,Diesel,177,,
Volkswagen,Golf,2.0 TSI OPF DSG 4MOTION R Variant R,,26000,Guter Preis,82500,,03/2019,Benzin,300,,
BMW,320,"Touring Automatik, Mehrtsteuer ausweisbar",,16990,Fairer Preis,122379,,05/2016,Benzin,184,,
Volkswagen,Golf,"Variant LOUNGE 16""LM 2AC+ StdHzg Navi L&S K",,10710,Sehr guter Preis,98357,,10/2015,Benzin,86,,
Mercedes-Benz,C 180,"T CGI 7G-TRONIC ""Exclusive"", Nav., LED",,17900,Ohne Bewertung,87500,,02/2015,Benzin,156,,
Mercedes-Benz,CLA 250,250 CLA  Shooting Brake CLA  AMG Line,,19490,Sehr guter Preis,98790,,05/2015,Benzin,211,,
Mercedes-Benz,C 180,T-Modell CGI *Avantgarde*1.Hand*TOP ZUSTAND*,,18900,Guter Preis,103000,,11/2015,Benzin,156,,
BMW,528,i Touring  xDrive*VirtualCockpit*M-Paket*,,23499,Ohne Bewertung,84300,,12/2015,Benzin,245,,
Audi,A6,Avant 2.0 TFSI/Bi-Xenon/1.Hand/Scheckheft/TOP,,17999,Ohne Bewertung,89850,,12/2012,Benzin,179,,
Mercedes-Benz,CLA 250,Shooting Brake *AHK*Distronic*Leder*,,19990,Sehr guter Preis,98450,,08/2015,Benzin,211,,
Volkswagen,Passat Variant,DSG*AHZV*VIRTUAL*HUD*AMBI*CAM*,,19999,Guter Preis,83000,,01/2017,Benzin,179,,
Volkswagen,Caddy,Kombi JAKO-O *1.Hand*Scheckheft*AHK*PDC*,,15999,Ohne Bewertung,80000,,08/2013,Benzin,105,,
Volkswagen,Golf,1.5 TSI ACT DSG Highline Variant Highline,,15000,Ohne Bewertung,81000,,03/2018,Benzin,150,,
Volkswagen,Golf,VII Variant Comfortline 1.4TSI BMT 8-Fach,,11490,Ohne Bewertung,113000,,04/2014,Benzin,122,,
Audi,A4,Avant sport ultra,,22490,Fairer Preis,92500,,07/2018,Benzin,190,,
Volkswagen,Golf,"VII Variant 1,2 TSI BMT,8 FACH BER.,AHK,1.H",,10990,Ohne Bewertung,101400,,02/2015,Benzin,110,,
Mercedes-Benz,CLA 250 Shooting Brake,CLA 250 DCT 4MATIC Sp...,,23000,Fairer Preis,106000,,07/2016,Benzin,218,,
Volkswagen,Golf,VII Variant Highline BMT/Start-Stopp,,15190,Guter Preis,98438,,04/2018,Benzin,150,,
Volkswagen,Golf,VII Variant 1.4 + LED/ACC/CarPlay/2-Z-Klima,,13900,Sehr guter Preis,96550,,09/2017,Benzin,125,,
Volkswagen,Passat Variant,Highline*R-Line*Kamera*LED*AHK,,20950,Fairer Preis,108200,,11/2016,Diesel,190,,
Volkswagen,Golf,VII Variant R 4M AUT/NAVI/LED/PDC,,27400,Fairer Preis,75000,,05/2020,Benzin,300,,
Volkswagen,Golf,VI Variant Highline MFL' SHZ' PANO,,10000,Fairer Preis,91585,,04/2013,Benzin,160,,
Audi,A4,quattro S-line PANO-RFK-TEMP-NAVI-SHZ-XENON-e,,19440,Ohne Bewertung,95771,,12/2014,Benzin,224,,
Mercedes-Benz,C 200,C200 T Exclusive 9G-Tronic LED Navi Burmester,,24990,Fairer Preis,92789,,08/2018,Benzin,184,,
BMW,530,"i Sport Line *Virtual,Pano,Head-Up,Tempo,Kam",,25980,Sehr guter Preis,105316,,07/2018,Benzin,252,,
Volkswagen,Golf,Variant 1.2 TSI LOUNGE SITZHZG GRA PDC GJR,,14560,Fairer Preis,61295,,08/2015,Benzin,110,,
Volkswagen,Golf,VII Variant Comfortline BMT/Start-Stopp,,15250,Fairer Preis,90638,,04/2018,Benzin,110,,
Volkswagen,Golf,Plus VI Life*Navi*Garantie*,,10950,Ohne Bewertung,84900,,04/2014,Benzin,105,,
Volkswagen,Golf,VII Variant Highline Automatik+Tempom.+LED+,,15999,Guter Preis,97586,,08/2018,Benzin,150,,
BMW,520,i H/K Tempomat Bi-Xenon Start-Stop Aut.,,14499,Ohne Bewertung,121000,,03/2014,Benzin,184,,
Volkswagen,Golf,Join 1.5TSI*NAVI*SHZ*RFK*uvm,,16990,Fairer Preis,75173,,03/2018,Benzin,150,,
Volkswagen,Golf,VII Variant Sound/ACC/Kamera/AppConnect/GJR,,13990,Fairer Preis,99995,,03/2018,Benzin,125,,
Volkswagen,Golf,VII 1.0 TSI IQ.DRIVE Navi ACC Sitzheizung,,18490,Fairer Preis,75833,,06/2020,Benzin,116,,
Mercedes-Benz,B 200,Progressive 7G-DCT PTS SHZ LED Navi Klima,,19950,Guter Preis,76750,,11/2017,Benzin,156,,
Mercedes-Benz,E 200,T+AHK+Leder+LED+Scheckheft,,15989,Ohne Bewertung,124541,,11/2012,Benzin,184,,
Volkswagen,Golf,VII Highline *TÜV/Scheckh./Xenon/Alcantara*,,13490,Ohne Bewertung,129490,,10/2014,Benzin,140,,
Mercedes-Benz,E 200,T CGI BlueEfficiency,,17999,Ohne Bewertung,97640,,05/2014,Benzin,184,,
Volkswagen,Golf,VII Variant 1.4 TSI Allstar nur 72.230 Km,,14400,Guter Preis,72230,,10/2016,Benzin,125,,
BMW,530,dA xDrive Touring *NAVI PROF.*PANODACH*LEDER*,,24950,Ohne Bewertung,77291,,03/2015,Diesel,258,,
Volkswagen,Passat Variant,1.8 TSI Standheizung Spurhalte,,20990,Erhöhter Preis,137442,,01/2016,Benzin,179,,
Volkswagen,Golf,Var DSG AHK Massage ACC Lnkrhzg Sitzh KeyLe,,13500,Guter Preis,107000,,10/2017,Benzin,110,,
Mercedes-Benz,C 250,T-Modell +Memory+MBUX+KAMERA+NAVI+AIRMATIC,,20990,Fairer Preis,92089,,01/2016,Benzin,211,,
Audi,A4,2.0 TFSI Quattro Black Edition 3x S-line,,17990,Ohne Bewertung,107850,,05/2013,Benzin,260,,
Audi,A4,1.8 TFSI quattro S line Avant,,22990,Ohne Bewertung,96000,,12/2015,Benzin,170,,
Skoda,Octavia,Clever Combi 1.8 TSI DSG Pano SHZ AHK,,18950,Guter Preis,79762,,01/2018,Benzin,179,,
Mercedes-Benz,E 250,T AMG LINE *M-BEAM*360°*WIDE*AHK*LUFT*HUD,,29999,Erhöhter Preis,99999,,05/2017,Benzin,211,,
Mercedes-Benz,C 220,d T 9G-tronic Exclusive+LED+NAVI+VIRTUAL,,27650,Erhöhter Preis,110412,,11/2021,Diesel,194,,
Audi,A6,Avant 3.0 TDI quattro S line Sport / Plus,,27490,Ohne Bewertung,94300,,04/2013,Diesel,313,,
Volkswagen,Golf,VII Variant Comfortline BlueMotion*PDC*SHZ*,,9900,Guter Preis,98477,,09/2014,Benzin,110,,
Volkswagen,Golf,Variant 1.5TSI DSG Highline+LED+NAVI+ACC,,19900,Fairer Preis,65825,,01/2020,Benzin,150,,
Volkswagen,Golf,VII Variant TSI 6 Gang Sound LED DAB,,14990,Fairer Preis,80714,,11/2017,Benzin,125,,
Volkswagen,Passat Variant,1.4 TSI DSG Touch NAVI HU+KD neu,,17999,Fairer Preis,86000,,10/2016,Benzin,150,,
Mercedes-Benz,C 180,"T Avantgarde,Panorama,LED.",,18999,Fairer Preis,99000,,06/2015,Benzin,156,,
Volkswagen,Golf,VII Variant HighlineR -LINE BMT/Start-Stopp,,17490,Ohne Bewertung,85200,,12/2018,Benzin,150,,
Volkswagen,Golf,Variant 1.0 TSI Join PANO NAVI KAMERA SHZ,,16780,Fairer Preis,85332,,02/2019,Benzin,116,,
Volkswagen,Golf Sportsvan,1.4 TSI BMT AUTOM*KLIMA*SHZG*NAVI,,16789,Fairer Preis,99000,,10/2015,Benzin,150,,
Mercedes-Benz,C 250,"d T 4M KAMERA,TOTWINKEL,SPURPAKET,SH,LED",,21880,Guter Preis,80000,,07/2015,Diesel,204,,
Audi,A4,Avant 35 TDI S tronic Navi PDC LED 8-fach,,24900,Fairer Preis,95000,,05/2022,Diesel,163,,
Volkswagen,Golf,VII Var.1.4 TSI Allstar Pano-Sthzg-Navi-AHK,,12990,Guter Preis,115000,,06/2016,Benzin,150,,
Volkswagen,Golf,VII 1.5 TSI ACT Highline BM Aut.*NAVI*LED*,,16280,Fairer Preis,113662,,04/2018,Benzin,150,,
Volkswagen,Golf,VII Lim. 2.0 TSI GTI Performance #AHK #DCC,,23990,Guter Preis,67400,,07/2018,Benzin,245,,
Volkswagen,Passat Variant,Highline 1.8 TSI DSG | LED AHK AC,,19980,Guter Preis,81541,,02/2017,Benzin,179,,
BMW,320,d  xD Sport Line Laser HUD DAB Komfort Alarm,,24999,Guter Preis,130342,,03/2021,Diesel,190,,
Volkswagen,Caddy,Kombi Maxi*1.Hand*AHK*Scheckheft*Klima*7S,,15999,Ohne Bewertung,111000,,07/2012,Benzin,105,,
Volkswagen,Caddy Maxi,Caddy Kombi Maxi*1.Hand*AHK*Scheckheft*Klima*7S,,15999,Ohne Bewertung,111000,,07/2012,Benzin,105,,
Mercedes-Benz,C 200,C -Klasse T-Modell C 200 T CGI,,20700,Guter Preis,94123,,02/2016,Benzin,184,,
Mercedes-Benz,C 200,C200 T Avantgarde 4Matic LED Navi Kamera,,25490,Guter Preis,89989,,08/2018,Benzin,197,,
Mercedes-Benz,E 250,"T MULTIBEAM,HUD,360GRAD,KEYLESS,FERNPARKEN",,27880,Guter Preis,94678,,03/2018,Benzin,211,,
Volkswagen,Golf,VII Variant 1.4 TSI Sound #STHZ#CAM#ACC#SHZ,,12990,Guter Preis,124900,,02/2018,Benzin,125,,
Mercedes-Benz,C 180,C -Klasse T-Modell C 180 T CGI,,19500,Guter Preis,95000,,10/2015,Benzin,156,,
Volkswagen,Golf,2.0 TDI Highl.Variant*Navi*PDC*Temp*Xenon*,,15699,Guter Preis,99999,,09/2016,Diesel,150,,
BMW,528,i xDrive *HUD*Professiona*M-Sport*SOFTCLOSE*,,19999,Ohne Bewertung,134200,,02/2012,Benzin,245,,
Mercedes-Benz,C 200,"T 4M NIGHT WIDE,SPURPAKET,MULTIBEAM,PANO",,23880,Fairer Preis,109667,,07/2018,Benzin,184,,
Volkswagen,Golf,VII Variant Comfortline,,10500,Ohne Bewertung,103700,,10/2013,Benzin,86,,
Volkswagen,Golf,VII Variant JOIN 1.0 TSI LIGHT-ASSIST NAVI,,15404,Fairer Preis,82700,,03/2018,Benzin,110,,
Audi,A6,qu sport Hybrid AHK*Alcantara*DAB*Virtual*LED,,31090,Guter Preis,98100,,03/2021,Diesel,245,,
Volkswagen,Golf,VII Variant Comfort BMT ACC AHK MASSAGE,,16499,Fairer Preis,74843,,02/2018,Benzin,125,,
Mercedes-Benz,CLS Shooting Brake,CLS 500 SB 4M AMG LINE DISTR/LED/GSHD/LUFT/AHK,,27890,Ohne Bewertung,100000,,09/2014,Benzin,408,,
Mercedes-Benz,C 180,T CGI * Pano* Navi* 360 ° Kamera* LED* AHK,,17990,Fairer Preis,95835,,12/2015,Benzin,156,,
Volkswagen,Golf,"VII Variant Highline BMT,Xenon, 8 fach ber.",,12900,Ohne Bewertung,124800,,01/2014,Benzin,122,,
Volkswagen,Golf,VI Variant Highline DSG Panorama Klima SHZ!,,9490,Ohne Bewertung,124990,,08/2012,Benzin,160,,
Volkswagen,Andere,Transporter T6 2.0TDI EcoProfi+AHK+KLIMA+9-SITZE,,21490,Ohne Bewertung,99190,,06/2017,Diesel,102,,
Mercedes-Benz,E 250,T-Modell E 250 CGI BlueEfficiency,,18490,Ohne Bewertung,107734,,05/2014,Benzin,211,,
Audi,A4,Avant 2.0 TFSI Sport LED NAVI LEDER AHK TEMP,,23499,Fairer Preis,69950,,06/2017,Benzin,190,,
Mercedes-Benz,CLA 200,SB AMG UrbanStyle LED Kamera,,22990,Fairer Preis,85439,,09/2018,Benzin,156,,
Volkswagen,Golf,VII Variant Cup *Klimaauto-PDC-Sitzhz-NAVI*,,9480,Guter Preis,124840,,03/2015,Benzin,86,,
Mercedes-Benz,C 200,T 7G-Tronic Avantgarde+LED+Navi+AHK+Kamera,,19790,Fairer Preis,100166,,08/2016,Benzin,184,,
Volkswagen,Golf,"1.4 TSI BMT Comfortline   XENON,PDC,SHZ",,14999,Fairer Preis,64000,,02/2016,Benzin,125,,
Skoda,Octavia,1.0 TSI Combi Clever 1.Hand*6Gang*,,13950,Fairer Preis,108976,,05/2018,Benzin,116,,
Volkswagen,Passat Variant,TSI 1.Hand LED TÜV 2027 +GARANTIE,,16490,Fairer Preis,100000,,09/2015,Benzin,150,,
Audi,A6,Avant 3.0TDI*S-Line*Pano*LED*Leder*HUD*BOSE,,20980,Sehr guter Preis,110000,,05/2015,Diesel,218,,
Mercedes-Benz,CLA 200 Shooting Brake,+AMG-LINE+NIGHT+LED+NAVI,,20444,Fairer Preis,114163,,03/2018,Benzin,156,,
Volkswagen,Golf,Variant VII 1.2 TSI Trendline Einparkhilfe ,,12900,Erhöhter Preis,70819,,07/2015,Benzin,86,,
Mercedes-Benz,CLA 200 Shooting Brake,URBAN 7G-DCT BI-XENON NAV,,18500,Guter Preis,87790,,01/2016,Benzin,156,,
Volkswagen,Passat Variant,Highline 1.4 TSI Navi AHK ACC LED,,17890,Erhöhter Preis,76891,,02/2016,Benzin,150,,
Mercedes-Benz,C 180,T AVANTGARDE AVANTGARDE,,16900,Guter Preis,98500,,04/2015,Benzin,156,,
Mercedes-Benz,C 200,"CGI 7G-Tronik Avantgarde,LED,Navi,TÜV05/26",,20599,Guter Preis,81000,,05/2015,Benzin,184,,
Audi,A4,Avant 2.0 TFSI g-Tron S-LINE SPORT MATRIX LED,,21890,Guter Preis,106848,,07/2018,Benzin,170,,
Mercedes-Benz,E 200,T 4Matic *AVANTGARDE*M-LED*NAVI*LEDER*,,24980,Guter Preis,73055,,11/2017,Benzin,184,,
Mercedes-Benz,E 200,CGI*AVANTGARDE*COMAND*2.HAND*AMBIENTE*LED*,,16990,Sehr guter Preis,99000,,05/2015,Benzin,184,,
Volkswagen,Golf,"Sportsvan VII Comfortline, neue Allwetter",,10890,Ohne Bewertung,108000,,12/2014,Benzin,110,,
Volkswagen,Golf,"VII Variant Sound 1.5 TSI BMT RFK,MP3,AHK",,14900,Fairer Preis,111500,,05/2018,Benzin,150,,
BMW,318,i Touring Edition M Sport Shadow *AHK*Leder*,,19490,Guter Preis,94000,,10/2018,Benzin,136,,
Volkswagen,Golf,VII Variant 1.0 TSI BMT Trendline Navi PDC,,14845,Fairer Preis,84918,,01/2020,Benzin,116,,
Mercedes-Benz,C 180,C -Klasse T-CGI Navi/PDC/,,20190,Fairer Preis,77161,,09/2015,Benzin,156,,
Volkswagen,Golf,VII Variant Highline BMT **XENON/PDC/SHZ**,,11950,Guter Preis,117200,,03/2015,Benzin,125,,
Mercedes-Benz,CLA 180,Shooting Brake 7G URBAN I PANO I NAV I,,18999,Guter Preis,83058,,12/2015,Benzin,122,,
Audi,A4,Avant 50 TDI quattro tiptronic S line,,31900,Fairer Preis,115000,,07/2020,Diesel,286,,
Volkswagen,Golf,VII 2.0 TDI GTD BM Aut.*NAVI*LED*PDC*AHK*,,20690,Erhöhter Preis,113604,,04/2017,Diesel,184,,
Mercedes-Benz,C 200,T AVANTGARDE+LED+AMBIENTE+EASYPACK+AHK+,,18888,Guter Preis,96486,,06/2016,Benzin,184,,
Volkswagen,Passat Variant,"Passat ,Highline, R-Line,Navi,Pano,AHK,Standheiz",,23790,Fairer Preis,99714,,06/2017,Benzin,179,,
Mercedes-Benz,C 180,T 9G-TRONIC AMG Line / Burmester / 360° ,,18950,Sehr guter Preis,95632,,07/2018,Benzin,156,,
Volkswagen,Golf,VII 1.6 TDI Comfortline Klimaaut. Navi ACC,,18950,Fairer Preis,88274,,07/2019,Diesel,116,,
Volkswagen,Caddy,Klima SHZ PDC Scheckheftgepflegt,,10999,Ohne Bewertung,101464,,03/2014,Benzin,86,,
Volkswagen,Golf,VIII Variant 1.5 eTSI DSG R-Line | AHK |,,25530,Erhöhter Preis,78056,,12/2020,Benzin,150,,
Volkswagen,Passat Variant,"""Highline"" 4Motion",,20950,Fairer Preis,93500,,05/2017,Benzin,280,,
Audi,A4,"Avant 2.0 TFSI S LINE STANDHZ,360GRAD,MASSAGE",,26880,Fairer Preis,95508,,05/2018,Benzin,190,,
Volkswagen,Passat Variant,2.0 TSI DSG Highline 4Motion,,24200,Sehr guter Preis,94000,,06/2017,Benzin,280,,
Audi,A3,Sportback ambition quattro Navi SDach B & O,,20950,Ohne Bewertung,112973,,06/2014,Diesel,184,,
BMW,530,iA Touring LEDER+NAVI+ALARM+XENON+PDC+SHZ+LMR,,22980,Ohne Bewertung,53000,,05/2014,Benzin,258,,
Audi,A6,Avant 2.0 TFSI,,17590,Ohne Bewertung,98000,,04/2012,Benzin,179,,
Volkswagen,Golf,Variant 1.4 TSI HIGHLINE LM17 KAMERA NAVI P,,12980,Sehr guter Preis,123344,,03/2016,Benzin,150,,
Volkswagen,Passat Alltrack,2.0 TSI 4Motion BMT Aut. *LED*,,19440,Guter Preis,80974,,07/2016,Benzin,220,,
Mercedes-Benz,CLA 250 Shooting Brake,AMG Xenon Navi,,17999,Sehr guter Preis,96000,,03/2015,Benzin,211,,
Volkswagen,Passat Variant,1.8 TSI AAC Navi LED PDC SHZ,,20890,Fairer Preis,65405,,12/2017,Benzin,179,,
Volkswagen,Passat Variant,2.0 TSI 162kW DSG RLine,,24900,Fairer Preis,85000,,02/2017,Benzin,220,,
Volkswagen,Golf,VII Variant Lounge BMT/Tüv Neu/Top Pflege,,11490,Guter Preis,80000,,06/2015,Benzin,86,,
Volkswagen,Golf,VII Variant Lounge BMT PDC*SHZG*BT*ALLSEAS.,,9500,Guter Preis,124036,,08/2015,Benzin,86,,
Mercedes-Benz,E 220,T-Modell BlueTec/Leder/Sitz-Hei/Navi/Klima,,19590,Sehr guter Preis,82000,,06/2015,Diesel,170,,
Volkswagen,Golf,VII Variant 1.5*DSG*Klima*Sitzhzg*ACC*Kam,,15990,Sehr guter Preis,91150,,10/2018,Benzin,150,,
Mercedes-Benz,E 200,Elegance BlueEfficiency T-Modell,,16777,Ohne Bewertung,99997,,06/2012,Benzin,184,,
Volkswagen,Golf,Variant 1.5 eTSI RFK*Navi*ACC*Digital*DAB+,,23990,Erhöhter Preis,85600,,05/2021,Benzin,131,,
Volkswagen,Golf,Variant Highline,,17830,Fairer Preis,106571,,07/2019,Benzin,150,,
Volkswagen,Golf,"VII Variant 1,5 TSI Highline BMT",,18300,Guter Preis,79622,,01/2019,Benzin,150,,
Volkswagen,Golf,2.0 TDI DSG BMT GTD ,,16600,Guter Preis,109100,,12/2016,Diesel,184,,
Mercedes-Benz,C 200,AVANTGARDE AUT XENON AHK SPUR TOTWINKEL,,17400,Ohne Bewertung,99436,,03/2013,Benzin,184,,
Audi,A4,35 2.0 TDI Avant advanced LED Navi ACC DAB,,28490,Fairer Preis,57885,,02/2020,Diesel,163,,
Volkswagen,Golf,VII 1.5 TSI *COMFORTLINE*AHK*STH*SHZ*ACC*PD,,17480,Fairer Preis,94653,,08/2019,Benzin,150,,
Volkswagen,Passat Variant,*Navigation*8-fach bereift,,15490,Guter Preis,85000,,07/2015,Benzin,150,,
Volkswagen,Passat Variant,2.0 TSI Highline R-Line LED ACC e,,22850,Fairer Preis,101800,,12/2017,Benzin,220,,
Volkswagen,Passat Variant,TSI Comfortline DSG Automtik NAVI,,16099,Guter Preis,93500,,08/2015,Benzin,150,,
Volkswagen,Golf,Sportsvan VII Allstar BMT/Start-Stopp/NAVI.,,13299,Sehr guter Preis,67000,,03/2016,Benzin,125,,
Volkswagen,Passat,Variant Highline 1.8 TSI  Klimaautomatik+,,21660,Erhöhter Preis,109650,,08/2017,Benzin,179,,
Audi,A4,3X S LINE VIRTUAL ACC AHK 2.0 TFSI AVANT,,25990,Fairer Preis,84950,,05/2018,Benzin,190,,
Mercedes-Benz,C 200,C200 T Aut. Navi Tempomat Sitzheizung Leder,,22490,Fairer Preis,63101,,12/2016,Benzin,184,,
Volkswagen,Passat,Var. 1.5 TSI DSG Business LED+SHZ+AHK+ACC,,21750,Sehr guter Preis,87850,,04/2023,Benzin,150,,
Volkswagen,Golf,Variant *1.Hand*Navi*Kamera*DAB*Carplay*,,12500,Sehr guter Preis,107000,,03/2019,Benzin,116,,
Mercedes-Benz,E 200,T-Modell CGI BlueEfficiency/LED+NAVI+LEDER,,18900,Sehr guter Preis,104000,,08/2015,Benzin,184,,
BMW,218,i Active Tourer Aut. Sport Line AHK abnehmbar,,18990,Erhöhter Preis,93000,,03/2016,Benzin,136,,
Mercedes-Benz,B 220,B -Klasse B 220 4Matic,,15900,Ohne Bewertung,94115,,12/2013,Benzin,184,,
Mercedes-Benz,C 300,T-Distronic-Standheizung-Ahk-Todwinkel,,21900,Guter Preis,103200,,06/2016,Benzin,245,,
Volkswagen,Golf,Sportsvan VII Highline*BMT/Start-Stopp*SHZ*,,11500,Ohne Bewertung,121560,,10/2014,Benzin,150,,
Mercedes-Benz,CLA 200,Shooting Brake /AMG LINE/GARANTIE,,18850,Ohne Bewertung,108475,,03/2015,Benzin,156,,
BMW,216,i Gran Tourer Advantage Sitzheizung Navi PDC ,,13990,Erhöhter Preis,114000,,01/2016,Benzin,102,,
BMW,520,i Touring Automatik Modern Line Panoramadach,,18890,Ohne Bewertung,121000,,11/2013,Benzin,184,,
Mercedes-Benz,CLA 250 Shooting Brake,NAVI KAMERA LED KEYLESS,,21890,Fairer Preis,115500,,05/2018,Benzin,211,,
Mercedes-Benz,CLA 200 Shooting Brake,AMG Line 18 LED STANDH.,,21490,Fairer Preis,85654,,10/2018,Benzin,156,,
Mercedes-Benz,CLS Shooting Brake,CLS 500  Shooting Brake 4Matic  AMG Line MASSAGE,,28990,Ohne Bewertung,110000,,08/2013,Benzin,408,,
Audi,A4,Avant S-Line 35 1.4 TFSI S-Tronic Business,,20700,Fairer Preis,102000,,09/2016,Benzin,150,,
BMW,520,d Touring Aut. AHK+NAV+D-KEY+SHZ+CAM+LED-SW+,,29950,Fairer Preis,91238,,11/2021,Diesel,190,,
Volkswagen,Golf,2.0 TSI OPF DSG 4MOTION R Variant R,,24500,Sehr guter Preis,89900,,11/2019,Benzin,300,,
Mercedes-Benz,E 200,CGI BE Avantgarde*Autom.*MB Scheckheftgepf,,19999,Fairer Preis,97786,,04/2016,Benzin,184,,
Mercedes-Benz,C 300,T Avantgarde 1.Hd Scheckheft +GARANTIE+,,24950,Fairer Preis,81616,,07/2016,Benzin,245,,
Volkswagen,Golf,VII Var. Lounge 1.4 TSI/PANO NAVI  PDC SHZ,,11790,Guter Preis,113997,,10/2015,Benzin,125,,
Volkswagen,Golf,GOLF VARIANT TRENDLINE 4MOTION 1.6 TDI STHZ PDC,,13820,Erhöhter Preis,99580,,08/2015,Diesel,110,,
Mercedes-Benz,CLA 200,CDI / d Shooting Brake *Automatik*Navi*,,19999,Erhöhter Preis,164992,,09/2015,Diesel,,,
Volkswagen,Golf,VII Variant IQ.DRIVE ACC AHK NAVI,,19990,Fairer Preis,94252,,11/2019,Diesel,150,,
Mercedes-Benz,E 200,"7G T-Modell Avantgarde LED, SHZ, Navi, PDC",,20900,Ohne Bewertung,69650,,05/2014,Benzin,184,,
Mercedes-Benz,C 400,4MATIC T Avantgarde Line Autom. TÜV NEU,,24500,Guter Preis,105000,,05/2016,Benzin,333,,
Mercedes-Benz,E 63 AMG,T Exklusiv Nachtsicht*Panorama*Distroni,,29999,Ohne Bewertung,123000,,11/2011,Benzin,557,,
Volkswagen,Golf,Variant 1.5 TSI ACT OPF DSG IQ.DRIVE Pano V,,19830,Fairer Preis,94100,,10/2019,Benzin,150,,
Volkswagen,Golf,Variant 1.5 TSI JOIN NAVI LED KAMERA ST.HEI,,18780,Fairer Preis,64767,,06/2018,Benzin,150,,
Audi,A6,Avant 2.0 TFSI S-Line Sport Plus S-Tronic,,24900,Guter Preis,84000,,09/2015,Benzin,252,,
Mercedes-Benz,E 350,E -Klasse T-Modell E 350 4-Matic,,19850,Ohne Bewertung,83939,,12/2011,Benzin,272,,
Volkswagen,Golf,Sportsvan VII Comfortline BMT/Start-Stopp,,13995,Ohne Bewertung,59340,,03/2015,Benzin,125,,
BMW,320,"i xDrive Touring Luxury Line Leder,1.Hd,86tkm",,19980,Fairer Preis,86700,,05/2016,Benzin,184,,
BMW,320,d  Kamera DAB Fernlichtassist Alarm AHK LED,,26999,Guter Preis,79667,,03/2022,Diesel,190,,
Volkswagen,Golf,VII Variant Highline*XENON*NAVI*ALCANTARA,,9990,Guter Preis,97000,,09/2013,Benzin,122,,
Audi,A4,Avant 35 TFSI +Einparksensoren +Xenon +Sitzhe,,22920,Fairer Preis,42167,,04/2019,Benzin,150,,
Mercedes-Benz,C 250,T AMG Night-Paket Kamera Totwinkel 9G Navi,,24880,Fairer Preis,102334,,01/2017,Benzin,211,,
Mercedes-Benz,CLA 180,Shooting Brake AMG-Styling,,18750,Erhöhter Preis,91950,,11/2015,Benzin,122,,
Volkswagen,Golf,2.0 TDI DSG BMT GTD Variant GTD,,17400,Guter Preis,117793,,09/2016,Diesel,184,,
Volkswagen,Passat Alltrack,/2.HAND/PANO/PDC/NAVI/KLIMA/TRAUM,,18900,Fairer Preis,85000,,12/2016,Diesel,150,,
Mercedes-Benz,E 250,T AVANTGARDE Autom.Navi.Xenon.Sitzhezung.,,18969,Ohne Bewertung,78500,,04/2014,Benzin,211,,
Ford,Focus,Turnier ST 2.3 EcoBoost LED Navi ACC DAB,,23950,Guter Preis,66053,,06/2020,Benzin,280,,
Mercedes-Benz,CLA 45 AMG Shooting Brake,4M Pano Navi Camera Bl,,27484,Fairer Preis,113421,,06/2015,Benzin,362,,
Mercedes-Benz,C 400,"T 4M 3x AMG BURMESTER,STANDHZ,HUD,360GRAD",,30880,Fairer Preis,80000,,09/2016,Benzin,333,,
Audi,A4,Avant 30 TDI Business LED SH Navi,,21760,Erhöhter Preis,77000,,08/2020,Diesel,122,,
Volkswagen,Passat Variant,"Highline TSI LED ACC 17"" STH SHZ ",,23980,Fairer Preis,66850,,02/2016,Benzin,220,,
BMW,320,d Sport *VOLLAUSSTATTUNG*PANO/LEDER/GARANTIE,,16890,Ohne Bewertung,109000,,09/2013,Diesel,184,,
Mercedes-Benz,C 180,C -Klasse T-Modell C 180 T CGI ,,17980,Sehr guter Preis,89595,,05/2015,Benzin,156,,
Mercedes-Benz,C 180,"T CGI, Automatik Teilleder, LED, 2. Besitz",,15990,Ohne Bewertung,99978,,10/2014,Benzin,156,,
Volkswagen,Passat Variant,Trendline BMT/Start-Stopp/ATM/PDC,,16990,Fairer Preis,75000,,09/2015,Benzin,125,,
Mercedes-Benz,C 180,-Klasse T-Modell CGI T MB C180T AHK Panora,,17600,Guter Preis,98520,,04/2015,Benzin,156,,
Mercedes-Benz,C 200,T CGI+S-Heft+AHK+Teilleder+Navi+PDC+S.Heiz,,17990,Guter Preis,103900,,03/2016,Benzin,184,,
Mercedes-Benz,CLA 200 Shooting Brake,/1.Hand/Scheckheft/AMG/,,17999,Fairer Preis,96000,,08/2015,Benzin,156,,
Mercedes-Benz,CLA 200 Shooting Brake,"AMG AHK,SPURPAKET,KAMERA",,22880,Fairer Preis,67769,,09/2017,Benzin,156,,
Volkswagen,Golf,VI Variant 1.4 TSI Highline,,11900,Ohne Bewertung,93837,,04/2010,Benzin,160,,
BMW,320,i Touring - Automatik-Sitzheizung-Klima,,16950,Ohne Bewertung,104659,,11/2014,Benzin,184,,
BMW,535,i Touring M Sportpaket + TÜV bis 09.2026,,20990,Fairer Preis,137001,,09/2015,Benzin,306,,
Volkswagen,Caddy,Kombi Trendline*Klimaaut.*NAVI*SHZ*8-fach*,,14999,Fairer Preis,85000,,05/2015,Benzin,86,,
Mercedes-Benz,B 160,B -Klasse Business Paket Standheizung,,14990,Ohne Bewertung,107100,,02/2017,Benzin,102,,
BMW,320,d Touring LiveCockpitProf PDC Driv.Assist,,24803,Fairer Preis,112427,,04/2021,Diesel,190,,
Volkswagen,Golf,VII Variant 1.5 TSI IQ.DRIVE DSG *StdHz*,,18444,Guter Preis,103755,,07/2019,Benzin,150,,
Volkswagen,Golf,VII Variant Highline BMT/Start-Stopp,,18790,Fairer Preis,69850,,08/2018,Benzin,150,,
Mercedes-Benz,CLA 250 Shooting Brake,AMG 45 optik AMG Line,,23100,Fairer Preis,91000,,04/2017,Benzin,211,,
Mercedes-Benz,E 200,T BlueEFFICIENCY ELEGANCE,,17490,Ohne Bewertung,94500,,06/2012,Benzin,184,,
Mercedes-Benz,C 200,T AVANTGARDE AHK LED NAVI LM,,19780,Fairer Preis,117632,,08/2015,Benzin,184,,
Mercedes-Benz,CLA 200 Shooting Brake,DCT URBAN NIGHT PANO LM18,,18280,Sehr guter Preis,94056,,07/2016,Benzin,156,,
BMW,320,"i T M Sport NAVI Xenon HiFi 18""",,18900,Ohne Bewertung,116000,,10/2014,Benzin,184,,
Volkswagen,Golf,Variant 1.5 TSI Comfortline DAB-radio|Adapt,,13650,Fairer Preis,96873,,01/2018,Benzin,131,,
Volkswagen,Golf,Variant 1.4 TSI R-LINE NAVI LED VIRTUAL,,17680,Fairer Preis,63471,,02/2018,Benzin,125,,
BMW,530,"i T xDrive LUXURY LINE KEYLESSGO,360GRAD,HUD",,28880,Fairer Preis,77000,,09/2017,Benzin,252,,
Audi,A4,Avant 2.0 TFSI Ultra+Xenon+Navi+SHZ+8-fach+TC,,19835,Fairer Preis,104250,,08/2018,Benzin,190,,
Mercedes-Benz,C 200,T 4Matic AMG-Line LED/Burmester/Leder/PDC/,,21980,Fairer Preis,107550,,01/2017,Benzin,184,,
Volkswagen,Passat Variant,Comfortline DSG Navi ACC LED,,17690,Fairer Preis,99980,,10/2016,Benzin,150,,
BMW,320,i Touring M Sport M Sport,,21800,Fairer Preis,88000,,11/2016,Benzin,184,,
Volkswagen,Passat Variant,2.0 TSI DSG 4MOTION Highl. R-Line,,22900,Sehr guter Preis,102000,,02/2018,Benzin,280,,
Mercedes-Benz,CLA 180,Shooting Brake AMG +HU NEU+PANO+KAMARA+,,18499,Guter Preis,89000,,10/2015,Benzin,122,,
Mercedes-Benz,E 200,BlueTEC T Avantg.*Aut*Navi*LED*Allwetter*,,19800,Fairer Preis,107504,,03/2016,Diesel,136,,
Audi,A4,Avant 2.0 TDI S line #AHK#LED#Cam,,21490,Ohne Bewertung,102010,,07/2016,Diesel,150,,
Mercedes-Benz,CLA 200 Shooting Brake,AMG+Night+Pano+LED+Navi,,19795,Fairer Preis,104500,,11/2016,Benzin,156,,
Audi,A6,Avant quattro 1.HD MATRIX||STHZ|PANO|KAMERA|A,,27990,Guter Preis,82400,,12/2017,Benzin,252,,
Mercedes-Benz,C 180,C -Klasse T-Modell C 180 T CGI,,15990,Ohne Bewertung,102500,,11/2014,Benzin,156,,
Volkswagen,Golf,Variant VII 1.5 TSI VARIANT+COMFORTLINE+ACC,,17480,Fairer Preis,67900,,01/2020,Benzin,131,,
Toyota,Avensis,2.2 D-4D Executive Automatik Sitzheizung,,12999,Ohne Bewertung,81418,,03/2013,Diesel,150,,
Volkswagen,Golf,"VII Variant 1.0 TSI ""Comfortline""",,17980,Erhöhter Preis,66450,,01/2020,Benzin,116,,
Volkswagen,Passat Variant,Highline BMT,,17200,Sehr guter Preis,102052,,12/2018,Benzin,150,,
Volkswagen,Passat Variant,Variant Comfortline BMT Start-Stopp 1.4 TSI ACT ,,15990,Ohne Bewertung,106509,,06/2018,Benzin,150,,
Audi,A4,AVANT 2.0TFSi S LINE SPORT+ BLACK/XENON+/NAV+,,20770,Ohne Bewertung,119987,,02/2015,Benzin,224,,
Mercedes-Benz,CLA 200 Shooting Brake,PEAK Edition AMG,,18990,Guter Preis,123000,,06/2017,Benzin,156,,
Mercedes-Benz,E 200,AMG T 9G- *HUD*Navi*LED*RCAM*TWA*SHZ*WKR*1,,36680,Erhöhter Preis,95500,,11/2020,Benzin,197,,
Volkswagen,Golf,VII Variant Join 1HAND/ACC/APPLECAR/S-HEFT/,,16490,Fairer Preis,111700,,10/2018,Benzin,150,,
BMW,320,i Advantage*Pano*LED*Temp*PDC*,,20990,Fairer Preis,76933,,08/2018,Benzin,184,,
BMW,330,i Touring Advantage-Navi Prof-LED-Panorma-H/K,,19900,Guter Preis,108600,,12/2016,Benzin,252,,
Volkswagen,Golf,VII R-Line DSG/ACC/BT/Navi/Panorama/Virtual,,22950,Fairer Preis,79800,,10/2019,Diesel,150,,
Volkswagen,Golf,VII Variant 2.0 TDI DSG R-Line Standheizung,,21490,Erhöhter Preis,95954,,02/2020,Diesel,150,,
Volkswagen,Golf,VII Variant Highline Automatik,,18890,Fairer Preis,54462,,09/2016,Benzin,150,,
Volkswagen,Golf,VII Highline Navi LED Cli2 ACC Massage,,19990,Fairer Preis,59635,,10/2019,Benzin,150,,
Volkswagen,Golf,VII Variant 1.5 TSI ACT Highline BMT,,15950,Fairer Preis,120072,,01/2018,Benzin,150,,
Mercedes-Benz,E 200,T-Modell Avantgarde Multibeam Kamera Totw.,,24780,Fairer Preis,96921,,04/2017,Benzin,184,,
Volkswagen,Passat Variant,2.0 TDI LED/ACC/Kam/Navi/SHZ,,19290,Guter Preis,104341,,10/2021,Diesel,150,,
Mercedes-Benz,E 250,T Avantgarde|LED|NAVI|LEDER|KAMERA,,26990,Fairer Preis,115088,,02/2018,Benzin,211,,
Volkswagen,Golf,Sportsvan VII Comfortline BMT/Start-Stopp,,15500,Fairer Preis,74400,,01/2018,Benzin,125,,
Volkswagen,Touran,Comfortline*1Hand*ServiceNeu*TüvNeu*8Fach,,17990,Fairer Preis,82865,,07/2016,Benzin,150,,
Volkswagen,Golf,2.0 TDI 4MOTION R-Line Highline Variant,,18990,Guter Preis,69980,,04/2016,Diesel,150,,
Volkswagen,Passat Variant,"Passat Var. Comfortline LED, NAVI, PANORAMADACH",,18990,Fairer Preis,66045,,04/2015,Benzin,150,,
Volkswagen,Golf,VII Variant 2.0 TDI Comfortline *LED Navi*,,19990,Erhöhter Preis,86905,,11/2019,Diesel,150,,
BMW,530,d XDrive3.0-Automatik-Pano-Leder-Navi-1.Hand,,25750,Erhöhter Preis,95492,,12/2016,Diesel,258,,
Mercedes-Benz,CLA 250 Shooting Brake,AMG Line 7G-DCT LED Navi,,26950,Erhöhter Preis,84419,,07/2018,Benzin,211,,
Mercedes-Benz,B 180,B -Klasse B 180,,17980,Erhöhter Preis,91000,,06/2016,Benzin,122,,
Mercedes-Benz,C 180,CGI T-Modell/PDC/LED/SHZ/NAVI/AMBIENTE,,19900,Fairer Preis,98326,,07/2016,Benzin,156,,
Mercedes-Benz,C 180,"T Avantgarde,Automatik,LED,Navi,",,21499,Fairer Preis,87000,,08/2016,Benzin,156,,
Skoda,Octavia,2.0 TDI*RS*DSG*CHALL*BI-XN*ACC*NAVI*LANE,,16990,Guter Preis,128520,,06/2015,Diesel,184,,
Volkswagen,Golf,"VII Variant 1,2 TSI Comfortline BMT*Standhz",,10970,Fairer Preis,107000,,08/2016,Benzin,86,,
Volkswagen,Passat Variant,Passat Highline Start-Stopp *R LINE*LED*NAVI*ACC,,17999,Fairer Preis,104000,,11/2016,Benzin,179,,
Mercedes-Benz,CLS 350 Shooting Brake,CLS 350 SB 4Matic*SD*Luft*S.Klima*Memory*LED*RFK,,25995,Ohne Bewertung,113000,,10/2015,Diesel,252,,
Mercedes-Benz,C 180,T AVANTGARDE Sitzhzg*Wechsler*Navi*,,15980,Ohne Bewertung,62619,,06/2013,Benzin,156,,
Audi,A4,"Avant quattro sport 2,0 TFSI/3xS-Line/B&O/ACC",,25990,Fairer Preis,100000,,03/2016,Benzin,252,,
Mercedes-Benz,CLA 250,Shooting Brake AMG-line Night-Paket,,22790,Guter Preis,109500,,06/2016,Benzin,211,,
Volkswagen,Golf,VII Variant 1.4 TSI Comfortline,,15590,Sehr guter Preis,80962,,07/2018,Benzin,125,,
Volkswagen,Passat Variant,2.0 TDI Business+DSG+NAVI+LED+RFK,,19250,Guter Preis,71402,,02/2021,Diesel,122,,
Volkswagen,Golf,VII Alltrack 4Motion+AHK+LED+Navi+RFK+Shz,,21480,Erhöhter Preis,69814,,11/2016,Diesel,150,,
Volkswagen,Golf,VI Variant Match,,9990,Ohne Bewertung,101827,,12/2012,Benzin,105,,
Volkswagen,Passat Alltrack,"2.0 TDI 4MOT DSG AHK, Navi, ACC,",,21913,Fairer Preis,99995,,11/2017,Diesel,190,,
Volkswagen,Golf,VII Variant Highline 1.5 TSI DSG LED NAVI,,18990,Fairer Preis,94800,,02/2020,Benzin,150,,
Mercedes-Benz,C 180,T | Edition C | Sitzhzg | Klimatr |,,16890,Ohne Bewertung,105400,,03/2014,Benzin,156,,
Audi,A6,Avant 2.0 TDI Multitronic PDC+XENON+ALCANTARA,,16990,Ohne Bewertung,88789,,10/2013,Diesel,177,,
Volkswagen,Golf,VII Variant 1.5TSI Comfortline NAVI ACC SHZ,,17450,Fairer Preis,87226,,09/2019,Benzin,131,,
Volkswagen,Golf,VII Variant IQ Drive. Klima+AppConnect+Kame,,15900,Erhöhter Preis,100380,,05/2019,Benzin,116,,
Mercedes-Benz,C 250,T Avantgarde Aut. *LED*NAVI*TEMPO*PDC*,,19390,Sehr guter Preis,97470,,01/2017,Benzin,211,,
Volkswagen,Passat,Variant 1.8 TSI Comfortline*NAVI*PDC*LED,,15990,Fairer Preis,109920,,03/2016,Benzin,179,,
Mercedes-Benz,E 200,T Avantgarde/9G/LED/Schiebedach/Kamera/AHK,,26810,Guter Preis,90942,,10/2018,Benzin,184,,
Mercedes-Benz,CLA 180 Shooting Brake,AMG Line LED Navi SHZ AHK,,22990,Erhöhter Preis,65097,,07/2017,Benzin,122,,
Volkswagen,Golf,Variant Match*Bi-Xenon*Panorama*Keyless Go*,,9990,Fairer Preis,105200,,05/2013,Benzin,122,,
Mercedes-Benz,C 200,C200 T Avantgarde Mild-Hybrid Standheizung Kamer,,24990,Guter Preis,89919,,01/2019,Benzin,197,,
Mercedes-Benz,CLA 200,AMG Line Shooting Break,,18990,Guter Preis,59266,,12/2015,Benzin,156,,
Renault,Talisman,Grandtour Ambiente*20Zoll*HUD*Navi*ACC*,,16990,Guter Preis,97000,,01/2018,Benzin,200,,
Volkswagen,Golf,"Variant 1,5 TSI DSG Highline LED Navi",,18449,Fairer Preis,96500,,01/2020,Benzin,150,,
BMW,316,d Touring PDC KlimaAut Tempomat Multilenkrad,,9999,Ohne Bewertung,141800,,08/2011,Diesel,116,,
Volkswagen,Golf,VII Variant Highline BMT/Start-Stopp 289,,16490,Sehr guter Preis,66189,,09/2017,Benzin,150,,
BMW,320,d Touring xDrive Aut. M Sport Navi Leder,,19990,Fairer Preis,103604,,11/2016,Diesel,190,,
Volkswagen,Golf,VII Variant Highline BMT 1.4 TSI APP Car Ne,,17490,Fairer Preis,60100,,04/2017,Benzin,125,,
Volkswagen,Passat Variant,1.8 TSI R-Line DSG LED AHK KAMERA,,18950,Fairer Preis,96796,,05/2017,Benzin,179,,
Volkswagen,Passat,1.8 TSI R-Line DSG ACC AHK LED KAMERA EU6,,18950,Erhöhter Preis,96796,,05/2017,Benzin,179,,
BMW,330,i M Sport Shadow LED+NAVI+HUD+SHZ+RFK+Navi,,24260,Fairer Preis,93110,,08/2017,Benzin,252,,
Mercedes-Benz,C 180,C -Klasse T-Modell C 180 T CGI,,18500,Guter Preis,104000,,12/2015,Benzin,156,,
Mercedes-Benz,CLA 180,Shooting Brake AMG Line Navi Xenon SHZ,,16999,Guter Preis,94065,,03/2015,Benzin,122,,
Volkswagen,Passat Variant,Variant 1.5 TSI R LINE 17ZOLL ACC,,19380,Fairer Preis,100000,,07/2019,Benzin,150,,
Volkswagen,Passat Variant,2.0 TDI 4Motion Highline AHK 360°,,25990,Erhöhter Preis,101434,,08/2017,Diesel,239,,
BMW,330,Baureihe 3 Touring 330 i Advantage,,21499,Sehr guter Preis,84656,,02/2019,Benzin,252,,
Audi,A4,Avant 1.4 TFSI design LED Virtual Cockpit,,22990,Fairer Preis,75612,,05/2018,Benzin,150,,
Volkswagen,Passat,Variant Comfortline DSG/150PS/LED/DCC,,16990,Sehr guter Preis,75700,,06/2015,Diesel,150,,
Volkswagen,Golf,VII Variant Highline BMT/Start-Stopp,,21900,Fairer Preis,84500,,12/2019,Benzin,150,,
BMW,520,d xD  Panorama Kamera Laser HUD DAB Komfort,,29999,Sehr guter Preis,105126,,12/2021,Diesel,190,,
Audi,A4,2.0 TSI Avant sport ultra/S-Line/,,19919,Fairer Preis,104781,,10/2016,Benzin,190,,
Volkswagen,Caddy,1.4 TSI DSG (5-Si.) Edition 35,,20990,Fairer Preis,123500,,08/2018,Benzin,125,,
Mercedes-Benz,C 300,T Avantgarde LED Navi Night-Paket Kamera,,21999,Sehr guter Preis,99000,,12/2016,Benzin,245,,
Mercedes-Benz,Citan,110 CDI Tourer Pro MBUX+RüKam+LED+AHK,,22888,Sehr guter Preis,35136,,07/2023,Diesel,95,,
Mercedes-Benz,B 250,"BlueEfficiency Sports Tourer 18""AMG Felgen",,16980,Ohne Bewertung,76511,,02/2014,Benzin,211,,
Volkswagen,Caddy,Behindertengerecht-Cross,,25900,Ohne Bewertung,107000,,02/2015,Diesel,75,,
Ford,Grand Tourneo,Connect Titanium *Rollstuhlumbau*,,45990,Ohne Bewertung,50,,09/2024,Benzin,114,,
Ford,Transit Connect,behindertengerechter Umbau ,,10000,Ohne Bewertung,138000,,09/2015,Diesel,95,,
Volkswagen,Touran,2.0 TDI SCR JOIN/ACC/NAV/7 Sitzer,,14700,Guter Preis,162000,,04/2018,Diesel,150,,
Volkswagen,Caddy,Join BMT NAVI TEMP SHZ PDC KLIMA KAMERA,,23490,Fairer Preis,76163,,04/2018,Benzin,125,,
Volkswagen,Golf Sportsvan,SPORTSVAN COMFORTLINE 1.4 -SCHECKHEFT GEPFLEGT-,,12589,Ohne Bewertung,99897,,03/2015,Benzin,125,,
Volkswagen,Caddy,"-1,4-DSG-Comfort-Behindertengerecht-Rampe",,28900,Ohne Bewertung,125000,,02/2016,Benzin,125,,
Volkswagen,T5 Transporter,T5 TRANSPORTER KASTEN LANG KLIMA+NAVI+XENON+1HD+,,20950,Erhöhter Preis,117400,,05/2015,Diesel,140,,
Volkswagen,Touran,2.0 TDI DSG Highline 7-Sitzer LED Navi,,23990,Fairer Preis,109985,,07/2016,Diesel,190,,
Volkswagen,Golf Sportsvan,"1.4TSI BMT DSG ""CL-Marathon ED...",,13990,Fairer Preis,107290,,11/2016,Benzin,125,,
Volkswagen,Caddy,Alltrack 1.4 TSI BMT 7-Sitzer Bi-Xenon USB,,21950,Guter Preis,57429,,08/2016,Benzin,125,,
Volkswagen,Touran,1.5TSI DSG *Navi*Ergo*3 Z Klima*SHZ*PD...,,21490,Fairer Preis,97200,,05/2019,Benzin,150,,
Mercedes-Benz,B 200,7G-DCT Style+NAVI+PANO+AHK+PDC+TEMPO,,14900,Sehr guter Preis,110780,,06/2016,Benzin,156,,
Volkswagen,Crafter,35 lang 2.5 TDi Auffahrrampe 9 Sitze,,21999,Ohne Bewertung,92226,,04/2010,Diesel,109,,
BMW,220,Baureihe 2 Gran Tourer 220 i M Sport 7-Sitze,,19999,Guter Preis,99000,,05/2016,Benzin,192,,
Volkswagen,Touran,1.4 TSI Comfortline AHK ACC PDC Bluetooth,,24490,Fairer Preis,66062,,01/2018,Benzin,150,,
Volkswagen,T5 Multivan,4Motion Automatik Xenon Navi 1.Hand,,29999,Ohne Bewertung,84929,,01/2015,Diesel,179,,
Volkswagen,Crafter,Kasten Mixto 35 mittel L2H2 Hochdach RWD,,19995,Sehr guter Preis,115400,,07/2016,Diesel,109,,
Mercedes-Benz,B 180,B B 180 Edition *AHK NAVI LED RÜCKFAHRKAMERA*,,17700,Guter Preis,100000,,05/2018,Benzin,122,,
Volkswagen,Caddy,Maxi-Behindertengerecht-Rampe-Aktiv,,29900,Ohne Bewertung,79000,,09/2013,Diesel,140,,
Mercedes-Benz,Vito,Kombi 116 CDI extralang 8-Sitzer Klima A/C,,18295,Ohne Bewertung,111400,,08/2012,Diesel,163,,
Volkswagen,Touran,1.5 TSI Comfortline ACC AHK App Connect,,24950,Erhöhter Preis,81823,,08/2019,Benzin,150,,
Volkswagen,T5 Transporter,Bus Caravelle Trendline Automatik,,22999,Sehr guter Preis,93000,,08/2015,Diesel,179,,
Volkswagen,Sharan,Highline2.0 TDI BMT 4Motion/ TOP/7-SITZER,,24444,Fairer Preis,105239,,02/2016,Diesel,150,,
Volkswagen,Caddy,Maxi-DSG-Behindertengerecht-Rampe-140-PS,,26900,Ohne Bewertung,131000,,04/2013,Diesel,140,,
Volkswagen,Golf Sportsvan,GOLF SPORTSVAN JOIN 1.0TSI VOLL-LED+SITZ-HZ+NAVI,,15890,Fairer Preis,71150,,07/2018,Benzin,110,,
Mercedes-Benz,Citan,Kombi 112 lang Rollstuhlrampe ab 130 € mtl,,21890,Ohne Bewertung,58950,,05/2015,Benzin,114,,
Volkswagen,Sharan,"Highline 7-Sitzer 18"" ACC Winter-Paket",,26108,Fairer Preis,125000,,07/2019,Benzin,150,,
Volkswagen,Golf,Plus VI* Automatik*Steuerkette ist neu/1.2,,8999,Ohne Bewertung,74402,,08/2011,Benzin,105,,
Volkswagen,Caddy,-DSG-Behindertengerecht-Generation,,29900,Ohne Bewertung,125000,,06/2016,Diesel,102,,
Volkswagen,Touran,1.6 TDI Comfortline DSG LED Navi ACC PDC,,21950,Fairer Preis,85378,,04/2019,Diesel,116,,
Volkswagen,Golf Sportsvan,1.6 TDI Allstar ACC Navi Panorama,,15490,Fairer Preis,68176,,06/2016,Diesel,110,,
BMW,218 Gran Tourer,218i Gran Tourer Advantage LED Tempomat AHK Shz,,15890,Fairer Preis,72205,,04/2016,Benzin,136,,
Volkswagen,T6 Transporter,T6 Kombi 9-Sitzer * 2.0 TDI * 1.Hand * Standhzg.,,23788,Sehr guter Preis,110730,,05/2019,Diesel,102,,
Volkswagen,Caddy,DSG Maxi Behindertengerecht-Rampe,,33900,Ohne Bewertung,96000,,05/2016,Diesel,102,,
Mercedes-Benz,Vito,"113 CDI Final-Edition,Traumzustand,Auto",,16900,Ohne Bewertung,107000,,05/2014,Diesel,136,,
Volkswagen,T6 Transporter,TDI 4MOT STH AHK KLIMA REGALSYSTE,,25950,Sehr guter Preis,97000,,02/2018,Diesel,150,,
Mercedes-Benz,Sprinter,316CDI Kasten L1H1 Mixto Kombi Bus RWD,,25495,Fairer Preis,138000,,05/2015,Diesel,163,,
BMW,220 Active Tourer,220i Active Tourer Sport Line PDC LED Navi AHK,,19999,Sehr guter Preis,58500,,12/2018,Benzin,192,,
Volkswagen,T6 Transporter,Kombi EcoProfi 9-Sitzer*TÜV neu*,,20999,Sehr guter Preis,95000,,12/2017,Diesel,102,,
Volkswagen,Touran,1.5 TSI Highline R-Line LED Navi ACC,,26950,Fairer Preis,68210,,03/2020,Benzin,150,,
BMW,218 Active Tourer,218i Active Tourer Advantage LED Tempomat AHK,,12980,Ohne Bewertung,118502,,01/2015,Benzin,136,,
Volkswagen,Touran,1.5 TSI United+LED+NAVI+ACC+7-SITZE,,27490,Fairer Preis,86714,,01/2021,Benzin,150,,
Volkswagen,Sharan,Comfortline BMT Sitzheizung*2-Zonen*Cam*,,10990,Ohne Bewertung,135895,,05/2012,Benzin,150,,
Volkswagen,Caddy,-DSG-Maxi-Behindertengerecht-Rampe-,,33900,Ohne Bewertung,74000,,01/2016,Diesel,102,,
Volkswagen,Golf,Sportsvan VII Comfortline SHZ Klima Garantie,,11885,Guter Preis,61500,,11/2017,Benzin,86,,
BMW,218 Active Tourer,218 Baureihe 2 Active Tourer 218 i Advantage,,15980,Guter Preis,56044,,02/2018,Benzin,136,,
BMW,218,Baureihe 2 Gran Tourer 218 i M Sport,,19700,Sehr guter Preis,99990,,04/2021,Benzin,136,,
Volkswagen,Sharan,Cup BMT AUTO.NAVI.TEMP.PANO.PDC.SHZ.KLIMA,,18190,Ohne Bewertung,133210,,11/2014,Diesel,140,,
Volkswagen,Caddy,DSG Maxi Behindertengerecht-Aktivfahrer,,35900,Ohne Bewertung,85000,,04/2012,Diesel,102,,
Volkswagen,T6 Kombi,T6 2.0 TDI Transporter Kombi/9-Sitzer/TOP,,25925,Guter Preis,72637,,11/2017,Diesel,102,,
Mercedes-Benz,Vito,Kasten 109CDI WORKER FWD kompakt,,13999,Guter Preis,82000,,09/2017,Diesel,88,,
Mercedes-Benz,V 220,* XL * extralang * LED * Sitze,,31890,Sehr guter Preis,128300,,06/2015,Diesel,163,,
Volkswagen,Golf,Sportsvan| AHK| Navi| PDC| LED| Garantie,,15399,Guter Preis,106652,,09/2016,Benzin,150,,
Volkswagen,Caddy,JAKO-O 1.2 TSI Behindertengerecht-Rampe,,22950,Ohne Bewertung,83786,,12/2013,Benzin,105,,
Ford,S-Max,TITANIUM S*BI-XEN*NAVI*TEMP*SHZ*ALCA*1HAND,,13990,Ohne Bewertung,117405,,05/2014,Benzin,239,,
Volkswagen,T6 Kombi,T6+9-SITZER+LANG+FSE+AHK+KOMFORT-PAKET+VOLL-LACK,,28950,Fairer Preis,105850,,01/2018,Diesel,150,,
Volkswagen,T5 Transporter,"Kasten- 1.Hand,Neu Tüv,Wenig Km.",,12499,Ohne Bewertung,83000,,09/2014,Diesel,84,,
Volkswagen,Caddy,-DSG-Behindertengerecht-elk. Rampe-Klappe,,18900,Ohne Bewertung,125000,,05/2008,Diesel,105,,
Volkswagen,Caddy,Maxi-Behindertengerecht-Rampe-Standheizung,,22900,Ohne Bewertung,90000,,01/2012,Benzin,105,,
Volkswagen,Touran,Comfortline BMT *AHK*TEMP*PDC*SHZ*,,11950,Guter Preis,141831,,06/2016,Benzin,110,,
Volkswagen,T6 Transporter,T6 2.0TDI Caravelle Comfortline 4Motion/DSG/AHK,,34900,Fairer Preis,99228,,08/2017,Diesel,150,,
Volkswagen,Caddy Maxi,CADDY MAXI COMFORTLINE 2.0TDI DSG 7-SITZE+KAMERA,,22889,Ohne Bewertung,124198,,11/2019,Diesel,102,,
Volkswagen,Caddy,Roncalli 1.2 TSI Behindertengerecht-Rampe,,18950,Ohne Bewertung,100414,,08/2012,Benzin,105,,
Volkswagen,Golf Plus,1.4 TSI MATCH Tempomat*Navi*PDC*,,5950,Sehr guter Preis,113829,,08/2012,Benzin,122,,
Volkswagen,Golf,Sportsvan VII - Automatik/Leder/Touchscreen,,15850,Fairer Preis,97097,,05/2015,Benzin,150,,
Volkswagen,Caddy,Maxi JAKO-O TSI Behindertengerecht-Rampe,,19950,Ohne Bewertung,78500,,07/2013,Benzin,105,,
Volkswagen,T6 Multivan,"Generation SIX, Automatik, Navi, LED",,35390,Sehr guter Preis,105850,,07/2017,Diesel,204,,
Volkswagen,Caddy,150 PS Behindertengerecht-Rampe-Elek.SeilW,,31900,Ohne Bewertung,55000,,05/2016,Diesel,150,,
Mercedes-Benz,Vito,"Mixto 114 CDI extralang, SHZ, BT",,24390,Sehr guter Preis,87900,,02/2019,Diesel,136,,
Volkswagen,Touran,1.4 TSI Comfortline DSG AHK ACC,,20880,Erhöhter Preis,86500,,03/2016,Benzin,150,,
Volkswagen,Caddy Maxi,CADDY MAXI 1.4 TSI 7-SITZER|SITZHEIZUNG|PDC|NAVI,,22990,Ohne Bewertung,88000,,07/2016,Benzin,125,,
Volkswagen,Touran,1.4 TSI DSG Highline *AHK*Standhz*Massage,,21950,Fairer Preis,87000,,06/2016,Benzin,150,,
Opel,Zafira Tourer,C 1.4 Turbo Automatik (7xSITZER),,17950,Ohne Bewertung,94063,,05/2017,Benzin,140,,
Volkswagen,Caddy,1.6 Maxi Behindertengerecht-Rampe,,23900,Ohne Bewertung,95000,,12/2010,Benzin,102,,
Volkswagen,Touran,1.4 TSI Klimaaut. LED Tempomat Navi ACC,,21990,Erhöhter Preis,108114,,06/2016,Benzin,150,,
Volkswagen,Golf,Sportsvan VII Highline BMT/Atom|AHK|Allwett,,14990,Fairer Preis,116754,,01/2017,Benzin,150,,
Volkswagen,Caddy,BMT 1.2 TSI Behindertengerecht-Rampe,,25950,Ohne Bewertung,87456,,04/2016,Benzin,84,,
Volkswagen,Touran,Highline 1.4 TSI DSG R-Line *Navi*Pano...,,23850,Erhöhter Preis,96000,,12/2016,Benzin,150,,
Mercedes-Benz,B 200,d 8G-DCT basis+LED+NAVI+AHK+LEDER,,21900,Guter Preis,97836,,11/2020,Diesel,150,,
Volkswagen,Caddy,Maxi Cup TSI Behindertengerecht-Rampe,,26950,Ohne Bewertung,76458,,11/2014,Benzin,105,,
Volkswagen,Caddy,HIGHLINE 92kW NaviKameraXenonAlcantaraAHK,,20670,Fairer Preis,112953,,02/2016,Benzin,125,,
Volkswagen,Golf,Sportsvan VII Highline BMT/Start-Stopp,,14999,Ohne Bewertung,99000,,03/2014,Benzin,150,,
Mercedes-Benz,Citan,112 Tourer Sitzheizung PDC Rückfahrkamera,,19990,Fairer Preis,45964,,01/2019,Benzin,114,,
Volkswagen,Caddy,Maxi TSI Behindertengerecht-Rampe,,22950,Ohne Bewertung,113110,,04/2011,Benzin,105,,
Volkswagen,Caddy,1.4 TSI Generation Four SHZ Bi-Xenon Navi,,22950,Erhöhter Preis,75353,,01/2016,Benzin,125,,
Mercedes-Benz,B 220,"B220 4Matic Autom. AHK LED Kamera Leder Navi 17""",,18990,Fairer Preis,90500,,12/2014,Benzin,184,,
Mercedes-Benz,Sprinter,316 CDI Maxi Hoch+Lang*Euro6*Garantie*,,31990,Fairer Preis,108000,,01/2019,Diesel,163,,
Volkswagen,Golf,Sportsvan VII Highline /Pano-Dach/Alcantara,,12480,Sehr guter Preis,115000,,10/2015,Benzin,125,,
Mercedes-Benz,Vito,Mixto 113 CDI extralang 6Sitzer+Standhzg+AH,,17980,Ohne Bewertung,149985,,12/2014,Diesel,136,,
Ford,Transit Custom,TRANSIT CUSTOM KASTEN 340 L2 TREND KLIMA+NAV+ACC,,17980,Guter Preis,96800,,02/2017,Diesel,170,,
Volkswagen,Touran,1.4TSI DSG Sound LED Navi Keyless DCC ACC,,23897,Erhöhter Preis,90000,,03/2017,Benzin,150,,
Volkswagen,Caddy,"Alltrack 1.4TSI DSG AHK Standhzng. SHZ 17""",,25990,Hoher Preis,85200,,09/2016,Benzin,125,,
Volkswagen,Golf,Plus VI Life. Automatik .Garantie .1.HAND,,10999,Ohne Bewertung,110000,,01/2014,Benzin,105,,
Volkswagen,Caddy,1.4 TSI DSG Trendline Einparkhilfe GJR,,19480,Fairer Preis,84875,,08/2016,Benzin,125,,
Volkswagen,Golf Sportsvan,VII Highline BMT/Start-Stopp,,15999,Ohne Bewertung,99665,,01/2015,Benzin,150,,
Volkswagen,Touran,"1.4 TSI PARKLENKASSIST,BIXENON,METALLIC",,15880,Ohne Bewertung,98500,,01/2015,Benzin,140,,
Volkswagen,Sharan,Highline BMT *DSG*7SITZ*LEDER*DCC*PANO*,,16990,Ohne Bewertung,95000,,09/2011,Benzin,150,,
Volkswagen,Caddy,1.0 TSI Trendline Klima Tempomat Bluetooth,,20490,Fairer Preis,52899,,09/2020,Benzin,102,,
Volkswagen,Touran,1.4 TSI 7-Sitzer Navi LED AHK schwenkbar,,18990,Fairer Preis,114733,,12/2015,Benzin,150,,
Volkswagen,Caddy,Comfort- Behindertengerecht-Rampe-,,19900,Ohne Bewertung,73800,,12/2011,Benzin,86,,
Volkswagen,Caddy,1.0 TSI Navi Sitzheizung Tempomat Klima,,20990,Fairer Preis,87104,,03/2017,Benzin,102,,
Citroën,Berlingo,"-1,6 Behindertengerecht-Rampe-",,18900,Ohne Bewertung,60000,,04/2013,Benzin,98,,
Volkswagen,Golf,Sportsvan VII Allstar 1.4*AHK*Automatik*PDC,,13500,Guter Preis,118617,,09/2016,Benzin,125,,
Volkswagen,Touran,1.2 TSI Trendline Tempomat PDC Klimaaut.,,16990,Erhöhter Preis,84979,,11/2015,Benzin,110,,
Opel,Zafira Tourer,C 1.4 Turbo Automatik (7xSITZER),,17950,Fairer Preis,83066,,10/2017,Benzin,140,,
Volkswagen,T5 Multivan,Atlantis/I.HD/114TKM/KLIMATRON/BETT/,,21990,Ohne Bewertung,113898,,01/2008,Diesel,131,,
Volkswagen,Golf Sportsvan,1.4 TSI DSG ALLSTAR+AHK+XENON+NAV,,16745,Erhöhter Preis,97500,,03/2016,Benzin,125,,
Volkswagen,Golf,VII Sportsvan Sound BMT/Start-Stopp,,13890,Sehr guter Preis,81000,,08/2017,Benzin,110,,
Volkswagen,Caddy,Maxi Life Team Behindertengerecht-Rampe,,21950,Ohne Bewertung,81043,,08/2010,Benzin,102,,
Volkswagen,Caddy,"1.4 TSI Comfortline, AHK, Parklenk, Climat",,20995,Fairer Preis,102900,,06/2017,Benzin,125,,
Volkswagen,Golf,Sportsvan1.4TSI Comfortline BMT*DSG*AHK*SHZ,,14499,Fairer Preis,98261,,03/2016,Benzin,125,,
Volkswagen,Touran,Comfortline BMT *7-Sitzer*NAVI*SHZ*LED*,,19990,Sehr guter Preis,71691,,11/2015,Benzin,150,,
Volkswagen,Touran,Sound BMT 7*Sitzer*AHK*LED-Scheinwerfer,,20900,Guter Preis,95990,,08/2017,Benzin,150,,
Volkswagen,Caddy,1.0 TSI Trendline,,18550,Fairer Preis,53500,,09/2020,Benzin,102,,
Volkswagen,T6 Transporter,T6 Multivan *Generation Six*AHK*Navi,,33990,Fairer Preis,120000,,06/2016,Diesel,204,,
Volkswagen,Caddy,DSG Maxi Behindertengerecht-Rampe,,35900,Ohne Bewertung,71000,,03/2017,Diesel,150,,
Volkswagen,Caddy,1.4 TSI Highline Bi-Xenon beh. WSS Alcanta,,21950,Fairer Preis,74057,,09/2016,Benzin,125,,
Volkswagen,Touran,Highline 7 Sitze BiXenon Rkam Navi AHK,,14800,Ohne Bewertung,104000,,12/2013,Benzin,170,,
Volkswagen,Touran,1.4 TSI Sound LED Panorama Standheizung,,24990,Erhöhter Preis,89986,,08/2017,Benzin,150,,
Volkswagen,Golf Sportsvan,1.4TSI DSG AHK Navi PDC 1Hd*,,14950,Ohne Bewertung,104000,,08/2014,Benzin,150,,
Volkswagen,Touran,1.4 TSI 7-Sitzer AHK Sitzheizung Navi ACC,,20990,Fairer Preis,99449,,09/2017,Benzin,150,,
Volkswagen,Golf Sportsvan,VII Comfortline BMT/Start-Stopp,,14999,Ohne Bewertung,87900,,09/2014,Benzin,125,,
Volkswagen,Caddy,Maxi 1.2 TSI Behindertengerecht-Rampe,,19950,Ohne Bewertung,115682,,01/2011,Benzin,105,,
Volkswagen,Golf Sportsvan,1.4 TSI Highline DSG Xenon Standh,,14890,Ohne Bewertung,89700,,10/2014,Benzin,150,,
Volkswagen,Touran,"1.4 TSI CUP OPENSKY 7-SITZ,XENON,PANORAMA",,14907,Ohne Bewertung,107000,,05/2014,Benzin,140,,
Volkswagen,Touran,1.5 TSI Highline AHK|Navi|LED|CAM|,,25550,Guter Preis,53357,,09/2019,Benzin,150,,
Volkswagen,Touran,Cup TGI *Erdgas (CNG)/Benzin*7.Sitzer*,,14900,Ohne Bewertung,102600,,01/2015,Benzin,150,,
Volkswagen,Golf,"Sportsvan VII Highline 1,4 TSI DSG 110kw",,13990,Ohne Bewertung,105000,,11/2014,Benzin,150,,
Volkswagen,Caddy,4- Behindertengerecht-Rampe,,24900,Ohne Bewertung,74500,,10/2016,Benzin,105,,
Volkswagen,Sharan,7-Sitzer*Rate 218 Euro ohne Anzahlung mö,,16490,Ohne Bewertung,115985,,01/2015,Benzin,150,,
Volkswagen,Touran,"Comfortline BMT/Start-Stopp ""1 HAND-NAVI""",,16990,Guter Preis,106000,,07/2016,Benzin,150,,
Volkswagen,Touran,1.4 TSI Highline LED NAVI AHK ACC SHZ PDC,,17999,Fairer Preis,114098,,05/2016,Benzin,150,,
Volkswagen,Caddy,"1,2 TSI Rollstuhlgerecht",,19980,Ohne Bewertung,64400,,07/2013,Benzin,86,,
Volkswagen,Caddy,Maxi Behindertengerecht-Rampe,,21900,Ohne Bewertung,87000,,12/2009,Benzin,102,,
Volkswagen,Golf,Sportsvan VII Sound BMT/Start-Stopp DSG,,15950,Guter Preis,87911,,04/2017,Benzin,125,,
Volkswagen,Caddy,Kombi Soccer Behindertengerecht Rampe,,22450,Ohne Bewertung,86000,,11/2014,Benzin,86,,
Mercedes-Benz,B 220,4MATIC|AMG LINE|LED|NAVI|PANO|AHK,,19990,Guter Preis,116612,,07/2015,Benzin,184,,
BMW,218 Gran Tourer,iA 7-SITZER+SPORT+NAVI+LED+SHZ+,,16900,Guter Preis,88750,,09/2015,Benzin,136,,
Volkswagen,Golf,Sportsvan VII Allstar 1 Hand. RFK. Sitzh.,,13990,Guter Preis,91900,,04/2016,Benzin,110,,
Volkswagen,Touran,1.5 TSI OPF DSG ACTIVE *CarPlay*PDC*SHZ*,,27980,Fairer Preis,89992,,11/2022,Benzin,150,,
Volkswagen,Touran,*Comfortline*ALLSTAR*PDC-ACC-PANO-7 SZ.,,21360,Fairer Preis,70704,,07/2016,Benzin,150,,
Volkswagen,Touran,1.4 TSI Sound Navi LED AHK Spurhalte ACC,,23490,Fairer Preis,89523,,12/2017,Benzin,150,,
Volkswagen,Caddy,Comfortline 1.4 TSi BMT KLIMA+XENON+SHZ,,19490,Guter Preis,90000,,08/2017,Benzin,125,,
Volkswagen,Golf,VII Sportsvan Comfortline Navi BlueMotionTe,,15990,Fairer Preis,106505,,04/2017,Benzin,125,,
Volkswagen,Touran,1.8TSI 179PS DSG Highline Pano LED,,23749,Guter Preis,72693,,11/2016,Benzin,179,,
Volkswagen,Touran,1.4 TSI DSG Comfortline 7-Sitzer Navi PDC,,21990,Erhöhter Preis,112827,,07/2017,Benzin,150,,
Mercedes-Benz,B 200,B200 Urban LED Navi Tempomat Sitzheizung PDC,,17990,Ohne Bewertung,79056,,03/2015,Benzin,156,,
Volkswagen,Sharan,2.0 TDI 4Motion Highline AHK/STAND-HZ/PAN,,30679,Fairer Preis,99729,,03/2019,Diesel,150,,
Volkswagen,Golf,Sportsvan VII 1.4TSI*NUR 84TKM*AUTOMATIK,,15990,Guter Preis,84000,,10/2016,Benzin,150,,
Volkswagen,Golf,"Sportsvan 1,4TSI CD,Front Assist,Tempom,1.H",,13700,Fairer Preis,88700,,04/2015,Benzin,125,,
Volkswagen,Caddy,Trendline 1.4TSI Climatronic Navi PDC,,20099,Fairer Preis,111800,,06/2017,Benzin,125,,
Volkswagen,T6 Caravelle,2.0 TDI Highline lang /Navi/Leder/,,34989,Fairer Preis,94000,,01/2017,Diesel,204,,
Volkswagen,Golf Sportsvan,Golf VII Sportsvan 1.4 TSI Allstar Bi-Xenon AHK,,16950,Erhöhter Preis,79874,,06/2016,Benzin,125,,
Volkswagen,Sharan,1.4 TSI Highline BM Aut.*NAVI*XENON*PDC*,,19130,Ohne Bewertung,89370,,07/2014,Benzin,150,,
Volkswagen,Golf Sportsvan,Golf VII Sportsvan 1.4 TSI Highline Navi ACC PDC,,16990,Fairer Preis,92193,,02/2017,Benzin,150,,
Volkswagen,Caddy,Kasten/Kombi Trendline BMT,,12800,Guter Preis,130500,,06/2015,Diesel,102,,
Volkswagen,T5 Transporter,Kasten-Kombi,,23788,Ohne Bewertung,96708,,11/2012,Benzin,116,,
Volkswagen,Golf Sportsvan,1.4 TSI Highline XEN|ACC|AHK|PANO,,15590,Ohne Bewertung,76569,,01/2015,Benzin,150,,
Mercedes-Benz,B 200,Navi Klimaa. Parkass.,,16999,Ohne Bewertung,78100,,05/2014,Benzin,156,,
Volkswagen,Caddy,1.4 TSI Trendline*NAVI*BI-XENON*KLIMA*,,18480,Guter Preis,80904,,03/2017,Benzin,125,,
Volkswagen,T5 Transporter,Kasten 2.0 +AHK+LEDER+93.200KM+,,14770,Ohne Bewertung,93200,,10/2011,Benzin,116,,
BMW,218 Gran Tourer,218i Gran Tourer Advantage LED Navi 7-Sitzer PDC,,20990,Erhöhter Preis,89680,,07/2017,Benzin,136,,
Volkswagen,Sharan,1.4 TSI DSG Comfortline Navi GRA PDC SHZ,,19830,Ohne Bewertung,87155,,03/2015,Benzin,150,,
Mercedes-Benz,Sprinter,314 CDI Kasten Maxi Standhzg 7G-Tronic,,26775,Guter Preis,60593,,03/2018,Diesel,143,,
Volkswagen,Touran,1.4 TSI NAVI 16 ACC,,20950,Erhöhter Preis,78000,,08/2017,Benzin,150,,
Volkswagen,Sharan,Comfortline / 7 Sitze / Navi / Tempomat,,19890,Ohne Bewertung,100000,,03/2013,Diesel,140,,
Volkswagen,Caddy Maxi,"2,0TDI DSG FLÜGELTÜREN,NAV,KLIMA,PDC,",,21490,Ohne Bewertung,84965,,10/2020,Diesel,102,,
Volkswagen,Caddy,Maxi-DSG-Behindertengerecht-Rampe-1.Hand,,24900,Ohne Bewertung,98000,,07/2012,Diesel,102,,
BMW,220,i Grand Tourer 192PS Sport Line Pano Head-Up,,20999,Guter Preis,69999,,12/2015,Benzin,192,,
BMW,220 Gran Tourer,220i Gran Tourer 192 PS Sport Line Pano Navi HUD,,20999,Guter Preis,69999,,12/2015,Benzin,192,,
Volkswagen,Caddy,Maxi Behindertengerecht-Rampe,,35900,Ohne Bewertung,56000,,04/2018,Benzin,125,,
Volkswagen,Touran,1.4 TSI DSG Comfortline Comfortline,,20999,Fairer Preis,95000,,01/2016,Benzin,150,,
Volkswagen,Golf,Sportsvan 1.H Allstar PDC Sitzh FrontAssist,,13400,Guter Preis,93000,,06/2016,Benzin,125,,
Volkswagen,Golf,Sportsvan VII*R-LINE*PANO*DSG*RFK*AHK*SHZ*,,16980,Ohne Bewertung,103000,,12/2014,Diesel,150,,
Volkswagen,Sharan,"Highline 2,0 TSI DSG STANDHZ PANO AHK LED",,22990,Ohne Bewertung,115780,,04/2014,Benzin,200,,
Volkswagen,Caddy,"1,6-Behindertengerecht-Rampe-Absenkung",,18900,Ohne Bewertung,98000,,10/2009,Benzin,102,,
Volkswagen,Sharan,Cup,,18990,Erhöhter Preis,99500,,05/2015,Benzin,200,,
Volkswagen,T6 Multivan,2.0 TDI Comfortline *Aktionspreis,,37699,Sehr guter Preis,95748,,11/2017,Diesel,150,,
Mercedes-Benz,B 200,*2.HD/AUTOMATIK/RFK/NAVI/BI-XENON/LED/AHK*,,14900,Ohne Bewertung,96600,,08/2013,Benzin,156,,
Volkswagen,Caddy,Kombi Soccer Trendline |EASY RAMPE|KLIMA|,,19990,Ohne Bewertung,93845,,09/2014,Benzin,105,,
Ford,C-Max,C-MAX TITANIUM KLIMA+NAV+XENON+SONY+ALLWETT+TÜV+,,10890,Erhöhter Preis,116600,,01/2016,Benzin,125,,
Volkswagen,Golf Sportsvan,1.4 TSI Bi-Xenon SHZ Tempomat PDC,,13990,Ohne Bewertung,104845,,03/2015,Benzin,125,,
Volkswagen,Touran,1.4 TSI Sound DSG LED Navi AHK 7-Sitzer,,24950,Fairer Preis,77752,,09/2017,Benzin,150,,
Mercedes-Benz,B 180,B -Klasse B 180 BlueEfficiency 1 Hand Automatik,,14999,Ohne Bewertung,100000,,06/2014,Benzin,122,,
Volkswagen,Golf,Sportsvan VII Lounge BMT/Start-Stopp/DSG,,13600,Fairer Preis,99600,,01/2016,Benzin,110,,
BMW,220 Active Tourer,220i Active Tourer Sport Line  +1.Hand +GARANTIE,,14790,Ohne Bewertung,99993,,12/2014,Benzin,192,,
Mercedes-Benz,B 180,*2.HAND/AUTO/NAVI/TEMPO/XENON/PDC/AHK*,,16900,Fairer Preis,98900,,05/2016,Benzin,122,,
Volkswagen,Touran,Sound BMT/Start-Stopp 7-Sitzer LED ACC,,21990,Fairer Preis,97851,,06/2018,Benzin,150,,
Mercedes-Benz,B 200,B-Klasse B 200 Automatik & Rückfahrkamera & Navi,,14999,Ohne Bewertung,89330,,06/2013,Benzin,156,,
Volkswagen,Touran,Match*Automatik*7.Sitze*2.Hand*SHZ*Temp.*,,19001,Ohne Bewertung,63000,,08/2012,Benzin,140,,
Volkswagen,Caddy,2.0 TDI Behindertengerecht-Rampe,,23950,Ohne Bewertung,80424,,02/2014,Diesel,140,,
Volkswagen,Touran,"Comf. BMT/St.-St.,1.H,LED,AHK,HU-NEU,ACC",,15600,Fairer Preis,108890,,06/2016,Benzin,150,,
Volkswagen,Caddy,1.4 TSI Highline DSG Navi ACC PDC Bi-Xenon,,22950,Fairer Preis,89968,,06/2018,Benzin,125,,
Volkswagen,T6 Transporter,T6 Kasten Mittelhochdach Sitzheizung Klima PDC,,17990,Sehr guter Preis,97401,,11/2017,Benzin,150,,
BMW,218 Gran Tourer,218i Gran Tourer Sport Line Navi Klima PDC AHK S,,16930,Fairer Preis,93303,,10/2016,Benzin,136,,
Ford,Grand Tourneo,-Behindertengerecht-Rampe-Titanium,,28900,Ohne Bewertung,123000,,07/2016,Diesel,120,,
Volkswagen,Touran,1.4 TSI Comfortline 7-Sitzer*AHK*ACC*NAV*,,21990,Erhöhter Preis,87577,,04/2016,Benzin,150,,
Renault,Scenic,III BOSE Edition NAVI*CAM*PDC*SHZ*TOTWINK,,12990,Ohne Bewertung,73000,,02/2015,Benzin,140,,
Mercedes-Benz,B 200,AUTOMATIK+NAVI+LED+AKTIVPARK+ALLWETTER+ALU,,18980,Erhöhter Preis,142600,,09/2018,Diesel,136,,
Volkswagen,Touran,1.4 TSI DSG Comfortl.*7-Sitzer NAVI*SHZ*,,17990,Sehr guter Preis,106534,,09/2017,Benzin,150,,
Volkswagen,Sharan,1.4 TSI DSG Comfortline *1.HAND*NAVI*,,17980,Ohne Bewertung,107150,,03/2014,Benzin,150,,
Volkswagen,Golf,Sportsvan VII Lounge BMT/Start-Stopp,,12350,Guter Preis,85111,,06/2015,Benzin,110,,
Mercedes-Benz,B 250,"""1 HAND-KLIMA-MULTI-PDC-ALU-TÜV NEU""",,14790,Ohne Bewertung,99000,,11/2012,Benzin,211,,
Volkswagen,Touran,1.4 TSI DSG *Kamera/7-Sitz/Navi*,,19990,Guter Preis,101500,,02/2016,Benzin,150,,
Volkswagen,Golf Sportsvan,"VII Highline Alcantara,Navi,Xenon",,13100,Ohne Bewertung,101750,,07/2014,Benzin,150,,
Mercedes-Benz,B 200,B200 Urban LED AHK Navi Sitzheizung Einparkhilfe,,17990,Ohne Bewertung,71558,,02/2015,Benzin,156,,
Volkswagen,Golf,Sportsvan VII Trendline BMT/Start-Stopp/SHZ,,11990,Sehr guter Preis,100000,,08/2015,Benzin,110,,
Volkswagen,Golf,Sportsvan VII Allstar *DSG*Navi*Kamera*PDC*,,13490,Guter Preis,81112,,05/2016,Benzin,110,,
Volkswagen,Golf,Sportsvan Comfortline 1.2 TSI,,11880,Fairer Preis,97842,,07/2015,Benzin,110,,
Volkswagen,Touran,1.4 TSI R-Line LED Navi ACC Tempomat PDC,,21990,Erhöhter Preis,101780,,08/2018,Benzin,150,,
Volkswagen,Sharan,1.4 TSI DSG Navi 7-Sitzer Sitzheizung AHK,,24990,Fairer Preis,105428,,06/2018,Benzin,150,,
Volkswagen,Touran,Allstar BMT/1.Hand/7-Sitze/ACC/LED/Massag,,16990,Erhöhter Preis,155000,,10/2016,Benzin,150,,
Volkswagen,T6 Transporter,Mixto 5 Sitzer Klima AHK,,24990,Sehr guter Preis,89000,,11/2015,Diesel,102,,
Volkswagen,Caddy,Maxi 1.6 TDI Behindertengerecht-Rampe,,24950,Ohne Bewertung,111214,,02/2015,Diesel,102,,
Volkswagen,Golf,Plus VI Style DSG Klima Navi SHZ Tempomat!,,8990,Ohne Bewertung,99419,,01/2012,Benzin,122,,
Volkswagen,Sharan,Highline BlueMotion Technology,,22530,Fairer Preis,103611,,02/2016,Diesel,184,,
Volkswagen,Caddy,-DSG-Behindertengerecht-Rampe,,24900,Ohne Bewertung,107000,,01/2012,Diesel,102,,
Volkswagen,Touran,Sound ACC 7-Sitzer AHK,,19900,Guter Preis,74200,,08/2017,Benzin,150,,
Mercedes-Benz,B 250,CGI 7G-DCT LEDER-NAVI-LED-RKAM-KEYLESS GO,,16990,Guter Preis,75900,,08/2015,Benzin,211,,
Volkswagen,Caddy,-DSG-Behindertengerecht-Rampe-,,22900,Ohne Bewertung,116000,,03/2013,Diesel,102,,
Volkswagen,Caddy,1.4 TSIT Family Navi Sitzheizung Tempomat,,24490,Fairer Preis,73601,,10/2017,Benzin,125,,
Volkswagen,Golf,Plus 1.4 DSG Match/Navi/Xenon/1.Hand,,12199,Ohne Bewertung,104000,,12/2012,Benzin,122,,
Ford,Transit Custom,Transit*Custom*Kasten*300*L1*H2*Hochdach*Sortimo,,22900,Ohne Bewertung,84931,,01/2019,Diesel,105,,
Mercedes-Benz,B 200,B200 AUTOMATIK|NAVI|LED|SITZHEIZUNG|EINPARKHILFE,,17990,Fairer Preis,94000,,04/2017,Benzin,156,,
Volkswagen,Golf Sportsvan,VII 1.2 BM -Autom.-Klima-2.Hand-,,12885,Ohne Bewertung,103000,,10/2014,Benzin,110,,
Volkswagen,Golf Sportsvan,1.5 TSI DSG BlueMotion Highline,,18500,Fairer Preis,94140,,04/2018,Benzin,131,,
Volkswagen,Golf Sportsvan,1.4 TSI DSG Allstar NAVI AHK REAR,,14990,Fairer Preis,108000,,08/2016,Benzin,125,,
BMW,220 Gran Tourer,220i Gran Tourer M Sport Sport-Aut. + GARANTIE,,23190,Fairer Preis,66003,,04/2016,Benzin,192,,
Volkswagen,Golf Sportsvan,Highline*NAVI*AHK*PDC*SHZ*,,12998,Ohne Bewertung,85998,,09/2014,Benzin,125,,
Volkswagen,Touran,Highline BMT+Alcantara+Kamera+CarPlay+ACC,,21980,Fairer Preis,71450,,09/2017,Benzin,150,,
Volkswagen,Touran,1.4 TSI Join 7-SITZER AHK SHZ NAVI KAMERA,,23950,Erhöhter Preis,82000,,06/2018,Benzin,150,,
Volkswagen,Sharan,Comfortline 2.0 TDI*DSG*Bi-Xenon*7 Sitzer,,18490,Sehr guter Preis,95000,,05/2015,Diesel,140,,
Volkswagen,Touran,1.4 TSI Sound NAVI+SHZ+AHK,,16790,Guter Preis,99013,,10/2017,Benzin,150,,
Volkswagen,Caddy Maxi,Behindertengerecht-Rampe,,19900,Ohne Bewertung,115000,,10/2009,Benzin,102,,
Volkswagen,Crafter,Kombi 30 L2H2 HOCH+LANG *6-SITZE-KLIMA*,,17990,Ohne Bewertung,86932,,02/2014,Diesel,109,,
BMW,220 Gran Tourer,"i 7 SITZE PANO,HUD,KEYLESS,AHK",,22880,Fairer Preis,94000,,04/2018,Benzin,192,,
Volkswagen,Touran,1.2 TSI Trendline *AHK*Klimaanlage*Color*,,12930,Erhöhter Preis,98575,,04/2015,Benzin,105,,
Volkswagen,Golf Sportsvan,VII*ALLSTAR*ACC-PDC V+H-PANO-SHZ,,14470,Fairer Preis,96859,,09/2016,Benzin,110,,
BMW,220 Active Tourer,i Advantage *1.H *AHK*Navi*PDC,,16900,Fairer Preis,90000,,02/2017,Benzin,192,,
Volkswagen,Caddy,1.4 TSI 6 Gang 7 SITZE KLIMA PDC,,22890,Hoher Preis,95888,,12/2016,Benzin,125,,
Volkswagen,Golf,Sportsvan VII Sound BMT,,14970,Fairer Preis,77632,,04/2017,Benzin,110,,
BMW,220 Active Tourer,225iA M-SPORT+NAVI+PANO+BT+AHK,,19900,Sehr guter Preis,65500,,10/2015,Benzin,231,,
BMW,225 Active Tourer,iA M-SPORT+NAVI+PANO+LED+AHK+,,19900,Fairer Preis,65500,,10/2015,Benzin,231,,
Volkswagen,Touran,*1.4 TSI*DSG*7-Sitze*ACC*Navi*PDC*APP*SHZ*,,19999,Sehr guter Preis,99200,,08/2018,Benzin,150,,
Volkswagen,Caddy,1.4 TSI DSG Klima Sitzheizung Tempomat,,20950,Fairer Preis,73719,,11/2017,Benzin,125,,
Volkswagen,Golf,Sportsvan VII Comfortline BMT/Start-Stopp,,11999,Ohne Bewertung,104668,,09/2014,Benzin,150,,
Volkswagen,Golf,Sportsvan VII Highline BMT/AHK/Dynaudio/SHZ,,13990,Fairer Preis,115707,,12/2015,Benzin,150,,
Volkswagen,Golf Sportsvan,1.4 TSI DSG Allwetter PDC Navi SH,,13990,Fairer Preis,78532,,04/2015,Benzin,125,,
Volkswagen,Sharan,CUP 1.4 TSI BMT DSG*7 Sitze*NAVI*RFK,,17890,Ohne Bewertung,112000,,07/2014,Benzin,150,,
Volkswagen,Golf Sportsvan,1.2 TSI AHK Allwetter SHZ PDC Tem,,13990,Fairer Preis,79492,,06/2015,Benzin,110,,
Volkswagen,Golf Sportsvan,1.4 TSI #Comfortline #AHK #Tempom,,13990,Fairer Preis,94485,,06/2016,Benzin,125,,
Volkswagen,Touran,CrossTouran*SHZ*AHK*PDC*,,12998,Ohne Bewertung,109998,,04/2013,Benzin,140,,
Mercedes-Benz,B 200,7G-DCT  SHZ StandH Rü-Ka Xenon Spur-Paket,,15950,Ohne Bewertung,73150,,09/2013,Benzin,156,,
BMW,220 Gran Tourer,220i Gran Tourer Advantage LED Navi ACC Head-Up,,22950,Erhöhter Preis,79105,,11/2017,Benzin,192,,
Volkswagen,Sharan,BMT/Start-Stopp*Automatik*7 Sitzen*,,21800,Fairer Preis,114000,,05/2018,Benzin,150,,
Volkswagen,Touran,TSI BMT PDC TEMPOMAT SITZHEIZUNG 7SITZE,,16550,Fairer Preis,119000,,09/2016,Benzin,110,,
Mercedes-Benz,B 200,Urban|LED|NAVI|SHZ|LEDER|KAMERA,,17990,Ohne Bewertung,67498,,01/2015,Benzin,156,,
Volkswagen,T6 Transporter,T6 Multivan Gen Six/LED/AHK/Standh./Leder,,33999,Guter Preis,124000,,07/2017,Diesel,204,,
Volkswagen,Sharan,"1.4 TSI BMT Highline, 7-Sitzer, DSG, Navi",,26950,Fairer Preis,79500,,01/2018,Benzin,150,,
BMW,220 Gran Tourer,"*Advantage*LED-HIFI-R.KAM-SHZ-17""",,19970,Fairer Preis,97162,,03/2018,Benzin,192,,
Volkswagen,Caddy,Maxi 1.6 TDI Behindertengerecht-Rampe,,21950,Ohne Bewertung,106221,,05/2011,Diesel,102,,
Ford,Transit,"Kasten 350 L2 H3 ab 89€ mtl. finanz3,9%",,20780,Guter Preis,105490,,06/2017,Diesel,131,,
Volkswagen,Golf,Plus VI*Automatik*1.Hand*SHZ*Temp.*PDC*VW,,10490,Ohne Bewertung,75500,,03/2011,Benzin,122,,
Volkswagen,Caddy,2.0 TDI Behindertengerecht-Rampe,,24950,Ohne Bewertung,107141,,03/2016,Diesel,102,,
Volkswagen,Touran,Comfortline BMT/Start-Stopp,,21470,Guter Preis,76500,,01/2016,Benzin,150,,
Volkswagen,Sharan,1.4 TSI Comfortline DSG+MAL+EPH+MFA+USB+,,25450,Fairer Preis,78307,,04/2018,Benzin,150,,
Volkswagen,Caddy,Kombi 2.0 Soccer Trendline,,16990,Ohne Bewertung,99454,,06/2014,Diesel,140,,
Volkswagen,Caddy,Maxi Highline DSG Behindertengerecht-Rampe,,39900,Ohne Bewertung,69000,,09/2017,Benzin,125,,
Volkswagen,Touran,1.4 TSI Comfortline DSG 7Sitz LED Nav PDC,,23880,Fairer Preis,81320,,08/2018,Benzin,150,,
Volkswagen,Touran,Comfortline1.4 DSG-PANO-NAVI-BT-KLIMA-SHZ,,19991,Sehr guter Preis,98112,,10/2018,Benzin,150,,
Volkswagen,Caddy Maxi,"Highline DSG BMT 7.SITZER*1,4TSI-92KW",,24390,Ohne Bewertung,80129,,07/2018,Benzin,125,,
Volkswagen,Golf,Sportsvan VII Lounge BMT/Standheizung/1-H.,,11990,Sehr guter Preis,90000,,06/2015,Benzin,110,,
Mercedes-Benz,B 200,", AUTOMATIK, LED SCHEINWERFER, R-KAMERA",,15990,Fairer Preis,77000,,09/2015,Benzin,156,,
Volkswagen,Golf Sportsvan,1.4 TSI DSG Sound NAVI AHK PDC AC,,15490,Fairer Preis,87350,,05/2017,Benzin,125,,
Volkswagen,Touran,1.4 TSI DSG Highline BMT*NAVI*LED*,,19290,Fairer Preis,100000,,09/2016,Benzin,150,,
Volkswagen,Golf,Sportsvan VII Highline DSG Vollausstattung,,16490,Fairer Preis,97066,,07/2015,Diesel,150,,
Volkswagen,Golf Sportsvan,1.4TSI DSG Highline Leder AHK Xen,,19797,Fairer Preis,69800,,07/2017,Benzin,125,,
Volkswagen,Caddy,-Maxi-Behindertengerecht-Rampe-,,19900,Ohne Bewertung,103000,,06/2011,Diesel,102,,
Volkswagen,Touran,2.0TDI DSG Highline+LED+KAMERA+ACC+PDC,,26900,Fairer Preis,45263,,03/2019,Diesel,190,,
Mercedes-Benz,B 180,Sport Paket|AHK|NAVI|SHZ|TEMP.|MFL|Bi-XENO,,13990,Ohne Bewertung,84050,,12/2013,Benzin,122,,
Volkswagen,Golf,Sportsvan VII Sound 1.HAND DSG ACC,,13990,Sehr guter Preis,96300,,04/2017,Benzin,125,,
BMW,218 Active Tourer,i Advantage*LED*PDC*Sitzheizun,,16850,Fairer Preis,85022,,03/2017,Benzin,136,,
Volkswagen,Caddy,TDI 90KW*DSG*KLIMAAUT*AHK*FLÜGELT.*LED,,24980,Fairer Preis,120000,,12/2021,Diesel,122,,
Volkswagen,Caddy,1.2 TSI Highline Behindertengerecht -Rampe,,19850,Ohne Bewertung,79173,,07/2012,Benzin,105,,
Volkswagen,Caddy,*Alltrack* Bi-Xenon* AHK* Service Neu* ACC,,21899,Fairer Preis,110000,,04/2016,Diesel,150,,
Volkswagen,Caddy,Maxi-Team Edition-Behindertengerecht-Rampe,,23900,Ohne Bewertung,137000,,05/2015,Benzin,105,,
Mercedes-Benz,B 200,AMG Line*LED*NAVI*LEDER*TWA*MEMORY*GARANTI,,17999,Fairer Preis,110000,,04/2017,Benzin,156,,
Volkswagen,T6 Transporter,2.0 TDI lang Werkstatt Klima,,18998,Fairer Preis,98000,,03/2016,Diesel,84,,
Volkswagen,Touran,1.4 TSI Comfortline,,18890,Fairer Preis,103715,,07/2016,Benzin,150,,
Volkswagen,Golf,",ACC,Xenon",,19130,Guter Preis,79193,,08/2018,Benzin,150,,
Volkswagen,Golf,Sportsvan VII 1.4 TSI LOUNGE*MFL*LED*SHZ*PD,,11990,Guter Preis,109433,,12/2015,Benzin,125,,
Volkswagen,Caddy,TDI DSG Behindertengerecht- Ladeboy/Kran,,21950,Ohne Bewertung,71555,,09/2013,Diesel,102,,
Volkswagen,Golf,Sportsvan VII Allstar*Winterpaket*Navi*Temp,,12990,Fairer Preis,99890,,03/2017,Benzin,110,,
Volkswagen,Touran,1.4 TSI Highline/ AHK / Winterp.,,17490,Erhöhter Preis,100850,,01/2016,Benzin,150,,
Ford,S-Max,*TITAN*PANO*BI-XEN*KAMER*NAVI*KEY-FREE*SHZ,,10990,Ohne Bewertung,130421,,05/2013,Benzin,160,,
Mercedes-Benz,B 180,Sport 7G-DCT SHZ PTS Bi-Xenon Klima,,16950,Ohne Bewertung,67400,,03/2014,Benzin,122,,
BMW,218 Active Tourer,218i Active Tourer Advantage LED Navi Klimaaut.,,16950,Fairer Preis,79579,,12/2016,Benzin,136,,
Volkswagen,Touran,1.8 TSI DSG Highline 17 AHK PANO STAND,,24980,Guter Preis,75465,,04/2018,Benzin,179,,
Mercedes-Benz,Vito,Tourer Extralang 113 Aut. *2x KLIMA* 4296,,19990,Ohne Bewertung,102050,,12/2012,Diesel,136,,
Mercedes-Benz,B 200,,,17890,Ohne Bewertung,99900,,02/2014,Benzin,156,,
Volkswagen,Golf Sportsvan,VII 1.5TSI DSG United+NAVI+AHK,,22900,Fairer Preis,39634,,07/2020,Benzin,150,,
Volkswagen,Touran,1.5 TSI R-Line DSG *AHK*SHZ*NAV*LED*ACC*,,20990,Fairer Preis,120326,,01/2018,Benzin,150,,
Volkswagen,Golf,Sportsvan  1.2 TSI BMT Sound,,15400,Guter Preis,81100,,08/2017,Benzin,110,,
Volkswagen,Sharan,1.4 TSI Comfortline 7-Sitzer Bi-Xenon PDC,,27950,Fairer Preis,85548,,04/2018,Benzin,150,,
Volkswagen,Golf Sportsvan,1.4TSI DSG Highline XENON AHK,,15900,Ohne Bewertung,96946,,12/2014,Benzin,150,,
BMW,218 Active Tourer,i M-Sport*LED*Sitzheizung*Temp,,18890,Fairer Preis,73950,,03/2017,Benzin,136,,
Volkswagen,Caddy,CrossCaddy*59.898km*TÜV Neu*Scheckheft PDC,,16999,Ohne Bewertung,59899,,11/2013,Benzin,105,,
Volkswagen,Touran,1.4 TSI DSG Comfortline NAVI SHZ PDC,,20690,Fairer Preis,64000,,02/2017,Benzin,150,,
Volkswagen,Caddy,Edition 30 DSG Rollstuhlgerecht-Rampe,,28950,Ohne Bewertung,101612,,11/2012,Diesel,170,,
Volkswagen,Sharan,TSI DSG Life 7-Sitzer/Xenon/Pano/SHZ/PDC,,17990,Ohne Bewertung,111500,,08/2013,Benzin,200,,
Volkswagen,Golf Sportsvan,VII Sound 1.4 TSI DSG Navigation,,14844,Guter Preis,94550,,05/2017,Benzin,125,,
Volkswagen,Touran,Comfortline BMT/Start-Stopp7 Sitzer,,20980,Fairer Preis,84710,,12/2016,Benzin,150,,
Volkswagen,Golf,Sportsvan VII Highline/MwSt Auweisbar,,14200,Guter Preis,122000,,10/2015,Benzin,150,,
Volkswagen,Touran,Join Start-Stopp,,19399,Sehr guter Preis,109973,,07/2018,Benzin,150,,
Mercedes-Benz,Viano,2.2 CDI lang ATG 4Sitz *AHK*STHZ*SHZ*PDC*,,24990,Ohne Bewertung,99989,,04/2012,Diesel,163,,
Volkswagen,Caddy,-Maxi-DSG-Behindertengerecht-Rampe-STHZ,,28900,Ohne Bewertung,89000,,12/2014,Diesel,102,,
Volkswagen,Touran,1.2 TSI SOUND Navi/AppConn/ACC/Sitzh/PDC,,15250,Sehr guter Preis,96511,,08/2017,Benzin,110,,
Volkswagen,Caddy,Comfortline BMT DAB Tempomat AHK RFK LED,,17990,Guter Preis,94250,,07/2016,Benzin,125,,
Volkswagen,Caddy Maxi,Comfortline BMT*7-SITZE*NAVI*KAMERA*,,20900,Ohne Bewertung,91385,,09/2016,Benzin,125,,
Volkswagen,Golf Sportsvan,1.2 TSI DSG LOUNGE |LM|2xKlima,,12485,Guter Preis,102739,,07/2015,Benzin,110,,
Volkswagen,Caddy Maxi,"Caddy 1,6-Maxi-Behindertengerecht-Rampe-TOP",,22900,Ohne Bewertung,90000,,08/2008,Benzin,102,,
Volkswagen,Golf,Sportsvan VII Lounge BMT/DSG/NAVI/PDC,,15490,Sehr guter Preis,62323,,02/2016,Benzin,150,,
Volkswagen,Touran,1.6 TDI  #Trendline #Navi #Einparkhilfe,,18990,Hoher Preis,84899,,01/2016,Diesel,110,,
Volkswagen,Golf Sportsvan,Golf VII Sportsvan 1.5 TSI Highline LED Navi ACC,,18990,Erhöhter Preis,79989,,05/2018,Benzin,131,,
Volkswagen,Touran,"Comfortline BMT, unfallfrei, AHK",,16990,Fairer Preis,92874,,01/2016,Benzin,150,,
Volkswagen,Touran,1.4 TSI CUP NAVI XENON PANO GRA,,15480,Ohne Bewertung,102222,,03/2014,Benzin,140,,
Volkswagen,Touran,Comfortline  1.4TSI BMT Navi*PDC*ALU*LED,,17950,Guter Preis,95000,,11/2015,Benzin,,,
Volkswagen,Sharan,Highline 1.5TSI 150PS AHK PDC SHZ ALU,,22497,Erhöhter Preis,83500,,02/2017,Benzin,150,,
Mercedes-Benz,B 250,4Matic AMG-LINE *PANORAMA|CAM|LED*,,19990,Fairer Preis,116386,,07/2017,Benzin,211,,
Volkswagen,Caddy,Trendline DSG *Kamera*Tempomat*Navi*AHK ,,21800,Fairer Preis,102500,,02/2019,Benzin,131,,
Volkswagen,Sharan,Comfortline 1.4 AutomatikNavi/KlimaRFK,,19980,Fairer Preis,85000,,04/2016,Benzin,150,,
Volkswagen,Golf,Sportsvan VII Comfortline BMT/Start-Stopp,,12990,Erhöhter Preis,119465,,01/2016,Benzin,125,,
Volkswagen,Golf,Sportsvan VII Highline*Stdhzg.*LED*ACC*LHZ,,19490,Guter Preis,87900,,03/2019,Benzin,150,,
Volkswagen,Caddy,Maxi-DSG-Behindertengerecht-Rampe-140-PS,,28900,Ohne Bewertung,83500,,07/2013,Diesel,140,,
Volkswagen,Caddy,1.4 TSI DSG Maxi Highline AHK+RFK+SHZ+NAV,,25490,Fairer Preis,85350,,01/2017,Benzin,125,,
Volkswagen,Caddy Maxi,1.4 TSI DSG Highline AHK+RFK+SHZ+NAV,,25490,Ohne Bewertung,85350,,01/2017,Benzin,125,,
BMW,218,Gran Tourer 218 i AHK*LED*NAVI*AUTOMATIK*,,14950,Fairer Preis,81500,,04/2016,Benzin,136,,
Volkswagen,Touran,Comfortline 1.2TSI PANO NAV PDC SHZ GRA,,18450,Fairer Preis,81881,,04/2016,Benzin,110,,
Volkswagen,Touran,Join*APP CONECT*SHZ*PDC*7SITZER*,,22990,Guter Preis,90000,,03/2019,Benzin,150,,
Volkswagen,Caddy,Maxi-Behindertengerecht-Rampe-,,24900,Ohne Bewertung,115000,,09/2011,Diesel,102,,
Volkswagen,Touran,Style*7.Sitze*SHZ*Temp.*S-Dach*2.Hand*PDC,,12890,Ohne Bewertung,112000,,05/2012,Benzin,140,,
Volkswagen,T5 Transporter,2.0 TDI AHK PDC,,16500,Ohne Bewertung,107000,,10/2013,Diesel,140,,
Volkswagen,Touran,Sondermodell Join*Scheckheft*Topzustand*E,,20420,Guter Preis,97290,,02/2019,Benzin,150,,
Volkswagen,Golf Sportsvan,Comfortline 1.5 TSI DSG AHK,,17450,Sehr guter Preis,79443,,01/2018,Benzin,131,,
Mercedes-Benz,B 200,7G-DCT Edition B+LED+NAVI+PANO+KAMERA+AHK,,19950,Guter Preis,88725,,04/2018,Benzin,156,,
Volkswagen,Sharan,"Comfortline BMT/Start-Stopp,Tüv bis 02.27",,19800,Guter Preis,98000,,09/2016,Benzin,150,,
Volkswagen,Caddy,"2,0 TDI Trendline DSG NaviTouch RFKam PDCh",,19980,Fairer Preis,98300,,11/2016,Diesel,102,,
Volkswagen,Touran,1.4 TSI  Highline BMT/Start-Stopp,,19990,Erhöhter Preis,111000,,10/2016,Benzin,150,,
Volkswagen,Touran,1.4 DSG Match/7-Sitzer/Klima/SHZ/Tempomat,,16499,Ohne Bewertung,89000,,03/2013,Benzin,140,,
Volkswagen,Touran,Join DSG 7 SITZER+ACC+AHK+LED+NAVI+PDC,,24450,Fairer Preis,75231,,07/2018,Benzin,150,,
Volkswagen,Caddy,"1,4TSI DSG Comfortline *1.Hand*Navi*",,24800,Fairer Preis,93000,,03/2019,Benzin,131,,
Volkswagen,Caddy,Maxi Highline Behindertengerecht-Rampe,,29950,Ohne Bewertung,94599,,04/2014,Diesel,140,,
Volkswagen,Caddy,2.0 109PS EcoFuel Roncalli Klima AHK 1Hand,,13999,Ohne Bewertung,72456,,04/2012,Benzin,109,,
Volkswagen,Golf Sportsvan,Sound 1.2 TSI AHK Standheizung,,15666,Fairer Preis,93200,,12/2017,Benzin,110,,
Volkswagen,Touran,1.4 TSI Highline *1.Hand*Navi*ACC*LED*SHZ,,17999,Fairer Preis,98000,,02/2016,Benzin,150,,
Volkswagen,T5 Transporter,"Kasten-Kombi Kasten 1 Hand, Schh.",,15990,Ohne Bewertung,93200,,02/2013,Diesel,102,,
Volkswagen,Golf,Sportsvan VII Allstar BMT|2.Hd|PDC|SHZ,,14990,Fairer Preis,126334,,09/2016,Benzin,125,,
Volkswagen,Golf Sportsvan,1.4 Highline*DSG*AHK*Kamera*Bi-Xe,,16490,Ohne Bewertung,78900,,07/2014,Benzin,125,,
Volkswagen,Caddy,1.4 TSI DSG Trendline Klima Navi,,20900,Erhöhter Preis,79479,,11/2016,Benzin,125,,
Volkswagen,Touran,Highline BMT/Start-Stopp 1.4 TSI BMT/Star,,22990,Erhöhter Preis,107527,,05/2017,Benzin,150,,
BMW,218 Active Tourer,218i Active Tourer Sport Line*PDC*LED*TEMPO*NAVI,,15500,Guter Preis,72000,,08/2015,Benzin,136,,
Volkswagen,Caddy,DSG Behindertengerecht-AktivFahrer,,29900,Ohne Bewertung,91000,,06/2013,Diesel,102,,
Volkswagen,Golf Sportsvan,"1.5 TSI Join DSG Navi LM 16"" PDC",,16680,Fairer Preis,95950,,05/2018,Benzin,131,,
Mercedes-Benz,B 180,BlueEfficiency PTS RDK SHZ AHK Tempomat,,12950,Ohne Bewertung,91250,,07/2014,Benzin,122,,
Volkswagen,Touran,1.2 TSI ALLSTAR 7 SITZER NAVI PDC APP CON,,18980,Erhöhter Preis,98591,,02/2017,Benzin,110,,
Mercedes-Benz,Vito,Kombi 116 CDI lang Automatik 1.Hand Navi,,16999,Ohne Bewertung,146000,,04/2011,Diesel,163,,
Volkswagen,Touran,1.4 TSI Highline 7- Sitzer Standheizung,,21000,Guter Preis,97500,,01/2017,Benzin,150,,
Volkswagen,Sharan,1.4 TSI Comfort 7-S Scheckheft u-frei Nav,,15999,Ohne Bewertung,93500,,06/2013,Benzin,150,,
Volkswagen,T6 andere,T6 2.0 TDI 8-Sitzer  2 Schiebetüren Std.Hzg.,,24990,Guter Preis,72973,,07/2015,Diesel,84,,
Volkswagen,Caddy,Maxi Highline BMT*SHZ*Kamera*MFL*7 Sitzer,,25480,Sehr guter Preis,76000,,07/2018,Benzin,125,,
Volkswagen,Sharan,Comfortline BMT DSG,,17990,Ohne Bewertung,112500,,08/2012,Benzin,150,,
Mercedes-Benz,B 180,Aut. Style*LED*NAVI*AHK*PDC*,,13900,Ohne Bewertung,82000,,03/2015,Benzin,122,,
Volkswagen,Touran,Comfortline 1.4 TSI BMT AHK+PANO+LED uvm!,,19790,Fairer Preis,87600,,03/2017,Benzin,150,,
Volkswagen,Golf Sportsvan,Highline*R-LINE*LED*AHK,,21990,Erhöhter Preis,84358,,02/2019,Benzin,150,,
Mercedes-Benz,B 200,Klimaa. PTS LMF,,15999,Ohne Bewertung,70300,,05/2012,Benzin,156,,
Mercedes-Benz,B 250,URBAN+AUTOMATIK+AHK+STANDHEIZUNG+NAVI+HARM,,20580,Ohne Bewertung,76325,,01/2015,Benzin,211,,
Volkswagen,Caddy,Trendline NAVI KAMERA 7 SITZER,,16490,Fairer Preis,107341,,09/2015,Benzin,84,,
Volkswagen,Caddy,Kasten Isoliert Klima Sitzheizung AHK,,15998,Ohne Bewertung,77000,,04/2010,Benzin,102,,
Volkswagen,Touran,1.4 TSI DSG SOUND BMT SOUND,,22300,Fairer Preis,98000,,03/2017,Benzin,150,,
Volkswagen,Caddy,Maxi-Behindertengerecht-Rampe-,,24900,Ohne Bewertung,118000,,11/2011,Diesel,102,,
Volkswagen,Touran,1.2 TSI BMT Trendline USB ZV TAGFAHRLICHT,,17499,Fairer Preis,77300,,01/2018,Benzin,110,,
Volkswagen,Golf,Sportsvan VII Highl.1.4TSI 150PS+XENON/PANO,,15450,Guter Preis,77000,,09/2017,Benzin,150,,
Volkswagen,Touran,"1.4 TSI DSG,R-LINE,7-SITZ,PANO,LED,AHK",,22890,Guter Preis,92890,,09/2017,Benzin,150,,
Volkswagen,Sharan,Allstar BMT*AHK*Allwetter*7Sitzer*PDC*Nav,,20950,Guter Preis,110000,,03/2017,Benzin,150,,
Volkswagen,Caddy,2.0 TDI Family DSG Xenon Navi Standheizung,,25490,Fairer Preis,89978,,01/2017,Diesel,150,,
Volkswagen,Golf,"Sportsvan VII Lounge BMT/Start-Stopp Klima,",,12900,Guter Preis,72147,,05/2015,Benzin,110,,
Volkswagen,Touran,"Highline 1,8 TSI DSG/NAVI/KLIMA/LED/SHZ",,20450,Guter Preis,97880,,01/2017,Benzin,179,,
Volkswagen,Touran,1.4 TSI Sound AHK Climatronic,,21480,Fairer Preis,69500,,03/2018,Benzin,150,,
Volkswagen,Touran,1.5 TSI DSG Join NAV+LED+AHK+FAMILY-PAKET,,21749,Guter Preis,98450,,05/2019,Benzin,150,,
Volkswagen,Golf,Sportsvan 1.5 TSI OPF Comfortline+LED+ACC+,,17790,Guter Preis,65000,,07/2019,Benzin,131,,
Mercedes-Benz,B 180,Style 7G-DCT SHZ LED Rü-Ka Navi Warnanlage,,16950,Ohne Bewertung,65400,,02/2015,Benzin,122,,
Volkswagen,Touran,*Comfortline*7 Sitzer*Dsg*,,15990,Fairer Preis,108482,,04/2015,Benzin,140,,
Volkswagen,Touran,Highline 1.8 TSI DSG /NAVI/ACC/KAMERA,,18990,Guter Preis,130000,,12/2016,Benzin,179,,
Volkswagen,Golf Sportsvan,"1.4 TSI Allstar Alu 16"" SHZG NSW",,12990,Guter Preis,83070,,03/2016,Benzin,125,,
Volkswagen,Golf,Sportsvan VII Lounge*PANO*NAVI*MFL*TEMP*PDC,,14990,Sehr guter Preis,62000,,05/2015,Benzin,150,,
Volkswagen,Caddy,1.4 TSI 6-Gang Comfortline BMT SHZ Klima,,21380,Fairer Preis,67506,,01/2018,Benzin,125,,
Volkswagen,Golf,Sportsvan VII Allstar BMT/Start-Stopp,,12900,Sehr guter Preis,73200,,06/2016,Benzin,110,,
Volkswagen,Andere,Transporter T5 Bus Multivan Comfortline 2.0 BiTD,,29990,Ohne Bewertung,98300,,01/2015,Diesel,179,,
Toyota,Verso,1.8 Skyview Edition *AHK*Pano*Navi*CAM*SHZ,,13880,Fairer Preis,131000,,10/2015,Benzin,147,,
Citroën,Jumpy,2.0HDi FAP L2 H1 S&S+KAMERA+AHK+TEMPO+PDC,,19450,Sehr guter Preis,88193,,03/2018,Diesel,150,,
Volkswagen,Golf,Sportsvan VII Sound/ACC/SR+WR/Navi/SHZ/PDC,,12990,Guter Preis,95000,,04/2017,Benzin,110,,
Volkswagen,Touran,Highline Panorama*SHZ*LED*Velours*1.Hand,,17800,Fairer Preis,112741,,03/2016,Benzin,150,,
Volkswagen,Caddy Maxi,Comfortline 1.4 TSI DSG AHK XENON RFK,,23990,Ohne Bewertung,97650,,10/2017,Benzin,125,,
Mercedes-Benz,Vito,Tourer Extralang 116 Aut. *2x KLIMA* 1872,,23193,Ohne Bewertung,115050,,02/2015,Diesel,163,,
Volkswagen,Sharan,"SHARAN,NAVI,SH,7SITZER,AHK,BI-XENON,ELEK.-SCHIEB",,22999,Fairer Preis,95000,,05/2017,Benzin,150,,
BMW,218,i Active Tourer LED * Navi * PDC * Sitzhzg.,,13290,Fairer Preis,83854,,07/2015,Benzin,136,,
Volkswagen,Caddy Maxi,1.2 TSI /1Hand/7Sitzer,,14650,Ohne Bewertung,99800,,06/2014,Benzin,105,,
BMW,220 Gran Tourer,i / 1.Hd / Pano/ KeylessGO / AHK,,19900,Erhöhter Preis,70000,,07/2017,Benzin,192,,
Mercedes-Benz,B 180,B -Klasse PDC/NAVI/Scheckheft/Automatik,,13499,Ohne Bewertung,82740,,07/2012,Benzin,122,,
Volkswagen,Sharan,2.0 TSI*CUP*OPEN SKY*PANO*Elek.SCHIEBETÜR,,23990,Ohne Bewertung,69500,,03/2015,Benzin,200,,
Volkswagen,Touran,Highline 1.4 TSI Highline Park Assist/Nav,,20900,Erhöhter Preis,90967,,03/2017,Benzin,150,,
Volkswagen,Caddy,Maxi 1.4TSI AHK*PDC*Tempomat*1.Hand*Klima!,,21990,Erhöhter Preis,78696,,03/2017,Benzin,125,,
BMW,220 Active Tourer,220i Active Tourer AUTOMATIK°NAVI°LED°PDC°SHZ,,14990,Fairer Preis,115900,,04/2016,Benzin,192,,
BMW,220,i Active Tourer AUTOMATIK°NAVI°LED°PDC°SHZ,,14990,Fairer Preis,115900,,04/2016,Benzin,192,,
Volkswagen,Caddy,Trendline 1.4 TSI DSG*NAVI*KLIMA*GRA*MFA*,,23730,Fairer Preis,84584,,04/2019,Benzin,131,,
BMW,218 Active Tourer,218 i M Sport NAVI LED AHK,,16850,Guter Preis,99886,,01/2018,Benzin,136,,
Volkswagen,Caddy,2.0 TDI BMT LED Navi ACC AHK Sitzheizung,,24990,Erhöhter Preis,96577,,05/2017,Diesel,150,,
Volkswagen,Touran,Comfortline 1.4 TSI DSG *NAVI*ACC*8-fach,,21790,Guter Preis,72800,,08/2018,Benzin,150,,
Volkswagen,Caddy,Maxi 2.0 TDI 7-Sitzer Navi AHK Sitzheizung,,24990,Fairer Preis,97613,,05/2017,Diesel,150,,
Volkswagen,Caddy,1.4 TSI PKW (SA)03.2015- 2020 Highline BMT,,19250,Guter Preis,80500,,04/2016,Benzin,125,,
Volkswagen,Golf,Plus VI Match Automatik _Bestzustand_,,10999,Ohne Bewertung,78000,,07/2012,Benzin,122,,
Volkswagen,Caddy Maxi,"Trendline 1,4 TSI DSG*ROLLSTUHLRAMPE*",,29980,Ohne Bewertung,121190,,01/2017,Benzin,125,,
Volkswagen,Golf Sportsvan,"Highline 1,4 TSI*Scheckheft*2. Ha",,18920,Erhöhter Preis,64380,,05/2017,Benzin,150,,
Volkswagen,Caddy,Maxi 1.6 TDI DSG Behindertengerecht-Rampe,,26950,Ohne Bewertung,122000,,11/2013,Diesel,102,,
Mercedes-Benz,B 180,STYLE+KAMERA+TOTWINKEL+NAVI+SHZ+SPIEGEL+BC,,18463,Erhöhter Preis,97429,,05/2018,Benzin,122,,
BMW,225,Active Tourer 225i xD Sport *AUT*HEAD-UP*LED*NAV,,16999,Sehr guter Preis,93012,,09/2015,Benzin,231,,
Volkswagen,Golf Sportsvan,Sportsvan AUTOMATIK XENON PANO TEMPO SR WR PDC,,15777,Ohne Bewertung,89000,,08/2014,Benzin,125,,
BMW,220,i Active Tourer Sport Line,,18900,Sehr guter Preis,98000,,12/2015,Benzin,192,,
Volkswagen,Touran,Highline Navi Klima LED PDC Sitzheizung,,16900,Guter Preis,99829,,12/2015,Benzin,150,,
Volkswagen,Caddy,Maxi 1.6 TDI Behindertengerecht-Rampe,,20950,Ohne Bewertung,110547,,10/2010,Diesel,102,,
Volkswagen,Touran,1.4 TSI DSG Comfortline BMT Comfortline,,18900,Fairer Preis,78800,,09/2016,Benzin,150,,
Volkswagen,Touran,Highline BMT *R-LINE*LEDER*PANO*LED*,,26980,Fairer Preis,63660,,04/2017,Benzin,179,,
Volkswagen,Touran,1.5 TSI ACT DSG Comfortline *ACC*PDC*,,19980,Fairer Preis,89690,,04/2019,Benzin,150,,
Volkswagen,Touran,Comfortline BMT/Start-Stopp,,16390,Guter Preis,96000,,06/2016,Benzin,150,,
Volkswagen,Touran,"1,8 TSI DSG Highline 7-Sitzer Pano AHK",,24849,Sehr guter Preis,81400,,05/2017,Benzin,179,,
Volkswagen,Touran,1.4 TSI DSG SOUND BMT SOUND,,22000,Fairer Preis,86000,,09/2017,Benzin,150,,
Volkswagen,Touran,Comfortline BMT/Start-Stopp 7 Sitzer,,18990,Fairer Preis,98721,,06/2017,Benzin,150,,
Mercedes-Benz,B 180,Navi Klima Parkass. Kamera BiX ILS,,16800,Ohne Bewertung,63600,,11/2012,Benzin,122,,
Volkswagen,Golf,Sportsvan VII Sound BMT/Start-Stopp*ACC*,,14900,Fairer Preis,120000,,04/2017,Benzin,110,,
Volkswagen,Caddy,Roncalli Trendline*Garantie*TÜV+INSPEKTION NEU,,12499,Ohne Bewertung,114000,,04/2012,Benzin,105,,
Volkswagen,T6 Transporter,DSG Lang / TÜV NEU / PDC,,22150,Fairer Preis,99700,,07/2019,Benzin,204,,
Volkswagen,Golf,Sportsvan VII Comfortline BMT/Start-Stopp,,12999,Guter Preis,70000,,07/2015,Benzin,125,,
Volkswagen,Touran,Cross 1.4 DSG / 125 KW / VOLL / AHK,,15950,Ohne Bewertung,115557,,06/2013,Benzin,170,,
Volkswagen,Caddy,1.2 TSI Klimaaut. Sitzheizung PDC,,13990,Fairer Preis,122320,,09/2015,Benzin,105,,
Mercedes-Benz,B 250,NIGHT LED HARMAN KAMERA LEDER,,19320,Erhöhter Preis,103479,,06/2016,Benzin,211,,
Volkswagen,T5 Caravelle,- Behindertengerecht,,26999,Ohne Bewertung,75000,,03/2012,Benzin,204,,
Volkswagen,Touran,Comfortline 1.2 TSI+Alufelgen+Klimaautoma,,16870,Erhöhter Preis,79800,,12/2015,Benzin,110,,
Mercedes-Benz,Viano,2.2 CDI lang ATG 5Sitz *SDACH*KLIMA*PDC*,,25990,Ohne Bewertung,115058,,03/2013,Diesel,163,,
Mercedes-Benz,B 180,AUT.*NAVI*SHZG*PDC*S/S*BT*TÜV NEU*,,16700,Guter Preis,91153,,11/2017,Benzin,122,,
Volkswagen,T5 Multivan,"2.0 TDI, 1.Hand, Rollstuhllift, DSG",,27770,Ohne Bewertung,106000,,03/2011,Diesel,140,,
Volkswagen,T5 Multivan,"2.0 TDI, 1.Hand, Rollstuhllift, DSG",,27770,Ohne Bewertung,106000,,03/2011,Diesel,140,,
Volkswagen,Sharan,"Comfortl. BMT 1,4 TSI *SCHWENKSITZ*99€mtl",,13990,Ohne Bewertung,113490,,11/2010,Benzin,150,,
Volkswagen,Touran,SOUND 1.4 TSI | NUR HÄNDLER!,,15500,Erhöhter Preis,111836,,10/2017,Benzin,150,,
Volkswagen,Caddy Maxi,1.2 TSI /1Hand/7Sitzer,,14350,Ohne Bewertung,99800,,06/2014,Benzin,105,,
Volkswagen,Touran,Highline  DSG*1.HAND*PANO*STANDHEIZUNG*,,20990,Fairer Preis,106000,,03/2017,Benzin,179,,
Volkswagen,Golf,Sportsvan VII Comfortline,,16999,Sehr guter Preis,99000,,02/2019,Benzin,150,,
Volkswagen,Sharan,1.4 TSI Highline BMT DSG NAVI KAMERA SHZ,,19680,Fairer Preis,113410,,01/2017,Benzin,150,,
Volkswagen,T6 Multivan,Comfort 4Motion Standhzg AHK 2xS.Tür,,38750,Guter Preis,98623,,05/2016,Diesel,150,,
Volkswagen,Golf,Sportsvan BMT 110PS *BT*TOTW*PARKLENK*,,13490,Ohne Bewertung,64900,,11/2014,Benzin,110,,
Volkswagen,T6 Multivan,DSG 150PS Navi Sitzhz Klimaaut-k GRA,,35990,Guter Preis,92900,,07/2018,Diesel,150,,
Volkswagen,Touran,SOUND 1.4TSI*DSG*LED*Navi*Pano*SitzHz.*Pa,,21450,Ohne Bewertung,83415,,02/2017,Benzin,150,,
Volkswagen,Sharan,1.4 TSI*LIFE*AHZV*Navi*Xenon*SH*NR*WR,,15990,Ohne Bewertung,110000,,09/2013,Benzin,150,,
Volkswagen,Caddy,1.4TGI Gen.Four *TOP Ausstattung| 7-Sitze*,,16950,Sehr guter Preis,84986,,10/2015,Benzin,110,,
Volkswagen,Touran,1.2 Match +ALLWETTER+SITZHZNG,,10990,Ohne Bewertung,98000,,12/2012,Benzin,105,,
Ford,S-Max,ST-LINE EcoBlue 190,,25530,Fairer Preis,87587,,10/2019,Diesel,190,,
Volkswagen,Golf,Sportsvan VII- LED-Navi-2xPdc-Shz-Garantie,,13799,Guter Preis,108000,,02/2018,Benzin,110,,
Volkswagen,Caddy,2.0 TDI Beach Sitzheizung AHK PDC USB,,20950,Erhöhter Preis,79772,,12/2016,Diesel,102,,
Ford,B-Max,"Titanium, SITZHEIZG, aAC, TEL, PDC, AHK",,11790,Guter Preis,89720,,03/2017,Benzin,105,,
Volkswagen,Crafter,"2,0TDI DSG L3H2.3,5T  .TOP Ausgestattet",,27990,Guter Preis,116927,,12/2020,Diesel,177,,
Ford,Grand C-Max,Sync *NEU ZAHNRIEMEN+SERVICE*7SITZER,,10399,Ohne Bewertung,86466,,07/2014,Benzin,125,,
Volkswagen,Touran,1.4TSI Highline/S-HEFT/NAVI/KAMERA/MASSAGE,,17800,Fairer Preis,85900,,05/2016,Benzin,150,,
Volkswagen,Golf,Sportsvan VII Comfortline BMT/Start-Stopp*,,10999,Ohne Bewertung,113112,,06/2014,Benzin,150,,
BMW,220 Active Tourer,220i Advantage HiFi LED Pano Dach Navi Shz,,16990,Erhöhter Preis,109000,,05/2015,Benzin,192,,
BMW,218 Active Tourer,218i Active Tourer Advantage LED Navi Tempomat,,13900,Guter Preis,82500,,05/2016,Benzin,136,,
Volkswagen,Touran,1.4 TSI DSG Highline BMT*Navi*LED*PDC,,22990,Guter Preis,66000,,11/2015,Benzin,150,,
Volkswagen,Caddy,Maxi Highline 1.4 TGI Leder*LED*NAVI*7Sitz,,19444,Sehr guter Preis,119912,,05/2016,Benzin,,,
Volkswagen,Golf,"Plus VI (Automatik, Navi, AHK)",,9999,Ohne Bewertung,90000,,04/2012,Benzin,105,,
BMW,220 Gran Tourer,220i Gran Tourer Luxury Line 2ZKlima Shz PDCh LM,,19490,Fairer Preis,60590,,05/2016,Benzin,192,,
Volkswagen,Golf Sportsvan,1.4TSI Sound AHK NAVI PANO RÜFA,,15950,Fairer Preis,71848,,05/2017,Benzin,125,,
Volkswagen,Sharan,1.4 TSI DSG Highline/7-Si./Autom./NAVI/AH,,14999,Ohne Bewertung,85000,,08/2012,Benzin,150,,
Volkswagen,Touran,COMFORTLINE+ALCANTARA+ANHÄNGERKUP.+LED,,15900,Fairer Preis,118650,,07/2017,Benzin,150,,
Volkswagen,Sharan,Elektr. Türen / NAVI / 7Sitze / DAB / AHK,,23980,Fairer Preis,110000,,04/2017,Diesel,150,,
Volkswagen,Golf Sportsvan,1.0 TSI BlueMotion DSG Comfortlin,,14975,Sehr guter Preis,82850,,10/2017,Benzin,116,,
Volkswagen,Golf,Sportsvan|Highline|1.Hand|SHZ|NAVI|Kamera|X,,15890,Ohne Bewertung,55490,,10/2014,Benzin,150,,
Mercedes-Benz,Vito,Tourer 111CDI  FWD kompakt 8 Sitze Klima,,23999,Fairer Preis,81000,,02/2016,Diesel,114,,
BMW,218 Gran Tourer,218i Gran Tourer Luxury Line*LED*SHZ*KAM*HiFi*,,13480,Fairer Preis,113460,,09/2015,Benzin,136,,
Volkswagen,T6 Caravelle,9-Sitzer Lang *Garantie*Klima*,,23990,Sehr guter Preis,119000,,07/2016,Diesel,150,,
BMW,220 Gran Tourer,7SITZER+PANO+KEYLESS+HIFI+LED+,,24300,Fairer Preis,84221,,12/2018,Benzin,192,,
Mercedes-Benz,B 200,Urban ACC Kamera PDC Sitz- u. Standheizung,,18950,Fairer Preis,87700,,10/2015,Benzin,156,,
Volkswagen,Touran,Highline 2.0TDI DSG Automatik 177ps,,14990,Ohne Bewertung,100000,,11/2014,Diesel,177,,
Volkswagen,T5 Caravelle,BUS LANG COMFORT DSG 9-SITZER NAVI,,22890,Ohne Bewertung,128304,,06/2014,Diesel,179,,
Volkswagen,Touran,Highline BMT/Start-Stopp,,17900,Ohne Bewertung,108000,,06/2016,Benzin,150,,
Volkswagen,Touran,1.8 TSI DSG Highline Highline,,23999,Guter Preis,83500,,10/2017,Benzin,179,,
Volkswagen,T5 Multivan,Team 2.0 BiTDI |AHK|SD,,24760,Ohne Bewertung,106530,,04/2010,Diesel,179,,
Volkswagen,Touran,Sound AHZV/Navi/Standhzg./Pano/LED,,21690,Guter Preis,90900,,01/2018,Benzin,150,,
Volkswagen,Touran,1.4 TSI Sound*Totwinkel*SHZ*1.Hand*DSG,,19950,Fairer Preis,99037,,11/2017,Benzin,150,,
Volkswagen,Touran,Comfortline BMT*1.4 TSI* 7 SITZER,,16450,Fairer Preis,111500,,02/2016,Benzin,150,,
Volkswagen,Golf Sportsvan,Highline 1.4 TSI Navigation,,12899,Fairer Preis,119838,,05/2015,Benzin,125,,
Volkswagen,Touran,"Sound, LED, NAVI, STANDHEIZUNG, 7 SITZER",,19999,Guter Preis,100000,,11/2017,Benzin,150,,
Volkswagen,Touran,Cup BMT*SHZ*Temp*Navi*MFL*,,11390,Guter Preis,107490,,04/2015,Benzin,105,,
Opel,Meriva,B Facelift 1.4T 16V Automatik Sitzheizung,,8999,Fairer Preis,87430,,05/2014,Benzin,120,,
Volkswagen,T5 Caravelle,T5 2.0 Caravelle Trendline Klima Rollstuhlrampe,,18990,Ohne Bewertung,98000,,05/2008,Benzin,116,,
Volkswagen,Sharan,HIGHLINE BTM|BEHINDERTENGERECHT|AUTOM|LED,,28780,Ohne Bewertung,102200,,11/2018,Benzin,150,,
Mercedes-Benz,Sprinter,II Kasten 316 CDI H2 L2 Kamera PDC Kli.,,25990,Fairer Preis,94000,,07/2016,Diesel,163,,
Volkswagen,Caddy,"MAXI 1.4 TSI KASTEN KLIMA,TRENNWAND,1.HD",,17880,Fairer Preis,79500,,09/2018,Benzin,125,,
Mercedes-Benz,Viano,2.2 CDI Trend Edition kompakt 7 Sitze,,24900,Ohne Bewertung,104000,,02/2011,Diesel,163,,
Peugeot,Boxer,2.2 HDi *1.Hand*Einparkh*Anhängerk*,,12950,Sehr guter Preis,99046,,08/2015,Diesel,131,,
Volkswagen,Golf,Sportsvan VII Allstar BMT/Start-Stopp,,15399,Guter Preis,105000,,10/2016,Diesel,150,,
Volkswagen,Golf Sportsvan,1.4 TSI ALLSTAR / ACC / NAVI-DM,,12777,Sehr guter Preis,108000,,09/2016,Benzin,150,,
Volkswagen,Golf Sportsvan,1.4 TSI BMT DSG Highline Navi AHK,,16990,Erhöhter Preis,92070,,01/2017,Benzin,125,,
Ford,B-Max,B-MAX 1.6 16V Automatik Klima Sitzheizung,,8999,Fairer Preis,126592,,06/2013,Benzin,105,,
Volkswagen,T5 Transporter,T5 Caravelle Kombi/Klima/Navi/Kamera/Standheizun,,17900,Ohne Bewertung,122335,,09/2013,Diesel,102,,
Volkswagen,Golf,Sportsvan VII Comfortline PDC/Panodach/Allw,,12990,Guter Preis,75167,,09/2016,Benzin,150,,
Mercedes-Benz,B 180,EU6 Automatik Urban Move,,16980,Ohne Bewertung,108000,,05/2015,Benzin,122,,
Mercedes-Benz,Sprinter,II 310 Navi Standh. Einbauschänke,,19888,Ohne Bewertung,117000,,12/2014,Diesel,95,,
BMW,218,d xDrive 7-Sitzer Navi LED Parkhilfen,,18888,Fairer Preis,104900,,05/2016,Diesel,150,,
Volkswagen,Golf,VII Sportsvan 1.5 TSI Highline*ACC*Tempo*,,19890,Guter Preis,46530,,02/2018,Benzin,131,,
Volkswagen,Caddy,1.4 TSI (5-Si.) DSG BMT,,16900,Fairer Preis,82817,,08/2016,Benzin,125,,
Volkswagen,Touran,Life AUTOMATIK SITZHEIZUNG EINPARKHILFE,,13190,Ohne Bewertung,124900,,06/2013,Benzin,140,,
Mercedes-Benz,B 200,AMG Line AMG Line,,17500,Fairer Preis,92000,,03/2016,Benzin,156,,
Volkswagen,Touran,1.5 TSI Join LED Standheizung Navi ACC,,24990,Fairer Preis,73322,,11/2018,Benzin,150,,
Volkswagen,Touran,1.5 TSI DSG 7-Sitzer R-Line NAV+LED+ACC,,25449,Fairer Preis,94750,,08/2019,Benzin,150,,
Volkswagen,Touran,1.4 TSI DSG R-Line *LED*ACC*PDC*SHZ*,,21990,Guter Preis,61235,,10/2017,Benzin,150,,
Mercedes-Benz,B 250,*NAVI*KAMERA*LEDER*PANO*MEMORY*XENON*VOLL*,,16390,Ohne Bewertung,109623,,05/2013,Benzin,211,,
Volkswagen,Sharan,Comfortline*NAVI*PDC*SHZ*7 SITZE*,,21990,Guter Preis,107000,,08/2017,Diesel,150,,
Mercedes-Benz,B 200,URBAN + NIGHT + PANO + LED + AHK + GARMIN,,20900,Guter Preis,83245,,10/2018,Benzin,156,,
Volkswagen,Touran,"SOUND 1,2 l TSI 110 PS 6-Gang",,17990,Guter Preis,91508,,06/2017,Benzin,110,,
Volkswagen,T6 Transporter,T6  Caravelle EcoProfi 9 Sitzer AHK PDC,,21990,Guter Preis,114000,,03/2017,Diesel,102,,
Volkswagen,Touran,Comfortline 1.2 TSI,,15490,Fairer Preis,93800,,05/2016,Benzin,110,,
Volkswagen,Sharan,2.0 TDI DSG BLUEMOTION TECHNOLOGY,,20999,Ohne Bewertung,128471,,05/2014,Diesel,140,,
Volkswagen,Caddy Maxi,Caddy Nfz Maxi Kasten 2.0 TDI Klima Sitzheizung,,15990,Ohne Bewertung,100000,,02/2016,Diesel,102,,
Mercedes-Benz,Sprinter,II Kasten 310/311/313/314/316 CDI,,16690,Ohne Bewertung,105000,,04/2014,Diesel,129,,
Volkswagen,Touran,"Match""2.Hand-Garantie-TÜV/ServiceNEU""",,10990,Ohne Bewertung,99000,,04/2012,Benzin,140,,
Volkswagen,Golf,Sportsvan VII Comfortline BMT/Start-Stopp,,10999,Guter Preis,108000,,11/2015,Benzin,110,,
Volkswagen,Caddy,"2.0 TDI 7 Sitzer Life ACC,AHK",,25980,Guter Preis,80562,,05/2021,Diesel,102,,
Volkswagen,Golf Sportsvan,1.Hand,,13780,Ohne Bewertung,95000,,07/2014,Benzin,150,,
Volkswagen,Golf,Sportsvan VII 1.4 TSI/1.HAND/Front Assist,,9990,Guter Preis,100000,,11/2014,Benzin,125,,
BMW,220 Active Tourer,Aut. Navi LED Kamera Pano 17'',,16580,Fairer Preis,82600,,06/2015,Benzin,192,,
Ford,B-Max,B-MAX Sync Edition *PDC*SHZ*SOS*KLIMA*,,6790,Guter Preis,107467,,12/2013,Benzin,101,,
Volkswagen,Golf Sportsvan,VII Highline 1.5 TSI DSG R-Line P,,16450,Erhöhter Preis,88203,,10/2016,Benzin,150,,
Volkswagen,Caddy,"1.4TSI Maxi Highline,Xenon,Kamera,ACC",,25499,Guter Preis,87152,,06/2017,Benzin,125,,
Volkswagen,Touran,Cup 1.4 TSI*Garantie*S-Heft*TÜV Neu*Navi*,,13790,Ohne Bewertung,97300,,08/2014,Benzin,140,,
Mercedes-Benz,B 200,URBAN LED AHK AUTOMATIK PTS SHZ,,19900,Erhöhter Preis,76991,,04/2015,Benzin,156,,
Volkswagen,Golf,Sportsvan VII Trendline BMT/Start-Stopp,,11950,Ohne Bewertung,122600,,08/2014,Benzin,110,,
Mercedes-Benz,Citan,112 Lang Tourer Edition Klima Sitzheizung,,18990,Erhöhter Preis,83133,,07/2018,Benzin,114,,
BMW,220 Gran Tourer,220 d Gran Tourer xDrive Sport Line Top Austatt.,,18500,Sehr guter Preis,104263,,05/2016,Diesel,190,,
Volkswagen,Touran,2.0TDI DSG Active+LED+NAVI+VIRTUAL+7-SITZ,,27900,Fairer Preis,97839,,11/2022,Diesel,150,,
Volkswagen,Touran,2.0 TDI Highline LED Kamera Navi PDC USB,,25990,Erhöhter Preis,99745,,08/2017,Diesel,150,,
BMW,220 Gran Tourer,Gran Tourer 220i Luxury Line 7-Sitzer Leder Navi,,22799,Fairer Preis,91000,,08/2017,Benzin,192,,
Volkswagen,Golf Sportsvan,"1.4 ""Lounge"" DSG Standhzg,Navi, S",,14990,Fairer Preis,88000,,11/2015,Benzin,125,,
Volkswagen,Caddy,Alltrack 1.4 TSI BMT Bi-Xenon Navi ACC PDC,,26950,Fairer Preis,63815,,09/2017,Benzin,125,,
BMW,218,2 218 i Bluetooth Navi LED PDC,,11740,Ohne Bewertung,92000,,02/2015,Benzin,136,,
Volkswagen,Touran,1.8 DSG DCC ACC FA Sound AHK 7-Sitzer LED,,20950,Guter Preis,86001,,07/2017,Benzin,179,,
Volkswagen,Touran,Match Standhzg/Temp/7Sitzer/Isof/PDC/LED,,14499,Ohne Bewertung,62303,,09/2012,Benzin,105,,
Volkswagen,Touran,1.4 TSI DSG LED Navi Tempomat 7-Sitzer,,24990,Erhöhter Preis,66518,,05/2018,Benzin,150,,
BMW,220 Gran Tourer,220 iA Gran Tourer - Automatik/AHK/Navi,,17850,Fairer Preis,92650,,10/2016,Benzin,192,,
Volkswagen,Touran,Highline DSG ACC-LED-NAVI-LEDER-7 SITZE,,23900,Fairer Preis,110000,,06/2017,Benzin,179,,
Volkswagen,Touran,Start-Stopp 1.4 Highline BMT 1.54 TSI DSG,,18950,Erhöhter Preis,119600,,08/2016,Benzin,150,,
Volkswagen,Golf,VII Sportsvan IQ.DRIVE Auto. Pano ACC AHK,,19990,Fairer Preis,77007,,06/2019,Benzin,131,,
Volkswagen,Golf,Sportsvan VII PDC/Bluetooth/Notbr...,,13999,Ohne Bewertung,44500,,09/2014,Benzin,110,,
Mercedes-Benz,B 220,B -Klasse B 220 4Matic *Navi*Kam*PDCs*AHK*PANO*,,17900,Fairer Preis,93000,,11/2015,Benzin,184,,
Volkswagen,Caddy,1.6TDI Highline  ROLLSTUHLRAMPE,,24900,Ohne Bewertung,86708,,06/2013,Diesel,102,,
Volkswagen,Golf Sportsvan,Golf 1.4 TSI DSG Sportsvan VII Lounge BMT 1.Hand,,14750,Fairer Preis,88000,,10/2015,Benzin,125,,
Volkswagen,Golf Sportsvan,"Allstar 1.2TSI 148,-ohne Anzahlun",,12489,Guter Preis,81777,,07/2016,Benzin,110,,
Volkswagen,Golf,Sportsvan*TÜV NEU*Service NEU*Reifen NEU!!,,12490,Fairer Preis,117937,,01/2017,Benzin,125,,
Volkswagen,Caddy,1.4 TSI BMT|DSG|5-SITZER|2xSchiebetür|,,15950,Fairer Preis,77187,,09/2015,Benzin,125,,
Volkswagen,Touran,Match*Navi*PDC*7Sitzer*Standheiz*TüvNeu*,,13990,Ohne Bewertung,89531,,09/2012,Benzin,140,,
BMW,218,i Gran Tourer Sport Line Pano/Rückfahrkamera,,15890,Fairer Preis,86374,,06/2015,Benzin,136,,
Volkswagen,Caddy,"1,0 TSI Trendline *ROLLSTUHLRAMPE*NAVI*",,27990,Ohne Bewertung,98190,,04/2019,Benzin,102,,
Volkswagen,Golf Sportsvan,1.4 TSI Comfortline DSG *GRA*PDC*,,14888,Fairer Preis,61581,,06/2015,Benzin,125,,
Volkswagen,Touran,1.4 TSI DSG SOUND NAVI ACC 7SITZE,,20280,Fairer Preis,111456,,09/2017,Benzin,150,,
Volkswagen,Touran,"Sound 1,4 TSI DSG R-Line-7 Sitze-TÜV NEU",,23900,Fairer Preis,100000,,11/2017,Benzin,150,,
Volkswagen,Caddy Maxi,Caddy 1.4TSI Maxi Trendline*Xenon| ACC| 7-Sitze*,,23950,Ohne Bewertung,99986,,11/2017,Benzin,125,,
Volkswagen,Sharan,2.0 TDI Highline 4Motion BMT*7-Sitzer*AHK,,18990,Ohne Bewertung,124000,,05/2012,Diesel,140,,
Volkswagen,Caddy,1.4TSI Trendline+KLIMA+TEMPO+AHK,,18900,Fairer Preis,83660,,04/2019,Benzin,131,,
Mercedes-Benz,B 200,B200 Urban LED Navi Kamera PDC Sitzheizung,,20950,Fairer Preis,66802,,09/2017,Benzin,156,,
Volkswagen,Golf Sportsvan,1.4 TSI LEDER XENON NAVI PANO KAM,,17640,Erhöhter Preis,77102,,09/2016,Benzin,125,,
Volkswagen,Touran,"1.4TSI R-LINE LED+SHZ+RFK+AHK+PANO+18""",,18930,Erhöhter Preis,132000,,05/2017,Benzin,150,,
BMW,220 Gran Tourer,i 7SITZ+PANO+LED+AHK+KAMERA+HIFI,,24870,Erhöhter Preis,86293,,03/2019,Benzin,192,,
BMW,225 Active Tourer,225i Steptronic Luxury Lin...,,16699,Guter Preis,79600,,06/2015,Benzin,231,,
Volkswagen,Golf Sportsvan,2.0TDI*DSG*Xenon*PDC*Comfortline ,,14490,Fairer Preis,103000,,10/2014,Diesel,150,,
Volkswagen,Touran,1.4 TSI COMFORTLINE NAVI SITZHZG KAMERA A,,21760,Fairer Preis,87370,,03/2018,Benzin,150,,
BMW,218 Active Tourer,218i Luxury Line Navi LED Panoramadach Leder AHK,,14980,Ohne Bewertung,89700,,09/2014,Benzin,136,,
Volkswagen,Sharan,"Style BMT 1.4TSI Navi,StH,MFL,7 Sitzer",,14790,Ohne Bewertung,105200,,11/2011,Benzin,150,,
Mercedes-Benz,Citan,109 CDI lang Behindertengerecht-Rampe,,21950,Ohne Bewertung,70500,,01/2015,Diesel,90,,
Mercedes-Benz,B 200,7G-DCT UrbanStyle Edition SR+WR Navi Klima,,19290,Fairer Preis,85202,,10/2018,Benzin,156,,
Volkswagen,Touran,"1,8 TSI Highline BMT/Start-Stopp",,19970,Fairer Preis,116000,,05/2017,Benzin,179,,
Volkswagen,Touran,1.4 TSI DSG  LED/NAVI/SHZ/ACC/PDC/PANO,,22490,Guter Preis,81400,,07/2017,Benzin,150,,
Volkswagen,Sharan,Comfortline 7.Sitzer/AHK/ACC/DAB/Navi/PDC,,24990,Guter Preis,102454,,11/2017,Diesel,150,,
BMW,218 Active Tourer,218i Active Tourer LED Navi Tempomat Sitzheizung,,19990,Erhöhter Preis,84024,,01/2019,Benzin,140,,
Volkswagen,Touran,Comfortline BMT/Start-Stopp AHK,,21200,Fairer Preis,108755,,01/2018,Benzin,150,,
Ford,Transit Custom,Kombi 340 L2 9-SITZE+PDC+SITZHEIZ,,23485,Guter Preis,122300,,05/2019,Diesel,131,,
BMW,218 Gran Tourer,218i Gran Tourer Advantage 7-Sitzer/LED/NAV/AHK,,18299,Fairer Preis,99100,,02/2017,Benzin,136,,
BMW,218 Active Tourer,"218i Active Tourer Aut. ""Sport Line"" Navi LED",,16290,Fairer Preis,68607,,11/2016,Benzin,136,,
Volkswagen,Caddy,Benzin Behindertengerecht Rollstuhlrampe,,28950,Ohne Bewertung,88000,,08/2016,Benzin,125,,
Volkswagen,Touran,Highline 2.0 TDI/AHK/Pano/ACC,,24500,Fairer Preis,127000,,01/2021,Diesel,150,,
Volkswagen,Golf Sportsvan,1.5TSI DSG Join+NAVI+ACC+CARPLAY,,17850,Fairer Preis,77020,,10/2018,Benzin,150,,
Volkswagen,Sharan,"2.0 TSI DSG ""Highline""",,16990,Ohne Bewertung,115700,,01/2012,Benzin,200,,
BMW,220 Active Tourer,i Sport Line Leder AHK HUD,,19980,Guter Preis,67900,,12/2017,Benzin,192,,
BMW,220 Active Tourer,"220i Active Tourer Advantage LED SHZ SpoSi 16""",,16850,Fairer Preis,107710,,03/2016,Benzin,192,,
Volkswagen,Golf Sportsvan,"1.4 TSI DSG""1.H""Lounge""ACC""KAMERA",,12490,Sehr guter Preis,120000,,07/2015,Benzin,125,,
Volkswagen,T5 Multivan,VW T5 Multivan Life 4x4|NAVI|AHK|STHZG|7*SITZER|,,23450,Ohne Bewertung,95000,,11/2013,Diesel,179,,
Volkswagen,Golf,Sportsvan VII Lounge *DSG*LED*NAVI*SHZ*PDC,,12750,Guter Preis,65151,,02/2016,Benzin,110,,
Volkswagen,Touran,1.2 TSI Comfortline BMT,,17990,Guter Preis,88000,,02/2017,Benzin,110,,
Volkswagen,Sharan,SHARAN CUP 7 SITZE NAVI KAMERA SHZ PDC TEMPOMAT,,16500,Ohne Bewertung,119025,,05/2014,Benzin,150,,
Mercedes-Benz,B 180,Style  Klimaanlage Sitzheizung Freisprech,,11490,Ohne Bewertung,91489,,06/2014,Benzin,122,,
Volkswagen,Golf,Sportsvan VII Lounge BMT/Start-Stopp *Autm*,,13800,Guter Preis,61559,,07/2015,Benzin,125,,
Volkswagen,Golf,Sportsvan VII Join 1.0 NAVI APP KAM ACC 17',,13990,Guter Preis,99670,,06/2018,Benzin,110,,
Volkswagen,Tiguan,2.0 TSI DSG 4Motion 3 x R Line /GARANTIE/,,27490,Fairer Preis,108000,,04/2019,Benzin,190,,
BMW,218 Active Tourer,218i Active Tourer Advantage*Navi*SHz*LED*AC*PDC,,13950,Guter Preis,90878,,05/2017,Benzin,136,,
Volkswagen,Caddy,Maxi Comfortline 1.4 TSI 7-Sitzer SHZ PDC ,,22480,Fairer Preis,103171,,12/2017,Benzin,125,,
Volkswagen,Caddy,Comfort DSG behindertengerecht Rollstuhl,,22990,Ohne Bewertung,99989,,02/2014,Diesel,102,,
Volkswagen,Touran,1.4 TSI Highline *DSG*TOUCH*ALCANTARA*,,13490,Ohne Bewertung,120000,,03/2011,Benzin,140,,
Volkswagen,Sharan,1.4 TSI Highline*el.TÜRE*7-SITZE*AHK*KAME,,24970,Guter Preis,93000,,11/2019,Benzin,150,,
Volkswagen,Caddy Maxi,2.0 TDI DSG Highline  Navi Xenon Lede,,20895,Ohne Bewertung,113338,,06/2017,Diesel,150,,
Volkswagen,Caddy,1.4TSI DSG Highline | AHK | SHZ | ACC,,25790,Fairer Preis,64930,,04/2018,Benzin,125,,
BMW,220 Active Tourer,d xDrive Navi Headup LED Leder,,16490,Fairer Preis,143500,,12/2017,Diesel,190,,
Volkswagen,Touran,1.4 TSI DSG Comfortline 7-Sitzer/Pano/Nav,,17990,Fairer Preis,115900,,12/2016,Benzin,150,,
Volkswagen,Touran,1.4 TSI Cup KLIMA*PDC*SCHIEBEDACH*WINTERP,,15450,Ohne Bewertung,72500,,04/2014,Benzin,140,,
Volkswagen,T6 Transporter,Kasten 2.0 TDI 102PS EURO6,,15990,Guter Preis,100000,,07/2016,Diesel,102,,
Volkswagen,Touran,*1.HAND|7-SITZER|PANO|AUT.|NAVI|ALLW.*,,16850,Sehr guter Preis,135000,,03/2016,Benzin,150,,
Volkswagen,Golf,"GOLF PLUS ""STYLE"" 1.4 TSI `DSG´ aus 2.HAND",,9494,Ohne Bewertung,89754,,01/2012,Benzin,122,,
Volkswagen,Caddy Maxi,Trendline 2.0TDI STANDHEIZ. KLIMA AHK,,22999,Ohne Bewertung,82000,,10/2017,Diesel,102,,
Volkswagen,Caddy Maxi,Caddy MAXI 2.0TDI DSG KLIMA MWST. PDC 5-SITZER,,20990,Ohne Bewertung,100000,,01/2018,Diesel,102,,
BMW,220 Active Tourer,Luxury Line LEDER+LED+PDC+HIFI,,16480,Guter Preis,72000,,06/2017,Benzin,192,,
Mercedes-Benz,B 180,Edition 2021 / 1.Hand /AMG / Pano / Kamera,,24900,Erhöhter Preis,88000,,03/2019,Benzin,136,,
Volkswagen,Caddy Maxi,2.0 TDI *NAVI*KAMERA*PDC*TEMPOMAT*,,15990,Ohne Bewertung,136000,,09/2020,Diesel,102,,
Volkswagen,Touran,Comfortline BlueMotionTech°ACC°Panorama°,,20249,Guter Preis,99800,,11/2017,Benzin,150,,
Volkswagen,T5 Multivan,"AHK, 8-fach, DSG, Highline, TÜV neu",,24499,Ohne Bewertung,101000,,02/2012,Diesel,179,,
Volkswagen,Touran,1.5 TSI OPF DSG Tüv 01.2027,,18500,Guter Preis,106000,,10/2017,Benzin,150,,
Volkswagen,Golf Sportsvan,1.2TSI Comfortline TEMPOMAT+KLIMA,,13699,Erhöhter Preis,104000,,11/2017,Benzin,86,,
Volkswagen,Touran,Highline DSG *1.Hand*Pano.*AHK*Navi*,,21500,Sehr guter Preis,100000,,12/2019,Benzin,150,,
Volkswagen,Sharan,2.0TDI Comfortline BMT AUT./NAVI/7-SITZE,,19890,Guter Preis,96000,,04/2015,Diesel,140,,
BMW,220 Active Tourer,220i Active Tourer Advantage DAB LED Navi AHK,,16480,Fairer Preis,87700,,07/2015,Benzin,192,,
Volkswagen,Touran,1.4 TSI DSG Sound LED Navi Apple Car Play,,20990,Fairer Preis,109168,,02/2018,Benzin,150,,
Dacia,Lodgy,1.6 SCe Comfort Navi Kamera Sitzheizung,,14950,Erhöhter Preis,84671,,05/2019,Benzin,102,,
Volkswagen,Caddy Maxi,Caddy 2.0 TDI  DSG 4MOTION Maxi Beach**Standhzg/,,27900,Ohne Bewertung,93224,,06/2017,Diesel,150,,
Volkswagen,Sharan,1.4 TSI  Comfortline 7-SITZER,,12870,Ohne Bewertung,123384,,03/2012,Benzin,150,,
Volkswagen,Golf Sportsvan,1.4TSI Comfortline BMT*DSG*AHK*SHZ,,14499,Fairer Preis,98261,,03/2016,Benzin,125,,
Volkswagen,Caddy,TSI AHK CLIMATRONIC PDC,,16470,Fairer Preis,75922,,04/2016,Benzin,84,,
BMW,218 Gran Tourer,Gran Tourer 218 d Advantage AUT.*NAVI*PDC*AHK*,,18700,Guter Preis,76067,,11/2015,Diesel,150,,
BMW,218,Baureihe 2 Active Tourer 218 i _traumhaft_,,14900,Fairer Preis,93000,,05/2015,Benzin,136,,
Volkswagen,Golf Sportsvan,1.4 TSI DSG Highline+NAVI+ACC+ALU,,18950,Fairer Preis,62500,,11/2017,Benzin,125,,
Volkswagen,Touran,Comfortline*Family-Paket*LED*Park Assist,,17340,Fairer Preis,91300,,08/2017,Benzin,150,,
Volkswagen,Touran, Touran 1.4 TSI DSG JOIN JOIN Comfortline,,20400,Sehr guter Preis,93500,,05/2018,Benzin,150,,
Volkswagen,T6 Transporter,T6 2.0 TSI Kasten langer Radstand-Navi|PDC|Sitzh,,21500,Fairer Preis,130450,,03/2018,Benzin,150,,
Volkswagen,Golf Sportsvan,Comfortline 1.5 TSI DSG Navi,,20440,Fairer Preis,76700,,05/2019,Benzin,150,,
Volkswagen,Touran,1.4 TSI DSG Comfortline,,21890,Guter Preis,94887,,07/2018,Benzin,150,,
Volkswagen,Caddy,"2,0TDI DSG *KLIMA*ROLLSTUHLRAMPE*",,28980,Ohne Bewertung,76990,,02/2016,Diesel,102,,
BMW,220,i M Sport Gran Tourer Panorama Leder TÜV NEU,,17699,Sehr guter Preis,99137,,02/2017,Benzin,192,,
Volkswagen,Golf Sportsvan,Golf VII Sportsvan 1.0 TSI Join Navi Totwinkel,,17950,Fairer Preis,74510,,10/2018,Benzin,116,,
Volkswagen,Touran,"2.0 TDI Highline, AHK, LED, ACC, Navi",,22490,Fairer Preis,101390,,03/2018,Diesel,150,,
Volkswagen,T5 Multivan,"AHK, Tempomat, Sitzheizung",,23500,Ohne Bewertung,92004,,10/2014,Diesel,102,,
Volkswagen,T5 Kombi,*4Motion*DSG*1.Hd*91.500*7-Sitz*StandHz.,,19999,Ohne Bewertung,91500,,05/2015,Diesel,179,,
Volkswagen,Touran,Comfortline BMT/Start-Stopp,,19900,Guter Preis,108755,,01/2018,Benzin,150,,
Volkswagen,Touran,Cup 1.4 TSI/7-Sitz*Kamera*Navi,,14980,Ohne Bewertung,75000,,11/2014,Benzin,140,,
Volkswagen,Caddy Maxi,Caddy PKW Maxi Trendline BMT 4Motion,,20800,Ohne Bewertung,99000,,09/2015,Diesel,122,,
Volkswagen,Golf,"Sportsvan  1.0 TSI JOIN Navi,Klima,Sitzh,1H",,12999,Guter Preis,103000,,06/2018,Benzin,86,,
Volkswagen,Golf,Sportsvan  AC SHz AHK,,10750,Guter Preis,79000,,09/2015,Benzin,110,,
Volkswagen,Caddy,DSG Maxi Behindertengerecht-Rampe SpaceDri,,39900,Ohne Bewertung,60000,,06/2013,Diesel,102,,
Mercedes-Benz,B 180,AHK/PANORAMA/KLIMA/NAVI/AMBIENTE/MFL/BT,,13900,Sehr guter Preis,88420,,03/2017,Benzin,122,,
Mercedes-Benz,B 180,Sitzheitzung PDC  Klima TÜV NEU,,11975,Ohne Bewertung,81500,,10/2014,Benzin,122,,
Volkswagen,Golf Plus,"1,4 DSG LIFE",,13990,Ohne Bewertung,79542,,09/2013,Benzin,122,,
BMW,220 Active Tourer,220i Active Tourer M Sport,,14680,Guter Preis,123000,,04/2016,Benzin,192,,
Volkswagen,Touran,Comfortline 1.4TSI *Automatik*PDC*AHK*,,13250,Ohne Bewertung,95730,,10/2012,Benzin,140,,
Volkswagen,Caddy,"1,4TSI Comfortline Kamera°Sitz-Hz°1.Hand°",,15950,Guter Preis,103073,,06/2016,Benzin,125,,
Mercedes-Benz,Citan,Kombi 112 lang Klima Sitzheizung Kamera,,17990,Fairer Preis,95418,,01/2017,Benzin,114,,
Volkswagen,Caddy,Trendline*2 Hand*Klima*TÜV 03/2026*Scheckh,,10499,Ohne Bewertung,107322,,09/2012,Benzin,86,,
Volkswagen,Touran,"Join Start-Stopp, LED,Navi,AHK",,23890,Guter Preis,84800,,11/2019,Benzin,150,,
Volkswagen,Golf Sportsvan,/Navi/Temp/Ahk/Pano/Shz/Lhz/Pdc/,,14990,Ohne Bewertung,80000,,08/2014,Benzin,150,,
Volkswagen,Caddy,PKW Join BMT Kamera/Multi/ACC/1.Hand,,18000,Fairer Preis,47515,,11/2018,Diesel,75,,
Volkswagen,Golf,Sportsvan VII Allstar Navi Xenon 1.Hd,,13900,Sehr guter Preis,131000,,08/2016,Benzin,150,,
BMW,218,i GRAN TOURER 136HP 7 SEATS E-HEATER CAM,,17659,Fairer Preis,88660,,06/2016,Benzin,136,,
Volkswagen,Sharan,1.4 TSI Comfortline Navigationssystem,,25980,Fairer Preis,77450,,05/2019,Benzin,150,,
Volkswagen,Touran,Match Navi/Pano/Shz/Multi/Temp/BiXen/Isof,,13799,Ohne Bewertung,62044,,10/2012,Benzin,105,,
Volkswagen,Golf,Sportsvan*NAVI*ACC*LED*STDH*GARANTIE*,,13200,Sehr guter Preis,118450,,04/2017,Benzin,110,,
Volkswagen,Sharan,Cup BMT,,14890,Sehr guter Preis,106747,,06/2015,Benzin,150,,
Citroën,C4,Spacetourer 2.0 Navi 360Z  SHZ el.Klappe,,21990,Fairer Preis,100750,,04/2019,Diesel,163,,
Volkswagen,Caddy,1.0 TSI Trendline Klima Sitzheizung AHK,,19490,Fairer Preis,79969,,06/2019,Benzin,102,,
Volkswagen,Golf,"Sportsvan VII ""55TKM""Panorama""KeylessGo""ACC",,13999,Ohne Bewertung,55000,,02/2015,Benzin,150,,
Volkswagen,Touran,Comfortline-DSG/NAVI - incl. Garantie !!!,,19600,Sehr guter Preis,125000,,11/2020,Diesel,150,,
Volkswagen,T5 Caravelle,2.0TDI DSG Comfort 4Motion*8Sitze,,23995,Ohne Bewertung,85000,,03/2012,Diesel,179,,
Volkswagen,T5 Multivan,T5Bulli*Trendline*2.HD*Standheizung*Navi*AHK,,22990,Ohne Bewertung,95000,,08/2012,Diesel,179,,
Volkswagen,Golf,Sportsvan VII Highline BMT/Start-Stopp,,16790,Guter Preis,47600,,04/2015,Benzin,150,,
Ford,Transit Custom,TRANSIT CUSTOM KASTEN 340 L2 TREND NAVI+ACC+TÜV+,,23998,Erhöhter Preis,49900,,02/2017,Diesel,170,,
Mercedes-Benz,B 250,",eAC,BI Xenon,SHz,Navi,PDC;",,15550,Ohne Bewertung,93000,,04/2013,Benzin,211,,
Volkswagen,Sharan,Comfortline 1.4 TSI BlueMotion Tech.,,17700,Fairer Preis,122783,,05/2015,Benzin,150,,
Volkswagen,Touran,1.4 TSI DSG Comfortline 7-Sitzer LED Navi,,24990,Fairer Preis,53711,,01/2017,Benzin,150,,
Volkswagen,Caddy,"Beach 1,4 TSI AHK+SHZ+APA+RFK+QUQUQ-BOX",,19990,Fairer Preis,104499,,04/2018,Benzin,125,,
Volkswagen,Golf Sportsvan,1.4 TSI Comfli.-Pano-AHK-Kamera-,,14400,Fairer Preis,92800,,04/2016,Benzin,125,,
Volkswagen,T6 Transporter,2.0 TDI Kasten Werkstatt Klima,,23998,Fairer Preis,89000,,03/2018,Diesel,102,,
Volkswagen,Caddy,"1,4 TSI Comfortline BMT/L+R/SH/PDC/16""LMF",,17980,Fairer Preis,117351,,01/2017,Benzin,125,,
Mercedes-Benz,B 220,4MATIC DCT  AHK NAVI SHZ AMG | GARANTIE,,18750,Fairer Preis,70124,,05/2015,Benzin,184,,
Volkswagen,Touran,1.6 TDI DSG Navi Sitzheizung 7-Sitzer AHK,,18990,Fairer Preis,64962,,04/2015,Diesel,105,,
Volkswagen,Touran,Highline 1.4 TSI DSG LED Navi ACC Kamera,,21950,Fairer Preis,106410,,01/2018,Benzin,150,,
Volkswagen,Caddy,1.0 TSI Kombi BMT Navi Sitzheizung PDC USB,,21950,Erhöhter Preis,81009,,10/2019,Benzin,102,,
BMW,220,i Gran Tou. M Sp. AHK PA DA  Pano HiFi Navi,,18490,Guter Preis,113089,,11/2016,Benzin,192,,
Volkswagen,Sharan,Highline BMT*DSG*7Sitze*Navi*PDC*2.Hand,,23999,Fairer Preis,102890,,12/2015,Diesel,150,,
Volkswagen,Caddy,1.4 TSI Trendline PDC/KLIMA/NAVI,,14950,Fairer Preis,112400,,12/2015,Benzin,125,,
Volkswagen,Touran,1.8 TSI DSG - volle Ausstattung - 7 Sitze,,24250,Guter Preis,96000,,08/2018,Benzin,179,,
Volkswagen,Caddy Maxi,Comfortline BMT DsG 7 Sitzer EURO 6,,22500,Ohne Bewertung,90000,,01/2016,Diesel,102,,
Volkswagen,Caddy,Maxi  BMT DsG 7 2.0 TDI,,22500,Fairer Preis,90000,,01/2016,Diesel,102,,
Volkswagen,Touran,Cup BMT//GARANTIE/NAVI/ALU/PARKASSISTENT/,,13699,Fairer Preis,97000,,10/2015,Benzin,105,,
Volkswagen,Touran,Trendline *1.Hand*Pano.*Navi*Park ass.*,,19300,Guter Preis,75000,,03/2019,Benzin,116,,
Volkswagen,Caddy,PKW Edition 35 Sitzh. HU/AU Service neu,,19990,Erhöhter Preis,86728,,11/2017,Benzin,125,,
BMW,218 Active Tourer,Advantage Sport Auto. Navi,,16990,Fairer Preis,81686,,07/2018,Benzin,136,,
Volkswagen,Golf,Sportsvan VII Sound*CAM*NAVI*DAB+*ACC*,,14497,Sehr guter Preis,85000,,09/2018,Benzin,110,,
Volkswagen,Caddy,"1.4 TSI PARKASSIST,ACC,KAMERA,CARPLAY,1.HD",,23720,Fairer Preis,99561,,02/2020,Benzin,131,,
Volkswagen,Golf Sportsvan,1.4 TSI Lounge/PANO/NAVI/CLIMATR.,,15499,Fairer Preis,72464,,04/2015,Benzin,125,,
Volkswagen,Touran,Highline Aut./Pano/LED/7-Sitze/Garantie !,,19990,Sehr guter Preis,68768,,05/2016,Benzin,150,,
Volkswagen,T5 Transporter,T5 Bus Multivan Highline STDHZ AHK KAM XENON NAV,,24500,Ohne Bewertung,100000,,09/2012,Diesel,179,,
Volkswagen,Touran,1.5 TSI Comfortline 7-Sitzer  AHK Standhe,,20930,Guter Preis,113991,,08/2019,Benzin,150,,
BMW,218 Active Tourer,Advantage i 1.5 LED SHZ PDC,,12900,Fairer Preis,108693,,09/2016,Benzin,136,,
Volkswagen,T6 andere,T6/T5 Behindertengerecht-Rampe-elk. Lift-DSG,,29900,Ohne Bewertung,120000,,01/2013,Diesel,140,,
Volkswagen,T5 Multivan,T5/T6 Behindertengerecht-Rampe-DSG-elk. Lift,,29900,Ohne Bewertung,120000,,01/2013,Diesel,140,,
Volkswagen,Caddy Maxi,1.2 TSI Camper Klima 5-Sitzer Solar,,15300,Ohne Bewertung,86000,,09/2011,Benzin,105,,
Volkswagen,Golf Sportsvan,VII Allstar 1.4 TSI DSG NAVI SHZ,,15890,Guter Preis,93575,,09/2016,Benzin,150,,
Volkswagen,Caddy,1.2 TSI BMT Kombi Klima PDC USB Bluetooth,,13490,Fairer Preis,117008,,03/2017,Benzin,84,,
Volkswagen,Touran,1.8 TSI DSG HIGHLINE PANO NAVI ACC KAMERA,,25777,Fairer Preis,100226,,01/2018,Benzin,179,,
Volkswagen,Golf Sportsvan,"1.5 TSI DSG Comfortline LED, ACC",,19444,Fairer Preis,63000,,03/2018,Benzin,131,,
Volkswagen,Touran,1.4 l TSI 6-Gang Join ++LED++NAVIGATION++,,19880,Erhöhter Preis,94500,,06/2018,Benzin,150,,
Volkswagen,Caddy Maxi,7-Sitzer/Navi/AHK/PDC/Tempomat,,19980,Ohne Bewertung,95150,,04/2013,Diesel,140,,
Volkswagen,Sharan,Cup BMT Automatik*NAVI*PANO*TEMPOMAT*SHZ*,,19950,Fairer Preis,106710,,04/2015,Diesel,140,,
Volkswagen,Touran,Comfortline 1.4 TSI DSG,,19880,Fairer Preis,108275,,03/2018,Benzin,150,,
Mercedes-Benz,B 200,B -Klasse B 200,,16400,Fairer Preis,97300,,10/2015,Benzin,156,,
Volkswagen,Golf Sportsvan,VII Highline BMT S/S 1.4 TSI AHK/,,14490,Ohne Bewertung,74998,,07/2014,Benzin,150,,
Volkswagen,Golf Sportsvan,Golf VII Sportsvan 1.5 TSI LED Navi AHK Kamera,,19950,Fairer Preis,82189,,09/2019,Benzin,131,,
Volkswagen,Caddy,PKW Maxi Trendline BMT*Klima*SHZ*PDC*,,20900,Guter Preis,103285,,03/2018,Diesel,150,,
Volkswagen,Golf Sportsvan,1.5 TSI Highline ACC AHK Kamera,,14890,Ohne Bewertung,83692,,06/2018,Benzin,131,,
Volkswagen,Touran,1.5 TSI United+NAVI+LED+RFK+Klima+7 Sitze,,26390,Fairer Preis,45110,,08/2020,Benzin,150,,
Volkswagen,Golf,Sportsvan|PDC|AHK|Kam|Temp|Automatik,,13799,Guter Preis,87200,,11/2015,Diesel,110,,
Mercedes-Benz,B 180,BlueEFFICIENCY,,17900,Ohne Bewertung,73413,,07/2013,Benzin,122,,
Volkswagen,Touran,Cup 1.2 TSI NAVI PDC Klima Navi,,13980,Ohne Bewertung,100400,,02/2015,Benzin,105,,
Mercedes-Benz,B 200,|PDC|SHZ|AHK|Klima|Navi|Bi-Xenon|Isofix|USB,,14790,Ohne Bewertung,93500,,06/2012,Benzin,156,,
Volkswagen,Touran,Highline BMT*Automatik*1.Hand*Navi*LED,,16790,Sehr guter Preis,96190,,03/2017,Benzin,150,,
Volkswagen,Touran,1.4 TSI Sound BlueMotion Aut.*NAVI*,,21490,Fairer Preis,105462,,02/2018,Benzin,150,,
Volkswagen,Caddy,"1,4TSI 92kW BMT Comfortline 5-Sitzer C...",,18950,Fairer Preis,104000,,03/2018,Benzin,125,,
Volkswagen,Touran,1.2 TSI Comfortline BMT 7-Sitzer/Navi,,15500,Fairer Preis,102380,,06/2016,Benzin,110,,
Volkswagen,Golf Sportsvan,Xenon Standheizung Panorama,,13795,Ohne Bewertung,91800,,11/2014,Benzin,125,,
Volkswagen,T5 Multivan,CUP SHZ StHR AHK 7sitzer,,26000,Ohne Bewertung,91500,,03/2014,Diesel,179,,
Mercedes-Benz,B 180,Navigation/Tempo/PTS/SHZ,,10999,Ohne Bewertung,93000,,01/2013,Benzin,122,,
Volkswagen,Golf Sportsvan,1.4 TSI Aut. XENON/NAVI/MULTI,,13900,Sehr guter Preis,93000,,02/2015,Benzin,125,,
Volkswagen,Touran,1.5 TSI Comfortline LED AHK NAVI PDC 16,,20950,Guter Preis,76000,,07/2019,Benzin,150,,
BMW,218 Active Tourer,"218i Active Tourer ,Navi,Alu,PDC,Tüv5-26",,10999,Sehr guter Preis,93877,,05/2015,Benzin,136,,
Volkswagen,Touran,Life SHZ/Parkassist/AHK/Tempom./16 LM,,13980,Ohne Bewertung,103850,,12/2014,Benzin,140,,
Volkswagen,Touran,Comfortline BMT/Start-Stopp-Klima-Navi-SH,,15990,Fairer Preis,113000,,01/2016,Benzin,150,,
Volkswagen,Golf Sportsvan,VII Comfortline*Navi*PDC*Klima*,,12850,Ohne Bewertung,101930,,07/2014,Benzin,150,,
BMW,218,"i DCT ""Advantage""  *LED*Navi*el. Heckk.*SH...",,17990,Sehr guter Preis,32840,,09/2019,Benzin,140,,
Volkswagen,Golf Sportsvan,VII BMT/Start-St *1.HAND*PDC*NAVI,,12999,Guter Preis,72294,,08/2016,Benzin,125,,
Volkswagen,Golf Sportsvan,1.2 TSI #Allstar #Tempomat #Einpa,,13990,Ohne Bewertung,121458,,02/2017,Benzin,110,,
Mercedes-Benz,B 200,AMG-PAKET / Bi-XENON / NAVI / ALCANTARA,,18880,Fairer Preis,74500,,08/2015,Benzin,156,,
Volkswagen,Sharan,"1.4 16V TSI, Standheitzung, elektr. Schie",,21990,Guter Preis,83395,,06/2018,Benzin,150,,
Volkswagen,Touran,CrossTouran*DSG*Navi*Sitzh.*Fin.ab149€*,,14980,Ohne Bewertung,120953,,05/2013,Benzin,170,,
Volkswagen,Caddy,"Comfortline 1.4 TSI Xenon Alu 16""",,19990,Erhöhter Preis,95100,,07/2018,Benzin,125,,
Mercedes-Benz,B 180,SPORT / WHITE / KAMERA / SHZ / PDC,,12444,Sehr guter Preis,77000,,05/2015,Benzin,122,,
Volkswagen,Caddy,Highline BMT*AHK*LED*AUTOMATIK*PDC*ACC*,,22980,Guter Preis,84500,,07/2018,Benzin,125,,
Volkswagen,Caddy,"2.0 TDI DSG 150PS Family Navi, Standheizung, AHK",,19500,Sehr guter Preis,117800,,03/2017,Diesel,150,,
Volkswagen,Touran,Highline 1.8*BMT*PANO*STANDHEIZUNG*2.Hd,,23590,Guter Preis,95000,,05/2018,Benzin,179,,
Volkswagen,Touran,1.4 TSI*Navi*AHK*Panorama*Assist*7 Sitze,,12950,Ohne Bewertung,88255,,09/2014,Benzin,140,,
BMW,218 Active Tourer,218i Active Tourer Advantage Aut. Klimaaut. PDC,,16930,Fairer Preis,72000,,12/2017,Benzin,136,,
Volkswagen,Caddy Maxi,1.4 BMT |TüV neu | 7-Sitzer,,20990,Ohne Bewertung,95450,,04/2018,Benzin,125,,
Volkswagen,Golf Sportsvan,GOLF VII SPORTSVAN 1.4 TSI CLIMATRONIC PDC,,14930,Ohne Bewertung,73393,,02/2015,Benzin,150,,
Volkswagen,Sharan,1.4 TSI Comfortline DSG 7-Sitze Navi Park,,25930,Fairer Preis,97750,,07/2018,Benzin,150,,
Volkswagen,Caddy,"2,0 TDI DSG Highline AHK StdHzg. ACC Xenon",,22900,Fairer Preis,95000,,05/2016,Diesel,102,,
Mercedes-Benz,B 250,"AMG NIGHTPAKET STANDHZ,H/K,KEYLESS,COMAND",,23870,Fairer Preis,68762,,06/2018,Benzin,211,,
Volkswagen,Golf Sportsvan,1.2 TSI DSG Comfortline,,13990,Ohne Bewertung,79212,,02/2015,Benzin,110,,
Volkswagen,Caddy,Maxi 2.0 TDI - 7pl - GPS - Airco - Topstaa,,21990,Fairer Preis,95165,,06/2018,Diesel,102,,
Mercedes-Benz,B 200,B -Klasse B 200 CDI *LED*NAVI*SHZ*AHK*TEMPOMAT,,15980,Fairer Preis,86579,,06/2015,Diesel,136,,
Volkswagen,Golf Sportsvan,Comfortline 1.2 TSI|SHZ|PDC|LM|,,9758,Guter Preis,98040,,12/2014,Benzin,86,,
Mercedes-Benz,B 220,B220 Peak Edition 4Matic AMG LED Navi Tempomat,,22490,Sehr guter Preis,73567,,11/2018,Benzin,184,,
Volkswagen,Golf Sportsvan,"(1,4 TSI Allstar) 1,4 TSI *Allsta",,15999,Guter Preis,86800,,09/2016,Benzin,150,,
Mercedes-Benz,Vito,114 CDI Kasten Lang KAMERA+KLIMA+TEMPOMAT,,23193,Fairer Preis,61597,,07/2020,Diesel,136,,
Volkswagen,T6 Multivan,Comfortline Navi ACC,,30800,Sehr guter Preis,109546,,12/2015,Diesel,204,,
Volkswagen,Touran,Cup 1.4 TSI  ** Sitzheizung+Pdc+Klima **,,13500,Ohne Bewertung,89900,,04/2014,Benzin,140,,
Volkswagen,Caddy,Maxi Behindertengerecht-Rampe,,23900,Ohne Bewertung,44000,,03/2013,Benzin,105,,
Volkswagen,T5 Transporter,4x4 VOLLAUSSTATTUNG,,20900,Ohne Bewertung,84010,,01/2012,Diesel,179,,
Mercedes-Benz,Sprinter,II Kombi 316 Benzin Automatik/9-Sitzer,,22500,Ohne Bewertung,125000,,06/2012,Benzin,156,,
Volkswagen,Golf Sportsvan,"Allstar 1.4 TSI, Klimaautomatik, ",,16490,Fairer Preis,79250,,01/2017,Benzin,150,,
Volkswagen,Sharan,Highline BMT  7.Sitzer*PANORAMA*PDC*SHZ*,,18950,Ohne Bewertung,109000,,08/2014,Diesel,140,,
Volkswagen,Crafter,mittel L2H2 Hochdach *AUSBAU*NAVI*89TKM,,22990,Hoher Preis,89420,,06/2015,Diesel,136,,
Volkswagen,T5 Multivan,T5 Bus 2.0 4Motion Multivan Comfortline Allrad,,19500,Ohne Bewertung,102000,,01/2012,Diesel,179,,
Volkswagen,Golf,Plus VI 1.4 TSI Match/SHZ/PDC/KLIMA/EU5,,8740,Ohne Bewertung,107335,,11/2012,Benzin,122,,
Peugeot,Partner,1.6 BlueHDi Sitzheizung Tempomat PDC AHK,,15490,Fairer Preis,88382,,01/2018,Diesel,99,,
Volkswagen,Caddy,Maxi 1.6 TDI Behindertengerecht-Rampe,,20950,Ohne Bewertung,128405,,08/2011,Diesel,102,,
Volkswagen,Sharan,"2.0 TDI Cup Pano,Keyless,AHK,8-Fach...",,19490,Ohne Bewertung,92600,,07/2014,Diesel,177,,
Volkswagen,Golf Sportsvan,Golf VII Sportsvan 1.5 TSI Navi AHK ACC PDC,,16990,Guter Preis,86893,,05/2019,Benzin,131,,
Volkswagen,Touran,Life*NAVI*PDC*SHZG*KLIMAAUTOM*2.HAND*,,12499,Ohne Bewertung,96000,,03/2014,Benzin,105,,
Volkswagen,T6 Transporter,Kasten lang 2.0 TSI-Klima-AHK,,23900,Erhöhter Preis,98000,,10/2018,Benzin,150,,
Volkswagen,T6 Transporter,T6 Kasten lang Klima Navi Standhz Regalsystem,,20990,Sehr guter Preis,108953,,02/2018,Diesel,150,,
Mercedes-Benz,Sprinter,II Kasten 313 CDI *1.Hand*TÜV neu,,19999,Fairer Preis,72900,,02/2016,Diesel,129,,
Volkswagen,T5 Multivan,Highline mit  ATM von VW,,21950,Ohne Bewertung,115200,,10/2012,Diesel,179,,
Citroën,Berlingo,"1,6 XTR Behindertengerecht-Rampe",,16900,Ohne Bewertung,78700,,08/2009,Diesel,109,,
Volkswagen,Caddy,Maxi-DSG-Behindertengerecht-Rampe-140-PS,,22900,Ohne Bewertung,131000,,12/2011,Diesel,140,,
Volkswagen,Golf Sportsvan,", AHK, Klima, Sitzheizung",,10990,Ohne Bewertung,74256,,09/2014,Benzin,110,,
BMW,220 Active Tourer,220i Active Tourer Advantage Bluetooth PDC MP3 S,,14530,Erhöhter Preis,126000,,02/2016,Benzin,192,,
Volkswagen,Sharan,LIFE Comfortline*6 Sitzplätze+NAVI*,,13990,Ohne Bewertung,110000,,07/2013,Benzin,150,,
Volkswagen,T6 Multivan,2.0TDI *Navi*AHK*2.Hand*PDC vo/hi*,,30980,Guter Preis,91000,,05/2016,Diesel,102,,
Volkswagen,Touran,"Highline BlueMotion Technology 1,8 l TSI",,18880,Guter Preis,125000,,09/2016,Benzin,179,,
Volkswagen,Caddy,PKW DSG*AHK*Navi*PDC*Metallic,,22490,Fairer Preis,83000,,07/2018,Benzin,125,,
BMW,218 Gran Tourer,d M Sport LED+KLIMAAUTO+NAVI+PDC,,21495,Fairer Preis,100588,,11/2017,Diesel,150,,
Volkswagen,Golf Sportsvan,VII Comfortline*SHZ*PDC*MFKL*AUTO,,13500,Ohne Bewertung,80000,,08/2014,Benzin,150,,
Volkswagen,Touran,1.4 TSI Comfortline 1.Hd. 2xPDC,,17990,Guter Preis,89974,,02/2018,Benzin,150,,
Volkswagen,Touran,1.2 TSI Sound ACC+SHZ+NAVI+PDC+KLIMA,,16490,Guter Preis,95100,,09/2017,Benzin,110,,
Volkswagen,Crafter,35 Kombi STHZ. *Rollstuhl-Rampe* 9-SITZE,,19990,Ohne Bewertung,95000,,08/2012,Diesel,136,,
Volkswagen,Golf Sportsvan,GolfSportsvan VII 1.4Aut. Navi Kamera AHK SHZ 1.,,14990,Guter Preis,87500,,03/2016,Benzin,125,,
Volkswagen,Caddy,Maxi 2.0 TDI Behindertengerecht-Rampe,,29950,Ohne Bewertung,109382,,08/2016,Diesel,150,,
Mercedes-Benz,B 200,"B Klasse B 200, LED, SITZHEIZG, StandHeizg, NAVI",,14690,Guter Preis,98858,,07/2015,Benzin,156,,
Volkswagen,Golf Sportsvan,1.5 TSI DSG IQ.DRIVE ACC LED Navi,,22950,Fairer Preis,77133,,10/2019,Benzin,150,,
Mercedes-Benz,B 250,URBAN LED HARMANN NIGHT AUT 4MATIC,,21800,Erhöhter Preis,73433,,06/2016,Benzin,211,,
Volkswagen,Golf,Sportsvan VII Lounge BMT/Start-Stopp*2 Hand,,13999,Guter Preis,131180,,06/2016,Benzin,125,,
Volkswagen,Touran,TOURAN 1.8 TSI HIGHLINE AUTOMATIK KLIMA LED 1.Hd,,18299,Guter Preis,111923,,05/2017,Benzin,179,,
Volkswagen,T5 Caravelle,Trendline DSG~Tempomat~Navi~PDC~,,23999,Ohne Bewertung,105900,,04/2015,Diesel,179,,
Volkswagen,Golf,VI Plus Match T-Leder Winterpaket Klima PDC,,8990,Ohne Bewertung,88444,,03/2013,Benzin,86,,
Volkswagen,Sharan,SHARAN 1.4 TSI HIGHLINE AHK+ALCANTARA+SHZ,,21830,Erhöhter Preis,65919,,02/2017,Benzin,150,,
Volkswagen,Touran,JOIN TSI 7-SITZE AHK STANDHZG NAVI,,21430,Guter Preis,83404,,07/2018,Benzin,150,,
Volkswagen,T5 Multivan,Multivan 2.0 TDI DSG Cup 4Motion Xen/Kam/AHK,,26999,Ohne Bewertung,96460,,12/2013,Diesel,179,,
Volkswagen,T5 Multivan,"AHK, DSG,Navi, 7 Sitzer ",,25800,Ohne Bewertung,107000,,04/2014,Diesel,179,,
Mercedes-Benz,Vito,114 Tourer Pro 4x4 Automatik 8 Sitze,,31970,Fairer Preis,63943,,06/2020,Diesel,136,,
BMW,225 Active Tourer,225i Active Tourer xDrive Luxury Line,,17890,Fairer Preis,106000,,11/2016,Benzin,231,,
Mercedes-Benz,B 200,EXKLUSIV LEDER BRAUN KAMERA SHZ PTS MEMORY,,17400,Ohne Bewertung,74812,,10/2012,Benzin,156,,
Volkswagen,Golf,VII Sportsvan 1.6 TDI Lounge BMT+Garantie+,,13700,Fairer Preis,116749,,09/2015,Diesel,110,,
Volkswagen,Caddy Maxi,CNG HIGHLINE*7-SITZER*LEDER/ALCANTARA,,18985,Ohne Bewertung,76800,,10/2017,Benzin,110,,
Volkswagen,Caddy,Maxi CNG HIGHLINE*7-SITZER*LEDER/ALCANTARA,,18985,Fairer Preis,76800,,10/2017,Benzin,110,,
Volkswagen,T5 Multivan,| 4 Motion | Automatik | Bi Xenon ,,24990,Ohne Bewertung,85481,,12/2014,Diesel,179,,
Mercedes-Benz,B 160,BlueEfficiency (AHK*NAVI*PDC*TEIL-LEDER),,6950,Ohne Bewertung,143585,,03/2011,Benzin,95,,
Volkswagen,Touran,"1,4 TFSI  Comfortl. DSG , Panorama 7 Sitz",,17950,Guter Preis,112000,,04/2017,Benzin,150,,
Volkswagen,Caddy,1.4 TSI Comfortline Bi Xenon Park Lenk 5Si,,19990,Fairer Preis,115000,,01/2018,Benzin,125,,
Volkswagen,Touran,Highline*PDC*NAVI*SHZ*AHK*7-Si*MFKL*TOP*,,13900,Ohne Bewertung,117000,,08/2013,Benzin,140,,
Volkswagen,Caddy,Maxi Life Behindertengerecht-Rampe + Sitz,,21950,Ohne Bewertung,85647,,05/2009,Diesel,105,,
Volkswagen,Sharan,Highline Automatik DSG TÜV/AU 11/2026,,18950,Ohne Bewertung,97000,,03/2013,Diesel,170,,
Mercedes-Benz,B 180,'Aut.''81.100KM'Navi'S-Heft'F1',,14900,Ohne Bewertung,81100,,01/2013,Benzin,122,,
Volkswagen,Caddy,Kombi Maxi Cup BMT 7 Sitzer 1.Hand,,25990,Ohne Bewertung,79239,,11/2014,Diesel,140,,
Volkswagen,T6 Transporter,Kasten-Kombi Kasten,,19000,Sehr guter Preis,85000,,04/2018,Benzin,150,,
Volkswagen,Caddy Maxi,1.4 TSI Trendline*Navi*PDC*Tempomat*,,22890,Ohne Bewertung,83706,,02/2020,Benzin,131,,
Volkswagen,Caddy,Maxi Tramper Beach DSG VAG--gepflegt,,23950,Ohne Bewertung,115000,,04/2015,Diesel,102,,
BMW,218 Active Tourer,218i Active Tourer Advantage 1.Hand/Aut/Navi/RFK,,15800,Guter Preis,69000,,05/2017,Benzin,136,,
Volkswagen,Touran,1.4 TSI Sound BlueMotion Aut.*NAVI*SHZ*,,22190,Guter Preis,72835,,12/2017,Benzin,150,,
Volkswagen,Touran,1.4 TSI R-Line DSG Navi LED ACC,,22990,Fairer Preis,61000,,07/2018,Benzin,150,,
Volkswagen,Caddy,"-1,4-Maxi-Behindertengerecht-Rampe",,29900,Ohne Bewertung,65000,,08/2017,Benzin,125,,
Volkswagen,Caddy,PKW Maxi Trendline BMT*AHK*SHZ*7.SITZER,,19995,Guter Preis,67990,,03/2017,Benzin,125,,
Volkswagen,Touran,"Sound BMT, Navi,Kamera, AHK,7 Sitzer,LMF",,22990,Fairer Preis,73640,,01/2018,Benzin,150,,
Volkswagen,Golf,VII Sportsvan DSG Sound ACC~Navi3D~RFKamera,,15980,Guter Preis,59881,,06/2017,Benzin,110,,
Volkswagen,Touran,1.8 TSI Highline R-Line+AHK+ACC+Kamera+BC,,27859,Erhöhter Preis,87000,,02/2018,Benzin,179,,
Volkswagen,Caddy,Maxi BMT | 7-SITZER | NAVI | AHK | ALU |,,21880,Fairer Preis,109489,,03/2018,Benzin,125,,
Volkswagen,Caddy Maxi,BMT | 7-SITZER | NAVI | AHK | ALU |,,21880,Ohne Bewertung,109489,,03/2018,Benzin,125,,
Volkswagen,Caddy,2.0 TDI Navi ACC Sitzheizung Tempomat DAB,,19490,Fairer Preis,99914,,04/2018,Diesel,102,,
Volkswagen,T6 Transporter,T6 Kasten 2.0 TDI Werkstatt Standheizung,,21999,Guter Preis,89900,,07/2018,Diesel,102,,
Mercedes-Benz,B 220,4Matic*AHK*BI-XENON*NAVI*PDC*SIHZ*ALU*BT,,14999,Ohne Bewertung,89800,,09/2014,Benzin,184,,
Volkswagen,Touran,1.2 Einparkhilfe Navi AHK Allwetter 7Sitz,,15990,Fairer Preis,119000,,05/2016,Benzin,110,,
Volkswagen,Golf,Plus VI Life*PDC*STANDHEIZUNG*AAHK*,,8900,Guter Preis,106000,,09/2013,Benzin,122,,
Volkswagen,Caddy,1.4 TSI Comfortline*Sihzg*GRA*APP*PDC*ALU*,,18650,Sehr guter Preis,106000,,04/2018,Benzin,125,,
Volkswagen,Golf Sportsvan,Golf VII Sportsvan 1.0 TSI DSG Navi Kamera DAB,,19490,Fairer Preis,62940,,06/2018,Benzin,110,,
Volkswagen,Touran,Comfortline BMT/Start-Stopp Sound,,16495,Fairer Preis,107863,,01/2017,Benzin,110,,
Mercedes-Benz,B 250,AMG Line /LED/NAVI/7-G/PDC/SHZ/LEDER,,20990,Guter Preis,72000,,04/2016,Benzin,211,,
Volkswagen,Caddy Maxi,1.4 TSI Trendline*Navi*PDC*Tempomat*,,23980,Ohne Bewertung,83706,,02/2020,Benzin,131,,
Volkswagen,Caddy,Maxi 2.0 TDI Behindertengerecht-Rampe,,28950,Ohne Bewertung,109874,,03/2017,Diesel,102,,
Volkswagen,Golf,Plus Match 1.2 TSI  DSG/ KLIMAA/AUX/SHZ,,9250,Ohne Bewertung,84560,,09/2012,Benzin,105,,
Volkswagen,Sharan,Match,,13999,Ohne Bewertung,115000,,06/2012,Benzin,200,,
Volkswagen,Sharan,Highline BMT 2.0 TDI 7 Sitze Leder Navi,,22450,Ohne Bewertung,89559,,10/2015,Diesel,140,,
Volkswagen,Golf,Plus VI Match/ Navi/SHZ/PDC/AHK abn./1.Hand,,8990,Ohne Bewertung,100000,,07/2012,Benzin,122,,
Volkswagen,Sharan,1.4TSI Sound 7-Sitzer Navi el.Schiebetüre,,22890,Fairer Preis,115700,,11/2017,Benzin,150,,
Volkswagen,Touran,Join 7-Sitzer/LED/Navi/AHK/el.Heck/SHZ/Ka,,23480,Fairer Preis,106500,,05/2018,Benzin,150,,
Volkswagen,Golf Sportsvan,VII Allstar BMT 1.4 TSI Navi AHK ,,16980,Fairer Preis,72300,,10/2016,Benzin,125,,
Volkswagen,Caddy,/Sondermodell Edition30,,13400,Ohne Bewertung,86500,,05/2013,Benzin,105,,
Volkswagen,Caddy,Maxi Trendline 7-Sitze/2xSchiebetür/1.Hand,,18750,Fairer Preis,78220,,06/2017,Benzin,102,,
BMW,218,i Active Tourer M Sport LED Panorama Kamera,,22990,Erhöhter Preis,81715,,01/2018,Benzin,136,,
Ford,S-Max,S-MAX 2.0*Titanium*LED*Navi*Automatik*ACC*1.Hd,,19490,Fairer Preis,118000,,11/2019,Diesel,150,,
Volkswagen,T5 Multivan,", DSG Getriebe, AHK, Standheizung",,26690,Ohne Bewertung,100150,,11/2014,Diesel,140,,
Volkswagen,Touran,1.4 TSI DSG Comfortline 7-Sitzer AHK,,20900,Guter Preis,88900,,05/2018,Benzin,150,,
Volkswagen,Sharan,Cup 2.0 TDI Navi El. Schiebetüren Mehrzon,,19970,Fairer Preis,96000,,06/2015,Diesel,140,,
Volkswagen,Touran,Trendline 1.6 TDI+Navi+Sitzheizung+Klimaa,,19670,Erhöhter Preis,91464,,02/2016,Diesel,110,,
Volkswagen,T6 Kombi,2.0TDI DSG LED NAV STANDHZG 8-SITZE AHK,,29680,Guter Preis,107450,,01/2017,Diesel,150,,
Volkswagen,Touran,Comfortline BMT/Start-Stopp,,18990,Fairer Preis,99474,,07/2018,Benzin,150,,
Volkswagen,T6 Multivan,"2.0 TDI 4M HIGHLINE MEMORY,STANDHEIZ",,40880,Guter Preis,87593,,10/2017,Diesel,204,,
Mercedes-Benz,Vito,116 CDI kompakt Automatik *Doppelschiebetür,,23900,Ohne Bewertung,104000,,09/2014,Diesel,163,,
Volkswagen,Golf,Sportsvan VII Allstar -ACC-SHZ TÜV HU NEU,,11399,Sehr guter Preis,125000,,03/2016,Benzin,125,,
Volkswagen,Touran,Sound BMT/ACC/NAVI/1. HAND,,17890,Sehr guter Preis,109850,,12/2017,Benzin,150,,
Volkswagen,T6 Kombi,T6.1 Kombi 2.0 TDI 7-DSG 9-SITZER+2xKLIMA+AHK,,33900,Fairer Preis,76950,,03/2021,Diesel,150,,
Volkswagen,Golf,Sportsvan VII Comfortline *Tüv,,13990,Fairer Preis,100000,,12/2018,Benzin,116,,
Volkswagen,Golf,Sportsvan VII Highline BMT/Start-Stopp,,18900,Erhöhter Preis,54500,,09/2017,Benzin,125,,
Volkswagen,Golf Sportsvan,Golf VII Sportsvan 1.5 TSI ACT Highline Aut.,,19920,Fairer Preis,81490,,05/2018,Benzin,150,,
Volkswagen,Sharan,2.0 TDI DSG /7.SITZER/NAVI/LED/PANO/GARAN,,19990,Ohne Bewertung,134000,,07/2013,Diesel,177,,
Volkswagen,Caddy,1.6 TDI Behindertengerecht-Rampe,,23950,Ohne Bewertung,57592,,11/2012,Diesel,102,,
Volkswagen,Touran,1.4 TSI Comfortline*NAVI*LED*ACC*7-SITZE,,21480,Fairer Preis,86400,,05/2018,Benzin,150,,
Volkswagen,Sharan,Highline 7-Sitze Leder Bi-Xenon AHZV,,19900,Guter Preis,93735,,06/2015,Diesel,177,,
Volkswagen,Golf Sportsvan,"Lounge (*Lounge* Navi* ) 1,2 TSI ",,13999,Fairer Preis,88700,,09/2015,Benzin,110,,
Volkswagen,Golf Sportsvan,IQ.Drive 1.5 TSI DSG Navi ACC,,20666,Erhöhter Preis,77200,,10/2019,Benzin,150,,
Volkswagen,Tiguan,Lounge Sport & Style BMT*Navi*Kamera*SHZ,,12900,Guter Preis,103000,,06/2015,Benzin,150,,
Volkswagen,Touran,TOURAN HIGHLINE/ R-LINE°BMT/NAVI°PDC°7 Sitz.,,21590,Fairer Preis,124091,,01/2017,Benzin,179,,
Volkswagen,Touran,1.4 TSI Comfortline 7G-DSG |Parkassist|,,12950,Ohne Bewertung,111295,,07/2013,Benzin,140,,
Volkswagen,Touran,Comfortline BMT/Start-Stopp NAVI PDC SHZ,,16999,Fairer Preis,90000,,07/2017,Benzin,150,,
BMW,220 Active Tourer,i AUTOMATiK *NAVi*PDC*,,14950,Fairer Preis,95000,,08/2015,Benzin,192,,
Volkswagen,Caddy,1.0 TSI Trendline Navi Sperrdiff. ACC 2-Zo,,17925,Fairer Preis,90808,,04/2018,Benzin,102,,
Volkswagen,Sharan,Cup 7 SITZER NAVI 1.HD BI-XEN SHZ TEMPO,,17990,Guter Preis,128813,,12/2015,Benzin,150,,
Volkswagen,Caddy,"2,0TDI 90kW 4MOTION Maxi  7-Sitzer",,23900,Guter Preis,110000,,02/2016,Diesel,122,,
Volkswagen,Touran,Comfortline,,12990,Ohne Bewertung,96937,,04/2013,Benzin,140,,
Volkswagen,T5 Kombi,T5 4MOTION Kurz Diff-Sperre 7-Sitze Standheizung,,24930,Ohne Bewertung,83202,,09/2011,Diesel,140,,
Volkswagen,Golf Sportsvan,Highline DSG Xenon TSI AHK,,13885,Sehr guter Preis,108160,,03/2015,Benzin,125,,
Volkswagen,Golf Sportsvan,"1.4 TSI Allstar (HU+Insp. neu,",,16300,Fairer Preis,84543,,01/2017,Benzin,150,,
Volkswagen,Caddy,1.2 TSI Trendline 5 SITZ KLIMA,,9450,Guter Preis,86414,,03/2014,Benzin,86,,
Volkswagen,Sharan,Highline BMT/7.Sitze/Pano./Kamera/LED,,20990,Ohne Bewertung,117806,,02/2013,Diesel,170,,
Volkswagen,T6 Transporter,Kasten-Kombi /9 Sitzer/ PDC/Klima,,22800,Guter Preis,102000,,12/2015,Diesel,102,,
Volkswagen,Golf,"Sportsvan VII 20 Jahre AKTION 2,0 % Finanzi",,11700,Sehr guter Preis,112000,,05/2017,Benzin,125,,
Volkswagen,Caddy,1.5-TSI Cargo L1 + AHK + Cool & Soundpaket,,19990,Fairer Preis,47632,,03/2021,Benzin,114,,
Mercedes-Benz,B 180,Sports Tourer SPORT-PAKET NAVI NIGHT LEDER,,13900,Ohne Bewertung,105702,,11/2013,Benzin,122,,
Volkswagen,Caddy,Nfz Kombi 5Sitzer AHK PDC Navi Tempo MFL,,15990,Guter Preis,99182,,03/2017,Benzin,102,,
Volkswagen,Golf Sportsvan,1.4 TSI DSG Comfortline AHK+SHZG,,13980,Sehr guter Preis,86380,,05/2016,Benzin,125,,
Volkswagen,Touran,Sound BMT/Voll LED/AHK/Pano/Kamera/Navi/A,,17990,Sehr guter Preis,115330,,03/2017,Benzin,150,,
Volkswagen,Touran,Cup Navi SHZ PDC Allwetter,,12990,Ohne Bewertung,93096,,06/2014,Benzin,105,,
Volkswagen,Caddy Maxi,Comfortline 1.4 TSI DSG NAVI+SHZ+PDC,,27890,Ohne Bewertung,84900,,09/2019,Benzin,110,,
BMW,X1,20i*M-SPORT*PANO*XDRIVE*VOLL-LEDER*BUSINESS*1,,23990,Fairer Preis,84800,,10/2017,Benzin,192,,
Volkswagen,Caddy,"Maxi 1.4 TSI KASTEN AUT,KLIMA,1.HAND,SH",,19880,Erhöhter Preis,121799,,04/2019,Benzin,125,,
Volkswagen,Golf Sportsvan,VII Lounge BMT Start-Stopp LOUNGE,,13450,Fairer Preis,102565,,02/2016,Benzin,125,,
Renault,Espace,INITIALE PARIS TCe 225 EDC,,26930,Fairer Preis,67946,,11/2019,Benzin,224,,
Volkswagen,Touran,1.4 TSI CUP Navi Pano,,13950,Ohne Bewertung,110900,,12/2014,Benzin,140,,
Volkswagen,Caddy,1.4 TSI KR-Kombi Trendline BMT Navi SHZ,,19250,Fairer Preis,69000,,04/2017,Benzin,125,,
Volkswagen,Caddy,1.0TSI Kasten Leiterklappe FlexsitzPlusPak,,19985,Ohne Bewertung,105650,,02/2020,Benzin,102,,
Volkswagen,Touran,"JOIN TSI, Navigation, SH, ACC, TÜV 02/26",,19850,Fairer Preis,67467,,01/2019,Benzin,116,,
Citroën,Berlingo,"1,6 XTR Behindertengerecht-Rampe",,19900,Ohne Bewertung,42000,,03/2011,Benzin,120,,
Volkswagen,T5 Transporter,T5 Bus Multivan Highline / DSG/ 1-Hand/ el.Türen,,25700,Ohne Bewertung,117000,,04/2013,Diesel,179,,
Ford,Transit Custom,TRANSIT CUSTOM 340 L1 2.0TDCi AUTOM.-AHK|KLIMA-,,24890,Fairer Preis,76853,,10/2018,Diesel,170,,
Volkswagen,Golf Sportsvan,Golf VII Sportsvan 1.4 TSI Allstar BMT Aut.*NAVI,,13720,Guter Preis,99455,,06/2016,Benzin,125,,
Volkswagen,Caddy,1.4 TSI Maxi Comfortline Bi-Xenon FSH  PDC,,21750,Sehr guter Preis,91058,,05/2020,Benzin,131,,
Volkswagen,Caddy,Maxi 2.0 TDI Behindertengerecht-Rampe,,29950,Ohne Bewertung,89500,,03/2017,Diesel,102,,
Volkswagen,Sharan,Highline 2.0 DSG*Standh.*Alcantara*Keyles,,15990,Ohne Bewertung,118620,,11/2011,Benzin,200,,
Volkswagen,Caddy,JAKO-O Trendline Klima Sitzheizung Ahk 2Hd,,17990,Ohne Bewertung,81751,,12/2013,Diesel,102,,
Mercedes-Benz,B 180,Bi-Xenon RFK SHZ NAV KLIMA HU/AU NEU Leder,,11444,Ohne Bewertung,87567,,10/2011,Benzin,122,,
Volkswagen,T5 Transporter,"Kasten-Klima,Navi,1.Hand,Neu Tüv",,12499,Sehr guter Preis,148210,,05/2015,Diesel,102,,
Mercedes-Benz,B 200,AMG°AHK°PANO°LEDER-ALCANT°LED°NAVI°KAMERA,,20490,Fairer Preis,71200,,10/2018,Benzin,156,,
Volkswagen,Caddy,1.0TSI Kasten Leiterklappe FlexsitzPlusPak,,20785,Ohne Bewertung,83450,,02/2020,Benzin,102,,
Volkswagen,T5 Caravelle,,,28000,Ohne Bewertung,105000,,08/2012,Diesel,140,,
Volkswagen,Golf Sportsvan,"VII Comfortline,Klimaaut,Sitzhzg",,12460,Ohne Bewertung,102000,,01/2015,Benzin,110,,
Volkswagen,Touran,1.6 TDI Comfortline LED ACC Navi AHK PDC,,17990,Fairer Preis,118714,,01/2017,Diesel,116,,
Volkswagen,Caddy Maxi,CNG 7-SITZER*1.HAND*,,17985,Ohne Bewertung,107000,,03/2018,Benzin,110,,
Volkswagen,Caddy,Maxi CNG 7-SITZER*1.HAND*,,17985,Fairer Preis,107000,,03/2018,Benzin,110,,
Mercedes-Benz,Vito,Tourer 116 CDI extralang *2xKlima* 9239,,22598,Ohne Bewertung,129050,,01/2015,Diesel,163,,
Volkswagen,Golf,Sportsvan VII 1.5 TSI Join*Navi*Kamera*ACC*,,19600,Fairer Preis,53854,,04/2018,Benzin,131,,
Volkswagen,Caddy Maxi,"Kombi 1,0 TSI",,14900,Ohne Bewertung,95100,,09/2016,Benzin,102,,
Volkswagen,Touran,1.4 TSI Highline BMT Highline,,18500,Fairer Preis,128000,,06/2016,Benzin,150,,
Volkswagen,Touran,Comfortline DSG 7-Sitze CarPlay/Android,,17970,Fairer Preis,104500,,11/2017,Benzin,150,,
Volkswagen,Touran,Comfortline 1.4 DSG 7-Sitze ALU Carplay,,17970,Guter Preis,104500,,11/2017,Benzin,150,,
Mercedes-Benz,B 200,B -Klasse B 200 1.6 AMG-Line DCT LED H&K BLIS,,17975,Guter Preis,61880,,04/2017,Benzin,156,,
Volkswagen,T6 Transporter,Kasten Mittelhochdach H2,,19880,Guter Preis,79948,,01/2018,Diesel,102,,
Volkswagen,Caddy,Kombi Edition 35 1.4 TSI GRA*Parkpilot,,21990,Erhöhter Preis,52650,,07/2017,Benzin,125,,
Volkswagen,T5 Multivan,T5 Bus Multivan Startline 7-Sitzer*Navi*PDC,,28999,Ohne Bewertung,98856,,06/2014,Diesel,102,,
Volkswagen,Sharan,VW Sharan 2.0 TDI SCR DSG Comfortline ,,20600,Ohne Bewertung,103665,,06/2016,Diesel,150,,
Volkswagen,Caddy Maxi,Highline 1.4TSI DSG*XENON*NAVI*STHZG*,,26990,Ohne Bewertung,66770,,12/2016,Benzin,125,,
Volkswagen,Touran,1.4 TSI R-Line *PANO*AHK*LED*,,22390,Fairer Preis,67622,,08/2017,Benzin,150,,
Mercedes-Benz,B 180,B180 Urban LED Navi Tempomat Sitzheizung AHK PDC,,20990,Erhöhter Preis,63995,,03/2018,Benzin,122,,
BMW,218 Active Tourer,i Luxury Line HUD Navi Leder L,,18890,Fairer Preis,69961,,08/2016,Benzin,136,,
Volkswagen,Golf Sportsvan,Golf VII Sportsvan 1.0 TSI Join Navi ACC PDC USB,,16950,Fairer Preis,68560,,07/2018,Benzin,110,,
Volkswagen,Sharan,2.0 TDI BlueMotion Technology Highline,,19950,Guter Preis,101776,,08/2015,Diesel,140,,
Volkswagen,T5 andere,"T5 Bus 2.0TDI,  4Motion,  langer Radstand,",,18990,Ohne Bewertung,108100,,10/2013,Diesel,179,,
Volkswagen,Sharan,1.4 TSI DSG Comfortline 7-Sitzer *AHK*Nav,,22790,Sehr guter Preis,78251,,07/2018,Benzin,150,,
BMW,218 Gran Tourer,218i GRAN TOURER SPORT LINE *NAVI*7.SITZER*,,16900,Guter Preis,73800,,04/2016,Benzin,136,,
Volkswagen,Golf Sportsvan,1.4 Aut.|1.Hand|Navi|2*PDC|Xenon,,12990,Ohne Bewertung,99000,,11/2014,Benzin,125,,
Volkswagen,Caddy,PKW Trendline BMT,,16799,Erhöhter Preis,100400,,08/2017,Benzin,125,,
Volkswagen,Golf Sportsvan,Golf VII Sportsvan 1.4 TSI Highline BMT Aut.,,15030,Guter Preis,108072,,06/2016,Benzin,150,,
Volkswagen,Touran,2.0 TDI Highline 7-Sitzer 2HD Bi-Xenon,,17450,Fairer Preis,100386,,04/2015,Diesel,177,,
Mercedes-Benz,B 200,SCORE AUTOMATIK KLIMA STANDHEIZUNG LED PDC,,16979,Fairer Preis,98911,,10/2016,Benzin,156,,
Volkswagen,T6 andere,T6 Mixto 6-Sitzer 2.0 TDI  KLIMA,,25889,Ohne Bewertung,79200,,01/2018,Diesel,150,,
Mercedes-Benz,B 180,B180 Style LED Tempomat Standheizung,,19990,Fairer Preis,56000,,12/2016,Benzin,122,,
Volkswagen,Caddy,Maxi Roncalli 2.0TDI Behinderteng./Rampe,,20450,Ohne Bewertung,107000,,06/2011,Diesel,140,,
BMW,218,iActive Tourer+Advantage+R-KAMERA+AHK+LED,,16300,Fairer Preis,76830,,06/2018,Benzin,136,,
Volkswagen,Caddy,"1,4 TSI BMT ,Klima,PDC,Bremsass.",,19900,Fairer Preis,63412,,10/2016,Benzin,125,,
Volkswagen,Golf,Sportsvan 1.4 TSI|DSG|NAVI|ACC|AHK|EURO6|,,12790,Ohne Bewertung,134800,,06/2014,Benzin,125,,
Volkswagen,Caddy,2.0 TDI Highline Klima Xenon Navi,,20990,Fairer Preis,111554,,01/2016,Diesel,150,,
Mercedes-Benz,B 200,Automatik BI-Xenon Navi LED AHK PDC EU6,,13500,Ohne Bewertung,102537,,11/2013,Benzin,156,,
Volkswagen,Caddy,CADDY BEACH 1.2 TSI / AHK / XENON / BETT / ACC ,,22500,Hoher Preis,82111,,05/2018,Benzin,84,,
Volkswagen,Touran,1.4 TSI SOUND Anhängerk. & Rückfahrkamera,,19500,Fairer Preis,71500,,09/2017,Benzin,150,,
Volkswagen,Caddy,Navi/Kamera/Temp/SHZ/Bluetooth,,15480,Guter Preis,84790,,10/2016,Benzin,84,,
Volkswagen,T5 California,"*1.Hand, Autom., 4Motion, Diff.*",,28800,Ohne Bewertung,87000,,03/2014,Diesel,179,,
Volkswagen,T6 Kombi,T6.1 Mixto 2.0 TDI DSG *STANDHEIZ.*LED*NAVI*CAM*,,29990,Fairer Preis,136000,,02/2021,Diesel,150,,
Volkswagen,T6 Transporter,Bus Multivan Highline*AHK*SHZ*NAV,,29997,Sehr guter Preis,115643,,06/2016,Diesel,204,,
BMW,220 Gran Tourer,i Sport Line LED Navi,,18980,Fairer Preis,70000,,09/2016,Benzin,192,,
Mercedes-Benz,B 200,Edition 19|VIRTUAL|NAVI|KAM|LED|MBUX|KEY|,,22950,Fairer Preis,89982,,11/2019,Benzin,163,,
Volkswagen,Caddy,1.4TSI*1 HAND*5 SITZER*GARANTIE*PDC,,15300,Guter Preis,110910,,06/2016,Benzin,125,,
Volkswagen,Crafter,Kasten 50 mittel L2H2 Hochdach *AHK*Kam*,,19900,Ohne Bewertung,111700,,05/2014,Diesel,163,,
BMW,220 Active Tourer,220i Active Tourer M Sportpaket HiFi LED Navi,,20850,Fairer Preis,88714,,05/2018,Benzin,192,,
Volkswagen,Touran,1.4 TSI DSG Comfortline ACC Navi LED Park,,22490,Guter Preis,85777,,07/2018,Benzin,150,,
Volkswagen,T6 Kombi,T6.1 Kombi 2.0 TDI 7-DSG 9-SITZER+2xKLIMA+2xPDC,,33900,Fairer Preis,76389,,04/2021,Diesel,150,,
Volkswagen,Caddy,PKW Maxi Comfortline BMT 4Motion 7 Sitzer,,19900,Fairer Preis,104425,,07/2015,Diesel,122,,
Volkswagen,Golf Sportsvan,1.4 TSI Comfortline Pano Kamera B,,12900,Ohne Bewertung,109386,,03/2015,Benzin,125,,
Volkswagen,Sharan,Highline 2.0 TDI --7-Sitze--,,21990,Fairer Preis,107750,,10/2015,Diesel,184,,
Volkswagen,Golf Sportsvan,1.5 TSI AAC LED SHZ Navi PDC Kam,,14890,Guter Preis,102567,,01/2019,Benzin,131,,
Volkswagen,Touran,Highline 1.4 TSI DSG Navi ACC Standheizun,,24440,Fairer Preis,87300,,07/2018,Benzin,150,,
Volkswagen,Caddy,Maxi 2.0 TDI DSG Comfortline NAVI LED APP,,26980,Fairer Preis,88933,,04/2018,Diesel,150,,
Volkswagen,Caddy,Comfortline TDI Behindertengerecht-Rampe,,23950,Ohne Bewertung,61655,,05/2011,Diesel,102,,
Volkswagen,Touran,1.4 TSI Highline -NaviPro*Assist*Pano*AHK,,16380,Fairer Preis,120000,,02/2016,Benzin,150,,
Volkswagen,Touran,Match*Automatik*STANDHEIZUNG*7-Sitzer,,13950,Ohne Bewertung,78400,,09/2012,Diesel,105,,
Volkswagen,Touran,1.4 TSI 6-Gang Join*LED*Navi*ACC*,,19885,Fairer Preis,104985,,05/2018,Benzin,150,,
Volkswagen,Touran,1.4 TSI Comfortline DSG Navi 7-Sitzer PDC,,24490,Guter Preis,51434,,05/2017,Benzin,150,,
BMW,218 Gran Tourer,218d xDrive Gran Tourer,,21440,Erhöhter Preis,92231,,03/2018,Diesel,150,,
Volkswagen,Caddy,1.4 TSI 7-Gang DSG Trendline 5-Sitzer,,23880,Erhöhter Preis,62411,,11/2018,Benzin,131,,
Volkswagen,Touran,1.5 TSI Highline #AHK#17Z#DSG#ACC#SHZ#LED,,20990,Guter Preis,116500,,11/2019,Benzin,150,,
Volkswagen,Caddy,*BiXen*ACC*Navi*CarPlay*AHK,,20490,Guter Preis,87000,,06/2018,Benzin,125,,
Volkswagen,Golf,Sportsvan VII Comfortline-Automatik,,13950,Ohne Bewertung,51000,,01/2015,Benzin,110,,
Volkswagen,Sharan,1.4  TSI Match,,12999,Ohne Bewertung,98000,,08/2012,Benzin,150,,
Volkswagen,Caddy,2.0 TDI Navi/Xenon/PDC/ACC/St.Hz./8 Fach A,,23980,Sehr guter Preis,76385,,02/2018,Diesel,150,,
Mercedes-Benz,B 200,B -Klasse B 200*Autom.*Navi*Tempo*RFK*PDC*,,14999,Ohne Bewertung,82000,,04/2014,Benzin,156,,
Volkswagen,Caddy,1.4 TSI BMT Trendline/SHZ/KLIMA/GRA/,,14890,Fairer Preis,112000,,02/2016,Benzin,125,,
Porsche,Andere,911 GT3 | CLUBSPORT | PDK | BRD | LIFT,,159000,Ohne Bewertung,24350,,09/2017,Benzin,500,,
BMW,435,xDrive M-PAKET Keyless Kamera HeadUp Harman,,27490,Sehr guter Preis,105000,,09/2015,Benzin,306,,
Volkswagen,Scirocco,R,,22299,Sehr guter Preis,91500,,07/2017,Benzin,280,,
Mercedes-Benz,CLA 45 AMG,Mercedes Benz CLA 45 Amg AGA Performance,,36000,Fairer Preis,73673,,03/2018,Benzin,381,,
Mercedes-Benz,S 500,S500 Coupé 4Matic/Pano/Massage/360°/Headup/2Hand,,45999,Ohne Bewertung,126800,,11/2014,Benzin,455,,
Mercedes-Benz,E 220,"d,Avantg,360,Temp,Leder,Shzg.Scheckh",,27000,Sehr guter Preis,119100,,12/2017,Diesel,194,,
Mercedes-Benz,C 250,C -Klasse Coupe C 250 CGI Blueefficiency,,21998,Sehr guter Preis,96000,,04/2017,Benzin,204,,
Mercedes-Benz,C 200,C C 200 Navi Brumester ILS Kamera360,,22440,Fairer Preis,54807,,04/2016,Benzin,184,,
Mercedes-Benz,CLS 400,4MATIC AMG Line 360* Kamera / NightP.,,29000,Sehr guter Preis,81321,,07/2016,Benzin,333,,
Audi,A5,1.8 TFSI,,18880,Fairer Preis,118944,,07/2016,Benzin,177,,
BMW,435 Gran Coupé,435dA GC xDrive ACC LEDER HUD MEMORY HiFi KAMERA,,26980,Guter Preis,90300,,10/2016,Diesel,313,,
Mercedes-Benz,GLA 45 AMG,4Matic /NAVI/LED/PDC/PANO/GARANTIE,,31990,Ohne Bewertung,89000,,11/2018,Benzin,381,,
BMW,220,COUPE SPORT AUTOMAT+LEDER+NAV+XENON+HIFI+TÜV,,19880,Guter Preis,133500,,07/2016,Diesel,190,,
Audi,A5,Coupe 3.0 TDI quattro S-line,,25999,Fairer Preis,100000,,07/2017,Diesel,218,,
Volkswagen,Scirocco,2.0 TSI R DSG Schalensitz Dynaudio Pano,,19800,Ohne Bewertung,106793,,06/2013,Benzin,265,,
Volkswagen,Golf,VII Lim. GTI Luftfahrwerk ! TÜV/SERVICE NEU,,16990,Ohne Bewertung,109000,,11/2014,Benzin,220,,
Volkswagen,Golf,VII Lim. GTI BMT,,15400,Ohne Bewertung,98000,,07/2014,Benzin,220,,
Volkswagen,Scirocco,R 2.0 TSI DSG Vollleder* Navi* 19 Zoll*,,21890,Ohne Bewertung,78537,,07/2012,Benzin,265,,
Mercedes-Benz,C 180,C180 COUPE*AMG-SPORTPAKET*1HD*PANO*KAMER*LED*NAV,,27990,Fairer Preis,53900,,07/2017,Benzin,156,,
Volkswagen,Golf,"VII R BMT Aut. 4Motion DYN Audio Kamera 19""",,20850,Fairer Preis,138000,,09/2015,Benzin,300,,
Volkswagen,Scirocco,R Navi Panoramadach Vollleder Bi-Xenon,,18490,Sehr guter Preis,105000,,06/2015,Benzin,280,,
Mercedes-Benz,E 400,"Coupe Automatik, Inspektion Neu",,22990,Sehr guter Preis,94700,,04/2015,Benzin,333,,
Mercedes-Benz,E 200,Coupe*StandHz-Pano-ACC-LED-Kamera*,,20990,Ohne Bewertung,96900,,01/2015,Benzin,184,,
Mercedes-Benz,E 250,Coupe 7G +SPORT-PKT+ILS-LED+AHK+NAVI+SHZ+,,19990,Ohne Bewertung,97000,,11/2014,Benzin,211,,
Volkswagen,Golf,2.0 TSI 4MOTION R Motorsport-Schalensitz,,26499,Ohne Bewertung,73000,,04/2012,Benzin,271,,
Mercedes-Benz,E 400,AMG/PANO/333PS/LED/WENG KM/GARANTIE,,24990,Ohne Bewertung,109500,,07/2014,Benzin,333,,
BMW,420,i 184PS Sports-Line Navi BiXenon Schiebedach,,23749,Ohne Bewertung,79999,,02/2015,Benzin,184,,
Mercedes-Benz,E 250,Coupe Sportpaket orig 83tkm Automatik,,20690,Ohne Bewertung,83000,,08/2014,Benzin,211,,
BMW,650,i Coupé,,25000,Ohne Bewertung,86409,,01/2012,Benzin,449,,
Volkswagen,Golf,VII Lim. GTI SCHALTER 3 TÜRER SHZ PDC NAVI,,14990,Ohne Bewertung,100142,,01/2014,Benzin,220,,
BMW,420,i Gran Coupe Sport Line SSD ALU PDC LEDER 1HD,,19600,Guter Preis,103600,,08/2015,Benzin,184,,
BMW,420,Baureihe 4 Coupe 420 i LUXURY M PAKET 1,,19990,Sehr guter Preis,81900,,05/2015,Benzin,184,,
Volkswagen,Golf,2.0 TSI DSG 4MOTION R R,,26900,Erhöhter Preis,109000,,06/2017,Benzin,310,,
Volkswagen,Golf,GTI DSG PERFORMANCE*XENON*NAVI*PDC,,20980,Fairer Preis,99952,,09/2017,Benzin,230,,
Volkswagen,Golf,VI GTI DSG Xenon Scheckheft Vw Keyless,,12900,Ohne Bewertung,109000,,11/2010,Benzin,211,,
BMW,420 Gran Coupé,420i Gran Coupe Bi-Xenon Sitzheizung Leder,,22990,Erhöhter Preis,101649,,08/2016,Benzin,184,,
BMW,650 Gran Coupé,650i xDrive GranCoupé Individual HeadUp 2Hand,,26400,Ohne Bewertung,113900,,09/2012,Benzin,449,,
BMW,428,i Coupe/M-Paket/H&K/Kamera/Prof./Memory/OLED/,,16499,Ohne Bewertung,94900,,07/2014,Benzin,245,,
Volkswagen,Golf,VII Lim. GTI Performance*DSG*Kamera*LED*,,17990,Ohne Bewertung,125000,,07/2014,Benzin,230,,
Volkswagen,Golf,"GTI Clubsport DSG*NAVI*SCHALE*DYNAUDIO*19""*",,26980,Fairer Preis,79160,,01/2017,Benzin,265,,
Mercedes-Benz,E 200,"Coupe Sport-Paket|Navi|LED|18""LM|Garantie",,20490,Ohne Bewertung,73761,,07/2013,Benzin,184,,
Audi,S3,Sportback 2.0 TFSI quattro/LEDER/DAB/I HAND,,23999,Ohne Bewertung,100000,,12/2013,Benzin,300,,
Mercedes-Benz,C 350,C-350 SPUR/KAMERA/TEMP/H&K/SHZ/LHZ/PANO,,20790,Ohne Bewertung,120000,,03/2013,Benzin,306,,
Audi,A5,Coupe 40 TFSI S tronic design *S line*LED*CAM,,29980,Fairer Preis,60000,,06/2019,Benzin,190,,
Mercedes-Benz,E 400,"C.4M*AMG*LED-HARMAN-LEDER-PANO-MEMORY-19""",,26430,Sehr guter Preis,110314,,01/2016,Benzin,333,,
Audi,TTS,Coupe 2.0 TFSI quattro Xenon Temp. SHZ BOSE,,22490,Ohne Bewertung,99390,,04/2012,Benzin,272,,
Mercedes-Benz,CLA 180,Coupé AMG+NIGHT+AHK+PANO+LED+NAVI+AMBI++,,24995,Erhöhter Preis,93305,,03/2017,Benzin,122,,
BMW,420,i M Sport/Gran Coupe/SAG/Kamera/Sportlenkung/,,23790,Fairer Preis,89000,,06/2017,Benzin,184,,
Volkswagen,Arteon,2.0 TSI Elegance DSG ACC Navi LED ParkAss,,20950,Sehr guter Preis,87771,,12/2017,Benzin,190,,
BMW,420 Gran Coupé,"420 Gran Coupe i xDrive HUD,HARMAN/K,ACC,KEYLESS",,20880,Guter Preis,70000,,09/2015,Benzin,184,,
BMW,440 Gran Coupé,440 Gran Coupe / xDrive / Sport Line / Bi-Xenon,,28490,Fairer Preis,95000,,08/2016,Benzin,326,,
BMW,428,i Coupe*M-Performance*Xenon*Automatik*SHZ*,,23990,Ohne Bewertung,99987,,04/2014,Benzin,245,,
Volkswagen,Scirocco,R 2.0TSI 265PS DSG Keyless DCC 1.Hand,,22999,Ohne Bewertung,65346,,06/2011,Benzin,265,,
BMW,M235,i xDrive M Sport Xenon Navi GSD PERF.AUSPUFF,,29999,Fairer Preis,85900,,05/2015,Benzin,326,,
BMW,640 Gran Coupé,i xD *M Sportpaket *ACC *H-UP,,29800,Ohne Bewertung,108000,,06/2015,Benzin,320,,
Mercedes-Benz,C 350,CGI Coupe AMG EDITION 1 Pano Bi-Xenon Navi,,21400,Ohne Bewertung,122250,,01/2012,Benzin,306,,
Mercedes-Benz,E 250,AMG Line Coupé* 18* Pano* Sitzheizung* ,,26800,Fairer Preis,83500,,09/2016,Benzin,211,,
Volkswagen,Beetle,The Beetle 2.0 TSI DSG Sport +Navi +Soundsystem,,19780,Ohne Bewertung,98593,,05/2014,Benzin,211,,
BMW,435,i M-PAKET xDrive M-Performance Keyless Kamera,,28990,Sehr guter Preis,78000,,07/2015,Benzin,306,,
BMW,228,"i*LUXURY LINE*BI XENON-MEMORY-PDC-S.DACH-18""",,21460,Ohne Bewertung,68411,,12/2015,Benzin,245,,
BMW,435,Coupe iA xDrive Xenon/GSD/Navi/Leder/Head-Up,,21900,Ohne Bewertung,130000,,11/2013,Benzin,306,,
BMW,435,i xDrive Aut.*NAVI*HEAD-UP*TEMPO*,,21890,Ohne Bewertung,107475,,05/2014,Benzin,306,,
Volkswagen,CC,"3,6 V6 DSG 4Motion*Pano*Leder*Navi*Xenon*",,19390,Guter Preis,105900,,07/2015,Benzin,299,,
BMW,M135,i xDrive -,,23800,Ohne Bewertung,83992,,04/2013,Benzin,370,,
Volkswagen,Beetle,1.2 TSI Club | Navi | Sitzhzg  | Klimatr ,,24990,Ohne Bewertung,103100,,05/2015,Benzin,105,,
Mercedes-Benz,CLA 180,Coupe*7G*AMG-LINE*NAVI*LED*KAMERA*KeyGO*,,21400,Fairer Preis,96200,,10/2017,Benzin,122,,
Mercedes-Benz,C 250,AMG Coupe CGI BlueEfficiency Automatik,,14490,Ohne Bewertung,100000,,11/2013,Benzin,204,,
BMW,M135,i xDrive *M-Performance AGA*Shadow*H&K*,,25990,Ohne Bewertung,92000,,12/2012,Benzin,360,,
Volkswagen,Scirocco,2.0TSI DSG R  DYNAUDIO NAVI KEYLESS DCC,,21790,Ohne Bewertung,99980,,02/2011,Benzin,265,,
BMW,435,4-serie Coupé 435i High Executive,,24880,Ohne Bewertung,82745,,01/2014,Benzin,306,,
BMW,435,i Coupe M-Paket*Navi*Schiebedach*HUD*,,23990,Sehr guter Preis,90000,,07/2015,Benzin,306,,
Audi,TT,2.0 TFSI *NAVI*XENON*,,20450,Guter Preis,97800,,06/2016,Benzin,230,,
Audi,TT,Coupe 2.0 TFSI quattro Stronic  //GARANTIE//,,19990,Ohne Bewertung,117000,,01/2014,Benzin,211,,
Volkswagen,Scirocco,2.0 TSI DSG R 1.Hand | 100% VW Historie,,18900,Ohne Bewertung,95200,,09/2011,Benzin,265,,
Mercedes-Benz,GLC 250,COUPE*S-DACH*360°KAMERA*AMG LINE*NIGHT P,,37990,Fairer Preis,81000,,11/2018,Benzin,211,,
BMW,650,"Baureihe 6 Coupe 650i, adaptive light,VOLL",,23900,Ohne Bewertung,100000,,01/2012,Benzin,408,,
BMW,428,i Coupe* M Performance*19 YIDO *Kamera*Hifi*,,24490,Ohne Bewertung,110258,,07/2014,Benzin,245,,
Volkswagen,Golf,VII Lim. GTI BMT,,14900,Sehr guter Preis,116000,,05/2016,Benzin,220,,
BMW,220,i Coupe Sport Line Sport Aut. Navi Business,,20860,Fairer Preis,68000,,04/2016,Benzin,184,,
Mercedes-Benz,E 250,"Coupe Automatik, Comand, LED",,22999,Guter Preis,89000,,03/2015,Benzin,211,,
Mercedes-Benz,CLA 45 AMG,4Matic Comand Pano Drivers,,23900,Ohne Bewertung,105000,,12/2014,Benzin,360,,
Seat,Leon,LEON FR 1.8TSI DSG+NAVI+LED+GEWERBE/EXPORT,,10887,Ohne Bewertung,86798,,04/2014,Benzin,179,,
Mercedes-Benz,E 300,CGI Coupe+70.000km+SHZ+PDC+AHK,,19990,Ohne Bewertung,70000,,08/2011,Benzin,252,,
Mercedes-Benz,E 200,Coupe*LED*NAVI*LEDER*SHZ*PDC*PANO*KAMERA,,21900,Ohne Bewertung,105000,,01/2015,Benzin,184,,
BMW,M235,i Coupe*H&K*Memory*Schiebedach*,,25800,Guter Preis,98679,,05/2015,Benzin,326,,
Mercedes-Benz,CLA 180,AMG-LINE*XENON*NAVI*PDC*SHZ*AUTOMATIK*,,17690,Fairer Preis,118500,,10/2015,Benzin,122,,
BMW,435,i Coupe xDrive Luxury*HEAD-UP*R-CAM*LEDER*,,20900,Ohne Bewertung,98000,,12/2013,Benzin,306,,
Abarth,500,595 Turbo| Autom.| Display| Virtual C.| Garantie,,14799,Guter Preis,83416,,11/2017,Benzin,145,,
BMW,428,i xDrive Coupé Luxury Aut. Leder Xenon Navi,,19999,Ohne Bewertung,87000,,01/2015,Benzin,245,,
BMW,218 Gran Coupé,218iA GRAN COUPE ADVANTAGE * NAVIGATION * LED,,20825,Guter Preis,80000,,09/2021,Benzin,136,,
Mercedes-Benz,CLA 250,Sport mit Sonderausstattung ,,23500,Fairer Preis,98000,,09/2015,Benzin,218,,
Volkswagen,CC,4Motion 3.6 *2.Hand*79 Tkm*Navi*Keyless*DSG*,,18990,Ohne Bewertung,79000,,07/2012,Benzin,299,,
Volkswagen,Golf,VII Lim. R BMT 4Motion,,22490,Fairer Preis,58000,,06/2016,Benzin,300,,
BMW,M235,"I Coupé Navi,Xenon,Sitzheizung,Tempomat,PDC",,27410,Ohne Bewertung,91917,,06/2014,Benzin,326,,
Mercedes-Benz,C 350,4Matik Coupé HARMANN LEDER TOTW PDC SHZ,,22400,Ohne Bewertung,80392,,10/2013,Benzin,306,,
Mercedes-Benz,CLA 200,AMG Line,,17999,Fairer Preis,158000,,04/2015,Benzin,156,,
Mercedes-Benz,E 250,"Coupe AMG-Line H&K LED Leder Navi 19""",,20980,Ohne Bewertung,110000,,03/2014,Benzin,211,,
Audi,TTS,Coupe 2.0 TFSI quattro LEDER NAVI B&O MMI,,28390,Fairer Preis,104200,,04/2015,Benzin,310,,
Mercedes-Benz,CLS 400,Comand*Leder*Multibeam*ACC*360°Kam*,,29480,Guter Preis,96573,,10/2016,Benzin,333,,
Mercedes-Benz,E 250,E250 Coupe R-CAM/PANO/HARMAN/LEDER/TOTW/SPUR/,,24490,Guter Preis,91700,,08/2015,Benzin,211,,
Volkswagen,Golf,GTI TCR*ALCANTARA*KAMARA*DSG*2.HA*300 €/MONAT!*,,22999,Guter Preis,103079,,07/2019,Benzin,290,,
Mercedes-Benz,CLA 200,AMG Line - EDITION / LED / KAMERA / NAVI,,22950,Fairer Preis,94900,,03/2018,Benzin,156,,
Mercedes-Benz,E 200,E -Klasse Coupe E 200,,22609,Ohne Bewertung,80000,,05/2014,Benzin,184,,
Audi,A5,Coupe 1.8 TFSI S-Line Bi-Xenon Navi Panorama,,22990,Erhöhter Preis,106832,,10/2016,Benzin,177,,
Audi,A3,quattro S-Line S-Tronic//Pano/Bang/Virtuell/,,22999,Fairer Preis,82500,,07/2017,Benzin,190,,
BMW,650,i Coupe 408 PS,,25000,Ohne Bewertung,86300,,01/2012,Benzin,408,,
BMW,420 Gran Coupé,"420d GranCoupe M Paket HeadUp Sportautom LED 19""",,23400,Fairer Preis,101201,,07/2015,Diesel,184,,
Mercedes-Benz,C 300,Coupe*VOLL*AMG*MAGNO-LACK*360*PANO*HUD*,,30990,Fairer Preis,89980,,10/2015,Benzin,245,,
Mercedes-Benz,C 350,Coupe  CGI BlueEfficiency AMG/ Pano/2.Hand,,19999,Ohne Bewertung,108966,,03/2014,Benzin,306,,
BMW,435,i xDrive Coupé - Sehr Gepflegt!,,25999,Ohne Bewertung,98623,,07/2014,Benzin,306,,
Mercedes-Benz,E 400,Coupé AMG*PANO*LED*HARMANK*ASSIST*,,25490,Ohne Bewertung,81516,,08/2013,Benzin,333,,
Mercedes-Benz,CLA 220,"d Coupe AMG ALARM,TOTWINKEL,SCHECKHEFT",,20880,Ohne Bewertung,92791,,11/2014,Diesel,177,,
Mercedes-Benz,CLA 250,4M AMG NAVI*PANO*RKAM*LEDER*XENON*NIGHT,,21999,Ohne Bewertung,92000,,11/2014,Benzin,211,,
BMW,435,"i Coupe AUTOMATIK, BI-XENON, NAVI, LEDER, PDC",,22990,Ohne Bewertung,116621,,04/2014,Benzin,306,,
Audi,A5,COUPE *S-LINE*NAVI-AUTOMA-ALCANTARA-SHZ-PDC-,,19848,Fairer Preis,104876,,08/2016,Benzin,177,,
BMW,650,i GC xDrive*M-SPORT*ALCANTARA*LEDER*VOLL*,,26999,Ohne Bewertung,108000,,02/2013,Benzin,449,,
Volkswagen,Scirocco,2.0 TSI DSG R-LINE NAVI 19Zoll 1.HAND,,16790,Ohne Bewertung,89950,,06/2012,Benzin,211,,
Dodge,Challenger,GT 4X4 Coupé,,32900,Ohne Bewertung,82000,,01/2017,Benzin,305,,
Mercedes-Benz,C 180,INSANELY COOL RIDE 4 U!!!,,15100,Sehr guter Preis,96340,,04/2016,Benzin,156,,
Mercedes-Benz,C 200,"Coupe*AMG*LED-TOTW-SHZ-SPUR-DIAMANT-18""",,23970,Erhöhter Preis,126614,,04/2016,Benzin,184,,
Volkswagen,Scirocco,"1.4 TSI Edition|Pano|19""LM|TÜV+Service",,13990,Ohne Bewertung,78814,,12/2011,Benzin,122,,
Mercedes-Benz,CLS 350,BlueTec d SPORT-PAKET+SCHIEBD+LED+KAM,,24868,Sehr guter Preis,99833,,02/2015,Diesel,258,,
BMW,435,i xDrive*M Performance*Navi*SHZ*19 Zoll*,,26890,Guter Preis,98985,,08/2015,Benzin,306,,
BMW,135,1 Coupe 135i/ Navi/ Leder/,,19990,Ohne Bewertung,110700,,07/2012,Benzin,306,,
BMW,420 Gran Coupé,420d xDrive Gran Coupe M Sport + GARANTIE,,23990,Guter Preis,90003,,09/2015,Diesel,190,,
Mercedes-Benz,A 250,AMG-LINE LED PANO KEYLESS ALCANTARA,,24900,Fairer Preis,87000,,02/2018,Benzin,211,,
Volkswagen,Polo,V R WRC *Alcantara*Limited  1986/2500*,,16999,Ohne Bewertung,80000,,02/2014,Benzin,220,,
Mercedes-Benz,E 350,4MATIC/AMG/360°/H&K/NIGHT-PAKET,,21900,Ohne Bewertung,91500,,03/2015,Benzin,306,,
BMW,430,"i xDrive Coupe DEUTSCHES FZG,HUD,LED,KEYLESS",,25780,Guter Preis,95911,,05/2018,Benzin,252,,
BMW,420,Coupe 420 i M-Performance Sport Super Optik,,27290,Fairer Preis,86000,,11/2017,Benzin,184,,
Volkswagen,Golf,VI GTI/Schiebedach/Lederpaket/DYNAUDIO,,12999,Ohne Bewertung,119000,,11/2011,Benzin,211,,
BMW,135,M135i,,21000,Ohne Bewertung,75000,,03/2014,Benzin,306,,
Mercedes-Benz,C 250,C oupe CGI BlueEfficiency AMG Plus Line,,17900,Ohne Bewertung,100000,,04/2014,Benzin,204,,
Volkswagen,Golf,VII GTI Performance DSG Euro6 KW,,13490,Sehr guter Preis,119000,,07/2015,Benzin,230,,
Audi,S5,Coupe /B&O/R.Kamera/Carbon/Pano,,25900,Fairer Preis,113700,,03/2016,Benzin,333,,
Mercedes-Benz,E 250,Coupe AMG *PANO*19ZOLL*SOUND*VOLLLEDER,,23490,Ohne Bewertung,115000,,10/2014,Benzin,211,,
Mercedes-Benz,CLA 45 AMG,4Matic MOPF LED Kamera KeylesGo,,28500,Guter Preis,75501,,07/2016,Benzin,381,,
Mercedes-Benz,GLC 43 AMG,"4M NIGHT HUD,BURMESTER,KEYLESS,21ZOLL",,40880,Fairer Preis,84873,,06/2017,Benzin,367,,
BMW,428,428 i Coupe Klima Leder Navi Alu. 1.Hand HU ,,19999,Ohne Bewertung,107000,,10/2014,Benzin,245,,
BMW,428,i Coupe/XENON/NAVI/HiFi/AHK/M LENKRAD/1HAND,,19500,Ohne Bewertung,85900,,06/2014,Benzin,245,,
Audi,A5,Coupe TFSI ULTRA S-LINE *LED *AHK *DAB *NAVI,,22900,Fairer Preis,88999,,04/2017,Benzin,190,,
Mercedes-Benz,C 200,Coupe  AMG Line 360°Kamera  Navi LED SHZ,,19799,Ohne Bewertung,104000,,09/2015,Benzin,184,,
Mercedes-Benz,A 45 AMG,4-Matic,,25900,Ohne Bewertung,105351,,02/2014,Benzin,360,,
Mercedes-Benz,E 350,4Matic AMG Performance*Abstands.*Spurh*,,23900,Ohne Bewertung,114500,,02/2015,Benzin,306,,
BMW,420,d M Sport Laser Navi Spurhalte Bluetooth,,22990,Ohne Bewertung,115859,,09/2013,Diesel,184,,
Mercedes-Benz,CLS 350,AMG Paket * LED * Comand * Distronic +++,,25800,Ohne Bewertung,98000,,08/2012,Benzin,306,,
BMW,420 Gran Coupé,420i Gran Coupé Sport Line Sp...,,20000,Fairer Preis,86426,,02/2016,Benzin,184,,
Mercedes-Benz,E 200,*PANO*NAVI*LEDER*SPORTSITZE*SHZ*LED,,18990,Ohne Bewertung,97000,,04/2014,Benzin,184,,
BMW,435,i Coupé Steptronic Luxury BMW Individual,,26930,Ohne Bewertung,87000,,05/2014,Benzin,306,,
Mercedes-Benz,C 250,CGI BlueEfficiency/AMG-Paket/LED/TÜV 10-26,,17350,Ohne Bewertung,99500,,12/2013,Benzin,204,,
Mercedes-Benz,CLA 45 AMG,4M*ILS*NIGHT*NAVI*LEDER*SHZ*MEMORY*,,27990,Ohne Bewertung,92199,,12/2014,Benzin,360,,
Mercedes-Benz,E 200,COUPE AMG LINE*PANORAMA*LED*NAVI*AUTOMATIK,,21200,Sehr guter Preis,89000,,06/2015,Benzin,184,,
Ford,Mustang,"2,3 GT 500 SHELBY LED LEDER ALU  ragazzo",,27799,Guter Preis,82155,,02/2019,Benzin,290,,
Mercedes-Benz,C 350,Coupé Autom. -,,21400,Guter Preis,89000,,07/2015,Benzin,306,,
Mercedes-Benz,E 350,Coupe AMG-Line Super Optik wenig km,,22490,Ohne Bewertung,90000,,10/2011,Diesel,265,,
Mercedes-Benz,E 200,CGI Coupe NAVI LED SITZHZG GRA,,19980,Sehr guter Preis,92031,,03/2016,Benzin,184,,
BMW,M135,i - H2M  Motorinstandsetzung bei 86 Tkm,,19000,Ohne Bewertung,116000,,01/2014,Benzin,320,,
Volkswagen,Golf,"VII GTI TCR,Pano,Kam(Front+Rück),ACC,Sound",,27640,Fairer Preis,91913,,06/2019,Benzin,290,,
Mercedes-Benz,C 180,C -Klasse Coupe = AMG - Automatik - Navigation =,,25885,Fairer Preis,68486,,11/2016,Benzin,156,,
Audi,RS5,4.2 FSI Quattro|Unfallfrei|DT-Modell|S.heft,,28990,Ohne Bewertung,104237,,09/2011,Benzin,450,,
BMW,428,Baureihe 4 Coupe 428 i xDrive Sport Line,,21900,Ohne Bewertung,102456,,03/2016,Benzin,245,,
Audi,A5,"Coupe 2.0 TFSI qu 3x S LINE BANG+O,MATRIX,HUD",,26880,Fairer Preis,90000,,01/2017,Benzin,252,,
Volkswagen,Scirocco,"2.0 TSI R-Line DSG, Leder,Navi,Bi-Xenon",,16490,Ohne Bewertung,87102,,08/2014,Benzin,179,,
Mercedes-Benz,CLS 500,BlueEFFICIENCY -AMG LINE-TOP ZUSTAND,,25999,Ohne Bewertung,110000,,09/2013,Benzin,408,,
Mercedes-Benz,C 180,Coupé AMG AHK Navi LED SHZ KAM,,23890,Fairer Preis,94500,,01/2016,Benzin,156,,
Mercedes-Benz,C 200,C -Klasse Coupe C 200 *AMG*LED*AUTOMATIK*NAVI*,,23980,Fairer Preis,129322,,06/2016,Benzin,184,,
BMW,428,Baureihe 4 Coupe 428 i xDrive Kamera Leder,,19999,Ohne Bewertung,112399,,10/2014,Benzin,245,,
Volkswagen,Scirocco,2.0 TSI 195 kW R *Airride*Motor+DSG NEU,,19899,Ohne Bewertung,118987,,08/2012,Benzin,265,,
Mercedes-Benz,E 200,E -Klasse Coupe E 200,,19940,Guter Preis,89427,,06/2015,Benzin,184,,
Mercedes-Benz,CLA 45 AMG,CLA -Klasse CLA 45 AMG 4Matic*PANO*Kamera*LED,,28999,Guter Preis,103000,,08/2017,Benzin,381,,
Mercedes-Benz,C 250,CGI Coupe*Totwinkel*Distronic*SHZ*Tempomat,,16950,Ohne Bewertung,93065,,02/2013,Benzin,204,,
Volkswagen,Scirocco,SCIROCCO SPORT*LEDER*NAVI*KAMERA*LED,,16999,Fairer Preis,99600,,06/2016,Benzin,179,,
BMW,220,i Coupé M Sport/Navi/Xenon/PDC/HIFI,,19904,Ohne Bewertung,79500,,09/2014,Benzin,184,,
BMW,220,i Coupe*M-Sport *Navi*TEMP*,,15990,Sehr guter Preis,124500,,05/2015,Benzin,184,,
Mercedes-Benz,CLA 180,AMG *2.Hand*S-Heft*Navi*Xenon*Teilleder,,16999,Ohne Bewertung,89000,,06/2013,Benzin,122,,
Mercedes-Benz,C 200,Coupe 7G-Tronic Automatic AMG Line,,22900,Sehr guter Preis,92300,,10/2016,Benzin,184,,
Mercedes-Benz,C 180,Coupe ///AMG-LINE*LEDER*NAVI*LED*KAMERA*,,21990,Erhöhter Preis,100000,,02/2016,Benzin,156,,
Chevrolet,Camaro,6.2 V8 *1.Hand*Unfallfrei*Head-Up*,,34950,Guter Preis,93403,,08/2016,Benzin,453,,
Mercedes-Benz,E 250,CGI Coupe Automatik Steuerkette Neu Navi,,15490,Ohne Bewertung,88000,,09/2010,Benzin,204,,
Mercedes-Benz,C 180,C 200 Coupe 7G-TRONIC AMG Line,,27980,Fairer Preis,69990,,08/2016,Benzin,156,,
Mercedes-Benz,E 200,-Coupe*Automatik*LED*Garantie*Navi*PDC*SHZ*,,19999,Guter Preis,112800,,08/2015,Benzin,184,,
Audi,TT,Coupé 2.0 TFSI S-Line/quatt/S-Tro/Virtu/Raute,,27399,Fairer Preis,72633,,06/2015,Benzin,230,,
Mercedes-Benz,CLA 45 AMG,4-Matic Speedshift /LED/PDC/Carbon,,28999,Guter Preis,72000,,06/2016,Benzin,381,,
BMW,640 Gran Coupé,640d Gran Coupe Head-Up Pano 360° Komfortzugang,,27850,Ohne Bewertung,88000,,02/2015,Diesel,313,,
BMW,420 Gran Coupé,420i Gran Coupé Aut.*NAVI*BI-XENON*HUD*TEMPO*PDC,,21200,Ohne Bewertung,71390,,12/2014,Benzin,184,,
BMW,435,Baureihe 4 Coupe 435 i xDrive*Headup*Pano,,25690,Ohne Bewertung,135665,,01/2015,Benzin,340,,
Audi,S3,2.0 TFSI quattro Navi B&O Tempo,,22850,Ohne Bewertung,95400,,11/2014,Benzin,300,,
BMW,220,d Coupe M-Sport*XENON*NAVI*PDC*,,17990,Ohne Bewertung,85400,,12/2014,Diesel,184,,
BMW,420,"Coupe Automatik, Navi, Leder, Xenon, 19 Zoll",,22990,Fairer Preis,86809,,11/2018,Benzin,184,,
BMW,325,i Coupe M-Paket Individual/Autom./Xenon/Leder,,19899,Ohne Bewertung,75000,,04/2012,Benzin,218,,
Audi,TT,"Coupe 2.0 TFSI, Xenon, GJR, Audi connect",,24990,Fairer Preis,70000,,01/2016,Benzin,230,,
Volkswagen,Scirocco,2.0 TSI R ,,18500,Ohne Bewertung,117550,,09/2011,Benzin,265,,
Volkswagen,CC,"Sport 3,6 V6 4Motion",,16480,Ohne Bewertung,82000,,04/2013,Benzin,299,,
Mercedes-Benz,C 200,Coupe 9G-TRONIC | RFK | Distr.+| AHK | LED,,23000,Sehr guter Preis,75250,,02/2018,Benzin,184,,
Mercedes-Benz,CLA 45 AMG,(Scheckheftgepflegt)  TOP ZUSTAND,,28990,Ohne Bewertung,95000,,02/2015,Benzin,360,,
Mercedes-Benz,E 300,Coupe  AMG Styling*1.Hand*Pano.*Comand*,,25999,Ohne Bewertung,79998,,08/2014,Benzin,252,,
Mercedes-Benz,E 400,4Matic Coupe /AMG LINE/NAVI/LED/PANO/CAM,,39990,Guter Preis,80000,,05/2018,Benzin,333,,
Mercedes-Benz,CLA 180,AMG Line Leder Temp.2 Hand erst 75471KM,,18950,Ohne Bewertung,75471,,07/2013,Benzin,122,,
Mercedes-Benz,E 400,AMG Sportpaket Plus Panor.SD+Leder+360Kame,,26949,Sehr guter Preis,89450,,05/2015,Benzin,333,,
Mercedes-Benz,C 180,C180 AMG Line Aut. LED Navi Sitzheizung Kamera,,26950,Fairer Preis,73850,,07/2017,Benzin,156,,
Mercedes-Benz,CLA 45 AMG,4Matic/ONLY FOR DEALERS !!,,23990,Sehr guter Preis,103000,,11/2016,Benzin,381,,
BMW,M235,i xDrive Steptronic Coupé -,,23950,Sehr guter Preis,120000,,08/2015,Benzin,326,,
Mercedes-Benz,CLA 180,COUPE +AUTOMATIK+KAMERA+LEDER+NAVI+LED+,,19780,Sehr guter Preis,87600,,07/2018,Benzin,122,,
BMW,220,"i Coupe Automatik, erst 78Tkm",,17550,Ohne Bewertung,78000,,06/2014,Benzin,184,,
BMW,320,i Coupé Leder Navi Glasdach Xenon PDC 1.Hand,,16940,Ohne Bewertung,96400,,04/2013,Benzin,170,,
Audi,TT,"Coupé, 2.0 TFSI S tronic quattro",,24555,Ohne Bewertung,99000,,12/2014,Benzin,230,,
Mercedes-Benz,CLA 250,SPORT*AMG*NAVI*SHZ*KAMERA*NIGHT*TEMPOMAT,,22990,Fairer Preis,100000,,06/2016,Benzin,218,,
BMW,125,i M-Paket alkantara,,15950,Ohne Bewertung,97000,,11/2012,Benzin,218,,
BMW,420,4-serie Coupé 420i Business | M-Pakket | Alc,,17500,Ohne Bewertung,102135,,01/2015,Benzin,184,,
Mercedes-Benz,C 200,C-Klasse Coupe AMG -Line,,29950,Erhöhter Preis,72000,,02/2016,Benzin,184,,
Volkswagen,Scirocco,2.0 TSI 162kW BlueMotion Technology...,,14600,Ohne Bewertung,92100,,11/2014,Benzin,220,,
Volkswagen,CC,Sport 4Motion 3.6 FSI bis 02/2027 SHZ Navi,,15949,Sehr guter Preis,93606,,05/2015,Benzin,299,,
Audi,TT,2.0 TFSI Coupe*QUATTRO*MATRIX LED*B&O*,,27480,Fairer Preis,85582,,01/2017,Benzin,230,,
BMW,435,i #M-Performance# *Navi*LederMemory*Schbdach*,,24999,Fairer Preis,96000,,08/2016,Benzin,306,,
Mercedes-Benz,E 200,Coupe*AMG-LINE*MULTIBEAM*NAPPA*NAVI*DISTRO,,28980,Fairer Preis,76802,,03/2017,Benzin,184,,
Audi,A5,"Coupe 3.0 TFSI Quattro 2,Hand Scheckheft Pano",,23490,Ohne Bewertung,94214,,06/2012,Benzin,272,,
Volkswagen,CC,3.6 V6 DSG 4MOTION  DCC ORIGINALZUSTAND,,24990,Ohne Bewertung,63420,,03/2013,Benzin,299,,
Mercedes-Benz,CLA 45 AMG,SPEEDSHIFT DCT 4MATIC AMG,,28299,Fairer Preis,93000,,11/2015,Benzin,381,,
Mercedes-Benz,C 200,COUPE 7G-AUTOMATIK AMG-LINE BI-XENON PANO,,18990,Ohne Bewertung,118500,,09/2013,Benzin,184,,
Mercedes-Benz,E 320,Coupé *Pano*Distronic*Stzhzg*Burmester*,,27660,Ohne Bewertung,94200,,05/2015,Benzin,272,,
BMW,335,i Coupé M Sport Edition + Perf. AGA *TOP*,,26700,Ohne Bewertung,118000,,06/2012,Benzin,326,,
BMW,430,i Coupe Luxury Line*Leder*Navi*PDC,,23900,Sehr guter Preis,99900,,10/2016,Benzin,252,,
BMW,418,Benzine Autom. - M Pack - GPS - Topstaat! ,,22990,Ohne Bewertung,87724,,01/2019,Benzin,136,,
BMW,430 Gran Coupé,430 i GC M Sportpaket Navi PDC HeadUp,,22800,Fairer Preis,106130,,08/2016,Benzin,252,,
Mercedes-Benz,CLA 200,CLA200 AMG NIGHTPAKET *KAMERA*NAVI*KEYLESS*LED*,,19649,Guter Preis,100000,,09/2018,Benzin,156,,
Mercedes-Benz,CLA 250,DCT 4MATIC AMG Line AMG Line,,24999,Ohne Bewertung,78000,,03/2015,Benzin,211,,
BMW,420,i Coupé M Sport M Sport,,21500,Sehr guter Preis,70600,,06/2015,Benzin,184,,
Mercedes-Benz,CLS 500,AMG Line Sitzklima/Massage/Keyless-Go,,27990,Ohne Bewertung,94280,,07/2012,Benzin,408,,
Audi,TT,Coupe 2.0 TFSI S quattro/8-fach/Navi/Leder,,22590,Sehr guter Preis,91000,,05/2015,Benzin,230,,
Mercedes-Benz,C 180,Edition 1 Autom. AMG-Line,,24499,Fairer Preis,90455,,06/2016,Benzin,156,,
Audi,TT,RS 2.5 TFSI  Coupe quattro+GEWERBE+EXPORT+,,24500,Ohne Bewertung,94000,,10/2009,Benzin,340,,
BMW,M235,"i Coupe xDrive,XENON,RFK,H&K-Sound,NAVI",,27990,Fairer Preis,104000,,04/2016,Benzin,326,,
Mercedes-Benz,E 200,Coupe Automatik,,18000,Sehr guter Preis,100000,,05/2015,Benzin,184,,
Mercedes-Benz,C 200,Edition 1 Autom. ,,25900,Fairer Preis,95000,,04/2016,Benzin,184,,
Mercedes-Benz,CLA 200,Urban*Kamera*Bi-Xenon*,,17998,Ohne Bewertung,106500,,11/2014,Benzin,156,,
Mercedes-Benz,CLA 180,AMG LINE*BiXENON*KEYLESS*PANORAMA*NIGHT*,,19990,Erhöhter Preis,118000,,06/2015,Benzin,122,,
BMW,230,i xDrive M Performance Navi Leder Aut. Sitzh.,,21999,Sehr guter Preis,87600,,04/2017,Benzin,252,,
Mercedes-Benz,C 200,Coupé Benzine Autom. - GPS - Burmester - T,,27990,Fairer Preis,83980,,02/2018,Benzin,184,,
Audi,TT,Coupe 2.0 TFSI S tronic quattro -,,24500,Fairer Preis,92000,,05/2015,Benzin,230,,
Audi,TTS,"Coupe 2.0 TFSI qu BOSE Leder Navi+ Xenon 19""",,23980,Ohne Bewertung,88700,,06/2012,Benzin,272,,
Mercedes-Benz,CLS 400,4MATIC ,,27900,Sehr guter Preis,96500,,06/2015,Benzin,333,,
BMW,228,i Coupé Sport Line Sport Line,,19750,Ohne Bewertung,78000,,06/2015,Benzin,245,,
Mercedes-Benz,E 200,*AMG*AUTOMATIK*Bi-XENON*PTS*NAVI*SITZHEIZUN,,16999,Ohne Bewertung,96000,,04/2013,Benzin,184,,
BMW,330,i Coupe Aut. XENON*NAVI*LEDER*HINGUCKER!,,17490,Ohne Bewertung,100000,,03/2012,Benzin,272,,
Volkswagen,Scirocco,"BMT, XENON, 19 "", PDC..",,16900,Erhöhter Preis,79900,,05/2015,Benzin,179,,
Mercedes-Benz,E 200,CGI Coupe BlueEff. Aut. *Navi-PDC-SHZ*,,18999,Ohne Bewertung,58000,,07/2012,Benzin,184,,
Mercedes-Benz,SLK 250,"CGI Blue Effi Automatik, wenig KM, Navi",,26890,Ohne Bewertung,56775,,07/2014,Benzin,204,,
Mercedes-Benz,C 180,Coupé  AMG Paket *sehr gepflegter Zustand*,,15800,Ohne Bewertung,98306,,04/2013,Benzin,156,,
BMW,640 Gran Coupé,M-Performance  xDrive HUD KAMERA ,,28888,Ohne Bewertung,125390,,07/2016,Benzin,320,,
BMW,640,i xDrive Coupé LED+SOFT CLOSE+HUD+NAVI+1.HAND,,26800,Ohne Bewertung,75000,,10/2013,Benzin,320,,
Mercedes-Benz,CLA 200,Urban Style*BIXENON*PANO*NAVI*KAM*ASST*,,18982,Ohne Bewertung,120250,,12/2013,Benzin,156,,
Mercedes-Benz,C 350,CGI Coupé AMG-LINE/PANO/KAMERA/H&K/COMAND/,,24690,Ohne Bewertung,118990,,04/2013,Benzin,306,,
Mercedes-Benz,CLA 250,Klimatronik°Automatik°NAVI,,18999,Ohne Bewertung,83500,,07/2015,Benzin,211,,
Audi,A7,Sportback 2.8 FSI quattro Bose,,22990,Ohne Bewertung,99838,,03/2014,Benzin,204,,
BMW,435,i Coupe M-Sport H/K* S-DACH* MEMO*,,20990,Ohne Bewertung,140000,,04/2014,Benzin,306,,
Volkswagen,Scirocco,"R 2.0 TSI, DSG,MK3,FACELIFT!!",,23990,Fairer Preis,77500,,06/2017,Benzin,280,,
Mercedes-Benz,CLA 45 AMG,"4M SPORTABGAS,COMAND,HARMAN/K,KAMERA",,31780,Fairer Preis,86173,,08/2016,Benzin,381,,
Mercedes-Benz,CLA 250,4M Urban Standheizung/Memory/Kamera/LED,,25490,Fairer Preis,92700,,02/2017,Benzin,211,,
BMW,430,IX Coupe  M-Performance Harman Carbon KAM,,24999,Guter Preis,89882,,05/2017,Benzin,252,,
Mercedes-Benz,E 350,Coupé 4MATIC - AMG Paket Pano Vollausstatt,,29500,Ohne Bewertung,88775,,03/2015,Benzin,306,,
Mercedes-Benz,CLA 180,Coupe AMG Line Panorama-SHZ-Navi,,16490,Ohne Bewertung,109871,,04/2013,Benzin,122,,
BMW,428,i F32 4 Coupé Sport Line CSL M Hommage Design,,21490,Ohne Bewertung,126500,,07/2013,Benzin,245,,
BMW,420 Gran Coupé,420i Gran Coupe M-Sport Navi HUD Leder Xenon LM,,18950,Sehr guter Preis,108559,,09/2016,Benzin,184,,
Mercedes-Benz,CLA 180,URBAN 90.000km 1.Hand,,16999,Ohne Bewertung,90000,,09/2014,Benzin,122,,
BMW,125,i LCI M Performance *Power-Kit*238PS*Maxton*,,17999,Sehr guter Preis,107000,,09/2015,Benzin,238,,
Mercedes-Benz,CLA 45 AMG,Mercedes-AMG CLA 45 4MATIC ,,28000,Erhöhter Preis,101000,,05/2016,Benzin,381,,
Mercedes-Benz,E 250,E -Klasse Coupe E 250,,20900,Guter Preis,105000,,07/2016,Benzin,211,,
Mercedes-Benz,C 250,CGI Coupe  BlueEfficiency,,17790,Sehr guter Preis,109605,,11/2015,Benzin,204,,
Mercedes-Benz,C 200,Coupe LED Spur SHZG,,22490,Sehr guter Preis,100000,,11/2016,Benzin,184,,
Mercedes-Benz,CLA 45 AMG,4Matic*H&K*Panorama*Amg Performance*,,26999,Ohne Bewertung,115000,,06/2014,Benzin,360,,
Mercedes-Benz,C 250,Coupe Edition 1 *LED*Navi*Panorama*HeadUp*,,25490,Fairer Preis,100000,,08/2016,Benzin,211,,
Volkswagen,Golf,VII Lim. R* 4Motion*300PS*1 Hand*Kamera*,,26590,Fairer Preis,48000,,01/2015,Benzin,300,,
Mercedes-Benz,GLC 43 AMG,GLC 43 Coupe AMG 4Matic*Garantie*Alcantara*LED*,,39950,Guter Preis,92512,,02/2019,Benzin,367,,
Mercedes-Benz,C 180,Coupé AMG-Line ,,23800,Fairer Preis,103000,,10/2016,Benzin,156,,
Mercedes-Benz,CLA 180,AMG-LINE + NIGHTPAKET*AUTOMATIK*MOD.2019,,22800,Fairer Preis,96000,,03/2019,Benzin,122,,
Mercedes-Benz,CLA 180,Urban Night+Navi+Leder+Bi-Xenon+Garantie,,16800,Ohne Bewertung,104452,,06/2013,Benzin,122,,
Mercedes-Benz,C 200,CGI COUPE AMG-LINE,,17900,Ohne Bewertung,118448,,08/2013,Benzin,184,,
BMW,330,i Coupe xDr M-Sport *SCHALTER*1.HAND*DEUTSCH*,,20490,Ohne Bewertung,122000,,01/2012,Benzin,272,,
Mercedes-Benz,CLA 200,Automatik*SPORT*ALU*KLIMA*NAVI*LEDER*,,16990,Ohne Bewertung,99500,,02/2015,Benzin,156,,
Mercedes-Benz,E 200,"Coupe 2,0 CGI*LED*Navi*Automatik*Tüv Neu*",,20900,Ohne Bewertung,72126,,06/2014,Benzin,184,,
Mercedes-Benz,E 200,Coupe 184cv - AMG LINE EDITION,,21990,Ohne Bewertung,125605,,06/2014,Benzin,184,,
BMW,M235,i xDrive M Performance ESD H&K NAVI SBD PDC,,29490,Erhöhter Preis,107241,,08/2015,Benzin,326,,
Audi,TTS,Coupe 2.0 TFSI quattro/BTH/MFL/TEMP/SHZ/R19,,20400,Ohne Bewertung,96606,,09/2013,Benzin,272,,
Audi,TT,Coupe 2.0 TFSI*BI-XENON*LEDER*NAVI*VIRTUAL*,,22890,Ohne Bewertung,98500,,01/2015,Benzin,230,,
Mercedes-Benz,C 200,Coupe 7G *AMG Line* Navi_LED_Ambiente,,23900,Guter Preis,78000,,01/2016,Benzin,184,,
Mercedes-Benz,E 500,Coupe V8 Edition AMG Paket*,,24900,Ohne Bewertung,121000,,08/2013,Benzin,408,,
Mercedes-Benz,CLA 180,Coupe 7G- Aut. AMG Optik  * Ledersitze *,,16500,Ohne Bewertung,90000,,04/2014,Benzin,122,,
Mercedes-Benz,C 180,Coupe CGI BlueEfficiency*AMG*Standheizung,,16961,Ohne Bewertung,84999,,06/2013,Benzin,156,,
Mercedes-Benz,E 500,Coupe CGI BlueEfficiency AMG Line,,23900,Ohne Bewertung,120000,,08/2012,Benzin,408,,
Volkswagen,Scirocco,R*1. Hand*SHZ*DSG*Tempomat,,18990,Guter Preis,118900,,02/2016,Benzin,280,,
BMW,430,i Advantage Coupe Aut~Navi~Tempomat~LED~SHZ~,,21499,Sehr guter Preis,110000,,04/2017,Benzin,252,,
Audi,TT,Coupe 1.8 TFSI S Line PDC XENON ALCAN LM19,,14950,Ohne Bewertung,115273,,02/2014,Benzin,160,,
BMW,220,i Coupé -,,14900,Ohne Bewertung,98500,,09/2014,Benzin,184,,
Volkswagen,Golf,VI GTI 2.0 BullX Rotiform 19 ALU EU5,,9999,Ohne Bewertung,88952,,09/2012,Benzin,211,,
BMW,125,i Coupé M - PAKET *PERFORMANCE * TOP GEPFLEGT,,17900,Ohne Bewertung,114000,,09/2012,Benzin,218,,
Volkswagen,Arteon,2.0 TSI 4Motion DSG R-Line Standhei.,,24929,Fairer Preis,77000,,07/2017,Benzin,280,,
Mercedes-Benz,E 200,Sport Edition ,,21200,Guter Preis,79500,,03/2016,Benzin,184,,
BMW,325,i E92 Coupe*Facelift*6 Gang*Navi-Prof.*E-Sitz,,16980,Ohne Bewertung,87996,,03/2012,Benzin,218,,
BMW,435,i xDrive Coupé M-PERFORMANCE/HUD/H&K/LED/RFK,,28999,Sehr guter Preis,89778,,07/2015,Benzin,306,,
Mercedes-Benz,C 200,Coupé AMG Line EZ10/2016,,23800,Guter Preis,114436,,10/2016,Benzin,184,,
Volkswagen,Scirocco,2.0 TSI R-Line 1.Hand/Neuwertig,,19870,Erhöhter Preis,78000,,06/2017,Benzin,179,,
Mercedes-Benz,CLA 45 AMG,4Matic +Xenon+Perf-AGA+Navi+Cam+,,32970,Erhöhter Preis,101670,,03/2016,Benzin,381,,
Mercedes-Benz,C 300,Autom. - AMG Line,,25000,Sehr guter Preis,74000,,03/2016,Benzin,245,,
Audi,TT,Coupe 2.0 TFSI Coupe S-LINE COMPETITION*ROTOR,,18490,Ohne Bewertung,90000,,03/2013,Benzin,211,,
Mercedes-Benz,CLA 200,d Shooting Brake 4MATIC AMG-LINE LED RFK,,24390,Fairer Preis,94000,,02/2017,Diesel,136,,
BMW,420,Baureihe 4 Gran Coupe 420 i Advantage,,20990,Fairer Preis,75250,,01/2016,Benzin,184,,
BMW,430,i xDrive Coupé M Sport A M Sport,,25400,Guter Preis,102500,,07/2017,Benzin,252,,
BMW,M235,i NAVI-PROF+LED+HARMAN/KARDON+SCHIEBEDACH,,27990,Fairer Preis,80450,,04/2016,Benzin,326,,
Mercedes-Benz,CLA 200,Urban,,23250,Fairer Preis,74250,,07/2018,Benzin,156,,
Dodge,Challenger,Shaker 5.7 HEMI  LED*Nav*Rückfahrk*,,28950,Sehr guter Preis,88679,,12/2019,Benzin,381,,
Mercedes-Benz,C 200,Coupe/AMG-LINE/SHZ/NIGHT-PAKET/LED/NAV/PDC,,22990,Guter Preis,94900,,02/2017,Benzin,184,,
Mercedes-Benz,E 200,E200 CGI Elegance+1.Hand+SHZ+Bi-Xenon+PDC+Leder,,19990,Ohne Bewertung,65500,,04/2010,Benzin,184,,
Audi,TT,Coupe 2.0 TFSI S tronic quattro - S-Line,,27490,Ohne Bewertung,98500,,10/2014,Benzin,310,,
BMW,M235,i xDrive Coupé -TOP,,25499,Ohne Bewertung,122000,,11/2014,Benzin,326,,
Audi,TT,Coupe 2.0 TFSI S-Line Autom. Navi Leder LED,,26950,Fairer Preis,76334,,02/2017,Benzin,230,,
Audi,A5,"Coupe 3.0 TDI qu S LINE STANDHEIZ,KEYLESS,B+O",,22480,Sehr guter Preis,95000,,08/2015,Diesel,245,,
Mercedes-Benz,C 180,Coupe Autom.+Leder+Navi+Kamera+SHZ+LED+,,17900,Ohne Bewertung,77350,,08/2013,Benzin,156,,
Volkswagen,Scirocco,Basis BMT/Start-Stopp STZH,,15499,Sehr guter Preis,76200,,05/2015,Benzin,220,,
BMW,M140i,Heckantrieb,,26800,Guter Preis,104000,,09/2016,Benzin,340,,
Audi,TT,2.0 TFSI Coupe S-line Comp. Bose FINANZIERUNG,,19650,Ohne Bewertung,97600,,04/2014,Benzin,211,,
BMW,218,i M-Sport Coupe MT*H&K*BIXEN*PDC*NAVI*ALU,,15990,Fairer Preis,109368,,06/2015,Benzin,136,,
Audi,TT RS,Coupé 340 PS,,25000,Ohne Bewertung,89500,,10/2011,Benzin,340,,
Volkswagen,Golf,GOLF R 4M 310HP CAM COCKPIT APP-CONNECT ACC,,29904,Guter Preis,70510,,02/2018,Benzin,310,,
Audi,A5,Coupe 2.0 TDI quattro S-Line Bi-Xenon Navi,,23990,Erhöhter Preis,104061,,05/2015,Diesel,190,,
Mercedes-Benz,C 250,CGI Coupe Pano*Xenon*1.Hand*Leder*COMAND,,15999,Ohne Bewertung,97360,,03/2013,Benzin,204,,
Volkswagen,Golf,VII 1.2  Cup*DSG*NAVI*8FACH*PDC*SHZ,,11390,Ohne Bewertung,121399,,08/2014,Benzin,110,,
Mercedes-Benz,C 180,"CGI BlueEfficiency ""NAVI-KLIMA-SITZH""",,13990,Ohne Bewertung,70000,,09/2012,Benzin,156,,
BMW,330,i - Clubsportumbau,,24800,Ohne Bewertung,95000,,12/2009,Benzin,272,,
Audi,TT,1.8 TFSI 2x S-Line LED Navi Sitzheizung DAB,,24990,Fairer Preis,77677,,09/2017,Benzin,179,,
BMW,420,i  Coupé Luxury Line A Luxury Line,,21990,Fairer Preis,93000,,11/2017,Benzin,184,,
Mercedes-Benz,CLA 45 AMG,4Matic/Garantie/Navi/.../,,26750,Guter Preis,91000,,08/2016,Benzin,381,,
Mercedes-Benz,E 200,AMG-Line Autom.Navi Leder LED Sitzh.,,19950,Sehr guter Preis,74125,,05/2015,Benzin,184,,
BMW,418 Gran Coupé,418d Gran Coupe Sport-Line Automatik + NAVI +,,18980,Ohne Bewertung,106327,,10/2016,Diesel,150,,
Mercedes-Benz,CLA 200,+AMG+BUSINESS+SPIEGEL+LED+KAMERA+AMBIENTE,,28990,Guter Preis,61100,,01/2021,Benzin,163,,
Mercedes-Benz,C 180,CGI Coupe Edition C Panorama/ILS Lichtsy.,,16900,Guter Preis,102200,,07/2015,Benzin,156,,
Audi,S5,3.0 TFSI S tronic quattro -,,26150,Ohne Bewertung,89500,,02/2014,Benzin,420,,
Mercedes-Benz,CLA 180,| Orange Art Edition | AMG,,18799,Guter Preis,120000,,07/2015,Benzin,122,,
Mercedes-Benz,C 250,Coupé*7G-Tr*XENON*COMAND*SPUR-PAKET*1 HAND,,16490,Ohne Bewertung,106000,,11/2014,Benzin,204,,
BMW,420,i Coupe xDrive M-PAKET XENON SHZ NAVI MFL PDC,,21990,Ohne Bewertung,126200,,12/2013,Benzin,184,,
Mercedes-Benz,C 200,C200 Coupe AMG Line Aut Navi Temp Shz LED,,23890,Fairer Preis,121000,,04/2016,Benzin,184,,
Volkswagen,Scirocco,R 2.0 TSI DSG 320PS Leistungssteigerung,,21490,Ohne Bewertung,130357,,11/2011,Benzin,320,,
Mercedes-Benz,C 350,CGI Coupe AMG V6 DESIGNO *PANO*SOUND*KAME*,,25950,Ohne Bewertung,68000,,08/2012,Benzin,306,,
Mercedes-Benz,E 200,"Coupé  AMG Line , Silber, Automatik",,15900,Ohne Bewertung,113000,,02/2014,Benzin,184,,
BMW,M235,i Steptronic Coupé ,,30000,Ohne Bewertung,106500,,08/2014,Benzin,326,,
Mercedes-Benz,CLA Shooting Brake,200 AMG Line 7G-DCT Automatic,,16800,Ohne Bewertung,113300,,06/2015,Benzin,156,,
BMW,M235,i Coupé - Vollleder - H&K - Automatik ,,29999,Ohne Bewertung,108000,,03/2014,Benzin,326,,
Mercedes-Benz,C 180,COUPE CGI BLUEFFICIENCY*AMG LINE*SITZHEIZ*,,16999,Ohne Bewertung,77000,,06/2012,Benzin,156,,
BMW,435,"Gran Coupe 435 i xDrive (HUD,H&K)",,27600,Ohne Bewertung,85389,,06/2016,Benzin,306,,
Volkswagen,Arteon,1.5 TSI ACT OPF DSG Elegance Rückfahrkame,,24900,Fairer Preis,96000,,06/2018,Benzin,150,,
Volkswagen,Arteon,R-Line 4M Pano+LED+ACC+dig.Display+4xShzg,,27790,Fairer Preis,99897,,11/2017,Benzin,280,,
BMW,320 Gran Turismo,320d GT Sport Line*AHK-Xenon-PDC*,,18990,Fairer Preis,116300,,01/2016,Diesel,190,,
BMW,420 Gran Coupé,420i Gran Coupe +nur an Händler/Export+,,16500,Sehr guter Preis,99998,,11/2015,Benzin,184,,
Mercedes-Benz,C 180,"Edition AMG Line, Panoramadach",,24900,Fairer Preis,102000,,08/2017,Benzin,156,,
Mercedes-Benz,E 200,Coupe Avantgarde 360 Burmester ACC! Traum!,,28490,Sehr guter Preis,94868,,09/2018,Benzin,184,,
BMW,640,i M-PERFO HUD NAVI SHZ.,,24444,Ohne Bewertung,143167,,07/2013,Benzin,320,,
BMW,120,"i, 3-Türer, M-Paket, 2. Hand, Service NEU",,16990,Fairer Preis,89992,,02/2016,Benzin,177,,
Volkswagen,Golf,VII Lim. GTD,,15900,Fairer Preis,112000,,08/2016,Diesel,184,,
Mercedes-Benz,CLA 45 AMG,4MATIC*PANO*NAVI*KAMERA*H&K*,,27999,Sehr guter Preis,99000,,12/2016,Benzin,381,,
BMW,430,i Coupé M Sport A M Sport,,26999,Fairer Preis,95500,,07/2017,Benzin,252,,
Mercedes-Benz,CLA 180,COUPE AUTO NAVI XENON T-LEDER PDC,,16990,Guter Preis,106800,,07/2015,Benzin,122,,
Mercedes-Benz,200,AMG line,,24600,Guter Preis,87500,,02/2017,Benzin,184,,
Audi,TT,Coupe 2.0 TFSI *digit. Tacho + Navi + Xenon,,21499,Guter Preis,105955,,03/2016,Benzin,230,,
BMW,M235,i xDrive Steptronic Coupé -,,30000,Fairer Preis,102000,,03/2016,Benzin,326,,
BMW,428 Gran Coupé,428i xDrive Gran Coupé -,,29700,Ohne Bewertung,114006,,05/2015,Benzin,245,,
BMW,420,i Coupe Aut. M - Sportpaket*Kamera*Bi-Xenon*,,24999,Fairer Preis,56689,,10/2016,Benzin,184,,
Mercedes-Benz,C 300,Coupé Prestige AMG Styling panorama dach H,,24995,Sehr guter Preis,112208,,03/2017,Benzin,245,,
Mercedes-Benz,SLK 200,CGI CABRIO XENON LEDER AIRSCARF SCHECKH.,,21890,Ohne Bewertung,64700,,09/2012,Benzin,184,,
BMW,650 Gran Coupé,650i*Gran Coupe*M*Leder*LED*Kam*Pano,,27990,Ohne Bewertung,115900,,06/2015,Benzin,449,,
Volkswagen,Scirocco,1.4 TSI R-LINE/XENON/NAVI/2.HD/U-FREI!,,15990,Fairer Preis,83224,,03/2016,Benzin,125,,
Mercedes-Benz,CLS 400,Coupe Automatik AMG Line FACELIFT,,26900,Guter Preis,95458,,11/2016,Benzin,333,,
BMW,430,i Coupé/OLED/APPLE/LED/SHZ/SBD/KAMERA/PDC/R20,,26900,Fairer Preis,89896,,01/2017,Benzin,252,,
BMW,M235,M 235i Coupe Automatik NAVI-LEDER-XENON-KAMERA,,24900,Ohne Bewertung,125000,,01/2015,Benzin,326,,
Mercedes-Benz,CLA 200,AMG-Line/Pano+Alcantara+Night-Paket,,19790,Ohne Bewertung,127000,,06/2014,Benzin,156,,
Audi,TT,COUPE 2.0 TFSI+XENON+1.HAND+RENTNERFAHRZEUG !,,19880,Guter Preis,99800,,05/2015,Benzin,230,,
BMW,118,"i ""M Sport"" Automatik LED NAVI KAMERA",,15900,Fairer Preis,109800,,11/2015,Benzin,136,,
BMW,430 Gran Coupé,430 Gran Coupe xDrive Aut. Sport Line,,23980,Fairer Preis,103980,,07/2017,Benzin,252,,
BMW,430,430i Gran Coupe xDrive Aut. Sport Line,,23980,Guter Preis,103980,,07/2017,Benzin,252,,
Volkswagen,Golf,VII Lim. 1.4 TSI Highline,,10950,Ohne Bewertung,140000,,03/2013,Benzin,140,,
Audi,TTS,2.0 TFSI Coupe quattro*NAVI+XENON+PDC+LEDER,,20950,Ohne Bewertung,98670,,12/2011,Benzin,272,,
Mercedes-Benz,CLA 200,AMG Line AMG Line Night Pakett Voll Aut.,,23600,Fairer Preis,99850,,06/2017,Benzin,156,,
BMW,228,Coupé Klimaautomtik/Sportsitze,,17250,Ohne Bewertung,72919,,07/2015,Benzin,245,,
Audi,TT,Coupe 2.0 TFSI S tronic s Line quattro ,,24990,Fairer Preis,107000,,04/2015,Benzin,230,,
BMW,440,i Gran Coupe/Xdrive/Adaptive Led/Individual,,27999,Sehr guter Preis,95500,,02/2019,Benzin,326,,
BMW,435,i M Performance*HUD*H&K*360*Kamera*,,27890,Sehr guter Preis,79858,,10/2016,Benzin,306,,
BMW,230,i Steptronic / Vollausstattung,,18500,Ohne Bewertung,108000,,04/2017,Benzin,252,,
Mercedes-Benz,E 400,Autom. - AMG Sportpaket,,28700,Ohne Bewertung,119000,,02/2015,Benzin,333,,
BMW,430,i Coupé M Performance ,,24900,Ohne Bewertung,99850,,01/2018,Benzin,252,,
Audi,TT,2.0 TFSI Coupe q. S-Tr. *2.HD *Virtual *Xenon,,25800,Ohne Bewertung,59000,,12/2014,Benzin,230,,
Audi,A5,Coupe Quattro design S-Tronic/STANDH/LED/B&O,,28900,Fairer Preis,113900,,01/2017,Benzin,252,,
Mercedes-Benz,CLS 250,CDI BE LEDER/LED ILS/COMAND/SD/CAM /DIST,,19870,Ohne Bewertung,122770,,07/2012,Diesel,204,,
BMW,640,i Coupé M Sport Edition M Sport Edition,,31500,Ohne Bewertung,108000,,12/2013,Benzin,320,,
Mercedes-Benz,E 320,Autom. Coupé- Sport Edition V6,,29500,Ohne Bewertung,86000,,05/2015,Benzin,272,,
Audi,TT,Coupe 2.0TFSI S tronic quattro S-LINE 1.HAND,,27990,Fairer Preis,92780,,06/2015,Benzin,230,,
Mercedes-Benz,CLA 250,Sport  AMG SPORT ,,24000,Sehr guter Preis,84000,,09/2017,Benzin,218,,
BMW,420,d xDrive Coupe Sport Line-LED-ALU INDIVID.,,22999,Fairer Preis,103489,,10/2017,Diesel,190,,
Ford,Mustang,MUSTANG 3.7 COUPÉ *GT OPTIK! ENTHUSIASTISCH!*,,21900,Ohne Bewertung,89645,,07/2014,Benzin,305,,
BMW,M235,i xDrive Coupé - TOP AUSSTATTUNG,,29000,Fairer Preis,103000,,05/2016,Benzin,326,,
Mercedes-Benz,C 180,Coupe*AMG Line*PANO*NAVI*LED Paket*LEDER*,,25999,Fairer Preis,79800,,03/2017,Benzin,156,,
Mercedes-Benz,CLA 180,AMG-LINE/PANO/LEDER/SHZ/BI-XENON,,17690,Guter Preis,114500,,07/2015,Benzin,122,,
BMW,218,i F22 Coupe *Sport Line *Carplay+DAB *LED LCI,,18999,Fairer Preis,98100,,10/2017,Benzin,136,,
Mercedes-Benz,C 180,C180 COUPE*AMG PAKET*PANORAMA*2 HAND*8 FACH*,,18490,Ohne Bewertung,70326,,02/2012,Benzin,156,,
Audi,S5,3.0 TFSI S tronic quattro -,,22900,Ohne Bewertung,115000,,04/2013,Benzin,333,,
Volkswagen,CC,4Motion R-Line *Vollausttattung/Top-Zustand*,,17999,Fairer Preis,125000,,06/2015,Benzin,299,,
Mercedes-Benz,C 180,CGI BE Coupe|AMG-Paket|Navi|PDC|Xenon|Auto,,19690,Ohne Bewertung,69200,,10/2011,Benzin,156,,
Mercedes-Benz,CLA 250,4Matic Sport LED*NAVI*PDC*SHZG*PANORAMA*,,24200,Guter Preis,91800,,07/2017,Benzin,218,,
BMW,M235,i xDrive Steptronic Coupé -Voll,,24999,Guter Preis,124999,,06/2015,Benzin,326,,
Mercedes-Benz,C 300,Autom. -,,27800,Guter Preis,83500,,05/2016,Benzin,245,,
Audi,TT,Coupe 1.8 TFSI *Schwarz-Paket* Xenon*Sitzheiz,,22890,Fairer Preis,90250,,10/2016,Benzin,179,,
Audi,A5,2.0 TFSI Sportback quattro S tronic,,23980,Ohne Bewertung,56880,,01/2015,Benzin,224,,
Mercedes-Benz,E 350,Coupé  *AMG PAKET*LEDER*NAVI*TOP*,,17900,Ohne Bewertung,75150,,06/2012,Benzin,306,,
Mercedes-Benz,C 250,CGI Coupe  BlueEfficiency AMG/Panorama,,17990,Ohne Bewertung,72800,,12/2012,Benzin,204,,
BMW,430 Gran Coupé,430 Gran Coupe 430i xDrive Sport Line,,19999,Sehr guter Preis,116000,,09/2016,Benzin,252,,
Mercedes-Benz,C 180,Coupé+7G+AMG+MULTIBEAM+KAMERA+AHK+AMBIENTE,,25840,Fairer Preis,78008,,08/2016,Benzin,156,,
Mercedes-Benz,E 200,E -KLASSE COUPE E 200/NAVI/PDC/SHZ/MFL/LED/,,17999,Sehr guter Preis,117200,,06/2015,Benzin,184,,
Mercedes-Benz,CLA 180,AMG Line Aut~Navi~Leder~PDC~SHZ~LED~,,19899,Guter Preis,96500,,11/2017,Benzin,122,,
BMW,M235,"i xDrive,XENON,PANO,NAVI PRO.HIFI,PDC,SHZ",,30666,Fairer Preis,93600,,04/2016,Benzin,326,,
Mercedes-Benz,C 200,4MATIC AMG Line Autom. AMG Line,,24400,Guter Preis,110000,,09/2017,Benzin,184,,
BMW,420,d XDrive Sportline Leder Automatik BiXenon,,19499,Guter Preis,122000,,12/2015,Diesel,190,,
Mercedes-Benz,CLA 200,AMG Line Leder/Burmester/Standh/Pano,,24990,Guter Preis,88664,,07/2019,Benzin,163,,
Mercedes-Benz,CLA 220 Shooting Brake,CLA 220 SB Urban Night Exklusiv VOLL TOP SH DE,,18450,Sehr guter Preis,119157,,08/2015,Diesel,177,,
BMW,430,d M Sport IAutom.IHeadUpIPanoIMemoryIGarantie,,26499,Fairer Preis,122166,,11/2015,Diesel,258,,
Mercedes-Benz,CL 500,CL Coupe CL 500 BE 4Matic,,27900,Ohne Bewertung,104000,,01/2011,Benzin,435,,
BMW,335,Coupe 335i,,19990,Ohne Bewertung,110551,,07/2010,Benzin,306,,
Mercedes-Benz,C 200,C 200 CGI BlueEfficiency*Bi-Xenon*Navi*Tüv,,17990,Ohne Bewertung,72000,,01/2013,Benzin,184,,
Volkswagen,Scirocco,Basis BMT *Navi*Kamera*Temp*Sport*Shz,,14480,Ohne Bewertung,78500,,12/2014,Diesel,150,,
Mercedes-Benz,CLA 250 Shooting Brake,4Matic*AMG-LINE*PANO*NIGH,,21850,Guter Preis,104850,,07/2017,Benzin,218,,
Mercedes-Benz,CLA 250,4Matic*AMG-LINE*PANO*NIGHT-P*KAM*NAVI*,,21850,Sehr guter Preis,104850,,07/2017,Benzin,218,,
BMW,220,2 Coupe 220 i Advantage Navi/LED/Automatik,,16900,Sehr guter Preis,94000,,09/2016,Benzin,184,,
Volkswagen,Arteon,2.0 TSI Aut. R-Line  Pano/Massage/LED,,21990,Guter Preis,133000,,04/2018,Benzin,190,,
Ford,Mustang,"MUSTANG 3.7 COUPÉ MIT EXKLUSIVEM ROUSH DESIGN!""",,21900,Ohne Bewertung,94000,,06/2012,Benzin,309,,
Mercedes-Benz,E 200,Coupe 9G-tronic Avantgarde+LED+NAVI+PANO,,27900,Fairer Preis,105300,,01/2019,Benzin,184,,
BMW,218,2-serie Coupé 218i High Executive Aut. Xenon,,15950,Sehr guter Preis,88881,,01/2016,Benzin,136,,
Audi,TT,Coupe 2.0TFSI S tronic quattro S-LINE NAVI,,27990,Fairer Preis,83795,,03/2015,Benzin,230,,
Mercedes-Benz,E 250,1.8 CGI *BlueEffi.*Avantgarde *Leder Nappa,,16990,Ohne Bewertung,70000,,03/2013,Benzin,204,,
Mercedes-Benz,C 180,CGI BlueEfficiency NAVI*TEMPOMAT*SHZ*PDC,,16490,Ohne Bewertung,85516,,11/2011,Benzin,156,,
BMW,650,i Gran Coupe M-SPORPAKET/PANORAMA/Aktivlenk,,34990,Ohne Bewertung,83000,,02/2013,Benzin,449,,
Volkswagen,Scirocco,1.4 TSI 90 kW Life ESD Navi,,13500,Ohne Bewertung,86000,,05/2014,Benzin,122,,
Mercedes-Benz,CLS 400,"4M STANDHEIZ,AIRMATIC,MASSAGE,KEYLESS",,33480,Fairer Preis,80000,,01/2016,Benzin,333,,
Audi,TT,Coupe 2.0 TFSI Coupe*SLine*Navi*LED,,24890,Fairer Preis,95988,,04/2016,Benzin,230,,
Mercedes-Benz,C 300,9G-Tr. AMG Line Coupé *19Zoll *Kamera,,29900,Guter Preis,93800,,08/2018,Benzin,258,,
BMW,218,d Coupe Sport Line NAVI*SHZ*PDC*SPORTSITZE*,,18990,Fairer Preis,96433,,08/2017,Diesel,150,,
BMW,435,i xDRIVE *LUXURY LINE*NAVI*KAMERA*LEDER*EUR6*,,20999,Ohne Bewertung,133000,,12/2013,Benzin,306,,
Audi,A5,Sportback 2.0 TDI 177PS quattro S Line Navi ,,17999,Ohne Bewertung,106662,,08/2014,Diesel,177,,
BMW,220,i A,,24900,Fairer Preis,86359,,09/2019,Benzin,184,,
Audi,A5,"Coupe 3.0 TDI qu S LINE BANG+O,KEYLESS,KAMERA",,22480,Guter Preis,95472,,08/2016,Diesel,245,,
Mercedes-Benz,C 200,Coupé AMG Line Burmester-Pano-Nav-LED-Park,,23500,Sehr guter Preis,67500,,06/2016,Benzin,184,,
Mercedes-Benz,CLA 180,/Automatik/Comand/Kamera/Panorama/Alu,,21990,Fairer Preis,96000,,10/2017,Benzin,122,,
BMW,420,4 Coupe 420 d LUXURY/BIXEN/SHZ/NAVI/LRHZ,,20990,Sehr guter Preis,93500,,05/2015,Diesel,190,,
BMW,435,i Coupé -,,30499,Fairer Preis,101000,,10/2015,Benzin,306,,
Mercedes-Benz,E 200,PANO*LED*CAM*TEMP*19ZOLL,,25900,Sehr guter Preis,97500,,07/2017,Benzin,184,,
Volkswagen,Passat CC,2.0 TSI - R-Line,,14500,Ohne Bewertung,99500,,11/2010,Benzin,200,,
Mercedes-Benz,E 300,CGI Coupe BlueEff.*66.000 KM*PANO*AHK*LED*,,25999,Ohne Bewertung,65784,,11/2013,Benzin,252,,
Mercedes-Benz,E 200,"Coupe AMG Sport Edition,Leder,Pano,Automat",,24790,Sehr guter Preis,107493,,06/2017,Benzin,184,,
BMW,640 Gran Coupé,640i xDrive Gran Coupé M-Paket 20´ATM BRONZEMATT,,29949,Ohne Bewertung,116000,,06/2013,Benzin,320,,
Audi,S5,3.0 TFSI S tronic quattro - Vollausstattung,,24500,Ohne Bewertung,79500,,04/2012,Benzin,333,,
Mercedes-Benz,C 180,Edition C*COUPE*BIXENON*LED*NAVI*AMG LINE*,,16990,Ohne Bewertung,121455,,03/2015,Benzin,156,,
BMW,420,i Coupe Sport Line HUD+NAV+HIFI+TEM+LEDER+KOM,,22820,Sehr guter Preis,61000,,07/2015,Benzin,184,,
Audi,TT,"Coupe 2.0 TFSI S tronic - S- line, RS- Optik",,23500,Ohne Bewertung,69500,,05/2014,Benzin,211,,
Volkswagen,Passat CC,2.0 TDI BMT 4Motion DSG R Line Keyless,,18900,Ohne Bewertung,89575,,08/2014,Diesel,177,,
Volkswagen,CC,Passat CC 2.0 TDI BMT 4Motion DSG R Line Keyless,,18900,Ohne Bewertung,89575,,08/2014,Diesel,177,,
Mercedes-Benz,C 200,Coupe*AMG*NIGHT*BURM*AMBI*1.HAND,,23400,Guter Preis,112400,,10/2017,Benzin,184,,
BMW,640,D PANORAMA-KAMERA-STANDHZ-SERVICE NUR BEI BMW,,27998,Guter Preis,111710,,10/2016,Diesel,313,,
Audi,TT,2.0 TFSI Coupe quattro*S-Line*Automatik*Voll,,18450,Ohne Bewertung,99000,,03/2012,Benzin,211,,
Mercedes-Benz,E 350,Coupé E 350 BlueEFFICIENCY AVANTGARDE AVANTGARDE,,15990,Ohne Bewertung,78000,,12/2011,Benzin,272,,
BMW,640,i Coupé -,,24300,Ohne Bewertung,127340,,05/2011,Benzin,320,,
BMW,220,i Coupe Advantage *AUTOMATIK*TEMPOMAT*LED*,,20950,Fairer Preis,92900,,05/2018,Benzin,184,,
Mercedes-Benz,CLA 45 AMG,4Matic*Performance*Navi*Led*Kam*,,27800,Sehr guter Preis,87711,,12/2016,Benzin,360,,
Mercedes-Benz,E 350,CGI 7G-Tronic   AMG- PAKET AMG-LINE,,15800,Ohne Bewertung,105643,,04/2011,Benzin,292,,
BMW,420 Gran Coupé,420d Gran Coupé Innovations Kamera Leder-Braun,,19999,Sehr guter Preis,119948,,09/2016,Diesel,190,,
Mercedes-Benz,C 180,"AMG Line PANO, KAMERA, PARKASSISTENZ",,25500,Erhöhter Preis,73500,,07/2016,Benzin,156,,
BMW,220,i M Sport/LEDER/Bi XENON/S.DACH/,,18999,Fairer Preis,124085,,05/2016,Benzin,184,,
Mercedes-Benz,CLA 200,-,,19750,Ohne Bewertung,78600,,06/2017,Benzin,156,,
Mercedes-Benz,CLA 200,AMG Line AMG Line,,23995,Erhöhter Preis,79000,,04/2017,Benzin,156,,
Mercedes-Benz,C 180,Coupé Navi Rückfahrkamera Spiegel-Paket,,27680,Fairer Preis,96650,,05/2019,Benzin,156,,
Mercedes-Benz,CLS 250,"d SPORTPAKET MULTIBEAM,MEMORY,STANDHEIZ.",,27680,Ohne Bewertung,88936,,03/2017,Diesel,204,,
Mercedes-Benz,CLS 350,"d 4M AMG KEYLESS,ILS,DISTRO,MEMORY,H/K",,29880,Fairer Preis,79395,,04/2015,Diesel,265,,
Audi,TTS,Coupe 2.0 TFSI 1-Hand ! 1 A Zustand !,,24998,Ohne Bewertung,69000,,02/2010,Benzin,272,,
BMW,225,d Coupe|M SPORTPAKET|NAVI|SCHALTWIPP.|EURO 6,,21900,Ohne Bewertung,91500,,06/2014,Diesel,218,,
BMW,218,i Coupe M-Sport Navi PDC Tempomat Sitzh. Reg,,16990,Fairer Preis,72950,,03/2016,Benzin,136,,
BMW,640,i Coupe xDrive M-Paket*1.Hand*Bowers&Wilkins,,31990,Ohne Bewertung,111000,,01/2014,Benzin,320,,
Mercedes-Benz,C 250,Coupe AMG LINE Automatik*Panoramadach*LED*,,27900,Fairer Preis,79250,,06/2016,Benzin,211,,
Mercedes-Benz,CLS 400,CGI 4Matic 7G-Tronic Exklusiv Sportpaket,,27490,Sehr guter Preis,122200,,04/2015,Benzin,333,,
BMW,220,"i Coupé M Sport NaviP HIFI RFK SHZ Xenon 18""",,23450,Fairer Preis,69500,,03/2017,Benzin,184,,
Mercedes-Benz,E 200,E -Klasse Coupe E 200 _ Vorzeigezustand _,,18888,Fairer Preis,123000,,04/2016,Benzin,184,,
Mercedes-Benz,C 200,Coupe 9G AMG Night-Paket Pano Navi Leder S,,25890,Guter Preis,92311,,02/2018,Benzin,184,,
Mercedes-Benz,C 180,Coupe AUTOMATIK LEDER 2 ZONEN KLIMAAUT.,,22500,Sehr guter Preis,113600,,05/2017,Benzin,156,,
Mercedes-Benz,E 300,AMG-Line*Head Up*Panorama*Kamera*,,31999,Guter Preis,102000,,11/2017,Benzin,245,,
Mercedes-Benz,E 300,Coupé  Aut/Leder/Comand/Panorama/LED/2.Hd.,,18900,Ohne Bewertung,126000,,06/2014,Benzin,252,,
BMW,220,Baureihe 2 Coupe 220 i,,17500,Ohne Bewertung,70000,,03/2015,Benzin,184,,
Audi,S5,4.2 V8 FSI tiptronic quattro AUS 2.HAND,,27990,Ohne Bewertung,98540,,06/2011,Benzin,354,,
Mercedes-Benz,C 180,"AMG-Line, Navi, LED, RFK, SHZ,",,28995,Fairer Preis,89914,,01/2019,Benzin,156,,
BMW,220,i Coupe - LENKR.HEIZ-PDC-SHZ- NAVI -TEMP-LED,,17550,Ohne Bewertung,110094,,11/2016,Benzin,184,,
Mercedes-Benz,E 200,Coupé BlueEFFICIENCY / 8-FACH / PDC /NAVI,,15900,Ohne Bewertung,113000,,07/2012,Benzin,184,,
Audi,TT,Coupe 2.0 TFSI -,,24890,Fairer Preis,79000,,09/2015,Benzin,230,,
Mercedes-Benz,E 500,Coupé E 500 AVANTGARDE AVANTGARDE,,24900,Ohne Bewertung,74800,,04/2010,Benzin,387,,
Mercedes-Benz,CLA 180 Shooting Brake,CLA Shooting Brake 180 Urban*PANO*TPM*NAV*SHZ*BT,,20999,Fairer Preis,65605,,06/2018,Benzin,122,,
Volkswagen,Scirocco,Allstar BMT/Start-Stopp,,14950,Fairer Preis,76389,,06/2016,Benzin,125,,
Audi,TT,Coupe 1.8 TFSI TIPTRONIC S-LINE*NAVI*ALCANTAR,,23950,Guter Preis,77500,,06/2016,Benzin,179,,
BMW,420,i Gran Coupe Advantage  *LED*Navi*Memory Si*,,17900,Guter Preis,99434,,06/2017,Benzin,184,,
Mercedes-Benz,CLA 200,Coupé PEAK *AMG*Pano*Navi*AUT*RKam*PTS,,23239,Fairer Preis,81098,,01/2018,Benzin,156,,
BMW,120,iA Coupe Navi Leder Xenon PDC BMW Edition,,16995,Ohne Bewertung,69000,,08/2013,Benzin,170,,
BMW,650,i xDrive Coupé M Sport  DEUTSCH 128NP,,32499,Ohne Bewertung,85000,,09/2013,Benzin,449,,
Volkswagen,CC,"2.0 TDI DSG 4MOT ""Bi-Xenon""LED""ACC""DCC""",,15999,Ohne Bewertung,126400,,07/2013,Diesel,177,,
BMW,420 Gran Coupé,420i Gran Coupé Advantage Adv...,,17900,Fairer Preis,107500,,03/2017,Benzin,184,,
BMW,218,i Coupé AUTOMATIK/MEDIA-IN/KLIMA/ECO-PRO/ALU,,16690,Sehr guter Preis,94609,,07/2017,Benzin,136,,
Mercedes-Benz,C 180,CGI Coupe AMG Line  Automatik,,17900,Ohne Bewertung,69932,,02/2015,Benzin,156,,
Audi,TT,2.0 TFSI Coupe S line-2.Hd.Leder-Navi-Xenon-,,21885,Ohne Bewertung,52845,,08/2013,Benzin,211,,
BMW,650,i xDrive*M-Paket*Soft Close*Head-Up*Kamera,,22490,Ohne Bewertung,176912,,01/2014,Benzin,408,,
Mercedes-Benz,CLS 350,BE COUPÉ SPORTPAKET|COMAND|XENON|GSD|ILS,,23990,Ohne Bewertung,63187,,09/2011,Benzin,306,,
Mercedes-Benz,C 180,C-Klasse Coupe AMG-Line,,23999,Fairer Preis,112000,,07/2017,Benzin,156,,
Audi,TT RS,Coupe 2.5 TFSI S tronic quattro -,,29900,Ohne Bewertung,105000,,05/2013,Benzin,340,,
Volkswagen,Scirocco,1.4 TSI 90 kW Team Sperrdiff. Mehrzonen,,15770,Ohne Bewertung,58000,,11/2010,Benzin,122,,
Audi,A3,ambition Xenon Navi LED Sport PDC,,15900,Ohne Bewertung,74108,,03/2014,Benzin,140,,
BMW,335,e92 335i Coupé (HS/Dt-Fzg./U-frei/Scheckheft),,26500,Ohne Bewertung,112000,,05/2010,Benzin,306,,
Audi,TT,Coupe 3.2 V6 S tronic quattro NAVI TEMPOMAT,,22990,Ohne Bewertung,99380,,05/2010,Benzin,250,,
Mercedes-Benz,E 300,Avantgarde EU6,,28890,Guter Preis,87426,,04/2017,Benzin,245,,
BMW,220,Baureihe 2 Coupe 220 i 66000 ORGINAL 1.HAND,,17900,Ohne Bewertung,66000,,05/2014,Benzin,184,,
Audi,TT,2.0 TFSI COUPE QUATTRO*S-TRONIC*NAVI*BT*XENON,,21890,Ohne Bewertung,71500,,03/2014,Benzin,211,,
BMW,325,i E92 Coupe 2.Hand*Navi*Bi-Xenon*AHK*,,9950,Ohne Bewertung,126522,,10/2006,Benzin,218,,
BMW,220,i M Sport LED+TEMPOMAT+PDC+KLIMAAUTOMATIK,,22980,Fairer Preis,51190,,10/2016,Benzin,184,,
Ford,Mustang,"MUSTANG 3.7 IM GT DESIGN, DAS DIE BLICKE FESSELT",,21900,Ohne Bewertung,114301,,07/2013,Benzin,309,,
Mercedes-Benz,E 350,Coupe BlueTec AMG Pano,,22999,Sehr guter Preis,100800,,10/2015,Diesel,258,,
Mercedes-Benz,E 200,Coupe AMG-Line *NAVI*LED*GRA*PDC*SH*BLUE*,,19910,Guter Preis,122434,,11/2016,Benzin,184,,
Mercedes-Benz,E 200,Autom. Coupé AMG Sportpaket,,26950,Guter Preis,107500,,05/2017,Benzin,184,,
Volkswagen,Scirocco,"1.4 TSI BMT Navi, Xenon",,13850,Ohne Bewertung,119000,,02/2015,Benzin,122,,
BMW,430,i xDrive Coupé M Sport LED/CarPlay/Kamera/,,27600,Fairer Preis,83892,,05/2017,Benzin,252,,
Volkswagen,Scirocco,", XENON, PDC, KEYLESS-Go..",,12750,Guter Preis,89200,,10/2014,Benzin,125,,
Audi,A5,2.0 TFSI Coupe KAMERA TEMPOMAT BI-XENON PANO,,23248,Guter Preis,93184,,06/2017,Benzin,190,,
Volkswagen,Beetle,2.0 TSI Sport Highline | Navi | Tempomat,,18900,Sehr guter Preis,58000,,08/2015,Benzin,220,,
Mercedes-Benz,C 400,4M AMG Line /Distro./Pano/SportAGA/Comand,,29990,Fairer Preis,98835,,01/2017,Benzin,333,,
Audi,A5,2.0 TFSI S tronic quattro sport,,24500,Sehr guter Preis,80000,,10/2016,Benzin,252,,
Audi,TT,COUPE TDI KLIMA+ALCANTARA+NAVI+XENON+VIRTUAL+,,26980,Erhöhter Preis,84900,,01/2016,Diesel,184,,
Mercedes-Benz,C 180,Coupe Automatik **SPORTPAKET PANO PDC**,,14900,Ohne Bewertung,109900,,10/2011,Benzin,156,,
BMW,420,4 Gran Coupe 420 i xDrive Sport Line,,17999,Sehr guter Preis,123000,,10/2015,Benzin,184,,
Mercedes-Benz,E 500,Coupé AMG/Distro/KeylessGo/Sitzbelüft.,,24990,Ohne Bewertung,119000,,10/2010,Benzin,387,,
Mercedes-Benz,CLS 350,BlueEFFICIENCY -,,29000,Ohne Bewertung,125000,,10/2012,Benzin,306,,
Volkswagen,Scirocco,1.4 TSI 118 kW Life 1. Hand,,11700,Ohne Bewertung,92314,,04/2013,Benzin,160,,
BMW,420,i xDrive Coupé Sport Line - TÜV neu,,22000,Fairer Preis,69800,,06/2017,Benzin,184,,
Mercedes-Benz,C 180,Coupe*AMG-LINE*360°KAMERA*PANO*MOD.2019*,,29688,Fairer Preis,89000,,12/2018,Benzin,156,,
BMW,230,i Steptronic Coupé M Sport M Sport,,26800,Fairer Preis,116000,,08/2017,Benzin,252,,
BMW,435,"d xDrive M-Paket,Navi",,27900,Ohne Bewertung,90000,,01/2014,Diesel,313,,
Mercedes-Benz,CLA 200,Shooting Brake 7G DCT,,19970,Fairer Preis,112000,,06/2017,Benzin,156,,
Mercedes-Benz,E 220,CDI COUPE / AMG LINE / 1.HAND/ GARANTIE/,,16990,Ohne Bewertung,124000,,08/2013,Diesel,170,,
Mercedes-Benz,E 500,E  500 Coupe,,24900,Ohne Bewertung,91000,,04/2009,Benzin,387,,
Audi,A5,Sportback 1.8 TFSI *Leder*Xenon*Navi*,,17850,Fairer Preis,107321,,06/2015,Benzin,170,,
Mercedes-Benz,C 250,Coupé*AMG-Paket*7G-Tronic*XENON*NAVI*,,15990,Ohne Bewertung,119000,,05/2014,Benzin,204,,
BMW,420,d xDrive Sport Line Coupe**NAVI*S-HEFT*HUD**,,22499,Fairer Preis,91750,,07/2015,Diesel,190,,
Mercedes-Benz,C 180,Edition 1 Autom. Edition 1,,21000,Sehr guter Preis,121000,,05/2017,Benzin,156,,
Mercedes-Benz,E 300,Coupé E 300 BlueEFFICIENCY ELEGANCE,,15990,Ohne Bewertung,110000,,08/2011,Benzin,252,,
Mercedes-Benz,CLA 200,CLA -Klasse CDI / d*Navigation*Tempomat*,,20900,Fairer Preis,98060,,03/2018,Diesel,136,,
BMW,430,i Coupé M-PAKET/CARPLAY/H&K/RFK/LED,,26300,Fairer Preis,101554,,01/2018,Benzin,252,,
BMW,218,2 Coupe 218 i M Sport LED NAVI PDC,,18999,Fairer Preis,81700,,08/2019,Benzin,136,,
BMW,640 Gran Coupé,640d GranCoupe xDrive M Paket LED Pano HeadUp 19,,30999,Ohne Bewertung,117100,,01/2014,Diesel,313,,
Mercedes-Benz,C 200,AMG Line Automatik Navi Fahrassistenz-Pake,,23750,Fairer Preis,126347,,03/2016,Benzin,184,,
Mercedes-Benz,CLS 350,CGI +Leder +Xenon,,22980,Ohne Bewertung,81724,,11/2009,Benzin,292,,
BMW,220,i Advantage Kamera Navi Keyless e-Sitze PDC ,,22800,Fairer Preis,79800,,05/2018,Benzin,184,,
Mercedes-Benz,CL 500,BlueEFFICIENCY - SERVICE + TÜV NEU,,29900,Ohne Bewertung,108000,,06/2011,Benzin,435,,
Mercedes-Benz,CL 500,*COMAND*XENON*21 ZOLL CARLSON*EXCLUSIVE*,,25499,Ohne Bewertung,99800,,04/2009,Benzin,387,,
BMW,640,iA Coupe*Prior-Design*Einzelstück*Messest..,,44990,Ohne Bewertung,100000,,05/2011,Benzin,320,,
BMW,420,d Coupe Sport-Line Xenon/Navi/Leder/Keyless,,20900,Ohne Bewertung,108000,,08/2014,Diesel,184,,
Volkswagen,Beetle,Lim. Cup TSI  *Panorama *Navi * SHZ *PDC,,11490,Ohne Bewertung,99000,,06/2014,Benzin,105,,
Mercedes-Benz,E 500,Coupé Keyless Klappen-AGA KW ILS Pano,,31999,Ohne Bewertung,92422,,11/2015,Benzin,408,,
BMW,420,"d Aut.,  Luxury Line, Leder, ACC, SD,Headup",,19950,Sehr guter Preis,85000,,08/2015,Diesel,184,,
Audi,TT,Coupe 1.8 TFSI Virtual-Xenon-Navi-PDC-TEMP,,21990,Fairer Preis,112280,,06/2016,Benzin,179,,
Volkswagen,Scirocco,2.0 TSI*AUTOMATIK*SPORTSITZE*KLIMA*ALU*,,12990,Ohne Bewertung,101139,,01/2012,Benzin,211,,
Audi,A5,Coupe 1.8 TFSI *Automatik*2.Hand*Navi*,,15999,Ohne Bewertung,94575,,08/2009,Benzin,160,,
Audi,A5,"COUPE SPORT, DSG, KAMERA, LEDER,",,23890,Fairer Preis,95153,,02/2017,Benzin,190,,
Mercedes-Benz,E 200,Coupe Sport Edition AMG Line 2 HAND,,26800,Fairer Preis,113000,,04/2017,Benzin,184,,
Audi,TT,Coupe 2.0 TFSI S-Line/Navi/Shz/Pdc/Tüv&Insp,,20890,Guter Preis,111000,,06/2016,Benzin,230,,
Audi,TT,2.0 TFSI Coupé/S-Line/quattr/B&O/Navi/Virtual,,21999,Guter Preis,139803,,03/2015,Benzin,230,,
Mercedes-Benz,CLA 200,Coupe DCT*LED*KAMERA*NAVI*TOTWINKEL*,,19990,Fairer Preis,114000,,06/2017,Benzin,156,,
BMW,M240i,xDrive Coupé ++M-Performance Abgasanlage++,,28900,Fairer Preis,136000,,09/2016,Benzin,340,,
Volkswagen,CC,BMT/Navi/Bi-Xenon/AHK/GARANTIE/EURO 6,,14490,Guter Preis,85300,,09/2016,Benzin,150,,
Mercedes-Benz,CLA 45 AMG," CLA 45 AMG Top Zustand, Panoramadach",,31000,Fairer Preis,99996,,09/2016,Benzin,381,,
Mercedes-Benz,E 500,AMG-LINE,,26330,Ohne Bewertung,75600,,02/2010,Benzin,387,,
Mercedes-Benz,GLC 250,4Matic|AMG-STYLING|NIGHT-PAKET|MEMORY|,,33999,Erhöhter Preis,93500,,02/2017,Benzin,211,,
Audi,A5,Quattro 3x S line Matrix B&O Virtual Head Up,,24999,Fairer Preis,105000,,11/2016,Benzin,252,,
Audi,TTS,Coupe 2.0 TFSI S tronic quattro ,,28700,Guter Preis,79200,,07/2015,Benzin,310,,
Mercedes-Benz,CLA 200,AMG-LINE/EDITION/PANO/KAMERA/LED/1-HAND,,21950,Erhöhter Preis,138300,,05/2017,Benzin,156,,
Mercedes-Benz,CL 500,BE 4Matic designo|ACC|Scheibedach|Xenon,,29890,Ohne Bewertung,99900,,12/2010,Benzin,435,,
Mercedes-Benz,CLA 180,(CDI) d+NAVI+LEDER+PARK ASSIST+AMBIENTE+,,16890,Ohne Bewertung,125000,,05/2014,Diesel,109,,
BMW,120,i Coupe Edition Sport/AppleCarPlay/Xenon/RFK,,13999,Ohne Bewertung,92000,,04/2011,Benzin,170,,
Mercedes-Benz,E 200,Coupe*AMG*PANO*NAVI*LED*NIGHT*KAMERA*AMBIE,,32990,Fairer Preis,98400,,10/2017,Benzin,184,,
BMW,M235,i xDrive Coupé ,,27500,Ohne Bewertung,63400,,11/2014,Benzin,326,,
BMW,230,Coupe Sport Line/AHK/SHZ/LED/SPORTBREMSE/TOP,,20590,Sehr guter Preis,111704,,12/2017,Benzin,252,,
Audi,S3,2.0 TFSI S tronic quattro Sportback -,,27300,Fairer Preis,73000,,06/2015,Benzin,300,,
BMW,650,i M-Paket*VOLL*Keyless/HarmanKardon/ACC/PANO,,31499,Ohne Bewertung,114000,,06/2014,Benzin,449,,
Mercedes-Benz,E 250,COUPE *AMG-LINE*LED*LEDER*NAVI*PDC*,,23999,Sehr guter Preis,84000,,10/2015,Diesel,204,,
Volkswagen,Scirocco,Basis BMT/Start-Stopp,,16999,Sehr guter Preis,129842,,06/2015,Diesel,150,,
Mercedes-Benz,CLA 200,Urban/Night+Leder+Led+Kamera+Navi,,21790,Fairer Preis,109000,,06/2018,Benzin,156,,
Volkswagen,Scirocco,2.0 TSI DSG Sport+Navi+Leder+Parkpilot,,12900,Ohne Bewertung,102873,,01/2012,Benzin,211,,
Mercedes-Benz,E 250,CGI Coupe *1.HAND *XENON *NAVI *SHZ *PDC,,16300,Ohne Bewertung,97000,,09/2010,Benzin,204,,
Mercedes-Benz,C 250,AMG Line Autom. AMG Line,,26500,Guter Preis,116000,,09/2017,Benzin,211,,
Mercedes-Benz,C 250,d AMG Line Coupé*DISTRONIC*KAMERA*LED*NAVI,,28990,Guter Preis,99183,,05/2017,Diesel,204,,
Mercedes-Benz,C 180,C Coupé Scheckheft/AMG Line/Ambiente Beleuchtung,,15900,Ohne Bewertung,121000,,09/2013,Benzin,156,,
Mercedes-Benz,C 180,CGI Coupe AMG Line BE,,16999,Ohne Bewertung,129000,,10/2013,Benzin,156,,
BMW,420,i Sport Line Navi* Temp* Garantie*,,22490,Guter Preis,88550,,04/2020,Benzin,184,,
BMW,430,i Coupé M Sport M.Perf Body Kit,,27500,Guter Preis,78230,,06/2019,Benzin,252,,
Mercedes-Benz,E 350,BlueTEC Coupé - Vollausstattung,,19799,Ohne Bewertung,113000,,10/2013,Diesel,252,,
Mercedes-Benz,E 200,Coupe Aut. LED*NAV*EL.SITZ*BT*SHZ*PDC,,21980,Ohne Bewertung,59500,,09/2014,Benzin,184,,
Mercedes-Benz,C 200,Coupe AMG-Line Facelift/Virtuell/Klappen/,,27999,Fairer Preis,118000,,12/2018,Benzin,184,,
Audi,TTS,Coupe quattro*Matrix*20Zoll*B&O*Nappaleder*,,28999,Guter Preis,92000,,08/2015,Benzin,310,,
Mercedes-Benz,CLS 63 AMG,*FACELIFT*SCHIEBEDACH*UNFALLFREI*,,27900,Ohne Bewertung,79500,,06/2008,Benzin,514,,
Mercedes-Benz,CLA 250,Coupe Automatik AMG LINE,,22900,Guter Preis,104500,,04/2018,Benzin,211,,
Audi,A5,2.0 TFSI quattro B&O Sline Matrix Virtual ,,26000,Guter Preis,90000,,11/2016,Benzin,252,,
BMW,650 Gran Coupé,650i xDrive Gran Coupe Aut LED Navi Temp Memory,,30490,Ohne Bewertung,95000,,05/2017,Benzin,449,,
BMW,430,i Coupe Aut.|1.Hand|Leder|Schiebedach|PDC|...,,21990,Sehr guter Preis,112000,,02/2018,Benzin,252,,
BMW,430,i xDrive Coupe M-PERFO H&K TOTW LENKRADHEIZ,,26888,Guter Preis,77138,,07/2019,Benzin,252,,
BMW,430,i Coupé M/HUD/OLED/SCHIEBEDACH/KAMERA/R19,,26950,Sehr guter Preis,75337,,04/2017,Benzin,252,,
Audi,TT,Coupe 2.0 TFSI S tronic quattro 1.HAND LED,,28990,Fairer Preis,99720,,06/2016,Benzin,230,,
BMW,420,i Coupe*Aut.*M-Sport*SHZ*Navi*Alcantara,,19999,Erhöhter Preis,131000,,06/2015,Benzin,184,,
Mercedes-Benz,E 200,Coupé AMG LINE *WIDE *KAMERA *PANO*CARPLAY,,33000,Fairer Preis,94999,,11/2017,Benzin,184,,
Audi,TTS,Coupe 2.0 TFSI quattro LEDER NAVI MMI,,29999,Fairer Preis,108000,,04/2015,Benzin,310,,
Mercedes-Benz,C 180,Coupé AMG-Line/Navi/Pdc/BiXen/Shz/Multi,,15999,Ohne Bewertung,53104,,09/2012,Benzin,156,,
Audi,TT,Coupe 2.0 TFSI S tronic,,30990,Erhöhter Preis,78353,,02/2017,Benzin,230,,
Mercedes-Benz,C 220,CDI Coupe 2.H BI-XEN NAV PANO AKT. PARKASS,,19950,Ohne Bewertung,99564,,09/2012,Diesel,170,,
Mercedes-Benz,C 180,BlueEFFICIENCY Coupé -,,13400,Ohne Bewertung,83000,,08/2012,Benzin,156,,
Audi,A5,2.0 TFSI quattro S-Line-NAVI-PDC-SHZ-BANG&OLU,,17750,Ohne Bewertung,85000,,12/2015,Benzin,230,,
Audi,TT RS,Coupe XENON-SHZ-ALCAN.-PDC-TEMP-MWST 19%,,34450,Ohne Bewertung,104929,,05/2014,Benzin,360,,
Audi,A5,A7 50 TFSI QUATTRO*LEDER*NAVI*SHZ*LED*XENON*PDC*,,20900,Sehr guter Preis,121200,,05/2015,Benzin,310,,
Mercedes-Benz,C 300,Coupé +AMG-LINE+LED+PANO+KESSY+NAVI+BURM.+,,27490,Guter Preis,103371,,10/2017,Benzin,245,,
Audi,TTS,Coupe 2.0 TFSI S tronic quattro -,,26666,Sehr guter Preis,117000,,07/2015,Benzin,381,,
BMW,420 Gran Coupé,/AUT/LEDER/PDC/SHZ/NAVI/SHD/XENON,,18270,Sehr guter Preis,128000,,07/2015,Benzin,184,,
Mercedes-Benz,CLA 180,* AMG LINE*AUTOMATIK*NAVI*KAMERA* F1*TOP,,19850,Ohne Bewertung,60000,,09/2013,Benzin,122,,
Volkswagen,Scirocco,Allstar 1.4 16V TSI aus 1.Hand!,,14500,Guter Preis,84000,,11/2016,Benzin,125,,
Mercedes-Benz,CLA 250,Coupe AMG Line SHZ-PANORAMA-TEMPOMAT,,19990,Fairer Preis,133900,,04/2015,Benzin,211,,
BMW,420 Gran Coupé,420i Gran Coupe M Sport LED Navi Sitzheizung PDC,,28950,Erhöhter Preis,81965,,05/2019,Benzin,184,,
Audi,A5,2.0 TFSI quattro Sportback S-Line Sport ACC,,24500,Sehr guter Preis,98500,,10/2017,Benzin,252,,
Audi,A3,ambition ultra/Navi/S-Line,,14900,Sehr guter Preis,98000,,11/2015,Benzin,150,,
BMW,218,d Coupé M PERFORMANCE/CARBONDACH/SITZHEIZUNG,,22000,Erhöhter Preis,85000,,09/2015,Diesel,143,,
Audi,TT,1.8 TFSI Coupe Autom. PDC Leder Sitzh.,,15950,Ohne Bewertung,106842,,03/2014,Benzin,160,,
Mercedes-Benz,E 350,Coupe Elegance CGI BlueEfficiency Navi,,14890,Ohne Bewertung,96612,,09/2010,Benzin,292,,
Mercedes-Benz,E 250,"d BlueTec Coupe Avantg,9G-Tronic,Leder,Nav",,20900,Sehr guter Preis,102234,,04/2016,Diesel,204,,
Mercedes-Benz,CLA 250,Sport 4MATIC DCT Sport,,25300,Sehr guter Preis,76000,,01/2018,Benzin,218,,
Audi,A5,Coupé 2.0 TFSI +BI-XEN.+NAVI+LEDER+SITZHZ+B&O,,21790,Ohne Bewertung,66907,,01/2014,Benzin,224,,
Volkswagen,Scirocco,2.0 TSI Sport*TEMPO*SHZ*PDC*GARANTIE*,,19999,Guter Preis,57000,,07/2018,Benzin,179,,
Mercedes-Benz,E 200,CGI Coupe - Automatik-Leder-Navi-Panorama,,15950,Ohne Bewertung,99789,,09/2010,Benzin,184,,
Volkswagen,Beetle,1.4 TSI DSG Design-PanoDach-Leder,,19990,Ohne Bewertung,54000,,05/2014,Benzin,160,,
Volkswagen,Scirocco,2.0 TSI 155 kW KLIMAAUTOMATIK Alufelgen,,15999,Ohne Bewertung,77000,,07/2010,Benzin,211,,
Mercedes-Benz,CL 500,AMG-PAKET/NACHTSICHT/ALCANTARA/KAMERA,,23990,Ohne Bewertung,109014,,07/2009,Benzin,387,,
BMW,420 Gran Coupé,"420 Gran Coupe xDrive Automatik,Leder,Navi,H&K",,21800,Fairer Preis,84900,,07/2018,Diesel,163,,
Audi,TT,Coupe1.8 TFSI*VirCock*Navi*Xenon*Bang&Olufsen,,23450,Guter Preis,70000,,06/2018,Benzin,179,,
Audi,A5,Coupe quattro sport*NAVI*LED*SIDE*VIRT*B&O*17,,25490,Guter Preis,87000,,01/2017,Benzin,252,,
Mercedes-Benz,CLA 250,AMG PANO KAMERA NIGHT NAVI SITZHZG TEMPO,,27490,Fairer Preis,98049,,05/2018,Benzin,218,,
Mercedes-Benz,E 200,Coupe Sport Aut LED Navi Teill Klimaut Tempo,,16500,Ohne Bewertung,125000,,01/2014,Benzin,184,,
BMW,220,d Coupe Aut./M Sportpaket/Xenon/Leder,,18400,Ohne Bewertung,101600,,09/2014,Diesel,184,,
BMW,220,d Coupé Sport Line,,18900,Sehr guter Preis,93100,,04/2015,Diesel,190,,
Audi,A5,"Coupe quattro sport,S-line,B&O,Headup,Carplay",,25290,Guter Preis,113500,,02/2017,Benzin,252,,
Mercedes-Benz,C 250,Coupe AMG LINE LED KAMERA AHK KEYLESS GO,,25900,Fairer Preis,128000,,09/2016,Benzin,211,,
BMW,650 Gran Coupé,xDrive*M-Sport*360°*Pano*Memory*,,26990,Ohne Bewertung,136000,,11/2013,Benzin,449,,
Mercedes-Benz,CLA 45 AMG,FACELIFT*PANORAMADACH*NAVI*NO OPF*,,27999,Guter Preis,132990,,08/2017,Benzin,381,,
BMW,430,i xDrive Coupé Aut. M-Performance/HUD/KAM/LED,,27600,Guter Preis,94000,,07/2018,Benzin,252,,
Mercedes-Benz,C 180,BlueEFFICIENCY Coupé Pano*Klimaauto,,11490,Ohne Bewertung,74300,,11/2011,Benzin,156,,
Mercedes-Benz,C 200,Coupe AMG Night Edition BURM/LED/KAM/19ALU,,26890,Guter Preis,98000,,02/2018,Benzin,184,,
Mercedes-Benz,E 250,CGI BlueEfficiency*PANO*LEDER*NAVI*TEMPO,,15950,Ohne Bewertung,95000,,08/2010,Benzin,204,,
Mercedes-Benz,CLS 350,**INNEN TOP gepflegt**REIFEN NEU**,,18890,Ohne Bewertung,96000,,08/2009,Benzin,292,,
BMW,435,Gran Coupe 435 d xDrive Advantage-NAVI-LEDER,,24994,Guter Preis,99999,,01/2016,Diesel,313,,
Mercedes-Benz,E 220,Coupé E 220 AMG NIGHT*PANO*MEMORY*LED,,20999,Ohne Bewertung,116147,,12/2014,Diesel,170,,
Mercedes-Benz,C 250,Coupé AMG Com RFK KeyGo Pano Burm Memory,,27400,Ohne Bewertung,73507,,06/2017,Benzin,204,,
Mercedes-Benz,CLS 500,CLS CLS 500 Grand Edition,,17900,Ohne Bewertung,94600,,11/2009,Benzin,387,,
Mercedes-Benz,C 200,AMG Line Coupé Autom.,,27500,Fairer Preis,91152,,05/2018,Benzin,184,,
BMW,218,"i Coupe Luxery Line, LED, DAB, Hifi, Leder",,19225,Fairer Preis,92500,,05/2018,Benzin,136,,
BMW,640,d Coupe*PANO*NAVI*8FACH*STHZG*LEDER*SPORT*PDC,,24995,Ohne Bewertung,119000,,10/2014,Diesel,313,,
Audi,A5,1.8 TFSI S-Line 2.Hand/Scheckheft/20.Zoll/Bi-,,15990,Ohne Bewertung,83500,,04/2014,Benzin,170,,
Mercedes-Benz,C 300,Coupe AMG*VOLL*PANO*DISTR+*SOUND*1H*,,31490,Fairer Preis,93000,,10/2016,Benzin,245,,
Mercedes-Benz,CLA 200,AMG Line SHZ/USB/TEMPOMAT/ALCANTARA/,,20890,Fairer Preis,69800,,02/2017,Benzin,156,,
Audi,A5,Coupe sport 2.0 TFSI S-Line Navi/Leder/Sounds,,25990,Fairer Preis,79887,,02/2017,Benzin,190,,
BMW,135,i M Sport Coupé,,23450,Ohne Bewertung,85000,,03/2009,Benzin,306,,
Mercedes-Benz,C 250,"d DESIGNO KAMERA,LEDILS,PANORAMA,TOTWINKEL",,24480,Fairer Preis,84435,,03/2016,Diesel,204,,
Volkswagen,Scirocco,Basis BMT/Start-Stopp,,16900,Fairer Preis,60998,,04/2015,Benzin,179,,
Mercedes-Benz,C 300,Coupe 9G-TRONIC AMG Line Night Edition,,28999,Guter Preis,91310,,12/2017,Benzin,245,,
Mercedes-Benz,CLA 180,AMG Line,,19500,Guter Preis,82616,,05/2018,Benzin,122,,
Mercedes-Benz,E 350,Coupé E 350 4MATIC -,,28000,Guter Preis,127000,,05/2015,Benzin,306,,
Volkswagen,Scirocco,2.0 TSI DSG*RLINE*NAVI*XENON*SHZ*,,13490,Ohne Bewertung,113000,,02/2011,Benzin,211,,
Mercedes-Benz,E 200,COUPE AVANTGARDE AUTOMATIK KLIMA NAVI ALU,,14982,Ohne Bewertung,79923,,11/2011,Benzin,184,,
BMW,435,i Coupe Sport Line *2.Hand*Deutsches Fzg.*Nav,,25990,Ohne Bewertung,138000,,12/2013,Benzin,306,,
Mercedes-Benz,CLA 220,COUPE*4-MATIC*DCT*LED*NAVI*TOTWINKEL*,,19990,Fairer Preis,123000,,12/2016,Benzin,184,,
BMW,230,i Coupé Advantage,,19900,Ohne Bewertung,62600,,10/2016,Benzin,252,,
BMW,420,Baureihe 4 Coupe 420 i Luxury Line,,20980,Guter Preis,68000,,03/2017,Benzin,184,,
Mercedes-Benz,CLA 200,COUPE AMG - NIGHT PAKET KAMERA-PANORAMA,,26900,Fairer Preis,95000,,03/2018,Benzin,156,,
BMW,220,d Coupe*M-SPORTPAKET*MEMORY*HIFI*81-TKM*,,19590,Ohne Bewertung,81400,,10/2014,Diesel,184,,
Mercedes-Benz,C 200,"C -Klasse Coupe C 200, Navi, PDC,RFK,SHZ,",,28895,Fairer Preis,80350,,04/2019,Benzin,184,,
BMW,435,Baureihe 4 Coupe 435 i xDrive,,19000,Ohne Bewertung,133368,,07/2014,Benzin,306,,
Mercedes-Benz,C 300,Coupe*AMG-Line*Brabus*Burmester*Memory*Pa,,27490,Sehr guter Preis,67200,,10/2016,Benzin,245,,
Mercedes-Benz,C 200,"3x AMG NIGHT DESIGNO BURMESTER,360GRAD,ILS",,31880,Erhöhter Preis,79023,,02/2018,Benzin,184,,
Audi,TT,Coupe/Roadster 1.8 TFSI Coupe,,16900,Ohne Bewertung,76800,,06/2013,Benzin,160,,
BMW,435,D X DRIVE COUPE SPORT*AUTOMAT*NAVI*BI-XENON*,,21999,Ohne Bewertung,121000,,10/2014,Diesel,313,,
BMW,M240i,- Deutsches Fahrzeug - Remus AGA - MAM B2 ,,30890,Fairer Preis,110000,,06/2016,Benzin,340,,
BMW,420,d Coupé* 1.H *19 *Memory*Sport*Fahrwerk,,21800,Ohne Bewertung,55000,,05/2014,Diesel,184,,
Mercedes-Benz,E 250,CGI Avantgarde Coupé BE PANO BI-XENON NAVI,,19888,Ohne Bewertung,58000,,03/2012,Benzin,204,,
BMW,435,i xDrive Coupé M Sport Individual,,31100,Guter Preis,72000,,10/2015,Benzin,306,,
Audi,A3,S-Line Sportpaket DSP Alcantara Navi Xenon,,17950,Fairer Preis,66874,,02/2016,Benzin,125,,
Audi,A5,COUPE *SPORT-EDITION-PLUS*NAVI-AUTOMA-LEDER-,,18548,Ohne Bewertung,138996,,02/2015,Benzin,170,,
Mercedes-Benz,E 200,Sport Edition Autom. Sport Edition,,23850,Sehr guter Preis,70000,,05/2017,Benzin,184,,
Mercedes-Benz,C 180,BlueEFFICIENCY Coupé -,,12900,Ohne Bewertung,104500,,03/2012,Benzin,156,,
Audi,A5,Sportback sport/ACC/STANDHEITZUNG/MATRIX/ASIS,,22499,Sehr guter Preis,120000,,10/2018,Benzin,190,,
BMW,640,i xDrive Coupé -,,30900,Guter Preis,75900,,10/2015,Benzin,320,,
Volkswagen,Golf,VII Lim. GTI TCR VIRTUAL/KEYLESS/ACC/LANE,,22990,Guter Preis,132000,,08/2019,Benzin,290,,
Volkswagen,CC,2.0 TDI R-Line Leder-Beige CarPlay Standheiz.,,18470,Fairer Preis,113000,,05/2016,Diesel,184,,
Mercedes-Benz,C 350,C350 Coupe *AMG*Automatik*Standheizung*,,18990,Ohne Bewertung,132000,,11/2011,Benzin,306,,
Audi,TTS,Coupe 2.0 TFSI Coupe*S-line*310 PS*ABT*,,28900,Fairer Preis,80000,,05/2015,Benzin,310,,
Audi,TT,Coupe 2.0 TFSI Coupe*S-line*310 PS*ABT*,,28900,Fairer Preis,80000,,05/2015,Benzin,310,,
Mercedes-Benz,C 200,Coupe AMG Line Pano Navi LED Burmester,,26499,Guter Preis,109200,,06/2018,Benzin,184,,
Audi,A5,40 TFSI 3xS-lin/Head Up/360°/Pano/Digital,,25999,Fairer Preis,100000,,10/2017,Benzin,190,,
Audi,TT RS,Coupe 2.5 TFSI quattro -,,26500,Ohne Bewertung,103000,,02/2010,Benzin,340,,
BMW,430,i Coupé M-Paket  LED NAV PDC KAM HIFI,,26999,Guter Preis,83265,,07/2018,Benzin,252,,
Mercedes-Benz,CLA 250,Coupé AMG-Line Memory Bi-XENON Navi PTS,,21650,Fairer Preis,133500,,06/2015,Benzin,211,,
Audi,A5,2.0 TFSI S LINE XENON 6 GANG LED 2.HAND TOP,,15990,Ohne Bewertung,118046,,10/2013,Benzin,224,,
BMW,135,i Coupé DINAN HIFI SZH PDC TEMPOMAT,,25350,Ohne Bewertung,120176,,08/2009,Benzin,306,,
Volkswagen,Arteon,TSi R-Line Leder / Panorama-Schiebedach,,26860,Fairer Preis,78000,,06/2018,Benzin,190,,
BMW,420,i Coupe Navi/Xenon/elektr. Sitze/Hifi/Lordose,,16585,Ohne Bewertung,118395,,09/2016,Benzin,184,,
BMW,640 Gran Coupé,"640d GranCoupe xDrive M Paket ACC LED HeadUp 20""",,30900,Ohne Bewertung,122201,,11/2014,Diesel,313,,
BMW,420 Gran Coupé,420i Gran Coupé Sport Line Business LED SHZ PDC,,22890,Sehr guter Preis,87167,,02/2019,Benzin,184,,
BMW,330,d xDrive Coupé M-Sport Edition *DER BESTE*!,,23990,Ohne Bewertung,82632,,10/2011,Diesel,245,,
Mercedes-Benz,C 220,d *NAVI*LED*PDC*LEDER*,,22850,Fairer Preis,95000,,04/2016,Diesel,170,,
Volkswagen,Golf,GTD Lim. DSG 184PS *LED*NAVI*DESIGN*1.HAND*,,19490,Guter Preis,111000,,03/2019,Diesel,184,,
BMW,M235,i Coupé | VOLL | Schalter | 2. Hand,,28500,Ohne Bewertung,134000,,07/2014,Benzin,326,,
BMW,M2,Coupé M2,,32500,Guter Preis,98000,,08/2016,Benzin,370,,
BMW,420,d Coupe Bi-Xenon/Navi/Leder/Sitzh/Alu19Zoll,,22995,Fairer Preis,89030,,01/2017,Diesel,190,,
Mercedes-Benz,E 220,D Coupé AUT-LEDER-NAV-LED-PANOR-PDC-TEMP-,,21990,Guter Preis,106000,,12/2015,Diesel,170,,
Audi,A5,Coupe S Line Sport Plus/HiFi B&O/virtual Cock,,21490,Guter Preis,81700,,03/2017,Benzin,190,,
Mercedes-Benz,CLS 400,"4MATIC, AMG LINE, e.DACH, LED, DISTRONIC",,31990,Fairer Preis,125000,,02/2017,Benzin,333,,
BMW,320,i/NAVI/8 FACH BEREIFT/UVM..,,12999,Ohne Bewertung,102000,,06/2011,Benzin,170,,
Volkswagen,CC,2.0 TSI DSG - R-LINE VOLLAUSSTATTUNG TÜV NEU,,15000,Sehr guter Preis,130000,,05/2015,Benzin,211,,
Audi,TT,Coupe 2.0 TFSI S-TRONIK VIRTUAL C,,26700,Sehr guter Preis,67000,,06/2015,Benzin,230,,
BMW,420,d xDrive Coupé M SPORT* LED* NAVI *MFL*,,19990,Ohne Bewertung,118800,,02/2015,Diesel,184,,
Mercedes-Benz,C 200,C-COUPÉ 4Matic/NAVI/SHZ/1-HAND/360*KAMERA,,23990,Sehr guter Preis,69000,,05/2017,Benzin,184,,
Mercedes-Benz,CLA 200,AMG Line/VOLLSHEFT/ALCAN/1.HAND/BIXENON,,19950,Ohne Bewertung,57800,,06/2014,Benzin,156,,
Mercedes-Benz,C 300,Coupé AMG Line sattelbraun Burmester Pano,,31900,Guter Preis,71871,,09/2017,Benzin,245,,
Audi,A5,Coupe 1.8 TFSI S-Line PANO KREIDE KW GEWINDE.,,21890,Fairer Preis,118900,,07/2016,Benzin,177,,
Ford,Mustang,MUSTANG  3.7 COUPÉ GT OPTIK! ** PRACHTSTÜCK **,,26900,Fairer Preis,94582,,07/2016,Benzin,317,,
Mercedes-Benz,E 350,E -Klasse Coupe E 350 BlueTec / d,,21900,Sehr guter Preis,80000,,05/2015,Diesel,258,,
Mercedes-Benz,200,E Coupé E 200 AMG LINE,,29900,Ohne Bewertung,97900,,11/2017,Benzin,184,,
Audi,A7,"Sportback 3.0 quattro""S7 Umbau""",,34999,Ohne Bewertung,100000,,01/2015,Benzin,333,,
BMW,M240i,Steptronic Coupé -,,32000,Ohne Bewertung,94000,,01/2017,Benzin,340,,
Mercedes-Benz,E 400,Coupé AMG Line Comand+Pano+Distro+RFK+SHZ+,,25899,Sehr guter Preis,60000,,07/2015,Benzin,333,,
Audi,RS5,Coupe 4.2 FSI quattro Sitzkühlung*Glasdach*,,25950,Ohne Bewertung,120000,,01/2011,Benzin,450,,
BMW,218,d M Sport NAVI SHZ PDC HiFi,,18870,Fairer Preis,95000,,08/2016,Diesel,150,,
Mercedes-Benz,C 180,C-180 CGI Automatik/Navi/Pano/Xenon/Garantie,,13490,Ohne Bewertung,95000,,11/2011,Benzin,156,,
BMW,440,i xDrive Coupé M Sport Performance VOLLAUSST.,,29900,Guter Preis,93000,,08/2017,Benzin,326,,
Mercedes-Benz,C 180,Autom. -,,24500,Sehr guter Preis,75000,,05/2018,Benzin,156,,
BMW,218,i M Paket Automatik Alcantara LED Navi,,21290,Fairer Preis,109275,,08/2018,Benzin,136,,
Audi,A5,"Coupe 2,0 quattro sport,Scheckh,Autom,Alu",,25950,Guter Preis,95000,,12/2017,Benzin,252,,
BMW,M140i,GARANTIE bis 09/25 non OPF Heckantrieb MHD,,29750,Guter Preis,85000,,06/2017,Benzin,340,,
BMW,218,i M Sport Coupe Facelift,,21970,Fairer Preis,72900,,12/2019,Benzin,136,,
BMW,325,i xDrive Coupe Aut M-Sport-Paket Leder Navi X,,16450,Ohne Bewertung,141552,,09/2011,Benzin,218,,
Mercedes-Benz,CLA 200,AMG KAMERA DISTRONIC PANO SHZ TOTWINKEL,,22980,Guter Preis,60200,,10/2016,Benzin,156,,
BMW,440,i xDrive Coupe M Sportpaket Navi HUD h/k RKam,,32320,Fairer Preis,94581,,11/2016,Benzin,326,,
BMW,220,Coupe 220 d Sport Line Schiebedach*LED*8-FachAlu,,17450,Guter Preis,110000,,04/2015,Diesel,190,,
Mercedes-Benz,E 350,Coupé E 350 CGI BlueEFFICIENCY ELEGANC...,,19500,Ohne Bewertung,87000,,05/2009,Benzin,292,,
Audi,TTS,Coupe 2.0 TFSI quattro,,29800,Guter Preis,94608,,09/2016,Benzin,310,,
Mercedes-Benz,E 300,CGI*19 ZOLL AMG*NAVI*LEDER*XENON*PANO*SHZ,,15980,Ohne Bewertung,120504,,10/2011,Benzin,252,,
Audi,TT,Roadster 2.0 TFSI quattro S-tronic S-line LED,,25370,Guter Preis,82416,,09/2017,Benzin,230,,
Mercedes-Benz,C 250,Coupe AMG//Pano//LED//Kamera,,26390,Guter Preis,120420,,11/2017,Benzin,211,,
Audi,TT,2.0 TFSI Coupe quattro S-LINE MFL SHZ XENON,,18990,Ohne Bewertung,124700,,04/2014,Benzin,211,,
Audi,A5,Coupe 3.0 TDI quattro*RS-Sitze*S-line Edition,,26950,Erhöhter Preis,72200,,11/2015,Diesel,245,,
Mercedes-Benz,CLA 200,"Coupe AMG NIGHT,KAMERA,PARKLENK,NAVI,SH",,23480,Guter Preis,86251,,01/2019,Benzin,156,,
BMW,120,Baureihe 1 Coupe 120i,,13950,Ohne Bewertung,78000,,03/2012,Benzin,170,,
BMW,220,Coupe*LED*Sitzheizung*Tempomat*Fernlichtassi,,22850,Fairer Preis,56863,,07/2018,Benzin,184,,
Audi,S5,4.2 FSI tiptronic quattro - in Top-zustand,,26000,Ohne Bewertung,68923,,06/2011,Benzin,354,,
BMW,420 Gran Coupé,420i Gran Coupe M Sport AHK BusinessP.Spiegel-P.,,25470,Guter Preis,95000,,03/2019,Benzin,184,,
Mercedes-Benz,E 350,dAMG Paket 9GSporteditionPanoStandheiz360 ,,23500,Sehr guter Preis,105000,,11/2016,Diesel,258,,
Volkswagen,CC," CC 1,4 l TSI BMT DSG  Black Style - 1. Hand",,12500,Ohne Bewertung,119700,,03/2015,Benzin,160,,
Audi,TT,Coupe 2.0 TFSI | LED | Alcantara |,,24990,Fairer Preis,67200,,06/2015,Benzin,230,,
Mercedes-Benz,CLA 45 AMG,4Matic Pano/Keyless-Go/RFK/Ohne OPF!!,,30999,Fairer Preis,100000,,06/2017,Benzin,381,,
Mercedes-Benz,CLA 180,PEAK Edition PEAK Edition Automatik ,,18500,Sehr guter Preis,96000,,05/2018,Benzin,122,,
Audi,TT,Coupe 2.0TFSI quattro S-tronic *S-Line plus*V,,29903,Hoher Preis,80751,,01/2016,Benzin,230,,
Volkswagen,Golf,VII Lim. Highline 2Hd.SHZ PDC Zahnr.Neu,,11600,Ohne Bewertung,140000,,06/2014,Benzin,140,,
Mercedes-Benz,250,C 250 Coupé  AMG Line ,,26800,Guter Preis,109000,,03/2018,Benzin,212,,
Audi,TT,Coupe -Competition 2.0 TFSI S tronic quattro ,,27450,Guter Preis,96500,,09/2017,Benzin,230,,
Volkswagen,CC,PASSAT 2.0 TDI DSG R-LINE PANO*NAVI*KAM*KEY*,,16750,Sehr guter Preis,110000,,04/2015,Diesel,177,,
Volkswagen,Passat CC,2.0 TDI DSG R-LINE PANO*NAVI*KAM*KEY*,,16750,Ohne Bewertung,110000,,04/2015,Diesel,177,,
Mercedes-Benz,E 350,Coupé E 350 BlueTEC -,,27500,Fairer Preis,102000,,04/2015,Diesel,258,,
Audi,S5,Sportback 3.0 TFSI quattro 20zoll 450PS MTM,,29990,Ohne Bewertung,82100,,07/2012,Benzin,450,,
Mercedes-Benz,CLS 250 Shooting Brake,CLS 250 BlueTec Shooting Brake Leder NAV LED AHK,,22990,Ohne Bewertung,105000,,12/2016,Diesel,204,,
Mercedes-Benz,E 400,Coupe/Burmeister/Carplay/MB Scent,,32999,Sehr guter Preis,99000,,05/2018,Benzin,333,,
Mercedes-Benz,E 200,Coupe Leder/Navi/AHK/LED/SR&WR,,28999,Fairer Preis,112450,,05/2017,Benzin,184,,
BMW,420,I GRAN COUPE M SPORT PAKET/NAVI/LED/KEYLESS G,,25990,Fairer Preis,76000,,02/2018,Benzin,184,,
Mercedes-Benz,GLC 250,Coupe AMG Line 4-matic LED Ambiente Head,,29450,Fairer Preis,121958,,10/2016,Benzin,211,,
Mercedes-Benz,CLS 350,CDI 4MATIC - AMG-Paket,,24900,Ohne Bewertung,120700,,12/2014,Diesel,265,,
BMW,435,i xDrive Coupé M Sport MPPK 340 PS Garantie ,,29990,Sehr guter Preis,68900,,11/2015,Benzin,340,,
Audi,A5,Coupe 2.0 TFSI quattro,,14950,Ohne Bewertung,93345,,06/2012,Benzin,211,,
Mercedes-Benz,CLA 45 AMG,Coupé Perf. AGA,,32100,Fairer Preis,100000,,04/2016,Benzin,381,,
Mercedes-Benz,CLS 63 AMG,AMG,,33500,Ohne Bewertung,101300,,10/2013,Benzin,557,,
BMW,640 Gran Coupé,640i xDrive Gran Coupé -,,32500,Ohne Bewertung,85200,,08/2016,Benzin,320,,
Audi,TT,Coupe 2.0 TFSI quattro S line Competition,,26877,Fairer Preis,96946,,06/2017,Benzin,230,,
Audi,A7,3.0 TFSI quattro S tronic,,29980,Ohne Bewertung,125980,,09/2010,Benzin,299,,
Mercedes-Benz,CLS 350,"Sport-, Memory- Exklusiv Paket *TÜV NEU",,24500,Ohne Bewertung,123000,,07/2013,Diesel,265,,
Mercedes-Benz,C 250,AMG Line Autom. AMG Line,,24000,Sehr guter Preis,125000,,11/2017,Benzin,211,,
BMW,420 Gran Coupé,/M-Sport/1.Hd/HUD/Kamera/86TKM/UFF,,25000,Fairer Preis,86000,,06/2016,Diesel,190,,
Mercedes-Benz,CLS 500,AMG Paket TOTWINKEL MASSAGE H&K,,24900,Ohne Bewertung,147500,,07/2011,Benzin,408,,
Mercedes-Benz,CLA 180,-NIGHT-BUISNESS-PAKET-AMG-FELGEN,,16500,Ohne Bewertung,81474,,11/2017,Benzin,122,,
Mercedes-Benz,CLA 200,"Coupé - AMG Line, Night Paket, SportKIT",,17890,Sehr guter Preis,108000,,06/2018,Benzin,156,,
Mercedes-Benz,C 220,d Coupe AMG LINE *MIT 2 JAHRE GARANTIE !!*,,27400,Erhöhter Preis,95000,,06/2016,Diesel,170,,
Audi,TT,Coupe 2.0 TFSI quattro S-TRONIC/GARANTIE/EU 6,,24990,Guter Preis,104600,,09/2017,Benzin,230,,
Audi,TT,2.0 TFSI Coupe quattro S line Competition,,16999,Ohne Bewertung,120383,,05/2013,Benzin,211,,
BMW,435,i M-Performance HEAD UP LED KAM POWER KIT NAV,,26000,Ohne Bewertung,140319,,07/2014,Benzin,326,,
Mercedes-Benz,C 220,C C 220 CDI Edition AMG LINE PANO Bi-XENON,,20440,Ohne Bewertung,56000,,02/2015,Diesel,170,,
Audi,TT,Coupe 1.8 TFSI *S Line*NAVI*LED*B&O*SH*GRA*,,23470,Guter Preis,64848,,04/2016,Benzin,179,,
Mercedes-Benz,C 180,C -Klasse Coupe  BlueEfficiency,,13599,Ohne Bewertung,90000,,07/2011,Benzin,156,,
BMW,335,Baureihe 3 Coupe 335i Performance N54 DKG,,23900,Ohne Bewertung,126500,,10/2009,Benzin,306,,
Mercedes-Benz,C 220,C -Klasse Coupe +LED+Navi+AMG-Line,,20990,Fairer Preis,100000,,07/2016,Diesel,170,,
BMW,218,d Coupe M Sport Navi Xenon 19Zoll EU6,,18450,Fairer Preis,95000,,10/2016,Diesel,150,,
BMW,418,i Gran Coupé High Executive Automatik,,19899,Ohne Bewertung,126000,,10/2017,Benzin,136,,
Mercedes-Benz,A 200,A -Klasse A 200,,19980,Fairer Preis,76872,,07/2018,Benzin,163,,
Mercedes-Benz,CL 500,4-Matic *AMG STYLING*NACHTSICHT*DISTRONIC,,31900,Ohne Bewertung,115000,,05/2012,Benzin,435,,
Audi,S5,3.0 TFSI S tronic PANO -ACC -Standh -Magnetic,,24800,Ohne Bewertung,62700,,08/2013,Benzin,333,,
BMW,335,i Coupé -,,28500,Ohne Bewertung,60317,,09/2011,Benzin,306,,
Mercedes-Benz,CLA 200,AMG-Line*Alcan*Widescreen*Kam*LED*,,27250,Guter Preis,114442,,11/2019,Benzin,163,,
Mercedes-Benz,E 200,E -Klasse Coupe*LED*Xenon*Pano*Allwetter,,12950,Ohne Bewertung,103000,,05/2011,Benzin,184,,
Mercedes-Benz,C 200,C200 COUPE *AMG* NAVI-AUTOMA-LEDER-2HD-,,26398,Guter Preis,49968,,02/2017,Benzin,184,,
Audi,TT,Coupe 2.0 TFSI S tronic quattro,,28500,Ohne Bewertung,115000,,01/2016,Benzin,230,,
BMW,650,i Coupe xDrive * Facelift * M Paket * Voll,,32900,Ohne Bewertung,83000,,06/2015,Benzin,449,,
Mercedes-Benz,C 300,Coupe AMG Line 9G |NIGHT|LED|PANO|19ZOLL|,,28990,Guter Preis,78876,,06/2017,Benzin,245,,
Mercedes-Benz,GLC 300,GLC300 COUPE 4MT 9G-TR-HUD-EGSD-LEDER-360°CAM-19,,28900,Fairer Preis,137000,,04/2017,Benzin,245,,
Audi,A5,2.0 TFSI quattro Sport Aut.*TEMPO*NAVI*PDC*,,25840,Fairer Preis,95466,,10/2017,Benzin,252,,
Audi,TT,Coupe,,20999,Sehr guter Preis,62500,,09/2015,Benzin,230,,
BMW,225,d Coupé M Sport * BIXENON * NAVI * TOP GEPFLE,,22900,Fairer Preis,76000,,11/2015,Diesel,218,,
Mercedes-Benz,C 180,Coupe C 180/2 Hand/Tüv NEU/Automatik,,22990,Fairer Preis,128500,,02/2017,Benzin,156,,
BMW,220,d Coupe Advantage 2.Hand SHZ Tempomat,,17900,Sehr guter Preis,78320,,08/2015,Diesel,190,,
Mercedes-Benz,E 200,Coupe AMG LINE*9G*ASSIST*Voll Widescreen*,,28894,Fairer Preis,118000,,08/2017,Benzin,184,,
BMW,M240i,xDrive Coupé 340 PS,,29100,Guter Preis,123610,,08/2016,Benzin,340,,
Mercedes-Benz,C 180,Coupe 3x AMG line Navi Bi-Xenon TopZustand,,15300,Ohne Bewertung,139000,,09/2011,Benzin,156,,
Mercedes-Benz,CLK 500,"Coupe Sport Edition, Tüv/Au + Insp Neu",,14990,Ohne Bewertung,108300,,07/2008,Benzin,382,,
Mercedes-Benz,E 200,TOP ! E 200 Sport Edition*PANO*KAMERA*LED,,21400,Fairer Preis,139000,,07/2015,Benzin,184,,
Ford,Mustang,"MUSTANG 3.7 IM SHELBY DESIGN (MATT), TRAUMWAGEN!",,29999,Ohne Bewertung,89762,,01/2015,Benzin,305,,
Ford,Mustang,"MUSTANG 3.7 IM SHELBY DESIGN (MATT), TRAUMWAGEN!",,29999,Ohne Bewertung,89762,,01/2015,Benzin,305,,
Audi,A5,"Sportback Ultra 2.0, Top Ausstattung, Leder",,21490,Sehr guter Preis,107000,,10/2017,Benzin,190,,
Mercedes-Benz,CLS 350,CLS350d 4MATIC*360­­°KAMERA*AIRMATIC*LED*DISTRO,,31680,Fairer Preis,118800,,04/2015,Diesel,258,,
Audi,TT,Coupe 2.0 TFSI quattro/S-Line/virtu./Kamera,,23990,Sehr guter Preis,69989,,07/2016,Benzin,230,,
Mercedes-Benz,CLA 200,Coupe AMG-Line Wide LED Kamera Navi,,27990,Fairer Preis,101160,,03/2020,Benzin,163,,
Mercedes-Benz,E 250,Coupé * Automatik*86.000km*Leder*Tempomat*,,15950,Ohne Bewertung,84000,,04/2010,Benzin,204,,
Mercedes-Benz,CLA 200,Coupe*AMG*Wide*NAVI*KAMERA*LED*AMBIENTE,,28490,Guter Preis,94400,,02/2020,Benzin,163,,
BMW,435,i Coupe M-Paket /Leder/Navi/Xenon/Eur6/D-FZG,,24999,Ohne Bewertung,138000,,03/2015,Benzin,306,,
Mercedes-Benz,E 250,CDI Coupe BlueEfficiency TEMP+LED+NAVI+PDC,,16989,Ohne Bewertung,103800,,05/2013,Diesel,204,,
Mercedes-Benz,C 180,C180 COUPE*AMG-SPORTPAKET*ABGS*KAMER*LED*NAV,,26700,Ohne Bewertung,120000,,02/2018,Benzin,156,,
BMW,135,i Coupé -,,27800,Ohne Bewertung,99999,,02/2009,Benzin,306,,
BMW,220,i Coupe Automatik Navi Sizhg Xenon EU6,,14990,Ohne Bewertung,126890,,02/2014,Benzin,184,,
BMW,218,d Coupé M Sport A. +PDC+NAVI+XENON+FSE,,18950,Fairer Preis,118000,,09/2015,Diesel,150,,
Audi,S5,"Coupe 3.0 V6 TFSI qu PANO,STANDHEIZ,KEYLESS",,29880,Fairer Preis,60000,,04/2016,Benzin,333,,
Mercedes-Benz,E 250,Coupe Avantgarde~SZH~Tempomat~PDC~MFL~,,18990,Ohne Bewertung,59871,,03/2011,Benzin,204,,
Audi,TT,Coupe 2.0 TFSI quattro|S-Line|MMI|Kamera,,29980,Erhöhter Preis,79999,,07/2015,Benzin,230,,
BMW,425,d M-Sportpakett,,19899,Ohne Bewertung,120000,,10/2015,Diesel,218,,
Mercedes-Benz,CLS 350,Amg Paket,,25999,Ohne Bewertung,58000,,01/2012,Benzin,306,,
Mercedes-Benz,CLA 180,Coupé Pano+Night+LED-Navi+R-Kam+7-Gg+18',,23680,Fairer Preis,82353,,10/2018,Benzin,122,,
Mercedes-Benz,E 350,E -Klasse Coupe E 350 BlueTec / d,,26680,Fairer Preis,113423,,03/2015,Diesel,258,,
Mercedes-Benz,C 200,Coupé AMG-Line,,26500,Sehr guter Preis,98000,,10/2018,Benzin,184,,
BMW,220,i Steptronic Coupé M Sport M Sport,,23600,Guter Preis,90000,,03/2019,Benzin,184,,
BMW,435,i xDrive*COUPE*M SPORTPAKET*H-K*,,33999,Ohne Bewertung,87000,,04/2014,Benzin,306,,
Mercedes-Benz,C 300,AMG,,29000,Guter Preis,119000,,02/2017,Benzin,245,,
BMW,420,d COUPE *RATE 219€ LUXURY LEDER NAVI PROF LED,,22590,Erhöhter Preis,112143,,02/2017,Diesel,190,,
Audi,TT,2.0 TFSI Coupe Quattro S-Line 19 Zoll,,14900,Ohne Bewertung,82000,,11/2012,Benzin,211,,
BMW,440,i Coupé M-PERFORMANCE  HARMAN NAV KAM,,28499,Sehr guter Preis,71035,,10/2017,Benzin,326,,
Audi,TT,2.0 TFSI COUPE 100% EXKLUSIV/S-LINE/85.000KM,,14900,Ohne Bewertung,85000,,05/2009,Benzin,200,,
Mercedes-Benz,CL 500,*Nachtsicht*Distronic*8-Fach*,,26450,Ohne Bewertung,134450,,05/2011,Benzin,387,,
BMW,218,i Coupe Advantage/Xenon/Navi/Teilleder,,15949,Guter Preis,71044,,09/2016,Benzin,136,,
Volkswagen,Scirocco,2.0TSI DSG DYNAUDIO NAVI BBS DCC 1.HAND,,14790,Ohne Bewertung,85740,,05/2009,Benzin,200,,
Audi,TTS,2.0 TFSI quattro 1.Hand*Xenon*Navi*S-Sitze,,29900,Sehr guter Preis,57700,,11/2015,Benzin,310,,
BMW,M235,i Coupé -,,32000,Fairer Preis,70500,,10/2015,Benzin,326,,
BMW,125,"i Coupe Automatik,Klima,Leder,PDC,82000 km",,17500,Ohne Bewertung,82000,,02/2009,Benzin,218,,
Audi,TT,"Coupe 2.0 TFSI qu S LINE COMPETITION B+O,20Z.",,27880,Fairer Preis,91800,,11/2017,Benzin,230,,
Volkswagen,Scirocco,1.4 TSI Sport MATCH - Panaroma - Xenon,,11490,Ohne Bewertung,78470,,06/2013,Benzin,160,,
Mercedes-Benz,CLA 45 AMG,-Sport 4Matic*Navi*LED*KeylessGo*PDC*,,29890,Guter Preis,98000,,11/2017,Benzin,381,,
BMW,435 Gran Coupé,435i  Gran Coupe xDrive M Sport*KAMERA*NAVI*SHZ,,25990,Fairer Preis,139000,,10/2015,Benzin,306,,
Mercedes-Benz,CLA 220,4Matic DCT Coupé*AMG-LINE*R.Kam.*Keyl.*,,25600,Guter Preis,88000,,11/2018,Benzin,184,,
Mercedes-Benz,C 200,AMG Coupe Pano Folie 8-Fach,,22000,Guter Preis,136000,,08/2016,Benzin,184,,
Audi,A5,Coupé 2.0 TFSI quattro S tronic  - Top ,,19600,Guter Preis,131000,,04/2015,Benzin,224,,
Mercedes-Benz,GLC 250,COUPE AMG 4X4 360° GSSD ACC MEDIA KEYLESS LEDER,,31999,Fairer Preis,92500,,10/2016,Benzin,211,,
Mercedes-Benz,C 250,Autom. -,,28600,Guter Preis,83000,,01/2018,Benzin,211,,
Mercedes-Benz,E 300,E300 COUPE AMG-LINE COMAND DISTRO HEAD-UP KEYLES,,32399,Sehr guter Preis,116129,,04/2018,Benzin,245,,
BMW,420 Gran Coupé,*ADVANTAGE*LED*XENON*GARANTIE*AUT,,19990,Sehr guter Preis,99000,,06/2017,Diesel,190,,
Mercedes-Benz,CLA 200,d Edition Aut. *NAVI*LEDER*PANO*19ZOLL*,,23950,Fairer Preis,81200,,11/2018,Diesel,136,,
Mercedes-Benz,E 200,Coupé *AMG-LINE*WIDESCREEN*BURMESTER*,,29999,Guter Preis,85000,,08/2017,Benzin,184,,
Mercedes-Benz,C 220,d 4MATIC AMG Line Autom. AMG Line,,26900,Erhöhter Preis,92000,,12/2016,Diesel,170,,
Volkswagen,Scirocco,| Allstar | Benzin | Gepflegt ,,15000,Guter Preis,125000,,02/2017,Benzin,167,,
Mercedes-Benz,E 200,Coupe Amg Leder*Navi*PDC*nur 67.000 Km,,14900,Ohne Bewertung,67000,,02/2013,Benzin,184,,
Audi,A5,Coupe 1.8 TFSI S Line/NAVI/BI-XEN/SRA/SHZ/BT/,,18980,Sehr guter Preis,62153,,04/2015,Benzin,170,,
Mercedes-Benz,C 220,CDI*COUPE AVANTGARDE*LEDER*NAVI*PANORAMA*,,17500,Ohne Bewertung,111400,,06/2013,Diesel,170,,
Mercedes-Benz,E 250,*Leder*LED*SHZ*Allwetter*wenig KM*,,20880,Ohne Bewertung,52985,,07/2013,Benzin,211,,
Mercedes-Benz,CLA 250,Sport 4M Coupé Panorama*Night*LED*Navi*,,25669,Guter Preis,62700,,06/2017,Benzin,218,,
Audi,A5,Sportback quattro sport*S-line*LEDMatrix*Navi,,24880,Erhöhter Preis,119000,,03/2017,Diesel,218,,
Mercedes-Benz,C 200,Coupe 7G-TRONIC AMG Line,,26500,Sehr guter Preis,64000,,12/2016,Benzin,184,,
Mercedes-Benz,C 200,Coupe AMG Line BURMESTER/360 KAMERA/DAB+,,23990,Fairer Preis,132500,,04/2017,Benzin,184,,
BMW,420 Gran Coupé,420i  Gran Coupé Advant...,,21300,Sehr guter Preis,105000,,07/2019,Benzin,184,,
BMW,116,i AUTOMATIK*KLIMA*INSPEKTION NEU,,11900,Ohne Bewertung,78000,,12/2014,Benzin,136,,
Mercedes-Benz,C 180,COUPE C 180 CGI BlueEfficiency I KLIMA I NAVI I,,13790,Ohne Bewertung,79000,,09/2011,Benzin,156,,
Audi,TTS,Coupe 2.0 TFSI S tronic quattro B&O 8x,,30300,Guter Preis,99238,,01/2017,Benzin,310,,
Mercedes-Benz,CL 500,AMG Designo*Bi-XEN*H/K*KAM*NIGHT-VISION*,,31900,Ohne Bewertung,140250,,06/2013,Benzin,435,,
BMW,650,i xDrive Gran Coupe Individual LED*Panorama,,16999,Ohne Bewertung,149400,,06/2013,Benzin,449,,
BMW,440 Gran Coupé,440iA GC DIGITACHO GLASDACH H&K APPLE CP KAMERA,,27500,Guter Preis,123800,,12/2017,Benzin,326,,
Mercedes-Benz,C 250,C -Klasse Coupe C 250 CDI BlueEfficiency,,16300,Sehr guter Preis,127800,,11/2015,Diesel,204,,
Mercedes-Benz,E 200,E -Klasse Coupe E 200*NAVI*VIRTUAL*CAM*LED,,32990,Fairer Preis,76000,,01/2018,Benzin,184,,
Audi,TT,Coupe 1.8 TFSI -,,21999,Ohne Bewertung,111000,,04/2018,Benzin,179,,
Mercedes-Benz,C 180,AMG Line SHZ|NAV|PDCv+h|Bluetooth|8fach,,24900,Fairer Preis,59165,,07/2016,Benzin,156,,
Mercedes-Benz,CLS 500,AMG-Paket !!!,,26899,Ohne Bewertung,57300,,04/2012,Benzin,408,,
Mercedes-Benz,CLA 250,4Matic*AMG*NAVI*18*8 FACH*NIGHT*KEYLESS*,,21900,Guter Preis,128000,,06/2017,Benzin,218,,
Volkswagen,Passat CC,Dynamic Black BMT R-Line,,20999,Ohne Bewertung,69000,,02/2016,Diesel,184,,
Audi,A5,Sportback quattro S-Line Plus; NAV KAM PANO..,,25750,Guter Preis,83835,,10/2017,Benzin,252,,
Volkswagen,CC,3.6 V6 DSG  PANO/AHK/TÜV NEU/SHZ/KAMERA/LEDER,,16485,Ohne Bewertung,139800,,10/2012,Benzin,299,,
Mercedes-Benz,C 400,4MATIC AMG Line Autom. AMG Line,,29500,Ohne Bewertung,125879,,10/2016,Benzin,333,,
Mercedes-Benz,E 250,CGI Coupe BlueEfficiency /Leder/Automatik/,,14950,Ohne Bewertung,128418,,06/2012,Benzin,204,,
Mercedes-Benz,C 220,d Coupe AMG Line LED NAVI,,25990,Hoher Preis,97182,,10/2016,Diesel,170,,
BMW,430 Gran Coupé,d: Inkl.Garantie. MEMORY.LED.SHZ,,20499,Guter Preis,123905,,08/2015,Diesel,258,,
Audi,TT,Coupe 2.0 TDI: Sportlich und unfallfrei,,21000,Fairer Preis,107200,,08/2015,Diesel,184,,
Mercedes-Benz,CLS 350,CDI  BlueTEC ,,21900,Ohne Bewertung,122000,,10/2014,Diesel,252,,
Mercedes-Benz,C 180,Coupe *AMG Line* Navi_LED_Scheckheft,,18850,Fairer Preis,133000,,01/2016,Benzin,156,,
BMW,M235,i Coupé ,,26000,Ohne Bewertung,140000,,05/2014,Benzin,326,,
Mercedes-Benz,C 300,Coupe *AMG*LED*Burmester*Night*SHZ*Pano*,,25990,Sehr guter Preis,138309,,03/2018,Benzin,245,,
Mercedes-Benz,C 63 AMG,*PERFORMANCE *DRIVERS*SOUND*PANO*TEMP*,,37990,Ohne Bewertung,158472,,08/2011,Benzin,487,,
Mercedes-Benz,C 200,Coupe - 4Matic~AMG~ Top Zustand,,32999,Hoher Preis,104000,,09/2016,Benzin,184,,
Audi,TT RS,TTRS 2.5TFSI COUPE QUATTRO EXKLUSIV BLACK#V MAX,,30999,Ohne Bewertung,129492,,04/2011,Benzin,340,,
Mercedes-Benz,E 200,Coupé Leder braun Ambiente LED Kamera,,31490,Erhöhter Preis,95704,,04/2017,Benzin,184,,
Mercedes-Benz,CLA 200 Shooting Brake,CLA 200 SB+AMG+PANO+NAVI+LED+KAM,,24990,Fairer Preis,76400,,07/2018,Benzin,156,,
BMW,218,i Coupe Advantage PDC KLIMA MFL NAVI TEMPO,,16990,Fairer Preis,60250,,08/2015,Benzin,136,,
Mercedes-Benz,E 500,E -Klasse Coupe E 500 Xenon*V-Max*AMG*LED*,,31990,Ohne Bewertung,120000,,02/2015,Benzin,408,,
Mercedes-Benz,E 250,Coupe *2.HAND *SHZ *PDC *TEMPO *8FACH,,15300,Ohne Bewertung,75000,,12/2010,Benzin,204,,
Audi,A5,2.0 TFSI *NAVI*ACC*BI-XENON*CAM*SHZ*PDC*,,20640,Sehr guter Preis,67671,,06/2016,Benzin,230,,
Audi,TT,Coupe 1.8 TFSI Bluetooth+Sitzheitzung+++,,14500,Ohne Bewertung,79790,,03/2014,Benzin,160,,
Audi,A5,Coupe 2.0 TFSi Ultra Sport,,22000,Sehr guter Preis,72983,,04/2017,Benzin,190,,
Audi,A5,COUPE 2.0|S-LINE|KAMERA|LEDER|NAVI|TEMPOMAT|,,20849,Guter Preis,110000,,05/2015,Diesel,190,,
BMW,220,d Coupé M Sport M Sport,,22500,Fairer Preis,103000,,10/2017,Diesel,190,,
Mercedes-Benz,E 350,Coupé AMG 4MATIC,,25000,Ohne Bewertung,140000,,05/2014,Benzin,306,,
Mercedes-Benz,CL 500,CL Coupe CL 500 AMG/S-AGA/PANO/SOFT/,,30950,Ohne Bewertung,120450,,12/2010,Benzin,435,,
Audi,TT RS,Coupe 2.5 TFSI quattro *Leder *Bose *Navi,,26900,Ohne Bewertung,101000,,11/2009,Benzin,340,,
BMW,430,i Coupé M /LED/Schibedach/SHZ/BTH/Kamera/R19,,26900,Sehr guter Preis,78010,,07/2018,Benzin,252,,
BMW,428,"Gran Coupe 428 i xDrive M Sportpaket,19Zoll,Top",,22999,Ohne Bewertung,140000,,07/2015,Benzin,245,,
Mercedes-Benz,C 250,BlueEFF. Coupé Edition 1 Autom. Edition 1,,12999,Ohne Bewertung,115000,,08/2012,Benzin,204,,
Mercedes-Benz,C 180,C -Klasse Coupe C 180 CGI BlueEfficiency,,12900,Ohne Bewertung,94200,,05/2011,Benzin,156,,
Mercedes-Benz,E 200,Coupé Benzine Autom. - AMG Pack - Topstaat,,29990,Sehr guter Preis,118975,,03/2019,Benzin,184,,
Mercedes-Benz,E 200,Coupe NaviComand*LED*Leder*PDC*,,16980,Ohne Bewertung,134000,,03/2014,Benzin,184,,
BMW,320,i COUPE FACELIFT*AUTOMATIK*BI-XENON*PDC*,,12999,Ohne Bewertung,120000,,01/2012,Benzin,170,,
Audi,A5,Coupe Quattro 3x S line Virtual Pano LED,,27599,Fairer Preis,84000,,06/2017,Benzin,252,,
Mercedes-Benz,C 180,CGI Coupe Automatik+Bi-Xenon+Kamera+Navi,,18990,Ohne Bewertung,43000,,11/2011,Benzin,156,,
Mercedes-Benz,C 200,Coupe AMG-Line Aut~Navi~DigitalCockp~ACC~,,28399,Guter Preis,91000,,07/2018,Benzin,197,,
Mercedes-Benz,C 180,Autom. - AMG-Line-Facelift,,27999,Guter Preis,88000,,12/2018,Benzin,156,,
BMW,650 Gran Coupé,*Head Up*Allrad*Shz*Navi*,,29990,Ohne Bewertung,147500,,06/2014,Benzin,449,,
Mercedes-Benz,C 220,d 9G AMG Coupe *KAME*SPUR*AMBIENTEB*,,27950,Fairer Preis,102000,,10/2016,Diesel,170,,
Mercedes-Benz,CLA 250,Coupé/Pano/TotW/Leder/Navi/,,16900,Ohne Bewertung,90000,,05/2018,Benzin,211,,
BMW,420,d xDrive M-SPORT COUPE NAVI ALCANTARA HEAD-UP,,24990,Fairer Preis,107767,,07/2017,Diesel,190,,
Mercedes-Benz,C 180,CGI COUPE*BE*NAVI*BI-XEN*TEILLEDER*,,12550,Ohne Bewertung,113000,,11/2012,Benzin,156,,
Volkswagen,Scirocco,2.0 TSI BMT**SCHECKHEFTGEPFLEGT**,,12990,Ohne Bewertung,125146,,11/2014,Benzin,179,,
BMW,430,i Coupé M Sport A M Sport,,27599,Guter Preis,63753,,07/2017,Benzin,252,,
Mercedes-Benz,C 250, C250 Coupé  AMG-Line Automatik,,26900,Guter Preis,70000,,03/2018,Benzin,211,,
Volkswagen,Arteon,R-Line DAB+ 4 x Sitzhz Pano AHK 20Zoll,,25480,Sehr guter Preis,100000,,10/2019,Benzin,272,,
Mercedes-Benz,A 45 AMG,A -KLASSE  4Matic /Pano/Carplay/LED/Nav,,28900,Fairer Preis,61500,,06/2016,Benzin,381,,
Mercedes-Benz,E 350,COUPE + AUTOMATIK+NAVI+XENON+RENTNERWAGEN,,16980,Ohne Bewertung,68400,,10/2010,Benzin,292,,
Mercedes-Benz,C 400,AMG 4Matic* Lückenlos Mercedes Service !,,27999,Guter Preis,128760,,08/2016,Benzin,333,,
BMW,218,Baureihe 2 Coupe 218 i Sport Line/8.Fach,,19500,Guter Preis,66750,,03/2018,Benzin,136,,
Audi,TTS,2.0 TFSI Coupe quattro*Navi*Kam.*Leder*19 Z.,,22990,Ohne Bewertung,133000,,10/2011,Benzin,272,,
BMW,218,i Coupé Facelift M Sportpaket 18 Zoll Alu,,21500,Fairer Preis,68145,,03/2018,Benzin,136,,
Mercedes-Benz,CLC 200,Kompressor Panorama_ Gepflegt_Xenon_TOP,,10555,Ohne Bewertung,110000,,07/2010,Benzin,184,,
Mercedes-Benz,C 180,Autom. -,,24990,Fairer Preis,113447,,10/2018,Benzin,156,,
BMW,440 Gran Coupé,"440i GC xDrive NAVI PRO ADAP.LED DR.ASS HiFi 19""",,31500,Guter Preis,99950,,01/2018,Benzin,326,,
Mercedes-Benz,E 500,AMG Coupe V8 BITURBO / NAVI / PANO,,26990,Ohne Bewertung,54000,,02/2014,Benzin,408,,
Mercedes-Benz,C 180,Coupe AMG LINE LED*AMBIENTE*NAVI*SITZH*TEM,,25950,Fairer Preis,100000,,02/2019,Benzin,156,,
BMW,430,iGran Coupe*Sportpaket*Vollleder*RFK*Bi-Xenon,,26390,Guter Preis,122000,,07/2018,Benzin,252,,
BMW,630,6 Coupe 630i*M-Sportpaket Individual*HeadUp*Matt,,24990,Ohne Bewertung,87000,,06/2008,Benzin,272,,
Mercedes-Benz,CLC 160,*Autom.*Panorama*Sitzhzg*Tempomat*,,9900,Ohne Bewertung,99952,,08/2010,Benzin,129,,
Mercedes-Benz,C 250,COUPE*AMG LINE*AUTOMA-AMBIENTE-SHZ-NAVI-NR,,25948,Fairer Preis,137439,,06/2018,Benzin,211,,
BMW,650,Gran Coupe  i xDrive TOP AUSSTATTUNG,,33333,Ohne Bewertung,97555,,06/2016,Benzin,449,,
Mercedes-Benz,C 200,Coupe C200*AMG*Facelift*Pano*LED*SHZ*RFK*Spur*,,27800,Guter Preis,117000,,06/2018,Benzin,184,,
Mercedes-Benz,CLS 400,8 fach bereift...,,29450,Fairer Preis,128000,,01/2016,Benzin,333,,
Mercedes-Benz,E 200,AMG LINE*LED*BURMESTER* TOP ZUSTAND,,29450,Sehr guter Preis,92015,,04/2018,Benzin,184,,
Mercedes-Benz,E 220,CDI Coupé AMG-Line *Vollleder*Navi*LED*,,21950,Ohne Bewertung,124000,,08/2014,Diesel,170,,
Mercedes-Benz,CLA 250,4MATIC DCT - AMG Exklusiv Paket ,,25500,Guter Preis,71500,,08/2018,Benzin,211,,
Mercedes-Benz,C 300,C300 AMG *Pano*LED*Kamera*19 Zoll*SportAbgas*AHK,,22899,Sehr guter Preis,137689,,01/2016,Benzin,245,,
Audi,RS5,4.2 FSI S tronic quattro ,,30900,Ohne Bewertung,115400,,10/2011,Benzin,450,,
Mercedes-Benz,E 250,Coupe AMG ILS/H&K/SITZ/KLIMA/DER BESTE !!,,26990,Ohne Bewertung,55359,,03/2015,Benzin,211,,
Volkswagen,CC,Leder NAVI Klima SHZG ZV Panorama,,14490,Ohne Bewertung,107254,,01/2013,Diesel,140,,
Mercedes-Benz,C 200,C -Klasse Coupe AMG HAMMER OPTK,,20990,Guter Preis,139000,,04/2016,Benzin,184,,
BMW,650,"Baureihe 6 Coupe 650 i/ENP 112.900,00 € !!!",,26950,Ohne Bewertung,53534,,09/2012,Benzin,449,,
Mercedes-Benz,E 500,AMG-LINE,,28330,Ohne Bewertung,59990,,03/2011,Benzin,387,,
Audi,A5,Coupe Quattro 3xS Line S Sitze Head Up Digital,,27999,Fairer Preis,79000,,02/2017,Benzin,252,,
BMW,420 Gran Coupé,420d Gran Coupé M Sport Aut.*HEAD-UP*ACC*NAVI*,,25590,Fairer Preis,74438,,02/2016,Diesel,190,,
Mercedes-Benz,C 180,Coupe Automatik LED Kamera  SHZ *FACELIFT*,,25990,Guter Preis,75000,,06/2018,Benzin,156,,
Audi,A5,Coupe design 40 TFSI*1.HAND*LÜCKENLOS*PDC*SHZ,,22990,Guter Preis,125000,,05/2017,Benzin,190,,
BMW,M6,Gran Coupe Competition /B&O audio/Massage/PPF,,34900,Ohne Bewertung,121249,,10/2016,Benzin,600,,
BMW,320,i Coupe M SPORT 1. Hand BMW Scheckheft,,14900,Ohne Bewertung,89300,,11/2009,Benzin,170,,
Audi,A5,2.0 TFSI -ACC/Matrix/Standh.m.FB /Leder/LED,,25999,Guter Preis,76000,,06/2017,Benzin,252,,
Mercedes-Benz,E 200,Coupé Autom. - AMG LINE,,29877,Guter Preis,81000,,03/2018,Benzin,184,,
BMW,420 Gran Coupé,i Luxury Line Leder+Sportsitze+,,23880,Guter Preis,79164,,06/2019,Benzin,184,,
BMW,225,COUPE 225 d LUXURY LINE+LEDER+BI-XENON+AUTOM+TOP,,21980,Guter Preis,73200,,04/2016,Diesel,224,,
BMW,M2,Competition M Driver´s Kamera NaviPro 19Zoll,,41999,Guter Preis,98900,,01/2020,Benzin,411,,
BMW,420,i Advantage*LED*20 Zoll*Deutsch*,,24999,Erhöhter Preis,62000,,12/2017,Benzin,184,,
BMW,420,"i Coupé / Xenon, NAVI, KEYLESS, SCHIEBEDACH",,18900,Ohne Bewertung,52218,,04/2014,Benzin,184,,
Mercedes-Benz,E 200,"E -Klasse Coupe,Avantgared,Navi,79850KM",,27999,Guter Preis,78850,,04/2018,Benzin,184,,
Mercedes-Benz,E 350,CGI Coupe BlueEfficiency*Autom*Xenon*Leder,,13990,Ohne Bewertung,103000,,07/2010,Benzin,292,,
BMW,218,Baureihe 2 Coupe 218 d*90000KM*GLASD.*NAVI*,,17900,Fairer Preis,90000,,08/2016,Diesel,150,,
BMW,220,d Coupe Sport Line AUTOMAT BIXENON NAVI LEDE,,18480,Sehr guter Preis,115918,,10/2015,Diesel,190,,
Mercedes-Benz,C 300,Facelift AMG Pano Head Navi Memo,,28999,Sehr guter Preis,92000,,11/2018,Benzin,258,,
Mercedes-Benz,E 220,CDI BlueEfficiency Sport-Paket* 8-Fach*,,15990,Ohne Bewertung,133137,,11/2013,Diesel,170,,
BMW,118,"d Coupé, Navi, H&K, M-Paket, Xenon, PDC !",,19900,Ohne Bewertung,92925,,06/2010,Diesel,143,,
BMW,218,d Coupé M Sport A. +PDC+NAVI+XENON+FSE,,18950,Fairer Preis,118000,,09/2015,Diesel,150,,
Mercedes-Benz,C 300,Autom. -,,26900,Sehr guter Preis,110968,,09/2018,Benzin,258,,
Mercedes-Benz,C 200,Coupe AMG Line Night Paket ,,27500,Fairer Preis,119000,,06/2018,Benzin,184,,
Mercedes-Benz,C 250,d *NAVi*KAMERA*LED*MEMORY*SiTZHG*,,23950,Sehr guter Preis,103000,,04/2017,Diesel,204,,
Mercedes-Benz,E 350,"CDI Coupe BlueEfficiency NAVI, Panorama",,16780,Ohne Bewertung,81033,,07/2009,Diesel,231,,
Audi,A5,Sportback 3.0 TFSI quattro*S-line*NAV*LEDER*,,26974,Fairer Preis,128150,,07/2015,Benzin,272,,
Audi,RS5,Coupe 4.2 FSI quattro*KAMERA*SHZ*XENON*B&O*,,32495,Ohne Bewertung,98800,,10/2011,Benzin,450,,
BMW,420,d xDrive Coupé Luxury Line Top Ausstattung,,21000,Sehr guter Preis,100000,,12/2017,Diesel,190,,
BMW,430,i Coupé M-PERFORMANCE/CARPLAY/RFK/LED,,28900,Fairer Preis,77076,,02/2018,Benzin,252,,
Mercedes-Benz,C 180,Coupe BlueEfficiency *AHK*PDC*SHZ*Navi*LM*,,12890,Ohne Bewertung,121661,,07/2012,Benzin,156,,
Audi,A5,"Sportback 1.8 TFSI S-Line, Xenon,DSP,Keyless",,15690,Ohne Bewertung,126400,,10/2013,Benzin,170,,
BMW,420 Gran Coupé,420 Gran Coupe i Advantage Navi Hifi Sportsitze ,,25490,Guter Preis,92590,,10/2019,Benzin,184,,
Toyota,IQ,1.0 VVT-i  Basis *Automatik*,,8990,Ohne Bewertung,49919,,07/2010,Benzin,68,,
Volkswagen,Golf,GOLF VII R-LINE 1.5TSI DSG PANORAMA+NAVIuvm,,19789,Fairer Preis,75436,,03/2019,Benzin,150,,
Volkswagen,Polo,POLO CROSS KLIMA+XENON+EINPARKHILFE+ALURÄDER+TÜV,,13890,Ohne Bewertung,65600,,04/2013,Benzin,90,,
Opel,Corsa,F GS Mild-Hybrid/CAM/Keyless/Navi/LHZ+SHZ,,20995,Sehr guter Preis,5000,,04/2024,Benzin,101,,
Fiat,500,1.2 Lounge **Klima*PDC*Temp.*ALU**,,9995,Erhöhter Preis,99000,,05/2019,Benzin,69,,
MG,MG3,3 Hybrid+ Luxury,,24490,Ohne Bewertung,3000,,08/2024,,194,,
Volkswagen,Polo,Highline 1.0 TSI DSG,,17119,Erhöhter Preis,52897,,01/2016,Benzin,95,,
Audi,A1,Sportback Sport S LINE SPORTPAKET PLUS / PANO,,15500,Guter Preis,126000,,04/2016,Benzin,150,,
Volkswagen,Polo,1.0 TSI Highline LED Navi ACC Kamera,,18950,Fairer Preis,70321,,11/2019,Benzin,95,,
Volkswagen,Polo,VI*HIGHLINE*SHZ*LED*TRAUMZUSTAND,,16500,Fairer Preis,73507,,02/2018,Benzin,95,,
Mercedes-Benz,A 180,A -Klasse A 180 BlueEfficiency,,10890,Ohne Bewertung,103000,,11/2012,Benzin,122,,
Audi,A3,Ultra| LED| BIXENON| TEMP| 4SEASON| Garantie,,13299,Sehr guter Preis,132221,,04/2016,Benzin,150,,
Volkswagen,Polo,1.0 Comfortline PDC Klima Bluetooth USB,,13990,Erhöhter Preis,91288,,01/2020,Benzin,80,,
Volkswagen,Polo,1.0 Trendline Klima Sitzheizung Bluetooth,,14950,Fairer Preis,79889,,02/2020,Benzin,80,,
Volkswagen,Polo,R WRC Einzigartig MTM 348 PIPES KW,,22000,Ohne Bewertung,95612,,10/2013,Benzin,348,,
Volkswagen,Polo,1.0 TSI Comfortline Klima Sitzheizung PDC,,15950,Fairer Preis,52784,,09/2018,Benzin,95,,
Volkswagen,Polo,V Comfortline BMT/Start-Stopp,,9000,Fairer Preis,116620,,09/2014,Benzin,90,,
Volkswagen,Polo,"V 1,2 TSI Highline BMT/Start-Stopp",,11099,Fairer Preis,57434,,05/2017,Benzin,90,,
Volkswagen,Polo,1.0 TSI 95 PS Beats R-LINE/LED/NAVI+AID/RFK,,16439,Erhöhter Preis,66605,,11/2018,Benzin,95,,
Volkswagen,Polo,VI 1.0 Trendline SITZHEIZUNG KLIMA ZV 5.Tür,,11950,Erhöhter Preis,82550,,02/2018,Benzin,75,,
Audi,A1,Sportback 30 TFSI Advanced LED/NAVI/VIRTUAL-C,,18979,Erhöhter Preis,89355,,04/2019,Benzin,116,,
Volkswagen,Golf,GTI GTI Clubsport BMT,,20999,Sehr guter Preis,100000,,12/2016,Benzin,265,,
Audi,A1,35 TFSI S tronic S line Sportback 150 PS,,22950,Ohne Bewertung,77135,,04/2019,Benzin,150,,
Volkswagen,Golf,VII Variant R BMT 4Motion,,21900,Fairer Preis,73920,,11/2015,Benzin,300,,
Audi,A1,Automatik Xenon Navi Sitzheizung PDC,,14890,Sehr guter Preis,106000,,03/2018,Benzin,150,,
Volkswagen,Polo,V Team,,9000,Ohne Bewertung,106100,,09/2010,Benzin,105,,
Audi,A1,35 Sportback B&O|Navi|LED|ParkPilot,,19550,Fairer Preis,95168,,01/2020,Benzin,150,,
Volkswagen,Polo,1.2 TSI Team SITZHZG+PDC+ALU+KLIMA+1.HAND,,8989,Ohne Bewertung,112500,,04/2011,Benzin,105,,
Volkswagen,up!,1.0 club up! Climatic*Sound-Plus*Sitzheizung,,10990,Hoher Preis,46500,,04/2016,Benzin,60,,
Volkswagen,Golf,VII Lim. Highline BMT/DYNAUDIO/Leder/PANO,,14900,Ohne Bewertung,81000,,11/2013,Benzin,140,,
Volkswagen,Polo,V Highline*R-Line*Autom*Pano*Xenon*Navi*PDC,,14880,Ohne Bewertung,94590,,01/2014,Benzin,105,,
Volkswagen,Golf,VII 1.5 TSI Comfortline Navi Kamera,,17990,Fairer Preis,72413,,08/2018,Benzin,131,,
Volkswagen,Golf,VII*1.HAND*NAVI*AUTOMAT*SHZ*TEMPO*KLIMA*EPH,,12999,Ohne Bewertung,101300,,11/2013,Benzin,140,,
Volkswagen,Golf,VII Lim. GTI Performance BMT/Start-Stopp,,20490,Ohne Bewertung,91647,,01/2018,Benzin,245,,
Volkswagen,Golf,GOLF 2.0 TSI 245HP GTI PERFORMANCE COCKPIT 5-D,,22626,Fairer Preis,98060,,04/2018,Benzin,245,,
Volkswagen,Golf,VII Lim. Highline BMT,,14900,Fairer Preis,113500,,03/2015,Benzin,125,,
Volkswagen,up!,"1.0 TSI - high up! / Sound plus, DAB+, SHZ",,8690,Guter Preis,95500,,10/2017,Benzin,90,,
Volkswagen,Golf,VII 2.0 TSI GTI Performance AHK DAB Navi,,23990,Guter Preis,68020,,04/2019,Benzin,245,,
Volkswagen,Golf,GOLF GTI 2.0 TSI 245HP PERFORMANCE COCKPIT CAM,,20448,Guter Preis,85710,,04/2018,Benzin,245,,
Audi,S1,Sportback 2.0 TFSI quattro*NAV*PDC*SHZ*1 HAND,,19997,Ohne Bewertung,103833,,03/2015,Benzin,231,,
Volkswagen,Golf,VII Lim. Lounge BMT Automatik* Start-Stop*,,14490,Sehr guter Preis,59100,,02/2016,Benzin,125,,
Volkswagen,Polo,V R WRC Fahrzeug des Inhabers,,19980,Ohne Bewertung,97842,,10/2013,Benzin,220,,
Volkswagen,Golf,Plus VI Life  1.4 TSI 2.Hand/SHZ/Navi/PDC/,,9380,Guter Preis,109868,,01/2014,Benzin,122,,
Mercedes-Benz,A 180,Prog. 7G-DCT SHZ Rü-Ka Klima Memory Pano,,16950,Ohne Bewertung,74650,,04/2014,Benzin,122,,
Audi,S1,"2.0 TFSI qu. DSP SOUND-PDC-SHZ-SP.FW/SP-17""",,22370,Ohne Bewertung,85614,,02/2016,Benzin,231,,
Volkswagen,Golf,VII Variant Sound R-Line,,15990,Erhöhter Preis,91700,,01/2018,Benzin,125,,
Mercedes-Benz,A 45 AMG,4MATIC AMBIENTE-KAMERA-PANORA-MEMORY-GW,,27998,Fairer Preis,97000,,01/2017,Benzin,381,,
BMW,116,Baureihe 1 Lim. 3-trg. 116i*PDC*KLIMA,,13995,Ohne Bewertung,87203,,09/2013,Benzin,136,,
Abarth,500,595 Custom| Sport| Virtual C.| 8fach| Garantie,,11999,Guter Preis,103058,,05/2016,Benzin,140,,
Audi,A1,Sportback *5-türig*Scheckheft*,,7999,Guter Preis,109000,,10/2012,Benzin,86,,
MINI,ONE,AUTOMATIK KLIMA+NAVI+AKTIVPARK+ALLWETTER+ALU,,15980,Erhöhter Preis,59800,,11/2015,Benzin,102,,
Volkswagen,Golf,VIII 1.5 TSI R-Line LED Navi AHK Kamera ACC,,21890,Fairer Preis,81905,,09/2020,Benzin,150,,
Seat,Ibiza,1.0 Eco TSI FR SmartLink Sitzheizung Navi,,11990,Fairer Preis,79994,,01/2016,Benzin,110,,
Volkswagen,Polo,2.0 TSI GTI DSG LED Navi Virtual Cockpit,,19990,Fairer Preis,86858,,08/2018,Benzin,200,,
BMW,114,Baureihe 1 Lim. 3-trg. 114 i,,8999,Fairer Preis,137240,,10/2013,Benzin,102,,
Volkswagen,Polo,GTI 1.8 TSI LED/App-Connect/PANO,,16950,Fairer Preis,74981,,03/2017,Benzin,192,,
BMW,118,i Bi-Xenon Klimaaut. Sitzheizung Schiebedach,,17490,Ohne Bewertung,65731,,01/2015,Benzin,170,,
Volkswagen,Golf,VII Lim. GTI Performance BMT,,18700,Guter Preis,59610,,05/2016,Benzin,230,,
Volkswagen,Polo,1.0 Trendline+KLIMA+RADIO+ISOFIX,,7990,Erhöhter Preis,140874,,01/2017,Benzin,60,,
Mercedes-Benz,A 180,+Aut.+Kamera+Leder+Sportsitze+TÜV neu,,14998,Sehr guter Preis,114113,,04/2015,Benzin,122,,
Volkswagen,Beetle,1.2 TSi Benzine 'Dune' - Bluetooth - PDC ,,16990,Sehr guter Preis,75429,,06/2017,Benzin,105,,
Volkswagen,Golf,7 GTI Performance TSI DSG 245PS PanoDigital,,23700,Fairer Preis,77850,,01/2019,Benzin,245,,
Volkswagen,Polo,1.2 TSI Lounge BMT AAC SHZ PDC Temp,,11990,Ohne Bewertung,99506,,03/2015,Benzin,90,,
Volkswagen,Polo,1.0 TSI DSG Navi Sitzheizung Panorama PDC,,18990,Fairer Preis,78449,,05/2018,Benzin,95,,
Ford,Fiesta,ST-Line  Kamera  PDC Automatik,,14770,Fairer Preis,86640,,04/2018,Benzin,101,,
Volkswagen,Polo,GTI BMT NAVI SITZH BLUETOOTH PARKPILOT,,14650,Guter Preis,84464,,04/2017,Benzin,192,,
Skoda,Fabia,FABIA 1.2TSI STYLE SCHECKHEFTGEPFLEGT BEI SKODA,,10489,Fairer Preis,84251,,09/2015,Benzin,90,,
Volkswagen,Golf,VII Variant Trendline BMT*SCHECKHEFT*NAVI*,,10900,Ohne Bewertung,97000,,03/2015,Benzin,110,,
Volkswagen,Golf,R 4Motion BlueMotion Technology DSG *389PS*,,27888,Fairer Preis,49942,,09/2014,Benzin,300,,
BMW,118,"i Sport Line""TÜV Garantie""",,13999,Sehr guter Preis,78000,,06/2015,Benzin,170,,
Volkswagen,Polo,1.2 TSI Comfortline DSG LED Navi Klima PDC,,14950,Fairer Preis,74162,,10/2016,Benzin,90,,
Volkswagen,Polo,V GTI 1.8 TSI DSG Rückfahrkamera Klima,,16429,Fairer Preis,125500,,09/2016,Benzin,192,,
Volkswagen,Golf Sportsvan,VII Highline 1.4 TSI DSG AHK Navi,,15990,Ohne Bewertung,101500,,12/2014,Benzin,150,,
Audi,S1,2.0 TFSI quattro Xenon Navi Sitzheizung Leder,,23990,Ohne Bewertung,85303,,09/2017,Benzin,231,,
Volkswagen,Polo,V GTI BMT/Start-Stopp Sport LED Panorama SH,,17710,Erhöhter Preis,93221,,07/2016,Benzin,192,,
Audi,A1,1.4 TFSI Sportback S tronic *S line*BOSE*Pano,,18749,Fairer Preis,89550,,05/2017,Benzin,150,,
Mercedes-Benz,A 250,A -Klasse A 250 4Matic AMG FELGEN-GARANTIE,,18499,Ohne Bewertung,75245,,08/2013,Benzin,211,,
Audi,A1,"1.0 TFSI S tronic ""S-Line""PANORAMA""MMi""",,16499,Fairer Preis,106000,,05/2016,Benzin,95,,
Skoda,Fabia,FABIA AMBITION 1.0MPI ALU-FELGEN+KLIMAANLAGEuvm,,9555,Fairer Preis,88990,,06/2015,Benzin,75,,
Audi,A1,1.4 TFSI S-Line design S Tronic Xenon Sitzhei,,15990,Fairer Preis,96991,,05/2016,Benzin,125,,
Volkswagen,up!,move up! Automatik/1.Hand/4x neue Allwetter,,11490,Ohne Bewertung,80500,,03/2014,Benzin,75,,
Volkswagen,Golf,Join ACC Navi Apple Android Carplay DAB+,,15900,Guter Preis,95000,,11/2018,Benzin,150,,
Volkswagen,Golf,Cup BMT *Ihr Seat Vertragshändler*,,10880,Ohne Bewertung,80520,,09/2014,Benzin,110,,
Volkswagen,Golf,VII 1.4 TSI DSG Highline Xenon/Navi/ACC,,11950,Ohne Bewertung,121761,,09/2013,Benzin,140,,
Volkswagen,Polo,1.2 TSI Klimaaut. Tagfahrlicht,,12990,Erhöhter Preis,74413,,10/2015,Benzin,90,,
Volkswagen,Polo,Cross Polo 1.4  LM Klima,,11980,Ohne Bewertung,75380,,01/2014,Benzin,86,,
Volkswagen,Golf,VII Lim. GTI Performance BMT/Start-Stopp,,20900,Sehr guter Preis,87420,,11/2019,Benzin,245,,
Volkswagen,Polo,1.5TSI DSG Highline R-Line ACC+NAVI+++,,19499,Fairer Preis,91000,,06/2019,Benzin,150,,
Volkswagen,Golf,VII Lounge ab 99€Montl. Tempomat*NAVI,,12700,Fairer Preis,120100,,02/2016,Benzin,110,,
Volkswagen,Golf,VII Lim.Comfortline BMT*Start+Stop* HU  Neu,,9999,Fairer Preis,105634,,06/2013,Benzin,122,,
Mercedes-Benz,A 180,A -Klasse A 180 BlueEfficiency,,13200,Sehr guter Preis,109000,,12/2015,Benzin,122,,
Skoda,Rapid,RAPID SB CLEVER 110PS 1.HAND+STAMMKUNDENFAHRZEUG,,13889,Fairer Preis,79999,,07/2018,Benzin,110,,
Mercedes-Benz,A 200,A -Klasse A 200 Edition 19° AMG LINE °,,23990,Fairer Preis,93000,,03/2019,Benzin,163,,
Skoda,Citigo,1.0l Monte Carlo Navi Tempomat Klima,,11950,Erhöhter Preis,63788,,06/2015,Benzin,75,,
Abarth,500,595 Custom Rückfahrkamera,,12370,Guter Preis,86146,,10/2015,Benzin,140,,
Audi,S1,2.0 TFSI quattro BI-XENON LEDER S-SITZE BOSE,,24980,Ohne Bewertung,95593,,01/2016,Benzin,231,,
Ford,Fiesta,1.0 EcoBoost S&S TITANIUM PDC SHZ LHZ,,15890,Erhöhter Preis,79800,,07/2020,Benzin,101,,
Opel,Adam,"S Navi PDC Totwinkel-Assistent RECARO 18""",,11950,Fairer Preis,87337,,06/2015,Benzin,150,,
Volkswagen,Golf,VII 2.0 TSI GTI *Luft*Bentley*Recaro*,,21999,Ohne Bewertung,140242,,03/2017,Benzin,230,,
Volkswagen,Golf,VII Lim. Comfort. Xenon Sitzh. Service neu,,13990,Guter Preis,77527,,11/2017,Benzin,125,,
Audi,S1,"2.0 TFSI quattro Fahrwerk, Abgasanlage usw.",,25200,Ohne Bewertung,80253,,01/2015,Benzin,231,,
Volkswagen,Polo,1.2 TSI Comfortline LED Sitzheizung Navi,,12990,Erhöhter Preis,106696,,06/2017,Benzin,90,,
Ford,Fiesta,"1.0 EcoBoost Start-Stop Sport Klima Sync,",,9799,Guter Preis,105661,,05/2015,Benzin,140,,
Audi,S1,2.0 TFSI quattro Sportback -,,19000,Ohne Bewertung,93000,,10/2014,Benzin,231,,
Volkswagen,Polo,Allstar*PDC*KLIMAAUTOMATIC*SHZ*,,13495,Erhöhter Preis,75500,,03/2017,Benzin,90,,
Volkswagen,Golf,"VII GTI, Pano,LED+,Virtual Display,8-fach",,18800,Sehr guter Preis,128562,,12/2018,Benzin,245,,
Volkswagen,up!,"Cross Up! 1.0 BMT DSG""KAMERA+PDC""KLIMA""TEM""SH""E6",,16295,Ohne Bewertung,99771,,06/2017,Benzin,75,,
Volkswagen,Polo,V GTI 1.8TSI NAVI KAMERA SPORTFAHRWERK,,14480,Guter Preis,88874,,05/2016,Benzin,192,,
BMW,118,i M Sportpaket*LED*NAVI*ACC*Keyless*Memory*,,17990,Fairer Preis,83890,,07/2016,Benzin,136,,
Volkswagen,Golf,Plus VI Style+1 Garantie,,10900,Ohne Bewertung,118500,,04/2012,Benzin,122,,
Volkswagen,Golf,Highline BMT 2.Hd. 17Zoll   Alcantara   SHZ,,13440,Erhöhter Preis,128000,,01/2017,Benzin,150,,
BMW,116,i Benzine - M Pakket - GPS - Airco - Topstaa,,17990,Hoher Preis,62360,,03/2017,Benzin,109,,
Mercedes-Benz,A 200,A 200 BlueEfficiency (176.043),,17900,Fairer Preis,88000,,07/2016,Benzin,156,,
Volkswagen,Golf,VII Lim. Trendline BMT,,12800,Fairer Preis,91000,,03/2018,Benzin,110,,
Volkswagen,Polo,2.0 TSI R WRC - Leistungsgesteigert,,16950,Ohne Bewertung,125100,,11/2013,Benzin,310,,
Volkswagen,Golf,VI Match BlueMotion/BMT,,9850,Ohne Bewertung,82000,,05/2012,Benzin,105,,
Volkswagen,Polo,1.2 TSI DSG LOUNGE LED KLIMAAUTO TEMPO PDC,,12950,Guter Preis,93174,,03/2015,Benzin,110,,
Volkswagen,Polo,1.2 TSI 66kW DSG R-line ,,13000,Fairer Preis,93000,,04/2015,Benzin,90,,
Volkswagen,Polo,V GTI SHZ Navi SHZ PDC Xenon,,12990,Ohne Bewertung,84000,,12/2013,Benzin,179,,
Volkswagen,Polo,1.2 TSI DSG Lounge NAVI+KLIMA+SHZ+GRA,,12890,Ohne Bewertung,96469,,03/2015,Benzin,90,,
Audi,S1,2.0 TFSI quattro Sportback  AUS 1.HAND NAVI,,22990,Ohne Bewertung,99980,,11/2016,Benzin,231,,
Renault,Clio,R.S. TROPHY TCe 220 EDC,,19730,Fairer Preis,53598,,05/2018,Benzin,220,,
Audi,S1,2.0 TFSI quattro *NAVI*XENON*PDC*SHZ*ALU*,,19390,Ohne Bewertung,105585,,03/2016,Benzin,231,,
Volkswagen,Golf,VII Lim. GTD BMT*Pano*Wlan*Kamera*Navi*,,20950,Fairer Preis,121000,,10/2017,Diesel,184,,
BMW,118,Baureihe 1 Lim. 5-trg. 118 i Edition M Sport,,20500,Fairer Preis,94900,,03/2018,Benzin,136,,
BMW,118,Baureihe 1 Lim. 5-trg. 118 i Sport Line,,14990,Fairer Preis,90000,,04/2015,Benzin,136,,
Volkswagen,Polo,GTI 2.0 TSI DSG  LED PDC LM Klima,,18240,Guter Preis,88325,,10/2019,Benzin,200,,
Mercedes-Benz,A 180,A -Klasse AMG Line Unfallfrei Xenon,,16990,Fairer Preis,119924,,06/2015,Benzin,122,,
Volkswagen,Golf,7 GTI Performance TSI Navi18KeylessLED AHK,,21300,Sehr guter Preis,67999,,07/2019,Benzin,245,,
Mercedes-Benz,A 200,CDI BlueEfficiency/Panorama/Kamera/BiXenon,,14990,Ohne Bewertung,84000,,08/2013,Diesel,136,,
Volkswagen,Golf,VI Match+1 Garantie,,9499,Ohne Bewertung,83000,,05/2012,Benzin,105,,
Volkswagen,Polo,1.0 Comfortline Sitzheizung Klimaaut. PDC,,13950,Hoher Preis,76148,,11/2017,Benzin,75,,
BMW,118,i Advantage LED HarmanKardon Navi Sitzheizung,,17950,Erhöhter Preis,59898,,02/2017,Benzin,136,,
BMW,118,Lim. 5-trg. 118i Advantage KLIMA+PDC+LED+ISO,,13990,Fairer Preis,70250,,08/2016,Benzin,136,,
Volkswagen,Polo,1.8 TSI DSG GTI Led Navi Pano Dab 141 kW (1,,14990,Guter Preis,110551,,02/2016,Benzin,192,,
Audi,A3,Sportback 2.0TDI ambition quattro,,16400,Fairer Preis,98000,,01/2016,Diesel,150,,
Volkswagen,Polo,V Comfortline/DSG/SHZ/Temp./PDC,,12900,Ohne Bewertung,102000,,01/2014,Benzin,90,,
Volkswagen,Beetle,Lim. Design,,12990,Ohne Bewertung,98000,,10/2014,Benzin,105,,
Mercedes-Benz,A 180,A 180 BlueEfficiency (176.042),,16900,Fairer Preis,103500,,08/2016,Benzin,122,,
Volkswagen,Polo,Comfortline *1. HAND*8-FACH*TÜV BIS 07/2026,,9900,Guter Preis,83000,,04/2015,Benzin,90,,
Volkswagen,Polo,GTI BMT*Navi*Klima*PDC*SHZ*Tempom.*GARANTIE,,13900,Guter Preis,91000,,12/2015,Benzin,192,,
Audi,S1,2.0 TFSI quattro Scheckheft unfallfrei,,18499,Ohne Bewertung,106000,,06/2015,Benzin,231,,
Audi,S1,"Sportback 2.0 TFSI quattro Navi Xenon PDC 18""",,19900,Ohne Bewertung,75400,,03/2014,Benzin,231,,
Volkswagen,Polo,V1.2 TSI DSG Comfortline BMT,,11990,Ohne Bewertung,100000,,06/2014,Benzin,90,,
Volkswagen,Polo,1.0 TSI Lounge Automatik Navi LED ACC Klima,,13990,Fairer Preis,77183,,10/2015,Benzin,110,,
Volkswagen,Polo,VI Highline ACC/LED/Sitzheizung/1.Hand,,15650,Fairer Preis,68150,,02/2018,Benzin,116,,
Volkswagen,Golf,VII Lim. Sound Start-Stopp TÜV06/2026,,11900,Guter Preis,82000,,10/2017,Benzin,110,,
Mercedes-Benz,A 180,A -Klasse A180BlueEfficiency*AMG Paket*PDC,,18480,Fairer Preis,65000,,05/2015,Benzin,122,,
Volkswagen,Polo,V GTI BMT/Start-Stopp*LED*PDC*SHZ*KLIMA*ALU,,14990,Fairer Preis,75630,,06/2016,Benzin,192,,
Audi,S1,2.0 TFSI QUATTRO*Bi-XEN*AC-A*PDC*6-Gang*1.Hnd,,22900,Ohne Bewertung,85000,,02/2017,Benzin,231,,
Volkswagen,Golf,VII Lim. Trendline BMT,,8999,Guter Preis,81000,,10/2014,Benzin,86,,
Volkswagen,Polo,1.8 TSI DSG GTI - Performance ,,15600,Guter Preis,120650,,05/2016,Benzin,230,,
Audi,S1,2.0 TFSI quattro ABT Sportback *XENON*BOSE*,,19990,Ohne Bewertung,113500,,07/2015,Benzin,310,,
Mercedes-Benz,A 180,Score LED/AUDIO20/PARKPILOT/URBAN,,16390,Fairer Preis,82200,,02/2016,Benzin,122,,
Mercedes-Benz,A 160,Activity Edition*NAVI*SHZG*8-FACH*AUT.*PDC,,16995,Sehr guter Preis,83000,,02/2017,Benzin,102,,
BMW,116,Baureihe 1 Lim. 5-trg. 116 i,,12999,Ohne Bewertung,104132,,05/2014,Benzin,136,,
Volkswagen,Golf,VII Lim. Join Comfortline,,15990,Guter Preis,70750,,12/2018,Benzin,150,,
Opel,Adam,Jam,,10890,Ohne Bewertung,90298,,04/2015,Benzin,87,,
Mercedes-Benz,A 200,A -Klasse A 200 AMG Line,,22300,Fairer Preis,99000,,07/2018,Benzin,163,,
Audi,A1,40 TFSI Sportback S line *LED*ACC*Virtual*,,22490,Fairer Preis,93500,,03/2019,Benzin,200,,
Volkswagen,Polo,Highline 1.2 TSI DSG Navi Tempomat,,13930,Fairer Preis,90509,,04/2016,Benzin,110,,
Audi,A1,Sportback S-Line sport*PANO*LEDER*LED*,,18900,Fairer Preis,79580,,04/2015,Benzin,150,,
Volkswagen,Polo,COMFORTLINE KLIMAAUTOM SHZ TEL PDC 5TRG,,9480,Fairer Preis,80862,,08/2014,Benzin,75,,
Volkswagen,Golf,VII Lim. 1.6 TDI Comfortline Carplay,,15900,Fairer Preis,104000,,12/2017,Diesel,116,,
Volkswagen,Polo,V Comfortline*8xbereift*HU/AU+Service neu*,,8990,Fairer Preis,104980,,04/2013,Benzin,105,,
Mercedes-Benz,A 200,A -Klasse A 200 Score,,15999,Erhöhter Preis,132990,,04/2016,Benzin,156,,
Volkswagen,Polo,1.0 TSI Highline PDC SiHz DSG,,19440,Erhöhter Preis,84700,,03/2020,Benzin,116,,
Volkswagen,up!,1. Hand Sitzheizung Freisprecheinrichtung,,8999,Sehr guter Preis,100000,,11/2020,Benzin,65,,
Volkswagen,Golf Sportsvan,1.2 TSI 81kW DSG Trendline Tr...,,12600,Ohne Bewertung,110000,,03/2015,Benzin,110,,
Volkswagen,Polo,1.2 TSI BMT Automatik Klima Lederlenk. PDC ,,12950,Fairer Preis,89829,,05/2015,Benzin,90,,
Volkswagen,Golf,GOLF 5-DOORS 1.0 TSI 110HP APP-CONNECT ACC,,12339,Guter Preis,88330,,06/2018,Benzin,110,,
Volkswagen,Golf,VII Lim. Highline*BT*AHK*MFL*LED*,,12790,Fairer Preis,161500,,04/2017,Diesel,150,,
Mercedes-Benz,A 45 AMG,"A45 AMG 4-MATIC, MAGNO, SPORTUITLAAT, PERFECT ON",,27990,Fairer Preis,106479,,09/2017,Benzin,381,,
BMW,120,i Sport Line Automatik/5 TÜR/NAVI/PDC/SHZ,,15990,Guter Preis,69995,,07/2015,Benzin,177,,
Volkswagen,Polo,"V Lounge 1,2TSI DSG ACC NAV PDC",,13799,Ohne Bewertung,72592,,03/2015,Benzin,110,,
Volkswagen,Golf,VII Lim. Trendline/Klima/Tüv neu/gepflegt/,,8990,Fairer Preis,120000,,02/2013,Benzin,86,,
Volkswagen,Polo,V Allstar 1.2 TSI DSG PDC Sitzhzg,,12990,Fairer Preis,94337,,06/2016,Benzin,90,,
Audi,A1,"Sportback S-Line -Plus 1,4 TFSI S-tronic",,17790,Fairer Preis,108000,,04/2016,Benzin,150,,
Mercedes-Benz,A 180,BE Style Navi 1.Hand FINANZIERUNG,,13950,Ohne Bewertung,87837,,05/2013,Benzin,122,,
Volkswagen,Golf,VI  2.Hand / Scheckheft / Tüv / Klima,,4999,Sehr guter Preis,94000,,01/2013,Benzin,80,,
Audi,A1,Sportback 1.0 TFSI Navi Sitzheizung Bi-Xenon,,14490,Fairer Preis,84000,,02/2017,Benzin,95,,
Mercedes-Benz,A 180,A -Klasse AHK Schwenkbar,,12900,Ohne Bewertung,100242,,07/2014,Benzin,122,,
BMW,120,"i Lim 5.Türig Automatik / Sportline,Navi,LED",,20490,Fairer Preis,77820,,02/2018,Benzin,184,,
Volkswagen,Polo,V/SHZ/KLMA/RFK/PDC/PD/UVM..,,12999,Hoher Preis,107000,,03/2016,Benzin,90,,
Volkswagen,Polo,V Comfortline ° DSG ° Rückfahrkamera,,12490,Fairer Preis,95000,,03/2015,Benzin,90,,
Volkswagen,Golf,VII 1.2 TSI Lim. Lounge SUPER ZUSTAND,,13999,Guter Preis,39460,,09/2015,Benzin,110,,
Mercedes-Benz,A 250,A -Klasse A 250 4Matic Sport,,23800,Guter Preis,79620,,10/2017,Benzin,218,,
Audi,A1,1.8 TFSI S tronic sport Sportback sport,,17600,Fairer Preis,107000,,05/2016,Benzin,192,,
Volkswagen,Polo,V GTI 1.8 TSI Navi LED Klimaauto SHZ Kamera,,15488,Fairer Preis,79273,,11/2016,Benzin,192,,
BMW,325,325 d Luxury Line HEAD UP PANORAMA NAVI,,18490,Ohne Bewertung,160000,,10/2015,Diesel,218,,
Volkswagen,Golf Sportsvan,Golf 7 Sportsvan Allstar DSG Automatik Xenon Shz,,13297,Sehr guter Preis,91571,,02/2016,Benzin,125,,
Volkswagen,Polo,Cross Polo 1.2 TSI XENON,,12600,Fairer Preis,81000,,06/2015,Benzin,110,,
BMW,120,i 5-trg. M Sport LED Scheinwerfer PDC,,16990,Sehr guter Preis,79000,,11/2016,Benzin,184,,
Volkswagen,Polo,"V Lounge BMT/Start-Stopp, inkl. Garantie",,10980,Guter Preis,72751,,02/2016,Benzin,90,,
Volkswagen,Polo,V Original BMT Automatik*5 Türig*Navi*LED*,,12990,Sehr guter Preis,89000,,10/2015,Benzin,110,,
Volkswagen,Polo,"R-Line 1,0 TSI R-FAHRKAMERA+NAVI+ACC",,14980,Fairer Preis,83201,,03/2019,Benzin,95,,
Volkswagen,Golf,"VII Lim. R BMT 4Motion, Navi, SHz, Tempo,",,16390,Ohne Bewertung,161100,,04/2014,Benzin,300,,
Volkswagen,Polo,V beats DSG/KAMERA/ACC/SHZ/SPORTPAKET/LED,,13950,Fairer Preis,87600,,02/2017,Benzin,90,,
Volkswagen,Polo,VI Comfortline/Tempomat/Navi/SHZ,,12800,Guter Preis,112000,,02/2018,Benzin,95,,
BMW,125,d Sportline Navi PDC Xenon Service NEU 2025,,12999,Ohne Bewertung,103200,,12/2013,Diesel,218,,
Hyundai,i20,1.2i Klima Sitzheizung Bluetooth,,9990,Erhöhter Preis,122156,,09/2016,Benzin,75,,
Volkswagen,Polo,1.2 TSI DSG HIGHLINE 2x R-LINE XENON NAVI,,12450,Ohne Bewertung,113066,,08/2012,Benzin,90,,
Volkswagen,Polo,V GTI - SCHECKHEFT VW -,,15444,Fairer Preis,75500,,03/2017,Benzin,192,,
Volkswagen,Beetle,1.2 TSI Exclusive Series | panorama dach,,14595,Guter Preis,107271,,06/2017,Benzin,105,,
Audi,A1,Sportback 40 TFSI S-LINE LED+NAV+ACC+SHZ+PDC,,22490,Fairer Preis,93319,,06/2019,Benzin,200,,
Audi,S1,Sportback 2.0 TFSI quattro ABT *BI-XENON/PDC*,,18990,Ohne Bewertung,120000,,10/2015,Benzin,231,,
Mercedes-Benz,B 180,B180/Automatik/SHZ/MFL/lückenlos-Scheckheft/1.Hd,,14999,Fairer Preis,82400,,07/2016,Benzin,122,,
Audi,A1,Sportback 1.4 TFSI sport Sportback sport,,16990,Fairer Preis,93328,,08/2018,Benzin,125,,
Volkswagen,Polo,1.0 TSI DSG beats AHK-abnehmbar Navi Sounds,,15825,Erhöhter Preis,102450,,03/2018,Benzin,95,,
Audi,A1,Sportback 35 TFSI S tronic advanced  PDC LM T,,19495,Fairer Preis,92138,,03/2019,Benzin,150,,
Volkswagen,Polo,1.0 TSI Beats Klima Sitzheizung Limiter,,16950,Erhöhter Preis,63429,,07/2018,Benzin,95,,
Mercedes-Benz,A 180,A -Klasse A 180 BlueEfficiency,,14500,Erhöhter Preis,98300,,02/2016,Benzin,122,,
BMW,118,i Sport Line Autom. LED Navi Sitzheizung PDC,,19950,Fairer Preis,64949,,11/2018,Benzin,136,,
Volkswagen,Polo,2.0 TSI DSG GTI,,17900,Fairer Preis,80313,,07/2018,Benzin,200,,
Volkswagen,Polo,VI*Highline*SHZ*KLIMAAUT*PDC,,16500,Fairer Preis,34175,,12/2018,Benzin,95,,
Volkswagen,Polo,1.0 TSI Highline DSG Assistenzpaket SHZ Spo,,15850,Fairer Preis,85232,,02/2018,Benzin,116,,
Volkswagen,Polo,Highline R-Line Black Style 1.0 TSI DSG LED,,17830,Fairer Preis,93500,,05/2020,Benzin,116,,
Volkswagen,Polo,1.2 TSI BMT Highline,,14950,Ohne Bewertung,78918,,12/2016,Benzin,90,,
Mercedes-Benz,A 250,/SERVICE NEU/GARANTIE TÜV NEU,,21450,Ohne Bewertung,91487,,07/2018,Benzin,224,,
Volkswagen,Polo,V GTI|DSG|Navi|Klimaaut.|,,10900,Ohne Bewertung,103000,,11/2013,Benzin,179,,
Audi,A1,1.0 TFSI Sportback S-Line *Navi*SHZ*PDC*,,12800,Guter Preis,98000,,11/2016,Benzin,95,,
Volkswagen,Polo,V CrossPolo BMT/Start-Stopp,,12650,Fairer Preis,86000,,10/2015,Benzin,90,,
Volkswagen,Polo,Lounge 1.2 TSI DSG AHK PDC KLIMA Klima,,14449,Fairer Preis,73950,,02/2016,Benzin,90,,
Volkswagen,Polo,V 1.2 TSI DSG Highline 1.Hand,,11750,Ohne Bewertung,79000,,04/2013,Benzin,105,,
Mercedes-Benz,A 200,Urban,,17990,Fairer Preis,110000,,08/2017,Benzin,156,,
Audi,A1,1.0 TFSI ultra Xenon SHZ,,13490,Fairer Preis,97302,,05/2017,Benzin,95,,
Volkswagen,Polo,"VI 2,0 GTI DSG digital Cockpit LED Navi",,19970,Fairer Preis,62622,,04/2019,Benzin,200,,
Volkswagen,Polo,V Lounge BMT/Start-Stopp Navi LED Pano,,14400,Sehr guter Preis,73200,,01/2016,Benzin,90,,
Mercedes-Benz,A 250,*AMG*TEMP*NAVI*PANO*PDC*SHZ*KLIMA*VOLLEDER*,,15990,Ohne Bewertung,123300,,10/2012,Benzin,211,,
Volkswagen,Polo,V CrossPolo#DSG#SHZ,,11990,Ohne Bewertung,75471,,11/2013,Benzin,90,,
Volkswagen,Polo,V Comfortline BMT/Start-Stopp/AUTOMATIK,,12290,Fairer Preis,106000,,07/2015,Benzin,90,,
Volkswagen,Polo,V CrossPolo 1.2 TSI DSG Leder/Klima 1.Hand,,12990,Guter Preis,112121,,10/2015,Benzin,90,,
Mercedes-Benz,A 180,A -Klasse A 180 AMG Edition,,17999,Sehr guter Preis,81935,,02/2018,Benzin,122,,
Audi,A1,S LINE 1HD PANO NAVI  SHZ KEYLES STARTSTO XENON,,17199,Fairer Preis,85350,,03/2016,Benzin,125,,
Audi,A1,1.8 TFSI S tronic Sportback |S-LINE PLUS|PANO,,16990,Guter Preis,107750,,01/2016,Benzin,192,,
Volkswagen,Polo,GTI PDC 18er Felgen Klima PDCv+h SHZ,,13990,Erhöhter Preis,121093,,04/2016,Benzin,192,,
Volkswagen,Polo,Cross 1.2 TSI BMT XENON+BLUET+PDC+8-FACH,,12480,Fairer Preis,97150,,03/2016,Benzin,110,,
Volkswagen,Polo,"V BlueGT 1.4TSI,Bi-Xenon,Leder,Schiebed,1HD",,10990,Ohne Bewertung,105000,,11/2014,Benzin,150,,
BMW,X2,Baureihe X2 sDrive 20 i Advantage,,19490,Fairer Preis,94000,,08/2018,Benzin,192,,
Volkswagen,Polo,V Highline Navi/BiXen/Isofix/Shz/AC/PDC/Alu,,9999,Ohne Bewertung,76291,,06/2011,Benzin,105,,
Volkswagen,Beetle,Lim. Sport*Fender Edition*LED*Leder*Navi*,,11990,Ohne Bewertung,110000,,01/2013,Benzin,160,,
BMW,116,1 Lim. 3-trg. 116 i+Automatik+Schiebedach+,,12250,Ohne Bewertung,98000,,01/2014,Benzin,136,,
Volkswagen,up!,Cross Up+2.Hand+SHZ+Klima+5 Türer+83.100KM,,8490,Fairer Preis,83100,,01/2015,Benzin,75,,
Audi,A1,1.0 TFSI ultra Sportback ALU SHZ PDC MMI,,11400,Guter Preis,93385,,11/2015,Benzin,95,,
Mercedes-Benz,A 180,BlueEfficiency,,13990,Ohne Bewertung,137093,,01/2014,Benzin,122,,
Volkswagen,Polo,"V mit 81KW(110PS)Sondermodell ""Lounge""",,11750,Guter Preis,80225,,05/2015,Benzin,110,,
Audi,A1,Sportback 35 TFSI LED Navi Sitzheizung PDC,,20950,Fairer Preis,79945,,04/2019,Benzin,150,,
Audi,A1,40 Sportback 2.0 TFSI S line LED Sitzheizung,,22990,Fairer Preis,89598,,09/2019,Benzin,200,,
Volkswagen,Polo,V Life BlueMotion Shz&PDC&Alu,,10500,Ohne Bewertung,98700,,03/2014,Benzin,105,,
Volkswagen,Polo,GTI AU*CARPLAY*SHZ*KLIMA*,,16990,Guter Preis,111000,,08/2018,Benzin,200,,
Audi,A3,1.2 TFSI Ambiente Sportback S line,,13400,Fairer Preis,91833,,12/2015,Benzin,110,,
Volkswagen,Polo,V Match/1HD+TZ/AUT/SHZ/5TRG/GJR/KLIMAAUT,,10890,Ohne Bewertung,85042,,03/2013,Benzin,86,,
Ford,Fiesta,FIESTA TITANIUM 1.25 KAT-ZAHNRIEMEN NEU|KLIMAuvm,,6890,Fairer Preis,104717,,09/2012,Benzin,82,,
Volkswagen,Polo,"V Match 1.2TSI 5-trg,Klimaanlage,Isofix,Alu",,7950,Fairer Preis,104258,,02/2013,Benzin,90,,
Volkswagen,Polo,1.0 *SITZHEIZUNG*KLIMA*INSPEKTION+TÜV NEU*,,9990,Fairer Preis,68000,,10/2014,Benzin,60,,
BMW,218 Active Tourer,Advantage 1.5 Automatik/Navi/P,,15990,Fairer Preis,91750,,02/2018,Benzin,136,,
Volkswagen,Polo,V Comfortline BMT/Start-Stopp/Tempomat/PDC,,8480,Guter Preis,80000,,09/2014,Benzin,90,,
Volkswagen,Golf,Comfortline BMT,,10900,Ohne Bewertung,133934,,07/2013,Benzin,122,,
Volkswagen,Polo,Allstar Automatik Klima PDC v+h SHZ Service,,13450,Fairer Preis,79604,,06/2016,Benzin,90,,
Volkswagen,Polo,V Blue GT BMT/Start-Stopp *,,13290,Sehr guter Preis,80000,,05/2016,Benzin,150,,
Volkswagen,Polo,VI 1.0 TSI beats*NAVI*LED*,,14290,Erhöhter Preis,92000,,01/2018,Benzin,95,,
Volkswagen,Polo,V Team Pano*Klima*SitzHz.*Tempo*1.Hand,,9890,Ohne Bewertung,77300,,03/2011,Benzin,86,,
Volkswagen,Polo,Blue GT 1.4 TSI DSG/Autom./Kamera/Pano./TÜV neu,,13700,Guter Preis,125000,,09/2015,Benzin,150,,
Volkswagen,Golf,VI Comfortline+PDC+Sitzheizung,,7690,Ohne Bewertung,106980,,06/2011,Benzin,86,,
Volkswagen,Polo,"V 1,2 TSI Automatk SHZ/LM/Panorama-Dach",,13990,Fairer Preis,80090,,06/2017,Benzin,90,,
Volkswagen,Polo,V Sound R-Line LED+NAVI KLIMAAUTO SHZ CAM,,12790,Fairer Preis,92889,,04/2017,Benzin,60,,
Volkswagen,Polo,V CrossPolo BMT/Start-Stopp,,12290,Fairer Preis,79850,,06/2015,Benzin,90,,
Volkswagen,Golf,"VI Comfortline, TÜV NEU ! Sitzheizung",,7890,Ohne Bewertung,84000,,01/2012,Benzin,105,,
Volkswagen,Golf,VIII 2.0 TDI / DSG / ACC / NAVI / Ambiente/,,19990,Sehr guter Preis,96735,,02/2020,Diesel,150,,
Volkswagen,Polo,V Match/SITZHEIZ/PDC/KLIMA/TEMPOMAT,,7990,Guter Preis,90048,,05/2012,Benzin,105,,
Volkswagen,Polo,"2.0 TSI DSG GTI ACC+LED+Navi+App+Kamera+18""",,18860,Guter Preis,76900,,08/2018,Benzin,200,,
Volkswagen,Polo,V 1.2 TSI BMT CrossPolo Navi Sound Xenon,,13980,Fairer Preis,68127,,03/2016,Benzin,90,,
Volkswagen,Golf,"VII Lim. Comfortline PDC,KLIMA,ACC",,17450,Fairer Preis,54000,,06/2018,Benzin,110,,
Audi,A1,Sportback 1.0 TFSI sport KLIMA/XENON/NAVI,,14989,Erhöhter Preis,88023,,02/2016,Benzin,95,,
Volkswagen,Polo,2.0 TSI GTI Navi LED Tempomat,,19990,Fairer Preis,63194,,08/2019,Benzin,200,,
Mercedes-Benz,A 200,PROGRESSIVE BURMESTER/WHITE/RFK/AMBIENTE/,,20991,Fairer Preis,88535,,10/2018,Benzin,163,,
Mercedes-Benz,A 250,4Matic*SPORT-STYLE*PANO*MEMORY*DYNAMIK*,,18900,Fairer Preis,133000,,05/2015,Benzin,211,,
Volkswagen,Golf,VII Lim. IQ.DRIVE Start-Stopp,,12900,Guter Preis,83000,,04/2019,Benzin,86,,
BMW,218 Active Tourer,218i Active Tourer Advantage Aut LED Navi SHZ,,16999,Fairer Preis,83000,,05/2018,Benzin,136,,
Audi,A3,ambition 2.Hd.  Xenon  HZ  Temp.Navi  SR+WR,,12340,Ohne Bewertung,86000,,03/2013,Benzin,122,,
Audi,A3,Sportback*Xenon-Plus*Sitzheizung* Dachreling,,16350,Guter Preis,60518,,06/2017,Benzin,116,,
Mercedes-Benz,B 200,B -Klasse B 200,,11900,Ohne Bewertung,107320,,12/2012,Benzin,156,,
Volkswagen,Polo,1.0 BMT Trendline Klima Touchscreen AUX,,12950,Ohne Bewertung,62775,,04/2017,Benzin,60,,
Volkswagen,up!,1.0 BMT club up!,,7990,Fairer Preis,106899,,03/2015,Benzin,60,,
Volkswagen,up!,UP GTI* BEATS SOUNDSYSTEM* GARANTIE* TEMPOMAT,,12700,Guter Preis,72242,,03/2018,Benzin,116,,
Volkswagen,Polo,2.0 TSI GTI DSG Navi ACC LED Totwinkel PDC,,21950,Fairer Preis,56706,,03/2019,Benzin,200,,
Volkswagen,Polo,VI GTI*1.Hand*18 Zoll*Scheckheftgepfl.*DAB*,,17980,Guter Preis,96000,,06/2019,Benzin,200,,
Volkswagen,Golf,*Aus 2-Hand*HU.AU.NEU*Finanzierung*,,7970,Ohne Bewertung,106000,,07/2011,Benzin,80,,
Volkswagen,Golf,VI 1.4 TSI Comfortline,,8490,Ohne Bewertung,88327,,05/2010,Benzin,122,,
Volkswagen,Polo,V Style/AUTOMATIK/SD/SHZ/5TÜRIG,,10899,Ohne Bewertung,103000,,12/2011,Benzin,105,,
Audi,A1,Sportback Ambition Klima/PDC/Multi/Shz/Isofix,,10999,Ohne Bewertung,78319,,06/2013,Benzin,122,,
Volkswagen,Polo,V GTI ...Navi/PDC/SHZ/BT...!!!,,12950,Fairer Preis,113500,,04/2016,Benzin,192,,
Opel,Corsa,D 1.4 150 Jahre Opel 2.Hand*Klima*Tempomat,,5950,Fairer Preis,93253,,09/2012,Benzin,87,,
Volkswagen,Polo,V GTI BMT/Klimaautomatik/SHZ/GARANTIE/EURO6,,13490,Guter Preis,91200,,05/2017,Benzin,192,,
Volkswagen,Polo,V Highline BMT/Start-Stopp,,10799,Ohne Bewertung,93400,,09/2014,Benzin,110,,
Mercedes-Benz,A 200,BlueEfficiency AMG Line,,15999,Ohne Bewertung,127763,,11/2012,Benzin,156,,
Audi,A1,S line Sportpaket Automatik+Navi+Xenon+T-Lede,,12490,Ohne Bewertung,114695,,04/2011,Benzin,185,,
Volkswagen,Beetle,1.2 TSI Design BMT*PANO*SHZ*TEMPO*KLIMA*,,13120,Guter Preis,72971,,06/2016,Benzin,105,,
Mercedes-Benz,A 180,"BE KLIMA ALU 17"" ALLWETTER  4xEL. FENSTER",,11999,Ohne Bewertung,99980,,05/2013,Benzin,122,,
Volkswagen,Polo,V Allstar *S-Heft*PDC*SHZ*Bluetooth*,,8980,Fairer Preis,80445,,04/2016,Benzin,60,,
BMW,116,"i 5-trg. / Automatik,Sitzheizung",,11900,Ohne Bewertung,85032,,02/2012,Benzin,136,,
Volkswagen,Polo,V CrossBMT S/S 1.2 TSI Klimaautom/SHZ/Temp/,,12990,Fairer Preis,77312,,11/2016,Benzin,110,,
Volkswagen,up!,"club up! PDC,Navi,Sitzheizung,Winterräder",,8300,Fairer Preis,86874,,01/2016,Benzin,75,,
Hyundai,i10,1.0 Passion Klimaaut. Sitzheizung PDC,,10990,Hoher Preis,57120,,08/2016,Benzin,67,,
BMW,120,i*M-SPORTPAKET*LED*ALCANTARA*125 TKM*,,16490,Fairer Preis,125000,,06/2016,Benzin,177,,
Volkswagen,Polo,V Highline DSG Klima/Navi/PDC/Tempomat/AHK,,12490,Guter Preis,78392,,12/2015,Benzin,110,,
Volkswagen,Polo,1.0 TSI DSG Highline LED+DIGDISPLAY+17ZOLL,,16449,Fairer Preis,108450,,05/2020,Benzin,116,,
Seat,Ibiza,Lim. i-Tech,,8650,Fairer Preis,103900,,06/2015,Benzin,105,,
Seat,Ibiza,Xcellence *TEMP*SHZ*PDC*NAVI*KAMERA*,,11990,Guter Preis,101552,,11/2019,Benzin,95,,
Volkswagen,Polo,2.0 DSG GTI Service NEU,,17450,Sehr guter Preis,71000,,06/2018,Benzin,200,,
Audi,A1,1.4 TFSI cod S tronic Ambition Sportback ...,,13500,Ohne Bewertung,109000,,04/2014,Benzin,140,,
Volkswagen,Polo,VI Highline,,12990,Guter Preis,105594,,04/2019,Benzin,95,,
Volkswagen,up!,1.0 Automatik 5-Türen 1.Hand Sitzheiz. Klima,,11700,Ohne Bewertung,55400,,06/2014,Benzin,75,,
Volkswagen,Polo,V 1.4 Life/KLIMA/SHZ/LMF/TÜV NEU,,9850,Fairer Preis,90486,,08/2013,Benzin,86,,
Volkswagen,Polo,TSI Start-Stopp Alu 17 Zoll Klima 5 trg,,10780,Guter Preis,95000,,03/2015,Benzin,114,,
Volkswagen,up!,1.0 BMT KLIMA+WINTER-PAKET+LICHT&SICHT-PAKET,,10900,Guter Preis,56272,,10/2021,Benzin,65,,
BMW,118,i Navi Tempomat PDC LED Sitzheizung Bluetooth,,16990,Guter Preis,71564,,06/2019,Benzin,136,,
Volkswagen,up!,1.0 Club&Lounge Klima Sitzheizung Einpark.,,7950,Erhöhter Preis,103760,,11/2015,Benzin,75,,
Mercedes-Benz,B 200,7G-DCT Urban 156PS Autm. Navi Parktronic,,18840,Fairer Preis,68269,,05/2017,Benzin,156,,
Mercedes-Benz,A 180,"Style BE | Businesspkt., me-connect",,15450,Guter Preis,68047,,06/2016,Benzin,122,,
Volkswagen,up!,1.0 BMT KLIMA+WINTER-PAKET+LICHT&SICHT-PAKET,,10900,Guter Preis,58053,,12/2021,Benzin,65,,
BMW,116,"i Limited Edition, Klima, Super Radio DAB",,6499,Ohne Bewertung,141500,,04/2011,Benzin,122,,
BMW,118,i M Sport*NAVI*LED*,,13990,Guter Preis,93000,,03/2017,Benzin,136,,
Volkswagen,Golf,VII Lim. Trendline BMT/Start-Stopp,,8950,Sehr guter Preis,103000,,12/2017,Benzin,86,,
Mercedes-Benz,A 250,BlueEFFICIENCY AMG Sport DCT AMG Sport,,19599,Ohne Bewertung,138102,,04/2014,Benzin,260,,
Volkswagen,Polo,V Comfortline,,10990,Ohne Bewertung,77500,,01/2015,Benzin,75,,
Volkswagen,Polo,1.0 TSI DSG Highline ACC PDC vorne hinten S,,16990,Fairer Preis,91600,,05/2019,Benzin,116,,
Volkswagen,Polo,V GTI*LED*DSG*Gewinde*Navi*Sport*Facelift*,,14499,Fairer Preis,128466,,08/2015,Benzin,192,,
Volkswagen,Polo,1.2 TSI Highline ALU/ KLIMA/ PDC/ SHZ,,10290,Sehr guter Preis,92400,,08/2015,Benzin,110,,
Audi,A1,1.4 TFSI Aut Ambition SB XENON/S-DACH/SHZ/PDC,,13990,Ohne Bewertung,89674,,12/2014,Benzin,122,,
Volkswagen,Polo,"1.0 Lounge Climatronic, Winterpaket",,9980,Fairer Preis,97065,,03/2015,Benzin,75,,
Volkswagen,Polo,"1.0 Comfortline Klima+SZH+Radio+PDC h,v +FB",,10490,Ohne Bewertung,97200,,11/2014,Benzin,60,,
Mercedes-Benz,A 220,DCT / Modell W177 kosmosschwarz metallic,,21900,Guter Preis,76000,,12/2018,Benzin,190,,
Volkswagen,Beetle,Lim. Remix,,10995,Ohne Bewertung,81000,,03/2014,Benzin,160,,
Volkswagen,Polo,1.2 TSI 81kW LOUNGE/6GANG/PANO/LED/SHZ/TEMP,,10900,Guter Preis,91545,,07/2015,Benzin,110,,
Audi,A1,Sportback 1.4 TFSI  design*NAVI*XENON*,,13990,Fairer Preis,83000,,07/2015,Benzin,125,,
Volkswagen,Polo,V Match DSG,,9900,Ohne Bewertung,101700,,10/2012,Benzin,90,,
Audi,A1,Sportback 1.0 TFSI Sport Xenon Sitzheizung,,17990,Fairer Preis,59042,,05/2017,Benzin,95,,
Audi,A1,1.2 TFSI Navigation Bi-Xenon Teil-Leder,,11990,Ohne Bewertung,69239,,11/2012,Benzin,86,,
MINI,ONE,*SALT*PDC*SHZ*NAVI*1.HAND,,12999,Fairer Preis,68595,,03/2017,Benzin,102,,
Audi,A1,Sportback 35 TFSI edition one S-Tronic B&O,,21675,Guter Preis,86000,,01/2020,Benzin,150,,
Volkswagen,Polo,V Highline *DSG*NAVI*Bi-XENON*SHZ*PDC*,,11785,Ohne Bewertung,117000,,10/2012,Benzin,90,,
Audi,A1,Sportback 1.4 TFSI Sport Bi-Xenon Navi PDC,,16950,Fairer Preis,55625,,05/2016,Benzin,125,,
Volkswagen,up!,cup up! TÜV NEU Garantie,,6950,Fairer Preis,96681,,06/2014,Benzin,75,,
Volkswagen,Polo,V Highline.Automatick,,10390,Ohne Bewertung,83500,,06/2012,Benzin,86,,
Volkswagen,Golf,VI Trendline/5 TÜRE/KLIMA AUTOMATIK/TÜV NEU,,6950,Guter Preis,95000,,12/2011,Benzin,80,,
Volkswagen,up!,1.0 TSI GTI Klima Sitzheizung Tempomat,,15990,Erhöhter Preis,59934,,09/2018,Benzin,116,,
Mercedes-Benz,A 200,BlueEfficiency Navi LED&XenoPanaroma Dach,,13480,Ohne Bewertung,121000,,10/2013,Benzin,156,,
BMW,218 Active Tourer,218i -,,14100,Fairer Preis,65110,,05/2015,Benzin,136,,
Volkswagen,Polo,V Match DSG/Klima/Shz/PDC/Standhzg/Temp/Iso,,11999,Ohne Bewertung,55202,,03/2012,Benzin,105,,
Volkswagen,Beetle,Lim. +Sitzheiz/Tempo/CD Radio+,,10780,Ohne Bewertung,76500,,11/2012,Benzin,105,,
Volkswagen,Polo,V Highline 2x R-Line,,13690,Fairer Preis,72512,,09/2016,Benzin,110,,
Volkswagen,up!,1.0 TSI  #GTI # Panorama #Sitzheizung,,14980,Fairer Preis,72445,,07/2019,Benzin,116,,
Volkswagen,Polo,DSG Highline BMT Tempo*SitzHz.*Pano*Zenec,,9990,Guter Preis,128600,,05/2015,Benzin,90,,
Volkswagen,Polo,1.2 TSI BMT Sound NAVI PDC SHZ ALU,,11680,Erhöhter Preis,98736,,03/2017,Benzin,90,,
Mercedes-Benz,GLA 180,GLA -18Zoll*Navi*,,21490,Fairer Preis,49400,,11/2017,Benzin,122,,
Volkswagen,Polo,*1.2TSI*Highline*AUTOMAT*SHZ*KLIMA*PDC*TOP,,11990,Ohne Bewertung,83000,,09/2010,Benzin,105,,
Volkswagen,Polo,1.2 TSI Comfortline BM Klima LED Navi Bluet,,14980,Erhöhter Preis,59701,,03/2016,Benzin,90,,
Volkswagen,Polo,V GTI BMT/DSG TOP ZUSTAND,,15499,Fairer Preis,69869,,06/2017,Benzin,192,,
Volkswagen,Polo,1.2 TSI CrossPolo BlueMotion Tech*NAVI*,,11780,Sehr guter Preis,85584,,01/2017,Benzin,90,,
Audi,A1,Sportback sport*S-line*Aluräder*Navigation*Na,,16990,Guter Preis,89954,,05/2017,Benzin,192,,
Volkswagen,Polo,1.0 TSI HIGHLINE APPLE/ANDROID SITZHZG.NAVI,,13700,Fairer Preis,89150,,04/2018,Benzin,95,,
Audi,A1,Sportback admired 1.4 TFSI GRA/PDC/Xenon,,15470,Fairer Preis,87600,,02/2017,Benzin,125,,
Volkswagen,Polo,V Comfortline *Klima*4xFach EL.Fensterheber,,7750,Ohne Bewertung,85896,,11/2011,Benzin,69,,
Skoda,Fabia,FABIA COOL PLUS 1.0TSI SITZ-HZ+EINPARKHILFEuvm,,13789,Erhöhter Preis,68715,,10/2019,Benzin,95,,
Volkswagen,Polo,2.0 TSI GTI DSG LED App Connect PDC USB,,19990,Fairer Preis,67550,,05/2020,Benzin,200,,
Audi,S3,Sportback 2.0 TFSI Quattro S tronic Pano LED,,28900,Fairer Preis,74563,,04/2016,Benzin,300,,
Volkswagen,Polo,1.2 TSI 66kW Original/LED/LEDER/SHZ/VOLL,,11600,Fairer Preis,80157,,11/2015,Benzin,90,,
Volkswagen,Polo,2.0 TSI OPF DSG GTI GTI,,18200,Fairer Preis,89198,,10/2019,Benzin,200,,
Mercedes-Benz,B 200,Urban-Style*LED*AHK*Automatik*Rückkamera*Navi*,,18900,Guter Preis,62100,,11/2016,Benzin,156,,
Audi,A1,Sportback 1.6 TDI S-TRONIC S-LINE AMBITION,,12900,Ohne Bewertung,97001,,01/2014,Diesel,90,,
Volkswagen,Polo,VI 1.0 TSI DSG Style*ACC*IQ.Light*Navi*SHZ*,,18980,Guter Preis,50000,,03/2022,Benzin,95,,
Volkswagen,Golf,VI Trendline 1.4 KLIMA PDC SHZ,,7490,Guter Preis,74390,,10/2012,Benzin,80,,
Volkswagen,Polo,V CrossPolo Urban White/Sitzhzg/Klima/Tempo,,9990,Ohne Bewertung,92000,,06/2013,Benzin,105,,
Volkswagen,Polo,V R-Line Lounge BMT/Start-Stop 1.2TSI*98t,,10200,Guter Preis,98250,,01/2016,Benzin,90,,
Volkswagen,Polo,CrossPolo DSG *XENON*PDC*SITZHZG*TEMP*GARANTIE*,,12990,Ohne Bewertung,63000,,07/2012,Benzin,105,,
Volkswagen,Polo,V GTI BMT/Start-Stopp/original 62000 km,,14900,Erhöhter Preis,62300,,02/2016,Benzin,192,,
Volkswagen,up!,1.0 GROOVE SPORT / KLIMA / LEDER / NAVI+,,7444,Fairer Preis,113000,,07/2014,Benzin,75,,
Volkswagen,up!,high up!*Automatik*Erst 89TKm*Pano*Beats*,,11999,Erhöhter Preis,89000,,12/2016,Benzin,75,,
Mercedes-Benz,200,,,21900,Fairer Preis,65000,,04/2018,Benzin,156,,
Volkswagen,Polo,VI *CARPLAY-NAVI*SITZHEIZUNG*AUTOMATIK,,15400,Guter Preis,79909,,03/2020,Benzin,95,,
Audi,A3,Sportback*SPORT-LINE*AUT*LED*84-TKM*,,17900,Sehr guter Preis,84400,,05/2018,Benzin,150,,
BMW,116,1 116i Urban Line 1.Hand PDC Navi ,,10800,Guter Preis,92913,,09/2015,Benzin,109,,
Volkswagen,up!,high up! NAVI LEDER PANORAMA PDC ALU SHZ,,9999,Ohne Bewertung,99987,,01/2013,Benzin,75,,
Mercedes-Benz,A 180,A -Klasse A 180 BlueEfficiency,,15990,Guter Preis,79278,,10/2017,Benzin,122,,
Audi,A1,1.4 TFSI Sportback Ambition 8-fach,,12990,Ohne Bewertung,100500,,09/2013,Benzin,122,,
Volkswagen,Polo,"V Lounge 1.Hand,Unfallfrei",,9990,Fairer Preis,86100,,07/2015,Benzin,75,,
BMW,440,440 i xDrive M Sport*LED*Headup*RFK*TOP Zust,,30900,Guter Preis,113500,,12/2017,Benzin,326,,
Volkswagen,Polo,1.6TDI  Highline / R-Line LED  NAVI AAC,,14990,Erhöhter Preis,112831,,04/2018,Diesel,95,,
Volkswagen,Polo,V Life,,9880,Fairer Preis,110585,,10/2014,Benzin,90,,
Lancia,Ypsilon,",Platinum,Automatik,Schiebedach,Kamera,lm",,7500,Guter Preis,64000,,09/2013,Benzin,86,,
Audi,A3,Sportback ambiente**Leder*S+W Räder*Tüv neu**,,16499,Ohne Bewertung,104544,,09/2014,Diesel,150,,
Volkswagen,Polo,1.2 TSI Match DSG Klima Sitzh. Teilleder,,11440,Ohne Bewertung,68500,,02/2013,Benzin,105,,
Volkswagen,Beetle,Lim. Design BMT Panoramadach,,9995,Ohne Bewertung,104000,,03/2013,Benzin,105,,
BMW,116,Baureihe 1 Lim. 5-trg. 116 i Urban,,12900,Ohne Bewertung,120000,,06/2012,Benzin,136,,
Volkswagen,Golf,VI Style BlueMotion/BMT,,7400,Ohne Bewertung,120500,,01/2012,Benzin,105,,
MINI,ONE,Mini 5-trg. One KLIMA ALU´S SERVO SHZ 1HD,,12990,Guter Preis,52700,,02/2015,Benzin,102,,
Volkswagen,Polo,1.2 TSI Lounge NAVI*PDC*ACC Neupreis 29.986,,11970,Sehr guter Preis,67000,,04/2015,Benzin,110,,
Mercedes-Benz,A 180,"CDI  BlueEfficiency Navi,Kamera,Bi-Xenon",,15990,Fairer Preis,102278,,06/2015,Diesel,109,,
Volkswagen,Polo,"V Cross 1,2 TSI BMT/Start-Stopp",,10990,Guter Preis,91425,,12/2016,Benzin,90,,
Volkswagen,Polo,1.2 TSI Allstar Klimaauto SHZ PDC Temp LM15,,11530,Fairer Preis,76500,,06/2016,Benzin,90,,
Audi,A1,Sportback 1.4 TFSI*S LINE*2.HAND*GARANTIE*,,15490,Fairer Preis,113799,,11/2016,Benzin,125,,
Renault,Clio,IV 1.2 Navi Klima Tempomat Bluetooth,,12990,Erhöhter Preis,57337,,07/2018,Benzin,73,,
Audi,A1,Sportback 40 TFSI S-LINE LED+APP+ACC+SHZ+PLA,,19490,Guter Preis,121965,,04/2019,Benzin,200,,
Volkswagen,Polo,GTI DSG +Garantie+App-Connect+ACC+PDC+Sitzh,,17390,Fairer Preis,108556,,04/2019,Benzin,200,,
Volkswagen,Polo,1.4 Comfortline+DSG+1.HAND+CHECKHEFT+PDC+BC,,9990,Ohne Bewertung,132572,,01/2013,Benzin,86,,
Audi,A1,"Sportback S-Line*SHZ,PDC,Navi,Leder, 17""",,16999,Erhöhter Preis,125400,,06/2015,Benzin,150,,
Volkswagen,Polo,V Comfortline BMT Start-Stopp 1.2 Klimaauto,,9990,Fairer Preis,99000,,03/2015,Benzin,90,,
Audi,A1,Sportback ambition*Pano*4/5Tür*LED*Navi*,,12999,Ohne Bewertung,103000,,01/2013,Benzin,122,,
Volkswagen,Polo,VI Join,,12990,Fairer Preis,98800,,04/2018,Benzin,80,,
Audi,A1,Sportback 25 TFSI S-line/Virtual/PDC/Spur/Shz,,17499,Fairer Preis,99135,,11/2019,Benzin,95,,
Mercedes-Benz,A 200,163HP URBAN-/PROGRESSIVE P-WARM R-CAM,,19520,Guter Preis,89000,,04/2019,Benzin,163,,
Volkswagen,Polo,V Comfortline  R-Line  / AUTOM./SHZ/KLIMA,,10990,Ohne Bewertung,81171,,03/2011,Benzin,105,,
Volkswagen,Polo,V Comfortline R-Line *WENIG KM*AUTOMATIK*,,11999,Ohne Bewertung,67500,,12/2013,Benzin,90,,
Volkswagen,Polo,Cross 1.2 TSI  Einparkhilfe Klima Sitzhzg,,9490,Fairer Preis,128104,,07/2015,Benzin,90,,
Volkswagen,Polo,VI GTI 2.0 TSI LED Panorama Beats Virtual,,19990,Fairer Preis,78979,,12/2019,Benzin,200,,
Mercedes-Benz,A 200,A200 LED Navi Standheizung Tempomat PDC,,15490,Guter Preis,136583,,08/2017,Benzin,156,,
Volkswagen,up!,take up! Klima,,6999,Guter Preis,102000,,09/2015,Benzin,60,,
Audi,A1,Sportback 30 TFSI S line DSG LED PDC SHZ,,20400,Fairer Preis,88000,,11/2018,Benzin,116,,
Volkswagen,Polo,1.0 Lounge BMT*PDC*LED*TEMPO*KLIMA*ALU*,,9560,Guter Preis,86774,,05/2015,Benzin,75,,
Volkswagen,Polo,1.0 TSI 70kW Navi DAB Sitzheiz Klimaaut,,13900,Fairer Preis,93003,,05/2018,Benzin,95,,
Volkswagen,Polo,V TSI Match VW-Scheckheft KLIMA+SHZ PDC GSD,,9890,Ohne Bewertung,113412,,11/2012,Benzin,90,,
Volkswagen,Golf,VI Trendline 1.2 TSI KLIMA,,7490,Ohne Bewertung,79890,,05/2011,Benzin,86,,
Skoda,Fabia,FABIA FIRST  TSI DSG DIGITAL TACHO+PREMIUM-LED,,17889,Guter Preis,84555,,12/2021,Benzin,110,,
Volkswagen,Polo,V Life*Alu*PDC*SHZ*Tempomat*4-trg.*,,8890,Fairer Preis,93500,,03/2014,Benzin,69,,
Mercedes-Benz,B 180,*81TKM*,,11400,Ohne Bewertung,81220,,08/2013,Benzin,122,,
Volkswagen,Polo,"V 1,4i-16V""Comfortline""aus Rentnerhand 1A !",,8950,Fairer Preis,102993,,10/2013,Benzin,86,,
Volkswagen,Polo,V Trendline,,9480,Fairer Preis,63880,,07/2015,Benzin,60,,
Volkswagen,up!,cheer up! BMT KLIMA/TÜV NEU/75 PS/1HAND,,6900,Fairer Preis,112000,,09/2013,Benzin,75,,
Audi,A1,Sportback 35 TFSI S line *LED*NAVI*,,21950,Guter Preis,76830,,01/2020,Benzin,150,,
Audi,A1,Sportback S-tronic *SITZHZG*PDC*GARANTIE*,,12790,Ohne Bewertung,110000,,07/2012,Benzin,122,,
Audi,A1,Sportback *1.HAND*19%MwSt*BI-XENON*NAVI*APS*,,12499,Fairer Preis,105642,,12/2017,Benzin,95,,
Volkswagen,Polo,250 PS Polo GTI VOLLAUSSTATTUNG Viele Extras,,15999,Sehr guter Preis,110000,,04/2019,Benzin,250,,
Volkswagen,Polo,V Allstar BMT *NAVI*KLIMAA*SHZ*PDC*ALLWETT,,14490,Guter Preis,65000,,10/2016,Benzin,110,,
Volkswagen,Polo,V Highline BMT/Start-Stopp,,9500,Fairer Preis,97500,,07/2014,Benzin,90,,
Volkswagen,Polo,1.2 TSI (Blue Motion Technology) Comfortlin,,10890,Erhöhter Preis,89500,,06/2016,Benzin,90,,
Volkswagen,up!,1.0 club Navi Klima Tempomat SHZ PDC,,9980,Erhöhter Preis,96808,,05/2016,Benzin,75,,
Volkswagen,Polo,V Comfortline BMT + wenig Km,,8999,Guter Preis,92000,,11/2014,Benzin,90,,
Volkswagen,Golf Plus,VI Life,,9290,Fairer Preis,110000,,11/2013,Benzin,105,,
Audi,A1,"S line Edition 8-fach,Sitzh",,12850,Ohne Bewertung,112000,,02/2015,Benzin,122,,
Volkswagen,Polo,V Trendline *KLIMA*MEDIA*,,6750,Guter Preis,108046,,12/2014,Benzin,60,,
Volkswagen,Polo,1.2 TSI Comfortline GRA KLIMA PDC,,11490,Fairer Preis,82741,,03/2017,Benzin,90,,
Volkswagen,Polo,1.0 TSI DSG Highline,,17990,Erhöhter Preis,68500,,08/2018,Benzin,95,,
Volkswagen,Polo,1.0 TSI OPF beats R-Line PDC Navi Allwetter,,15490,Guter Preis,61246,,02/2019,Benzin,116,,
Volkswagen,Polo,V Cross Polo  BMT/Start-Stopp,,13990,Ohne Bewertung,56220,,03/2015,Benzin,110,,
Volkswagen,Polo,TSI JOIN NAVI LED,,14700,Guter Preis,87000,,01/2019,Benzin,116,,
Volkswagen,up!,high up! ZV AUTOMATIK Klima Tempo PDC,,8899,Ohne Bewertung,99000,,12/2012,Benzin,75,,
Seat,Mii,MII I-TECH 1. HAND+NAVI+SITZHEIZUNG,,7489,Fairer Preis,63038,,12/2014,Benzin,60,,
Renault,Clio,0.9 TCE Energy Klima Navi Tempomat,,9666,Sehr guter Preis,80200,,12/2018,Benzin,90,,
Audi,A1,1.2 TFSI S LINE PANO XENON LM17 SITZHZ,,11680,Ohne Bewertung,91670,,01/2014,Benzin,86,,
Volkswagen,Polo,Cross Polo 1.2 TSI°PDC°Klima°Tempomat°Shzg,,8970,Fairer Preis,96280,,01/2015,Benzin,90,,
Skoda,Fabia,FABIA DRIVE125 BEST OF 1.0TSI PANO+NAVI+VOLL-LED,,14866,Guter Preis,69410,,07/2020,Benzin,95,,
Volkswagen,Golf,VII Lim. Highline BMT,,10749,Ohne Bewertung,141022,,06/2013,Benzin,140,,
Audi,A3,S line Sportpaket ultra,,13900,Ohne Bewertung,123500,,01/2015,Benzin,150,,
Volkswagen,Polo,1.0 TSI Highline DSG !!! Navi+Kamera !!!,,16300,Guter Preis,88074,,04/2019,Benzin,116,,
Volkswagen,Polo,1.0 Allstar*PDC*SHZ*AHK*KLIMA*ALU*GARANTIE*,,10480,Fairer Preis,82998,,06/2016,Benzin,75,,
Volkswagen,Golf,IQ. Drive 1.0 TSI 85 kW (115 PS) 6 Gang,,14400,Fairer Preis,126745,,07/2019,Benzin,116,,
Volkswagen,up!,"move up! (Allwetterreifen, CD Radio)",,6490,Fairer Preis,99580,,04/2015,Benzin,60,,
Volkswagen,Polo,VI Highline,,13500,Guter Preis,87500,,03/2018,Benzin,95,,
Fiat,500C,"Lounge ""ELLENATOR"" Faltdach, Klima, Einpark",,19990,Ohne Bewertung,88290,,03/2016,Benzin,69,,
Volkswagen,Polo,"V R-Line Allstar BMT""TÜV""GARANTIE",,13399,Fairer Preis,50000,,07/2016,Benzin,90,,
Audi,A1,/Sportback/S-Line/Panorama/TÜV_SERVICE_NEU!,,14400,Guter Preis,102123,,01/2019,Benzin,95,,
Volkswagen,Polo,"1,0 TSI *Highline*Navi*LED*RüKam*Alu17""",,12450,Fairer Preis,129400,,01/2018,Benzin,95,,
Mercedes-Benz,GLA 200,d Activity Edition vin 499,,18900,Sehr guter Preis,89000,,04/2017,Diesel,136,,
Audi,A1,"1.4 TFSI Sportback S line MMI Navi Xenon 17""",,14999,Erhöhter Preis,118000,,07/2016,Benzin,125,,
Volkswagen,Polo,1.0 Trendline KLIMA BLUETOOTH ALUFELGEN,,8999,Erhöhter Preis,114350,,04/2017,Benzin,60,,
BMW,118,Baureihe 1 Lim. 5-trg. 118 i Advantage,,12900,Fairer Preis,111000,,12/2016,Benzin,136,,
Volkswagen,Polo,1.0 TSI HIGHLINE KLIMA+NAVI+AHK+ACC+DAB+SHZ,,16930,Fairer Preis,79031,,11/2020,Benzin,116,,
Audi,A3,30TFSI design Navi*Leder*Bi-Xenon*Alufelg*SHZ,,14950,Sehr guter Preis,92000,,12/2017,Benzin,116,,
Audi,A1,Sportback sport S Line Automatik,,17500,Fairer Preis,73151,,02/2017,Benzin,150,,
Volkswagen,Polo,VI *CARPLAY-NAVI*SITZHEIZUNG*AUTOMATIK,,15990,Guter Preis,71227,,03/2020,Benzin,95,,
Volkswagen,Polo,"V Highline BMT Start-Stopp 1.0 TSI,Navi,TOP",,10980,Guter Preis,78328,,08/2016,Benzin,110,,
Peugeot,208,ACTIV KLIMA+EINPARKHILFE+SITZHEIZUNG+TÜV+NEU,,9940,Fairer Preis,69400,,06/2018,Benzin,83,,
Mercedes-Benz,GLA 180,ALCANTARA/NAVI/KAMERA/TÜV 03-2027,,16990,Sehr guter Preis,95400,,05/2019,Benzin,122,,
Audi,A1,1.0 TFSI Ultra Sportback S-Line Audi Exclusiv,,15890,Hoher Preis,79800,,01/2017,Benzin,95,,
Volkswagen,Polo,VI beats 1.0 TSI LED/SHZ/Parklenkass/Sounds,,12490,Fairer Preis,79452,,10/2017,Benzin,95,,
Audi,A1,Sport Navi Scheckh Klimaaut Panod PDC Sound L,,18500,Guter Preis,65000,,06/2016,Benzin,192,,
Audi,A1,1.4 TDI design-Autom.-Klima-Alu-Xenon-LED-PDC,,14800,Fairer Preis,81500,,09/2016,Diesel,90,,
Volkswagen,Polo,VI *CARPLAY-NAVI*SITZHEIZUNG*AUTOMATIK,,15990,Guter Preis,70893,,03/2020,Benzin,95,,
Audi,A1,1.4 TFSI - S-Line,,11799,Ohne Bewertung,93200,,03/2015,Benzin,125,,
Mercedes-Benz,A 200,| BlueEfficiency | SHZ PDC ACC NAVI etc.,,11950,Ohne Bewertung,123200,,07/2014,Benzin,156,,
Volkswagen,Polo,1.2 Life Navi Tempo Lederlenkrad PDC SHG EU,,9250,Fairer Preis,89596,,10/2013,Benzin,60,,
BMW,120,i Edition M Sport Edition Shado Sportfahrwerk,,21500,Fairer Preis,72500,,02/2019,Benzin,184,,
Audi,A3,S line Sportpaket S Line,,12900,Ohne Bewertung,120000,,11/2012,Benzin,122,,
Volkswagen,Polo,Highline 110 PS,,13500,Guter Preis,68000,,05/2017,Benzin,110,,
Volkswagen,Beetle,Lim. Cup*WenigKM*2Hand*S-Heft*TüvNeu,,8999,Guter Preis,108867,,06/2014,Benzin,105,,
Audi,S1,2.0 TFSI quattro Aut. *BI-XENON*NAVI*PDC*,,20400,Ohne Bewertung,55052,,09/2015,Benzin,231,,
Mercedes-Benz,A 180,AMG AHK NIGHT APPLE CARPLAY,,25900,Hoher Preis,82247,,05/2019,Benzin,136,,
Audi,A3,Sportback 30 TFSI Leder Navi SHZ Sportlenkrad,,15399,Fairer Preis,106350,,01/2018,Benzin,116,,
Audi,A1,Sportback sport,,14880,Fairer Preis,57980,,09/2016,Benzin,95,,
Mercedes-Benz,A 200,d Style Urban/LED/ Navi/ Alu/ PDC,,14490,Guter Preis,93900,,12/2015,Diesel,136,,
Volkswagen,Polo,GTI*5-Türer*Automatik-DSG*Panorama*PDC*AHK,,13990,Ohne Bewertung,135642,,04/2013,Benzin,179,,
Volkswagen,Taigo,1.0 TSI DSG Style NAVI*PANO*IQ.DRIVE*TRAVE,,24385,Fairer Preis,30952,,02/2022,Benzin,110,,
Audi,A1,1.0 TFSI ultra Sport Sportback 2.HA/KLIMA/PDC,,14890,Erhöhter Preis,93204,,03/2017,Benzin,95,,
Audi,A1,Sportback basis-S-Line-S-tronic,,17500,Fairer Preis,69800,,05/2017,Benzin,125,,
BMW,M140i,5-Türer xDrive Special Edition Leder uvm s,,29940,Guter Preis,101985,,03/2019,Benzin,340,,
Audi,A3,Sportback 35 TFSI Basis STHZ*PDC*Abstand*Spur,,20100,Guter Preis,78272,,12/2018,Benzin,150,,
Volkswagen,Polo,2.0 TSI 200PS GTI|1.Hand|PDC|SHZ|Frsp|SR+WR,,18490,Fairer Preis,72000,,03/2019,Benzin,200,,
Volkswagen,Polo,V SITZHEIZUNG GANZJAHRES NAVI FREISPRECH,,9990,Fairer Preis,105142,,10/2015,Benzin,60,,
Audi,S1,2.0 TFSI quattro*NAVI*XENON*PDC*TEMPO*SHZ*ALU,,21880,Ohne Bewertung,72196,,06/2018,Benzin,231,,
Volkswagen,Polo,"V CrossPolo 1,2 BMT/Start-Stopp*Klimatronic",,9750,Guter Preis,104000,,07/2015,Benzin,90,,
BMW,116,"i Sport Line NAVI, LED, SITZHEIZUNG, PDC, BC",,15990,Fairer Preis,73075,,06/2018,Benzin,109,,
Audi,A3,Sportback attraction*SHZ/PDC/ALLWETTERREIFEN*,,12481,Sehr guter Preis,91000,,08/2016,Benzin,110,,
Volkswagen,Polo,1.2 TSI 81kW LOUNGE BMT*2.Hand*TÜV NEU*,,9100,Guter Preis,96000,,07/2014,Benzin,110,,
Volkswagen,Polo,1.2 TSI 81kW LOUNGE BMT*2.Hand*TÜV NEU*,,9100,Guter Preis,96000,,07/2014,Benzin,110,,
Volkswagen,Polo,1.0TSI Highline LED ACC,,16760,Erhöhter Preis,79770,,12/2020,Benzin,110,,
Volkswagen,Polo,GTI 2.0 TSI KLIMA PDC SHZ NAVI ACC AID LED,,19480,Fairer Preis,90965,,03/2020,Benzin,200,,
Volkswagen,Polo,GTI 2.0 TSI KLIMA PDC SHZ NAVI ACC AID LED,,19480,Fairer Preis,90965,,03/2020,Benzin,200,,
Volkswagen,Polo,1.6 TDI Trendline Klima Freisprechanlage Bl,,14990,Hoher Preis,81869,,11/2018,Diesel,80,,
Volkswagen,Polo,1.4 -,,10850,Ohne Bewertung,77543,,02/2011,Benzin,86,,
Volkswagen,Beetle,BEETLE TSI 1.2 Klima Sitzheizung Fenster el.,,10490,Guter Preis,104106,,06/2016,Benzin,105,,
Volkswagen,up!,high Pano+Sport Pack Black R+Tempomat+SHZ,,8900,Fairer Preis,93000,,07/2015,Benzin,75,,
Audi,A1,Sportback S-Line Automatik/Bi-Xenon/Navi/SHZ,,13950,Guter Preis,93300,,04/2017,Benzin,95,,
Mercedes-Benz,A 250,4Matic Panorama Automatik Standheizung,,25490,Guter Preis,116000,,03/2019,Benzin,224,,
BMW,118,i Edition*M-SPORTPAKET*BLACKLINE*NAVI*AUTOMA,,18900,Fairer Preis,82600,,06/2019,Benzin,136,,
Volkswagen,Polo,GTI '180PS'DSG' Xenon'PDC',,10990,Ohne Bewertung,126220,,02/2013,Benzin,179,,
MINI,Cooper S,COOPER_S Countryman Cooper S All4*Automatik*Pano,,17799,Fairer Preis,90637,,10/2015,Benzin,190,,
Volkswagen,Polo,"V Comfortline 1,2 TSI",,8990,Fairer Preis,98200,,04/2014,Benzin,90,,
Audi,S1,2.0 TFSI Quattro Sportback Schalensitze,,28450,Ohne Bewertung,82250,,12/2017,Benzin,231,,
Volkswagen,Polo,1.2 TSI DSG *Steuerkette neu*,,9950,Ohne Bewertung,98000,,08/2011,Benzin,105,,
Volkswagen,Polo,V TEAM/1.2 TSI/PDC/STZ HZ,,7990,Ohne Bewertung,92000,,05/2010,Benzin,105,,
Volkswagen,Polo,1.0 TSI Highline Black Style DSG+SHZ+MAL+RS,,17250,Fairer Preis,80254,,02/2021,Benzin,95,,
Volkswagen,up!,1.0 BMT 5-Türer mit Klimaanlage,,6490,Ohne Bewertung,111335,,09/2014,Benzin,60,,
Volkswagen,Polo,1.6 TDI Cross Polo SITZHZG+KLIMAAUTO+1.HAND,,12499,Ohne Bewertung,92781,,07/2013,Diesel,90,,
Volkswagen,Golf,VI Style,,6500,Guter Preis,110000,,09/2011,Benzin,105,,
Volkswagen,Polo,Life Sitzheizung Tempomat Tüv Neu,,8900,Fairer Preis,81500,,03/2014,Benzin,69,,
Volkswagen,Polo,V Trendline BMT/Start-Stopp,,7800,Fairer Preis,124000,,07/2014,Benzin,75,,
Volkswagen,Polo,1.2 TSI LIFE/VOLLSHEFT/NAVI/KLIMA/SHZ/PDC/,,8950,Fairer Preis,99200,,07/2013,Benzin,69,,
Mercedes-Benz,A 200,BlueEfficiency LED/Spurhalte/Navi/Ambiente,,16300,Guter Preis,132000,,06/2016,Benzin,156,,
Volkswagen,Polo,VI GTI*KAMERA*LED*ALARM*CAR-NET*KEYLESS*IPO,,17490,Sehr guter Preis,100756,,03/2020,Benzin,200,,
Volkswagen,Polo,GTI 2.0 TSI OPF DSG,,19000,Fairer Preis,80830,,03/2020,Benzin,200,,
Volkswagen,up!,move up! BMT  HU INSP NEU 59 PS Angebot,,7990,Ohne Bewertung,77500,,08/2016,Benzin,,,
Volkswagen,up!,up 55kw *Automatik*Navi*SHZ*Klima*Tempomat,,9100,Guter Preis,102700,,07/2014,Benzin,75,,
BMW,116,i Lim.Advantage+5.Türig+Klima+,,11250,Guter Preis,104000,,05/2016,Benzin,109,,
Volkswagen,Polo,V Highline BMT/Start-Stopp/NAVI/TÜV NEU,,11500,Fairer Preis,105000,,10/2017,Benzin,90,,
Volkswagen,Golf,"VII Lim. Highline BMT""TÜV""GARANTIE""",,8999,Guter Preis,150000,,10/2013,Benzin,122,,
Volkswagen,Polo,"V 1,2 r-line~DSG~5 türig~Navi~66KW~ZR neu",,12912,Sehr guter Preis,129365,,06/2016,Benzin,,,
Volkswagen,up!,1.0 ASG move up!  Klima,,10830,Fairer Preis,91236,,03/2019,Benzin,75,,
Audi,A1,"Sportback 1,4 I S-Line PDC/SHZ/LM",,14890,Fairer Preis,73374,,09/2016,Benzin,125,,
Volkswagen,Polo,V Sound BMT/Start-Stopp,,12800,Guter Preis,72500,,08/2017,Benzin,90,,
Volkswagen,Polo,1.0 Comfortline BMT V Start-Stopp,,10900,Ohne Bewertung,114885,,02/2016,Benzin,75,,
Audi,A1,Sportback Sline/1.4 TFSI/Tepomat/PDC/Navi/AHK,,16990,Fairer Preis,104390,,02/2018,Benzin,150,,
Volkswagen,Caddy,2.0TDI DSG/AHK/Standhz./Sitzhz/Tempom/Flüg,,16880,Fairer Preis,100000,,04/2018,Diesel,102,,
Volkswagen,Polo,2.Hd*PDC*NAVI*TÜV NEU,,14490,Fairer Preis,71280,,05/2018,Benzin,95,,
Audi,A1,Sportback basis ALU/NAVI/XENON/L.S-HEFT/1.H,,12490,Fairer Preis,87604,,04/2015,Benzin,95,,
Volkswagen,Polo,Life 8.fach Tempomat PDC Kurvenlicht Euro 5,,8490,Fairer Preis,90000,,10/2014,Benzin,60,,
Volkswagen,Polo,1.8 TSI DSG GTI /Vollausstattung/,,17200,Sehr guter Preis,49600,,07/2016,Benzin,192,,
Audi,A1,1.0TFSI 95PS Attraction Navi MFL PDC SHZ,,11249,Fairer Preis,120526,,06/2016,Benzin,95,,
Volkswagen,Polo,1.2 V Comfortline BMT/Start-Stopp,,9490,Guter Preis,98350,,06/2016,Benzin,90,,
Volkswagen,Polo,1.0 Allstar PDC.Sitzheizung.Climatronic.SHZ,,12490,Erhöhter Preis,69900,,03/2017,Benzin,75,,
Volkswagen,Golf,Comfortline,,10490,Ohne Bewertung,125000,,09/2014,Diesel,105,,
Volkswagen,Polo,V Life,,8950,Fairer Preis,89000,,11/2013,Benzin,90,,
Volkswagen,Polo,United 1.0 TSI LED Navi Kamera,,14830,Fairer Preis,97100,,11/2020,Benzin,95,,
Audi,S1,2.0 TFSI quattro /BOSE/LEDER/LED/Schalensitze,,15999,Ohne Bewertung,132700,,09/2014,Benzin,231,,
Volkswagen,Polo,NEUER TÜV Polo 1.2 TSI 66kW LOUNGE BMT ,,8999,Sehr guter Preis,89000,,10/2015,Benzin,90,,
Volkswagen,Polo,"V Silver Edition,1.HAND,KLIMA,ALU.KETTE NEU",,8800,Fairer Preis,98000,,08/2013,Benzin,90,,
Volkswagen,Polo,1.2TSI LIFE*PANORAMA*NAVI*Sitzhzg-SPORTSITZ,,8999,Fairer Preis,113700,,12/2013,Benzin,105,,
Volkswagen,Polo,VI 1.0TSI DSG Highline ACC+SITZHZ+APP-CONN+,,16899,Fairer Preis,63246,,01/2020,Benzin,95,,
Volkswagen,Polo,VI GTI*Automatik*Alu*Assistent*PDC*200PS*,,17780,Guter Preis,70803,,06/2019,Benzin,200,,
Volkswagen,Polo,1.2 TSI 66kW -,,9500,Fairer Preis,96000,,07/2016,Benzin,90,,
Volkswagen,Beetle,"Design 1,2 TSI  Navi,Klima,Pano,Temp,PDC",,11500,Ohne Bewertung,63000,,10/2012,Benzin,105,,
Volkswagen,Polo,1.0 TSI Highline*PDC*SHZ*KLIMA*LIMITER*NAVI,,12490,Fairer Preis,88033,,01/2018,Benzin,95,,
Audi,A1,Sportback 1.4 TFSI Ambition S-Line*Xenon*PDC*,,11949,Ohne Bewertung,86925,,01/2014,Benzin,122,,
Volkswagen,up!,1.0 move up! Klima*Cool&Sound*1.Hand*,,5690,Guter Preis,92331,,03/2014,Benzin,60,,
Volkswagen,Polo,V Life Xenon Sitzh. ALU HU/AU Service neu,,8990,Guter Preis,87301,,03/2014,Benzin,90,,
Volkswagen,Polo,1.2 Lounge BMT 1.HD Bluetooth SHZ TÜV neu,,11180,Guter Preis,71100,,08/2015,Benzin,90,,
Volkswagen,Polo,V Fresh BMT/Start-Stopp,,8999,Fairer Preis,93000,,12/2014,Benzin,75,,
Volkswagen,Polo,V Life,,8900,Fairer Preis,113000,,01/2014,Benzin,69,,
Volkswagen,Polo,1.0TSI HIGHLINE LED+NSW+APP+ACC+SHZ+PDC+RFK,,16930,Fairer Preis,76190,,12/2020,Benzin,110,,
Volkswagen,Polo,"POLO COMFORT 1,2i *90PS *INSP.+TÜV NEU *GARANTIE",,9490,Guter Preis,80000,,03/2014,Benzin,90,,
Volkswagen,Polo,1.0 TSI Highline DSG Navi ACC LED PDC,,19950,Erhöhter Preis,44129,,06/2018,Benzin,116,,
Volkswagen,up!,1.0 68PS Erdgas move up! eco Klima Navi,,8249,Guter Preis,69999,,02/2016,Benzin,68,,
Volkswagen,Polo,1.0 TSI 70kW Highline Highline*TÜV neu*,,13100,Fairer Preis,86100,,09/2018,Benzin,95,,
Volkswagen,Polo,V Style/S-DACH/SHZ/1HD+TZ/PDC/KLIMA,,8950,Fairer Preis,80000,,09/2014,Benzin,69,,
Volkswagen,Polo,VI GTI DSG LED Virtual Design-Paket Dach,,17990,Sehr guter Preis,76000,,11/2019,Benzin,200,,
Audi,A1,"Sportback 40TFSI DSG S-line LED,Navi,ACC,SHZ",,20999,Guter Preis,100000,,02/2019,Benzin,200,,
Volkswagen,Polo,GTI DSG/ACC/APPLE/ANDROID/NAVI/S-HEFT/F1,,17490,Guter Preis,75000,,05/2019,Benzin,200,,
BMW,118,i**TÜV 09/2026*Automatic*Garantie*8-fach*,,17480,Erhöhter Preis,57910,,07/2017,Benzin,136,,
Audi,A3,"Sportback 2.0  Ambition""TÜV""GARANTIE""",,18999,Ohne Bewertung,50000,,11/2014,Diesel,150,,
Volkswagen,Polo,Highline BMT/Start-Stopp,,11900,Guter Preis,74609,,11/2016,Benzin,110,,
BMW,135,,,27990,Ohne Bewertung,92000,,12/2019,Benzin,306,,
Volkswagen,Polo,1.0 TSI HIGHLINE KLIMA+SITZHEIZUNG+DAB+ALU,,15930,Erhöhter Preis,86535,,02/2021,Benzin,95,,
Audi,A1,"Sportback ambition , TÜV neu , 1 Hand",,11800,Ohne Bewertung,104400,,10/2013,Benzin,122,,
Volkswagen,Polo,1.2 TSI Highline PDC SHZ Klimaautomatik,,9999,Ohne Bewertung,90495,,05/2011,Benzin,105,,
Audi,A1,Sportback S-Line /Automatik/Xenon/PDC/ALU,,15890,Fairer Preis,77700,,04/2017,Benzin,95,,
Volkswagen,Polo,V Comfortline,,7650,Guter Preis,67500,,06/2013,Benzin,69,,
Volkswagen,Polo,V Life *86TKM*KLIMA*SITZH*PDC*5 TÜRIG*TEMP.,,8990,Fairer Preis,86000,,04/2014,Benzin,69,,
Audi,A3,SPORT SP.SITZE KLIMA NAVI SZH PDC 8-FACH,,14990,Sehr guter Preis,75500,,07/2017,Benzin,150,,
Volkswagen,Polo,POLO COMFORTLINE ALLWETTER TEMPOMAT PDC 1.HAND,,9490,Fairer Preis,80800,,10/2014,Benzin,60,,
Audi,A1,"1.4TFSI S-tronic S-line Navi,Bi-Xenon,SHZ,PDC",,12400,Ohne Bewertung,97000,,12/2011,Benzin,185,,
Audi,A1,Sportback admired S line,,11900,Ohne Bewertung,106400,,01/2014,Benzin,86,,
Audi,A1,1.4 TFSI ,,10950,Ohne Bewertung,92543,,04/2013,Benzin,122,,
Audi,A1,1.4 TFSI S tronic S line Sportback S line,,11899,Ohne Bewertung,78000,,03/2014,Benzin,122,,
Volkswagen,Polo,1.0 TSI R-LINE LED SHZ PDC ALU KLIMA,,13680,Fairer Preis,99000,,10/2018,Benzin,95,,
Volkswagen,Polo,V Highline Navi PDC SHZ Bluetoot 1. Hand,,10990,Guter Preis,100000,,04/2017,Benzin,110,,
BMW,116,i A/T ,,18501,Guter Preis,80855,,02/2021,Benzin,109,,
Volkswagen,up!,1.0 TSI GTI Beats DAB Sitzheizung Bluetooth,,16490,Fairer Preis,56051,,04/2019,Benzin,116,,
Volkswagen,Polo,V Highline/Klima/PDC/Panorama/TÜV NEU,,8200,Guter Preis,104500,,11/2013,Benzin,90,,
Volkswagen,Polo,VI2.0 TSI+Panorama+Navi+LED+PDCv+h+SHZ+Temp,,18900,Guter Preis,65800,,05/2019,Benzin,200,,
Volkswagen,Polo,V Lounge BMT/Start-Stopp+Navi+Klimaaut+LED,,8980,Guter Preis,124985,,08/2016,Benzin,90,,
Ford,Fiesta,ST 1.6 EcoBoost Performance Recaro Leder,,13990,Ohne Bewertung,75740,,05/2014,Benzin,182,,
Volkswagen,Polo,VI GTI Navi*LED*Kamera*PDC*LM Navi LED LM,,18980,Guter Preis,72070,,11/2019,Benzin,200,,
Volkswagen,Polo,VI GTI 2.0 TSI DSG LM LED 2xKlimaautomatik,,20061,Fairer Preis,65364,,11/2020,Benzin,200,,
Volkswagen,Polo,1.0 TSI Sitzheizung Parksensoren Bluetooth,,8980,Fairer Preis,86830,,09/2014,Benzin,75,,
Volkswagen,Polo,V Cross Polo Urban White *SHZ*KLIMA,,9490,Ohne Bewertung,73800,,01/2013,Benzin,90,,
Volkswagen,Polo,"1,2 TSI Highline AHK Navi Klima",,10480,Fairer Preis,113000,,03/2016,Benzin,90,,
Audi,A1,citycarver 35 TFSI S-Tronic VC App Kam LED SH,,21950,Guter Preis,76726,,06/2020,Benzin,150,,
Volkswagen,Polo,VI Highline R line**Navi*Virtual**,,14980,Guter Preis,68000,,06/2018,Benzin,116,,
Audi,A1,40 TFSI Aut.S Line Navi Virtual Display,,22800,Fairer Preis,82547,,05/2019,Benzin,200,,
Audi,A1,1.8 TFSI S-Line *Carbon/Sportabgas/Gewinde*,,19880,Hoher Preis,71288,,01/2018,Benzin,192,,
Audi,A1,S line 1.2 TFSI Exclusiv|KLIMA|LED|XENON|SHZ|,,11000,Ohne Bewertung,87000,,10/2013,Benzin,86,,
Volkswagen,up!,high 1.0 75 PS KLIMA NAVI PDC GRA,,8790,Ohne Bewertung,108600,,05/2012,Benzin,75,,
Mercedes-Benz,A 180,A -Klasse A 180 BlueEfficiency,,12500,Guter Preis,122500,,08/2015,Benzin,122,,
Volkswagen,Polo,V /TÜV NEU/SERVICE NEU,,8999,Fairer Preis,108000,,04/2013,Benzin,90,,
Volkswagen,Polo,V Comfortline BMT/Start-Stopp TÜV neu,,9700,Erhöhter Preis,102510,,03/2016,Benzin,90,,
Volkswagen,Polo,"V Original BMT/Start-Stopp LED-S,Navi,RFK,+",,14500,Guter Preis,57000,,03/2016,Benzin,110,,
Audi,A3,attraction,,13950,Fairer Preis,64887,,06/2015,Benzin,110,,
BMW,116,i M Sport,,18900,Fairer Preis,114398,,02/2021,Benzin,109,,
MINI,Cooper S,*John Cooper Works*PANORAMA*KAMERA*LED*,,15780,Ohne Bewertung,97000,,11/2014,Benzin,211,,
Volkswagen,Polo,"1,0 LOUNGE*SITZH*GRA*EPH*LM*BLUETOOTH",,9745,Guter Preis,102026,,04/2016,Benzin,75,,
Volkswagen,Polo,V Lounge BMT/Start-Stopp,,10800,Guter Preis,71500,,07/2015,Benzin,90,,
Volkswagen,Polo,CrossPolo 1.4 TDI BMT Navi AHK Klima Navi,,12950,Fairer Preis,94103,,08/2016,Diesel,105,,
Volkswagen,Polo,1.0 TSI DSG Comfortline Klima Limiter PDC,,17950,Fairer Preis,45434,,05/2018,Benzin,95,,
Audi,A1,"Sportback S Line T.Leder,Navi,Xenon,SH,PDC",,11900,Fairer Preis,127070,,05/2016,Benzin,95,,
Mercedes-Benz,A 250,Motorsport Edition|AMG-Line|Teilleder....,,19450,Fairer Preis,138500,,11/2016,Benzin,211,,
Volkswagen,Polo,VI GTI/AUTOMATIK/LED/CAR-PLAY/SHZ/8-FACH,,17490,Sehr guter Preis,109000,,03/2020,Benzin,200,,
Volkswagen,Polo,1.4 TSI ACT BlueGT*NAVI*PDC*TEMPO*SHZ*KLIMA,,12690,Sehr guter Preis,72095,,10/2017,Benzin,150,,
Audi,A1,Sportback 30 TFSI 2 x S line Teilleder Sitzh.,,21599,Fairer Preis,78984,,03/2019,Benzin,116,,
Volkswagen,Polo,V Allstar BMT/Start-Stopp,,10999,Fairer Preis,85600,,03/2017,Benzin,90,,
Volkswagen,Polo,1.0 TSI R-line Highline,,18880,Erhöhter Preis,67900,,12/2020,Benzin,95,,
Volkswagen,Polo,1.0 TSI Highline Navi Klima Tempomat,,14880,Erhöhter Preis,95000,,05/2019,Benzin,95,,
Audi,A1,Sportback 1.0 TFSI S-Line Ext. MMI-APS-2.Hand,,15890,Erhöhter Preis,68700,,06/2016,Benzin,95,,
Mercedes-Benz,A 180,A -Klasse |ALLWETTER|PDC|NAVI|SHZ|TEMPOMAT,,16950,Guter Preis,63000,,07/2017,Benzin,122,,
Volkswagen,Polo,1.0 TSI LED ACC App-Connect Sitzheizung PDC,,16990,Fairer Preis,60333,,12/2019,Benzin,116,,
Audi,A1,"Sportback 1,2 TFSI Ambition ",,11400,Ohne Bewertung,80555,,03/2014,Benzin,86,,
Volkswagen,Polo,V CrossPolo Urban White,,12399,Ohne Bewertung,85000,,03/2013,Diesel,90,,
Audi,A1,1.0 TFSI ultra S tronic sport sport 1 Hand,,13299,Sehr guter Preis,79999,,01/2016,Benzin,95,,
BMW,116,i Advantage*SHZ*Klima*Facelift*,,10490,Fairer Preis,80000,,04/2015,Benzin,109,,
Audi,A1,ambition 2.Hd. 5trg.   LED  SHZ  Allwetter  T,,10740,Ohne Bewertung,99500,,07/2014,Benzin,86,,
Volkswagen,up!,Up! Move Up! BMT SHZ TEMP BLUET KLIMAAUTO,,9880,Guter Preis,86891,,12/2016,Benzin,90,,
Volkswagen,Polo,1.0 Comfortline APP SHZ GRA KLIMA-AUTO PDC,,9980,Fairer Preis,76369,,05/2015,Benzin,75,,
Volkswagen,Polo,VI Highline Pano SHZ PDC Citys Notbrems GJR,,12480,Guter Preis,81193,,05/2018,Benzin,95,,
Volkswagen,Polo,"1.2 TSI , R-Line Paket, 1. Hand, BMT, 90 PS",,11500,Guter Preis,76000,,06/2017,Benzin,90,,
Volkswagen,Polo,V Comfortline BMT/Start-Stopp/I Hand/Klima,,9250,Fairer Preis,103000,,10/2015,Benzin,90,,
Volkswagen,up!,GTI Start-Stopp*KLIMA*SHZ*8-fach*Garantie*,,11500,Guter Preis,125000,,07/2018,Benzin,116,,
Volkswagen,Polo,V Life Tempo Klimaauto 5-trg Sitzhz Alus PD,,8350,Fairer Preis,82114,,07/2013,Benzin,69,,
Volkswagen,Polo,V Team DSG/SHZ/TEMPOMAT/1-HAND/**76.000KM**,,10990,Ohne Bewertung,76000,,03/2011,Benzin,105,,
Volkswagen,Polo,VI Style 1.0 TSI ParkAss. MATRIX SpurH LM,,19939,Erhöhter Preis,99011,,02/2022,Benzin,110,,
Volkswagen,up!,"cheer up! Navi Sitzheizung, Allwetterreifen",,7940,Fairer Preis,103439,,07/2013,Benzin,75,,
Volkswagen,Polo,1.0 TSI 95 PS Beats AHK/LED/NAVI/BEATS-SOUN,,16340,Erhöhter Preis,82617,,08/2019,Benzin,95,,
Audi,A1,30 TFSI citycarver DAB GRA VC LED Navi Sitzhe,,20950,Fairer Preis,77482,,07/2020,Benzin,116,,
Volkswagen,Polo,V 1.8 GTI BMT DSG|Pano|Navi|Kam|LED|Gewinde,,12890,Sehr guter Preis,124000,,02/2017,Benzin,192,,
Volkswagen,up!,cross up! SHZ GRA Navi CityNotBrems,,7780,Fairer Preis,94425,,12/2013,Benzin,75,,
Volkswagen,Polo,VI Highline R-LINE TSI NAVI SITZHEIZUNG,,16190,Fairer Preis,102313,,02/2020,Benzin,95,,
Audi,A1,40 TFSI S tronic Sportback S line,,23900,Fairer Preis,80431,,05/2019,Benzin,200,,
Volkswagen,Polo,V TEAM /1.2 TSI/AUTOMATIK/PDC/STZ HZ,,8990,Ohne Bewertung,123000,,08/2010,Benzin,105,,
Volkswagen,Polo,V CrossPolo TSI BMT KLIMA+SHZ PDC 1.Hand,,10980,Fairer Preis,119864,,10/2016,Benzin,90,,
Volkswagen,Polo,"1,2 V Allstar/1.Hd/SHZ/PDC/GSHD/Klima/EU6",,10988,Fairer Preis,98729,,07/2017,Benzin,90,,
Volkswagen,Polo,1.6 TDI DSG Life|1Hand!Tempo!PDC!SHZ!BC!Alu,,11999,Ohne Bewertung,104943,,09/2013,Diesel,90,,
Volkswagen,Golf,1.4 TSI 90kW Comfortline Variant (8 Reifen),,6900,Ohne Bewertung,90507,,11/2009,Benzin,122,,
Volkswagen,Polo,"1,2 TSI Comfortline BMT/Start-Stopp",,11400,Fairer Preis,88597,,09/2017,Benzin,90,,
Volkswagen,Polo,2.0 TSI OPF DSG GTI GTI,,18800,Sehr guter Preis,73000,,01/2020,Benzin,200,,
BMW,118,Baureihe 1 Lim. 5-trg. 118 i Advantage,,14300,Sehr guter Preis,62900,,07/2016,Benzin,136,,
Volkswagen,Polo,V Match*Teileder*KLIMA*99.000km*1Hand*,,8580,Ohne Bewertung,99890,,10/2012,Benzin,90,,
Audi,A1,1.4 TFSI S tronic Ambition Scubablau Metallic,,10790,Ohne Bewertung,104000,,09/2014,Benzin,140,,
Volkswagen,Caddy,"1,4-l- TGI Nfz Kasten Bott Trendline BMT",,10999,Sehr guter Preis,76000,,03/2017,Benzin,110,,
Volkswagen,Polo,V Comfortline*Tempomat*Klima*Scheckheft,,8899,Guter Preis,103800,,05/2015,Benzin,90,,
Volkswagen,Polo,V Life Tempomat Sitzheizung Super gepflegt!,,8398,Guter Preis,100000,,05/2013,Benzin,90,,
Audi,A1,"1,0 Sportback*AUTOMATIK*SHZ*PDC*ALU*2.HAND*",,12990,Guter Preis,104500,,07/2016,Benzin,95,,
Volkswagen,Polo,1.2 TSI 81kW Highline *KAMERA*NAVI*,,11500,Guter Preis,69500,,04/2016,Benzin,110,,
Audi,A1,"1.4 TFSI  DSG sport Sportback S-Line,Pan.dach",,19950,Fairer Preis,63200,,05/2017,Benzin,150,,
Volkswagen,Polo,1.2 TSI 66kW BMT SOUND SOUND,,10200,Guter Preis,95000,,07/2017,Benzin,90,,
Audi,A1,"Sportback sport 1,0 TFSI Scheckheft",,11990,Guter Preis,96000,,11/2015,Benzin,95,,
BMW,118,i,,12790,Guter Preis,72950,,12/2016,Benzin,136,,
Volkswagen,Polo,2.0 GTI DSG PANO LCD Sport Select Fahrwerk,,21400,Fairer Preis,62000,,07/2019,Benzin,200,,
Volkswagen,Polo,Trendline BMT/Start-Stopp,,8900,Fairer Preis,88456,,06/2015,Benzin,75,,
Audi,A1,40 TFSI S tronic Sportback ,,23600,Guter Preis,92000,,06/2019,Benzin,200,,
Volkswagen,Polo,VI IQ.DRIVE 1.0 TSI 115PS DSG*Navi*LED*,,17000,Guter Preis,78730,,09/2019,Benzin,116,,
Volkswagen,Polo,V Highline*NAVI*KAMERA*SITHZ.*TEMPOMAT*LED,,10490,Sehr guter Preis,77000,,05/2016,Benzin,90,,
Volkswagen,Polo,United 1.0 TSI | NAVI SITZHEIZG APP-CONNECT,,14430,Sehr guter Preis,78742,,08/2020,Benzin,116,,
Volkswagen,Polo,1.0 Comfortline*Pano*PDC*Klima*Garantie,,10290,Ohne Bewertung,66000,,11/2014,Benzin,60,,
Volkswagen,Polo,Comfortline*Scheckheft gepflegt*TÜV 09/2026,,8888,Fairer Preis,99840,,06/2016,Benzin,90,,
Volkswagen,Polo,V 1.2 TSI Lounge NAVI*LED*PDC*SZHG*BT*USB,,9900,Guter Preis,74155,,02/2016,Benzin,90,,
Volkswagen,Polo,VI 1.0 Comfortline mit LPG Mehrzonenklima D,,11900,Fairer Preis,93971,,03/2018,Benzin,75,,
Mercedes-Benz,A 160,A -Klasse - Service*TUV*1.Hand*,,12299,Ohne Bewertung,91160,,04/2014,Diesel,90,,
Volkswagen,Polo,VI Comfortline Sitzh KLIMA ALU,,12950,Erhöhter Preis,83100,,06/2018,Benzin,75,,
Volkswagen,Polo,1.0 44kW LOUNGE,,9490,Fairer Preis,78500,,05/2015,Benzin,60,,
Volkswagen,Polo,+Klima+Sitzheizung+ZV+EFH+BC+CD+5-Türig+2Hd,,8800,Fairer Preis,111000,,09/2013,Benzin,69,,
Audi,A1,-3 TÜRER-125PS-XENON-NAVI-SERVICE NEU-MÜNCHEN,,13750,Fairer Preis,103600,,03/2017,Benzin,125,,
Volkswagen,Polo,V Comfortline 1.2 BMT Klima LM Felgen,,9999,Fairer Preis,95100,,12/2016,Benzin,90,,
Volkswagen,Polo,V Comfortline.KLIMA.TEMPOMAT.85TKM.,,8555,Fairer Preis,85448,,04/2013,Benzin,90,,
Volkswagen,up!,beats SHZ*AUX*Bluetooth*LED*PDC,,10480,Fairer Preis,93000,,10/2017,Benzin,90,,
Audi,A1,Sportback sport,,18650,Fairer Preis,56500,,11/2015,Benzin,192,,
Volkswagen,up!,(BlueMotion Technology) high up!,,8990,Fairer Preis,68600,,03/2017,Benzin,75,,
Volkswagen,Polo,V 1.4 TRENDLINE KLIMA ZV 5 Trg,,8250,Fairer Preis,92650,,04/2013,Benzin,86,,
Volkswagen,Polo,V Cross BMT Klima 17Zoll Scheckheft,,9990,Fairer Preis,125000,,11/2014,Benzin,110,,
Audi,A1,40 TFSI S tronic S line Sportback S line,,22800,Guter Preis,83000,,08/2019,Benzin,200,,
MINI,Cooper,COOPER Mini Cooper (TÜV NEU-Klima-neue Bremsen),,6990,Guter Preis,96000,,03/2012,Benzin,122,,
Volkswagen,Polo,1.4 TSI ACT DSG BlueGT BlueGT,,15600,Guter Preis,52800,,01/2017,Benzin,150,,
Volkswagen,Polo,Cross 1.6TDI *Alcantara| Xenon| AHK*,,12950,Ohne Bewertung,94986,,05/2011,Diesel,90,,
Volkswagen,Golf,VI 86PS Comfortline KAMERA+EPH+SITZHEIZUNG+,,8340,Ohne Bewertung,126285,,11/2010,Benzin,86,,
Audi,A1,Sportback  2 mal S Line/ Xenon/Stronic/pano./,,15800,Sehr guter Preis,103000,,08/2018,Benzin,95,,
Volkswagen,Beetle,Lim. Design,,8850,Ohne Bewertung,110000,,11/2012,Benzin,105,,
Volkswagen,Polo,VI GTI Fahrzeug des Inhabers,,15980,Fairer Preis,115627,,05/2019,Benzin,200,,
Volkswagen,Polo,V Comfortline 1.0 SHZ Rückfahrkam. Temp PDC,,12990,Erhöhter Preis,67400,,04/2017,Benzin,75,,
Audi,A3,Sportback 35 TDI Vollleder Sport LED Virt. C.,,19990,Guter Preis,89990,,12/2019,Diesel,150,,
Volkswagen,Polo,V 1.4  Match+Tem+PDC+Sitzheizung+CD+Alu,,8900,Ohne Bewertung,81480,,11/2012,Benzin,86,,
Volkswagen,Polo,1.4 Automatik-1.Hand,,10990,Ohne Bewertung,88904,,02/2010,Benzin,86,,
Volkswagen,Polo,V Match+1.Hand+SHZ+Klimaautomatik+Tempomat,,11990,Ohne Bewertung,56600,,02/2013,Benzin,69,,
Volkswagen,Polo,V 1.2 TSI DSG Highline R Line Insp+TÜV NEU,,13480,Guter Preis,64370,,03/2017,Benzin,110,,
Audi,A1,1.0 TFSI *PDC*SHZ*KLIMA*ALU*,,12110,Fairer Preis,85576,,07/2016,Benzin,95,,
Volkswagen,Polo,V 1.4 Comfortline * 75 Tsd KM * AUTOMATIK *,,9890,Ohne Bewertung,75000,,03/2012,Benzin,86,,
Volkswagen,Polo,"VI 1.0TSI, IQ Drive POF",,16490,Erhöhter Preis,91200,,01/2020,Benzin,116,,
Audi,A3,Sportback 30 TDI XENON PDC AHK S-TRONIC,,19290,Guter Preis,80000,,07/2019,Diesel,116,,
Volkswagen,Polo,V Life PDC SHZ TEMPO KLIMA,,8450,Fairer Preis,85121,,08/2013,Benzin,69,,
Audi,A1,1.4 TFSI Attraction Sportback Attraction,,10900,Ohne Bewertung,87000,,06/2012,Benzin,122,,
Volkswagen,Polo,VI Highline Licht u.Sicht Climatronic Navi,,15360,Erhöhter Preis,78550,,04/2019,Benzin,95,,
Volkswagen,Polo,V Lounge BMT/Start-Stopp *NAVI*SHZ*LED*,,10900,Fairer Preis,121000,,03/2016,Benzin,110,,
Volkswagen,up!,1.0 club up! KLIMA SHZ NAVI ALU,,6950,Guter Preis,92495,,03/2017,Benzin,60,,
Volkswagen,Polo,1.0 TSI 95 PS Beats AHK/LED/NAVI/BEATS-SOUN,,15790,Erhöhter Preis,82617,,08/2019,Benzin,95,,
Audi,A1,Sportback S-Line SHZ TEMP PDC S-Tronic,,17999,Fairer Preis,71325,,12/2017,Benzin,95,,
Audi,A1,Sportback 40TFSI S-tronic S-line LED~VirtualC,,19980,Guter Preis,88290,,04/2019,Benzin,200,,
Audi,A1,Sportback attraction,,11499,Ohne Bewertung,83272,,03/2013,Benzin,86,,
Audi,A1,SB 40 TFSI S Line *BLACK*VIRTUAL*LED*ACC*,,21900,Guter Preis,100000,,07/2019,Benzin,200,,
Volkswagen,Polo,1.0 TSI Comfortline *PDC*SHZ*Bluetooth*,,12750,Guter Preis,83446,,06/2018,Benzin,95,,
Audi,A1,"Sportback 1,4 TFSI 18-Zoll ROTOR/NAVI/SHZ/PDC",,11790,Ohne Bewertung,113000,,03/2014,Benzin,122,,
Volkswagen,Polo,GTI 2.0 TSI DSG LED+Navi+Kamera+ACC,,17680,Guter Preis,80825,,05/2020,Benzin,200,,
Volkswagen,Polo,VI Comfortline,,12800,Erhöhter Preis,82800,,06/2018,Benzin,95,,
Audi,A1,Sportback  *KLIMA*SZHZ*NAVIGATION*TÜV-NEU*,,13499,Erhöhter Preis,105000,,03/2017,Diesel,90,,
Volkswagen,Golf,VI Trendline/1.Hand/Klimaautomatik,,6480,Ohne Bewertung,71000,,04/2009,Benzin,80,,
Audi,A1,Ambition  Navi  Xenon  Panorama  S-Line,,10500,Ohne Bewertung,104000,,01/2013,Benzin,122,,
Volkswagen,Polo,Comfortline 1.0 TSI 216€ ohne Anz. Navi*Kli,,13680,Fairer Preis,80669,,07/2020,Benzin,80,,
Volkswagen,Golf Sportsvan,1.2 TSI 81kW Comfortline BMT ...,,12490,Fairer Preis,63214,,05/2016,Benzin,110,,
Volkswagen,Polo,1.0 TSI Join-Plus LED/ACC/App-Connect/Shzg.,,14485,Guter Preis,59985,,05/2019,Benzin,95,,
Volkswagen,Polo,VI GTI DSG *,,16900,Guter Preis,124210,,10/2020,Benzin,200,,
Volkswagen,up!,high up! /Service Neu/Garantie,,7799,Fairer Preis,85234,,06/2013,Benzin,75,,
Volkswagen,Polo,VI 1.0 TSI Comfortline,,13790,Fairer Preis,83000,,04/2019,Benzin,95,,
Volkswagen,Polo,1.0 Trendline,,8470,Erhöhter Preis,100390,,04/2015,Benzin,60,,
Volkswagen,up!,1.0 55kW BlueMotion Technol- street up!,,8999,Fairer Preis,85411,,09/2015,Benzin,75,,
Volkswagen,Polo,1.0 Lounge *TEMPO*PDC*SHZ*KLIMA*ALU*,,10580,Fairer Preis,69452,,07/2015,Benzin,75,,
Ford,Fiesta,Ambiente  *Erst32tkm*Klima*PDC*,,10777,Ohne Bewertung,32848,,03/2013,Benzin,60,,
Volkswagen,Golf,6 Highline 7 Gang mit Dachfenster,,8599,Ohne Bewertung,106000,,01/2009,Benzin,160,,
Audi,A1,"Sportback Ultra, Klima, TÜV neu, Isofix",,12490,Fairer Preis,74595,,03/2018,Benzin,82,,
Audi,A1,1.0 TFSI Ultra*S-Line*XenonPlus*1.Hand*,,13990,Fairer Preis,102000,,12/2017,Benzin,95,,
BMW,116,Baureihe 1 Lim. 5-trg. 116 i Advantage,,14748,Fairer Preis,78995,,08/2018,Benzin,109,,
Volkswagen,Polo,1.2 TSI 66kW BMT Comfortline Comfortline,,8249,Fairer Preis,101000,,10/2014,Benzin,90,,
Audi,A1,Sportback 1.Hand Scheckheft +GARANTIE+,,11850,Guter Preis,114244,,09/2015,Benzin,125,,
BMW,118,i Metropolitan LED Navi Kamera Leder Tempomat,,18950,Fairer Preis,52025,,04/2019,Benzin,136,,
Volkswagen,up!,Cross Up! 1.0 Automatik 1.Hand/Navi/Alu´s,,12900,Ohne Bewertung,59100,,12/2015,Benzin,60,,
Audi,A1,Sportback Attraction 1.Hand* Scheckheft*,,8990,Guter Preis,120423,,02/2014,Benzin,86,,
Volkswagen,Beetle,1.4 TSI PDC / PANO / NAVI,,9490,Ohne Bewertung,117760,,10/2012,Benzin,160,,
Audi,A1,Sportback*TÜV&SERVICE NEU*GARANTIE,,10990,Ohne Bewertung,86980,,02/2012,Benzin,86,,
Volkswagen,Polo,V Comfortline BMT/Start-Stopp*SONDERLACK*,,8990,Guter Preis,80000,,02/2015,Benzin,90,,
Volkswagen,up!,move up! Navi Sitz Temp PDC Alu 8 fach,,8890,Fairer Preis,78500,,06/2014,Benzin,60,,
Volkswagen,Polo,1.0 59kW Comfortline,,11500,Sehr guter Preis,69000,,12/2018,Benzin,80,,
Volkswagen,Polo,1.2 TSI BMT Highline AHK,,11690,Fairer Preis,63750,,10/2015,Benzin,90,,
Volkswagen,Polo,1.2 TSI 66kW LOUNGE 8-fach bereift MONTANI,,12250,Erhöhter Preis,58040,,11/2015,Benzin,90,,
Volkswagen,Polo,V Lounge Klimaautomatik/ LED Xenon/EURO6,,8990,Guter Preis,95000,,03/2016,Benzin,60,,
Volkswagen,Polo,V Life Aus 1 Hand Tempomat*PDC*Sitzheizung*,,7999,Guter Preis,92800,,01/2014,Benzin,69,,
Ford,Fiesta,Sync Edition| 1Hand| Ford Scheckheft|,,5999,Ohne Bewertung,69999,,04/2014,Benzin,80,,
Volkswagen,Polo,/DSG/KLIMA/PDC/TEMPOM,,9590,Ohne Bewertung,91094,,06/2010,Benzin,86,,
Volkswagen,up!,move up!*Automatik*Erst 80Tkm*2Hand*TÜV NEU*,,8850,Ohne Bewertung,80000,,11/2012,Benzin,60,,
Volkswagen,Golf Plus,1.2/TÜV NEU/Scheckheft/Sitzheizung/Tem,,8750,Guter Preis,78943,,12/2013,Benzin,105,,
Volkswagen,Polo,VI Highline | Sitzh. | PDC | Klimaaut | HSA,,14790,Fairer Preis,68586,,06/2018,Benzin,95,,
Volkswagen,Polo,1.2 Allstar Comfortline Navi+Shzg+PDC+Tempo,,13990,Guter Preis,56840,,01/2017,Benzin,110,,
Audi,A1,1.4 TFSI S line S-tronic/Xenon/Navi/BOSE,,12790,Ohne Bewertung,115800,,12/2011,Benzin,185,,
Volkswagen,Polo,"VI Comfortline,KLIMA,GARANTIE,BLUETOOTH",,12790,Guter Preis,75890,,07/2018,Benzin,95,,
Volkswagen,Polo,VI Highline LED Kamera *PDC* ZH *Automatik*,,14500,Guter Preis,98900,,07/2019,Benzin,95,,
Volkswagen,Polo,V Lounge*2.HAND*KLIMA*NAVI*TEMPO*GARANTIE*,,10950,Guter Preis,62000,,05/2015,Benzin,90,,
BMW,M135,XDrive 306cv AéroKit,,29900,Guter Preis,99870,,11/2019,Benzin,306,,
Audi,A1,40 TFSI S tronic Sportback -,,21499,Fairer Preis,95000,,08/2019,Benzin,200,,
Audi,A1,Sportback 1.6 TDI S-tronic Navi PDC 1-Hand,,13999,Ohne Bewertung,89500,,09/2013,Diesel,90,,
Volkswagen,up!,"1.0 high up! Automatik, Standheizung",,12750,Ohne Bewertung,53000,,11/2014,Benzin,75,,
Volkswagen,Polo,"V Trendline, Klima, TÜV neu, Start/Stopp",,8990,Fairer Preis,73193,,11/2017,Benzin,60,,
Volkswagen,Polo,V Life,,7990,Sehr guter Preis,90600,,11/2013,Benzin,105,,
Volkswagen,Polo,V Comfortline BMT/Start-Stopp|SHZ|PDC|TEMPO,,7990,Guter Preis,130987,,10/2014,Benzin,90,,
Volkswagen,Polo,V CrossPolo+Bi-Xenon+Tempomat+LM 17 Zoll+++,,8990,Ohne Bewertung,85000,,11/2011,Benzin,105,,
Volkswagen,Polo,"VI 1,0 TSI Comfortline DSG*Navi*PDC*",,16490,Fairer Preis,85900,,01/2020,Benzin,95,,
Volkswagen,up!,* 1.0 * 60 PS * 2. Hand * Klima * Navi *,,5788,Guter Preis,109950,,03/2012,Benzin,60,,
Volkswagen,Polo,V Style DSG Sitzheizung 2-Hand Alu,,9999,Ohne Bewertung,123500,,12/2011,Benzin,86,,
Volkswagen,Polo,"1.2 TSI MATCH Sitzheizung, Alu8fach",,7850,Guter Preis,87158,,06/2012,Benzin,105,,
Audi,A1,sport*T-Leder*Led,,11490,Sehr guter Preis,95474,,11/2015,Benzin,125,,
Volkswagen,up!,1.0 55kW ASG move up! Navi+PDC,,8999,Fairer Preis,76622,,08/2014,Benzin,75,,
Volkswagen,Golf,VIII Lim. Life2.0 TDI*LED*PDC*Front*Virtual,,21374,Fairer Preis,65380,,02/2020,Diesel,150,,
Volkswagen,Golf,VII Lim. Highline BMT,,12500,Guter Preis,138000,,06/2015,Diesel,150,,
Volkswagen,up!,cup up!*KLIMA*NAVI*,,9490,Fairer Preis,69000,,01/2015,Benzin,75,,
BMW,120,d Automatik Urban Sport*NAVI*LED*APPLE*XENON,,14999,Ohne Bewertung,120000,,03/2012,Diesel,184,,
Volkswagen,Polo,1.4 TDI V Lounge*NAVI*PDC*SHZ*APPLECARPLAY,,11990,Guter Preis,93000,,10/2015,Diesel,105,,
Audi,A1,S line Sportpaket*Automatik*1.4*Display*185PS,,11999,Ohne Bewertung,113000,,05/2012,Benzin,185,,
Mercedes-Benz,B 220,B -Klasse B 220 CDI / d,,16900,Sehr guter Preis,77960,,08/2017,Diesel,177,,
Audi,A1,design Xenon Navi SHZ PDC Tempomat,,12490,Guter Preis,86528,,02/2017,Benzin,95,,
Volkswagen,Polo,Life,,7999,Guter Preis,89000,,03/2014,Benzin,69,,
Audi,A1,Attraction AHK/NAVI/PDC/SCHECKHEFT/8-FACH,,11990,Ohne Bewertung,70250,,02/2014,Benzin,122,,
Audi,A1,Sportback 35 TFSI B&O*LED*Int. S line*EPH,,21980,Guter Preis,91000,,04/2021,Benzin,150,,
Volkswagen,Polo,2.0 TSI OPF DSG GTI * PANORAMA * LED * TOP,,18900,Guter Preis,78000,,04/2020,Benzin,200,,
Volkswagen,up!,high up 75 PS + BMT,,7800,Fairer Preis,89850,,04/2012,Benzin,75,,
Peugeot,208,1.2 PureTech 110 Signature Android Apple PDC,,14990,Fairer Preis,48195,,04/2019,Benzin,110,,
Volkswagen,Polo,1.6 TDI  Comfortline,,14499,Fairer Preis,81899,,05/2019,Diesel,95,,
Volkswagen,Polo,V Allstar BMT/PDC/Klimauto./5Türig/LED,,9990,Ohne Bewertung,90823,,03/2017,Benzin,90,,
Volkswagen,Polo,1.2 TSI Life Klimaautomatik Tempomat Sitzhz,,7990,Guter Preis,60000,,10/2013,Benzin,90,,
Seat,Ibiza,IBIZA FR 1.0TSI DSG SCHECKHEFTGEPFLEGT+NAVIuvm,,13889,Fairer Preis,33404,,11/2015,Benzin,110,,
Suzuki,Swift,1.0 Boosterjet Comfort LED Navi ACC Kamera,,15490,Fairer Preis,44983,,01/2019,Benzin,111,,
Audi,A1,"Sportback 1,4 TFSI S-tronic ""Ambition""*",,15899,Ohne Bewertung,57800,,08/2014,Benzin,122,,
Audi,A3,attraction,,9990,Fairer Preis,110000,,04/2014,Benzin,105,,
Volkswagen,Polo,VI GTI* Digital*Navi*LED*ACC*,,18790,Fairer Preis,66700,,11/2019,Benzin,200,,
Volkswagen,Polo,"1,2 TSI Cross,Klima,Sitzheizung,PDC.1 Hand",,7999,Guter Preis,87600,,08/2013,Benzin,90,,
Volkswagen,up!,cheer up! Navi Klima Shz 1.Hand,,7990,Fairer Preis,78745,,12/2013,Benzin,75,,
Volkswagen,Golf,Plus VI Comfortline/NUR 53TKM/TÜV&INSP NEU,,8490,Ohne Bewertung,52990,,10/2009,Benzin,122,,
Volkswagen,Polo,"V Trendline, SH, 8fach bereift",,4800,Ohne Bewertung,100280,,09/2013,Benzin,60,,
Volkswagen,up!,cheer up!/Klimaanlage,,7980,Fairer Preis,60000,,07/2013,Benzin,60,,
Volkswagen,up!,1.0 *high up!*Leder+Navi+PanoD+GRA+PDC+Stzhz,,9902,Fairer Preis,66379,,03/2015,Benzin,75,,
Volkswagen,Polo,"V""Allstar""1,2 TSi PDC Klima Sitzheizung",,10950,Fairer Preis,77100,,03/2017,Benzin,90,,
Volkswagen,Polo,VI Comfortline/AUTOMATIK/KLIMA/70.000 KM,,14990,Guter Preis,70000,,02/2019,Benzin,95,,
Seat,Ibiza,"1.0 TSI S&S Style Klimatronic, Allwetter",,12990,Guter Preis,62655,,02/2020,Benzin,116,,
Volkswagen,Polo,Match-DSG-KLIMA+SITZHZG+TEMPOMAT+ PANO,,9990,Ohne Bewertung,140836,,08/2012,Benzin,90,,
Volkswagen,Polo,Life*PANORAMA*SITZHZG*SCHECKHEFT*4 ZYLINDER,,7950,Guter Preis,104199,,01/2014,Benzin,90,,
Audi,A1,Sportback 1.4 TFSI S-tronic S line BiXen/Navi,,12990,Ohne Bewertung,69990,,10/2012,Benzin,122,,
Volkswagen,up!,join up! PDC+SHZ+Klima+Tempomat+1.Hand,,8999,Erhöhter Preis,109000,,08/2018,Benzin,75,,
Volkswagen,Polo,V Highline BMT/Start-Stopp,,10500,Fairer Preis,109669,,04/2017,Benzin,90,,
Volkswagen,Polo,V Comfortline BMT/Start-Stopp,,7900,Guter Preis,102000,,05/2014,Benzin,90,,
Seat,Ibiza,SC Reference,,8000,Fairer Preis,85200,,05/2017,Benzin,75,,
Volkswagen,Polo,6R 1.4 AUTOMATIK Klimatro 74Tkm Sitzhzg ESP,,10500,Ohne Bewertung,74000,,03/2011,Benzin,86,,
Audi,A1,1.4 TFSI  S Line Sport Navi Xenon Klima,,13300,Sehr guter Preis,75600,,05/2016,Benzin,125,,
Volkswagen,Polo,VI 1.0 **Klima*Bluetooth*Tempomat**,,12495,Fairer Preis,79000,,09/2018,Benzin,65,,
Volkswagen,up!,cross up! NAVI+PDC+SHZ+ALL-WET+SHFT+GARANTIE,,7800,Guter Preis,96000,,06/2014,Benzin,75,,
Volkswagen,Polo,VI Highline,,14950,Fairer Preis,74007,,10/2020,Benzin,95,,
Audi,A1,Sportback 1.6 TDI PDC Bi-Xenon Navi Klimaaut.,,14990,Erhöhter Preis,127913,,02/2016,Diesel,116,,
Audi,A1,"1,4 TSI Sportback design * XENON * NAVI",,15590,Erhöhter Preis,127053,,07/2016,Benzin,125,,
Ford,Fiesta,ST 1.5 EcoBoost Performance LED Navi B&O,,17990,Erhöhter Preis,86729,,08/2018,Benzin,200,,
Volkswagen,up!,groove up! SHZ+FENDER+PDC+NAVI+ALLWETTER+AC+,,8990,Fairer Preis,74590,,02/2014,Benzin,75,,
Volkswagen,Polo,V Trendline,,7800,Fairer Preis,99520,,05/2014,Benzin,60,,
Volkswagen,Polo,VI beats,,14390,Fairer Preis,69800,,07/2018,Benzin,95,,
BMW,116,i Advantage*Sport*Navi*PDC*Sitzheizung*TüvNeu,,10690,Sehr guter Preis,110000,,09/2016,Benzin,109,,
Mercedes-Benz,A 180,d BlueEfficiency AMG/Edition/Night/Pano,,18900,Guter Preis,103800,,05/2018,Diesel,109,,
Volkswagen,Polo,1.2 TSI 77kW BMT Highline Highline Blue...,,10500,Ohne Bewertung,61300,,02/2013,Benzin,105,,
Volkswagen,up!,Cross UP! 75PS NAVI/TÜV NEU/SITZHEIZUNG/TEMP,,7990,Guter Preis,78000,,01/2014,Benzin,75,,
Volkswagen,Golf Plus,1.2 /TÜV NEU/1. Hand/Scheckheft/8-fach,,8000,Fairer Preis,106600,,10/2013,Benzin,86,,
Audi,A1,1.4 TFSI S TRONIC+PDC+SITZHEIZUNG+NAVI PLUS+,,14571,Fairer Preis,63000,,02/2016,Benzin,125,,
Volkswagen,Polo,"1.0 Trendline  KLIMA, APP CONNECT, TEMPOMAT",,12800,Guter Preis,94370,,09/2020,Benzin,80,,
Volkswagen,Polo,1.0TSI United Navi Kamera,,16260,Fairer Preis,71770,,01/2021,Benzin,95,,
Audi,A1,Sportback ambition |SHZ|KLIMAAUTO|76TKM|,,10990,Ohne Bewertung,76000,,01/2014,Benzin,86,,
Volkswagen,Polo,GTI VI 2.0 TSI DSG NAVI LM18 SHZ PDC,,17849,Guter Preis,90994,,11/2020,Benzin,200,,
Volkswagen,up!,1.0 Klima Freisprechanlage,,7990,Fairer Preis,99876,,04/2018,Benzin,60,,
Volkswagen,Polo,V Trendline *1.Hand*Klimaanlage*,,7900,Guter Preis,88000,,04/2014,Benzin,75,,
Volkswagen,Polo,V Lounge 1.0 *LED/Sitzheizung/PDC/Klimaauto,,10990,Guter Preis,64950,,08/2015,Benzin,75,,
Audi,A1,Sportback SPORT 125PS SHZ TEL PDC DriveSelect,,14490,Fairer Preis,77302,,05/2017,Benzin,125,,
Mercedes-Benz,A 220,Mercedes A 220 d/KAMERA/KEYLESS/PANORAMA/V,,21500,Sehr guter Preis,56500,,02/2016,Diesel,190,,
BMW,118,d Lim. 5-trg. M Sport*,,13900,Ohne Bewertung,73000,,04/2013,Diesel,143,,
Audi,A3,attraction,,10950,Ohne Bewertung,118996,,10/2014,Benzin,122,,
Volkswagen,Polo,2.0 TSI  DSG GTI  Top gepflegt / ausgestatt,,18000,Ohne Bewertung,70000,,01/2020,Benzin,200,,
Volkswagen,Polo,1.2 TSI Comfortline BMT*PDC*SHZ*PANO*KLIMA*,,9540,Guter Preis,106233,,10/2016,Benzin,90,,
Audi,A1,Sportback 30 TFSI Advanced LED/NAVI/VIRTUAL-C,,18459,Fairer Preis,89355,,04/2019,Benzin,116,,
Volkswagen,Polo,VI *CARPLAY-NAVI*SITZHEIZUNG*AUTOMATIK,,16490,Guter Preis,65778,,09/2020,Benzin,95,,
Volkswagen,Polo,V CrossPolo 1.2 TSI 105Ps Klimaa-2Hd TüvNeu,,9990,Fairer Preis,125354,,07/2013,Benzin,105,,
Volkswagen,Polo,V Highline,,10900,Ohne Bewertung,133600,,04/2013,Benzin,105,,
BMW,120,Baureihe 1 Lim. 5-trg. 120 i M Sport,,17990,Guter Preis,120814,,09/2019,Benzin,184,,
Volkswagen,Polo,GTI 2.0 TSI DSG LED+NAVI+DAB+2xPDC+SHZ+18Z,,22730,Erhöhter Preis,69653,,10/2021,Benzin,207,,
Audi,A1,Sportback ambition/Klima/Navi/STZH,,9999,Guter Preis,92620,,12/2014,Benzin,86,,
Volkswagen,Polo,VI Highline/Navi/Pano,,11999,Fairer Preis,93978,,08/2018,Benzin,95,,
Volkswagen,up!,move up! BMT/Start-Stopp Automatik,,9490,Fairer Preis,90610,,06/2017,Benzin,60,,
Volkswagen,Polo,VI 1.5 TSI Highline Navi Pano LED RFK AUT,,17980,Sehr guter Preis,97602,,12/2020,Benzin,150,,
Volkswagen,up!,sound up!,,7550,Guter Preis,79000,,06/2017,Benzin,60,,
Volkswagen,up!,"GTI 1.0TSI ""beats""DAB""Pano""",,12490,Fairer Preis,88900,,10/2018,Benzin,116,,
Volkswagen,Polo,V Comfortline BMT/Start-Stopp,,9390,Guter Preis,73200,,03/2015,Benzin,90,,
Volkswagen,Polo,V Allstar 1.0 5tü. SHZ/PDC/ALU/TEMPOMAT/,,8960,Guter Preis,85990,,11/2016,Benzin,60,,
Volkswagen,Polo,1.2 TSI 66kW R-Line ,,10200,Fairer Preis,68000,,03/2016,Benzin,90,,
Volkswagen,Polo,1.2 TSI Comfortline BMT*KLIMA*GARANTIE*,,10370,Fairer Preis,85401,,06/2017,Benzin,90,,
Volkswagen,Polo,1.0 TSI 95 PS Beats R-LINE/LED/NAVI+AID/RFK,,15859,Erhöhter Preis,66605,,11/2018,Benzin,95,,
Audi,A1,ambition,,11790,Guter Preis,70900,,10/2014,Benzin,122,,
Volkswagen,Polo,1.0TSI 2x R LINE ACC SHZ KLIMA SD PARK,,15599,Fairer Preis,52700,,03/2019,Benzin,95,,
Volkswagen,Polo,1.2 TSI Comfortline BMT*PDC*KLIMA*ALU*,,10690,Fairer Preis,65071,,03/2016,Benzin,90,,
Volkswagen,Polo,"V Highline, NAVI, PDC , Garantie!",,9990,Guter Preis,90779,,05/2017,Benzin,90,,
Volkswagen,Polo,V Style+1. Hand+,,8450,Ohne Bewertung,90276,,11/2011,Benzin,86,,
Audi,A1,Sportback 1.4 TFSI PDC LM Klima,,15880,Fairer Preis,58750,,04/2016,Benzin,125,,
Volkswagen,Polo,VI Highline 1.0 +Navi/LED/TMP/BT/SH/2xKlima,,12650,Sehr guter Preis,72800,,01/2018,Benzin,95,,
Audi,A1,ambition*Orginal ABT*Klima*2Hand*Navi*TüvNeu*,,11990,Ohne Bewertung,75361,,09/2011,Benzin,150,,
Volkswagen,Polo,"Trendline 1,0 KLIMA LED-TFL 1.HAND Klima",,11990,Erhöhter Preis,77430,,01/2018,Benzin,65,,
Volkswagen,Polo,"V Allstar  1.2 * Sitzheizung, PDC*",,10000,Sehr guter Preis,75795,,06/2016,Benzin,90,,
Audi,A1,Sportback basis 2.Hand*Klimaanlage*Alu,,11499,Guter Preis,82360,,07/2015,Benzin,95,,
Volkswagen,up!,move 1.0 inklusive GARMIN Navigation,,8990,Ohne Bewertung,79185,,06/2016,Benzin,60,,
Toyota,Yaris,"1,5 Comfort *Kamera*Klima*Spurhalteassist*",,13280,Fairer Preis,59403,,01/2020,Benzin,111,,
Volkswagen,Polo,1.0 Lounge*NAVI*PDC*SHZ*TEMPO*KLIMA*,,9030,Fairer Preis,119774,,08/2015,Benzin,75,,
Volkswagen,Polo,"Fresh,Pano,Sp-Sitze,DSG,Navi,Media-in,PDC,",,13600,Ohne Bewertung,51129,,10/2014,Benzin,110,,
Mercedes-Benz,A 180,AVANTGARDE KLIMA NAVI SITZHEIZUNG 2.Hd,,9979,Ohne Bewertung,79242,,04/2012,Benzin,116,,
Volkswagen,up!,"join up! GRA PDC Shzng BT NS ALU 15""",,11790,Fairer Preis,85300,,05/2018,Benzin,90,,
Volkswagen,up!,move up!*Automatik*Erst 113Tkm*Navi*4/5Tür*,,8450,Ohne Bewertung,113000,,01/2013,Benzin,75,,
Volkswagen,Polo,1.2 TSI Silver Edition Klima Sitzheizung,,7790,Fairer Preis,87500,,06/2013,Benzin,60,,
Audi,A1,ambition*1 Hand*SHZ*Leder*Sound System*,,10499,Ohne Bewertung,89756,,07/2014,Benzin,122,,
Volkswagen,up!,1.0 ASG ** 1. Hand ** Aut. ** Schiebedach **,,9990,Ohne Bewertung,67000,,01/2013,Benzin,75,,
Volkswagen,Polo,"1.0 TSI ""IQ.DRIVE"" Navi/LED/PDC/ACC/App-Con",,14020,Fairer Preis,86997,,10/2019,Benzin,95,,
Volkswagen,Polo,"VI R-Line 1,6 TDI / SCHIEBEDACH / KAMERA",,17490,Sehr guter Preis,84440,,09/2018,Diesel,95,,
Audi,A1,1.4 TFSI Sportback  Xenon Schwarz Metallic ,,13490,Guter Preis,95000,,02/2018,Benzin,125,,
Volkswagen,up!,move up!/2HD/SHZ/PDC/KLIMA/5TRG/GJR/LMF,,7480,Fairer Preis,106000,,02/2015,Benzin,75,,
Volkswagen,up!,"cup up! BMT, Navi, PDC hinten",,7950,Fairer Preis,95000,,05/2015,Benzin,75,,
Volkswagen,Polo,V 1.2 TSI Lounge BMT,,12490,Fairer Preis,53000,,04/2015,Benzin,90,,
Volkswagen,Polo,1.2 TSI Life DSG Scheckhft u-frei SHZ PDC T,,12799,Ohne Bewertung,53000,,09/2013,Benzin,90,,
Volkswagen,Polo,V Trendline  BMT/Tüv&Insp.neu/2Hand),,7800,Fairer Preis,88000,,02/2013,Benzin,69,,
Volkswagen,Polo,V Allstar Navi/2xPDC/Alu/Klimaauto/SHZ,,9950,Fairer Preis,80858,,12/2016,Benzin,75,,
Volkswagen,Polo,1.0 Comfortline Klima PDC Sitzheizung Ganzj,,11980,Fairer Preis,86145,,07/2018,Benzin,75,,
Audi,A1,*S-LINE*BI-XENON*17 ZOLL*8xRÄDER*,,9888,Guter Preis,86780,,04/2013,Benzin,86,,
Volkswagen,Polo,1.2 Match Metallic,,10990,Ohne Bewertung,58490,,09/2012,Benzin,60,,
Volkswagen,Polo,Comfortline 1.2 TSI AHK-ABNH GRA SITZHZ PDC,,9980,Ohne Bewertung,82753,,02/2017,Benzin,90,,
Volkswagen,up!,high up! BMT/Start-Stopp,,9990,Fairer Preis,108500,,03/2017,Benzin,90,,
Audi,A1,Sportback 1.4TFSI S-line sport LED Navi Tempo,,12800,Sehr guter Preis,113000,,03/2017,Benzin,125,,
Volkswagen,up!,cup up!,,8400,Fairer Preis,77800,,03/2014,Benzin,60,,
Volkswagen,Polo,"Highline 1.0 TSI 5G App-Connect PDC SHZ 16""",,13899,Fairer Preis,69879,,11/2018,Benzin,95,,
Volkswagen,Polo,Comfortline 1.0 Navi Pano ParkAssist LM SiH,,13902,Fairer Preis,49556,,03/2018,Benzin,65,,
Audi,A1,Sportback sport,,13900,Fairer Preis,96600,,12/2017,Benzin,95,,
Volkswagen,Polo,V Comfortline BMT/Start-Stopp /Navi /Klima,,8199,Guter Preis,87600,,05/2016,Benzin,75,,
Volkswagen,Polo,Highline R-Line *SHZ PDC*,,15990,Ohne Bewertung,64716,,03/2019,Benzin,116,,
Audi,A1,1.4 TFSI S tronic Automatik ,,12800,Fairer Preis,118000,,02/2016,Benzin,125,,
Volkswagen,Polo,1.0 TSI R-Line LED Navi Android Apple PDC,,19490,Erhöhter Preis,59402,,11/2020,Benzin,95,,
Volkswagen,up!,GTI maps+more BEATS ACA,,13599,Guter Preis,71800,,07/2018,Benzin,116,,
Audi,A3,Sportback Sport+AUTOMAT+SCHIEBEDACH+GARANTIE,,18499,Fairer Preis,120000,,02/2017,Diesel,110,,
Mercedes-Benz,A 200,"1,3 KAMERA+SHZ+KLIMA+PDC+SPURASSIST+LED",,24450,Fairer Preis,53000,,11/2019,Benzin,163,,
Volkswagen,Polo,V Team*1.4TSi*Shz*Tempomat*Klima*Bluetooth*,,7990,Ohne Bewertung,98000,,05/2011,Benzin,86,,
Volkswagen,Polo,V Black Edition,,6999,Fairer Preis,91000,,03/2013,Benzin,60,,
Volkswagen,Polo,V 1.0 Comfortline Klima Einparkhilfe,,10690,Guter Preis,70784,,03/2017,Benzin,75,,
Audi,A1,1.4 TFSI Sport DSG Scheckhft Xenon Nav SHZ PD,,16199,Guter Preis,64000,,12/2016,Benzin,125,,
Volkswagen,Polo,V 1.0 Klima Einparkhilfe Allwetter PDC,,8999,Fairer Preis,97359,,10/2016,Benzin,60,,
Mercedes-Benz,A 160,Autotr Aktiver P-Assist Allwetter 79tkm,,9900,Ohne Bewertung,79000,,03/2012,Benzin,95,,
Volkswagen,Polo,V #TÜV#SERVICE#SHZ#AUX#TEMPOM.#KLIMA#ISOFIX,,11990,Ohne Bewertung,54000,,08/2012,Benzin,90,,
Abarth,595,TURISMO - ERLEBEN SIE PURE FAHRFREUDE! TRAUM,,13900,Ohne Bewertung,93041,,07/2014,Benzin,160,,
Volkswagen,up!,"street up!75PS Tempomat, Sportlich,8fach Bereif.",,7699,Guter Preis,98982,,01/2016,Benzin,75,,
Volkswagen,up!,cup up! Klima | Sitzheizung | HU neu,,7954,Fairer Preis,75676,,04/2014,Benzin,60,,
Volkswagen,Polo,1.2 TSI Comfortline*Klima*PDC*SHZ*,,10500,Sehr guter Preis,79500,,05/2017,Benzin,90,,
Volkswagen,Polo,"VI 1,0 Comfortline LED SHZ KLIMA BT PDC",,13480,Erhöhter Preis,72789,,12/2018,Benzin,65,,
Volkswagen,Polo,1.0 TSI ACC LED KLIMA NAVI SHZ MFL BT PDC,,13290,Fairer Preis,77000,,10/2018,Benzin,95,,
Audi,A1,design ultra Navi&PDC&MFL&Bluetooth,,11800,Guter Preis,83700,,11/2016,Benzin,95,,
Volkswagen,Polo,VI GTI AHK Navi LED AHK Navi LED Leder LM,,20480,Fairer Preis,58038,,07/2019,Benzin,200,,
Volkswagen,Polo,V Life Sitzheizung Steuerkette NEU,,7777,Guter Preis,77000,,09/2013,Benzin,69,,
Volkswagen,Polo,V Trendline,,7999,Ohne Bewertung,88000,,05/2012,Benzin,60,,
Volkswagen,Polo,V Trendline,,9300,Fairer Preis,85403,,10/2016,Benzin,60,,
Volkswagen,Polo,"V 1,4 TDI Lounge Automatik Pano TÜV NEU",,11299,Guter Preis,103000,,06/2015,Diesel,90,,
Mercedes-Benz,A 180,Progressive MBUX HIGH END Spiegel Paket,,22899,Fairer Preis,59700,,08/2020,Benzin,136,,
Volkswagen,Polo,1.0 BEATS SOUNDSYSTEM SHZ,,13450,Erhöhter Preis,65200,,04/2018,Benzin,75,,
Volkswagen,up!,move up! BMT 1.Hand 4/5 Türer Sitzheizung,,7899,Fairer Preis,87000,,02/2015,Benzin,60,,
Audi,S3,2.0TFSIquattro*NAVI*MagneticRide*Licht-P.*Sit,,25950,Sehr guter Preis,49900,,05/2016,Benzin,300,,
Volkswagen,Polo,V R-Line BMT/Start-Stopp,,10600,Guter Preis,67500,,02/2016,Benzin,75,,
Volkswagen,up!,cross up! - Klima - Sitzheizung - Navi -,,7390,Guter Preis,96175,,03/2014,Benzin,75,,
Volkswagen,up!,high up! BMT/Start-Stopp,,9999,Guter Preis,76727,,10/2016,Benzin,90,,
Abarth,595 Turismo,1.4 Benzine Man. 160 pk- Airco - PDC,,14990,Fairer Preis,98903,,01/2016,Benzin,160,,
Volkswagen,up!,move up! Automatik,,7450,Fairer Preis,99900,,04/2013,Benzin,75,,
Audi,A1,Sportback Ambition S line 5-Sitzer+NAVI XENON,,11890,Ohne Bewertung,124989,,03/2014,Benzin,122,,
Volkswagen,Polo,1.0 55kW ALLSTAR ALLSTAR,,8200,Sehr guter Preis,83000,,03/2016,Benzin,75,,
Volkswagen,Beetle,CUP + Service + TÜV,,9690,Guter Preis,124900,,09/2014,Benzin,105,,
Volkswagen,Polo,1.2 TSI BMT*KLIMA*SHZ*ABSTANDSWARNER,,8999,Sehr guter Preis,96500,,11/2016,Benzin,90,,
Volkswagen,Polo,V Cross Polo BMT 1.Hand*Navi*Klima,,10997,Sehr guter Preis,72000,,02/2017,Benzin,90,,
Volkswagen,Polo,1.0 TSI Highline OPF Android Apple ACC DAB,,16490,Guter Preis,68122,,01/2021,Benzin,95,,
Audi,A1,"ambition 1.4 TDI  S LINE SHZ TEMPO NAVI 17""",,10555,Ohne Bewertung,109999,,07/2014,Diesel,90,,
Volkswagen,Polo,POLO 1.6 TDI DSG COMFORTLINE 5T NAVI ALU 1.HAND,,12750,Ohne Bewertung,66912,,11/2012,Diesel,90,,
Ford,Fiesta,1.0 EcoBoost Titanium X LED Navi ACC B&O,,16950,Erhöhter Preis,48730,,04/2021,Benzin,95,,
Volkswagen,Polo,VI TSI Highline DSG,,15290,Sehr guter Preis,93300,,02/2020,Benzin,95,,
Audi,A1,basis KLIMA NAVI SITZH ALU  SCHECKHEFT,,10550,Guter Preis,96705,,04/2016,Benzin,95,,
Volkswagen,up!,move up!,,8300,Fairer Preis,77200,,03/2014,Benzin,75,,
Volkswagen,Polo,POLO 1.4 DSG *AUTOMATIK*KLIMAAUTO*AUS 2.HAND*,,8980,Ohne Bewertung,95141,,11/2010,Benzin,86,,
BMW,120,"i M-Paket *1HD,TOP Zustand,tolle Ausstattung*",,21650,Fairer Preis,49500,,02/2018,Benzin,184,,
Audi,A1,1.0 *INSPEK. NEU*,,11800,Erhöhter Preis,95000,,10/2016,Benzin,95,,
Volkswagen,up!,"cup up! Top Ausgestattet ,Navi ab 89€ mtl.",,7490,Fairer Preis,97000,,11/2014,Benzin,75,,
Volkswagen,Polo,VI Comfortline,,10790,Fairer Preis,107500,,05/2018,Benzin,75,,
Audi,A3,attraction klima Navi TÜV NEU,,10400,Ohne Bewertung,73000,,09/2013,Benzin,105,,
Mercedes-Benz,A 180,d TOTW/GARMIN/GRA/LED/SHZ/PARKPILOT,,17890,Fairer Preis,114900,,11/2017,Diesel,109,,
Volkswagen,up!,move up! BMT/Start-Stopp*90PS*Klima*Sitzh.*,,8890,Fairer Preis,118600,,04/2018,Benzin,90,,
Volkswagen,up!,cup up! Klima/SHZ/PDC/NAVI/Scheckheft/2.Hand,,6950,Fairer Preis,95626,,01/2015,Benzin,60,,
Volkswagen,Polo,1.0 Trendline*Klima*Bluetooth*USB*Allwetter,,12980,Erhöhter Preis,75400,,08/2018,Benzin,75,,
Volkswagen,Polo,VI GTI DSG 2.0 TSI OPF; NAV/ AID/ LED/ ACC,,18300,Guter Preis,72000,,02/2020,Benzin,200,,
Opel,Adam,S*SHZ*LKRDHZ*Garantie*PDC*,,13600,Fairer Preis,44000,,05/2016,Benzin,150,,
Volkswagen,Polo,V Allstar BMT/Start-Stopp 5 türig,,10990,Fairer Preis,66000,,05/2016,Benzin,90,,
Audi,A1,Sportback TFSI 5-trg. S-LINE XENON SITZH PARK,,12450,Fairer Preis,95940,,04/2017,Benzin,95,,
Volkswagen,up!,take up!*Klima*CD-Radio*,,4850,Guter Preis,95000,,01/2012,Benzin,60,,
Volkswagen,up!,| high up! | 75 PS | Automatik ,,7800,Guter Preis,76000,,04/2013,Benzin,75,,
Volkswagen,Polo,GTI,,19750,Fairer Preis,68693,,06/2020,Benzin,200,,
Volkswagen,Polo,V *KLIMA*FH*,,6990,Sehr guter Preis,87169,,02/2013,Benzin,90,,
Volkswagen,Polo,1.5 TSI OPF DSG Highline Highline,,17000,Sehr guter Preis,77000,,06/2020,Benzin,150,,
Volkswagen,up!,cup 1.0 4türig Sitzheizung Klima Radio Navi,,6979,Guter Preis,92576,,02/2015,Benzin,75,,
Volkswagen,up!,beats BMT/Start-Stopp,,9990,Fairer Preis,86528,,07/2017,Benzin,75,,
Volkswagen,Polo,1.2 Life/Klima/Sitzheizung/Tempomat/2.Hand,,7399,Fairer Preis,89000,,07/2013,Benzin,60,,
Volkswagen,Polo,V GTI BMT/Start-Stopp NAVI SHZ PDC,,12990,Fairer Preis,145000,,07/2017,Benzin,192,,
Volkswagen,up!,1.0 BMT Navi Leder Tempomat SHG Leder PDC  S,,7250,Fairer Preis,94512,,10/2013,Benzin,75,,
Volkswagen,up!,"1.0 TSI GTI KLIMA*SHZ*NEBEL*BLUET.*17""",,11790,Guter Preis,92110,,02/2019,Benzin,116,,
Skoda,Fabia,Joy*Aut*DSG*SHZ*Garantie,,13999,Guter Preis,44000,,09/2016,Benzin,110,,
Volkswagen,Polo,Team  Automatik,,8900,Ohne Bewertung,112500,,12/2010,Benzin,105,,
Volkswagen,Polo,V Highline BMT/Start-Stopp,,9500,Ohne Bewertung,74936,,11/2016,Benzin,90,,
Audi,A1,Sportback S-Line/Sitzheizung/Klima/HU NEU !,,11900,Guter Preis,136337,,12/2015,Benzin,125,,
Volkswagen,Polo,V 1.4/Temp/Alcant/Klima/Autom/Sitzheizung,,7999,Ohne Bewertung,88412,,01/2012,Benzin,86,,
Audi,A1,Sportback Bi-Xenon/Klimaautom./SHZ/PDC/16 LM,,10980,Ohne Bewertung,114500,,04/2013,Benzin,86,,
Volkswagen,Polo,VI GTI 2.0 TSI DSG WINTERPAKET PDC 17Z,,18399,Sehr guter Preis,60000,,11/2020,Benzin,200,,
Volkswagen,Polo,1.2 TSI Match BMT Klima Navi PDC,,10699,Guter Preis,79990,,09/2017,Benzin,90,,
Volkswagen,Polo,V Comfortline*SCHECKHEFT*KLIMA*PDC*ALU*,,7799,Ohne Bewertung,81390,,01/2012,Benzin,69,,
Volkswagen,Polo,VI Highline DSG*ACC*SHZ*PDC*APPLECAR*HU NEU,,17499,Guter Preis,49000,,07/2019,Benzin,116,,
Audi,A1,"ambition,Vollleder,Xenon,SH,1-Hand",,10490,Ohne Bewertung,103000,,05/2012,Benzin,122,,
Volkswagen,Polo,V GTI Automatik SHZ Klima  TÜV NEU PDC,,9788,Ohne Bewertung,124245,,04/2012,Benzin,179,,
Volkswagen,Polo,1.2 Klima/2.Hand /Scheckheft/TÜV 04-2026,,7199,Fairer Preis,96000,,11/2013,Benzin,69,,
Opel,Corsa,F 1.2 Edition Automatik LED Navi Kamera,,17490,Fairer Preis,64390,,11/2021,Benzin,101,,
Volkswagen,Polo,1.0 TSI Trendline *1.Hand*Navi*Park ass.*,,11700,Sehr guter Preis,97000,,07/2020,Benzin,95,,
Volkswagen,Polo,V Match,,7600,Guter Preis,94000,,05/2012,Benzin,90,,
Volkswagen,Polo,2.0 TSI GTI DSG BLACK & WHITE ,,17885,Sehr guter Preis,68800,,11/2019,Benzin,200,,
Volkswagen,Polo,1.0 Comfortline COMP.-COLOUR/KLIMAANLAGE/FR,,12489,Erhöhter Preis,84749,,12/2018,Benzin,65,,
Mercedes-Benz,A 180,A180 BlueEfficiency|AUTOMATIK|Einparkhilfe|SHZ,,12490,Ohne Bewertung,133490,,11/2012,Benzin,122,,
BMW,120,Baureihe 1 Lim. 5-trg. 120 i,,9990,Guter Preis,139000,,06/2015,Benzin,177,,
Volkswagen,Polo,GTI 2.0 TSI DSG +BEATS+LED+NAVI+KAMERA+ACTI,,20720,Fairer Preis,48492,,01/2020,Benzin,200,,
Volkswagen,up!,1.0 cup up! Navi/SHZ/LM,,6750,Guter Preis,89593,,06/2014,Benzin,60,,
Audi,A1,86PS Sportback admired S-LINE+XENON+KLIMA+TEM,,13470,Ohne Bewertung,63300,,11/2014,Benzin,86,,
Volkswagen,Polo,1.6 TDI DSG *1.HAND*SERVICEGEPFLEGT*,,11900,Ohne Bewertung,75332,,11/2012,Diesel,90,,
Audi,RS e-tron GT,PERFORMANCE QUATTRO 620kW SOFORT VE,,169485,,,,,,843,,
Volkswagen,Golf,VII GTI,,17500,Guter Preis,81321,,03/2016,Benzin,220,,
Volkswagen,Golf,VII 1.4 TSI Lounge Bi-Xenon Tempomat AHK,,14990,Fairer Preis,118215,,04/2015,Benzin,150,,
Opel,Corsa,D 1.0 *LED TFL*Klima*TEMP*el.FH*HU 01/2027,,2650,Fairer Preis,125035,,06/2007,Benzin,60,,
Volvo,S90,+T8+AWD+Plug in+Massge Sitz+Bowers+PDC v/h+++,,62290,Guter Preis,6134,,11/2023,Hybrid (Benzin/Elektro),455,,
MINI,Cooper SE,"LR 345,- br.o.Anz.48 Mon. / 5' Km p.A.",,23000,Ohne Bewertung,200,,12/2022,,184,,
Volkswagen,Golf,VII 1.4 TSI*HIGHL*DSG*BI-XN*RFK*NAV*ALC*TMP,,13690,Ohne Bewertung,116023,,04/2013,Benzin,122,,
Volkswagen,Golf,GTI Performance*STANDHEIZUNG*BUSINESS*RFK*,,20500,Fairer Preis,95400,,05/2017,Benzin,245,,
Audi,A4,1.8 TFSI170PS Automatik Limo Ambiente Navi ,,17999,Fairer Preis,97399,,08/2015,Benzin,170,,
Volkswagen,Golf,VII 1.5TSI Limo DSG IQ.DRIVE+LED+NAVI+PANO,,20900,Fairer Preis,110771,,11/2019,Benzin,150,,
Volkswagen,Golf,VII R/PANO/19 Zoll/ab 249 € mtl.,,27490,Fairer Preis,89000,,10/2017,Benzin,300,,
BMW,125,i Sport Line LED Navi Sitzheizung Klimaaut.,,19950,Guter Preis,76015,,01/2016,Benzin,218,,
Mercedes-Benz,B 220,4MATIC 7G Navi Standhzg *Garantie*,,20990,Erhöhter Preis,73920,,12/2015,Benzin,184,,
Volkswagen,Golf,VII 1.5TSI Limo Highline+LED+NAVI+VIRTUAL,,17900,Fairer Preis,68938,,10/2018,Benzin,150,,
Mercedes-Benz,A 180,AMG Line 7G LED *Garantie*,,21490,Erhöhter Preis,81490,,01/2017,Benzin,122,,
Mercedes-Benz,A 200,URBAN KLIMA+NAV+TEILLEDER+BLUETOOTH+ALU+TÜ,,16470,Fairer Preis,102200,,05/2016,Benzin,156,,
Volkswagen,Golf,VII GTI TCR 2.0 TSI *Garantie*,,29990,Fairer Preis,79990,,05/2019,Benzin,290,,
Volkswagen,Golf,VII Lim. Highline *Scheckheft TÜV NEU*,,12497,Ohne Bewertung,76000,,09/2014,Benzin,140,,
Volkswagen,Golf,*8*Lim.*1.5 eTSI*DSG*PANO*IQ*STANDHZG*CAM*LM,,22290,Guter Preis,96199,,11/2020,Benzin,150,,
Mercedes-Benz,B 180,Garantie*AMG*LED*Navi*Kamera*,,15950,Guter Preis,102115,,09/2016,Benzin,122,,
Mercedes-Benz,C 180,9G LED Navi *Garantie*,,23990,Fairer Preis,73990,,06/2017,Benzin,156,,
Volkswagen,Golf,GOLF VII 2xR-LINE 1.5TSI ACC-TEMPOMAT+PANO+NAVI,,19889,Fairer Preis,67762,,11/2019,Benzin,150,,
Mercedes-Benz,E 300,CDI Aut. Avantgarde LED-LEDER-SHZ-NAVI-H+K,,22922,Ohne Bewertung,108000,,02/2015,Diesel,231,,
Volkswagen,Golf,"V Lim. R32 Automatik,Leder,SCH,Navi,PDC",,23400,Ohne Bewertung,113000,,07/2008,Benzin,250,,
Volkswagen,Golf,VII GTI Perf.|ROTIFORM|MAXTON|DYN|DAB|ACC,,22880,Fairer Preis,77510,,02/2019,Benzin,245,,
Volkswagen,Golf,GTI Performance 2.0 TSI DSG AHK PANO NAVI,,24550,Guter Preis,69900,,01/2019,Benzin,245,,
Volkswagen,Golf,VII GTI Performance BMT/Start-Stopp,,22990,Fairer Preis,106000,,09/2019,Benzin,245,,
Mercedes-Benz,A 45 AMG,A -Klasse A 45 AMG 4Matic,,27599,Ohne Bewertung,114500,,02/2014,Benzin,360,,
Volkswagen,Polo,V Lounge *Erst 99tkm*4-türig*Klima*PDC*Alu*,,11777,Sehr guter Preis,99992,,11/2015,Benzin,,,
Mercedes-Benz,B 220,4Matic  SPORTPAKET,,16698,Ohne Bewertung,82373,,06/2014,Benzin,184,,
Volkswagen,Golf,Life 1.5 TSI 96kW 6-Gang*NAVI*SHZ*PDC*LED*,,17960,Fairer Preis,77536,,09/2020,Benzin,131,,
Audi,A3,Sportback 1.5 TSI S-Tronic S-Line LED Navi Si,,22490,Fairer Preis,87636,,09/2018,Benzin,150,,
Mercedes-Benz,E 200,AVANTGARDE COMAND+LED+DISTRONIC+360+APPLE+,,27960,Guter Preis,99800,,07/2018,Benzin,184,,
Volkswagen,Golf,VII 1.0 TSI Join LED Navi ACC PDC USB,,19490,Erhöhter Preis,49995,,09/2018,Benzin,116,,
BMW,330 Gran Turismo,330 GRAN TURISMO X SPORT LINE+NAVI+PANO+LED+HUD+,,23890,Fairer Preis,134100,,11/2016,Benzin,252,,
Mercedes-Benz,C 63 AMG,Lim.  *Erst 79tkm*Automatik*Leder*Xenon,,29999,Ohne Bewertung,79992,,02/2010,Benzin,457,,
Mercedes-Benz,C 180,C -Klasse Lim. C 180 CGI SHZ.BT.PDC.NAVI.TÜV NEU,,16390,Guter Preis,108200,,08/2015,Benzin,156,,
Volkswagen,Golf,2.0 TSI GTI Performance LED ACC App-Connect,,23950,Guter Preis,58224,,01/2020,Benzin,245,,
Volkswagen,Golf,GOLF VII COMFORTLINE 1.6TDI MASSAGE+NAVI+ACCuvm,,16489,Fairer Preis,85034,,05/2019,Diesel,116,,
Volkswagen,Passat,PASSAT HIGHLINE 2.0TDI 4M DSG VOLLLEDER+KAMERA,,21890,Fairer Preis,95816,,04/2018,Diesel,190,,
Volkswagen,Phaeton,4.2 V8 4-Sitzer 4Motion lang EXCLUSIVE,,19870,Ohne Bewertung,146046,,05/2013,Benzin,334,,
Volkswagen,Golf,VII Comfortline /Automatik/Keyless-Go-Entry,,11499,Ohne Bewertung,129000,,10/2013,Benzin,122,,
Mercedes-Benz,E 220,E220d NAVI+VOLL-LED+TEILLEDER+ANHÄNGERKUPPLUNG,,24889,Sehr guter Preis,79542,,11/2016,Diesel,194,,
Volkswagen,Golf,VIII 1.5 TSI Active LED Navi SHZ ACC DAB VC,,19890,Guter Preis,74084,,05/2021,Benzin,150,,
BMW,116,ADVANTAGE KLIMA+NAV+ALLWETTER+EINPARKHILF+TÜ,,12280,Fairer Preis,105900,,10/2016,Benzin,109,,
Audi,A5,Sportback 2.0 TFSI*S-LINE*XENON*SH*LED*NAVI*,,19990,Sehr guter Preis,89106,,08/2016,Benzin,230,,
BMW,530,i Aut. Sport Line Navi PDC Lenkradhzg,,28900,Sehr guter Preis,102000,,03/2019,Benzin,252,,
Volkswagen,Golf,VII Lim. GTI Performance Standhzg/ DynAudio,,16990,Ohne Bewertung,150000,,10/2013,Benzin,401,,
Volkswagen,Golf,VIII 1.5 TSI LIFE*LED*DIGITAL*NAVI*PDC*SHZ*,,18499,Fairer Preis,60500,,05/2020,Benzin,131,,
Volkswagen,Golf,VII 1.0 TSI IQ.DRIVE OPF,,16475,Fairer Preis,62400,,02/2020,Benzin,116,,
Volkswagen,Golf,R-Line  TSI 110kW*IQ-Light*KAM*ACC*NAVI*SHZ,,22930,Fairer Preis,64140,,02/2021,Benzin,150,,
BMW,118,i Steptronic Advantage+NAVI+TEMPO+PDC+SHZ,,14490,Sehr guter Preis,97971,,08/2018,Benzin,136,,
Volkswagen,Golf,VIII Lim. 1.5Ltr -96Kw  TSI  Life,,16999,Fairer Preis,101000,,07/2020,Benzin,131,,
Audi,A3,Sportback 2.0 Tfsi*quattro*S line*B&O*Matrix*,,23450,Sehr guter Preis,98670,,12/2017,Benzin,190,,
Volkswagen,Golf,6 R 2.0TSI 271PS DSG 4M Schalensitze 1.Hand,,24999,Ohne Bewertung,96675,,06/2011,Benzin,271,,
Volkswagen,Golf,6 R 4Motion|PANO|DYAUDIO|BI-XENON|1.HAND,,22990,Ohne Bewertung,101792,,04/2011,Benzin,271,,
Mercedes-Benz,E 220,d Li.9G-tronic Avantgarde+LED+NAVI+VIRTUAL,,26900,Erhöhter Preis,122740,,07/2016,Diesel,194,,
Mercedes-Benz,A 200,URBAN Navi Sportsitze-beheizt PDC v+h EU6,,14783,Sehr guter Preis,90000,,10/2016,Benzin,156,,
Volkswagen,Beetle,Lim. Sport 1.4 TSI DSG**79tkm**,,11980,Ohne Bewertung,79545,,07/2014,Benzin,160,,
Mercedes-Benz,B 180,"AMG LINE NAVI LED PTS SPUR TWA AHK 18""AMG",,17700,Guter Preis,62000,,04/2015,Benzin,122,,
Volkswagen,Golf,R 4Motion BMT*Dynamic Licht*Leder*1.Hand,,20900,Ohne Bewertung,72671,,02/2014,Benzin,300,,
Volkswagen,Golf,VII 1.4 TSI DSG Navi Tempomat Sitzheizung,,18990,Hoher Preis,98380,,03/2016,Benzin,125,,
Volkswagen,T-Roc,T-ROC United R-Line ACC LM AHK SHZ Navi PDC LED,,23630,Fairer Preis,73640,,04/2020,Benzin,150,,
Mercedes-Benz,C 180,C -Klasse Lim. C 180 CGI Avantgarde,,22980,Fairer Preis,51803,,05/2017,Benzin,156,,
Audi,A5,SPORTBACK QUATTRO S-LINE+S-TRONIC+XENON+LEDER,,22490,Sehr guter Preis,68600,,09/2015,Diesel,190,,
Volkswagen,Golf,7 GTI Performance DSG *Pano *AHK *Kamera ,,20900,Fairer Preis,75000,,05/2015,Benzin,230,,
Volkswagen,Golf,VIII 1.5 eTSI DSG STYLE*NAVI*LED*KAMERA*ACC,,23499,Fairer Preis,58800,,02/2021,Benzin,150,,
Volkswagen,Golf,VIII 1.5 TSI LIFE*LED*NAVI*KLIMA*PDC*SHZ*DI,,17999,Guter Preis,58400,,08/2020,Benzin,131,,
Volkswagen,Golf,Style 1.5 TSI 6G.*Navi Pro*SHZ*ACC*APPconne,,19680,Fairer Preis,54465,,07/2020,Benzin,131,,
BMW,320,d Luxury Line Garantie* Auto.* TÜV 02.2027*,,20200,Sehr guter Preis,108774,,07/2018,Diesel,190,,
Volkswagen,Polo,VI GTI LED/ VIRTUAL/ SHZ/ KW/ HU/ INSP/ ACC,,19990,Fairer Preis,80000,,03/2019,Benzin,200,,
Volkswagen,Golf,VII 2.0 GTI Performance Kamera Dynaudio,,17890,Ohne Bewertung,112298,,03/2015,Benzin,230,,
Volkswagen,Golf,VII R 2.0 TSI 4Motion - 1.HAND / DYNAUDIO,,22950,Fairer Preis,107900,,12/2016,Benzin,300,,
Audi,A3,Sportback 1.HAND/TÜV NEU/SCHECKHEFT,,13799,Ohne Bewertung,74217,,11/2013,Benzin,122,,
Volkswagen,Golf,VIII 1.5 TSI R-Line LED Navi ACC Sitzheizun,,23490,Fairer Preis,55867,,01/2021,Benzin,131,,
Volkswagen,Golf,Limosine,,12500,Fairer Preis,59400,,12/2016,Benzin,110,,
Mercedes-Benz,E 63 AMG,6.3 V8 SAUGER! PANO/CAM/KEY/HK7,,34870,Ohne Bewertung,91700,,04/2010,Benzin,525,,
Mercedes-Benz,C 180,CGI Lim.2.Hand/AHK abnehm/PDC/TÜV NEU/LED/,,15399,Ohne Bewertung,125406,,12/2014,Benzin,156,,
Volkswagen,Golf,VII 1.2 TSI Lounge R-Line Sitzheizung PDC,,16950,Erhöhter Preis,87252,,12/2015,Benzin,110,,
Volkswagen,Golf,GTI Performance *Motorsport*APR*MAXTON,,22990,Fairer Preis,100000,,07/2017,Benzin,307,,
Mercedes-Benz,E 250,E -Klasse Lim/ILS/Shz/Schiebedach/Pdc/Navi,,19499,Fairer Preis,133000,,12/2015,Benzin,211,,
Volkswagen,Golf,GTI Bi-Xenon/Dynaudio/Dynamic-Light,,16950,Fairer Preis,94207,,04/2016,Benzin,220,,
Volkswagen,Golf,VII Lim. GTI/AUTOMAT/ACC/Lane/Side Assist,,21999,Fairer Preis,98000,,08/2017,Benzin,230,,
Volkswagen,Golf,VII Lim. R BMT 4Motion-PANO-LED-DSG-SCHECKH,,25499,Fairer Preis,76800,,07/2016,Benzin,300,,
Volkswagen,Golf,VII Lim. GTI CAM-NAVI-H&R-PDC-BI-Xenon,,17471,Fairer Preis,81228,,12/2015,Benzin,220,,
Volkswagen,Golf,VII GTI 2.0 TSI DSG Performance AHK PANO XE,,17850,Guter Preis,103878,,09/2016,Benzin,230,,
Mercedes-Benz,E 220,d Avantgarde VOLL LEDER BURMESTER RÜCKFAH,,25999,Guter Preis,105308,,12/2018,Diesel,194,,
Volkswagen,Golf,VII Lim. Highline BMT_ BI-XEN_ACC_DYNAUDIO,,14999,Ohne Bewertung,105000,,04/2014,Benzin,122,,
Volkswagen,Golf,2.0 TSI 4MOTION BMT R 19ZOLL NAVI KEYLESS,,23490,Ohne Bewertung,93550,,09/2014,Benzin,300,,
Volkswagen,Golf,2.0TSI DSG 4MOTION BMT R PANO NAVI LEDER,,23490,Sehr guter Preis,99980,,10/2014,Benzin,300,,
Volkswagen,Golf,GTI Clubsport *PANO*DYNAUDIO*Bi-Xenon*ACC,,27490,Fairer Preis,79290,,07/2016,Benzin,265,,
Volkswagen,Golf,GTI Clubsport BMT Clubsport/SCHALEN/DSG/...,,25290,Fairer Preis,79200,,02/2017,Benzin,265,,
Volkswagen,Golf,VII 1.4 TSI DSG Lim. Lounge *ACC*Navi*App-C,,15900,Erhöhter Preis,99847,,02/2016,Benzin,125,,
Volkswagen,Golf,GTI Clubsport *PANO*LEDER*BI-XENON*AMBIENTE,,26990,Fairer Preis,80000,,11/2016,Benzin,265,,
Volkswagen,Golf,VII Comfortline 1.2 TSI DSG Leder Standheiz,,14730,Ohne Bewertung,102800,,03/2015,Benzin,110,,
Volkswagen,Golf,VII Lim. Allstar *1.HD/NAV/XENON/TEMPO/PDC*,,17490,Fairer Preis,91800,,02/2017,Benzin,150,,
Volkswagen,Golf,VIII BASIS TSI 110,,16830,Guter Preis,70361,,12/2021,Benzin,110,,
Volkswagen,Golf,2.0TSI 4MOTION R  NAVI LEDER DCC KEYLESS,,23490,Fairer Preis,89580,,06/2015,Benzin,300,,
Audi,A3,Navi/Sheckheft/Bremsen vorne neu,,12800,Guter Preis,88856,,09/2016,Benzin,116,,
BMW,320,Gran Turismo 320i xDrive,,19890,Guter Preis,99000,,06/2019,Benzin,184,,
Volkswagen,Golf,GTI *AHK*DYNAUDIO*MEMORY*PANO*LED*ACC*DCC*,,24990,Fairer Preis,100300,,12/2017,Benzin,245,,
Volkswagen,Golf,2.0 TSI DSG 4MOTION R  PANO NAVI DCC ACC,,23990,Ohne Bewertung,109980,,06/2014,Benzin,300,,
Volkswagen,Golf,"VII GTI 2.0 TSI Performance, LED, Standh.",,23500,Guter Preis,95500,,02/2018,Benzin,245,,
Volkswagen,Golf,VII GTI+2.Hand+Bi-Xenon+Navi+SHZ+Tempomat,,16990,Fairer Preis,109000,,08/2016,Benzin,220,,
Volkswagen,Golf,VII Lim. 1.4 TSI Cup BMT DSG KLIMA PDC,,13999,Ohne Bewertung,100000,,06/2014,Benzin,122,,
Mercedes-Benz,E 200,"E -Klasse Lim. E 200 finanzierung ab 4,99%",,23999,Ohne Bewertung,138851,,09/2018,Benzin,184,,
Mercedes-Benz,C 250,CGI Avantgarde LED Schiebedach *Garantie*,,27990,Fairer Preis,51215,,09/2017,Benzin,211,,
Mercedes-Benz,C 180,CGI Lim 9G-Tronic Avantgarde*Ambiente-Be.,,21980,Guter Preis,69000,,10/2018,Benzin,156,,
Volkswagen,Golf,2.0 TSI 4MOTION BMT R R,,23700,Fairer Preis,97766,,10/2015,Benzin,300,,
Volkswagen,Golf,VII GTI DSG*Facelift*Leder*Pano*19*Dyn*ACC,,22941,Fairer Preis,79000,,08/2017,Benzin,230,,
Volkswagen,Golf,VIII 1.5 TSI Life LED Navi ACC Sitzheizung,,20990,Fairer Preis,56892,,08/2021,Benzin,131,,
Volkswagen,Golf,VII Lim. Highline*Massage*Xenon*Navi*ACC,,14899,Ohne Bewertung,112000,,07/2014,Benzin,140,,
Volkswagen,Golf,Life 2.0 TDI 110kW*DSG*NAVI*SHZ*ACC*LED*H-K,,21630,Fairer Preis,62457,,09/2020,Diesel,150,,
Volkswagen,Golf,VII R 2.0 TSI DSG 4Mo 19 + LEDER + PANO,,24990,Ohne Bewertung,80500,,03/2014,Benzin,300,,
Volkswagen,T-Roc,T-ROC Active Style 1.5 TSI OPF 110 kW 7-Gang-DSG,,22790,Fairer Preis,83450,,08/2021,Benzin,150,,
Volkswagen,Golf,"GTI **Performance, DCC, Remus, RFK, DSG**",,18500,Ohne Bewertung,94500,,06/2014,Benzin,230,,
Volkswagen,Golf,VII Lim. Comfortline BMT *Panorama*Navi*,,16777,Ohne Bewertung,99906,,02/2017,Benzin,110,,
Volkswagen,Golf,VII 1.4 TSI ACT BMT Allstar *R Line*SHZ*PDC,,15693,Erhöhter Preis,104314,,06/2016,Benzin,150,,
Volkswagen,Golf,GOLF VII AUTOMATIK CUP BMT,,13990,Ohne Bewertung,105458,,08/2014,Benzin,110,,
Volkswagen,Jetta,VI 1.4 TSI DSG Comfortline BMT,,13750,Ohne Bewertung,135000,,03/2015,Benzin,150,,
Volkswagen,Golf,VII Lim. BMT *1.Hand*Erst 84tkm*Automatik*,,13999,Ohne Bewertung,84992,,04/2014,Benzin,105,,
Volkswagen,Golf,VI R 4Motion*SCHALE*DYNAUDIO*H&R*,,22999,Ohne Bewertung,99037,,07/2012,Benzin,271,,
Volkswagen,Golf,VII R 4Motion/FullLED/Navi/Leder/Sitzh/EPH/,,22990,Ohne Bewertung,99764,,03/2015,Benzin,300,,
Volkswagen,Golf,VII Lim. Lounge BMT/Navi/Bi-Xen/Temp/Shz,,14499,Fairer Preis,94031,,12/2015,Benzin,125,,
Volkswagen,Golf,VIII 1.5 TSI LIFE*LED*DIGITAL*NAVI*PDC*SHZ*,,18299,Fairer Preis,46500,,05/2020,Benzin,131,,
Volkswagen,Golf,7 GTI Clubsport DSG Bull-X Scheckheft R-Kam,,22990,Fairer Preis,99900,,04/2016,Benzin,265,,
Volkswagen,Golf,7 R 2.0 TSI DSG 4MOTION,,25500,Ohne Bewertung,112000,,11/2014,Benzin,300,,
Volkswagen,Golf,7 GTI 2.0 TSI DSG /NAVI/LED/ACC/CAM/1.HAND/,,20990,Ohne Bewertung,59000,,04/2014,Benzin,220,,
Volkswagen,Golf,2.0 R TSI DSG 4MOTION BMT R R APR,,22820,Sehr guter Preis,99820,,05/2016,Benzin,300,,
Volkswagen,Golf,VII R *Pano*El.Sitze*ACC*Kamera*Carbon*,,25990,Erhöhter Preis,96000,,12/2015,Benzin,300,,
Volkswagen,Golf,VII 1.5 TSI Comfortline+RFK+Standhzg+App+Kl,,18880,Fairer Preis,51082,,09/2019,Benzin,131,,
Volkswagen,Golf,2.0 TSI BMT GTI Performance AUS 1.HAND DCC,,17490,Ohne Bewertung,96840,,09/2013,Benzin,230,,
Volkswagen,Golf,7 Lim. Comfortline*Bi-Xenon*PDC*SHZ*1.Hand*,,13990,Sehr guter Preis,88000,,06/2015,Benzin,122,,
Volkswagen,Golf,VII 2.0 TSI BMT GTI*LED*SHZ*PDC,,17799,Fairer Preis,96848,,10/2017,Benzin,230,,
Volkswagen,Golf,VII R 4Motion **APR-PANO-BiCOLOR-NAVI-DCC**,,24990,Ohne Bewertung,77000,,07/2014,Benzin,300,,
Volkswagen,Golf,VII GTI Performance|PANO|KAMERA|ACC|AHK|LED,,22990,Sehr guter Preis,96800,,07/2018,Benzin,245,,
Volkswagen,Golf,VII GTI Performance PANO/DYNAUDIO/RFK/AHK,,21400,Fairer Preis,88732,,05/2015,Benzin,230,,
Volkswagen,Golf,2.0TSI DSG BMT GTI Clubsport NAVI LEDER,,24490,Fairer Preis,99980,,05/2016,Benzin,265,,
Volkswagen,Golf,VII 1.4 TSI DSG Cup 17 PANO XENON,,13980,Ohne Bewertung,110754,,10/2014,Benzin,125,,
Volkswagen,Golf,VII Lim. R BMT 4Motion *Gewinde*SportAGA*1A,,22399,Sehr guter Preis,87664,,07/2015,Benzin,300,,
Mercedes-Benz,CLA 180,Limo 7G-DCT AMG line+LED+NAVI+LEDER+PDC,,27900,Fairer Preis,109896,,10/2020,Benzin,136,,
Mercedes-Benz,A 200,d 8G-DCT Progressive+LED+NAVI+VIRTUAL+PDC,,21900,Fairer Preis,99820,,12/2019,Diesel,150,,
Volkswagen,Golf,VII Limousine Comfortline*Aut.*Navi*Xenon*,,12990,Ohne Bewertung,91856,,11/2013,Benzin,105,,
Audi,A1,25 TFSI Sportback advanced LED ACC VC App,,19490,Fairer Preis,71314,,09/2019,Benzin,95,,
Volkswagen,Golf,VII Lim. GTI Clubsport BMT-Aut.-Navi-Alcant,,21900,Guter Preis,95000,,07/2016,Benzin,265,,
Volkswagen,Golf,R. VII 4Motion|DSG|NAVI|BI-XENON|PANO|LEDER,,23950,Guter Preis,98586,,07/2016,Benzin,300,,
Volkswagen,Golf,"VII GTI 2,0 TFSI DSG Performance BMT,Pano",,21450,Fairer Preis,67000,,11/2016,Benzin,230,,
Volkswagen,Golf,VII Lim.R-Line Allstar/DSG/Xenon/Navi/Tempo,,16499,Fairer Preis,83000,,01/2017,Benzin,125,,
Volkswagen,Golf,2.0 TSI DSG BMT GTI Clubsport NAVI ACC DCC,,25490,Fairer Preis,92890,,04/2016,Benzin,265,,
Mercedes-Benz,A 160,*AUTOMATIK*ELEGAN*TMP*PTS*S-HEFT*SHZ*T-LEDE,,9390,Ohne Bewertung,93145,,02/2010,Benzin,95,,
Volkswagen,Golf,VII Lim.|NAVI|XENON|LED|RÜCKFAHRKAMERA|2.HD,,12999,Ohne Bewertung,90000,,01/2014,Benzin,122,,
Volkswagen,Golf,"VII R *einwandfreier Zustand*, Service neu",,19200,Ohne Bewertung,113000,,07/2014,Benzin,300,,
Volkswagen,Arteon,/Navi/LM-Felgen 8x18/PDC vorne & hinten/,,20490,Fairer Preis,112850,,08/2018,Diesel,150,,
Mercedes-Benz,B 180,d Progressive Automatik LED Navi *Garantie,,22990,Fairer Preis,88285,,12/2019,Diesel,116,,
Volkswagen,Golf,"VII GTI Performance 2.0 TSI, LED, DSG, ACC",,22900,Guter Preis,88000,,07/2018,Benzin,245,,
Volkswagen,Golf,"VII 2.0 TSI R 4M VOLLLEDER,PANORAMA1.HAND",,24780,Fairer Preis,60000,,07/2015,Benzin,300,,
Volkswagen,Golf,VII Lim. Lounge BMT,,14799,Guter Preis,81000,,12/2015,Benzin,110,,
BMW,335,xDrive AHK Leder LED adaptiv GSD ohne Navi A,,26730,Guter Preis,102941,,04/2018,Diesel,313,,
Volkswagen,Golf,VII Lim. Comfortline 2 ZONEN KLIMAAUTOMATIK,,15790,Erhöhter Preis,93300,,03/2017,Benzin,150,,
Volkswagen,Golf,VII Lim. Highline DSG/VIRTUAL/AHK/LED/R-KAM,,17999,Fairer Preis,96600,,01/2018,Benzin,131,,
Volkswagen,Golf,VIII Limo GTD Harman/Kardon Leder Vienna,,30490,Guter Preis,82105,,02/2021,Diesel,200,,
Volkswagen,Golf,VII 1.5 TSI DSG R-line LED Navi Sitzheizung,,20990,Fairer Preis,89789,,07/2018,Benzin,150,,
Volkswagen,Golf,VII Lim. GTI Clubsport BMT.-Aut-Pano-Leder,,21500,Sehr guter Preis,104000,,07/2016,Benzin,265,,
Volkswagen,Golf,2.0 TSI DSG 4MOTION BMT R R ,,23999,Guter Preis,106000,,07/2016,Benzin,300,,
Volkswagen,Golf,VII R BMT 4Motion 1.Hand Xenon Navi DCC,,21499,Sehr guter Preis,83000,,06/2015,Benzin,300,,
Volkswagen,Golf,VII Lim. GTI Performance BMT,,16990,Ohne Bewertung,105000,,02/2014,Benzin,230,,
Volkswagen,Golf,VII Lim. GTI BMT NAVI*GLAS SCHIEBEDACH*,,16890,Guter Preis,116000,,12/2016,Benzin,220,,
Volkswagen,Golf,VII 1.5 TSI R-Line LED Standheizung Navi,,17990,Erhöhter Preis,109987,,10/2017,Benzin,150,,
Volkswagen,Golf,VII 1.0 TSI BMT LED ACC App-Connect AHK,,16950,Fairer Preis,79984,,04/2017,Benzin,110,,
Volkswagen,Golf,R 4MOTION*HGP*Leder*ACC*DCC*2Hd*Pano*DSG,,26000,Guter Preis,106500,,03/2016,Benzin,480,,
Volkswagen,Golf,Lim. 2.0 TSI DSG GTI Nav_Pano_Xenon_KW+Voss,,18850,Fairer Preis,100000,,04/2015,Benzin,220,,
Mercedes-Benz,C 400,Lim 4Matic AMG-Line*Panorama*Totewinkel,,24590,Sehr guter Preis,147000,,10/2015,Benzin,333,,
Volkswagen,Arteon,R-Line*239PS*Leder*Dynaudio*ACC*Virtual*Perlmutt,,29499,Fairer Preis,106000,,09/2019,Diesel,239,,
Volkswagen,Golf,GTI Clubsport 2.0 TSI DSG / Navi,,22875,Fairer Preis,80710,,04/2016,Benzin,265,,
Volkswagen,Golf,2.0 TSI DSG 4MOTION BMT R PANO NAVI DCC DAB,,21490,Ohne Bewertung,120980,,04/2014,Benzin,300,,
Volkswagen,Golf,VII GTI Performance*DSG*NAVI*LEDER*Assist.*,,18990,Sehr guter Preis,81000,,07/2015,Benzin,230,,
Volkswagen,Golf,VII Allstar *1.Hand*Pano*PDC*Temp*Bluet*SHZ,,16480,Guter Preis,73195,,07/2016,Benzin,150,,
Volkswagen,Golf,1.4 TSI BlueMotion Tech Highline *Sportsitz,,12980,Ohne Bewertung,105411,,01/2015,Benzin,125,,
Volkswagen,Golf,VW Golf 2.0 TSI DSG 4MOTION R R,,23999,Ohne Bewertung,84123,,11/2011,Benzin,271,,
Volkswagen,Golf,"GTI Edition 35 DSG*NAVI*LEDER*E-GSD*18""*DCC",,19980,Ohne Bewertung,83615,,05/2012,Benzin,235,,
Volkswagen,Golf,7 DSG R line *ACC*Digital*AHK*DCC*Standhzg.,,22750,Erhöhter Preis,73000,,12/2017,Benzin,150,,
Volkswagen,Golf,1.4TSI VII Highline BiXen PDC R-Line Int/Ex,,17980,Erhöhter Preis,84000,,05/2015,Benzin,150,,
Volkswagen,Golf,GTI VII 2.0 TSI DSG Performance AD El. Pano,,19925,Fairer Preis,110246,,02/2016,Benzin,230,,
Audi,A4,Lim. 35 TFSI S LINE*95TKM*1.HAND*LED*TOP,,25990,Fairer Preis,95000,,06/2021,Benzin,150,,
Volkswagen,Golf,"VII Lim. 1.4 TSI""DSG""Highline BMT""PANO""LED""",,16490,Fairer Preis,114000,,02/2017,Benzin,150,,
Volkswagen,Golf,VII 1.2 TSI DSG Allstar Sitzheizung PDC USB,,14900,Fairer Preis,92377,,01/2017,Benzin,110,,
Volkswagen,Golf,VII 1.2 TSI DSG ALLSTAR 4-TR / STANDHEIZUNG,,14444,Fairer Preis,99000,,10/2016,Benzin,110,,
Volkswagen,Golf,VII 2.0 TSI BMT GTI Performance LED ACC DAB,,23990,Fairer Preis,83528,,08/2018,Benzin,245,,
Audi,A1,1.6TDI basis+KLIMA+BLUETOOTH+PDC,,11900,Erhöhter Preis,87100,,05/2015,Diesel,116,,
Volkswagen,Golf,VIII 1.5 TSI LIFE*LED*DIGITAL*NAVI*PDC*SHZ*,,18699,Fairer Preis,44600,,08/2020,Benzin,131,,
Volkswagen,Golf,1.4 TSI Highline XENON SITZH BLUET PDC,,12950,Ohne Bewertung,82171,,05/2013,Benzin,122,,
Volkswagen,Golf,VII GTI *GARANTIE*LEDER*DYNAUDIO*1.HAND*AHK,,18990,Ohne Bewertung,77401,,03/2015,Benzin,220,,
Volkswagen,Golf,2.0 TSI DSG GTI Clubsport Recaro Serie+,,24500,Fairer Preis,89570,,04/2016,Benzin,265,,
Volkswagen,Golf,VII 1.4 TSI Highline LED Navi ACC Panorama,,19950,Erhöhter Preis,78651,,03/2018,Benzin,150,,
Volkswagen,Golf,VI R 4Motion*BullX AGA*HG Ansaugung*Leder*,,20999,Ohne Bewertung,94387,,05/2011,Benzin,271,,
Volkswagen,Golf,GTI 2.0TSI DSG Navi Xenon PDC Tempomat,,13995,Ohne Bewertung,99980,,03/2011,Benzin,211,,
Volkswagen,Golf,VII GTI Performance DSG Navi Tempomat,,21930,Ohne Bewertung,77186,,03/2015,Benzin,230,,
Volkswagen,Golf,VII LIM. GTI PERFORMANCE BMT *PANO*NAVI*,,18999,Ohne Bewertung,77000,,03/2015,Benzin,230,,
Volkswagen,Golf,"VII 2.0 TSI DSG GTI XENON, NAVI",,19890,Fairer Preis,88250,,12/2015,Benzin,220,,
Volkswagen,Golf,VII GTI Performance*LED*RFK*ACC*DYNAUDIO*,,21995,Fairer Preis,97177,,12/2018,Benzin,245,,
Volkswagen,Golf,Sportsvan 1.4 TSI DSG *SHZ*NAV*ACC*PDC*BX*,,15990,Guter Preis,67549,,07/2015,Benzin,150,,
Volkswagen,Golf,VII Lim. Highline BMT/Start-Stopp R-Line,,16900,Fairer Preis,84300,,10/2017,Benzin,150,,
Volkswagen,Golf,2.0 TSI DSG BMT GTI Performance GTI Per...,,17000,Ohne Bewertung,110000,,08/2014,Benzin,230,,
Volkswagen,Golf,"VII Cup BMT 1.2 TSI AHK schwenkbar, PDC vo+",,12989,Ohne Bewertung,81500,,11/2014,Benzin,110,,
Volkswagen,Golf,VII Lim. Cup 1.4*18 ZOLL*Park Assist*SHZ*,,12500,Ohne Bewertung,86869,,10/2014,Benzin,110,,
Volkswagen,Golf,GTI 2.0 TSI 19Zoll|Pano|GRA|Navi|AHK|Xenon,,15990,Guter Preis,117990,,09/2016,Benzin,220,,
Volkswagen,Golf,R 2.0 TSI DSG *NAVI*DCC*DYNAUDIO*KESSY*,,23450,Fairer Preis,108093,,04/2016,Benzin,300,,
Volkswagen,Golf,VII GTI BMT Navi/Xenon/PDC/Bluetooth/AHK,,16900,Ohne Bewertung,96000,,10/2013,Benzin,220,,
Volkswagen,Golf,Life TSI 110kW*NAVI*HUD*SHZ*LIGHT-ASSIST,,21930,Guter Preis,40808,,08/2020,Benzin,150,,
Volkswagen,Golf,VII 2.0 TSI R,,23900,Fairer Preis,111000,,01/2016,Benzin,300,,
Volkswagen,Golf,VIII 1.5 eTSI DSG STYLE*LED*NAVI*KLIMA*PDC*,,22999,Fairer Preis,43400,,12/2020,Benzin,150,,
Volkswagen,Golf,VI GTI35 DSG.1.Hd.NAV.LEDER.XEN.SHZ.SD.AHK,,19890,Ohne Bewertung,83121,,12/2011,Benzin,235,,
Mercedes-Benz,E 220,d Avantgarde E 220 d KAM NAVI LM SpurH,,27699,Guter Preis,60175,,11/2017,Diesel,194,,
Volkswagen,Polo,2.0 TSI DSG GTI LED Navi ACC Totwinkel PDC,,20950,Fairer Preis,48039,,06/2019,Benzin,200,,
Volkswagen,Golf,"7R 4Motion Pano,Leder,Navi",,21980,Ohne Bewertung,74315,,12/2014,Benzin,300,,
Volkswagen,Golf,1.0 TSI*LED*Keyless*Climatronic*Radio*Isofi,,16480,Guter Preis,49883,,11/2020,Benzin,110,,
Volkswagen,Golf,VI R 4Motion DSG Navi BiXenon 5Türen 19Zoll,,17400,Ohne Bewertung,126601,,06/2011,Benzin,271,,
Volkswagen,Golf,VII Lim. GTI Clubsport*Dynaudio*ACC*R.Kam.*,,22970,Guter Preis,113000,,08/2016,Benzin,265,,
Volkswagen,Golf,1.4 TSI Edition*PANORAMA*LEDER*ACC*LED*1.HD,,13499,Guter Preis,111990,,08/2015,Benzin,125,,
Volkswagen,Golf,"VII R 2.0 TSI 4M ACTIVE-INFO,KEYLESSGO,ACC",,26880,Fairer Preis,89000,,08/2018,Benzin,310,,
Volkswagen,Golf,2.0 TSI GTI Clubsport GTI APR!,,26000,Erhöhter Preis,90200,,04/2016,Benzin,265,,
Volkswagen,Golf,VII 1.0 TSI JOIN Navi Sitzh.,,17540,Hoher Preis,97200,,05/2018,Benzin,110,,
Volkswagen,Golf,VII Lim. Lounge*LED*Bi-Xenon*Navi*6-Gang*,,12480,Fairer Preis,99972,,06/2015,Benzin,110,,
BMW,330,d Edition Sport*Garantie*Schiebedach*Leder*,,16990,Ohne Bewertung,139451,,03/2011,Diesel,245,,
Volkswagen,Golf,VII Lim. GTI Performance BMT *XENON*ACC*,,16990,Ohne Bewertung,102000,,06/2014,Benzin,230,,
Volkswagen,Golf,VII GTI DSG 2.Hand Scheckheft Navi Pano,,23490,Erhöhter Preis,104286,,03/2017,Benzin,230,,
Volkswagen,Golf,VII Lim. R/LEDER/DSG/MMEDIA/KLIMAA,,19990,Ohne Bewertung,120500,,02/2015,Benzin,300,,
Volkswagen,Golf,2.0 TSI BMT GTI Clubsport GTI Clubsport,,23200,Erhöhter Preis,83100,,05/2016,Benzin,265,,
Volkswagen,Golf,VII Lim. Cup BMT 2.Hand SHZ PDC TEMP TOP!,,11990,Ohne Bewertung,95000,,10/2014,Benzin,110,,
BMW,328,i  M.Pak M.Performance  LED LCi   !!!,,20900,Ohne Bewertung,99500,,02/2014,Benzin,245,,
BMW,640,i xDrive M-Sport Ambiente 360° Luft PANO AHK,,34580,Fairer Preis,116654,,10/2018,Benzin,340,,
Volkswagen,Golf,*8*Lim.*Style*1.5 eTSI*DSG*MEMORY*LED*SHZ*LM,,22690,Guter Preis,39254,,07/2020,Benzin,150,,
Volkswagen,Golf,VII R DSG| DYNAUDIO| R.KAMERA| ACC| 2.HAND,,20980,Ohne Bewertung,118800,,11/2014,Benzin,300,,
Volkswagen,Golf,7 GTI Facelift DSG AHK StHz Totwinkel ,,21470,Fairer Preis,90000,,04/2017,Benzin,230,,
Volkswagen,Golf,VII Lim. GTI BMT Automatik,,18000,Fairer Preis,94000,,07/2016,Benzin,220,,
Volkswagen,Golf,VII 1.5 TSI R-Line Standheizung Panorama,,21990,Fairer Preis,69986,,01/2018,Benzin,150,,
Volkswagen,Golf,"VII 1.0 TSI Comfortline, 2.Hand, DSG, Navi",,14880,Erhöhter Preis,100000,,06/2017,Benzin,110,,
Volkswagen,Golf,1.4 TSI #R-Line #AHK #Kamera,,17990,Fairer Preis,89397,,07/2018,Benzin,150,,
Volkswagen,Golf,VII Lim. 1.4 TSI BMT *DSG*NAVI*SHZ*TEMPOMAT,,13490,Ohne Bewertung,118400,,01/2013,Benzin,122,,
Volkswagen,Golf,R*4M*SCHALLE*NAVI*DSG*19ZOLL*KÄFIG*390PS*,,22990,Ohne Bewertung,124000,,07/2012,Benzin,392,,
Volkswagen,Golf,VII Lim. 1.4 Comfortline Standheizung AHK,,17990,Fairer Preis,75507,,11/2017,Benzin,125,,
Volkswagen,Golf,"VII Lim. GTI Clubsport BMT Bi-Xenon, Schale",,25800,Fairer Preis,92000,,03/2017,Benzin,265,,
Audi,A8,4.2 TDI quattro VOLL,,24499,Ohne Bewertung,130000,,09/2012,Diesel,351,,
Volkswagen,Golf,2.0 TSI DSG 4MOTION BMT R R,,23800,Guter Preis,74000,,04/2016,Benzin,300,,
Volkswagen,Golf,4 Motion KW DCC Downpipe BullX Remus W+S Pano,,24799,Ohne Bewertung,120000,,10/2014,Benzin,300,,
Volkswagen,Beetle,Lim.Design BMT--weiss- 2012-2014,,9499,Guter Preis,120000,,07/2014,Benzin,105,,
Volkswagen,Golf,VII GTi Navi Leder 8Fach S.Heft 12m Garantie,,18500,Fairer Preis,83800,,09/2015,Benzin,220,,
Volkswagen,Golf,7R 4Motion|Virtual|CarPlay|Leder|Navi|Kamer,,25000,Fairer Preis,92000,,05/2017,Benzin,310,,
Volkswagen,Golf,VII Lim. R BMT 4Motion Schalter SH-gepfl VW,,19990,Sehr guter Preis,112500,,08/2016,Benzin,300,,
Volkswagen,Golf,VII SOUND 1.0 TSI DSG Navi LED ACC SiHz,,16201,Fairer Preis,95797,,02/2018,Benzin,110,,
Volkswagen,Golf,2.0 TSI DSG 4MOTION BMT R R,,24500,Fairer Preis,78600,,02/2016,Benzin,300,,
Volkswagen,Golf,VII 2.0 TSI R 4Motion BMT Aut.*NAVI*ACC*SHZ,,22600,Fairer Preis,105325,,11/2016,Benzin,300,,
Volkswagen,Golf,GTI Performance 2.0 TSI Xenon Media Winterp,,17280,Fairer Preis,87260,,04/2015,Benzin,230,,
Mercedes-Benz,E 250,CGI BlueEfficiency *COMAND*LED*Wenig KM*,,23500,Ohne Bewertung,39500,,10/2014,Benzin,211,,
Volkswagen,Golf,"VII GTI DSG LED NAVI DAB APPLE CAR 19""",,19950,Fairer Preis,93850,,04/2017,Benzin,230,,
Volkswagen,Golf,VII 2.0 TSI DSG BMT GTI Performance DCC ...,,21500,Guter Preis,84000,,03/2017,Benzin,245,,
Volkswagen,Golf,GTI Performance DSG NAVI+LED+PANO+ACC+VIRTU,,23800,Fairer Preis,103269,,03/2019,Benzin,245,,
Volkswagen,Golf,VII Limo GTI BMT|BI-XENON|AMBIENTE|NAVI|AHK,,16900,Ohne Bewertung,84000,,04/2014,Benzin,220,,
Seat,Leon,2.0TSI Cupra 290+LED+NAVI+DCC+TEMPO,,17450,Guter Preis,92457,,12/2016,Benzin,290,,
Volkswagen,Golf,VII GTI 5trg.*PANO*VIRTUAL*ACC*DCC*KEY*DSG*,,21990,Fairer Preis,86107,,05/2017,Benzin,230,,
Volkswagen,Golf,GTI VII 2.0 AIRRIDE NAVI SHZ PDC,,21970,Erhöhter Preis,86000,,05/2017,Benzin,230,,
Volkswagen,Golf,VII Lim. Trendline BMT,,11900,Ohne Bewertung,86875,,10/2014,Benzin,86,,
Volkswagen,Golf,VII Lim. GTI BMT,,18999,Guter Preis,77000,,03/2015,Benzin,220,,
Volkswagen,Golf,VII Lim. Join R-Line *Navigation*SH*ACC,,16490,Erhöhter Preis,103200,,03/2018,Benzin,125,,
Volkswagen,Golf,2.0 TSI DSG GTI Edition 35 GTI Edition 35,,18200,Ohne Bewertung,104000,,09/2011,Benzin,235,,
Volkswagen,Golf,"VII Lim. GTI BMT""LED""Xenon""2Hand""8xBreifung",,15490,Ohne Bewertung,107299,,09/2013,Benzin,220,,
Volkswagen,Golf,VII Comfortline BMT 1.2 TSI GJR 2-Zonen-Kli,,13290,Fairer Preis,86256,,06/2016,Benzin,110,,
Volkswagen,Golf,VII GTI Performance 2.0 TSI Xenon+Navi+18'',,17950,Fairer Preis,92676,,02/2016,Benzin,230,,
Volkswagen,Golf,2.0 TSI 230pk GTI Performance NL auto! |Nav,,15950,Ohne Bewertung,94650,,03/2014,Benzin,230,,
Volkswagen,Golf,VII Lim. 1.4 TSI Cup BlueMotion PAN/NAV/LED,,14999,Ohne Bewertung,95600,,07/2014,Benzin,122,,
Volkswagen,Golf,2.0 GTI DSG MK7.5 TOP AUSGESTATTET,,22600,Fairer Preis,86000,,06/2017,Benzin,230,,
Audi,S3,Lim Quattro*LED*Navi*Schalensitze*Panorama*,,26980,Guter Preis,139700,,06/2018,Benzin,310,,
Volkswagen,Golf,2.0 TSI BMT GTI GTI,,15500,Ohne Bewertung,108000,,03/2014,Benzin,220,,
Volkswagen,Golf,"VII GTI 2,0 TSI BMT Klima Xenon Navi",,19480,Guter Preis,79000,,11/2015,Benzin,220,,
Volkswagen,Golf,VII GTI Performance SPORTSITZE Xenon 2.HAND,,17800,Fairer Preis,96392,,10/2016,Benzin,230,,
Volkswagen,Golf,VII Lim. GTI 2.0 TSI AHK Standh. Navi SHZ,,21290,Erhöhter Preis,87500,,06/2017,Benzin,230,,
Volkswagen,Golf,"GTI VII 2,0 TSI DSG PANO.DACH+NAVI+R-FAHRKA",,24290,Erhöhter Preis,63748,,07/2017,Benzin,230,,
Volkswagen,Golf,VII 1.4 TSI BMT Comfortline LED ACC PDC,,16490,Fairer Preis,89958,,04/2018,Benzin,125,,
Volkswagen,Golf,2.0 TSI DSG 4MOTION BMT R R,,29000,Hoher Preis,112804,,05/2015,Benzin,396,,
Volkswagen,Golf,VII Lim. GTI DSG Performance*BiXENON*ACC*,,17499,Sehr guter Preis,112000,,12/2015,Benzin,230,,
Volkswagen,Golf,VII Lim. GTI BMT 1.Hand DSG Navi Leder SHZ,,17950,Guter Preis,81950,,07/2015,Benzin,220,,
Volkswagen,Golf,VII 1.2 TSI 63kW BMT,,12300,Ohne Bewertung,79243,,07/2014,Benzin,86,,
Volkswagen,Golf,VII 1.4 TSI Highline XENON+BLUETOOTH+PDCBC,,16960,Fairer Preis,90630,,05/2016,Benzin,150,,
Volkswagen,Golf,GOLF VII GTI PERFORMANCE *XENON*DYNAUDIO*NAVI*,,16499,Ohne Bewertung,85000,,06/2014,Benzin,230,,
Volkswagen,Golf,VII GTI Performance WR+KAMERA+PRIVATVERKAUF,,18637,Guter Preis,108000,,10/2016,Benzin,230,,
Volkswagen,Golf,VIII Lim. GTI/ Leder/Matrix/Standh./1-Hand,,28990,Fairer Preis,66939,,03/2021,Benzin,245,,
Volkswagen,Golf,7 GTI 2.0 TSI*DSG*PANO*DCC*XENON-LED*R.KAM*,,19490,Fairer Preis,122598,,04/2015,Benzin,230,,
Volkswagen,Golf,7 GTD DSG *1.HD*ACC *Pano *DCC *Leder *Navi,,22890,Fairer Preis,74610,,03/2016,Diesel,184,,
Volkswagen,Golf,"2.0 TSI DSG 4MOTION BMT R-Line, Insp.Neu",,18990,Guter Preis,60000,,07/2016,Benzin,292,,
Volkswagen,Golf,7 1.5 TSI R Line *2.HD *18 *ACC *Ambiente,,18800,Erhöhter Preis,110000,,09/2018,Benzin,150,,
Volkswagen,Golf,GTI Perform DSG Pano/Navi+/ACC/Kamera/Alu,,19770,Fairer Preis,105570,,09/2016,Benzin,230,,
Volkswagen,Golf,VII 1.4 TSI Lim Comfortline LED SHZ NAV PDC,,13990,Fairer Preis,99500,,04/2017,Benzin,125,,
Volkswagen,Golf,VII Lim. GTI BMT *Panoramadach*Top Gepflegt,,16850,Guter Preis,106000,,04/2015,Benzin,220,,
Volkswagen,Golf,"VII GTI Matrix LED Scheinwerfer, Panorama",,21800,Fairer Preis,100000,,09/2017,Benzin,230,,
Volkswagen,Golf,"VII 1.2 TSI Allstar BMT  KLIMA, NAVI, TEMPO",,13990,Fairer Preis,86808,,02/2017,Benzin,86,,
Volkswagen,Golf,VII 2.0 TSI GTI,,16990,Guter Preis,105669,,04/2016,Benzin,220,,
Volkswagen,Golf,VII 1.5 TSI Join LED Navi Standheizung ACC,,19490,Erhöhter Preis,76607,,07/2018,Benzin,131,,
Mercedes-Benz,C 250,Exclusice*LED*Ambiente*Navi*AHK*,,20990,Ohne Bewertung,104700,,07/2014,Benzin,211,,
Mercedes-Benz,A 250,"AMG NIGHT COMAND,HARMAN/KARDON,SCHECKHEFT",,19880,Ohne Bewertung,99062,,05/2014,Benzin,211,,
Volkswagen,Golf,1.4 TSI DSG BMT ALLSTAR Standheizung,,18500,Fairer Preis,77000,,03/2016,Benzin,150,,
Volkswagen,Golf,VII R/LED/KAM/ACC/LEDER/AUT/,,25998,Erhöhter Preis,88200,,05/2017,Benzin,310,,
Volkswagen,Golf,VII GTI Performance DSG,,17930,Guter Preis,94290,,05/2016,Benzin,230,,
Volkswagen,Golf,2.0 TSI DSG BMT GTI Performance * 1 HAND *,,16900,Sehr guter Preis,89000,,08/2015,Benzin,230,,
Volkswagen,Golf,2.0 TSI DSG 4MOTION R R,,20000,Ohne Bewertung,72300,,08/2011,Benzin,271,,
Volkswagen,Golf,VII GTI *PANO*AHK*STHZ*LED*AHZ*KAMERA*TEMP,,16990,Ohne Bewertung,113062,,01/2014,Benzin,220,,
Volkswagen,Golf,VII Lim. GTI BMT|NAVI|LEDER|LED|SD,,15900,Ohne Bewertung,90847,,09/2014,Benzin,220,,
Volkswagen,Golf,7 GTI Performance/Sternhimmel/Stage 1/DSG,,16999,Ohne Bewertung,119000,,09/2013,Benzin,230,,
Volkswagen,Golf,"VII 2,0 TSI GTI DSG PANORAMA STDHZG DYNAUDI",,20945,Guter Preis,94240,,09/2017,Benzin,230,,
Volkswagen,Golf,1.4 TSI Highline NAV TEMP XENON SITZH BLUET,,14950,Fairer Preis,71184,,06/2016,Benzin,125,,
Volkswagen,Golf,"VIII 2.0 TSI GTI AHK, MATRIX, H+K, RFK Navi",,26790,Guter Preis,78480,,08/2022,Benzin,245,,
Volkswagen,Golf,"VII GTI Perform. Virtual/Navi/Kam/19""/ACC",,21999,Guter Preis,99878,,06/2019,Benzin,245,,
Volkswagen,Golf,VII Highline*DSG*Pano*ACC*Leder*Cam*Key*Xen,,16498,Ohne Bewertung,84612,,10/2012,Benzin,140,,
Volkswagen,Golf,VII Lim. Lounge BMT PDC gepflegter Zustand,,11990,Guter Preis,102640,,10/2015,Benzin,110,,
Volkswagen,Golf,"GTI DSG Performance Pano, Kamera, Assist",,21999,Guter Preis,67000,,09/2015,Benzin,230,,
Volkswagen,Golf,VII Lim. GTI Performance BMT*Automatik,,18700,Guter Preis,113000,,12/2015,Benzin,230,,
Volkswagen,Golf,GTI BMT*330 PS*,,19890,Sehr guter Preis,78459,,04/2016,Benzin,330,,
Volkswagen,Golf,"VII 2.0 TFSI GTI ""Performance"" BM Aut.*NAVI",,16790,Ohne Bewertung,116019,,03/2015,Benzin,230,,
BMW,118,"d Advantage *Leder*Navi*LED*Automatik*17""*",,18900,Fairer Preis,98150,,03/2019,Diesel,150,,
Volkswagen,Golf,2.0 TSI DSG  GTI Performance Leder Radar,,19999,Fairer Preis,99200,,02/2017,Benzin,230,,
Volkswagen,Golf,GTI 2.0 TSI  VOLL Ausstattung Handschalter!,,25500,Erhöhter Preis,84927,,06/2017,Benzin,230,,
Volkswagen,Golf,"GTI Performance 2.0 TSI DSG 273,-ohne Anzah",,22949,Guter Preis,71823,,08/2018,Benzin,245,,
Volkswagen,Golf,VII GTI 2.0 TSI DSG DCC ACC AHK Bi-Xenon Na,,17990,Ohne Bewertung,74306,,07/2014,Benzin,220,,
Volkswagen,Golf,VII 1.2 TSI Allstar Navi PDC Sitzheizung,,15490,Erhöhter Preis,68855,,08/2016,Benzin,110,,
Mercedes-Benz,A 250,4Matic 211PS Urban Line 7G DCT Kamera Totw,,19499,Ohne Bewertung,103944,,08/2013,Benzin,211,,
Volkswagen,Golf,VII Highline Xenon/T.Leder/DSG/PDC,,15950,Fairer Preis,101700,,02/2016,Benzin,150,,
Volkswagen,Golf,1.0 TSI Comfortline #NAVI #LED #WINTERPAKET,,15460,Erhöhter Preis,96645,,03/2018,Benzin,110,,
Volkswagen,Golf,VII 2.0 TSI GTI BMT Aut.*NAVI*XENON*PDC*,,17460,Guter Preis,110435,,06/2016,Benzin,220,,
Volkswagen,Golf,VII Lim. Highline BMT 1.4 TSI DSG*XENON*NAV,,15690,Ohne Bewertung,104000,,02/2013,Benzin,122,,
Volkswagen,Golf,7 GTI Performance TÜV und Inspektion neu,,19000,Fairer Preis,123000,,06/2015,Benzin,230,,
Volkswagen,Golf,"VII Lim. Allstar 1.4 TSI, NAVI*PDC*SHZ*GRA",,13830,Sehr guter Preis,78368,,09/2016,Benzin,150,,
Volkswagen,Golf,VII GTI 2.0 | Navi| Full-LED| Pano | Kamera,,18888,Guter Preis,116500,,07/2018,Benzin,230,,
Volkswagen,Golf,2.0TDI Limo DSG Life+LED+NAVI+VIRTUAL+PANO,,24850,Fairer Preis,69133,,03/2022,Diesel,150,,
Volkswagen,Golf,VII R line BiXenon Navi Unfallfrei 2.Hand,,13200,Ohne Bewertung,122000,,09/2014,Benzin,150,,
BMW,330 Gran Turismo,/ LED / LEDER / KAMERA,,20999,Fairer Preis,105000,,09/2015,Benzin,252,,
Volkswagen,Golf,VII*1.6*TDI*Lim*DSG*Cup*Kamera*NAVI*SHZ*AHK,,15555,Ohne Bewertung,107000,,06/2014,Diesel,105,,
Volkswagen,Golf,2.0 TSI DSG GTI Edition 35,,19990,Ohne Bewertung,71450,,06/2011,Benzin,235,,
Audi,A6,3.0 TFSI Quattro SHADOWL 360°KAM ACC SHZ ,,19888,Ohne Bewertung,92222,,07/2013,Benzin,333,,
Volkswagen,Golf,"VII R BMT 4Motion 2,0 Ltr.-301PS TSI",,22000,Ohne Bewertung,129122,,12/2014,Benzin,300,,
Volkswagen,Golf,VII 2.0 GTI LED Dynaudio ACC Kamera DAB PDC,,18990,Fairer Preis,129167,,05/2017,Benzin,230,,
Volkswagen,Golf,VII 2.0 GTI Performance Bi-Xenon Tempomat,,16990,Fairer Preis,129414,,08/2016,Benzin,230,,
BMW,320,i Limo Steptronic Advantage+LED+NAVI+VIRTUAL,,26990,Fairer Preis,53419,,11/2019,Benzin,184,,
Volkswagen,T-Roc,T-ROC Sport Sport 1.5 TSI OPF 110 kW 7-Gang-DSG,,24730,Fairer Preis,48433,,01/2020,Benzin,150,,
Volkswagen,Golf,2.0 TSI #GTI #Navi #Tempomat,,16990,Ohne Bewertung,125485,,03/2017,Benzin,220,,
Volkswagen,Golf,1.5 TSI DSG Join NAVI RFK KEYLESS PANO LED,,19650,Fairer Preis,76625,,10/2018,Benzin,131,,
Volkswagen,Polo,"Highline (Highline*Navi*Keyless*PDC) 1,0 TS",,17899,Fairer Preis,85000,,09/2020,Benzin,116,,
Volkswagen,Golf,GTI Performance 2.0 TSI AMBIENTE/TEMPOMAT/S,,23490,Fairer Preis,99800,,08/2019,Benzin,245,,
Volkswagen,Golf,VII 2.0 GTI |HU/AU|NAVI|XENON|SHZG,,14990,Ohne Bewertung,96000,,09/2013,Benzin,220,,
Volkswagen,Golf,GTI DSG,,20399,Guter Preis,89500,,10/2017,Benzin,230,,
Volkswagen,Golf,R VII 2.0 TSI 310 PS 4M RLED ACC DCC DYNAUD,,24790,Fairer Preis,98009,,12/2017,Benzin,310,,
Volkswagen,Golf,VII Lim. Cup Xenon Kamera Panorama Dach,,12950,Ohne Bewertung,121981,,06/2014,Benzin,122,,
Volkswagen,Golf,VII Lim. Lounge 1.2 TSI Benzin Klima PDC,,11450,Fairer Preis,106000,,04/2015,Benzin,86,,
Volkswagen,Golf,VII 2.0 TSI GTI LED Navi ACC Dynaudio PDC,,21990,Fairer Preis,68613,,06/2018,Benzin,230,,
Volkswagen,Golf,R 2.0 TSI DSG 4MOTION BMT ,,25500,Fairer Preis,109000,,01/2017,Benzin,300,,
Volkswagen,Golf,VII 2.0 TSI BMT GTI Performance ,,16599,Guter Preis,76500,,07/2015,Benzin,230,,
Volkswagen,Golf,VII Lim. Highline BMT - Automatik,,14990,Ohne Bewertung,96000,,06/2013,Benzin,122,,
Volkswagen,Golf,VII 2.0l TSI GTI Performance BMT Klima,,14980,Ohne Bewertung,98633,,08/2013,Benzin,230,,
Volkswagen,Golf,2.0 TSI 4 MOTION 6 Gang Handschalter ,,23750,Fairer Preis,65500,,10/2015,Benzin,300,,
Volkswagen,Golf,2.0 TSI BMT GTI DSG/VOLL/PANO/STERNENHIMMEL,,16900,Ohne Bewertung,116000,,05/2014,Benzin,220,,
Volkswagen,Golf,VII Lim. GTI BMT Xenon/Navi/SHZ/Gewinde/APR,,18900,Fairer Preis,88236,,12/2016,Benzin,220,,
Volkswagen,Golf,VII 2.0 TSI 220 DSG GTI Nav Pano ACC LaneAs,,18488,Guter Preis,99998,,12/2016,Benzin,220,,
Volkswagen,Golf,VII R 4Motion 2.0 TSI BMT *Kamera SHZ Navi*,,26990,Erhöhter Preis,90620,,07/2017,Benzin,360,,
Mercedes-Benz,S 500,BE CGI NAVI+MEMORY+SCHIEBEDACH-MASSAGESITZ,,22980,Ohne Bewertung,96100,,09/2011,Benzin,435,,
Volkswagen,Golf,VII GTI 2.0 TSI AHK Standh. LED Navi Bluet.,,21890,Erhöhter Preis,87000,,06/2017,Benzin,230,,
Volkswagen,Golf,VII Lim. GTI BMT*Navi/Kamera*,,14999,Ohne Bewertung,98000,,07/2014,Benzin,220,,
BMW,330 Gran Turismo,"330dA GT xDrive M-SPORT HUD KAMERA ADAP.LED 19""",,26900,Guter Preis,112987,,12/2018,Diesel,258,,
Volkswagen,Golf,Cup BMT 1.4 TSI Start-Stopp VII  Parklenkas,,11980,Ohne Bewertung,76000,,06/2014,Benzin,122,,
Volkswagen,Golf,"VII Highline BMT,Sitzheiz.,PDC, Klimaaut.",,10900,Ohne Bewertung,105000,,04/2014,Benzin,140,,
Volkswagen,Golf,1.2 TSI BlueMotion Technology Cup,,10980,Ohne Bewertung,85980,,04/2014,Benzin,86,,
Volkswagen,Caddy,1.4 TSI BMT Highline 1.4 TSI BMT Highline,,22980,Erhöhter Preis,95800,,03/2017,Benzin,125,,
Volkswagen,Golf,GTI Performance *2.HD/DSG/PANO/RFK/NAV/ACC*,,23790,Guter Preis,85900,,07/2019,Benzin,245,,
Volkswagen,Golf,VII Lim. Highline BMT*AHK*,,14980,Ohne Bewertung,96696,,08/2014,Benzin,150,,
Volkswagen,Golf,VII Lim. Highline Navi Bi-Xenon SHZ Tempoma,,12175,Guter Preis,107200,,03/2016,Benzin,125,,
Volkswagen,Golf,"VII Lim. GTI BMT ""Nur 86200KM""",,16300,Guter Preis,86200,,06/2016,Benzin,220,,
Volkswagen,Golf,2.0 TSI DSG BMT GTI ,,17000,Guter Preis,102600,,12/2016,Benzin,220,,
Volkswagen,Golf,2.0 TSI GTI Performance GTI Performance,,20500,Fairer Preis,88000,,11/2017,Benzin,245,,
Volkswagen,Golf,VII Lim. 1.4 TSI BMT Cup,,14970,Ohne Bewertung,94500,,10/2014,Benzin,150,,
Volkswagen,Golf,VII Lim. Cup BMT/KAMERA/NAVI/PANO/AUTOMATIK,,15999,Ohne Bewertung,73582,,03/2014,Benzin,140,,
Volkswagen,Golf,VII Cup,,13890,Ohne Bewertung,92200,,04/2014,Benzin,105,,
Volkswagen,Golf,VII GTI 5 türig Autom Leder Panorama Kamera,,16990,Sehr guter Preis,82700,,12/2015,Benzin,211,,
Volkswagen,Golf,VII 1.5 TSI DSG SOUND LED NAVI 16 PANO DYNA,,19350,Fairer Preis,65000,,11/2017,Benzin,150,,
Volkswagen,Golf,VII Highline  /MASSAGE/BIXEN/NAVI/SHZ/TEMPO,,14490,Ohne Bewertung,108900,,04/2013,Benzin,122,,
Mercedes-Benz,E 250,CGI 7G BlueEfficiency 2.Hand*LED*H/K*PDC*,,17950,Ohne Bewertung,97772,,10/2013,Benzin,211,,
Volkswagen,Golf,VI R-Line 4Motion~Leder~Xenon~PDC~SHZ~199kW,,26199,Ohne Bewertung,69200,,06/2012,Benzin,271,,
Volkswagen,Golf,VII Lim.GTI Performance BMT/Start-Stopp*TCR,,23990,Guter Preis,85478,,12/2017,Benzin,245,,
Volkswagen,Golf,VII Lim *Tempom*Sitzh.*2-Z-Klimaauto*PDC,,10900,Ohne Bewertung,106600,,04/2013,Benzin,86,,
Mercedes-Benz,CLA 200,Urban*Pano-AHK-Xenon- Navi-PDC*,,20990,Fairer Preis,110100,,04/2015,Benzin,156,,
Volkswagen,Golf,"VII Lim. Highline BMT ""HU/AU+Service""",,13990,Ohne Bewertung,94855,,11/2014,Benzin,150,,
BMW,118,1 Lim. 118 d Advantage/Driv.Ass/Park.Ass,,22500,Guter Preis,79448,,10/2020,Diesel,150,,
Volkswagen,Golf,VII 1.4 TSI HIGHLINE R-LINE SPORT PANORAMA,,12777,Ohne Bewertung,123000,,06/2013,Benzin,122,,
Mercedes-Benz,CLA 200,AMG-LINE XENON/NAV/SHZ/PTS/VIELSPEICHE,,17870,Ohne Bewertung,96212,,07/2013,Benzin,156,,
Mercedes-Benz,C 200,"AVANTGARDE SCHIEBEDACH,SCHECKHEFT,TEMPOMAT",,17880,Ohne Bewertung,92712,,10/2013,Benzin,184,,
Volkswagen,Golf,VI GTI Edition 35/DSG/DEUTSCH/LIEBHABER/Dyn,,15499,Ohne Bewertung,130000,,10/2011,Benzin,235,,
Volkswagen,Golf,1.2 TSI Allwetter SHZ PDC Navi,,10950,Ohne Bewertung,84420,,07/2014,Benzin,86,,
Volkswagen,Golf,R 4Mot.*DSG*SPORTSITZE*LED*CARBON,,25890,Guter Preis,84000,,09/2017,Benzin,310,,
Volkswagen,Golf,VII 1.2 TSI BMT Lounge/Navi/Klima/GRA/2xPDC,,11950,Sehr guter Preis,83207,,01/2016,Benzin,110,,
Volkswagen,Golf,VII 2.0 TSI BMT GTI Performance ACC Pano,,24899,Fairer Preis,99512,,09/2019,Benzin,245,,
Mercedes-Benz,A 45 AMG,4Matic *Perfomance Sitze*Night-Paket*,,27999,Ohne Bewertung,95200,,05/2014,Benzin,360,,
Volkswagen,Golf,VII LIM. R BMT 4MOTION / TOP ZUSTAND /,,23990,Erhöhter Preis,117673,,10/2016,Benzin,300,,
Volkswagen,Golf,VII Highline BMT Automatik+2 JAHRE GARANTIE,,17450,Fairer Preis,89614,,04/2017,Benzin,150,,
BMW,118,i Advantage +PANO+NAVI+TEMPO+KLIMA+SHZ+PDC+,,18995,Fairer Preis,65652,,03/2021,Benzin,136,,
Volkswagen,Golf,"VII 2,0 GTI Performance BMT/Automatik/Navi",,18590,Ohne Bewertung,68465,,06/2014,Benzin,230,,
Volkswagen,Golf,VII GTI Panorama/Sitzhzg/Alcantara/Xenon,,16990,Guter Preis,89000,,07/2016,Benzin,220,,
Volkswagen,Golf,"VII Lim. Comfortline 1.4TSI PDC,NSW,Klima",,10950,Ohne Bewertung,110344,,10/2013,Benzin,122,,
Audi,A3,Sportback 35 TFSI+sTronic+NAVI+Xenon+ACC+PDC,,20450,Fairer Preis,67536,,11/2019,Benzin,150,,
Volkswagen,Golf,VII Lim. Sound/NAVI/SzHz/ACC/PDC/KLIMAAUTO,,13790,Guter Preis,93900,,10/2017,Benzin,125,,
Volkswagen,Golf,VII Lim. Lounge *XENON*SITZHZ*TEMPOMAT*PDC*,,14950,Erhöhter Preis,85300,,09/2015,Benzin,150,,
Volkswagen,Golf,GTI Performance  2.0 TSI DSG *LED*NAVI*ACC*,,24990,Fairer Preis,77836,,07/2017,Benzin,245,,
Volkswagen,Golf,VII GTI Performance,,16950,Fairer Preis,112000,,08/2016,Benzin,230,,
BMW,428 Gran Coupé,428i  Gran Coupé xDrive|Luxury|LED|NAVI|H&K|HUD,,25990,Ohne Bewertung,76239,,03/2014,Benzin,245,,
Mercedes-Benz,C 180,CGI AMG-Line|LED|TOTWINKEL|KEYGO|NAVI|PDC|,,22490,Ohne Bewertung,115000,,01/2015,Benzin,156,,
Volkswagen,Golf,1.4 TSI DSG ALLSTAR SITZHZG KAMERA ACC AHK,,17960,Erhöhter Preis,77097,,10/2016,Benzin,125,,
Mercedes-Benz,A 45 AMG,Sport Line AT Navi APS COMAND El. Panod,,24980,Ohne Bewertung,77320,,07/2014,Benzin,360,,
BMW,328,i xDrive M-Sportpaket Head-Up Leder LED Alar,,22480,Ohne Bewertung,104250,,07/2016,Benzin,245,,
BMW,435,Baureihe 4 Gran Coupe 435 i,,23990,Ohne Bewertung,116980,,02/2015,Benzin,306,,
Mercedes-Benz,E 350,"AVANTGARDE GLASDACH,LEDILS,COMAND,1.HAND",,25880,Ohne Bewertung,78404,,03/2014,Benzin,306,,
Volkswagen,Golf,"VII Lim. GTI Clubsport, Leder, Schalter",,22790,Guter Preis,74000,,11/2016,Benzin,265,,
Volkswagen,Golf,VII Lim. Lounge BMT*R-LINE*SHZ*DSG*SPH,,15999,Fairer Preis,94000,,03/2016,Benzin,150,,
Volkswagen,Golf,VII Lim. GTI Performance*VIRTUEL*NAVI*LED*,,21450,Fairer Preis,114000,,09/2017,Benzin,245,,
Volkswagen,Golf,GTI Performance *Stzhng*Temp*Kamera*,,19900,Sehr guter Preis,60000,,07/2017,Benzin,220,,
Volkswagen,Golf,7 Cup DSG Navi SHZ Klima Auto Hold,,13480,Ohne Bewertung,99174,,04/2014,Benzin,105,,
Volkswagen,Golf,7.5 GTI Performance  mit TOP Ausstattung ,,25000,Fairer Preis,80500,,10/2017,Benzin,245,,
Volkswagen,Golf,VII  GTI Performance BMT Schiebedach DSG,,18990,Fairer Preis,119350,,02/2016,Benzin,230,,
Volkswagen,Golf,7 2.0TDI 150PS Highline Keyless ACC Pano,,14499,Ohne Bewertung,99414,,09/2012,Diesel,150,,
Volkswagen,Golf,7 GTI Performance -Facelift ohne OPF,,21500,Guter Preis,80600,,11/2017,Benzin,245,,
Volkswagen,Golf,VII Sportsvan 1.4 TSI BMT Allstar *NAVI AHK,,14980,Fairer Preis,97776,,04/2016,Benzin,125,,
Volkswagen,Golf,VII GTI*CLUBSPORT*APR*RECARO*PANO*LED*347PS,,21950,Sehr guter Preis,73000,,10/2016,Benzin,265,,
Mercedes-Benz,A 250,*3x AMG* Pano* 1 Hand * Kamera*,,19900,Ohne Bewertung,77700,,07/2013,Benzin,211,,
Volkswagen,Golf,VII Lim. Lounge BMT TÜV 06/2026,,10890,Fairer Preis,98336,,09/2015,Benzin,110,,
Volkswagen,Golf,VII Lim. Cup BMT*PDC*AHK*TOP ZUSAND*BI-XE,,14690,Ohne Bewertung,106450,,04/2014,Benzin,122,,
Volkswagen,Golf,GTI Clubsport BMT SHZ+PDC+SCHECKHEFT+BI-XENON,,21490,Guter Preis,68500,,10/2016,Benzin,265,,
Volkswagen,Golf,VII Lim. Highline Xenon Panorama ACC AHK,,14990,Sehr guter Preis,88720,,04/2015,Benzin,150,,
Volkswagen,Golf,VII Lim. Cup BMT DSG Navi Open Sky Busines,,13990,Ohne Bewertung,86883,,01/2015,Benzin,110,,
Volkswagen,Golf,VII GTI Performance~Navi~Xenon~PDC~SHZ~,,17099,Guter Preis,75200,,07/2015,Benzin,220,,
Volkswagen,Golf,VII R BMT 4Motion Navigation Xenon,,20999,Sehr guter Preis,118000,,11/2016,Benzin,300,,
Volkswagen,Golf,2.0 TSI BMT GTI Performance GTI Performance,,16400,Ohne Bewertung,69000,,07/2013,Benzin,230,,
BMW,750,i M/Sportpaket*ACC*LED*aus 2.Hand*Top Zustand,,25990,Ohne Bewertung,117880,,09/2013,Benzin,449,,
Volkswagen,Golf,VII 1.4 TSI LED Navi Kamera AHK Sitzheizung,,18990,Erhöhter Preis,61997,,09/2017,Benzin,125,,
Volkswagen,Golf,7 GTI Performance Voll-LED+Virt.Displ.+Navi,,20440,Guter Preis,77529,,08/2017,Benzin,245,,
Mercedes-Benz,C 200,"3x AMG PARKLENKASSIST,NAVI,SCHECKHEFT,LED",,23480,Fairer Preis,80000,,10/2015,Benzin,184,,
Volkswagen,Golf,VII 1.2 TSI Allstar,,11520,Guter Preis,92700,,06/2016,Benzin,110,,
Mercedes-Benz,C 350,CGI 3.5 306PS AMG-Line 4-Matic ILS ,,19999,Ohne Bewertung,92182,,07/2011,Benzin,306,,
Volkswagen,Golf,VII Highline BMT PDC 18 ZOLL,,14999,Fairer Preis,89000,,06/2015,Benzin,122,,
Volkswagen,Golf,2.0 TSI DSG GTI GTI,,24500,Erhöhter Preis,108000,,09/2017,Benzin,230,,
Mercedes-Benz,C 180,Avantgarde*Navi*,,18990,Sehr guter Preis,92504,,11/2015,Benzin,156,,
Volkswagen,Golf,VII Lim. GTI Performance BMT/Start-Stopp,,22490,Fairer Preis,84800,,10/2019,Benzin,245,,
Volkswagen,Golf,1.5 TSI ACT DSG Sound Sound,,20900,Ohne Bewertung,112370,,11/2017,Benzin,150,,
BMW,335,i M-PAKET Keyless HeadUp HarmanKardon Kamera,,23990,Guter Preis,164000,,07/2016,Benzin,306,,
Mercedes-Benz,C 180,156PS Exclusive 7G Night Business Navi LED,,18999,Guter Preis,104364,,09/2015,Benzin,156,,
Mercedes-Benz,B 250,"*Automatik*Panorama*Navi*PDC*AHK 1,5t",,18999,Ohne Bewertung,113347,,03/2014,Benzin,211,,
Volkswagen,Golf,VII Lim. Allstar BMT 1 HAND PDC SHZ,,14300,Fairer Preis,68535,,08/2016,Benzin,110,,
Audi,A5,Sportback 40 TFSI sport | AHK | MMI+ | FIS ,,27890,Fairer Preis,69000,,02/2019,Benzin,190,,
Mercedes-Benz,CLA 200,AMG-Paket  Bi-Xenon Leder SH Kamera StHz,,16990,Ohne Bewertung,94350,,09/2013,Benzin,156,,
Volkswagen,Golf,"VI R 4Motion 2.0 TSI, CUP2 Reifen/ Schalens",,27900,Ohne Bewertung,67000,,03/2012,Benzin,271,,
Volkswagen,Golf,VII Lim. 2.0 TSI GTI DSG PANO+AHK+LED+SHZ,,21990,Guter Preis,93500,,06/2018,Benzin,230,,
Volkswagen,Golf,VII Lim. Comfortline BMT,,14200,Ohne Bewertung,90000,,06/2013,Benzin,122,,
Volkswagen,Golf,"7 1,4 TSI Cup / SHZ / NAVI / Klimaa.",,15350,Ohne Bewertung,82000,,03/2015,Benzin,125,,
Volkswagen,Golf,VII 1.4TSI ACT Cup XENON STANDHEIZUNG NAVI,,14900,Ohne Bewertung,75132,,04/2014,Benzin,140,,
Volkswagen,Golf,VII 1.5 TSI Join LED Navi Sitzheizung PDC,,19490,Fairer Preis,65626,,04/2018,Benzin,150,,
Volkswagen,Golf,VII R Lim*4Motion*PANO*VIRTUAL*DYNAUDIO*LED,,23990,Sehr guter Preis,82300,,02/2018,Benzin,310,,
Volkswagen,Golf,GTI Performance BMT Xenon / Pano ,,15990,Ohne Bewertung,117808,,02/2014,Benzin,230,,
Volkswagen,Golf,1.6 TDI SCR DSG + ACC+AHK+CAM+CARPLAY+SHZ+,,19890,Fairer Preis,39357,,07/2019,Diesel,116,,
Mercedes-Benz,B 180,"BE DCT+Wippen*neuer 19""Radsatz*Navi*Sitzhz",,16999,Ohne Bewertung,97207,,06/2014,Benzin,122,,
Volkswagen,Golf,VII R 2.0 TSI DSG 4Motion *PANO*KAMERA*DYNA,,27990,Erhöhter Preis,86987,,08/2017,Benzin,310,,
Volkswagen,Golf,1.4 TSI DSG BMT LOUNGE/Bi-Xenon,,13999,Guter Preis,99600,,09/2015,Benzin,150,,
Volkswagen,Golf,VII Lim.DSG1.4 Panoramad.Navi Massage Leder,,13950,Ohne Bewertung,94000,,10/2013,Benzin,140,,
Volkswagen,Golf,Join 1.5 TSI DSG *2.HD *Digital *ACC *Kam ,,19900,Erhöhter Preis,70000,,10/2018,Benzin,131,,
Volkswagen,Golf,"VII 2.0 TSI GTI Performance NAVI, KLIMA",,18945,Guter Preis,92170,,08/2017,Benzin,245,,
Volkswagen,Golf,VII Lim. Highline BMT ACC PANO 19Zoll,,15900,Ohne Bewertung,117000,,03/2013,Benzin,122,,
Volkswagen,Golf,VII 2.0 TSI GTI Performance Leder Standheiz,,23822,Fairer Preis,77000,,05/2017,Benzin,245,,
Volkswagen,Golf,"VII Lim. GTI Performance BMT neue 19"" Alu",,19410,Fairer Preis,74413,,09/2016,Benzin,230,,
Volkswagen,Golf,"VII Lim. GTI Performance BMT neue 19"" Alu",,19410,Erhöhter Preis,74413,,09/2016,Benzin,230,,
Volkswagen,Golf,VII 2.0 TSI GTI Performance BMT,,21800,Fairer Preis,61900,,11/2015,Benzin,230,,
Mercedes-Benz,C 200,*Navi*AHK*Teil-Leder*MB Scheckheft*2. Hand,,16880,Ohne Bewertung,95390,,04/2014,Benzin,184,,
Volkswagen,Golf,1.4 TSI 92kW BMT R-Line*Temp*Navi*Xenon*RFK,,15699,Guter Preis,94999,,12/2016,Benzin,125,,
Volkswagen,Golf,VII AKRA|PANO|FULL OPTION,,26995,Ohne Bewertung,91477,,01/2018,Benzin,310,,
Volkswagen,Golf,VII GTI 2.0 TSI BMT SPORTABGASANLAGE LED,,19990,Guter Preis,103527,,10/2017,Benzin,230,,
Volkswagen,Golf,VII Lim. GTI BMT,,14350,Ohne Bewertung,114000,,07/2014,Benzin,220,,
Volkswagen,Polo,1.0 TSI R-LINE*LED*NAVI*KAMERA*19ZOLL,,18815,Guter Preis,53500,,09/2020,Benzin,116,,
Volkswagen,Golf,GTI 2.0 TSI BI-XENON BT KLIMA SHZ 2.HAND,,15890,Guter Preis,103600,,12/2016,Benzin,220,,
Audi,S3,2.0 TFSI quattro/ 3tür./Schaltgetriebe/LED,,22290,Ohne Bewertung,98250,,02/2014,Benzin,300,,
Volkswagen,Golf,GTI Performance PDC Xenon ALU,,16990,Fairer Preis,81793,,07/2016,Benzin,230,,
Volkswagen,Golf,GTI Performance|AHK|Standh.|DCC|Dynaudio|,,23880,Sehr guter Preis,72200,,03/2019,Benzin,245,,
Volkswagen,Golf,"GTI DSG *Navi,VC,ACC,APP,Sitzhzg,Klimatr*",,21980,Fairer Preis,82500,,10/2017,Benzin,230,,
BMW,335,i Automatik /KomplettVoll!/M-PerformanceAbgas,,22900,Ohne Bewertung,117126,,12/2011,Benzin,306,,
Volkswagen,Golf,VII Lim. GTI BMT/AUTOMATIK/FACELIFT/59TKM//,,23750,Erhöhter Preis,78373,,07/2017,Benzin,230,,
Mercedes-Benz,E 400,4Matic AMG-Line AHK/Burmester/360/Pano/HUD,,37700,Fairer Preis,102893,,06/2018,Benzin,333,,
Mercedes-Benz,B 220,4M Style 7G LED Navi *Garantie*,,23990,Sehr guter Preis,43365,,04/2019,Benzin,190,,
Audi,A6,1.8TFSI ultra  Autom. Business Navi BT Tempo,,18990,Guter Preis,95918,,10/2015,Benzin,190,,
Volkswagen,Golf,7 VII 1.4 TSI Lounge Xenon Navi AHK,,13980,Guter Preis,97630,,11/2015,Benzin,150,,
Volkswagen,Golf,VII R 4Motion 2.0 TSI BMT *KAMERA SHZ NAVI*,,26990,Ohne Bewertung,111233,,09/2017,Benzin,310,,
Volkswagen,Golf,2.0 TDI BlueMotion Technology Cup ,,14360,Ohne Bewertung,110000,,03/2014,Diesel,150,,
Volkswagen,Golf,"VII ""TCR"" MTM AKRAPOVIC+19""+LED+NAVI",,26949,Fairer Preis,92612,,09/2019,Benzin,351,,
Volkswagen,Golf,VII Lim. GTI 2.0 TSI BMT; NAV StndHz nonOPF,,16850,Guter Preis,94266,,01/2017,Benzin,220,,
Volkswagen,Golf,2.0 TSI 4MOTION BMT R R,,24600,Guter Preis,67950,,12/2016,Benzin,300,,
Mercedes-Benz,E 200,Lim. CGI BlueEfficiency Garantie*Navi*,,16990,Ohne Bewertung,103853,,06/2013,Benzin,184,,
Volkswagen,Golf,"7 GTI Clubsport, DSG, 265 PS, 3-Türer",,24999,Fairer Preis,68000,,04/2016,Benzin,265,,
Volkswagen,Golf,1.5 TSI DSG  R-Line Navi Pano AHK,,27950,Fairer Preis,53000,,02/2021,Benzin,150,,
Volkswagen,Golf,VII Comfortline BlueMotion AHK Navi Klimaau,,16780,Guter Preis,80685,,11/2018,Benzin,131,,
Volkswagen,Golf,"VII GTI 2.0 TSI Performance DSG, NAVI, PANO",,25270,Guter Preis,74443,,04/2019,Benzin,245,,
Volkswagen,Golf,7 Clubsport 2.0 TSI*1.HAND*Recaro*Unfallfrei,,25799,Guter Preis,75000,,01/2017,Benzin,265,,
Volkswagen,Golf,VI R 4Motion,,19490,Ohne Bewertung,127000,,07/2011,Benzin,271,,
Volkswagen,Golf,VII Lim. 1.4 TSI DSG Allstar XENON/AHK/NAVI,,14990,Fairer Preis,108000,,04/2016,Benzin,125,,
Volkswagen,Golf,VII 1.4 TSI Comfortline *AHK*Navi*Klima*,,15525,Fairer Preis,98631,,05/2016,Benzin,150,,
Volkswagen,Golf,VII GTI DSG; AID/NAV/LED/1.HD/White Silver,,19450,Guter Preis,83201,,07/2017,Benzin,231,,
Volkswagen,Golf,BMT  Start-Stopp VII 1.4 TSI Cup,,13430,Ohne Bewertung,108165,,03/2014,Benzin,122,,
Volkswagen,Golf,VII GTD 2.0 TDI RÜCKFAHRKAMERA+NAVI+ANHÄNGE,,13980,Ohne Bewertung,106900,,02/2014,Diesel,184,,
Mercedes-Benz,A 250,*Sondermodell*AMG*Sport*Shz*Night Paket,,23669,Fairer Preis,94500,,11/2016,Benzin,218,,
Volkswagen,Golf,Sportsvan VII Highline BMT/Start-Stopp,,13950,Ohne Bewertung,100000,,10/2014,Benzin,150,,
Mercedes-Benz,CLA 200,"*AMG-LINE*BI XENON-NIGHT-SHZ-NAVI-LM 18""",,19970,Erhöhter Preis,108257,,02/2016,Benzin,156,,
Volkswagen,Golf,VII GTD*SPORT&SOUND*PANO*SPUR*T.WIN*STNDHZ,,17490,Sehr guter Preis,119689,,01/2016,Diesel,184,,
Volkswagen,Golf,VW Golf 7 1.4 TSI *PDC*Xenon*Klimaaut.,,13990,Ohne Bewertung,88000,,05/2014,Benzin,140,,
Volkswagen,Golf,Sportsvan 1.4TSI*Highline*AHK*MULTI*DSG*SHZ,,13980,Ohne Bewertung,89850,,09/2014,Benzin,125,,
Volkswagen,Golf,GTI Clubsport DSG (Motorumbau) ,,29999,Erhöhter Preis,90500,,07/2016,Benzin,408,,
Volkswagen,Golf,VII R Line 1.4 TSI Highline Gewindefahrwerk,,12950,Ohne Bewertung,97000,,08/2014,Benzin,150,,
Volkswagen,Golf,1.4 TSI ACT DSG ,,15600,Fairer Preis,92000,,01/2017,Benzin,150,,
Opel,Astra,K 1.4 Turbo INNOVATION Automatik VOLL,,15950,Ohne Bewertung,72582,,04/2016,Benzin,150,,
Volkswagen,Polo,VI Highline KLIMA NAVI SHZ PDC LED 1 HAND,,13990,Fairer Preis,75000,,12/2019,Benzin,95,,
Mercedes-Benz,A 180,BlueEfficiency*3J.Garantie*TÜVNEU*86TKM*,,18490,Fairer Preis,86651,,10/2015,Benzin,122,,
Volkswagen,Golf,VII Lim. GTD Aut./1Hd/Navi/Bi-Xen/Alcan/AHK,,17280,Ohne Bewertung,125712,,11/2013,Diesel,184,,
BMW,430,i Gran Coupe Luxury Line *HEAD-UP*ACC*LEDER*,,20980,Sehr guter Preis,108040,,09/2016,Benzin,252,,
Volkswagen,Golf,VII 1.4 TSI Allstar BMT Aut.*NAVI*TEMPO*,,15130,Fairer Preis,85302,,07/2016,Benzin,125,,
Volkswagen,Golf,*8*Lim.*Sport*1.5*eTSI*DSG*LED*SHZ*ACC*PDC,,22840,Guter Preis,32387,,07/2020,Benzin,150,,
Volkswagen,Beetle,"1.2 TSI CUP PANORAMA,NAVI,BI-XENON,1.HAND",,16880,Ohne Bewertung,74887,,10/2014,Benzin,105,,
Volkswagen,Golf,Sportsvan VII Highline BMT*1.HAND*AHK*XENON,,13999,Ohne Bewertung,90032,,11/2014,Benzin,125,,
Volkswagen,Golf,VII 1.4 TSI Lounge *SHZ PDC*,,13980,Ohne Bewertung,87297,,10/2015,Benzin,125,,
Volkswagen,Golf,VII Sound 1.4 TSI LED NAVI GJR,,14440,Fairer Preis,116000,,10/2017,Benzin,125,,
BMW,535,Baureihe 5 Gran Turismo 535 i xDrive,,22950,Sehr guter Preis,121256,,04/2015,Benzin,306,,
Mercedes-Benz,A 180,Street Style Automatik-Bi-Xenon-AMG Line,,17771,Fairer Preis,87154,,06/2015,Benzin,122,,
Volkswagen,Golf,VII Lim. GTI Performance Sport BMT Navi LM,,18610,Fairer Preis,74413,,09/2016,Benzin,230,,
Audi,A4,Lim. 2.0 TFSI 1.Hand Navi Tempomat Sitzh.,,19950,Fairer Preis,83856,,11/2015,Benzin,190,,
Volkswagen,Golf,"VII Lim. GTI BMT, Tuning , LED , NAVI",,19991,Guter Preis,99998,,06/2018,Benzin,299,,
Volkswagen,Golf,VII Lim. Allstar * 1.2 TSI * 110 PS *,,12288,Guter Preis,109100,,01/2017,Benzin,110,,
Audi,A5,Sportback 40 TDI quattro sport /NAVI/LED/ACC/,,28990,Fairer Preis,113000,,06/2019,Diesel,204,,
Mercedes-Benz,C 250,CGI *LED*NIGHT PAKET*EXCLUSIVE*NAVI*19'',,21990,Guter Preis,99300,,12/2016,Benzin,211,,
Volkswagen,Golf,VII Lim. Cup BMT *NAVI*KLIMA*PDC*SZHZ*,,10499,Ohne Bewertung,82131,,01/2015,Benzin,86,,
Volkswagen,Golf,Cup Autom Navi Klima Sitzhg PDC ,,13900,Ohne Bewertung,86600,,04/2014,Benzin,105,,
Mercedes-Benz,A 250,4Matic AMG Sport Edition Navi LED SHZ RFK,,22400,Guter Preis,91500,,12/2016,Benzin,218,,
Volkswagen,Golf,2.0 TSI BMT GTI GTI,,19400,Guter Preis,78000,,10/2017,Benzin,230,,
Volkswagen,Golf,VII Lim. GTI Performance*BI-XENON*AHK*NAVI*,,18949,Fairer Preis,99000,,11/2017,Benzin,230,,
Volkswagen,Golf,R-Line Highline 1.5 TSI DSG Navi LED ACC,,20444,Fairer Preis,77000,,07/2019,Benzin,150,,
Audi,A4,Lim. quattro*Blth*Navi/MMI/NAVI/AHK/DSG,,19999,Fairer Preis,106662,,02/2016,Benzin,252,,
Volkswagen,Golf,VII 1.6 TDI Comfortline GJR SHZ,,13490,Ohne Bewertung,104000,,11/2013,Diesel,105,,
Volkswagen,Golf,VII Comfortline 1.2 TSI Klima LM PDC,,11930,Fairer Preis,87061,,01/2017,Benzin,86,,
Mercedes-Benz,A 200,"d AMG Line, Distronic, LED, PANO",,17990,Fairer Preis,135000,,05/2016,Diesel,136,,
Volkswagen,Golf,7 GTI Clubsport | DSG | Recaro | Originalz.,,28300,Fairer Preis,75250,,06/2016,Benzin,265,,
Volkswagen,Golf,VII GTI 2.0 TSI DSG Performance | NAVI |,,22900,Fairer Preis,85139,,01/2020,Benzin,245,,
BMW,418 Gran Coupé,i+M-SportPaket+LED+Leder+Kamera,,24985,Ohne Bewertung,93000,,02/2017,Benzin,136,,
Mercedes-Benz,CLA 180 Shooting Brake,+SHZ,,18995,Erhöhter Preis,98250,,06/2016,Benzin,122,,
Volkswagen,Golf,VII 2.0 TSI DSG GTI Klima Navi,,22990,Fairer Preis,90775,,09/2018,Benzin,230,,
Volkswagen,Golf,"6 GTI 2,0 ""ADIDAS"" Sondermodell LIMITIERT!",,13480,Ohne Bewertung,103600,,03/2012,Benzin,211,,
Mercedes-Benz,A 250,BlueEfficiency Garantie*Panorama*Sport-S.*,,18950,Sehr guter Preis,88418,,04/2016,Benzin,211,,
Volkswagen,Golf,VII Lim. Highline - DSG - SH - PANO - NAVI,,13990,Ohne Bewertung,86200,,12/2012,Benzin,140,,
Volkswagen,Golf,VII Lim. Comfortline BMT,,13490,Ohne Bewertung,93091,,05/2013,Benzin,122,,
Volkswagen,Polo,sehr guter Zustand! TÜV bis 03/2027!,,14599,Guter Preis,57614,,10/2018,Benzin,95,,
Volkswagen,Golf,1.0 TSI OPF Join R-Line Paket,,17975,Fairer Preis,71700,,10/2018,Benzin,116,,
Volkswagen,Golf,GOLF R 4M +KLIMA+LEDER+LED+R19+EINPARKHILFE+TOP+,,29870,Ohne Bewertung,63600,,04/2017,Benzin,310,,
Mercedes-Benz,E 200,"CGI BE Avantgarde, 2.Hand, 7G, Leder",,17440,Ohne Bewertung,88000,,03/2012,Benzin,184,,
Volkswagen,Golf,VII 1.4 TSI Comfortline*DSG*Bi-Xenon*Navi*,,13990,Ohne Bewertung,76900,,03/2013,Benzin,140,,
Volkswagen,Golf,VII Lim. GTI BMT / 2.Hand / NAVI / XENON,,16990,Guter Preis,117000,,04/2016,Benzin,220,,
Volkswagen,Golf,"1.4 TSI 190,-ohne Anzahlung Klima Parkpilot",,15949,Fairer Preis,64668,,06/2017,Benzin,125,,
Mercedes-Benz,C 200,CGI 184PS AMG Sport HUD Memory ACC VOLL,,28999,Ohne Bewertung,83702,,04/2014,Benzin,184,,
Volkswagen,Golf,6 1.4 TSI Lim. Match*AHK*PDC*SHZ*1.HAND*,,9900,Ohne Bewertung,93000,,06/2012,Benzin,122,,
Volkswagen,Golf,VII Lim. GTI BMT 302ps Xenon,,14900,Ohne Bewertung,116200,,04/2014,Benzin,302,,
Mercedes-Benz,A 200,AMG BlueEfficiency *XENON*PANO*ALCANTARA,,17690,Ohne Bewertung,79490,,08/2014,Benzin,156,,
Mercedes-Benz,CLA 180,CLA CLA 180 AMG LINE * NAVI LED Night Paket*,,17740,Ohne Bewertung,81900,,03/2015,Benzin,122,,
Mercedes-Benz,C 180,7GT AVANTGARDE ILS COMAND ESD C 63 AUSPUFF,,21900,Guter Preis,107922,,10/2016,Benzin,156,,
Volkswagen,Golf,VII Lim. GTI Performance TÜV NEU,,15950,Guter Preis,115000,,08/2016,Benzin,230,,
Volkswagen,Golf,VII 1.4 TSI 150 DSG  NEW MODEL DYNAUDIO LED,,18900,Fairer Preis,99900,,12/2017,Benzin,150,,
Volkswagen,Golf,VII 1.2 TSI DSG Lim. Cup BMT,,14550,Ohne Bewertung,74000,,11/2014,Benzin,110,,
Volkswagen,Golf,GTI Performance 2.0 TSI DSG  Navi LED PDC L,,23930,Fairer Preis,79808,,11/2019,Benzin,245,,
Ford,Focus,FOCUS ST-LINE KLIMA+NAVI+LED+HUD+DAB+ACC+ALU+TÜV,,16980,Sehr guter Preis,76900,,12/2018,Benzin,182,,
Volkswagen,Golf,VII 2.0 TSI GTI Performance*DSG*DCC*uvm.,,21950,Fairer Preis,112100,,05/2018,Benzin,245,,
Volkswagen,Golf,VII 1.4 TSI Highline,,12490,Ohne Bewertung,93270,,01/2014,Benzin,140,,
Mercedes-Benz,C 180,"CGI Avantgarde, LED, Leder, Navi, GSHD",,17440,Ohne Bewertung,80000,,06/2014,Benzin,156,,
Volkswagen,Golf,VII Allstar Navi Sitzhz LED PDC vo+ht Alus,,13950,Guter Preis,92885,,04/2016,Benzin,150,,
Volkswagen,Golf,VII 2.0 TSI GTI Performance LED Alcantara,,24990,Guter Preis,77662,,09/2019,Benzin,245,,
Volkswagen,Golf,VII GTI TCR|AKRAPOVIC|VIRTUAL|ALCANTARA|DSG,,26999,Fairer Preis,90000,,11/2019,Benzin,290,,
Volkswagen,Golf,VII Lim. GTI Performance BMT*VollLeder*Navi,,18650,Fairer Preis,124552,,01/2016,Benzin,230,,
Volkswagen,Golf,"VII GTI°Pano°ACC°LED°PDC°SHZ°PDC°Klima°18""",,13980,Sehr guter Preis,99700,,07/2015,Benzin,220,,
Volkswagen,Beetle,Fender Edition+BI-XENON+NAVI+LEDER+PANO,,14490,Ohne Bewertung,105000,,04/2013,Benzin,105,,
Mercedes-Benz,A 250,"URBAN PANO,COMAND,AHK,BIXENON,PARKLENK.",,18880,Ohne Bewertung,73668,,01/2014,Benzin,211,,
BMW,218 Gran Coupé,218iA GRAN COUPE * NAVIGATION * ALU * LEDER *LED,,21301,Guter Preis,83000,,04/2021,Benzin,136,,
BMW,320,3 Lim. 320 d Sport Line/Harman-Kardon/Laser,,26900,Guter Preis,114528,,11/2020,Diesel,190,,
Volkswagen,Golf,VII Lim. Comfortline BMT,,14589,Ohne Bewertung,72000,,03/2014,Benzin,140,,
Volkswagen,Golf,"VII 1.4 TSI Highline Standheiz. LED ACC 19""",,14770,Fairer Preis,125000,,04/2017,Benzin,125,,
Volkswagen,Golf,VII  GTI .REMUS.OETTINGER.TCR DIFFUSOR,,19999,Guter Preis,104000,,07/2018,Benzin,230,,
Mercedes-Benz,A 200,A Klasse 200 Score*Pano*Kam*Led*Tempo*,,18950,Guter Preis,107053,,04/2016,Benzin,156,,
Volkswagen,Beetle,2.0 TSI DSG Sport Xenon Panoramadach,,24500,Ohne Bewertung,83579,,02/2014,Benzin,220,,
Volkswagen,Golf,1.5 eTSI Style+DSG+NAVI+LED+ACC+PDC,,23570,Guter Preis,64590,,10/2022,Benzin,150,,
Volkswagen,Golf,VII Lim. GTI Performance BMT LED NAVI PDC,,16999,Fairer Preis,117500,,12/2016,Benzin,230,,
Volkswagen,Golf,"VII Lim. 2.0 TDI Highline 4Motion Xenon 18""",,18990,Ohne Bewertung,82500,,10/2014,Diesel,150,,
BMW,118,i M Sport 5-TÜRER LED NAVI SHZ AUTOM. PDC,,19990,Fairer Preis,82620,,09/2016,Benzin,136,,
Volkswagen,Golf,VII Lim. 1.4 TSI DSG R-LINE*NAV*TEMP*XENON,,15990,Fairer Preis,109000,,08/2016,Benzin,125,,
Mercedes-Benz,A 180,BLUEEFFICIENCY/AMG-LINE/KAMERA/LED/SHZ/,,17490,Fairer Preis,104200,,10/2015,Benzin,122,,
Volkswagen,Golf,2.0 TSI DSG GTI Performance ohneOPF TÜV neu,,22900,Fairer Preis,84000,,08/2018,Benzin,245,,
Mercedes-Benz,B 180,BlueEFFICIENCY 122 PS Automatik LED Navi,,16450,Fairer Preis,99500,,03/2015,Benzin,122,,
BMW,340,i xDrive Advantage DE-FHZ/2.HAND/KEYLESS/...,,28380,Guter Preis,107850,,11/2015,Benzin,326,,
Volkswagen,Golf,2.0 TSI DSG GTI,,21500,Fairer Preis,115000,,10/2017,Benzin,230,,
Volkswagen,Golf,"VII Cup R-LINE, NAVI, SITZHEIZUNG, 2x PDC",,13990,Ohne Bewertung,75522,,07/2014,Benzin,110,,
Mercedes-Benz,B 200,AMG+NIGHT+LED+COMAND+PTS+SPIEGEL+SITZHZG.,,17490,Fairer Preis,95768,,01/2016,Benzin,156,,
Volkswagen,Golf,2.0 TSI DSG GTI Performance GTI Performance,,21900,Guter Preis,99500,,06/2018,Benzin,245,,
Volkswagen,Golf,VII 2.0 GTI LED Navi Business-Paket uvm,,19492,Guter Preis,83196,,04/2018,Benzin,230,,
Volkswagen,Golf,VII Lim. Lounge BMT 1.2 TSI DSG NAVI AHK,,13999,Fairer Preis,91600,,08/2015,Benzin,110,,
Volkswagen,Golf,VII Allstar 5türig Aut Navi Allwetterreifen,,14990,Fairer Preis,89370,,05/2016,Benzin,125,,
Volkswagen,Golf,VII GTI Performance*Navi*LED*RFK*DCC*ACC*,,19990,Fairer Preis,113500,,09/2017,Benzin,245,,
Volkswagen,Golf,VI **GTI** NAVI/PANO/XENON/4Door,,13900,Ohne Bewertung,78000,,08/2012,Benzin,211,,
Volkswagen,Golf,VII Cup BMT 1.4 TSI Business-Paket,,13990,Ohne Bewertung,82200,,08/2014,Benzin,125,,
Volkswagen,Golf,VII Lim. Comfortline *ALU-Felgen*Navi-Touch,,12950,Ohne Bewertung,97265,,03/2014,Diesel,150,,
Volkswagen,Golf,VII Lim.*CUP*Navi*AHK*PDC*Scheckheft*1. HD,,9950,Guter Preis,110000,,07/2014,Benzin,125,,
Volkswagen,Golf,"1.4 TSI Lim. Highline 2 x R Line Xenon 17""",,15490,Erhöhter Preis,106400,,02/2017,Benzin,125,,
Volkswagen,Golf,2.0 TSI DSG 4MOTION R R,,23200,Guter Preis,120000,,06/2017,Benzin,310,,
Volkswagen,Golf,GOLF VII  BMT  RENTNER 1. BESITZ,,9990,Fairer Preis,109919,,09/2014,Benzin,86,,
Volkswagen,Golf,VII Lim.R 4Motion/1HAND/SHZ/VOLL-ASSIST/ACC,,22950,Ohne Bewertung,133000,,03/2015,Benzin,300,,
Volkswagen,Golf,VII Lim. GTI Performance BMT-Navi-SHz-Xenon,,15990,Sehr guter Preis,83708,,09/2016,Benzin,230,,
Volkswagen,Golf,VII DSG Massage Navi Leder Xenon SHZ PDC,,13499,Ohne Bewertung,78040,,05/2013,Benzin,122,,
Volkswagen,Golf,VII Lim Comfortline BMT Automatik/Vollleder,,12490,Ohne Bewertung,99980,,01/2013,Benzin,122,,
Volkswagen,Golf,Plus VI Highline Sitzhz Standhz PDC,,6650,Ohne Bewertung,121771,,06/2009,Benzin,122,,
Volkswagen,Golf,VII Lim. GTI Top Fahrzeug Finanzierung mögl,,19500,Guter Preis,84124,,05/2018,Benzin,230,,
BMW,116,Baureihe 1 Lim. 116i,,7490,Ohne Bewertung,100000,,02/2011,Benzin,122,,
Volkswagen,Golf,"VII 1.2 TSI BMT Lounge, 1.Hand, Bi-Xenon",,11450,Fairer Preis,119000,,08/2015,Benzin,110,,
Volkswagen,Golf,1.2 TSI BMT*Comfortline* DSG Pano LED Cam,,14400,Fairer Preis,86000,,10/2015,Benzin,110,,
Volkswagen,Golf,GTI 2.0 TSI | DSG | Navi | Standheizung,,21280,Guter Preis,92650,,06/2018,Benzin,230,,
Volkswagen,Golf,VII 2.0 GTI Performance APR ACC LED DYNAUDI,,20480,Guter Preis,99987,,05/2018,Benzin,245,,
Volkswagen,Golf,VII GTI 2.0 TSI DSG Clubsport APR-Exhaust R,,19990,Guter Preis,141000,,11/2016,Benzin,265,,
Volkswagen,Golf,VII GTI Performance*STHZG*LEDER*KEYLESS*AHK,,24790,Guter Preis,75800,,09/2019,Benzin,245,,
Volkswagen,Golf,1.4 TSI Lim. Lounge BMT/Klima/SHZ/PDC,,13799,Fairer Preis,95000,,08/2015,Benzin,125,,
Volkswagen,Golf,2.0 TSI DSG GTI GTI,,23450,Fairer Preis,86000,,05/2018,Benzin,230,,
Volkswagen,Golf,VII 1.6 TDI DSG Lounge AHK NAVI XENON PDC G,,13950,Guter Preis,95000,,12/2015,Diesel,110,,
Volkswagen,Golf,GOLF DSG 5-TÜRER LIMOUSINE 1.HAND KLIMA SITZHEIZ,,13450,Fairer Preis,95296,,02/2016,Benzin,110,,
Volkswagen,Golf,Style 1.5 TSI First Edition Matrix-LED Pano,,18530,Fairer Preis,98150,,12/2019,Benzin,150,,
Volkswagen,Golf,VII Lim. Allstar BMT/NAV/PDC/SHZ/TEMPOMAT,,12800,Fairer Preis,122000,,07/2016,Benzin,150,,
Volkswagen,Golf,1.0 TSI VII/Sound/BMT/CarPlay/Alu/ACC/SHZ/,,11999,Guter Preis,94445,,07/2017,Benzin,110,,
Volkswagen,Golf,VII Lim. 1.2 TSI Automatik Klimaautomatik,,13900,Fairer Preis,99845,,06/2016,Benzin,110,,
BMW,135,M135i Allrad 306 PS,,28990,Ohne Bewertung,68000,,06/2021,Benzin,306,,
Volkswagen,Golf,7 R 4M DSG *19 *Akra *Digital *ACC,,29900,Erhöhter Preis,100000,,04/2019,Benzin,300,,
Volkswagen,Golf,"VI 2.0 TSI ""Edition 35"" Bi-Xenon Parkp. Sit",,14990,Ohne Bewertung,110000,,09/2011,Benzin,235,,
Mercedes-Benz,E 450,4Matic Sdach*360°*Comand*18*LED*AHK*Distro,,35390,Sehr guter Preis,74445,,06/2019,Benzin,367,,
Volkswagen,Beetle,2.0 TSI*GSR*DSG*Bi-Xenon*Sonderedition*,,19990,Ohne Bewertung,103000,,12/2014,Benzin,211,,
Volkswagen,Golf,VII 1.2 TSI DSG Cup,,15450,Ohne Bewertung,73348,,02/2015,Benzin,110,,
Volkswagen,Golf,VII GTI + Standheizung + DSG + Navi,,20900,Fairer Preis,100000,,06/2018,Benzin,230,,
Volkswagen,Golf,VII 1.4 TSI DSG Comfortline,,12990,Ohne Bewertung,99500,,10/2013,Benzin,122,,
Volkswagen,Golf,VII GTI Performance 2.0 TSI *perfekter Zust,,25780,Fairer Preis,59600,,03/2018,Benzin,245,,
Volkswagen,Golf,VII Highline 1.5 TSI Navi+LED+AHK+Pano+VC+K,,19980,Fairer Preis,76376,,08/2017,Benzin,150,,
Volkswagen,Golf,VII R 4Motion Leder Pano ACC Virtual Kamera,,28800,Guter Preis,104774,,07/2019,Benzin,300,,
Volkswagen,Golf,R VII Lim.Automatik Panorama-Dach 4Motion,,30450,Fairer Preis,81201,,10/2018,Benzin,310,,
Volkswagen,Golf,"VII Lim. Join Automatik, Navi, Standheizung",,13990,Sehr guter Preis,109904,,04/2018,Benzin,125,,
BMW,420 Gran Coupé,420i Gran Coupé/M Sport/SAG/Kamera/Sportlenkung,,23790,Guter Preis,89000,,06/2017,Benzin,184,,
Volkswagen,Golf,VII Lim. Comfortline BMT,,12700,Ohne Bewertung,86534,,11/2014,Benzin,122,,
Volkswagen,Golf,"VII 2.0 TDI 4M KAMERA,STANDHZ,ACC,LED,NAVI",,21880,Fairer Preis,77565,,01/2018,Diesel,150,,
BMW,550,i Alpina- Look Navi- Prof. Xenon Harman- Kar,,29980,Ohne Bewertung,103500,,07/2012,Benzin,405,,
Audi,A3,SB 1.8 TFSI quattro S tronic ambition GRA,,16930,Ohne Bewertung,86500,,06/2014,Benzin,179,,
Volkswagen,Golf,VII 1.4 Automatik|1.Hand|Kamera|AHK|Navi,,12990,Ohne Bewertung,96000,,04/2013,Benzin,122,,
Volkswagen,Golf,VII Lim. Lounge BMT Automatik Klima MFL PDC,,13999,Fairer Preis,91900,,11/2015,Benzin,110,,
Mercedes-Benz,C 180,CGI Lim 7G-Autom. LED Navi  ParkAssist LED,,16990,Ohne Bewertung,80469,,10/2014,Benzin,156,,
BMW,118,i Advantage LED Navi PDC Tempomat Schiebedach,,16990,Fairer Preis,101785,,03/2016,Benzin,136,,
Volkswagen,Golf,"VII GTI 2,0 TSI Performance Navi Virtual",,21450,Sehr guter Preis,82434,,08/2018,Benzin,245,,
Volkswagen,Golf,R 4M DSG *Virtual *DCC *Pano *DynA. *19Zoll,,31990,Fairer Preis,71000,,05/2017,Benzin,310,,
Volkswagen,Golf,VII Lim. Cup BMT,,13990,Ohne Bewertung,112154,,09/2014,Benzin,125,,
Volkswagen,Golf,1.4 TSI BMT CUP-NAVi-XENON-1.HAND,,14750,Ohne Bewertung,75300,,10/2014,Benzin,125,,
Volkswagen,Golf,VII Highline 1.5 LED - Navi - PDC - Sitzhei,,17990,Fairer Preis,84150,,02/2018,Benzin,150,,
Volkswagen,Golf,VII Lim. Join 1.5 TSI BMT AHK Panoramadach,,17900,Guter Preis,68100,,09/2018,Benzin,150,,
Volkswagen,Golf,VII Lim. Lounge BMT*Automatik*Sitzhz*AHK*,,14990,Fairer Preis,75720,,04/2015,Benzin,110,,
Volkswagen,Golf,1.5TSI R-Line Highline ACC LED PanoramaSchi,,18995,Fairer Preis,72350,,04/2019,Benzin,150,,
Volkswagen,Golf,VII Lim. 1.4 TSI DSG/Xen/Nav/Kam/Key/StHz,,14999,Guter Preis,73000,,10/2015,Benzin,125,,
Volkswagen,Golf,GOLF VII 2.0 TSI GTI BMT PERFORMANCE SUPER OPTIK,,19750,Fairer Preis,114000,,10/2017,Benzin,230,,
Volkswagen,Golf,VII 1.2 TSI Comfortline*PDC*KLIMA*uvm.,,12450,Ohne Bewertung,86505,,04/2013,Benzin,86,,
Volkswagen,Golf,Sportsvan VII Lounge ParkAssist Sitzheizung,,14800,Fairer Preis,76970,,03/2016,Benzin,125,,
Volkswagen,Golf,VII Lim. GTI BMT/Oryxweiß Perlmutteffekt,,18900,Ohne Bewertung,61000,,10/2014,Benzin,220,,
BMW,320,i 2.0 184PS xDrive Automatik Navi PDC,,15749,Ohne Bewertung,108604,,03/2013,Benzin,184,,
Volkswagen,Golf,VII GTI 2.0 TSI Pano DCC Dynaudio LED Nav K,,19970,Fairer Preis,120128,,10/2017,Benzin,230,,
Volkswagen,Golf,7 VII 1.4 TSI R Line ACC LED Navi Pano Stan,,15280,Guter Preis,101218,,05/2017,Benzin,150,,
Volkswagen,Golf,2.0 GTI Perf DSG DCC PANO DYNAUDIO KEYLESS,,24900,Guter Preis,82000,,03/2018,Benzin,245,,
Audi,A3,Sportback S-line*LED*SHZ*PDC*ACC*Leder*Navi,,16495,Ohne Bewertung,89197,,06/2014,Benzin,179,,
Volkswagen,Golf,VII 1.0 TSI DSG APP NAVI ACC,,14980,Fairer Preis,94600,,04/2017,Benzin,110,,
Audi,A4,"2.0 tfsi quattro Automatik , Inspektion Neu",,18490,Fairer Preis,84000,,01/2016,Benzin,220,,
Volkswagen,Golf,GTI Performance DSG*LED*VIRTUAL*,,22990,Fairer Preis,78829,,01/2020,Benzin,245,,
Volkswagen,Golf,R Lim. 4Motion DSG/LED/Navi/Kamera/KW V2,,24900,Guter Preis,116900,,10/2017,Benzin,310,,
Volkswagen,Golf,1.4 TSI DSG BMT Highline Highline,,14500,Ohne Bewertung,116500,,01/2013,Benzin,140,,
BMW,420 Gran Coupé,420dA GC M SPORT KAMERA LED NAVI HARMAN/K LEDER,,26980,Fairer Preis,66400,,11/2018,Diesel,190,,
Volkswagen,Golf,"VII 1.2 TSI ""ALLSTAR"" *KLIMA*SH*LM*WR*",,10750,Guter Preis,107400,,06/2016,Benzin,86,,
Volkswagen,Golf,2.0 TSI DSG 4MOTION /DTH ab Turbo,,25700,Ohne Bewertung,58100,,04/2014,Benzin,480,,
Volkswagen,Golf,2.0 TSI BMT GTI Performance/NAVI/XENON/LED/,,14700,Ohne Bewertung,119000,,10/2013,Benzin,230,,
Volkswagen,Golf,VII Lim. Highline BMT,,14900,Ohne Bewertung,68000,,04/2014,Benzin,122,,
Mercedes-Benz,E 200,AMG+Leder+Navi+Xenon+Scheckheft MB+TÜV neu,,17998,Ohne Bewertung,117951,,01/2013,Benzin,184,,
Volkswagen,Golf,VI Highline R-Line Dynaudio Navi SHZ PDC!,,9990,Ohne Bewertung,99750,,09/2011,Benzin,160,,
Audi,A4,"Limousine 1.4 TFSI S LINE 18Z VIRTUAL,MATRIX",,21880,Fairer Preis,78374,,06/2016,Benzin,150,,
Mercedes-Benz,A 180,A A 180 Automatik Kamera Navi Led ,,16440,Guter Preis,95098,,10/2015,Benzin,122,,
Volkswagen,Golf,VII Lim. GTI BMT*1.HAND*NAVI*,,18900,Fairer Preis,54000,,04/2017,Benzin,220,,
BMW,530,i Aut. Sport Line Navi Kamera LED Klimaaut.,,29900,Erhöhter Preis,139000,,01/2020,Benzin,252,,
Volkswagen,Golf,VII Sportsvan 1.4 TSI Allstar XENON TEMPO,,14970,Erhöhter Preis,81600,,03/2016,Benzin,125,,
Volkswagen,Golf,VII Lounge Navi PDCvh Pano R-Line 18'' SHZ,,12990,Fairer Preis,107006,,07/2015,Benzin,110,,
Volkswagen,Golf,VII 1.4 TSI Lounge BMT DSG,,13990,Guter Preis,89000,,12/2015,Benzin,125,,
Volkswagen,Golf,VII 1.4 TSI DSG Navi Kamera SHZ ACC,,18490,Guter Preis,63364,,06/2018,Benzin,125,,
BMW,430 Gran Coupé,430 i|Sport Line|AutomatikHead-up,,22900,Sehr guter Preis,120160,,05/2016,Benzin,252,,
Volkswagen,Golf,VII High. BMT Navi*Pano*LED*Massage*1.HD,,13990,Ohne Bewertung,115000,,01/2014,Benzin,140,,
Mercedes-Benz,C 350,"e AIRMATIC,PANO,360GRAD,ILSLED,SCHECKHEFT",,22880,Fairer Preis,90000,,06/2017,Benzin,211,,
Audi,A3,Sportback 1.8 TFSI Ambition*quattro*SHZ*,,9450,Ohne Bewertung,112870,,12/2010,Benzin,160,,
Mercedes-Benz,A 250,A -Klasse EXKLUSIV-PAKET/Automatik/LED,,18490,Sehr guter Preis,88600,,09/2016,Benzin,211,,
Audi,A4,Lim. Ambiente Aut./ Xenon/Teilleder/SHZ/PDC/,,15600,Ohne Bewertung,96000,,10/2013,Benzin,120,,
Volkswagen,Golf,VII Lim.Cup BMT-Panorama-Sitzheiz-1.Hand,,12950,Ohne Bewertung,100000,,11/2014,Benzin,86,,
Volkswagen,Golf,VII Lim. Comfortline *Bi-XENON*PDC*TOUCH*,,8999,Guter Preis,94342,,07/2013,Benzin,86,,
Volkswagen,Golf,VII 1.5 TSI IQ.DRIVE LED Navi ACC Kamera,,22950,Fairer Preis,24595,,10/2019,Benzin,150,,
Volkswagen,Golf,VII Performance 2.0 TSI Panodach Navi Kamer,,23590,Fairer Preis,80278,,04/2018,Benzin,245,,
BMW,M135,"i - Liebhaberfahrzeug, Erstbesitz",,24000,Ohne Bewertung,95000,,06/2014,Benzin,320,,
Volkswagen,up!,club up!'AUTOMATIK',,9500,Sehr guter Preis,60802,,07/2016,Benzin,75,,
Volkswagen,Golf,2.0TFSI DSG GTI Pirelli 2.HAND  nur 92Tkm!,,19990,Ohne Bewertung,92260,,11/2008,Benzin,230,,
Volkswagen,Golf,7 GTI Clubsport /NAVI/LED/PANO/CAM/GARANTIE,,21990,Guter Preis,143000,,01/2017,Benzin,265,,
Volkswagen,Beetle,1.4 TSI DESIGN FENDER EDITION / XENON /,,13577,Ohne Bewertung,98000,,03/2013,Benzin,160,,
Audi,A4,"Lim. design,SD,APS Plus,Kamera,AHK el,+WR",,17900,Fairer Preis,105400,,02/2016,Benzin,252,,
Volkswagen,Golf,VII 1.4 TSI /SITZHZ/PDC/KLIMAAUTOMATIK/,,14350,Fairer Preis,78087,,04/2015,Benzin,150,,
Volkswagen,Golf,1.4 16V TSI ACT Lounge,,13480,Ohne Bewertung,107000,,03/2015,Benzin,150,,
Volkswagen,Golf,Sportsvan VII Lounge 1.4TSI Navi/Xenon/SHZ,,13790,Erhöhter Preis,108400,,06/2015,Benzin,125,,
Volkswagen,Golf,GTI | Panorama | Scheckheft | 8 fach | TÜV ,,23990,Fairer Preis,88600,,08/2018,Benzin,230,,
Mercedes-Benz,A 180,A180 Score+Automatik+Kamera+SHZ+LED+Tempomat,,18490,Fairer Preis,84300,,07/2016,Benzin,122,,
Volkswagen,Passat CC,4Motion,,19999,Ohne Bewertung,96777,,04/2014,Benzin,299,,
Volkswagen,Passat,4Motion,,19999,Ohne Bewertung,96777,,04/2014,Benzin,299,,
Volkswagen,CC,4Motion,,19999,Ohne Bewertung,96777,,04/2014,Benzin,299,,
Volkswagen,Golf,VII Lim. Comfortline BMT,,12990,Ohne Bewertung,85889,,04/2014,Benzin,140,,
Volkswagen,Golf,VII 5Türer DSG*ABT AGA*ACC*DYNAUDIO*StdHz*,,18880,Fairer Preis,127812,,02/2016,Benzin,220,,
Mercedes-Benz,A 250,"AMG SPORT EDITION NIGHT,PARKLENKASSIST,19Z",,22380,Fairer Preis,78424,,11/2016,Benzin,218,,
Volkswagen,Golf,VII GTI 2.0 TSI NAVI+19-Zoll,,19990,Ohne Bewertung,93521,,07/2018,Benzin,230,,
Mercedes-Benz,A 45 AMG,4Matic*Performance*LED*Night*Keyless,,27800,Fairer Preis,108000,,05/2016,Benzin,381,,
Volkswagen,Golf,"1,5 TSI Highline/XENON/Start-Stopp/1.HAND",,16999,Erhöhter Preis,108000,,07/2017,Benzin,150,,
Volkswagen,Golf,"GTI 2.0TSI Navi LED 19"" Kamera",,27490,Fairer Preis,39988,,06/2021,Benzin,245,,
Volkswagen,Golf,VII Lim. GTI BMT,,16800,Guter Preis,77043,,12/2016,Benzin,220,,
Volkswagen,Golf,"GTI DSG LED Alu 18""  BMT/Start-Stopp",,19300,Fairer Preis,118060,,07/2017,Benzin,230,,
BMW,118,i Top Zustand! TÜV bis 03/2027!,,14599,Guter Preis,135715,,07/2018,Benzin,136,,
Volkswagen,Golf,VII 1.4 TSI Highline XENON Sitzhzg. PDC,,14950,Fairer Preis,84475,,02/2017,Benzin,150,,
Audi,A4,2.0 TFSI 190 PS Basis Ultra Xenon R-Cam Navi,,18999,Guter Preis,78530,,12/2015,Benzin,190,,
Volkswagen,Golf,1.2 TSI BlueMotion Technology Cup,,12999,Ohne Bewertung,89000,,12/2014,Benzin,105,,
Volkswagen,Golf,"GOLF VII R DSG 4Motion, VIRTUAL, DCC, NO OPF",,25990,Fairer Preis,94465,,07/2018,Benzin,310,,
Volkswagen,Golf,VII Lim.1.2 TSI Comfortline/AHK/2x R-Line,,13890,Fairer Preis,95700,,03/2016,Benzin,110,,
Volkswagen,Golf,VII Lim. Highline BMT PDC Scheckheft gepfl.,,11900,Ohne Bewertung,93000,,03/2013,Benzin,140,,
Volkswagen,Golf,VII Lim. 1.2 TSI Comfortline,,8950,Guter Preis,95000,,07/2014,Benzin,86,,
Volkswagen,Golf,VII GTI Performance *ACC*Virtual*Keyless*,,20490,Fairer Preis,121500,,06/2017,Benzin,245,,
Volkswagen,Golf,VII 1.4 TSI 92kW DSG Highline/Xenon/Navi/AH,,15150,Ohne Bewertung,97000,,01/2017,Benzin,125,,
Volkswagen,Golf,VI GTI *1.Hand *,,12490,Ohne Bewertung,124000,,05/2011,Benzin,211,,
Volkswagen,Golf,VIII Lim. Style eTSI Mild-Hybrid *Navi*LED*,,19490,Fairer Preis,105145,,03/2020,Benzin,150,,
Audi,A3,*S line*Standheizung*Navi*Shz*Blth*Top,,20490,Fairer Preis,80000,,05/2016,Benzin,179,,
Audi,A5,Sportback 1.8 TFSI*Navi*Tempo*Bi-Xen*Start/St,,17999,Ohne Bewertung,99000,,07/2013,Benzin,170,,
Volkswagen,Golf,2.0 TSI DSG GTI GTI Mod.2018,,21980,Fairer Preis,68000,,10/2017,Benzin,230,,
Volkswagen,Golf,VII 1.5 TSI IQ.DRIVE LED Navi ACC PDC,,18950,Fairer Preis,71500,,05/2019,Benzin,131,,
Volkswagen,Golf,VII 14TSI Highline  LED NAVIGATION MASSAGE,,15900,Fairer Preis,110797,,06/2017,Benzin,150,,
Volkswagen,Golf,VII Lounge BMT NAVI+KLIMA SHZ PDC FON AHK,,14390,Guter Preis,77720,,04/2016,Benzin,150,,
Volkswagen,Golf,VII Lim. Lounge BMT,,12790,Sehr guter Preis,82873,,04/2015,Benzin,125,,
Volkswagen,Golf,VII Lim. Cup BMT 18 Zoll Borbet,,11990,Ohne Bewertung,97000,,12/2014,Benzin,86,,
Volkswagen,Beetle,The Beetle 2.0 TSI DSG Sport +Navi +Soundsystem,,19780,Ohne Bewertung,98593,,05/2014,Benzin,211,,
Volkswagen,Golf,VII Lim. 1.5 TSI DSG Highline BMT SHZ Klima,,17480,Guter Preis,96436,,12/2019,Benzin,150,,
Volkswagen,Beetle,2.0 TSI GSR / DSG / Guter Originalzustand,,19600,Ohne Bewertung,96970,,03/2014,Benzin,211,,
Volkswagen,Golf,VII 1.2 TSI Lounge BMT/SHZ/Einparkhilfe,,12499,Fairer Preis,94000,,09/2015,Benzin,110,,
Volkswagen,Golf,VII 1.4 TSI Lounge*XEN*NAV*KAMERA*GRA*APP,,13450,Fairer Preis,97018,,11/2015,Benzin,125,,
Volkswagen,Golf,VII Lim. Cup BMT Navi SHZ PDC,,13990,Ohne Bewertung,78503,,02/2015,Benzin,86,,
Volkswagen,Golf,1.0 TSI Sound ACC Parkhilfe Navi-App ACC,,12980,Guter Preis,76100,,08/2017,Benzin,86,,
Audi,A3,Sportback S line S line 35 TDI 110(150) S tro,,25199,Fairer Preis,72260,,09/2020,Diesel,150,,
Volkswagen,Golf,VI GTI adidas +AHK+BI-XENON+NAVI+SHZ+,,14980,Ohne Bewertung,117690,,05/2011,Benzin,211,,
Volkswagen,Golf,VII Lim. Cup BMT*1.Hand*Standheizung*Parkas,,11900,Ohne Bewertung,99900,,09/2014,Benzin,105,,
Volkswagen,Golf,VII Sportsvan Join 1.5TSI DSG *AHK*Rear Vie,,16939,Guter Preis,95903,,04/2018,Benzin,131,,
Audi,A6,Lim. 1.8 TFSI ultra *2.HD/S-TRONIC/NAVI/PDC*,,19900,Fairer Preis,110600,,08/2016,Benzin,190,,
Volkswagen,Golf,"VII Allstar 1,4 TSI 110kW NAVI APS SHZ GRA",,13949,Guter Preis,92370,,04/2016,Benzin,150,,
Mercedes-Benz,A 180,A-Klasse A 180 BlueEfficiency Mit Sportpaket,,14999,Ohne Bewertung,100000,,05/2014,Benzin,122,,
Volkswagen,Golf,GTI Performance*LEDER*PANO*DYNAUDIO*ACC*VCC*KAM,,23499,Fairer Preis,117500,,01/2018,Benzin,245,,
Mercedes-Benz,C 250,CGI Lim. AMG Line Automatik LED orig.79tkm,,24990,Sehr guter Preis,79000,,11/2016,Benzin,211,,
Volkswagen,Golf,VIII 1.5 TSI Life LED Navi ACC Standheizung,,18950,Fairer Preis,89469,,03/2020,Benzin,131,,
Mercedes-Benz,S 500,"L *Scheckheftgepflegt, Sitzklima vo/hi*",,22990,Ohne Bewertung,,,,,,,
Volkswagen,Golf,VII GTI~Leder~Xenon~Apple/Android~Kamera,,15999,Fairer Preis,121000,,08/2016,Benzin,220,,
Volkswagen,Golf,2.0 TSI DSG GTI Performance GTI Performance,,22600,Guter Preis,70000,,08/2017,Benzin,245,,
Volkswagen,Golf,1.2 TSI Bi-Xenon Kamera ergo-Active,,11980,Ohne Bewertung,91750,,12/2014,Benzin,105,,
Mercedes-Benz,A 220,4Matic 7G-DCT Peak Edition *LED*CarPlay*SH,,21450,Fairer Preis,85139,,05/2017,Benzin,184,,
Audi,A4,"Lim. quattro 2,0 basis  S-tronic  Automatik",,18999,Sehr guter Preis,96000,,12/2016,Benzin,252,,
Volkswagen,Golf,VII Lim. GTD BMT*AUTOM*NAVI*BI-XENON*,,18990,Fairer Preis,91000,,08/2015,Diesel,184,,
Volkswagen,Golf,GTI Performance DSG STH LED AHK Navi Pano L,,23790,Fairer Preis,122500,,01/2018,Benzin,245,,
Volkswagen,Golf,Sportsvan VII Comfortline BMT/Start-Stopp,,14890,Ohne Bewertung,72144,,01/2015,Benzin,110,,
Volkswagen,Golf,"1.4, CUP, Panorama Dach, Keyless, Parklenk",,12700,Ohne Bewertung,87000,,04/2014,Benzin,122,,
Volkswagen,Golf,VII Lim. 1.5  Highline DSG ACC LED Kamera,,19990,Fairer Preis,103241,,05/2020,Benzin,150,,
Volkswagen,Golf,"VII R-Line 19"" Bi-Xenon Navi Dynaudio",,12499,Ohne Bewertung,99000,,07/2014,Benzin,105,,
Mercedes-Benz,C 180,C180 Avan. CGI 7G-Tr. RFK LED IHC Navi Ambiente,,19950,Guter Preis,70150,,07/2015,Benzin,156,,
Volkswagen,Golf,"1,4 TSI Lounge - Blind Spot; GRA; SHZ",,13990,Fairer Preis,57500,,08/2015,Benzin,125,,
Mercedes-Benz,C 200,AMG Line AMG Line,,23000,Ohne Bewertung,96000,,06/2014,Benzin,184,,
Volkswagen,Golf,VII GTI Performance /ACC/Pano/Leder/VC/Keyl,,23490,Fairer Preis,99867,,03/2019,Benzin,245,,
Volkswagen,Golf,Sound | Premium Ausstattung,,15700,Erhöhter Preis,98489,,11/2017,Benzin,110,,
Volkswagen,Golf,VII Comfortline CUP 1.4 TSI KLIMA+XENON,,13209,Ohne Bewertung,117955,,02/2014,Benzin,150,,
Volkswagen,Golf,VII 2.0 GTI Clubsport *Pano*Keyless*Leder*,,22530,Guter Preis,129236,,10/2016,Benzin,265,,
Volkswagen,Golf,VII 1.4 TSI Sport |Tiefer|Breiter|Lauter,,13990,Fairer Preis,96985,,06/2016,Benzin,125,,
Volkswagen,Golf,R-Line VIII SHZ+LHZ+NAVI+EPH 1.5 TSI,,25490,Fairer Preis,41960,,01/2022,Benzin,131,,
Mercedes-Benz,A 200,AMG|Leder/Alcantara|SHZ|Kamera,,18230,Fairer Preis,73000,,04/2015,Benzin,156,,
Volkswagen,Golf,VII Lim. GTI BMT/Start-Stopp*8xFACH*KAMERA*,,20999,Fairer Preis,72300,,10/2017,Benzin,230,,
Volkswagen,Golf,VII Lim. GTI,,22490,Guter Preis,75200,,07/2018,Benzin,230,,
Volkswagen,Golf,2.0 TSI DSG GTI Performance *VOLL*TOP*,,25999,Fairer Preis,80200,,03/2018,Benzin,245,,
BMW,320,3 Lim. 320 d Advantage,,25900,Guter Preis,76672,,04/2021,Diesel,190,,
Mercedes-Benz,C 200,"3x AMG GLASDACH,PARKLENKASSIST,SCHECKHEFT",,25880,Erhöhter Preis,98430,,06/2017,Benzin,184,,
BMW,120,1 Lim. 120 d xDrive Advantage/Driv.Ass/SH/PDC,,23900,Guter Preis,75191,,05/2021,Diesel,190,,
Mercedes-Benz,A 180,A-Klasse A 180 BlueEfficiency Modellpflege Sport,,15999,Fairer Preis,92962,,11/2015,Benzin,122,,
Volkswagen,Golf,VII Lim. Cup BMT/R-LINE/XENON/18 ZOLL!!,,12950,Ohne Bewertung,105711,,01/2015,Benzin,150,,
Volkswagen,Golf,VII Lim. Cup BMT*2H/SH*Automatik*Garantie*,,13490,Ohne Bewertung,114187,,04/2014,Benzin,122,,
Volkswagen,Golf,VII Lim. Cup *OPEN SKY Paket*,,12499,Ohne Bewertung,93000,,09/2014,Benzin,105,,
Volkswagen,Golf,VII Lim. Allstar BMT,,14800,Ohne Bewertung,105400,,10/2016,Benzin,150,,
Mercedes-Benz,A 180,AMG NIGHT PAKET BIXENON#CAM#KLIMA#SHZ#BT,,14999,Ohne Bewertung,87829,,09/2013,Benzin,122,,
Volkswagen,Golf,VII Lim. GTI 2.0TSI 230PS DSG *LED*NAVI*SHZ,,19950,Guter Preis,90350,,08/2018,Benzin,230,,
Volkswagen,Golf,2.0 TSI BMT GTI 1.HAND/SHZ/TEMP/XENON/GAR!,,16990,Ohne Bewertung,59000,,05/2013,Benzin,220,,
Mercedes-Benz,A 45 AMG,"4M PANORAMA,COMAND,CARPLAY,SCHECKHEFT",,28880,Fairer Preis,87763,,04/2016,Benzin,381,,
Volkswagen,Golf,1.5 TSI Highline R-Line Navi*ACC,,20288,Fairer Preis,72100,,09/2019,Benzin,150,,
Volkswagen,Golf,VII Lim. IQ.DRIVE 1.0 TSI Virtual*LED*Lane,,16900,Fairer Preis,92200,,11/2019,Benzin,116,,
Volkswagen,Golf,VII Lim Cup Navi 2Z-Klima Sitzheiz PDC v+h,,12980,Ohne Bewertung,114580,,01/2015,Benzin,110,,
Volkswagen,Golf,VII 1.5 TSI Highline +DSG+R-LINE+LED+NAVI,,16999,Fairer Preis,100275,,05/2018,Benzin,150,,
Audi,A3,Sportback 1.4 TFSI Ambition S-Tronic LED Navi,,17990,Erhöhter Preis,105033,,04/2016,Benzin,125,,
Volkswagen,Golf,VII Lim. Lounge BMT*1.Hand*R-Line*Navi*,,12999,Guter Preis,96970,,08/2015,Benzin,150,,
Mercedes-Benz,A 200,BlueEfficiency/Scheckheft/Garantie/INSP,,14990,Ohne Bewertung,89000,,03/2013,Benzin,156,,
Volkswagen,Golf,1.5 TSI Sound LED NAVI App-Connect DYNAUDIO,,15980,Fairer Preis,84450,,10/2017,Benzin,150,,
Volkswagen,Golf,VII 1.0 TSI BMT Comfortline Navi PDC Sitzh.,,12910,Sehr guter Preis,79599,,12/2017,Benzin,110,,
Mercedes-Benz,C 180,CGI Lim.*Tempomat-Leder-Navi-LED-PDC*,,16490,Sehr guter Preis,96400,,04/2016,Benzin,156,,
Volkswagen,Golf,VII Highline BMT 1.4 TSI Navi Bi-Xenon 2-Zo,,14990,Fairer Preis,103000,,01/2017,Benzin,125,,
BMW,328 Gran Turismo,"328 xDrive Gran Turismo M-Paket,Deutsches Fahrz.",,18490,Ohne Bewertung,125000,,04/2013,Benzin,245,,
Volkswagen,Golf,VII Comfortline CUP 1.2 TSI PANO NAVI TEMPO,,11985,Ohne Bewertung,87344,,12/2014,Benzin,86,,
Mercedes-Benz,250,AMG Line Kamera Pano LED Sitzheiz.,,18490,Ohne Bewertung,70046,,11/2014,Benzin,211,,
Volkswagen,Golf,VII Lim.Highline 1.4TSI BMT BI-Xenon Standh,,12990,Ohne Bewertung,74753,,10/2013,Benzin,140,,
Volkswagen,Golf,VI R 4Motion*Leder*Schiebed.*Xenon*Navi*,,19950,Ohne Bewertung,138000,,08/2012,Benzin,271,,
Volkswagen,Golf,7 1.4 TSI CUP GARANTIE*NAVI*PDC*TEMPO*SHZ,,12990,Ohne Bewertung,84548,,01/2015,Benzin,125,,
Volkswagen,Golf,1.4 TSI  #Join #Kamera #Navi,,17390,Fairer Preis,63643,,06/2018,Benzin,125,,
Volkswagen,Golf,1.0 TSI Join *1.Hand*Navi*Park assist*,,15850,Fairer Preis,88000,,07/2019,Benzin,116,,
Volkswagen,Golf,VII Lim. GTI Performance BMT Leder Navi...,,18990,Fairer Preis,65777,,09/2016,Benzin,230,,
Volkswagen,Golf,"VII GTI Performance*Alu""19*VIRTUAL*DYNAUDIO",,22980,Fairer Preis,111244,,12/2018,Benzin,245,,
Volkswagen,Golf,Sportsvan VII Allstar .KLIMA.87TKM.NAVI,,13995,Guter Preis,87514,,05/2016,Benzin,125,,
Volkswagen,Golf,GTI PERFORMANCE NAVI LED ACC KAMERA,,23260,Fairer Preis,75274,,08/2018,Benzin,245,,
Volkswagen,Golf,VII Lim. Comfortline BMT,,14490,Ohne Bewertung,121567,,11/2013,Benzin,122,,
BMW,550,Baureihe 5 Lim. 550 i,,23990,Ohne Bewertung,109000,,09/2013,Benzin,449,,
Volkswagen,Golf,GOLF VII 1.4 TSI HIGHLINE NAVI XENON SITZHZ PDC,,13590,Guter Preis,107000,,08/2016,Benzin,125,,
Volkswagen,Golf,R 2.0 TSI DSG 4MOTION R,,25990,Fairer Preis,80000,,04/2018,Benzin,310,,
Volkswagen,Golf,1.2 TSI Cup SITZHEIZUNG PDC ALUFELGEN,,9999,Guter Preis,116000,,03/2015,Benzin,110,,
Volkswagen,Golf,2.0TSI GTI *Navi LED PDC SHZ Bluetooth*,,17970,Fairer Preis,134500,,12/2017,Benzin,230,,
Volkswagen,Golf,"VI GTI DSG Bi-Xenon,Nav,Schiebedach.Sitzh",,14500,Ohne Bewertung,96000,,04/2010,Benzin,211,,
Volkswagen,CC,2.0 TDI DSG R-Line Xenon Leder Navi Dynaudio,,20990,Fairer Preis,99589,,10/2015,Diesel,150,,
Audi,A3,Sportback 35 TFSI*PANO*SHZ*PDC*NAVI*,,24990,Fairer Preis,89000,,06/2021,Benzin,150,,
Audi,S3,2.0 TFSI quattro BANG&OLUFSEN/SCHALTER/QUA...,,20740,Ohne Bewertung,116500,,04/2014,Benzin,300,,
Volkswagen,Golf,VII Lim. 1.4 TSI Highline BMT*NAVI*XEN*PANO,,11990,Ohne Bewertung,107000,,11/2012,Benzin,140,,
Volkswagen,Polo,GTI DSG LED+NAVI+GRA+SHZ,,14949,Guter Preis,98580,,08/2016,Benzin,192,,
Volkswagen,Golf,"Plus 1,4 TSI Match *Autom*PDC*Teilleder*",,11999,Ohne Bewertung,85000,,11/2012,Benzin,122,,
Volkswagen,Golf,VII GTI 2.0 TSI DSG Performance  LED Navi A,,20690,Guter Preis,100442,,03/2019,Benzin,245,,
Volkswagen,Golf,GOLF VII LIM 1.4TSI BMT DSG COMFORTL*KLIMAUT*SHZ,,12999,Ohne Bewertung,79989,,12/2013,Benzin,122,,
BMW,530,i Lim.*Deutsches Fzg.*Navi*TV*20 Zoll*Leder*,,21990,Ohne Bewertung,108000,,01/2013,Benzin,272,,
Volkswagen,Golf,VII Lim. Cup R-Line PANORAMA/BULLX/PDC/H&R,,13950,Ohne Bewertung,123000,,08/2014,Benzin,125,,
Volkswagen,Golf,VIII Lim. 1.5 eTSI Style  #AHK#18Zoll#LED#,,20490,Fairer Preis,85600,,06/2020,Benzin,150,,
Volkswagen,Golf,"1.2 TSI Allstar BMT, DSG, NAVI, 2.HD",,13498,Fairer Preis,96000,,04/2016,Benzin,110,,
BMW,320,3 Lim. 320 i Advantage *Klimaautomatik*Tempomat*,,18900,Erhöhter Preis,77475,,10/2016,Benzin,184,,
Volkswagen,Passat,"CC 4M*DYNAUDIO*ACC-BI XEN-PDC-AHK-SHZ-19""",,14850,Ohne Bewertung,82459,,09/2011,Benzin,299,,
Volkswagen,Golf,2.0 GTI Perf DSG Dynaud NavPro Kam ACC LED,,20990,Guter Preis,117520,,07/2018,Benzin,245,,
Volkswagen,Golf,VII Lim. Highline|1.4|XENON|SHZ|PDC|1.HAND,,12290,Ohne Bewertung,88500,,02/2014,Benzin,140,,
Volkswagen,Golf,VII Lim. Lounge 1.5 TSI Navi Klima GRA SHZ,,14990,Fairer Preis,76000,,03/2016,Benzin,150,,
Volkswagen,Golf,1.2 TSI DSG LOUNGE LM16 NAVI KAMERA ACC,,15790,Fairer Preis,63699,,05/2015,Benzin,110,,
Volkswagen,Golf,1.2 TSI MATCH*95TKM*KLIMA/SHZ/PDC/GARANTIE,,8800,Ohne Bewertung,95000,,08/2012,Benzin,105,,
Audi,A3,1.4 TFSI Xenon Navi Sitzheizung Tempomat PDC,,16990,Erhöhter Preis,96794,,03/2016,Benzin,125,,
Volkswagen,Golf,VII 1.2 TSI CUP Nebel/Parklenk/Sitzhz./Clim,,10950,Ohne Bewertung,123380,,03/2015,Benzin,86,,
Volkswagen,Golf,1.8 TSI Comfortline,,12800,Guter Preis,97900,,08/2015,Benzin,170,,
Volkswagen,Golf,VII GTI DSG BTS 370 PS BBS Brembo KW,,19970,Ohne Bewertung,139950,,10/2013,Benzin,360,,
Audi,S6,4.0 TFSI Quattro Matrix 360° Bose EXPORT,,18770,Ohne Bewertung,112123,,01/2014,Benzin,420,,
Volkswagen,Golf,2.0 TSI DSG GTI Performance,,23500,Fairer Preis,122000,,04/2018,Benzin,245,,
Mercedes-Benz,A 200,Night Paket Navi Leder LED Klima,,17999,Fairer Preis,97000,,02/2017,Benzin,156,,
Volkswagen,Golf,Sportsvan VII Lounge BMT/Start-Stopp,,12600,Guter Preis,99700,,05/2015,Benzin,125,,
Volkswagen,Golf,VII Lim. Allstar 1.4 Aut. Navi Xenon SHZ PD,,14990,Guter Preis,97000,,04/2017,Benzin,125,,
BMW,335,i Klima Einparkhilfe Sitzheizung Fenster el.,,22980,Ohne Bewertung,90800,,03/2012,Benzin,306,,
Volkswagen,Golf,VII Lim. HighlinePanoramadach,,14990,Guter Preis,83850,,06/2017,Benzin,125,,
Volkswagen,Golf,VII BMT DSG MFL*SHZ*PDC*Blueto.*Scheckheft,,13900,Ohne Bewertung,75000,,12/2014,Benzin,110,,
BMW,120,i Urban Line 1.Hand LED Harman Keyless,,16900,Fairer Preis,75800,,09/2015,Benzin,177,,
Volkswagen,Golf,VI GTI Edition 35*320 PS*Bull X Abgasanlage,,14499,Ohne Bewertung,114990,,09/2011,Benzin,235,,
Mercedes-Benz,C 180,"C -Klasse Lim. AHK, PDC, Totwinkel !!",,19490,Guter Preis,110150,,02/2017,Benzin,156,,
Volkswagen,Golf,1.2 TSI DSG BMT Comfortline,,12000,Ohne Bewertung,111000,,01/2014,Benzin,105,,
Volkswagen,Golf,VII Lim. Highline BMT Xenon Sportsitze,,12990,Ohne Bewertung,73850,,05/2013,Benzin,140,,
Mercedes-Benz,CLA 180,"Urban/Bi-Xenon/Navi/SHZ/18""/MFL/2.Hand/",,15999,Fairer Preis,112098,,03/2015,Benzin,122,,
Volkswagen,Golf,"VII, 1.4 TSI, BMT, Comfortline,Start/Stopp ",,11590,Ohne Bewertung,86850,,06/2013,Benzin,140,,
Volkswagen,Golf,1.5 TSI ACT DSG Highline Highline,,17200,Guter Preis,87008,,01/2018,Benzin,150,,
Volkswagen,Golf,2.0 TSI DSG GTI Performance GTI Performance,,25000,Guter Preis,74500,,07/2018,Benzin,245,,
Audi,A3,Limousine 1.8 TFSI 6-Gang S line Klima,,18380,Fairer Preis,82522,,05/2016,Benzin,179,,
Volkswagen,Golf,VII Lim. Allstar R- Line Paket,,16600,Fairer Preis,73900,,12/2016,Benzin,110,,
Volkswagen,Golf,2.0 TSI GTI,,13444,Ohne Bewertung,89899,,07/2011,Benzin,211,,
Volkswagen,Golf,VII Highline DSG; NAV ALC XEN StndHz Pano,,14390,Guter Preis,116481,,10/2015,Benzin,125,,
Volkswagen,Golf,VII Lim. Join Start-Stopp / Automatik,,16000,Fairer Preis,94000,,03/2018,Benzin,110,,
Volkswagen,Golf,VII Lim. GTD BMT PANO/ACC/CarPlay/KAMERA/..,,20999,Fairer Preis,76000,,04/2015,Diesel,184,,
Volkswagen,Golf,1.2 TSI BMT Cup SITZHZG+PDC+ALLWETTER+HUNEU,,11849,Ohne Bewertung,82908,,04/2014,Benzin,86,,
Volkswagen,Golf,"VII Lim. GTD DSG Navi,Bi-Xenon,PDC,Temp.",,16800,Ohne Bewertung,100000,,05/2014,Diesel,184,,
Mercedes-Benz,CLA 250,AMG-Line Pano RFK Navi Bi-Xenon Sitzhzg.,,23900,Ohne Bewertung,87551,,01/2013,Benzin,211,,
Volkswagen,Golf,VII 1.4TSI Cup RADIO KLIMA SITZH PDC LM,,12990,Ohne Bewertung,111950,,09/2014,Benzin,125,,
Volkswagen,Golf,VII R-Line Comfortline  BMT 1.4 TSI,,15999,Guter Preis,82000,,05/2017,Benzin,150,,
Volkswagen,Golf,VII Comfortline 1.0 TSI AHK ACC PANO,,14200,Fairer Preis,100350,,05/2017,Benzin,110,,
Volkswagen,Golf,VII Performens 2.0 NAVI LED KAMERA STANDHEI,,22400,Fairer Preis,93600,,01/2019,Benzin,245,,
Volkswagen,Golf,VII Lim. Cup BMT 105PS Automatik 2.Hand SHG,,12490,Ohne Bewertung,85000,,07/2014,Benzin,105,,
Volkswagen,Golf,"Plus VI 1,4  TSI  Life DSG*Xenon*Navi*1.Han",,11999,Ohne Bewertung,99585,,11/2013,Benzin,122,,
Volkswagen,Golf,GTI Performance 2.0 TSI Xenon Media PDC,,18280,Fairer Preis,65580,,08/2016,Benzin,230,,
Mercedes-Benz,CLA 200,7G-DCT Edition1*Bi Xenon*Kamera*Mwst!!,,21890,Ohne Bewertung,106889,,05/2014,Benzin,156,,
Volkswagen,Golf,VII 1.5 TSI Join AHK Navi  RFK Tempomat LED,,16440,Fairer Preis,88570,,04/2018,Benzin,150,,
Mercedes-Benz,CLA 200,CLA200 AMG-Line*Bi-Xenon*Navi*Klimaauto*,,19900,Ohne Bewertung,93100,,10/2013,Benzin,156,,
Volkswagen,Golf,VII Lounge BMT DSG+Navi+AHK+SHZ+Klima,,12980,Fairer Preis,113519,,09/2015,Benzin,110,,
Mercedes-Benz,C 180,CGI Navi Sitzheizung,,19980,Ohne Bewertung,97000,,05/2014,Benzin,156,,
Audi,S1,2.0 TFSI q. *1.HD *Tempo *Ambiente*Navi,,19900,Ohne Bewertung,99800,,04/2016,Benzin,231,,
Volkswagen,Golf,VII  GTI Performance Panorama Navi Dynaudio,,21990,Fairer Preis,68933,,03/2018,Benzin,245,,
Volkswagen,Golf,Lounge BMT VW GOLF,,12900,Fairer Preis,108747,,06/2015,Diesel,110,,
Volkswagen,Golf,Highline KEYLES/MATRIX/ACC/MASSAGE/NAVI,,18990,Fairer Preis,77000,,06/2018,Benzin,125,,
Audi,A3,Limousine 1.4 TFSI ambiente s Tronic ACC Navi,,15880,Guter Preis,104344,,04/2015,Benzin,150,,
Volkswagen,Golf,VII Lim. Highline BMT/Start-Stopp ACC Navi,,18500,Guter Preis,85722,,10/2018,Benzin,150,,
Volkswagen,Golf,VI 1.4 TSI*HIGHL*DSG*NAVI*TMP*SHZ*PDC*ALCAN,,12590,Ohne Bewertung,78115,,11/2009,Benzin,122,,
Volkswagen,Golf,VII Lim. Cup BMT/Panorama/TÜV Neu,,12990,Ohne Bewertung,74658,,12/2014,Benzin,110,,
Mercedes-Benz,C 250,CGI|AMG-STYLING|BURMESTER|LEDER|2.HAND,,19999,Ohne Bewertung,127000,,11/2014,Benzin,211,,
Volkswagen,Golf,VII Lim. Lounge BMT,,12000,Guter Preis,65000,,11/2015,Benzin,86,,
Volkswagen,Golf,VII R 4Motion 6-Gang Serviceheft+Gutachten,,28900,Erhöhter Preis,70000,,09/2016,Benzin,370,,
BMW,335,i M Performance*Head up*H&K*360*SHZ*19 Zoll*,,24890,Ohne Bewertung,89859,,05/2012,Benzin,306,,
Volkswagen,Golf,IQ.DRIVE 1.5 TSI*LED*Navi*SHZ*ACC*Climatron,,16630,Fairer Preis,91951,,12/2019,Benzin,150,,
Volkswagen,Golf,Plus VI Team *Erst 77tkm*Automatik*PDC*,,10888,Ohne Bewertung,77992,,01/2011,Benzin,105,,
Volkswagen,Golf,VII Lim. GTI Performance 245PS LED Navi,,22490,Guter Preis,74250,,04/2018,Benzin,245,,
Volkswagen,Golf,VII 2.0 TSI BMT GTI ACC Navi LED PDC Winter,,16880,Fairer Preis,132274,,01/2018,Benzin,230,,
Volkswagen,Golf,"SOUND 1,5TSI LED Navi DYN Sitzh",,15490,Fairer Preis,97200,,08/2017,Benzin,150,,
Mercedes-Benz,250,A 250 7G-DCT AMG Line,,19790,Fairer Preis,119977,,05/2016,Benzin,211,,
Volkswagen,Golf,VII Lim 2.0 TDI Comfortline Pano Xenon SHZ ,,15990,Ohne Bewertung,62842,,04/2013,Diesel,150,,
Volkswagen,Golf,GTI PERFORMANCE NAVI BI-XENON GRA PDC,,18222,Guter Preis,67078,,11/2016,Benzin,230,,
Volkswagen,Golf,"Top! Golf VII  ALLSTAR 1.2 TSI BMT , PDC, Sitzhz",,12999,Fairer Preis,90100,,08/2016,Benzin,110,,
Volkswagen,Golf,VII Lim. Comfortline  BI XENON  AHK SHZ PDC,,11890,Ohne Bewertung,94500,,01/2014,Benzin,105,,
Mercedes-Benz,A 180,7G-DCT Urban AHK NAVI RFK SHZ LED Night,,21590,Fairer Preis,89800,,11/2017,Benzin,122,,
Volkswagen,Golf,7 Lim. DSG BMT*Leder*Panor.*Navi*Garantie,,12999,Ohne Bewertung,113000,,01/2013,Benzin,105,,
Audi,A6,Lim. 45 TDI quattro sport,,35000,Hoher Preis,102110,,11/2018,Diesel,231,,
Volkswagen,Golf,"VII Lim.DSG  R-Line , SH, XENON PDC",,14990,Ohne Bewertung,124890,,08/2014,Benzin,150,,
Volkswagen,Golf,VII Lim.1.2 BMT/PDC/SITZHZ/KLIMAAUTOMATIK/,,11990,Ohne Bewertung,90120,,07/2013,Benzin,105,,
Volkswagen,Golf,1.2 Allstar BMT R Line,,12990,Guter Preis,62000,,04/2016,Benzin,110,,
Volkswagen,Golf,2.0 TSI GTI Clubsport,,22500,Sehr guter Preis,59000,,06/2016,Benzin,265,,
BMW,520,"i LUXURY LINE HUD,360GRAD,NAVIPROF,20ZOLL,SH",,26880,Fairer Preis,91800,,09/2017,Benzin,184,,
Volkswagen,Golf,VII 1.4TSI R-Line BMT/Start-Stopp Klima LED,,16290,Fairer Preis,80000,,06/2017,Benzin,150,,
Volkswagen,Golf,1.4 TSI CUP*Klima*Sitzh*PDC*Alu*NR,,12950,Ohne Bewertung,114000,,04/2014,Benzin,122,,
Volkswagen,Golf,1.2 TSI BMT Trendline ,,11950,Fairer Preis,89000,,08/2015,Benzin,110,,
Volkswagen,Golf,1.4 TSI 92kW BMT Comfortline,,12400,Guter Preis,92000,,05/2015,Benzin,125,,
Mercedes-Benz,B 180,Navi PDC AUT AHK KlimaA LED SHZ,,15900,Guter Preis,83600,,10/2015,Benzin,122,,
Volkswagen,Golf,1.4 TSI  R - LINE * LED * ALCANTARA * 1HAND,,15900,Fairer Preis,84000,,07/2017,Benzin,125,,
Volkswagen,Golf,VII Lim. NAVI PDC SHZ,,11950,Ohne Bewertung,101918,,03/2014,Benzin,140,,
Volkswagen,Golf,GTI PERFOMANCE FACELIFT,,19500,Sehr guter Preis,95000,,03/2019,Benzin,245,,
Mercedes-Benz,CLA 180,"*AMG*NIGHT*LED-R.KAM-SHZ-PANO-NAVI-18""",,20450,Fairer Preis,102008,,10/2017,Benzin,122,,
Volkswagen,Golf,VI GTI Edition 35-Navi-Xeonon-Leder-Sport,,12900,Ohne Bewertung,115000,,03/2012,Benzin,235,,
Volkswagen,Golf,VII Lim. 2.0 DSG GTD/Navi/Standh./Xenon.,,17950,Guter Preis,80490,,10/2015,Diesel,184,,
Volkswagen,Golf,VII 2.0 TSI 245 DSG GTI Performance Nav ACC,,24488,Erhöhter Preis,91850,,01/2019,Benzin,245,,
Mercedes-Benz,C 300,AMG*C63 Facelift Optik*Burmester*LED,,21490,Sehr guter Preis,96858,,05/2015,Benzin,245,,
BMW,120,i Advantage LED Navi Tempomat Sitzheizung AHK,,19990,Fairer Preis,76692,,03/2017,Benzin,184,,
Volkswagen,Golf,"5 R32, sehr guter Zustand",,22500,Ohne Bewertung,100000,,04/2008,Benzin,250,,
Volkswagen,Golf,VI 1.2 TSI*PDC*TEMPO*AHK*KLIMA*ALU*,,11550,Ohne Bewertung,90905,,03/2015,Benzin,105,,
Mercedes-Benz,C 200,*LED*PANORAMA*KAMERA*EXCLUSIVE*,,22990,Guter Preis,93600,,01/2018,Benzin,184,,
BMW,118,d*Xenon*ALU*Navi*Schiebedach,,13950,Ohne Bewertung,140000,,07/2014,Diesel,143,,
Volkswagen,Golf,2.0 TSI DSG GTI Performance NAV+LED+PANO+PP,,26449,Fairer Preis,114750,,02/2020,Benzin,245,,
BMW,118,iA SPORT-LINE+NAVI+XENON+PDC+SHZ+MFL+USB+BT+,,13900,Ohne Bewertung,89400,,06/2013,Benzin,170,,
Volkswagen,Golf,7 R Facelift 2.0 TSI DSG ohne OPF,,26500,Fairer Preis,118620,,05/2018,Benzin,310,,
Volkswagen,Golf,"Plus VI Trendline Automatik, Navi",,11900,Ohne Bewertung,90700,,07/2013,Benzin,105,,
Volkswagen,Golf,1.4 TSI 92kW BMT LOUNGE LOUNGE,,13490,Fairer Preis,76860,,02/2016,Benzin,125,,
Volkswagen,Golf,7 1.4 R-Line LED 1 Hand Scheckheftgepflegt,,11999,Ohne Bewertung,90000,,07/2014,Benzin,140,,
Mercedes-Benz,B 180,Edition 7G LED *Garantie*,,21990,Erhöhter Preis,25990,,04/2017,Benzin,122,,
Volkswagen,Golf,VII GTD PANO ACC DCC TOTW KAMERA DYNAUDIO,,21980,Erhöhter Preis,107300,,03/2017,Diesel,184,,
Mercedes-Benz,C 180,CGI 9GT EXCLUSIVE AMG DESIGNO NIGHT VOLL,,28890,Hoher Preis,100000,,11/2016,Benzin,156,,
BMW,550,i| M-Sport | HUD | Soft-Close | SD |,,18950,Ohne Bewertung,103600,,07/2013,Benzin,408,,
BMW,750,i Edition Exclusive Edition/Standh./head-up,,24300,Ohne Bewertung,111000,,10/2014,Benzin,449,,
Volkswagen,Golf,VII Highline,,12900,Ohne Bewertung,75000,,03/2015,Benzin,125,,
Volkswagen,Golf,VII 1.2 TSI Lounge XENON+NAVI+PDC+SHZ+AWR+,,14960,Fairer Preis,66790,,10/2015,Benzin,110,,
Audi,A3,Sportback 1.4 TFSI Ambition Ultra,,14900,Ohne Bewertung,99900,,07/2014,Benzin,150,,
Volkswagen,Golf,Sportsvan VII Highline BMT/Start-Stopp,,13950,Fairer Preis,77850,,08/2016,Benzin,125,,
Volkswagen,Golf,GOLF VII LIM. COMFORTLINE,,12750,Fairer Preis,84999,,04/2016,Benzin,125,,
Volkswagen,Golf,1.4 TSI DSG HIGHLINE AHK NAVI SITZHZG GRA,,14777,Ohne Bewertung,67487,,04/2013,Benzin,140,,
Volkswagen,Golf,VII 1.0 TSI Comfortline NAV+ACC+SHZ+RFK+NSW,,14230,Guter Preis,72464,,05/2018,Benzin,110,,
Volkswagen,Golf,VII 1.4 TSI Allstar BMT*NAVI*PDC*SHZ*KLIMA*,,14590,Fairer Preis,84073,,06/2017,Benzin,125,,
Volkswagen,Golf,7R ohne OPF Facelift Bull-X Oettinger Folie,,28800,Erhöhter Preis,117000,,06/2017,Benzin,310,,
Mercedes-Benz,B 250,B250 DCT Urban STHZ LED AHK Navi Kamera Memory,,21950,Sehr guter Preis,76574,,04/2017,Benzin,211,,
Mercedes-Benz,A 45 AMG,4-Matic HARMAN-KARD. KAM SPORTAGA,,24900,Ohne Bewertung,108563,,02/2014,Benzin,360,,
Audi,A6,"LIMOUSINE 3.0 TFSI QUATTRO XENON,LUFTFAHRWERK",,18444,Ohne Bewertung,122000,,07/2012,Benzin,310,,
Mercedes-Benz,E 200,Avantgarde 9G LED Navi el. GSHD Kamera Tem,,27950,Fairer Preis,81237,,10/2016,Benzin,184,,
Audi,RS3,2.5 TFSI quattro BOSE OPTIK-PAKET LEDER NAVI,,27890,Ohne Bewertung,105700,,05/2012,Benzin,340,,
Mercedes-Benz,E 400,7G-TRONIC/AMG-LINE/NAVI/LED/SHZ/SHD/F1/,,25990,Fairer Preis,125800,,07/2015,Benzin,333,,
Mercedes-Benz,C 180,C -Klasse Lim. AHK/NAVI/KLIMA,,19700,Fairer Preis,107639,,07/2017,Benzin,156,,
Volkswagen,Golf,VII 1.4 TSI Lounge BMT KLIMA PDC SHZ XENON,,13880,Fairer Preis,75820,,08/2015,Benzin,125,,
Volkswagen,Golf,VII 1.4 TSI Lounge BMT KLIMA PDC SHZ XENON,,13880,Fairer Preis,75820,,08/2015,Benzin,125,,
Mercedes-Benz,C 200,CGI  Avantgarde LED NAVI Head-up-Display,,21980,Ohne Bewertung,83000,,08/2014,Benzin,184,,
BMW,120,i Sport Line 5trg. LED PDC Klimaaut.,,16940,Erhöhter Preis,113490,,06/2016,Benzin,177,,
Volkswagen,Golf,VII 1.4 TSI BMT Allstar R-Line EU6,,15390,Fairer Preis,125000,,04/2016,Benzin,150,,
Volkswagen,Polo,GTI 1.8 TSI DAB+*Navi*Sport*LED*APP,,14990,Fairer Preis,77500,,01/2016,Benzin,192,,
Volkswagen,Golf,GOLF VIII 1.5 TSI LIFE / AHK+PANO+LED'S+NAVI,,18970,Guter Preis,81575,,04/2020,Benzin,150,,
Mercedes-Benz,E 200,2.0 9G-TRONIC 184PS NR:42551,,16500,Sehr guter Preis,104000,,08/2016,Benzin,184,,
Volkswagen,Golf,VII 1.5 TSI DSG Highline Rear Standh DYNAUD,,17980,Sehr guter Preis,104006,,11/2018,Benzin,150,,
BMW,318,d Display-Key *AHK*Standhz*Navi*LED*CarPlay*,,27480,Fairer Preis,80000,,06/2021,Diesel,150,,
BMW,320,i Lim. *2.HAND/PANO/PDC/KLIMAAUTO/SHZ*,,14900,Ohne Bewertung,81400,,07/2012,Benzin,184,,
Volkswagen,Golf,VII GTI 2.0TSI DSG Navi Digitales Cockpit S,,19450,Fairer Preis,123962,,07/2017,Benzin,230,,
Mercedes-Benz,E 250,E -Klasse Lim. E 250 CGI BlueEfficiency 1a,,22900,Fairer Preis,91218,,08/2015,Benzin,211,,
BMW,335,i Lim.Automatik*aus 1.Hand*Top Zustand*,,21990,Ohne Bewertung,72845,,07/2010,Benzin,306,,
Volkswagen,Golf,"1.2 TSI Cup Klimaaut., Sitzh., PDC v+h",,11990,Ohne Bewertung,93161,,01/2015,Benzin,110,,
Mercedes-Benz,E 300,Prestige Avantgarde 360 kamera Distronic A,,20495,Ohne Bewertung,108025,,07/2013,Benzin,252,,
Volkswagen,Golf,VII Lim. Lounge BMT*SitzhZ*Tempomat*Anhänge,,11900,Fairer Preis,89000,,10/2015,Benzin,86,,
Volkswagen,Golf,Sportsvan VII Lounge BMT/Start-Stopp,,12699,Guter Preis,112500,,11/2015,Benzin,125,,
Volkswagen,Golf,Lounge BMT*Vw Vfw+1.Hand*Tüv/Au neu*Scheckh,,12490,Fairer Preis,97550,,10/2015,Benzin,110,,
Volkswagen,Golf,VII Lim. Lounge BMT,,12900,Guter Preis,86300,,11/2015,Benzin,125,,
Volkswagen,up!,high up! 1.0 Klima SHZ LM15,,9990,Ohne Bewertung,70209,,02/2020,Benzin,60,,
Volkswagen,Golf,GTI Performance|Pano|Standh.|Dynaudio|ACC|,,24800,Fairer Preis,63500,,09/2017,Benzin,245,,
Mercedes-Benz,C 220,"d COMAND,HEADUP,DISTRO,AHK,PANORAMA,LEDILS",,22840,Ohne Bewertung,93697,,10/2014,Diesel,170,,
Volkswagen,Golf,GTI 2.0 TSI PANO+LED+PDC+,,19900,Sehr guter Preis,49987,,07/2017,Benzin,230,,
Volkswagen,Golf,VII 1.2 TSI Allstar *XENON*SHZ*ACC*,,13990,Ohne Bewertung,113056,,11/2016,Benzin,110,,
BMW,750,d xDrive 381PS Individual HUD 360° 1.HAND,,24999,Ohne Bewertung,93840,,09/2012,Diesel,381,,
Volkswagen,Golf,Plus VI 1.4 TSI Style *DSG*TEMPOMAT*SHZ*,,10990,Ohne Bewertung,72800,,04/2011,Benzin,122,,
Volkswagen,Golf,VII 1.5 TSI ACT Highline BM Aut.*NAVI*LED*,,17630,Guter Preis,89287,,06/2018,Benzin,150,,
Volkswagen,Golf,Sportsvan VII Trendline BMT/Start-Stopp,,12999,Fairer Preis,112700,,04/2015,Benzin,110,,
BMW,120,M Sport PDC+NAVI+LED+SHZ+TEMP,,16950,Fairer Preis,104004,,02/2017,Benzin,184,,
Volkswagen,Golf,VII 1.4 TSI Comfortline BM Aut.*LED*ACC*PDC,,16130,Fairer Preis,82454,,02/2018,Benzin,125,,
Mercedes-Benz,E 200,Blueff. 7G-TRONIC AVANTGARDE*NAVI*LED*TEMP,,22900,Ohne Bewertung,95000,,06/2014,Benzin,184,,
Mercedes-Benz,A 180,AMG Line *2.H *LED High *Sitzheizung *Navi,,18750,Fairer Preis,89000,,07/2017,Benzin,122,,
BMW,325 Gran Turismo,"325 d Gran Turismo M Sport, Insp.+ Tüv Neu",,20990,Ohne Bewertung,99000,,02/2015,Diesel,211,,
Mercedes-Benz,A 200,156PS 7G Standheizung Memory H&K 1. Hand,,22499,Guter Preis,69999,,09/2016,Benzin,156,,
Volkswagen,Golf,VII 1.2 5-trg.  Apps Navi Xenon Parklenk,,11990,Ohne Bewertung,59166,,10/2013,Benzin,105,,
Mercedes-Benz,A 250,"BE*LED*HARMAN-MEMORY-PDC-DIAMANT-SHZ-18""",,22330,Fairer Preis,92092,,02/2018,Benzin,211,,
Volkswagen,Golf,2.0 TSI GTI Edition 35 GTI Edition 35,,15700,Ohne Bewertung,128000,,09/2011,Benzin,235,,
,,,,,,,,,Andere,,,
Mercedes-Benz,Sprinter,III Pritsche FWD 314 CDI*AHK*Klima,,28694,Guter Preis,58647,,11/2018,Diesel,143,,
Volkswagen,T5 Transporter,"2,0 TDI Pritsche Doppelkabine A/C",,16895,Ohne Bewertung,114300,,07/2011,Diesel,102,,
Mercedes-Benz,Sprinter,II Pritsche 310/311/313/314/316 CDI LKW,,24990,Ohne Bewertung,90000,,09/2014,Diesel,163,,
Land,Rover Range Rover,New L460 SV EWB,,269990,Ohne Bewertung,20000,,02/2024,Diesel,349,,
Mazda,CX-60,e-SKYACTIV-D 254 AL-HOMURA DA-P CON-P PRE-,,56299,Fairer Preis,3500,,12/2024,,254,,
Chevrolet,Express,"4x4  permanent, Dachträger, Raptor",,39000,Ohne Bewertung,185000,,09/2005,Benzin,300,,
Volkswagen,T6 Transporter,Kasten lang KLIMA AHK,,18395,Fairer Preis,128000,,09/2016,Diesel,150,,
Volkswagen,T6 Transporter,Pritsche Doppelkabine Koffer DSG,,32595,Erhöhter Preis,105000,,07/2017,Diesel,150,,
Mercedes-Benz,Sprinter,214 CDI Automatik KLIMA+1.HAND 9835,,26763,Fairer Preis,94050,,01/2019,Diesel,143,,
Volkswagen,Crafter,Pritsche 35 DOKA mittellang Scheckheft,,28995,Fairer Preis,87100,,02/2019,Diesel,140,,
Volkswagen,Crafter,Koffer Ladebordwand Schwingsitz  **AHK**,,23895,Erhöhter Preis,141300,,11/2016,Diesel,163,,
Mercedes-Benz,Sprinter,316 CDI *Automatik* 1.HAND 9445,,21884,Fairer Preis,130050,,12/2017,Diesel,163,,
Mercedes-Benz,Sprinter,314 CDI KAMERA+ KLIMA+ 1. HAND 6697,,25573,Guter Preis,89050,,12/2019,Diesel,143,,
Mercedes-Benz,Sprinter,Kasten 316 CDI L1H2 Werkstattwagen RWD,,34395,Erhöhter Preis,87000,,09/2016,Diesel,163,,
Mercedes-Benz,Vito,Kasten 114 CDI RWD lang Automatik Klima PDC,,21495,Guter Preis,139000,,04/2017,Diesel,136,,
Volkswagen,T5 Multivan,Startline Klima!! Navi!!Sitzheizung!,,25900,Ohne Bewertung,139000,,12/2014,Diesel,140,,
Mercedes-Benz,Sprinter,214 Automatik KAMERA+KLIMA 9911,,27358,Guter Preis,69050,,01/2019,Diesel,143,,
BMW,328,i Aut. Sport Line Limousine. Comfortpaket,,19989,Ohne Bewertung,106500,,05/2014,Benzin,245,,
Volkswagen,T6 Transporter,Kasten 4Motion 4x4 Standheizung,,29995,Erhöhter Preis,118500,,09/2019,Diesel,150,,
Volkswagen,Crafter,Möbel Koffer Junge 35 lang RWD Klima,,24295,Fairer Preis,141700,,08/2018,Diesel,177,,
Mercedes-Benz,Sprinter,314 CDI AHK+ 1.HAND+ KLIMA 9165,,22598,Guter Preis,122050,,01/2020,Diesel,143,,
Mercedes-Benz,Sprinter,Möbel Koffer 313  CDI Klima,,17300,Ohne Bewertung,134400,,07/2009,Diesel,129,,
Mercedes-Benz,Sprinter,314 CDI KAMERA+ KLIMA+ 1. HAND 6914,,24978,Fairer Preis,114050,,08/2020,Diesel,143,,
Volkswagen,T6 Transporter,Doka Pritsche Plane DSG 6-Sitze,,32295,Fairer Preis,107500,,02/2020,Diesel,150,,
,,,,,,,,,Andere,,,
Mercedes-Benz,Sprinter,316 CDI *MAXI* KAMERA+ AHK 3822,,27953,Fairer Preis,117050,,07/2020,Diesel,163,,
Volkswagen,T6 Transporter,Pritsche Doppelkabine Klima,,18195,Fairer Preis,157000,,02/2016,Diesel,102,,
Volkswagen,Golf,GTI Performance DSG NAVI LED ACC RFK DAB,,21744,Guter Preis,92341,,12/2018,Benzin,245,,
Mercedes-Benz,Sprinter,314 Automatik MAXI+ NAVI+KAMERA 9847,,30333,Sehr guter Preis,72050,,10/2019,Diesel,143,,
Mercedes-Benz,Sprinter,314 Automatik MAXI+ NAVI+KAMERA 0499,,30928,Sehr guter Preis,71050,,10/2019,Diesel,143,,
Mercedes-Benz,Sprinter,316 CDI L1H1 Automatik LED Navi RWD,,33295,Fairer Preis,100000,,11/2019,Diesel,163,,
Volkswagen,Crafter,35 L2H2 HA Klima Navi Standheizung AHK,,22400,Fairer Preis,95860,,05/2016,Diesel,163,,
Mercedes-Benz,Sprinter,316CDI Möbel Koffer Ladebordwand Autom.,,31295,Fairer Preis,139000,,01/2018,Diesel,163,,
Volkswagen,T6 Transporter,Transporter T6 lang 4Motion Ka.Klima Sthzg. PDC,,23900,Sehr guter Preis,99850,,09/2016,Diesel,140,,
Mercedes-Benz,Sprinter,"314 CDI *AHK 2,8t* KAMERA+ NAVI 4519",,27358,Guter Preis,56050,,01/2020,Diesel,143,,
Volkswagen,T6 Transporter,Transporter T6 lang VA Öl-Servicefahrzeug Klima,,25900,Fairer Preis,102620,,01/2017,Diesel,150,,
Mercedes-Benz,Sprinter,2.1 CDI KAT,,19568,Fairer Preis,99534,,11/2015,Diesel,163,,
Mercedes-Benz,Sprinter,III HKa 314 CDI AHK|CAM|Sitzhzg.|,,28670,Sehr guter Preis,72024,,01/2020,Diesel,143,,
Mercedes-Benz,Vito,116 CDI 4x4 Kasten Lang Allrad Standheizung,,32295,Erhöhter Preis,99900,,01/2021,Diesel,163,,
Mercedes-Benz,Sprinter,314 Plus Paket AHK+ KAMERA+ MBUX 7394,,26763,Sehr guter Preis,60000,,11/2020,Diesel,143,,
Volkswagen,Golf,Plus VI Life/SCHECKHEFT/UNFALLFREI/AMG,,10190,Ohne Bewertung,107000,,07/2013,Benzin,105,,
Volkswagen,Golf,2.0 TDI DSG GTD  + Garantie bis 11/26,,23799,Fairer Preis,103000,,03/2018,Diesel,184,,
Volkswagen,Golf,VII Lim. Highline BMT Sport/NAVI/PDC/SHZ/BT,,9999,Guter Preis,105000,,11/2013,Benzin,122,,
Volkswagen,Golf,Plus VI Life,,9990,Guter Preis,87000,,12/2013,Benzin,122,,
Volkswagen,Crafter,35 Pritsche Doka XL -lang Doppelkabine,,30895,Sehr guter Preis,69500,,04/2021,Diesel,177,,
,,,,,,,,,Andere,,,
Volkswagen,T5 Transporter,HOCHDACH-LANG-AUTOMATIK-KLIMA-TOP,,22000,Ohne Bewertung,107770,,05/2013,Diesel,140,,
Mercedes-Benz,Sprinter,314 CDI Doka Pritsche Plane 7-Sitzer AC,,25585,Fairer Preis,95186,,12/2016,Diesel,143,,
Mercedes-Benz,Sprinter,516CDI Kasten L2H2 Stromerzeuger 230V,,32595,Erhöhter Preis,142600,,03/2018,Diesel,163,,
Volkswagen,Crafter,2.0 TDI Lang Hoch Klima,,24998,Erhöhter Preis,89000,,11/2017,Diesel,140,,
Volkswagen,Golf,VII Highline R-Line LED Klimaaut. ACC uvm.,,19870,Fairer Preis,63201,,11/2018,Benzin,150,,
Mercedes-Benz,Sprinter,Möbel Koffer Ladebordwand 316 CDI RWD,,33695,Fairer Preis,45100,,11/2016,Diesel,163,,
Volkswagen,T6 Transporter,Kasten,,19990,Fairer Preis,99350,,12/2017,Diesel,102,,
Volkswagen,T6 Transporter,2.0 TDI Kasten  /Navi Klima 110KW,,21900,Sehr guter Preis,100000,,03/2018,Diesel,150,,
Volkswagen,Caddy,PKW Maxi Trendline*7 Sitzer*,,21999,Guter Preis,84128,,11/2017,Benzin,125,,
Mercedes-Benz,Vito,Kasten 111 CDI Klima Werkstatt Standheizung,,22499,Sehr guter Preis,85000,,03/2017,Diesel,114,,
Volkswagen,Golf,,,9999,Sehr guter Preis,116000,,03/2015,Benzin,122,,
BMW,X1,xDrive20i xLine Navi RFK Pano LED DAB el.Heck,,22380,Fairer Preis,86100,,11/2017,Benzin,192,,
Mercedes-Benz,Sprinter,316 MAXI Automatik *2x SCHIEBETÜR* 6137,,30990,Sehr guter Preis,67050,,11/2020,Diesel,163,,
Volkswagen,Golf,VI Plus Life,,9300,Guter Preis,107860,,11/2013,Benzin,105,,
Volkswagen,T6 Transporter,Transporter T6 kurz VA Werkstatt Klima EU6,,20900,Fairer Preis,113550,,10/2017,Diesel,102,,
Volkswagen,T6 andere,T6 2.0 TDI LR  Navi  Klima Heckflügeltüren AHK L,,20990,Sehr guter Preis,91760,,02/2016,Diesel,150,,
Mercedes-Benz,Vito,114 CDI Kasten Lang KAMERA+KLIMA+TEMPOMAT,,23193,Fairer Preis,61597,,07/2020,Diesel,136,,
Mercedes-Benz,A 180,A -Klasse A 180 BlueEfficiency,,18980,Fairer Preis,95500,,02/2017,Benzin,122,,
Mercedes-Benz,GLA 200,"AMG 19""  NAVI",,15900,Sehr guter Preis,87000,,05/2015,Benzin,156,,
Volkswagen,Caddy Maxi,TSI VA Rollstuhlumbau AMF-Bruns Klima,,29900,Ohne Bewertung,88640,,03/2019,Benzin,131,,
,,,,,,,,,Andere,,,
Audi,RSQ3,*DEUTSCHER RSQ3* ( 2.HAND ) *ERST 116Tkm.*,,23999,Ohne Bewertung,116000,,11/2014,Benzin,310,,
Volkswagen,Crafter,30  2.0 TDI Kasten L1 H1 // Klima Navi,,15900,Sehr guter Preis,100000,,04/2017,Diesel,109,,
Volkswagen,Caddy,Kombi Edition 35 1.4 TSI GRA*Parkpilot,,21990,Erhöhter Preis,52650,,07/2017,Benzin,125,,
Volkswagen,T6 Transporter,Kasten DSG Standheizung Klima AHK,,19995,Guter Preis,126000,,10/2016,Diesel,150,,
Volkswagen,Crafter,Bus  L2H2*1.Hand*Checkheft*AC*Behindertengerecht,,25590,Ohne Bewertung,75000,,10/2014,Diesel,136,,
Mercedes-Benz,Sprinter,II MAXI Pritsche 513/313*AUTOMATIK*3.5T,,19900,Ohne Bewertung,105000,,03/2014,Diesel,129,,
Volkswagen,T5 Transporter,"T5 2,0 TDI Verglast Standheiz Transporter Kasten",,18490,Ohne Bewertung,94800,,02/2015,Diesel,102,,
Volkswagen,T5 Transporter,2.0 TSI 4Motion STANDHZG 2XSCHIEB,,20890,Ohne Bewertung,136000,,12/2013,Benzin,204,,
Volkswagen,Crafter,Pritsche 35 2.0 TDI Lang,,21950,Guter Preis,105000,,09/2018,Diesel,177,,
Volkswagen,Crafter,2.0 TDI L2 H1,,22799,Guter Preis,98000,,11/2018,Diesel,140,,
Volkswagen,T5 Transporter,"Kasten KR 2,0 TDI AHK *Garantie*",,14990,Ohne Bewertung,122890,,12/2013,Diesel,140,,
Mercedes-Benz,SLK 250,CDI BlueEfficiency Aut. *NAVI*BI-XENON*,,18790,Ohne Bewertung,99063,,01/2014,Diesel,204,,
Volkswagen,Tiguan,Track & Style 4Motion/AMG/Unfallfrei/SHG,,13490,Ohne Bewertung,92000,,11/2011,Benzin,179,,
Volkswagen,Crafter,Kasten Kasten 35 mittellang Hochdach FWD,,17000,Sehr guter Preis,164000,,10/2017,Diesel,177,,
Mercedes-Benz,Sprinter,314 CDI/36 Kasten Ausbau KLIMA #75T106,,24871,Hoher Preis,104133,,01/2018,Diesel,143,,
Mercedes-Benz,A 180,AMG Style*LED*NAVI*Alcantara*Kamera*Tempom,,17450,Fairer Preis,75280,,02/2016,Benzin,122,,
Volkswagen,T6 Transporter,Kasten Regal Standheizung,,21400,Fairer Preis,93000,,08/2016,Diesel,102,,
Volkswagen,T5 Multivan,Highline 2.0 TDI DSG AHK,,25990,Ohne Bewertung,119616,,02/2015,Diesel,179,,
Volkswagen,T6 Transporter,T6 Kasten LR Lang TSI*Klima*BT*1.Hand,,21274,Fairer Preis,117000,,04/2018,Benzin,150,,
Mercedes-Benz,Sprinter,3.0 V6 Pritsche DoKa 519 CDI*AUTOMATIK*,,24990,Sehr guter Preis,93899,,04/2015,Diesel,190,,
,,,,,,,,,Andere,,,
Mercedes-Benz,Sprinter,316 CDI KAMERA+ NAVI+ AHK 7237,,26168,Guter Preis,143050,,12/2020,Diesel,163,,
Volkswagen,Caddy,Nfz Kasten BMT KLIMA,,18500,Fairer Preis,99000,,08/2018,Benzin,125,,
Volkswagen,Golf Plus,VI Match/Navi/2.Hd/Garantie/HU/AU/Neu,,12990,Ohne Bewertung,56916,,11/2012,Benzin,105,,
Volkswagen,Golf,VII Klimaaut. PDC,,19412,Fairer Preis,56375,,02/2019,Benzin,131,,
Mercedes-Benz,Sprinter,314 HA Werkstatt Standheizung PDC EU6,,23900,Fairer Preis,87180,,06/2018,Diesel,143,,
Volkswagen,T6 Transporter,Kasten 2.0 TDI Kasten,,19200,Guter Preis,94500,,07/2016,Diesel,102,,
Volkswagen,T6 Transporter,Kasten-Kombi Kasten lang,,11999,Ohne Bewertung,141000,,09/2019,Diesel,150,,
Mercedes-Benz,Vito,Kasten 111 CDI FWD lang|SORTIMO REGALE|KLIM,,17480,Fairer Preis,107000,,08/2017,Diesel,114,,
BMW,218,"Baureihe 2 Active Tourer 218 i Head -Up ,Lux",,13300,Ohne Bewertung,108572,,09/2014,Benzin,136,,
Volkswagen,T6 Transporter,Transporter T6 kurz VA Werkstatt Klima PDC EU6,,25400,Fairer Preis,66500,,09/2017,Diesel,102,,
Volkswagen,Caddy,Hentschke Bestattungswagen / Leichenwagen,,13950,Ohne Bewertung,89764,,03/2010,Benzin,102,,
Volkswagen,Touran,Sound BMT/Start-Stopp,,20450,Guter Preis,94000,,07/2017,Diesel,150,,
Volkswagen,Caddy,Kasten 2.0 TDI Klima*AHK*Navigation*GRA,,32990,Erhöhter Preis,51200,,02/2020,Diesel,150,,
Mercedes-Benz,Vito,114 CDI Kasten KAMERA+KLIMA+TEMPOMAT Base,,21301,Fairer Preis,138377,,07/2020,Diesel,136,,
Volkswagen,Crafter,35 2.0 TDI Kasten MR FWD / Klima Navi PD,,20900,Sehr guter Preis,89658,,04/2019,Diesel,140,,
Mercedes-Benz,B 200,Sport-Paket Navi Sitzheizung Automatik,,13000,Ohne Bewertung,106607,,07/2013,Benzin,156,,
Volkswagen,Caddy Maxi,1.0 TSI Kasten AHK Navi Klima PDC,,23443,Ohne Bewertung,81550,,10/2020,Benzin,102,,
Volkswagen,Caddy,2.0 TDI Kasten Maxi Trendline BMT / Klima,,14900,Fairer Preis,80660,,05/2017,Diesel,102,,
Volkswagen,Crafter,30 2.0 TDI Kasten KR Standhz Klima Bott,,16840,Sehr guter Preis,88990,,09/2015,Diesel,109,,
Volkswagen,T6 Transporter,Pritsche lang EcoProfi*105.000KM*,,16890,Erhöhter Preis,105000,,06/2016,Diesel,102,,
,,,,,,,,,Andere,,,
Volkswagen,Crafter,Kasten 35 2.0 TDI Lang & Hoch*LR*PDC+*,,24990,Fairer Preis,61990,,06/2017,Diesel,177,,
Volkswagen,Crafter,"Pritsche 35 mittel L2 Doppelkabine,AHK",,24399,Erhöhter Preis,75000,,04/2016,Diesel,136,,
Volkswagen,T6 Transporter,"2,0TDi Kasten la'ang*Werkstatt*KLI",,20999,Fairer Preis,85951,,02/2017,Diesel,84,,
Volkswagen,Caddy,1.6 TDI Kasten / Export,,11690,Ohne Bewertung,106389,,04/2015,Diesel,102,,
Volkswagen,Crafter,30 2.0 TDI Kasten KR Standhz Klima Bott,,16380,Sehr guter Preis,93550,,09/2015,Diesel,109,,
Mercedes-Benz,Sprinter,314 CDI/36 Ka Klima AHK schwarz #75T111,,20111,Fairer Preis,104487,,08/2018,Diesel,143,,
Volkswagen,Crafter,"50 TDI DSG *MAXI EXTRALANG* AHK 3,5t",,28548,Ohne Bewertung,162050,,12/2018,Diesel,177,,
Mercedes-Benz,C 180,7G-TRONIC Avantgarde,,17980,Fairer Preis,124442,,07/2016,Benzin,156,,
Volkswagen,Caddy,2.0 TDi Maxi Kasten PDC,,14590,Guter Preis,81500,,06/2017,Diesel,102,,
Volkswagen,Caddy,Maxi LANG Kasten Automatik,,15999,Ohne Bewertung,99800,,07/2015,Diesel,102,,
Volkswagen,Caddy,Kasten EcoProfi+AHK+Dachladeklappe+Flexsit,,11999,Fairer Preis,92000,,03/2016,Diesel,102,,
Volkswagen,Crafter,Pritsche 35 mittel L2 2.0 TDI ABS+ESP,,23530,Ohne Bewertung,65000,,08/2015,Diesel,136,,
Mercedes-Benz,Sprinter,II Kasten 319 CDI Navi Kamera,,27900,Sehr guter Preis,116450,,08/2017,Diesel,190,,
Mercedes-Benz,CLA 200 Shooting Brake,CLA 200 SB AMG LINE+HARMAN KARDON+LED+NAVI+TOTWI,,21499,Guter Preis,105676,,02/2019,Benzin,156,,
Volkswagen,T6 Transporter,Transport.T6 kurz Mixto 5-Sitze Klima Sthzg.AHK,,25900,Guter Preis,127660,,11/2017,Diesel,150,,
Mercedes-Benz,CLA 200 Shooting Brake,CLA 200 SB Progressive+Pano-SD+LED+Kamera+Totw.,,30890,Guter Preis,43153,,03/2021,Benzin,163,,
Volkswagen,T6 Transporter,Kasten 2.0TDI AHK*Klima,,17700,Guter Preis,96000,,05/2017,Diesel,102,,
Volkswagen,T6 Transporter,Kasten-Kombi Kasten EcoProfi,,13900,Fairer Preis,116030,,11/2016,Diesel,102,,
Mercedes-Benz,B 180,Urban PANORAMA/NAVI/SHZ/ALU/PDC,,17990,Fairer Preis,94382,,06/2018,Benzin,122,,
Volkswagen,Golf,VII Lim. Join Start-Stopp,,14300,Guter Preis,45299,,04/2018,Benzin,110,,
,,,,,,,,,Andere,,,
Volkswagen,Golf Plus,VI Highline/1.Hd/Garantie/HU/AU/Neu,,10990,Ohne Bewertung,59542,,10/2012,Benzin,122,,
Mercedes-Benz,B 180,"BIXENON/SPORT/NAVI/KAMERA/18""/NIGHTPAKET",,11900,Ohne Bewertung,93046,,11/2012,Benzin,122,,
Volkswagen,Golf Sportsvan,Highline *LED*Navi*Ergo Sitz*ACC*,,18490,Fairer Preis,99500,,05/2019,Benzin,150,,
Mercedes-Benz,Vito,111 CDI lang VA Werkstatt Klima Kamera EU6,,22900,Erhöhter Preis,97390,,04/2019,Diesel,114,,
Volkswagen,T6 Transporter,Transporter T6 kurz VA Werkstatt Klima EU6,,25900,Fairer Preis,57460,,03/2017,Diesel,102,,
Mercedes-Benz,B 180,B -Klasse B 180 Sport Paket,,14900,Guter Preis,77000,,09/2016,Benzin,122,,
Volkswagen,Caddy Maxi,Kombi EcoProfi *Tempomat *Klima,,12990,Ohne Bewertung,110000,,12/2016,Benzin,102,,
Volkswagen,T6 Transporter,Kasten Kurz Klima Scheckheft,,26230,Fairer Preis,26300,,03/2019,Diesel,102,,
Volkswagen,T6 Transporter,2.0 TDI DoKa Lang Klima AHK,,26998,Fairer Preis,90000,,07/2019,Diesel,102,,
Volkswagen,Caddy Maxi,1.0 TSI Conceptline LR,,18729,Ohne Bewertung,18900,,08/2019,Benzin,102,,
Volkswagen,T6 California,,,27000,Guter Preis,87500,,11/2017,Diesel,84,,
Volkswagen,Crafter,Kasten35 lang Hochdach*SHZ*AUTOMATIK*,,23990,Fairer Preis,135500,,11/2021,Diesel,140,,
Volkswagen,Crafter,Kipper 35 mittel L2 *Klima + CD-Player,,16900,Ohne Bewertung,124250,,08/2012,Diesel,136,,
Volkswagen,Polo,VHighlineBMT/Start-Stopp/Garantie/HU/AU /Neu,,10990,Ohne Bewertung,57148,,09/2014,Benzin,90,,
Mercedes-Benz,Vito,Kuhlmann Cars Bestattungswagen / Leichenwagen,,22950,Ohne Bewertung,128904,,07/2013,Diesel,163,,
Mercedes-Benz,A 180,A -Klasse/AUTOMATIK/GARANTIE/KLIMA/PDC/ALU,,12999,Ohne Bewertung,122500,,11/2012,Benzin,122,,
Volkswagen,Crafter,/Doppel-Kabine Maxi 3.50MPritsche/AHK/Kli,,25900,Fairer Preis,94205,,12/2017,Diesel,140,,
Mercedes-Benz,Sprinter,II Pritsche 316 CDI,,19971,Sehr guter Preis,110000,,03/2017,Diesel,163,,
Volkswagen,Passat,1.4 TSI BMT Comfortline LM elSitz PDC,,14480,Sehr guter Preis,99520,,05/2018,Benzin,125,,
Volkswagen,T6 andere,,,25600,Ohne Bewertung,83033,,09/2017,Diesel,204,,
,,,,,,,,,Andere,,,
Volkswagen,T5 Transporter,T5 Camper Solar 4Sitzer Küche CarPlay NAVI,,32490,Ohne Bewertung,105175,,11/2012,Diesel,84,,
Mercedes-Benz,Vito,Kasten 111 CDI kompakt,,23700,Erhöhter Preis,89999,,05/2017,Diesel,114,,
Mercedes-Benz,Sprinter,211 CDI *TOP ZUSTAND* AHK+1.HAND 6794,,21408,Fairer Preis,90000,,06/2019,Diesel,114,,
Volkswagen,Caddy,Nfz Maxi Kasten BMT erhöhte Nutzlast *SORT,,18490,Fairer Preis,78191,,07/2017,Diesel,150,,
Volkswagen,Caddy,2.0 TDI DSG Kasten BMT / Navi Klima Temp,,16900,Fairer Preis,96893,,05/2019,Diesel,102,,
Mercedes-Benz,Sprinter,313/513 CDI 3.5T 1.Hand S.Heft,,17490,Ohne Bewertung,117121,,06/2013,Diesel,129,,
Volkswagen,Caddy Maxi,2.0 TDI NFZ Sortimo Navi,,16601,Ohne Bewertung,129100,,06/2017,Diesel,102,,
Volkswagen,T6 Transporter,Kasten *PDC/SHZ/Klima*,,21990,Sehr guter Preis,116700,,07/2017,Diesel,204,,
Volkswagen,Caddy,Nfz Kasten 1.2TSI Klimaanlage Flügeltüren,,16831,Ohne Bewertung,44002,,11/2016,Benzin,84,,
Volkswagen,Crafter,Kasten 35 lang Lang Hochdach Klima,,26998,Fairer Preis,100000,,11/2019,Diesel,140,,
Mercedes-Benz,Sprinter,514 Kasten Hoch Navi Klima AHK Standhzg,,29900,Guter Preis,102000,,06/2018,Diesel,143,,
BMW,218 Gran Tourer,Sport Line*LED*NAVI*PDC*SHZ*Ambi,,17450,Guter Preis,59410,,06/2016,Benzin,136,,
Volkswagen,T6 Transporter,Transporter T6 kurz 4Motion Werkstatt Klima AHK,,30900,Fairer Preis,101690,,10/2018,Diesel,150,,
Volkswagen,Caddy Maxi,2.0 TDI LR*Klima*DAB+*RFK,,18990,Ohne Bewertung,94300,,12/2019,Diesel,102,,
Mercedes-Benz,Vito,114 CDI lang Werkstatt AHK PDC Standheizung,,22900,Fairer Preis,93900,,09/2019,Diesel,136,,
Volkswagen,Caddy,1.4 TSI Maxi Kasten BMT *Navi*Kamera*ACC,,17499,Sehr guter Preis,74550,,11/2018,Benzin,125,,
Volkswagen,Crafter,"CRAFTER 2.5 L2H2 AHK-3,5T KLIMA STANDHZ VERGLAST",,19950,Ohne Bewertung,93023,,02/2009,Diesel,109,,
Volkswagen,Crafter,Pritsche 35 lang L3 Doppelkabine/125Tkm,,15990,Ohne Bewertung,125000,,01/2015,Diesel,109,,
Volkswagen,T6 Transporter,T6.1 2.0 TDI  DoKa|Pritsche|AHK|Sitzhzg.,,28970,Guter Preis,48355,,08/2020,Diesel,150,,
Volkswagen,T6 Transporter,2.0 TDI Kasten / Standheizung PDC,,16450,Sehr guter Preis,91142,,05/2019,Diesel,102,,
,,,,,,,,,Andere,,,
Volkswagen,T5 Transporter,TÜV NEU+1-Hand Kasten,,13900,Ohne Bewertung,134450,,12/2013,Diesel,102,,
Volkswagen,Caddy,Maxi 2.0TDI Camper ähnl. California 206,,24900,Ohne Bewertung,138250,,07/2017,Diesel,102,,
Volkswagen,T6 Transporter,"Kasten-Kombi,Sortimo groß,Standh.",,18800,Sehr guter Preis,112014,,08/2017,Diesel,102,,
Volkswagen,T6 Transporter,T6 Kasten LR*Flügeltür*AHK*Klima*ParkPilot,,23990,Fairer Preis,73200,,08/2019,Diesel,114,,
Volkswagen,T6 Transporter,Kasten AC ESP FSE PDC hinten,,19790,Guter Preis,108650,,01/2018,Diesel,102,,
Volkswagen,Golf,Sportsvan VII Highline BMT/Start-Stopp,,12900,Ohne Bewertung,134000,,08/2014,Diesel,150,,
Volkswagen,Golf,Sportsvan VII Comfortline*1 Hand*HU/AU neu*,,14799,Guter Preis,104239,,03/2019,Diesel,116,,
Volkswagen,Caddy,Maxi 1.4TSI Navi PDC Sitzheiz,,16990,Fairer Preis,74410,,03/2019,Benzin,125,,
Mercedes-Benz,Vito,- Allrad - Flügeltüren - Standheizung - AHK,,29450,Guter Preis,96500,,12/2016,Diesel,163,,
Volkswagen,Caddy,2.0 TDI BMT *TÜV-NEU*,,11900,Fairer Preis,83567,,03/2017,Diesel,75,,
Volkswagen,T6 Transporter,Kasten/Mixto TDI LR Klima*6-Sitze,,19980,Sehr guter Preis,106000,,08/2018,Diesel,102,,
Volkswagen,Crafter,Pritsche 35 DOKA*L3*Lang*RWD*AHK*7-Sitze,,23990,Fairer Preis,90500,,12/2018,Diesel,177,,
Mercedes-Benz,B 180,B -Klasse B 180/SHZ/Navi/2.Hd/Garantie,,16990,Fairer Preis,48854,,05/2017,Benzin,122,,
Volkswagen,Golf Plus,VI Style/Navi/Sitzheizung/1.Hd/Garantie,,12990,Ohne Bewertung,50193,,05/2011,Benzin,122,,
Volkswagen,T6 Transporter,"Kasten 4Motion Diffsp.*AHK*3,2T",,28990,Erhöhter Preis,95000,,02/2018,Diesel,150,,
Volkswagen,Crafter,Kasten  35 mittellang Hochdach L2H2,,22750,Guter Preis,75000,,05/2018,Diesel,140,,
Mercedes-Benz,Sprinter,II 314 CDI Pritsche DoKa Kipper /LEDER/,,26900,Guter Preis,74800,,01/2017,Diesel,143,,
Mercedes-Benz,Vito,111 BlueTEC Tourer PRO Extralang+Klima+,,21408,Fairer Preis,89124,,11/2017,Diesel,114,,
Volkswagen,Beetle,Lim. Design,,10500,Ohne Bewertung,74000,,06/2014,Benzin,105,,
Mercedes-Benz,Sprinter,II Kasten 310/311/313/314/316 CDI 1.HAND,,16499,Sehr guter Preis,99900,,09/2016,Diesel,143,,
,,,,,,,,,Andere,,,
Mercedes-Benz,Sprinter,210 CDI HA Werkstatt Klima Standheizung,,18900,Ohne Bewertung,142500,,03/2015,Diesel,95,,
Mercedes-Benz,Sprinter,"316CDI Skrzynia, 2017rok, 163KM",,20787,Fairer Preis,82929,,08/2017,Diesel,163,,
Volkswagen,Andere,Transporter Kasten-Kombi Kasten kurzer Radstand ,,25650,Ohne Bewertung,84000,,05/2018,Diesel,102,,
Volkswagen,T6 Transporter,Mixto 2.0TDI LR AHK*Navi*6-Sitzer,,23800,Fairer Preis,124600,,10/2017,Diesel,114,,
Volkswagen,T6 Transporter,T6 Kasten 3 Sitzer,,19999,Fairer Preis,111000,,08/2018,Diesel,102,,
Volkswagen,T5 andere,T5 1.9 TDI Drei-Seiten-Kipper nur 90.507 Km,,17950,Ohne Bewertung,90507,,08/2009,Diesel,102,,
BMW,320,d Touring M-Sport Leder el.Heck LM LED AUT,,21490,Guter Preis,99980,,08/2018,Diesel,190,,
Volkswagen,T6 Transporter,"Kasten ACC, Multi ,Navi",,18999,Sehr guter Preis,109714,,07/2018,Diesel,102,,
Volkswagen,T6 Transporter,2.0TDI Kasten / DSG / KLIMA / PDC,,28450,Hoher Preis,82631,,02/2018,Diesel,150,,
Mercedes-Benz,A 220,A -Klasse A 220,,21999,Guter Preis,76000,,05/2019,Benzin,190,,
Volkswagen,Caddy Maxi,Kasten 2.0 TDI Navi AHK,,19780,Ohne Bewertung,87780,,11/2018,Diesel,102,,
Volkswagen,Crafter,Pritsche 35 mittel L2 Doppelkabine.Tüv,,14550,Ohne Bewertung,86174,,03/2011,Diesel,109,,
Mercedes-Benz,Vito,Hentschke Bestattungswagen / Leichenwagen,,19950,Ohne Bewertung,124209,,01/2011,Diesel,136,,
Volkswagen,T6 Transporter,2.0 TDI EcoProfi+Finanzierung+,,17600,Fairer Preis,128542,,05/2016,Diesel,102,,
Volkswagen,T5 Transporter,°Kasten lang°Navi°1.Hd°Scheckheft,,12900,Ohne Bewertung,132000,,04/2015,Diesel,140,,
Mercedes-Benz,B 200,CDI Leder/Standheizung/Panorama/Automatik,,15800,Ohne Bewertung,116000,,01/2015,Diesel,136,,
Mercedes-Benz,Vito,"Mixto 114/116 CDI, 119 CDI/BT lang",,20990,Guter Preis,125000,,10/2018,Diesel,136,,
Volkswagen,Crafter,Kasten 35 mittellang Hochdach RWD*AC/AHK,,20750,Guter Preis,105000,,09/2018,Diesel,140,,
Volkswagen,T6 Transporter,T6 Pritsche Doka AHK 1.Hand Leder,,17995,Sehr guter Preis,91000,,04/2018,Diesel,102,,
Volkswagen,T6 Transporter,Kombi Mixto Lang 2.0 TDI Klima,,29039,Erhöhter Preis,101329,,11/2019,Diesel,102,,
,,,,,,,,,Andere,,,
Volkswagen,Crafter,Pritsche 35 DOKA mittellang RWD AHK KLIMA KAMERA,,26490,Sehr guter Preis,92499,,08/2018,Diesel,177,,
Volkswagen,Caddy,"2,0TDI kurz DSG Werkst. Klima Sthzg. Navi",,22900,Erhöhter Preis,58380,,09/2018,Diesel,102,,
Volkswagen,T6 Transporter,Kasten-Kombi Kasten EcoProfi,,14999,Sehr guter Preis,85000,,12/2016,Diesel,102,,
Volkswagen,Crafter,Kasten 35 MR L2H2 4Motion MOTORSCHADEN,,16900,Ohne Bewertung,89000,,05/2018,Diesel,140,,
Mercedes-Benz,Vito,VITO LANG MWST 1BES FWD 3SITZ HU 10/26 SCHALTER,,17300,Fairer Preis,72900,,08/2016,Diesel,114,,
Ford,Kuga,ST-Line 182PS Aut. 4x4/Winter-P./Klima/Navi,,23970,Ohne Bewertung,72226,,10/2017,Benzin,182,,
Mercedes-Benz,Vito,"Kasten 114/116 CDI, 119 CDI/BT RWD lang",,19900,Sehr guter Preis,72000,,05/2017,Diesel,163,,
Mercedes-Benz,B 180,B -Klasse B 180/KLIMA/SHZ/STOPSTART,,9890,Ohne Bewertung,94000,,02/2013,Benzin,122,,
Volkswagen,Crafter,Pritsche 35 2.0 TDI AHK,,23880,Fairer Preis,56897,,07/2018,Diesel,140,,
Volkswagen,Tiguan,Trend & Fun BMT/NEU TÜV/NEU SERVICE/PDC,,9390,Ohne Bewertung,89000,,01/2012,Benzin,122,,
Mercedes-Benz,Sprinter,514 CDI Kasten (Nutzlast 2370 Kg),,24450,Erhöhter Preis,117231,,11/2017,Diesel,143,,
Mercedes-Benz,Vito,Kasten 114 extralang Klima Kühlkasten,,24998,Fairer Preis,89000,,01/2020,Diesel,136,,
Volkswagen,Crafter,"Möbelkoffer Koffer  L4,38m  Höhe 2,14m",,33295,Hoher Preis,104200,,04/2018,Diesel,177,,
Mercedes-Benz,Sprinter,,,17500,Sehr guter Preis,83000,,08/2017,Diesel,143,,
Volkswagen,T6 Transporter,Pritsche DoKa LR*StndHzg AHK 6Sit,,22480,Sehr guter Preis,99034,,01/2019,Diesel,150,,
Volkswagen,T6 Transporter,Hochdach Lang Werkstattausbau,,27999,Guter Preis,68000,,10/2016,Diesel,150,,
Mercedes-Benz,Sprinter,316CDI Kasten L2H1 RWD Klima AHK Kamera,,28395,Erhöhter Preis,121000,,08/2018,Diesel,163,,
Mercedes-Benz,Sprinter,316 Automatik AHK+ KAMERA+ NAVI 9895,,29738,Sehr guter Preis,150000,,12/2020,Diesel,163,,
Volkswagen,Crafter,Kasten 35 LR Maxi L3H2 Kamera,,23980,Guter Preis,79000,,12/2018,Diesel,140,,
Volkswagen,T6 Transporter,Pritsche LR DoKa*StndHzg AHK 6Sit,,22480,Sehr guter Preis,90648,,01/2019,Diesel,150,,
,,,,,,,,,Andere,,,
Mercedes-Benz,Sprinter,II Kasten 310/311/313/314/316 CDI,,20980,Guter Preis,120623,,02/2017,Diesel,163,,
Volkswagen,Crafter,35 Kasten 2.0 TDI MR EcoProfi *AHK*PDC*Z,,23850,Fairer Preis,76780,,04/2020,Diesel,102,,
Volkswagen,T6 Transporter,T6.1 Transporter 2.0 TDI DSG Kasten FWD / Navi,,26440,Sehr guter Preis,100000,,07/2020,Diesel,150,,
Volkswagen,T6 andere,T6 Pritsche/Doka 110KW Klima STHZ 6Sitze 1.Hand,,20825,Ohne Bewertung,130000,,11/2016,Diesel,150,,
Ford,Tourneo Custom,2.2 TDCi L1 Titanium AHK GJR NAVI,,22810,Ohne Bewertung,73228,,05/2014,Diesel,155,,
Mercedes-Benz,CLA 200 Shooting Brake,CLA 200 Urban Autom.*LED*NAVI*WR*Kamera*Totwinke,,20750,Sehr guter Preis,55240,,06/2017,Benzin,156,,
Mercedes-Benz,Sprinter,214 Plus NAVI+ KAMERA+ AHK (6846),,24978,Sehr guter Preis,95050,,03/2020,Diesel,143,,
Volkswagen,Caddy,VW Caddy  75kW  Diesel LKW Zulassung,,11800,Guter Preis,89300,,07/2015,Diesel,102,,
Volkswagen,Crafter,35 2.0 TDI Pritsche Plane Stücher-Ausbau,,13000,Ohne Bewertung,112796,,09/2011,Diesel,136,,
Mercedes-Benz,Vito,114 CDI lang HA Werkst. Standheizung Kamera,,22900,Fairer Preis,65380,,12/2018,Diesel,136,,
Mercedes-Benz,Vito,"Kasten 111 CDI FWD extralang ,,Sortimo""",,19800,Erhöhter Preis,126000,,04/2016,Diesel,114,,
Mercedes-Benz,Sprinter,313 Camper Vanlife,,33500,Ohne Bewertung,96450,,03/2014,Diesel,129,,
Volkswagen,T6 Transporter,Kasten lang,,18499,Sehr guter Preis,117000,,05/2018,Diesel,102,,
Volkswagen,Golf,VI  1.2TSI ***Klimaautomatik***,,6980,Ohne Bewertung,121000,,01/2011,Benzin,105,,
Volkswagen,T6 Transporter,2.0 TDI *Navi*Kamera*AHK*ACC*,,26490,Fairer Preis,85500,,09/2018,Diesel,204,,
Mercedes-Benz,Sprinter,III PritscheMaxi CDI Tüvneu 1hand Klima,,20390,Sehr guter Preis,113990,,10/2017,Diesel,114,,
Volkswagen,T6 andere,T6 Kasten 4Motion DSG Standh Kamera ACC AHK SHZ,,25495,Sehr guter Preis,114000,,07/2018,Diesel,150,,
Volkswagen,Crafter,"Kasten 5Trendline,mittellangHoch""Klima""",,19990,Sehr guter Preis,106000,,11/2018,Diesel,140,,
Volkswagen,Crafter,35 TDI DSG Plus *MAXI EXTRALANG* 7463,,29738,Fairer Preis,99050,,12/2019,Diesel,140,,
Volkswagen,T6 Transporter,"2,0TDI *9-SITZ*KLIMA*PDC*",,22990,Fairer Preis,101800,,03/2019,Diesel,114,,
,,,,,,,,,Andere,,,
Volkswagen,Crafter,Kasten 2.0 TDI Autom*Flügel*RFK*Fenster*,,29490,Fairer Preis,99881,,01/2020,Diesel,140,,
Volkswagen,Andere,Transporter Kasten lang 2.0 TDI 4Motion Mittelho,,19990,Ohne Bewertung,133484,,12/2016,Diesel,150,,
Volkswagen,Crafter,35 Extralang Hochdach Klima Navi,,29998,Sehr guter Preis,89000,,11/2019,Diesel,140,,
Volkswagen,Crafter,Pritsche 35 DOKA 2.0 TDI Navi AHK,,24480,Sehr guter Preis,106548,,10/2020,Diesel,140,,
Volkswagen,Crafter,Pritsche  35 lang RWD *AHK *HU/NEU,,24490,Fairer Preis,76433,,08/2018,Diesel,140,,
Volkswagen,T6 Transporter,"T6 2,0 TDI Transp. Kasten  /Navi/Klima --LKW --",,22990,Guter Preis,99800,,04/2019,Diesel,102,,
Volkswagen,T6 Transporter,Kasten 2.0TDI Flügelt. Navi*Stand,,21800,Guter Preis,92300,,08/2019,Diesel,102,,
Volkswagen,Crafter,Pritsche 35 DOKA 2.0 TDI Navi AHK,,24480,Sehr guter Preis,108067,,10/2020,Diesel,140,,
Volkswagen,Crafter,35 Kasten MR LED+Navi+Kamera+103kw+TOP!,,25880,Guter Preis,87000,,05/2019,Diesel,140,,
Volkswagen,T6 Transporter,"Kasten-Kombi,PDC V/H,Sitz/Standh.",,19800,Sehr guter Preis,94049,,02/2019,Diesel,114,,
Mercedes-Benz,Sprinter,Koffer Integralkoffer Automatik 1.Hd,,15990,Ohne Bewertung,70000,,06/2012,Diesel,95,,
Volkswagen,Caddy,"Kasten Nfz*1,2 TSI*BMT*ALLWETT*AHK*",,12500,Fairer Preis,72900,,02/2018,Benzin,84,,
Mercedes-Benz,Sprinter,III Kasten  316 CDI L2 AHK digitales Co,,28900,Guter Preis,105000,,08/2019,Diesel,163,,
Volkswagen,T6 andere,T6 Kasten 6.1 2.0 TDI ParkPilot GJR Klima SHZ,,29880,Sehr guter Preis,52075,,09/2022,Diesel,150,,
Volkswagen,T6 Transporter,,,23280,Guter Preis,73000,,07/2018,Diesel,102,,
Volkswagen,T6 Transporter,"T6 Kasten,4 Motion,kurz,AHK,ACC,Standh.",,27990,Ohne Bewertung,105600,,08/2018,Diesel,150,,
Volkswagen,T6 Transporter,"T6 2,0 TDI Transporter Kasten-Kombi Flügeltüren*",,16990,Ohne Bewertung,110000,,03/2018,Diesel,84,,
Volkswagen,Crafter,,,23700,Fairer Preis,79000,,04/2019,Diesel,102,,
Volkswagen,T6 Transporter,Kasten ++AHK++Klima++,,18950,Guter Preis,74000,,08/2018,Diesel,102,,
Volkswagen,Crafter,Kasten 35 mittellang Hochdach RWD,,22990,Guter Preis,113966,,04/2019,Diesel,177,,
,,,,,,,,,Andere,,,
Mercedes-Benz,B 180,B -Klasse/Einparkhilfe/SHZ/2.Hd/Garantie,,10490,Ohne Bewertung,60238,,04/2011,Benzin,116,,
Volkswagen,T6 Transporter,Pritsche 2.0 DoKa lang KLIMA|AHK,,25990,Hoher Preis,94000,,03/2019,Diesel,102,,
Mercedes-Benz,Sprinter,314 Automatik LADEBORDWAND+KAMERA 5720,,28548,Fairer Preis,94050,,11/2019,Diesel,143,,
Volkswagen,T6 andere,T6 Kasten 6.1 2.0 TDI LED AHK DAB+,,24880,Fairer Preis,103355,,12/2020,Diesel,150,,
Mercedes-Benz,A 180,Style*NAVI*Bi-XENON*PDC*SHZ*WR*Tempomat...,,17950,Ohne Bewertung,46760,,01/2015,Benzin,122,,
Audi,A4,Lim./AUDI SH/UNFALLFREI/8FACHBEREIFT,,17490,Guter Preis,129000,,01/2018,Benzin,150,,
Volkswagen,Crafter,35 2.0TDI L3H2+KAMERA+KLIMA+PDC+DAB,,24950,Fairer Preis,94492,,01/2021,Diesel,140,,
Volkswagen,up!,1.0 TSI BMT high up! Maps+More Climatronic P,,10580,Fairer Preis,97000,,02/2018,Benzin,90,,
Volkswagen,Caddy,Kasten mit Standheizung aus 1 Hand,,12890,Guter Preis,72915,,09/2015,Diesel,102,,
Mercedes-Benz,Sprinter,II Kasten 310 CDI * TÜV neu,,25000,Ohne Bewertung,57000,,12/2014,Diesel,95,,
Volkswagen,T6 Transporter,Kasten EcoProfi*Klima*,,18290,Guter Preis,132200,,01/2017,Diesel,102,,
Volkswagen,Crafter,Pritsche 50 L2 RWD AHK Standheizung,,26990,Sehr guter Preis,109000,,03/2019,Diesel,177,,
Volkswagen,Caddy,Kombi 1.0 TSI NAVI KLIMA SHZ PDC,,16720,Sehr guter Preis,72730,,11/2019,Benzin,102,,
Volkswagen,Caddy,1.2 BMT Maxi  Kasten,,12999,Sehr guter Preis,116699,,04/2016,Diesel,102,,
Volkswagen,Caddy Maxi,Kasten BMT,,12999,Ohne Bewertung,116699,,04/2016,Diesel,102,,
Volkswagen,T6 Transporter,Kasten TDI 4Motion Diff.sp AHK,,30700,Fairer Preis,88000,,04/2018,Diesel,150,,
Volkswagen,T6 Transporter,"T6 Kasten,4Motion,kurz,AHK,Standh,2 Schiebet.",,25990,Ohne Bewertung,120100,,05/2018,Diesel,150,,
Volkswagen,Crafter,35 Kasten MR LED+AHK+Navi+Kamera+103kw+T,,26880,Fairer Preis,87000,,05/2019,Diesel,140,,
Volkswagen,Golf Plus,VI Life/Schiebedach/Navi/1.Hd/Garantie,,11990,Ohne Bewertung,42425,,06/2013,Benzin,105,,
Volkswagen,Crafter,35 Kombi 2.0 TDI STANDHZG PDC KLIMA,,25720,Guter Preis,129900,,11/2017,Diesel,114,,
,,,,,,,,,Andere,,,
Volkswagen,Caddy Maxi,Kasten TDI DSG 4x4 Werkstatt*AHK*GRA*,,26990,Ohne Bewertung,103550,,10/2020,Diesel,150,,
Volkswagen,T6 California,T6 2.0TDI California Beach*7SITZER*MOBILE-NAVI,,34900,Sehr guter Preis,125500,,02/2016,Diesel,204,,
Volkswagen,T5 Transporter,Linné-Liner Campingausbau,,33000,Ohne Bewertung,74500,,08/2012,Diesel,140,,
Mercedes-Benz,Sprinter,"316 NAVI + AHK 2,8t + 1.HAND 7610",,26168,Fairer Preis,115050,,12/2019,Diesel,163,,
Volkswagen,Crafter,", 3 Sitzer",,12900,Ohne Bewertung,90000,,06/2010,Diesel,88,,
Volkswagen,Polo,V Match/SCHECKHEFT/KLIMA/SHZ/PDC,,8490,Ohne Bewertung,85000,,03/2012,Benzin,90,,
Volkswagen,Golf,1.0 TSI DAB LED AHK Klimaaut. PDC,,18490,Fairer Preis,56124,,08/2020,Benzin,110,,
Volkswagen,T6 Transporter,DoKa Pritsche+Plane*AHK 6-Sitzer,,19480,Fairer Preis,120267,,05/2018,Diesel,102,,
Volkswagen,Caddy,2.0 TDI Nfz Kasten EcoProfi BMT,,12990,Sehr guter Preis,126400,,08/2017,Diesel,102,,
Volkswagen,T6 Transporter,Kasten TDI Standheizung*Werkstatt,,18600,Sehr guter Preis,108000,,04/2019,Diesel,102,,
Mercedes-Benz,Vito,109 CDI FWD lang Wohnmobil /K62,,25990,Ohne Bewertung,121700,,07/2017,Diesel,88,,
Volkswagen,Caddy,Nfz Kasten Trendline BMT,,18000,Erhöhter Preis,73000,,02/2018,Diesel,102,,
Mercedes-Benz,Sprinter,214 Automatik KAMERA+NAVI 4458,,28548,Guter Preis,99050,,01/2020,Diesel,143,,
Mercedes-Benz,Sprinter,316 CDI *Werkstatt* STANDHZG. 0188,,33903,Fairer Preis,42050,,12/2019,Diesel,163,,
Volkswagen,Golf,VII 1.0 TSI BMT Comfortline /JP-Perfomance/,,12999,Erhöhter Preis,149829,,05/2017,Benzin,110,,
Volkswagen,Crafter,Kasten 35 lang L3H2 Hochdach EcoProfi,,11999,Ohne Bewertung,113292,,01/2015,Diesel,163,,
Volkswagen,Caddy,Nfz Maxi Kasten BMT 2.0 TDI,,13500,Sehr guter Preis,108000,,07/2017,Diesel,102,,
Volkswagen,T5 Transporter,T5 2.0TDI Kupplung + ZMS NEU *2xSchiebetüre*,,10990,Ohne Bewertung,92000,,12/2012,Diesel,84,,
Mercedes-Benz,Sprinter,314 *MAXI EXTRALANG* KLIMA 2031,,31523,Fairer Preis,42050,,11/2020,Diesel,143,,
Volkswagen,Golf Plus,VI Highline/Navi/Garantie/HU/AU/Neu,,12990,Ohne Bewertung,41103,,12/2011,Benzin,122,,
,,,,,,,,,Andere,,,
Mercedes-Benz,Sprinter,313 CDI DoKa Pritsche Klima Standhzg.,,15995,Ohne Bewertung,123840,,12/2011,Diesel,129,,
Mercedes-Benz,Sprinter,214 Automatik KAMERA+ NAVI (7793),,27953,Fairer Preis,100000,,03/2020,Diesel,143,,
Volkswagen,Crafter,Kasten MR L2H2 Kamera*Klima,,18600,Sehr guter Preis,115000,,01/2019,Diesel,140,,
Volkswagen,T6 andere,T6 Kasten 2.0 TDI Einparkhilfe AHK GJR Sortimo,,21480,Guter Preis,63645,,11/2019,Diesel,102,,
Volkswagen,Crafter,Kasten L1H1*Klima*Tüv neu*Garantie*,,13990,Sehr guter Preis,117700,,08/2016,Diesel,109,,
Mercedes-Benz,Sprinter,314 Automatik DISTRONIC+LED+NAVI (2747),,29143,Fairer Preis,100000,,12/2019,Diesel,143,,
Volkswagen,Caddy,Cargo 2.0 TDI Navi DAB+,,19880,Fairer Preis,92795,,02/2021,Diesel,122,,
Audi,A1,Sportback 1.4*125 Ps*basis*111700Tkm  TÜV Neu,,11490,Guter Preis,111700,,08/2015,Benzin,125,,
Volkswagen,T6 Transporter,T6.1 Transporter 2.0 TDI Kasten FWD / Klima MwSt,,21990,Guter Preis,114770,,11/2020,Diesel,150,,
Mercedes-Benz,A 180,Style BlueEfficiency*NAVI*XENON*SHZ*Teille,,11450,Ohne Bewertung,128485,,07/2013,Benzin,122,,
Volkswagen,T6 andere,T6 Kasten 2.0 TDI LR Einparkhilfe SHZ,,21880,Erhöhter Preis,142225,,06/2018,Diesel,150,,
Volkswagen,Caddy,TDI Kasten Klima,,9990,Fairer Preis,89691,,01/2014,Diesel,75,,
Volkswagen,T6 Transporter,Pritsche DoKa LR*StndHzg AHK 6Sit,,18980,Ohne Bewertung,109493,,02/2019,Diesel,150,,
Volkswagen,Crafter,Kasten 35 mittel L2H2 Hochdach,,17499,Sehr guter Preis,121000,,06/2018,Diesel,140,,
Mercedes-Benz,B 180,B -Klasse B 180 CDI,,12490,Ohne Bewertung,83900,,12/2012,Diesel,109,,
Mercedes-Benz,Vito,Kasten 1 Hand* Standheizung* Tempomat* .Han,,16990,Guter Preis,80000,,10/2017,Diesel,136,,
Volkswagen,Caddy,Maxi *Pharma-Thermoisolierung *KLIMA *1.Hd,,13450,Fairer Preis,95000,,07/2017,Diesel,102,,
Mercedes-Benz,Sprinter,516 CDI BLUETEC SPRINTER 906.653 7G-TRONIC PLUS,,21900,Sehr guter Preis,130322,,07/2017,Diesel,163,,
Volkswagen,Caddy,2.0 TDI Kasten Trendline BMT AHK,,15700,Fairer Preis,100460,,07/2018,Diesel,102,,
Volkswagen,T6 andere,T6 Pritsche Doka 4Motion Standh AHK Tempomat,,26995,Guter Preis,122000,,05/2018,Diesel,150,,
,,,,,,,,,Andere,,,
Volkswagen,Crafter,Kasten MR L2H2 Klima*AHK,,14700,Sehr guter Preis,128000,,07/2016,Diesel,136,,
Mercedes-Benz,Sprinter,III Pritsche DoKa 314 CDI 7SITZER/KLIMA,,28485,Sehr guter Preis,77705,,10/2019,Diesel,143,,
Volkswagen,Crafter,Pritsche 30 kurz L1 DoKa *7 Sitzer,,11999,Ohne Bewertung,108119,,11/2010,Diesel,88,,
Volkswagen,Crafter,Pritsche  35 DOKA lang RWD 2.0 TDI STHZ ,,22800,Ohne Bewertung,75100,,07/2019,Diesel,177,,
Mercedes-Benz,B 200,Navi SHZ Rückfahrkam. Tempomat PDCv+h,,13990,Ohne Bewertung,50700,,07/2012,Benzin,156,,
Volkswagen,Caddy,Maxi*KLIMA*R-KAMERA,,20485,Erhöhter Preis,99155,,05/2021,Diesel,102,,
Mercedes-Benz,Sprinter,516 CDI  Pritsche AHK Standhzg 7-Sitzer,,29900,Guter Preis,59000,,10/2017,Diesel,163,,
Volkswagen,Crafter,Kasten 35 Autom. Ladebordwand Navi,,33900,Hoher Preis,104000,,12/2018,Diesel,177,,
Mercedes-Benz,Sprinter,II Kasten 314 CDI I.Hand Schwingsitz,,16990,Sehr guter Preis,117200,,08/2017,Diesel,143,,
Mercedes-Benz,Sprinter,II Kasten 314CDI NAVI AHK TEMPOMAT KLIM,,16399,Sehr guter Preis,124000,,03/2017,Diesel,143,,
Mercedes-Benz,E 200,E -Klasse Lim. E 200 CGI BlueEfficiency,,17690,Ohne Bewertung,150000,,01/2014,Benzin,184,,
Mercedes-Benz,A 180,Style*XENON*PDC*Panoramadach*Teilleder...,,16950,Fairer Preis,45235,,04/2015,Benzin,122,,
Volkswagen,Crafter,2.5 TDI ,,12500,Ohne Bewertung,76551,,07/2011,Diesel,136,,
Volkswagen,Crafter,Kasten Mittlerer Radst. Hochd L2H2 Klima,,24800,Sehr guter Preis,76000,,08/2019,Diesel,140,,
Volkswagen,T5 Transporter,2.0TDI EU5*2xSchiebetüre*1.Hand*,,11781,Ohne Bewertung,74000,,12/2012,Diesel,84,,
Volkswagen,Touran,2.0TDI SCR BMT Navi 7Sitze SR+WR GARANTIE,,23900,Fairer Preis,75000,,04/2019,Diesel,150,,
Mercedes-Benz,Sprinter,II Pritsche-Ma/DoKa/316 CDI/Klima/Navi/,,23490,Guter Preis,142000,,07/2015,Diesel,163,,
Volkswagen,T6 Transporter,2.0 TDI Kasten Flügel AHK KLIMA P,,20999,Sehr guter Preis,60799,,11/2019,Diesel,102,,
Volkswagen,Caddy,Kasten 2.0 TDI DSG Einparkhilfe Klima,,22340,Erhöhter Preis,72959,,11/2020,Diesel,102,,
Volkswagen,T6 Transporter,Kasten 2.0TDI 4Motion AHK*ACC*LED,,29999,Hoher Preis,84000,,12/2018,Diesel,150,,
,,,,,,,,,Andere,,,
Volkswagen,Caddy Maxi,"Caddy 2,0TDI Maxi Kasten BMT Klima 1.Hd",,17850,Ohne Bewertung,79800,,05/2019,Diesel,102,,
Mercedes-Benz,Sprinter,II Lang Pritsche DoKa 310 CDI  7-Sitzer,,11499,Ohne Bewertung,101022,,12/2012,Diesel,95,,
Volkswagen,T5 Transporter,2.0TDI EU5*2xSchiebetüre*1.Hand*,,9990,Fairer Preis,96000,,12/2013,Diesel,84,,
Volkswagen,Caddy,Kasten 1.4 TSI - Shz / AHK / Tempomat -,,11900,Sehr guter Preis,64000,,09/2017,Benzin,125,,
Audi,A3,1.6 TDI Spor Xenon Tempomat Klimaaut. PDC,,17890,Fairer Preis,86700,,05/2018,Diesel,116,,
Volkswagen,T5 Multivan,,,28000,Ohne Bewertung,50000,,01/2014,Diesel,179,,
Volkswagen,T6 Transporter,T6 Kombi Kasten Mixto LR AHK*GRA*6Sitze*DAB+,,30990,Fairer Preis,71200,,06/2019,Diesel,150,,
Ford,Transit Custom,Kasten 300 L2 Trend,,21500,Sehr guter Preis,63300,,07/2020,Diesel,131,,
Volkswagen,Crafter,35 Kasten 2.0 TDI LR HD AHK PDC SHZ,,25480,Sehr guter Preis,72600,,10/2020,Diesel,140,,
Mercedes-Benz,Sprinter,906 Koffer Camper Foodtruck Womo,,11888,Ohne Bewertung,100000,,01/2012,Diesel,95,,
Volkswagen,T6 Transporter,T6.1 Kasten 2.0 TDI  Klima+AHK+Flügeltüren++,,24990,Fairer Preis,86990,,11/2019,Diesel,150,,
Mercedes-Benz,Sprinter,316 CDI NAVI+ AHK+ 1.HAND 5198,,26763,Fairer Preis,60000,,01/2019,Diesel,163,,
Mercedes-Benz,Vito,Kuhlmann Cars Bestattungswagen/Leichenwagen,,19950,Ohne Bewertung,138123,,04/2011,Diesel,95,,
Volkswagen,Crafter,PLUS 35 mittellang FWD/7-SITZER/RFK/AHK,,28999,Fairer Preis,117000,,12/2018,Diesel,140,,
Mercedes-Benz,Sprinter,II Kasten 313/CDI/Klima/ PDC/AHK/Navi,,16500,Ohne Bewertung,136662,,12/2014,Diesel,129,,
Volkswagen,Polo,V Style*1.HAND*KLIMA*SCHECKHEFT*,,6999,Guter Preis,97000,,07/2012,Benzin,90,,
Volkswagen,T6 Transporter,"T6 Kasten,4 Motion,Standh.,AHK,Kamera,Tempomat",,27990,Sehr guter Preis,95200,,07/2019,Diesel,150,,
Volkswagen,T6 Transporter,Kasten 2.0TDI Klima*PDC*Werkstatt,,20900,Guter Preis,66000,,01/2019,Diesel,102,,
Volkswagen,T6 Transporter,T6 Kasten LR LANG REGALAUSBAU AHK,,21210,Guter Preis,107511,,03/2020,Diesel,150,,
Audi,Q2,basis,,15999,Guter Preis,127849,,08/2017,Benzin,150,,
,,,,,,,,,Andere,,,
Volkswagen,T6 Transporter,2.0 TDI Kombi Klima,,27900,Guter Preis,86800,,06/2019,Diesel,150,,
Volkswagen,Crafter,Pritsche 35 lang L3 Kühlkoffer Ladebord,,15600,Ohne Bewertung,141000,,11/2013,Diesel,163,,
Mercedes-Benz,Vito,Kasten 111 CDI FWD lang,,19999,Guter Preis,89600,,08/2019,Diesel,114,,
Volkswagen,Crafter,Koffer Standheiz. 35 lang netto 21995€,,26174,Guter Preis,63000,,03/2018,Diesel,140,,
Mercedes-Benz,Sprinter,316 CDI 1.HAND+ 3-SITZE+ 230V 7288,,26763,Fairer Preis,100000,,11/2020,Diesel,163,,
Volkswagen,T6 Transporter,"T6 Kasten,4Motion,LR,Klima,AHK,2 Schiebet.",,27990,Ohne Bewertung,71500,,08/2018,Diesel,150,,
Mercedes-Benz,A 160,A -Klasse A 160/Automatik,,7750,Ohne Bewertung,96000,,12/2011,Benzin,95,,
Volkswagen,Caddy,"Kasten 1,0 TSI Climatronic+Navi+PDC",,16990,Fairer Preis,75294,,09/2020,Benzin,102,,
Volkswagen,T6 Transporter,Kasten 2.0 TDI Klima*Werkstatt,,17700,Sehr guter Preis,120000,,01/2019,Diesel,102,,
Volkswagen,T6 Transporter,T6 Kasten 2.0 TDI KLIMA,,15890,Guter Preis,111443,,01/2019,Diesel,84,,
Volkswagen,Caddy,Kasten*DSG*PDC*KLIMA*AHK*SCHECKHEFT*,,11999,Fairer Preis,120000,,07/2015,Diesel,102,,
Volkswagen,T6 Transporter,T6 Kasten 4Motion DSG Standh ACC AHK SHZ Kamera,,25995,Fairer Preis,125000,,09/2018,Diesel,150,,
Volkswagen,T5 Transporter,2.0TDI EU5*2xSchiebetüre*1.Hand*,,9790,Fairer Preis,90000,,12/2013,Diesel,84,,
Volkswagen,T6 Transporter,*NAVI*AHK,,26980,Guter Preis,100000,,10/2019,Diesel,150,,
Mercedes-Benz,Sprinter,314 MAXI L3H2 RFK PTS Tachograf MBUX 2S,,22450,Sehr guter Preis,113800,,06/2019,Diesel,143,,
Volkswagen,Crafter,Hochdach | LED | Klima | Doppelsitzbank,,25400,Fairer Preis,109634,,10/2019,Diesel,140,,
Volkswagen,Crafter,35 TDI Autom.*EK*Pritsche-Plane*MR*AHK*,,31990,Erhöhter Preis,73000,,05/2019,Diesel,140,,
Volkswagen,Crafter,,,23200,Fairer Preis,102000,,06/2020,Diesel,140,,
Volkswagen,T6 Transporter,T6 Bus Caravelle Comf. lang 4MOTION |8-SITZE|,,27990,Sehr guter Preis,134000,,03/2017,Diesel,204,,
Mercedes-Benz,B 180,d/AUTOMATIK/1-HAND/NAVI/KAMERA/PDC,,18999,Fairer Preis,121000,,02/2020,Diesel,116,,
,,,,,,,,,Andere,,,
Ford,Mondeo,Hentschke Bestattungswagen / Leichenwagen,,18650,Ohne Bewertung,79994,,03/2010,Benzin,110,,
Volkswagen,T5 California,T5.2 California  Unikat 001/001. No-Limit Möbel,,34900,Ohne Bewertung,115000,,09/2011,Diesel,179,,
Volkswagen,T6 andere,T6 Kasten 4Motion DSG Standh Kamera AHK SHZ Temp,,26995,Sehr guter Preis,117000,,03/2019,Diesel,150,,
Volkswagen,Beetle,"Lim. Design,PDC,SHZ",,8990,Ohne Bewertung,65819,,01/2013,Benzin,160,,
Volkswagen,T6 Transporter,T6.1 Transporter Pritsche Doka-LED-Klima-AHK,,25490,Sehr guter Preis,84555,,03/2020,Diesel,110,,
Volkswagen,Caddy Maxi,2.0 TDI Kasten KLIMA Connectivity SHZ,,17489,Ohne Bewertung,60566,,07/2019,Diesel,102,,
Volkswagen,Crafter,Kasten 2.0 TDI 35 lang Hochdach KAM+PDC,,18789,Guter Preis,114380,,05/2019,Diesel,140,,
Volkswagen,T6 Transporter,T6.1 Transporter /RFK/KLIMA/WECHSELRICHTER !,,26999,Fairer Preis,86000,,01/2020,Diesel,150,,
Mercedes-Benz,B 180,B -Klasse B 180 d AMG Ausstattung,,20499,Guter Preis,106000,,05/2019,Diesel,116,,
Ford,Kuga,Titanium 150PS Aut. 4x4/Navi/Standh./PDC,,17700,Erhöhter Preis,89173,,05/2017,Diesel,150,,
Volkswagen,Caddy,"2,0TDI kurz DSG Werkst. Klima Sthzg. Navi",,22900,Erhöhter Preis,47530,,09/2018,Diesel,102,,
Mercedes-Benz,Sprinter,II Pritsche 313 CDI,,12480,Ohne Bewertung,111836,,10/2011,Diesel,129,,
Volkswagen,Caddy,2.0 TDI Kasten EcoProfi BMT / Klima PDC,,15990,Fairer Preis,93423,,11/2020,Diesel,102,,
Ford,Transit,2.0 TDCI 350 Trend L4 H3 Klima,,23998,Fairer Preis,79000,,09/2017,Diesel,131,,
Mercedes-Benz,Sprinter,2 Pritsche CDI*S.Heft*Klima*AHK*3 Sitze,,14990,Sehr guter Preis,60928,,09/2015,Diesel,95,,
Volkswagen,Crafter,Kasten 50 mittellang Hochdach RWD 2.0 TD,,22790,Sehr guter Preis,65054,,03/2019,Diesel,122,,
Volkswagen,T6 Transporter,Pritsche DoKa LR*AHK StndHzg 6Sit,,18980,Ohne Bewertung,119359,,02/2019,Diesel,150,,
Ford,Transit,FT 310 L2H2 VA Werkstatt Klima Standheiz,,20400,Fairer Preis,89000,,01/2018,Diesel,105,,
Volkswagen,T6 Transporter,T6.1 Transporter Kasten KR KLIMA PDC FLÜGELTÜREN,,21450,Guter Preis,84700,,08/2021,Diesel,110,,
Citroën,Berlingo,*KASTEN*STANDHEIZUNG*TOPAUSSTATTUNG,,18445,Fairer Preis,64042,,04/2019,Diesel,131,,
,,,,,,,,,Andere,,,
Ford,Transit,FT 350 L3H3 Autm. VA Klima Navi Kamera,,24400,Guter Preis,105080,,02/2018,Diesel,170,,
Mercedes-Benz,Viano,*KAMERA*PANORAMASCHIEBEDACH*AMBIENTE*LANG*,,26990,Ohne Bewertung,154500,,03/2013,Diesel,224,,
Volkswagen,T6 Transporter,"T6 2,0 TDI Standheizung Hochdach lang 1.HD*Navi",,20990,Fairer Preis,138000,,06/2017,Diesel,150,,
Mercedes-Benz,Citan,111 CDI Tourer EDITION Lang Navi DAB+ SHZ,,18890,Erhöhter Preis,68996,,02/2018,Diesel,110,,
Volkswagen,T6 Transporter,T6 2.0TDI DSG Transp.Kasten Kombi Mittelhochdach,,17699,Sehr guter Preis,130000,,04/2018,Diesel,150,,
Mercedes-Benz,Sprinter,II Kasten 310 CDI *Standheizung*Navi*,,20000,Fairer Preis,140000,,09/2015,Diesel,95,,
Volkswagen,T6 Transporter,Kasten-Kombi Kasten,,18500,Sehr guter Preis,105000,,10/2019,Diesel,150,,
Volkswagen,T6 Transporter,Kasten lang 2.0 TDI Tiefkühlwagen,,29990,Ohne Bewertung,92835,,03/2019,Diesel,102,,
Ford,Focus,Turnier ST mit Leder-Sport-Paket,,16350,Fairer Preis,105800,,04/2017,Benzin,250,,
Opel,Movano,"B Kasten HOCHDACH L2H3, KLIMA, 3 SITZER",,16990,Ohne Bewertung,97000,,04/2014,Diesel,125,,
Volkswagen,Caddy,Kasten 2.0 TDI Sortimo Werkstatt Regal AHK,,16450,Guter Preis,68768,,03/2018,Diesel,102,,
Volkswagen,T6 Transporter,T6 Kasten KR 2.0TDI*Navi PDC Alarm Klima Bluetoo,,18980,Fairer Preis,101705,,12/2019,Diesel,102,,
Volkswagen,T6 Transporter,"Kasten 4Motion Klima €EXP:22.450,",,26940,Erhöhter Preis,112000,,08/2019,Diesel,150,,
Mercedes-Benz,Sprinter,"313 Maxi XXL 4,3m-Tiefpritsche AHK-2,8t",,13950,Ohne Bewertung,130334,,08/2012,Diesel,129,,
Volkswagen,Beetle,Lim. Design,,9100,Guter Preis,129250,,05/2013,Benzin,160,,
Volkswagen,Polo,V Comfortline BMT/Start-Stopp,,9970,Erhöhter Preis,108200,,01/2015,Diesel,90,,
Volkswagen,Crafter,35 TDI 1.HAND+KLIMA+TÜV NEU+KAMERA+NAVI,,18990,Guter Preis,140000,,10/2016,Diesel,140,,
Mercedes-Benz,Sprinter,316 Automatik *2x Schiebetür* 6556,,27358,Fairer Preis,106050,,11/2020,Diesel,163,,
Volkswagen,T6 Transporter,T6 Kasten TDI DSG LR LANG AHK ACC KAMERA,,19880,Sehr guter Preis,118484,,10/2019,Diesel,150,,
Iveco,Andere,"Daily 50C17 LADEBORDWAND, ZWILLINGSREIFEN, KLIMA",,20990,Ohne Bewertung,74000,,07/2014,Diesel,170,,
,,,,,,,,,Andere,,,
Volkswagen,Caddy,Kasten 2.0 TDI Sortimo Werkstatt Regal SHZ,,14950,Sehr guter Preis,74861,,03/2018,Diesel,102,,
Opel,Movano,"B Kasten L2H2, AUTOMATIK, 3 SITZER, KLIMA",,16990,Ohne Bewertung,90000,,04/2014,Diesel,125,,
Mercedes-Benz,Sprinter,515 L4H3 Supermaxi Extralang Superhochd,,19950,Ohne Bewertung,121761,,10/2008,Diesel,150,,
Volkswagen,T6 Transporter,T6.1 Transporter 2.0 TDI Kasten FWD,,20990,Guter Preis,124284,,11/2020,Diesel,150,,
Volkswagen,T6 andere,T6 Kasten 4Motion lang DSG LED ACC AHK SHZ,,27995,Guter Preis,118000,,02/2019,Diesel,150,,
Mercedes-Benz,Sprinter,Kombi 4x4 Allrad Sperre Standh Klima,,22995,Ohne Bewertung,125000,,03/2009,Diesel,150,,
Ford,Transit,FT 310 L2H2 VA Werkst.Klima Standheizung,,19900,Fairer Preis,90940,,03/2018,Diesel,105,,
Audi,A7,3.0 TFSI quattro ACC HUD SOFT 360 NAVI KAM BO,,34888,Sehr guter Preis,63022,,07/2017,Benzin,333,,
Volkswagen,T6 Transporter,"T6 Kasten,4Motion,kurz,PDC,AHK,Standh,2 Schiebet",,28990,Ohne Bewertung,96900,,08/2019,Diesel,150,,
Volkswagen,T5 Transporter,2.0TDI EU5*2xSchiebetüre*1.Hand*,,9990,Guter Preis,79000,,12/2013,Diesel,84,,
Volkswagen,T5 Caravelle,(lang),,33500,Ohne Bewertung,130000,,05/2015,Diesel,150,,
Volkswagen,T6 Transporter,T6*Transporter*Kasten*Klima*Composition Audio*,,16590,Sehr guter Preis,100000,,07/2019,Diesel,102,,
Volkswagen,T5 Transporter,2.0TDI EU5*2xSchiebetüre*1.Hand*,,9996,Guter Preis,79000,,07/2013,Diesel,84,,
Volkswagen,T6 Kombi,T6.1 Kombi 2.0TDI LR Hochd. Klima PDC 9-Sitzer,,27950,Sehr guter Preis,34500,,11/2020,Diesel,110,,
Volkswagen,T6 Transporter,T6.1 Kasten LR LANG REGALAUSBAU AHK,,26880,Erhöhter Preis,83792,,03/2020,Diesel,110,,
Volkswagen,T6 Transporter,Kasten-Kombi Kasten Hochdach lang,,17990,Erhöhter Preis,138321,,12/2016,Diesel,84,,
Ford,Transit Custom,310 L1H1 Werkstatt Klima Navi,,24900,Erhöhter Preis,79600,,12/2017,Diesel,131,,
Volkswagen,T5 Transporter,2.0TDI EU5*2xSchiebetüre*1.Hand*,,10698,Sehr guter Preis,80000,,12/2015,Diesel,84,,
Volkswagen,T6 Transporter,Transporter T6 kurz VA Werkstatt Klima EU6,,26900,Fairer Preis,38900,,01/2017,Diesel,102,,
Volkswagen,T6 Transporter,Pritsche inklusive Mwst!,,19850,Sehr guter Preis,50000,,04/2017,Diesel,150,,
,,,,,,,,,Andere,,,
Mercedes-Benz,B 180,CDI -Automatik KLIMA NAVI SHZ Diesel Euro6,,12490,Ohne Bewertung,124980,,03/2015,Diesel,109,,
Volkswagen,T6 Transporter,Kasten LANG*KLIMA*PDC*NAVI*2 HAND,,14850,Sehr guter Preis,123924,,09/2017,Diesel,102,,
Ford,Kuga,ST-Line 150PS/Klimaautomatik/Pano/DAB,,17500,Erhöhter Preis,89233,,08/2019,Benzin,150,,
Mercedes-Benz,Vito,114 CDI lang Automatik 7G,,21956,Fairer Preis,97325,,03/2020,Diesel,136,,
Volkswagen,T6 andere,T6.1 Kasten 4 motion TDI Rückfahrkamera,,26990,Erhöhter Preis,99000,,02/2020,Diesel,150,,
Volkswagen,T6 andere,T6 Doka,,16690,Ohne Bewertung,141326,,06/2016,Diesel,84,,
Mercedes-Benz,Sprinter,III Kasten 314CDI L3H2 AUTOMATIK,,26750,Guter Preis,78500,,02/2019,Diesel,143,,
Mercedes-Benz,Vario,816 D Maxi / Differentialsperre / AHK,,18500,Ohne Bewertung,82249,,03/2008,Diesel,156,,
Volkswagen,T6 Transporter,T6.1 Kasten LR LANG NAVI KAMERA KLIMA,,24420,Erhöhter Preis,77429,,04/2020,Diesel,110,,
Opel,Movano,"2,3CDTI L2H2 VA Ka. m.Laderampe Klima",,20900,Hoher Preis,98270,,11/2016,Diesel,131,,
Volkswagen,Crafter,Pritsche 35 DOKA mittellang FWD 2.0 TDI+,,28790,Fairer Preis,102912,,01/2020,Diesel,140,,
Volkswagen,Caddy Maxi,2.0 TDI Kasten,,16890,Ohne Bewertung,72150,,08/2020,Diesel,102,,
Volkswagen,T6 Transporter,"T6 Kasten,4Motion,kurz,DSG,AHK,Standh,2 Schiebet",,26990,Sehr guter Preis,117300,,07/2019,Diesel,150,,
MINI,Cooper S,Goodwood (Sondermodell 1/1000 Rolls Royce),,20889,Ohne Bewertung,75500,,05/2012,Benzin,184,,
Mercedes-Benz,A 180,Urban*LED*NAVI*PDC*WR*Tempomat...,,18450,Guter Preis,48050,,10/2017,Benzin,122,,
Mercedes-Benz,Sprinter,314 NAVI+KAMERA+STANDHZG. 6393,,27953,Guter Preis,87050,,12/2020,Diesel,143,,
Mercedes-Benz,Sprinter,316 CDI*Navi*R-Kam*Klima*AHK*,,25890,Guter Preis,81458,,06/2019,Diesel,163,,
Volkswagen,T6 Transporter,"T6 Kasten,4Motion,KR,Klima,Navi,AHK,Standh.",,29990,Fairer Preis,98800,,06/2019,Diesel,150,,
Volkswagen,T6 Transporter,2.0 TDI T6.1 lang Klima Navi ACC ,,27920,Fairer Preis,81585,,01/2020,Diesel,150,,
Volkswagen,T6 Transporter,"T6 Kasten,4Motion,kurz,DSG,AHK,Standh,2 Schiebet",,26990,Sehr guter Preis,116500,,08/2019,Diesel,150,,
,,,,,,,,,Andere,,,
Ford,Transit,FT 310 L2H2 VA Werkst. Klima Standheiz.,,19900,Erhöhter Preis,112860,,12/2017,Diesel,105,,
Volkswagen,Caddy,Nfz Maxi Kasten BMT,,17480,Fairer Preis,81300,,08/2019,Diesel,102,,
Mercedes-Benz,Sprinter,906 Koffer Automatik Saxas CDI EU5,,14268,Ohne Bewertung,67000,,05/2011,Diesel,95,,
Volkswagen,Crafter,Kasten Kasten 35 Trendline lang plus Sup,,25000,Fairer Preis,105000,,05/2020,Diesel,140,,
Volkswagen,T6 Transporter,Pritsche DoKa LR*AHK StndHzg 6Sit,,18279,Ohne Bewertung,124375,,12/2018,Diesel,150,,
Mercedes-Benz,Sprinter,"III Pritsche 314CDI L2 FWD,Klima,AHK,3S",,23990,Guter Preis,127500,,11/2018,Diesel,143,,
Volkswagen,Polo,VI Trendline,,9500,Sehr guter Preis,98500,,06/2018,Benzin,65,,
BMW,X1,Baureihe X1 xDrive 18 d Advantage,,18999,Guter Preis,117000,,07/2019,Diesel,150,,
Volkswagen,T6 andere,T6 Kasten 4Motion lang DSG Standh LED Kamera ACC,,29995,Sehr guter Preis,86000,,05/2019,Diesel,150,,
Volkswagen,T6 andere,T6.1 Kasten 2.0TDI DSG PDC Rückfahrkamera Klimaa,,24633,Sehr guter Preis,105950,,12/2021,Diesel,150,,
Volkswagen,T6 Transporter,,,13990,Ohne Bewertung,135000,,07/2015,Diesel,140,,
Volkswagen,Caddy,Kaste*NAVI*REGALEINBAUTEN*,,13870,Ohne Bewertung,110974,,06/2018,Diesel,102,,
Volkswagen,Crafter,35 2.0 TDI MR HD FWD / Klima Navi PDC,,20900,Fairer Preis,139552,,09/2019,Diesel,140,,
Ford,Transit,FT 310 L2H2VA Werkst. Klima Standheizung,,17500,Guter Preis,99160,,12/2017,Diesel,105,,
Mercedes-Benz,Sprinter,III Kasten RWD 314 CDI L2H2 Klima*Apple,,29999,Ohne Bewertung,115000,,09/2018,Diesel,143,,
Volkswagen,Crafter,35 Kasten MIXTO PLUS MR +AHK+PDC+TOP!,,23800,Guter Preis,125000,,10/2019,Diesel,102,,
Volkswagen,Golf Sportsvan,1.5 TSI DSG IQ.Drive *8-fach*AHK*,,20790,Fairer Preis,54900,,11/2019,Benzin,150,,
Volkswagen,Andere,T6.1 Kasten hoch lang Navi Klima 1.Hand,,24995,Ohne Bewertung,95000,,07/2020,Diesel,110,,
Volkswagen,T6 Transporter,T6.1 Transporter 2.0 TDI Kasten kurzer Radstand,,24479,Erhöhter Preis,104537,,10/2020,Diesel,110,,
Mercedes-Benz,Sprinter,316 Automatik AHK+ NAVI 6483,,33903,Fairer Preis,85050,,01/2019,Diesel,163,,
,,,,,,,,,Andere,,,
Volkswagen,Caddy,Nfz Maxi Kasten BMT,,17480,Fairer Preis,106300,,11/2019,Diesel,102,,
Ford,Transit,FT 310 L2H2 VA Werkstatt Klima Sthzg.,,19900,Erhöhter Preis,114590,,12/2017,Diesel,105,,
Ford,Transit,FT 310 L2H2VA Werkstatt Klima Standheiz.,,18900,Fairer Preis,106130,,03/2018,Diesel,105,,
Volkswagen,T6 andere,T6 Hentschke Bestattungswagen / Leichenwagen,,34950,Ohne Bewertung,92268,,08/2019,Benzin,102,,
Volkswagen,Golf Plus,VI Life/Einparkhilfe/SHZ/1.Hd/Garantie,,12990,Ohne Bewertung,31116,,06/2013,Benzin,122,,
Volkswagen,T6 Transporter,T6.1 Kasten LR LANG REGALAUSBAU AHK,,26880,Erhöhter Preis,79929,,04/2020,Diesel,110,,
Mercedes-Benz,Sprinter,316 CDI Pritsche 7-Sitzer 24.490€ Netto,,29143,Sehr guter Preis,83000,,09/2020,Diesel,163,,
Volkswagen,Crafter,Kasten 35 MR L2H1 Kamera*ACC*NAVI*Standh,,22880,Sehr guter Preis,125000,,11/2019,Diesel,140,,
Mercedes-Benz,Sprinter,314 KAMERA+AHK (0523),,27953,Fairer Preis,56050,,01/2019,Diesel,143,,
Volkswagen,Crafter,2.0 TDI MAXI HOCH LANG KLIMA*STHZG*CAM*,,23980,Sehr guter Preis,125000,,07/2019,Diesel,177,,
Ford,Transit,FT 310 L2H2 VA Werkst.Klima Standheizung,,20900,Fairer Preis,105770,,08/2018,Diesel,105,,
Volkswagen,Caddy,CADDY 2.0 TDI DSG BMT ALLTRACK NAVI KAMERA 2PDC,,22900,Sehr guter Preis,110000,,06/2020,Diesel,150,,
Volkswagen,T6 Caravelle,"lang, standheiz, Navi, LED Licht",,31999,Sehr guter Preis,113153,,06/2018,Diesel,204,,
Volkswagen,Golf,VW Golf 7R DSG 4Motion ohne OPF,,24499,Ohne Bewertung,95000,,03/2014,Benzin,300,,
Volkswagen,T6 andere,T6 Kasten 4Motion DSG Standh LED ACC Kamera AHK,,28495,Sehr guter Preis,114000,,08/2019,Diesel,150,,
Volkswagen,T6 Transporter,"T6 Kasten,4Motion,kurz,AHK,Standh,2 Schiebet.",,29990,Ohne Bewertung,90000,,08/2019,Diesel,150,,
Volkswagen,T6 Transporter,T6 Kasten lang 4Motion Diffsp Standh AHK Navi,,30995,Guter Preis,90000,,04/2019,Diesel,150,,
Volkswagen,Crafter,Kastenwagen L2 130kW TDI Automatik,,29750,Fairer Preis,74000,,05/2019,Diesel,177,,
Volkswagen,Crafter,2.0TDI SUPERHOCHDACH*JUMBO*EXTRALA*KLIMA,,19980,Sehr guter Preis,69000,,07/2019,Diesel,140,,
Volkswagen,Crafter,35 2.0 TDI MR HD FWD / Klima AHK,,23900,Guter Preis,44541,,11/2018,Diesel,102,,
,,,,,,,,,Andere,,,
Volkswagen,Crafter,30 Kasten 3-SITZE TRENNWAND,,22770,Fairer Preis,95807,,01/2021,Diesel,102,,
Mercedes-Benz,Sprinter,317 NAVI+ 360° KAMERA+ SITZHEIZ. 6453,,32118,Guter Preis,50000,,07/2022,Diesel,170,,
Ford,Transit Custom,320 L1H1VA Werkstatt Klima AHK,,23900,Fairer Preis,83190,,08/2018,Diesel,131,,
Volkswagen,T6 Transporter,Sortimo Kasten-Kombi 2.0 TDI+Navi,,22670,Fairer Preis,141119,,03/2018,Diesel,150,,
Ford,Kuga,Titanium,,14500,Erhöhter Preis,90000,,03/2017,Benzin,150,,
Volkswagen,Caddy,Nfz Kasten EcoProfi BMT-Klima-1.Hand-,,13470,Fairer Preis,67475,,05/2019,Benzin,102,,
Ford,Transit,FT 310 L2H2VA Werkstatt Klima Standheiz.,,19900,Fairer Preis,88990,,08/2018,Diesel,105,,
Volkswagen,T5 California,,,32950,Ohne Bewertung,138135,,11/2013,Diesel,140,,
Volkswagen,Crafter,2.0TDI SUPERHOCHDACH*JUMBO*EXTRALA*KLIMA,,16980,Sehr guter Preis,89000,,12/2019,Diesel,140,,
Volkswagen,Crafter,Kasten MR Standhzg Klima Bott-Ausbau,,24990,Sehr guter Preis,137950,,01/2020,Diesel,140,,
Volkswagen,Crafter,30 Kasten 3-SITZE NAVI PDC KLIMA,,24420,Erhöhter Preis,103286,,12/2020,Diesel,102,,
Volkswagen,T6 Transporter,Kasten,,33800,Fairer Preis,98000,,07/2018,Diesel,150,,
Volkswagen,up!,move up!/NEU TÜV/SHZ/SCHECKHEFT,,5890,Ohne Bewertung,104000,,03/2015,Benzin,60,,
Mercedes-Benz,Vito,Kasten 111 CDI Worker AHK Holzboden Audio10,,14740,Guter Preis,82559,,10/2018,Diesel,114,,
Volkswagen,Andere,Transporter T6 Kasten-Kombi Kasten EcoProfi 2.0 ,,27430,Ohne Bewertung,78974,,12/2019,Diesel,150,,
Volkswagen,T5 andere,T5 Camper Ausbau,,37500,Ohne Bewertung,100000,,07/2015,Diesel,140,,
Volkswagen,T5 andere,T5 Kasten 4Motion 4x4 Diffsperre AHK Temp Klima,,18495,Ohne Bewertung,150000,,09/2013,Diesel,140,,
Volkswagen,Crafter,35 2.0 TDI MR HD FWD / Klima Navi PDC,,20900,Fairer Preis,140619,,10/2019,Diesel,140,,
Ford,Transit,310 L2 H2 Trend Klima Werkstatt,,21899,Erhöhter Preis,80000,,07/2018,Diesel,105,,
Volkswagen,Crafter,Kasten 30 L3H3 FWD 1.HD·NAVI·PDC·CARPLAY,,26750,Guter Preis,65653,,07/2019,Diesel,140,,
,,,,,,,,,Andere,,,
Peugeot,Boxer,2.2 HDI L1H1 KAMERA+NAVI+STANDHZG. 8265,,23788,Guter Preis,49050,,06/2020,Diesel,165,,
Volkswagen,T6 Transporter,Kasten AppConnect+Heckkl.m.Fe,,23990,Erhöhter Preis,58795,,03/2019,Diesel,102,,
Mercedes-Benz,Vito,Handwerker Fahrzeug,,23500,Ohne Bewertung,73621,,07/2019,Diesel,136,,
Volkswagen,T6 Transporter,Kasten-Kombi Kasten 4Motion,,19873,Erhöhter Preis,148943,,11/2015,Diesel,150,,
Mercedes-Benz,Sprinter,,,27500,Sehr guter Preis,101000,,10/2019,Diesel,163,,
Ford,Transit,FT 310 L2H2VA Werkstatt Klima Standheiz.,,18900,Fairer Preis,95160,,08/2018,Diesel,105,,
Volkswagen,Crafter,", VW Crafter ",,17500,Sehr guter Preis,136000,,10/2017,Diesel,140,,
Volkswagen,Golf,VW Golf 7 GTI Performance,,22000,Ohne Bewertung,86000,,05/2013,Benzin,230,,
Mercedes-Benz,Vito,114 CDI lang Werkstatt Klima AHK,,22900,Guter Preis,55200,,09/2019,Diesel,136,,
Volkswagen,T6 Caravelle,lang 2.0 TDI BEHINDERTENGERECHT|AUT,,31440,Ohne Bewertung,149800,,06/2016,Diesel,204,,
Volkswagen,T6 Transporter,"T 6.1 Transporter lang, LED, AHZV, Klima, PDC",,27900,Fairer Preis,70265,,01/2021,Diesel,110,,
Mercedes-Benz,Sprinter,314 *2x Schiebetür* KAMERA+STANDH. 5359,,28548,Guter Preis,66050,,01/2020,Diesel,143,,
Volkswagen,Crafter,Kasten 35 L2H2 Klima*PDC vo+hi*Tempomat*,,20800,Erhöhter Preis,144900,,08/2017,Diesel,140,,
Ford,Transit,FT 310 L2H2 VA Werkstatt Klima Sthzg.,,19900,Fairer Preis,77050,,03/2018,Diesel,105,,
Mercedes-Benz,B 200,B -Klasse B 200 d 4Matic Edition B,,17800,Guter Preis,123300,,08/2018,Diesel,136,,
Volkswagen,T5 California,Beach Standh. AHK,,29710,Ohne Bewertung,159000,,09/2013,Diesel,140,,
Mercedes-Benz,Vito,Davos KuhlmannCars Bestattungswagen/Leichenwagen,,27950,Ohne Bewertung,145620,,04/2012,Diesel,136,,
Mercedes-Benz,Vito,114 CDI Tourer PRO+Lang+Klima+Navi+,,24383,Guter Preis,124685,,02/2019,Diesel,136,,
Volkswagen,Crafter,Pritsche Koffer 50 lang RWD 1.HAND,,27950,Erhöhter Preis,124868,,03/2019,Diesel,177,,
Volkswagen,Crafter,"2,0 TDI 35 DOKA/Pritsche/Plane-Klima-",,22580,Sehr guter Preis,146988,,06/2017,Diesel,177,,
,,,,,,,,,Andere,,,
Ford,Transit Connect,Kombi lang Trend Bluetooth Klima,,16880,Erhöhter Preis,104562,,01/2018,Diesel,120,,
Ford,Transit,FT 350 L3H3 VA Werkst. Klima Sthzg. Navi,,26900,Erhöhter Preis,113320,,03/2018,Diesel,131,,
Volkswagen,Crafter,Pritsche 35 mittel L2 Doppelkabine,,16195,Ohne Bewertung,194000,,03/2012,Diesel,163,,
Volkswagen,Crafter,Kasten 35 MR Eco Profi  L2H2 Hochdach,,21499,Guter Preis,40000,,04/2015,Diesel,163,,
Volkswagen,T6 Transporter,T6.1 Transporter 2.0 TDI Kasten FWD lang Leder,,20888,Fairer Preis,96884,,02/2021,Diesel,110,,
Volkswagen,Golf,"7R 467 PS, KWv3, R600, LM 500 TRACK L...",,22999,Ohne Bewertung,110000,,03/2014,Benzin,466,,
Volkswagen,Caddy,Nfz Kasten  2.0 TDI+Klimaanlage+Parksensor,,17870,Fairer Preis,96938,,09/2020,Diesel,102,,
Volkswagen,Caddy,2.0 TDI Cargo Kasten  Navi PDC Klima,,15990,Fairer Preis,95273,,07/2021,Diesel,75,,
Volkswagen,Amarok,Highline DoubleCab 4Motion,,33490,Guter Preis,75000,,02/2018,Diesel,224,,
Mercedes-Benz,V 300,Marco Polo,,35990,Erhöhter Preis,101000,,07/2015,Diesel,190,,
Mercedes-Benz,E 220,BINZ Bestattungswagen / Leichenwagen,,26950,Ohne Bewertung,133453,,06/2009,Diesel,170,,
Volkswagen,Andere,Transporter T6.1 Kasten EcoProfi lang FWD 2.0 TD,,27941,Ohne Bewertung,99800,,09/2020,Diesel,150,,
Ford,Transit Custom,300 L2H1 VA Kasten Klima PDC EU6,,19900,Fairer Preis,113200,,06/2018,Diesel,131,,
Volkswagen,Beetle,2.0 TDI Design,,10500,Ohne Bewertung,129500,,03/2014,Diesel,140,,
Volkswagen,Caddy,Nfz Kasten 2.0 TDI+Klimaanlage+elektr.Fens,,13790,Guter Preis,97942,,07/2019,Diesel,102,,
Volkswagen,T5 Transporter,2.0TDI EU5*2xSchiebetüre*1.Hand*,,8290,Guter Preis,100000,,11/2014,Diesel,84,,
Volkswagen,Crafter,Kasten 35 FWD Hoch+Lang*1.HD*3SITZ*RFK*,,25900,Fairer Preis,104400,,03/2022,Diesel,140,,
Volkswagen,Crafter,"35, 2.0 TDI, 177 PS, LED, Navi, Kamera..",,23799,Sehr guter Preis,131000,,08/2019,Diesel,177,,
Volkswagen,T6 Transporter,/ 4 Motion / 1.Hand,,29900,Fairer Preis,79000,,07/2019,Diesel,150,,
Volkswagen,Golf,VW Golf 7 R ++,,25000,Hoher Preis,100000,,05/2015,Benzin,450,,
,,,,,,,,,Andere,,,
Volkswagen,T6 andere,T6.1 2.0 TDI Pritsche lang|Doka|AHK,,30870,Fairer Preis,34178,,08/2020,Diesel,150,,
Volkswagen,T6 andere,T6 Kasten KR 2.0 TDI DSG Navi AHK GRA Motor neu!,,22480,Sehr guter Preis,124965,,11/2019,Diesel,150,,
Ford,Transit,FT 310 L2H2 VA Werkst.Klima Standheizung,,19900,Erhöhter Preis,117800,,03/2018,Diesel,105,,
Volkswagen,T6 Transporter,"T6.1 Transporter Kasten 2,0 TDI EcoProfi Navi",,24881,Erhöhter Preis,115873,,09/2020,Diesel,110,,
Volkswagen,T6 Transporter,T6.1 Kasten LANG AHK NAVI REGALAUSBAU,,27480,Erhöhter Preis,96884,,11/2020,Diesel,110,,
Ford,Kuga,Titanium 180PS Aut. 4x4/Navi/Sitzh./AHK,,15900,Fairer Preis,105511,,10/2017,Diesel,179,,
Volkswagen,T6 andere,T6 Kasten 4Motion DSG Standh Kamera AHK SHZ Temp,,23995,Sehr guter Preis,133000,,02/2019,Diesel,150,,
Volkswagen,T6 Transporter,T6 Kasten LANG /AUTOMATIK/SEHR GEPFLEGT,,24999,Fairer Preis,126000,,01/2020,Diesel,150,,
Mercedes-Benz,Sprinter,II Kasten 310/311/313/314/316 CDI,,11700,Ohne Bewertung,124000,,07/2012,Diesel,95,,
Ford,Transit Custom,290 L1H1 VA Autm.Klima PDC SH EU6,,21900,Guter Preis,69580,,01/2018,Diesel,131,,
Volkswagen,T6 Transporter,Kasten 2.0TDI 4Motion AHK*Standh,,29980,Erhöhter Preis,74000,,08/2019,Diesel,150,,
Volkswagen,Caddy,Nfz Maxi Kasten BMT,,15990,Fairer Preis,97500,,01/2020,Diesel,102,,
Volkswagen,T6 Transporter,", Teilausbau",,26400,Guter Preis,60000,,12/2018,Diesel,150,,
Volkswagen,T6 California,Reimo Style,,34999,Fairer Preis,102400,,09/2017,Diesel,102,,
Mercedes-Benz,Citan,Kasten 108 CDI lang/LKW Zul./MwSt/Leiterkl,,8590,Fairer Preis,100000,,10/2014,Diesel,75,,
Volkswagen,Crafter,Kasten Kasten 35 mittellang Hochdach FWD,,20693,Guter Preis,134280,,04/2019,Diesel,140,,
Volkswagen,T6 Transporter,"T6 Kasten,4 Motion,Navi,LED,PDC,DSG",,29990,Guter Preis,71700,,02/2019,Diesel,204,,
Mercedes-Benz,C 220,C -Klasse T-Modell C 220 BlueTEC / d T,,22590,Sehr guter Preis,134900,,04/2018,Diesel,170,,
Volkswagen,T6 Transporter,Kasten-Kombi Kasten EcoProfi,,17985,Fairer Preis,140156,,08/2017,Diesel,102,,
Volkswagen,Golf,VW Golf 6 Gti ED 35,,22900,Ohne Bewertung,84500,,05/2012,Benzin,300,,
,,,,,,,,,Andere,,,
Volkswagen,Crafter,Kasten 35 mittellang FWD *APP *Kamera,,20790,Sehr guter Preis,114000,,07/2020,Diesel,140,,
Ford,Transit,FT 310 L2H2VA Werkstatt Klima Standheiz.,,18500,Fairer Preis,113910,,04/2018,Diesel,105,,
Mercedes-Benz,Citan,Kasten LKW 108 CDI lang. TÜV.NEU .KLIMA.,,9300,Guter Preis,89000,,12/2015,Diesel,75,,
Volkswagen,Golf,VW Golf 7 VII R DSG Lapiz Blue Panorama DS...,,23999,Erhöhter Preis,84000,,04/2015,Benzin,300,,
Volkswagen,Crafter,VW Crafter,,31000,Fairer Preis,70080,,01/2019,Diesel,140,,
Ford,Transit Custom,300 L1H1 VA Werkstatt Klima Navi,,22900,Guter Preis,93060,,04/2019,Diesel,131,,
Volkswagen,T6 Transporter,T6.1 Kasten AHK NAVI KLIMA 3-SITZE KAMERA,,25840,Guter Preis,82896,,12/2020,Diesel,150,,
Volkswagen,T6 Multivan,70 Jahre Bulli|AUTOM|STANDHEIZ|NAVI|,,37770,Guter Preis,114600,,08/2017,Diesel,204,,
Volkswagen,Crafter,Kasten Kasten 35 mittellang FWD,,20800,Sehr guter Preis,123950,,12/2019,Diesel,140,,
Volkswagen,Crafter,Kasten 35 mittellang *KLIMA *81.000TKM,,19990,Ohne Bewertung,81550,,08/2020,Diesel,177,,
Volkswagen,T6 Transporter,Doka Doppelkabine LED Autom. Stan,,29850,Guter Preis,121000,,03/2019,Diesel,150,,
Mercedes-Benz,Vito,119 CDI 4x4 extralang*TEMPOMAT*NAVI*KAMERA,,28995,Fairer Preis,118854,,09/2020,Diesel,190,,
Ford,Transit,Kasten 350 L2-H2 Klima/ AHK/3 Si.,,16500,Erhöhter Preis,92650,,01/2015,Diesel,125,,
Ford,Mondeo,Turnier Titanium,,16900,Fairer Preis,82800,,09/2015,Diesel,179,,
Volkswagen,Crafter,Kasten 35 L3H2   2 Sitzer,,20999,Fairer Preis,136000,,03/2019,Diesel,140,,
Volkswagen,T6 Transporter,T6.1 Transporter Lang Klima+AHK+Navi+Kunstleder,,25500,Fairer Preis,70069,,05/2020,Diesel,110,,
Mercedes-Benz,Sprinter,III Pritsche DoKa  316 CDI,,26900,Fairer Preis,70494,,08/2019,Diesel,163,,
Ford,Transit,Pritsche 350 L3 Einzelkabine,,17900,Erhöhter Preis,92900,,02/2016,Diesel,125,,
Volkswagen,Crafter,mit Möbelkoffer MwSt.ausweisbar,,19999,Sehr guter Preis,131000,,04/2019,Diesel,140,,
Mercedes-Benz,Vito,111 Lang Werkstattausstattung Regale,,20999,Sehr guter Preis,70000,,07/2019,Diesel,114,,
,,,,,,,,,Andere,,,
Mercedes-Benz,Sprinter,314 CDI Kompakt AHK+Sitzhzg.,,22574,Guter Preis,126520,,08/2019,Diesel,143,,
Mercedes-Benz,Sprinter,316 *2x Schiebetür* MBUX 9768,,27953,Fairer Preis,119050,,12/2020,Diesel,163,,
Volkswagen,Crafter,Kasten 30 L1H1 **TÜV/AU NEU**TOP ZUSTAND,,11900,Ohne Bewertung,124500,,10/2010,Diesel,136,,
Volkswagen,Crafter,"Kasten 35 2,0 TDI 4motion AHK Kamera",,29949,Erhöhter Preis,129900,,10/2018,Diesel,177,,
Subaru,Forester,Active,,15490,Ohne Bewertung,75000,,01/2013,Benzin,150,,
Volkswagen,Golf,7 R HGP Umbau 480 PS,,27000,Ohne Bewertung,88000,,08/2014,Benzin,480,,
Volkswagen,T6 Transporter,Kasten-Kombi LANG*PDC/AHK/AC/SHZ*,,16550,Sehr guter Preis,131000,,07/2018,Diesel,114,,
Volkswagen,T6 Transporter,"T6 Kasten,LR,4 Motion,ACC,LED,Standh,2 Schiebet.",,29990,Fairer Preis,95700,,02/2020,Diesel,150,,
Volkswagen,Caddy,CADDY 2.0 TDI Life ACC KLIMA 2xPDC MFL 6-GANG,,19900,Guter Preis,94000,,12/2020,Diesel,122,,
Volkswagen,Caddy,Kasten/Kombi Kasten,,9900,Ohne Bewertung,122600,,06/2012,Diesel,102,,
Ford,Edge,ST-Line 209PS Aut. 4x4/Pano/Klimaautom./ACC,,23900,Ohne Bewertung,73943,,08/2018,Diesel,209,,
Ford,Transit,FT 310 L2H2VA Werkst. Klima Standheizung,,15900,Sehr guter Preis,95580,,03/2018,Diesel,105,,
Volkswagen,Caddy,Nfz Maxi Kasten EcoProfi BMT/AHK,,16599,Erhöhter Preis,81000,,05/2020,Diesel,102,,
BMW,118,Baureihe 1 Lim. 5-trg. 118d,,18190,Fairer Preis,58605,,03/2018,Diesel,150,,
Mercedes-Benz,Sprinter,III Pritsche DoKa RWD/AWD/AHK/KLIMA/,,25940,Guter Preis,104000,,05/2020,Diesel,163,,
Mercedes-Benz,Sprinter,316 CDI Doka 4x4 Allrad Pritsche AC#519,,35105,Sehr guter Preis,63468,,06/2017,Diesel,163,,
Volkswagen,T6 Transporter,Transporter T6 Lang DSG VA Öl-Service KFZ Klima,,17900,Sehr guter Preis,160370,,05/2016,Diesel,140,,
Volkswagen,T5 Transporter,2.0TDI EU5*2xSchiebetüre*Facelift,,8400,Ohne Bewertung,80000,,12/2012,Diesel,84,,
Mercedes-Benz,Citan,Kasten 111 CDI lang Werkstattausbau,,14999,Fairer Preis,70000,,03/2018,Diesel,110,,
Mercedes-Benz,Sprinter,316 CDI Kasten L2H2 Klima Kamera 3 Sitz,,17850,Ohne Bewertung,62000,,05/2018,Diesel,163,,
,,,,,,,,,Andere,,,
Volkswagen,Crafter,Kasten Kasten 35 lang Hochdach FWD,,25900,Fairer Preis,91000,,04/2021,Diesel,140,,
Mercedes-Benz,Sprinter,II Kasten|L2H2|314 CDI|4x2|7-Gang|RFK,,22900,Fairer Preis,140786,,09/2017,Diesel,143,,
Volkswagen,Crafter,Kasten 35 MR L2H2 AHK*Kamera*Klima,,27600,Fairer Preis,76000,,07/2020,Diesel,140,,
Volkswagen,Crafter,35 Kasten Hochdach Klima,,29900,Erhöhter Preis,73000,,02/2021,Diesel,140,,
Volkswagen,Golf,7R 4 Motion /Vollausstattung/ohne OPF,,24999,Ohne Bewertung,115000,,04/2014,Benzin,300,,
Volkswagen,Caddy,Nfz Maxi Kasten BMT,,14400,Fairer Preis,105500,,08/2019,Diesel,102,,
Volkswagen,T5 Transporter,Seedorf Camper 2.0 tdi Hochdach,,36000,Ohne Bewertung,63000,,08/2013,Diesel,140,,
Ford,Transit,L2 Allrad 4x4 Doka 7-Sitze Pritsche #101,,26061,Erhöhter Preis,108050,,01/2019,Diesel,131,,
Ford,Transit Custom,"/Tourneo Custom Mixto L2H2 ,AHK,",,19399,Fairer Preis,113500,,10/2016,Diesel,170,,
Volkswagen,T6 Transporter,T6.1 Kasten 2.0 TDI AHK Stdhzg LKW Kamera PDC,,24865,Guter Preis,108630,,12/2020,Diesel,150,,
Volkswagen,T6 Transporter,Kasten LANG 4Motion DSG Standheiz,,24995,Sehr guter Preis,146000,,08/2019,Diesel,150,,
BMW,440,i Sport Line HUP SD LED,,35400,Guter Preis,70872,,02/2020,Benzin,326,,
Iveco,Andere,Daily Kühlkoffer Carrier Kühler 2 °C Autom. A/C,,29995,Ohne Bewertung,72000,,11/2021,Diesel,136,,
Volkswagen,Crafter,Kasten 35 MR L2H2 Kamera*Klima,,23880,Fairer Preis,125000,,06/2020,Diesel,140,,
Volkswagen,T6 Transporter,T6.1 EcoProfi lang FWD*Kamera*,,24950,Sehr guter Preis,90000,,08/2022,Diesel,150,,
Volkswagen,T6 Transporter,Kasten-Kombi Kasten,,23390,Guter Preis,72700,,07/2020,Diesel,150,,
Mercedes-Benz,A 250,*AMG-SPORTPAKET*218 PS*,,17961,Fairer Preis,150000,,10/2017,Benzin,218,,
Volkswagen,Crafter,Pritsche 50 mittel L2 Doppelkabine 7tonn,,11499,Ohne Bewertung,89500,,04/2009,Diesel,109,,
Volkswagen,Golf,VW Golf 7 GTI,,19000,Erhöhter Preis,88100,,06/2015,Benzin,220,,
Volkswagen,Crafter,TDI KAMERA+ KLIMA+ 1.HAND 5938,,28548,Guter Preis,72050,,06/2021,Diesel,140,,
,,,,,,,,,Andere,,,
Volkswagen,Golf,Sportsvan VII Allstar BMT/Start-Stopp;Euro6,,10649,Fairer Preis,157491,,03/2016,Benzin,86,,
Mercedes-Benz,Sprinter,III Kasten 314 CDI L2*Rückfkamera*Klima,,24999,Guter Preis,126620,,05/2019,Diesel,143,,
Volkswagen,T5 Transporter,2.0TDI EU5*2xSchiebetüre*1.Hand*,,11888,Sehr guter Preis,60000,,12/2015,Diesel,84,,
Ford,Transit,FT 310 L2H2 VA Werkstatt Klima Sthzg.,,23900,Erhöhter Preis,64960,,12/2017,Diesel,105,,
Volkswagen,Crafter,2.0 TDI*MITTEL-HOCH*KLIMA*AHK*PDC*EURO6!,,21990,Guter Preis,125787,,02/2020,Diesel,140,,
Volkswagen,T6 Multivan,,,22999,Sehr guter Preis,155000,,08/2015,Diesel,150,,
Ford,Transit Custom,Kasten 310 L1 Trend,,21990,Fairer Preis,93613,,06/2017,Diesel,105,,
Ford,Transit Custom,280 L1H1 VA Werkstatt Klima Navi,,23900,Fairer Preis,106990,,05/2019,Diesel,131,,
Volkswagen,Crafter,Kasten 35 MR L2H2 Klima,,24940,Fairer Preis,53000,,01/2019,Diesel,140,,
Volkswagen,Golf,VW Golf 6 R Sonderausstattung DSG 4Motion ...,,22299,Ohne Bewertung,112000,,01/2012,Benzin,271,,
Mercedes-Benz,Sprinter,Doka Koffer 3.0 V6 519 CDI 4X4/Standhei,,33900,Ohne Bewertung,124671,,07/2011,Diesel,190,,
Volkswagen,T6 Transporter,T6.1 Transporter Kasten 4MOTION 2.0 TDI RFK ACC ,,29888,Ohne Bewertung,110050,,05/2020,Diesel,150,,
Volkswagen,Caddy Maxi,Kasten 2.0 TDI DSG EcoProfi KAMERA PD,,18490,Ohne Bewertung,105780,,10/2020,Diesel,102,,
Volkswagen,T6 Multivan,Trendline,,25400,Sehr guter Preis,163797,,06/2016,Diesel,150,,
Audi,Q2,1.0 TFSI ultra S-Line-design*LED*SHZ*MFL...,,18700,Fairer Preis,51550,,06/2018,Benzin,116,,
Volkswagen,Golf,VW Golf 7 GTI,,17200,Ohne Bewertung,96000,,05/2014,Benzin,220,,
Volkswagen,Caddy,Kasten Maxi 2.0 TDI Klima APS,,16980,Fairer Preis,72509,,11/2019,Diesel,102,,
Volkswagen,T6 Transporter,T6.1 Kasten TDI LR LANG AHK NAVI,,27310,Fairer Preis,71354,,06/2020,Diesel,150,,
Volkswagen,Crafter,Kasten 35 2.0 TDI HD Autom. LED Navi ACC,,34880,Erhöhter Preis,85999,,01/2020,Diesel,140,,
Volkswagen,Golf,Sportsvan Allstar Panorama Navi AHK Kamera,,14990,Fairer Preis,155000,,03/2017,Diesel,150,,
,,,,,,,,,Andere,,,
Volkswagen,Caddy,Kasten 1.0 TSI KLIMA PDC,,13720,Guter Preis,59634,,10/2019,Benzin,102,,
Volkswagen,Caddy,Cargo EcoProfi 2.0 TDI BMT KR KAMERA PDC S,,16950,Fairer Preis,94439,,12/2020,Diesel,102,,
Volkswagen,T6 Transporter,T6.1 Transporter Kasten 2.0 TDI Navi CarPlay PDC,,28880,Fairer Preis,97758,,12/2020,Diesel,150,,
MINI,Cooper S Cabrio,LED / SHZ / Klimaa.,,15990,Fairer Preis,109000,,04/2016,Benzin,192,,
Volkswagen,Caddy,2.0 TDI Kasten Sortimo Klima,,13900,Guter Preis,126000,,03/2020,Diesel,102,,
Volkswagen,Caddy,KÛHLWAGEN KERTNER 1 .HAND TUV SERV NEU GAR,,23900,Ohne Bewertung,55780,,07/2019,Diesel,102,,
Volkswagen,Caddy,Nfz Kasten BMT,,11990,Sehr guter Preis,58641,,12/2018,Benzin,84,,
Volkswagen,T6 Transporter,Pritsche LANG 2.0 TDI 25% MwSt.,,22480,Fairer Preis,36250,,04/2016,Diesel,140,,
Volkswagen,Crafter,Pritsche 35 DOKA 2.0 TDI Klima*AHK,,26990,Sehr guter Preis,50000,,12/2019,Diesel,102,,
Volkswagen,T6 Kombi,"LR 2,0TDI 4Motion 2-S-T ST-H EXP:26.620",,31944,Fairer Preis,108000,,07/2019,Diesel,150,,
Ford,Transit Custom,Kasten 270 L1 Trend 2.0 TDCi AHK ,,16990,Fairer Preis,72500,,11/2017,Diesel,105,,
Ford,Transit,"2,0 TDCI 350 (L3) ""Hochraumkoffer !!""",,24985,Erhöhter Preis,103333,,11/2017,Diesel,131,,
Mercedes-Benz,Vito,Kasten116 CDI*Extralang*1.Hand*Standheizung,,23999,Fairer Preis,81269,,07/2020,Diesel,163,,
Mercedes-Benz,Vito,114 lang Navi Klima EXP:15.780,,18936,Sehr guter Preis,127000,,03/2019,Diesel,136,,
Mercedes-Benz,Sprinter,311 Automatik *Werkstatt* 360° 5914,,30928,Fairer Preis,109050,,12/2020,Diesel,114,,
Volkswagen,Polo,VI Comfortline,,11990,Fairer Preis,58000,,07/2018,Benzin,75,,
Volkswagen,Golf,VIII 2.0 TSI GTI HUD SHZ LED Navi PDC,,25959,Guter Preis,41706,,07/2022,Benzin,245,,
Volkswagen,Caddy,Kasten 2.0 TDI Sortimo Werkstatt Regal AHK,,16900,Guter Preis,57993,,08/2018,Diesel,102,,
Volkswagen,T5 Transporter,2.0TDI EU5 Bulli 1.Hand,,14875,Fairer Preis,48000,,12/2015,Diesel,84,,
Volkswagen,Passat Variant,Basis,,17900,Fairer Preis,121800,,01/2020,Diesel,150,,
,,,,,,,,,Andere,,,
Volkswagen,Crafter,35 Kasten 2.0 TDI Hochdach FWD mittellan,,25978,Sehr guter Preis,101210,,03/2021,Diesel,140,,
Mitsubishi,Canter,Fuso Canter 7C15D DOKA Dreiseitenkipper,,22610,Ohne Bewertung,93790,,04/2016,Diesel,150,,
Volkswagen,Crafter,Kasten 35 mittellang Hochdach FWD L3H3,,24999,Fairer Preis,120700,,11/2020,Diesel,140,,
Mercedes-Benz,Vito,L Hentschke Bestattungswagen / Leichenwagen,,16950,Ohne Bewertung,140572,,04/2010,Diesel,116,,
Volkswagen,Crafter,"Kasten 30 mittel L2H1,AHK,TÜV NEU",,8900,Ohne Bewertung,93000,,03/2010,Diesel,88,,
Volkswagen,T6 Transporter,"T6 Pritsche-Doka(6-Si.),4Motion,Klima,Radio,AHK",,29990,Ohne Bewertung,125900,,03/2019,Diesel,150,,
Volkswagen,T6 Transporter,Kasten lang/Klima/PDC/1 Hand,,15500,Guter Preis,146831,,07/2016,Diesel,102,,
Mercedes-Benz,Sprinter,315 CDI *MAXI EXTRALANG* KAMERA 1219,,27358,Fairer Preis,100000,,01/2022,Diesel,150,,
Ford,Transit,350 Doppelkabine 7-SITZER 25% MwSt.,,25790,Ohne Bewertung,97490,,12/2017,Diesel,170,,
Volkswagen,Golf,VOLKSWAGEN Golf GTI PERFORMANCE BLUEMOTION,,19500,Ohne Bewertung,93000,,05/2016,Benzin,230,,
Volkswagen,Golf,7 GTI CLUBSPORT,,24200,Hoher Preis,108000,,06/2016,Benzin,349,,
Mercedes-Benz,Citan,Kasten 109 CDI lang WÜRTH+Durchlade+AHK,,10900,Sehr guter Preis,79286,,04/2019,Diesel,90,,
Volkswagen,Crafter,Koffer 50 lang RWD *3Sitze*Navi*LBW *App,,33890,Erhöhter Preis,108000,,10/2018,Diesel,177,,
Volkswagen,Crafter,,,16999,Fairer Preis,138000,,04/2018,Diesel,102,,
Mercedes-Benz,CLA 200 Shooting Brake,Urban Rückfahrkamera,,21990,Guter Preis,34397,,10/2017,Benzin,156,,
Mercedes-Benz,B 180,Score Autom.*LED*NAVI*PDC*WR*SHZ*Tempomat,,18900,Guter Preis,34430,,10/2016,Benzin,122,,
Mazda,MX-5,1.8 Sendo *TEMPO*SHZ*ALU*KLIMA*,,14340,Ohne Bewertung,75272,,12/2014,Benzin,126,,
Volkswagen,Caddy,Kasten 2.0TDI Klima*AHK*Standh*Werkstatt,,17800,Fairer Preis,48000,,01/2018,Diesel,102,,
Hyundai,TUCSON,"Tucson Trend 2WD *PANO, NAVI, RFK, DAB*",,18990,Guter Preis,75900,,05/2019,Benzin,177,,
Ford,Transit,Kasten 350 L3H3 Trend SICHTPAKET3+LADUNG,,21890,Fairer Preis,88085,,09/2019,Diesel,131,,
,,,,,,,,,Andere,,,
Ford,Transit,"Kasten 350 L3/Hoch,Klima,Standhz,Kamera",,22999,Fairer Preis,85280,,08/2017,Diesel,170,,
Skoda,Kodiaq,Style 4x4 2.0 TSI,,24987,Fairer Preis,96000,,05/2018,Benzin,179,,
Volkswagen,T6 Transporter,T6  Pritsche Doka P+S KlimaNaviAHKTüvServiceNeu,,33890,Erhöhter Preis,69606,,04/2018,Diesel,150,,
Volkswagen,Golf,7 GTI,,18000,Ohne Bewertung,113256,,03/2014,Benzin,349,,
Volkswagen,Caddy,Life* Behindertengerecht*,,15790,Ohne Bewertung,89295,,04/2007,Diesel,105,,
Mercedes-Benz,Sprinter,II Kasten 311 CDI /1 Hand/Standheizung,,11500,Ohne Bewertung,93353,,03/2009,Diesel,109,,
Volkswagen,Caddy,Kasten 2.0 TDI Klima Flügeltüren,,14980,Guter Preis,55251,,09/2017,Diesel,102,,
Ford,Transit,Kasten 330 Trend 2.0TDCi L2 PDC AHK,,20249,Erhöhter Preis,75513,,01/2019,Diesel,105,,
Volkswagen,Caddy,"Cargo ""EcoProfi"" 2,0 l TDI 75KW PDC",,17950,Guter Preis,74099,,12/2021,Diesel,102,,
Volkswagen,Caddy,Maxi Kombi Navi Tempomat PDC Klima,,16495,Guter Preis,120000,,12/2019,Diesel,102,,
Volkswagen,Caddy,Maxi Kombi Navi Tempomat PDC Klima,,16495,Ohne Bewertung,120000,,12/2019,Diesel,102,,
Volkswagen,Crafter,Kasten 35 lang Hochdach FWD 2.0 TDI EU6d,,27490,Guter Preis,75000,,07/2020,Diesel,177,,
Volkswagen,Caddy Maxi,Behindertengerechter VW Caddy Maxi (Paravan),,32000,Ohne Bewertung,55838,,03/2017,Diesel,102,,
Volkswagen,T6 Transporter,T6 Multivan 2.0 TDI Generation Six*LED*Alcantara,,34950,Sehr guter Preis,128000,,06/2016,Diesel,204,,
Mercedes-Benz,Sprinter,316 CDI Kasten L2H2 RWD Autom. LED,,33895,Fairer Preis,127000,,11/2018,Diesel,163,,
BMW,135,M135i xDrive F40 M135i xDrive *PANO*HUD*H&K*,,30499,Ohne Bewertung,56500,,10/2019,Benzin,306,,
Ford,Transit Custom,300 L1H1VA Ka. Klima Navi PDC EU6,,19400,Fairer Preis,122060,,07/2018,Diesel,131,,
Volkswagen,T5 Transporter,T5 2.0TDI 2xSchiebetüre ideal als Camper Bulli,,11888,Sehr guter Preis,54000,,12/2014,Diesel,84,,
Volkswagen,T6 Transporter,T6.1 Transporter 150PS DSG NAVI CarPlay 3-Sitzer,,23950,Sehr guter Preis,110155,,04/2021,Diesel,150,,
Mercedes-Benz,A 250,LED AHK Klimaaut.,,27890,Fairer Preis,46760,,11/2018,Benzin,224,,
,,,,,,,,,Andere,,,
Ford,Mondeo,Hentschke Bestattungswagen / Leichenwagen,,18650,Ohne Bewertung,68535,,10/2011,Diesel,140,,
Mercedes-Benz,Sprinter,III  L2 Kamera Navi MBUX AHK TEMPO,,27899,Fairer Preis,83150,,08/2020,Diesel,143,,
Volkswagen,T6 Transporter,Pritsche Doka lang ACC AHK,,22999,Fairer Preis,141000,,04/2019,Diesel,114,,
Mercedes-Benz,Sprinter,"II Pritsche Lang  311 CDI ""Worker""",,27965,Ohne Bewertung,52300,,08/2017,Diesel,114,,
Volkswagen,Golf,2.0 TSI BMT GTI Clubsport GTI Clubsport,,21800,Ohne Bewertung,99400,,01/2017,Benzin,265,,
Volkswagen,T6 Transporter,6.1 Kasten 2.0TDI Klima*Flügeltür,,24990,Sehr guter Preis,68000,,10/2020,Diesel,150,,
Mercedes-Benz,Vito,Kuhlmann-Cars  Bestattunswagen/Leichenwagen,,36000,Ohne Bewertung,98670,,08/2017,Diesel,114,,
Volkswagen,Crafter,lang hoch L4H3 HU große Insp. Turbo neu,,19391,Fairer Preis,135000,,05/2019,Diesel,140,,
Mercedes-Benz,Sprinter,211 SORTIMO+ AHK+ KAMERA+ NAVI (5969),,24383,Sehr guter Preis,61050,,01/2021,Diesel,114,,
Volkswagen,Golf,6R Golf 6 R 4motion hgp rothe bts sls bst,,20900,Ohne Bewertung,88562,,11/2010,Benzin,407,,
Mercedes-Benz,Sprinter,III 316 CDI MAXI HOCH LANG AHK*EURO6*,,21980,Sehr guter Preis,87000,,12/2020,Diesel,163,,
Iveco,Andere,DoKa Doppelkabine Koffer 35S160 Klima LANG,,31295,Ohne Bewertung,48400,,10/2019,Diesel,155,,
Mercedes-Benz,Vito,"110 CDI Kasten lang-besch., voll fahrbereit",,18990,Erhöhter Preis,85400,,08/2020,Diesel,102,,
Volkswagen,Crafter,Pritsche 35 DOKA mittellang FWD 2.0 TDI+,,27770,Guter Preis,120209,,09/2020,Diesel,140,,
Volkswagen,T6 Transporter,T6.1 Transp. lang FWD *Klima-Navi-Würthausbau*,,22900,Fairer Preis,121800,,10/2020,Diesel,150,,
Renault,Master,"L1H1 Ka 2,8t Glasserei*",,12990,Ohne Bewertung,95000,,12/2014,Diesel,110,,
Volkswagen,Caddy,Kasten 2.0TDI +PDC+KLIMA+GRA+ZV+TRENNWAND+,,12690,Sehr guter Preis,112793,,02/2019,Diesel,102,,
Mercedes-Benz,B 180,"B -Klasse ,Tüv neu",,8490,Ohne Bewertung,92000,,03/2011,Diesel,109,,
Volkswagen,Golf,VOLKSWAGEN - Golf - R 2.0 5p. DSG,,27900,Ohne Bewertung,96743,,03/2016,Benzin,300,,
Volkswagen,Caddy,Kasten TDI CLIMATRONIC NAVI,,17880,Erhöhter Preis,61498,,11/2019,Diesel,75,,
,,,,,,,,,Andere,,,
Ford,Transit,Pritsche 310 L2 Doppelkabine Bremsen Neu,,15499,Fairer Preis,102900,,08/2018,Diesel,105,,
Skoda,Octavia,2.0 TSI Green tec RS RS,,13500,Ohne Bewertung,113385,,03/2015,Benzin,220,,
Volkswagen,T6 Transporter,Kasten Navi/Sitzh/MFL/3Sitz/Regal,,17950,Sehr guter Preis,126509,,12/2019,Diesel,150,,
Volkswagen,Crafter,Pritsche Plane 35 mittel L2,,13600,Erhöhter Preis,48105,,04/2016,Diesel,109,,
Mercedes-Benz,Sprinter,"316 CDI,MR,Pritsche,Spriegel+Plane",,29990,Ohne Bewertung,67200,,11/2018,Diesel,163,,
Mercedes-Benz,Sprinter,"319 CDI ""3Si,Rampe,Navi""",,18880,Ohne Bewertung,165000,,08/2014,Diesel,190,,
Volkswagen,Golf,7 Gti Performance top Zustand,,22500,Erhöhter Preis,100000,,03/2017,Benzin,245,,
Volkswagen,Crafter,Kasten MR L2H2 Kamera*Klima,,12880,Ohne Bewertung,105000,,11/2019,Diesel,140,,
Volkswagen,T6 Transporter,T6.1 Kasten TDI DSG 4M langer Radstand/Flügeltür,,29990,Fairer Preis,115000,,03/2020,Diesel,150,,
Renault,Master,"III DoKa Pritsche 3 Seitenkipper L3H1 3,5",,21990,Fairer Preis,88000,,08/2016,Diesel,136,,
Volkswagen,T6 Kombi,2.0 TDI 4Motion Navi Einparkhilfe,,34880,Erhöhter Preis,65436,,03/2019,Diesel,150,,
Audi,A3,35 TFSI cod Sportback -,,19100,Guter Preis,44500,,01/2019,Benzin,150,,
Volkswagen,Crafter,CRAFTER 2.0TDi PRITSCHE DOKA DOPPELKABINE AHK,,24610,Guter Preis,111245,,08/2021,Diesel,140,,
Volkswagen,T6 Transporter,T6.1 Kasten AHK NAVI KAMERA,,28820,Erhöhter Preis,70805,,06/2020,Diesel,110,,
Ford,Tourneo Courier,Titanium,,11400,Ohne Bewertung,109150,,10/2015,Benzin,101,,
Volkswagen,T6 Transporter,"T6 T6.1 Transporter,150PS,Sitz/Standheiz.2xS.Tür",,23900,Guter Preis,123718,,09/2020,Diesel,150,,
Volkswagen,Crafter,Zwillingsreifen 50lang L3H2 Hochdach*1HD,,21990,Sehr guter Preis,154000,,11/2016,Diesel,163,,
Ford,Transit,"Koffer auf 3,5t TÜV 10/26",,21900,Ohne Bewertung,115300,,05/2017,Diesel,131,,
Volkswagen,Golf,7 GTI 2.0 DSG GEPFEFFERT,,19000,Erhöhter Preis,100500,,09/2016,Benzin,230,,
Volkswagen,Crafter,"35 2.0 TDI  FWD KOFFER""LADEBORDWAND""3-Si",,19900,Guter Preis,136000,,06/2019,Diesel,140,,
,,,,,,,,,Andere,,,
Volkswagen,Crafter,Kasten 35 mittel 2.0 TDI  Navi Standheiz,,20999,Sehr guter Preis,119195,,12/2020,Diesel,140,,
Volkswagen,Golf,7R Airride,,28800,Ohne Bewertung,80100,,06/2014,Benzin,300,,
Volkswagen,Caddy,Kasten 2.0 TDI Sortimo Werkstatt Regal SHZ,,17950,Guter Preis,46900,,10/2017,Diesel,102,,
Volkswagen,Golf,VW Golf 7 GTI Automatik 92.500km,,17800,Erhöhter Preis,92500,,04/2016,Benzin,220,,
Ford,B-Max,1.0 Benzine - GPS - Airco - Topstaat! 1Ste,,8990,Sehr guter Preis,74759,,03/2016,Benzin,125,,
Volkswagen,Golf,VW Golf 7 GTI FL,,24500,Ohne Bewertung,91064,,03/2017,Benzin,230,,
Volkswagen,Caddy Maxi,*Klima*PDC*AHK*,,14990,Ohne Bewertung,68867,,06/2019,Diesel,102,,
Ford,Transit,FT 350 L2H2 VA Werkstatt Klima AHK EU6,,23900,Fairer Preis,98420,,01/2020,Diesel,131,,
Volkswagen,Caddy,Kasten 1.0 TSI Mobiltelefon-Schnittstelle/,,14480,Guter Preis,52262,,05/2019,Benzin,102,,
Ford,Transit Custom,Kasten 300 L2 Trend*LED*,,18999,Fairer Preis,91300,,09/2019,Diesel,105,,
Ford,Transit Custom,2.0 TDCi 310 L2H2 Trend 9-Si. Dop,,22990,Erhöhter Preis,80280,,09/2017,Diesel,105,,
Audi,A3,Sportback attraction ultra 1.Hand,,12999,Guter Preis,150000,,03/2016,Benzin,150,,
Nissan,Qashqai,1.2 DIG-T Schaltgetriebe - 360,,12999,Ohne Bewertung,80000,,01/2015,Benzin,116,,
Volkswagen,T6 Transporter,T6.1 Kasten wagen LR Lang 2.0 TDI (Klima AHK),,27900,Fairer Preis,77200,,10/2020,Diesel,110,,
Volkswagen,Crafter,,,24790,Fairer Preis,131000,,02/2020,Diesel,140,,
Volkswagen,T6 Transporter,"T6.1 Kasten,4 Motion,kurz,Klima,Kamera,PDC",,31990,Ohne Bewertung,97100,,02/2020,Diesel,150,,
Volkswagen,Crafter,Kasten 35 L4 H2*Kam*Automat*nur118 Tkm,,27590,Fairer Preis,118000,,09/2020,Diesel,177,,
Mercedes-Benz,Sprinter,Pritsche Doka Klima AHK LT 1.Hand,,29995,Fairer Preis,100000,,03/2020,Diesel,163,,
Mercedes-Benz,Sprinter,Pritsche Doka Klima AHK LT Leder,,29995,Ohne Bewertung,100000,,03/2020,Diesel,163,,
Volkswagen,Crafter,2.0 TDI 35 mittellang Hochdach/ACC/VOLL,,18490,Sehr guter Preis,150000,,03/2017,Diesel,177,,
,,,,,,,,,Andere,,,
Ford,Tourneo Courier,Titanium,,9990,Guter Preis,86500,,05/2015,Benzin,101,,
Mercedes-Benz,Citan,109 CDI KA lang AHK+,,10690,Fairer Preis,90000,,12/2017,Diesel,90,,
Mercedes-Benz,Sprinter,314 CDI L2 KÜHLWAGEN CARRIER 25% MwSt.,,26350,Ohne Bewertung,104990,,03/2021,Diesel,143,,
Audi,Andere,Aud iQ3 40 TFSI quattro S tronic LED Matrix. AHK,,28750,Ohne Bewertung,58500,,10/2019,Benzin,190,,
Volkswagen,T6 andere,T6.1 Transporter Kasten 2.0 TDI Einparkhilfe AHK,,20880,Fairer Preis,144027,,06/2020,Diesel,150,,
Volkswagen,Caddy,Nfz Kasten EcoProfi BMT,,16990,Guter Preis,79000,,09/2020,Diesel,102,,
Volkswagen,Golf,Fecelif Golf 7 GTI voll Ausstattung TCR um...,,23499,Ohne Bewertung,97000,,06/2017,Benzin,230,,
Volkswagen,Golf,VIII United 1.5 eTSI DSG LED SHZ Navi ACC,,22690,Guter Preis,25727,,02/2021,Benzin,150,,
Mercedes-Benz,Vito,Kasten114 CDI Totwinkel/Spurpaket/Parkpaket,,17990,Sehr guter Preis,95500,,10/2020,Diesel,136,,
Volkswagen,Caddy,2.0 TDI Kasten BMT / Navi Temp PDC,,16900,Sehr guter Preis,46166,,07/2019,Diesel,102,,
Mercedes-Benz,B 180,CDI Bi-Xenon Navi Park-Pilot Automatik,,16000,Ohne Bewertung,44534,,06/2012,Diesel,109,,
Ford,Transit,290 L2H2 Trend / Kamera + Klima + Temp.,,22950,Hoher Preis,100270,,02/2020,Diesel,105,,
Volkswagen,Polo,"VI Life DSG Navi ACC LED AHK Digi-Cock 3,99",,17390,Guter Preis,91500,,08/2022,Benzin,95,,
Volkswagen,Caddy,Sortimo Werkstatt 1.Hd Scheckheft 2.0 SDI,,9508,Ohne Bewertung,90000,,09/2009,Diesel,69,,
Volkswagen,T6 Transporter,Kombi Lang 4Motion*11xVERFÜGBAR*,,33999,Fairer Preis,110000,,06/2019,Diesel,150,,
Volkswagen,Golf,VW Golf 7R SLS 500PS,,27000,Ohne Bewertung,71000,,07/2014,Benzin,508,,
Mercedes-Benz,A 180,A -Klasse LED Kamera Navi,,19900,Guter Preis,78000,,09/2020,Diesel,116,,
Volkswagen,Caddy,Nfz Kasten  2.0 TDI+Klimaanlage+Parksensor,,14870,Sehr guter Preis,108184,,09/2020,Diesel,102,,
Mercedes-Benz,Vito,Kasten 116 CDI RWD extralang *AUT*TEM*NAV*,,27490,Guter Preis,98410,,03/2021,Diesel,163,,
Volkswagen,Crafter,Kasten Kasten 35 lang Hochdach FWD,,19599,Sehr guter Preis,169737,,09/2020,Diesel,177,,
,,,,,,,,,Andere,,,
Mercedes-Benz,Sprinter,,,18750,Erhöhter Preis,149909,,06/2016,Diesel,160,,
Volkswagen,Caddy,Kasten BMT+Klima+Navi+EFH+ZV+1.Hd+Euro6,,15600,Erhöhter Preis,124900,,09/2019,Diesel,102,,
Mercedes-Benz,Citan,,,14000,Sehr guter Preis,58000,,09/2019,Benzin,114,,
Volkswagen,Golf,VW Golf 7 1.4 TSI Highline Xenon Navi Kamera,,15150,Ohne Bewertung,100700,,06/2013,Benzin,140,,
Volkswagen,Crafter,35 Kasten MR DSG+LED+Standhz.+Sitzhz.+Te,,34500,Fairer Preis,99500,,07/2019,Diesel,177,,
Volkswagen,Crafter,2.0 TDI L2 Pritsche 35 DOKA mittellang F,,26880,Fairer Preis,50382,,10/2018,Diesel,102,,
Volkswagen,Caddy,Cargo Basis 2.0 TDI AHK Navi DAB SHZ Temp ,,21900,Erhöhter Preis,74909,,04/2021,Diesel,102,,
Volkswagen,Caddy,Kasten/Kombi Kasten  Hu Au 05/2026,,6450,Guter Preis,131000,,09/2012,Benzin,86,,
Ford,Transit,350 L4 H3 Trend Klima,,21998,Fairer Preis,64000,,09/2018,Diesel,131,,
Volkswagen,Caddy,TGI Benzin/Gas-Kasten-Klima-Navi-SH-Flügel,,13980,Sehr guter Preis,63000,,06/2020,Benzin,110,,
Mercedes-Benz,Sprinter,"Mercedes-Benz Sprinter (254) €24500,- n",,29645,Sehr guter Preis,92915,,06/2020,Diesel,163,,
Volkswagen,T6 andere,T6 Kasten 4Motion lang DSG Standh LED AHK SHZ,,31495,Sehr guter Preis,112000,,02/2020,Diesel,150,,
Ford,Transit Custom,,,15999,Sehr guter Preis,98000,,06/2017,Diesel,131,,
Ford,Kuga,ST-Line,,17900,Fairer Preis,131445,,01/2018,Benzin,242,,
Volkswagen,Crafter,Pritsche 35 mittel L2,,10500,Ohne Bewertung,131500,,06/2011,Diesel,163,,
Mercedes-Benz,Sprinter,Pritsche Doka Klima AHK LT Leder,,29995,Fairer Preis,100000,,05/2020,Diesel,163,,
Volkswagen,Caddy,Kasten 2.0 TDI Sortimo Werkstatt Regal SHZ,,17950,Guter Preis,46520,,01/2018,Diesel,102,,
Ford,Transit,Kasten 330 L3 Trend,,21900,Fairer Preis,98260,,10/2018,Diesel,170,,
Volkswagen,Caddy,CADDY LKW Kasten TSi BlueMotion Leiterklappe,,10398,Sehr guter Preis,120000,,09/2019,Benzin,102,,
Ford,Transit,Kasten 350 L2 Trend,,14950,Guter Preis,98000,,05/2016,Diesel,125,,
,,,,,,,,,Andere,,,
Mercedes-Benz,Sprinter,906 Koffer Camper Foodtruck Womo,,9996,Ohne Bewertung,120000,,03/2011,Diesel,95,,
Ford,Transit,350 L3 4x4 Trend Doka Pritsche+Plane,,27900,Fairer Preis,82000,,06/2019,Diesel,131,,
Volkswagen,Golf,Sportsvan VII 1.2 Benzin Sound NAVI LED,,8990,Ohne Bewertung,149000,,12/2017,Benzin,110,,
Volkswagen,Crafter,Pritsche Plane 35 L2 Doppelkabine Klima,,18895,Fairer Preis,170000,,05/2015,Diesel,136,,
Mercedes-Benz,A 160,A -Klasse A 160 Avantgarde Special Edition,,6900,Ohne Bewertung,109000,,03/2010,Benzin,95,,
Volkswagen,Golf,VI Match/SCHECKHEFT/NEW ALLWETTER R/TÜV NEW,,6990,Fairer Preis,151000,,03/2012,Benzin,86,,
Volkswagen,Golf,7 GTI Performance DSG 2.0 TFSI,,17000,Ohne Bewertung,117500,,05/2014,Benzin,230,,
Ford,Transit,Pritsche L2 Doppelkabine*Klima*AHK*Top Z,,16990,Sehr guter Preis,99500,,06/2017,Diesel,131,,
Ford,C-Max,C-MAX 1.5 TITANIUM AUTOMATIK NAVI-GROSS 2xPDC,,12900,Fairer Preis,99670,,11/2017,Benzin,150,,
Volkswagen,Golf,7 gti Performance,,15500,Ohne Bewertung,110500,,11/2013,Benzin,230,,
Volkswagen,T6 Transporter,,,26061,Sehr guter Preis,72346,,05/2021,Diesel,150,,
Volkswagen,Crafter,Kasten 35 lang Hochdach FWD 2.0 TDI LED ,,32915,Hoher Preis,113288,,12/2019,Diesel,177,,
Mercedes-Benz,B 180,Style*LED*NAVI*WR*PDC*Tempomat*Kamera...,,18750,Guter Preis,41080,,10/2018,Benzin,122,,
Mazda,CX-30,2.0 SKYACTIV-X  M Hybrid|100th Anniv.|ACC,,22590,Guter Preis,50501,,01/2022,Benzin,179,,
Volkswagen,T6 Transporter,T6 Pritsche DoKa Lang 6-Sitzer 2.0TDI|AC|AHK|EU6,,26900,Ohne Bewertung,75000,,02/2021,Diesel,150,,
Volkswagen,T6 Transporter,Kasten-Kombi 2.0TDI |9-SITZE|EUR6,,25190,Guter Preis,140000,,06/2019,Diesel,150,,
Volkswagen,Golf,7 GTI Facelift Tuning HG Motorsport E...,,21000,Fairer Preis,109000,,05/2017,Benzin,300,,
Volkswagen,Amarok,3.0 TDI 4Motion Dark Label Xenon Navi AHK,,36880,Fairer Preis,97505,,12/2019,Diesel,204,,
Mercedes-Benz,Sprinter,III Pritsche FWD 314 CDI*AHK*Klima,,28694,Guter Preis,58647,,11/2018,Diesel,143,,
Volkswagen,Golf,7 GTI Tracktool,,25499,Ohne Bewertung,103000,,07/2017,Benzin,245,,
,,,,,,,,,Andere,,,
Ford,Focus,Titanium Sitzh./ Klimaau./ PDC,,12380,Guter Preis,94895,,02/2018,Benzin,125,,
Mercedes-Benz,Vito,Kasten 116 CDI/BT RWD lang *AUTOMATIK*AHK*,,25990,Sehr guter Preis,63100,,03/2020,Diesel,163,,
Peugeot,Boxer,L2H2 Pro Avantage Edition *KLIMA*,,15490,Fairer Preis,102000,,09/2017,Diesel,131,,
Volkswagen,T6 Transporter,Kasten 2.0TDI PDC*Klima*Flügeltür,,16980,Fairer Preis,145000,,06/2018,Diesel,102,,
Volkswagen,Touran,Comfortline/PDC/KLIMA/AHK/SCHECKHEFT,,9990,Ohne Bewertung,145000,,04/2011,Benzin,140,,
Volkswagen,Golf,"GOLF 7,5 R",,25000,Erhöhter Preis,84650,,06/2017,Benzin,310,,
Ford,Transit Custom,Kasten 2.0 TDCI 280 L1 AHK,,19990,Ohne Bewertung,109500,,06/2018,Diesel,131,,
Volkswagen,T6 Transporter,T6 2.0 TDI Transporter KLIMA+BT+USB+GANZJAHR,,18489,Guter Preis,108700,,06/2021,Diesel,110,,
Mercedes-Benz,Vito,,,26499,Sehr guter Preis,123145,,08/2020,Diesel,190,,
Mercedes-Benz,Sprinter,"Mercedes-Benz Sprinter (254) €24500,- n",,29645,Sehr guter Preis,85000,,06/2020,Diesel,163,,
Volkswagen,Caddy,Nfz Kasten EcoProfi 'Automatik* AHK*,,16990,Sehr guter Preis,51500,,01/2019,Diesel,102,,
Volkswagen,T6 Transporter,T6.1 Transporter Klima Einparkhilfe hinten DAB B,,18970,Fairer Preis,121100,,12/2020,Diesel,110,,
Mercedes-Benz,Sprinter,III Kasten FWD 211/214 CDI L2,,22990,Sehr guter Preis,70117,,12/2020,Diesel,114,,
Volkswagen,T-Cross,Style FR,,23999,Fairer Preis,57000,,08/2021,Benzin,150,,
Volkswagen,T6 Transporter,T6.1 Kasten LR LANG REGALAUSBAU AHK,,23880,Erhöhter Preis,129416,,12/2020,Diesel,110,,
Volkswagen,T6 andere,T6.1 Kasten 2.0 TDI PDC Klimaanlage,,27489,Erhöhter Preis,75850,,08/2022,Diesel,110,,
Volkswagen,Golf,VW GTi 7 Performance,,18000,Fairer Preis,95000,,02/2017,Benzin,230,,
Volkswagen,Caddy,2.0 TDI Kasten BMT / Klima MwSt,,14900,Sehr guter Preis,50000,,09/2019,Diesel,102,,
Volkswagen,Crafter,2.0 TDI 35 L2 H2 Hochdach Klima,,28899,Guter Preis,60000,,04/2021,Diesel,102,,
Mercedes-Benz,Sprinter,314 KAMERA+ AHK+ KLIMA (8040),,22598,Guter Preis,136050,,02/2021,Diesel,143,,
,,,,,,,,,Andere,,,
Mercedes-Benz,Sprinter,314 CDI L2 KÜHLWAGEN CARRIER 25% MwSt.,,27300,Ohne Bewertung,96850,,06/2021,Diesel,143,,
Volkswagen,T6 Transporter,T6 2.0 TDI L1H1 Transporter Kasten-Kombi Kombi,,16900,Fairer Preis,156331,,03/2016,Diesel,102,,
Volkswagen,Golf,6 GTI Edition 35 Airride,,15999,Ohne Bewertung,104800,,10/2011,Benzin,235,,
Volkswagen,Caddy,Nfz Kasten  2.0 TDI+Klimaanlage+Parksensor,,14970,Sehr guter Preis,114669,,09/2020,Diesel,102,,
Volkswagen,Crafter,Kasten Kasten 35 lang Superhochdach FWD,,23999,Sehr guter Preis,91000,,04/2022,Diesel,140,,
Volkswagen,Golf,"7 GTI Performance, Schalter",,15600,Ohne Bewertung,113000,,06/2013,Benzin,230,,
Volkswagen,Golf,7R Facelift *Non OPF*  *TÜV NEU* SERV...,,24900,Ohne Bewertung,108000,,07/2017,Benzin,310,,
Mercedes-Benz,Sprinter,214 CDI Kasten Kompakt WORKER,,24954,Guter Preis,70760,,12/2020,Diesel,143,,
Ford,Transit Custom,300 L1H1 VA Werkstatt Klima Navi,,21900,Fairer Preis,120360,,08/2019,Diesel,170,,
Volkswagen,Andere,T6.1 Transporter Kasten FWD 3 Sitzer *AHK*Kamera,,20990,Ohne Bewertung,135000,,02/2020,Diesel,110,,
Mercedes-Benz,A 160,"A Klasse 160,Tüv neu",,6990,Ohne Bewertung,82000,,07/2009,Benzin,95,,
Volkswagen,Golf,GOLF 6R DSG,,18800,Ohne Bewertung,97500,,04/2010,Benzin,310,,
Volkswagen,Golf,VW Golf 6R R20 Airride Ego x KEINE PREISÄN...,,20000,Ohne Bewertung,123000,,10/2011,Benzin,349,,
Hyundai,H-1,2.5 CRDI Travel Trend LM 2xKlima PDC AUT,,22790,Fairer Preis,92745,,08/2017,Diesel,170,,
Kia,Sportage,Edition 7 131PS/Klimaanlage/Tempomat,,12600,Guter Preis,109366,,05/2018,Benzin,132,,
Volkswagen,Caddy,Nfz Kasten BMT 2 x Schiebetür Automatik,,18999,Sehr guter Preis,57000,,11/2019,Diesel,102,,
Ford,Transit Custom,280 L1H1VA Autm. Ka. Klima AHK,,25900,Fairer Preis,78470,,11/2019,Diesel,131,,
Mercedes-Benz,Vito,111 CDI WORKER FWD lang #AHK#Tempo#Klima,,19400,Fairer Preis,57300,,05/2019,Diesel,114,,
Volkswagen,T5 Transporter,2.0TDI EU5*2xSchiebetüre*1.Hand*,,5938,Sehr guter Preis,86000,,12/2013,Diesel,84,,
Iveco,Andere,Daily Kasten Hochraum 35 S*Tempomat*1Hand*,,17890,Ohne Bewertung,88900,,12/2015,Diesel,126,,
,,,,,,,,,Andere,,,
Ford,Transit Custom,Custom 320 L2H1 VA Werkstatt Klima AHK  Navi EU6,,25400,Fairer Preis,97500,,05/2020,Diesel,131,,
Opel,Movano,"2,2 CDTI L2H2 3,5t Klima Werkstatt",,20998,Fairer Preis,79000,,10/2018,Diesel,131,,
Renault,Trafic,"L2H1 2,9t Komfort+KLIMA+AHK+START& STOP",,16980,Fairer Preis,99625,,06/2018,Diesel,125,,
Volkswagen,Caddy,Nfz Kasten EcoProfi BMT Klima,,17540,Erhöhter Preis,43772,,09/2019,Benzin,102,,
Volkswagen,Caddy,Kasten/Kombi AUTOMATIK*KLIMA*SITZHZNG*AHK*,,9490,Guter Preis,149000,,11/2014,Diesel,102,,
Renault,Trafic,"Kasten L2H2 2,9t Komfort Standheizung+1Hd",,17499,Sehr guter Preis,83750,,05/2018,Diesel,125,,
Volkswagen,T6 Transporter,"Kombi lang 4Motion 2,0TDi 7-Sitze",,34499,Fairer Preis,113000,,06/2019,Diesel,150,,
Volkswagen,T6 Transporter,T6.1 Transporter 2.0 TDI DSG Kasten FWD / Navi,,21490,Fairer Preis,150000,,03/2020,Diesel,150,,
Volkswagen,Crafter,2.0 TDI 35 mittellang Hochdach Klima,,29300,Guter Preis,60000,,04/2021,Diesel,140,,
Volkswagen,Crafter,Pritsche 35 DOKA mittellang /KLIMA/AHK/7,,24900,Sehr guter Preis,62400,,12/2020,Diesel,140,,
Mercedes-Benz,B 180,B -Klasse B 180   Panorama-Dach Automatik AHK,,13000,Fairer Preis,153000,,03/2016,Benzin,122,,
Volkswagen,Caddy,Kasten KLIMA PDC APP-CON,,14880,Guter Preis,99626,,03/2021,Diesel,102,,
Volkswagen,Golf,Vw Golf 7 R Facelift,,26300,Erhöhter Preis,93500,,09/2017,Benzin,310,,
Ford,Transit Custom,Kasten 2.0 TDCi 320L2 Limited LM,,23655,Erhöhter Preis,121792,,08/2019,Diesel,131,,
Volkswagen,Caddy,Kasten 2.0 TDI KR*Klima*Bluetooth*Funk ZV*,,18990,Guter Preis,52000,,09/2019,Diesel,150,,
Volkswagen,Golf,VOLKSWAGEN - Golf - GTI Perf. 2.0 245CV TSI 5p. ,,21950,Erhöhter Preis,95000,,01/2018,Benzin,230,,
Volkswagen,Caddy,Nfz Kasten  2.0 TDI+Klimaanlage+Parksensor,,14870,Sehr guter Preis,116129,,09/2020,Diesel,102,,
Volkswagen,Crafter,Kasten 35 lang Hochdach FWD,,29890,Fairer Preis,76000,,09/2020,Diesel,177,,
Mercedes-Benz,Sprinter,311 FWD L2/2HD MWST/KAM/KLIMA/3Sitz/AHK,,18280,Guter Preis,147401,,07/2019,Diesel,114,,
Mercedes-Benz,Sprinter,DOKA PRITSCHE 316CDI L2/AHK3.5T+STANDHE,,29950,Sehr guter Preis,77800,,07/2020,Diesel,163,,
,,,,,,,,,Andere,,,
Ford,Transit,350 L2H2 LKW Aut. SR+WR+RFKMRA+ACC+STHZG,,21470,Guter Preis,113000,,02/2020,Diesel,131,,
Volkswagen,Golf,7 GtI Import 220PS Rückfahrkamera,,14999,Ohne Bewertung,109000,,12/2014,Benzin,220,,
Volkswagen,Crafter,35 Kasten LR HD 3-SITZE KAMERA 270°TÜREN,,26440,Fairer Preis,92880,,03/2022,Diesel,140,,
Mercedes-Benz,CLS 63 AMG Shooting Brake,*Kamera/Xenon/Temp.*,,39990,Ohne Bewertung,67450,,02/2013,Benzin,557,,
Volkswagen,T5 Transporter,Kasten / Klima / AHK /,,9900,Guter Preis,140500,,12/2013,Diesel,102,,
Mercedes-Benz,Sprinter,Pritsche DoKa 315 CDI Klima 1 Hand TOP,,12483,Ohne Bewertung,115000,,10/2008,Diesel,150,,
Volkswagen,Caddy,2.0 TDI Kombi*Style*VIRTU*KAMERA*LED*LEDER,,25990,Fairer Preis,68382,,01/2021,Diesel,122,,
Ford,Transit,350 L3 Trend Werkstatt Klima,,24998,Guter Preis,69000,,06/2019,Diesel,170,,
Volkswagen,T6 Kombi,T6.1 Kombi 9-Sitzer 2.0 TDI KLIMA*STARTSTOPP*,,22995,Sehr guter Preis,148000,,07/2020,Diesel,150,,
Mercedes-Benz,Vito,,,22500,Fairer Preis,120000,,12/2020,Diesel,163,,
Volkswagen,T6 Transporter,T6.1 Mixto Lang 2.0TDI 6-SITZE+NAVI+AHK+SORTIMO,,29980,Sehr guter Preis,79300,,11/2020,Diesel,150,,
Volkswagen,Crafter,Kasten 35 Hoch Lang FWD DSG Navi Klima,,26400,Fairer Preis,150000,,01/2020,Diesel,140,,
Volkswagen,Caddy,"Cargo 1,5 TSI PDC Klima DAB+",,19999,Fairer Preis,45998,,01/2022,Benzin,114,,
Mercedes-Benz,Citan,112 CDI StandardAHK / RFK / LED HIGH PE,,15900,Guter Preis,89650,,03/2022,Diesel,116,,
Skoda,Fabia,Style 2.Hand,,13900,Sehr guter Preis,81000,,03/2017,Benzin,110,,
Volkswagen,T5 Transporter,2.0TDI EU5*2xSchiebetüre*1.Hand*,,7973,Guter Preis,127000,,09/2014,Diesel,84,,
Mercedes-Benz,Citan,Kasten 108 CDI lang,,9200,Sehr guter Preis,78000,,01/2017,Diesel,75,,
Renault,Master,"III DoKa Pritsche L3H1 3,5t",,17900,Erhöhter Preis,109800,,10/2015,Diesel,136,,
Volkswagen,Golf,"Vw Golf GTI,  2.0 TSI, R Felgen, 19 Zoll, ...",,17200,Erhöhter Preis,114500,,04/2016,Benzin,220,,
Ford,Transit,Kasten 350 L3 Trend 2.0 TDCi  AWD 4x4,,26000,Fairer Preis,78000,,01/2018,Diesel,170,,
,,,,,,,,,Andere,,,
Volkswagen,T6 Transporter,T6.1 Pritsche DOKA*Staukästen*AHK*Klima*DAB+*GRA,,28990,Guter Preis,65400,,11/2021,Diesel,110,,
Mercedes-Benz,Vito,Kasten 116 CDI PRO RWD EXTRALANG|9G-TRONIC|,,26770,Sehr guter Preis,65570,,10/2021,Diesel,163,,
Volkswagen,T6 Transporter,T6.1 Transporter 2.0 TDI Kasten kurzer Radstand,,27881,Fairer Preis,56137,,01/2020,Diesel,150,,
Volkswagen,Caddy,TDI DSG Maxi Kasten Xenon/RFK/Sitzh/MFL,,16950,Sehr guter Preis,143736,,07/2018,Diesel,150,,
Volkswagen,Golf,VW Golf 7 GTI,,15999,Ohne Bewertung,119000,,01/2014,Benzin,230,,
Volkswagen,Golf,7 GTI (ab Mai 2025 verfügbar),,22500,Erhöhter Preis,105000,,01/2018,Benzin,245,,
Volkswagen,Golf,VW Golf 7 GTI 2016 in sehr gutem Zustand,,15999,Erhöhter Preis,107000,,04/2016,Benzin,220,,
Volkswagen,Caddy,Nfz Kasten Trendline 1.HD/TÜV+SERVICE NEU,,12900,Sehr guter Preis,100000,,08/2020,Diesel,102,,
Mercedes-Benz,Sprinter,2.1CDI*ORGINAL 38.000KM*KLIMA+NAVI+REGAL,,17990,Sehr guter Preis,38000,,10/2015,Diesel,95,,
Volkswagen,Golf,7R ohne OPF,,25000,Erhöhter Preis,110000,,09/2017,Benzin,310,,
Ford,Transit,FT350 L3H2 VA Werkstatt Klima PDC Sitzheizung,,21900,Sehr guter Preis,95750,,08/2020,Diesel,131,,
Volkswagen,Golf,VW Golf 7 GTI LM440 DSG MK7,,27500,Hoher Preis,70000,,10/2015,Benzin,434,,
Volkswagen,Golf,7 GTI Performance,,21999,Erhöhter Preis,105000,,01/2018,Benzin,241,,
Volkswagen,T6 Transporter,Kasten lang/Klima/PDC/Werkstatt.,,14600,Guter Preis,153678,,12/2015,Diesel,102,,
Volkswagen,Crafter,2.0TDI MITTEL HOCH AUTOM*NAVI*KLIMA*AHK*,,20980,Sehr guter Preis,149000,,08/2018,Diesel,177,,
Volkswagen,Caddy,"Cargo Basis 2,0 TDI Klima Radio touch",,15469,Fairer Preis,88000,,02/2021,Diesel,102,,
Mercedes-Benz,Sprinter,213 Pritsche Plane - ohne AdBlue,,15800,Ohne Bewertung,155300,,05/2014,Diesel,129,,
Ford,Edge,ST-Line 238PS Aut. 4x4/Pano/Standhzg./PDC,,26900,Ohne Bewertung,71179,,06/2019,Diesel,238,,
Volkswagen,Caddy,"Nfz Kasten TDI Klima,Navi,ACC,AHK,PDC",,15990,Guter Preis,48933,,09/2018,Diesel,75,,
Mercedes-Benz,B 220,CDI NAVI/SHZ/ALLWETTER/LED/AHK,,13990,Fairer Preis,145078,,12/2015,Diesel,177,,
,,,,,,,,,Andere,,,
Mercedes-Benz,Sprinter,317 MAXI 360° KAMERA+ NAVI 4178,,27953,Sehr guter Preis,122050,,12/2021,Diesel,170,,
Ford,Transit Custom,Kasten 270 L1 AHK*Autom*Standhz,,20474,Fairer Preis,119913,,10/2017,Diesel,131,,
Mercedes-Benz,GLE 43 AMG,4MATIC PANO ACC PDC SHZ LED,,43221,Fairer Preis,102221,,03/2017,Benzin,367,,
Ford,Transit Custom,290 L1H1VA Werkstatt Klima Navi,,24400,Fairer Preis,54110,,01/2018,Diesel,131,,
Mercedes-Benz,Sprinter,Kasten L1H1 Kamera*Klima*Werkstatt,,24950,Fairer Preis,53000,,08/2019,Diesel,143,,
Ford,Transit,350 L3 4x4 Trend Pritsche 3Sitz Standhzg,,27900,Hoher Preis,124000,,01/2019,Diesel,170,,
Renault,Trafic,"L2H1 2,9t Komfort",,18790,Erhöhter Preis,75535,,06/2018,Diesel,125,,
Hyundai,H350,"2,5 CRDi L3H2 HA Kasten Klima EU6",,22900,Ohne Bewertung,82940,,04/2019,Diesel,150,,
Mercedes-Benz,Vito,114 d Kasten  Kamera/ Pdc / Totwinkel,,17990,Sehr guter Preis,76000,,10/2020,Diesel,136,,
Volkswagen,Golf,VW Golf GTI Clubsport,,27999,Ohne Bewertung,76000,,07/2016,Benzin,265,,
Volkswagen,T6 Transporter,2.0 TDI Pritsche DoKa LR 4M Ahk,,34490,Ohne Bewertung,84130,,07/2019,Diesel,150,,
Volkswagen,T5 Multivan,Comfortl. 4Motion,,22890,Ohne Bewertung,128390,,05/2013,Andere,179,,
Mercedes-Benz,Sprinter,II 516/NGT/Klima/Automatik/RTW/KTW,,18800,Sehr guter Preis,87981,,08/2016,Erdgas (CNG),156,,
MAN,Andere,TGL 8.180 Koffer mit LBW SAXAS Top Zustand,,23000,Ohne Bewertung,121520,,07/2016,Diesel,179,,
Mercedes-Benz,Vito,Kasten 111 CDI extralang Klima Radio 1.Hand,,9950,Ohne Bewertung,127568,,12/2008,Diesel,116,,
Audi,A3,Sportback 2.0 TDI *103 KW*Anh.K*Scheckheft,,10290,Ohne Bewertung,135500,,02/2013,Diesel,140,,
Renault,Trafic,Kasten L2H1 LANG 120PS  BOTT Werkstatt,,14900,Sehr guter Preis,88448,,11/2017,Diesel,120,,
Volkswagen,Golf,VW Golf 7 GTI  FACELIFT  2. Hand,,16500,Ohne Bewertung,95000,,01/2017,Benzin,245,,
Peugeot,Boxer,Doka lange Pritsche AHK*Klima*7-Sitzer,,17980,Erhöhter Preis,98000,,03/2017,Diesel,163,,
Ford,Transit,2.0 TCI Doppelkabine Klima AHK,,21899,Fairer Preis,65000,,05/2019,Diesel,105,,
,,,,,,,,,Andere,,,
Volkswagen,T6 andere,T6.1 Kasten lang 4Motion DSG Standh LED AHK ACC,,31995,Fairer Preis,107000,,08/2020,Diesel,150,,
Ford,Focus,Turnier Cool & Connect,,14980,Erhöhter Preis,84500,,02/2019,Benzin,125,,
Mercedes-Benz,CLA 45 AMG Shooting Brake,CLA 45 4M+ SB Night-Paket Pano Burmester Distron,,34880,Guter Preis,111773,,08/2020,Benzin,387,,
Mercedes-Benz,B 220,"CDI  4Matic AHK, NAVI",,16490,Fairer Preis,151200,,03/2016,Diesel,177,,
Ford,Transit Custom,Kasten 300 L1 Trend Limited Bi-XE,,21290,Guter Preis,126194,,06/2019,Diesel,131,,
Mercedes-Benz,Sprinter,"II Pritsche 309/311/313/315 CDI,1.Hand",,11490,Ohne Bewertung,90787,,07/2008,Diesel,109,,
Ford,Transit Custom,320 L2H2 VA Werkstatt Klima PDC,,23900,Fairer Preis,91910,,09/2020,Diesel,170,,
Hyundai,ix20,KLIMA/PDC/Sitzheizung/USB,,7999,Fairer Preis,88000,,08/2012,Benzin,90,,
Volkswagen,Golf,VW Golf 7.5 GTI Performance mit Top Aussta...,,25000,Erhöhter Preis,80500,,10/2017,Benzin,245,,
Opel,Movano,,,14300,Ohne Bewertung,89500,,04/2014,Diesel,125,,
Volkswagen,Golf,7 GTI Performance BMT,,17000,Ohne Bewertung,125000,,10/2013,Benzin,230,,
Volkswagen,Golf,7 Gti Facelift Ohne OPF Tüv Neu,,22300,Ohne Bewertung,115000,,09/2017,Benzin,,,
Volkswagen,T6 Transporter,T6 2.0 TDI DSG Transporter KLIMA+SITZ.HEIZ.+PDC,,15489,Sehr guter Preis,143300,,04/2018,Diesel,150,,
Ford,Transit Custom,Kasten 340 L1 Trend 1Hd+WERKSTATT,,11900,Ohne Bewertung,113914,,06/2017,Diesel,131,,
Citroën,Jumper,Kasten 30 L1H1 Profi HDi 130,,15990,Sehr guter Preis,99500,,08/2015,Diesel,131,,
Volkswagen,T6 Transporter,"T6.1 Kasten,4Motion,KR,AHK,Standh,2 Schiebet.",,33990,Ohne Bewertung,92600,,01/2020,Diesel,150,,
Renault,Trafic,"Combi L1H1 2,9t  Expression*1.HD*53TKM",,17990,Ohne Bewertung,53658,,12/2012,Diesel,114,,
Volkswagen,Golf,"VW, Golf GTI, 2.0 TSI, GTI Felgen, 4/5 Tür...",,16500,Erhöhter Preis,114500,,04/2016,Benzin,220,,
Volkswagen,Crafter,Pritsche 50 mittel L2/3SEITEN KIPPER,,16900,Ohne Bewertung,139500,,10/2006,Diesel,109,,
Peugeot,Boxer,435 L4 BlueHDi 160 Klima NAVI AHK,,23699,Fairer Preis,76000,,01/2019,Diesel,163,,
,,,,,,,,,Andere,,,
Volkswagen,Caddy,PKW Trendline*Aut.*HU/AU neu*1 Hand*,,26999,Guter Preis,43850,,04/2020,Benzin,131,,
Mercedes-Benz,A 180,A -Klasse A 180 Sport Edition Avantgarde,,6900,Ohne Bewertung,122000,,06/2010,Benzin,116,,
Ford,Edge,ST-Line 238PS Aut. 4x4/LED/Klimaautom./DAB,,25900,Fairer Preis,104164,,07/2020,Diesel,238,,
Volkswagen,T6 Transporter,Kasten lang / Klima / PDC /1 Hand,,16600,Fairer Preis,149355,,03/2018,Diesel,114,,
Volkswagen,T6 Transporter,,,17200,Fairer Preis,,,,,,,
Opel,Movano,"B Pritsche/Koffer Pritsche L4H1 3,5*KLIMA",,15999,Ohne Bewertung,99900,,01/2012,Diesel,145,,
Volkswagen,Crafter,50 EXTRALANG*JUMBO*KLIMA*CAM*AHK*,,13980,Ohne Bewertung,125000,,12/2007,Diesel,109,,
Mercedes-Benz,Sprinter,Pritsche Doka Klima AHK LT Leder,,30995,Guter Preis,82000,,05/2020,Diesel,163,,
Ford,Transit,FT 350 L2H2 4X4 Klima Sthzg. AHK Navi,,32900,Guter Preis,81500,,04/2018,Diesel,170,,
Ford,Transit,FT 350 L3H3VA Werkst.Klima Sthzg. Navi,,22900,Erhöhter Preis,135060,,09/2018,Diesel,131,,
Volkswagen,Golf,VW Golf 7 GTI,,20500,Fairer Preis,97500,,04/2018,Benzin,230,,
Ford,Transit,Kasten 350 L3H2 KLima Standheizung,,17900,Erhöhter Preis,124000,,12/2016,Diesel,131,,
Mercedes-Benz,Sprinter,II Kasten 516 CDI / Klima / Kamera /AHK,,17300,Sehr guter Preis,154973,,06/2016,Diesel,163,,
Ford,Transit,L3 H3 Klima NAVI Werkstatt Standheizung,,27998,Fairer Preis,85000,,02/2020,Diesel,131,,
Mercedes-Benz,Sprinter,II Kasten~214~Park Sensor~6-Gang~152TKM,,17450,Fairer Preis,152600,,07/2016,Diesel,114,,
Skoda,Yeti,"1.2 TSI Active,Automatik,PDC,AHK",,12980,Guter Preis,77816,,02/2016,Benzin,105,,
Volkswagen,Golf,7.5 GTI PERFORMANCE,,25000,Erhöhter Preis,80000,,11/2017,Benzin,245,,
Volkswagen,Crafter,2.0 CR TD Pritsche 35 lang FWD Aut.,,26690,Sehr guter Preis,35791,,09/2017,Diesel,177,,
Volkswagen,Golf,7 GTI *Stdhz ohne OPF,,24500,Hoher Preis,83500,,02/2018,Benzin,230,,
Volkswagen,Caddy,Kasten KLIMA PDC FLÜGELTÜREN,,13930,Fairer Preis,100358,,03/2021,Diesel,102,,
