Unnamed: 0;Brand;Model;YearMonth;cleaned_Price;Price_Eval;Kilometer;Gear_Type;Fuel_Type;Consumption;CO2_g_km;Power_PS;Price_per_km;Fuel_Cost_per_100km;Annual_Fuel_Cost;CO2_per_year;CO2_Emission_Category;Marketplace;car_age
0;Citroen;C4 Cactus;2014-10-01;3990.0;Sehr guter Preis;178867.0;Schaltgetriebe;Benzin;4.6;109.0;82.0;0.0223070773256106;8.142;1506.88;2017.31;True;Autoscout24.de;10.26027397260274
1;Audi;A6;2013-07-01;11000.0;Keine Information;236420.0;Automatik;Diesel;6.4;;313.0;0.0465273665510532;10.56;1954.39;;True;Autoscout24.de;11.512328767123288
2;Audi;A5;2011-10-01;8700.0;Guter Preis;257000.0;Schaltgetriebe;Diesel;5.5;146.0;170.0;0.033852140077821;9.075;1679.55;2702.09;True;Autoscout24.de;13.263013698630138
3;Audi;A5;2012-05-01;9200.0;Sehr guter Preis;211000.0;Schaltgetriebe;Diesel;4.7;125.0;177.0;0.0436018957345971;7.755;1435.25;2313.43;True;Autoscout24.de;12.67945205479452
4;Ford;Focus;2010-09-01;2890.0;Guter Preis;180000.0;Schaltgetriebe;Diesel;4.5;119.0;109.0;0.0160555555555555;7.425;1374.18;2202.39;True;Autoscout24.de;14.345205479452055
5;Hyundai;i30;2011-11-01;3999.0;Guter Preis;149400.0;Schaltgetriebe;Benzin;6.1;142.0;109.0;0.0267670682730923;10.797;1998.25;2628.06;True;Autoscout24.de;13.178082191780822
6;Opel;Corsa;2014-05-01;4997.0;Sehr guter Preis;107600.0;Schaltgetriebe;Benzin;5.7;135.0;101.0;0.0464405204460966;10.089;1867.22;2498.51;True;Autoscout24.de;10.67945205479452
7;Skoda;Octavia;2013-06-01;6990.0;Guter Preis;232000.0;Schaltgetriebe;Diesel;6.4;173.0;140.0;0.0301293103448275;10.56;1954.39;3201.79;True;Autoscout24.de;11.594520547945205
8;BMW;X3;2012-09-01;7899.0;Sehr guter Preis;221890.0;Schaltgetriebe;Diesel;5.6;149.0;184.0;0.0355987200865293;9.239999999999998;1710.09;2757.61;True;Autoscout24.de;12.342465753424657
9;Audi;A6;2012-01-01;9990.0;Sehr guter Preis;202500.0;Automatik;Diesel;5.2;136.0;204.0;0.0493333333333333;8.58;1587.94;2517.01;True;Autoscout24.de;13.01095890410959
10;Opel;Zafira;2012-11-01;4690.0;Guter Preis;197086.0;Schaltgetriebe;Diesel;4.5;119.0;131.0;0.02379671818394;7.425;1374.18;2202.39;True;Autoscout24.de;12.175342465753424
11;Opel;Astra;2013-09-01;6410.0;Sehr guter Preis;109800.0;Schaltgetriebe;Benzin;5.36988161201933;;140.0;0.0583788706739526;;;;True;Autoscout24.de;11.342465753424657
12;Volkswagen;Golf;2013-04-01;4950.0;Sehr guter Preis;222900.0;Schaltgetriebe;Diesel;4.5;119.0;105.0;0.022207267833109;7.425;1374.18;2202.39;True;Autoscout24.de;11.761643835616438
13;BMW;X6;2010-04-01;15999.0;Sehr guter Preis;176189.0;Automatik;Diesel;8.3;220.0;286.0;0.0908058959412903;13.695;2534.6;4071.64;True;Autoscout24.de;14.764383561643836
14;Audi;A4;2015-06-01;10990.0;Sehr guter Preis;197500.0;Schaltgetriebe;Diesel;4.7;125.0;190.0;0.0556455696202531;7.755;1435.25;2313.43;True;Autoscout24.de;9.594520547945205
15;Opel;Karl;2017-04-01;4990.0;Sehr guter Preis;117000.0;Schaltgetriebe;Benzin;4.579944143459457;;75.0;0.0426495726495726;;;;True;Autoscout24.de;7.758904109589041
16;Mercedes-Benz;E 220;2010-09-01;8490.0;Guter Preis;277000.0;Automatik;Diesel;6.3;165.0;170.0;0.0306498194945848;10.395;1923.85;3053.73;True;Autoscout24.de;14.345205479452055
17;Peugeot;3008;2011-04-01;4980.0;Guter Preis;121491.0;Schaltgetriebe;Benzin;7.3;;156.0;0.0409906906684445;12.921;2391.35;;True;Autoscout24.de;13.764383561643836
18;Audi;A6;2013-07-01;11000.0;Keine Information;236420.0;Automatik;Diesel;6.4;;313.0;0.0465273665510532;10.56;1954.39;;True;Autoscout24.de;11.512328767123288
19;SEAT;Ibiza;2013-12-01;5980.0;Fairer Preis;167308.0;Schaltgetriebe;Diesel;4.3;112.0;105.0;0.0357424630023668;7.095;1313.1;2072.84;True;Autoscout24.de;11.093150684931507
20;Opel;Adam;2014-09-01;6390.0;Sehr guter Preis;93500.0;Schaltgetriebe;Benzin;5.306744353985228;;87.0;0.0683422459893048;;;;True;Autoscout24.de;10.342465753424657
21;Opel;Insignia;2010-07-01;4500.0;Guter Preis;167364.0;Schaltgetriebe;Benzin;7.6;174.0;116.0;0.0268875026887502;13.452;2489.62;3220.3;True;Autoscout24.de;14.515068493150684
22;Hyundai;TUCSON;2015-11-01;13100.0;Keine Information;91765.0;Automatik;Diesel;6.241790165397502;;185.0;0.1427559527052798;;;;True;Autoscout24.de;9.175342465753424
23;Volkswagen;New Beetle;2010-03-01;4895.0;Keine Information;186000.0;Schaltgetriebe;Diesel;5.817305616554207;145.0;105.0;0.0263172043010752;;;2683.58;True;Autoscout24.de;14.849315068493151
24;Nissan;Qashqai;2013-12-01;6550.0;Sehr guter Preis;144478.0;Schaltgetriebe;Diesel;5.2;138.0;110.0;0.0453356220324201;8.58;1587.94;2554.03;True;Autoscout24.de;11.093150684931507
25;Mercedes-Benz;Vito;2010-03-01;7990.0;Sehr guter Preis;269000.0;Automatik;Diesel;10.2;;150.0;0.0297026022304832;16.83;3114.8;;True;Autoscout24.de;14.849315068493151
26;Volkswagen;CC;2014-04-01;11300.0;Sehr guter Preis;211521.0;Automatik;Diesel;5.2;149.0;177.0;0.0534225916102892;8.58;1587.94;2757.61;True;Autoscout24.de;10.761643835616438
27;Fiat;Scudo;2014-09-01;3800.0;Sehr guter Preis;206252.0;Schaltgetriebe;Diesel;4.759789645338802;;128.0;0.0184240637666543;;;;True;Autoscout24.de;10.342465753424657
28;Audi;A5;2010-07-01;10700.0;Sehr guter Preis;120000.0;Schaltgetriebe;Benzin;6.5;152.0;211.0;0.0891666666666666;11.505;2129.28;2813.13;True;Autoscout24.de;14.515068493150684
29;Ford;Fiesta;2013-03-01;4650.0;Guter Preis;177500.0;Schaltgetriebe;Benzin;4.6;109.0;80.0;0.0261971830985915;8.142;1506.88;2017.31;True;Autoscout24.de;11.846575342465753
30;Opel;Astra;2012-02-01;4800.0;Sehr guter Preis;158768.0;Schaltgetriebe;Benzin;5.9;138.0;140.0;0.0302327925022674;10.443;1932.73;2554.03;True;Autoscout24.de;12.926027397260274
31;Mercedes-Benz;E 350;2010-12-01;9980.0;Fairer Preis;202000.0;Automatik;Diesel;6.4;170.0;265.0;0.0494059405940594;10.56;1954.39;3146.27;True;Autoscout24.de;14.095890410958905
32;Opel;Corsa;2014-10-01;2990.0;Keine Information;153200.0;Schaltgetriebe;Benzin;5.5;130.0;69.0;0.0195169712793733;9.735;1801.7;2405.97;True;Autoscout24.de;10.26027397260274
33;Volkswagen;up!;2018-09-01;4001.0;Sehr guter Preis;187000.0;Schaltgetriebe;Benzin;5.061954130495892;;68.0;0.0213957219251336;;;;True;Autoscout24.de;6.33972602739726
34;Ford;Focus;2011-12-01;4999.0;Erhöhter Preis;170250.0;Schaltgetriebe;Benzin;5.9;140.0;150.0;0.0293627019089574;10.443;1932.73;2591.04;True;Autoscout24.de;13.095890410958905
35;Opel;Corsa;2015-01-01;5990.0;Sehr guter Preis;83011.0;Schaltgetriebe;Benzin;5.7;135.0;87.0;0.0721591114430617;10.089;1867.22;2498.51;True;Autoscout24.de;10.008219178082191
36;BMW;520;2014-05-01;11890.0;Sehr guter Preis;184702.0;Automatik;Diesel;5.4;143.0;184.0;0.0643739645482994;8.91;1649.01;2646.57;True;Autoscout24.de;10.67945205479452
37;Audi;A5;2011-10-01;8700.0;Guter Preis;257000.0;Schaltgetriebe;Diesel;5.5;146.0;170.0;0.033852140077821;9.075;1679.55;2702.09;True;Autoscout24.de;13.263013698630138
38;Volkswagen;Polo;2010-12-01;8900.0;Guter Preis;112500.0;Automatik;Benzin;5.827895553681364;;105.0;0.0791111111111111;;;;True;Autoscout24.de;14.095890410958905
39;Ford;Focus;2013-10-01;4650.0;Fairer Preis;153544.0;Schaltgetriebe;Benzin;5.1;121.0;125.0;0.0302844787161986;9.027;1670.67;2239.4;True;Autoscout24.de;11.26027397260274
40;BMW;318;2012-05-01;9900.0;Guter Preis;225018.0;Schaltgetriebe;Diesel;4.5;118.0;143.0;0.0439964802815774;7.425;1374.18;2183.88;True;Autoscout24.de;12.67945205479452
41;SEAT;Leon;2013-03-01;6880.0;Guter Preis;129000.0;Schaltgetriebe;Benzin;4.9;116.0;105.0;0.0533333333333333;8.673;1605.15;2146.86;True;Autoscout24.de;11.846575342465753
42;Mercedes-Benz;C 220;2014-10-01;13980.0;Fairer Preis;193751.0;Schaltgetriebe;Diesel;4.0;106.0;170.0;0.0721544662995287;6.6;1221.49;1961.79;True;Autoscout24.de;10.26027397260274
43;Fiat;Tipo;2016-06-01;6640.0;Sehr guter Preis;107600.0;Schaltgetriebe;Benzin;5.7;133.0;95.0;0.0617100371747211;10.089;1867.22;2461.49;True;Autoscout24.de;8.591780821917808
44;Kia;Carens;2013-07-01;7200.0;Guter Preis;108590.0;Schaltgetriebe;Benzin;6.8;161.0;135.0;0.0663044479233815;12.036;2227.56;2979.7;True;Autoscout24.de;11.512328767123288
45;Volkswagen;Golf;2012-01-01;6599.0;Guter Preis;202673.0;Schaltgetriebe;Benzin;6.4;149.0;122.0;0.0325598377682276;11.328;2096.52;2757.61;True;Autoscout24.de;13.01095890410959
46;Volkswagen;Golf;2011-07-01;6700.0;Guter Preis;118893.0;Schaltgetriebe;Benzin;5.7;134.0;105.0;0.0563531915251528;10.089;1867.22;2480.0;True;Autoscout24.de;13.515068493150684
47;BMW;X3;2013-05-01;12499.0;Erhöhter Preis;198500.0;Schaltgetriebe;Diesel;5.6;;184.0;0.0629672544080604;9.239999999999998;1710.09;;True;Autoscout24.de;11.67945205479452
48;BMW;525;2010-12-01;14950.0;Sehr guter Preis;93990.0;Automatik;Diesel;5.838596137062663;162.0;204.0;0.1590594744121715;;;2998.21;True;Autoscout24.de;14.095890410958905
49;Audi;A1;2015-02-01;9989.0;Sehr guter Preis;117450.0;Schaltgetriebe;Benzin;4.7;;140.0;0.0850489570029799;8.319;1539.64;;True;Autoscout24.de;9.923287671232877
50;Mercedes-Benz;Vito;2013-07-01;8990.0;Fairer Preis;330000.0;Schaltgetriebe;Diesel;7.4;196.0;163.0;0.0272424242424242;12.21;2259.76;3627.46;True;Autoscout24.de;11.512328767123288
51;Volkswagen;Golf;2015-03-01;8900.0;Guter Preis;181971.0;Schaltgetriebe;Diesel;3.8;99.0;110.0;0.0489088920762099;6.27;1160.42;1832.24;True;Autoscout24.de;9.846575342465753
52;Mercedes-Benz;A 200;2011-08-01;6450.0;Sehr guter Preis;138966.0;Schaltgetriebe;Benzin;6.7;161.0;136.0;0.0464142308190492;11.859;2194.8;2979.7;True;Autoscout24.de;13.43013698630137
53;Toyota;Aygo;2012-06-01;4910.0;Guter Preis;95117.0;Schaltgetriebe;Benzin;4.619173619863378;;68.0;0.0516206356382139;;;;True;Autoscout24.de;12.594520547945205
54;BMW;X1;2011-05-01;9990.0;Sehr guter Preis;159478.0;Automatik;Diesel;5.9;155.0;177.0;0.062641869097932;9.735;1801.7;2868.66;True;Autoscout24.de;13.682191780821919
55;Ford;Mondeo;2014-12-01;8950.0;Fairer Preis;149000.0;Automatik;Benzin;6.6;154.0;160.0;0.0600671140939597;11.682;2162.04;2850.15;True;Autoscout24.de;10.093150684931507
56;Audi;A5;2012-05-01;9200.0;Sehr guter Preis;211000.0;Schaltgetriebe;Diesel;4.7;125.0;177.0;0.0436018957345971;7.755;1435.25;2313.43;True;Autoscout24.de;12.67945205479452
57;Nissan;Micra;2014-04-01;5990.0;Sehr guter Preis;57700.0;Schaltgetriebe;Benzin;5.120388733631324;;80.0;0.1038128249566724;;;;True;Autoscout24.de;10.761643835616438
58;Volkswagen;Tiguan;2013-11-01;13999.0;Guter Preis;156000.0;Automatik;Diesel;5.9;154.0;177.0;0.0897371794871794;9.735;1801.7;2850.15;True;Autoscout24.de;11.175342465753424
59;SEAT;Ibiza;2013-04-01;5999.0;Guter Preis;148000.0;Schaltgetriebe;Benzin;5.9;140.0;86.0;0.0405337837837837;10.443;1932.73;2591.04;True;Autoscout24.de;11.761643835616438
60;BMW;318;2014-12-01;8850.0;Guter Preis;265703.0;Automatik;Diesel;4.8;127.0;143.0;0.0333078663018483;7.919999999999999;1465.79;2350.45;True;Autoscout24.de;10.093150684931507
61;BMW;520;2018-08-01;18850.0;Erhöhter Preis;237000.0;Schaltgetriebe;Diesel;4.2;109.0;190.0;0.0795358649789029;6.93;1282.57;2017.31;True;Autoscout24.de;6.424657534246576
62;Land Rover;Range Rover Evoque;2015-04-01;11950.0;Sehr guter Preis;187386.0;Schaltgetriebe;Diesel;5.7;151.0;150.0;0.063772106774252;9.405;1740.63;2794.63;True;Autoscout24.de;9.761643835616438
63;Audi;A6;2015-12-01;17440.0;Guter Preis;198000.0;Automatik;Diesel;5.681364413787807;;272.0;0.088080808080808;;;;True;Autoscout24.de;9.093150684931507
64;Mercedes-Benz;A 180;2011-03-01;3999.0;Guter Preis;189000.0;Automatik;Diesel;6.1;159.0;109.0;0.0211587301587301;10.065;1862.78;2942.69;True;Autoscout24.de;13.849315068493151
65;Subaru;OUTBACK;2018-04-01;14888.0;Fairer Preis;196485.0;Automatik;Benzin;7.0;161.0;175.0;0.0757716874061633;12.39;2293.07;2979.7;True;Autoscout24.de;6.758904109589041
66;Skoda;Octavia;2014-09-01;10699.0;Sehr guter Preis;163143.0;Automatik;Diesel;4.8;126.0;184.0;0.0655805029943056;7.919999999999999;1465.79;2331.94;True;Autoscout24.de;10.342465753424657
67;Volkswagen;Golf;2015-09-01;9950.0;Guter Preis;249985.0;Automatik;Diesel;4.5;119.0;150.0;0.0398023881432886;7.425;1374.18;2202.39;True;Autoscout24.de;9.342465753424657
68;Opel;Astra;2010-04-01;8895.0;Guter Preis;11801.0;Schaltgetriebe;Benzin;6.4;149.0;116.0;0.7537496822303195;11.328;2096.52;2757.61;True;Autoscout24.de;14.764383561643836
69;Volkswagen;T6 Transporter;2016-03-01;29300.0;Sehr guter Preis;154950.0;Automatik;Diesel;6.6;172.0;204.0;0.1890932558889964;10.89;2015.46;3183.28;True;Autoscout24.de;8.843835616438357
70;Mazda;CX-5;2015-11-01;9990.0;Sehr guter Preis;178632.0;Automatik;Diesel;5.5;144.0;175.0;0.055925030229746;9.075;1679.55;2665.07;True;Autoscout24.de;9.175342465753424
71;Mercedes-Benz;ML 350;2012-06-01;23790.0;Sehr guter Preis;131800.0;Automatik;Diesel;6.994743655033285;;258.0;0.1805007587253414;;;;True;Autoscout24.de;12.594520547945205
72;Mitsubishi;Pajero;2011-06-01;11890.0;Guter Preis;232000.0;Automatik;Diesel;9.3;247.0;200.0;0.05125;15.345;2839.97;4571.34;True;Autoscout24.de;13.597260273972603
73;Toyota;;2011-11-01;4190.0;Guter Preis;110000.0;Schaltgetriebe;Benzin;4.6;109.0;68.0;0.038090909090909;8.142;1506.88;2017.31;True;Autoscout24.de;13.178082191780822
74;Ford;Focus;2010-09-01;2890.0;Guter Preis;180000.0;Schaltgetriebe;Diesel;4.5;119.0;109.0;0.0160555555555555;7.425;1374.18;2202.39;True;Autoscout24.de;14.345205479452055
75;Citroen;C4;2011-03-01;4990.0;Fairer Preis;122000.0;Schaltgetriebe;Benzin;6.2;143.0;120.0;0.0409016393442622;10.974;2031.01;2646.57;True;Autoscout24.de;13.849315068493151
76;Jeep;Renegade;2015-04-01;9990.0;Guter Preis;146776.0;Schaltgetriebe;Benzin;6.0;142.0;140.0;0.0680628985665231;10.62;1965.49;2628.06;True;Autoscout24.de;9.761643835616438
77;Dacia;Sandero;2014-11-01;5999.0;Sehr guter Preis;78000.0;Schaltgetriebe;Benzin;5.8;137.0;75.0;0.0769102564102564;10.266;1899.98;2535.52;True;Autoscout24.de;10.175342465753424
78;Volkswagen;Touran;2011-07-01;5990.0;Fairer Preis;219870.0;Schaltgetriebe;Benzin;6.8;159.0;140.0;0.0272433710829126;12.036;2227.56;2942.69;True;Autoscout24.de;13.515068493150684
79;Audi;A3;2014-04-01;12790.0;Guter Preis;163877.0;Automatik;Benzin;5.0;116.0;122.0;0.0780463396327733;8.85;1637.91;2146.86;True;Autoscout24.de;10.761643835616438
80;Hyundai;i10;2012-01-01;4790.0;Guter Preis;86609.0;Schaltgetriebe;Benzin;4.7;111.0;69.0;0.0553060305510974;8.319;1539.64;2054.33;True;Autoscout24.de;13.01095890410959
81;Mercedes-Benz;B 180;2014-02-01;9749.0;Guter Preis;157450.0;Automatik;Benzin;5.9;;122.0;0.0619180692283264;10.443;1932.73;;True;Autoscout24.de;10.923287671232877
82;Audi;Q5;2012-11-01;10990.0;Sehr guter Preis;339398.0;Automatik;Diesel;6.4;170.0;245.0;0.0323808625861083;10.56;1954.39;3146.27;True;Autoscout24.de;12.175342465753424
83;Mercedes-Benz;B 200;2013-09-01;10890.0;Sehr guter Preis;122000.0;Schaltgetriebe;Benzin;4.888824513660532;;156.0;0.0892622950819672;;;;True;Autoscout24.de;11.342465753424657
84;Mercedes-Benz;Sprinter;2014-10-01;11500.0;Sehr guter Preis;260000.0;Schaltgetriebe;Diesel;8.0;212.0;163.0;0.0442307692307692;13.2;2442.98;3923.58;True;Autoscout24.de;10.26027397260274
85;Mercedes-Benz;GLK 350;2010-08-01;17990.0;Guter Preis;128197.0;Automatik;Diesel;8.4;220.0;231.0;0.1403308969788684;13.86;2565.13;4071.64;True;Autoscout24.de;14.43013698630137
86;Kia;Sorento;2015-11-01;15950.0;Sehr guter Preis;148873.0;Automatik;Diesel;6.7;177.0;200.0;0.1071382990871413;11.055;2046.0;3275.82;True;Autoscout24.de;9.175342465753424
87;Citroen;C-Crosser;2010-05-01;3999.0;Fairer Preis;408250.0;Automatik;Diesel;7.4;;156.0;0.0097954684629516;12.21;2259.76;;True;Autoscout24.de;14.682191780821919
88;Toyota;Aygo;2012-06-01;4910.0;Sehr guter Preis;86617.0;Schaltgetriebe;Benzin;4.623937989569682;;68.0;0.0566863317824445;;;;True;Autoscout24.de;12.594520547945205
89;Opel;Insignia;2016-08-01;11299.0;Sehr guter Preis;128000.0;Automatik;Diesel;5.5;145.0;170.0;0.0882734375;9.075;1679.55;2683.58;True;Autoscout24.de;8.424657534246576
90;BMW;320;2012-02-01;16490.0;Guter Preis;95958.0;Automatik;Diesel;4.5;119.0;184.0;0.1718460159653181;7.425;1374.18;2202.39;True;Autoscout24.de;12.926027397260274
91;Nissan;Qashqai+2;2012-06-01;9990.0;Guter Preis;138500.0;Schaltgetriebe;Diesel;4.7;123.0;131.0;0.0721299638989169;7.755;1435.25;2276.42;True;Autoscout24.de;12.594520547945205
92;Ford;Focus;2019-03-01;7999.0;Sehr guter Preis;198900.0;Schaltgetriebe;Diesel;4.157267484895112;;120.0;0.0402161890397184;;;;True;Autoscout24.de;5.843835616438356
93;Hyundai;i30;2011-11-01;3999.0;Guter Preis;149400.0;Schaltgetriebe;Benzin;6.1;142.0;109.0;0.0267670682730923;10.797;1998.25;2628.06;True;Autoscout24.de;13.178082191780822
94;BMW;X3;2013-11-01;16500.0;Sehr guter Preis;174896.0;Automatik;Diesel;6.1;162.0;313.0;0.0943417802579818;10.065;1862.78;2998.21;True;Autoscout24.de;11.175342465753424
95;Mercedes-Benz;E 220;2015-03-01;15990.0;Guter Preis;193322.0;Automatik;Diesel;5.3;140.0;170.0;0.0827117451712686;8.745;1618.48;2591.04;True;Autoscout24.de;9.846575342465753
96;Audi;Q5;2015-05-01;14499.0;Sehr guter Preis;240371.0;Automatik;Diesel;6.3;167.0;258.0;0.0603192564826871;10.395;1923.85;3090.75;True;Autoscout24.de;9.67945205479452
97;Volkswagen;Touran;2015-11-01;11300.0;Sehr guter Preis;188220.0;Schaltgetriebe;Diesel;4.5;118.0;150.0;0.0600361279353947;7.425;1374.18;2183.88;True;Autoscout24.de;9.175342465753424
98;BMW;X1;2014-02-01;11990.0;Fairer Preis;164053.0;Schaltgetriebe;Diesel;4.426360137197851;;143.0;0.0730861367972545;;;;True;Autoscout24.de;10.923287671232877
99;Mercedes-Benz;C 200;2012-05-01;12900.0;Guter Preis;107500.0;Schaltgetriebe;Diesel;6.1;160.0;136.0;0.12;10.065;1862.78;2961.19;True;Autoscout24.de;12.67945205479452
100;Ford;Transit;2012-01-01;6990.0;Sehr guter Preis;131441.0;Schaltgetriebe;Diesel;7.2;191.0;125.0;0.0531797536537305;11.88;2198.69;3534.92;True;Autoscout24.de;13.01095890410959
101;smart;forFour;2015-07-01;8499.0;Sehr guter Preis;66765.0;Automatik;Benzin;5.0;96.0;71.0;0.1272972365760503;8.85;1637.91;1776.72;True;Autoscout24.de;9.512328767123288
102;Skoda;Superb;2013-09-01;9890.0;Guter Preis;210000.0;Automatik;Diesel;6.1;159.0;170.0;0.047095238095238;10.065;1862.78;2942.69;True;Autoscout24.de;11.342465753424657
103;Volkswagen;Touran;2013-06-01;9890.0;Sehr guter Preis;78900.0;Automatik;Erdgas (CNG);4.649428305353401;;150.0;0.1253485424588086;;;;True;Autoscout24.de;11.594520547945205
104;Volkswagen;Tiguan;2015-01-01;11490.0;Guter Preis;162522.0;Schaltgetriebe;Diesel;5.3;139.0;110.0;0.0706981208697899;8.745;1618.48;2572.54;True;Autoscout24.de;10.008219178082191
105;Mercedes-Benz;CLA 180;2014-10-01;15950.0;Sehr guter Preis;114000.0;Automatik;Benzin;5.4;128.0;122.0;0.1399122807017543;9.558000000000002;1768.94;2368.95;True;Autoscout24.de;10.26027397260274
106;CUPRA;Formentor;2023-12-01;31980.0;Sehr guter Preis;4300.0;Automatik;Benzin;5.403534854481806;;150.0;7.437209302325582;;;;True;Autoscout24.de;1.0876712328767124
107;Mercedes-Benz;E 220;2017-07-01;22989.0;Keine Information;134750.0;Automatik;Diesel;4.2;;194.0;0.1706048237476808;6.93;1282.57;;True;Autoscout24.de;7.50958904109589
108;BMW;X1;2013-09-01;9990.0;Sehr guter Preis;209900.0;Automatik;Diesel;4.9;130.0;184.0;0.0475940924249642;8.085;1496.33;2405.97;True;Autoscout24.de;11.342465753424657
109;Land Rover;Discovery Sport;2015-08-01;12980.0;Guter Preis;151000.0;Schaltgetriebe;Diesel;5.8;;150.0;0.0859602649006622;9.57;1771.16;;True;Autoscout24.de;9.427397260273972
110;Alfa Romeo;Giulia;2016-11-01;13890.0;Sehr guter Preis;174400.0;Automatik;Diesel;3.8;99.0;179.0;0.079644495412844;6.27;1160.42;1832.24;True;Autoscout24.de;8.172602739726027
111;Opel;Corsa;2014-05-01;4997.0;Sehr guter Preis;107600.0;Schaltgetriebe;Benzin;5.7;135.0;101.0;0.0464405204460966;10.089;1867.22;2498.51;True;Autoscout24.de;10.67945205479452
112;Hyundai;i40;2014-01-01;7999.0;Guter Preis;180460.0;Automatik;Diesel;4.7;125.0;136.0;0.0443256123240607;7.755;1435.25;2313.43;True;Autoscout24.de;11.008219178082191
113;BMW;X1;2015-12-01;14400.0;Guter Preis;162071.0;Automatik;Diesel;4.460627184914535;;190.0;0.0888499484793701;;;;True;Autoscout24.de;9.093150684931507
114;BMW;750;2012-09-01;24999.0;Guter Preis;93840.0;Automatik;Diesel;6.4;169.0;381.0;0.2664002557544757;10.56;1954.39;3127.76;True;Autoscout24.de;12.342465753424657
115;BMW;525;2013-03-01;9000.0;Guter Preis;222146.0;Automatik;Diesel;5.4;143.0;218.0;0.0405138962664193;8.91;1649.01;2646.57;True;Autoscout24.de;11.846575342465753
116;Volkswagen;Polo;2013-10-01;5900.0;Fairer Preis;193205.0;Schaltgetriebe;Diesel;3.7;96.0;90.0;0.0305375119691519;6.105;1129.88;1776.72;True;Autoscout24.de;11.26027397260274
117;Volkswagen;Caddy;2012-04-01;9990.0;Sehr guter Preis;199900.0;Schaltgetriebe;Diesel;6.0;158.0;140.0;0.0499749874937468;9.9;1832.24;2924.18;True;Autoscout24.de;12.761643835616438
118;Opel;Cascada;2014-04-01;9900.0;Sehr guter Preis;127433.0;Automatik;Benzin;7.2;171.0;170.0;0.0776878830444233;12.744;2358.59;3164.77;True;Autoscout24.de;10.761643835616438
119;Peugeot;2008;2015-07-01;6993.0;Sehr guter Preis;106462.0;Schaltgetriebe;Benzin;5.196679913060531;;82.0;0.0656854088782852;;;;True;Autoscout24.de;9.512328767123288
120;Citroen;C4 Picasso;2013-11-01;5990.0;Guter Preis;165000.0;Schaltgetriebe;Diesel;4.0;106.0;116.0;0.0363030303030303;6.6;1221.49;1961.79;True;Autoscout24.de;11.175342465753424
121;Mercedes-Benz;B 180;2010-06-01;8999.0;Fairer Preis;140100.0;Automatik;Diesel;6.011226130512072;;109.0;0.0642326909350464;;;;True;Autoscout24.de;14.597260273972603
122;Peugeot;2008;2015-05-01;7790.0;Sehr guter Preis;120000.0;Schaltgetriebe;Diesel;4.0;123.0;92.0;0.0649166666666666;6.6;1221.49;2276.42;True;Autoscout24.de;9.67945205479452
123;Audi;A4;2015-01-01;13890.0;Sehr guter Preis;146179.0;Automatik;Diesel;4.7;129.0;150.0;0.0950204885790708;7.755;1435.25;2387.46;True;Autoscout24.de;10.008219178082191
124;Volkswagen;Touran;2012-11-01;8490.0;Guter Preis;114923.0;Schaltgetriebe;Benzin;6.4;149.0;105.0;0.0738755514561924;11.328;2096.52;2757.61;True;Autoscout24.de;12.175342465753424
125;BMW;X5;2014-03-01;24900.0;Guter Preis;165758.0;Automatik;Diesel;6.9;183.0;313.0;0.1502189939550429;11.385;2107.07;3386.86;True;Autoscout24.de;10.846575342465753
126;Mercedes-Benz;CLS 350;2013-07-01;18498.0;Sehr guter Preis;150000.0;Automatik;Diesel;6.9;183.0;265.0;0.12332;11.385;2107.07;3386.86;True;Autoscout24.de;11.512328767123288
127;Mazda;6;2014-05-01;10550.0;Guter Preis;147000.0;Schaltgetriebe;Diesel;5.20173369733659;;175.0;0.0717687074829932;;;;True;Autoscout24.de;10.67945205479452
128;Ford;C-Max;2014-10-01;7850.0;Guter Preis;60334.0;Schaltgetriebe;Benzin;5.3197655860645625;;101.0;0.1301090595684025;;;;True;Autoscout24.de;10.26027397260274
129;Volkswagen;Golf;2011-12-01;7998.0;Fairer Preis;111816.0;Schaltgetriebe;Benzin;5.8;136.0;105.0;0.0715282249409744;10.266;1899.98;2517.01;True;Autoscout24.de;13.095890410958905
130;Skoda;Octavia;2013-06-01;6990.0;Guter Preis;232000.0;Schaltgetriebe;Diesel;6.4;173.0;140.0;0.0301293103448275;10.56;1954.39;3201.79;True;Autoscout24.de;11.594520547945205
131;Opel;Corsa;2016-04-01;8490.0;Sehr guter Preis;66180.0;Schaltgetriebe;Benzin;5.0390046681919625;;101.0;0.128286491387126;;;;True;Autoscout24.de;8.758904109589041
132;Dacia;Logan;2017-07-01;6900.0;Guter Preis;157000.0;Automatik;Diesel;3.6;92.0;90.0;0.0439490445859872;5.94;1099.34;1702.69;True;Autoscout24.de;7.50958904109589
133;Maserati;Levante;2016-10-01;25990.0;Sehr guter Preis;167000.0;Automatik;Diesel;8.3;220.0;275.0;0.15562874251497;13.695;2534.6;4071.64;True;Autoscout24.de;8.257534246575343
134;Ford;Transit Custom;2014-12-01;10988.0;Sehr guter Preis;138000.0;Schaltgetriebe;Diesel;3.9491133303627066;;101.0;0.0796231884057971;;;;True;Autoscout24.de;10.093150684931507
135;Nissan;Qashqai;2015-05-01;11800.0;Sehr guter Preis;109000.0;Schaltgetriebe;Diesel;4.9;129.0;131.0;0.1082568807339449;8.085;1496.33;2387.46;True;Autoscout24.de;9.67945205479452
136;Mercedes-Benz;B 200;2012-05-01;7790.0;Guter Preis;240000.0;Automatik;Diesel;4.4;117.0;136.0;0.0324583333333333;7.26;1343.64;2165.37;True;Autoscout24.de;12.67945205479452
137;Volkswagen;T5 Multivan;2010-12-01;11950.0;Guter Preis;330000.0;Schaltgetriebe;Diesel;7.7;203.0;140.0;0.0362121212121212;12.705;2351.37;3757.01;True;Autoscout24.de;14.095890410958905
138;Dacia;Duster;2017-03-01;7990.0;Guter Preis;125000.0;Schaltgetriebe;Autogas (LPG);6.4;145.0;114.0;0.06392;1.4656000000000002;271.25;2683.58;True;Autoscout24.de;7.843835616438356
139;Audi;Q7;2017-03-01;24399.0;Fairer Preis;280671.0;Automatik;Diesel;6.2;163.0;272.0;0.0869309618735102;10.23;1893.31;3016.72;True;Autoscout24.de;7.843835616438356
140;BMW;118;2013-12-01;9800.0;Fairer Preis;156850.0;Schaltgetriebe;Diesel;4.8;127.0;143.0;0.0624800765062161;7.919999999999999;1465.79;2350.45;True;Autoscout24.de;11.093150684931507
141;Audi;Q5;2013-01-01;14990.0;Guter Preis;213172.0;Automatik;Diesel;6.4;170.0;245.0;0.0703188035952188;10.56;1954.39;3146.27;True;Autoscout24.de;12.008219178082191
142;Mercedes-Benz;S 400;;;Keine Information;;Keine Information;Keine Information;2.665457442475539;;;;;;;True;Autoscout24.de;
143;Skoda;Kamiq;2019-12-01;11450.0;Sehr guter Preis;182100.0;Schaltgetriebe;Diesel;4.2;;116.0;0.0628775398132894;6.93;1282.57;;True;Autoscout24.de;5.090410958904109
144;Genesis;G80;2014-06-01;21950.0;Keine Information;122700.0;Automatik;Benzin;11.6;274.0;315.0;0.1788916055419722;20.532;3799.95;5071.04;False;Autoscout24.de;10.594520547945205
145;Mercedes-Benz;Vito;2016-08-01;22900.0;Sehr guter Preis;199900.0;Automatik;Diesel;5.8;;190.0;0.1145572786393196;9.57;1771.16;;True;Autoscout24.de;8.424657534246576
146;Volkswagen;Cross Touran;2011-07-01;15990.0;Fairer Preis;43515.0;Automatik;Benzin;7.1;164.0;140.0;0.3674594967252672;12.567;2325.83;3035.22;True;Autoscout24.de;13.515068493150684
147;Volkswagen;Tiguan;2014-04-01;11900.0;Sehr guter Preis;149122.0;Schaltgetriebe;Diesel;6.0;157.0;140.0;0.0798004318611606;9.9;1832.24;2905.67;True;Autoscout24.de;10.761643835616438
148;BMW;118;2017-02-01;11799.0;Sehr guter Preis;139056.0;Automatik;Benzin;5.1;119.0;136.0;0.0848507076285813;9.027;1670.67;2202.39;True;Autoscout24.de;7.920547945205479
149;BMW;X3;2012-09-01;7899.0;Sehr guter Preis;221890.0;Schaltgetriebe;Diesel;5.6;149.0;184.0;0.0355987200865293;9.239999999999998;1710.09;2757.61;True;Autoscout24.de;12.342465753424657
150;SEAT;Leon;2014-09-01;;Guter Preis;138388.0;Schaltgetriebe;Benzin;4.7;;150.0;;8.319;1539.64;;True;Autoscout24.de;10.342465753424657
151;Renault;Clio;2010-02-01;2500.0;Fairer Preis;191000.0;Schaltgetriebe;Benzin;6.836016822682475;;101.0;0.013089005235602;;;;True;Autoscout24.de;14.926027397260274
152;Fiat;500;2020-02-01;8590.0;Sehr guter Preis;73000.0;Schaltgetriebe;Benzin;5.5;126.0;69.0;0.1176712328767123;9.735;1801.7;2331.94;True;Autoscout24.de;4.920547945205479
153;Ford;Transit Connect;2010-06-01;5990.0;Fairer Preis;165000.0;Schaltgetriebe;Diesel;6.0;159.0;110.0;0.0363030303030303;9.9;1832.24;2942.69;True;Autoscout24.de;14.597260273972603
154;Renault;Captur;2013-05-01;10899.0;Keine Information;64400.0;Automatik;Benzin;5.0;119.0;120.0;0.1692391304347826;8.85;1637.91;2202.39;True;Autoscout24.de;11.67945205479452
155;Ford;C-Max;2012-06-01;7990.0;Fairer Preis;98000.0;Schaltgetriebe;Diesel;4.872594489409182;;116.0;0.0815306122448979;;;;True;Autoscout24.de;12.594520547945205
156;Opel;Corsa;2014-09-01;6990.0;Fairer Preis;107097.0;Schaltgetriebe;Benzin;5.579494333745822;;87.0;0.0652679346760413;;;;True;Autoscout24.de;10.342465753424657
157;Land Rover;Range Rover Sport;2014-10-01;17990.0;Sehr guter Preis;170000.0;Automatik;Diesel;7.9;209.0;292.0;0.1058235294117647;13.035;2412.45;3868.06;True;Autoscout24.de;10.26027397260274
158;Renault;Megane;2011-05-01;4990.0;Guter Preis;156675.0;Schaltgetriebe;Diesel;4.7;125.0;106.0;0.0318493697143768;7.755;1435.25;2313.43;True;Autoscout24.de;13.682191780821919
159;Mercedes-Benz;E 350;2017-11-01;18850.0;Sehr guter Preis;236830.0;Automatik;Diesel;5.3;140.0;258.0;0.0795929569733564;8.745;1618.48;2591.04;True;Autoscout24.de;7.1726027397260275
160;Volkswagen;Caddy;2013-02-01;6880.0;Sehr guter Preis;139785.0;Schaltgetriebe;Diesel;5.6;147.0;75.0;0.0492184426082913;9.239999999999998;1710.09;2720.6;True;Autoscout24.de;11.923287671232877
161;Hyundai;i30;2015-03-01;9780.0;Sehr guter Preis;79000.0;Schaltgetriebe;Benzin;5.7;134.0;135.0;0.1237974683544303;10.089;1867.22;2480.0;True;Autoscout24.de;9.846575342465753
162;Renault;Scenic;2011-02-01;4990.0;Erhöhter Preis;131450.0;Schaltgetriebe;Diesel;5.5;145.0;131.0;0.0379612019779383;9.075;1679.55;2683.58;True;Autoscout24.de;13.926027397260274
163;Volkswagen;Passat Variant;2017-10-01;22970.0;Guter Preis;114000.0;Automatik;Diesel;5.237262270488124;;239.0;0.2014912280701754;;;;True;Autoscout24.de;7.257534246575342
164;Volkswagen;Touran;2015-12-01;12780.0;Sehr guter Preis;131626.0;Schaltgetriebe;Diesel;4.33847851375543;;140.0;0.097093279443271;;;;True;Autoscout24.de;9.093150684931507
165;Volkswagen;Golf;2011-02-01;3440.0;Fairer Preis;248000.0;Schaltgetriebe;Diesel;4.2;109.0;105.0;0.0138709677419354;6.93;1282.57;2017.31;True;Autoscout24.de;13.926027397260274
166;Volkswagen;Crafter;2011-11-01;11900.0;Sehr guter Preis;131227.0;Schaltgetriebe;Diesel;8.2;216.0;109.0;0.0906825577053502;13.529999999999998;2504.06;3997.61;True;Autoscout24.de;13.178082191780822
167;Mercedes-Benz;C 400;2016-08-01;28420.0;Fairer Preis;134000.0;Automatik;Benzin;8.792006327547453;;333.0;0.2120895522388059;;;;True;Autoscout24.de;8.424657534246576
168;Citroen;C4 Cactus;2014-10-01;3990.0;Sehr guter Preis;178867.0;Schaltgetriebe;Benzin;4.6;109.0;82.0;0.0223070773256106;8.142;1506.88;2017.31;True;Autoscout24.de;10.26027397260274
169;Audi;A6;2013-07-01;11000.0;Keine Information;236420.0;Automatik;Diesel;6.4;;313.0;0.0465273665510532;10.56;1954.39;;True;Autoscout24.de;11.512328767123288
170;Audi;A5;2011-10-01;8700.0;Guter Preis;257000.0;Schaltgetriebe;Diesel;5.5;146.0;170.0;0.033852140077821;9.075;1679.55;2702.09;True;Autoscout24.de;13.263013698630138
171;Audi;A5;2012-05-01;9200.0;Sehr guter Preis;211000.0;Schaltgetriebe;Diesel;4.7;125.0;177.0;0.0436018957345971;7.755;1435.25;2313.43;True;Autoscout24.de;12.67945205479452
172;Opel;Corsa;2014-05-01;4997.0;Sehr guter Preis;107600.0;Schaltgetriebe;Benzin;5.7;135.0;101.0;0.0464405204460966;10.089;1867.22;2498.51;True;Autoscout24.de;10.67945205479452
173;Hyundai;i30;2011-11-01;3999.0;Guter Preis;149400.0;Schaltgetriebe;Benzin;6.1;142.0;109.0;0.0267670682730923;10.797;1998.25;2628.06;True;Autoscout24.de;13.178082191780822
174;Skoda;Octavia;2013-06-01;6990.0;Guter Preis;232000.0;Schaltgetriebe;Diesel;6.4;173.0;140.0;0.0301293103448275;10.56;1954.39;3201.79;True;Autoscout24.de;11.594520547945205
175;Audi;A6;2012-01-01;9990.0;Sehr guter Preis;202500.0;Automatik;Diesel;5.2;136.0;204.0;0.0493333333333333;8.58;1587.94;2517.01;True;Autoscout24.de;13.01095890410959
176;BMW;X3;2012-09-01;7899.0;Sehr guter Preis;221890.0;Schaltgetriebe;Diesel;5.6;149.0;184.0;0.0355987200865293;9.239999999999998;1710.09;2757.61;True;Autoscout24.de;12.342465753424657
177;MINI;Cooper;2012-01-01;4500.0;Sehr guter Preis;126792.0;Schaltgetriebe;Benzin;5.511229274762667;;122.0;0.0354911981828506;;;;True;Autoscout24.de;13.01095890410959
178;Audi;A4;2015-06-01;10990.0;Sehr guter Preis;197500.0;Schaltgetriebe;Diesel;4.7;125.0;190.0;0.0556455696202531;7.755;1435.25;2313.43;True;Autoscout24.de;9.594520547945205
179;Opel;Astra;2013-09-01;6410.0;Sehr guter Preis;109800.0;Schaltgetriebe;Benzin;5.36988161201933;;140.0;0.0583788706739526;;;;True;Autoscout24.de;11.342465753424657
180;Volkswagen;CC;2014-04-01;11300.0;Sehr guter Preis;211521.0;Automatik;Diesel;5.2;149.0;177.0;0.0534225916102892;8.58;1587.94;2757.61;True;Autoscout24.de;10.761643835616438
181;Opel;Karl;2017-04-01;4990.0;Sehr guter Preis;117000.0;Schaltgetriebe;Benzin;4.579944143459457;;75.0;0.0426495726495726;;;;True;Autoscout24.de;7.758904109589041
182;Opel;Adam;2014-09-01;6390.0;Sehr guter Preis;93500.0;Schaltgetriebe;Benzin;5.306744353985228;;87.0;0.0683422459893048;;;;True;Autoscout24.de;10.342465753424657
183;Volkswagen;Golf;2013-04-01;4950.0;Sehr guter Preis;222900.0;Schaltgetriebe;Diesel;4.5;119.0;105.0;0.022207267833109;7.425;1374.18;2202.39;True;Autoscout24.de;11.761643835616438
184;BMW;X3;2012-12-01;9990.0;Fairer Preis;235000.0;Schaltgetriebe;Diesel;5.6;148.0;184.0;0.0425106382978723;9.239999999999998;1710.09;2739.1;True;Autoscout24.de;12.093150684931507
185;SEAT;Ibiza;2013-12-01;5980.0;Fairer Preis;167308.0;Schaltgetriebe;Diesel;4.3;112.0;105.0;0.0357424630023668;7.095;1313.1;2072.84;True;Autoscout24.de;11.093150684931507
186;Audi;A6;2013-07-01;11000.0;Keine Information;236420.0;Automatik;Diesel;6.4;;313.0;0.0465273665510532;10.56;1954.39;;True;Autoscout24.de;11.512328767123288
187;Peugeot;3008;2011-04-01;4980.0;Guter Preis;121491.0;Schaltgetriebe;Benzin;7.3;;156.0;0.0409906906684445;12.921;2391.35;;True;Autoscout24.de;13.764383561643836
188;BMW;520;2014-05-01;11890.0;Sehr guter Preis;184702.0;Automatik;Diesel;5.4;143.0;184.0;0.0643739645482994;8.91;1649.01;2646.57;True;Autoscout24.de;10.67945205479452
189;Hyundai;TUCSON;2015-11-01;13100.0;Keine Information;91765.0;Automatik;Diesel;6.241790165397502;;185.0;0.1427559527052798;;;;True;Autoscout24.de;9.175342465753424
190;Fiat;Scudo;2014-09-01;3800.0;Sehr guter Preis;206252.0;Schaltgetriebe;Diesel;4.759789645338802;;128.0;0.0184240637666543;;;;True;Autoscout24.de;10.342465753424657
191;Opel;Astra;2012-02-01;4800.0;Sehr guter Preis;158768.0;Schaltgetriebe;Benzin;5.9;138.0;140.0;0.0302327925022674;10.443;1932.73;2554.03;True;Autoscout24.de;12.926027397260274
192;BMW;318;2012-05-01;9900.0;Guter Preis;225018.0;Schaltgetriebe;Diesel;4.5;118.0;143.0;0.0439964802815774;7.425;1374.18;2183.88;True;Autoscout24.de;12.67945205479452
193;Volkswagen;up!;2018-09-01;4001.0;Sehr guter Preis;187000.0;Schaltgetriebe;Benzin;5.061954130495892;;68.0;0.0213957219251336;;;;True;Autoscout24.de;6.33972602739726
194;Nissan;Qashqai;2013-12-01;6550.0;Sehr guter Preis;144478.0;Schaltgetriebe;Diesel;5.2;138.0;110.0;0.0453356220324201;8.58;1587.94;2554.03;True;Autoscout24.de;11.093150684931507
195;Ford;Fiesta;2013-03-01;4650.0;Guter Preis;177500.0;Schaltgetriebe;Benzin;4.6;109.0;80.0;0.0261971830985915;8.142;1506.88;2017.31;True;Autoscout24.de;11.846575342465753
196;Mercedes-Benz;Vito;2013-07-01;8990.0;Fairer Preis;330000.0;Schaltgetriebe;Diesel;7.4;196.0;163.0;0.0272424242424242;12.21;2259.76;3627.46;True;Autoscout24.de;11.512328767123288
197;Volkswagen;Tiguan;2013-11-01;13999.0;Guter Preis;156000.0;Automatik;Diesel;5.9;154.0;177.0;0.0897371794871794;9.735;1801.7;2850.15;True;Autoscout24.de;11.175342465753424
198;Mercedes-Benz;C 220;2014-10-01;13980.0;Fairer Preis;193751.0;Schaltgetriebe;Diesel;4.0;106.0;170.0;0.0721544662995287;6.6;1221.49;1961.79;True;Autoscout24.de;10.26027397260274
199;Ford;Mondeo;2014-12-01;8950.0;Fairer Preis;149000.0;Automatik;Benzin;6.6;154.0;160.0;0.0600671140939597;11.682;2162.04;2850.15;True;Autoscout24.de;10.093150684931507
200;Fiat;Tipo;2016-06-01;6640.0;Sehr guter Preis;107600.0;Schaltgetriebe;Benzin;5.7;133.0;95.0;0.0617100371747211;10.089;1867.22;2461.49;True;Autoscout24.de;8.591780821917808
201;Ford;Focus;2011-12-01;4999.0;Erhöhter Preis;170250.0;Schaltgetriebe;Benzin;5.9;140.0;150.0;0.0293627019089574;10.443;1932.73;2591.04;True;Autoscout24.de;13.095890410958905
202;Opel;Corsa;2014-10-01;2990.0;Keine Information;153200.0;Schaltgetriebe;Benzin;5.5;130.0;69.0;0.0195169712793733;9.735;1801.7;2405.97;True;Autoscout24.de;10.26027397260274
203;Audi;A1;2015-02-01;9989.0;Sehr guter Preis;117450.0;Schaltgetriebe;Benzin;4.7;;140.0;0.0850489570029799;8.319;1539.64;;True;Autoscout24.de;9.923287671232877
204;Audi;A6;2015-12-01;17440.0;Guter Preis;198000.0;Automatik;Diesel;5.681364413787807;;272.0;0.088080808080808;;;;True;Autoscout24.de;9.093150684931507
205;Audi;A5;2011-10-01;8700.0;Guter Preis;257000.0;Schaltgetriebe;Diesel;5.5;146.0;170.0;0.033852140077821;9.075;1679.55;2702.09;True;Autoscout24.de;13.263013698630138
206;BMW;X3;2013-05-01;12499.0;Erhöhter Preis;198500.0;Schaltgetriebe;Diesel;5.6;;184.0;0.0629672544080604;9.239999999999998;1710.09;;True;Autoscout24.de;11.67945205479452
207;Ford;Focus;2013-10-01;4650.0;Fairer Preis;153544.0;Schaltgetriebe;Benzin;5.1;121.0;125.0;0.0302844787161986;9.027;1670.67;2239.4;True;Autoscout24.de;11.26027397260274
208;Ford;Focus;2015-05-01;8990.0;Sehr guter Preis;62598.0;Schaltgetriebe;Benzin;4.8;113.0;125.0;0.1436148119748234;8.496;1572.39;2091.34;True;Autoscout24.de;9.67945205479452
209;SEAT;Leon;2013-03-01;6880.0;Guter Preis;129000.0;Schaltgetriebe;Benzin;4.9;116.0;105.0;0.0533333333333333;8.673;1605.15;2146.86;True;Autoscout24.de;11.846575342465753
210;Volkswagen;Golf;2012-01-01;6599.0;Guter Preis;202673.0;Schaltgetriebe;Benzin;6.4;149.0;122.0;0.0325598377682276;11.328;2096.52;2757.61;True;Autoscout24.de;13.01095890410959
211;Volkswagen;Golf;2015-03-01;8900.0;Guter Preis;181971.0;Schaltgetriebe;Diesel;3.8;99.0;110.0;0.0489088920762099;6.27;1160.42;1832.24;True;Autoscout24.de;9.846575342465753
212;BMW;318;2014-12-01;8850.0;Guter Preis;265703.0;Automatik;Diesel;4.8;127.0;143.0;0.0333078663018483;7.919999999999999;1465.79;2350.45;True;Autoscout24.de;10.093150684931507
213;Volkswagen;Golf;2011-07-01;6700.0;Guter Preis;118893.0;Schaltgetriebe;Benzin;5.7;134.0;105.0;0.0563531915251528;10.089;1867.22;2480.0;True;Autoscout24.de;13.515068493150684
214;BMW;X1;2011-05-01;9990.0;Sehr guter Preis;159478.0;Automatik;Diesel;5.9;155.0;177.0;0.062641869097932;9.735;1801.7;2868.66;True;Autoscout24.de;13.682191780821919
215;BMW;520;2018-08-01;18850.0;Erhöhter Preis;237000.0;Schaltgetriebe;Diesel;4.2;109.0;190.0;0.0795358649789029;6.93;1282.57;2017.31;True;Autoscout24.de;6.424657534246576
216;Kia;Carens;2013-07-01;7200.0;Guter Preis;108590.0;Schaltgetriebe;Benzin;6.8;161.0;135.0;0.0663044479233815;12.036;2227.56;2979.7;True;Autoscout24.de;11.512328767123288
217;Nissan;Micra;2014-04-01;5990.0;Sehr guter Preis;57700.0;Schaltgetriebe;Benzin;5.120388733631324;;80.0;0.1038128249566724;;;;True;Autoscout24.de;10.761643835616438
218;Audi;A3;2014-04-01;12790.0;Guter Preis;163877.0;Automatik;Benzin;5.0;116.0;122.0;0.0780463396327733;8.85;1637.91;2146.86;True;Autoscout24.de;10.761643835616438
219;Mercedes-Benz;A 200;2011-08-01;6450.0;Sehr guter Preis;138966.0;Schaltgetriebe;Benzin;6.7;161.0;136.0;0.0464142308190492;11.859;2194.8;2979.7;True;Autoscout24.de;13.43013698630137
220;Toyota;Aygo;2012-06-01;4910.0;Guter Preis;95117.0;Schaltgetriebe;Benzin;4.619173619863378;;68.0;0.0516206356382139;;;;True;Autoscout24.de;12.594520547945205
221;Skoda;Octavia;2014-09-01;10699.0;Sehr guter Preis;163143.0;Automatik;Diesel;4.8;126.0;184.0;0.0655805029943056;7.919999999999999;1465.79;2331.94;True;Autoscout24.de;10.342465753424657
222;Mercedes-Benz;Sprinter;2014-10-01;11500.0;Sehr guter Preis;260000.0;Schaltgetriebe;Diesel;8.0;212.0;163.0;0.0442307692307692;13.2;2442.98;3923.58;True;Autoscout24.de;10.26027397260274
223;Audi;A5;2012-05-01;9200.0;Sehr guter Preis;211000.0;Schaltgetriebe;Diesel;4.7;125.0;177.0;0.0436018957345971;7.755;1435.25;2313.43;True;Autoscout24.de;12.67945205479452
224;Mercedes-Benz;B 200;2013-09-01;10890.0;Sehr guter Preis;122000.0;Schaltgetriebe;Benzin;4.888824513660532;;156.0;0.0892622950819672;;;;True;Autoscout24.de;11.342465753424657
225;Mercedes-Benz;A 180;2011-03-01;3999.0;Guter Preis;189000.0;Automatik;Diesel;6.1;159.0;109.0;0.0211587301587301;10.065;1862.78;2942.69;True;Autoscout24.de;13.849315068493151
226;Mercedes-Benz;ML 350;2012-06-01;23790.0;Sehr guter Preis;131800.0;Automatik;Diesel;6.994743655033285;;258.0;0.1805007587253414;;;;True;Autoscout24.de;12.594520547945205
227;Volkswagen;T6 Transporter;2016-03-01;29300.0;Sehr guter Preis;154950.0;Automatik;Diesel;6.6;172.0;204.0;0.1890932558889964;10.89;2015.46;3183.28;True;Autoscout24.de;8.843835616438357
228;Dacia;Sandero;2014-11-01;5999.0;Sehr guter Preis;78000.0;Schaltgetriebe;Benzin;5.8;137.0;75.0;0.0769102564102564;10.266;1899.98;2535.52;True;Autoscout24.de;10.175342465753424
229;Opel;Insignia;2016-08-01;11299.0;Sehr guter Preis;128000.0;Automatik;Diesel;5.5;145.0;170.0;0.0882734375;9.075;1679.55;2683.58;True;Autoscout24.de;8.424657534246576
230;Mitsubishi;Pajero;2011-06-01;11890.0;Guter Preis;232000.0;Automatik;Diesel;9.3;247.0;200.0;0.05125;15.345;2839.97;4571.34;True;Autoscout24.de;13.597260273972603
231;SEAT;Ibiza;2013-04-01;5999.0;Guter Preis;148000.0;Schaltgetriebe;Benzin;5.9;140.0;86.0;0.0405337837837837;10.443;1932.73;2591.04;True;Autoscout24.de;11.761643835616438
232;Mercedes-Benz;B 180;2014-02-01;9749.0;Guter Preis;157450.0;Automatik;Benzin;5.9;;122.0;0.0619180692283264;10.443;1932.73;;True;Autoscout24.de;10.923287671232877
233;BMW;X1;2014-02-01;11990.0;Fairer Preis;164053.0;Schaltgetriebe;Diesel;4.426360137197851;;143.0;0.0730861367972545;;;;True;Autoscout24.de;10.923287671232877
234;Jeep;Renegade;2015-04-01;9990.0;Guter Preis;146776.0;Schaltgetriebe;Benzin;6.0;142.0;140.0;0.0680628985665231;10.62;1965.49;2628.06;True;Autoscout24.de;9.761643835616438
235;Nissan;Qashqai+2;2012-06-01;9990.0;Guter Preis;138500.0;Schaltgetriebe;Diesel;4.7;123.0;131.0;0.0721299638989169;7.755;1435.25;2276.42;True;Autoscout24.de;12.594520547945205
236;Toyota;;2011-11-01;4190.0;Guter Preis;110000.0;Schaltgetriebe;Benzin;4.6;109.0;68.0;0.038090909090909;8.142;1506.88;2017.31;True;Autoscout24.de;13.178082191780822
237;Volkswagen;Touran;2013-06-01;9890.0;Sehr guter Preis;78900.0;Automatik;Erdgas (CNG);4.649428305353401;;150.0;0.1253485424588086;;;;True;Autoscout24.de;11.594520547945205
238;Volkswagen;Golf;2015-09-01;9950.0;Guter Preis;249985.0;Automatik;Diesel;4.5;119.0;150.0;0.0398023881432886;7.425;1374.18;2202.39;True;Autoscout24.de;9.342465753424657
239;Opel;Cascada;2014-04-01;9900.0;Sehr guter Preis;127433.0;Automatik;Benzin;7.2;171.0;170.0;0.0776878830444233;12.744;2358.59;3164.77;True;Autoscout24.de;10.761643835616438
240;Citroen;C4;2011-03-01;4990.0;Fairer Preis;122000.0;Schaltgetriebe;Benzin;6.2;143.0;120.0;0.0409016393442622;10.974;2031.01;2646.57;True;Autoscout24.de;13.849315068493151
241;Audi;Q5;2012-11-01;10990.0;Sehr guter Preis;339398.0;Automatik;Diesel;6.4;170.0;245.0;0.0323808625861083;10.56;1954.39;3146.27;True;Autoscout24.de;12.175342465753424
242;Opel;Corsa;2014-05-01;4997.0;Sehr guter Preis;107600.0;Schaltgetriebe;Benzin;5.7;135.0;101.0;0.0464405204460966;10.089;1867.22;2498.51;True;Autoscout24.de;10.67945205479452
243;BMW;320;2012-02-01;16490.0;Guter Preis;95958.0;Automatik;Diesel;4.5;119.0;184.0;0.1718460159653181;7.425;1374.18;2202.39;True;Autoscout24.de;12.926027397260274
244;Volkswagen;Touran;2011-07-01;5990.0;Fairer Preis;219870.0;Schaltgetriebe;Benzin;6.8;159.0;140.0;0.0272433710829126;12.036;2227.56;2942.69;True;Autoscout24.de;13.515068493150684
245;Hyundai;i10;2012-01-01;4790.0;Guter Preis;86609.0;Schaltgetriebe;Benzin;4.7;111.0;69.0;0.0553060305510974;8.319;1539.64;2054.33;True;Autoscout24.de;13.01095890410959
246;Ford;Transit Custom;2014-12-01;10988.0;Sehr guter Preis;138000.0;Schaltgetriebe;Diesel;3.9491133303627066;;101.0;0.0796231884057971;;;;True;Autoscout24.de;10.093150684931507
247;Peugeot;2008;2015-07-01;6993.0;Sehr guter Preis;106462.0;Schaltgetriebe;Benzin;5.196679913060531;;82.0;0.0656854088782852;;;;True;Autoscout24.de;9.512328767123288
248;Skoda;Superb;2013-09-01;9890.0;Guter Preis;210000.0;Automatik;Diesel;6.1;159.0;170.0;0.047095238095238;10.065;1862.78;2942.69;True;Autoscout24.de;11.342465753424657
249;Mercedes-Benz;E 220;2015-03-01;15990.0;Guter Preis;193322.0;Automatik;Diesel;5.3;140.0;170.0;0.0827117451712686;8.745;1618.48;2591.04;True;Autoscout24.de;9.846575342465753
250;Alfa Romeo;Giulia;2016-11-01;13890.0;Sehr guter Preis;174400.0;Automatik;Diesel;3.8;99.0;179.0;0.079644495412844;6.27;1160.42;1832.24;True;Autoscout24.de;8.172602739726027
251;Land Rover;Range Rover Evoque;2015-04-01;11950.0;Sehr guter Preis;187386.0;Schaltgetriebe;Diesel;5.7;151.0;150.0;0.063772106774252;9.405;1740.63;2794.63;True;Autoscout24.de;9.761643835616438
252;Volkswagen;Tiguan;2015-01-01;11490.0;Guter Preis;162522.0;Schaltgetriebe;Diesel;5.3;139.0;110.0;0.0706981208697899;8.745;1618.48;2572.54;True;Autoscout24.de;10.008219178082191
253;Volkswagen;Tiguan;2014-04-01;11900.0;Sehr guter Preis;149122.0;Schaltgetriebe;Diesel;6.0;157.0;140.0;0.0798004318611606;9.9;1832.24;2905.67;True;Autoscout24.de;10.761643835616438
254;Volkswagen;Touran;2015-11-01;11300.0;Sehr guter Preis;188220.0;Schaltgetriebe;Diesel;4.5;118.0;150.0;0.0600361279353947;7.425;1374.18;2183.88;True;Autoscout24.de;9.175342465753424
255;Mercedes-Benz;C 200;2012-05-01;12900.0;Guter Preis;107500.0;Schaltgetriebe;Diesel;6.1;160.0;136.0;0.12;10.065;1862.78;2961.19;True;Autoscout24.de;12.67945205479452
256;Mazda;6;2014-05-01;10550.0;Guter Preis;147000.0;Schaltgetriebe;Diesel;5.20173369733659;;175.0;0.0717687074829932;;;;True;Autoscout24.de;10.67945205479452
257;Mercedes-Benz;CLA 180;2014-10-01;15950.0;Sehr guter Preis;114000.0;Automatik;Benzin;5.4;128.0;122.0;0.1399122807017543;9.558000000000002;1768.94;2368.95;True;Autoscout24.de;10.26027397260274
258;BMW;750;2012-09-01;24999.0;Guter Preis;93840.0;Automatik;Diesel;6.4;169.0;381.0;0.2664002557544757;10.56;1954.39;3127.76;True;Autoscout24.de;12.342465753424657
259;Mazda;CX-5;2015-11-01;9990.0;Sehr guter Preis;178632.0;Automatik;Diesel;5.5;144.0;175.0;0.055925030229746;9.075;1679.55;2665.07;True;Autoscout24.de;9.175342465753424
260;Ford;Focus;2019-03-01;7999.0;Sehr guter Preis;198900.0;Schaltgetriebe;Diesel;4.157267484895112;;120.0;0.0402161890397184;;;;True;Autoscout24.de;5.843835616438356
261;Hyundai;i30;2011-11-01;3999.0;Guter Preis;149400.0;Schaltgetriebe;Benzin;6.1;142.0;109.0;0.0267670682730923;10.797;1998.25;2628.06;True;Autoscout24.de;13.178082191780822
262;Audi;Q5;2013-01-01;14990.0;Guter Preis;213172.0;Automatik;Diesel;6.4;170.0;245.0;0.0703188035952188;10.56;1954.39;3146.27;True;Autoscout24.de;12.008219178082191
263;Toyota;Aygo;2012-06-01;4910.0;Sehr guter Preis;86617.0;Schaltgetriebe;Benzin;4.623937989569682;;68.0;0.0566863317824445;;;;True;Autoscout24.de;12.594520547945205
264;Nissan;Qashqai;2015-05-01;11800.0;Sehr guter Preis;109000.0;Schaltgetriebe;Diesel;4.9;129.0;131.0;0.1082568807339449;8.085;1496.33;2387.46;True;Autoscout24.de;9.67945205479452
265;Ford;Transit;2012-01-01;6990.0;Sehr guter Preis;131441.0;Schaltgetriebe;Diesel;7.2;191.0;125.0;0.0531797536537305;11.88;2198.69;3534.92;True;Autoscout24.de;13.01095890410959
266;Volkswagen;Touran;2012-11-01;8490.0;Guter Preis;114923.0;Schaltgetriebe;Benzin;6.4;149.0;105.0;0.0738755514561924;11.328;2096.52;2757.61;True;Autoscout24.de;12.175342465753424
267;Hyundai;i40;2014-01-01;7999.0;Guter Preis;180460.0;Automatik;Diesel;4.7;125.0;136.0;0.0443256123240607;7.755;1435.25;2313.43;True;Autoscout24.de;11.008219178082191
268;SEAT;Leon;2014-09-01;;Guter Preis;138388.0;Schaltgetriebe;Benzin;4.7;;150.0;;8.319;1539.64;;True;Autoscout24.de;10.342465753424657
269;Dacia;Logan;2017-07-01;6900.0;Guter Preis;157000.0;Automatik;Diesel;3.6;92.0;90.0;0.0439490445859872;5.94;1099.34;1702.69;True;Autoscout24.de;7.50958904109589
270;Opel;Corsa;2016-04-01;8490.0;Sehr guter Preis;66180.0;Schaltgetriebe;Benzin;5.0390046681919625;;101.0;0.128286491387126;;;;True;Autoscout24.de;8.758904109589041
271;Genesis;G80;2014-06-01;21950.0;Keine Information;122700.0;Automatik;Benzin;11.6;274.0;315.0;0.1788916055419722;20.532;3799.95;5071.04;False;Autoscout24.de;10.594520547945205
272;Fiat;Punto;2016-03-01;7300.0;Sehr guter Preis;31500.0;Schaltgetriebe;Benzin;5.430011767980901;;69.0;0.2317460317460317;;;;True;Autoscout24.de;8.843835616438357
273;BMW;X5;2014-03-01;24900.0;Guter Preis;165758.0;Automatik;Diesel;6.9;183.0;313.0;0.1502189939550429;11.385;2107.07;3386.86;True;Autoscout24.de;10.846575342465753
274;BMW;M4;2018-07-01;45900.0;Sehr guter Preis;73198.0;Automatik;Benzin;9.836576552430824;;450.0;0.6270663132872483;;;;True;Autoscout24.de;6.50958904109589
275;Peugeot;2008;2015-05-01;7790.0;Sehr guter Preis;120000.0;Schaltgetriebe;Diesel;4.0;123.0;92.0;0.0649166666666666;6.6;1221.49;2276.42;True;Autoscout24.de;9.67945205479452
276;Renault;Captur;2013-05-01;10899.0;Keine Information;64400.0;Automatik;Benzin;5.0;119.0;120.0;0.1692391304347826;8.85;1637.91;2202.39;True;Autoscout24.de;11.67945205479452
277;Mercedes-Benz;E 220;2017-07-01;22989.0;Keine Information;134750.0;Automatik;Diesel;4.2;;194.0;0.1706048237476808;6.93;1282.57;;True;Autoscout24.de;7.50958904109589
278;BMW;X1;2013-09-01;9990.0;Sehr guter Preis;209900.0;Automatik;Diesel;4.9;130.0;184.0;0.0475940924249642;8.085;1496.33;2405.97;True;Autoscout24.de;11.342465753424657
279;Skoda;Octavia;2013-06-01;6990.0;Guter Preis;232000.0;Schaltgetriebe;Diesel;6.4;173.0;140.0;0.0301293103448275;10.56;1954.39;3201.79;True;Autoscout24.de;11.594520547945205
280;Land Rover;Discovery Sport;2015-08-01;12980.0;Guter Preis;151000.0;Schaltgetriebe;Diesel;5.8;;150.0;0.0859602649006622;9.57;1771.16;;True;Autoscout24.de;9.427397260273972
281;BMW;X1;2015-12-01;14400.0;Guter Preis;162071.0;Automatik;Diesel;4.460627184914535;;190.0;0.0888499484793701;;;;True;Autoscout24.de;9.093150684931507
282;BMW;525;2013-03-01;9000.0;Guter Preis;222146.0;Automatik;Diesel;5.4;143.0;218.0;0.0405138962664193;8.91;1649.01;2646.57;True;Autoscout24.de;11.846575342465753
283;CUPRA;Formentor;2023-12-01;31980.0;Sehr guter Preis;4300.0;Automatik;Benzin;5.403534854481806;;150.0;7.437209302325582;;;;True;Autoscout24.de;1.0876712328767124
284;Audi;A7;2012-12-01;18900.0;Guter Preis;142915.0;Automatik;Diesel;5.9;156.0;245.0;0.1322464401917223;9.735;1801.7;2887.16;True;Autoscout24.de;12.093150684931507
285;Kia;Sorento;2015-11-01;15950.0;Sehr guter Preis;148873.0;Automatik;Diesel;6.7;177.0;200.0;0.1071382990871413;11.055;2046.0;3275.82;True;Autoscout24.de;9.175342465753424
286;Hyundai;i30;2015-03-01;9780.0;Sehr guter Preis;79000.0;Schaltgetriebe;Benzin;5.7;134.0;135.0;0.1237974683544303;10.089;1867.22;2480.0;True;Autoscout24.de;9.846575342465753
287;Ford;C-Max;2012-06-01;7990.0;Fairer Preis;98000.0;Schaltgetriebe;Diesel;4.872594489409182;;116.0;0.0815306122448979;;;;True;Autoscout24.de;12.594520547945205
288;Maserati;Levante;2016-10-01;25990.0;Sehr guter Preis;167000.0;Automatik;Diesel;8.3;220.0;275.0;0.15562874251497;13.695;2534.6;4071.64;True;Autoscout24.de;8.257534246575343
289;Audi;A4;2015-01-01;13890.0;Sehr guter Preis;146179.0;Automatik;Diesel;4.7;129.0;150.0;0.0950204885790708;7.755;1435.25;2387.46;True;Autoscout24.de;10.008219178082191
290;Opel;Corsa;2014-09-01;6990.0;Fairer Preis;107097.0;Schaltgetriebe;Benzin;5.579494333745822;;87.0;0.0652679346760413;;;;True;Autoscout24.de;10.342465753424657
291;Volkswagen;Golf;2011-12-01;7998.0;Fairer Preis;111816.0;Schaltgetriebe;Benzin;5.8;136.0;105.0;0.0715282249409744;10.266;1899.98;2517.01;True;Autoscout24.de;13.095890410958905
292;Dacia;Duster;2017-03-01;7990.0;Guter Preis;125000.0;Schaltgetriebe;Autogas (LPG);6.4;145.0;114.0;0.06392;1.4656000000000002;271.25;2683.58;True;Autoscout24.de;7.843835616438356
293;Audi;Q3;2014-04-01;11300.0;Guter Preis;217000.0;Schaltgetriebe;Diesel;5.2;138.0;140.0;0.052073732718894;8.58;1587.94;2554.03;True;Autoscout24.de;10.761643835616438
294;BMW;118;2013-12-01;9800.0;Fairer Preis;156850.0;Schaltgetriebe;Diesel;4.8;127.0;143.0;0.0624800765062161;7.919999999999999;1465.79;2350.45;True;Autoscout24.de;11.093150684931507
295;Land Rover;Range Rover Sport;2014-10-01;17990.0;Sehr guter Preis;170000.0;Automatik;Diesel;7.9;209.0;292.0;0.1058235294117647;13.035;2412.45;3868.06;True;Autoscout24.de;10.26027397260274
296;Audi;Q5;2015-05-01;14499.0;Sehr guter Preis;240371.0;Automatik;Diesel;6.3;167.0;258.0;0.0603192564826871;10.395;1923.85;3090.75;True;Autoscout24.de;9.67945205479452
297;Hyundai;iX35;2014-10-01;9990.0;Guter Preis;96500.0;Schaltgetriebe;Benzin;5.0462469277826925;;135.0;0.1035233160621761;;;;True;Autoscout24.de;10.26027397260274
298;Audi;A6;2012-01-01;9990.0;Sehr guter Preis;202500.0;Automatik;Diesel;5.2;136.0;204.0;0.0493333333333333;8.58;1587.94;2517.01;True;Autoscout24.de;13.01095890410959
299;Skoda;Kamiq;2019-12-01;11450.0;Sehr guter Preis;182100.0;Schaltgetriebe;Diesel;4.2;;116.0;0.0628775398132894;6.93;1282.57;;True;Autoscout24.de;5.090410958904109
300;Mercedes-Benz;CLS 350;2013-07-01;18498.0;Sehr guter Preis;150000.0;Automatik;Diesel;6.9;183.0;265.0;0.12332;11.385;2107.07;3386.86;True;Autoscout24.de;11.512328767123288
301;Volkswagen;Caddy;2012-04-01;9990.0;Sehr guter Preis;199900.0;Schaltgetriebe;Diesel;6.0;158.0;140.0;0.0499749874937468;9.9;1832.24;2924.18;True;Autoscout24.de;12.761643835616438
302;BMW;430;2018-01-01;28900.0;Sehr guter Preis;57431.0;Automatik;Benzin;6.7;;252.0;0.5032125507130295;11.859;2194.8;;True;Autoscout24.de;7.005479452054795
303;BMW;118;2017-02-01;11799.0;Sehr guter Preis;139056.0;Automatik;Benzin;5.1;119.0;136.0;0.0848507076285813;9.027;1670.67;2202.39;True;Autoscout24.de;7.920547945205479
304;Fiat;500;2020-02-01;8590.0;Sehr guter Preis;73000.0;Schaltgetriebe;Benzin;5.5;126.0;69.0;0.1176712328767123;9.735;1801.7;2331.94;True;Autoscout24.de;4.920547945205479
305;Volkswagen;Cross Touran;2011-07-01;15990.0;Fairer Preis;43515.0;Automatik;Benzin;7.1;164.0;140.0;0.3674594967252672;12.567;2325.83;3035.22;True;Autoscout24.de;13.515068493150684
306;Mercedes-Benz;B 200;2012-05-01;7790.0;Guter Preis;240000.0;Automatik;Diesel;4.4;117.0;136.0;0.0324583333333333;7.26;1343.64;2165.37;True;Autoscout24.de;12.67945205479452
307;Citroen;DS3;2015-01-01;6000.0;Sehr guter Preis;94800.0;Schaltgetriebe;Benzin;4.567131259301693;;82.0;0.0632911392405063;;;;True;Autoscout24.de;10.008219178082191
308;BMW;320;2018-10-01;20900.0;Fairer Preis;170000.0;Automatik;Diesel;4.3;112.0;190.0;0.1229411764705882;7.095;1313.1;2072.84;True;Autoscout24.de;6.257534246575342
309;Mercedes-Benz;S 400;;;Keine Information;;Keine Information;Keine Information;2.665457442475539;;;;;;;True;Autoscout24.de;
310;Skoda;Octavia;2021-02-01;9900.0;Sehr guter Preis;211222.0;Automatik;Erdgas (CNG);4.325991700880525;114.0;131.0;0.0468701176960733;;;2109.85;True;Autoscout24.de;3.9178082191780823
311;Mercedes-Benz;E 350;2017-11-01;18850.0;Sehr guter Preis;236830.0;Automatik;Diesel;5.3;140.0;258.0;0.0795929569733564;8.745;1618.48;2591.04;True;Autoscout24.de;7.1726027397260275
312;Audi;Q7;2017-03-01;24399.0;Fairer Preis;280671.0;Automatik;Diesel;6.2;163.0;272.0;0.0869309618735102;10.23;1893.31;3016.72;True;Autoscout24.de;7.843835616438356
313;Volkswagen;Polo;2013-10-01;5900.0;Fairer Preis;193205.0;Schaltgetriebe;Diesel;3.7;96.0;90.0;0.0305375119691519;6.105;1129.88;1776.72;True;Autoscout24.de;11.26027397260274
314;Mercedes-Benz;Vito;2015-01-01;22598.0;Sehr guter Preis;129050.0;Automatik;Diesel;5.929824858964154;;163.0;0.1751104223169314;;;;True;Autoscout24.de;10.008219178082191
315;Porsche;Boxster;2015-07-01;39990.0;Keine Information;40900.0;Schaltgetriebe;Benzin;8.4;;265.0;0.9777506112469436;14.868;2751.69;;True;Autoscout24.de;9.512328767123288
316;Mitsubishi;Space Star;2018-05-01;9990.0;Sehr guter Preis;70000.0;Automatik;Benzin;5.19079572164839;;80.0;0.1427142857142857;;;;True;Autoscout24.de;6.676712328767123
317;BMW;X3;2012-09-01;7899.0;Sehr guter Preis;221890.0;Schaltgetriebe;Diesel;5.6;149.0;184.0;0.0355987200865293;9.239999999999998;1710.09;2757.61;True;Autoscout24.de;12.342465753424657
318;Volkswagen;Golf;2015-06-01;10900.0;Sehr guter Preis;114310.0;Schaltgetriebe;Benzin;4.9;114.0;105.0;0.0953547371183623;8.673;1605.15;2109.85;True;Autoscout24.de;9.594520547945205
319;Mercedes-Benz;Vito;2016-08-01;22900.0;Sehr guter Preis;199900.0;Automatik;Diesel;5.8;;190.0;0.1145572786393196;9.57;1771.16;;True;Autoscout24.de;8.424657534246576
320;BMW;116;2012-10-01;12980.0;Fairer Preis;77991.0;Automatik;Benzin;5.6;;136.0;0.1664294598094652;9.912;1834.46;;True;Autoscout24.de;12.26027397260274
321;Volkswagen;Touran;2015-12-01;12780.0;Sehr guter Preis;131626.0;Schaltgetriebe;Diesel;4.33847851375543;;140.0;0.097093279443271;;;;True;Autoscout24.de;9.093150684931507
322;Renault;Kangoo;2016-10-01;4900.0;Guter Preis;214336.0;Schaltgetriebe;Diesel;4.3;114.0;90.0;0.0228613018811585;7.095;1313.1;2109.85;True;Autoscout24.de;8.257534246575343
323;Volkswagen;Touran;2016-03-01;14499.0;Erhöhter Preis;160522.0;Automatik;Diesel;4.2;109.0;110.0;0.090324067729034;6.93;1282.57;2017.31;True;Autoscout24.de;8.843835616438357
324;BMW;116;2012-03-01;8990.0;Fairer Preis;129800.0;Schaltgetriebe;Benzin;5.5;130.0;136.0;0.0692604006163328;9.735;1801.7;2405.97;True;Autoscout24.de;12.846575342465753
325;Mercedes-Benz;C 220;2018-02-01;17990.0;Sehr guter Preis;163244.0;Automatik;Diesel;4.7;124.0;170.0;0.1102031315086618;7.755;1435.25;2294.92;True;Autoscout24.de;6.920547945205479
326;SEAT;Mii;2014-12-01;7280.0;Guter Preis;15000.0;Schaltgetriebe;Benzin;4.605888879748125;;60.0;0.4853333333333333;;;;True;Autoscout24.de;10.093150684931507
327;Mazda;CX-5;2013-01-01;10999.0;Fairer Preis;139000.0;Schaltgetriebe;Benzin;7.13807632059532;;165.0;0.0791294964028777;;;;True;Autoscout24.de;12.008219178082191
328;Mercedes-Benz;C 400;2016-08-01;28420.0;Fairer Preis;134000.0;Automatik;Benzin;8.792006327547453;;333.0;0.2120895522388059;;;;True;Autoscout24.de;8.424657534246576
329;Renault;Megane;2011-05-01;4990.0;Guter Preis;156675.0;Schaltgetriebe;Diesel;4.7;125.0;106.0;0.0318493697143768;7.755;1435.25;2313.43;True;Autoscout24.de;13.682191780821919
330;BMW;Z4;2012-06-01;18590.0;Sehr guter Preis;135910.0;Schaltgetriebe;Benzin;6.8;161.0;245.0;0.1367816937679346;12.036;2227.56;2979.7;True;Autoscout24.de;12.594520547945205
331;Ford;Focus;2018-04-01;21990.0;Sehr guter Preis;177300.0;Schaltgetriebe;Benzin;7.7;175.0;349.0;0.1240270727580372;13.629;2522.38;3238.8;True;Autoscout24.de;6.758904109589041
332;Volkswagen;Crafter;2011-11-01;11900.0;Sehr guter Preis;131227.0;Schaltgetriebe;Diesel;8.2;216.0;109.0;0.0906825577053502;13.529999999999998;2504.06;3997.61;True;Autoscout24.de;13.178082191780822
333;Citroen;C3;2015-04-01;7799.0;Fairer Preis;102251.0;Automatik;Benzin;4.3;99.0;82.0;0.0762730926836901;7.611;1408.6;1832.24;True;Autoscout24.de;9.761643835616438
334;Skoda;Yeti;2014-05-01;12500.0;Sehr guter Preis;110950.0;Schaltgetriebe;Diesel;6.3;167.0;140.0;0.1126633618747183;10.395;1923.85;3090.75;True;Autoscout24.de;10.67945205479452
335;Renault;ZOE;;;Keine Information;;Keine Information;Keine Information;2.434694172992731;;;;;;;True;Autoscout24.de;
336;Citroen;C4 Cactus;2014-10-01;3990.0;Sehr guter Preis;178867.0;Schaltgetriebe;Benzin;4.6;109.0;82.0;0.0223070773256106;8.142;1506.88;2017.31;True;Autoscout24.de;10.26027397260274
337;Audi;A6;2013-07-01;11000.0;Keine Information;236420.0;Automatik;Diesel;6.4;;313.0;0.0465273665510532;10.56;1954.39;;True;Autoscout24.de;11.512328767123288
338;Audi;A4;2015-06-01;10990.0;Sehr guter Preis;197500.0;Schaltgetriebe;Diesel;4.7;125.0;190.0;0.0556455696202531;7.755;1435.25;2313.43;True;Autoscout24.de;9.594520547945205
339;Audi;A5;2012-05-01;9200.0;Sehr guter Preis;211000.0;Schaltgetriebe;Diesel;4.7;125.0;177.0;0.0436018957345971;7.755;1435.25;2313.43;True;Autoscout24.de;12.67945205479452
340;Volkswagen;CC;2014-04-01;11300.0;Sehr guter Preis;211521.0;Automatik;Diesel;5.2;149.0;177.0;0.0534225916102892;8.58;1587.94;2757.61;True;Autoscout24.de;10.761643835616438
341;Audi;A6;2012-01-01;9990.0;Sehr guter Preis;202500.0;Automatik;Diesel;5.2;136.0;204.0;0.0493333333333333;8.58;1587.94;2517.01;True;Autoscout24.de;13.01095890410959
342;Skoda;Octavia;2013-06-01;6990.0;Guter Preis;232000.0;Schaltgetriebe;Diesel;6.4;173.0;140.0;0.0301293103448275;10.56;1954.39;3201.79;True;Autoscout24.de;11.594520547945205
343;Opel;Corsa;2014-05-01;4997.0;Sehr guter Preis;107600.0;Schaltgetriebe;Benzin;5.7;135.0;101.0;0.0464405204460966;10.089;1867.22;2498.51;True;Autoscout24.de;10.67945205479452
344;Hyundai;TUCSON;2015-11-01;13100.0;Keine Information;91765.0;Automatik;Diesel;6.241790165397502;;185.0;0.1427559527052798;;;;True;Autoscout24.de;9.175342465753424
345;Opel;Zafira;2012-11-01;4690.0;Guter Preis;197086.0;Schaltgetriebe;Diesel;4.5;119.0;131.0;0.02379671818394;7.425;1374.18;2202.39;True;Autoscout24.de;12.175342465753424
346;MINI;Cooper;2012-01-01;4500.0;Sehr guter Preis;126792.0;Schaltgetriebe;Benzin;5.511229274762667;;122.0;0.0354911981828506;;;;True;Autoscout24.de;13.01095890410959
347;Opel;Astra;2013-09-01;6410.0;Sehr guter Preis;109800.0;Schaltgetriebe;Benzin;5.36988161201933;;140.0;0.0583788706739526;;;;True;Autoscout24.de;11.342465753424657
348;BMW;520;2014-05-01;11890.0;Sehr guter Preis;184702.0;Automatik;Diesel;5.4;143.0;184.0;0.0643739645482994;8.91;1649.01;2646.57;True;Autoscout24.de;10.67945205479452
349;Opel;Karl;2017-04-01;4990.0;Sehr guter Preis;117000.0;Schaltgetriebe;Benzin;4.579944143459457;;75.0;0.0426495726495726;;;;True;Autoscout24.de;7.758904109589041
350;BMW;X3;2012-12-01;9990.0;Fairer Preis;235000.0;Schaltgetriebe;Diesel;5.6;148.0;184.0;0.0425106382978723;9.239999999999998;1710.09;2739.1;True;Autoscout24.de;12.093150684931507
351;Fiat;Tipo;2016-06-01;6640.0;Sehr guter Preis;107600.0;Schaltgetriebe;Benzin;5.7;133.0;95.0;0.0617100371747211;10.089;1867.22;2461.49;True;Autoscout24.de;8.591780821917808
352;Audi;A1;2015-02-01;9989.0;Sehr guter Preis;117450.0;Schaltgetriebe;Benzin;4.7;;140.0;0.0850489570029799;8.319;1539.64;;True;Autoscout24.de;9.923287671232877
353;Volkswagen;Golf;2013-04-01;4950.0;Sehr guter Preis;222900.0;Schaltgetriebe;Diesel;4.5;119.0;105.0;0.022207267833109;7.425;1374.18;2202.39;True;Autoscout24.de;11.761643835616438
354;Audi;A6;2013-07-01;11000.0;Keine Information;236420.0;Automatik;Diesel;6.4;;313.0;0.0465273665510532;10.56;1954.39;;True;Autoscout24.de;11.512328767123288
355;Opel;Adam;2014-09-01;6390.0;Sehr guter Preis;93500.0;Schaltgetriebe;Benzin;5.306744353985228;;87.0;0.0683422459893048;;;;True;Autoscout24.de;10.342465753424657
356;Opel;Corsa;2015-01-01;5990.0;Sehr guter Preis;83011.0;Schaltgetriebe;Benzin;5.7;135.0;87.0;0.0721591114430617;10.089;1867.22;2498.51;True;Autoscout24.de;10.008219178082191
357;Mercedes-Benz;C 220;2014-10-01;13980.0;Fairer Preis;193751.0;Schaltgetriebe;Diesel;4.0;106.0;170.0;0.0721544662995287;6.6;1221.49;1961.79;True;Autoscout24.de;10.26027397260274
358;SEAT;Ibiza;2013-12-01;5980.0;Fairer Preis;167308.0;Schaltgetriebe;Diesel;4.3;112.0;105.0;0.0357424630023668;7.095;1313.1;2072.84;True;Autoscout24.de;11.093150684931507
359;Volkswagen;Tiguan;2013-11-01;13999.0;Guter Preis;156000.0;Automatik;Diesel;5.9;154.0;177.0;0.0897371794871794;9.735;1801.7;2850.15;True;Autoscout24.de;11.175342465753424
360;Mercedes-Benz;Vito;2013-07-01;8990.0;Fairer Preis;330000.0;Schaltgetriebe;Diesel;7.4;196.0;163.0;0.0272424242424242;12.21;2259.76;3627.46;True;Autoscout24.de;11.512328767123288
361;Volkswagen;up!;2018-09-01;4001.0;Sehr guter Preis;187000.0;Schaltgetriebe;Benzin;5.061954130495892;;68.0;0.0213957219251336;;;;True;Autoscout24.de;6.33972602739726
362;Audi;A6;2015-12-01;17440.0;Guter Preis;198000.0;Automatik;Diesel;5.681364413787807;;272.0;0.088080808080808;;;;True;Autoscout24.de;9.093150684931507
363;Audi;A3;2014-04-01;12790.0;Guter Preis;163877.0;Automatik;Benzin;5.0;116.0;122.0;0.0780463396327733;8.85;1637.91;2146.86;True;Autoscout24.de;10.761643835616438
364;Nissan;Qashqai;2013-12-01;6550.0;Sehr guter Preis;144478.0;Schaltgetriebe;Diesel;5.2;138.0;110.0;0.0453356220324201;8.58;1587.94;2554.03;True;Autoscout24.de;11.093150684931507
365;Ford;Focus;2015-05-01;8990.0;Sehr guter Preis;62598.0;Schaltgetriebe;Benzin;4.8;113.0;125.0;0.1436148119748234;8.496;1572.39;2091.34;True;Autoscout24.de;9.67945205479452
366;Ford;Fiesta;2013-03-01;4650.0;Guter Preis;177500.0;Schaltgetriebe;Benzin;4.6;109.0;80.0;0.0261971830985915;8.142;1506.88;2017.31;True;Autoscout24.de;11.846575342465753
367;Opel;Astra;2012-02-01;4800.0;Sehr guter Preis;158768.0;Schaltgetriebe;Benzin;5.9;138.0;140.0;0.0302327925022674;10.443;1932.73;2554.03;True;Autoscout24.de;12.926027397260274
368;BMW;520;2018-08-01;18850.0;Erhöhter Preis;237000.0;Schaltgetriebe;Diesel;4.2;109.0;190.0;0.0795358649789029;6.93;1282.57;2017.31;True;Autoscout24.de;6.424657534246576
369;Fiat;Scudo;2014-09-01;3800.0;Sehr guter Preis;206252.0;Schaltgetriebe;Diesel;4.759789645338802;;128.0;0.0184240637666543;;;;True;Autoscout24.de;10.342465753424657
370;BMW;X3;2013-05-01;12499.0;Erhöhter Preis;198500.0;Schaltgetriebe;Diesel;5.6;;184.0;0.0629672544080604;9.239999999999998;1710.09;;True;Autoscout24.de;11.67945205479452
371;Mercedes-Benz;CLA 180;2014-10-01;15950.0;Sehr guter Preis;114000.0;Automatik;Benzin;5.4;128.0;122.0;0.1399122807017543;9.558000000000002;1768.94;2368.95;True;Autoscout24.de;10.26027397260274
372;BMW;318;2014-12-01;8850.0;Guter Preis;265703.0;Automatik;Diesel;4.8;127.0;143.0;0.0333078663018483;7.919999999999999;1465.79;2350.45;True;Autoscout24.de;10.093150684931507
373;Audi;A4;2015-06-01;10990.0;Sehr guter Preis;197500.0;Schaltgetriebe;Diesel;4.7;125.0;190.0;0.0556455696202531;7.755;1435.25;2313.43;True;Autoscout24.de;9.594520547945205
374;Volkswagen;T6 Transporter;2016-03-01;29300.0;Sehr guter Preis;154950.0;Automatik;Diesel;6.6;172.0;204.0;0.1890932558889964;10.89;2015.46;3183.28;True;Autoscout24.de;8.843835616438357
375;Skoda;Octavia;2014-09-01;10699.0;Sehr guter Preis;163143.0;Automatik;Diesel;4.8;126.0;184.0;0.0655805029943056;7.919999999999999;1465.79;2331.94;True;Autoscout24.de;10.342465753424657
376;Volkswagen;Golf;2015-03-01;8900.0;Guter Preis;181971.0;Schaltgetriebe;Diesel;3.8;99.0;110.0;0.0489088920762099;6.27;1160.42;1832.24;True;Autoscout24.de;9.846575342465753
377;BMW;X1;2014-02-01;11990.0;Fairer Preis;164053.0;Schaltgetriebe;Diesel;4.426360137197851;;143.0;0.0730861367972545;;;;True;Autoscout24.de;10.923287671232877
378;Jeep;Renegade;2015-04-01;9990.0;Guter Preis;146776.0;Schaltgetriebe;Benzin;6.0;142.0;140.0;0.0680628985665231;10.62;1965.49;2628.06;True;Autoscout24.de;9.761643835616438
379;Mercedes-Benz;B 200;2013-09-01;10890.0;Sehr guter Preis;122000.0;Schaltgetriebe;Benzin;4.888824513660532;;156.0;0.0892622950819672;;;;True;Autoscout24.de;11.342465753424657
380;Ford;Mondeo;2014-12-01;8950.0;Fairer Preis;149000.0;Automatik;Benzin;6.6;154.0;160.0;0.0600671140939597;11.682;2162.04;2850.15;True;Autoscout24.de;10.093150684931507
381;Opel;Corsa;2014-10-01;2990.0;Keine Information;153200.0;Schaltgetriebe;Benzin;5.5;130.0;69.0;0.0195169712793733;9.735;1801.7;2405.97;True;Autoscout24.de;10.26027397260274
382;Mercedes-Benz;B 180;2014-02-01;9749.0;Guter Preis;157450.0;Automatik;Benzin;5.9;;122.0;0.0619180692283264;10.443;1932.73;;True;Autoscout24.de;10.923287671232877
383;Mercedes-Benz;Sprinter;2014-10-01;11500.0;Sehr guter Preis;260000.0;Schaltgetriebe;Diesel;8.0;212.0;163.0;0.0442307692307692;13.2;2442.98;3923.58;True;Autoscout24.de;10.26027397260274
384;Nissan;Qashqai;2015-05-01;11800.0;Sehr guter Preis;109000.0;Schaltgetriebe;Diesel;4.9;129.0;131.0;0.1082568807339449;8.085;1496.33;2387.46;True;Autoscout24.de;9.67945205479452
385;Opel;Insignia;2016-08-01;11299.0;Sehr guter Preis;128000.0;Automatik;Diesel;5.5;145.0;170.0;0.0882734375;9.075;1679.55;2683.58;True;Autoscout24.de;8.424657534246576
386;SEAT;Leon;2013-03-01;6880.0;Guter Preis;129000.0;Schaltgetriebe;Benzin;4.9;116.0;105.0;0.0533333333333333;8.673;1605.15;2146.86;True;Autoscout24.de;11.846575342465753
387;BMW;X3;2013-11-01;16500.0;Sehr guter Preis;174896.0;Automatik;Diesel;6.1;162.0;313.0;0.0943417802579818;10.065;1862.78;2998.21;True;Autoscout24.de;11.175342465753424
388;Ford;Focus;2013-10-01;4650.0;Fairer Preis;153544.0;Schaltgetriebe;Benzin;5.1;121.0;125.0;0.0302844787161986;9.027;1670.67;2239.4;True;Autoscout24.de;11.26027397260274
389;Volkswagen;Golf;2012-01-01;6599.0;Guter Preis;202673.0;Schaltgetriebe;Benzin;6.4;149.0;122.0;0.0325598377682276;11.328;2096.52;2757.61;True;Autoscout24.de;13.01095890410959
390;Volkswagen;Touran;2013-06-01;9890.0;Sehr guter Preis;78900.0;Automatik;Erdgas (CNG);4.649428305353401;;150.0;0.1253485424588086;;;;True;Autoscout24.de;11.594520547945205
391;Land Rover;Range Rover Evoque;2015-04-01;11950.0;Sehr guter Preis;187386.0;Schaltgetriebe;Diesel;5.7;151.0;150.0;0.063772106774252;9.405;1740.63;2794.63;True;Autoscout24.de;9.761643835616438
392;Audi;A5;2012-05-01;9200.0;Sehr guter Preis;211000.0;Schaltgetriebe;Diesel;4.7;125.0;177.0;0.0436018957345971;7.755;1435.25;2313.43;True;Autoscout24.de;12.67945205479452
393;Volkswagen;Tiguan;2015-01-01;11490.0;Guter Preis;162522.0;Schaltgetriebe;Diesel;5.3;139.0;110.0;0.0706981208697899;8.745;1618.48;2572.54;True;Autoscout24.de;10.008219178082191
394;Kia;Carens;2013-07-01;7200.0;Guter Preis;108590.0;Schaltgetriebe;Benzin;6.8;161.0;135.0;0.0663044479233815;12.036;2227.56;2979.7;True;Autoscout24.de;11.512328767123288
395;SEAT;Leon;2014-09-01;;Guter Preis;138388.0;Schaltgetriebe;Benzin;4.7;;150.0;;8.319;1539.64;;True;Autoscout24.de;10.342465753424657
396;Volkswagen;Touran;2015-11-01;11300.0;Sehr guter Preis;188220.0;Schaltgetriebe;Diesel;4.5;118.0;150.0;0.0600361279353947;7.425;1374.18;2183.88;True;Autoscout24.de;9.175342465753424
397;SEAT;Ibiza;2013-04-01;5999.0;Guter Preis;148000.0;Schaltgetriebe;Benzin;5.9;140.0;86.0;0.0405337837837837;10.443;1932.73;2591.04;True;Autoscout24.de;11.761643835616438
398;Land Rover;Discovery Sport;2015-08-01;12980.0;Guter Preis;151000.0;Schaltgetriebe;Diesel;5.8;;150.0;0.0859602649006622;9.57;1771.16;;True;Autoscout24.de;9.427397260273972
399;Mercedes-Benz;E 220;2015-03-01;15990.0;Guter Preis;193322.0;Automatik;Diesel;5.3;140.0;170.0;0.0827117451712686;8.745;1618.48;2591.04;True;Autoscout24.de;9.846575342465753
400;Ford;Transit Custom;2014-12-01;10988.0;Sehr guter Preis;138000.0;Schaltgetriebe;Diesel;3.9491133303627066;;101.0;0.0796231884057971;;;;True;Autoscout24.de;10.093150684931507
401;Opel;Cascada;2014-04-01;9900.0;Sehr guter Preis;127433.0;Automatik;Benzin;7.2;171.0;170.0;0.0776878830444233;12.744;2358.59;3164.77;True;Autoscout24.de;10.761643835616438
402;Volkswagen;Tiguan;2014-04-01;11900.0;Sehr guter Preis;149122.0;Schaltgetriebe;Diesel;6.0;157.0;140.0;0.0798004318611606;9.9;1832.24;2905.67;True;Autoscout24.de;10.761643835616438
403;Toyota;Aygo;2012-06-01;4910.0;Guter Preis;95117.0;Schaltgetriebe;Benzin;4.619173619863378;;68.0;0.0516206356382139;;;;True;Autoscout24.de;12.594520547945205
404;Dacia;Sandero;2014-11-01;5999.0;Sehr guter Preis;78000.0;Schaltgetriebe;Benzin;5.8;137.0;75.0;0.0769102564102564;10.266;1899.98;2535.52;True;Autoscout24.de;10.175342465753424
405;Mercedes-Benz;ML 350;2012-06-01;23790.0;Sehr guter Preis;131800.0;Automatik;Diesel;6.994743655033285;;258.0;0.1805007587253414;;;;True;Autoscout24.de;12.594520547945205
406;Nissan;Qashqai+2;2012-06-01;9990.0;Guter Preis;138500.0;Schaltgetriebe;Diesel;4.7;123.0;131.0;0.0721299638989169;7.755;1435.25;2276.42;True;Autoscout24.de;12.594520547945205
407;Audi;A4;2015-01-01;13890.0;Sehr guter Preis;146179.0;Automatik;Diesel;4.7;129.0;150.0;0.0950204885790708;7.755;1435.25;2387.46;True;Autoscout24.de;10.008219178082191
408;Peugeot;2008;2015-07-01;6993.0;Sehr guter Preis;106462.0;Schaltgetriebe;Benzin;5.196679913060531;;82.0;0.0656854088782852;;;;True;Autoscout24.de;9.512328767123288
409;Audi;Q5;2013-01-01;14990.0;Guter Preis;213172.0;Automatik;Diesel;6.4;170.0;245.0;0.0703188035952188;10.56;1954.39;3146.27;True;Autoscout24.de;12.008219178082191
410;Audi;Q5;2012-11-01;10990.0;Sehr guter Preis;339398.0;Automatik;Diesel;6.4;170.0;245.0;0.0323808625861083;10.56;1954.39;3146.27;True;Autoscout24.de;12.175342465753424
411;Volkswagen;CC;2014-04-01;11300.0;Sehr guter Preis;211521.0;Automatik;Diesel;5.2;149.0;177.0;0.0534225916102892;8.58;1587.94;2757.61;True;Autoscout24.de;10.761643835616438
412;BMW;320;2012-02-01;16490.0;Guter Preis;95958.0;Automatik;Diesel;4.5;119.0;184.0;0.1718460159653181;7.425;1374.18;2202.39;True;Autoscout24.de;12.926027397260274
413;Skoda;Superb;2013-09-01;9890.0;Guter Preis;210000.0;Automatik;Diesel;6.1;159.0;170.0;0.047095238095238;10.065;1862.78;2942.69;True;Autoscout24.de;11.342465753424657
414;Kia;Sorento;2015-11-01;15950.0;Sehr guter Preis;148873.0;Automatik;Diesel;6.7;177.0;200.0;0.1071382990871413;11.055;2046.0;3275.82;True;Autoscout24.de;9.175342465753424
415;Opel;Corsa;2016-04-01;8490.0;Sehr guter Preis;66180.0;Schaltgetriebe;Benzin;5.0390046681919625;;101.0;0.128286491387126;;;;True;Autoscout24.de;8.758904109589041
416;Ford;Focus;2019-03-01;7999.0;Sehr guter Preis;198900.0;Schaltgetriebe;Diesel;4.157267484895112;;120.0;0.0402161890397184;;;;True;Autoscout24.de;5.843835616438356
417;BMW;X1;2015-12-01;14400.0;Guter Preis;162071.0;Automatik;Diesel;4.460627184914535;;190.0;0.0888499484793701;;;;True;Autoscout24.de;9.093150684931507
418;Mazda;CX-5;2015-11-01;9990.0;Sehr guter Preis;178632.0;Automatik;Diesel;5.5;144.0;175.0;0.055925030229746;9.075;1679.55;2665.07;True;Autoscout24.de;9.175342465753424
419;Hyundai;iX35;2014-10-01;9990.0;Guter Preis;96500.0;Schaltgetriebe;Benzin;5.0462469277826925;;135.0;0.1035233160621761;;;;True;Autoscout24.de;10.26027397260274
420;Volkswagen;Golf;2015-09-01;9950.0;Guter Preis;249985.0;Automatik;Diesel;4.5;119.0;150.0;0.0398023881432886;7.425;1374.18;2202.39;True;Autoscout24.de;9.342465753424657
421;Fiat;Punto;2016-03-01;7300.0;Sehr guter Preis;31500.0;Schaltgetriebe;Benzin;5.430011767980901;;69.0;0.2317460317460317;;;;True;Autoscout24.de;8.843835616438357
422;Hyundai;i30;2015-03-01;9780.0;Sehr guter Preis;79000.0;Schaltgetriebe;Benzin;5.7;134.0;135.0;0.1237974683544303;10.089;1867.22;2480.0;True;Autoscout24.de;9.846575342465753
423;Mercedes-Benz;C 200;2012-05-01;12900.0;Guter Preis;107500.0;Schaltgetriebe;Diesel;6.1;160.0;136.0;0.12;10.065;1862.78;2961.19;True;Autoscout24.de;12.67945205479452
424;Peugeot;2008;2015-05-01;7790.0;Sehr guter Preis;120000.0;Schaltgetriebe;Diesel;4.0;123.0;92.0;0.0649166666666666;6.6;1221.49;2276.42;True;Autoscout24.de;9.67945205479452
425;smart;forFour;2015-07-01;8499.0;Sehr guter Preis;66765.0;Automatik;Benzin;5.0;96.0;71.0;0.1272972365760503;8.85;1637.91;1776.72;True;Autoscout24.de;9.512328767123288
426;Audi;Q5;2015-05-01;14499.0;Sehr guter Preis;240371.0;Automatik;Diesel;6.3;167.0;258.0;0.0603192564826871;10.395;1923.85;3090.75;True;Autoscout24.de;9.67945205479452
427;Mercedes-Benz;CLS 350;2013-07-01;18498.0;Sehr guter Preis;150000.0;Automatik;Diesel;6.9;183.0;265.0;0.12332;11.385;2107.07;3386.86;True;Autoscout24.de;11.512328767123288
428;Dacia;Logan;2017-07-01;6900.0;Guter Preis;157000.0;Automatik;Diesel;3.6;92.0;90.0;0.0439490445859872;5.94;1099.34;1702.69;True;Autoscout24.de;7.50958904109589
429;Volkswagen;Touran;2015-12-01;12780.0;Sehr guter Preis;131626.0;Schaltgetriebe;Diesel;4.33847851375543;;140.0;0.097093279443271;;;;True;Autoscout24.de;9.093150684931507
430;Audi;A6;2012-01-01;9990.0;Sehr guter Preis;202500.0;Automatik;Diesel;5.2;136.0;204.0;0.0493333333333333;8.58;1587.94;2517.01;True;Autoscout24.de;13.01095890410959
431;Maserati;Levante;2016-10-01;25990.0;Sehr guter Preis;167000.0;Automatik;Diesel;8.3;220.0;275.0;0.15562874251497;13.695;2534.6;4071.64;True;Autoscout24.de;8.257534246575343
432;Alfa Romeo;Giulia;2016-11-01;13890.0;Sehr guter Preis;174400.0;Automatik;Diesel;3.8;99.0;179.0;0.079644495412844;6.27;1160.42;1832.24;True;Autoscout24.de;8.172602739726027
433;Skoda;Kamiq;2019-12-01;11450.0;Sehr guter Preis;182100.0;Schaltgetriebe;Diesel;4.2;;116.0;0.0628775398132894;6.93;1282.57;;True;Autoscout24.de;5.090410958904109
434;Audi;A7;2012-12-01;18900.0;Guter Preis;142915.0;Automatik;Diesel;5.9;156.0;245.0;0.1322464401917223;9.735;1801.7;2887.16;True;Autoscout24.de;12.093150684931507
435;Genesis;G80;2014-06-01;21950.0;Keine Information;122700.0;Automatik;Benzin;11.6;274.0;315.0;0.1788916055419722;20.532;3799.95;5071.04;False;Autoscout24.de;10.594520547945205
436;BMW;750;2012-09-01;24999.0;Guter Preis;93840.0;Automatik;Diesel;6.4;169.0;381.0;0.2664002557544757;10.56;1954.39;3127.76;True;Autoscout24.de;12.342465753424657
437;BMW;X5;2014-03-01;24900.0;Guter Preis;165758.0;Automatik;Diesel;6.9;183.0;313.0;0.1502189939550429;11.385;2107.07;3386.86;True;Autoscout24.de;10.846575342465753
438;BMW;118;2017-02-01;11799.0;Sehr guter Preis;139056.0;Automatik;Benzin;5.1;119.0;136.0;0.0848507076285813;9.027;1670.67;2202.39;True;Autoscout24.de;7.920547945205479
439;Hyundai;i40;2014-01-01;7999.0;Guter Preis;180460.0;Automatik;Diesel;4.7;125.0;136.0;0.0443256123240607;7.755;1435.25;2313.43;True;Autoscout24.de;11.008219178082191
440;Audi;Q3;2014-04-01;11300.0;Guter Preis;217000.0;Schaltgetriebe;Diesel;5.2;138.0;140.0;0.052073732718894;8.58;1587.94;2554.03;True;Autoscout24.de;10.761643835616438
441;Dacia;Duster;2017-03-01;7990.0;Guter Preis;125000.0;Schaltgetriebe;Autogas (LPG);6.4;145.0;114.0;0.06392;1.4656000000000002;271.25;2683.58;True;Autoscout24.de;7.843835616438356
442;Hyundai;i10;2012-01-01;4790.0;Guter Preis;86609.0;Schaltgetriebe;Benzin;4.7;111.0;69.0;0.0553060305510974;8.319;1539.64;2054.33;True;Autoscout24.de;13.01095890410959
443;Ford;C-Max;2014-10-01;7850.0;Guter Preis;60334.0;Schaltgetriebe;Benzin;5.3197655860645625;;101.0;0.1301090595684025;;;;True;Autoscout24.de;10.26027397260274
444;Land Rover;Range Rover Sport;2014-10-01;17990.0;Sehr guter Preis;170000.0;Automatik;Diesel;7.9;209.0;292.0;0.1058235294117647;13.035;2412.45;3868.06;True;Autoscout24.de;10.26027397260274
445;Mercedes-Benz;E 350;2017-11-01;18850.0;Sehr guter Preis;236830.0;Automatik;Diesel;5.3;140.0;258.0;0.0795929569733564;8.745;1618.48;2591.04;True;Autoscout24.de;7.1726027397260275
446;Land Rover;Range Rover Evoque;2016-02-01;16900.0;Fairer Preis;152900.0;Schaltgetriebe;Diesel;4.8;125.0;179.0;0.1105297580117724;7.919999999999999;1465.79;2313.43;True;Autoscout24.de;8.923287671232877
447;Toyota;Aygo;2012-06-01;4910.0;Sehr guter Preis;86617.0;Schaltgetriebe;Benzin;4.623937989569682;;68.0;0.0566863317824445;;;;True;Autoscout24.de;12.594520547945205
448;Mercedes-Benz;E 220;2017-07-01;22989.0;Keine Information;134750.0;Automatik;Diesel;4.2;;194.0;0.1706048237476808;6.93;1282.57;;True;Autoscout24.de;7.50958904109589
449;Skoda;Octavia;2013-06-01;6990.0;Guter Preis;232000.0;Schaltgetriebe;Diesel;6.4;173.0;140.0;0.0301293103448275;10.56;1954.39;3201.79;True;Autoscout24.de;11.594520547945205
450;Mercedes-Benz;E 220;2017-07-01;22989.0;Keine Information;134750.0;Automatik;Diesel;4.2;;194.0;0.1706048237476808;6.93;1282.57;;True;Autoscout24.de;7.50958904109589
451;Citroen;DS3;2015-01-01;6000.0;Sehr guter Preis;94800.0;Schaltgetriebe;Benzin;4.567131259301693;;82.0;0.0632911392405063;;;;True;Autoscout24.de;10.008219178082191
452;Volkswagen;Golf Sportsvan;2015-03-01;12400.0;Sehr guter Preis;78850.0;Automatik;Diesel;3.9384917643122486;;110.0;0.1572606214331008;;;;True;Autoscout24.de;9.846575342465753
453;Mercedes-Benz;Vito;2016-08-01;22900.0;Sehr guter Preis;199900.0;Automatik;Diesel;5.8;;190.0;0.1145572786393196;9.57;1771.16;;True;Autoscout24.de;8.424657534246576
454;Mercedes-Benz;A 180;2015-05-01;15750.0;Guter Preis;78200.0;Automatik;Benzin;5.5;130.0;122.0;0.2014066496163682;9.735;1801.7;2405.97;True;Autoscout24.de;9.67945205479452
455;Volkswagen;Touran;2012-11-01;8490.0;Guter Preis;114923.0;Schaltgetriebe;Benzin;6.4;149.0;105.0;0.0738755514561924;11.328;2096.52;2757.61;True;Autoscout24.de;12.175342465753424
456;BMW;118;2013-12-01;9800.0;Fairer Preis;156850.0;Schaltgetriebe;Diesel;4.8;127.0;143.0;0.0624800765062161;7.919999999999999;1465.79;2350.45;True;Autoscout24.de;11.093150684931507
457;Volkswagen;Golf;2015-06-01;10900.0;Sehr guter Preis;114310.0;Schaltgetriebe;Benzin;4.9;114.0;105.0;0.0953547371183623;8.673;1605.15;2109.85;True;Autoscout24.de;9.594520547945205
458;Hyundai;IONIQ;;;Keine Information;;Keine Information;Keine Information;2.0099942332234297;;;;;;;True;Autoscout24.de;
459;Ford;Transit;2012-01-01;6990.0;Sehr guter Preis;131441.0;Schaltgetriebe;Diesel;7.2;191.0;125.0;0.0531797536537305;11.88;2198.69;3534.92;True;Autoscout24.de;13.01095890410959
460;CUPRA;Formentor;2023-12-01;31980.0;Sehr guter Preis;4300.0;Automatik;Benzin;5.403534854481806;;150.0;7.437209302325582;;;;True;Autoscout24.de;1.0876712328767124
461;Skoda;Yeti;2014-05-01;12500.0;Sehr guter Preis;110950.0;Schaltgetriebe;Diesel;6.3;167.0;140.0;0.1126633618747183;10.395;1923.85;3090.75;True;Autoscout24.de;10.67945205479452
462;Mercedes-Benz;B 180;2013-08-01;12980.0;Fairer Preis;46900.0;Schaltgetriebe;Benzin;5.9;137.0;122.0;0.2767590618336887;10.443;1932.73;2535.52;True;Autoscout24.de;11.427397260273972
463;Mazda;CX-5;2013-01-01;10999.0;Fairer Preis;139000.0;Schaltgetriebe;Benzin;7.13807632059532;;165.0;0.0791294964028777;;;;True;Autoscout24.de;12.008219178082191
464;Audi;A6;2013-04-01;16450.0;Fairer Preis;149661.0;Automatik;Benzin;6.6;156.0;179.0;0.109915074735569;11.682;2162.04;2887.16;True;Autoscout24.de;11.761643835616438
465;Porsche;Boxster;2015-07-01;39990.0;Keine Information;40900.0;Schaltgetriebe;Benzin;8.4;;265.0;0.9777506112469436;14.868;2751.69;;True;Autoscout24.de;9.512328767123288
466;Opel;Corsa;2014-09-01;6990.0;Fairer Preis;107097.0;Schaltgetriebe;Benzin;5.579494333745822;;87.0;0.0652679346760413;;;;True;Autoscout24.de;10.342465753424657
467;Volkswagen;Polo;2013-10-01;5900.0;Fairer Preis;193205.0;Schaltgetriebe;Diesel;3.7;96.0;90.0;0.0305375119691519;6.105;1129.88;1776.72;True;Autoscout24.de;11.26027397260274
468;Hyundai;TUCSON;2015-11-01;13100.0;Keine Information;91765.0;Automatik;Diesel;6.241790165397502;;185.0;0.1427559527052798;;;;True;Autoscout24.de;9.175342465753424
469;BMW;420;2016-08-01;19800.0;Sehr guter Preis;123480.0;Automatik;Diesel;4.4;116.0;190.0;0.1603498542274052;7.26;1343.64;2146.86;True;Autoscout24.de;8.424657534246576
470;Skoda;Superb;2015-09-01;13240.0;Sehr guter Preis;124500.0;Automatik;Diesel;5.2;138.0;170.0;0.1063453815261044;8.58;1587.94;2554.03;True;Autoscout24.de;9.342465753424657
471;Volkswagen;Touran;2016-03-01;14499.0;Erhöhter Preis;160522.0;Automatik;Diesel;4.2;109.0;110.0;0.090324067729034;6.93;1282.57;2017.31;True;Autoscout24.de;8.843835616438357
472;BMW;320;2018-10-01;20900.0;Fairer Preis;170000.0;Automatik;Diesel;4.3;112.0;190.0;0.1229411764705882;7.095;1313.1;2072.84;True;Autoscout24.de;6.257534246575342
473;Mercedes-Benz;E 220;2014-01-01;18990.0;Guter Preis;124600.0;Automatik;Diesel;4.4;117.0;170.0;0.1524077046548956;7.26;1343.64;2165.37;True;Autoscout24.de;11.008219178082191
474;Citroen;C4 Picasso;2013-11-01;5990.0;Guter Preis;165000.0;Schaltgetriebe;Diesel;4.0;106.0;116.0;0.0363030303030303;6.6;1221.49;1961.79;True;Autoscout24.de;11.175342465753424
475;BMW;525;2013-03-01;9000.0;Guter Preis;222146.0;Automatik;Diesel;5.4;143.0;218.0;0.0405138962664193;8.91;1649.01;2646.57;True;Autoscout24.de;11.846575342465753
476;Volkswagen;Caddy;2012-04-01;9990.0;Sehr guter Preis;199900.0;Schaltgetriebe;Diesel;6.0;158.0;140.0;0.0499749874937468;9.9;1832.24;2924.18;True;Autoscout24.de;12.761643835616438
477;Opel;Mokka;2017-01-01;9880.0;Sehr guter Preis;115613.0;Schaltgetriebe;Benzin;6.0;142.0;140.0;0.0854575177531938;10.62;1965.49;2628.06;True;Autoscout24.de;8.005479452054795
478;Ford;C-Max;2012-06-01;7990.0;Fairer Preis;98000.0;Schaltgetriebe;Diesel;4.872594489409182;;116.0;0.0815306122448979;;;;True;Autoscout24.de;12.594520547945205
479;Mercedes-Benz;Vito;2015-01-01;22598.0;Sehr guter Preis;129050.0;Automatik;Diesel;5.929824858964154;;163.0;0.1751104223169314;;;;True;Autoscout24.de;10.008219178082191
480;Audi;Q5;2016-01-01;19999.0;Sehr guter Preis;90000.0;Automatik;Diesel;5.7;151.0;163.0;0.2222111111111111;9.405;1740.63;2794.63;True;Autoscout24.de;9.008219178082191
481;Fiat;500;2020-02-01;8590.0;Sehr guter Preis;73000.0;Schaltgetriebe;Benzin;5.5;126.0;69.0;0.1176712328767123;9.735;1801.7;2331.94;True;Autoscout24.de;4.920547945205479
482;Skoda;Fabia;2019-02-01;9900.0;Sehr guter Preis;51143.0;Schaltgetriebe;Benzin;4.8;129.0;75.0;0.1935748782824629;8.496;1572.39;2387.46;True;Autoscout24.de;5.920547945205479
483;BMW;116;2012-10-01;12980.0;Fairer Preis;77991.0;Automatik;Benzin;5.6;;136.0;0.1664294598094652;9.912;1834.46;;True;Autoscout24.de;12.26027397260274
484;Mercedes-Benz;C 400;2016-08-01;28420.0;Fairer Preis;134000.0;Automatik;Benzin;8.792006327547453;;333.0;0.2120895522388059;;;;True;Autoscout24.de;8.424657534246576
485;BMW;430;2018-01-01;28900.0;Sehr guter Preis;57431.0;Automatik;Benzin;6.7;;252.0;0.5032125507130295;11.859;2194.8;;True;Autoscout24.de;7.005479452054795
486;Mitsubishi;Space Star;2018-05-01;9990.0;Sehr guter Preis;70000.0;Automatik;Benzin;5.19079572164839;;80.0;0.1427142857142857;;;;True;Autoscout24.de;6.676712328767123
487;Opel;Corsa;2014-05-01;4997.0;Sehr guter Preis;107600.0;Schaltgetriebe;Benzin;5.7;135.0;101.0;0.0464405204460966;10.089;1867.22;2498.51;True;Autoscout24.de;10.67945205479452
488;Skoda;Citigo;2015-11-01;6990.0;Sehr guter Preis;89413.0;Schaltgetriebe;Benzin;4.711088718376183;;75.0;0.0781765515081699;;;;True;Autoscout24.de;9.175342465753424
489;Audi;A4;2015-07-01;13990.0;Guter Preis;133797.0;Automatik;Benzin;6.2;144.0;170.0;0.1045613877740158;10.974;2031.01;2665.07;True;Autoscout24.de;9.512328767123288
490;Audi;A1;2019-05-01;16950.0;Sehr guter Preis;86000.0;Automatik;Benzin;4.9;111.0;116.0;0.1970930232558139;8.673;1605.15;2054.33;True;Autoscout24.de;5.676712328767123
491;Audi;Q7;2017-03-01;24399.0;Fairer Preis;280671.0;Automatik;Diesel;6.2;163.0;272.0;0.0869309618735102;10.23;1893.31;3016.72;True;Autoscout24.de;7.843835616438356
492;Opel;Insignia;2017-01-01;14980.0;Sehr guter Preis;127600.0;Automatik;Benzin;11.0;253.0;325.0;0.117398119122257;19.47;3603.4;4682.39;False;Autoscout24.de;8.005479452054795
493;Volkswagen;Polo;2017-12-01;9800.0;Keine Information;100400.0;Schaltgetriebe;Benzin;4.524171270089573;;65.0;0.097609561752988;;;;True;Autoscout24.de;7.090410958904109
494;BMW;320;2013-09-01;16890.0;Fairer Preis;109000.0;Automatik;Diesel;4.7;125.0;184.0;0.1549541284403669;7.755;1435.25;2313.43;True;Autoscout24.de;11.342465753424657
495;Mercedes-Benz;C 220;2018-02-01;17990.0;Sehr guter Preis;163244.0;Automatik;Diesel;4.7;124.0;170.0;0.1102031315086618;7.755;1435.25;2294.92;True;Autoscout24.de;6.920547945205479
496;Fiat;500L;2014-06-01;7980.0;Sehr guter Preis;46791.0;Schaltgetriebe;Benzin;6.2;;95.0;0.1705456177470026;10.974;2031.01;;True;Autoscout24.de;10.594520547945205
497;Mercedes-Benz;B 200;2012-05-01;7790.0;Guter Preis;240000.0;Automatik;Diesel;4.4;117.0;136.0;0.0324583333333333;7.26;1343.64;2165.37;True;Autoscout24.de;12.67945205479452
498;Ford;Focus;2018-01-01;9490.0;Sehr guter Preis;134000.0;Schaltgetriebe;Diesel;3.8;101.0;120.0;0.070820895522388;6.27;1160.42;1869.25;True;Autoscout24.de;7.005479452054795
499;Audi;A5;2016-04-01;18990.0;Fairer Preis;178609.0;Automatik;Diesel;4.3895345830578805;170.0;218.0;0.1063216299290629;;;3146.27;True;Autoscout24.de;8.758904109589041
500;Ford;Mondeo;2013-06-01;9990.0;Fairer Preis;127075.0;Schaltgetriebe;Diesel;5.9;156.0;140.0;0.0786149911469604;9.735;1801.7;2887.16;True;Autoscout24.de;11.594520547945205
501;Renault;Megane;2015-07-01;9900.0;Guter Preis;138000.0;Schaltgetriebe;Diesel;5.6;148.0;163.0;0.0717391304347826;9.239999999999998;1710.09;2739.1;True;Autoscout24.de;9.512328767123288
502;BMW;Z4;2012-06-01;18590.0;Sehr guter Preis;135910.0;Schaltgetriebe;Benzin;6.8;161.0;245.0;0.1367816937679346;12.036;2227.56;2979.7;True;Autoscout24.de;12.594520547945205
503;Citroen;C3;2015-04-01;7799.0;Fairer Preis;102251.0;Automatik;Benzin;4.3;99.0;82.0;0.0762730926836901;7.611;1408.6;1832.24;True;Autoscout24.de;9.761643835616438
504;SEAT;Mii;2014-12-01;7280.0;Guter Preis;15000.0;Schaltgetriebe;Benzin;4.605888879748125;;60.0;0.4853333333333333;;;;True;Autoscout24.de;10.093150684931507
505;Volkswagen;Amarok;2015-12-01;18780.0;Keine Information;182900.0;Automatik;Diesel;4.414340617968143;;179.0;0.1026790595954073;;;;True;Autoscout24.de;9.093150684931507
506;Citroen;C4 Cactus;2014-10-01;3990.0;Sehr guter Preis;178867.0;Schaltgetriebe;Benzin;4.6;109.0;82.0;0.0223070773256106;8.142;1506.88;2017.31;True;Autoscout24.de;10.26027397260274
507;Audi;A6;2013-07-01;11000.0;Keine Information;236420.0;Automatik;Diesel;6.4;;313.0;0.0465273665510532;10.56;1954.39;;True;Autoscout24.de;11.512328767123288
508;Audi;A4;2015-06-01;10990.0;Sehr guter Preis;197500.0;Schaltgetriebe;Diesel;4.7;125.0;190.0;0.0556455696202531;7.755;1435.25;2313.43;True;Autoscout24.de;9.594520547945205
509;Hyundai;TUCSON;2015-11-01;13100.0;Keine Information;91765.0;Automatik;Diesel;6.241790165397502;;185.0;0.1427559527052798;;;;True;Autoscout24.de;9.175342465753424
510;Volkswagen;CC;2014-04-01;11300.0;Sehr guter Preis;211521.0;Automatik;Diesel;5.2;149.0;177.0;0.0534225916102892;8.58;1587.94;2757.61;True;Autoscout24.de;10.761643835616438
511;Skoda;Octavia;2013-06-01;6990.0;Guter Preis;232000.0;Schaltgetriebe;Diesel;6.4;173.0;140.0;0.0301293103448275;10.56;1954.39;3201.79;True;Autoscout24.de;11.594520547945205
512;Opel;Corsa;2014-05-01;4997.0;Sehr guter Preis;107600.0;Schaltgetriebe;Benzin;5.7;135.0;101.0;0.0464405204460966;10.089;1867.22;2498.51;True;Autoscout24.de;10.67945205479452
513;Mercedes-Benz;C 220;2014-10-01;13980.0;Fairer Preis;193751.0;Schaltgetriebe;Diesel;4.0;106.0;170.0;0.0721544662995287;6.6;1221.49;1961.79;True;Autoscout24.de;10.26027397260274
514;Opel;Astra;2013-09-01;6410.0;Sehr guter Preis;109800.0;Schaltgetriebe;Benzin;5.36988161201933;;140.0;0.0583788706739526;;;;True;Autoscout24.de;11.342465753424657
515;Opel;Karl;2017-04-01;4990.0;Sehr guter Preis;117000.0;Schaltgetriebe;Benzin;4.579944143459457;;75.0;0.0426495726495726;;;;True;Autoscout24.de;7.758904109589041
516;Fiat;Tipo;2016-06-01;6640.0;Sehr guter Preis;107600.0;Schaltgetriebe;Benzin;5.7;133.0;95.0;0.0617100371747211;10.089;1867.22;2461.49;True;Autoscout24.de;8.591780821917808
517;BMW;520;2014-05-01;11890.0;Sehr guter Preis;184702.0;Automatik;Diesel;5.4;143.0;184.0;0.0643739645482994;8.91;1649.01;2646.57;True;Autoscout24.de;10.67945205479452
518;Opel;Adam;2014-09-01;6390.0;Sehr guter Preis;93500.0;Schaltgetriebe;Benzin;5.306744353985228;;87.0;0.0683422459893048;;;;True;Autoscout24.de;10.342465753424657
519;Audi;A6;2015-12-01;17440.0;Guter Preis;198000.0;Automatik;Diesel;5.681364413787807;;272.0;0.088080808080808;;;;True;Autoscout24.de;9.093150684931507
520;Volkswagen;Golf;2013-04-01;4950.0;Sehr guter Preis;222900.0;Schaltgetriebe;Diesel;4.5;119.0;105.0;0.022207267833109;7.425;1374.18;2202.39;True;Autoscout24.de;11.761643835616438
521;Volkswagen;Tiguan;2013-11-01;13999.0;Guter Preis;156000.0;Automatik;Diesel;5.9;154.0;177.0;0.0897371794871794;9.735;1801.7;2850.15;True;Autoscout24.de;11.175342465753424
522;Opel;Corsa;2015-01-01;5990.0;Sehr guter Preis;83011.0;Schaltgetriebe;Benzin;5.7;135.0;87.0;0.0721591114430617;10.089;1867.22;2498.51;True;Autoscout24.de;10.008219178082191
523;SEAT;Ibiza;2013-12-01;5980.0;Fairer Preis;167308.0;Schaltgetriebe;Diesel;4.3;112.0;105.0;0.0357424630023668;7.095;1313.1;2072.84;True;Autoscout24.de;11.093150684931507
524;Audi;A6;2013-07-01;11000.0;Keine Information;236420.0;Automatik;Diesel;6.4;;313.0;0.0465273665510532;10.56;1954.39;;True;Autoscout24.de;11.512328767123288
525;Opel;Insignia;2016-08-01;11299.0;Sehr guter Preis;128000.0;Automatik;Diesel;5.5;145.0;170.0;0.0882734375;9.075;1679.55;2683.58;True;Autoscout24.de;8.424657534246576
526;Mercedes-Benz;CLA 180;2014-10-01;15950.0;Sehr guter Preis;114000.0;Automatik;Benzin;5.4;128.0;122.0;0.1399122807017543;9.558000000000002;1768.94;2368.95;True;Autoscout24.de;10.26027397260274
527;Volkswagen;up!;2018-09-01;4001.0;Sehr guter Preis;187000.0;Schaltgetriebe;Benzin;5.061954130495892;;68.0;0.0213957219251336;;;;True;Autoscout24.de;6.33972602739726
528;Ford;Focus;2015-05-01;8990.0;Sehr guter Preis;62598.0;Schaltgetriebe;Benzin;4.8;113.0;125.0;0.1436148119748234;8.496;1572.39;2091.34;True;Autoscout24.de;9.67945205479452
529;Mercedes-Benz;Vito;2013-07-01;8990.0;Fairer Preis;330000.0;Schaltgetriebe;Diesel;7.4;196.0;163.0;0.0272424242424242;12.21;2259.76;3627.46;True;Autoscout24.de;11.512328767123288
530;Audi;A3;2014-04-01;12790.0;Guter Preis;163877.0;Automatik;Benzin;5.0;116.0;122.0;0.0780463396327733;8.85;1637.91;2146.86;True;Autoscout24.de;10.761643835616438
531;Volkswagen;T6 Transporter;2016-03-01;29300.0;Sehr guter Preis;154950.0;Automatik;Diesel;6.6;172.0;204.0;0.1890932558889964;10.89;2015.46;3183.28;True;Autoscout24.de;8.843835616438357
532;Ford;Mondeo;2014-12-01;8950.0;Fairer Preis;149000.0;Automatik;Benzin;6.6;154.0;160.0;0.0600671140939597;11.682;2162.04;2850.15;True;Autoscout24.de;10.093150684931507
533;Nissan;Qashqai;2015-05-01;11800.0;Sehr guter Preis;109000.0;Schaltgetriebe;Diesel;4.9;129.0;131.0;0.1082568807339449;8.085;1496.33;2387.46;True;Autoscout24.de;9.67945205479452
534;Nissan;Qashqai;2013-12-01;6550.0;Sehr guter Preis;144478.0;Schaltgetriebe;Diesel;5.2;138.0;110.0;0.0453356220324201;8.58;1587.94;2554.03;True;Autoscout24.de;11.093150684931507
535;BMW;X3;2013-05-01;12499.0;Erhöhter Preis;198500.0;Schaltgetriebe;Diesel;5.6;;184.0;0.0629672544080604;9.239999999999998;1710.09;;True;Autoscout24.de;11.67945205479452
536;BMW;318;2014-12-01;8850.0;Guter Preis;265703.0;Automatik;Diesel;4.8;127.0;143.0;0.0333078663018483;7.919999999999999;1465.79;2350.45;True;Autoscout24.de;10.093150684931507
537;Ford;Fiesta;2013-03-01;4650.0;Guter Preis;177500.0;Schaltgetriebe;Benzin;4.6;109.0;80.0;0.0261971830985915;8.142;1506.88;2017.31;True;Autoscout24.de;11.846575342465753
538;Fiat;Scudo;2014-09-01;3800.0;Sehr guter Preis;206252.0;Schaltgetriebe;Diesel;4.759789645338802;;128.0;0.0184240637666543;;;;True;Autoscout24.de;10.342465753424657
539;Volkswagen;Tiguan;2015-01-01;11490.0;Guter Preis;162522.0;Schaltgetriebe;Diesel;5.3;139.0;110.0;0.0706981208697899;8.745;1618.48;2572.54;True;Autoscout24.de;10.008219178082191
540;Volkswagen;Golf;2015-03-01;8900.0;Guter Preis;181971.0;Schaltgetriebe;Diesel;3.8;99.0;110.0;0.0489088920762099;6.27;1160.42;1832.24;True;Autoscout24.de;9.846575342465753
541;Mercedes-Benz;E 220;2015-03-01;15990.0;Guter Preis;193322.0;Automatik;Diesel;5.3;140.0;170.0;0.0827117451712686;8.745;1618.48;2591.04;True;Autoscout24.de;9.846575342465753
542;Subaru;OUTBACK;2018-04-01;14888.0;Fairer Preis;196485.0;Automatik;Benzin;7.0;161.0;175.0;0.0757716874061633;12.39;2293.07;2979.7;True;Autoscout24.de;6.758904109589041
543;Audi;A4;2015-06-01;10990.0;Sehr guter Preis;197500.0;Schaltgetriebe;Diesel;4.7;125.0;190.0;0.0556455696202531;7.755;1435.25;2313.43;True;Autoscout24.de;9.594520547945205
544;BMW;X1;2014-02-01;11990.0;Fairer Preis;164053.0;Schaltgetriebe;Diesel;4.426360137197851;;143.0;0.0730861367972545;;;;True;Autoscout24.de;10.923287671232877
545;Land Rover;Range Rover Evoque;2015-04-01;11950.0;Sehr guter Preis;187386.0;Schaltgetriebe;Diesel;5.7;151.0;150.0;0.063772106774252;9.405;1740.63;2794.63;True;Autoscout24.de;9.761643835616438
546;SEAT;Leon;2014-09-01;;Guter Preis;138388.0;Schaltgetriebe;Benzin;4.7;;150.0;;8.319;1539.64;;True;Autoscout24.de;10.342465753424657
547;Jeep;Renegade;2015-04-01;9990.0;Guter Preis;146776.0;Schaltgetriebe;Benzin;6.0;142.0;140.0;0.0680628985665231;10.62;1965.49;2628.06;True;Autoscout24.de;9.761643835616438
548;BMW;X1;2015-12-01;14400.0;Guter Preis;162071.0;Automatik;Diesel;4.460627184914535;;190.0;0.0888499484793701;;;;True;Autoscout24.de;9.093150684931507
549;Land Rover;Discovery Sport;2015-08-01;12980.0;Guter Preis;151000.0;Schaltgetriebe;Diesel;5.8;;150.0;0.0859602649006622;9.57;1771.16;;True;Autoscout24.de;9.427397260273972
550;Mercedes-Benz;B 200;2013-09-01;10890.0;Sehr guter Preis;122000.0;Schaltgetriebe;Benzin;4.888824513660532;;156.0;0.0892622950819672;;;;True;Autoscout24.de;11.342465753424657
551;Skoda;Octavia;2014-09-01;10699.0;Sehr guter Preis;163143.0;Automatik;Diesel;4.8;126.0;184.0;0.0655805029943056;7.919999999999999;1465.79;2331.94;True;Autoscout24.de;10.342465753424657
552;Ford;Transit Custom;2014-12-01;10988.0;Sehr guter Preis;138000.0;Schaltgetriebe;Diesel;3.9491133303627066;;101.0;0.0796231884057971;;;;True;Autoscout24.de;10.093150684931507
553;Volkswagen;Touran;2015-11-01;11300.0;Sehr guter Preis;188220.0;Schaltgetriebe;Diesel;4.5;118.0;150.0;0.0600361279353947;7.425;1374.18;2183.88;True;Autoscout24.de;9.175342465753424
554;Mercedes-Benz;Sprinter;2014-10-01;11500.0;Sehr guter Preis;260000.0;Schaltgetriebe;Diesel;8.0;212.0;163.0;0.0442307692307692;13.2;2442.98;3923.58;True;Autoscout24.de;10.26027397260274
555;Mercedes-Benz;B 180;2014-02-01;9749.0;Guter Preis;157450.0;Automatik;Benzin;5.9;;122.0;0.0619180692283264;10.443;1932.73;;True;Autoscout24.de;10.923287671232877
556;Audi;Q5;2015-05-01;14499.0;Sehr guter Preis;240371.0;Automatik;Diesel;6.3;167.0;258.0;0.0603192564826871;10.395;1923.85;3090.75;True;Autoscout24.de;9.67945205479452
557;BMW;X3;2013-11-01;16500.0;Sehr guter Preis;174896.0;Automatik;Diesel;6.1;162.0;313.0;0.0943417802579818;10.065;1862.78;2998.21;True;Autoscout24.de;11.175342465753424
558;Opel;Corsa;2014-10-01;2990.0;Keine Information;153200.0;Schaltgetriebe;Benzin;5.5;130.0;69.0;0.0195169712793733;9.735;1801.7;2405.97;True;Autoscout24.de;10.26027397260274
559;Opel;Cascada;2014-04-01;9900.0;Sehr guter Preis;127433.0;Automatik;Benzin;7.2;171.0;170.0;0.0776878830444233;12.744;2358.59;3164.77;True;Autoscout24.de;10.761643835616438
560;Volkswagen;Touran;2013-06-01;9890.0;Sehr guter Preis;78900.0;Automatik;Erdgas (CNG);4.649428305353401;;150.0;0.1253485424588086;;;;True;Autoscout24.de;11.594520547945205
561;Opel;Corsa;2016-04-01;8490.0;Sehr guter Preis;66180.0;Schaltgetriebe;Benzin;5.0390046681919625;;101.0;0.128286491387126;;;;True;Autoscout24.de;8.758904109589041
562;Hyundai;TUCSON;2015-11-01;13100.0;Keine Information;91765.0;Automatik;Diesel;6.241790165397502;;185.0;0.1427559527052798;;;;True;Autoscout24.de;9.175342465753424
563;SEAT;Leon;2013-03-01;6880.0;Guter Preis;129000.0;Schaltgetriebe;Benzin;4.9;116.0;105.0;0.0533333333333333;8.673;1605.15;2146.86;True;Autoscout24.de;11.846575342465753
564;Volkswagen;Tiguan;2014-04-01;11900.0;Sehr guter Preis;149122.0;Schaltgetriebe;Diesel;6.0;157.0;140.0;0.0798004318611606;9.9;1832.24;2905.67;True;Autoscout24.de;10.761643835616438
565;Ford;Focus;2013-10-01;4650.0;Fairer Preis;153544.0;Schaltgetriebe;Benzin;5.1;121.0;125.0;0.0302844787161986;9.027;1670.67;2239.4;True;Autoscout24.de;11.26027397260274
566;Audi;A4;2015-01-01;13890.0;Sehr guter Preis;146179.0;Automatik;Diesel;4.7;129.0;150.0;0.0950204885790708;7.755;1435.25;2387.46;True;Autoscout24.de;10.008219178082191
567;Hyundai;i30;2015-03-01;9780.0;Sehr guter Preis;79000.0;Schaltgetriebe;Benzin;5.7;134.0;135.0;0.1237974683544303;10.089;1867.22;2480.0;True;Autoscout24.de;9.846575342465753
568;Kia;Carens;2013-07-01;7200.0;Guter Preis;108590.0;Schaltgetriebe;Benzin;6.8;161.0;135.0;0.0663044479233815;12.036;2227.56;2979.7;True;Autoscout24.de;11.512328767123288
569;Kia;Sorento;2015-11-01;15950.0;Sehr guter Preis;148873.0;Automatik;Diesel;6.7;177.0;200.0;0.1071382990871413;11.055;2046.0;3275.82;True;Autoscout24.de;9.175342465753424
570;Ford;Focus;2019-03-01;7999.0;Sehr guter Preis;198900.0;Schaltgetriebe;Diesel;4.157267484895112;;120.0;0.0402161890397184;;;;True;Autoscout24.de;5.843835616438356
571;Mazda;CX-5;2015-11-01;9990.0;Sehr guter Preis;178632.0;Automatik;Diesel;5.5;144.0;175.0;0.055925030229746;9.075;1679.55;2665.07;True;Autoscout24.de;9.175342465753424
572;Volkswagen;Touran;2015-12-01;12780.0;Sehr guter Preis;131626.0;Schaltgetriebe;Diesel;4.33847851375543;;140.0;0.097093279443271;;;;True;Autoscout24.de;9.093150684931507
573;Alfa Romeo;Giulia;2016-11-01;13890.0;Sehr guter Preis;174400.0;Automatik;Diesel;3.8;99.0;179.0;0.079644495412844;6.27;1160.42;1832.24;True;Autoscout24.de;8.172602739726027
574;Hyundai;IONIQ;;;Keine Information;;Keine Information;Keine Information;2.0099942332234297;;;;;;;True;Autoscout24.de;
575;Hyundai;iX35;2014-10-01;9990.0;Guter Preis;96500.0;Schaltgetriebe;Benzin;5.0462469277826925;;135.0;0.1035233160621761;;;;True;Autoscout24.de;10.26027397260274
576;Nissan;Micra;2014-04-01;5990.0;Sehr guter Preis;57700.0;Schaltgetriebe;Benzin;5.120388733631324;;80.0;0.1038128249566724;;;;True;Autoscout24.de;10.761643835616438
577;Volkswagen;Golf;2015-09-01;9950.0;Guter Preis;249985.0;Automatik;Diesel;4.5;119.0;150.0;0.0398023881432886;7.425;1374.18;2202.39;True;Autoscout24.de;9.342465753424657
578;Maserati;Levante;2016-10-01;25990.0;Sehr guter Preis;167000.0;Automatik;Diesel;8.3;220.0;275.0;0.15562874251497;13.695;2534.6;4071.64;True;Autoscout24.de;8.257534246575343
579;Mercedes-Benz;E 220;2017-07-01;22989.0;Keine Information;134750.0;Automatik;Diesel;4.2;;194.0;0.1706048237476808;6.93;1282.57;;True;Autoscout24.de;7.50958904109589
580;Mercedes-Benz;A 180;2015-05-01;15750.0;Guter Preis;78200.0;Automatik;Benzin;5.5;130.0;122.0;0.2014066496163682;9.735;1801.7;2405.97;True;Autoscout24.de;9.67945205479452
581;Volkswagen;CC;2014-04-01;11300.0;Sehr guter Preis;211521.0;Automatik;Diesel;5.2;149.0;177.0;0.0534225916102892;8.58;1587.94;2757.61;True;Autoscout24.de;10.761643835616438
582;Dacia;Sandero;2014-11-01;5999.0;Sehr guter Preis;78000.0;Schaltgetriebe;Benzin;5.8;137.0;75.0;0.0769102564102564;10.266;1899.98;2535.52;True;Autoscout24.de;10.175342465753424
583;Mazda;6;2014-05-01;10550.0;Guter Preis;147000.0;Schaltgetriebe;Diesel;5.20173369733659;;175.0;0.0717687074829932;;;;True;Autoscout24.de;10.67945205479452
584;Skoda;Superb;2013-09-01;9890.0;Guter Preis;210000.0;Automatik;Diesel;6.1;159.0;170.0;0.047095238095238;10.065;1862.78;2942.69;True;Autoscout24.de;11.342465753424657
585;Audi;Q5;2013-01-01;14990.0;Guter Preis;213172.0;Automatik;Diesel;6.4;170.0;245.0;0.0703188035952188;10.56;1954.39;3146.27;True;Autoscout24.de;12.008219178082191
586;Skoda;Kamiq;2019-12-01;11450.0;Sehr guter Preis;182100.0;Schaltgetriebe;Diesel;4.2;;116.0;0.0628775398132894;6.93;1282.57;;True;Autoscout24.de;5.090410958904109
587;Volkswagen;Golf Sportsvan;2015-03-01;12400.0;Sehr guter Preis;78850.0;Automatik;Diesel;3.9384917643122486;;110.0;0.1572606214331008;;;;True;Autoscout24.de;9.846575342465753
588;smart;forFour;2015-07-01;8499.0;Sehr guter Preis;66765.0;Automatik;Benzin;5.0;96.0;71.0;0.1272972365760503;8.85;1637.91;1776.72;True;Autoscout24.de;9.512328767123288
589;Fiat;Punto;2016-03-01;7300.0;Sehr guter Preis;31500.0;Schaltgetriebe;Benzin;5.430011767980901;;69.0;0.2317460317460317;;;;True;Autoscout24.de;8.843835616438357
590;Porsche;Boxster;2015-07-01;39990.0;Keine Information;40900.0;Schaltgetriebe;Benzin;8.4;;265.0;0.9777506112469436;14.868;2751.69;;True;Autoscout24.de;9.512328767123288
591;Land Rover;Range Rover Sport;2014-10-01;17990.0;Sehr guter Preis;170000.0;Automatik;Diesel;7.9;209.0;292.0;0.1058235294117647;13.035;2412.45;3868.06;True;Autoscout24.de;10.26027397260274
592;Skoda;Superb;2015-09-01;13240.0;Sehr guter Preis;124500.0;Automatik;Diesel;5.2;138.0;170.0;0.1063453815261044;8.58;1587.94;2554.03;True;Autoscout24.de;9.342465753424657
593;Volkswagen;Golf;2015-06-01;10900.0;Sehr guter Preis;114310.0;Schaltgetriebe;Benzin;4.9;114.0;105.0;0.0953547371183623;8.673;1605.15;2109.85;True;Autoscout24.de;9.594520547945205
594;Mercedes-Benz;CLS 350;2013-07-01;18498.0;Sehr guter Preis;150000.0;Automatik;Diesel;6.9;183.0;265.0;0.12332;11.385;2107.07;3386.86;True;Autoscout24.de;11.512328767123288
595;Mercedes-Benz;E 350;2017-11-01;18850.0;Sehr guter Preis;236830.0;Automatik;Diesel;5.3;140.0;258.0;0.0795929569733564;8.745;1618.48;2591.04;True;Autoscout24.de;7.1726027397260275
596;Ford;C-Max;2014-10-01;7850.0;Guter Preis;60334.0;Schaltgetriebe;Benzin;5.3197655860645625;;101.0;0.1301090595684025;;;;True;Autoscout24.de;10.26027397260274
597;Mercedes-Benz;Vito;2016-08-01;22900.0;Sehr guter Preis;199900.0;Automatik;Diesel;5.8;;190.0;0.1145572786393196;9.57;1771.16;;True;Autoscout24.de;8.424657534246576
598;Mercedes-Benz;E 220;2014-01-01;18990.0;Guter Preis;124600.0;Automatik;Diesel;4.4;117.0;170.0;0.1524077046548956;7.26;1343.64;2165.37;True;Autoscout24.de;11.008219178082191
599;Dacia;Logan;2017-07-01;6900.0;Guter Preis;157000.0;Automatik;Diesel;3.6;92.0;90.0;0.0439490445859872;5.94;1099.34;1702.69;True;Autoscout24.de;7.50958904109589
600;Skoda;Octavia;2013-06-01;6990.0;Guter Preis;232000.0;Schaltgetriebe;Diesel;6.4;173.0;140.0;0.0301293103448275;10.56;1954.39;3201.79;True;Autoscout24.de;11.594520547945205
601;Renault;Captur;2013-05-01;10899.0;Keine Information;64400.0;Automatik;Benzin;5.0;119.0;120.0;0.1692391304347826;8.85;1637.91;2202.39;True;Autoscout24.de;11.67945205479452
602;Peugeot;2008;2015-05-01;7790.0;Sehr guter Preis;120000.0;Schaltgetriebe;Diesel;4.0;123.0;92.0;0.0649166666666666;6.6;1221.49;2276.42;True;Autoscout24.de;9.67945205479452
603;Land Rover;Range Rover Evoque;2016-02-01;16900.0;Fairer Preis;152900.0;Schaltgetriebe;Diesel;4.8;125.0;179.0;0.1105297580117724;7.919999999999999;1465.79;2313.43;True;Autoscout24.de;8.923287671232877
604;Volkswagen;Touran;2016-03-01;14499.0;Erhöhter Preis;160522.0;Automatik;Diesel;4.2;109.0;110.0;0.090324067729034;6.93;1282.57;2017.31;True;Autoscout24.de;8.843835616438357
605;Audi;Q3;2014-04-01;11300.0;Guter Preis;217000.0;Schaltgetriebe;Diesel;5.2;138.0;140.0;0.052073732718894;8.58;1587.94;2554.03;True;Autoscout24.de;10.761643835616438
606;Opel;Corsa;2014-09-01;6990.0;Fairer Preis;107097.0;Schaltgetriebe;Benzin;5.579494333745822;;87.0;0.0652679346760413;;;;True;Autoscout24.de;10.342465753424657
607;Mitsubishi;Space Star;2018-05-01;9990.0;Sehr guter Preis;70000.0;Automatik;Benzin;5.19079572164839;;80.0;0.1427142857142857;;;;True;Autoscout24.de;6.676712328767123
608;BMW;X1;2013-09-01;9990.0;Sehr guter Preis;209900.0;Automatik;Diesel;4.9;130.0;184.0;0.0475940924249642;8.085;1496.33;2405.97;True;Autoscout24.de;11.342465753424657
609;Skoda;Yeti;2014-05-01;12500.0;Sehr guter Preis;110950.0;Schaltgetriebe;Diesel;6.3;167.0;140.0;0.1126633618747183;10.395;1923.85;3090.75;True;Autoscout24.de;10.67945205479452
610;BMW;M4;2018-07-01;45900.0;Sehr guter Preis;73198.0;Automatik;Benzin;9.836576552430824;;450.0;0.6270663132872483;;;;True;Autoscout24.de;6.50958904109589
611;Hyundai;i40;2014-01-01;7999.0;Guter Preis;180460.0;Automatik;Diesel;4.7;125.0;136.0;0.0443256123240607;7.755;1435.25;2313.43;True;Autoscout24.de;11.008219178082191
612;Dacia;Duster;2017-03-01;7990.0;Guter Preis;125000.0;Schaltgetriebe;Autogas (LPG);6.4;145.0;114.0;0.06392;1.4656000000000002;271.25;2683.58;True;Autoscout24.de;7.843835616438356
613;Audi;SQ5;2014-07-01;26930.0;Fairer Preis;105007.0;Automatik;Diesel;6.8;180.0;313.0;0.2564590932033102;11.22;2076.54;3331.34;True;Autoscout24.de;10.512328767123288
614;BMW;118;2017-02-01;11799.0;Sehr guter Preis;139056.0;Automatik;Benzin;5.1;119.0;136.0;0.0848507076285813;9.027;1670.67;2202.39;True;Autoscout24.de;7.920547945205479
615;Mercedes-Benz;C 220;2018-02-01;17990.0;Sehr guter Preis;163244.0;Automatik;Diesel;4.7;124.0;170.0;0.1102031315086618;7.755;1435.25;2294.92;True;Autoscout24.de;6.920547945205479
616;Audi;A6;2013-04-01;16450.0;Fairer Preis;149661.0;Automatik;Benzin;6.6;156.0;179.0;0.109915074735569;11.682;2162.04;2887.16;True;Autoscout24.de;11.761643835616438
617;Citroen;DS3;2015-01-01;6000.0;Sehr guter Preis;94800.0;Schaltgetriebe;Benzin;4.567131259301693;;82.0;0.0632911392405063;;;;True;Autoscout24.de;10.008219178082191
618;BMW;X5;2014-03-01;24900.0;Guter Preis;165758.0;Automatik;Diesel;6.9;183.0;313.0;0.1502189939550429;11.385;2107.07;3386.86;True;Autoscout24.de;10.846575342465753
619;Opel;Corsa;2014-05-01;4997.0;Sehr guter Preis;107600.0;Schaltgetriebe;Benzin;5.7;135.0;101.0;0.0464405204460966;10.089;1867.22;2498.51;True;Autoscout24.de;10.67945205479452
620;Audi;A1;2014-12-01;14390.0;Fairer Preis;86200.0;Automatik;Benzin;5.1884576853365685;;122.0;0.166937354988399;;;;True;Autoscout24.de;10.093150684931507
621;BMW;118;2013-12-01;9800.0;Fairer Preis;156850.0;Schaltgetriebe;Diesel;4.8;127.0;143.0;0.0624800765062161;7.919999999999999;1465.79;2350.45;True;Autoscout24.de;11.093150684931507
622;Opel;Mokka;2017-01-01;9880.0;Sehr guter Preis;115613.0;Schaltgetriebe;Benzin;6.0;142.0;140.0;0.0854575177531938;10.62;1965.49;2628.06;True;Autoscout24.de;8.005479452054795
623;Mercedes-Benz;B 180;2013-08-01;12980.0;Fairer Preis;46900.0;Schaltgetriebe;Benzin;5.9;137.0;122.0;0.2767590618336887;10.443;1932.73;2535.52;True;Autoscout24.de;11.427397260273972
624;Volkswagen;Polo;2016-02-01;12550.0;Sehr guter Preis;33759.0;Automatik;Benzin;4.7;109.0;90.0;0.3717527177937735;8.319;1539.64;2017.31;True;Autoscout24.de;8.923287671232877
625;CUPRA;Formentor;2023-12-01;31980.0;Sehr guter Preis;4300.0;Automatik;Benzin;5.403534854481806;;150.0;7.437209302325582;;;;True;Autoscout24.de;1.0876712328767124
626;Ford;Focus;2018-01-01;9490.0;Sehr guter Preis;134000.0;Schaltgetriebe;Diesel;3.8;101.0;120.0;0.070820895522388;6.27;1160.42;1869.25;True;Autoscout24.de;7.005479452054795
627;Audi;A8;2014-11-01;22990.0;Fairer Preis;370000.0;Automatik;Diesel;7.5;197.0;385.0;0.0621351351351351;12.375;2290.3;3645.97;True;Autoscout24.de;10.175342465753424
628;Mercedes-Benz;Vito;2015-01-01;22598.0;Sehr guter Preis;129050.0;Automatik;Diesel;5.929824858964154;;163.0;0.1751104223169314;;;;True;Autoscout24.de;10.008219178082191
629;Mercedes-Benz;C 400;2016-08-01;28420.0;Fairer Preis;134000.0;Automatik;Benzin;8.792006327547453;;333.0;0.2120895522388059;;;;True;Autoscout24.de;8.424657534246576
630;Audi;Q5;2016-01-01;19999.0;Sehr guter Preis;90000.0;Automatik;Diesel;5.7;151.0;163.0;0.2222111111111111;9.405;1740.63;2794.63;True;Autoscout24.de;9.008219178082191
631;Opel;Insignia;2017-01-01;14980.0;Sehr guter Preis;127600.0;Automatik;Benzin;11.0;253.0;325.0;0.117398119122257;19.47;3603.4;4682.39;False;Autoscout24.de;8.005479452054795
632;Volkswagen;Polo;2017-12-01;9800.0;Keine Information;100400.0;Schaltgetriebe;Benzin;4.524171270089573;;65.0;0.097609561752988;;;;True;Autoscout24.de;7.090410958904109
633;Mazda;CX-5;2013-01-01;10999.0;Fairer Preis;139000.0;Schaltgetriebe;Benzin;7.13807632059532;;165.0;0.0791294964028777;;;;True;Autoscout24.de;12.008219178082191
634;Audi;A1;2015-08-01;11740.0;Erhöhter Preis;138102.0;Schaltgetriebe;Diesel;3.9;102.0;116.0;0.0850096305629172;6.435;1190.95;1887.76;True;Autoscout24.de;9.427397260273972
635;Mercedes-Benz;G 350;2014-02-01;62990.0;Sehr guter Preis;109000.0;Automatik;Diesel;11.2;295.0;211.0;0.5778899082568807;18.48;3420.18;5459.7;False;Autoscout24.de;10.923287671232877
636;Toyota;Auris;;;Keine Information;;Keine Information;Keine Information;1.2408540070297147;;;;;;;True;Autoscout24.de;
637;Volkswagen;Polo;2013-10-01;5900.0;Fairer Preis;193205.0;Schaltgetriebe;Diesel;3.7;96.0;90.0;0.0305375119691519;6.105;1129.88;1776.72;True;Autoscout24.de;11.26027397260274
638;Mercedes-Benz;C 220;2014-10-01;13980.0;Fairer Preis;193751.0;Schaltgetriebe;Diesel;4.0;106.0;170.0;0.0721544662995287;6.6;1221.49;1961.79;True;Autoscout24.de;10.26027397260274
639;BMW;420;2016-08-01;19800.0;Sehr guter Preis;123480.0;Automatik;Diesel;4.4;116.0;190.0;0.1603498542274052;7.26;1343.64;2146.86;True;Autoscout24.de;8.424657534246576
640;BMW;520;2015-10-01;16999.0;Guter Preis;151000.0;Automatik;Diesel;4.8;;190.0;0.1125761589403973;7.919999999999999;1465.79;;True;Autoscout24.de;9.26027397260274
641;Audi;Q7;2017-03-01;24399.0;Fairer Preis;280671.0;Automatik;Diesel;6.2;163.0;272.0;0.0869309618735102;10.23;1893.31;3016.72;True;Autoscout24.de;7.843835616438356
642;Peugeot;308;2019-08-01;8750.0;Sehr guter Preis;143898.0;Automatik;Benzin;4.983910066781962;;131.0;0.0608069604858997;;;;True;Autoscout24.de;5.424657534246576
643;Citroen;C4 Picasso;2013-11-01;5990.0;Guter Preis;165000.0;Schaltgetriebe;Diesel;4.0;106.0;116.0;0.0363030303030303;6.6;1221.49;1961.79;True;Autoscout24.de;11.175342465753424
644;Ford;Fiesta;2017-05-01;9990.0;Sehr guter Preis;87418.0;Automatik;Benzin;4.460824758052345;;101.0;0.1142785238738017;;;;True;Autoscout24.de;7.676712328767123
645;Mercedes-Benz;GLE 250;2017-06-01;28900.0;Fairer Preis;139597.0;Automatik;Diesel;5.7;149.0;204.0;0.2070245062572978;9.405;1740.63;2757.61;True;Autoscout24.de;7.5917808219178085
646;Fiat;500;2020-02-01;8590.0;Sehr guter Preis;73000.0;Schaltgetriebe;Benzin;5.5;126.0;69.0;0.1176712328767123;9.735;1801.7;2331.94;True;Autoscout24.de;4.920547945205479
647;BMW;430;2018-01-01;28900.0;Sehr guter Preis;57431.0;Automatik;Benzin;6.7;;252.0;0.5032125507130295;11.859;2194.8;;True;Autoscout24.de;7.005479452054795
648;Dacia;Sandero;2015-11-01;7950.0;Fairer Preis;74855.0;Schaltgetriebe;Benzin;5.667036318575888;;90.0;0.1062053303052568;;;;True;Autoscout24.de;9.175342465753424
649;Skoda;Citigo;2015-11-01;6990.0;Sehr guter Preis;89413.0;Schaltgetriebe;Benzin;4.711088718376182;;75.0;0.0781765515081699;;;;True;Autoscout24.de;9.175342465753424
650;BMW;320;2018-10-01;20900.0;Fairer Preis;170000.0;Automatik;Diesel;4.3;112.0;190.0;0.1229411764705882;7.095;1313.1;2072.84;True;Autoscout24.de;6.257534246575342
651;Skoda;Fabia;2019-02-01;9900.0;Sehr guter Preis;51143.0;Schaltgetriebe;Benzin;4.8;129.0;75.0;0.1935748782824629;8.496;1572.39;2387.46;True;Autoscout24.de;5.920547945205479
652;Volkswagen;Golf;2016-06-01;11490.0;Fairer Preis;97500.0;Schaltgetriebe;Diesel;3.744069692802598;;90.0;0.1178461538461538;;;;True;Autoscout24.de;8.591780821917808
653;Volkswagen;Passat Variant;2017-10-01;22970.0;Guter Preis;114000.0;Automatik;Diesel;5.237262270488124;;239.0;0.2014912280701754;;;;True;Autoscout24.de;7.257534246575342
654;Opel;Corsa;2018-01-01;9900.0;Sehr guter Preis;86213.0;Automatik;Benzin;4.586319670508484;;90.0;0.1148318699036108;;;;True;Autoscout24.de;7.005479452054795
655;BMW;530;2017-04-01;23989.0;Sehr guter Preis;144750.0;Automatik;Diesel;4.5;;265.0;0.165727115716753;7.425;1374.18;;True;Autoscout24.de;7.758904109589041
656;Audi;A1;2019-05-01;16950.0;Sehr guter Preis;86000.0;Automatik;Benzin;4.9;111.0;116.0;0.1970930232558139;8.673;1605.15;2054.33;True;Autoscout24.de;5.676712328767123
657;Opel;Astra;2013-09-01;6410.0;Sehr guter Preis;109800.0;Schaltgetriebe;Benzin;5.36988161201933;;140.0;0.0583788706739526;;;;True;Autoscout24.de;11.342465753424657
658;Microcar;M.Go;2014-01-01;7950.0;Sehr guter Preis;4808.0;Automatik;Diesel;3.894249468593663;;5.0;1.6534941763727122;;;;True;Autoscout24.de;11.008219178082191
659;BMW;X5;2015-05-01;25900.0;Sehr guter Preis;144000.0;Automatik;Diesel;5.9;156.0;258.0;0.1798611111111111;9.735;1801.7;2887.16;True;Autoscout24.de;9.67945205479452
660;Fiat;500L;2014-06-01;7980.0;Sehr guter Preis;46791.0;Schaltgetriebe;Benzin;6.2;;95.0;0.1705456177470026;10.974;2031.01;;True;Autoscout24.de;10.594520547945205
661;BMW;320;2013-09-01;16890.0;Fairer Preis;109000.0;Automatik;Diesel;4.7;125.0;184.0;0.1549541284403669;7.755;1435.25;2313.43;True;Autoscout24.de;11.342465753424657
662;Mazda;3;2014-02-01;11450.0;Guter Preis;99161.0;Schaltgetriebe;Benzin;5.1;121.0;120.0;0.1154687830901261;9.027;1670.67;2239.4;True;Autoscout24.de;10.923287671232877
663;BMW;320;2015-10-01;17990.0;Guter Preis;127600.0;Automatik;Diesel;4.007923306047286;;190.0;0.140987460815047;;;;True;Autoscout24.de;9.26027397260274
664;Volkswagen;Touareg;2015-11-01;24800.0;Guter Preis;110908.0;Automatik;Diesel;6.9;180.0;262.0;0.223608756807444;11.385;2107.07;3331.34;True;Autoscout24.de;9.175342465753424
665;Mercedes-Benz;A 200;2015-06-01;16700.0;Guter Preis;116539.0;Automatik;Diesel;4.2;111.0;136.0;0.1432996679223264;6.93;1282.57;2054.33;True;Autoscout24.de;9.594520547945205
666;Renault;Captur;2016-11-01;10980.0;Fairer Preis;96400.0;Schaltgetriebe;Benzin;4.446879733591376;;118.0;0.1139004149377593;;;;True;Autoscout24.de;8.172602739726027
667;Audi;A6;2018-03-01;17750.0;Sehr guter Preis;194740.0;Automatik;Diesel;4.6;119.0;218.0;0.0911471705864229;7.589999999999999;1404.72;2202.39;True;Autoscout24.de;6.843835616438356
668;Peugeot;2008;2019-02-01;12990.0;Sehr guter Preis;64500.0;Automatik;Benzin;5.5;126.0;110.0;0.2013953488372093;9.735;1801.7;2331.94;True;Autoscout24.de;5.920547945205479
669;Nissan;Qashqai;2014-01-01;8900.0;Fairer Preis;127987.0;Schaltgetriebe;Benzin;6.2;147.0;117.0;0.0695383124848617;10.974;2031.01;2720.6;True;Autoscout24.de;11.008219178082191
670;Ford;B-Max;2017-06-01;8900.0;Sehr guter Preis;50000.0;Schaltgetriebe;Benzin;6.0;139.0;90.0;0.178;10.62;1965.49;2572.54;True;Autoscout24.de;7.5917808219178085
671;Hyundai;TUCSON;2016-04-01;14500.0;Fairer Preis;190769.0;Automatik;Diesel;6.0;156.0;136.0;0.0760081564614795;9.9;1832.24;2887.16;True;Autoscout24.de;8.758904109589041
672;Volkswagen;Polo;2020-12-01;9699.0;Sehr guter Preis;163900.0;Schaltgetriebe;Benzin;5.3;121.0;95.0;0.059176327028676;9.381;1736.18;2239.4;True;Autoscout24.de;4.087671232876712
673;BMW;114;2014-09-01;8990.0;Fairer Preis;94250.0;Schaltgetriebe;Benzin;4.646951524487692;;102.0;0.0953846153846153;;;;True;Autoscout24.de;10.342465753424657
674;Toyota;Yaris;;;Keine Information;;Keine Information;Keine Information;1.2408540070297147;;;;;;;True;Autoscout24.de;
675;Citroen;C4 Cactus;2014-10-01;3990.0;Sehr guter Preis;178867.0;Schaltgetriebe;Benzin;4.6;109.0;82.0;0.0223070773256106;8.142;1506.88;2017.31;True;Autoscout24.de;10.26027397260274
676;Hyundai;TUCSON;2015-11-01;13100.0;Keine Information;91765.0;Automatik;Diesel;6.241790165397502;;185.0;0.1427559527052798;;;;True;Autoscout24.de;9.175342465753424
677;Audi;A4;2015-06-01;10990.0;Sehr guter Preis;197500.0;Schaltgetriebe;Diesel;4.7;125.0;190.0;0.0556455696202531;7.755;1435.25;2313.43;True;Autoscout24.de;9.594520547945205
678;Volkswagen;CC;2014-04-01;11300.0;Sehr guter Preis;211521.0;Automatik;Diesel;5.2;149.0;177.0;0.0534225916102892;8.58;1587.94;2757.61;True;Autoscout24.de;10.761643835616438
679;Opel;Karl;2017-04-01;4990.0;Sehr guter Preis;117000.0;Schaltgetriebe;Benzin;4.579944143459457;;75.0;0.0426495726495726;;;;True;Autoscout24.de;7.758904109589041
680;Opel;Corsa;2014-05-01;4997.0;Sehr guter Preis;107600.0;Schaltgetriebe;Benzin;5.7;135.0;101.0;0.0464405204460966;10.089;1867.22;2498.51;True;Autoscout24.de;10.67945205479452
681;Audi;A6;2015-12-01;17440.0;Guter Preis;198000.0;Automatik;Diesel;5.681364413787807;;272.0;0.088080808080808;;;;True;Autoscout24.de;9.093150684931507
682;Mercedes-Benz;C 220;2014-10-01;13980.0;Fairer Preis;193751.0;Schaltgetriebe;Diesel;4.0;106.0;170.0;0.0721544662995287;6.6;1221.49;1961.79;True;Autoscout24.de;10.26027397260274
683;Audi;A1;2015-02-01;9989.0;Sehr guter Preis;117450.0;Schaltgetriebe;Benzin;4.7;;140.0;0.0850489570029799;8.319;1539.64;;True;Autoscout24.de;9.923287671232877
684;Opel;Insignia;2016-08-01;11299.0;Sehr guter Preis;128000.0;Automatik;Diesel;5.5;145.0;170.0;0.0882734375;9.075;1679.55;2683.58;True;Autoscout24.de;8.424657534246576
685;Volkswagen;up!;2018-09-01;4001.0;Sehr guter Preis;187000.0;Schaltgetriebe;Benzin;5.061954130495892;;68.0;0.0213957219251336;;;;True;Autoscout24.de;6.33972602739726
686;BMW;520;2014-05-01;11890.0;Sehr guter Preis;184702.0;Automatik;Diesel;5.4;143.0;184.0;0.0643739645482994;8.91;1649.01;2646.57;True;Autoscout24.de;10.67945205479452
687;Volkswagen;T6 Transporter;2016-03-01;29300.0;Sehr guter Preis;154950.0;Automatik;Diesel;6.6;172.0;204.0;0.1890932558889964;10.89;2015.46;3183.28;True;Autoscout24.de;8.843835616438357
688;BMW;520;2018-08-01;18850.0;Erhöhter Preis;237000.0;Schaltgetriebe;Diesel;4.2;109.0;190.0;0.0795358649789029;6.93;1282.57;2017.31;True;Autoscout24.de;6.424657534246576
689;Opel;Adam;2014-09-01;6390.0;Sehr guter Preis;93500.0;Schaltgetriebe;Benzin;5.306744353985228;;87.0;0.0683422459893048;;;;True;Autoscout24.de;10.342465753424657
690;Ford;Focus;2015-05-01;8990.0;Sehr guter Preis;62598.0;Schaltgetriebe;Benzin;4.8;113.0;125.0;0.1436148119748234;8.496;1572.39;2091.34;True;Autoscout24.de;9.67945205479452
691;Fiat;Tipo;2016-06-01;6640.0;Sehr guter Preis;107600.0;Schaltgetriebe;Benzin;5.7;133.0;95.0;0.0617100371747211;10.089;1867.22;2461.49;True;Autoscout24.de;8.591780821917808
692;Mercedes-Benz;CLA 180;2014-10-01;15950.0;Sehr guter Preis;114000.0;Automatik;Benzin;5.4;128.0;122.0;0.1399122807017543;9.558000000000002;1768.94;2368.95;True;Autoscout24.de;10.26027397260274
693;Hyundai;TUCSON;2015-11-01;13100.0;Keine Information;91765.0;Automatik;Diesel;6.241790165397502;;185.0;0.1427559527052798;;;;True;Autoscout24.de;9.175342465753424
694;Audi;A3;2014-04-01;12790.0;Guter Preis;163877.0;Automatik;Benzin;5.0;116.0;122.0;0.0780463396327733;8.85;1637.91;2146.86;True;Autoscout24.de;10.761643835616438
695;Nissan;Qashqai;2015-05-01;11800.0;Sehr guter Preis;109000.0;Schaltgetriebe;Diesel;4.9;129.0;131.0;0.1082568807339449;8.085;1496.33;2387.46;True;Autoscout24.de;9.67945205479452
696;Land Rover;Range Rover Evoque;2015-04-01;11950.0;Sehr guter Preis;187386.0;Schaltgetriebe;Diesel;5.7;151.0;150.0;0.063772106774252;9.405;1740.63;2794.63;True;Autoscout24.de;9.761643835616438
697;Volkswagen;Golf;2015-03-01;8900.0;Guter Preis;181971.0;Schaltgetriebe;Diesel;3.8;99.0;110.0;0.0489088920762099;6.27;1160.42;1832.24;True;Autoscout24.de;9.846575342465753
698;Land Rover;Discovery Sport;2015-08-01;12980.0;Guter Preis;151000.0;Schaltgetriebe;Diesel;5.8;;150.0;0.0859602649006622;9.57;1771.16;;True;Autoscout24.de;9.427397260273972
699;Ford;Mondeo;2014-12-01;8950.0;Fairer Preis;149000.0;Automatik;Benzin;6.6;154.0;160.0;0.0600671140939597;11.682;2162.04;2850.15;True;Autoscout24.de;10.093150684931507
700;Jeep;Renegade;2015-04-01;9990.0;Guter Preis;146776.0;Schaltgetriebe;Benzin;6.0;142.0;140.0;0.0680628985665231;10.62;1965.49;2628.06;True;Autoscout24.de;9.761643835616438
701;BMW;318;2014-12-01;8850.0;Guter Preis;265703.0;Automatik;Diesel;4.8;127.0;143.0;0.0333078663018483;7.919999999999999;1465.79;2350.45;True;Autoscout24.de;10.093150684931507
702;Skoda;Kamiq;2019-12-01;11450.0;Sehr guter Preis;182100.0;Schaltgetriebe;Diesel;4.2;;116.0;0.0628775398132894;6.93;1282.57;;True;Autoscout24.de;5.090410958904109
703;Genesis;G80;2014-06-01;21950.0;Keine Information;122700.0;Automatik;Benzin;11.6;274.0;315.0;0.1788916055419722;20.532;3799.95;5071.04;False;Autoscout24.de;10.594520547945205
704;Mercedes-Benz;E 220;2015-03-01;15990.0;Guter Preis;193322.0;Automatik;Diesel;5.3;140.0;170.0;0.0827117451712686;8.745;1618.48;2591.04;True;Autoscout24.de;9.846575342465753
705;Fiat;Scudo;2014-09-01;3800.0;Sehr guter Preis;206252.0;Schaltgetriebe;Diesel;4.759789645338802;;128.0;0.0184240637666543;;;;True;Autoscout24.de;10.342465753424657
706;Hyundai;IONIQ;;;Keine Information;;Keine Information;Keine Information;2.0099942332234297;;;;;;;True;Autoscout24.de;
707;Mercedes-Benz;E 220;2017-07-01;22989.0;Keine Information;134750.0;Automatik;Diesel;4.2;;194.0;0.1706048237476808;6.93;1282.57;;True;Autoscout24.de;7.50958904109589
708;Opel;Corsa;2016-04-01;8490.0;Sehr guter Preis;66180.0;Schaltgetriebe;Benzin;5.0390046681919625;;101.0;0.128286491387126;;;;True;Autoscout24.de;8.758904109589041
709;BMW;X1;2015-12-01;14400.0;Guter Preis;162071.0;Automatik;Diesel;4.460627184914535;;190.0;0.0888499484793701;;;;True;Autoscout24.de;9.093150684931507
710;Kia;Sorento;2015-11-01;15950.0;Sehr guter Preis;148873.0;Automatik;Diesel;6.7;177.0;200.0;0.1071382990871413;11.055;2046.0;3275.82;True;Autoscout24.de;9.175342465753424
711;BMW;X1;2014-02-01;11990.0;Fairer Preis;164053.0;Schaltgetriebe;Diesel;4.426360137197851;;143.0;0.0730861367972545;;;;True;Autoscout24.de;10.923287671232877
712;Audi;A4;2015-06-01;10990.0;Sehr guter Preis;197500.0;Schaltgetriebe;Diesel;4.7;125.0;190.0;0.0556455696202531;7.755;1435.25;2313.43;True;Autoscout24.de;9.594520547945205
713;Skoda;Octavia;2014-09-01;10699.0;Sehr guter Preis;163143.0;Automatik;Diesel;4.8;126.0;184.0;0.0655805029943056;7.919999999999999;1465.79;2331.94;True;Autoscout24.de;10.342465753424657
714;SEAT;Leon;2014-09-01;;Guter Preis;138388.0;Schaltgetriebe;Benzin;4.7;;150.0;;8.319;1539.64;;True;Autoscout24.de;10.342465753424657
715;Mercedes-Benz;Sprinter;2014-10-01;11500.0;Sehr guter Preis;260000.0;Schaltgetriebe;Diesel;8.0;212.0;163.0;0.0442307692307692;13.2;2442.98;3923.58;True;Autoscout24.de;10.26027397260274
716;Maserati;Levante;2016-10-01;25990.0;Sehr guter Preis;167000.0;Automatik;Diesel;8.3;220.0;275.0;0.15562874251497;13.695;2534.6;4071.64;True;Autoscout24.de;8.257534246575343
717;Hyundai;i30;2015-03-01;9780.0;Sehr guter Preis;79000.0;Schaltgetriebe;Benzin;5.7;134.0;135.0;0.1237974683544303;10.089;1867.22;2480.0;True;Autoscout24.de;9.846575342465753
718;Ford;Transit Custom;2014-12-01;10988.0;Sehr guter Preis;138000.0;Schaltgetriebe;Diesel;3.9491133303627066;;101.0;0.0796231884057971;;;;True;Autoscout24.de;10.093150684931507
719;Alfa Romeo;Giulia;2016-11-01;13890.0;Sehr guter Preis;174400.0;Automatik;Diesel;3.8;99.0;179.0;0.079644495412844;6.27;1160.42;1832.24;True;Autoscout24.de;8.172602739726027
720;Audi;A4;2015-01-01;13890.0;Sehr guter Preis;146179.0;Automatik;Diesel;4.7;129.0;150.0;0.0950204885790708;7.755;1435.25;2387.46;True;Autoscout24.de;10.008219178082191
721;Volkswagen;Touran;2015-11-01;11300.0;Sehr guter Preis;188220.0;Schaltgetriebe;Diesel;4.5;118.0;150.0;0.0600361279353947;7.425;1374.18;2183.88;True;Autoscout24.de;9.175342465753424
722;Fiat;Punto;2016-03-01;7300.0;Sehr guter Preis;31500.0;Schaltgetriebe;Benzin;5.430011767980901;;69.0;0.2317460317460317;;;;True;Autoscout24.de;8.843835616438357
723;Mercedes-Benz;B 180;2014-02-01;9749.0;Guter Preis;157450.0;Automatik;Benzin;5.9;;122.0;0.0619180692283264;10.443;1932.73;;True;Autoscout24.de;10.923287671232877
724;Opel;Cascada;2014-04-01;9900.0;Sehr guter Preis;127433.0;Automatik;Benzin;7.2;171.0;170.0;0.0776878830444233;12.744;2358.59;3164.77;True;Autoscout24.de;10.761643835616438
725;Mercedes-Benz;A 180;2015-05-01;15750.0;Guter Preis;78200.0;Automatik;Benzin;5.5;130.0;122.0;0.2014066496163682;9.735;1801.7;2405.97;True;Autoscout24.de;9.67945205479452
726;Opel;Corsa;2014-10-01;2990.0;Keine Information;153200.0;Schaltgetriebe;Benzin;5.5;130.0;69.0;0.0195169712793733;9.735;1801.7;2405.97;True;Autoscout24.de;10.26027397260274
727;Volkswagen;Touran;2015-12-01;12780.0;Sehr guter Preis;131626.0;Schaltgetriebe;Diesel;4.33847851375543;;140.0;0.097093279443271;;;;True;Autoscout24.de;9.093150684931507
728;Volkswagen;Tiguan;2014-04-01;11900.0;Sehr guter Preis;149122.0;Schaltgetriebe;Diesel;6.0;157.0;140.0;0.0798004318611606;9.9;1832.24;2905.67;True;Autoscout24.de;10.761643835616438
729;Volkswagen;Polo;2016-02-01;12550.0;Sehr guter Preis;33759.0;Automatik;Benzin;4.7;109.0;90.0;0.3717527177937735;8.319;1539.64;2017.31;True;Autoscout24.de;8.923287671232877
730;Mazda;CX-5;2015-11-01;9990.0;Sehr guter Preis;178632.0;Automatik;Diesel;5.5;144.0;175.0;0.055925030229746;9.075;1679.55;2665.07;True;Autoscout24.de;9.175342465753424
731;Volkswagen;CC;2014-04-01;11300.0;Sehr guter Preis;211521.0;Automatik;Diesel;5.2;149.0;177.0;0.0534225916102892;8.58;1587.94;2757.61;True;Autoscout24.de;10.761643835616438
732;Ford;Focus;2019-03-01;7999.0;Sehr guter Preis;198900.0;Schaltgetriebe;Diesel;4.157267484895112;;120.0;0.0402161890397184;;;;True;Autoscout24.de;5.843835616438356
733;Volkswagen;Golf Sportsvan;2015-03-01;12400.0;Sehr guter Preis;78850.0;Automatik;Diesel;3.9384917643122486;;110.0;0.1572606214331008;;;;True;Autoscout24.de;9.846575342465753
734;BMW;M4;2018-07-01;45900.0;Sehr guter Preis;73198.0;Automatik;Benzin;9.836576552430824;;450.0;0.6270663132872483;;;;True;Autoscout24.de;6.50958904109589
735;Hyundai;iX35;2014-10-01;9990.0;Guter Preis;96500.0;Schaltgetriebe;Benzin;5.0462469277826925;;135.0;0.1035233160621761;;;;True;Autoscout24.de;10.26027397260274
736;smart;forFour;2015-07-01;8499.0;Sehr guter Preis;66765.0;Automatik;Benzin;5.0;96.0;71.0;0.1272972365760503;8.85;1637.91;1776.72;True;Autoscout24.de;9.512328767123288
737;Nissan;Micra;2014-04-01;5990.0;Sehr guter Preis;57700.0;Schaltgetriebe;Benzin;5.120388733631324;;80.0;0.1038128249566724;;;;True;Autoscout24.de;10.761643835616438
738;Skoda;Superb;2015-09-01;13240.0;Sehr guter Preis;124500.0;Automatik;Diesel;5.2;138.0;170.0;0.1063453815261044;8.58;1587.94;2554.03;True;Autoscout24.de;9.342465753424657
739;Audi;Q7;2017-03-01;24399.0;Fairer Preis;280671.0;Automatik;Diesel;6.2;163.0;272.0;0.0869309618735102;10.23;1893.31;3016.72;True;Autoscout24.de;7.843835616438356
740;Mitsubishi;Space Star;2018-05-01;9990.0;Sehr guter Preis;70000.0;Automatik;Benzin;5.19079572164839;;80.0;0.1427142857142857;;;;True;Autoscout24.de;6.676712328767123
741;Mazda;6;2014-05-01;10550.0;Guter Preis;147000.0;Schaltgetriebe;Diesel;5.20173369733659;;175.0;0.0717687074829932;;;;True;Autoscout24.de;10.67945205479452
742;BMW;118;2017-02-01;11799.0;Sehr guter Preis;139056.0;Automatik;Benzin;5.1;119.0;136.0;0.0848507076285813;9.027;1670.67;2202.39;True;Autoscout24.de;7.920547945205479
743;Dacia;Sandero;2014-11-01;5999.0;Sehr guter Preis;78000.0;Schaltgetriebe;Benzin;5.8;137.0;75.0;0.0769102564102564;10.266;1899.98;2535.52;True;Autoscout24.de;10.175342465753424
744;Mercedes-Benz;C 220;2018-02-01;17990.0;Sehr guter Preis;163244.0;Automatik;Diesel;4.7;124.0;170.0;0.1102031315086618;7.755;1435.25;2294.92;True;Autoscout24.de;6.920547945205479
745;Volkswagen;Golf;2015-09-01;9950.0;Guter Preis;249985.0;Automatik;Diesel;4.5;119.0;150.0;0.0398023881432886;7.425;1374.18;2202.39;True;Autoscout24.de;9.342465753424657
746;Audi;A8;2014-11-01;22990.0;Fairer Preis;370000.0;Automatik;Diesel;7.5;197.0;385.0;0.0621351351351351;12.375;2290.3;3645.97;True;Autoscout24.de;10.175342465753424
747;Subaru;OUTBACK;2018-04-01;14888.0;Fairer Preis;196485.0;Automatik;Benzin;7.0;161.0;175.0;0.0757716874061633;12.39;2293.07;2979.7;True;Autoscout24.de;6.758904109589041
748;BMW;520;2015-10-01;16999.0;Guter Preis;151000.0;Automatik;Diesel;4.8;;190.0;0.1125761589403973;7.919999999999999;1465.79;;True;Autoscout24.de;9.26027397260274
749;Porsche;Boxster;2015-07-01;39990.0;Keine Information;40900.0;Schaltgetriebe;Benzin;8.4;;265.0;0.9777506112469436;14.868;2751.69;;True;Autoscout24.de;9.512328767123288
750;Opel;Karl;2017-04-01;4990.0;Sehr guter Preis;117000.0;Schaltgetriebe;Benzin;4.579944143459457;;75.0;0.0426495726495726;;;;True;Autoscout24.de;7.758904109589041
751;Audi;Q2;2018-06-01;17900.0;Sehr guter Preis;87400.0;Schaltgetriebe;Diesel;4.4;114.0;116.0;0.2048054919908467;7.26;1343.64;2109.85;True;Autoscout24.de;6.5917808219178085
752;Volkswagen;Golf;2015-06-01;10900.0;Sehr guter Preis;114310.0;Schaltgetriebe;Benzin;4.9;114.0;105.0;0.0953547371183623;8.673;1605.15;2109.85;True;Autoscout24.de;9.594520547945205
753;Land Rover;Range Rover Sport;2014-10-01;17990.0;Sehr guter Preis;170000.0;Automatik;Diesel;7.9;209.0;292.0;0.1058235294117647;13.035;2412.45;3868.06;True;Autoscout24.de;10.26027397260274
754;Opel;Insignia;2017-01-01;14980.0;Sehr guter Preis;127600.0;Automatik;Benzin;11.0;253.0;325.0;0.117398119122257;19.47;3603.4;4682.39;False;Autoscout24.de;8.005479452054795
755;BMW;430;2018-01-01;28900.0;Sehr guter Preis;57431.0;Automatik;Benzin;6.7;;252.0;0.5032125507130295;11.859;2194.8;;True;Autoscout24.de;7.005479452054795
756;Land Rover;Range Rover Evoque;2016-02-01;16900.0;Fairer Preis;152900.0;Schaltgetriebe;Diesel;4.8;125.0;179.0;0.1105297580117724;7.919999999999999;1465.79;2313.43;True;Autoscout24.de;8.923287671232877
757;Mercedes-Benz;Vito;2016-08-01;22900.0;Sehr guter Preis;199900.0;Automatik;Diesel;5.8;;190.0;0.1145572786393196;9.57;1771.16;;True;Autoscout24.de;8.424657534246576
758;Dacia;Duster;2017-03-01;7990.0;Guter Preis;125000.0;Schaltgetriebe;Autogas (LPG);6.4;145.0;114.0;0.06392;1.4656000000000002;271.25;2683.58;True;Autoscout24.de;7.843835616438356
759;Volkswagen;Touran;2016-03-01;14499.0;Erhöhter Preis;160522.0;Automatik;Diesel;4.2;109.0;110.0;0.090324067729034;6.93;1282.57;2017.31;True;Autoscout24.de;8.843835616438357
760;Peugeot;2008;2015-07-01;6993.0;Sehr guter Preis;106462.0;Schaltgetriebe;Benzin;5.196679913060531;;82.0;0.0656854088782852;;;;True;Autoscout24.de;9.512328767123288
761;Opel;Corsa;2018-01-01;9900.0;Sehr guter Preis;86213.0;Automatik;Benzin;4.586319670508484;;90.0;0.1148318699036108;;;;True;Autoscout24.de;7.005479452054795
762;Mercedes-Benz;C 400;2016-08-01;28420.0;Fairer Preis;134000.0;Automatik;Benzin;8.792006327547453;;333.0;0.2120895522388059;;;;True;Autoscout24.de;8.424657534246576
763;BMW;420;2016-08-01;19800.0;Sehr guter Preis;123480.0;Automatik;Diesel;4.4;116.0;190.0;0.1603498542274052;7.26;1343.64;2146.86;True;Autoscout24.de;8.424657534246576
764;Opel;Mokka;2017-01-01;9880.0;Sehr guter Preis;115613.0;Schaltgetriebe;Benzin;6.0;142.0;140.0;0.0854575177531938;10.62;1965.49;2628.06;True;Autoscout24.de;8.005479452054795
765;Volkswagen;Passat Variant;2017-10-01;22970.0;Guter Preis;114000.0;Automatik;Diesel;5.237262270488124;;239.0;0.2014912280701754;;;;True;Autoscout24.de;7.257534246575342
766;Audi;Q5;2016-01-01;19999.0;Sehr guter Preis;90000.0;Automatik;Diesel;5.7;151.0;163.0;0.2222111111111111;9.405;1740.63;2794.63;True;Autoscout24.de;9.008219178082191
767;Ford;Focus;2018-01-01;9490.0;Sehr guter Preis;134000.0;Schaltgetriebe;Diesel;3.8;101.0;120.0;0.070820895522388;6.27;1160.42;1869.25;True;Autoscout24.de;7.005479452054795
768;Peugeot;2008;2015-05-01;7790.0;Sehr guter Preis;120000.0;Schaltgetriebe;Diesel;4.0;123.0;92.0;0.0649166666666666;6.6;1221.49;2276.42;True;Autoscout24.de;9.67945205479452
769;Opel;Corsa;2014-05-01;4997.0;Sehr guter Preis;107600.0;Schaltgetriebe;Benzin;5.7;135.0;101.0;0.0464405204460966;10.089;1867.22;2498.51;True;Autoscout24.de;10.67945205479452
770;Volkswagen;Golf;2016-06-01;11490.0;Fairer Preis;97500.0;Schaltgetriebe;Diesel;3.744069692802598;;90.0;0.1178461538461538;;;;True;Autoscout24.de;8.591780821917808
771;Ford;C-Max;2014-10-01;7850.0;Guter Preis;60334.0;Schaltgetriebe;Benzin;5.3197655860645625;;101.0;0.1301090595684025;;;;True;Autoscout24.de;10.26027397260274
772;Mercedes-Benz;E 220;2014-01-01;18990.0;Guter Preis;124600.0;Automatik;Diesel;4.4;117.0;170.0;0.1524077046548956;7.26;1343.64;2165.37;True;Autoscout24.de;11.008219178082191
773;Volkswagen;Touareg;2015-11-01;24800.0;Guter Preis;110908.0;Automatik;Diesel;6.9;180.0;262.0;0.223608756807444;11.385;2107.07;3331.34;True;Autoscout24.de;9.175342465753424
774;Peugeot;308;2019-08-01;8750.0;Sehr guter Preis;143898.0;Automatik;Benzin;4.983910066781962;;131.0;0.0608069604858997;;;;True;Autoscout24.de;5.424657534246576
775;Audi;A1;2019-05-01;16950.0;Sehr guter Preis;86000.0;Automatik;Benzin;4.9;111.0;116.0;0.1970930232558139;8.673;1605.15;2054.33;True;Autoscout24.de;5.676712328767123
776;Ford;Fiesta;2017-05-01;9990.0;Sehr guter Preis;87418.0;Automatik;Benzin;4.460824758052345;;101.0;0.1142785238738017;;;;True;Autoscout24.de;7.676712328767123
777;Audi;A1;2014-12-01;14390.0;Fairer Preis;86200.0;Automatik;Benzin;5.1884576853365685;;122.0;0.166937354988399;;;;True;Autoscout24.de;10.093150684931507
778;BMW;320;2018-10-01;20900.0;Fairer Preis;170000.0;Automatik;Diesel;4.3;112.0;190.0;0.1229411764705882;7.095;1313.1;2072.84;True;Autoscout24.de;6.257534246575342
779;Volkswagen;Polo;2017-12-01;9800.0;Keine Information;100400.0;Schaltgetriebe;Benzin;4.524171270089573;;65.0;0.097609561752988;;;;True;Autoscout24.de;7.090410958904109
780;Audi;Q3;2014-04-01;11300.0;Guter Preis;217000.0;Schaltgetriebe;Diesel;5.2;138.0;140.0;0.052073732718894;8.58;1587.94;2554.03;True;Autoscout24.de;10.761643835616438
781;Audi;A1;2015-08-01;11740.0;Erhöhter Preis;138102.0;Schaltgetriebe;Diesel;3.9;102.0;116.0;0.0850096305629172;6.435;1190.95;1887.76;True;Autoscout24.de;9.427397260273972
782;CUPRA;Formentor;2023-12-01;31980.0;Sehr guter Preis;4300.0;Automatik;Benzin;5.403534854481806;;150.0;7.437209302325582;;;;True;Autoscout24.de;1.0876712328767124
783;Audi;A6;2017-02-01;31890.0;Sehr guter Preis;107553.0;Automatik;Diesel;6.2;164.0;326.0;0.2965049789406153;10.23;1893.31;3035.22;True;Autoscout24.de;7.920547945205479
784;Renault;Captur;2016-11-01;10980.0;Fairer Preis;96400.0;Schaltgetriebe;Benzin;4.446879733591376;;118.0;0.1139004149377593;;;;True;Autoscout24.de;8.172602739726027
785;Dacia;Sandero;2015-11-01;7950.0;Fairer Preis;74855.0;Schaltgetriebe;Benzin;5.667036318575888;;90.0;0.1062053303052568;;;;True;Autoscout24.de;9.175342465753424
786;Mercedes-Benz;E 250;2015-03-01;17990.0;Sehr guter Preis;113598.0;Automatik;Benzin;6.916368407426106;;211.0;0.1583654641807074;;;;True;Autoscout24.de;9.846575342465753
787;Volkswagen;Polo;2020-12-01;9699.0;Sehr guter Preis;163900.0;Schaltgetriebe;Benzin;5.3;121.0;95.0;0.059176327028676;9.381;1736.18;2239.4;True;Autoscout24.de;4.087671232876712
788;Audi;A6;2015-12-01;17440.0;Guter Preis;198000.0;Automatik;Diesel;5.681364413787807;;272.0;0.088080808080808;;;;True;Autoscout24.de;9.093150684931507
789;Mercedes-Benz;C 220;2015-07-01;19485.0;Guter Preis;119168.0;Automatik;Diesel;4.0;103.0;170.0;0.1635086600429645;6.6;1221.49;1906.27;True;Autoscout24.de;9.512328767123288
790;Skoda;Yeti;2014-05-01;12500.0;Sehr guter Preis;110950.0;Schaltgetriebe;Diesel;6.3;167.0;140.0;0.1126633618747183;10.395;1923.85;3090.75;True;Autoscout24.de;10.67945205479452
791;Ford;B-Max;2017-06-01;8900.0;Sehr guter Preis;50000.0;Schaltgetriebe;Benzin;6.0;139.0;90.0;0.178;10.62;1965.49;2572.54;True;Autoscout24.de;7.5917808219178085
792;Renault;Megane;2015-07-01;9900.0;Guter Preis;138000.0;Schaltgetriebe;Diesel;5.6;148.0;163.0;0.0717391304347826;9.239999999999998;1710.09;2739.1;True;Autoscout24.de;9.512328767123288
793;Opel;Corsa;2014-09-01;6990.0;Fairer Preis;107097.0;Schaltgetriebe;Benzin;5.579494333745822;;87.0;0.0652679346760413;;;;True;Autoscout24.de;10.342465753424657
794;BMW;320;2015-10-01;17990.0;Guter Preis;127600.0;Automatik;Diesel;4.007923306047286;;190.0;0.140987460815047;;;;True;Autoscout24.de;9.26027397260274
795;Mercedes-Benz;GLE 250;2017-06-01;28900.0;Fairer Preis;139597.0;Automatik;Diesel;5.7;149.0;204.0;0.2070245062572978;9.405;1740.63;2757.61;True;Autoscout24.de;7.5917808219178085
796;Opel;Astra;2019-01-01;10890.0;Sehr guter Preis;77000.0;Schaltgetriebe;Diesel;4.5;118.0;110.0;0.1414285714285714;7.425;1374.18;2183.88;True;Autoscout24.de;6.005479452054795
797;Skoda;Fabia;2019-02-01;9900.0;Sehr guter Preis;51143.0;Schaltgetriebe;Benzin;4.8;129.0;75.0;0.1935748782824629;8.496;1572.39;2387.46;True;Autoscout24.de;5.920547945205479
798;Mitsubishi;Space Star;2016-12-01;6950.0;Guter Preis;37520.0;Schaltgetriebe;Benzin;5.423017047081186;;71.0;0.1852345415778251;;;;True;Autoscout24.de;8.09041095890411
799;Nissan;Qashqai;2017-06-01;12490.0;Sehr guter Preis;51000.0;Schaltgetriebe;Benzin;5.8;133.0;116.0;0.2449019607843137;10.266;1899.98;2461.49;True;Autoscout24.de;7.5917808219178085
800;Audi;SQ5;2014-07-01;26930.0;Fairer Preis;105007.0;Automatik;Diesel;6.8;180.0;313.0;0.2564590932033102;11.22;2076.54;3331.34;True;Autoscout24.de;10.512328767123288
801;BMW;X5;2014-03-01;24900.0;Guter Preis;165758.0;Automatik;Diesel;6.9;183.0;313.0;0.1502189939550429;11.385;2107.07;3386.86;True;Autoscout24.de;10.846575342465753
802;Volkswagen;Tiguan;2016-07-01;16900.0;Sehr guter Preis;118577.0;Automatik;Benzin;7.203409181374586;;200.0;0.1425234235981682;;;;True;Autoscout24.de;8.509589041095891
803;Mercedes-Benz;A 200;2015-06-01;16700.0;Guter Preis;116539.0;Automatik;Diesel;4.2;111.0;136.0;0.1432996679223264;6.93;1282.57;2054.33;True;Autoscout24.de;9.594520547945205
804;Hyundai;i40;2014-01-01;7999.0;Guter Preis;180460.0;Automatik;Diesel;4.7;125.0;136.0;0.0443256123240607;7.755;1435.25;2313.43;True;Autoscout24.de;11.008219178082191
805;Honda;HR-V;2016-02-01;12990.0;Guter Preis;81824.0;Schaltgetriebe;Benzin;4.324624473245841;;131.0;0.1587553773953852;;;;True;Autoscout24.de;8.923287671232877
806;SEAT;Leon;2016-02-01;18880.0;Sehr guter Preis;45739.0;Automatik;Benzin;6.6;154.0;290.0;0.4127768425195129;11.682;2162.04;2850.15;True;Autoscout24.de;8.923287671232877
807;Mercedes-Benz;C 220;2014-10-01;13980.0;Fairer Preis;193751.0;Schaltgetriebe;Diesel;4.0;106.0;170.0;0.0721544662995287;6.6;1221.49;1961.79;True;Autoscout24.de;10.26027397260274
808;Volkswagen;T-Roc;2018-07-01;17999.0;Sehr guter Preis;68900.0;Schaltgetriebe;Benzin;5.3;120.0;150.0;0.261233671988389;9.381;1736.18;2220.89;True;Autoscout24.de;6.50958904109589
809;Peugeot;2008;2019-02-01;12990.0;Sehr guter Preis;64500.0;Automatik;Benzin;5.5;126.0;110.0;0.2013953488372093;9.735;1801.7;2331.94;True;Autoscout24.de;5.920547945205479
810;Volkswagen;Amarok;2015-12-01;18780.0;Keine Information;182900.0;Automatik;Diesel;4.414340617968143;;179.0;0.1026790595954073;;;;True;Autoscout24.de;9.093150684931507
811;Toyota;Auris;;;Keine Information;;Keine Information;Keine Information;1.2408540070297147;;;;;;;True;Autoscout24.de;
812;BMW;120;2019-05-01;16990.0;Sehr guter Preis;99980.0;Automatik;Benzin;5.715293220821942;;184.0;0.1699339867973594;;;;True;Autoscout24.de;5.676712328767123
813;Toyota;Yaris;;;Keine Information;;Keine Information;Keine Information;1.2408540070297147;;;;;;;True;Autoscout24.de;
814;Citroen;DS3;2015-01-01;6000.0;Sehr guter Preis;94800.0;Schaltgetriebe;Benzin;4.567131259301693;;82.0;0.0632911392405063;;;;True;Autoscout24.de;10.008219178082191
815;Volvo;XC40;2019-11-01;14550.0;Guter Preis;200000.0;Schaltgetriebe;Benzin;6.2;142.0;163.0;0.07275;10.974;2031.01;2628.06;True;Autoscout24.de;5.1726027397260275
816;BMW;X5;2015-05-01;25900.0;Sehr guter Preis;144000.0;Automatik;Diesel;5.9;156.0;258.0;0.1798611111111111;9.735;1801.7;2887.16;True;Autoscout24.de;9.67945205479452
817;BMW;530;2017-04-01;23989.0;Sehr guter Preis;144750.0;Automatik;Diesel;4.5;;265.0;0.165727115716753;7.425;1374.18;;True;Autoscout24.de;7.758904109589041
818;Audi;A6;2018-03-01;17750.0;Sehr guter Preis;194740.0;Automatik;Diesel;4.6;119.0;218.0;0.0911471705864229;7.589999999999999;1404.72;2202.39;True;Autoscout24.de;6.843835616438356
819;Opel;Insignia;2018-03-01;17490.0;Sehr guter Preis;91000.0;Automatik;Diesel;5.7;150.0;170.0;0.1921978021978022;9.405;1740.63;2776.12;True;Autoscout24.de;6.843835616438356
820;Mercedes-Benz;GLC 250;2016-06-01;24999.0;Sehr guter Preis;79000.0;Automatik;Benzin;6.5;152.0;211.0;0.3164430379746835;11.505;2129.28;2813.13;True;Autoscout24.de;8.591780821917808
821;Mercedes-Benz;C 43 AMG;2016-02-01;29900.0;Guter Preis;160250.0;Automatik;Benzin;7.9;187.0;367.0;0.1865834633385335;13.983;2587.9;3460.89;True;Autoscout24.de;8.923287671232877
822;Mercedes-Benz;Vito;2015-01-01;22598.0;Sehr guter Preis;129050.0;Automatik;Diesel;5.929824858964154;;163.0;0.1751104223169314;;;;True;Autoscout24.de;10.008219178082191
823;Skoda;Octavia;2021-02-01;9900.0;Sehr guter Preis;211222.0;Automatik;Erdgas (CNG);4.325991700880525;114.0;131.0;0.0468701176960733;;;2109.85;True;Autoscout24.de;3.9178082191780823
824;Volkswagen;Touran;2016-06-01;13890.0;Fairer Preis;167100.0;Schaltgetriebe;Diesel;4.1587363876523655;;110.0;0.0831238779174147;;;;True;Autoscout24.de;8.591780821917808
825;Microcar;M.Go;2014-01-01;7950.0;Sehr guter Preis;4808.0;Automatik;Diesel;3.894249468593663;;5.0;1.6534941763727122;;;;True;Autoscout24.de;11.008219178082191
826;Audi;A1;2015-02-01;9989.0;Sehr guter Preis;117450.0;Schaltgetriebe;Benzin;4.7;;140.0;0.0850489570029799;8.319;1539.64;;True;Autoscout24.de;9.923287671232877
827;Kia;Ceed / cee'd;2018-01-01;10900.0;Sehr guter Preis;78778.0;Schaltgetriebe;Benzin;6.0;138.0;99.0;0.1383635025006981;10.62;1965.49;2554.03;True;Autoscout24.de;7.005479452054795
828;Kia;Stonic;2018-04-01;12950.0;Sehr guter Preis;38850.0;Schaltgetriebe;Benzin;5.398448080977042;;120.0;0.3333333333333333;;;;True;Autoscout24.de;6.758904109589041
829;Audi;A5;2016-04-01;18990.0;Fairer Preis;178609.0;Automatik;Diesel;4.3895345830578805;170.0;218.0;0.1063216299290629;;;3146.27;True;Autoscout24.de;8.758904109589041
830;Hyundai;TUCSON;2016-04-01;14500.0;Fairer Preis;190769.0;Automatik;Diesel;6.0;156.0;136.0;0.0760081564614795;9.9;1832.24;2887.16;True;Autoscout24.de;8.758904109589041
831;Volvo;XC90;2016-02-01;21900.0;Fairer Preis;243500.0;Automatik;Diesel;5.8;154.0;224.0;0.0899383983572895;9.57;1771.16;2850.15;True;Autoscout24.de;8.923287671232877
832;Land Rover;Range Rover Evoque;2016-11-01;17999.0;Fairer Preis;134745.0;Automatik;Diesel;4.8;134.0;150.0;0.1335782403799769;7.919999999999999;1465.79;2480.0;True;Autoscout24.de;8.172602739726027
833;Volkswagen;Arteon;2017-10-01;24990.0;Sehr guter Preis;119500.0;Automatik;Diesel;5.9;152.0;239.0;0.2091213389121339;9.735;1801.7;2813.13;True;Autoscout24.de;7.257534246575342
834;Kia;Optima;2019-02-01;14990.0;Sehr guter Preis;91493.0;Automatik;Diesel;4.6;122.0;136.0;0.1638376706414698;7.589999999999999;1404.72;2257.91;True;Autoscout24.de;5.920547945205479
835;Skoda;Citigo;2015-11-01;6990.0;Sehr guter Preis;89413.0;Schaltgetriebe;Benzin;4.711088718376182;;75.0;0.0781765515081699;;;;True;Autoscout24.de;9.175342465753424
836;Audi;S8;2017-08-01;40900.0;Sehr guter Preis;114500.0;Automatik;Benzin;10.0;;605.0;0.3572052401746725;17.7;3275.82;;True;Autoscout24.de;7.424657534246576
837;Volkswagen;Golf;2017-01-01;12880.0;Guter Preis;96228.0;Schaltgetriebe;Benzin;4.9;112.0;110.0;0.1338487758240844;8.673;1605.15;2072.84;True;Autoscout24.de;8.005479452054795
838;Mercedes-Benz;C 43 AMG;2016-02-01;29900.0;Sehr guter Preis;158000.0;Automatik;Benzin;7.9;187.0;367.0;0.1892405063291139;13.983;2587.9;3460.89;True;Autoscout24.de;8.923287671232877
839;Mercedes-Benz;G 350;2014-02-01;62990.0;Sehr guter Preis;109000.0;Automatik;Diesel;11.2;295.0;211.0;0.5778899082568807;18.48;3420.18;5459.7;False;Autoscout24.de;10.923287671232877
840;Fiat;500L;2014-06-01;7980.0;Sehr guter Preis;46791.0;Schaltgetriebe;Benzin;6.2;;95.0;0.1705456177470026;10.974;2031.01;;True;Autoscout24.de;10.594520547945205
841;Ford;Focus;2019-09-01;16990.0;Sehr guter Preis;91848.0;Automatik;Diesel;4.511573971022547;;150.0;0.1849795313997038;;;;True;Autoscout24.de;5.33972602739726
842;Audi;Q3;2017-02-01;14980.0;Sehr guter Preis;118000.0;Schaltgetriebe;Benzin;5.787642867785041;;150.0;0.1269491525423728;;;;True;Autoscout24.de;7.920547945205479
843;BMW;120;2017-04-01;14499.0;Sehr guter Preis;107200.0;Schaltgetriebe;Benzin;5.7;131.0;184.0;0.1352518656716418;10.089;1867.22;2424.48;True;Autoscout24.de;7.758904109589041
844;Hyundai;TUCSON;2015-11-01;13100.0;Keine Information;91765.0;Automatik;Diesel;6.241790165397502;;185.0;0.1427559527052798;;;;True;Autoscout24.de;9.175342465753424
845;Audi;A4;2015-06-01;10990.0;Sehr guter Preis;197500.0;Schaltgetriebe;Diesel;4.7;125.0;190.0;0.0556455696202531;7.755;1435.25;2313.43;True;Autoscout24.de;9.594520547945205
846;Audi;A6;2015-12-01;17440.0;Guter Preis;198000.0;Automatik;Diesel;5.681364413787807;;272.0;0.088080808080808;;;;True;Autoscout24.de;9.093150684931507
847;Opel;Insignia;2016-08-01;11299.0;Sehr guter Preis;128000.0;Automatik;Diesel;5.5;145.0;170.0;0.0882734375;9.075;1679.55;2683.58;True;Autoscout24.de;8.424657534246576
848;Opel;Karl;2017-04-01;4990.0;Sehr guter Preis;117000.0;Schaltgetriebe;Benzin;4.579944143459457;;75.0;0.0426495726495726;;;;True;Autoscout24.de;7.758904109589041
849;Audi;A1;2015-02-01;9989.0;Sehr guter Preis;117450.0;Schaltgetriebe;Benzin;4.7;;140.0;0.0850489570029799;8.319;1539.64;;True;Autoscout24.de;9.923287671232877
850;Volkswagen;T6 Transporter;2016-03-01;29300.0;Sehr guter Preis;154950.0;Automatik;Diesel;6.6;172.0;204.0;0.1890932558889964;10.89;2015.46;3183.28;True;Autoscout24.de;8.843835616438357
851;Opel;Corsa;2015-01-01;5990.0;Sehr guter Preis;83011.0;Schaltgetriebe;Benzin;5.7;135.0;87.0;0.0721591114430617;10.089;1867.22;2498.51;True;Autoscout24.de;10.008219178082191
852;Volkswagen;up!;2018-09-01;4001.0;Sehr guter Preis;187000.0;Schaltgetriebe;Benzin;5.061954130495892;;68.0;0.0213957219251336;;;;True;Autoscout24.de;6.33972602739726
853;Ford;Focus;2015-05-01;8990.0;Sehr guter Preis;62598.0;Schaltgetriebe;Benzin;4.8;113.0;125.0;0.1436148119748234;8.496;1572.39;2091.34;True;Autoscout24.de;9.67945205479452
854;Fiat;Tipo;2016-06-01;6640.0;Sehr guter Preis;107600.0;Schaltgetriebe;Benzin;5.7;133.0;95.0;0.0617100371747211;10.089;1867.22;2461.49;True;Autoscout24.de;8.591780821917808
855;Mercedes-Benz;E 220;2017-07-01;22989.0;Keine Information;134750.0;Automatik;Diesel;4.2;;194.0;0.1706048237476808;6.93;1282.57;;True;Autoscout24.de;7.50958904109589
856;Opel;Insignia;2017-01-01;14980.0;Sehr guter Preis;127600.0;Automatik;Benzin;11.0;253.0;325.0;0.117398119122257;19.47;3603.4;4682.39;False;Autoscout24.de;8.005479452054795
857;Nissan;Qashqai;2015-05-01;11800.0;Sehr guter Preis;109000.0;Schaltgetriebe;Diesel;4.9;129.0;131.0;0.1082568807339449;8.085;1496.33;2387.46;True;Autoscout24.de;9.67945205479452
858;Land Rover;Range Rover Evoque;2015-04-01;11950.0;Sehr guter Preis;187386.0;Schaltgetriebe;Diesel;5.7;151.0;150.0;0.063772106774252;9.405;1740.63;2794.63;True;Autoscout24.de;9.761643835616438
859;Land Rover;Discovery Sport;2015-08-01;12980.0;Guter Preis;151000.0;Schaltgetriebe;Diesel;5.8;;150.0;0.0859602649006622;9.57;1771.16;;True;Autoscout24.de;9.427397260273972
860;Audi;Q5;2016-01-01;19999.0;Sehr guter Preis;90000.0;Automatik;Diesel;5.7;151.0;163.0;0.2222111111111111;9.405;1740.63;2794.63;True;Autoscout24.de;9.008219178082191
861;BMW;X1;2015-12-01;14400.0;Guter Preis;162071.0;Automatik;Diesel;4.460627184914535;;190.0;0.0888499484793701;;;;True;Autoscout24.de;9.093150684931507
862;Audi;A4;2015-06-01;10990.0;Sehr guter Preis;197500.0;Schaltgetriebe;Diesel;4.7;125.0;190.0;0.0556455696202531;7.755;1435.25;2313.43;True;Autoscout24.de;9.594520547945205
863;BMW;420;2016-08-01;19800.0;Sehr guter Preis;123480.0;Automatik;Diesel;4.4;116.0;190.0;0.1603498542274052;7.26;1343.64;2146.86;True;Autoscout24.de;8.424657534246576
864;Hyundai;IONIQ;;;Keine Information;;Keine Information;Keine Information;2.0099942332234297;;;;;;;True;Autoscout24.de;
865;Opel;Corsa;2016-04-01;8490.0;Sehr guter Preis;66180.0;Schaltgetriebe;Benzin;5.0390046681919625;;101.0;0.128286491387126;;;;True;Autoscout24.de;8.758904109589041
866;Jeep;Renegade;2015-04-01;9990.0;Guter Preis;146776.0;Schaltgetriebe;Benzin;6.0;142.0;140.0;0.0680628985665231;10.62;1965.49;2628.06;True;Autoscout24.de;9.761643835616438
867;Mercedes-Benz;E 220;2015-03-01;15990.0;Guter Preis;193322.0;Automatik;Diesel;5.3;140.0;170.0;0.0827117451712686;8.745;1618.48;2591.04;True;Autoscout24.de;9.846575342465753
868;Volkswagen;Golf;2015-03-01;8900.0;Guter Preis;181971.0;Schaltgetriebe;Diesel;3.8;99.0;110.0;0.0489088920762099;6.27;1160.42;1832.24;True;Autoscout24.de;9.846575342465753
869;Kia;Sorento;2015-11-01;15950.0;Sehr guter Preis;148873.0;Automatik;Diesel;6.7;177.0;200.0;0.1071382990871413;11.055;2046.0;3275.82;True;Autoscout24.de;9.175342465753424
870;Volkswagen;Tiguan;2015-01-01;11490.0;Guter Preis;162522.0;Schaltgetriebe;Diesel;5.3;139.0;110.0;0.0706981208697899;8.745;1618.48;2572.54;True;Autoscout24.de;10.008219178082191
871;Alfa Romeo;Giulia;2016-11-01;13890.0;Sehr guter Preis;174400.0;Automatik;Diesel;3.8;99.0;179.0;0.079644495412844;6.27;1160.42;1832.24;True;Autoscout24.de;8.172602739726027
872;Audi;Q2;2018-06-01;17900.0;Sehr guter Preis;87400.0;Schaltgetriebe;Diesel;4.4;114.0;116.0;0.2048054919908467;7.26;1343.64;2109.85;True;Autoscout24.de;6.5917808219178085
873;Nissan;Qashqai;2017-06-01;12490.0;Sehr guter Preis;51000.0;Schaltgetriebe;Benzin;5.8;133.0;116.0;0.2449019607843137;10.266;1899.98;2461.49;True;Autoscout24.de;7.5917808219178085
874;BMW;118;2017-02-01;11799.0;Sehr guter Preis;139056.0;Automatik;Benzin;5.1;119.0;136.0;0.0848507076285813;9.027;1670.67;2202.39;True;Autoscout24.de;7.920547945205479
875;Fiat;Punto;2016-03-01;7300.0;Sehr guter Preis;31500.0;Schaltgetriebe;Benzin;5.430011767980901;;69.0;0.2317460317460317;;;;True;Autoscout24.de;8.843835616438357
876;Skoda;Fabia;2019-02-01;9900.0;Sehr guter Preis;51143.0;Schaltgetriebe;Benzin;4.8;129.0;75.0;0.1935748782824629;8.496;1572.39;2387.46;True;Autoscout24.de;5.920547945205479
877;Audi;A4;2015-01-01;13890.0;Sehr guter Preis;146179.0;Automatik;Diesel;4.7;129.0;150.0;0.0950204885790708;7.755;1435.25;2387.46;True;Autoscout24.de;10.008219178082191
878;Volkswagen;Touran;2015-11-01;11300.0;Sehr guter Preis;188220.0;Schaltgetriebe;Diesel;4.5;118.0;150.0;0.0600361279353947;7.425;1374.18;2183.88;True;Autoscout24.de;9.175342465753424
879;Volkswagen;Polo;2016-02-01;12550.0;Sehr guter Preis;33759.0;Automatik;Benzin;4.7;109.0;90.0;0.3717527177937735;8.319;1539.64;2017.31;True;Autoscout24.de;8.923287671232877
880;Hyundai;i30;2015-03-01;9780.0;Sehr guter Preis;79000.0;Schaltgetriebe;Benzin;5.7;134.0;135.0;0.1237974683544303;10.089;1867.22;2480.0;True;Autoscout24.de;9.846575342465753
881;Audi;A6;2015-12-01;17440.0;Guter Preis;198000.0;Automatik;Diesel;5.681364413787807;;272.0;0.088080808080808;;;;True;Autoscout24.de;9.093150684931507
882;Mercedes-Benz;A 180;2015-05-01;15750.0;Guter Preis;78200.0;Automatik;Benzin;5.5;130.0;122.0;0.2014066496163682;9.735;1801.7;2405.97;True;Autoscout24.de;9.67945205479452
883;Audi;Q5;2015-05-01;14499.0;Sehr guter Preis;240371.0;Automatik;Diesel;6.3;167.0;258.0;0.0603192564826871;10.395;1923.85;3090.75;True;Autoscout24.de;9.67945205479452
884;Volkswagen;Touran;2015-12-01;12780.0;Sehr guter Preis;131626.0;Schaltgetriebe;Diesel;4.33847851375543;;140.0;0.097093279443271;;;;True;Autoscout24.de;9.093150684931507
885;Volkswagen;Polo;2017-12-01;9800.0;Keine Information;100400.0;Schaltgetriebe;Benzin;4.524171270089573;;65.0;0.097609561752988;;;;True;Autoscout24.de;7.090410958904109
886;Ford;Fiesta;2017-05-01;9990.0;Sehr guter Preis;87418.0;Automatik;Benzin;4.460824758052345;;101.0;0.1142785238738017;;;;True;Autoscout24.de;7.676712328767123
887;Audi;A1;2019-05-01;16950.0;Sehr guter Preis;86000.0;Automatik;Benzin;4.9;111.0;116.0;0.1970930232558139;8.673;1605.15;2054.33;True;Autoscout24.de;5.676712328767123
888;Mitsubishi;Space Star;2018-05-01;9990.0;Sehr guter Preis;70000.0;Automatik;Benzin;5.19079572164839;;80.0;0.1427142857142857;;;;True;Autoscout24.de;6.676712328767123
889;Peugeot;2008;2019-02-01;12990.0;Sehr guter Preis;64500.0;Automatik;Benzin;5.5;126.0;110.0;0.2013953488372093;9.735;1801.7;2331.94;True;Autoscout24.de;5.920547945205479
890;Volkswagen;Golf Sportsvan;2015-03-01;12400.0;Sehr guter Preis;78850.0;Automatik;Diesel;3.9384917643122486;;110.0;0.1572606214331008;;;;True;Autoscout24.de;9.846575342465753
891;Mazda;CX-5;2015-11-01;9990.0;Sehr guter Preis;178632.0;Automatik;Diesel;5.5;144.0;175.0;0.055925030229746;9.075;1679.55;2665.07;True;Autoscout24.de;9.175342465753424
892;Opel;Mokka;2017-01-01;9880.0;Sehr guter Preis;115613.0;Schaltgetriebe;Benzin;6.0;142.0;140.0;0.0854575177531938;10.62;1965.49;2628.06;True;Autoscout24.de;8.005479452054795
893;Kia;Stonic;2018-04-01;12950.0;Sehr guter Preis;38850.0;Schaltgetriebe;Benzin;5.398448080977042;;120.0;0.3333333333333333;;;;True;Autoscout24.de;6.758904109589041
894;Opel;Corsa;2018-01-01;9900.0;Sehr guter Preis;86213.0;Automatik;Benzin;4.586319670508484;;90.0;0.1148318699036108;;;;True;Autoscout24.de;7.005479452054795
895;smart;forFour;2015-07-01;8499.0;Sehr guter Preis;66765.0;Automatik;Benzin;5.0;96.0;71.0;0.1272972365760503;8.85;1637.91;1776.72;True;Autoscout24.de;9.512328767123288
896;Skoda;Superb;2015-09-01;13240.0;Sehr guter Preis;124500.0;Automatik;Diesel;5.2;138.0;170.0;0.1063453815261044;8.58;1587.94;2554.03;True;Autoscout24.de;9.342465753424657
897;Mercedes-Benz;C 220;2018-02-01;17990.0;Sehr guter Preis;163244.0;Automatik;Diesel;4.7;124.0;170.0;0.1102031315086618;7.755;1435.25;2294.92;True;Autoscout24.de;6.920547945205479
898;BMW;320;2018-10-01;20900.0;Fairer Preis;170000.0;Automatik;Diesel;4.3;112.0;190.0;0.1229411764705882;7.095;1313.1;2072.84;True;Autoscout24.de;6.257534246575342
899;BMW;520;2015-10-01;16999.0;Guter Preis;151000.0;Automatik;Diesel;4.8;;190.0;0.1125761589403973;7.919999999999999;1465.79;;True;Autoscout24.de;9.26027397260274
900;Ford;Focus;2019-03-01;7999.0;Sehr guter Preis;198900.0;Schaltgetriebe;Diesel;4.157267484895112;;120.0;0.0402161890397184;;;;True;Autoscout24.de;5.843835616438356
901;BMW;M4;2018-07-01;45900.0;Sehr guter Preis;73198.0;Automatik;Benzin;9.836576552430824;;450.0;0.6270663132872483;;;;True;Autoscout24.de;6.50958904109589
902;Opel;Zafira;2018-04-01;13990.0;Keine Information;64683.0;Automatik;Benzin;5.014714474612238;;140.0;0.2162855773541734;;;;True;Autoscout24.de;6.758904109589041
903;Land Rover;Range Rover Evoque;2016-02-01;16900.0;Fairer Preis;152900.0;Schaltgetriebe;Diesel;4.8;125.0;179.0;0.1105297580117724;7.919999999999999;1465.79;2313.43;True;Autoscout24.de;8.923287671232877
904;Mercedes-Benz;E 350;2017-11-01;18850.0;Sehr guter Preis;236830.0;Automatik;Diesel;5.3;140.0;258.0;0.0795929569733564;8.745;1618.48;2591.04;True;Autoscout24.de;7.1726027397260275
905;Volkswagen;Golf;2016-06-01;11490.0;Fairer Preis;97500.0;Schaltgetriebe;Diesel;3.744069692802598;;90.0;0.1178461538461538;;;;True;Autoscout24.de;8.591780821917808
906;Ford;Focus;2018-01-01;9490.0;Sehr guter Preis;134000.0;Schaltgetriebe;Diesel;3.8;101.0;120.0;0.070820895522388;6.27;1160.42;1869.25;True;Autoscout24.de;7.005479452054795
907;Kia;Optima;2019-02-01;14990.0;Sehr guter Preis;91493.0;Automatik;Diesel;4.6;122.0;136.0;0.1638376706414698;7.589999999999999;1404.72;2257.91;True;Autoscout24.de;5.920547945205479
908;BMW;430;2018-01-01;28900.0;Sehr guter Preis;57431.0;Automatik;Benzin;6.7;;252.0;0.5032125507130295;11.859;2194.8;;True;Autoscout24.de;7.005479452054795
909;Volkswagen;Golf;2015-09-01;9950.0;Guter Preis;249985.0;Automatik;Diesel;4.5;119.0;150.0;0.0398023881432886;7.425;1374.18;2202.39;True;Autoscout24.de;9.342465753424657
910;Opel;Astra;2019-01-01;10890.0;Sehr guter Preis;77000.0;Schaltgetriebe;Diesel;4.5;118.0;110.0;0.1414285714285714;7.425;1374.18;2183.88;True;Autoscout24.de;6.005479452054795
911;Renault;Twingo;2017-02-01;12500.0;Guter Preis;49500.0;Automatik;Benzin;4.8;108.0;90.0;0.2525252525252525;8.496;1572.39;1998.81;True;Autoscout24.de;7.920547945205479
912;Audi;A6;2017-02-01;31890.0;Sehr guter Preis;107553.0;Automatik;Diesel;6.2;164.0;326.0;0.2965049789406153;10.23;1893.31;3035.22;True;Autoscout24.de;7.920547945205479
913;Mercedes-Benz;C 220;2019-06-01;18900.0;Sehr guter Preis;166941.0;Automatik;Diesel;4.5;;194.0;0.1132136503315542;7.425;1374.18;;True;Autoscout24.de;5.5917808219178085
914;BMW;120;2017-04-01;14499.0;Sehr guter Preis;107200.0;Schaltgetriebe;Benzin;5.7;131.0;184.0;0.1352518656716418;10.089;1867.22;2424.48;True;Autoscout24.de;7.758904109589041
915;Volkswagen;T-Roc;2018-07-01;17999.0;Sehr guter Preis;68900.0;Schaltgetriebe;Benzin;5.3;120.0;150.0;0.261233671988389;9.381;1736.18;2220.89;True;Autoscout24.de;6.50958904109589
916;Volkswagen;Touran;2016-03-01;14499.0;Erhöhter Preis;160522.0;Automatik;Diesel;4.2;109.0;110.0;0.090324067729034;6.93;1282.57;2017.31;True;Autoscout24.de;8.843835616438357
917;Skoda;Karoq;2019-08-01;17900.0;Sehr guter Preis;96000.0;Automatik;Diesel;3.5378075577907264;;116.0;0.1864583333333333;;;;True;Autoscout24.de;5.424657534246576
918;Opel;Insignia;2016-08-01;11299.0;Sehr guter Preis;128000.0;Automatik;Diesel;5.5;145.0;170.0;0.0882734375;9.075;1679.55;2683.58;True;Autoscout24.de;8.424657534246576
919;Mercedes-Benz;C 200;2016-08-01;20990.0;Fairer Preis;48136.0;Automatik;Diesel;3.9;99.0;136.0;0.436056174173176;6.435;1190.95;1832.24;True;Autoscout24.de;8.424657534246576
920;Renault;Captur;2016-11-01;10980.0;Fairer Preis;96400.0;Schaltgetriebe;Benzin;4.446879733591376;;118.0;0.1139004149377593;;;;True;Autoscout24.de;8.172602739726027
921;Dacia;Duster;2017-03-01;7990.0;Guter Preis;125000.0;Schaltgetriebe;Autogas (LPG);6.4;145.0;114.0;0.06392;1.4656000000000002;271.25;2683.58;True;Autoscout24.de;7.843835616438356
922;Mercedes-Benz;Vito;2016-08-01;22900.0;Sehr guter Preis;199900.0;Automatik;Diesel;5.8;;190.0;0.1145572786393196;9.57;1771.16;;True;Autoscout24.de;8.424657534246576
923;Nissan;Qashqai;2017-05-01;13990.0;Sehr guter Preis;58769.0;Schaltgetriebe;Benzin;5.6;129.0;116.0;0.2380506729738467;9.912;1834.46;2387.46;True;Autoscout24.de;7.676712328767123
924;BMW;520;2018-08-01;18850.0;Erhöhter Preis;237000.0;Schaltgetriebe;Diesel;4.2;109.0;190.0;0.0795358649789029;6.93;1282.57;2017.31;True;Autoscout24.de;6.424657534246576
925;Audi;A4;2015-07-01;13990.0;Guter Preis;133797.0;Automatik;Benzin;6.2;144.0;170.0;0.1045613877740158;10.974;2031.01;2665.07;True;Autoscout24.de;9.512328767123288
926;Volkswagen;Golf;2015-06-01;10900.0;Sehr guter Preis;114310.0;Schaltgetriebe;Benzin;4.9;114.0;105.0;0.0953547371183623;8.673;1605.15;2109.85;True;Autoscout24.de;9.594520547945205
927;Volkswagen;T-Cross;2020-12-01;14980.0;Sehr guter Preis;47700.0;Schaltgetriebe;Benzin;5.0735454466359915;;95.0;0.3140461215932914;;;;True;Autoscout24.de;4.087671232876712
928;SEAT;Leon;2016-02-01;18880.0;Sehr guter Preis;45739.0;Automatik;Benzin;6.6;154.0;290.0;0.4127768425195129;11.682;2162.04;2850.15;True;Autoscout24.de;8.923287671232877
929;Land Rover;Range Rover Evoque;2016-11-01;17999.0;Fairer Preis;134745.0;Automatik;Diesel;4.8;134.0;150.0;0.1335782403799769;7.919999999999999;1465.79;2480.0;True;Autoscout24.de;8.172602739726027
930;Opel;Mokka X;2018-08-01;13490.0;Sehr guter Preis;42567.0;Schaltgetriebe;Benzin;5.16001413255842;0.0;140.0;0.3169121620034298;;;0.0;True;Autoscout24.de;6.424657534246576
931;Dacia;Sandero;2019-01-01;10980.0;Sehr guter Preis;14300.0;Schaltgetriebe;Benzin;5.633605167657465;;90.0;0.7678321678321678;;;;True;Autoscout24.de;6.005479452054795
932;Volkswagen;Passat Variant;2017-10-01;22970.0;Guter Preis;114000.0;Automatik;Diesel;5.237262270488124;;239.0;0.2014912280701754;;;;True;Autoscout24.de;7.257534246575342
933;SEAT;Arona;2021-03-01;15980.0;Sehr guter Preis;65150.0;Automatik;Benzin;4.58433552093992;;110.0;0.2452801227935533;;;;True;Autoscout24.de;3.841095890410959
934;Volkswagen;Passat;2018-09-01;13910.0;Fairer Preis;172300.0;Schaltgetriebe;Diesel;4.199591588773384;;150.0;0.0807312826465467;;;;True;Autoscout24.de;6.33972602739726
935;Peugeot;308;2019-08-01;8750.0;Sehr guter Preis;143898.0;Automatik;Benzin;4.983910066781962;;131.0;0.0608069604858997;;;;True;Autoscout24.de;5.424657534246576
936;Kia;Niro;;;Keine Information;;Keine Information;Keine Information;2.8935671310591173;;;;;;;True;Autoscout24.de;
937;Opel;Karl;2017-04-01;4990.0;Sehr guter Preis;117000.0;Schaltgetriebe;Benzin;4.579944143459457;;75.0;0.0426495726495726;;;;True;Autoscout24.de;7.758904109589041
938;Volkswagen;Touareg;2015-11-01;24800.0;Guter Preis;110908.0;Automatik;Diesel;6.9;180.0;262.0;0.223608756807444;11.385;2107.07;3331.34;True;Autoscout24.de;9.175342465753424
939;Volkswagen;Polo;2020-12-01;9699.0;Sehr guter Preis;163900.0;Schaltgetriebe;Benzin;5.3;121.0;95.0;0.059176327028676;9.381;1736.18;2239.4;True;Autoscout24.de;4.087671232876712
940;Volkswagen;Golf;2017-01-01;12880.0;Guter Preis;96228.0;Schaltgetriebe;Benzin;4.9;112.0;110.0;0.1338487758240844;8.673;1605.15;2072.84;True;Autoscout24.de;8.005479452054795
941;Porsche;Boxster;2015-07-01;39990.0;Keine Information;40900.0;Schaltgetriebe;Benzin;8.4;;265.0;0.9777506112469436;14.868;2751.69;;True;Autoscout24.de;9.512328767123288
942;Audi;S8;2017-08-01;40900.0;Sehr guter Preis;114500.0;Automatik;Benzin;10.0;;605.0;0.3572052401746725;17.7;3275.82;;True;Autoscout24.de;7.424657534246576
943;Opel;Insignia;2018-03-01;17490.0;Sehr guter Preis;91000.0;Automatik;Diesel;5.7;150.0;170.0;0.1921978021978022;9.405;1740.63;2776.12;True;Autoscout24.de;6.843835616438356
944;Volkswagen;Tiguan;2016-07-01;16900.0;Sehr guter Preis;118577.0;Automatik;Benzin;7.203409181374586;;200.0;0.1425234235981682;;;;True;Autoscout24.de;8.509589041095891
945;Mercedes-Benz;C 400;2016-08-01;28420.0;Fairer Preis;134000.0;Automatik;Benzin;8.792006327547453;;333.0;0.2120895522388059;;;;True;Autoscout24.de;8.424657534246576
946;Ford;Kuga;2018-09-01;15870.0;Fairer Preis;126500.0;Schaltgetriebe;Benzin;6.2;146.0;150.0;0.1254545454545454;10.974;2031.01;2702.09;True;Autoscout24.de;6.33972602739726
947;Volkswagen;Golf;2017-02-01;11410.0;Sehr guter Preis;149980.0;Schaltgetriebe;Benzin;5.184630757434888;;150.0;0.0760768102413655;;;;True;Autoscout24.de;7.920547945205479
948;Ford;Focus;2019-09-01;16990.0;Sehr guter Preis;91848.0;Automatik;Diesel;4.511573971022547;;150.0;0.1849795313997038;;;;True;Autoscout24.de;5.33972602739726
949;Volkswagen;Polo;2017-01-01;10740.0;Guter Preis;36531.0;Schaltgetriebe;Benzin;4.7;107.0;90.0;0.293996879362733;8.319;1539.64;1980.3;True;Autoscout24.de;8.005479452054795
950;Peugeot;2008;2015-07-01;6993.0;Sehr guter Preis;106462.0;Schaltgetriebe;Benzin;5.196679913060531;;82.0;0.0656854088782852;;;;True;Autoscout24.de;9.512328767123288
951;Hyundai;i30;2017-10-01;13960.0;Guter Preis;57090.0;Schaltgetriebe;Benzin;5.035503459774253;;120.0;0.2445261867227185;;;;True;Autoscout24.de;7.257534246575342
952;Mercedes-Benz;GLE 250;2017-06-01;28900.0;Fairer Preis;139597.0;Automatik;Diesel;5.7;149.0;204.0;0.2070245062572978;9.405;1740.63;2757.61;True;Autoscout24.de;7.5917808219178085
953;Audi;Q3;2017-02-01;14980.0;Sehr guter Preis;118000.0;Schaltgetriebe;Benzin;5.787642867785041;;150.0;0.1269491525423728;;;;True;Autoscout24.de;7.920547945205479
954;Audi;Q7;2017-03-01;24399.0;Fairer Preis;280671.0;Automatik;Diesel;6.2;163.0;272.0;0.0869309618735102;10.23;1893.31;3016.72;True;Autoscout24.de;7.843835616438356
955;Mercedes-Benz;E 250;2015-03-01;17990.0;Sehr guter Preis;113598.0;Automatik;Benzin;6.916368407426106;;211.0;0.1583654641807074;;;;True;Autoscout24.de;9.846575342465753
956;Audi;A1;2015-02-01;9989.0;Sehr guter Preis;117450.0;Schaltgetriebe;Benzin;4.7;;140.0;0.0850489570029799;8.319;1539.64;;True;Autoscout24.de;9.923287671232877
957;Opel;Corsa;2021-07-01;11450.0;Sehr guter Preis;23150.0;Schaltgetriebe;Benzin;4.248399986721429;;75.0;0.4946004319654428;;;;True;Autoscout24.de;3.506849315068493
958;BMW;530;2017-04-01;23989.0;Sehr guter Preis;144750.0;Automatik;Diesel;4.5;;265.0;0.165727115716753;7.425;1374.18;;True;Autoscout24.de;7.758904109589041
959;Volkswagen;Golf;2022-06-01;14790.0;Sehr guter Preis;86538.0;Schaltgetriebe;Benzin;5.497407841737637;;110.0;0.1709075781737502;;;;True;Autoscout24.de;2.589041095890411
960;Volkswagen;Tiguan;2017-12-01;22485.0;Sehr guter Preis;79015.0;Automatik;Benzin;6.691279841064365;;179.0;0.284566221603493;;;;True;Autoscout24.de;7.090410958904109
961;BMW;118;2019-06-01;15620.0;Sehr guter Preis;47714.0;Schaltgetriebe;Benzin;5.9;171.0;136.0;0.3273672297438907;10.443;1932.73;3164.77;True;Autoscout24.de;5.5917808219178085
962;Peugeot;2008;2015-05-01;7790.0;Sehr guter Preis;120000.0;Schaltgetriebe;Diesel;4.0;123.0;92.0;0.0649166666666666;6.6;1221.49;2276.42;True;Autoscout24.de;9.67945205479452
963;Mercedes-Benz;GLC 250;2016-06-01;24999.0;Sehr guter Preis;79000.0;Automatik;Benzin;6.5;152.0;211.0;0.3164430379746835;11.505;2129.28;2813.13;True;Autoscout24.de;8.591780821917808
964;Volkswagen;Tiguan;2017-07-01;16749.0;Sehr guter Preis;72450.0;Schaltgetriebe;Benzin;6.1;;125.0;0.2311801242236024;10.797;1998.25;;True;Autoscout24.de;7.50958904109589
965;Skoda;Octavia;2017-08-01;15890.0;Sehr guter Preis;51264.0;Automatik;Benzin;4.7;109.0;116.0;0.3099641073657928;8.319;1539.64;2017.31;True;Autoscout24.de;7.424657534246576
966;Mercedes-Benz;C 220;2015-07-01;19485.0;Guter Preis;119168.0;Automatik;Diesel;4.0;103.0;170.0;0.1635086600429645;6.6;1221.49;1906.27;True;Autoscout24.de;9.512328767123288
967;Fiat;500;2020-02-01;8590.0;Sehr guter Preis;73000.0;Schaltgetriebe;Benzin;5.5;126.0;69.0;0.1176712328767123;9.735;1801.7;2331.94;True;Autoscout24.de;4.920547945205479
968;SEAT;Ateca;2018-02-01;19990.0;Guter Preis;86026.0;Automatik;Benzin;4.70972384240364;125.0;150.0;0.2323716085834515;;;2313.43;True;Autoscout24.de;6.920547945205479
969;Opel;Insignia;2021-08-01;13990.0;Keine Information;122000.0;Automatik;Diesel;5.7;149.0;174.0;0.1146721311475409;9.405;1740.63;2757.61;True;Autoscout24.de;3.421917808219178
970;Volkswagen;Golf;2020-12-01;16990.0;Sehr guter Preis;63900.0;Schaltgetriebe;Diesel;4.493780363134361;119.0;116.0;0.2658841940532081;;;2202.39;True;Autoscout24.de;4.087671232876712
971;Audi;A5;2016-04-01;18990.0;Fairer Preis;178609.0;Automatik;Diesel;4.3895345830578805;170.0;218.0;0.1063216299290629;;;3146.27;True;Autoscout24.de;8.758904109589041
972;Audi;Q2;2018-11-01;15990.0;Guter Preis;114565.0;Automatik;Benzin;5.4;124.0;116.0;0.1395714223366647;9.558000000000002;1768.94;2294.92;True;Autoscout24.de;6.1726027397260275
973;BMW;320;2015-10-01;17990.0;Guter Preis;127600.0;Automatik;Diesel;4.007923306047286;;190.0;0.140987460815047;;;;True;Autoscout24.de;9.26027397260274
974;Mercedes-Benz;C 43 AMG;2016-02-01;29900.0;Guter Preis;160250.0;Automatik;Benzin;7.9;187.0;367.0;0.1865834633385335;13.983;2587.9;3460.89;True;Autoscout24.de;8.923287671232877
975;Volkswagen;T6 Transporter;2016-03-01;29300.0;Sehr guter Preis;154950.0;Automatik;Diesel;6.6;172.0;204.0;0.1890932558889964;10.89;2015.46;3183.28;True;Autoscout24.de;8.843835616438357
976;BMW;118;2020-03-01;16980.0;Sehr guter Preis;54950.0;Schaltgetriebe;Benzin;5.904631987810455;;140.0;0.3090081892629663;;;;True;Autoscout24.de;4.841095890410959
977;Honda;HR-V;2016-02-01;12990.0;Guter Preis;81824.0;Schaltgetriebe;Benzin;4.324624473245841;;131.0;0.1587553773953852;;;;True;Autoscout24.de;8.923287671232877
978;Volkswagen;Amarok;2015-12-01;18780.0;Keine Information;182900.0;Automatik;Diesel;4.414340617968143;;179.0;0.1026790595954073;;;;True;Autoscout24.de;9.093150684931507
979;Ford;S-Max;2017-11-01;18890.0;Sehr guter Preis;61950.0;Schaltgetriebe;Diesel;4.371700559988062;;150.0;0.3049233252623083;;;;True;Autoscout24.de;7.1726027397260275
980;Jaguar;XF;2018-09-01;18650.0;Keine Information;133200.0;Automatik;Benzin;7.5;171.0;300.0;0.140015015015015;13.275;2456.86;3164.77;True;Autoscout24.de;6.33972602739726
981;Mercedes-Benz;A 200;2015-06-01;16700.0;Guter Preis;116539.0;Automatik;Diesel;4.2;111.0;136.0;0.1432996679223264;6.93;1282.57;2054.33;True;Autoscout24.de;9.594520547945205
982;Audi;A1;2015-08-01;11740.0;Erhöhter Preis;138102.0;Schaltgetriebe;Diesel;3.9;102.0;116.0;0.0850096305629172;6.435;1190.95;1887.76;True;Autoscout24.de;9.427397260273972
983;Mercedes-Benz;B 220;2016-06-01;19850.0;Sehr guter Preis;49000.0;Automatik;Benzin;6.7;156.0;184.0;0.4051020408163265;11.859;2194.8;2887.16;True;Autoscout24.de;8.591780821917808
984;Audi;A6;2017-05-01;23900.0;Fairer Preis;156700.0;Automatik;Diesel;5.3;140.0;218.0;0.1525207402680281;8.745;1618.48;2591.04;True;Autoscout24.de;7.676712328767123
985;Kia;Niro;;;Keine Information;;Keine Information;Keine Information;2.8935671310591173;;;;;;;True;Autoscout24.de;
986;Dacia;Sandero;2015-11-01;7950.0;Fairer Preis;74855.0;Schaltgetriebe;Benzin;5.667036318575888;;90.0;0.1062053303052568;;;;True;Autoscout24.de;9.175342465753424
987;Volkswagen;Arteon;2017-10-01;24990.0;Sehr guter Preis;119500.0;Automatik;Diesel;5.9;152.0;239.0;0.2091213389121339;9.735;1801.7;2813.13;True;Autoscout24.de;7.257534246575342
988;Kia;Picanto;2017-04-01;13880.0;Sehr guter Preis;21008.0;Automatik;Benzin;5.293830988132127;124.0;84.0;0.6607006854531607;;;2294.92;True;Autoscout24.de;7.758904109589041
989;Opel;Corsa;2020-08-01;9450.0;Sehr guter Preis;99747.0;Schaltgetriebe;Diesel;3.2;85.0;102.0;0.0947396914192908;5.28;977.19;1573.13;True;Autoscout24.de;4.421917808219178
990;Renault;Megane;2015-07-01;9900.0;Guter Preis;138000.0;Schaltgetriebe;Diesel;5.6;148.0;163.0;0.0717391304347826;9.239999999999998;1710.09;2739.1;True;Autoscout24.de;9.512328767123288
991;Volvo;XC90;2016-02-01;21900.0;Fairer Preis;243500.0;Automatik;Diesel;5.8;154.0;224.0;0.0899383983572895;9.57;1771.16;2850.15;True;Autoscout24.de;8.923287671232877
992;Peugeot;308;2019-03-01;10950.0;Sehr guter Preis;73000.0;Schaltgetriebe;Diesel;3.8845952231498155;;131.0;0.15;;;;True;Autoscout24.de;5.843835616438356
993;Mercedes-Benz;C 43 AMG;2016-02-01;29900.0;Sehr guter Preis;158000.0;Automatik;Benzin;7.9;187.0;367.0;0.1892405063291139;13.983;2587.9;3460.89;True;Autoscout24.de;8.923287671232877
994;Subaru;Forester;2017-08-01;9900.0;Keine Information;131000.0;Automatik;Diesel;6.1;158.0;147.0;0.0755725190839694;10.065;1862.78;2924.18;True;Autoscout24.de;7.424657534246576
995;Mitsubishi;ASX;2019-01-01;12950.0;Guter Preis;170000.0;Automatik;Diesel;5.8;154.0;150.0;0.0761764705882352;9.57;1771.16;2850.15;True;Autoscout24.de;6.005479452054795
996;Ford;Kuga;2017-04-01;15490.0;Keine Information;100000.0;Schaltgetriebe;Diesel;5.2;135.0;150.0;0.1549;8.58;1587.94;2498.51;True;Autoscout24.de;7.758904109589041
997;Volkswagen;Touran;2016-06-01;13890.0;Fairer Preis;167100.0;Schaltgetriebe;Diesel;4.1587363876523655;;110.0;0.0831238779174147;;;;True;Autoscout24.de;8.591780821917808
998;Peugeot;208;2018-06-01;12750.0;Sehr guter Preis;22513.0;Automatik;Benzin;4.8;110.0;110.0;0.5663394483187492;8.496;1572.39;2035.82;True;Autoscout24.de;6.5917808219178085
999;Kia;Ceed / cee'd;2018-01-01;10900.0;Sehr guter Preis;78778.0;Schaltgetriebe;Benzin;6.0;138.0;99.0;0.1383635025006981;10.62;1965.49;2554.03;True;Autoscout24.de;7.005479452054795
1000;Hyundai;i20;2018-07-01;11480.0;Guter Preis;19350.0;Schaltgetriebe;Benzin;4.407752534459648;;84.0;0.59328165374677;;;;True;Autoscout24.de;6.50958904109589
1001;Citroen;C1;2017-03-01;8170.0;Sehr guter Preis;18016.0;Schaltgetriebe;Benzin;4.1;95.0;69.0;0.4534857904085257;7.257;1343.09;1758.21;True;Autoscout24.de;7.843835616438356
1002;Peugeot;2008;2019-01-01;12999.0;Sehr guter Preis;54531.0;Automatik;Benzin;5.5;126.0;110.0;0.238378170215107;9.735;1801.7;2331.94;True;Autoscout24.de;6.005479452054795
1003;Dacia;Logan;2017-07-01;6900.0;Guter Preis;157000.0;Automatik;Diesel;3.6;92.0;90.0;0.0439490445859872;5.94;1099.34;1702.69;True;Autoscout24.de;7.50958904109589
1004;Skoda;Rapid/Spaceback;2017-12-01;9480.0;Fairer Preis;108400.0;Schaltgetriebe;Benzin;4.4;101.0;95.0;0.0874538745387453;7.788000000000001;1441.36;1869.25;True;Autoscout24.de;7.090410958904109
1005;Renault;Espace;2018-11-01;17890.0;Sehr guter Preis;130000.0;Automatik;Diesel;4.7;125.0;160.0;0.1376153846153846;7.755;1435.25;2313.43;True;Autoscout24.de;6.1726027397260275
1006;Peugeot;2008;2018-05-01;11750.0;Sehr guter Preis;62200.0;Schaltgetriebe;Benzin;5.432678103764092;;131.0;0.1889067524115755;;;;True;Autoscout24.de;6.676712328767123
1007;Ford;Grand C-Max;2017-05-01;11490.0;Sehr guter Preis;79818.0;Schaltgetriebe;Benzin;5.4050270321128515;;150.0;0.143952491919116;;;;True;Autoscout24.de;7.676712328767123
1008;Jeep;Compass;2018-12-01;15200.0;Guter Preis;141009.0;Automatik;Diesel;6.3;197.0;140.0;0.1077945379372947;10.395;1923.85;3645.97;True;Autoscout24.de;6.090410958904109
1009;Volkswagen;Tiguan;2016-04-01;18780.0;Sehr guter Preis;103544.0;Automatik;Diesel;5.7;149.0;150.0;0.1813721702850962;9.405;1740.63;2757.61;True;Autoscout24.de;8.758904109589041
1010;Mazda;CX-3;2018-03-01;14690.0;Sehr guter Preis;111120.0;Automatik;Benzin;6.3;146.0;150.0;0.1321994240460763;11.151;2063.77;2702.09;True;Autoscout24.de;6.843835616438356
1011;Nissan;X-Trail;2017-06-01;10980.0;Guter Preis;262137.0;Automatik;Diesel;4.466037502894627;;131.0;0.0418864944666338;;;;True;Autoscout24.de;7.5917808219178085
1012;Opel;Insignia;2016-08-01;11299.0;Sehr guter Preis;128000.0;Automatik;Diesel;5.5;145.0;170.0;0.0882734375;9.075;1679.55;2683.58;True;Autoscout24.de;8.424657534246576
1013;Opel;Karl;2017-04-01;4990.0;Sehr guter Preis;117000.0;Schaltgetriebe;Benzin;4.579944143459457;;75.0;0.0426495726495726;;;;True;Autoscout24.de;7.758904109589041
1014;Volkswagen;T6 Transporter;2016-03-01;29300.0;Sehr guter Preis;154950.0;Automatik;Diesel;6.6;172.0;204.0;0.1890932558889964;10.89;2015.46;3183.28;True;Autoscout24.de;8.843835616438357
1015;Mercedes-Benz;E 220;2017-07-01;22989.0;Keine Information;134750.0;Automatik;Diesel;4.2;;194.0;0.1706048237476808;6.93;1282.57;;True;Autoscout24.de;7.50958904109589
1016;Skoda;Kamiq;2019-12-01;11450.0;Sehr guter Preis;182100.0;Schaltgetriebe;Diesel;4.2;;116.0;0.0628775398132894;6.93;1282.57;;True;Autoscout24.de;5.090410958904109
1017;Volkswagen;up!;2018-09-01;4001.0;Sehr guter Preis;187000.0;Schaltgetriebe;Benzin;5.061954130495892;;68.0;0.0213957219251336;;;;True;Autoscout24.de;6.33972602739726
1018;Skoda;Fabia;2019-02-01;9900.0;Sehr guter Preis;51143.0;Schaltgetriebe;Benzin;4.8;129.0;75.0;0.1935748782824629;8.496;1572.39;2387.46;True;Autoscout24.de;5.920547945205479
1019;Audi;Q2;2018-06-01;17900.0;Sehr guter Preis;87400.0;Schaltgetriebe;Diesel;4.4;114.0;116.0;0.2048054919908467;7.26;1343.64;2109.85;True;Autoscout24.de;6.5917808219178085
1020;Peugeot;2008;2019-02-01;12990.0;Sehr guter Preis;64500.0;Automatik;Benzin;5.5;126.0;110.0;0.2013953488372093;9.735;1801.7;2331.94;True;Autoscout24.de;5.920547945205479
1021;Opel;Insignia;2017-01-01;14980.0;Sehr guter Preis;127600.0;Automatik;Benzin;11.0;253.0;325.0;0.117398119122257;19.47;3603.4;4682.39;False;Autoscout24.de;8.005479452054795
1022;Audi;Q5;2016-01-01;19999.0;Sehr guter Preis;90000.0;Automatik;Diesel;5.7;151.0;163.0;0.2222111111111111;9.405;1740.63;2794.63;True;Autoscout24.de;9.008219178082191
1023;Audi;A1;2019-05-01;16950.0;Sehr guter Preis;86000.0;Automatik;Benzin;4.9;111.0;116.0;0.1970930232558139;8.673;1605.15;2054.33;True;Autoscout24.de;5.676712328767123
1024;BMW;420;2016-08-01;19800.0;Sehr guter Preis;123480.0;Automatik;Diesel;4.4;116.0;190.0;0.1603498542274052;7.26;1343.64;2146.86;True;Autoscout24.de;8.424657534246576
1025;SEAT;Arona;2021-03-01;15980.0;Sehr guter Preis;65150.0;Automatik;Benzin;4.58433552093992;;110.0;0.2452801227935533;;;;True;Autoscout24.de;3.841095890410959
1026;Opel;Zafira;2018-04-01;13990.0;Keine Information;64683.0;Automatik;Benzin;5.014714474612238;;140.0;0.2162855773541734;;;;True;Autoscout24.de;6.758904109589041
1027;Mitsubishi;Space Star;2018-05-01;9990.0;Sehr guter Preis;70000.0;Automatik;Benzin;5.19079572164839;;80.0;0.1427142857142857;;;;True;Autoscout24.de;6.676712328767123
1028;Kia;Optima;2019-02-01;14990.0;Sehr guter Preis;91493.0;Automatik;Diesel;4.6;122.0;136.0;0.1638376706414698;7.589999999999999;1404.72;2257.91;True;Autoscout24.de;5.920547945205479
1029;Maserati;Levante;2016-10-01;25990.0;Sehr guter Preis;167000.0;Automatik;Diesel;8.3;220.0;275.0;0.15562874251497;13.695;2534.6;4071.64;True;Autoscout24.de;8.257534246575343
1030;Opel;Insignia;2016-08-01;11299.0;Sehr guter Preis;128000.0;Automatik;Diesel;5.5;145.0;170.0;0.0882734375;9.075;1679.55;2683.58;True;Autoscout24.de;8.424657534246576
1031;Hyundai;IONIQ;;;Keine Information;;Keine Information;Keine Information;2.0099942332234297;;;;;;;True;Autoscout24.de;
1032;Kia;Stonic;2018-04-01;12950.0;Sehr guter Preis;38850.0;Schaltgetriebe;Benzin;5.398448080977042;;120.0;0.3333333333333333;;;;True;Autoscout24.de;6.758904109589041
1033;BMW;120;2019-05-01;16990.0;Sehr guter Preis;99980.0;Automatik;Benzin;5.715293220821942;;184.0;0.1699339867973594;;;;True;Autoscout24.de;5.676712328767123
1034;Opel;Corsa;2018-01-01;9900.0;Sehr guter Preis;86213.0;Automatik;Benzin;4.586319670508484;;90.0;0.1148318699036108;;;;True;Autoscout24.de;7.005479452054795
1035;Nissan;Qashqai;2017-06-01;12490.0;Sehr guter Preis;51000.0;Schaltgetriebe;Benzin;5.8;133.0;116.0;0.2449019607843137;10.266;1899.98;2461.49;True;Autoscout24.de;7.5917808219178085
1036;Opel;Corsa;2016-04-01;8490.0;Sehr guter Preis;66180.0;Schaltgetriebe;Benzin;5.0390046681919625;;101.0;0.128286491387126;;;;True;Autoscout24.de;8.758904109589041
1037;Alfa Romeo;Giulia;2016-11-01;13890.0;Sehr guter Preis;174400.0;Automatik;Diesel;3.8;99.0;179.0;0.079644495412844;6.27;1160.42;1832.24;True;Autoscout24.de;8.172602739726027
1038;Opel;Astra;2019-01-01;10890.0;Sehr guter Preis;77000.0;Schaltgetriebe;Diesel;4.5;118.0;110.0;0.1414285714285714;7.425;1374.18;2183.88;True;Autoscout24.de;6.005479452054795
1039;Opel;Corsa;2021-07-01;11450.0;Sehr guter Preis;23150.0;Schaltgetriebe;Benzin;4.248399986721429;;75.0;0.4946004319654428;;;;True;Autoscout24.de;3.506849315068493
1040;Mercedes-Benz;C 220;2018-02-01;17990.0;Sehr guter Preis;163244.0;Automatik;Diesel;4.7;124.0;170.0;0.1102031315086618;7.755;1435.25;2294.92;True;Autoscout24.de;6.920547945205479
1041;BMW;320;2018-10-01;20900.0;Fairer Preis;170000.0;Automatik;Diesel;4.3;112.0;190.0;0.1229411764705882;7.095;1313.1;2072.84;True;Autoscout24.de;6.257534246575342
1042;Volkswagen;T-Cross;2020-12-01;14980.0;Sehr guter Preis;47700.0;Schaltgetriebe;Benzin;5.0735454466359915;;95.0;0.3140461215932914;;;;True;Autoscout24.de;4.087671232876712
1043;BMW;M4;2018-07-01;45900.0;Sehr guter Preis;73198.0;Automatik;Benzin;9.836576552430824;;450.0;0.6270663132872483;;;;True;Autoscout24.de;6.50958904109589
1044;Fiat;Punto;2016-03-01;7300.0;Sehr guter Preis;31500.0;Schaltgetriebe;Benzin;5.430011767980901;;69.0;0.2317460317460317;;;;True;Autoscout24.de;8.843835616438357
1045;Opel;Insignia;2018-03-01;17490.0;Sehr guter Preis;91000.0;Automatik;Diesel;5.7;150.0;170.0;0.1921978021978022;9.405;1740.63;2776.12;True;Autoscout24.de;6.843835616438356
1046;Ford;Focus;2018-01-01;9490.0;Sehr guter Preis;134000.0;Schaltgetriebe;Diesel;3.8;101.0;120.0;0.070820895522388;6.27;1160.42;1869.25;True;Autoscout24.de;7.005479452054795
1047;Opel;Mokka X;2018-08-01;13490.0;Sehr guter Preis;42567.0;Schaltgetriebe;Benzin;5.16001413255842;0.0;140.0;0.3169121620034298;;;0.0;True;Autoscout24.de;6.424657534246576
1048;Volkswagen;T-Roc;2018-07-01;17999.0;Sehr guter Preis;68900.0;Schaltgetriebe;Benzin;5.3;120.0;150.0;0.261233671988389;9.381;1736.18;2220.89;True;Autoscout24.de;6.50958904109589
1049;Opel;Karl;2017-04-01;4990.0;Sehr guter Preis;117000.0;Schaltgetriebe;Benzin;4.579944143459457;;75.0;0.0426495726495726;;;;True;Autoscout24.de;7.758904109589041
1050;Volkswagen;Golf;2020-12-01;16990.0;Sehr guter Preis;63900.0;Schaltgetriebe;Diesel;4.493780363134361;119.0;116.0;0.2658841940532081;;;2202.39;True;Autoscout24.de;4.087671232876712
1051;Mercedes-Benz;E 350;2017-11-01;18850.0;Sehr guter Preis;236830.0;Automatik;Diesel;5.3;140.0;258.0;0.0795929569733564;8.745;1618.48;2591.04;True;Autoscout24.de;7.1726027397260275
1052;BMW;118;2020-03-01;16980.0;Sehr guter Preis;54950.0;Schaltgetriebe;Benzin;5.904631987810455;;140.0;0.3090081892629663;;;;True;Autoscout24.de;4.841095890410959
1053;Ford;Focus;2019-03-01;7999.0;Sehr guter Preis;198900.0;Schaltgetriebe;Diesel;4.157267484895112;;120.0;0.0402161890397184;;;;True;Autoscout24.de;5.843835616438356
1054;Volkswagen;Golf;2022-06-01;14790.0;Sehr guter Preis;86538.0;Schaltgetriebe;Benzin;5.497407841737637;;110.0;0.1709075781737502;;;;True;Autoscout24.de;2.589041095890411
1055;Volkswagen;Polo;2016-02-01;12550.0;Sehr guter Preis;33759.0;Automatik;Benzin;4.7;109.0;90.0;0.3717527177937735;8.319;1539.64;2017.31;True;Autoscout24.de;8.923287671232877
1056;Dacia;Sandero;2019-01-01;10980.0;Sehr guter Preis;14300.0;Schaltgetriebe;Benzin;5.633605167657465;;90.0;0.7678321678321678;;;;True;Autoscout24.de;6.005479452054795
1057;Audi;A6;2017-02-01;31890.0;Sehr guter Preis;107553.0;Automatik;Diesel;6.2;164.0;326.0;0.2965049789406153;10.23;1893.31;3035.22;True;Autoscout24.de;7.920547945205479
1058;Volkswagen;Passat;2018-09-01;13910.0;Fairer Preis;172300.0;Schaltgetriebe;Diesel;4.199591588773384;;150.0;0.0807312826465467;;;;True;Autoscout24.de;6.33972602739726
1059;Volkswagen;Passat Variant;2017-10-01;22970.0;Guter Preis;114000.0;Automatik;Diesel;5.237262270488124;;239.0;0.2014912280701754;;;;True;Autoscout24.de;7.257534246575342
1060;Kia;Niro;;;Keine Information;;Keine Information;Keine Information;2.8935671310591173;;;;;;;True;Autoscout24.de;
1061;Mercedes-Benz;GLE 250;2017-06-01;28900.0;Fairer Preis;139597.0;Automatik;Diesel;5.7;149.0;204.0;0.2070245062572978;9.405;1740.63;2757.61;True;Autoscout24.de;7.5917808219178085
1062;Ford;Fiesta;2017-05-01;9990.0;Sehr guter Preis;87418.0;Automatik;Benzin;4.460824758052345;;101.0;0.1142785238738017;;;;True;Autoscout24.de;7.676712328767123
1063;Opel;Insignia;2021-08-01;13990.0;Keine Information;122000.0;Automatik;Diesel;5.7;149.0;174.0;0.1146721311475409;9.405;1740.63;2757.61;True;Autoscout24.de;3.421917808219178
1064;Peugeot;308;2019-08-01;8750.0;Sehr guter Preis;143898.0;Automatik;Benzin;4.983910066781962;;131.0;0.0608069604858997;;;;True;Autoscout24.de;5.424657534246576
1065;BMW;118;2019-06-01;15620.0;Sehr guter Preis;47714.0;Schaltgetriebe;Benzin;5.9;171.0;136.0;0.3273672297438907;10.443;1932.73;3164.77;True;Autoscout24.de;5.5917808219178085
1066;BMW;430;2018-01-01;28900.0;Sehr guter Preis;57431.0;Automatik;Benzin;6.7;;252.0;0.5032125507130295;11.859;2194.8;;True;Autoscout24.de;7.005479452054795
1067;Ford;B-Max;2017-06-01;8900.0;Sehr guter Preis;50000.0;Schaltgetriebe;Benzin;6.0;139.0;90.0;0.178;10.62;1965.49;2572.54;True;Autoscout24.de;7.5917808219178085
1068;Volkswagen;T6 Transporter;2016-03-01;29300.0;Sehr guter Preis;154950.0;Automatik;Diesel;6.6;172.0;204.0;0.1890932558889964;10.89;2015.46;3183.28;True;Autoscout24.de;8.843835616438357
1069;Opel;Corsa;2020-08-01;9450.0;Sehr guter Preis;99747.0;Schaltgetriebe;Diesel;3.2;85.0;102.0;0.0947396914192908;5.28;977.19;1573.13;True;Autoscout24.de;4.421917808219178
1070;Audi;S8;2017-08-01;40900.0;Sehr guter Preis;114500.0;Automatik;Benzin;10.0;;605.0;0.3572052401746725;17.7;3275.82;;True;Autoscout24.de;7.424657534246576
1071;Land Rover;Range Rover Evoque;2016-02-01;16900.0;Fairer Preis;152900.0;Schaltgetriebe;Diesel;4.8;125.0;179.0;0.1105297580117724;7.919999999999999;1465.79;2313.43;True;Autoscout24.de;8.923287671232877
1072;Skoda;Karoq;2019-08-01;17900.0;Sehr guter Preis;96000.0;Automatik;Diesel;3.5378075577907264;;116.0;0.1864583333333333;;;;True;Autoscout24.de;5.424657534246576
1073;Peugeot;2008;2019-01-01;12999.0;Sehr guter Preis;54531.0;Automatik;Benzin;5.5;126.0;110.0;0.238378170215107;9.735;1801.7;2331.94;True;Autoscout24.de;6.005479452054795
1074;Volkswagen;Golf;2016-06-01;11490.0;Fairer Preis;97500.0;Schaltgetriebe;Diesel;3.744069692802598;;90.0;0.1178461538461538;;;;True;Autoscout24.de;8.591780821917808
1075;Volkswagen;Polo;2020-12-01;9699.0;Sehr guter Preis;163900.0;Schaltgetriebe;Benzin;5.3;121.0;95.0;0.059176327028676;9.381;1736.18;2239.4;True;Autoscout24.de;4.087671232876712
1076;Peugeot;208;2018-06-01;12750.0;Sehr guter Preis;22513.0;Automatik;Benzin;4.8;110.0;110.0;0.5663394483187492;8.496;1572.39;2035.82;True;Autoscout24.de;6.5917808219178085
1077;Opel;Mokka;2017-01-01;9880.0;Sehr guter Preis;115613.0;Schaltgetriebe;Benzin;6.0;142.0;140.0;0.0854575177531938;10.62;1965.49;2628.06;True;Autoscout24.de;8.005479452054795
1078;BMW;520;2018-08-01;18850.0;Erhöhter Preis;237000.0;Schaltgetriebe;Diesel;4.2;109.0;190.0;0.0795358649789029;6.93;1282.57;2017.31;True;Autoscout24.de;6.424657534246576
1079;Nissan;Qashqai;2017-05-01;13990.0;Sehr guter Preis;58769.0;Schaltgetriebe;Benzin;5.6;129.0;116.0;0.2380506729738467;9.912;1834.46;2387.46;True;Autoscout24.de;7.676712328767123
1080;Mercedes-Benz;C 200;2016-08-01;20990.0;Fairer Preis;48136.0;Automatik;Diesel;3.9;99.0;136.0;0.436056174173176;6.435;1190.95;1832.24;True;Autoscout24.de;8.424657534246576
1081;Hyundai;i20;2018-07-01;11480.0;Guter Preis;19350.0;Schaltgetriebe;Benzin;4.407752534459648;;84.0;0.59328165374677;;;;True;Autoscout24.de;6.50958904109589
1082;Land Rover;Range Rover Evoque;2016-11-01;17999.0;Fairer Preis;134745.0;Automatik;Diesel;4.8;134.0;150.0;0.1335782403799769;7.919999999999999;1465.79;2480.0;True;Autoscout24.de;8.172602739726027
1083;SEAT;Leon;2016-02-01;18880.0;Sehr guter Preis;45739.0;Automatik;Benzin;6.6;154.0;290.0;0.4127768425195129;11.682;2162.04;2850.15;True;Autoscout24.de;8.923287671232877
1084;Peugeot;2008;2018-05-01;11750.0;Sehr guter Preis;62200.0;Schaltgetriebe;Benzin;5.432678103764092;;131.0;0.1889067524115755;;;;True;Autoscout24.de;6.676712328767123
1085;Peugeot;308;2019-03-01;10950.0;Sehr guter Preis;73000.0;Schaltgetriebe;Diesel;3.8845952231498155;;131.0;0.15;;;;True;Autoscout24.de;5.843835616438356
1086;Mercedes-Benz;C 220;2019-06-01;18900.0;Sehr guter Preis;166941.0;Automatik;Diesel;4.5;;194.0;0.1132136503315542;7.425;1374.18;;True;Autoscout24.de;5.5917808219178085
1087;Mercedes-Benz;E 220;2017-07-01;22989.0;Keine Information;134750.0;Automatik;Diesel;4.2;;194.0;0.1706048237476808;6.93;1282.57;;True;Autoscout24.de;7.50958904109589
1088;Ford;Focus;2019-09-01;16990.0;Sehr guter Preis;91848.0;Automatik;Diesel;4.511573971022547;;150.0;0.1849795313997038;;;;True;Autoscout24.de;5.33972602739726
1089;Volkswagen;Golf;2017-01-01;12880.0;Guter Preis;96228.0;Schaltgetriebe;Benzin;4.9;112.0;110.0;0.1338487758240844;8.673;1605.15;2072.84;True;Autoscout24.de;8.005479452054795
1090;Ford;Kuga;2018-09-01;15870.0;Fairer Preis;126500.0;Schaltgetriebe;Benzin;6.2;146.0;150.0;0.1254545454545454;10.974;2031.01;2702.09;True;Autoscout24.de;6.33972602739726
1091;Hyundai;i30;2017-10-01;13960.0;Guter Preis;57090.0;Schaltgetriebe;Benzin;5.035503459774253;;120.0;0.2445261867227185;;;;True;Autoscout24.de;7.257534246575342
1092;Citroen;C5 Aircross;2019-09-01;13749.0;Guter Preis;74999.0;Schaltgetriebe;Benzin;5.3;121.0;131.0;0.1833224442992573;9.381;1736.18;2239.4;True;Autoscout24.de;5.33972602739726
1093;Volkswagen;Touran;2016-03-01;14499.0;Erhöhter Preis;160522.0;Automatik;Diesel;4.2;109.0;110.0;0.090324067729034;6.93;1282.57;2017.31;True;Autoscout24.de;8.843835616438357
1094;Citroen;Berlingo;2019-08-01;15890.0;Sehr guter Preis;60366.0;Schaltgetriebe;Benzin;4.690732004911689;;110.0;0.2632276447006593;;;;True;Autoscout24.de;5.424657534246576
1095;BMW;120;2017-04-01;14499.0;Sehr guter Preis;107200.0;Schaltgetriebe;Benzin;5.7;131.0;184.0;0.1352518656716418;10.089;1867.22;2424.48;True;Autoscout24.de;7.758904109589041
1096;Audi;Q7;2017-03-01;24399.0;Fairer Preis;280671.0;Automatik;Diesel;6.2;163.0;272.0;0.0869309618735102;10.23;1893.31;3016.72;True;Autoscout24.de;7.843835616438356
1097;Mazda;CX-3;2018-03-01;14690.0;Sehr guter Preis;111120.0;Automatik;Benzin;6.3;146.0;150.0;0.1321994240460763;11.151;2063.77;2702.09;True;Autoscout24.de;6.843835616438356
1098;SEAT;Ateca;2018-02-01;19990.0;Guter Preis;86026.0;Automatik;Benzin;4.70972384240364;125.0;150.0;0.2323716085834515;;;2313.43;True;Autoscout24.de;6.920547945205479
1099;Skoda;Octavia;2021-02-01;9900.0;Sehr guter Preis;211222.0;Automatik;Erdgas (CNG);4.325991700880525;114.0;131.0;0.0468701176960733;;;2109.85;True;Autoscout24.de;3.9178082191780823
1100;Kia;Ceed / cee'd;2018-01-01;10900.0;Sehr guter Preis;78778.0;Schaltgetriebe;Benzin;6.0;138.0;99.0;0.1383635025006981;10.62;1965.49;2554.03;True;Autoscout24.de;7.005479452054795
1101;Fiat;500;2020-02-01;8590.0;Sehr guter Preis;73000.0;Schaltgetriebe;Benzin;5.5;126.0;69.0;0.1176712328767123;9.735;1801.7;2331.94;True;Autoscout24.de;4.920547945205479
1102;Dacia;Dokker;2019-08-01;13990.0;Sehr guter Preis;40000.0;Schaltgetriebe;Benzin;6.1;138.0;131.0;0.34975;10.797;1998.25;2554.03;True;Autoscout24.de;5.424657534246576
1103;Mercedes-Benz;Vito;2016-08-01;22900.0;Sehr guter Preis;199900.0;Automatik;Diesel;5.8;;190.0;0.1145572786393196;9.57;1771.16;;True;Autoscout24.de;8.424657534246576
1104;Renault;Megane;2019-04-01;12490.0;Sehr guter Preis;66038.0;Schaltgetriebe;Benzin;6.178759561048646;148.0;140.0;0.1891335291801689;;;2739.1;True;Autoscout24.de;5.758904109589041
1105;Opel;Corsa;2020-07-01;10540.0;Sehr guter Preis;26806.0;Schaltgetriebe;Benzin;4.1;123.0;75.0;0.3931955532343505;7.257;1343.09;2276.42;True;Autoscout24.de;4.506849315068493
1106;Skoda;Kamiq;2019-12-01;11450.0;Sehr guter Preis;182100.0;Schaltgetriebe;Diesel;4.2;;116.0;0.0628775398132894;6.93;1282.57;;True;Autoscout24.de;5.090410958904109
1107;Renault;Captur;2016-11-01;10980.0;Fairer Preis;96400.0;Schaltgetriebe;Benzin;4.446879733591376;;118.0;0.1139004149377593;;;;True;Autoscout24.de;8.172602739726027
1108;Audi;Q2;2018-11-01;15990.0;Guter Preis;114565.0;Automatik;Benzin;5.4;124.0;116.0;0.1395714223366647;9.558000000000002;1768.94;2294.92;True;Autoscout24.de;6.1726027397260275
1109;Jaguar;XF;2018-09-01;18650.0;Keine Information;133200.0;Automatik;Benzin;7.5;171.0;300.0;0.140015015015015;13.275;2456.86;3164.77;True;Autoscout24.de;6.33972602739726
1110;Volkswagen;Tiguan;2016-07-01;16900.0;Sehr guter Preis;118577.0;Automatik;Benzin;7.203409181374586;;200.0;0.1425234235981682;;;;True;Autoscout24.de;8.509589041095891
1111;Hyundai;i30;2019-12-01;20880.0;Sehr guter Preis;87000.0;Automatik;Benzin;7.8;178.0;275.0;0.24;13.806;2555.14;3294.33;True;Autoscout24.de;5.090410958904109
1112;Volkswagen;Tiguan;2017-12-01;22485.0;Sehr guter Preis;79015.0;Automatik;Benzin;6.691279841064365;;179.0;0.284566221603493;;;;True;Autoscout24.de;7.090410958904109
1113;Opel;Astra;2020-01-01;14980.0;Sehr guter Preis;37064.0;Schaltgetriebe;Benzin;4.5;102.0;145.0;0.40416576732139;7.965;1474.12;1887.76;True;Autoscout24.de;5.005479452054795
1114;Suzuki;Ignis;2018-12-01;10995.0;Sehr guter Preis;25285.0;Schaltgetriebe;Benzin;4.7;107.0;90.0;0.4348427921692703;8.319;1539.64;1980.3;True;Autoscout24.de;6.090410958904109
1115;Ford;S-Max;2017-11-01;18890.0;Sehr guter Preis;61950.0;Schaltgetriebe;Diesel;4.371700559988062;;150.0;0.3049233252623083;;;;True;Autoscout24.de;7.1726027397260275
1116;Audi;A6;2018-03-01;17750.0;Sehr guter Preis;194740.0;Automatik;Diesel;4.6;119.0;218.0;0.0911471705864229;7.589999999999999;1404.72;2202.39;True;Autoscout24.de;6.843835616438356
1117;Kia;Niro;;;Keine Information;;Keine Information;Keine Information;2.8935671310591173;;;;;;;True;Autoscout24.de;
1118;Hyundai;KONA;2019-07-01;14690.0;Sehr guter Preis;109000.0;Automatik;Diesel;3.8418624402148507;141.0;136.0;0.1347706422018348;;;2609.55;True;Autoscout24.de;5.50958904109589
1119;Volkswagen;Golf;2017-02-01;11410.0;Sehr guter Preis;149980.0;Schaltgetriebe;Benzin;5.184630757434888;;150.0;0.0760768102413655;;;;True;Autoscout24.de;7.920547945205479
1120;Mercedes-Benz;C 400;2016-08-01;28420.0;Fairer Preis;134000.0;Automatik;Benzin;8.792006327547453;;333.0;0.2120895522388059;;;;True;Autoscout24.de;8.424657534246576
1121;Kia;XCeed;2022-02-01;15980.0;Sehr guter Preis;61438.0;Schaltgetriebe;Benzin;5.969434812012041;0.0;160.0;0.2600996126175982;;;0.0;True;Autoscout24.de;2.9178082191780823
1122;Ford;Mondeo;2019-02-01;16500.0;Sehr guter Preis;84300.0;Automatik;Diesel;4.9;;150.0;0.195729537366548;8.085;1496.33;;True;Autoscout24.de;5.920547945205479
1123;Ford;Ranger;2016-10-01;25739.0;Fairer Preis;115123.0;Schaltgetriebe;Diesel;8.18722919299016;;200.0;0.2235782597743283;;;;True;Autoscout24.de;8.257534246575343
1124;Skoda;Kodiaq;2018-07-01;23860.0;Guter Preis;133534.0;Automatik;Diesel;4.083530671583993;;190.0;0.1786810849671244;;;;True;Autoscout24.de;6.50958904109589
1125;Subaru;Forester;2017-08-01;9900.0;Keine Information;131000.0;Automatik;Diesel;6.1;158.0;147.0;0.0755725190839694;10.065;1862.78;2924.18;True;Autoscout24.de;7.424657534246576
1126;Dacia;Duster;2017-03-01;7990.0;Guter Preis;125000.0;Schaltgetriebe;Autogas (LPG);6.4;145.0;114.0;0.06392;1.4656000000000002;271.25;2683.58;True;Autoscout24.de;7.843835616438356
1127;Dacia;Duster;2020-02-01;11950.0;Sehr guter Preis;38620.0;Schaltgetriebe;Benzin;6.468656936384211;;101.0;0.3094251683065769;;;;True;Autoscout24.de;4.920547945205479
1128;Toyota;Yaris;;;Keine Information;;Keine Information;Keine Information;1.2408540070297147;;;;;;;True;Autoscout24.de;
1129;Audi;A4;2018-07-01;19999.0;Sehr guter Preis;101200.0;Automatik;Diesel;4.4;116.0;190.0;0.1976185770750988;7.26;1343.64;2146.86;True;Autoscout24.de;6.50958904109589
1130;Mitsubishi;ASX;2019-01-01;12950.0;Guter Preis;170000.0;Automatik;Diesel;5.8;154.0;150.0;0.0761764705882352;9.57;1771.16;2850.15;True;Autoscout24.de;6.005479452054795
1131;Jeep;Compass;2018-12-01;15200.0;Guter Preis;141009.0;Automatik;Diesel;6.3;197.0;140.0;0.1077945379372947;10.395;1923.85;3645.97;True;Autoscout24.de;6.090410958904109
1132;Volkswagen;Arteon;2017-10-01;24990.0;Sehr guter Preis;119500.0;Automatik;Diesel;5.9;152.0;239.0;0.2091213389121339;9.735;1801.7;2813.13;True;Autoscout24.de;7.257534246575342
1133;Mercedes-Benz;CLA 220;2018-03-01;19999.0;Guter Preis;154191.0;Automatik;Diesel;4.640010866355846;;177.0;0.1297027712382694;;;;True;Autoscout24.de;6.843835616438356
1134;Skoda;Rapid/Spaceback;2017-12-01;9480.0;Fairer Preis;108400.0;Schaltgetriebe;Benzin;4.4;101.0;95.0;0.0874538745387453;7.788000000000001;1441.36;1869.25;True;Autoscout24.de;7.090410958904109
1135;Opel;Astra;2021-10-01;13980.0;Sehr guter Preis;60200.0;Automatik;Diesel;5.1;132.0;122.0;0.2322259136212624;8.415;1557.4;2442.98;True;Autoscout24.de;3.254794520547945
1136;Skoda;Octavia;2017-08-01;15890.0;Sehr guter Preis;51264.0;Automatik;Benzin;4.7;109.0;116.0;0.3099641073657928;8.319;1539.64;2017.31;True;Autoscout24.de;7.424657534246576
1137;Volkswagen;Golf;2020-11-01;18390.0;Guter Preis;112010.0;Automatik;Diesel;4.4;116.0;150.0;0.1641817694848674;7.26;1343.64;2146.86;True;Autoscout24.de;4.16986301369863
1138;Ford;Focus;2017-11-01;13990.0;Sehr guter Preis;59388.0;Automatik;Benzin;5.6074896818475315;;182.0;0.2355694753148784;;;;True;Autoscout24.de;7.1726027397260275
1139;Mercedes-Benz;A 180;2018-03-01;17400.0;Sehr guter Preis;104988.0;Automatik;Benzin;5.5;127.0;122.0;0.1657332266544748;9.735;1801.7;2350.45;True;Autoscout24.de;6.843835616438356
1140;Mercedes-Benz;B 220;2016-06-01;19850.0;Sehr guter Preis;49000.0;Automatik;Benzin;6.7;156.0;184.0;0.4051020408163265;11.859;2194.8;2887.16;True;Autoscout24.de;8.591780821917808
1141;Audi;Q3;2017-02-01;14980.0;Sehr guter Preis;118000.0;Schaltgetriebe;Benzin;5.787642867785041;;150.0;0.1269491525423728;;;;True;Autoscout24.de;7.920547945205479
1142;Audi;A5;2016-04-01;18990.0;Fairer Preis;178609.0;Automatik;Diesel;4.3895345830578805;170.0;218.0;0.1063216299290629;;;3146.27;True;Autoscout24.de;8.758904109589041
1143;Ford;Transit Connect;2019-11-01;15926.0;Sehr guter Preis;58356.0;Schaltgetriebe;Diesel;4.5592640367736585;;120.0;0.2729110974021523;;;;True;Autoscout24.de;5.1726027397260275
1144;Mercedes-Benz;A 220;2017-07-01;22980.0;Guter Preis;40501.0;Automatik;Benzin;6.308843366094852;;184.0;0.5673933976938841;;;;True;Autoscout24.de;7.50958904109589
1145;Jeep;Compass;2018-05-01;14990.0;Guter Preis;87400.0;Schaltgetriebe;Benzin;7.295027064008066;;140.0;0.1715102974828375;;;;True;Autoscout24.de;6.676712328767123
1146;Suzuki;Ignis;2020-10-01;9970.0;Sehr guter Preis;76048.0;Schaltgetriebe;Benzin;4.580274163550336;;83.0;0.1311014096360193;;;;True;Autoscout24.de;4.254794520547946
1147;Volkswagen;Polo;2021-07-01;14750.0;Sehr guter Preis;50000.0;Schaltgetriebe;Benzin;5.3;120.0;95.0;0.295;9.381;1736.18;2220.89;True;Autoscout24.de;3.506849315068493
1148;Hyundai;KONA;;;Keine Information;;Keine Information;;2.0099942332234297;;;;;;;True;Autoscout24.de;
1149;Honda;HR-V;2016-02-01;12990.0;Guter Preis;81824.0;Schaltgetriebe;Benzin;4.324624473245841;;131.0;0.1587553773953852;;;;True;Autoscout24.de;8.923287671232877
1150;BMW;530;2017-04-01;23989.0;Sehr guter Preis;144750.0;Automatik;Diesel;4.5;;265.0;0.165727115716753;7.425;1374.18;;True;Autoscout24.de;7.758904109589041
1151;BMW;540;2018-06-01;25900.0;Keine Information;128330.0;Automatik;Benzin;6.5;149.0;340.0;0.2018234239850385;11.505;2129.28;2757.61;True;Autoscout24.de;6.5917808219178085
1152;Mercedes-Benz;GLC 250;2016-06-01;24999.0;Sehr guter Preis;79000.0;Automatik;Benzin;6.5;152.0;211.0;0.3164430379746835;11.505;2129.28;2813.13;True;Autoscout24.de;8.591780821917808
1153;Audi;A4;2018-07-01;19880.0;Guter Preis;128584.0;Automatik;Diesel;4.259886914640725;;150.0;0.1546071050830585;;;;True;Autoscout24.de;6.50958904109589
1154;Opel;Combo Life;2022-02-01;15950.0;Sehr guter Preis;46150.0;Schaltgetriebe;Benzin;5.095257568476722;;110.0;0.3456121343445287;;;;True;Autoscout24.de;2.9178082191780823
1155;Audi;A6;2017-05-01;23900.0;Fairer Preis;156700.0;Automatik;Diesel;5.3;140.0;218.0;0.1525207402680281;8.745;1618.48;2591.04;True;Autoscout24.de;7.676712328767123
1156;Peugeot;5008;2019-09-01;18900.0;Sehr guter Preis;127018.0;Automatik;Diesel;4.0311020941415;;131.0;0.1487978081846667;;;;True;Autoscout24.de;5.33972602739726
1157;Citroen;Jumpy;2018-03-01;19450.0;Sehr guter Preis;88193.0;Schaltgetriebe;Diesel;3.9692045809166796;;150.0;0.2205390450489268;;;;True;Autoscout24.de;6.843835616438356
1158;Ford;Focus;2018-04-01;21990.0;Sehr guter Preis;177300.0;Schaltgetriebe;Benzin;7.7;175.0;349.0;0.1240270727580372;13.629;2522.38;3238.8;True;Autoscout24.de;6.758904109589041
1159;Volkswagen;Polo;2017-01-01;10740.0;Guter Preis;36531.0;Schaltgetriebe;Benzin;4.7;107.0;90.0;0.293996879362733;8.319;1539.64;1980.3;True;Autoscout24.de;8.005479452054795
1160;Volkswagen;up!;2018-09-01;4001.0;Sehr guter Preis;187000.0;Schaltgetriebe;Benzin;5.061954130495892;;68.0;0.0213957219251336;;;;True;Autoscout24.de;6.33972602739726
1161;Volvo;XC40;2019-11-01;14550.0;Guter Preis;200000.0;Schaltgetriebe;Benzin;6.2;142.0;163.0;0.07275;10.974;2031.01;2628.06;True;Autoscout24.de;5.1726027397260275
1162;Dacia;Dokker;2019-12-01;10990.0;Sehr guter Preis;50441.0;Schaltgetriebe;Benzin;6.2;142.0;102.0;0.2178783132768977;10.974;2031.01;2628.06;True;Autoscout24.de;5.090410958904109
1163;Subaru;OUTBACK;2018-04-01;14888.0;Fairer Preis;196485.0;Automatik;Benzin;7.0;161.0;175.0;0.0757716874061633;12.39;2293.07;2979.7;True;Autoscout24.de;6.758904109589041
1164;CUPRA;Formentor;2023-12-01;31980.0;Sehr guter Preis;4300.0;Automatik;Benzin;5.403534854481806;;150.0;7.437209302325582;;;;True;Autoscout24.de;1.0876712328767124
1165;Renault;Espace;2018-11-01;17890.0;Sehr guter Preis;130000.0;Automatik;Diesel;4.7;125.0;160.0;0.1376153846153846;7.755;1435.25;2313.43;True;Autoscout24.de;6.1726027397260275
1166;Alfa Romeo;Giulietta;2018-08-01;12900.0;Sehr guter Preis;71300.0;Schaltgetriebe;Benzin;6.2;;120.0;0.1809256661991584;10.974;2031.01;;True;Autoscout24.de;6.424657534246576
1167;BMW;X4;2017-05-01;23740.0;Fairer Preis;123300.0;Automatik;Diesel;4.107720531666832;;190.0;0.1925385239253852;;;;True;Autoscout24.de;7.676712328767123
1168;Volkswagen;Tiguan;2018-11-01;19380.0;Sehr guter Preis;60872.0;Schaltgetriebe;Diesel;4.8;154.0;150.0;0.3183729793665396;7.919999999999999;1465.79;2850.15;True;Autoscout24.de;6.1726027397260275
1169;Renault;Captur;2019-05-01;13990.0;Guter Preis;50164.0;Schaltgetriebe;Benzin;4.788529077572603;;131.0;0.278885256359142;;;;True;Autoscout24.de;5.676712328767123
1170;Ford;Kuga;2017-04-01;15490.0;Keine Information;100000.0;Schaltgetriebe;Diesel;5.2;135.0;150.0;0.1549;8.58;1587.94;2498.51;True;Autoscout24.de;7.758904109589041
1171;Kia;Picanto;2017-04-01;13880.0;Sehr guter Preis;21008.0;Automatik;Benzin;5.293830988132127;124.0;84.0;0.6607006854531607;;;2294.92;True;Autoscout24.de;7.758904109589041
1172;Audi;A8;2017-03-01;37990.0;Fairer Preis;142000.0;Automatik;Diesel;7.5;196.0;385.0;0.2675352112676056;12.375;2290.3;3627.46;True;Autoscout24.de;7.843835616438356
1173;Volkswagen;Touran;2016-06-01;13890.0;Fairer Preis;167100.0;Schaltgetriebe;Diesel;4.1587363876523655;;110.0;0.0831238779174147;;;;True;Autoscout24.de;8.591780821917808
1174;Ford;Focus;2019-01-01;13990.0;Sehr guter Preis;56630.0;Schaltgetriebe;Benzin;4.789299621420342;;125.0;0.2470422037789157;;;;True;Autoscout24.de;6.005479452054795
1175;Skoda;Scala;2019-10-01;15980.0;Sehr guter Preis;58703.0;Automatik;Benzin;4.5971850051564624;;116.0;0.2722177742193755;;;;True;Autoscout24.de;5.257534246575342
1176;Hyundai;i30;2022-01-01;15990.0;Sehr guter Preis;28170.0;Schaltgetriebe;Benzin;5.0;115.0;120.0;0.5676251331203408;8.85;1637.91;2128.36;True;Autoscout24.de;3.0027397260273974
1177;BMW;X3;2017-01-01;18999.0;Guter Preis;175000.0;Automatik;Diesel;4.9;129.0;190.0;0.1085657142857142;8.085;1496.33;2387.46;True;Autoscout24.de;8.005479452054795
1178;Nissan;X-Trail;2017-06-01;10980.0;Guter Preis;262137.0;Automatik;Diesel;4.466037502894627;;131.0;0.0418864944666338;;;;True;Autoscout24.de;7.5917808219178085
1179;BMW;M4;2018-07-01;45900.0;Sehr guter Preis;73198.0;Automatik;Benzin;9.836576552430824;;450.0;0.6270663132872483;;;;True;Autoscout24.de;6.50958904109589
1180;BMW;320;2018-10-01;20900.0;Fairer Preis;170000.0;Automatik;Diesel;4.3;112.0;190.0;0.1229411764705882;7.095;1313.1;2072.84;True;Autoscout24.de;6.257534246575342
1181;Mercedes-Benz;E 220;2017-07-01;22989.0;Keine Information;134750.0;Automatik;Diesel;4.2;;194.0;0.1706048237476808;6.93;1282.57;;True;Autoscout24.de;7.50958904109589
1182;Skoda;Kamiq;2019-12-01;11450.0;Sehr guter Preis;182100.0;Schaltgetriebe;Diesel;4.2;;116.0;0.0628775398132894;6.93;1282.57;;True;Autoscout24.de;5.090410958904109
1183;Audi;A1;2019-05-01;16950.0;Sehr guter Preis;86000.0;Automatik;Benzin;4.9;111.0;116.0;0.1970930232558139;8.673;1605.15;2054.33;True;Autoscout24.de;5.676712328767123
1184;Opel;Karl;2017-04-01;4990.0;Sehr guter Preis;117000.0;Schaltgetriebe;Benzin;4.579944143459457;;75.0;0.0426495726495726;;;;True;Autoscout24.de;7.758904109589041
1185;Audi;Q2;2018-06-01;17900.0;Sehr guter Preis;87400.0;Schaltgetriebe;Diesel;4.4;114.0;116.0;0.2048054919908467;7.26;1343.64;2109.85;True;Autoscout24.de;6.5917808219178085
1186;Peugeot;2008;2019-02-01;12990.0;Sehr guter Preis;64500.0;Automatik;Benzin;5.5;126.0;110.0;0.2013953488372093;9.735;1801.7;2331.94;True;Autoscout24.de;5.920547945205479
1187;Skoda;Fabia;2019-02-01;9900.0;Sehr guter Preis;51143.0;Schaltgetriebe;Benzin;4.8;129.0;75.0;0.1935748782824629;8.496;1572.39;2387.46;True;Autoscout24.de;5.920547945205479
1188;BMW;120;2019-05-01;16990.0;Sehr guter Preis;99980.0;Automatik;Benzin;5.715293220821942;;184.0;0.1699339867973594;;;;True;Autoscout24.de;5.676712328767123
1189;Volkswagen;T-Cross;2020-12-01;14980.0;Sehr guter Preis;47700.0;Schaltgetriebe;Benzin;5.0735454466359915;;95.0;0.3140461215932914;;;;True;Autoscout24.de;4.087671232876712
1190;BMW;430;2018-01-01;28900.0;Sehr guter Preis;57431.0;Automatik;Benzin;6.7;;252.0;0.5032125507130295;11.859;2194.8;;True;Autoscout24.de;7.005479452054795
1191;Kia;Optima;2019-02-01;14990.0;Sehr guter Preis;91493.0;Automatik;Diesel;4.6;122.0;136.0;0.1638376706414698;7.589999999999999;1404.72;2257.91;True;Autoscout24.de;5.920547945205479
1192;CUPRA;Formentor;2023-12-01;31980.0;Sehr guter Preis;4300.0;Automatik;Benzin;5.403534854481806;;150.0;7.437209302325582;;;;True;Autoscout24.de;1.0876712328767124
1193;BMW;118;2019-06-01;15620.0;Sehr guter Preis;47714.0;Schaltgetriebe;Benzin;5.9;171.0;136.0;0.3273672297438907;10.443;1932.73;3164.77;True;Autoscout24.de;5.5917808219178085
1194;Opel;Zafira;2018-04-01;13990.0;Keine Information;64683.0;Automatik;Benzin;5.014714474612238;;140.0;0.2162855773541734;;;;True;Autoscout24.de;6.758904109589041
1195;Volkswagen;Passat Variant;2017-10-01;22970.0;Guter Preis;114000.0;Automatik;Diesel;5.237262270488124;;239.0;0.2014912280701754;;;;True;Autoscout24.de;7.257534246575342
1196;Volkswagen;Passat;2018-09-01;13910.0;Fairer Preis;172300.0;Schaltgetriebe;Diesel;4.199591588773384;;150.0;0.0807312826465467;;;;True;Autoscout24.de;6.33972602739726
1197;BMW;320;2018-10-01;20900.0;Fairer Preis;170000.0;Automatik;Diesel;4.3;112.0;190.0;0.1229411764705882;7.095;1313.1;2072.84;True;Autoscout24.de;6.257534246575342
1198;Mitsubishi;Space Star;2018-05-01;9990.0;Sehr guter Preis;70000.0;Automatik;Benzin;5.19079572164839;;80.0;0.1427142857142857;;;;True;Autoscout24.de;6.676712328767123
1199;Opel;Corsa;2021-07-01;11450.0;Sehr guter Preis;23150.0;Schaltgetriebe;Benzin;4.248399986721429;;75.0;0.4946004319654428;;;;True;Autoscout24.de;3.506849315068493
1200;Nissan;Qashqai;2017-06-01;12490.0;Sehr guter Preis;51000.0;Schaltgetriebe;Benzin;5.8;133.0;116.0;0.2449019607843137;10.266;1899.98;2461.49;True;Autoscout24.de;7.5917808219178085
1201;BMW;520;2018-08-01;18850.0;Erhöhter Preis;237000.0;Schaltgetriebe;Diesel;4.2;109.0;190.0;0.0795358649789029;6.93;1282.57;2017.31;True;Autoscout24.de;6.424657534246576
1202;SEAT;Ateca;2018-02-01;19990.0;Guter Preis;86026.0;Automatik;Benzin;4.70972384240364;125.0;150.0;0.2323716085834515;;;2313.43;True;Autoscout24.de;6.920547945205479
1203;Opel;Astra;2019-01-01;10890.0;Sehr guter Preis;77000.0;Schaltgetriebe;Diesel;4.5;118.0;110.0;0.1414285714285714;7.425;1374.18;2183.88;True;Autoscout24.de;6.005479452054795
1204;Dacia;Dokker;2019-08-01;13990.0;Sehr guter Preis;40000.0;Schaltgetriebe;Benzin;6.1;138.0;131.0;0.34975;10.797;1998.25;2554.03;True;Autoscout24.de;5.424657534246576
1205;Volkswagen;T-Roc;2018-07-01;17999.0;Sehr guter Preis;68900.0;Schaltgetriebe;Benzin;5.3;120.0;150.0;0.261233671988389;9.381;1736.18;2220.89;True;Autoscout24.de;6.50958904109589
1206;SEAT;Arona;2021-03-01;15980.0;Sehr guter Preis;65150.0;Automatik;Benzin;4.58433552093992;;110.0;0.2452801227935533;;;;True;Autoscout24.de;3.841095890410959
1207;Mercedes-Benz;GLE 250;2017-06-01;28900.0;Fairer Preis;139597.0;Automatik;Diesel;5.7;149.0;204.0;0.2070245062572978;9.405;1740.63;2757.61;True;Autoscout24.de;7.5917808219178085
1208;Kia;Stonic;2018-04-01;12950.0;Sehr guter Preis;38850.0;Schaltgetriebe;Benzin;5.398448080977042;;120.0;0.3333333333333333;;;;True;Autoscout24.de;6.758904109589041
1209;Audi;A6;2017-02-01;31890.0;Sehr guter Preis;107553.0;Automatik;Diesel;6.2;164.0;326.0;0.2965049789406153;10.23;1893.31;3035.22;True;Autoscout24.de;7.920547945205479
1210;Opel;Insignia;2018-03-01;17490.0;Sehr guter Preis;91000.0;Automatik;Diesel;5.7;150.0;170.0;0.1921978021978022;9.405;1740.63;2776.12;True;Autoscout24.de;6.843835616438356
1211;Mercedes-Benz;C 220;2018-02-01;17990.0;Sehr guter Preis;163244.0;Automatik;Diesel;4.7;124.0;170.0;0.1102031315086618;7.755;1435.25;2294.92;True;Autoscout24.de;6.920547945205479
1212;Volkswagen;Golf;2022-06-01;14790.0;Sehr guter Preis;86538.0;Schaltgetriebe;Benzin;5.497407841737637;;110.0;0.1709075781737502;;;;True;Autoscout24.de;2.589041095890411
1213;Hyundai;i30;2019-12-01;20880.0;Sehr guter Preis;87000.0;Automatik;Benzin;7.8;178.0;275.0;0.24;13.806;2555.14;3294.33;True;Autoscout24.de;5.090410958904109
1214;Opel;Corsa;2018-01-01;9900.0;Sehr guter Preis;86213.0;Automatik;Benzin;4.586319670508484;;90.0;0.1148318699036108;;;;True;Autoscout24.de;7.005479452054795
1215;BMW;118;2020-03-01;16980.0;Sehr guter Preis;54950.0;Schaltgetriebe;Benzin;5.904631987810455;;140.0;0.3090081892629663;;;;True;Autoscout24.de;4.841095890410959
1216;Mercedes-Benz;E 220;2017-07-01;22989.0;Keine Information;134750.0;Automatik;Diesel;4.2;;194.0;0.1706048237476808;6.93;1282.57;;True;Autoscout24.de;7.50958904109589
1217;Dacia;Sandero;2019-01-01;10980.0;Sehr guter Preis;14300.0;Schaltgetriebe;Benzin;5.633605167657465;;90.0;0.7678321678321678;;;;True;Autoscout24.de;6.005479452054795
1218;Skoda;Karoq;2019-08-01;17900.0;Sehr guter Preis;96000.0;Automatik;Diesel;3.5378075577907264;;116.0;0.1864583333333333;;;;True;Autoscout24.de;5.424657534246576
1219;Volkswagen;Golf;2020-12-01;16990.0;Sehr guter Preis;63900.0;Schaltgetriebe;Diesel;4.493780363134361;119.0;116.0;0.2658841940532081;;;2202.39;True;Autoscout24.de;4.087671232876712
1220;BMW;118;2017-02-01;11799.0;Sehr guter Preis;139056.0;Automatik;Benzin;5.1;119.0;136.0;0.0848507076285813;9.027;1670.67;2202.39;True;Autoscout24.de;7.920547945205479
1221;Opel;Corsa;2020-08-01;9450.0;Sehr guter Preis;99747.0;Schaltgetriebe;Diesel;3.2;85.0;102.0;0.0947396914192908;5.28;977.19;1573.13;True;Autoscout24.de;4.421917808219178
1222;Ford;Kuga;2018-09-01;15870.0;Fairer Preis;126500.0;Schaltgetriebe;Benzin;6.2;146.0;150.0;0.1254545454545454;10.974;2031.01;2702.09;True;Autoscout24.de;6.33972602739726
1223;Opel;Mokka X;2018-08-01;13490.0;Sehr guter Preis;42567.0;Schaltgetriebe;Benzin;5.16001413255842;0.0;140.0;0.3169121620034298;;;0.0;True;Autoscout24.de;6.424657534246576
1224;Audi;A4;2018-07-01;19999.0;Sehr guter Preis;101200.0;Automatik;Diesel;4.4;116.0;190.0;0.1976185770750988;7.26;1343.64;2146.86;True;Autoscout24.de;6.50958904109589
1225;Volkswagen;Tiguan;2018-11-01;19380.0;Sehr guter Preis;60872.0;Schaltgetriebe;Diesel;4.8;154.0;150.0;0.3183729793665396;7.919999999999999;1465.79;2850.15;True;Autoscout24.de;6.1726027397260275
1226;Mercedes-Benz;C 220;2019-06-01;18900.0;Sehr guter Preis;166941.0;Automatik;Diesel;4.5;;194.0;0.1132136503315542;7.425;1374.18;;True;Autoscout24.de;5.5917808219178085
1227;Mercedes-Benz;C 200;2019-07-01;24777.0;Sehr guter Preis;72751.0;Automatik;Benzin;6.9;157.0;184.0;0.3405726381767948;12.213;2260.32;2905.67;True;Autoscout24.de;5.50958904109589
1228;Audi;A4;2018-07-01;19880.0;Guter Preis;128584.0;Automatik;Diesel;4.259886914640725;;150.0;0.1546071050830585;;;;True;Autoscout24.de;6.50958904109589
1229;Citroen;Berlingo;2019-08-01;15890.0;Sehr guter Preis;60366.0;Schaltgetriebe;Benzin;4.690732004911689;;110.0;0.2632276447006593;;;;True;Autoscout24.de;5.424657534246576
1230;Ford;Focus;2018-01-01;9490.0;Sehr guter Preis;134000.0;Schaltgetriebe;Diesel;3.8;101.0;120.0;0.070820895522388;6.27;1160.42;1869.25;True;Autoscout24.de;7.005479452054795
1231;Volkswagen;Tiguan;2017-12-01;22485.0;Sehr guter Preis;79015.0;Automatik;Benzin;6.691279841064365;;179.0;0.284566221603493;;;;True;Autoscout24.de;7.090410958904109
1232;Hyundai;i20;2018-07-01;11480.0;Guter Preis;19350.0;Schaltgetriebe;Benzin;4.407752534459648;;84.0;0.59328165374677;;;;True;Autoscout24.de;6.50958904109589
1233;Volkswagen;Polo;2017-12-01;9800.0;Keine Information;100400.0;Schaltgetriebe;Benzin;4.524171270089573;;65.0;0.097609561752988;;;;True;Autoscout24.de;7.090410958904109
1234;BMW;X5 M;2018-06-01;44900.0;Sehr guter Preis;77706.0;Automatik;Benzin;12.191935518376262;;575.0;0.5778189586389726;;;;True;Autoscout24.de;6.5917808219178085
1235;Skoda;Kamiq;2019-12-01;11450.0;Sehr guter Preis;182100.0;Schaltgetriebe;Diesel;4.2;;116.0;0.0628775398132894;6.93;1282.57;;True;Autoscout24.de;5.090410958904109
1236;Audi;S8;2017-08-01;40900.0;Sehr guter Preis;114500.0;Automatik;Benzin;10.0;;605.0;0.3572052401746725;17.7;3275.82;;True;Autoscout24.de;7.424657534246576
1237;Ford;Focus;2019-03-01;7999.0;Sehr guter Preis;198900.0;Schaltgetriebe;Diesel;4.157267484895112;;120.0;0.0402161890397184;;;;True;Autoscout24.de;5.843835616438356
1238;Audi;Q7;2017-03-01;24399.0;Fairer Preis;280671.0;Automatik;Diesel;6.2;163.0;272.0;0.0869309618735102;10.23;1893.31;3016.72;True;Autoscout24.de;7.843835616438356
1239;Opel;Astra;2020-01-01;14980.0;Sehr guter Preis;37064.0;Schaltgetriebe;Benzin;4.5;102.0;145.0;0.40416576732139;7.965;1474.12;1887.76;True;Autoscout24.de;5.005479452054795
1240;Volkswagen;Golf;2017-11-01;14490.0;Sehr guter Preis;32862.0;Schaltgetriebe;Benzin;5.113017258189284;;110.0;0.4409348183312032;;;;True;Autoscout24.de;7.1726027397260275
1241;Ford;Focus;2019-09-01;16990.0;Sehr guter Preis;91848.0;Automatik;Diesel;4.511573971022547;;150.0;0.1849795313997038;;;;True;Autoscout24.de;5.33972602739726
1242;Ford;Fiesta;2017-05-01;9990.0;Sehr guter Preis;87418.0;Automatik;Benzin;4.460824758052345;;101.0;0.1142785238738017;;;;True;Autoscout24.de;7.676712328767123
1243;Kia;Niro;;;Keine Information;;Keine Information;Keine Information;2.8935671310591173;;;;;;;True;Autoscout24.de;
1244;Citroen;Jumpy;2018-03-01;19450.0;Sehr guter Preis;88193.0;Schaltgetriebe;Diesel;3.9692045809166796;;150.0;0.2205390450489268;;;;True;Autoscout24.de;6.843835616438356
1245;Audi;Q5;2018-10-01;29340.0;Sehr guter Preis;76814.0;Automatik;Diesel;5.834154401635964;;190.0;0.3819616215793996;;;;True;Autoscout24.de;6.257534246575342
1246;Audi;Q2;2018-11-01;15990.0;Guter Preis;114565.0;Automatik;Benzin;5.4;124.0;116.0;0.1395714223366647;9.558000000000002;1768.94;2294.92;True;Autoscout24.de;6.1726027397260275
1247;Skoda;Kodiaq;2018-07-01;23860.0;Guter Preis;133534.0;Automatik;Diesel;4.083530671583993;;190.0;0.1786810849671244;;;;True;Autoscout24.de;6.50958904109589
1248;Peugeot;308;2019-03-01;10950.0;Sehr guter Preis;73000.0;Schaltgetriebe;Diesel;3.8845952231498155;;131.0;0.15;;;;True;Autoscout24.de;5.843835616438356
1249;Peugeot;2008;2019-01-01;12999.0;Sehr guter Preis;54531.0;Automatik;Benzin;5.5;126.0;110.0;0.238378170215107;9.735;1801.7;2331.94;True;Autoscout24.de;6.005479452054795
1250;Mitsubishi;ASX;2019-01-01;12950.0;Guter Preis;170000.0;Automatik;Diesel;5.8;154.0;150.0;0.0761764705882352;9.57;1771.16;2850.15;True;Autoscout24.de;6.005479452054795
1251;Fiat;500;2020-02-01;8590.0;Sehr guter Preis;73000.0;Schaltgetriebe;Benzin;5.5;126.0;69.0;0.1176712328767123;9.735;1801.7;2331.94;True;Autoscout24.de;4.920547945205479
1252;Opel;Corsa;2020-07-01;10540.0;Sehr guter Preis;26806.0;Schaltgetriebe;Benzin;4.1;123.0;75.0;0.3931955532343505;7.257;1343.09;2276.42;True;Autoscout24.de;4.506849315068493
1253;Audi;A1;2019-05-01;16950.0;Sehr guter Preis;86000.0;Automatik;Benzin;4.9;111.0;116.0;0.1970930232558139;8.673;1605.15;2054.33;True;Autoscout24.de;5.676712328767123
1254;Ford;Focus;2019-01-01;13990.0;Sehr guter Preis;56630.0;Schaltgetriebe;Benzin;4.789299621420342;;125.0;0.2470422037789157;;;;True;Autoscout24.de;6.005479452054795
1255;Mercedes-Benz;GLA 180;2018-01-01;21998.0;Fairer Preis;52891.0;Schaltgetriebe;Benzin;5.469850243456439;;122.0;0.4159119699003611;;;;True;Autoscout24.de;7.005479452054795
1256;Jaguar;XF;2018-09-01;18650.0;Keine Information;133200.0;Automatik;Benzin;7.5;171.0;300.0;0.140015015015015;13.275;2456.86;3164.77;True;Autoscout24.de;6.33972602739726
1257;Mercedes-Benz;GLB 200;2020-10-01;25450.0;Sehr guter Preis;126565.0;Automatik;Diesel;4.8;126.0;150.0;0.2010824477541184;7.919999999999999;1465.79;2331.94;True;Autoscout24.de;4.254794520547946
1258;Opel;Corsa;2020-05-01;13950.0;Sehr guter Preis;52219.0;Automatik;Benzin;4.512136497024026;;101.0;0.267144142936479;;;;True;Autoscout24.de;4.673972602739726
1259;Renault;Megane;2019-04-01;12490.0;Sehr guter Preis;66038.0;Schaltgetriebe;Benzin;6.178759561048646;148.0;140.0;0.1891335291801689;;;2739.1;True;Autoscout24.de;5.758904109589041
1260;Volkswagen;Arteon;2017-10-01;24990.0;Sehr guter Preis;119500.0;Automatik;Diesel;5.9;152.0;239.0;0.2091213389121339;9.735;1801.7;2813.13;True;Autoscout24.de;7.257534246575342
1261;Peugeot;208;2018-06-01;12750.0;Sehr guter Preis;22513.0;Automatik;Benzin;4.8;110.0;110.0;0.5663394483187492;8.496;1572.39;2035.82;True;Autoscout24.de;6.5917808219178085
1262;Opel;Combo Life;2022-02-01;15950.0;Sehr guter Preis;46150.0;Schaltgetriebe;Benzin;5.095257568476722;;110.0;0.3456121343445287;;;;True;Autoscout24.de;2.9178082191780823
1263;Hyundai;i30;2017-10-01;13960.0;Guter Preis;57090.0;Schaltgetriebe;Benzin;5.035503459774253;;120.0;0.2445261867227185;;;;True;Autoscout24.de;7.257534246575342
1264;Peugeot;308;2019-08-01;8750.0;Sehr guter Preis;143898.0;Automatik;Benzin;4.983910066781962;;131.0;0.0608069604858997;;;;True;Autoscout24.de;5.424657534246576
1265;Citroen;C5 Aircross;2019-09-01;13749.0;Guter Preis;74999.0;Schaltgetriebe;Benzin;5.3;121.0;131.0;0.1833224442992573;9.381;1736.18;2239.4;True;Autoscout24.de;5.33972602739726
1266;Nissan;Qashqai;2017-05-01;13990.0;Sehr guter Preis;58769.0;Schaltgetriebe;Benzin;5.6;129.0;116.0;0.2380506729738467;9.912;1834.46;2387.46;True;Autoscout24.de;7.676712328767123
1267;Volkswagen;Tiguan;2019-10-01;24950.0;Sehr guter Preis;27785.0;Automatik;Diesel;4.9;;150.0;0.8979665287025373;8.085;1496.33;;True;Autoscout24.de;5.257534246575342
1268;Ford;Transit Connect;2019-11-01;15926.0;Sehr guter Preis;58356.0;Schaltgetriebe;Diesel;4.5592640367736585;;120.0;0.2729110974021523;;;;True;Autoscout24.de;5.1726027397260275
1269;Audi;S3;2018-02-01;24900.0;Sehr guter Preis;88500.0;Automatik;Benzin;6.6;;310.0;0.2813559322033898;11.682;2162.04;;True;Autoscout24.de;6.920547945205479
1270;Opel;Insignia;2021-08-01;13990.0;Keine Information;122000.0;Automatik;Diesel;5.7;149.0;174.0;0.1146721311475409;9.405;1740.63;2757.61;True;Autoscout24.de;3.421917808219178
1271;BMW;530;;;Keine Information;;Keine Information;Keine Information;1.7277019576217623;;;;;;;True;Autoscout24.de;
1272;Opel;Karl;2017-04-01;4990.0;Sehr guter Preis;117000.0;Schaltgetriebe;Benzin;4.579944143459457;;75.0;0.0426495726495726;;;;True;Autoscout24.de;7.758904109589041
1273;BMW;540;2018-06-01;25900.0;Keine Information;128330.0;Automatik;Benzin;6.5;149.0;340.0;0.2018234239850385;11.505;2129.28;2757.61;True;Autoscout24.de;6.5917808219178085
1274;Jeep;Compass;2018-12-01;15200.0;Guter Preis;141009.0;Automatik;Diesel;6.3;197.0;140.0;0.1077945379372947;10.395;1923.85;3645.97;True;Autoscout24.de;6.090410958904109
1275;Audi;A6;2018-03-01;17750.0;Sehr guter Preis;194740.0;Automatik;Diesel;4.6;119.0;218.0;0.0911471705864229;7.589999999999999;1404.72;2202.39;True;Autoscout24.de;6.843835616438356
1276;Volkswagen;Golf;2017-01-01;12880.0;Guter Preis;96228.0;Schaltgetriebe;Benzin;4.9;112.0;110.0;0.1338487758240844;8.673;1605.15;2072.84;True;Autoscout24.de;8.005479452054795
1277;Opel;Mokka;2017-01-01;9880.0;Sehr guter Preis;115613.0;Schaltgetriebe;Benzin;6.0;142.0;140.0;0.0854575177531938;10.62;1965.49;2628.06;True;Autoscout24.de;8.005479452054795
1278;Renault;Twingo;2017-02-01;12500.0;Guter Preis;49500.0;Automatik;Benzin;4.8;108.0;90.0;0.2525252525252525;8.496;1572.39;1998.81;True;Autoscout24.de;7.920547945205479
1279;Mercedes-Benz;CLA 220;2018-03-01;19999.0;Guter Preis;154191.0;Automatik;Diesel;4.640010866355846;;177.0;0.1297027712382694;;;;True;Autoscout24.de;6.843835616438356
1280;Peugeot;3008;2019-10-01;19995.0;Keine Information;97000.0;Automatik;Diesel;4.9;129.0;177.0;0.2061340206185567;8.085;1496.33;2387.46;True;Autoscout24.de;5.257534246575342
1281;Dacia;Duster;2020-02-01;11950.0;Sehr guter Preis;38620.0;Schaltgetriebe;Benzin;6.468656936384211;;101.0;0.3094251683065769;;;;True;Autoscout24.de;4.920547945205479
1282;Mercedes-Benz;A 220;2017-07-01;22980.0;Guter Preis;40501.0;Automatik;Benzin;6.308843366094852;;184.0;0.5673933976938841;;;;True;Autoscout24.de;7.50958904109589
1283;Jeep;Compass;2018-05-01;14990.0;Guter Preis;87400.0;Schaltgetriebe;Benzin;7.295027064008066;;140.0;0.1715102974828375;;;;True;Autoscout24.de;6.676712328767123
1284;Ford;Mondeo;2019-02-01;16500.0;Sehr guter Preis;84300.0;Automatik;Diesel;4.9;;150.0;0.195729537366548;8.085;1496.33;;True;Autoscout24.de;5.920547945205479
1285;Audi;A4;2018-01-01;19990.0;Sehr guter Preis;103000.0;Automatik;Diesel;4.576294633702816;;190.0;0.1940776699029126;;;;True;Autoscout24.de;7.005479452054795
1286;Suzuki;Ignis;2020-10-01;9970.0;Sehr guter Preis;76048.0;Schaltgetriebe;Benzin;4.580274163550336;;83.0;0.1311014096360193;;;;True;Autoscout24.de;4.254794520547946
1287;Ford;Ranger;2018-01-01;24990.0;Sehr guter Preis;106521.0;Automatik;Diesel;8.7;228.0;200.0;0.2346016278480299;14.355;2656.75;4219.7;True;Autoscout24.de;7.005479452054795
1288;Volkswagen;Touran;2021-01-01;14790.0;Sehr guter Preis;155115.0;Schaltgetriebe;Diesel;4.633319236123817;;122.0;0.0953486123198917;;;;True;Autoscout24.de;4.002739726027397
1289;Volkswagen;Polo;2020-12-01;9699.0;Sehr guter Preis;163900.0;Schaltgetriebe;Benzin;5.3;121.0;95.0;0.059176327028676;9.381;1736.18;2239.4;True;Autoscout24.de;4.087671232876712
1290;Kia;Sportage;2019-10-01;18570.0;Sehr guter Preis;61800.0;Automatik;Benzin;6.024116527480638;186.0;177.0;0.3004854368932039;;;3442.39;True;Autoscout24.de;5.257534246575342
1291;Audi;Q2;2018-06-01;17900.0;Sehr guter Preis;87400.0;Schaltgetriebe;Diesel;4.4;114.0;116.0;0.2048054919908467;7.26;1343.64;2109.85;True;Autoscout24.de;6.5917808219178085
1292;Hyundai;KONA;2019-07-01;14690.0;Sehr guter Preis;109000.0;Automatik;Diesel;3.8418624402148507;141.0;136.0;0.1347706422018348;;;2609.55;True;Autoscout24.de;5.50958904109589
1293;Peugeot;2008;2018-05-01;11750.0;Sehr guter Preis;62200.0;Schaltgetriebe;Benzin;5.432678103764092;;131.0;0.1889067524115755;;;;True;Autoscout24.de;6.676712328767123
1294;Volkswagen;Polo;2017-01-01;10740.0;Guter Preis;36531.0;Schaltgetriebe;Benzin;4.7;107.0;90.0;0.293996879362733;8.319;1539.64;1980.3;True;Autoscout24.de;8.005479452054795
1295;Skoda;Scala;2020-11-01;13950.0;Sehr guter Preis;28625.0;Schaltgetriebe;Benzin;4.795342743828119;;90.0;0.4873362445414847;;;;True;Autoscout24.de;4.16986301369863
1296;Volkswagen;Golf;2020-11-01;18390.0;Guter Preis;112010.0;Automatik;Diesel;4.4;116.0;150.0;0.1641817694848674;7.26;1343.64;2146.86;True;Autoscout24.de;4.16986301369863
1297;Mazda;CX-3;2018-03-01;14690.0;Sehr guter Preis;111120.0;Automatik;Benzin;6.3;146.0;150.0;0.1321994240460763;11.151;2063.77;2702.09;True;Autoscout24.de;6.843835616438356
1298;BMW;X4;2017-05-01;23740.0;Fairer Preis;123300.0;Automatik;Diesel;4.107720531666832;;190.0;0.1925385239253852;;;;True;Autoscout24.de;7.676712328767123
1299;Citroen;C3;2024-06-01;16750.0;Sehr guter Preis;14800.0;Automatik;Benzin;5.460739334348545;;110.0;1.1317567567567568;;;;True;Autoscout24.de;0.5863013698630137
1300;Mazda;3;2019-03-01;16975.0;Keine Information;31760.0;Schaltgetriebe;Benzin;5.608576211968401;;122.0;0.5344773299748111;;;;True;Autoscout24.de;5.843835616438356
1301;Suzuki;Ignis;2018-12-01;10995.0;Sehr guter Preis;25285.0;Schaltgetriebe;Benzin;4.7;107.0;90.0;0.4348427921692703;8.319;1539.64;1980.3;True;Autoscout24.de;6.090410958904109
1302;Citroen;C1;2022-01-01;9950.0;Sehr guter Preis;13200.0;Schaltgetriebe;Benzin;5.062920642091275;;72.0;0.7537878787878788;;;;True;Autoscout24.de;3.0027397260273974
1303;Renault;Captur;2019-05-01;13990.0;Guter Preis;50164.0;Schaltgetriebe;Benzin;4.788529077572603;;131.0;0.278885256359142;;;;True;Autoscout24.de;5.676712328767123
1304;Skoda;Fabia;2024-02-01;14470.0;Sehr guter Preis;0.0;Schaltgetriebe;Benzin;5.85009458995694;116.0;80.0;inf;;;2146.86;True;Autoscout24.de;0.9178082191780822
1305;Skoda;Octavia;2021-02-01;9900.0;Sehr guter Preis;211222.0;Automatik;Erdgas (CNG);4.325991700880525;114.0;131.0;0.0468701176960733;;;2109.85;True;Autoscout24.de;3.9178082191780823
1306;Volkswagen;Tiguan;2017-07-01;16749.0;Sehr guter Preis;72450.0;Schaltgetriebe;Benzin;6.1;;125.0;0.2311801242236024;10.797;1998.25;;True;Autoscout24.de;7.50958904109589
1307;Ford;Focus;2018-04-01;21990.0;Sehr guter Preis;177300.0;Schaltgetriebe;Benzin;7.7;175.0;349.0;0.1240270727580372;13.629;2522.38;3238.8;True;Autoscout24.de;6.758904109589041
1308;Renault;Koleos;2019-02-01;19499.0;Sehr guter Preis;73068.0;Automatik;Diesel;6.2;194.0;177.0;0.2668610061860185;10.23;1893.31;3590.45;True;Autoscout24.de;5.920547945205479
1309;Peugeot;2008;2019-02-01;12990.0;Sehr guter Preis;64500.0;Automatik;Benzin;5.5;126.0;110.0;0.2013953488372093;9.735;1801.7;2331.94;True;Autoscout24.de;5.920547945205479
1310;Renault;Espace;2018-11-01;17890.0;Sehr guter Preis;130000.0;Automatik;Diesel;4.7;125.0;160.0;0.1376153846153846;7.755;1435.25;2313.43;True;Autoscout24.de;6.1726027397260275
1311;Mercedes-Benz;A 180;2018-03-01;17400.0;Sehr guter Preis;104988.0;Automatik;Benzin;5.5;127.0;122.0;0.1657332266544748;9.735;1801.7;2350.45;True;Autoscout24.de;6.843835616438356
1312;Kia;ProCeed / pro_cee'd;2019-06-01;19450.0;Sehr guter Preis;55014.0;Schaltgetriebe;Benzin;6.4;146.0;140.0;0.3535463700149053;11.328;2096.52;2702.09;True;Autoscout24.de;5.5917808219178085
1313;Hyundai;i30;2022-01-01;15990.0;Sehr guter Preis;28170.0;Schaltgetriebe;Benzin;5.0;115.0;120.0;0.5676251331203408;8.85;1637.91;2128.36;True;Autoscout24.de;3.0027397260273974
1314;Audi;A6;2020-11-01;25750.0;Sehr guter Preis;112357.0;Automatik;Diesel;4.9;128.0;204.0;0.2291802023905942;8.085;1496.33;2368.95;True;Autoscout24.de;4.16986301369863
1315;Opel;Astra;2021-10-01;13980.0;Sehr guter Preis;60200.0;Automatik;Diesel;5.1;132.0;122.0;0.2322259136212624;8.415;1557.4;2442.98;True;Autoscout24.de;3.254794520547945
1316;Mercedes-Benz;C 220;2018-03-01;24900.0;Sehr guter Preis;63654.0;Automatik;Diesel;4.6;117.0;170.0;0.391177302290508;7.589999999999999;1404.72;2165.37;True;Autoscout24.de;6.843835616438356
1317;Kia;Ceed / cee'd;2018-01-01;10900.0;Sehr guter Preis;78778.0;Schaltgetriebe;Benzin;6.0;138.0;99.0;0.1383635025006981;10.62;1965.49;2554.03;True;Autoscout24.de;7.005479452054795
1318;Skoda;Kodiaq;2019-04-01;24990.0;Sehr guter Preis;106910.0;Automatik;Diesel;5.7;151.0;190.0;0.2337480123468338;9.405;1740.63;2794.63;True;Autoscout24.de;5.758904109589041
1319;Skoda;Octavia;2020-03-01;20990.0;Sehr guter Preis;118000.0;Automatik;Diesel;3.7;;150.0;0.1778813559322034;6.105;1129.88;;True;Autoscout24.de;4.841095890410959
1320;BMW;530;2017-04-01;23989.0;Sehr guter Preis;144750.0;Automatik;Diesel;4.5;;265.0;0.165727115716753;7.425;1374.18;;True;Autoscout24.de;7.758904109589041
1321;Ford;EcoSport;2021-03-01;13950.0;Sehr guter Preis;28980.0;Schaltgetriebe;Benzin;5.1;116.0;101.0;0.4813664596273292;9.027;1670.67;2146.86;True;Autoscout24.de;3.841095890410959
1322;Audi;A6;2017-05-01;23900.0;Fairer Preis;156700.0;Automatik;Diesel;5.3;140.0;218.0;0.1525207402680281;8.745;1618.48;2591.04;True;Autoscout24.de;7.676712328767123
1323;Ford;Transit;2021-10-01;13980.0;Keine Information;93000.0;Schaltgetriebe;Diesel;6.8;179.0;131.0;0.1503225806451613;11.22;2076.54;3312.83;True;Autoscout24.de;3.254794520547945
1324;Dacia;Duster;2017-03-01;7990.0;Guter Preis;125000.0;Schaltgetriebe;Autogas (LPG);6.4;145.0;114.0;0.06392;1.4656000000000002;271.25;2683.58;True;Autoscout24.de;7.843835616438356
1325;Skoda;Rapid/Spaceback;2017-12-01;9480.0;Fairer Preis;108400.0;Schaltgetriebe;Benzin;4.4;101.0;95.0;0.0874538745387453;7.788000000000001;1441.36;1869.25;True;Autoscout24.de;7.090410958904109
1326;Kia;Niro;;;Keine Information;;Keine Information;Keine Information;2.8935671310591173;;;;;;;True;Autoscout24.de;
1327;Skoda;Fabia;2019-02-01;9900.0;Sehr guter Preis;51143.0;Schaltgetriebe;Benzin;4.8;129.0;75.0;0.1935748782824629;8.496;1572.39;2387.46;True;Autoscout24.de;5.920547945205479
1328;Kia;Niro;;;Keine Information;;Keine Information;Keine Information;2.8935671310591173;;;;;;;True;Autoscout24.de;
1329;Skoda;Octavia;2017-08-01;15890.0;Sehr guter Preis;51264.0;Automatik;Benzin;4.7;109.0;116.0;0.3099641073657928;8.319;1539.64;2017.31;True;Autoscout24.de;7.424657534246576
1330;Alfa Romeo;Giulietta;2018-08-01;12900.0;Sehr guter Preis;71300.0;Schaltgetriebe;Benzin;6.2;;120.0;0.1809256661991584;10.974;2031.01;;True;Autoscout24.de;6.424657534246576
1331;Volkswagen;Golf;2017-02-01;11410.0;Sehr guter Preis;149980.0;Schaltgetriebe;Benzin;5.184630757434888;;150.0;0.0760768102413655;;;;True;Autoscout24.de;7.920547945205479
1332;Peugeot;3008;2018-01-01;18990.0;Sehr guter Preis;104400.0;Automatik;Diesel;4.77303362496023;;181.0;0.1818965517241379;;;;True;Autoscout24.de;7.005479452054795
1333;Skoda;Scala;2019-10-01;15980.0;Sehr guter Preis;58703.0;Automatik;Benzin;4.5971850051564624;;116.0;0.2722177742193755;;;;True;Autoscout24.de;5.257534246575342
1334;Jaguar;F-Pace;2020-09-01;22800.0;Sehr guter Preis;171700.0;Automatik;Diesel;7.8;205.0;300.0;0.1327897495631916;12.87;2381.91;3794.03;True;Autoscout24.de;4.336986301369863
1335;Kia;Picanto;2017-04-01;13880.0;Sehr guter Preis;21008.0;Automatik;Benzin;5.293830988132128;124.0;84.0;0.6607006854531607;;;2294.92;True;Autoscout24.de;7.758904109589041
1336;Ford;Focus;2017-11-01;13990.0;Sehr guter Preis;59388.0;Automatik;Benzin;5.607489681847532;;182.0;0.2355694753148784;;;;True;Autoscout24.de;7.1726027397260275
1337;Kia;Sportage;2020-12-01;16990.0;Sehr guter Preis;32500.0;Schaltgetriebe;Benzin;7.9;180.0;132.0;0.5227692307692308;13.983;2587.9;3331.34;True;Autoscout24.de;4.087671232876712
1338;Toyota;Yaris;;;Keine Information;;Keine Information;Keine Information;1.2408540070297147;;;;;;;True;Autoscout24.de;
1339;BMW;X3;2017-01-01;18999.0;Guter Preis;175000.0;Automatik;Diesel;4.9;129.0;190.0;0.1085657142857142;8.085;1496.33;2387.46;True;Autoscout24.de;8.005479452054795
1340;Volvo;XC40;2019-11-01;14550.0;Guter Preis;200000.0;Schaltgetriebe;Benzin;6.2;142.0;163.0;0.07275;10.974;2031.01;2628.06;True;Autoscout24.de;5.1726027397260275
1341;Land Rover;Range Rover Sport;2018-01-01;36990.0;Sehr guter Preis;130000.0;Automatik;Diesel;6.9;182.0;258.0;0.2845384615384615;11.385;2107.07;3368.36;True;Autoscout24.de;7.005479452054795
1342;Volkswagen;Polo;2021-07-01;14750.0;Sehr guter Preis;50000.0;Schaltgetriebe;Benzin;5.3;120.0;95.0;0.295;9.381;1736.18;2220.89;True;Autoscout24.de;3.506849315068493
1343;Fiat;500X;2018-05-01;18900.0;Sehr guter Preis;19878.0;Automatik;Benzin;6.7;157.0;170.0;0.9507998792635074;11.859;2194.8;2905.67;True;Autoscout24.de;6.676712328767123
