Unnamed: 0.1;Unnamed: 0;Brand;Model;YearMonth;cleaned_Price;Price_Eval;Kilometer;Gear_Type;Fuel_Type;Consumption;CO2_g_km;Power_PS;Price_per_km;Fuel_Cost_per_100km;Annual_Fuel_Cost;CO2_per_year;CO2_Emission_Category;Marketplace;car_age
0;0;Mercedes-Benz;CLA 220 Shooting Brake;1-10-2017;23.455;;96000.0;Automatik;Diesel;7.0;108.0;177.0;0.00024432291666666667;12.39;2292.15;1998.0;True;Auto.de;7.485.284.052.019.160
1;1;Dacia;Lodgy;1-7-2017;12.948;;69595.0;Schaltgetriebe;Benzin;8.0;185.0;116.0;0.00018604784826496156;14.16;2619.6;3422.5;False;Auto.de;7.737.166.324.435.310
2;2;Volkswagen;T-Roc;1-11-2017;24.948;;96418.0;Automatik;Diesel;1.0;133.0;150.0;0.0002587483664875853;1.77;327.45;2460.5;False;Auto.de;740.041.067.761.807
3;3;Dacia;Duster;1-7-2017;14.948;;38342.0;Schaltgetriebe;Benzin;8.0;185.0;125.0;0.0003898596838975536;14.16;2619.6;3422.5;False;Auto.de;7.737.166.324.435.310
4;4;Renault;Megane;1-11-2017;14.948;;32890.0;Schaltgetriebe;Benzin;8.0;120.0;132.0;0.00045448464578899363;14.16;2619.6;2220.0;True;Auto.de;740.041.067.761.807
5;5;Dacia;Dokker;1-7-2017;13.348;;106490.0;Schaltgetriebe;Benzin;8.0;130.0;116.0;0.0001253451028265565;14.16;2619.6;2405.0;True;Auto.de;7.737.166.324.435.310
6;6;Mazda;2;1-12-2017;16.548;;16572.0;Schaltgetriebe;Benzin;5.0;105.0;90.0;0.000998551774076756;8.85;1637.25;1942.5;True;Auto.de;7.318.275.154.004.100
7;7;Volkswagen;Passat;1-11-2017;26.448;;78090.0;Automatik;Benzin;8.0;148.0;220.0;0.00033868613138686134;14.16;2619.6;2738.0;False;Auto.de;740.041.067.761.807
8;8;Nissan;Micra;1-9-2017;11.548;;44800.0;Schaltgetriebe;Benzin;6.0;107.0;71.0;0.0002577678571428571;10.620.000.000.000.000;19.647.000.000.000.000;1979.5;True;Auto.de;7.567.419.575.633.120
9;9;Renault;Clio;1-8-2017;11.048;;117135.0;Schaltgetriebe;Benzin;4.0;120.0;118.0;9,43E+10;7.08;1309.8;2220.0;True;Auto.de;7.652.292.950.034.220
10;10;Seat;Leon;1-11-2017;21.248;;75073.0;Schaltgetriebe;Benzin;9.0;158.0;301.0;0.00028303118298189764;15.93;2947.05;2923.0;False;Auto.de;740.041.067.761.807
11;11;Seat;Ibiza;1-8-2017;12.549;;57348.0;Schaltgetriebe;Benzin;8.0;185.0;95.0;0.00021882192927390667;14.16;2619.6;3422.5;False;Auto.de;7.652.292.950.034.220
12;12;Renault;Grand Scenic;1-12-2017;15.048;;81000.0;Schaltgetriebe;Benzin;1.0;136.0;132.0;0.0001857777777777778;1.77;327.45;2516.0;False;Auto.de;7.318.275.154.004.100
13;13;Audi;TT;1-5-2017;30.549;;54590.0;Automatik;Benzin;0.0;0.0;180.0;0.0005596079868107712;0.0;0.0;0.0;True;Auto.de;7.904.175.222.450.370
14;14;Volkswagen;Golf;1-10-2017;17.949;;58374.0;Schaltgetriebe;Benzin;8.0;185.0;150.0;0.0003074827834309796;14.16;2619.6;3422.5;False;Auto.de;7.485.284.052.019.160
15;15;Mercedes-Benz;SONSTIGE;1-4-2017;36.049;;148484.0;Automatik;Diesel;7.0;186.0;177.0;0.00024278036690821906;12.39;2292.15;3441.0;False;Auto.de;798.631.074.606.434
16;16;Citroen;C1;1-5-2017;7.948;;118730.0;Schaltgetriebe;Benzin;8.0;185.0;69.0;6,69E+10;14.16;2619.6;3422.5;False;Auto.de;7.904.175.222.450.370
17;17;Volkswagen;T6 SONSTIGE;1-4-2017;18.349;;145400.0;Schaltgetriebe;Diesel;7.0;186.0;102.0;0.00012619669876203578;12.39;2292.15;3441.0;False;Auto.de;798.631.074.606.434
18;18;Opel;Adam;1-5-2017;13.448;;51540.0;Schaltgetriebe;Benzin;8.0;185.0;116.0;0.00026092355452076056;14.16;2619.6;3422.5;False;Auto.de;7.904.175.222.450.370
19;19;Renault;Kadjar;1-4-2017;15.948;;87914.0;Automatik;Benzin;8.0;132.0;131.0;0.0001814045544509407;14.16;2619.6;2442.0;False;Auto.de;798.631.074.606.434
20;20;Mazda;CX-3;1-12-2017;16.049;;111000.0;Schaltgetriebe;Benzin;8.0;185.0;120.0;0.00014458558558558558;14.16;2619.6;3422.5;False;Auto.de;7.318.275.154.004.100
21;21;Volkswagen;Golf;1-11-2017;21.049;;40552.0;Automatik;Benzin;8.0;185.0;150.0;0.0005190619451568356;14.16;2619.6;3422.5;False;Auto.de;740.041.067.761.807
22;22;Mini;Cooper S;1-7-2017;16.949;;89799.0;Schaltgetriebe;Benzin;8.0;185.0;192.0;0.00018874374993040015;14.16;2619.6;3422.5;False;Auto.de;7.737.166.324.435.310
23;23;Hyundai;i30;1-10-2017;13.049;;87550.0;Schaltgetriebe;Benzin;8.0;185.0;101.0;0.0001490462592804112;14.16;2619.6;3422.5;False;Auto.de;7.485.284.052.019.160
24;24;Volkswagen;Passat Variant;1-10-2017;24.349;;114000.0;Automatik;Diesel;7.0;186.0;239.0;0.0002135877192982456;12.39;2292.15;3441.0;False;Auto.de;7.485.284.052.019.160
25;25;Hyundai;i10;1-9-2017;8.949;;83264.0;Schaltgetriebe;Benzin;8.0;185.0;67.0;0.00010747742121445042;14.16;2619.6;3422.5;False;Auto.de;7.567.419.575.633.120
26;26;Renault;Master;1-9-2017;23.849;;147800.0;Schaltgetriebe;Diesel;7.0;186.0;131.0;0.0001613599458728011;12.39;2292.15;3441.0;False;Auto.de;7.567.419.575.633.120
27;27;Peugeot;3008;1-8-2017;18.048;;59000.0;Automatik;Benzin;8.0;185.0;131.0;0.00030589830508474575;14.16;2619.6;3422.5;False;Auto.de;7.652.292.950.034.220
28;28;Renault;Trafic;1-9-2017;21.349;;135300.0;Schaltgetriebe;Diesel;7.0;186.0;121.0;0.000157790096082779;12.39;2292.15;3441.0;False;Auto.de;7.567.419.575.633.120
29;29;Volkswagen;Golf;1-10-2017;18.49;;74500.0;Automatik;Benzin;1.0;110.0;110.0;0.00024818791946308724;1.77;327.45;2035.0;True;Auto.de;7.485.284.052.019.160
30;30;Renault;Master;1-3-2017;28.949;;123000.0;Schaltgetriebe;Diesel;0.0;0.0;125.0;0.00023535772357723578;0.0;0.0;0.0;True;Auto.de;8.071.184.120.465.430
31;31;Opel;Movano;1-3-2017;30.149;;108300.0;Schaltgetriebe;Diesel;0.0;0.0;131.0;0.0002783841181902124;0.0;0.0;0.0;True;Auto.de;8.071.184.120.465.430
32;32;Opel;Corsa;1-5-2017;14.549;;63127.0;Automatik;Benzin;9.0;137.0;90.0;0.00023047190584060703;15.93;2947.05;2534.5;False;Auto.de;7.904.175.222.450.370
33;33;Jeep;Renegade;1-8-2017;16.949;;96313.0;Schaltgetriebe;Diesel;1.0;154.0;140.0;0.0001759783206836045;1.77;327.45;2849.0;False;Auto.de;7.652.292.950.034.220
34;34;Suzuki;Baleno;1-10-2017;13.349;;92065.0;Automatik;Benzin;7.0;0.0;112.0;0.00014499538369630154;12.39;2292.15;0.0;True;Auto.de;7.485.284.052.019.160
35;35;Ford;B-Max;1-4-2017;13.549;;112095.0;Automatik;Benzin;4.0;149.0;105.0;0.00012087069003969846;7.08;1309.8;2756.5;False;Auto.de;798.631.074.606.434
36;36;Mazda;3;1-7-2017;16.049;;99182.0;Automatik;Benzin;6.0;129.0;120.0;0.0001618136355387066;10.620.000.000.000.000;19.647.000.000.000.000;2386.5;True;Auto.de;7.737.166.324.435.310
37;37;Peugeot;2008;1-5-2017;11.549;;76850.0;Schaltgetriebe;Diesel;5.0;90.0;99.0;0.0001502797657774886;8.85;1637.25;1665.0;True;Auto.de;7.904.175.222.450.370
38;38;Skoda;Rapid;1-5-2017;15.049;;104000.0;Automatik;Benzin;8.0;114.0;125.0;0.00014470192307692307;14.16;2619.6;2109.0;True;Auto.de;7.904.175.222.450.370
39;39;Mazda;CX-3;1-8-2017;16.749;;55600.0;Schaltgetriebe;Benzin;9.0;137.0;120.0;0.0003012410071942446;15.93;2947.05;2534.5;False;Auto.de;7.652.292.950.034.220
40;40;Suzuki;Vitara;1-5-2017;16.549;;41300.0;Schaltgetriebe;Benzin;8.0;185.0;120.0;0.0004007021791767554;14.16;2619.6;3422.5;False;Auto.de;7.904.175.222.450.370
41;41;Skoda;Fabia;1-7-2017;12.249;;31700.0;Schaltgetriebe;Benzin;8.0;109.0;75.0;0.000386403785488959;14.16;2619.6;2016.5;True;Auto.de;7.737.166.324.435.310
42;42;Smart;ForTwo;1-7-2017;14.049;;49990.0;Automatik;Benzin;5.0;114.0;90.0;0.00028103620724144826;8.85;1637.25;2109.0;True;Auto.de;7.737.166.324.435.310
43;43;Fiat;Tipo;1-7-2017;12.949;;84895.0;Schaltgetriebe;Diesel;7.0;98.0;120.0;0.00015252959538253135;12.39;2292.15;1813.0;True;Auto.de;7.737.166.324.435.310
44;44;Volkswagen;Caddy;1-6-2017;20.149;;77000.0;Automatik;Diesel;7.0;186.0;102.0;0.00026167532467532466;12.39;2292.15;3441.0;False;Auto.de;7.819.301.848.049.280
45;45;Mazda;CX-3;1-6-2017;19.349;;96300.0;Automatik;Benzin;8.0;146.0;150.0;0.00020092419522326066;14.16;2619.6;2701.0;False;Auto.de;7.819.301.848.049.280
46;46;Volvo;XC60;1-6-2017;23.349;;92800.0;Automatik;Diesel;7.0;119.0;150.0;0.00025160560344827585;12.39;2292.15;2201.5;True;Auto.de;7.819.301.848.049.280
47;47;Alfa;Romeo Giulia;1-9-2017;28.649;;89999.0;Automatik;Benzin;9.0;194.0;200.0;0.00031832575917510196;15.93;2947.05;3589.0;False;Auto.de;7.567.419.575.633.120
48;48;Mercedes-Benz;Sprinter;1-12-2017;25.349;;111000.0;Schaltgetriebe;Diesel;3.0;190.0;143.0;0.00022836936936936937;53.100.000.000.000.000;9.823.500.000.000.000;3515.0;False;Auto.de;7.318.275.154.004.100
49;49;Volkswagen;Golf Sportsvan;1-5-2017;20.149;;64380.0;Automatik;Benzin;8.0;185.0;150.0;0.0003129698664181423;14.16;2619.6;3422.5;False;Auto.de;7.904.175.222.450.370
50;50;Ford;B-Max;1-12-2017;12.349;;21300.0;Schaltgetriebe;Benzin;1.0;119.0;101.0;0.0005797652582159625;1.77;327.45;2201.5;True;Auto.de;7.318.275.154.004.100
51;51;Kia;Niro;1-5-2017;21.249;;35434.0;Automatik;Hybrid (Elektro / Benzin);4.0;101.0;141.0;0.0005996782751030084;7.08;1309.8;1868.5;True;Auto.de;7.904.175.222.450.370
52;52;Ford;Transit Custom;1-11-2017;23.349;;123000.0;Schaltgetriebe;Diesel;6.0;156.0;131.0;0.00018982926829268294;10.620.000.000.000.000;19.647.000.000.000.000;2886.0;False;Auto.de;740.041.067.761.807
53;53;Jaguar;F-Type;1-7-2017;58.749;;82000.0;Automatik;Benzin;8.0;268.0;551.0;0.0007164512195121951;14.16;2619.6;4958.0;False;Auto.de;7.737.166.324.435.310
54;54;Audi;SQ7;1-6-2017;49.949;;137366.0;Automatik;Diesel;7.0;186.0;435.0;0.000363619818586841;12.39;2292.15;3441.0;False;Auto.de;7.819.301.848.049.280
55;55;Audi;SQ7;1-6-2017;50.849;;137366.0;Automatik;Diesel;7.0;186.0;435.0;0.00037017165819780727;12.39;2292.15;3441.0;False;Auto.de;7.819.301.848.049.280
56;56;Volkswagen;Golf;1-9-2017;19.649;;85000.0;Schaltgetriebe;Diesel;7.0;186.0;150.0;0.00023116470588235296;12.39;2292.15;3441.0;False;Auto.de;7.567.419.575.633.120
57;57;Ford;Galaxy;1-3-2017;20.749;;99400.0;Schaltgetriebe;Benzin;5.0;149.0;160.0;0.0002087424547283702;8.85;1637.25;2756.5;False;Auto.de;8.071.184.120.465.430
58;58;Peugeot;3008;1-10-2017;15.749;;132282.0;Automatik;Benzin;8.0;136.0;165.0;0.00011905625859905354;14.16;2619.6;2516.0;False;Auto.de;7.485.284.052.019.160
59;59;Ford;Focus;1-5-2017;11.349;;69000.0;Schaltgetriebe;Benzin;6.0;105.0;101.0;0.00016447826086956523;10.620.000.000.000.000;19.647.000.000.000.000;1942.5;True;Auto.de;7.904.175.222.450.370
60;60;Skoda;Kodiaq;1-5-2017;25.349;;133680.0;Automatik;Diesel;7.0;186.0;190.0;0.0001896244763614602;12.39;2292.15;3441.0;False;Auto.de;7.904.175.222.450.370
61;61;Mini;Cooper S Cabrio;1-4-2017;21.249;;69000.0;Schaltgetriebe;Benzin;8.0;185.0;192.0;0.00030795652173913043;14.16;2619.6;3422.5;False;Auto.de;798.631.074.606.434
62;62;Mercedes-Benz;B 220;1-9-2017;20.749;;92000.0;Automatik;Benzin;8.0;185.0;184.0;0.00022553260869565217;14.16;2619.6;3422.5;False;Auto.de;7.567.419.575.633.120
63;63;Volkswagen;Golf;1-8-2017;21.749;;122000.0;Automatik;Benzin;3.0;145.0;230.0;0.00017827049180327867;53.100.000.000.000.000;9.823.500.000.000.000;2682.5;False;Auto.de;7.652.292.950.034.220
64;64;Ford;Focus;1-10-2017;15.949;;84200.0;Automatik;Benzin;1.0;140.0;182.0;0.00018941805225653206;1.77;327.45;2590.0;False;Auto.de;7.485.284.052.019.160
65;65;Porsche;Panamera;1-7-2017;98.049;;94400.0;Automatik;Hybrid (Elektro / Benzin);9.0;69.0;680.0;0.0010386546610169493;15.93;2947.05;1276.5;True;Auto.de;7.737.166.324.435.310
66;66;Opel;Crossland X;1-11-2017;14.649;;67380.0;Schaltgetriebe;Benzin;8.0;114.0;131.0;0.0002174087266251113;14.16;2619.6;2109.0;True;Auto.de;740.041.067.761.807
67;67;Audi;Q2;1-8-2017;25.149;;136670.0;Automatik;Diesel;7.0;186.0;190.0;0.000184012585058901;12.39;2292.15;3441.0;False;Auto.de;7.652.292.950.034.220
68;68;Kia;Sportage;1-10-2017;21.249;;71800.0;Automatik;Benzin;8.0;185.0;177.0;0.00029594707520891366;14.16;2619.6;3422.5;False;Auto.de;7.485.284.052.019.160
69;69;Toyota;RAV 4;1-8-2017;23.349;;87436.0;Automatik;Hybrid (Elektro / Benzin);9.0;115.0;197.0;0.00026704103572899033;15.93;2947.05;2127.5;True;Auto.de;7.652.292.950.034.220
70;70;Mercedes-Benz;Citan;1-12-2017;17.549;;77111.0;Automatik;Benzin;8.0;185.0;114.0;0.00022758101956919246;14.16;2619.6;3422.5;False;Auto.de;7.318.275.154.004.100
71;71;Volkswagen;Caddy;1-6-2017;22.349;;102900.0;Automatik;Benzin;7.0;130.0;125.0;0.00021719144800777453;12.39;2292.15;2405.0;True;Auto.de;7.819.301.848.049.280
72;72;Jaguar;XF;1-11-2017;25.349;;119500.0;Automatik;Diesel;8.0;124.0;180.0;0.0002121255230125523;14.16;2619.6;2294.0;True;Auto.de;740.041.067.761.807
73;73;Jaguar;XF;1-5-2017;39.749;;86000.0;Automatik;Diesel;3.0;114.0;180.0;0.0004621976744186047;53.100.000.000.000.000;9.823.500.000.000.000;2109.0;True;Auto.de;7.904.175.222.450.370
74;74;Skoda;Octavia;1-10-2017;22.249;;93700.0;Automatik;Diesel;7.0;186.0;184.0;0.00023744930629669155;12.39;2292.15;3441.0;False;Auto.de;7.485.284.052.019.160
75;75;Mercedes-Benz;V 220;1-7-2017;36.049;;146950.0;Automatik;Diesel;7.0;186.0;163.0;0.00024531473290234775;12.39;2292.15;3441.0;False;Auto.de;7.737.166.324.435.310
76;76;Honda;Civic;1-7-2017;16.949;;126524.0;Schaltgetriebe;Benzin;1.0;117.0;129.0;0.00013395877461983498;1.77;327.45;2164.5;True;Auto.de;7.737.166.324.435.310
77;77;Citroen;C3;1-4-2017;12.049;;88875.0;Schaltgetriebe;Benzin;6.0;0.0;110.0;0.00013557243319268635;10.620.000.000.000.000;19.647.000.000.000.000;0.0;True;Auto.de;798.631.074.606.434
78;78;Nissan;Qashqai;1-7-2017;19.849;;74000.0;Schaltgetriebe;Benzin;8.0;185.0;163.0;0.00026822972972972975;14.16;2619.6;3422.5;False;Auto.de;7.737.166.324.435.310
79;79;Abarth;500;1-8-2017;17.949;;54500.0;Schaltgetriebe;Benzin;0.0;0.0;160.0;0.00032933944954128446;0.0;0.0;0.0;True;Auto.de;7.652.292.950.034.220
80;80;Peugeot;3008;1-8-2017;24.849;;54362.0;Automatik;Diesel;4.0;114.0;180.0;0.00045710238769728853;7.08;1309.8;2109.0;True;Auto.de;7.652.292.950.034.220
81;81;Ford;Galaxy;1-11-2017;25.449;;112179.0;Automatik;Diesel;4.0;134.0;150.0;0.0002268606423662183;7.08;1309.8;2479.0;False;Auto.de;740.041.067.761.807
82;82;Ford;Focus;1-11-2017;16.949;;67935.0;Automatik;Benzin;5.0;125.0;125.0;0.0002494884816368588;8.85;1637.25;2312.5;True;Auto.de;740.041.067.761.807
83;83;Mini;ONE;1-12-2017;13.849;;67000.0;Schaltgetriebe;Benzin;8.0;185.0;102.0;0.00020670149253731342;14.16;2619.6;3422.5;False;Auto.de;7.318.275.154.004.100
84;84;Peugeot;208;1-4-2017;9.449;;88600.0;Schaltgetriebe;Benzin;4.0;102.0;68.0;0.00010664785553047404;7.08;1309.8;1887.0;True;Auto.de;798.631.074.606.434
85;85;Jaguar;F-Pace;1-7-2017;35.449;;62000.0;Automatik;Diesel;3.0;166.0;301.0;0.000571758064516129;53.100.000.000.000.000;9.823.500.000.000.000;3071.0;False;Auto.de;7.737.166.324.435.310
86;86;Audi;A6 Allroad;1-8-2017;28.549;;95417.0;Automatik;Diesel;7.0;186.0;190.0;0.0002992024482010543;12.39;2292.15;3441.0;False;Auto.de;7.652.292.950.034.220
87;87;Audi;A1;1-7-2017;15.749;;62200.0;Schaltgetriebe;Benzin;8.0;102.0;95.0;0.00025319935691318327;14.16;2619.6;1887.0;True;Auto.de;7.737.166.324.435.310
88;88;BMW;X1;1-11-2017;18.049;;109839.0;Schaltgetriebe;Benzin;3.0;121.0;140.0;0.00016432232631396863;53.100.000.000.000.000;9.823.500.000.000.000;2238.5;True;Auto.de;740.041.067.761.807
89;89;Mercedes-Benz;Vito;1-7-2017;50.849;;106376.0;Automatik;Diesel;7.0;186.0;190.0;0.0004780119575844175;12.39;2292.15;3441.0;False;Auto.de;7.737.166.324.435.310
90;90;Ford;Galaxy;1-11-2017;24.649;;111877.0;Automatik;Diesel;4.0;134.0;150.0;0.00022032231826023222;7.08;1309.8;2479.0;False;Auto.de;740.041.067.761.807
91;91;Honda;CR-V;1-5-2017;19.149;;78960.0;Schaltgetriebe;Benzin;2.0;168.0;155.0;0.00024251519756838906;3.54;654.9;3108.0;False;Auto.de;7.904.175.222.450.370
92;92;Mazda;CX-5;1-11-2017;26.449;;66653.0;Automatik;Benzin;8.0;162.0;194.0;0.000396816347351207;14.16;2619.6;2997.0;False;Auto.de;740.041.067.761.807
93;93;Seat;Alhambra;1-6-2017;31.849;;73900.0;Automatik;Diesel;7.0;186.0;150.0;0.00043097428958051423;12.39;2292.15;3441.0;False;Auto.de;7.819.301.848.049.280
94;94;Ford;Kuga;1-10-2017;17.449;;65500.0;Schaltgetriebe;Benzin;8.0;185.0;150.0;0.0002663969465648855;14.16;2619.6;3422.5;False;Auto.de;7.485.284.052.019.160
95;95;Mercedes-Benz;E 200;1-6-2017;30.749;;42395.0;Automatik;Benzin;8.0;152.0;184.0;0.0007252977945512442;14.16;2619.6;2812.0;False;Auto.de;7.819.301.848.049.280
96;96;Ford;Focus;1-6-2017;15.849;;136600.0;Schaltgetriebe;Diesel;7.0;110.0;185.0;0.00011602489019033675;12.39;2292.15;2035.0;True;Auto.de;7.819.301.848.049.280
97;97;Land Rover;Range Rover Evoque;1-8-2017;31.749;;35000.0;Automatik;Diesel;0.0;0.0;150.0;0.0009071142857142857;0.0;0.0;0.0;True;Auto.de;7.652.292.950.034.220
98;98;Seat;Leon;1-4-2017;16.449;;60000.0;Schaltgetriebe;Benzin;0.0;0.0;116.0;0.00027415;0.0;0.0;0.0;True;Auto.de;798.631.074.606.434
99;99;Mazda;CX-3;1-12-2017;16.949;;86897.0;Schaltgetriebe;Benzin;8.0;185.0;120.0;0.0001950470096781247;14.16;2619.6;3422.5;False;Auto.de;7.318.275.154.004.100
100;100;Opel;Meriva;1-4-2017;11.649;;74560.0;Schaltgetriebe;Benzin;8.0;185.0;120.0;0.00015623658798283262;14.16;2619.6;3422.5;False;Auto.de;798.631.074.606.434
101;101;Seat;Leon;1-10-2017;16.949;;81549.0;Schaltgetriebe;Benzin;0.0;0.0;150.0;0.00020783823222847615;0.0;0.0;0.0;True;Auto.de;7.485.284.052.019.160
102;102;Opel;Crossland X;1-9-2017;14.849;;47159.0;Schaltgetriebe;Benzin;9.0;109.0;110.0;0.00031487096842596325;15.93;2947.05;2016.5;True;Auto.de;7.567.419.575.633.120
103;103;Mercedes-Benz;C 43 AMG;1-5-2017;38.149;;115000.0;Automatik;Benzin;8.0;178.0;367.0;0.0003317304347826087;14.16;2619.6;3293.0;False;Auto.de;7.904.175.222.450.370
104;104;Ford;Focus;1-12-2017;15.749;;59990.0;Automatik;Benzin;8.0;185.0;125.0;0.0002625270878479747;14.16;2619.6;3422.5;False;Auto.de;7.318.275.154.004.100
105;105;Ford;C-Max;1-5-2017;13.349;;137000.0;Schaltgetriebe;Benzin;8.0;139.0;150.0;9,74E+10;14.16;2619.6;2571.5;False;Auto.de;7.904.175.222.450.370
106;106;Land Rover;Range Rover Evoque;1-11-2017;28.649;;88500.0;Automatik;Diesel;7.0;186.0;180.0;0.0003237175141242938;12.39;2292.15;3441.0;False;Auto.de;740.041.067.761.807
107;107;Skoda;Superb;1-10-2017;21.249;;109600.0;Automatik;Diesel;7.0;186.0;150.0;0.00019387773722627735;12.39;2292.15;3441.0;False;Auto.de;7.485.284.052.019.160
108;108;Volkswagen;Caddy;1-12-2017;17.049;;80000.0;Schaltgetriebe;Diesel;7.0;186.0;102.0;0.00021311249999999998;12.39;2292.15;3441.0;False;Auto.de;7.318.275.154.004.100
109;109;Mazda;MX-5;1-8-2017;20.949;;65900.0;Schaltgetriebe;Benzin;8.0;185.0;160.0;0.0003178907435508346;14.16;2619.6;3422.5;False;Auto.de;7.652.292.950.034.220
110;110;Kia;Sportage;1-12-2017;19.649;;81224.0;Automatik;Benzin;8.0;185.0;177.0;0.0002419112577563282;14.16;2619.6;3422.5;False;Auto.de;7.318.275.154.004.100
111;111;Seat;SONSTIGE;1-9-2017;16.049;;91640.0;Schaltgetriebe;Benzin;8.0;185.0;150.0;0.00017513094718463553;14.16;2619.6;3422.5;False;Auto.de;7.567.419.575.633.120
112;112;Opel;Corsa;1-9-2017;13.049;;34100.0;Automatik;Benzin;8.0;185.0;90.0;0.00038266862170087976;14.16;2619.6;3422.5;False;Auto.de;7.567.419.575.633.120
113;113;Alfa;Romeo Stelvio;1-10-2017;32.749;;53371.0;Automatik;Benzin;0.0;0.0;280.0;0.0006136103876637125;0.0;0.0;0.0;True;Auto.de;7.485.284.052.019.160
114;114;Volkswagen;Tiguan;1-11-2017;20.076;;72850.0;Schaltgetriebe;Benzin;0.0;0.0;125.0;0.0002755799588194921;0.0;0.0;0.0;True;Auto.de;740.041.067.761.807
115;115;Ford;Kuga;1-11-2017;16.749;;130750.0;Schaltgetriebe;Diesel;7.0;135.0;150.0;0.00012809942638623327;12.39;2292.15;2497.5;False;Auto.de;740.041.067.761.807
116;116;Renault;Megane;1-5-2017;14.549;;48000.0;Schaltgetriebe;Benzin;0.0;0.0;101.0;0.00030310416666666664;0.0;0.0;0.0;True;Auto.de;7.904.175.222.450.370
117;117;Volkswagen;Golf;1-5-2017;14.449;;90000.0;Schaltgetriebe;Benzin;0.0;0.0;110.0;0.00016054444444444445;0.0;0.0;0.0;True;Auto.de;7.904.175.222.450.370
118;118;Peugeot;Partner Tepee;1-6-2017;14.049;;138000.0;Schaltgetriebe;Benzin;8.0;185.0;110.0;0.00010180434782608695;14.16;2619.6;3422.5;False;Auto.de;7.819.301.848.049.280
119;119;Volkswagen;T6 Multivan;1-8-2017;40.049;;148000.0;Automatik;Diesel;7.0;186.0;204.0;0.00027060135135135137;12.39;2292.15;3441.0;False;Auto.de;7.652.292.950.034.220
120;120;Opel;Insignia;1-12-2017;21.049;;135000.0;Automatik;Benzin;8.0;185.0;260.0;0.00015591851851851852;14.16;2619.6;3422.5;False;Auto.de;7.318.275.154.004.100
121;121;Skoda;Octavia;1-10-2017;23.649;;92000.0;Automatik;Benzin;6.0;0.0;230.0;0.000257054347826087;10.620.000.000.000.000;19.647.000.000.000.000;0.0;True;Auto.de;7.485.284.052.019.160
122;122;Peugeot;308;1-7-2017;16.949;;48670.0;Schaltgetriebe;Benzin;6.0;107.0;131.0;0.00034824327100883504;10.620.000.000.000.000;19.647.000.000.000.000;1979.5;True;Auto.de;7.737.166.324.435.310
123;123;Mercedes-Benz;G 350;1-11-2017;92.149;;45350.0;Automatik;Diesel;7.0;186.0;245.0;0.002031951488423374;12.39;2292.15;3441.0;False;Auto.de;740.041.067.761.807
124;124;Ford;S-Max;1-5-2017;19.949;;104600.0;Automatik;Diesel;4.0;129.0;180.0;0.00019071701720841302;7.08;1309.8;2386.5;True;Auto.de;7.904.175.222.450.370
125;125;Kia;Soul;1-10-2017;14.749;;86000.0;Automatik;Elektro;;0.0;110.0;0.0001715;;;0.0;True;Auto.de;7.485.284.052.019.160
126;126;Kia;Stonic;1-12-2017;15.049;;34400.0;Schaltgetriebe;Benzin;8.0;118.0;84.0;0.0004374709302325581;14.16;2619.6;2183.0;True;Auto.de;7.318.275.154.004.100
127;127;Mercedes-Benz;SONSTIGE;1-8-2017;17.049;;83750.0;Schaltgetriebe;Benzin;8.0;185.0;122.0;0.00020357014925373134;14.16;2619.6;3422.5;False;Auto.de;7.652.292.950.034.220
128;128;BMW;X5;1-12-2017;49.349;;53100.0;Automatik;Benzin;6.0;227.0;449.0;0.0009293596986817325;10.620.000.000.000.000;19.647.000.000.000.000;4199.5;False;Auto.de;7.318.275.154.004.100
129;129;Volkswagen;Golf Sportsvan;1-6-2017;12.649;;141000.0;Schaltgetriebe;Benzin;8.0;185.0;150.0;8,97E+10;14.16;2619.6;3422.5;False;Auto.de;7.819.301.848.049.280
130;130;Opel;Insignia;1-12-2017;15.049;;124126.0;Schaltgetriebe;Benzin;6.0;136.0;165.0;0.00012123970803860593;10.620.000.000.000.000;19.647.000.000.000.000;2516.0;False;Auto.de;7.318.275.154.004.100
131;131;Ford;Focus;1-10-2017;14.049;;91840.0;Schaltgetriebe;Diesel;7.0;186.0;150.0;0.00015297256097560974;12.39;2292.15;3441.0;False;Auto.de;7.485.284.052.019.160
132;132;Opel;Corsa;1-12-2017;17.349;;78500.0;Schaltgetriebe;Benzin;0.0;0.0;207.0;0.0002210063694267516;0.0;0.0;0.0;True;Auto.de;7.318.275.154.004.100
133;133;Opel;Astra;1-6-2017;15.249;;31000.0;Halbautomatik;Benzin;8.0;185.0;105.0;0.0004919032258064516;14.16;2619.6;3422.5;False;Auto.de;7.819.301.848.049.280
134;134;Ford;Fiesta;1-11-2017;13.049;;97000.0;Schaltgetriebe;Benzin;8.0;185.0;86.0;0.00013452577319587628;14.16;2619.6;3422.5;False;Auto.de;740.041.067.761.807
135;135;Mercedes-Benz;E 250;1-10-2017;28.649;;113911.0;Automatik;Benzin;2.0;138.0;211.0;0.0002515033666634478;3.54;654.9;2553.0;False;Auto.de;7.485.284.052.019.160
136;136;Volvo;XC90;1-7-2017;30.749;;146300.0;Automatik;Diesel;7.0;186.0;235.0;0.00021017771701982226;12.39;2292.15;3441.0;False;Auto.de;7.737.166.324.435.310
137;137;Volkswagen;Passat Variant;1-11-2017;20.049;;87800.0;Automatik;Diesel;7.0;123.0;150.0;0.0002283485193621868;12.39;2292.15;2275.5;True;Auto.de;740.041.067.761.807
138;138;Volkswagen;Golf Sportsvan;1-5-2017;14.949;;89694.0;Schaltgetriebe;Benzin;4.0;129.0;150.0;0.00016666666666666666;7.08;1309.8;2386.5;True;Auto.de;7.904.175.222.450.370
139;139;Opel;Karl;1-12-2017;12.549;;88900.0;Automatik;Benzin;6.0;0.0;75.0;0.0001411586051743532;10.620.000.000.000.000;19.647.000.000.000.000;0.0;True;Auto.de;7.318.275.154.004.100
140;140;Skoda;Rapid;1-11-2017;13.649;;55200.0;Schaltgetriebe;Benzin;4.0;101.0;95.0;0.0002472644927536232;7.08;1309.8;1868.5;True;Auto.de;740.041.067.761.807
141;141;Jeep;Grand Cherokee;1-11-2017;31.849;;130300.0;Automatik;Diesel;8.0;212.0;250.0;0.00024442824251726786;14.16;2619.6;3922.0;False;Auto.de;740.041.067.761.807
142;142;Renault;Megane;1-8-2017;12.149;;99500.0;Schaltgetriebe;Benzin;4.0;120.0;101.0;0.0001221005025125628;7.08;1309.8;2220.0;True;Auto.de;7.652.292.950.034.220
143;143;Fiat;Tipo;1-5-2017;11.149;;99500.0;Schaltgetriebe;Diesel;2.0;110.0;120.0;0.0001120502512562814;3.54;654.9;2035.0;True;Auto.de;7.904.175.222.450.370
144;144;Volkswagen;Golf;1-12-2017;17.649;;56500.0;Schaltgetriebe;Benzin;8.0;110.0;131.0;0.0003123716814159292;14.16;2619.6;2035.0;True;Auto.de;7.318.275.154.004.100
145;145;Audi;A6;1-11-2017;47.749;;39913.0;Automatik;Diesel;4.0;169.0;326.0;0.0011963270112494676;7.08;1309.8;3126.5;False;Auto.de;740.041.067.761.807
146;146;Ford;Focus;1-4-2017;12.449;;78688.0;Schaltgetriebe;Benzin;7.0;108.0;125.0;0.00015820709638064253;12.39;2292.15;1998.0;True;Auto.de;798.631.074.606.434
147;147;Mazda;CX-3;1-10-2017;17.549;;83603.0;Automatik;Benzin;8.0;185.0;120.0;0.00020990873533246413;14.16;2619.6;3422.5;False;Auto.de;7.485.284.052.019.160
148;148;Volkswagen;Golf;1-12-2017;13.949;;79599.0;Schaltgetriebe;Benzin;8.0;109.0;110.0;0.00017524089498611791;14.16;2619.6;2016.5;True;Auto.de;7.318.275.154.004.100
149;149;BMW;1er M Coupe;1-5-2017;18.049;;112940.0;Schaltgetriebe;Benzin;8.0;185.0;184.0;0.00015981051885957144;14.16;2619.6;3422.5;False;Auto.de;7.904.175.222.450.370
150;150;Skoda;Fabia;1-11-2017;13.549;;15000.0;Schaltgetriebe;Benzin;8.0;185.0;95.0;0.0009032666666666666;14.16;2619.6;3422.5;False;Auto.de;740.041.067.761.807
151;151;Ford;Ranger;1-11-2017;31.749;;87109.0;Automatik;Diesel;7.0;186.0;200.0;0.0003644743941498582;12.39;2292.15;3441.0;False;Auto.de;740.041.067.761.807
152;152;Kia;Sorento;1-5-2017;26.149;;115150.0;Automatik;Diesel;7.0;186.0;200.0;0.0002270864090316978;12.39;2292.15;3441.0;False;Auto.de;7.904.175.222.450.370
153;153;Kia;Sorento;1-5-2017;25.249;;115150.0;Automatik;Diesel;7.0;186.0;200.0;0.0002192705167173252;12.39;2292.15;3441.0;False;Auto.de;7.904.175.222.450.370
154;154;Nissan;Micra;1-9-2017;11.549;;44800.0;Schaltgetriebe;Benzin;6.0;107.0;71.0;0.00025779017857142857;10.620.000.000.000.000;19.647.000.000.000.000;1979.5;True;Auto.de;7.567.419.575.633.120
155;155;Volkswagen;up!;1-7-2017;10.549;;42500.0;Schaltgetriebe;Benzin;1.0;96.0;75.0;0.00024821176470588236;1.77;327.45;1776.0;True;Auto.de;7.737.166.324.435.310
156;156;Ford;Focus;1-4-2017;12.049;;134251.0;Schaltgetriebe;Diesel;7.0;186.0;120.0;8,97E+09;12.39;2292.15;3441.0;False;Auto.de;798.631.074.606.434
157;157;Porsche;Panamera;1-8-2017;59.849;;124500.0;Automatik;Benzin;8.0;185.0;462.0;0.000480714859437751;14.16;2619.6;3422.5;False;Auto.de;7.652.292.950.034.220
158;158;Citroen;DS3;1-6-2017;8.649;;104000.0;Schaltgetriebe;Benzin;8.0;185.0;110.0;8,32E+10;14.16;2619.6;3422.5;False;Auto.de;7.819.301.848.049.280
159;159;Mercedes-Benz;E 63 AMG;1-4-2017;62.949;;106000.0;Automatik;Benzin;8.0;185.0;612.0;0.0005938584905660377;14.16;2619.6;3422.5;False;Auto.de;798.631.074.606.434
160;160;Opel;Astra;1-4-2017;10.949;;127000.0;Schaltgetriebe;Benzin;9.0;114.0;125.0;8,62E+10;15.93;2947.05;2109.0;True;Auto.de;798.631.074.606.434
161;161;Volkswagen;Polo;1-9-2017;9.949;;95400.0;Schaltgetriebe;Benzin;8.0;114.0;60.0;0.00010428721174004192;14.16;2619.6;2109.0;True;Auto.de;7.567.419.575.633.120
162;162;Porsche;991;1-5-2017;141.449;;48000.0;Automatik;Benzin;8.0;185.0;540.0;0.002946854166666667;14.16;2619.6;3422.5;False;Auto.de;7.904.175.222.450.370
163;163;Jeep;Grand Cherokee;1-5-2017;26.549;;105505.0;Automatik;Diesel;7.0;186.0;250.0;0.00025163736315814416;12.39;2292.15;3441.0;False;Auto.de;7.904.175.222.450.370
164;164;Volkswagen;Tiguan;1-12-2017;25.449;;83578.0;Automatik;Benzin;2.0;166.0;180.0;0.0003044940055995597;3.54;654.9;3071.0;False;Auto.de;7.318.275.154.004.100
165;165;Porsche;Panamera;1-6-2017;79.949;;87150.0;Automatik;Diesel;7.0;186.0;422.0;0.000917372346528973;12.39;2292.15;3441.0;False;Auto.de;7.819.301.848.049.280
166;166;Ford;Transit Custom;1-12-2017;21.249;;137000.0;Schaltgetriebe;Diesel;7.0;186.0;105.0;0.00015510218978102188;12.39;2292.15;3441.0;False;Auto.de;7.318.275.154.004.100
167;167;Volvo;XC90;1-11-2017;35.949;;133900.0;Automatik;Diesel;6.0;158.0;235.0;0.00026847647498132936;10.620.000.000.000.000;19.647.000.000.000.000;2923.0;False;Auto.de;740.041.067.761.807
168;168;Ford;Fiesta;1-3-2017;10.349;;92960.0;Schaltgetriebe;Benzin;0.0;0.0;80.0;0.00011132745266781412;0.0;0.0;0.0;True;Auto.de;8.071.184.120.465.430
169;169;Volkswagen;Beetle;1-6-2017;18.949;;32003.0;Schaltgetriebe;Benzin;1.0;124.0;105.0;0.0005921007405555729;1.77;327.45;2294.0;True;Auto.de;7.819.301.848.049.280
170;170;Porsche;Panamera;1-8-2017;60.849;;124500.0;Automatik;Hybrid (Elektro / Benzin);8.0;85.0;462.0;0.0004887469879518072;14.16;2619.6;1572.5;True;Auto.de;7.652.292.950.034.220
171;171;Skoda;Superb;1-11-2017;21.149;;118300.0;Automatik;Diesel;7.0;186.0;150.0;0.00017877430262045648;12.39;2292.15;3441.0;False;Auto.de;740.041.067.761.807
172;172;Mercedes-Benz;E 400;1-11-2017;29.149;;133000.0;Automatik;Benzin;8.0;180.0;333.0;0.0002191654135338346;14.16;2619.6;3330.0;False;Auto.de;740.041.067.761.807
173;173;Renault;Clio;1-8-2017;11.049;;117135.0;Schaltgetriebe;Benzin;4.0;120.0;118.0;9,43E+10;7.08;1309.8;2220.0;True;Auto.de;7.652.292.950.034.220
174;174;Ford;Ranger;1-8-2017;30.649;;148731.0;Automatik;Diesel;7.0;186.0;200.0;0.0002060700190276405;12.39;2292.15;3441.0;False;Auto.de;7.652.292.950.034.220
175;175;Seat;Ibiza;1-10-2017;11.749;;77318.0;Schaltgetriebe;Benzin;8.0;185.0;75.0;0.00015195685351405882;14.16;2619.6;3422.5;False;Auto.de;7.485.284.052.019.160
176;176;Volkswagen;T6 SONSTIGE;1-4-2017;35.049;;128500.0;Automatik;Diesel;8.0;178.0;204.0;0.00027275486381322955;14.16;2619.6;3293.0;False;Auto.de;798.631.074.606.434
177;177;Renault;ZOE;1-11-2017;9.249;;103000.0;Automatik;Elektro;;0.0;58.0;8,98E+10;;;0.0;True;Auto.de;740.041.067.761.807
178;178;Hyundai;Tucson;1-8-2017;17.049;;60830.0;Schaltgetriebe;Benzin;8.0;185.0;132.0;0.0002802728916652967;14.16;2619.6;3422.5;False;Auto.de;7.652.292.950.034.220
179;179;Dacia;Logan;1-12-2017;12.549;;83000.0;Schaltgetriebe;Benzin;3.0;125.0;90.0;0.00015119277108433733;53.100.000.000.000.000;9.823.500.000.000.000;2312.5;True;Auto.de;7.318.275.154.004.100
180;180;Audi;Q5;1-11-2017;34.849;;93093.0;Automatik;Diesel;7.0;138.0;190.0;0.00037434608402350333;12.39;2292.15;2553.0;False;Auto.de;740.041.067.761.807
181;181;Citroen;C4 Cactus;1-9-2017;9.849;;81010.0;Schaltgetriebe;Benzin;8.0;185.0;82.0;0.00012157758301444266;14.16;2619.6;3422.5;False;Auto.de;7.567.419.575.633.120
182;182;Mercedes-Benz;GLC 350;1-11-2017;35.449;;82131.0;Automatik;Diesel;7.0;161.0;258.0;0.0004316153462151928;12.39;2292.15;2978.5;False;Auto.de;740.041.067.761.807
183;183;Mercedes-Benz;V 250;1-7-2017;51.349;;106376.0;Automatik;Diesel;7.0;186.0;190.0;0.0004827122659246446;12.39;2292.15;3441.0;False;Auto.de;7.737.166.324.435.310
184;184;Nissan;Qashqai;1-7-2017;21.149;;74000.0;Schaltgetriebe;Benzin;8.0;185.0;163.0;0.0002857972972972973;14.16;2619.6;3422.5;False;Auto.de;7.737.166.324.435.310
185;185;Renault;ZOE;1-6-2017;10.149;;54500.0;Automatik;Elektro;;0.0;58.0;0.0001862201834862385;;;0.0;True;Auto.de;7.819.301.848.049.280
186;186;Kia;Sportage;1-4-2017;16.549;;116144.0;Schaltgetriebe;Diesel;7.0;186.0;136.0;0.00014248691279790604;12.39;2292.15;3441.0;False;Auto.de;798.631.074.606.434
187;187;BMW;X6;1-8-2017;52.449;;56835.0;Automatik;Diesel;7.0;186.0;381.0;0.0009228292425442068;12.39;2292.15;3441.0;False;Auto.de;7.652.292.950.034.220
188;188;Skoda;Yeti;1-10-2017;12.049;;126700.0;Automatik;Benzin;8.0;185.0;110.0;9,51E+10;14.16;2619.6;3422.5;False;Auto.de;7.485.284.052.019.160
189;189;Opel;Mokka X;1-11-2017;15.049;;37500.0;Schaltgetriebe;Benzin;8.0;185.0;116.0;0.0004013066666666667;14.16;2619.6;3422.5;False;Auto.de;740.041.067.761.807
190;190;Audi;A3;1-12-2017;21.149;;94000.0;Automatik;Benzin;8.0;185.0;150.0;0.00022498936170212768;14.16;2619.6;3422.5;False;Auto.de;7.318.275.154.004.100
191;191;Volkswagen;Tiguan;1-9-2017;18.849;;32500.0;Schaltgetriebe;Benzin;8.0;185.0;125.0;0.0005799692307692308;14.16;2619.6;3422.5;False;Auto.de;7.567.419.575.633.120
192;192;BMW;X1;1-4-2017;19.049;;101500.0;Automatik;Benzin;8.0;185.0;192.0;0.00018767487684729064;14.16;2619.6;3422.5;False;Auto.de;798.631.074.606.434
193;193;Volkswagen;up!;1-7-2017;7.749;;113000.0;Schaltgetriebe;Benzin;8.0;185.0;60.0;6,86E+10;14.16;2619.6;3422.5;False;Auto.de;7.737.166.324.435.310
194;194;Chevrolet;Camaro;1-8-2017;54.449;;25112.0;Automatik;Benzin;8.0;185.0;453.0;0.002168246256769672;14.16;2619.6;3422.5;False;Auto.de;7.652.292.950.034.220
195;195;Renault;ZOE;1-5-2017;9.849;;77600.0;Automatik;Elektro;;0.0;58.0;0.0001269201030927835;;;0.0;True;Auto.de;7.904.175.222.450.370
196;196;Abarth;500;1-10-2017;13.349;;133580.0;Schaltgetriebe;Benzin;8.0;185.0;160.0;9,99E+10;14.16;2619.6;3422.5;False;Auto.de;7.485.284.052.019.160
197;197;Volkswagen;T6 SONSTIGE;1-9-2017;21.149;;145000.0;Automatik;Diesel;7.0;186.0;150.0;0.00014585517241379311;12.39;2292.15;3441.0;False;Auto.de;7.567.419.575.633.120
198;198;Jeep;Renegade;1-7-2017;15.449;;44910.0;Schaltgetriebe;Benzin;8.0;145.0;110.0;0.00034399910932977066;14.16;2619.6;2682.5;False;Auto.de;7.737.166.324.435.310
199;199;Suzuki;SONSTIGE;1-6-2017;15.349;;42950.0;Automatik;Benzin;5.0;114.0;112.0;0.0003573690337601863;8.85;1637.25;2109.0;True;Auto.de;7.819.301.848.049.280
200;200;Mercedes-Benz;SONSTIGE;1-9-2017;24.349;;140786.0;Automatik;Diesel;7.0;186.0;143.0;0.00017295043541261206;12.39;2292.15;3441.0;False;Auto.de;7.567.419.575.633.120
201;201;Land Rover;Discovery Sport;1-5-2017;24.349;;98250.0;Automatik;Diesel;3.0;0.0;180.0;0.0002478269720101781;53.100.000.000.000.000;9.823.500.000.000.000;0.0;True;Auto.de;7.904.175.222.450.370
202;202;Volkswagen;T6 SONSTIGE;1-12-2017;23.249;;89500.0;Schaltgetriebe;Diesel;7.0;186.0;102.0;0.0002597653631284916;12.39;2292.15;3441.0;False;Auto.de;7.318.275.154.004.100
203;203;Ford;C-Max;1-11-2017;15.949;;79631.0;Automatik;Benzin;8.0;185.0;150.0;0.00020028632065401664;14.16;2619.6;3422.5;False;Auto.de;740.041.067.761.807
204;204;Opel;Vivaro;1-7-2017;14.849;;86900.0;Schaltgetriebe;Diesel;7.0;186.0;121.0;0.00017087456846950517;12.39;2292.15;3441.0;False;Auto.de;7.737.166.324.435.310
205;205;Chevrolet;Camaro;1-6-2017;63.549;;3103.0;Automatik;Benzin;1.0;252.0;453.0;0.02047985820174025;1.77;327.45;4662.0;False;Auto.de;7.819.301.848.049.280
206;206;Mercedes-Benz;E 300;1-11-2017;46.549;;45824.0;Automatik;Benzin;8.0;147.0;245.0;0.001015821403631285;14.16;2619.6;2719.5;False;Auto.de;740.041.067.761.807
207;207;Volkswagen;T6 Multivan;1-6-2017;45.149;;113270.0;Automatik;Diesel;7.0;186.0;204.0;0.00039859627438862893;12.39;2292.15;3441.0;False;Auto.de;7.819.301.848.049.280
208;208;Mercedes-Benz;GLA 250;1-6-2017;29.649;;59801.0;Automatik;Benzin;8.0;185.0;211.0;0.0004957943847092858;14.16;2619.6;3422.5;False;Auto.de;7.819.301.848.049.280
209;209;Porsche;991;1-5-2017;124.349;;61900.0;Automatik;Benzin;8.0;185.0;450.0;0.002008869143780291;14.16;2619.6;3422.5;False;Auto.de;7.904.175.222.450.370
210;210;Honda;Jazz;1-12-2017;13.049;;81500.0;Schaltgetriebe;Benzin;5.0;116.0;102.0;0.00016011042944785275;8.85;1637.25;2146.0;True;Auto.de;7.318.275.154.004.100
211;211;BMW;630 Gran Turismo;1-12-2017;38.149;;143000.0;Automatik;Diesel;9.0;129.0;265.0;0.00026677622377622377;15.93;2947.05;2386.5;True;Auto.de;7.318.275.154.004.100
212;212;Mini;Cooper S Clubman;1-9-2017;19.449;;100000.0;Automatik;Benzin;9.0;163.0;192.0;0.00019449000000000002;15.93;2947.05;3015.5;False;Auto.de;7.567.419.575.633.120
213;213;Ford;B-Max;1-7-2017;11.849;;63437.0;Schaltgetriebe;Benzin;8.0;185.0;101.0;0.0001867837381969513;14.16;2619.6;3422.5;False;Auto.de;7.737.166.324.435.310
214;214;Mercedes-Benz;C 63 AMG;1-7-2017;83.149;;49612.0;Automatik;Benzin;8.0;208.0;510.0;0.001675985648633395;14.16;2619.6;3848.0;False;Auto.de;7.737.166.324.435.310
215;215;Ford;Fiesta;1-5-2017;11.249;;50690.0;Schaltgetriebe;Benzin;6.0;105.0;80.0;0.00022191753797593214;10.620.000.000.000.000;19.647.000.000.000.000;1942.5;True;Auto.de;7.904.175.222.450.370
216;216;Opel;Zafira;1-5-2017;19.149;;88110.0;Automatik;Benzin;6.0;176.0;170.0;0.00021733060946544093;10.620.000.000.000.000;19.647.000.000.000.000;3256.0;False;Auto.de;7.904.175.222.450.370
217;217;Renault;Captur;1-8-2017;14.149;;60343.0;Automatik;Benzin;8.0;127.0;118.0;0.0002344762441376796;14.16;2619.6;2349.5;True;Auto.de;7.652.292.950.034.220
218;218;Volkswagen;T6 California;1-8-2017;48.349;;101807.0;Automatik;Diesel;7.0;186.0;204.0;0.00047490840511949076;12.39;2292.15;3441.0;False;Auto.de;7.652.292.950.034.220
219;219;BMW;i3;1-10-2017;14.349;;110891.0;Automatik;Elektro;;0.0;102.0;0.0001293973361228594;;;0.0;True;Auto.de;7.485.284.052.019.160
220;220;Hyundai;i10;1-5-2017;8.349;;90950.0;Schaltgetriebe;Benzin;7.0;108.0;67.0;9,18E+10;12.39;2292.15;1998.0;True;Auto.de;7.904.175.222.450.370
221;221;BMW;320 Gran Turismo;1-8-2017;22.849;;100000.0;Automatik;Benzin;4.0;146.0;184.0;0.00022849;7.08;1309.8;2701.0;False;Auto.de;7.652.292.950.034.220
222;222;Mercedes-Benz;B 200;1-11-2017;26.449;;49000.0;Automatik;Benzin;8.0;185.0;156.0;0.0005397755102040817;14.16;2619.6;3422.5;False;Auto.de;740.041.067.761.807
223;223;Volkswagen;Golf;1-9-2017;16.449;;118000.0;Automatik;Benzin;8.0;185.0;110.0;0.00013939830508474577;14.16;2619.6;3422.5;False;Auto.de;7.567.419.575.633.120
224;224;Seat;Ateca;1-11-2017;25.449;;36000.0;Schaltgetriebe;Benzin;4.0;123.0;150.0;0.0007069166666666667;7.08;1309.8;2275.5;True;Auto.de;740.041.067.761.807
225;225;Mercedes-Benz;Citan;1-7-2017;16.749;;47152.0;Schaltgetriebe;Benzin;2.0;140.0;114.0;0.00035521292840176447;3.54;654.9;2590.0;False;Auto.de;7.737.166.324.435.310
226;226;Volkswagen;Golf;1-8-2017;21.949;;92170.0;Schaltgetriebe;Benzin;8.0;185.0;245.0;0.00023813605294564395;14.16;2619.6;3422.5;False;Auto.de;7.652.292.950.034.220
227;227;Volkswagen;Caddy;1-7-2017;15.849;;62000.0;Schaltgetriebe;Erdgas;;96.0;110.0;0.0002556290322580645;;;1776.0;True;Auto.de;7.737.166.324.435.310
228;228;Audi;A6 allroad quattro;1-7-2017;25.449;;136336.0;Automatik;Diesel;7.0;149.0;190.0;0.00018666383053632203;12.39;2292.15;2756.5;False;Auto.de;7.737.166.324.435.310
229;229;Smart;ForTwo;1-6-2017;16.349;;84000.0;Automatik;Benzin;8.0;185.0;90.0;0.0001946309523809524;14.16;2619.6;3422.5;False;Auto.de;7.819.301.848.049.280
230;230;Skoda;Kodiaq;1-8-2017;28.649;;61676.0;Automatik;Benzin;3.0;168.0;180.0;0.0004645080744535962;53.100.000.000.000.000;9.823.500.000.000.000;3108.0;False;Auto.de;7.652.292.950.034.220
231;231;Skoda;Octavia;1-7-2017;18.949;;86498.0;Schaltgetriebe;Benzin;3.0;124.0;150.0;0.00021906864898610373;53.100.000.000.000.000;9.823.500.000.000.000;2294.0;True;Auto.de;7.737.166.324.435.310
232;232;Opel;Corsa;1-8-2017;11.049;;69977.0;Schaltgetriebe;Benzin;2.0;123.0;90.0;0.00015789473684210527;3.54;654.9;2275.5;True;Auto.de;7.652.292.950.034.220
233;233;Volkswagen;Caddy;1-12-2017;23.249;;100000.0;Automatik;Diesel;7.0;186.0;102.0;0.00023249;12.39;2292.15;3441.0;False;Auto.de;7.318.275.154.004.100
234;234;Volkswagen;Golf;1-9-2017;11.849;;129773.0;Schaltgetriebe;Benzin;2.0;162.0;110.0;9,13E+08;3.54;654.9;2997.0;False;Auto.de;7.567.419.575.633.120
235;235;Mazda;2;1-5-2017;12.549;;64000.0;Schaltgetriebe;Benzin;8.0;185.0;90.0;0.000196078125;14.16;2619.6;3422.5;False;Auto.de;7.904.175.222.450.370
236;236;Volkswagen;Golf;1-7-2017;15.049;;127290.0;Schaltgetriebe;Diesel;7.0;186.0;150.0;0.00011822609788671536;12.39;2292.15;3441.0;False;Auto.de;7.737.166.324.435.310
237;237;Hyundai;i40;1-7-2017;12.649;;84572.0;Schaltgetriebe;Benzin;1.0;145.0;135.0;0.00014956486780494727;1.77;327.45;2682.5;False;Auto.de;7.737.166.324.435.310
238;238;Audi;A4;1-9-2017;26.549;;64370.0;Automatik;Diesel;7.0;123.0;190.0;0.0004124436849464036;12.39;2292.15;2275.5;True;Auto.de;7.567.419.575.633.120
239;239;Opel;Karl;1-2-2017;9.749;;37271.0;Schaltgetriebe;Benzin;8.0;185.0;75.0;0.000261570658152451;14.16;2619.6;3422.5;False;Auto.de;8.147.843.942.505.130
240;240;Ford;Ka / Ka+;1-11-2017;9.849;;61250.0;Schaltgetriebe;Benzin;8.0;185.0;86.0;0.0001608;14.16;2619.6;3422.5;False;Auto.de;740.041.067.761.807
241;241;Mitsubishi;Space Star;1-11-2017;11.749;;91074.0;Automatik;Benzin;8.0;185.0;80.0;0.0001290049849572875;14.16;2619.6;3422.5;False;Auto.de;740.041.067.761.807
242;242;Volkswagen;Caddy;1-9-2017;15.349;;95000.0;Automatik;Benzin;8.0;185.0;110.0;0.00016156842105263157;14.16;2619.6;3422.5;False;Auto.de;7.567.419.575.633.120
243;243;Seat;Alhambra;1-11-2017;21.849;;108800.0;Schaltgetriebe;Benzin;4.0;148.0;150.0;0.00020081801470588236;7.08;1309.8;2738.0;False;Auto.de;740.041.067.761.807
244;244;Volkswagen;Touran;1-4-2017;19.049;;112000.0;Automatik;Benzin;8.0;185.0;150.0;0.00017008035714285714;14.16;2619.6;3422.5;False;Auto.de;798.631.074.606.434
245;245;Mercedes-Benz;V 220;1-12-2017;37.049;;148000.0;Automatik;Diesel;7.0;186.0;163.0;0.0002503310810810811;12.39;2292.15;3441.0;False;Auto.de;7.318.275.154.004.100
246;246;Volkswagen;Golf Sportsvan;1-12-2017;17.549;;58998.0;Automatik;Benzin;8.0;185.0;110.0;0.0002974507610427472;14.16;2619.6;3422.5;False;Auto.de;7.318.275.154.004.100
247;247;BMW;330;1-7-2017;25.449;;95600.0;Automatik;Hybrid (Elektro / Benzin);8.0;85.0;252.0;0.0002662029288702929;14.16;2619.6;1572.5;True;Auto.de;7.737.166.324.435.310
248;248;Skoda;Yeti;1-7-2017;18.449;;44757.0;Automatik;Benzin;5.0;128.0;110.0;0.0004122036776370177;8.85;1637.25;2368.0;True;Auto.de;7.737.166.324.435.310
249;249;Hyundai;i40;1-12-2017;15.049;;142676.0;Automatik;Benzin;8.0;185.0;165.0;0.00010547674451204127;14.16;2619.6;3422.5;False;Auto.de;7.318.275.154.004.100
250;250;Fiat;500;1-4-2017;11.749;;70300.0;Schaltgetriebe;Benzin;7.0;90.0;86.0;0.00016712660028449502;12.39;2292.15;1665.0;True;Auto.de;798.631.074.606.434
251;251;Volkswagen;up!;1-11-2017;13.749;;40444.0;Automatik;Elektro;;0.0;82.0;0.00033995153792898826;;;0.0;True;Auto.de;740.041.067.761.807
252;252;Skoda;Octavia;1-12-2017;20.149;;88500.0;Automatik;Benzin;8.0;185.0;180.0;0.0002276723163841808;14.16;2619.6;3422.5;False;Auto.de;7.318.275.154.004.100
253;253;Volkswagen;Golf;1-8-2017;23.849;;98000.0;Automatik;Benzin;8.0;185.0;230.0;0.00024335714285714287;14.16;2619.6;3422.5;False;Auto.de;7.652.292.950.034.220
254;254;Subaru;OUTBACK;1-11-2017;21.249;;123000.0;Automatik;Diesel;7.0;186.0;150.0;0.0001727560975609756;12.39;2292.15;3441.0;False;Auto.de;740.041.067.761.807
255;255;Ford;Transit;1-6-2017;17.049;;118900.0;Schaltgetriebe;Diesel;7.0;186.0;131.0;0.00014338940285954583;12.39;2292.15;3441.0;False;Auto.de;7.819.301.848.049.280
256;256;Renault;Clio;1-5-2017;11.049;;87775.0;Schaltgetriebe;Benzin;8.0;185.0;90.0;0.0001258786670464255;14.16;2619.6;3422.5;False;Auto.de;7.904.175.222.450.370
257;257;Opel;Mokka X;1-4-2017;17.949;;58800.0;Automatik;Benzin;0.0;0.0;152.0;0.0003052551020408164;0.0;0.0;0.0;True;Auto.de;798.631.074.606.434
258;258;Hyundai;SONSTIGE;1-12-2017;17.949;;32000.0;Automatik;Wasserstoff;;0.0;136.0;0.0005609062500000001;;;0.0;True;Auto.de;7.318.275.154.004.100
259;259;Audi;A5;1-12-2017;27.349;;59516.0;Automatik;Benzin;8.0;185.0;190.0;0.00045952348948182;14.16;2619.6;3422.5;False;Auto.de;7.318.275.154.004.100
260;260;Hyundai;i30;1-7-2017;13.949;;95350.0;Schaltgetriebe;Benzin;4.0;124.0;140.0;0.00014629260618772942;7.08;1309.8;2294.0;True;Auto.de;7.737.166.324.435.310
261;261;Mercedes-Benz;E 200;1-4-2017;33.449;;95704.0;Automatik;Benzin;8.0;185.0;184.0;0.0003495047228955947;14.16;2619.6;3422.5;False;Auto.de;798.631.074.606.434
262;262;Dodge;Durango;1-7-2017;39.249;;91900.0;Automatik;Benzin;8.0;185.0;396.0;0.00042708378672470077;14.16;2619.6;3422.5;False;Auto.de;7.737.166.324.435.310
263;263;Suzuki;Swift;1-7-2017;12.249;;47344.0;Schaltgetriebe;Hybrid (Elektro / Benzin);3.0;98.0;90.0;0.00025872338627914835;53.100.000.000.000.000;9.823.500.000.000.000;1813.0;True;Auto.de;7.737.166.324.435.310
264;264;Seat;Ibiza;1-11-2017;9.549;;39000.0;Schaltgetriebe;Benzin;9.0;116.0;90.0;0.0002448461538461538;15.93;2947.05;2146.0;True;Auto.de;740.041.067.761.807
265;265;Alfa;Romeo Giulia;1-11-2017;50.849;;89950.0;Automatik;Benzin;5.0;198.0;510.0;0.0005653029460811562;8.85;1637.25;3663.0;False;Auto.de;740.041.067.761.807
266;266;Toyota;C-HR;1-9-2017;20.649;;75800.0;Automatik;Hybrid (Elektro / Benzin);0.0;0.0;122.0;0.00027241424802110817;0.0;0.0;0.0;True;Auto.de;7.567.419.575.633.120
267;267;Fiat;500C;1-10-2017;10.449;;91312.0;Schaltgetriebe;Benzin;8.0;185.0;86.0;0.0001144318380935693;14.16;2619.6;3422.5;False;Auto.de;7.485.284.052.019.160
268;268;Nissan;X-Trail;1-12-2017;22.649;;55037.0;Schaltgetriebe;Benzin;4.0;149.0;163.0;0.00041152315714882716;7.08;1309.8;2756.5;False;Auto.de;7.318.275.154.004.100
269;269;Toyota;C-HR;1-8-2017;20.098;;83258.0;Automatik;;8.0;85.0;122.0;0.00024139422037521919;14.16;2619.6;1572.5;True;Auto.de;7.652.292.950.034.220
270;270;BMW;120;1-7-2017;20.049;;71100.0;Automatik;Benzin;8.0;185.0;184.0;0.0002819831223628692;14.16;2619.6;3422.5;False;Auto.de;7.737.166.324.435.310
271;271;Citroen;C3;1-7-2017;9.349;;149500.0;Schaltgetriebe;Diesel;7.0;83.0;75.0;6,25E+10;12.39;2292.15;1535.5;True;Auto.de;7.737.166.324.435.310
272;272;Volkswagen;Touareg;1-6-2017;33.849;;81000.0;Automatik;Diesel;7.0;186.0;262.0;0.00041788888888888887;12.39;2292.15;3441.0;False;Auto.de;7.819.301.848.049.280
273;273;Volkswagen;SONSTIGE;1-5-2017;33.849;;119000.0;Automatik;Diesel;9.0;181.0;150.0;0.0002844453781512605;15.93;2947.05;3348.5;False;Auto.de;7.904.175.222.450.370
274;274;Mini;Cooper S;1-8-2017;18.049;;56000.0;Schaltgetriebe;Benzin;8.0;185.0;192.0;0.0003223035714285714;14.16;2619.6;3422.5;False;Auto.de;7.652.292.950.034.220
275;275;Mercedes-Benz;C 63 AMG;1-11-2017;114.349;;15924.0;Automatik;Benzin;8.0;185.0;510.0;0.007180921878924894;14.16;2619.6;3422.5;False;Auto.de;740.041.067.761.807
276;276;Skoda;Kodiaq;1-11-2017;24.449;;91500.0;Automatik;Benzin;3.0;168.0;180.0;0.00026720218579234973;53.100.000.000.000.000;9.823.500.000.000.000;3108.0;False;Auto.de;740.041.067.761.807
277;277;Volkswagen;Touran;1-7-2017;22.749;;40788.0;Schaltgetriebe;Benzin;7.0;132.0;150.0;0.0005577375698734921;12.39;2292.15;2442.0;False;Auto.de;7.737.166.324.435.310
278;278;Renault;ZOE;1-7-2017;9.749;;66872.0;Automatik;Elektro;;0.0;92.0;0.00014578597918411294;;;0.0;True;Auto.de;7.737.166.324.435.310
279;279;Toyota;RAV 4;1-5-2017;20.149;;120390.0;Automatik;Hybrid (Elektro / Benzin);8.0;85.0;197.0;0.00016736439903646482;14.16;2619.6;1572.5;True;Auto.de;7.904.175.222.450.370
280;280;Mercedes-Benz;AMG GT;1-9-2017;141.349;;24350.0;Automatik;Benzin;4.0;259.0;585.0;0.005804887063655031;7.08;1309.8;4791.5;False;Auto.de;7.567.419.575.633.120
281;281;Opel;Mokka X;1-11-2017;16.049;;60112.0;Automatik;Benzin;2.0;144.0;140.0;0.00026698496140537665;3.54;654.9;2664.0;False;Auto.de;740.041.067.761.807
282;282;Mercedes-Benz;E 400;1-9-2017;31.749;;138700.0;Automatik;Benzin;9.0;180.0;333.0;0.0002289041095890411;15.93;2947.05;3330.0;False;Auto.de;7.567.419.575.633.120
283;283;Volkswagen;Arteon;1-7-2017;26.449;;77000.0;Automatik;Benzin;3.0;164.0;280.0;0.00034349350649350653;53.100.000.000.000.000;9.823.500.000.000.000;3034.0;False;Auto.de;7.737.166.324.435.310
284;284;Ford;Galaxy;1-7-2017;19.049;;117459.0;Schaltgetriebe;Benzin;5.0;149.0;160.0;0.0001621757379170604;8.85;1637.25;2756.5;False;Auto.de;7.737.166.324.435.310
285;285;Opel;Mokka X;1-8-2017;18.049;;63000.0;Automatik;Benzin;4.0;0.0;152.0;0.0002864920634920635;7.08;1309.8;0.0;True;Auto.de;7.652.292.950.034.220
286;286;Fiat;500C;1-5-2017;11.049;;51000.0;Schaltgetriebe;Benzin;8.0;185.0;69.0;0.0002166470588235294;14.16;2619.6;3422.5;False;Auto.de;7.904.175.222.450.370
287;287;Smart;ForTwo;1-11-2017;10.049;;22000.0;Automatik;Elektro;;0.0;82.0;0.00045677272727272727;;;0.0;True;Auto.de;740.041.067.761.807
288;288;Skoda;Octavia;1-7-2017;19.049;;123305.0;Automatik;Diesel;7.0;186.0;150.0;0.00015448684157171242;12.39;2292.15;3441.0;False;Auto.de;7.737.166.324.435.310
289;289;Skoda;Fabia;1-5-2017;12.549;;82059.0;Schaltgetriebe;Benzin;8.0;185.0;110.0;0.00015292655284612292;14.16;2619.6;3422.5;False;Auto.de;7.904.175.222.450.370
290;290;Volkswagen;Passat Variant;1-11-2017;19.049;;131890.0;Automatik;Benzin;8.0;185.0;180.0;0.0001444309651982713;14.16;2619.6;3422.5;False;Auto.de;740.041.067.761.807
291;291;Seat;Ibiza;1-6-2017;13.949;;45702.0;Schaltgetriebe;Benzin;9.0;116.0;90.0;0.00030521640190801276;15.93;2947.05;2146.0;True;Auto.de;7.819.301.848.049.280
292;292;Peugeot;2008;1-5-2017;17.049;;28150.0;Automatik;Benzin;8.0;185.0;110.0;0.0006056483126110125;14.16;2619.6;3422.5;False;Auto.de;7.904.175.222.450.370
293;293;Audi;Q5;1-9-2017;33.649;;59000.0;Automatik;Diesel;7.0;151.0;190.0;0.0005703220338983051;12.39;2292.15;2793.5;False;Auto.de;7.567.419.575.633.120
294;294;Opel;Crossland X;1-7-2017;12.249;;85466.0;Schaltgetriebe;Benzin;8.0;114.0;131.0;0.0001433201507032036;14.16;2619.6;2109.0;True;Auto.de;7.737.166.324.435.310
295;295;Audi;A5;1-11-2017;27.249;;143860.0;Schaltgetriebe;Benzin;9.0;133.0;190.0;0.0001894133185041012;15.93;2947.05;2460.5;False;Auto.de;740.041.067.761.807
296;296;Mercedes-Benz;Vito;1-11-2017;28.149;;32191.0;Schaltgetriebe;Diesel;7.0;186.0;114.0;0.0008744369544282564;12.39;2292.15;3441.0;False;Auto.de;740.041.067.761.807
297;297;Mercedes-Benz;Sprinter;1-4-2017;31.349;;69000.0;Schaltgetriebe;Diesel;7.0;186.0;163.0;0.00045433333333333334;12.39;2292.15;3441.0;False;Auto.de;798.631.074.606.434
298;298;Volkswagen;T6 SONSTIGE;1-8-2017;29.749;;57900.0;Automatik;Diesel;7.0;186.0;150.0;0.0005137996545768566;12.39;2292.15;3441.0;False;Auto.de;7.652.292.950.034.220
299;299;Fiat;500;1-9-2017;17.549;;44194.0;Schaltgetriebe;Benzin;8.0;185.0;69.0;0.0003970901027288772;14.16;2619.6;3422.5;False;Auto.de;7.567.419.575.633.120
300;300;BMW;X1;1-12-2017;17.949;;79000.0;Automatik;Benzin;8.0;185.0;140.0;0.00022720253164556963;14.16;2619.6;3422.5;False;Auto.de;7.318.275.154.004.100
301;301;Peugeot;Boxer;1-12-2017;27.549;;65000.0;Schaltgetriebe;Diesel;7.0;186.0;131.0;0.00042383076923076924;12.39;2292.15;3441.0;False;Auto.de;7.318.275.154.004.100
302;302;Mercedes-Benz;Sprinter;1-10-2017;38.149;;59000.0;Schaltgetriebe;Diesel;7.0;186.0;163.0;0.0006465932203389831;12.39;2292.15;3441.0;False;Auto.de;7.485.284.052.019.160
303;303;Volkswagen;up!;1-11-2017;12.749;;34467.0;Automatik;Elektro;;0.0;82.0;0.00036989003974816493;;;0.0;True;Auto.de;740.041.067.761.807
304;304;BMW;630;1-12-2017;38.149;;143000.0;Automatik;Diesel;9.0;129.0;265.0;0.00026677622377622377;15.93;2947.05;2386.5;True;Auto.de;7.318.275.154.004.100
305;305;Peugeot;108;1-6-2017;7.549;;118457.0;Schaltgetriebe;Benzin;8.0;185.0;69.0;6,37E+10;14.16;2619.6;3422.5;False;Auto.de;7.819.301.848.049.280
306;306;Ford;Tourneo Connect;1-6-2017;13.849;;113100.0;Schaltgetriebe;Benzin;8.0;185.0;101.0;0.00012244916003536694;14.16;2619.6;3422.5;False;Auto.de;7.819.301.848.049.280
307;307;Opel;Adam;1-12-2017;12.749;;25100.0;Schaltgetriebe;Benzin;8.0;185.0;87.0;0.0005079282868525897;14.16;2619.6;3422.5;False;Auto.de;7.318.275.154.004.100
308;308;Mercedes-Benz;SONSTIGE;1-4-2017;26.549;;119622.0;Automatik;Benzin;8.0;185.0;211.0;0.00022194078012405745;14.16;2619.6;3422.5;False;Auto.de;798.631.074.606.434
309;309;Opel;Mokka X;1-5-2017;15.649;;60000.0;Schaltgetriebe;Benzin;8.0;185.0;140.0;0.00026081666666666667;14.16;2619.6;3422.5;False;Auto.de;7.904.175.222.450.370
310;310;Mini;ONE;1-10-2017;13.749;;79000.0;Schaltgetriebe;Benzin;8.0;185.0;102.0;0.0001740379746835443;14.16;2619.6;3422.5;False;Auto.de;7.485.284.052.019.160
311;311;Mini;John Cooper Works Countryman;1-12-2017;27.549;;86000.0;Automatik;Benzin;9.0;158.0;231.0;0.0003203372093023256;15.93;2947.05;2923.0;False;Auto.de;7.318.275.154.004.100
312;312;Mercedes-Benz;SONSTIGE;1-10-2017;38.149;;59000.0;Schaltgetriebe;Diesel;7.0;186.0;163.0;0.0006465932203389831;12.39;2292.15;3441.0;False;Auto.de;7.485.284.052.019.160
313;313;Mercedes-Benz;E 200;1-9-2017;33.949;;44400.0;Automatik;Benzin;9.0;132.0;184.0;0.0007646171171171171;15.93;2947.05;2442.0;False;Auto.de;7.567.419.575.633.120
314;314;Toyota;Aygo;1-11-2017;12.249;;58275.0;Automatik;Benzin;8.0;185.0;72.0;0.0002101930501930502;14.16;2619.6;3422.5;False;Auto.de;740.041.067.761.807
315;315;Fiat;Panda;1-4-2017;12.849;;63090.0;Automatik;Benzin;8.0;185.0;86.0;0.00020366143604374704;14.16;2619.6;3422.5;False;Auto.de;798.631.074.606.434
316;316;Ford;EcoSport;1-8-2017;15.949;;25690.0;Schaltgetriebe;Benzin;4.0;125.0;125.0;0.000620825223822499;7.08;1309.8;2312.5;True;Auto.de;7.652.292.950.034.220
317;317;Renault;Captur;1-11-2017;11.749;;89688.0;Schaltgetriebe;Benzin;8.0;185.0;90.0;0.000130998572830256;14.16;2619.6;3422.5;False;Auto.de;740.041.067.761.807
318;318;Hyundai;ix20;1-4-2017;13.949;;62000.0;Schaltgetriebe;Benzin;8.0;185.0;125.0;0.00022498387096774194;14.16;2619.6;3422.5;False;Auto.de;798.631.074.606.434
319;319;Dacia;Dokker;1-10-2017;15.549;;74000.0;Schaltgetriebe;Benzin;8.0;185.0;116.0;0.00021012162162162163;14.16;2619.6;3422.5;False;Auto.de;7.485.284.052.019.160
320;320;Audi;RS3;1-10-2017;43.549;;85000.0;Automatik;Benzin;1.0;189.0;400.0;0.0005123411764705882;1.77;327.45;3496.5;False;Auto.de;7.485.284.052.019.160
321;321;Renault;Captur;1-5-2017;14.549;;102100.0;Automatik;Diesel;7.0;186.0;90.0;0.00014249755142017629;12.39;2292.15;3441.0;False;Auto.de;7.904.175.222.450.370
322;322;Ford;Focus;1-7-2017;12.049;;67020.0;Schaltgetriebe;Benzin;8.0;110.0;125.0;0.00017978215458072216;14.16;2619.6;2035.0;True;Auto.de;7.737.166.324.435.310
323;323;Nissan;X-Trail;1-12-2017;20.149;;78400.0;Schaltgetriebe;Benzin;4.0;149.0;163.0;0.00025700255102040817;7.08;1309.8;2756.5;False;Auto.de;7.318.275.154.004.100
324;324;Renault;Megane;1-6-2017;15.549;;109260.0;Automatik;Diesel;7.0;124.0;163.0;0.00014231191652937946;12.39;2292.15;2294.0;True;Auto.de;7.819.301.848.049.280
325;325;Jaguar;F-Pace;1-7-2017;52.349;;71150.0;Automatik;Diesel;6.0;159.0;301.0;0.0007357554462403373;10.620.000.000.000.000;19.647.000.000.000.000;2941.5;False;Auto.de;7.737.166.324.435.310
326;326;Volkswagen;Polo;1-9-2017;13.849;;36890.0;Schaltgetriebe;Benzin;7.0;108.0;65.0;0.0003754133911629168;12.39;2292.15;1998.0;True;Auto.de;7.567.419.575.633.120
327;327;Volkswagen;Golf;1-7-2017;13.949;;83650.0;Schaltgetriebe;Benzin;8.0;109.0;110.0;0.0001667543335325762;14.16;2619.6;2016.5;True;Auto.de;7.737.166.324.435.310
328;328;Toyota;Aygo;1-12-2017;10.449;;46000.0;Schaltgetriebe;Benzin;8.0;185.0;69.0;0.00022715217391304347;14.16;2619.6;3422.5;False;Auto.de;7.318.275.154.004.100
329;329;Volvo;XC60;1-11-2017;30.249;;137900.0;Automatik;Diesel;1.0;133.0;190.0;0.00021935460478607685;1.77;327.45;2460.5;False;Auto.de;740.041.067.761.807
330;330;Alfa;Romeo Stelvio;1-5-2017;26.349;;97850.0;Automatik;Benzin;7.0;161.0;280.0;0.00026927950945324476;12.39;2292.15;2978.5;False;Auto.de;7.904.175.222.450.370
331;331;Volvo;XC60;1-12-2017;37.049;;70789.0;Automatik;Hybrid (Elektro / Benzin);1.0;49.0;320.0;0.0005233722753535154;1.77;327.45;906.5;True;Auto.de;7.318.275.154.004.100
332;332;Seat;Leon;1-11-2017;10.849;;62500.0;Schaltgetriebe;Benzin;2.0;119.0;86.0;0.000173584;3.54;654.9;2201.5;True;Auto.de;740.041.067.761.807
333;333;Seat;Ibiza;1-10-2017;12.049;;83200.0;Schaltgetriebe;Benzin;7.0;108.0;116.0;0.00014481971153846153;12.39;2292.15;1998.0;True;Auto.de;7.485.284.052.019.160
334;334;Kia;Rio;1-12-2017;12.649;;28950.0;Schaltgetriebe;Benzin;5.0;125.0;84.0;0.0004369257340241796;8.85;1637.25;2312.5;True;Auto.de;7.318.275.154.004.100
335;335;Opel;Astra;1-7-2017;13.749;;32700.0;Schaltgetriebe;Benzin;9.0;114.0;125.0;0.0004204587155963303;15.93;2947.05;2109.0;True;Auto.de;7.737.166.324.435.310
336;336;Mazda;CX-5;1-3-2017;22.249;;40000.0;Automatik;Diesel;3.0;139.0;150.0;0.0005562249999999999;53.100.000.000.000.000;9.823.500.000.000.000;2571.5;False;Auto.de;8.071.184.120.465.430
337;337;Ford;Fiesta;1-9-2017;10.449;;46000.0;Schaltgetriebe;Benzin;8.0;109.0;86.0;0.00022715217391304347;14.16;2619.6;2016.5;True;Auto.de;7.567.419.575.633.120
338;338;Ford;Fiesta;1-5-2017;11.049;;60046.0;Schaltgetriebe;Benzin;3.0;99.0;80.0;0.00018400892648969122;53.100.000.000.000.000;9.823.500.000.000.000;1831.5;True;Auto.de;7.904.175.222.450.370
339;339;Peugeot;2008;1-11-2017;13.949;;43300.0;Automatik;Benzin;8.0;110.0;110.0;0.00032214780600461895;14.16;2619.6;2035.0;True;Auto.de;740.041.067.761.807
340;340;Smart;ForTwo;1-4-2017;8.949;;71116.0;Schaltgetriebe;Benzin;5.0;104.0;61.0;0.00012583666122954046;8.85;1637.25;1924.0;True;Auto.de;798.631.074.606.434
341;341;Volkswagen;Polo;1-12-2017;10.849;;70500.0;Schaltgetriebe;Benzin;8.0;185.0;65.0;0.00015388652482269504;14.16;2619.6;3422.5;False;Auto.de;7.318.275.154.004.100
342;342;Peugeot;3008;1-8-2017;18.049;;59000.0;Automatik;Benzin;8.0;185.0;131.0;0.00030591525423728815;14.16;2619.6;3422.5;False;Auto.de;7.652.292.950.034.220
343;343;Volkswagen;Scirocco;1-10-2017;19.149;;95000.0;Automatik;Diesel;7.0;186.0;184.0;0.0002015684210526316;12.39;2292.15;3441.0;False;Auto.de;7.485.284.052.019.160
344;344;Mitsubishi;Space Star;1-7-2017;7.549;;71500.0;Schaltgetriebe;Benzin;2.0;96.0;71.0;0.00010558041958041959;3.54;654.9;1776.0;True;Auto.de;7.737.166.324.435.310
345;345;Skoda;SONSTIGE;1-11-2017;30.749;;75500.0;Automatik;Diesel;7.0;186.0;150.0;0.0004072715231788079;12.39;2292.15;3441.0;False;Auto.de;740.041.067.761.807
346;346;Skoda;SONSTIGE;1-11-2017;22.749;;48000.0;Automatik;Benzin;5.0;125.0;150.0;0.00047393749999999997;8.85;1637.25;2312.5;True;Auto.de;740.041.067.761.807
347;347;Volkswagen;T6 SONSTIGE;1-4-2017;31.849;;145500.0;Automatik;Diesel;4.0;168.0;204.0;0.00021889347079037802;7.08;1309.8;3108.0;False;Auto.de;798.631.074.606.434
348;348;Volkswagen;T6 Multivan;1-8-2017;39.749;;148000.0;Automatik;Diesel;7.0;186.0;204.0;0.00026857432432432433;12.39;2292.15;3441.0;False;Auto.de;7.652.292.950.034.220
349;349;Mazda;MX-5;1-5-2017;20.149;;77000.0;Schaltgetriebe;Benzin;9.0;140.0;131.0;0.00026167532467532466;15.93;2947.05;2590.0;False;Auto.de;7.904.175.222.450.370
350;350;Volkswagen;Passat Variant;1-12-2017;20.749;;83000.0;Automatik;Diesel;7.0;186.0;150.0;0.0002499879518072289;12.39;2292.15;3441.0;False;Auto.de;7.318.275.154.004.100
351;351;Volkswagen;Golf;1-8-2017;23.349;;58000.0;Automatik;Diesel;5.0;118.0;184.0;0.00040256896551724137;8.85;1637.25;2183.0;True;Auto.de;7.652.292.950.034.220
352;352;Fiat;Tipo;1-1-2017;12.749;;29000.0;Schaltgetriebe;Diesel;7.0;98.0;;0.00043962068965517243;12.39;2292.15;1813.0;True;Auto.de;8.232.717.316.906.220
353;353;BMW;M550;1-8-2017;50.849;;73700.0;Automatik;Diesel;3.0;171.0;400.0;0.0006899457259158751;53.100.000.000.000.000;9.823.500.000.000.000;3163.5;False;Auto.de;7.652.292.950.034.220
354;354;Nissan;Micra;1-9-2017;10.749;;16928.0;Schaltgetriebe;Benzin;8.0;185.0;80.0;0.0006349834593572779;14.16;2619.6;3422.5;False;Auto.de;7.567.419.575.633.120
355;355;Volkswagen;Touareg;1-5-2017;42.349;;87000.0;Automatik;Diesel;7.0;186.0;262.0;0.0004867701149425287;12.39;2292.15;3441.0;False;Auto.de;7.904.175.222.450.370
356;356;Volkswagen;up!;1-11-2017;13.749;;41500.0;Automatik;Elektro;;0.0;82.0;0.00033130120481927714;;;0.0;True;Auto.de;740.041.067.761.807
357;357;Fiat;Fullback;1-6-2017;21.249;;77300.0;Schaltgetriebe;Diesel;9.0;0.0;181.0;0.00027489003880983183;15.93;2947.05;0.0;True;Auto.de;7.819.301.848.049.280
358;358;Ford;SONSTIGE;1-9-2017;15.049;;75000.0;Schaltgetriebe;Diesel;7.0;186.0;120.0;0.00020065333333333334;12.39;2292.15;3441.0;False;Auto.de;7.567.419.575.633.120
359;359;Kia;Stonic;1-12-2017;14.049;;61200.0;Schaltgetriebe;Benzin;5.0;125.0;99.0;0.00022955882352941175;8.85;1637.25;2312.5;True;Auto.de;7.318.275.154.004.100
360;360;Volkswagen;T6 Transporter;1-7-2017;13.549;;140000.0;Schaltgetriebe;Diesel;8.0;153.0;84.0;9,68E+10;14.16;2619.6;2830.5;False;Auto.de;7.737.166.324.435.310
361;361;Renault;Twingo;1-10-2017;9.949;;28964.0;Schaltgetriebe;Benzin;5.0;112.0;69.0;0.00034349537356718687;8.85;1637.25;2072.0;True;Auto.de;7.485.284.052.019.160
362;362;Audi;Q2;1-9-2017;18.049;;89755.0;Schaltgetriebe;Benzin;8.0;185.0;150.0;0.00020109186117765027;14.16;2619.6;3422.5;False;Auto.de;7.567.419.575.633.120
363;363;Volkswagen;Golf Sportsvan;1-6-2017;12.049;;124600.0;Schaltgetriebe;Diesel;2.0;110.0;116.0;9,67E+10;3.54;654.9;2035.0;True;Auto.de;7.819.301.848.049.280
364;364;Opel;Crossland X;1-7-2017;11.849;;109735.0;Schaltgetriebe;Benzin;8.0;185.0;131.0;0.00010797831138652208;14.16;2619.6;3422.5;False;Auto.de;7.737.166.324.435.310
365;365;Dacia;Logan;1-3-2019;11.548;;45845.0;Schaltgetriebe;Benzin;2.0;117.0;73.0;0.0002518922456102083;3.54;654.9;2164.5;True;Auto.de;6.072.553.045.859
366;366;Hyundai;i30;1-1-2019;15.748;;57722.0;Schaltgetriebe;Benzin;8.0;126.0;99.0;0.0002728249194414608;14.16;2619.6;2331.0;True;Auto.de;6.234.086.242.299.790
367;367;Opel;Crossland X;1-8-2019;16.448;;51678.0;Schaltgetriebe;Benzin;8.0;114.0;131.0;0.0003182785711521344;14.16;2619.6;2109.0;True;Auto.de;5.653.661.875.427.780
368;368;Mini;Cooper;1-10-2019;16.648;;109000.0;Automatik;Benzin;8.0;109.0;136.0;0.00015273394495412843;14.16;2619.6;2016.5;True;Auto.de;5.486.652.977.412.730
369;369;Land Rover;Range Rover Sport;1-8-2019;58.748;;114607.0;Automatik;Diesel;7.0;231.0;340.0;0.0005126039421675814;12.39;2292.15;4273.5;False;Auto.de;5.653.661.875.427.780
370;370;Renault;Espace;1-3-2019;26.248;;66910.0;Automatik;Benzin;8.0;153.0;224.0;0.0003922881482588552;14.16;2619.6;2830.5;False;Auto.de;6.072.553.045.859
371;371;Renault;Clio;1-11-2019;12.448;;60705.0;Schaltgetriebe;Benzin;8.0;185.0;73.0;0.00020505724404908985;14.16;2619.6;3422.5;False;Auto.de;5.401.779.603.011.630
372;372;Ford;EcoSport;1-6-2019;15.548;;41890.0;Schaltgetriebe;Benzin;8.0;120.0;101.0;0.0003711625686321318;14.16;2619.6;2220.0;True;Auto.de;5.820.670.773.442.840
373;373;Volkswagen;T6 Multivan;1-8-2019;45.048;;77200.0;Automatik;Benzin;1.0;216.0;204.0;0.0005835233160621762;1.77;327.45;3996.0;False;Auto.de;5.653.661.875.427.780
374;374;Mazda;6;1-1-2019;24.248;;57590.0;Automatik;Benzin;8.0;140.0;165.0;0.0004210453203681195;14.16;2619.6;2590.0;False;Auto.de;6.234.086.242.299.790
375;375;Mazda;CX-3;1-4-2019;19.648;;52890.0;Automatik;Benzin;8.0;140.0;120.0;0.0003714879939497069;14.16;2619.6;2590.0;False;Auto.de;5.987.679.671.457.900
376;376;Jaguar;E-Pace;1-12-2019;34.848;;40940.0;Automatik;Benzin;8.0;174.0;249.0;0.0008511968734733757;14.16;2619.6;3219.0;False;Auto.de;5.319.644.079.397.670
377;377;Renault;Captur;1-5-2019;14.448;;46456.0;Schaltgetriebe;Benzin;4.0;123.0;90.0;0.00031100396073704153;7.08;1309.8;2275.5;True;Auto.de;5.905.544.147.843.940
378;378;Ford;EcoSport;1-5-2019;15.448;;78366.0;Schaltgetriebe;Benzin;3.0;119.0;125.0;0.00019712630477503;53.100.000.000.000.000;9.823.500.000.000.000;2201.5;True;Auto.de;5.905.544.147.843.940
379;379;Volkswagen;Golf;1-10-2019;21.489;;79181.0;Automatik;Benzin;8.0;185.0;150.0;0.00027139086396989177;14.16;2619.6;3422.5;False;Auto.de;5.486.652.977.412.730
380;380;Audi;A4;1-8-2019;27.389;;70852.0;Automatik;Benzin;8.0;185.0;190.0;0.000386566363687687;14.16;2619.6;3422.5;False;Auto.de;5.653.661.875.427.780
381;381;Audi;A3;1-3-2019;26.989;;59916.0;Automatik;Benzin;8.0;185.0;150.0;0.00045044729287669407;14.16;2619.6;3422.5;False;Auto.de;6.072.553.045.859
382;382;Seat;Leon;1-12-2019;20.689;;48579.0;Schaltgetriebe;Diesel;5.0;131.0;150.0;0.00042588361226044173;8.85;1637.25;2423.5;False;Auto.de;5.319.644.079.397.670
383;383;Skoda;Octavia;1-9-2019;20.689;;79987.0;Automatik;Diesel;3.0;139.0;150.0;0.00025865453136134623;53.100.000.000.000.000;9.823.500.000.000.000;2571.5;False;Auto.de;5.568.788.501.026.690
384;384;Dacia;Duster;1-8-2019;13.748;;98310.0;Schaltgetriebe;Autogas;;96.0;114.0;0.0001398433526599532;;;1776.0;True;Auto.de;5.653.661.875.427.780
385;385;Renault;Scenic;1-2-2019;15.448;;98370.0;Schaltgetriebe;Benzin;8.0;185.0;140.0;0.00015703974789061707;14.16;2619.6;3422.5;False;Auto.de;61.492.128.678.987
386;386;Audi;Q2;1-6-2019;24.489;;59945.0;Automatik;Benzin;8.0;185.0;116.0;0.00040852448077404287;14.16;2619.6;3422.5;False;Auto.de;5.820.670.773.442.840
387;387;Land Rover;Range Rover Sport;1-4-2019;76.848;;77750.0;Automatik;Diesel;7.0;231.0;340.0;0.0009883987138263666;12.39;2292.15;4273.5;False;Auto.de;5.987.679.671.457.900
388;388;Skoda;Rapid;1-3-2019;16.548;;85015.0;Automatik;Benzin;7.0;108.0;110.0;0.0001946480032935364;12.39;2292.15;1998.0;True;Auto.de;6.072.553.045.859
389;389;Land Rover;Range Rover Sport;1-3-2019;58.948;;122981.0;Automatik;Hybrid (Elektro / Benzin);4.0;32.0;404.0;0.0004793260747595157;7.08;1309.8;592.0;True;Auto.de;6.072.553.045.859
390;390;Jaguar;F-Pace;1-8-2019;48.049;;28586.0;Automatik;Diesel;0.0;0.0;241.0;0.001680857762541104;0.0;0.0;0.0;True;Auto.de;5.653.661.875.427.780
391;391;Renault;Captur;1-11-2019;16.548;;50090.0;Schaltgetriebe;Benzin;8.0;185.0;90.0;0.0003303653423837093;14.16;2619.6;3422.5;False;Auto.de;5.401.779.603.011.630
392;392;Land Rover;Range Rover Sport;1-9-2019;106.148;;34461.0;Automatik;Hybrid (Elektro / Benzin);2.0;73.0;404.0;0.003080235628681698;3.54;654.9;1350.5;True;Auto.de;5.568.788.501.026.690
393;393;Renault;Megane;1-11-2019;19.648;;45790.0;Automatik;Benzin;8.0;117.0;140.0;0.00042908932081240443;14.16;2619.6;2164.5;True;Auto.de;5.401.779.603.011.630
394;394;Land Rover;Range Rover Sport;1-4-2019;64.348;;115752.0;Automatik;Diesel;0.0;0.0;340.0;0.0005559126408183012;0.0;0.0;0.0;True;Auto.de;5.987.679.671.457.900
395;395;Hyundai;i30;1-9-2019;18.289;;77798.0;Schaltgetriebe;Diesel;7.0;186.0;136.0;0.0002350831640916219;12.39;2292.15;3441.0;False;Auto.de;5.568.788.501.026.690
396;396;Audi;A3;1-7-2019;21.689;;61586.0;Automatik;Diesel;4.0;141.0;116.0;0.0003521741954340272;7.08;1309.8;2608.5;False;Auto.de;5.738.535.249.828.880
397;397;Renault;Captur;1-12-2019;16.948;;27590.0;Schaltgetriebe;Benzin;8.0;123.0;90.0;0.0006142805364262415;14.16;2619.6;2275.5;True;Auto.de;5.319.644.079.397.670
398;398;Jaguar;I-Pace;1-7-2019;31.448;;56468.0;Automatik;Elektro;;0.0;400.0;0.0005569171920379684;;;0.0;True;Auto.de;5.738.535.249.828.880
399;399;Suzuki;Vitara;1-3-2019;16.789;;97984.0;Schaltgetriebe;Benzin;8.0;185.0;140.0;0.00017134430111038538;14.16;2619.6;3422.5;False;Auto.de;6.072.553.045.859
400;400;Ford;Transit Connect;1-4-2019;13.849;;99657.0;Schaltgetriebe;Diesel;3.0;0.0;120.0;0.0001389666556288068;53.100.000.000.000.000;9.823.500.000.000.000;0.0;True;Auto.de;5.987.679.671.457.900
401;401;Ford;Transit Connect;1-4-2019;14.549;;79500.0;Schaltgetriebe;Diesel;3.0;0.0;120.0;0.0001830062893081761;53.100.000.000.000.000;9.823.500.000.000.000;0.0;True;Auto.de;5.987.679.671.457.900
402;402;Ford;Transit Connect;1-4-2019;13.849;;95327.0;Schaltgetriebe;Diesel;3.0;0.0;120.0;0.00014527888216350038;53.100.000.000.000.000;9.823.500.000.000.000;0.0;True;Auto.de;5.987.679.671.457.900
403;403;Ford;Transit Connect;1-6-2019;14.549;;85175.0;Schaltgetriebe;Diesel;3.0;0.0;120.0;0.00017081303199295567;53.100.000.000.000.000;9.823.500.000.000.000;0.0;True;Auto.de;5.820.670.773.442.840
404;404;Ford;Transit Connect;1-4-2019;13.849;;101047.0;Schaltgetriebe;Diesel;3.0;0.0;120.0;0.00013705503379615427;53.100.000.000.000.000;9.823.500.000.000.000;0.0;True;Auto.de;5.987.679.671.457.900
405;405;Audi;A4;1-12-2019;29.789;;59987.0;Automatik;Diesel;4.0;142.0;190.0;0.0004965909280344074;7.08;1309.8;2627.0;False;Auto.de;5.319.644.079.397.670
406;406;Hyundai;i30;1-6-2019;17.748;;40905.0;Schaltgetriebe;Benzin;5.0;260.0;120.0;0.0004338833883388339;8.85;1637.25;4810.0;False;Auto.de;5.820.670.773.442.840
407;407;Renault;Koleos;1-12-2019;28.148;;37790.0;Automatik;Diesel;7.0;184.0;190.0;0.0007448531357501985;12.39;2292.15;3404.0;False;Auto.de;5.319.644.079.397.670
408;408;Mazda;CX-3;1-10-2019;18.048;;57964.0;Schaltgetriebe;Benzin;1.0;141.0;121.0;0.0003113656752467048;1.77;327.45;2608.5;False;Auto.de;5.486.652.977.412.730
409;409;Renault;Grand Scenic;1-2-2019;20.648;;38433.0;Schaltgetriebe;Benzin;8.0;185.0;159.0;0.0005372466370046575;14.16;2619.6;3422.5;False;Auto.de;61.492.128.678.987
410;410;Volkswagen;Golf;1-8-2019;17.289;;61390.0;Schaltgetriebe;Diesel;9.0;130.0;116.0;0.0002816256719335397;15.93;2947.05;2405.0;True;Auto.de;5.653.661.875.427.780
411;411;Audi;A4;1-5-2019;26.689;;66232.0;Automatik;Diesel;6.0;146.0;150.0;0.00040296231428916537;10.620.000.000.000.000;19.647.000.000.000.000;2701.0;False;Auto.de;5.905.544.147.843.940
412;412;Audi;A4;1-5-2019;27.989;;66232.0;Automatik;Diesel;6.0;146.0;150.0;0.000422590288682208;10.620.000.000.000.000;19.647.000.000.000.000;2701.0;False;Auto.de;5.905.544.147.843.940
413;413;Hyundai;i20;1-10-2019;12.948;;66499.0;Schaltgetriebe;Benzin;4.0;145.0;84.0;0.0001947096948826298;7.08;1309.8;2682.5;False;Auto.de;5.486.652.977.412.730
414;414;Jaguar;F-Pace;1-9-2019;38.148;;104404.0;Automatik;Diesel;7.0;186.0;301.0;0.0003653882992988775;12.39;2292.15;3441.0;False;Auto.de;5.568.788.501.026.690
415;415;Ford;Transit Courier;1-5-2019;11.548;;63000.0;Schaltgetriebe;Benzin;8.0;185.0;101.0;0.0001833015873015873;14.16;2619.6;3422.5;False;Auto.de;5.905.544.147.843.940
416;416;Renault;Captur;1-6-2019;16.048;;52475.0;Schaltgetriebe;Benzin;8.0;185.0;150.0;0.00030582181991424485;14.16;2619.6;3422.5;False;Auto.de;5.820.670.773.442.840
417;417;Mazda;CX-3;1-3-2019;18.948;;51190.0;Schaltgetriebe;Benzin;8.0;141.0;121.0;0.000370150420003907;14.16;2619.6;2608.5;False;Auto.de;6.072.553.045.859
418;418;Renault;Captur;1-10-2019;17.048;;42361.0;Schaltgetriebe;Benzin;6.0;128.0;131.0;0.0004024456457590708;10.620.000.000.000.000;19.647.000.000.000.000;2368.0;True;Auto.de;5.486.652.977.412.730
419;419;Renault;ZOE;1-8-2019;9.948;;37598.0;Automatik;Elektro;;0.0;92.0;0.00026458854194372043;;;0.0;True;Auto.de;5.653.661.875.427.780
420;420;Ford;Transit;1-8-2019;30.649;;105915.0;Schaltgetriebe;Diesel;7.0;186.0;131.0;0.00028937355426521266;12.39;2292.15;3441.0;False;Auto.de;5.653.661.875.427.780
421;421;Mercedes-Benz;CLA 200 Shooting Brake;1-3-2019;26.448;;80500.0;Automatik;Benzin;5.0;148.0;156.0;0.00032854658385093167;8.85;1637.25;2738.0;False;Auto.de;6.072.553.045.859
422;422;BMW;X2;1-12-2019;30.349;;109618.0;Automatik;Diesel;9.0;0.0;231.0;0.0002768614643580434;15.93;2947.05;0.0;True;Auto.de;5.319.644.079.397.670
423;423;Dacia;Duster;1-12-2019;16.548;;36120.0;Schaltgetriebe;Benzin;0.0;153.0;131.0;0.0004581395348837209;0.0;0.0;2830.5;False;Auto.de;5.319.644.079.397.670
424;424;Toyota;Aygo;1-2-2019;11.048;;89000.0;Schaltgetriebe;Benzin;1.0;93.0;72.0;0.00012413483146067416;1.77;327.45;1720.5;True;Auto.de;61.492.128.678.987
425;425;Ford;Kuga;1-11-2019;25.089;;63230.0;Automatik;Diesel;7.0;186.0;150.0;0.0003967894986557014;12.39;2292.15;3441.0;False;Auto.de;5.401.779.603.011.630
426;426;Renault;Clio;1-8-2019;10.948;;86604.0;Schaltgetriebe;Benzin;0.0;137.0;76.0;0.00012641448431943098;0.0;0.0;2534.5;False;Auto.de;5.653.661.875.427.780
427;427;Volkswagen;Sharan;1-8-2019;29.789;;71274.0;Schaltgetriebe;Diesel;5.0;169.0;150.0;0.000417950444762466;8.85;1637.25;3126.5;False;Auto.de;5.653.661.875.427.780
428;428;Fiat;500X;1-9-2019;16.948;;47104.0;Schaltgetriebe;Benzin;6.0;138.0;120.0;0.00035979959239130436;10.620.000.000.000.000;19.647.000.000.000.000;2553.0;False;Auto.de;5.568.788.501.026.690
429;429;Volkswagen;Golf;1-1-2019;26.248;;73739.0;Automatik;Benzin;3.0;144.0;245.0;0.0003559581768128128;53.100.000.000.000.000;9.823.500.000.000.000;2664.0;False;Auto.de;6.234.086.242.299.790
430;430;Opel;Crossland X;1-7-2019;17.089;;43449.0;Schaltgetriebe;Benzin;3.0;141.0;110.0;0.0003933116987732744;53.100.000.000.000.000;9.823.500.000.000.000;2608.5;False;Auto.de;5.738.535.249.828.880
431;431;Ford;Transit Connect;1-10-2019;17.589;;99430.0;Schaltgetriebe;Diesel;7.0;186.0;120.0;0.00017689832042643063;12.39;2292.15;3441.0;False;Auto.de;5.486.652.977.412.730
432;432;Audi;Q2;1-3-2019;21.989;;16406.0;Schaltgetriebe;Benzin;5.0;147.0;116.0;0.001340302328416433;8.85;1637.25;2719.5;False;Auto.de;6.072.553.045.859
433;433;Renault;Grand Scenic;1-2-2019;17.948;;86138.0;Schaltgetriebe;Benzin;8.0;185.0;140.0;0.00020836332396851565;14.16;2619.6;3422.5;False;Auto.de;61.492.128.678.987
434;434;Renault;Clio;1-8-2019;17.448;;52460.0;Automatik;Benzin;8.0;185.0;131.0;0.00033259626382005337;14.16;2619.6;3422.5;False;Auto.de;5.653.661.875.427.780
435;435;Renault;Kadjar;1-10-2019;21.748;;40390.0;Automatik;Benzin;0.0;155.0;140.0;0.0005384501114137162;0.0;0.0;2867.5;False;Auto.de;5.486.652.977.412.730
436;436;Ford;Focus;1-12-2019;21.989;;58407.0;Schaltgetriebe;Benzin;6.0;136.0;150.0;0.0003764788467135789;10.620.000.000.000.000;19.647.000.000.000.000;2516.0;False;Auto.de;5.319.644.079.397.670
437;437;Kia;Soul;1-6-2019;16.489;;56184.0;Schaltgetriebe;Benzin;8.0;185.0;132.0;0.00029348213014381317;14.16;2619.6;3422.5;False;Auto.de;5.820.670.773.442.840
438;438;Volkswagen;Golf;1-9-2019;21.689;;52442.0;Automatik;Diesel;7.0;186.0;150.0;0.0004135807177453186;12.39;2292.15;3441.0;False;Auto.de;5.568.788.501.026.690
439;439;Mercedes-Benz;E 220;1-6-2019;28.549;;71483.0;Automatik;Diesel;3.0;0.0;194.0;0.0003993816711665711;53.100.000.000.000.000;9.823.500.000.000.000;0.0;True;Auto.de;5.820.670.773.442.840
440;440;Skoda;Superb;1-6-2019;30.889;;45434.0;Automatik;Diesel;9.0;155.0;190.0;0.0006798652991152;15.93;2947.05;2867.5;False;Auto.de;5.820.670.773.442.840
441;441;Volkswagen;Golf;1-6-2019;19.689;;26185.0;Schaltgetriebe;Diesel;5.0;131.0;116.0;0.0007519190376169563;8.85;1637.25;2423.5;False;Auto.de;5.820.670.773.442.840
442;442;Volkswagen;Golf;1-6-2019;19.689;;26854.0;Schaltgetriebe;Diesel;5.0;131.0;116.0;0.0007331868622923959;8.85;1637.25;2423.5;False;Auto.de;5.820.670.773.442.840
443;443;Volkswagen;Golf;1-6-2019;20.289;;17464.0;Schaltgetriebe;Diesel;1.0;134.0;116.0;0.0011617613376087954;1.77;327.45;2479.0;False;Auto.de;5.820.670.773.442.840
444;444;Audi;Q3;1-6-2019;29.789;;42098.0;Schaltgetriebe;Benzin;2.0;163.0;150.0;0.0007076108128652193;3.54;654.9;3015.5;False;Auto.de;5.820.670.773.442.840
445;445;Volkswagen;Golf;1-7-2019;19.689;;26990.0;Schaltgetriebe;Diesel;1.0;134.0;116.0;0.0007294924045942941;1.77;327.45;2479.0;False;Auto.de;5.738.535.249.828.880
446;446;Skoda;Karoq;1-7-2019;28.789;;48972.0;Automatik;Diesel;7.0;186.0;150.0;0.0005878665359797436;12.39;2292.15;3441.0;False;Auto.de;5.738.535.249.828.880
447;447;Volkswagen;Golf;1-6-2019;19.689;;29404.0;Schaltgetriebe;Diesel;5.0;131.0;116.0;0.000669602775132635;8.85;1637.25;2423.5;False;Auto.de;5.820.670.773.442.840
448;448;Skoda;Superb;1-12-2019;32.989;;37405.0;Automatik;Diesel;7.0;186.0;190.0;0.0008819409169897072;12.39;2292.15;3441.0;False;Auto.de;5.319.644.079.397.670
449;449;Volkswagen;Golf;1-6-2019;20.289;;18908.0;Schaltgetriebe;Diesel;5.0;131.0;116.0;0.001073037867569283;8.85;1637.25;2423.5;False;Auto.de;5.820.670.773.442.840
450;450;Volkswagen;T-Roc;1-7-2019;23.989;;54502.0;Schaltgetriebe;Diesel;5.0;145.0;116.0;0.00044014898535833547;8.85;1637.25;2682.5;False;Auto.de;5.738.535.249.828.880
451;451;Volkswagen;Golf;1-7-2019;19.289;;26374.0;Schaltgetriebe;Diesel;1.0;134.0;116.0;0.0007313642223401836;1.77;327.45;2479.0;False;Auto.de;5.738.535.249.828.880
452;452;Seat;Alhambra;1-7-2019;31.889;;43372.0;Schaltgetriebe;Diesel;4.0;167.0;150.0;0.0007352439361800239;7.08;1309.8;3089.5;False;Auto.de;5.738.535.249.828.880
453;453;Volkswagen;Golf;1-6-2019;19.289;;35793.0;Schaltgetriebe;Diesel;5.0;131.0;116.0;0.0005389042550219317;8.85;1637.25;2423.5;False;Auto.de;5.820.670.773.442.840
454;454;Volkswagen;Golf;1-6-2019;19.689;;31300.0;Schaltgetriebe;Diesel;1.0;134.0;116.0;0.0006290415335463259;1.77;327.45;2479.0;False;Auto.de;5.820.670.773.442.840
455;455;Volkswagen;T-Roc;1-7-2019;22.689;;54502.0;Schaltgetriebe;Diesel;5.0;145.0;116.0;0.0004162966496642325;8.85;1637.25;2682.5;False;Auto.de;5.738.535.249.828.880
456;456;Volkswagen;Golf;1-7-2019;19.689;;28391.0;Schaltgetriebe;Diesel;1.0;135.0;116.0;0.0006934944172449015;1.77;327.45;2497.5;False;Auto.de;5.738.535.249.828.880
457;457;Mazda;CX-30;1-9-2019;22.848;;54690.0;Schaltgetriebe;Benzin;8.0;116.0;122.0;0.00041777290181020297;14.16;2619.6;2146.0;True;Auto.de;5.568.788.501.026.690
458;458;Ford;Transit;1-6-2019;19.649;;72955.0;Schaltgetriebe;Diesel;7.0;186.0;131.0;0.00026933040915632923;12.39;2292.15;3441.0;False;Auto.de;5.820.670.773.442.840
459;459;Ford;Transit;1-6-2019;19.649;;72899.0;Schaltgetriebe;Diesel;7.0;186.0;131.0;0.0002695373050384779;12.39;2292.15;3441.0;False;Auto.de;5.820.670.773.442.840
460;460;Ford;Transit;1-8-2019;19.649;;90947.0;Schaltgetriebe;Diesel;7.0;186.0;131.0;0.0002160489076055285;12.39;2292.15;3441.0;False;Auto.de;5.653.661.875.427.780
461;461;Ford;Transit;1-6-2019;19.649;;120660.0;Schaltgetriebe;Diesel;7.0;186.0;131.0;0.00016284601359191117;12.39;2292.15;3441.0;False;Auto.de;5.820.670.773.442.840
462;462;Ford;Transit;1-6-2019;19.649;;87804.0;Schaltgetriebe;Diesel;7.0;186.0;131.0;0.0002237825156029338;12.39;2292.15;3441.0;False;Auto.de;5.820.670.773.442.840
463;463;Ford;Transit;1-6-2019;19.649;;104165.0;Schaltgetriebe;Diesel;7.0;186.0;131.0;0.00018863341813469016;12.39;2292.15;3441.0;False;Auto.de;5.820.670.773.442.840
464;464;Ford;Transit;1-6-2019;19.649;;80941.0;Schaltgetriebe;Diesel;7.0;186.0;131.0;0.00024275706996454207;12.39;2292.15;3441.0;False;Auto.de;5.820.670.773.442.840
465;465;Ford;Transit;1-6-2019;19.649;;82803.0;Schaltgetriebe;Diesel;7.0;186.0;131.0;0.00023729816552540368;12.39;2292.15;3441.0;False;Auto.de;5.820.670.773.442.840
466;466;Ford;Transit;1-6-2019;19.649;;91283.0;Schaltgetriebe;Diesel;7.0;186.0;131.0;0.00021525366168947122;12.39;2292.15;3441.0;False;Auto.de;5.820.670.773.442.840
467;467;Ford;Transit;1-6-2019;19.649;;112952.0;Schaltgetriebe;Diesel;7.0;186.0;131.0;0.00017395884977689638;12.39;2292.15;3441.0;False;Auto.de;5.820.670.773.442.840
468;468;Ford;Transit;1-6-2019;19.649;;77255.0;Schaltgetriebe;Diesel;7.0;186.0;131.0;0.00025433952494984143;12.39;2292.15;3441.0;False;Auto.de;5.820.670.773.442.840
469;469;Ford;Transit;1-6-2019;19.649;;89852.0;Schaltgetriebe;Diesel;7.0;186.0;131.0;0.00021868183234652542;12.39;2292.15;3441.0;False;Auto.de;5.820.670.773.442.840
470;470;Renault;Kadjar;1-7-2019;21.748;;34390.0;Automatik;Benzin;0.0;155.0;159.0;0.0006323931375399826;0.0;0.0;2867.5;False;Auto.de;5.738.535.249.828.880
471;471;Ford;Kuga;1-11-2019;20.089;;95018.0;Schaltgetriebe;Benzin;8.0;185.0;150.0;0.00021142309878128353;14.16;2619.6;3422.5;False;Auto.de;5.401.779.603.011.630
472;472;Ford;Focus;1-9-2019;20.589;;67969.0;Automatik;Benzin;8.0;185.0;150.0;0.00030291750651032087;14.16;2619.6;3422.5;False;Auto.de;5.568.788.501.026.690
473;473;Volkswagen;Touran;1-7-2019;26.989;;97000.0;Automatik;Diesel;7.0;186.0;150.0;0.00027823711340206186;12.39;2292.15;3441.0;False;Auto.de;5.738.535.249.828.880
474;474;Mercedes-Benz;E 220;1-5-2019;29.349;;71483.0;Automatik;Diesel;3.0;166.0;194.0;0.0004105731432648322;53.100.000.000.000.000;9.823.500.000.000.000;3071.0;False;Auto.de;5.905.544.147.843.940
475;475;Peugeot;208;1-4-2019;10.948;;73092.0;Schaltgetriebe;Benzin;8.0;109.0;82.0;0.00014978383407212827;14.16;2619.6;2016.5;True;Auto.de;5.987.679.671.457.900
476;476;Ford;Kuga;1-8-2019;21.089;;52842.0;Automatik;Benzin;1.0;206.0;150.0;0.0003990954165247341;1.77;327.45;3811.0;False;Auto.de;5.653.661.875.427.780
477;477;Opel;Grandland X;1-1-2019;19.089;;43799.0;Schaltgetriebe;Benzin;9.0;155.0;131.0;0.0004358318683074956;15.93;2947.05;2867.5;False;Auto.de;6.234.086.242.299.790
478;478;Ford;Focus;1-9-2019;15.189;;32228.0;Schaltgetriebe;Benzin;8.0;185.0;101.0;0.00047129824996897107;14.16;2619.6;3422.5;False;Auto.de;5.568.788.501.026.690
479;479;Mercedes-Benz;SONSTIGE;1-12-2019;54.189;;74350.0;Automatik;Benzin;9.0;247.0;390.0;0.000728836583725622;15.93;2947.05;4569.5;False;Auto.de;5.319.644.079.397.670
480;480;Mercedes-Benz;Vito;1-11-2019;42.189;;56531.0;Automatik;Diesel;7.0;186.0;190.0;0.0007462984910933824;12.39;2292.15;3441.0;False;Auto.de;5.401.779.603.011.630
481;481;Seat;Arona;1-4-2019;18.589;;85980.0;Automatik;Benzin;8.0;113.0;116.0;0.00021620144219585948;14.16;2619.6;2090.5;True;Auto.de;5.987.679.671.457.900
482;482;Volkswagen;Passat Variant;1-12-2019;22.489;;76274.0;Automatik;Benzin;8.0;185.0;150.0;0.00029484490127697514;14.16;2619.6;3422.5;False;Auto.de;5.319.644.079.397.670
483;483;Skoda;Karoq;1-5-2019;25.989;;48425.0;Automatik;Benzin;8.0;185.0;150.0;0.0005366855962829118;14.16;2619.6;3422.5;False;Auto.de;5.905.544.147.843.940
484;484;Renault;Clio;1-9-2019;13.948;;36848.0;Schaltgetriebe;Benzin;0.0;130.0;101.0;0.00037852800694745985;0.0;0.0;2405.0;True;Auto.de;5.568.788.501.026.690
485;485;Seat;Leon;1-5-2019;19.689;;67268.0;Schaltgetriebe;Benzin;8.0;185.0;150.0;0.0002926948920734971;14.16;2619.6;3422.5;False;Auto.de;5.905.544.147.843.940
486;486;Audi;SONSTIGE;1-11-2019;36.889;;42036.0;Automatik;Benzin;8.0;185.0;245.0;0.0008775573318108289;14.16;2619.6;3422.5;False;Auto.de;5.401.779.603.011.630
487;487;Volkswagen;Polo;1-7-2019;15.189;;99250.0;Schaltgetriebe;Benzin;8.0;185.0;95.0;0.00015303778337531486;14.16;2619.6;3422.5;False;Auto.de;5.738.535.249.828.880
488;488;Skoda;Kamiq;1-8-2019;20.889;;62995.0;Automatik;Benzin;8.0;185.0;116.0;0.00033159774585284546;14.16;2619.6;3422.5;False;Auto.de;5.653.661.875.427.780
489;489;Volkswagen;Crafter;1-9-2019;38.189;;43884.0;Schaltgetriebe;Diesel;7.0;186.0;140.0;0.0008702260504967642;12.39;2292.15;3441.0;False;Auto.de;5.568.788.501.026.690
490;490;Volkswagen;Touran;1-3-2019;24.289;;42619.0;Schaltgetriebe;Benzin;8.0;185.0;116.0;0.0005699101339778033;14.16;2619.6;3422.5;False;Auto.de;6.072.553.045.859
491;491;Ford;Transit;1-5-2019;20.349;;87804.0;Schaltgetriebe;Diesel;7.0;186.0;131.0;0.00023175481754817548;12.39;2292.15;3441.0;False;Auto.de;5.905.544.147.843.940
492;492;Ford;Transit;1-3-2019;26.489;;68000.0;Schaltgetriebe;Diesel;7.0;186.0;105.0;0.00038954411764705884;12.39;2292.15;3441.0;False;Auto.de;6.072.553.045.859
493;493;Ford;Transit;1-5-2019;20.349;;72955.0;Schaltgetriebe;Diesel;7.0;186.0;131.0;0.0002789253649509972;12.39;2292.15;3441.0;False;Auto.de;5.905.544.147.843.940
494;494;Ford;Transit;1-5-2019;20.349;;72899.0;Schaltgetriebe;Diesel;7.0;186.0;131.0;0.00027913963154501434;12.39;2292.15;3441.0;False;Auto.de;5.905.544.147.843.940
495;495;Ford;Transit;1-5-2019;20.349;;77255.0;Schaltgetriebe;Diesel;7.0;186.0;131.0;0.00026340042715681833;12.39;2292.15;3441.0;False;Auto.de;5.905.544.147.843.940
496;496;Ford;Transit;1-5-2019;20.349;;89852.0;Schaltgetriebe;Diesel;7.0;186.0;131.0;0.00022647242131505142;12.39;2292.15;3441.0;False;Auto.de;5.905.544.147.843.940
497;497;Ford;Transit;1-5-2019;20.349;;82803.0;Schaltgetriebe;Diesel;7.0;186.0;131.0;0.00024575196550849607;12.39;2292.15;3441.0;False;Auto.de;5.905.544.147.843.940
498;498;Ford;Transit;1-7-2019;20.349;;90947.0;Schaltgetriebe;Diesel;7.0;186.0;131.0;0.00022374569804391569;12.39;2292.15;3441.0;False;Auto.de;5.738.535.249.828.880
499;499;Ford;Transit;1-5-2019;20.349;;80941.0;Schaltgetriebe;Diesel;7.0;186.0;131.0;0.0002514053446337456;12.39;2292.15;3441.0;False;Auto.de;5.905.544.147.843.940
500;500;Ford;Transit;1-5-2019;20.349;;91283.0;Schaltgetriebe;Diesel;7.0;186.0;131.0;0.00022292212131503128;12.39;2292.15;3441.0;False;Auto.de;5.905.544.147.843.940
501;501;Volkswagen;Golf;1-11-2019;19.689;;92055.0;Automatik;Diesel;3.0;140.0;150.0;0.0002138830047254359;53.100.000.000.000.000;9.823.500.000.000.000;2590.0;False;Auto.de;5.401.779.603.011.630
502;502;Volkswagen;Golf;1-10-2019;17.689;;86843.0;Automatik;Diesel;3.0;140.0;150.0;0.0002036894165332842;53.100.000.000.000.000;9.823.500.000.000.000;2590.0;False;Auto.de;5.486.652.977.412.730
503;503;Skoda;Octavia;1-11-2019;18.689;;91058.0;Schaltgetriebe;Diesel;2.0;135.0;116.0;0.000205242812273496;3.54;654.9;2497.5;False;Auto.de;5.401.779.603.011.630
504;504;Volkswagen;Touran;1-9-2019;28.789;;49987.0;Automatik;Diesel;2.0;163.0;150.0;0.0005759297417328506;3.54;654.9;3015.5;False;Auto.de;5.568.788.501.026.690
505;505;Audi;A4;1-6-2019;26.989;;53833.0;Automatik;Diesel;6.0;147.0;150.0;0.0005013467575650623;10.620.000.000.000.000;19.647.000.000.000.000;2719.5;False;Auto.de;5.820.670.773.442.840
506;506;Audi;A4;1-6-2019;25.689;;53833.0;Automatik;Diesel;6.0;147.0;150.0;0.0004771980012260138;10.620.000.000.000.000;19.647.000.000.000.000;2719.5;False;Auto.de;5.820.670.773.442.840
507;507;Skoda;Scala;1-11-2019;17.689;;89116.0;Schaltgetriebe;Diesel;9.0;128.0;116.0;0.00019849409758068137;15.93;2947.05;2368.0;True;Auto.de;5.401.779.603.011.630
508;508;Skoda;Octavia;1-8-2019;20.689;;87630.0;Automatik;Diesel;3.0;139.0;150.0;0.00023609494465365741;53.100.000.000.000.000;9.823.500.000.000.000;2571.5;False;Auto.de;5.653.661.875.427.780
509;509;Volkswagen;Golf;1-10-2019;21.689;;25563.0;Automatik;Diesel;4.0;141.0;150.0;0.0008484528419982005;7.08;1309.8;2608.5;False;Auto.de;5.486.652.977.412.730
510;510;Volkswagen;Touran;1-9-2019;30.089;;49987.0;Automatik;Diesel;2.0;163.0;150.0;0.0006019365034909076;3.54;654.9;3015.5;False;Auto.de;5.568.788.501.026.690
511;511;Volkswagen;Passat;1-2-2019;22.689;;68974.0;Automatik;Diesel;7.0;148.0;190.0;0.00032895003914518514;12.39;2292.15;2738.0;False;Auto.de;61.492.128.678.987
512;512;Skoda;Octavia;1-8-2019;21.989;;87630.0;Automatik;Diesel;3.0;139.0;150.0;0.0002509300467876298;53.100.000.000.000.000;9.823.500.000.000.000;2571.5;False;Auto.de;5.653.661.875.427.780
513;513;Volkswagen;Golf;1-9-2019;22.989;;52442.0;Automatik;Diesel;7.0;186.0;150.0;0.0004383700087715953;12.39;2292.15;3441.0;False;Auto.de;5.568.788.501.026.690
514;514;Skoda;Octavia;1-10-2019;19.689;;96150.0;Automatik;Diesel;3.0;139.0;150.0;0.00020477379095163806;53.100.000.000.000.000;9.823.500.000.000.000;2571.5;False;Auto.de;5.486.652.977.412.730
515;515;Hyundai;Kona;1-3-2019;18.089;;41807.0;Schaltgetriebe;Benzin;8.0;185.0;120.0;0.000432678738010381;14.16;2619.6;3422.5;False;Auto.de;6.072.553.045.859
516;516;Volkswagen;up!;1-9-2019;11.689;;21675.0;Schaltgetriebe;Benzin;4.0;123.0;60.0;0.0005392848904267589;7.08;1309.8;2275.5;True;Auto.de;5.568.788.501.026.690
517;517;Ford;Transit Connect;1-1-2019;18.789;;62133.0;Schaltgetriebe;Diesel;6.0;147.0;120.0;0.00030239969098546667;10.620.000.000.000.000;19.647.000.000.000.000;2719.5;False;Auto.de;6.234.086.242.299.790
518;518;Volkswagen;Golf;1-8-2019;18.689;;18303.0;Automatik;Elektro;;0.0;136.0;0.0010210894388897995;;;0.0;True;Auto.de;5.653.661.875.427.780
519;519;Volkswagen;Golf;1-10-2019;18.689;;39987.0;Automatik;Elektro;;0.0;136.0;0.0004673768974916848;;;0.0;True;Auto.de;5.486.652.977.412.730
520;520;Skoda;Superb;1-11-2019;28.589;;92356.0;Automatik;Diesel;7.0;186.0;190.0;0.00030955216769890424;12.39;2292.15;3441.0;False;Auto.de;5.401.779.603.011.630
521;521;Ford;Kuga;1-2-2019;21.989;;77404.0;Automatik;Diesel;5.0;197.0;180.0;0.00028408092605033334;8.85;1637.25;3644.5;False;Auto.de;61.492.128.678.987
522;522;Ford;EcoSport;1-3-2019;16.989;;75245.0;Automatik;Benzin;8.0;185.0;125.0;0.00022578244401621372;14.16;2619.6;3422.5;False;Auto.de;6.072.553.045.859
523;523;Seat;SONSTIGE;1-11-2019;16.989;;25384.0;Schaltgetriebe;Benzin;8.0;185.0;95.0;0.0006692798613299717;14.16;2619.6;3422.5;False;Auto.de;5.401.779.603.011.630
524;524;Ford;Kuga;1-11-2019;21.989;;41828.0;Schaltgetriebe;Benzin;8.0;185.0;150.0;0.0005257004877115808;14.16;2619.6;3422.5;False;Auto.de;5.401.779.603.011.630
525;525;Dacia;Dokker;1-6-2019;16.948;;55153.0;Schaltgetriebe;Benzin;1.0;138.0;131.0;0.0003072906278896887;1.77;327.45;2553.0;False;Auto.de;5.820.670.773.442.840
526;526;Audi;Q2;1-11-2019;28.489;;83826.0;Automatik;Benzin;8.0;185.0;190.0;0.00033985875504020236;14.16;2619.6;3422.5;False;Auto.de;5.401.779.603.011.630
527;527;Ford;SONSTIGE;1-7-2019;30.189;;55500.0;Schaltgetriebe;Diesel;7.0;186.0;131.0;0.0005439459459459459;12.39;2292.15;3441.0;False;Auto.de;5.738.535.249.828.880
528;528;Mercedes-Benz;SONSTIGE;1-10-2019;45.889;;98830.0;Automatik;Diesel;7.0;186.0;190.0;0.00046432257411717094;12.39;2292.15;3441.0;False;Auto.de;5.486.652.977.412.730
529;529;Ford;Fiesta;1-8-2019;13.589;;32200.0;Schaltgetriebe;Benzin;8.0;185.0;86.0;0.0004220186335403727;14.16;2619.6;3422.5;False;Auto.de;5.653.661.875.427.780
530;530;Dacia;Duster;1-11-2019;17.548;;52390.0;Schaltgetriebe;Benzin;0.0;162.0;131.0;0.0003349494178278297;0.0;0.0;2997.0;False;Auto.de;5.401.779.603.011.630
531;531;Volkswagen;Golf;1-9-2019;21.689;;61337.0;Automatik;Diesel;3.0;140.0;150.0;0.00035360386063876617;53.100.000.000.000.000;9.823.500.000.000.000;2590.0;False;Auto.de;5.568.788.501.026.690
532;532;Volkswagen;Golf;1-10-2019;19.689;;89766.0;Automatik;Diesel;3.0;140.0;150.0;0.00021933694271773278;53.100.000.000.000.000;9.823.500.000.000.000;2590.0;False;Auto.de;5.486.652.977.412.730
533;533;Volkswagen;T-Roc;1-10-2019;26.689;;53268.0;Automatik;Diesel;7.0;154.0;150.0;0.0005010325148306676;12.39;2292.15;2849.0;False;Auto.de;5.486.652.977.412.730
534;534;Volkswagen;Polo;1-12-2019;17.789;;5765.0;Schaltgetriebe;Benzin;5.0;126.0;80.0;0.0030856895056374676;8.85;1637.25;2331.0;True;Auto.de;5.319.644.079.397.670
535;535;Volkswagen;Golf;1-10-2019;20.989;;89766.0;Automatik;Diesel;3.0;140.0;150.0;0.00023381904061671457;53.100.000.000.000.000;9.823.500.000.000.000;2590.0;False;Auto.de;5.486.652.977.412.730
536;536;Ford;S-Max;1-6-2019;29.189;;63799.0;Automatik;Diesel;7.0;177.0;190.0;0.00045751500807222683;12.39;2292.15;3274.5;False;Auto.de;5.820.670.773.442.840
537;537;Dacia;Duster;1-11-2019;14.948;;92290.0;Schaltgetriebe;Benzin;8.0;185.0;131.0;0.0001619677104778416;14.16;2619.6;3422.5;False;Auto.de;5.401.779.603.011.630
538;538;Ford;Kuga;1-11-2019;26.289;;36200.0;Automatik;Benzin;8.0;185.0;230.0;0.0007262154696132597;14.16;2619.6;3422.5;False;Auto.de;5.401.779.603.011.630
539;539;Ford;SONSTIGE;1-10-2019;27.089;;76501.0;Schaltgetriebe;Diesel;7.0;186.0;105.0;0.0003540999464059293;12.39;2292.15;3441.0;False;Auto.de;5.486.652.977.412.730
540;540;Ford;Kuga;1-6-2019;16.548;;104999.0;Schaltgetriebe;Diesel;2.0;136.0;120.0;0.00015760150096667586;3.54;654.9;2516.0;False;Auto.de;5.820.670.773.442.840
541;541;Seat;Alhambra;1-9-2019;37.989;;61080.0;Automatik;Diesel;7.0;186.0;177.0;0.0006219548133595285;12.39;2292.15;3441.0;False;Auto.de;5.568.788.501.026.690
542;542;Audi;Q7;1-8-2019;53.589;;67464.0;Automatik;Diesel;7.0;186.0;286.0;0.0007943347563144788;12.39;2292.15;3441.0;False;Auto.de;5.653.661.875.427.780
543;543;BMW;SONSTIGE;1-10-2019;29.489;;69700.0;Automatik;Diesel;6.0;158.0;190.0;0.00042308464849354375;10.620.000.000.000.000;19.647.000.000.000.000;2923.0;False;Auto.de;5.486.652.977.412.730
544;544;Volkswagen;Passat;1-5-2019;20.689;;89840.0;Automatik;Diesel;5.0;143.0;150.0;0.00023028717720391807;8.85;1637.25;2645.5;False;Auto.de;5.905.544.147.843.940
545;545;Volkswagen;Caddy;1-11-2019;31.849;;148550.0;Automatik;Diesel;7.0;186.0;150.0;0.00021439919219118142;12.39;2292.15;3441.0;False;Auto.de;5.401.779.603.011.630
546;546;Opel;Mokka X;1-5-2019;17.289;;90500.0;Automatik;Benzin;2.0;188.0;140.0;0.00019103867403314918;3.54;654.9;3478.0;False;Auto.de;5.905.544.147.843.940
547;547;Mercedes-Benz;Vito;1-12-2019;31.289;;79590.0;Schaltgetriebe;Diesel;7.0;186.0;136.0;0.00039312727729614276;12.39;2292.15;3441.0;False;Auto.de;5.319.644.079.397.670
548;548;Mazda;CX-30;1-12-2019;23.148;;94370.0;Schaltgetriebe;Hybrid (Elektro / Benzin);8.0;85.0;180.0;0.00024528981667902935;14.16;2619.6;1572.5;True;Auto.de;5.319.644.079.397.670
549;549;Renault;Clio;1-8-2019;14.448;;75050.0;Schaltgetriebe;Benzin;8.0;185.0;101.0;0.00019251165889407063;14.16;2619.6;3422.5;False;Auto.de;5.653.661.875.427.780
550;550;Volkswagen;Polo;1-7-2019;18.289;;29163.0;Schaltgetriebe;Benzin;5.0;124.0;116.0;0.0006271302678050955;8.85;1637.25;2294.0;True;Auto.de;5.738.535.249.828.880
551;551;Ford;Fiesta;1-2-2019;17.948;;58860.0;Schaltgetriebe;Benzin;8.0;185.0;140.0;0.00030492694529391776;14.16;2619.6;3422.5;False;Auto.de;61.492.128.678.987
552;552;Volkswagen;Golf;1-3-2019;18.689;;36000.0;Automatik;Elektro;;0.0;136.0;0.0005191388888888889;;;0.0;True;Auto.de;6.072.553.045.859
553;553;Volkswagen;Golf;1-11-2019;18.689;;52242.0;Schaltgetriebe;Diesel;1.0;133.0;116.0;0.0003577389839592665;1.77;327.45;2460.5;False;Auto.de;5.401.779.603.011.630
554;554;Volkswagen;Golf;1-10-2019;22.989;;52635.0;Automatik;Diesel;4.0;143.0;150.0;0.00043676261043032206;7.08;1309.8;2645.5;False;Auto.de;5.486.652.977.412.730
555;555;Volkswagen;Golf;1-10-2019;21.689;;52635.0;Automatik;Diesel;4.0;143.0;150.0;0.0004120642158259713;7.08;1309.8;2645.5;False;Auto.de;5.486.652.977.412.730
556;556;Nissan;Qashqai;1-4-2019;21.748;;39560.0;Automatik;Benzin;8.0;185.0;159.0;0.000549747219413549;14.16;2619.6;3422.5;False;Auto.de;5.987.679.671.457.900
557;557;Renault;Captur;1-9-2019;12.948;;102855.0;Schaltgetriebe;Benzin;8.0;185.0;131.0;0.00012588595595741577;14.16;2619.6;3422.5;False;Auto.de;5.568.788.501.026.690
558;558;Mazda;3;1-11-2019;20.648;;23355.0;Schaltgetriebe;Benzin;8.0;135.0;122.0;0.0008840933418968101;14.16;2619.6;2497.5;False;Auto.de;5.401.779.603.011.630
559;559;Ford;Transit;1-11-2019;24.689;;50000.0;Schaltgetriebe;Diesel;8.0;210.0;105.0;0.00049378;14.16;2619.6;3885.0;False;Auto.de;5.401.779.603.011.630
560;560;Volkswagen;Tiguan;1-12-2019;27.189;;60340.0;Schaltgetriebe;Diesel;8.0;152.0;150.0;0.00045059661915810407;14.16;2619.6;2812.0;False;Auto.de;5.319.644.079.397.670
561;561;Renault;ZOE;1-7-2019;9.948;;30000.0;Automatik;Elektro;;0.0;72.0;0.00033160000000000004;;;0.0;True;Auto.de;5.738.535.249.828.880
562;562;Volkswagen;T-Cross;1-9-2019;19.289;;14832.0;Schaltgetriebe;Benzin;8.0;185.0;95.0;0.0013004989212513486;14.16;2619.6;3422.5;False;Auto.de;5.568.788.501.026.690
563;563;Volkswagen;Passat;1-11-2019;28.789;;53908.0;Automatik;Diesel;4.0;167.0;190.0;0.0005340394746605328;7.08;1309.8;3089.5;False;Auto.de;5.401.779.603.011.630
564;564;Volkswagen;Golf;1-11-2019;19.289;;24030.0;Schaltgetriebe;Diesel;5.0;131.0;116.0;0.0008027049521431545;8.85;1637.25;2423.5;False;Auto.de;5.401.779.603.011.630
565;565;Volkswagen;Passat;1-11-2019;30.089;;53908.0;Automatik;Diesel;4.0;167.0;190.0;0.0005581546338205832;7.08;1309.8;3089.5;False;Auto.de;5.401.779.603.011.630
566;566;Volkswagen;Polo;1-10-2019;18.689;;39270.0;Schaltgetriebe;Diesel;9.0;129.0;95.0;0.00047591036414565825;15.93;2947.05;2386.5;True;Auto.de;5.486.652.977.412.730
567;567;Volkswagen;Golf;1-11-2019;20.589;;24030.0;Schaltgetriebe;Diesel;5.0;131.0;116.0;0.0008568039950062422;8.85;1637.25;2423.5;False;Auto.de;5.401.779.603.011.630
568;568;Ford;Transit;1-3-2019;14.549;;95327.0;Schaltgetriebe;Diesel;3.0;166.0;120.0;0.00015262202733748047;53.100.000.000.000.000;9.823.500.000.000.000;3071.0;False;Auto.de;6.072.553.045.859
569;569;Ford;Transit;1-3-2019;15.249;;79500.0;Schaltgetriebe;Diesel;3.0;166.0;120.0;0.000191811320754717;53.100.000.000.000.000;9.823.500.000.000.000;3071.0;False;Auto.de;6.072.553.045.859
570;570;Ford;Transit;1-3-2019;14.549;;99657.0;Schaltgetriebe;Diesel;3.0;166.0;120.0;0.00014599074826655427;53.100.000.000.000.000;9.823.500.000.000.000;3071.0;False;Auto.de;6.072.553.045.859
571;571;Ford;Transit;1-5-2019;15.249;;85175.0;Schaltgetriebe;Diesel;3.0;166.0;120.0;0.0001790314059289698;53.100.000.000.000.000;9.823.500.000.000.000;3071.0;False;Auto.de;5.905.544.147.843.940
572;572;Hyundai;i30;1-8-2019;15.689;;68900.0;Schaltgetriebe;Benzin;8.0;132.0;120.0;0.0002277068214804064;14.16;2619.6;2442.0;False;Auto.de;5.653.661.875.427.780
573;573;Mercedes-Benz;Sprinter;1-11-2019;27.489;;33638.0;Schaltgetriebe;Diesel;7.0;186.0;143.0;0.0008172007848266841;12.39;2292.15;3441.0;False;Auto.de;5.401.779.603.011.630
574;574;Audi;SONSTIGE;1-4-2019;26.689;;93029.0;Automatik;Diesel;7.0;186.0;190.0;0.0002868890346021133;12.39;2292.15;3441.0;False;Auto.de;5.987.679.671.457.900
575;575;Mazda;CX-30;1-11-2019;23.148;;34590.0;Automatik;Benzin;5.0;126.0;122.0;0.0006692107545533391;8.85;1637.25;2331.0;True;Auto.de;5.401.779.603.011.630
576;576;Jaguar;E-Pace;1-5-2019;24.448;;84400.0;Schaltgetriebe;Diesel;5.0;146.0;150.0;0.0002896682464454976;8.85;1637.25;2701.0;False;Auto.de;5.905.544.147.843.940
577;577;Opel;Adam;1-5-2019;14.048;;51800.0;Schaltgetriebe;Benzin;5.0;128.0;87.0;0.0002711969111969112;8.85;1637.25;2368.0;True;Auto.de;5.905.544.147.843.940
578;578;Land Rover;Discovery Sport;1-10-2019;26.089;;84035.0;Automatik;Diesel;7.0;186.0;150.0;0.00031045397750937106;12.39;2292.15;3441.0;False;Auto.de;5.486.652.977.412.730
579;579;Mazda;CX-5;1-8-2019;28.189;;98518.0;Automatik;Diesel;7.0;186.0;184.0;0.00028613045331817537;12.39;2292.15;3441.0;False;Auto.de;5.653.661.875.427.780
580;580;Volvo;V90;1-4-2019;29.189;;96864.0;Automatik;Diesel;7.0;186.0;190.0;0.0003013400231252065;12.39;2292.15;3441.0;False;Auto.de;5.987.679.671.457.900
581;581;Ford;Transit Connect;1-3-2019;17.089;;23896.0;Schaltgetriebe;Benzin;8.0;185.0;101.0;0.000715140609306997;14.16;2619.6;3422.5;False;Auto.de;6.072.553.045.859
582;582;Skoda;Octavia;1-11-2019;22.589;;89775.0;Automatik;Diesel;7.0;186.0;150.0;0.0002516179337231969;12.39;2292.15;3441.0;False;Auto.de;5.401.779.603.011.630
583;583;Audi;A4;1-5-2019;24.089;;74682.0;Automatik;Diesel;2.0;163.0;150.0;0.000322554296885461;3.54;654.9;3015.5;False;Auto.de;5.905.544.147.843.940
584;584;Volkswagen;Passat Variant;1-6-2019;21.589;;98445.0;Schaltgetriebe;Diesel;7.0;186.0;150.0;0.00021930011681649652;12.39;2292.15;3441.0;False;Auto.de;5.820.670.773.442.840
585;585;Volvo;SONSTIGE;1-6-2019;33.389;;75541.0;Automatik;Benzin;8.0;185.0;250.0;0.0004419983849829894;14.16;2619.6;3422.5;False;Auto.de;5.820.670.773.442.840
586;586;BMW;118;1-8-2019;23.589;;88345.0;Automatik;Diesel;7.0;186.0;150.0;0.00026701001754485254;12.39;2292.15;3441.0;False;Auto.de;5.653.661.875.427.780
587;587;Skoda;Superb;1-6-2019;21.589;;93986.0;Automatik;Diesel;7.0;186.0;150.0;0.00022970442406315832;12.39;2292.15;3441.0;False;Auto.de;5.820.670.773.442.840
588;588;Peugeot;3008;1-6-2019;23.089;;59775.0;Schaltgetriebe;Diesel;7.0;186.0;131.0;0.0003862651610204935;12.39;2292.15;3441.0;False;Auto.de;5.820.670.773.442.840
589;589;Volvo;XC90;1-10-2019;41.289;;54198.0;Automatik;Diesel;7.0;203.0;235.0;0.000761817779253847;12.39;2292.15;3755.5;False;Auto.de;5.486.652.977.412.730
590;590;Skoda;Octavia;1-9-2019;17.089;;71766.0;Schaltgetriebe;Benzin;8.0;185.0;116.0;0.00023812111584873058;14.16;2619.6;3422.5;False;Auto.de;5.568.788.501.026.690
591;591;BMW;520;1-2-2019;31.289;;62297.0;Automatik;Diesel;7.0;186.0;190.0;0.0005022553252965633;12.39;2292.15;3441.0;False;Auto.de;61.492.128.678.987
592;592;BMW;X3;1-7-2019;32.389;;71599.0;Automatik;Diesel;7.0;186.0;190.0;0.00045236665316554704;12.39;2292.15;3441.0;False;Auto.de;5.738.535.249.828.880
593;593;BMW;520;1-8-2019;27.689;;89885.0;Automatik;Diesel;7.0;186.0;190.0;0.0003080491739444846;12.39;2292.15;3441.0;False;Auto.de;5.653.661.875.427.780
594;594;Hyundai;i20;1-12-2019;14.089;;45243.0;Schaltgetriebe;Benzin;3.0;142.0;75.0;0.00031140728952545145;53.100.000.000.000.000;9.823.500.000.000.000;2627.0;False;Auto.de;5.319.644.079.397.670
595;595;Volkswagen;Touran;1-5-2019;24.089;;98790.0;Automatik;Diesel;7.0;186.0;116.0;0.0002438404696831663;12.39;2292.15;3441.0;False;Auto.de;5.905.544.147.843.940
596;596;Seat;Ateca;1-1-2019;25.589;;45500.0;Automatik;Benzin;8.0;185.0;150.0;0.0005623956043956043;14.16;2619.6;3422.5;False;Auto.de;6.234.086.242.299.790
597;597;Fiat;New Panda;1-12-2019;13.089;;48126.0;Schaltgetriebe;Benzin;8.0;185.0;69.0;0.0002719735693803765;14.16;2619.6;3422.5;False;Auto.de;5.319.644.079.397.670
598;598;Mazda;3;1-6-2019;20.648;;32660.0;Schaltgetriebe;Benzin;2.0;119.0;122.0;0.0006322106552357624;3.54;654.9;2201.5;True;Auto.de;5.820.670.773.442.840
599;599;Kia;pro cee'd;1-11-2019;22.148;;85155.0;Schaltgetriebe;Benzin;8.0;185.0;204.0;0.0002600904233456638;14.16;2619.6;3422.5;False;Auto.de;5.401.779.603.011.630
600;600;Volvo;XC60;1-12-2019;33.089;;61354.0;Automatik;Benzin;8.0;185.0;190.0;0.0005393128402386152;14.16;2619.6;3422.5;False;Auto.de;5.319.644.079.397.670
601;601;Skoda;Scala;1-12-2019;20.689;;39400.0;Automatik;Benzin;8.0;185.0;150.0;0.0005251015228426396;14.16;2619.6;3422.5;False;Auto.de;5.319.644.079.397.670
602;602;BMW;SONSTIGE;1-11-2019;33.889;;51598.0;Automatik;Diesel;7.0;186.0;190.0;0.0006567890228303423;12.39;2292.15;3441.0;False;Auto.de;5.401.779.603.011.630
603;603;Audi;Q8;1-7-2019;70.889;;80569.0;Automatik;Benzin;11.0;249.0;340.0;0.0008798545346224974;19.47;3601.95;4606.5;False;Auto.de;5.738.535.249.828.880
604;604;Mercedes-Benz;SONSTIGE;1-10-2019;41.689;;45125.0;Automatik;Benzin;1.0;166.0;197.0;0.0009238559556786703;1.77;327.45;3071.0;False;Auto.de;5.486.652.977.412.730
605;605;Smart;ForFour;1-4-2019;12.749;;38382.0;Schaltgetriebe;Benzin;8.0;185.0;71.0;0.0003321609087593143;14.16;2619.6;3422.5;False;Auto.de;5.987.679.671.457.900
606;606;Skoda;Scala;1-7-2019;17.649;;82349.0;Schaltgetriebe;Benzin;7.0;128.0;116.0;0.00021431954243524514;12.39;2292.15;2368.0;True;Auto.de;5.738.535.249.828.880
607;607;Skoda;Scala;1-8-2019;16.949;;82349.0;Schaltgetriebe;Benzin;7.0;0.0;116.0;0.00020581913563006232;12.39;2292.15;0.0;True;Auto.de;5.653.661.875.427.780
608;608;Mercedes-Benz;SONSTIGE;1-10-2019;45.589;;71748.0;Automatik;Diesel;7.0;186.0;340.0;0.0006354044712047723;12.39;2292.15;3441.0;False;Auto.de;5.486.652.977.412.730
609;609;Ford;Transit Connect;1-9-2019;19.889;;99999.0;Automatik;Diesel;7.0;186.0;120.0;0.0001988919889198892;12.39;2292.15;3441.0;False;Auto.de;5.568.788.501.026.690
610;610;Smart;ForFour;1-3-2019;13.549;;38382.0;Schaltgetriebe;Benzin;8.0;185.0;71.0;0.00035300401229743106;14.16;2619.6;3422.5;False;Auto.de;6.072.553.045.859
611;611;Seat;Leon;1-9-2019;21.589;;59313.0;Automatik;Benzin;4.0;146.0;150.0;0.0003639842867499536;7.08;1309.8;2701.0;False;Auto.de;5.568.788.501.026.690
612;612;Volkswagen;Passat;1-12-2019;31.189;;17249.0;Automatik;Diesel;6.0;156.0;190.0;0.0018081627920459157;10.620.000.000.000.000;19.647.000.000.000.000;2886.0;False;Auto.de;5.319.644.079.397.670
613;613;Volkswagen;Golf;1-2-2019;25.489;;45000.0;Automatik;Diesel;7.0;186.0;150.0;0.0005664222222222222;12.39;2292.15;3441.0;False;Auto.de;61.492.128.678.987
614;614;Seat;Alhambra;1-3-2019;35.289;;24317.0;Automatik;Diesel;7.0;176.0;150.0;0.0014512069745445573;12.39;2292.15;3256.0;False;Auto.de;6.072.553.045.859
615;615;Volkswagen;up!;1-7-2019;13.289;;5783.0;Schaltgetriebe;Benzin;2.0;117.0;60.0;0.00229794224450977;3.54;654.9;2164.5;True;Auto.de;5.738.535.249.828.880
616;616;Skoda;Scala;1-9-2019;16.689;;94215.0;Schaltgetriebe;Diesel;9.0;128.0;116.0;0.00017713739850342303;15.93;2947.05;2368.0;True;Auto.de;5.568.788.501.026.690
617;617;Volkswagen;Golf;1-5-2019;20.689;;76316.0;Automatik;Diesel;5.0;143.0;150.0;0.0002710964935269144;8.85;1637.25;2645.5;False;Auto.de;5.905.544.147.843.940
618;618;Volkswagen;Golf;1-12-2019;20.989;;38540.0;Schaltgetriebe;Diesel;3.0;139.0;116.0;0.0005446030098598859;53.100.000.000.000.000;9.823.500.000.000.000;2571.5;False;Auto.de;5.319.644.079.397.670
619;619;Volkswagen;Golf;1-12-2019;19.689;;38540.0;Schaltgetriebe;Diesel;3.0;139.0;116.0;0.0005108718214841723;53.100.000.000.000.000;9.823.500.000.000.000;2571.5;False;Auto.de;5.319.644.079.397.670
620;620;Seat;Alhambra;1-3-2019;33.989;;24317.0;Automatik;Diesel;7.0;176.0;150.0;0.0013977464325369083;12.39;2292.15;3256.0;False;Auto.de;6.072.553.045.859
621;621;Volkswagen;Golf;1-2-2019;24.189;;45000.0;Automatik;Diesel;7.0;186.0;150.0;0.0005375333333333334;12.39;2292.15;3441.0;False;Auto.de;61.492.128.678.987
622;622;Volkswagen;Golf;1-7-2019;22.689;;29987.0;Automatik;Diesel;3.0;139.0;150.0;0.0007566278720779004;53.100.000.000.000.000;9.823.500.000.000.000;2571.5;False;Auto.de;5.738.535.249.828.880
623;623;Opel;Astra;1-11-2019;14.689;;56780.0;Schaltgetriebe;Diesel;4.0;115.0;105.0;0.0002587002465656921;7.08;1309.8;2127.5;True;Auto.de;5.401.779.603.011.630
624;624;Volkswagen;Passat;1-12-2019;29.789;;17249.0;Automatik;Diesel;6.0;156.0;190.0;0.0017269986665893677;10.620.000.000.000.000;19.647.000.000.000.000;2886.0;False;Auto.de;5.319.644.079.397.670
625;625;Volkswagen;Golf;1-12-2019;23.689;;56825.0;Automatik;Diesel;5.0;143.0;150.0;0.0004168763748350198;8.85;1637.25;2645.5;False;Auto.de;5.319.644.079.397.670
626;626;Volkswagen;Polo;1-10-2019;18.689;;27747.0;Schaltgetriebe;Benzin;7.0;129.0;116.0;0.0006735502937254478;12.39;2292.15;2386.5;True;Auto.de;5.486.652.977.412.730
627;627;Fiat;Tipo;1-6-2019;15.689;;17000.0;Schaltgetriebe;Benzin;8.0;185.0;120.0;0.0009228823529411765;14.16;2619.6;3422.5;False;Auto.de;5.820.670.773.442.840
628;628;Skoda;Octavia;1-6-2019;27.789;;51450.0;Schaltgetriebe;Benzin;8.0;185.0;245.0;0.0005401166180758018;14.16;2619.6;3422.5;False;Auto.de;5.820.670.773.442.840
629;629;Mercedes-Benz;Sprinter;1-12-2019;33.189;;42803.0;Schaltgetriebe;Diesel;7.0;186.0;143.0;0.0007753895754970446;12.39;2292.15;3441.0;False;Auto.de;5.319.644.079.397.670
630;630;Audi;Q3;1-4-2019;30.089;;95739.0;Automatik;Benzin;8.0;185.0;190.0;0.0003142815362600403;14.16;2619.6;3422.5;False;Auto.de;5.987.679.671.457.900
631;631;Volkswagen;Golf Sportsvan;1-3-2019;21.889;;50342.0;Automatik;Diesel;7.0;186.0;150.0;0.0004348059274561996;12.39;2292.15;3441.0;False;Auto.de;6.072.553.045.859
632;632;Volkswagen;T-Cross;1-11-2019;18.589;;35849.0;Schaltgetriebe;Benzin;8.0;185.0;116.0;0.0005185360818990766;14.16;2619.6;3422.5;False;Auto.de;5.401.779.603.011.630
633;633;Volkswagen;T6 SONSTIGE;1-12-2019;30.449;;52550.0;Schaltgetriebe;Diesel;3.0;0.0;102.0;0.0005794291151284491;53.100.000.000.000.000;9.823.500.000.000.000;0.0;True;Auto.de;5.319.644.079.397.670
634;634;Mercedes-Benz;AMG GT;1-6-2019;113.149;;112850.0;Automatik;Benzin;8.0;185.0;585.0;0.0010026495347806824;14.16;2619.6;3422.5;False;Auto.de;5.820.670.773.442.840
635;635;Volkswagen;T6 SONSTIGE;1-12-2019;66.049;;37950.0;Automatik;Diesel;7.0;186.0;199.0;0.0017404216073781294;12.39;2292.15;3441.0;False;Auto.de;5.319.644.079.397.670
636;636;Skoda;Scala;1-4-2019;18.089;;49500.0;Schaltgetriebe;Benzin;7.0;129.0;116.0;0.0003654343434343434;12.39;2292.15;2386.5;True;Auto.de;5.987.679.671.457.900
637;637;Seat;Alhambra;1-1-2019;26.249;;128321.0;Automatik;Diesel;7.0;186.0;150.0;0.00020455732109319596;12.39;2292.15;3441.0;False;Auto.de;6.234.086.242.299.790
638;638;Iveco;Daily;1-11-2019;26.449;;99200.0;Schaltgetriebe;Diesel;7.0;186.0;156.0;0.00026662298387096777;12.39;2292.15;3441.0;False;Auto.de;5.401.779.603.011.630
639;639;Iveco;Daily;1-11-2019;20.049;;100000.0;Schaltgetriebe;Diesel;7.0;186.0;156.0;0.00020049;12.39;2292.15;3441.0;False;Auto.de;5.401.779.603.011.630
640;640;Hyundai;IONIQ;1-4-2019;16.649;;46250.0;Automatik;Elektro;;0.0;120.0;0.0003599783783783784;;;0.0;True;Auto.de;5.987.679.671.457.900
641;641;Iveco;Daily;1-12-2019;22.649;;78700.0;Schaltgetriebe;Diesel;7.0;186.0;156.0;0.00028778907242693776;12.39;2292.15;3441.0;False;Auto.de;5.319.644.079.397.670
642;642;Iveco;Daily;1-11-2019;21.349;;91500.0;Schaltgetriebe;Diesel;7.0;186.0;156.0;0.0002333224043715847;12.39;2292.15;3441.0;False;Auto.de;5.401.779.603.011.630
643;643;Iveco;Daily;1-11-2019;21.349;;81000.0;Schaltgetriebe;Diesel;7.0;186.0;156.0;0.0002635679012345679;12.39;2292.15;3441.0;False;Auto.de;5.401.779.603.011.630
644;644;Iveco;Daily;1-11-2019;28.049;;98000.0;Schaltgetriebe;Diesel;0.0;0.0;156.0;0.0002862142857142857;0.0;0.0;0.0;True;Auto.de;5.401.779.603.011.630
645;645;Porsche;Cayenne;1-3-2019;81.049;;71800.0;Automatik;Benzin;8.0;267.0;549.0;0.001128816155988858;14.16;2619.6;4939.5;False;Auto.de;6.072.553.045.859
646;646;Mercedes-Benz;B 200;1-4-2019;21.249;;83882.0;Automatik;Diesel;3.0;142.0;136.0;0.0002533201401969433;53.100.000.000.000.000;9.823.500.000.000.000;2627.0;False;Auto.de;5.987.679.671.457.900
647;647;Jeep;Compass;1-11-2019;21.149;;80130.0;Automatik;Benzin;3.0;190.0;170.0;0.00026393360788718335;53.100.000.000.000.000;9.823.500.000.000.000;3515.0;False;Auto.de;5.401.779.603.011.630
648;648;BMW;X3;1-3-2019;31.749;;91874.0;Automatik;Diesel;7.0;186.0;190.0;0.0003455711082569606;12.39;2292.15;3441.0;False;Auto.de;6.072.553.045.859
649;649;Renault;Master;1-4-2019;30.149;;138900.0;Schaltgetriebe;Diesel;7.0;186.0;131.0;0.0002170554355651548;12.39;2292.15;3441.0;False;Auto.de;5.987.679.671.457.900
650;650;Renault;Kadjar;1-11-2019;19.049;;71423.0;Schaltgetriebe;Benzin;8.0;185.0;159.0;0.0002667068031306442;14.16;2619.6;3422.5;False;Auto.de;5.401.779.603.011.630
651;651;Skoda;Octavia;1-6-2019;18.649;;72790.0;Automatik;Benzin;8.0;185.0;116.0;0.0002562027751064707;14.16;2619.6;3422.5;False;Auto.de;5.820.670.773.442.840
652;652;Mazda;3;1-8-2019;17.049;;91350.0;Schaltgetriebe;Hybrid (Elektro / Benzin);8.0;85.0;122.0;0.00018663382594417076;14.16;2619.6;1572.5;True;Auto.de;5.653.661.875.427.780
653;653;Mercedes-Benz;C 180;1-8-2019;25.349;;51808.0;Schaltgetriebe;Benzin;8.0;116.0;156.0;0.0004892873687461396;14.16;2619.6;2146.0;True;Auto.de;5.653.661.875.427.780
654;654;Mercedes-Benz;C 400;1-8-2019;42.349;;74200.0;Automatik;Benzin;8.0;185.0;333.0;0.0005707412398921832;14.16;2619.6;3422.5;False;Auto.de;5.653.661.875.427.780
655;655;Jeep;Compass;1-12-2019;21.149;;48500.0;Schaltgetriebe;Benzin;8.0;155.0;140.0;0.0004360618556701031;14.16;2619.6;2867.5;False;Auto.de;5.319.644.079.397.670
656;656;Mazda;MX-5;1-2-2019;26.048;;42210.0;Schaltgetriebe;Benzin;9.0;156.0;184.0;0.0006171049514333096;15.93;2947.05;2886.0;False;Auto.de;61.492.128.678.987
657;657;Jaguar;XF;1-10-2019;29.648;;54841.0;Automatik;Diesel;7.0;186.0;180.0;0.0005406174212724057;12.39;2292.15;3441.0;False;Auto.de;5.486.652.977.412.730
658;658;Renault;ZOE;1-11-2019;11.349;;32058.0;Automatik;Elektro;;0.0;92.0;0.000354014598540146;;;0.0;True;Auto.de;5.401.779.603.011.630
659;659;Renault;ZOE;1-2-2019;9.349;;42762.0;Automatik;Elektro;;0.0;92.0;0.00021862868902296432;;;0.0;True;Auto.de;61.492.128.678.987
660;660;Renault;ZOE;1-3-2019;11.749;;17543.0;Automatik;Elektro;;0.0;88.0;0.0006697258165650117;;;0.0;True;Auto.de;6.072.553.045.859
661;661;Renault;ZOE;1-9-2019;11.049;;17812.0;Automatik;Elektro;;0.0;92.0;0.0006203121491129575;;;0.0;True;Auto.de;5.568.788.501.026.690
662;662;Mercedes-Benz;Vito;1-7-2019;33.349;;59500.0;Schaltgetriebe;Diesel;7.0;186.0;136.0;0.0005604873949579831;12.39;2292.15;3441.0;False;Auto.de;5.738.535.249.828.880
663;663;Renault;Trafic;1-4-2019;35.249;;78500.0;Schaltgetriebe;Diesel;0.0;0.0;121.0;0.000449031847133758;0.0;0.0;0.0;True;Auto.de;5.987.679.671.457.900
664;664;Renault;Master;1-10-2019;36.449;;113000.0;Schaltgetriebe;Diesel;0.0;0.0;131.0;0.00032255752212389377;0.0;0.0;0.0;True;Auto.de;5.486.652.977.412.730
665;665;Renault;Master;1-10-2019;31.449;;115000.0;Schaltgetriebe;Diesel;7.0;186.0;131.0;0.0002734695652173913;12.39;2292.15;3441.0;False;Auto.de;5.486.652.977.412.730
666;666;Mercedes-Benz;C 43 AMG;1-7-2019;41.249;;87542.0;Automatik;Benzin;8.0;185.0;390.0;0.0004711909711909712;14.16;2619.6;3422.5;False;Auto.de;5.738.535.249.828.880
667;667;Ford;EcoSport;1-2-2019;17.089;;77100.0;Schaltgetriebe;Benzin;4.0;144.0;125.0;0.00022164721141374835;7.08;1309.8;2664.0;False;Auto.de;61.492.128.678.987
668;668;Volkswagen;T-Roc;1-8-2019;21.689;;53138.0;Schaltgetriebe;Diesel;7.0;186.0;116.0;0.00040816364936580225;12.39;2292.15;3441.0;False;Auto.de;5.653.661.875.427.780
669;669;Renault;Master;1-3-2019;37.649;;114500.0;Schaltgetriebe;Diesel;0.0;0.0;131.0;0.0003288122270742358;0.0;0.0;0.0;True;Auto.de;6.072.553.045.859
670;670;Renault;ZOE;1-2-2019;11.249;;39587.0;Automatik;Elektro;;0.0;92.0;0.00028415894106651173;;;0.0;True;Auto.de;61.492.128.678.987
671;671;Alfa;Romeo Stelvio;1-10-2019;61.449;;44000.0;Automatik;Benzin;8.0;185.0;510.0;0.0013965681818181818;14.16;2619.6;3422.5;False;Auto.de;5.486.652.977.412.730
672;672;Alfa;Romeo Stelvio;1-1-2019;62.449;;61000.0;;Benzin;8.0;185.0;510.0;0.0010237540983606558;14.16;2619.6;3422.5;False;Auto.de;6.234.086.242.299.790
673;673;Alfa;Romeo Stelvio;1-3-2019;31.749;;60000.0;Automatik;Benzin;8.0;185.0;200.0;0.0005291499999999999;14.16;2619.6;3422.5;False;Auto.de;6.072.553.045.859
674;674;Jeep;Grand Cherokee;1-2-2019;63.549;;74500.0;Automatik;Benzin;8.0;185.0;468.0;0.0008530067114093959;14.16;2619.6;3422.5;False;Auto.de;61.492.128.678.987
675;675;Renault;ZOE;1-6-2019;10.649;;45056.0;Automatik;Elektro;;0.0;92.0;0.0002363503196022727;;;0.0;True;Auto.de;5.820.670.773.442.840
676;676;Renault;ZOE;1-2-2019;13.149;;62644.0;Automatik;Elektro;;0.0;92.0;0.00020990038950258603;;;0.0;True;Auto.de;61.492.128.678.987
677;677;Mercedes-Benz;B 220;1-10-2019;25.949;;44446.0;Automatik;Benzin;8.0;185.0;190.0;0.0005838320658776943;14.16;2619.6;3422.5;False;Auto.de;5.486.652.977.412.730
678;678;BMW;840;1-10-2019;49.349;;66200.0;Automatik;Benzin;2.0;164.0;340.0;0.000745453172205438;3.54;654.9;3034.0;False;Auto.de;5.486.652.977.412.730
679;679;Renault;ZOE;1-7-2019;13.849;;44817.0;Automatik;Elektro;;0.0;58.0;0.0003090122051899949;;;0.0;True;Auto.de;5.738.535.249.828.880
680;680;Volkswagen;Tiguan;1-7-2019;33.989;;82122.0;Automatik;Benzin;8.0;185.0;180.0;0.0004138842210369937;14.16;2619.6;3422.5;False;Auto.de;5.738.535.249.828.880
681;681;Volkswagen;Passat Variant;1-10-2019;22.089;;88444.0;Automatik;Diesel;1.0;134.0;150.0;0.0002497512550314323;1.77;327.45;2479.0;False;Auto.de;5.486.652.977.412.730
682;682;BMW;520;1-8-2019;34.389;;69775.0;Automatik;Diesel;7.0;186.0;190.0;0.0004928556073092082;12.39;2292.15;3441.0;False;Auto.de;5.653.661.875.427.780
683;683;Volkswagen;T-Roc;1-4-2019;21.489;;56675.0;Schaltgetriebe;Diesel;7.0;186.0;116.0;0.0003791618879576533;12.39;2292.15;3441.0;False;Auto.de;5.987.679.671.457.900
684;684;Audi;A4;1-7-2019;24.489;;94700.0;Automatik;Diesel;7.0;186.0;150.0;0.0002585955649419219;12.39;2292.15;3441.0;False;Auto.de;5.738.535.249.828.880
685;685;Mercedes-Benz;Citan;1-5-2019;16.089;;63947.0;Schaltgetriebe;Diesel;7.0;186.0;90.0;0.0002515989804056484;12.39;2292.15;3441.0;False;Auto.de;5.905.544.147.843.940
686;686;Volkswagen;Tiguan;1-9-2019;27.189;;97605.0;Automatik;Diesel;7.0;186.0;150.0;0.0002785615491009682;12.39;2292.15;3441.0;False;Auto.de;5.568.788.501.026.690
687;687;Skoda;Octavia;1-12-2019;28.589;;69671.0;Automatik;Benzin;8.0;185.0;245.0;0.0004103428973317449;14.16;2619.6;3422.5;False;Auto.de;5.319.644.079.397.670
688;688;Opel;Combo;1-9-2019;13.089;;93366.0;Schaltgetriebe;Diesel;7.0;186.0;102.0;0.00014019021913758755;12.39;2292.15;3441.0;False;Auto.de;5.568.788.501.026.690
689;689;Ford;Galaxy;1-8-2019;31.289;;53805.0;Schaltgetriebe;Diesel;7.0;186.0;190.0;0.0005815258804943779;12.39;2292.15;3441.0;False;Auto.de;5.653.661.875.427.780
690;690;Ford;Focus;1-1-2019;20.489;;8707.0;Schaltgetriebe;Benzin;8.0;185.0;101.0;0.002353164120822327;14.16;2619.6;3422.5;False;Auto.de;6.234.086.242.299.790
691;691;Ford;Galaxy;1-6-2019;31.989;;102462.0;Automatik;Diesel;7.0;186.0;190.0;0.0003122035486326638;12.39;2292.15;3441.0;False;Auto.de;5.820.670.773.442.840
692;692;Audi;Q3;1-10-2019;24.449;;93140.0;Schaltgetriebe;Benzin;8.0;0.0;150.0;0.00026249731586858497;14.16;2619.6;0.0;True;Auto.de;5.486.652.977.412.730
693;693;Audi;A4;1-10-2019;31.849;;77700.0;Automatik;Benzin;8.0;0.0;245.0;0.0004098970398970399;14.16;2619.6;0.0;True;Auto.de;5.486.652.977.412.730
694;694;Opel;Astra;1-5-2019;14.089;;121391.0;Schaltgetriebe;Diesel;7.0;186.0;136.0;0.00011606297007191638;12.39;2292.15;3441.0;False;Auto.de;5.905.544.147.843.940
695;695;BMW;530;1-2-2019;30.589;;95776.0;Automatik;Hybrid (Elektro / Benzin);8.0;85.0;184.0;0.0003193806381556966;14.16;2619.6;1572.5;True;Auto.de;61.492.128.678.987
696;696;Jaguar;I-Pace;1-12-2019;35.089;;68668.0;Automatik;Elektro;;0.0;400.0;0.0005109949321372401;;;0.0;True;Auto.de;5.319.644.079.397.670
697;697;Mercedes-Benz;V 300;1-9-2019;60.649;;75654.0;Automatik;Diesel;175.0;7.0;239.0;0.0008016628334258599;309.75;57303.75;129.5;True;Auto.de;5.568.788.501.026.690
698;698;Ford;Kuga;1-11-2019;23.489;;74654.0;Automatik;Benzin;8.0;185.0;150.0;0.00031463819755137034;14.16;2619.6;3422.5;False;Auto.de;5.401.779.603.011.630
699;699;Mercedes-Benz;eVito;1-9-2019;24.089;;7173.0;Automatik;Elektro;;0.0;116.0;0.003358288024536456;;;0.0;True;Auto.de;5.568.788.501.026.690
700;700;Mercedes-Benz;C 200;1-9-2019;31.989;;56215.0;Automatik;Benzin;8.0;185.0;184.0;0.0005690474072756382;14.16;2619.6;3422.5;False;Auto.de;5.568.788.501.026.690
701;701;Volkswagen;Golf Variant;1-11-2019;26.549;;113592.0;Automatik;Benzin;1.0;161.0;301.0;0.00023372244524262273;1.77;327.45;2978.5;False;Auto.de;5.401.779.603.011.630
702;702;BMW;218 Gran Tourer;1-11-2019;24.989;;108914.0;Automatik;Diesel;7.0;186.0;150.0;0.00022943790513616248;12.39;2292.15;3441.0;False;Auto.de;5.401.779.603.011.630
703;703;Volkswagen;Golf;1-8-2019;19.949;;90590.0;Automatik;Diesel;9.0;128.0;150.0;0.00022021194392317034;15.93;2947.05;2368.0;True;Auto.de;5.653.661.875.427.780
704;704;Toyota;C-HR;1-1-2019;25.989;;54706.0;Automatik;Hybrid (Elektro / Benzin);8.0;85.0;98.0;0.00047506672028662305;14.16;2619.6;1572.5;True;Auto.de;6.234.086.242.299.790
705;705;Suzuki;Ignis;1-12-2019;15.949;;20214.0;Automatik;Benzin;6.0;0.0;90.0;0.00078900761848224;10.620.000.000.000.000;19.647.000.000.000.000;0.0;True;Auto.de;5.319.644.079.397.670
706;706;Ford;Kuga;1-3-2019;19.849;;103970.0;Automatik;Diesel;7.0;186.0;180.0;0.00019091083966528806;12.39;2292.15;3441.0;False;Auto.de;6.072.553.045.859
707;707;Volkswagen;Passat Variant;1-6-2019;21.049;;99603.0;Automatik;Diesel;7.0;186.0;190.0;0.00021132897603485837;12.39;2292.15;3441.0;False;Auto.de;5.820.670.773.442.840
708;708;Ford;Focus;1-2-2019;17.549;;58745.0;Schaltgetriebe;Benzin;8.0;108.0;125.0;0.00029873180696229467;14.16;2619.6;1998.0;True;Auto.de;61.492.128.678.987
709;709;Jaguar;F-Pace;1-12-2019;52.349;;93660.0;Automatik;Benzin;9.0;0.0;551.0;0.0005589259021994448;15.93;2947.05;0.0;True;Auto.de;5.319.644.079.397.670
710;710;Volkswagen;Golf Variant;1-7-2019;23.489;;73855.0;Schaltgetriebe;Diesel;7.0;186.0;116.0;0.0003180421095389615;12.39;2292.15;3441.0;False;Auto.de;5.738.535.249.828.880
711;711;Ford;Focus;1-5-2019;19.149;;120870.0;Schaltgetriebe;Benzin;8.0;185.0;182.0;0.00015842640853809878;14.16;2619.6;3422.5;False;Auto.de;5.905.544.147.843.940
712;712;BMW;520;1-2-2019;26.549;;124800.0;Automatik;Diesel;5.0;131.0;190.0;0.00021273237179487178;8.85;1637.25;2423.5;False;Auto.de;61.492.128.678.987
713;713;Peugeot;3008;1-5-2019;19.149;;56716.0;Schaltgetriebe;Benzin;3.0;120.0;131.0;0.0003376295930601594;53.100.000.000.000.000;9.823.500.000.000.000;2220.0;True;Auto.de;5.905.544.147.843.940
714;714;Mini;ONE;1-1-2019;17.349;;67600.0;Automatik;Benzin;8.0;111.0;102.0;0.0002566420118343195;14.16;2619.6;2053.5;True;Auto.de;6.234.086.242.299.790
715;715;Mercedes-Benz;Vito;1-5-2019;26.449;;132173.0;Automatik;Diesel;7.0;186.0;136.0;0.0002001089481210232;12.39;2292.15;3441.0;False;Auto.de;5.905.544.147.843.940
716;716;Volkswagen;Touareg;1-5-2019;48.349;;47800.0;Automatik;Diesel;1.0;0.0;286.0;0.0010114853556485355;1.77;327.45;0.0;True;Auto.de;5.905.544.147.843.940
717;717;Volkswagen;Tiguan;1-7-2019;25.349;;105100.0;Automatik;Diesel;2.0;0.0;150.0;0.00024118934348239771;3.54;654.9;0.0;True;Auto.de;5.738.535.249.828.880
718;718;Volkswagen;Passat Variant;1-7-2019;20.049;;112823.0;Automatik;Diesel;7.0;186.0;150.0;0.00017770312790831656;12.39;2292.15;3441.0;False;Auto.de;5.738.535.249.828.880
719;719;Toyota;Yaris;1-10-2019;15.549;;38600.0;Schaltgetriebe;Benzin;2.0;118.0;112.0;0.00040282383419689116;3.54;654.9;2183.0;True;Auto.de;5.486.652.977.412.730
720;720;Ford;Galaxy;1-6-2019;23.349;;128914.0;Automatik;Diesel;3.0;140.0;150.0;0.00018112074716477653;53.100.000.000.000.000;9.823.500.000.000.000;2590.0;False;Auto.de;5.820.670.773.442.840
721;721;Volkswagen;Passat Variant;1-2-2019;24.349;;79198.0;Schaltgetriebe;Diesel;5.0;0.0;150.0;0.00030744463244021313;8.85;1637.25;0.0;True;Auto.de;61.492.128.678.987
722;722;Ford;Kuga;1-8-2019;21.449;;71000.0;Schaltgetriebe;Benzin;7.0;158.0;150.0;0.0003020985915492958;12.39;2292.15;2923.0;False;Auto.de;5.653.661.875.427.780
723;723;Land Rover;Range Rover Sport;1-11-2019;58.549;;68500.0;Automatik;Diesel;5.0;198.0;306.0;0.0008547299270072993;8.85;1637.25;3663.0;False;Auto.de;5.401.779.603.011.630
724;724;Ford;Focus;1-9-2019;14.949;;96282.0;Schaltgetriebe;Benzin;8.0;185.0;125.0;0.00015526266591886332;14.16;2619.6;3422.5;False;Auto.de;5.568.788.501.026.690
725;725;Skoda;Scala;1-11-2019;16.449;;32441.0;Schaltgetriebe;Benzin;7.0;0.0;116.0;0.0005070435559939583;12.39;2292.15;0.0;True;Auto.de;5.401.779.603.011.630
726;726;Volkswagen;T6 Multivan;1-8-2019;45.049;;77200.0;Automatik;Benzin;1.0;216.0;204.0;0.0005835362694300518;1.77;327.45;3996.0;False;Auto.de;5.653.661.875.427.780
727;727;Dacia;Logan;1-3-2019;11.549;;45845.0;Schaltgetriebe;Benzin;2.0;117.0;73.0;0.00025191405823972077;3.54;654.9;2164.5;True;Auto.de;6.072.553.045.859
728;728;Skoda;Rapid;1-3-2019;14.949;;85015.0;Automatik;Benzin;7.0;108.0;110.0;0.00017583955772510734;12.39;2292.15;1998.0;True;Auto.de;6.072.553.045.859
729;729;Jaguar;F-Pace;1-9-2019;47.749;;66950.0;Automatik;Diesel;1.0;0.0;301.0;0.0007132038834951457;1.77;327.45;0.0;True;Auto.de;5.568.788.501.026.690
730;730;Ford;EcoSport;1-5-2019;15.449;;78366.0;Schaltgetriebe;Benzin;3.0;0.0;125.0;0.0001971390654110201;53.100.000.000.000.000;9.823.500.000.000.000;0.0;True;Auto.de;5.905.544.147.843.940
731;731;Volkswagen;T-Roc;1-2-2019;28.149;;41974.0;Automatik;Benzin;7.0;152.0;190.0;0.0006706294372706914;12.39;2292.15;2812.0;False;Auto.de;61.492.128.678.987
732;732;Ford;EcoSport;1-1-2019;18.449;;48100.0;Schaltgetriebe;Benzin;8.0;185.0;125.0;0.00038355509355509357;14.16;2619.6;3422.5;False;Auto.de;6.234.086.242.299.790
733;733;Volkswagen;Passat Variant;1-7-2019;21.849;;66098.0;Automatik;Diesel;7.0;186.0;120.0;0.0003305546310024509;12.39;2292.15;3441.0;False;Auto.de;5.738.535.249.828.880
734;734;Ford;Fiesta;1-12-2019;18.549;;20200.0;Automatik;Benzin;5.0;122.0;101.0;0.0009182673267326732;8.85;1637.25;2257.0;True;Auto.de;5.319.644.079.397.670
735;735;Land Rover;Range Rover Sport;1-3-2019;56.749;;99999.0;Automatik;Diesel;7.0;231.0;340.0;0.0005674956749567496;12.39;2292.15;4273.5;False;Auto.de;6.072.553.045.859
736;736;Volkswagen;Golf;1-4-2019;21.749;;23569.0;Schaltgetriebe;Benzin;8.0;185.0;150.0;0.0009227799227799228;14.16;2619.6;3422.5;False;Auto.de;5.987.679.671.457.900
737;737;Land Rover;Range Rover Velar;1-6-2019;42.249;;102750.0;Automatik;Diesel;8.0;0.0;301.0;0.00041118248175182486;14.16;2619.6;0.0;True;Auto.de;5.820.670.773.442.840
738;738;Audi;Q3;1-8-2019;29.049;;87696.0;Automatik;Benzin;3.0;149.0;150.0;0.00033124657909140666;53.100.000.000.000.000;9.823.500.000.000.000;2756.5;False;Auto.de;5.653.661.875.427.780
739;739;Renault;Scenic;1-4-2019;16.649;;74750.0;Schaltgetriebe;Benzin;8.0;185.0;140.0;0.00022272909698996656;14.16;2619.6;3422.5;False;Auto.de;5.987.679.671.457.900
740;740;Land Rover;Discovery Sport;1-12-2019;35.249;;62600.0;Automatik;Diesel;6.0;147.0;180.0;0.0005630830670926518;10.620.000.000.000.000;19.647.000.000.000.000;2719.5;False;Auto.de;5.319.644.079.397.670
741;741;Land Rover;Range Rover Velar;1-7-2019;45.249;;61970.0;Automatik;Benzin;8.0;178.0;301.0;0.0007301758915604325;14.16;2619.6;3293.0;False;Auto.de;5.738.535.249.828.880
742;742;Peugeot;2008;1-4-2019;15.949;;66788.0;Schaltgetriebe;Benzin;8.0;110.0;131.0;0.00023880038330238964;14.16;2619.6;2035.0;True;Auto.de;5.987.679.671.457.900
743;743;Peugeot;3008;1-11-2019;28.149;;51900.0;Automatik;Diesel;7.0;129.0;180.0;0.0005423699421965319;12.39;2292.15;2386.5;True;Auto.de;5.401.779.603.011.630
744;744;Ford;Focus;1-11-2019;23.849;;35400.0;Schaltgetriebe;Benzin;8.0;185.0;150.0;0.0006737005649717514;14.16;2619.6;3422.5;False;Auto.de;5.401.779.603.011.630
745;745;Citroen;C4 Cactus;1-9-2019;16.049;;44000.0;Automatik;Benzin;8.0;110.0;131.0;0.00036475;14.16;2619.6;2035.0;True;Auto.de;5.568.788.501.026.690
746;746;Land Rover;Discovery Sport;1-5-2019;25.749;;73818.0;Automatik;Benzin;9.0;0.0;241.0;0.00034881736161911726;15.93;2947.05;0.0;True;Auto.de;5.905.544.147.843.940
747;747;Land Rover;Range Rover Velar;1-11-2019;64.349;;55000.0;Automatik;Benzin;3.0;0.0;551.0;0.0011699818181818181;53.100.000.000.000.000;9.823.500.000.000.000;0.0;True;Auto.de;5.401.779.603.011.630
748;748;Audi;A5;1-5-2019;29.749;;78900.0;Automatik;Benzin;6.0;0.0;190.0;0.00037704689480354877;10.620.000.000.000.000;19.647.000.000.000.000;0.0;True;Auto.de;5.905.544.147.843.940
749;749;Ford;Kuga;1-12-2019;19.449;;61200.0;Schaltgetriebe;Benzin;8.0;177.0;150.0;0.00031779411764705886;14.16;2619.6;3274.5;False;Auto.de;5.319.644.079.397.670
750;750;Land Rover;Range Rover Evoque;1-10-2019;41.249;;59190.0;Automatik;Benzin;8.0;0.0;249.0;0.00069689136678493;14.16;2619.6;0.0;True;Auto.de;5.486.652.977.412.730
751;751;Land Rover;Range Rover Velar;1-10-2019;45.449;;75859.0;Automatik;Diesel;8.0;0.0;275.0;0.0005991246918625344;14.16;2619.6;0.0;True;Auto.de;5.486.652.977.412.730
752;752;Audi;Q2;1-12-2019;23.249;;64797.0;Automatik;Benzin;8.0;119.0;150.0;0.0003587974751917527;14.16;2619.6;2201.5;True;Auto.de;5.319.644.079.397.670
753;753;Ford;C-Max;1-1-2019;16.049;;126555.0;Automatik;Benzin;6.0;174.0;150.0;0.00012681442850934375;10.620.000.000.000.000;19.647.000.000.000.000;3219.0;False;Auto.de;6.234.086.242.299.790
754;754;Iveco;Daily;1-4-2019;41.249;;112000.0;Automatik;Diesel;7.0;186.0;136.0;0.00036829464285714287;12.39;2292.15;3441.0;False;Auto.de;5.987.679.671.457.900
755;755;Audi;A4;1-4-2019;20.449;;149000.0;Automatik;Diesel;6.0;121.0;150.0;0.00013724161073825505;10.620.000.000.000.000;19.647.000.000.000.000;2238.5;True;Auto.de;5.987.679.671.457.900
756;756;Ford;Focus;1-10-2019;21.149;;39181.0;Automatik;Benzin;9.0;133.0;150.0;0.0005397769326969705;15.93;2947.05;2460.5;False;Auto.de;5.486.652.977.412.730
757;757;Jaguar;E-Pace;1-11-2019;29.649;;81230.0;Automatik;Diesel;6.0;199.0;150.0;0.000365000615536132;10.620.000.000.000.000;19.647.000.000.000.000;3681.5;False;Auto.de;5.401.779.603.011.630
758;758;Peugeot;3008;1-9-2019;20.749;;47685.0;Schaltgetriebe;Benzin;2.0;118.0;131.0;0.0004351263500052427;3.54;654.9;2183.0;True;Auto.de;5.568.788.501.026.690
759;759;Volkswagen;up!;1-12-2019;12.049;;35310.0;Schaltgetriebe;Benzin;8.0;185.0;60.0;0.0003412347776833758;14.16;2619.6;3422.5;False;Auto.de;5.319.644.079.397.670
760;760;Ford;Transit Custom;1-6-2019;33.949;;73190.0;Schaltgetriebe;Diesel;7.0;186.0;131.0;0.00046384752015302637;12.39;2292.15;3441.0;False;Auto.de;5.820.670.773.442.840
761;761;Mazda;CX-5;1-5-2019;23.549;;58904.0;Schaltgetriebe;Benzin;4.0;146.0;165.0;0.0003997860926252886;7.08;1309.8;2701.0;False;Auto.de;5.905.544.147.843.940
762;762;Land Rover;Range Rover Velar;1-11-2019;43.649;;81400.0;Automatik;Diesel;5.0;171.0;241.0;0.0005362285012285012;8.85;1637.25;3163.5;False;Auto.de;5.401.779.603.011.630
763;763;Nissan;NV300;1-12-2019;27.549;;45806.0;Schaltgetriebe;Diesel;7.0;186.0;146.0;0.0006014277605553858;12.39;2292.15;3441.0;False;Auto.de;5.319.644.079.397.670
764;764;Seat;Ibiza;1-12-2019;16.949;;25384.0;Schaltgetriebe;Benzin;7.0;106.0;95.0;0.0006677040655531044;12.39;2292.15;1961.0;True;Auto.de;5.319.644.079.397.670
765;765;Volkswagen;Passat Variant;1-7-2019;19.549;;116784.0;Schaltgetriebe;Benzin;5.0;124.0;150.0;0.00016739450609672558;8.85;1637.25;2294.0;True;Auto.de;5.738.535.249.828.880
766;766;Mazda;CX-3;1-10-2019;21.949;;51146.0;Automatik;Benzin;8.0;185.0;150.0;0.0004291440190826262;14.16;2619.6;3422.5;False;Auto.de;5.486.652.977.412.730
767;767;Jaguar;F-Pace;1-3-2019;33.349;;56485.0;Automatik;Diesel;3.0;166.0;241.0;0.000590404532176684;53.100.000.000.000.000;9.823.500.000.000.000;3071.0;False;Auto.de;6.072.553.045.859
768;768;Hyundai;Kona;1-10-2019;27.549;;22900.0;Automatik;Benzin;3.0;144.0;177.0;0.0012030131004366813;53.100.000.000.000.000;9.823.500.000.000.000;2664.0;False;Auto.de;5.486.652.977.412.730
769;769;Ford;C-Max;1-7-2019;18.049;;35895.0;Schaltgetriebe;Benzin;7.0;129.0;125.0;0.0005028276918790917;12.39;2292.15;2386.5;True;Auto.de;5.738.535.249.828.880
770;770;Mercedes-Benz;Vito;1-5-2019;42.449;;62087.0;Automatik;Diesel;9.0;0.0;163.0;0.0006837019021695362;15.93;2947.05;0.0;True;Auto.de;5.905.544.147.843.940
771;771;Ford;Focus;1-12-2019;18.949;;52075.0;Schaltgetriebe;Benzin;5.0;114.0;150.0;0.00036387902064330293;8.85;1637.25;2109.0;True;Auto.de;5.319.644.079.397.670
772;772;Mazda;CX-5;1-11-2019;23.549;;62993.0;Schaltgetriebe;Diesel;5.0;130.0;150.0;0.000373835188036766;8.85;1637.25;2405.0;True;Auto.de;5.401.779.603.011.630
773;773;Mercedes-Benz;E 300;1-8-2019;35.049;;67700.0;Automatik;Diesel;2.0;139.0;245.0;0.0005177104874446086;3.54;654.9;2571.5;False;Auto.de;5.653.661.875.427.780
774;774;BMW;520;1-2-2019;27.549;;124800.0;Automatik;Diesel;5.0;131.0;190.0;0.00022074519230769231;8.85;1637.25;2423.5;False;Auto.de;61.492.128.678.987
775;775;Volvo;XC90;1-11-2019;47.649;;74700.0;Automatik;Hybrid (Elektro / Benzin);4.0;32.0;392.0;0.0006378714859437752;7.08;1309.8;592.0;True;Auto.de;5.401.779.603.011.630
776;776;Ford;EcoSport;1-4-2019;16.849;;75245.0;Automatik;Benzin;2.0;140.0;125.0;0.00022392185527277562;3.54;654.9;2590.0;False;Auto.de;5.987.679.671.457.900
777;777;Seat;Arona;1-10-2019;18.649;;31750.0;Schaltgetriebe;Benzin;8.0;113.0;116.0;0.0005873700787401576;14.16;2619.6;2090.5;True;Auto.de;5.486.652.977.412.730
778;778;Volkswagen;Sharan;1-6-2019;27.249;;93764.0;Schaltgetriebe;Benzin;8.0;185.0;150.0;0.00029061260185145684;14.16;2619.6;3422.5;False;Auto.de;5.820.670.773.442.840
779;779;Seat;Alhambra;1-12-2019;29.649;;99458.0;Automatik;Diesel;2.0;137.0;150.0;0.00029810573307325705;3.54;654.9;2534.5;False;Auto.de;5.319.644.079.397.670
780;780;Mercedes-Benz;Vito;1-9-2019;42.449;;99850.0;Automatik;Diesel;2.0;163.0;190.0;0.00042512769153730596;3.54;654.9;3015.5;False;Auto.de;5.568.788.501.026.690
781;781;Seat;Ateca;1-9-2019;21.149;;95861.0;Automatik;Benzin;8.0;185.0;150.0;0.00022062152491628505;14.16;2619.6;3422.5;False;Auto.de;5.568.788.501.026.690
782;782;Volkswagen;Passat Variant;1-5-2019;20.066;;112792.0;Automatik;Diesel;3.0;113.0;150.0;0.0001779026881339102;53.100.000.000.000.000;9.823.500.000.000.000;2090.5;True;Auto.de;5.905.544.147.843.940
783;783;Skoda;Karoq;1-10-2019;20.049;;112930.0;Schaltgetriebe;Diesel;7.0;120.0;116.0;0.0001775347560435668;12.39;2292.15;2220.0;True;Auto.de;5.486.652.977.412.730
784;784;Land Rover;Range Rover Sport;1-8-2019;66.549;;59850.0;Automatik;Hybrid (Elektro / Benzin);4.0;32.0;404.0;0.0011119298245614035;7.08;1309.8;592.0;True;Auto.de;5.653.661.875.427.780
785;785;Land Rover;Range Rover Evoque;1-5-2019;35.749;;73750.0;Automatik;Diesel;7.0;153.0;241.0;0.00048473220338983056;12.39;2292.15;2830.5;False;Auto.de;5.905.544.147.843.940
786;786;Jaguar;XJ;1-8-2019;43.449;;74900.0;Automatik;Diesel;7.0;0.0;301.0;0.0005800934579439252;12.39;2292.15;0.0;True;Auto.de;5.653.661.875.427.780
787;787;Jaguar;XF;1-2-2019;31.749;;62160.0;Automatik;Benzin;3.0;0.0;250.0;0.0005107625482625482;53.100.000.000.000.000;9.823.500.000.000.000;0.0;True;Auto.de;61.492.128.678.987
788;788;Audi;Q3;1-8-2019;28.449;;87696.0;Automatik;Benzin;3.0;149.0;150.0;0.0003244047619047619;53.100.000.000.000.000;9.823.500.000.000.000;2756.5;False;Auto.de;5.653.661.875.427.780
789;789;BMW;M5;1-7-2019;72.849;;44050.0;Automatik;Benzin;9.0;0.0;626.0;0.0016537797956867198;15.93;2947.05;0.0;True;Auto.de;5.738.535.249.828.880
790;790;Volkswagen;Golf Variant;1-1-2019;15.349;;99894.0;Schaltgetriebe;Diesel;2.0;109.0;116.0;0.00015365287204436703;3.54;654.9;2016.5;True;Auto.de;6.234.086.242.299.790
791;791;BMW;320;1-12-2019;36.049;;71000.0;Automatik;Diesel;4.0;0.0;190.0;0.0005077323943661971;7.08;1309.8;0.0;True;Auto.de;5.319.644.079.397.670
792;792;Ford;Transit;1-8-2019;24.249;;69418.0;Schaltgetriebe;Diesel;7.0;186.0;131.0;0.00034931862053069805;12.39;2292.15;3441.0;False;Auto.de;5.653.661.875.427.780
793;793;Volkswagen;T-Roc;1-4-2019;20.149;;40216.0;Schaltgetriebe;Benzin;8.0;116.0;116.0;0.0005010194947284663;14.16;2619.6;2146.0;True;Auto.de;5.987.679.671.457.900
794;794;Ford;Tourneo Custom;1-11-2018;35.489;;109000.0;Schaltgetriebe;Diesel;7.0;167.0;170.0;0.0003255871559633027;12.39;2292.15;3089.5;False;Auto.de;6.401.095.140.314.850
795;795;Renault;Clio;1-9-2018;11.948;;50490.0;Schaltgetriebe;Benzin;0.0;137.0;90.0;0.0002366409189938602;0.0;0.0;2534.5;False;Auto.de;6.568.104.038.329.910
796;796;Skoda;Kodiaq;1-7-2018;20.648;;99740.0;Automatik;Benzin;8.0;137.0;125.0;0.0002070182474433527;14.16;2619.6;2534.5;False;Auto.de;6.737.850.787.132.100
797;797;Renault;Clio;1-7-2018;12.048;;45318.0;Schaltgetriebe;Benzin;6.0;127.0;73.0;0.00026585462730041045;10.620.000.000.000.000;19.647.000.000.000.000;2349.5;True;Auto.de;6.737.850.787.132.100
798;798;Renault;Megane;1-3-2018;15.048;;47770.0;Schaltgetriebe;Benzin;4.0;120.0;101.0;0.00031500942013816205;7.08;1309.8;2220.0;True;Auto.de;70.718.685.831.622.100
799;799;Hyundai;i20;1-5-2018;11.048;;98390.0;Schaltgetriebe;Benzin;8.0;185.0;84.0;0.0001122878341294847;14.16;2619.6;3422.5;False;Auto.de;69.048.596.851.471.500
800;800;Mazda;CX-3;1-2-2018;15.948;;105000.0;Schaltgetriebe;Benzin;9.0;137.0;120.0;0.0001518857142857143;15.93;2947.05;2534.5;False;Auto.de;7.148.528.405.201.910
801;801;Dacia;Duster;1-1-2018;16.948;;66590.0;Schaltgetriebe;Benzin;8.0;185.0;125.0;0.000254512689593032;14.16;2619.6;3422.5;False;Auto.de;7.233.401.779.603.010
802;802;Jeep;Renegade;1-1-2018;15.948;;95916.0;Schaltgetriebe;Benzin;6.0;185.0;140.0;0.00016627048667584136;10.620.000.000.000.000;19.647.000.000.000.000;3422.5;False;Auto.de;7.233.401.779.603.010
803;803;Renault;Captur;1-12-2018;15.548;;73790.0;Schaltgetriebe;Benzin;8.0;123.0;90.0;0.0002107060577313999;14.16;2619.6;2275.5;True;Auto.de;631.895.961.670.089
804;804;Renault;Trafic;1-5-2018;23.648;;61580.0;Schaltgetriebe;Diesel;7.0;186.0;125.0;0.0003840207859694706;12.39;2292.15;3441.0;False;Auto.de;69.048.596.851.471.500
805;805;Renault;Captur;1-7-2018;18.548;;27760.0;Automatik;Benzin;3.0;118.0;150.0;0.0006681556195965417;53.100.000.000.000.000;9.823.500.000.000.000;2183.0;True;Auto.de;6.737.850.787.132.100
806;806;Mercedes-Benz;Citan;1-8-2018;22.248;;33817.0;Schaltgetriebe;Benzin;1.0;145.0;114.0;0.0006578939586598456;1.77;327.45;2682.5;False;Auto.de;6.652.977.412.731.000
807;807;Toyota;Avensis;1-3-2018;18.848;;71342.0;Schaltgetriebe;Benzin;5.0;148.0;147.0;0.00026419220094754843;8.85;1637.25;2738.0;False;Auto.de;70.718.685.831.622.100
808;808;Hyundai;i30;1-8-2018;16.448;;60525.0;Schaltgetriebe;Benzin;8.0;185.0;120.0;0.000271755472945064;14.16;2619.6;3422.5;False;Auto.de;6.652.977.412.731.000
809;809;Renault;Twingo;1-10-2018;11.548;;32490.0;Schaltgetriebe;Benzin;8.0;185.0;71.0;0.0003554324407510003;14.16;2619.6;3422.5;False;Auto.de;6.485.968.514.715.940
810;810;Opel;Insignia;1-10-2018;21.389;;48845.0;Schaltgetriebe;Diesel;9.0;154.0;136.0;0.0004378953833555123;15.93;2947.05;2849.0;False;Auto.de;6.485.968.514.715.940
811;811;Volkswagen;Golf Sportsvan;1-5-2018;19.048;;55260.0;Automatik;Benzin;2.0;121.0;125.0;0.0003446977922547955;3.54;654.9;2238.5;True;Auto.de;69.048.596.851.471.500
812;812;Ford;C-Max;1-11-2018;18.789;;66153.0;Schaltgetriebe;Benzin;8.0;139.0;150.0;0.0002840234002993062;14.16;2619.6;2571.5;False;Auto.de;6.401.095.140.314.850
813;813;Opel;Astra;1-11-2018;13.289;;89987.0;Schaltgetriebe;Diesel;1.0;132.0;110.0;0.00014767688666140664;1.77;327.45;2442.0;False;Auto.de;6.401.095.140.314.850
814;814;Opel;Mokka;1-5-2018;16.289;;59987.0;Schaltgetriebe;Diesel;7.0;186.0;136.0;0.00027154216746961846;12.39;2292.15;3441.0;False;Auto.de;69.048.596.851.471.500
815;815;Renault;Grand Scenic;1-8-2018;17.048;;69150.0;Schaltgetriebe;Benzin;8.0;185.0;132.0;0.00024653651482284885;14.16;2619.6;3422.5;False;Auto.de;6.652.977.412.731.000
816;816;Dacia;Sandero;1-6-2018;10.948;;64525.0;Schaltgetriebe;Autogas;;120.0;90.0;0.00016967067028283612;;;2220.0;True;Auto.de;68.199.863.107.460.600
817;817;Fiat;500;1-11-2018;14.689;;50878.0;Schaltgetriebe;Benzin;6.0;149.0;69.0;0.0002887102480443414;10.620.000.000.000.000;19.647.000.000.000.000;2756.5;False;Auto.de;6.401.095.140.314.850
818;818;Skoda;Fabia;1-6-2018;16.948;;21619.0;Automatik;Benzin;5.0;104.0;110.0;0.0007839400527313937;8.85;1637.25;1924.0;True;Auto.de;68.199.863.107.460.600
819;819;Hyundai;i30;1-6-2018;17.458;;89990.0;Schaltgetriebe;Benzin;4.0;0.0;140.0;0.00019399933325925102;7.08;1309.8;0.0;True;Auto.de;68.199.863.107.460.600
820;820;Ford;EcoSport;1-3-2018;18.089;;30861.0;Schaltgetriebe;Benzin;8.0;185.0;140.0;0.0005861443245520235;14.16;2619.6;3422.5;False;Auto.de;70.718.685.831.622.100
821;821;Ford;SONSTIGE;1-3-2018;31.489;;60100.0;Automatik;Diesel;7.0;186.0;131.0;0.0005239434276206323;12.39;2292.15;3441.0;False;Auto.de;70.718.685.831.622.100
822;822;Skoda;Octavia;1-9-2018;20.049;;88235.0;Automatik;Benzin;1.0;0.0;150.0;0.00022722275740919137;1.77;327.45;0.0;True;Auto.de;6.568.104.038.329.910
823;823;Volkswagen;Polo;1-12-2018;20.089;;43663.0;Schaltgetriebe;Diesel;7.0;186.0;95.0;0.00046009206879967017;12.39;2292.15;3441.0;False;Auto.de;631.895.961.670.089
824;824;BMW;220 Active Tourer;1-5-2018;20.189;;81155.0;Automatik;Benzin;8.0;185.0;192.0;0.0002487708705563428;14.16;2619.6;3422.5;False;Auto.de;69.048.596.851.471.500
825;825;Abarth;595C;1-7-2018;21.089;;37402.0;Automatik;Benzin;8.0;185.0;160.0;0.0005638468531094594;14.16;2619.6;3422.5;False;Auto.de;6.737.850.787.132.100
826;826;Audi;S5;1-6-2018;51.489;;40632.0;Automatik;Benzin;8.0;185.0;354.0;0.0012672031896042528;14.16;2619.6;3422.5;False;Auto.de;68.199.863.107.460.600
827;827;Renault;Grand Scenic;1-6-2018;22.248;;68650.0;Schaltgetriebe;Benzin;8.0;185.0;163.0;0.00032407865986890024;14.16;2619.6;3422.5;False;Auto.de;68.199.863.107.460.600
828;828;Opel;Astra;1-7-2018;16.689;;34195.0;Schaltgetriebe;Diesel;7.0;186.0;110.0;0.00048805380903640884;12.39;2292.15;3441.0;False;Auto.de;6.737.850.787.132.100
829;829;Skoda;Octavia;1-8-2018;20.849;;88235.0;Automatik;Benzin;1.0;137.0;150.0;0.00023628945429818098;1.77;327.45;2534.5;False;Auto.de;6.652.977.412.731.000
830;830;Ford;Edge;1-6-2018;22.989;;76550.0;Schaltgetriebe;Diesel;7.0;186.0;180.0;0.0003003135205747877;12.39;2292.15;3441.0;False;Auto.de;68.199.863.107.460.600
831;831;Ford;Kuga;1-8-2018;23.989;;67779.0;Automatik;Benzin;8.0;185.0;242.0;0.00035392968323522036;14.16;2619.6;3422.5;False;Auto.de;6.652.977.412.731.000
832;832;Renault;Grand Scenic;1-8-2018;19.648;;74640.0;Schaltgetriebe;Benzin;8.0;185.0;140.0;0.0002632368703108253;14.16;2619.6;3422.5;False;Auto.de;6.652.977.412.731.000
833;833;Volkswagen;Polo;1-6-2018;14.489;;83446.0;Schaltgetriebe;Benzin;8.0;185.0;95.0;0.00017363324784890828;14.16;2619.6;3422.5;False;Auto.de;68.199.863.107.460.600
834;834;Renault;ZOE;1-12-2018;9.448;;61100.0;Automatik;Elektro;;0.0;109.0;0.00015463175122749592;;;0.0;True;Auto.de;631.895.961.670.089
835;835;Ford;Edge;1-12-2018;33.389;;79800.0;Automatik;Diesel;7.0;186.0;238.0;0.0004184085213032582;12.39;2292.15;3441.0;False;Auto.de;631.895.961.670.089
836;836;Mercedes-Benz;SONSTIGE;1-2-2018;36.049;;125278.0;Schaltgetriebe;Diesel;7.0;186.0;156.0;0.00028775203946423153;12.39;2292.15;3441.0;False;Auto.de;7.148.528.405.201.910
837;837;Renault;Kadjar;1-11-2018;15.948;;18093.0;Schaltgetriebe;Benzin;8.0;185.0;140.0;0.0008814458630409551;14.16;2619.6;3422.5;False;Auto.de;6.401.095.140.314.850
838;838;Volkswagen;T6 Multivan;1-12-2018;49.589;;69545.0;Automatik;Diesel;7.0;186.0;199.0;0.0007130491048961105;12.39;2292.15;3441.0;False;Auto.de;631.895.961.670.089
839;839;Ford;Transit Custom;1-10-2018;23.089;;76962.0;Schaltgetriebe;Diesel;7.0;186.0;131.0;0.0003000051973701307;12.39;2292.15;3441.0;False;Auto.de;6.485.968.514.715.940
840;840;Citroen;C3 Aircross;1-7-2018;13.048;;53387.0;Schaltgetriebe;Benzin;2.0;117.0;131.0;0.0002444040684061663;3.54;654.9;2164.5;True;Auto.de;6.737.850.787.132.100
841;841;Dacia;Duster;1-7-2018;13.448;;41206.0;Schaltgetriebe;Benzin;8.0;185.0;114.0;0.0003263602388001747;14.16;2619.6;3422.5;False;Auto.de;6.737.850.787.132.100
842;842;Ford;Fiesta;1-5-2018;10.089;;94549.0;Schaltgetriebe;Benzin;8.0;185.0;71.0;0.00010670657542649843;14.16;2619.6;3422.5;False;Auto.de;69.048.596.851.471.500
843;843;Fiat;500X;1-5-2018;20.989;;19878.0;Automatik;Benzin;7.0;157.0;170.0;0.0010558909347016803;12.39;2292.15;2904.5;False;Auto.de;69.048.596.851.471.500
844;844;Volkswagen;SONSTIGE;1-10-2018;19.489;;62434.0;Automatik;Diesel;7.0;186.0;102.0;0.0003121536342377551;12.39;2292.15;3441.0;False;Auto.de;6.485.968.514.715.940
845;845;Volkswagen;Touran;1-10-2018;22.189;;69990.0;Schaltgetriebe;Diesel;7.0;186.0;116.0;0.0003170310044292042;12.39;2292.15;3441.0;False;Auto.de;6.485.968.514.715.940
846;846;Volkswagen;Touran;1-10-2018;23.489;;69990.0;Schaltgetriebe;Diesel;7.0;186.0;116.0;0.0003356050864409201;12.39;2292.15;3441.0;False;Auto.de;6.485.968.514.715.940
847;847;Volkswagen;Sharan;1-6-2018;25.089;;78251.0;Automatik;Benzin;8.0;185.0;150.0;0.0003206221006760297;14.16;2619.6;3422.5;False;Auto.de;68.199.863.107.460.600
848;848;Volkswagen;Golf Sportsvan;1-9-2018;20.589;;34446.0;Automatik;Benzin;8.0;185.0;110.0;0.000597718167566626;14.16;2619.6;3422.5;False;Auto.de;6.568.104.038.329.910
849;849;Volkswagen;Touran;1-7-2018;28.289;;44784.0;Automatik;Benzin;8.0;185.0;150.0;0.0006316764916041444;14.16;2619.6;3422.5;False;Auto.de;6.737.850.787.132.100
850;850;Volkswagen;Touran;1-5-2018;26.089;;82000.0;Schaltgetriebe;Benzin;8.0;185.0;150.0;0.00031815853658536585;14.16;2619.6;3422.5;False;Auto.de;69.048.596.851.471.500
851;851;Fiat;500;1-11-2018;12.689;;35400.0;Schaltgetriebe;Benzin;2.0;142.0;69.0;0.0003584463276836158;3.54;654.9;2627.0;False;Auto.de;6.401.095.140.314.850
852;852;Mercedes-Benz;GLA 180;1-7-2018;24.349;;51761.0;Automatik;Benzin;8.0;185.0;122.0;0.00047041208631981606;14.16;2619.6;3422.5;False;Auto.de;6.737.850.787.132.100
853;853;Citroen;C4 Cactus;1-12-2018;14.349;;106850.0;Automatik;Benzin;8.0;185.0;110.0;0.00013429106223678054;14.16;2619.6;3422.5;False;Auto.de;631.895.961.670.089
854;854;Mercedes-Benz;Sprinter;1-5-2018;37.589;;59340.0;Schaltgetriebe;Diesel;7.0;186.0;163.0;0.0006334512976070105;12.39;2292.15;3441.0;False;Auto.de;69.048.596.851.471.500
855;855;Renault;Scenic;1-7-2018;15.449;;65000.0;Schaltgetriebe;Benzin;8.0;185.0;140.0;0.00023767692307692306;14.16;2619.6;3422.5;False;Auto.de;6.737.850.787.132.100
856;856;Renault;Master;1-9-2018;26.449;;123700.0;Schaltgetriebe;Diesel;0.0;0.0;125.0;0.00021381568310428458;0.0;0.0;0.0;True;Auto.de;6.568.104.038.329.910
857;857;Dacia;Duster;1-9-2018;19.849;;27797.0;Automatik;Diesel;7.0;186.0;109.0;0.0007140698636543512;12.39;2292.15;3441.0;False;Auto.de;6.568.104.038.329.910
858;858;Hyundai;Tucson;1-5-2018;16.049;;84250.0;Schaltgetriebe;Benzin;8.0;185.0;132.0;0.00019049258160237388;14.16;2619.6;3422.5;False;Auto.de;69.048.596.851.471.500
859;859;Seat;Leon;1-3-2018;21.889;;62500.0;Schaltgetriebe;Benzin;8.0;185.0;150.0;0.000350224;14.16;2619.6;3422.5;False;Auto.de;70.718.685.831.622.100
860;860;Alpine;SONSTIGE;1-12-2018;55.149;;20400.0;Automatik;Benzin;8.0;185.0;252.0;0.0027033823529411766;14.16;2619.6;3422.5;False;Auto.de;631.895.961.670.089
861;861;Mazda;CX-3;1-3-2018;19.149;;86800.0;Automatik;Benzin;8.0;185.0;150.0;0.00022061059907834102;14.16;2619.6;3422.5;False;Auto.de;70.718.685.831.622.100
862;862;Mini;Cooper Countryman;1-3-2018;25.349;;117336.0;Automatik;Benzin;8.0;185.0;231.0;0.00021603770368855253;14.16;2619.6;3422.5;False;Auto.de;70.718.685.831.622.100
863;863;Mini;John Cooper Works Countryman;1-3-2018;25.349;;117336.0;Automatik;Benzin;8.0;185.0;231.0;0.00021603770368855253;14.16;2619.6;3422.5;False;Auto.de;70.718.685.831.622.100
864;864;BMW;X5 M;1-3-2018;42.349;;124800.0;Automatik;Benzin;8.0;185.0;575.0;0.0003393349358974359;14.16;2619.6;3422.5;False;Auto.de;70.718.685.831.622.100
865;865;Audi;RS6;1-2-2018;62.949;;140375.0;Automatik;Benzin;8.0;185.0;605.0;0.00044843455031166516;14.16;2619.6;3422.5;False;Auto.de;7.148.528.405.201.910
866;866;Porsche;Cayenne;1-4-2018;72.749;;83150.0;Automatik;Benzin;8.0;185.0;549.0;0.0008749128081779915;14.16;2619.6;3422.5;False;Auto.de;69.869.952.087.611.200
867;867;Mercedes-Benz;SONSTIGE;1-10-2018;126.049;;6304.0;Automatik;Diesel;0.0;0.0;177.0;0.019995082487309645;0.0;0.0;0.0;True;Auto.de;6.485.968.514.715.940
868;868;Renault;Master;1-6-2018;40.249;;87000.0;Schaltgetriebe;Diesel;0.0;0.0;131.0;0.000462632183908046;0.0;0.0;0.0;True;Auto.de;68.199.863.107.460.600
869;869;Jeep;Compass;1-9-2018;25.349;;61650.0;Automatik;Benzin;9.0;160.0;170.0;0.00041117599351175996;15.93;2947.05;2960.0;False;Auto.de;6.568.104.038.329.910
870;870;Jeep;Compass;1-2-2018;23.249;;53000.0;Automatik;Benzin;8.0;185.0;170.0;0.00043866037735849054;14.16;2619.6;3422.5;False;Auto.de;7.148.528.405.201.910
871;871;Jeep;Compass;1-5-2018;23.249;;62700.0;Automatik;Benzin;8.0;185.0;170.0;0.0003707974481658692;14.16;2619.6;3422.5;False;Auto.de;69.048.596.851.471.500
872;872;Jeep;Compass;1-11-2018;23.249;;87800.0;Automatik;Benzin;8.0;185.0;170.0;0.00026479498861047837;14.16;2619.6;3422.5;False;Auto.de;6.401.095.140.314.850
873;873;Jeep;Compass;1-4-2018;21.094;;68300.0;Schaltgetriebe;Benzin;8.0;185.0;140.0;0.0003088433382137628;14.16;2619.6;3422.5;False;Auto.de;69.869.952.087.611.200
874;874;Mazda;MX-5;1-4-2018;20.989;;55576.0;Schaltgetriebe;Benzin;8.0;185.0;131.0;0.0003776630200086368;14.16;2619.6;3422.5;False;Auto.de;69.869.952.087.611.200
875;875;Kia;cee'd Sportswagon;1-9-2018;19.049;;41600.0;Automatik;Benzin;6.0;127.0;140.0;0.00045790865384615385;10.620.000.000.000.000;19.647.000.000.000.000;2349.5;True;Auto.de;6.568.104.038.329.910
876;876;BMW;X3;1-12-2018;36.489;;86700.0;Automatik;Diesel;7.0;186.0;265.0;0.00042086505190311416;12.39;2292.15;3441.0;False;Auto.de;631.895.961.670.089
877;877;Opel;Combo;1-3-2018;14.089;;54290.0;Schaltgetriebe;Diesel;7.0;186.0;105.0;0.00025951372260084733;12.39;2292.15;3441.0;False;Auto.de;70.718.685.831.622.100
878;878;Fiat;Ducato;1-11-2018;36.489;;14475.0;Schaltgetriebe;Diesel;7.0;186.0;148.0;0.0025208290155440414;12.39;2292.15;3441.0;False;Auto.de;6.401.095.140.314.850
879;879;Ford;Transit Custom;1-9-2018;23.249;;69913.0;Schaltgetriebe;Diesel;4.0;186.0;131.0;0.0003325418734713143;7.08;1309.8;3441.0;False;Auto.de;6.568.104.038.329.910
880;880;Renault;Koleos;1-1-2018;22.249;;95032.0;Automatik;Diesel;7.0;186.0;177.0;0.00023412113814294132;12.39;2292.15;3441.0;False;Auto.de;7.233.401.779.603.010
881;881;Ford;EcoSport;1-7-2018;14.349;;105000.0;Schaltgetriebe;Benzin;8.0;119.0;140.0;0.00013665714285714285;14.16;2619.6;2201.5;True;Auto.de;6.737.850.787.132.100
882;882;Ssangyong;Tivoli;1-7-2018;13.249;;31900.0;Schaltgetriebe;Benzin;2.0;0.0;128.0;0.0004153291536050157;3.54;654.9;0.0;True;Auto.de;6.737.850.787.132.100
883;883;BMW;X1;1-10-2018;25.589;;142296.0;Automatik;Benzin;8.0;185.0;192.0;0.00017982936976443468;14.16;2619.6;3422.5;False;Auto.de;6.485.968.514.715.940
884;884;Ford;Transit;1-5-2018;44.889;;11653.0;Schaltgetriebe;Diesel;7.0;186.0;131.0;0.0038521410795503306;12.39;2292.15;3441.0;False;Auto.de;69.048.596.851.471.500
885;885;Ford;EcoSport;1-11-2018;23.489;;36923.0;Schaltgetriebe;Benzin;8.0;185.0;125.0;0.0006361617420036292;14.16;2619.6;3422.5;False;Auto.de;6.401.095.140.314.850
886;886;Skoda;Fabia;1-3-2018;13.649;;66550.0;Schaltgetriebe;Benzin;3.0;99.0;95.0;0.00020509391435011268;53.100.000.000.000.000;9.823.500.000.000.000;1831.5;True;Auto.de;70.718.685.831.622.100
887;887;Mercedes-Benz;E 400;1-10-2018;35.349;;145000.0;Automatik;Diesel;8.0;152.0;340.0;0.0002437862068965517;14.16;2619.6;2812.0;False;Auto.de;6.485.968.514.715.940
888;888;Ford;S-Max;1-12-2018;23.849;;92854.0;Automatik;Diesel;6.0;0.0;190.0;0.0002568440777995563;10.620.000.000.000.000;19.647.000.000.000.000;0.0;True;Auto.de;631.895.961.670.089
889;889;Hyundai;i40;1-1-2018;15.049;;108070.0;Schaltgetriebe;Benzin;1.0;145.0;135.0;0.00013925233644859812;1.77;327.45;2682.5;False;Auto.de;7.233.401.779.603.010
890;890;Ford;S-Max;1-6-2018;22.749;;132595.0;Automatik;Diesel;5.0;144.0;209.0;0.0001715675553376824;8.85;1637.25;2664.0;False;Auto.de;68.199.863.107.460.600
891;891;Volkswagen;Passat Variant;1-6-2018;19.049;;113593.0;Automatik;Diesel;7.0;186.0;150.0;0.00016769519248545245;12.39;2292.15;3441.0;False;Auto.de;68.199.863.107.460.600
892;892;Ford;Transit;1-9-2018;26.049;;52710.0;Schaltgetriebe;Diesel;7.0;186.0;131.0;0.0004941946499715424;12.39;2292.15;3441.0;False;Auto.de;6.568.104.038.329.910
893;893;Ford;Focus;1-2-2018;17.049;;53100.0;Schaltgetriebe;Benzin;6.0;128.0;150.0;0.0003210734463276836;10.620.000.000.000.000;19.647.000.000.000.000;2368.0;True;Auto.de;7.148.528.405.201.910
894;894;Ford;EcoSport;1-10-2018;15.549;;83110.0;Schaltgetriebe;Benzin;3.0;119.0;125.0;0.00018708939959090362;53.100.000.000.000.000;9.823.500.000.000.000;2201.5;True;Auto.de;6.485.968.514.715.940
895;895;Volkswagen;T6 Multivan;1-4-2018;43.349;;100000.0;Automatik;Diesel;7.0;186.0;204.0;0.00043348999999999997;12.39;2292.15;3441.0;False;Auto.de;69.869.952.087.611.200
896;896;Mercedes-Benz;AMG GT R;1-4-2018;161.249;;4000.0;Automatik;Benzin;8.0;185.0;585.0;0.04031225;14.16;2619.6;3422.5;False;Auto.de;69.869.952.087.611.200
897;897;Nissan;Qashqai;1-4-2018;18.549;;64980.0;Schaltgetriebe;Benzin;8.0;134.0;163.0;0.00028545706371191137;14.16;2619.6;2479.0;False;Auto.de;69.869.952.087.611.200
898;898;Hyundai;Santa Fe;1-4-2018;24.449;;95100.0;Schaltgetriebe;Diesel;6.0;159.0;200.0;0.000257087276550999;10.620.000.000.000.000;19.647.000.000.000.000;2941.5;False;Auto.de;69.869.952.087.611.200
899;899;Mazda;CX-5;1-6-2018;23.849;;95951.0;Automatik;Benzin;1.0;162.0;194.0;0.0002485539494116789;1.77;327.45;2997.0;False;Auto.de;68.199.863.107.460.600
900;900;Ford;Fiesta;1-4-2018;16.049;;43131.0;Schaltgetriebe;Benzin;3.0;98.0;125.0;0.0003720989543483805;53.100.000.000.000.000;9.823.500.000.000.000;1813.0;True;Auto.de;69.869.952.087.611.200
901;901;Volvo;V40;1-3-2018;15.949;;61000.0;Schaltgetriebe;Benzin;8.0;185.0;122.0;0.0002614590163934426;14.16;2619.6;3422.5;False;Auto.de;70.718.685.831.622.100
902;902;Renault;Kadjar;1-6-2018;17.949;;91300.0;Automatik;Benzin;8.0;132.0;131.0;0.0001965936473165389;14.16;2619.6;2442.0;False;Auto.de;68.199.863.107.460.600
903;903;Volkswagen;T-Roc;1-7-2018;26.549;;37055.0;Automatik;Benzin;7.0;152.0;190.0;0.0007164755093779517;12.39;2292.15;2812.0;False;Auto.de;6.737.850.787.132.100
904;904;Ford;EcoSport;1-2-2018;15.949;;52172.0;Automatik;Benzin;8.0;134.0;125.0;0.0003057003756804416;14.16;2619.6;2479.0;False;Auto.de;7.148.528.405.201.910
905;905;Ford;Kuga;1-9-2018;24.349;;67779.0;Automatik;Benzin;7.0;199.0;242.0;0.0003592410628660795;12.39;2292.15;3681.5;False;Auto.de;6.568.104.038.329.910
906;906;Mazda;CX-5;1-3-2018;24.149;;109547.0;Automatik;Benzin;8.0;162.0;194.0;0.0002204441929035026;14.16;2619.6;2997.0;False;Auto.de;70.718.685.831.622.100
907;907;Ford;Focus;1-9-2018;16.949;;64977.0;Automatik;Benzin;5.0;125.0;125.0;0.0002608461455591979;8.85;1637.25;2312.5;True;Auto.de;6.568.104.038.329.910
908;908;Renault;Megane;1-3-2018;15.049;;47770.0;Schaltgetriebe;Benzin;4.0;120.0;101.0;0.0003150303537785221;7.08;1309.8;2220.0;True;Auto.de;70.718.685.831.622.100
909;909;Ford;Edge;1-7-2018;26.549;;117284.0;Automatik;Diesel;7.0;186.0;209.0;0.00022636506258313154;12.39;2292.15;3441.0;False;Auto.de;6.737.850.787.132.100
910;910;Land Rover;Range Rover Velar;1-3-2018;55.649;;45597.0;Automatik;Benzin;8.0;214.0;381.0;0.0012204530999846482;14.16;2619.6;3959.0;False;Auto.de;70.718.685.831.622.100
911;911;Mercedes-Benz;GLE 63 AMG;1-4-2018;57.749;;89063.0;Automatik;Benzin;9.0;282.0;558.0;0.0006484061843863333;15.93;2947.05;5217.0;False;Auto.de;69.869.952.087.611.200
912;912;Mercedes-Benz;V 250;1-8-2018;43.349;;75575.0;Automatik;Diesel;6.0;159.0;190.0;0.0005735891498511412;10.620.000.000.000.000;19.647.000.000.000.000;2941.5;False;Auto.de;6.652.977.412.731.000
913;913;Kia;Sorento;1-11-2018;27.349;;116240.0;Automatik;Diesel;2.0;163.0;200.0;0.00023528045423262218;3.54;654.9;3015.5;False;Auto.de;6.401.095.140.314.850
914;914;Seat;Leon;1-5-2018;17.049;;109200.0;Schaltgetriebe;Benzin;8.0;134.0;180.0;0.00015612637362637363;14.16;2619.6;2479.0;False;Auto.de;69.048.596.851.471.500
915;915;Cadillac;XT5;1-6-2018;26.449;;73100.0;Automatik;Benzin;8.0;229.0;314.0;0.0003618194254445965;14.16;2619.6;4236.5;False;Auto.de;68.199.863.107.460.600
916;916;Toyota;Proace;1-3-2018;39.249;;48920.0;Automatik;Diesel;7.0;186.0;177.0;0.0008023098937040066;12.39;2292.15;3441.0;False;Auto.de;70.718.685.831.622.100
917;917;Land Rover;Discovery Sport;1-10-2018;26.549;;50500.0;Automatik;Benzin;8.0;191.0;241.0;0.0005257227722772277;14.16;2619.6;3533.5;False;Auto.de;6.485.968.514.715.940
918;918;Volkswagen;Crafter;1-12-2018;42.549;;55850.0;Schaltgetriebe;Diesel;7.0;186.0;177.0;0.0007618442256042972;12.39;2292.15;3441.0;False;Auto.de;631.895.961.670.089
919;919;Kia;Sportage;1-4-2018;19.949;;80825.0;Schaltgetriebe;Benzin;6.0;177.0;177.0;0.0002468171976492422;10.620.000.000.000.000;19.647.000.000.000.000;3274.5;False;Auto.de;69.869.952.087.611.200
920;920;Skoda;Rapid;1-12-2018;13.549;;107193.0;Schaltgetriebe;Benzin;5.0;185.0;110.0;0.00012639817898556807;8.85;1637.25;3422.5;False;Auto.de;631.895.961.670.089
921;921;Mazda;CX-3;1-2-2018;15.949;;105000.0;Schaltgetriebe;Benzin;9.0;137.0;120.0;0.0001518952380952381;15.93;2947.05;2534.5;False;Auto.de;7.148.528.405.201.910
922;922;Land Rover;Range Rover;1-4-2018;62.849;;97325.0;Automatik;Diesel;4.0;0.0;340.0;0.000645764192139738;7.08;1309.8;0.0;True;Auto.de;69.869.952.087.611.200
923;923;Kia;Picanto;1-2-2018;12.849;;27038.0;Schaltgetriebe;Benzin;5.0;114.0;84.0;0.00047522006065537395;8.85;1637.25;2109.0;True;Auto.de;7.148.528.405.201.910
924;924;Renault;Twingo;1-12-2018;11.749;;88580.0;Automatik;Benzin;2.0;118.0;69.0;0.0001326371641454053;3.54;654.9;2183.0;True;Auto.de;631.895.961.670.089
925;925;Volkswagen;Arteon;1-2-2018;26.449;;139900.0;Automatik;Benzin;8.0;164.0;280.0;0.0001890564689063617;14.16;2619.6;3034.0;False;Auto.de;7.148.528.405.201.910
926;926;Volkswagen;Tiguan;1-7-2018;19.549;;94800.0;Schaltgetriebe;Benzin;8.0;132.0;150.0;0.00020621308016877636;14.16;2619.6;2442.0;False;Auto.de;6.737.850.787.132.100
927;927;Audi;A3;1-1-2018;19.749;;107692.0;Schaltgetriebe;Benzin;8.0;185.0;150.0;0.00018338409538312965;14.16;2619.6;3422.5;False;Auto.de;7.233.401.779.603.010
928;928;Ford;Kuga;1-4-2018;21.149;;90600.0;Automatik;Benzin;1.0;199.0;242.0;0.00023343267108167772;1.77;327.45;3681.5;False;Auto.de;69.869.952.087.611.200
929;929;Ford;Focus;1-3-2018;14.549;;84483.0;Schaltgetriebe;Benzin;8.0;185.0;150.0;0.0001722121610264787;14.16;2619.6;3422.5;False;Auto.de;70.718.685.831.622.100
930;930;Hyundai;IONIQ;1-11-2018;17.549;;81500.0;Automatik;Elektro;;0.0;120.0;0.00021532515337423312;;;0.0;True;Auto.de;6.401.095.140.314.850
931;931;Ford;EcoSport;1-9-2018;17.049;;22169.0;Automatik;Benzin;2.0;140.0;125.0;0.0007690468672470567;3.54;654.9;2590.0;False;Auto.de;6.568.104.038.329.910
932;932;Ford;Kuga;1-5-2018;15.849;;97376.0;Schaltgetriebe;Benzin;8.0;185.0;150.0;0.0001627608445612882;14.16;2619.6;3422.5;False;Auto.de;69.048.596.851.471.500
933;933;Land Rover;Discovery;1-9-2018;38.649;;90968.0;Automatik;Diesel;3.0;0.0;306.0;0.0004248636883299622;53.100.000.000.000.000;9.823.500.000.000.000;0.0;True;Auto.de;6.568.104.038.329.910
934;934;Alfa;Romeo Stelvio;1-1-2018;51.349;;69200.0;Automatik;Benzin;8.0;210.0;510.0;0.0007420375722543353;14.16;2619.6;3885.0;False;Auto.de;7.233.401.779.603.010
935;935;Mazda;3;1-7-2018;14.549;;141050.0;Schaltgetriebe;Diesel;7.0;186.0;150.0;0.00010314781992201347;12.39;2292.15;3441.0;False;Auto.de;6.737.850.787.132.100
936;936;Opel;Grandland X;1-3-2018;14.749;;81587.0;Schaltgetriebe;Benzin;8.0;185.0;131.0;0.00018077634917327515;14.16;2619.6;3422.5;False;Auto.de;70.718.685.831.622.100
937;937;Opel;Crossland X;1-1-2018;14.049;;98787.0;Schaltgetriebe;Benzin;8.0;114.0;131.0;0.00014221506878435422;14.16;2619.6;2109.0;True;Auto.de;7.233.401.779.603.010
938;938;Nissan;370Z;1-5-2018;31.849;;35755.0;Automatik;Benzin;9.0;254.0;328.0;0.0008907565375471962;15.93;2947.05;4699.0;False;Auto.de;69.048.596.851.471.500
939;939;Mazda;MX-5;1-5-2018;25.949;;24612.0;Automatik;Benzin;8.0;185.0;160.0;0.0010543230944254835;14.16;2619.6;3422.5;False;Auto.de;69.048.596.851.471.500
940;940;Mercedes-Benz;C 200;1-1-2018;29.749;;99400.0;Automatik;Benzin;6.0;136.0;184.0;0.0002992857142857143;10.620.000.000.000.000;19.647.000.000.000.000;2516.0;False;Auto.de;7.233.401.779.603.010
941;941;Opel;Corsa;1-4-2018;13.449;;112000.0;Schaltgetriebe;Benzin;1.0;139.0;150.0;0.00012008035714285715;1.77;327.45;2571.5;False;Auto.de;69.869.952.087.611.200
942;942;Volkswagen;Touareg;1-8-2018;39.149;;99880.0;Automatik;Diesel;7.0;182.0;286.0;0.0003919603524229075;12.39;2292.15;3367.0;False;Auto.de;6.652.977.412.731.000
943;943;Seat;Arona;1-8-2018;15.949;;69673.0;Schaltgetriebe;Benzin;8.0;111.0;95.0;0.00022891220415368938;14.16;2619.6;2053.5;True;Auto.de;6.652.977.412.731.000
944;944;Skoda;Octavia;1-11-2018;19.049;;98271.0;Automatik;Benzin;8.0;114.0;150.0;0.00019384151987870277;14.16;2619.6;2109.0;True;Auto.de;6.401.095.140.314.850
945;945;BMW;X3;1-7-2018;31.749;;130000.0;Automatik;Diesel;7.0;186.0;265.0;0.0002442230769230769;12.39;2292.15;3441.0;False;Auto.de;6.737.850.787.132.100
946;946;Audi;A3;1-5-2018;23.149;;80000.0;Automatik;Benzin;8.0;185.0;150.0;0.0002893625;14.16;2619.6;3422.5;False;Auto.de;69.048.596.851.471.500
947;947;Volkswagen;Caddy;1-4-2018;29.349;;88933.0;Automatik;Diesel;7.0;186.0;150.0;0.0003300124813061518;12.39;2292.15;3441.0;False;Auto.de;69.869.952.087.611.200
948;948;Honda;Civic;1-4-2018;17.949;;63695.0;Schaltgetriebe;Benzin;8.0;185.0;129.0;0.00028179605934531757;14.16;2619.6;3422.5;False;Auto.de;69.869.952.087.611.200
949;949;Nissan;Juke;1-4-2018;17.949;;24431.0;Schaltgetriebe;Benzin;8.0;165.0;218.0;0.0007346813474683804;14.16;2619.6;3052.5;False;Auto.de;69.869.952.087.611.200
950;950;Mercedes-Benz;Sprinter;1-5-2018;33.649;;72110.0;Schaltgetriebe;Diesel;4.0;0.0;143.0;0.00046663430869504924;7.08;1309.8;0.0;True;Auto.de;69.048.596.851.471.500
951;951;Audi;A8;1-5-2018;47.749;;100000.0;Automatik;Diesel;7.0;186.0;286.0;0.00047749;12.39;2292.15;3441.0;False;Auto.de;69.048.596.851.471.500
952;952;Skoda;Kodiaq;1-5-2018;20.149;;83427.0;Schaltgetriebe;Benzin;8.0;137.0;125.0;0.00024151653541419445;14.16;2619.6;2534.5;False;Auto.de;69.048.596.851.471.500
953;953;Ford;Grand C-Max;1-6-2018;20.149;;59500.0;Schaltgetriebe;Benzin;8.0;119.0;125.0;0.0003386386554621849;14.16;2619.6;2201.5;True;Auto.de;68.199.863.107.460.600
954;954;Mercedes-Benz;GLC 350;1-4-2018;38.149;;135500.0;Automatik;Diesel;7.0;161.0;258.0;0.00028154243542435426;12.39;2292.15;2978.5;False;Auto.de;69.869.952.087.611.200
955;955;Ford;Mustang;1-4-2018;49.349;;16277.0;Automatik;Benzin;8.0;285.0;450.0;0.0030318240462001594;14.16;2619.6;5272.5;False;Auto.de;69.869.952.087.611.200
956;956;Audi;R8;1-5-2018;126.849;;35500.0;Automatik;Benzin;8.0;286.0;540.0;0.003573211267605634;14.16;2619.6;5291.0;False;Auto.de;69.048.596.851.471.500
957;957;Volkswagen;T-Roc;1-11-2018;19.349;;69987.0;Schaltgetriebe;Benzin;8.0;120.0;150.0;0.0002764656293311615;14.16;2619.6;2220.0;True;Auto.de;6.401.095.140.314.850
958;958;Volkswagen;T-Roc;1-5-2018;24.049;;119433.0;Automatik;Diesel;7.0;186.0;150.0;0.00020135975819078478;12.39;2292.15;3441.0;False;Auto.de;69.048.596.851.471.500
959;959;Mercedes-Benz;A 220;1-11-2018;25.849;;76500.0;Automatik;Benzin;8.0;185.0;190.0;0.0003378954248366013;14.16;2619.6;3422.5;False;Auto.de;6.401.095.140.314.850
960;960;Volvo;XC60;1-1-2018;32.749;;85500.0;Automatik;Benzin;8.0;185.0;250.0;0.0003830292397660819;14.16;2619.6;3422.5;False;Auto.de;7.233.401.779.603.010
961;961;Audi;A4;1-1-2018;29.749;;53337.0;Automatik;Benzin;6.0;135.0;252.0;0.0005577554043159533;10.620.000.000.000.000;19.647.000.000.000.000;2497.5;False;Auto.de;7.233.401.779.603.010
962;962;Volkswagen;T6 Caravelle;1-11-2018;35.949;;39385.0;Schaltgetriebe;Diesel;7.0;186.0;102.0;0.0009127586644661673;12.39;2292.15;3441.0;False;Auto.de;6.401.095.140.314.850
963;963;Ford;Kuga;1-3-2018;15.049;;99988.0;Schaltgetriebe;Benzin;8.0;185.0;120.0;0.00015050806096731606;14.16;2619.6;3422.5;False;Auto.de;70.718.685.831.622.100
964;964;Volvo;XC60;1-10-2018;36.549;;75500.0;Automatik;Diesel;8.0;153.0;190.0;0.00048409271523178806;14.16;2619.6;2830.5;False;Auto.de;6.485.968.514.715.940
965;965;Ford;Transit;1-8-2018;31.449;;111623.0;Schaltgetriebe;Diesel;6.0;186.0;131.0;0.0002817430099531459;10.620.000.000.000.000;19.647.000.000.000.000;3441.0;False;Auto.de;6.652.977.412.731.000
966;966;Toyota;Proace;1-4-2018;42.049;;75000.0;Automatik;Diesel;2.0;163.0;177.0;0.0005606533333333333;3.54;654.9;3015.5;False;Auto.de;69.869.952.087.611.200
967;967;Ford;Kuga;1-3-2018;16.949;;139990.0;Automatik;Diesel;7.0;186.0;180.0;0.00012107293378098436;12.39;2292.15;3441.0;False;Auto.de;70.718.685.831.622.100
968;968;Peugeot;308;1-4-2018;17.049;;33233.0;Schaltgetriebe;Benzin;8.0;185.0;131.0;0.0005130141726597057;14.16;2619.6;3422.5;False;Auto.de;69.869.952.087.611.200
969;969;Ford;Transit Custom;1-3-2018;28.549;;76004.0;Automatik;Diesel;7.0;181.0;131.0;0.0003756249671069944;12.39;2292.15;3348.5;False;Auto.de;70.718.685.831.622.100
970;970;Mercedes-Benz;S 400;1-7-2018;65.449;;88000.0;Automatik;Diesel;7.0;186.0;340.0;0.0007437386363636363;12.39;2292.15;3441.0;False;Auto.de;6.737.850.787.132.100
971;971;Renault;Megane;1-3-2018;16.849;;75720.0;Schaltgetriebe;Benzin;8.0;185.0;132.0;0.00022251716851558374;14.16;2619.6;3422.5;False;Auto.de;70.718.685.831.622.100
972;972;Audi;A4 Allroad;1-8-2018;28.549;;99115.0;Automatik;Diesel;7.0;186.0;190.0;0.00028803914644604753;12.39;2292.15;3441.0;False;Auto.de;6.652.977.412.731.000
973;973;Ford;EcoSport;1-5-2018;18.449;;38800.0;Schaltgetriebe;Benzin;8.0;119.0;140.0;0.00047548969072164953;14.16;2619.6;2201.5;True;Auto.de;69.048.596.851.471.500
974;974;Cadillac;ATS;1-7-2018;24.349;;58140.0;Automatik;Benzin;8.0;204.0;276.0;0.00041879944960440316;14.16;2619.6;3774.0;False;Auto.de;6.737.850.787.132.100
975;975;Kia;Sorento;1-2-2018;28.049;;79574.0;Automatik;Diesel;7.0;186.0;200.0;0.00035248950662276625;12.39;2292.15;3441.0;False;Auto.de;7.148.528.405.201.910
976;976;Mini;One Clubman;1-8-2018;17.849;;64718.0;Automatik;Benzin;8.0;185.0;102.0;0.00027579653264934024;14.16;2619.6;3422.5;False;Auto.de;6.652.977.412.731.000
977;977;Kia;Sportage;1-4-2018;19.949;;127000.0;Automatik;Diesel;7.0;186.0;185.0;0.00015707874015748034;12.39;2292.15;3441.0;False;Auto.de;69.869.952.087.611.200
978;978;Ford;Transit Connect;1-10-2018;22.149;;71397.0;Automatik;Diesel;1.0;0.0;101.0;0.00031022311861842936;1.77;327.45;0.0;True;Auto.de;6.485.968.514.715.940
979;979;Ford;Transit Custom;1-5-2018;24.449;;55780.0;Schaltgetriebe;Diesel;6.0;171.0;131.0;0.0004383112226604518;10.620.000.000.000.000;19.647.000.000.000.000;3163.5;False;Auto.de;69.048.596.851.471.500
980;980;Ford;Edge;1-7-2018;23.249;;76550.0;Schaltgetriebe;Diesel;8.0;154.0;180.0;0.0003037099934683213;14.16;2619.6;2849.0;False;Auto.de;6.737.850.787.132.100
981;981;BMW;520;1-10-2018;26.349;;85300.0;Automatik;Diesel;7.0;186.0;190.0;0.0003088980070339977;12.39;2292.15;3441.0;False;Auto.de;6.485.968.514.715.940
982;982;Ford;S-Max;1-12-2018;27.449;;92854.0;Automatik;Diesel;6.0;0.0;190.0;0.00029561462080255024;10.620.000.000.000.000;19.647.000.000.000.000;0.0;True;Auto.de;631.895.961.670.089
983;983;Dacia;Duster;1-4-2018;14.649;;133500.0;Automatik;Diesel;5.0;116.0;109.0;0.00010973033707865167;8.85;1637.25;2146.0;True;Auto.de;69.869.952.087.611.200
984;984;Hyundai;i40;1-1-2018;15.349;;108070.0;Schaltgetriebe;Benzin;1.0;145.0;135.0;0.0001420283149810308;1.77;327.45;2682.5;False;Auto.de;7.233.401.779.603.010
985;985;Mercedes-Benz;CLA 180;1-2-2018;20.99;;91924.0;Automatik;Benzin;4.0;126.0;122.0;0.0002283408032722684;7.08;1309.8;2331.0;True;Auto.de;7.148.528.405.201.910
986;986;Opel;Corsa;1-5-2018;12.849;;61990.0;Schaltgetriebe;Benzin;6.0;128.0;101.0;0.00020727536699467657;10.620.000.000.000.000;19.647.000.000.000.000;2368.0;True;Auto.de;69.048.596.851.471.500
987;987;Volkswagen;Sharan;1-7-2018;27.549;;97750.0;Automatik;Benzin;8.0;185.0;150.0;0.0002818312020460358;14.16;2619.6;3422.5;False;Auto.de;6.737.850.787.132.100
988;988;Ford;Mondeo;1-3-2018;25.449;;44646.0;Automatik;Diesel;7.0;186.0;180.0;0.0005700174707700578;12.39;2292.15;3441.0;False;Auto.de;70.718.685.831.622.100
989;989;Hyundai;Santa Fe;1-2-2018;25.349;;93190.0;Automatik;Diesel;7.0;186.0;200.0;0.0002720141646099367;12.39;2292.15;3441.0;False;Auto.de;7.148.528.405.201.910
990;990;Volvo;XC60;1-6-2018;31.849;;62790.0;Automatik;Benzin;8.0;185.0;250.0;0.0005072304507087116;14.16;2619.6;3422.5;False;Auto.de;68.199.863.107.460.600
991;991;Ford;Kuga;1-4-2018;18.849;;91080.0;Schaltgetriebe;Benzin;2.0;164.0;150.0;0.00020694993412384718;3.54;654.9;3034.0;False;Auto.de;69.869.952.087.611.200
992;992;Ford;Fiesta;1-5-2018;16.949;;67941.0;Schaltgetriebe;Benzin;3.0;97.0;101.0;0.00024946644883060305;53.100.000.000.000.000;9.823.500.000.000.000;1794.5;True;Auto.de;69.048.596.851.471.500
993;993;Opel;Astra;1-2-2018;14.749;;69500.0;Schaltgetriebe;Benzin;8.0;185.0;150.0;0.0002122158273381295;14.16;2619.6;3422.5;False;Auto.de;7.148.528.405.201.910
994;994;Audi;A4;1-3-2018;24.349;;44000.0;Automatik;Benzin;8.0;185.0;150.0;0.0005533863636363636;14.16;2619.6;3422.5;False;Auto.de;70.718.685.831.622.100
995;995;Renault;Talisman;1-6-2018;16.949;;97350.0;Automatik;Benzin;8.0;133.0;150.0;0.00017410374935798666;14.16;2619.6;2460.5;False;Auto.de;68.199.863.107.460.600
996;996;Ford;Edge;1-11-2018;23.349;;90000.0;Automatik;Diesel;7.0;186.0;209.0;0.0002594333333333333;12.39;2292.15;3441.0;False;Auto.de;6.401.095.140.314.850
997;997;Opel;Insignia;1-3-2018;16.449;;48000.0;Schaltgetriebe;Benzin;8.0;185.0;165.0;0.00034268750000000006;14.16;2619.6;3422.5;False;Auto.de;70.718.685.831.622.100
998;998;Ford;C-Max;1-7-2018;18.049;;92000.0;Schaltgetriebe;Benzin;8.0;185.0;125.0;0.00019618478260869564;14.16;2619.6;3422.5;False;Auto.de;6.737.850.787.132.100
999;999;Honda;CR-V;1-5-2018;22.049;;46110.0;Schaltgetriebe;Benzin;8.0;185.0;155.0;0.0004781826068098026;14.16;2619.6;3422.5;False;Auto.de;69.048.596.851.471.500
1000;1000;Volkswagen;Golf;1-9-2018;20.049;;60347.0;Schaltgetriebe;Benzin;0.0;0.0;150.0;0.00033222861119856827;0.0;0.0;0.0;True;Auto.de;6.568.104.038.329.910
1001;1001;Jaguar;XF;1-5-2018;31.749;;89000.0;Automatik;Diesel;8.0;153.0;241.0;0.00035673033707865165;14.16;2619.6;2830.5;False;Auto.de;69.048.596.851.471.500
1002;1002;Renault;Megane;1-6-2018;14.549;;72500.0;Schaltgetriebe;Benzin;8.0;185.0;132.0;0.00020067586206896551;14.16;2619.6;3422.5;False;Auto.de;68.199.863.107.460.600
1003;1003;Volvo;XC60;1-6-2018;34.949;;79800.0;Automatik;Diesel;8.0;153.0;190.0;0.00043795739348370926;14.16;2619.6;2830.5;False;Auto.de;68.199.863.107.460.600
1004;1004;Volkswagen;Touareg;1-9-2018;56.549;;76697.0;Automatik;Diesel;6.0;173.0;286.0;0.0007373039362686937;10.620.000.000.000.000;19.647.000.000.000.000;3200.5;False;Auto.de;6.568.104.038.329.910
1005;1005;Volkswagen;Touareg;1-9-2018;52.149;;76697.0;Automatik;Diesel;6.0;173.0;286.0;0.000679935329934678;10.620.000.000.000.000;19.647.000.000.000.000;3200.5;False;Auto.de;6.568.104.038.329.910
1006;1006;Volkswagen;T6 Caravelle;1-11-2018;36.949;;39385.0;Schaltgetriebe;Diesel;0.0;0.0;102.0;0.0009381490415132664;0.0;0.0;0.0;True;Auto.de;6.401.095.140.314.850
1007;1007;Volkswagen;Passat Alltrack;1-8-2018;29.349;;64485.0;Automatik;Benzin;9.0;160.0;220.0;0.00045512909979064897;15.93;2947.05;2960.0;False;Auto.de;6.652.977.412.731.000
1008;1008;Volkswagen;Golf;1-11-2018;16.849;;67629.0;Schaltgetriebe;Diesel;94.0;0.0;116.0;0.00024913868310931704;166.38;30780.3;0.0;True;Auto.de;6.401.095.140.314.850
1009;1009;Renault;Scenic;1-7-2018;15.949;;134677.0;Automatik;Benzin;5.0;130.0;163.0;0.00011842408132049273;8.85;1637.25;2405.0;True;Auto.de;6.737.850.787.132.100
1010;1010;Audi;A4;1-5-2018;22.849;;51431.0;Schaltgetriebe;Benzin;5.0;131.0;150.0;0.0004442651319243258;8.85;1637.25;2423.5;False;Auto.de;69.048.596.851.471.500
1011;1011;Ford;Focus;1-1-2018;16.849;;76506.0;Automatik;Benzin;5.0;125.0;125.0;0.00022023109298617102;8.85;1637.25;2312.5;True;Auto.de;7.233.401.779.603.010
1012;1012;Skoda;Fabia;1-1-2018;14.349;;51200.0;Schaltgetriebe;Benzin;0.0;0.0;110.0;0.00028025390625;0.0;0.0;0.0;True;Auto.de;7.233.401.779.603.010
1013;1013;Jaguar;E-Pace;1-11-2018;27.549;;47000.0;Automatik;Diesel;6.0;158.0;180.0;0.0005861489361702127;10.620.000.000.000.000;19.647.000.000.000.000;2923.0;False;Auto.de;6.401.095.140.314.850
1014;1014;Jaguar;F-Pace;1-8-2018;40.349;;36500.0;Automatik;Diesel;3.0;166.0;241.0;0.0011054520547945205;53.100.000.000.000.000;9.823.500.000.000.000;3071.0;False;Auto.de;6.652.977.412.731.000
1015;1015;Volkswagen;Crafter;1-9-2018;23.849;;93600.0;Schaltgetriebe;Diesel;7.0;186.0;140.0;0.00025479700854700855;12.39;2292.15;3441.0;False;Auto.de;6.568.104.038.329.910
1016;1016;Volkswagen;Crafter;1-9-2018;24.949;;93600.0;Schaltgetriebe;Diesel;7.0;186.0;140.0;0.0002665491452991453;12.39;2292.15;3441.0;False;Auto.de;6.568.104.038.329.910
1017;1017;Renault;Trafic;1-1-2018;24.349;;98657.0;Schaltgetriebe;Diesel;7.0;186.0;146.0;0.00024680458558439845;12.39;2292.15;3441.0;False;Auto.de;7.233.401.779.603.010
1018;1018;Volkswagen;T-Roc;1-10-2018;27.349;;61911.0;Automatik;Benzin;8.0;152.0;190.0;0.00044174702395374007;14.16;2619.6;2812.0;False;Auto.de;6.485.968.514.715.940
1019;1019;Mercedes-Benz;B 220;1-4-2018;19.049;;133000.0;Automatik;Diesel;1.0;107.0;177.0;0.00014322556390977442;1.77;327.45;1979.5;True;Auto.de;69.869.952.087.611.200
1020;1020;Dacia;Logan;1-7-2018;10.849;;112800.0;Schaltgetriebe;Benzin;5.0;115.0;90.0;9,62E+09;8.85;1637.25;2127.5;True;Auto.de;6.737.850.787.132.100
1021;1021;Hyundai;i30;1-8-2018;11.649;;102729.0;Schaltgetriebe;Benzin;8.0;115.0;120.0;0.0001133954384837777;14.16;2619.6;2127.5;True;Auto.de;6.652.977.412.731.000
1022;1022;Mercedes-Benz;E 220;1-1-2018;31.249;;129000.0;Automatik;Diesel;4.0;106.0;194.0;0.00024224031007751936;7.08;1309.8;1961.0;True;Auto.de;7.233.401.779.603.010
1023;1023;Ford;S-Max;1-5-2018;23.349;;80000.0;Automatik;Benzin;9.0;180.0;241.0;0.0002918625;15.93;2947.05;3330.0;False;Auto.de;69.048.596.851.471.500
1024;1024;Volkswagen;Golf Sportsvan;1-2-2018;21.249;;41350.0;Automatik;Benzin;8.0;116.0;131.0;0.000513881499395405;14.16;2619.6;2146.0;True;Auto.de;7.148.528.405.201.910
1025;1025;Mazda;CX-3;1-3-2018;17.849;;83500.0;Schaltgetriebe;Benzin;4.0;150.0;150.0;0.00021376047904191617;7.08;1309.8;2775.0;False;Auto.de;70.718.685.831.622.100
1026;1026;BMW;X5;1-9-2018;47.649;;83500.0;Automatik;Benzin;8.0;201.0;306.0;0.0005706467065868263;14.16;2619.6;3718.5;False;Auto.de;6.568.104.038.329.910
1027;1027;Ford;Fiesta;1-6-2018;10.949;;99623.0;Schaltgetriebe;Benzin;8.0;185.0;86.0;0.00010990433935938488;14.16;2619.6;3422.5;False;Auto.de;68.199.863.107.460.600
1028;1028;Kia;Sorento;1-7-2018;31.749;;78070.0;Automatik;Diesel;6.0;0.0;200.0;0.00040667349814269243;10.620.000.000.000.000;19.647.000.000.000.000;0.0;True;Auto.de;6.737.850.787.132.100
1029;1029;Land Rover;Range Rover Evoque;1-12-2018;26.149;;90500.0;Automatik;Diesel;2.0;164.0;150.0;0.000288939226519337;3.54;654.9;3034.0;False;Auto.de;631.895.961.670.089
1030;1030;Mercedes-Benz;B 180;1-10-2018;19.649;;68150.0;Automatik;Benzin;7.0;153.0;122.0;0.0002883198826118856;12.39;2292.15;2830.5;False;Auto.de;6.485.968.514.715.940
1031;1031;Peugeot;3008;1-9-2018;21.249;;74200.0;Automatik;Diesel;7.0;186.0;131.0;0.00028637466307277626;12.39;2292.15;3441.0;False;Auto.de;6.568.104.038.329.910
1032;1032;Kia;Niro;1-4-2018;18.449;;133259.0;Automatik;Hybrid (Elektro / Benzin);4.0;101.0;141.0;0.00013844468291072273;7.08;1309.8;1868.5;True;Auto.de;69.869.952.087.611.200
1033;1033;Kia;cee'd;1-10-2018;13.249;;127440.0;Schaltgetriebe;Benzin;6.0;134.0;135.0;0.00010396264908976774;10.620.000.000.000.000;19.647.000.000.000.000;2479.0;False;Auto.de;6.485.968.514.715.940
1034;1034;Ford;S-Max;1-12-2018;24.749;;94544.0;Automatik;Diesel;6.0;0.0;190.0;0.00026177229649686917;10.620.000.000.000.000;19.647.000.000.000.000;0.0;True;Auto.de;631.895.961.670.089
1035;1035;Skoda;Superb;1-6-2018;19.049;;89333.0;Schaltgetriebe;Benzin;3.0;122.0;125.0;0.00021323587028309807;53.100.000.000.000.000;9.823.500.000.000.000;2257.0;True;Auto.de;68.199.863.107.460.600
1036;1036;Ford;Focus;1-3-2018;19.649;;30160.0;Schaltgetriebe;Benzin;6.0;128.0;150.0;0.0006514920424403183;10.620.000.000.000.000;19.647.000.000.000.000;2368.0;True;Auto.de;70.718.685.831.622.100
1037;1037;Dacia;Duster;1-7-2018;20.149;;56851.0;Automatik;Diesel;5.0;116.0;109.0;0.000354417688343213;8.85;1637.25;2146.0;True;Auto.de;6.737.850.787.132.100
1038;1038;Opel;Insignia;1-8-2018;30.749;;79000.0;Automatik;Diesel;7.0;184.0;209.0;0.00038922784810126583;12.39;2292.15;3404.0;False;Auto.de;6.652.977.412.731.000
1039;1039;Abarth;595;1-10-2018;16.949;;60500.0;Schaltgetriebe;Benzin;8.0;185.0;146.0;0.00028014876033057853;14.16;2619.6;3422.5;False;Auto.de;6.485.968.514.715.940
1040;1040;Mazda;CX-5;1-2-2018;21.249;;149990.0;Automatik;Benzin;8.0;185.0;194.0;0.00014166944462964197;14.16;2619.6;3422.5;False;Auto.de;7.148.528.405.201.910
1041;1041;Renault;Captur;1-2-2018;14.649;;43500.0;Schaltgetriebe;Benzin;1.0;121.0;90.0;0.00033675862068965515;1.77;327.45;2238.5;True;Auto.de;7.148.528.405.201.910
1042;1042;Ford;Mondeo;1-10-2018;19.049;;88202.0;Automatik;Benzin;5.0;152.0;160.0;0.00021597015940681618;8.85;1637.25;2812.0;False;Auto.de;6.485.968.514.715.940
1043;1043;Peugeot;5008;1-10-2018;22.849;;69000.0;Automatik;Benzin;8.0;133.0;165.0;0.00033114492753623186;14.16;2619.6;2460.5;False;Auto.de;6.485.968.514.715.940
1044;1044;Opel;Insignia;1-2-2018;23.349;;130000.0;Automatik;Benzin;9.0;203.0;260.0;0.0001796076923076923;15.93;2947.05;3755.5;False;Auto.de;7.148.528.405.201.910
1045;1045;Hyundai;i30;1-6-2018;14.349;;53500.0;Schaltgetriebe;Benzin;5.0;115.0;120.0;0.0002682056074766355;8.85;1637.25;2127.5;True;Auto.de;68.199.863.107.460.600
1046;1046;Toyota;Mirai;1-1-2018;23.249;;122881.0;Automatik;Wasserstoff;;0.0;154.0;0.00018919930664626752;;;0.0;True;Auto.de;7.233.401.779.603.010
1047;1047;Audi;SQ7;1-6-2018;58.849;;72325.0;Automatik;Diesel;6.0;199.0;435.0;0.0008136743864500518;10.620.000.000.000.000;19.647.000.000.000.000;3681.5;False;Auto.de;68.199.863.107.460.600
1048;1048;Land Rover;Range Rover Sport;1-7-2018;60.849;;95300.0;Automatik;Benzin;3.0;280.0;525.0;0.0006384994753410283;53.100.000.000.000.000;9.823.500.000.000.000;5180.0;False;Auto.de;6.737.850.787.132.100
1049;1049;Land Rover;Range Rover Sport;1-1-2018;59.649;;88400.0;Automatik;Benzin;8.0;294.0;525.0;0.000674762443438914;14.16;2619.6;5439.0;False;Auto.de;7.233.401.779.603.010
1050;1050;Land Rover;Discovery Sport;1-10-2018;36.049;;49900.0;Automatik;Diesel;8.0;181.0;241.0;0.0007224248496993988;14.16;2619.6;3348.5;False;Auto.de;6.485.968.514.715.940
1051;1051;Ford;Fiesta;1-12-2018;13.249;;69860.0;Schaltgetriebe;Benzin;0.0;0.0;101.0;0.00018965073003149156;0.0;0.0;0.0;True;Auto.de;631.895.961.670.089
1052;1052;Seat;Leon;1-6-2018;20.049;;91350.0;Schaltgetriebe;Benzin;8.0;134.0;180.0;0.00021947454844006568;14.16;2619.6;2479.0;False;Auto.de;68.199.863.107.460.600
1053;1053;Jaguar;F-Pace;1-8-2018;42.349;;72500.0;Automatik;Diesel;3.0;166.0;301.0;0.0005841241379310344;53.100.000.000.000.000;9.823.500.000.000.000;3071.0;False;Auto.de;6.652.977.412.731.000
1054;1054;Jaguar;F-Pace;1-3-2018;44.549;;70000.0;Automatik;Diesel;3.0;166.0;301.0;0.0006364142857142857;53.100.000.000.000.000;9.823.500.000.000.000;3071.0;False;Auto.de;70.718.685.831.622.100
1055;1055;Jeep;Renegade;1-12-2018;17.549;;60900.0;Schaltgetriebe;Benzin;1.0;139.0;120.0;0.00028816091954022985;1.77;327.45;2571.5;False;Auto.de;631.895.961.670.089
1056;1056;Volkswagen;T-Roc;1-8-2018;23.249;;88717.0;Automatik;Benzin;8.0;152.0;190.0;0.00026205800466652386;14.16;2619.6;2812.0;False;Auto.de;6.652.977.412.731.000
1057;1057;Opel;Zafira;1-6-2018;17.749;;58700.0;Schaltgetriebe;Benzin;8.0;185.0;140.0;0.00030236797274275977;14.16;2619.6;3422.5;False;Auto.de;68.199.863.107.460.600
1058;1058;Ford;Focus;1-2-2018;13.749;;80184.0;Schaltgetriebe;Benzin;7.0;108.0;125.0;0.00017146812331637234;12.39;2292.15;1998.0;True;Auto.de;7.148.528.405.201.910
1059;1059;Ford;EcoSport;1-4-2018;14.749;;91220.0;Schaltgetriebe;Benzin;5.0;114.0;125.0;0.00016168603376452532;8.85;1637.25;2109.0;True;Auto.de;69.869.952.087.611.200
1060;1060;Jaguar;E-Pace;1-6-2018;27.449;;39527.0;Automatik;Diesel;6.0;0.0;180.0;0.0006944367141447619;10.620.000.000.000.000;19.647.000.000.000.000;0.0;True;Auto.de;68.199.863.107.460.600
1061;1061;Ford;S-Max;1-10-2018;25.449;;55464.0;Automatik;Diesel;5.0;0.0;190.0;0.0004588381652964085;8.85;1637.25;0.0;True;Auto.de;6.485.968.514.715.940
1062;1062;Mitsubishi;Eclipse;1-6-2018;19.649;;45829.0;Schaltgetriebe;Benzin;0.0;0.0;163.0;0.00042874599053001377;0.0;0.0;0.0;True;Auto.de;68.199.863.107.460.600
1063;1063;Mazda;6;1-5-2018;18.949;;108385.0;Schaltgetriebe;Benzin;0.0;0.0;165.0;0.00017483046547031418;0.0;0.0;0.0;True;Auto.de;69.048.596.851.471.500
1064;1064;Land Rover;Discovery;1-10-2018;42.449;;82438.0;Automatik;Diesel;0.0;0.0;306.0;0.0005149203037434193;0.0;0.0;0.0;True;Auto.de;6.485.968.514.715.940
1065;1065;Skoda;Octavia;1-8-2018;25.449;;76900.0;Automatik;Benzin;0.0;0.0;180.0;0.00033093628088426533;0.0;0.0;0.0;True;Auto.de;6.652.977.412.731.000
1066;1066;Opel;Vivaro;1-12-2018;19.149;;138699.0;Schaltgetriebe;Diesel;1.0;160.0;95.0;0.00013806155776177191;1.77;327.45;2960.0;False;Auto.de;631.895.961.670.089
1067;1067;BMW;225;1-10-2018;17.849;;75600.0;Automatik;Hybrid (Elektro / Benzin);8.0;85.0;224.0;0.0002360978835978836;14.16;2619.6;1572.5;True;Auto.de;6.485.968.514.715.940
1068;1068;Hyundai;i30;1-5-2018;23.249;;86441.0;Schaltgetriebe;Benzin;1.0;163.0;275.0;0.00026895801760738535;1.77;327.45;3015.5;False;Auto.de;69.048.596.851.471.500
1069;1069;Volvo;XC60;1-12-2018;27.549;;132050.0;Automatik;Diesel;7.0;186.0;190.0;0.0002086255206361227;12.39;2292.15;3441.0;False;Auto.de;631.895.961.670.089
1070;1070;Volkswagen;Caddy;1-4-2018;17.949;;100000.0;Automatik;Diesel;7.0;186.0;102.0;0.00017949;12.39;2292.15;3441.0;False;Auto.de;69.869.952.087.611.200
1071;1071;Volkswagen;Caddy;1-10-2018;18.949;;58800.0;Schaltgetriebe;Diesel;7.0;186.0;102.0;0.0003222619047619048;12.39;2292.15;3441.0;False;Auto.de;6.485.968.514.715.940
1072;1072;Volkswagen;Caddy;1-10-2018;18.949;;51200.0;Schaltgetriebe;Diesel;7.0;186.0;102.0;0.00037009765625000004;12.39;2292.15;3441.0;False;Auto.de;6.485.968.514.715.940
1073;1073;Ford;EcoSport;1-9-2018;18.049;;40500.0;Schaltgetriebe;Benzin;8.0;185.0;125.0;0.0004456543209876543;14.16;2619.6;3422.5;False;Auto.de;6.568.104.038.329.910
1074;1074;Mazda;3;1-9-2018;16.949;;43350.0;Schaltgetriebe;Benzin;8.0;185.0;120.0;0.0003909803921568628;14.16;2619.6;3422.5;False;Auto.de;6.568.104.038.329.910
1075;1075;Opel;Mokka;1-6-2018;13.849;;125429.0;Automatik;Benzin;8.0;185.0;140.0;0.00011041306236994634;14.16;2619.6;3422.5;False;Auto.de;68.199.863.107.460.600
1076;1076;Opel;Astra;1-1-2018;13.849;;117000.0;Schaltgetriebe;Benzin;8.0;185.0;125.0;0.00011836752136752137;14.16;2619.6;3422.5;False;Auto.de;7.233.401.779.603.010
1077;1077;Ford;Grand C-Max;1-12-2018;20.149;;41000.0;Automatik;Benzin;8.0;185.0;150.0;0.0004914390243902439;14.16;2619.6;3422.5;False;Auto.de;631.895.961.670.089
1078;1078;Ford;Ka / Ka+;1-1-2018;11.849;;47500.0;Schaltgetriebe;Benzin;8.0;185.0;86.0;0.0002494526315789474;14.16;2619.6;3422.5;False;Auto.de;7.233.401.779.603.010
1079;1079;Ford;EcoSport;1-7-2018;18.049;;48300.0;Schaltgetriebe;Benzin;8.0;185.0;125.0;0.0003736853002070393;14.16;2619.6;3422.5;False;Auto.de;6.737.850.787.132.100
1080;1080;BMW;X3;1-6-2018;31.749;;53000.0;Automatik;Benzin;8.0;185.0;184.0;0.0005990377358490566;14.16;2619.6;3422.5;False;Auto.de;68.199.863.107.460.600
1081;1081;BMW;320;1-8-2018;24.949;;103840.0;Automatik;Diesel;8.0;127.0;190.0;0.00024026386748844376;14.16;2619.6;2349.5;True;Auto.de;6.652.977.412.731.000
1082;1082;Ford;C-Max;1-10-2018;16.549;;58132.0;Schaltgetriebe;Benzin;8.0;131.0;125.0;0.00028467969448840567;14.16;2619.6;2423.5;False;Auto.de;6.485.968.514.715.940
1083;1083;Opel;Crossland X;1-6-2018;16.549;;16600.0;Schaltgetriebe;Benzin;5.0;114.0;131.0;0.0009969277108433734;8.85;1637.25;2109.0;True;Auto.de;68.199.863.107.460.600
1084;1084;Volkswagen;Touareg;1-9-2018;49.049;;76697.0;Automatik;Diesel;6.0;173.0;286.0;0.0006395165391084397;10.620.000.000.000.000;19.647.000.000.000.000;3200.5;False;Auto.de;6.568.104.038.329.910
1085;1085;Jaguar;XE;1-9-2018;24.949;;67350.0;Automatik;Benzin;8.0;178.0;200.0;0.00037043801039346696;14.16;2619.6;3293.0;False;Auto.de;6.568.104.038.329.910
1086;1086;Jaguar;E-Pace;1-11-2018;33.849;;19990.0;Automatik;Benzin;8.0;182.0;200.0;0.0016932966483241619;14.16;2619.6;3367.0;False;Auto.de;6.401.095.140.314.850
1087;1087;Jaguar;I-Pace;1-7-2018;36.649;;66800.0;Automatik;Elektro;;0.0;400.0;0.0005486377245508983;;;0.0;True;Auto.de;6.737.850.787.132.100
1088;1088;Volkswagen;Polo;1-12-2018;13.049;;84749.0;Schaltgetriebe;Benzin;8.0;108.0;65.0;0.00015397231825744256;14.16;2619.6;1998.0;True;Auto.de;631.895.961.670.089
1089;1089;Fiat;500;1-3-2018;11.949;;28300.0;Schaltgetriebe;Benzin;8.0;111.0;69.0;0.000422226148409894;14.16;2619.6;2053.5;True;Auto.de;70.718.685.831.622.100
1090;1090;Jaguar;E-Pace;1-12-2018;32.749;;36500.0;Automatik;Benzin;3.0;189.0;249.0;0.0008972328767123288;53.100.000.000.000.000;9.823.500.000.000.000;3496.5;False;Auto.de;631.895.961.670.089
1091;1091;Audi;Q3;1-3-2018;22.949;;61100.0;Automatik;Benzin;8.0;185.0;150.0;0.00037559738134206223;14.16;2619.6;3422.5;False;Auto.de;70.718.685.831.622.100
1092;1092;Volkswagen;Passat Variant;1-2-2018;30.749;;47900.0;Automatik;Hybrid (Elektro / Benzin);7.0;38.0;218.0;0.0006419415448851774;12.39;2292.15;703.0;True;Auto.de;7.148.528.405.201.910
1093;1093;Volkswagen;Tiguan;1-2-2018;28.249;;40080.0;Schaltgetriebe;Benzin;0.0;0.0;150.0;0.000704815369261477;0.0;0.0;0.0;True;Auto.de;7.148.528.405.201.910
1094;1094;Opel;Grandland X;1-1-2018;19.949;;32000.0;Automatik;Benzin;0.0;0.0;131.0;0.00062340625;0.0;0.0;0.0;True;Auto.de;7.233.401.779.603.010
1095;1095;Volkswagen;Golf;1-11-2018;17.049;;120389.0;Schaltgetriebe;Diesel;2.0;109.0;116.0;0.00014161592836554835;3.54;654.9;2016.5;True;Auto.de;6.401.095.140.314.850
1096;1096;Seat;Leon;1-8-2018;15.349;;108000.0;Schaltgetriebe;Benzin;8.0;114.0;150.0;0.00014212037037037036;14.16;2619.6;2109.0;True;Auto.de;6.652.977.412.731.000
1097;1097;Volkswagen;Touran;1-11-2018;21.849;;73500.0;Schaltgetriebe;Benzin;8.0;185.0;150.0;0.00029726530612244896;14.16;2619.6;3422.5;False;Auto.de;6.401.095.140.314.850
1098;1098;BMW;X5;1-4-2018;36.649;;146000.0;Automatik;Diesel;9.0;183.0;313.0;0.0002510205479452055;15.93;2947.05;3385.5;False;Auto.de;69.869.952.087.611.200
1099;1099;Opel;Insignia;1-5-2018;18.749;;143000.0;Automatik;Diesel;7.0;186.0;209.0;0.0001311118881118881;12.39;2292.15;3441.0;False;Auto.de;69.048.596.851.471.500
1100;1100;Hyundai;i30;1-10-2018;17.349;;80222.0;Schaltgetriebe;Benzin;8.0;185.0;140.0;0.00021626237191792774;14.16;2619.6;3422.5;False;Auto.de;6.485.968.514.715.940
1101;1101;Ssangyong;REXTON;1-5-2018;23.349;;74954.0;Automatik;Diesel;7.0;186.0;181.0;0.0003115110601168717;12.39;2292.15;3441.0;False;Auto.de;69.048.596.851.471.500
1102;1102;Land Rover;Range Rover Evoque;1-6-2018;31.149;;32915.0;Automatik;Diesel;7.0;186.0;150.0;0.0009463466504633146;12.39;2292.15;3441.0;False;Auto.de;68.199.863.107.460.600
1103;1103;Volkswagen;T6 SONSTIGE;1-4-2018;34.949;;90000.0;Automatik;Diesel;7.0;186.0;150.0;0.0003883222222222222;12.39;2292.15;3441.0;False;Auto.de;69.869.952.087.611.200
1104;1104;Opel;Insignia CT;1-1-2018;20.849;;142500.0;Automatik;Benzin;8.0;185.0;260.0;0.00014630877192982455;14.16;2619.6;3422.5;False;Auto.de;7.233.401.779.603.010
1105;1105;Mercedes-Benz;E 250;1-1-2018;30.049;;65234.0;Automatik;Benzin;8.0;185.0;211.0;0.000460634025201582;14.16;2619.6;3422.5;False;Auto.de;7.233.401.779.603.010
1106;1106;Nissan;Qashqai;1-10-2018;16.949;;67807.0;Schaltgetriebe;Benzin;8.0;185.0;116.0;0.00024995944371525064;14.16;2619.6;3422.5;False;Auto.de;6.485.968.514.715.940
1107;1107;Seat;Leon;1-8-2018;12.549;;54461.0;Schaltgetriebe;Benzin;8.0;185.0;110.0;0.00023042176970676262;14.16;2619.6;3422.5;False;Auto.de;6.652.977.412.731.000
1108;1108;Ford;Edge;1-6-2018;26.549;;99141.0;Automatik;Diesel;7.0;186.0;209.0;0.0002677903188388255;12.39;2292.15;3441.0;False;Auto.de;68.199.863.107.460.600
1109;1109;Ford;Focus;1-12-2018;23.849;;55400.0;Schaltgetriebe;Benzin;8.0;185.0;182.0;0.00043048736462093865;14.16;2619.6;3422.5;False;Auto.de;631.895.961.670.089
1110;1110;Opel;Astra;1-10-2018;13.949;;76145.0;Schaltgetriebe;Benzin;6.0;107.0;105.0;0.0001831899665112614;10.620.000.000.000.000;19.647.000.000.000.000;1979.5;True;Auto.de;6.485.968.514.715.940
1111;1111;Kia;Stonic;1-8-2018;15.949;;42620.0;Schaltgetriebe;Benzin;5.0;115.0;101.0;0.00037421398404504925;8.85;1637.25;2127.5;True;Auto.de;6.652.977.412.731.000
1112;1112;Ford;EcoSport;1-5-2018;13.049;;73550.0;Schaltgetriebe;Benzin;8.0;185.0;125.0;0.00017741672331747111;14.16;2619.6;3422.5;False;Auto.de;69.048.596.851.471.500
1113;1113;Hyundai;Tucson;1-1-2018;18.549;;41000.0;Schaltgetriebe;Benzin;3.0;0.0;177.0;0.00045241463414634145;53.100.000.000.000.000;9.823.500.000.000.000;0.0;True;Auto.de;7.233.401.779.603.010
1114;1114;Opel;Astra;1-11-2018;11.449;;90215.0;Schaltgetriebe;Diesel;7.0;186.0;110.0;0.00012690794213822534;12.39;2292.15;3441.0;False;Auto.de;6.401.095.140.314.850
1115;1115;Skoda;Octavia;1-5-2018;20.149;;84622.0;Automatik;Benzin;8.0;185.0;180.0;0.000238105929900026;14.16;2619.6;3422.5;False;Auto.de;69.048.596.851.471.500
1116;1116;Renault;Trafic;1-5-2018;23.649;;61580.0;Schaltgetriebe;Diesel;7.0;186.0;125.0;0.00038403702500811954;12.39;2292.15;3441.0;False;Auto.de;69.048.596.851.471.500
1117;1117;Volkswagen;T6 Multivan;1-8-2018;41.349;;85779.0;Automatik;Diesel;6.0;186.0;204.0;0.00048204105900045464;10.620.000.000.000.000;19.647.000.000.000.000;3441.0;False;Auto.de;6.652.977.412.731.000
1118;1118;Lexus;RX 300;1-3-2018;42.449;;51278.0;Automatik;Benzin;6.0;245.0;238.0;0.0008278208978509302;10.620.000.000.000.000;19.647.000.000.000.000;4532.5;False;Auto.de;70.718.685.831.622.100
1119;1119;Land Rover;Discovery Sport;1-4-2018;21.149;;150000.0;Automatik;Diesel;3.0;139.0;180.0;0.00014099333333333333;53.100.000.000.000.000;9.823.500.000.000.000;2571.5;False;Auto.de;69.869.952.087.611.200
1120;1120;Porsche;991;1-5-2018;169.549;;17450.0;Automatik;Benzin;7.0;288.0;500.0;0.009716275071633237;12.39;2292.15;5328.0;False;Auto.de;69.048.596.851.471.500
1121;1121;Volkswagen;Touareg;1-10-2018;44.049;;90000.0;Automatik;Diesel;6.0;173.0;286.0;0.0004894333333333333;10.620.000.000.000.000;19.647.000.000.000.000;3200.5;False;Auto.de;6.485.968.514.715.940
1122;1122;Peugeot;5008;1-10-2018;15.949;;150000.0;Schaltgetriebe;Diesel;2.0;109.0;131.0;0.00010632666666666667;3.54;654.9;2016.5;True;Auto.de;6.485.968.514.715.940
1123;1123;Opel;Crossland X;1-6-2018;11.949;;95000.0;Schaltgetriebe;Benzin;5.0;114.0;131.0;0.00012577894736842104;8.85;1637.25;2109.0;True;Auto.de;68.199.863.107.460.600
1124;1124;Volkswagen;Golf Sportsvan;1-2-2018;18.649;;87740.0;Automatik;Benzin;1.0;116.0;131.0;0.00021254843856849786;1.77;327.45;2146.0;True;Auto.de;7.148.528.405.201.910
1125;1125;Volkswagen;Golf Sportsvan;1-10-2018;15.849;;84450.0;Schaltgetriebe;Benzin;0.0;0.0;86.0;0.00018767317939609237;0.0;0.0;0.0;True;Auto.de;6.485.968.514.715.940
1126;1126;Opel;Corsa;1-5-2018;12.649;;62600.0;Schaltgetriebe;Benzin;8.0;185.0;90.0;0.00020206070287539935;14.16;2619.6;3422.5;False;Auto.de;69.048.596.851.471.500
1127;1127;Opel;Grandland X;1-3-2018;19.949;;78411.0;Schaltgetriebe;Diesel;0.0;0.0;120.0;0.00025441583451301476;0.0;0.0;0.0;True;Auto.de;70.718.685.831.622.100
1128;1128;Opel;Grandland X;1-4-2018;20.049;;40944.0;Schaltgetriebe;Benzin;0.0;0.0;131.0;0.000489668815943728;0.0;0.0;0.0;True;Auto.de;69.869.952.087.611.200
1129;1129;Ford;Kuga;1-9-2018;19.149;;60075.0;Schaltgetriebe;Benzin;2.0;164.0;150.0;0.0003187515605493134;3.54;654.9;3034.0;False;Auto.de;6.568.104.038.329.910
1130;1130;Honda;Jazz;1-12-2018;13.549;;53025.0;Schaltgetriebe;Benzin;1.0;117.0;102.0;0.0002555209806694955;1.77;327.45;2164.5;True;Auto.de;631.895.961.670.089
1131;1131;Mercedes-Benz;A 180;1-11-2018;23.349;;38720.0;Schaltgetriebe;Benzin;8.0;185.0;136.0;0.000603021694214876;14.16;2619.6;3422.5;False;Auto.de;6.401.095.140.314.850
1132;1132;Ford;EcoSport;1-6-2018;16.049;;57600.0;Schaltgetriebe;Benzin;8.0;185.0;140.0;0.0002786284722222222;14.16;2619.6;3422.5;False;Auto.de;68.199.863.107.460.600
1133;1133;Skoda;Octavia;1-7-2018;25.449;;73128.0;Automatik;Benzin;6.0;149.0;230.0;0.0003480062356416147;10.620.000.000.000.000;19.647.000.000.000.000;2756.5;False;Auto.de;6.737.850.787.132.100
1134;1134;Mercedes-Benz;E 250;1-2-2018;28.649;;115088.0;Automatik;Benzin;2.0;140.0;211.0;0.00024893125260670094;3.54;654.9;2590.0;False;Auto.de;7.148.528.405.201.910
1135;1135;Volkswagen;Golf Sportsvan;1-11-2018;18.549;;48233.0;Schaltgetriebe;Benzin;1.0;116.0;131.0;0.0003845707295834802;1.77;327.45;2146.0;True;Auto.de;6.401.095.140.314.850
1136;1136;Volkswagen;Golf Sportsvan;1-12-2018;20.149;;48341.0;Automatik;Benzin;8.0;185.0;131.0;0.0004168097474193749;14.16;2619.6;3422.5;False;Auto.de;631.895.961.670.089
1137;1137;Seat;Leon;1-12-2018;18.849;;119500.0;Automatik;Benzin;8.0;185.0;190.0;0.00015773221757322175;14.16;2619.6;3422.5;False;Auto.de;631.895.961.670.089
1138;1138;Porsche;Panamera;1-7-2018;68.449;;67000.0;Automatik;Benzin;1.0;184.0;441.0;0.0010216268656716417;1.77;327.45;3404.0;False;Auto.de;6.737.850.787.132.100
1139;1139;BMW;440;1-2-2018;34.849;;89900.0;Automatik;Benzin;3.0;0.0;326.0;0.0003876418242491657;53.100.000.000.000.000;9.823.500.000.000.000;0.0;True;Auto.de;7.148.528.405.201.910
1140;1140;Ford;Fiesta;1-7-2018;13.049;;52907.0;Schaltgetriebe;Benzin;8.0;185.0;101.0;0.0002466403311471072;14.16;2619.6;3422.5;False;Auto.de;6.737.850.787.132.100
1141;1141;Audi;Q8;1-12-2018;55.449;;97475.0;Automatik;Diesel;7.0;186.0;371.0;0.0005688535521928699;12.39;2292.15;3441.0;False;Auto.de;631.895.961.670.089
1142;1142;Audi;A3;1-9-2018;24.349;;79100.0;Automatik;Benzin;8.0;185.0;150.0;0.00030782553729456384;14.16;2619.6;3422.5;False;Auto.de;6.568.104.038.329.910
1143;1143;Audi;S5;1-4-2018;36.949;;109700.0;Automatik;Benzin;9.0;179.0;354.0;0.00033681859617137644;15.93;2947.05;3311.5;False;Auto.de;69.869.952.087.611.200
1144;1144;Skoda;Fabia;1-11-2018;13.949;;66200.0;Schaltgetriebe;Benzin;6.0;105.0;110.0;0.00021070996978851962;10.620.000.000.000.000;19.647.000.000.000.000;1942.5;True;Auto.de;6.401.095.140.314.850
1145;1145;Ford;Grand Tourneo Connect;1-12-2018;21.149;;113800.0;Schaltgetriebe;Diesel;5.0;119.0;120.0;0.00018584358523725836;8.85;1637.25;2201.5;True;Auto.de;631.895.961.670.089
1146;1146;Opel;Crossland X;1-12-2018;13.549;;114000.0;Schaltgetriebe;Benzin;8.0;185.0;110.0;0.00011885087719298245;14.16;2619.6;3422.5;False;Auto.de;631.895.961.670.089
1147;1147;Opel;Crossland X;1-3-2018;12.049;;87270.0;Schaltgetriebe;Benzin;8.0;185.0;131.0;0.0001380657728887361;14.16;2619.6;3422.5;False;Auto.de;70.718.685.831.622.100
1148;1148;Volkswagen;Passat Variant;1-2-2018;18.849;;119232.0;Automatik;Benzin;8.0;185.0;180.0;0.00015808675523349436;14.16;2619.6;3422.5;False;Auto.de;7.148.528.405.201.910
1149;1149;Volkswagen;Touran;1-4-2018;22.249;;120959.0;Automatik;Benzin;4.0;126.0;150.0;0.00018393835927876386;7.08;1309.8;2331.0;True;Auto.de;69.869.952.087.611.200
1150;1150;Ford;SONSTIGE;1-8-2018;13.549;;90840.0;Schaltgetriebe;Diesel;7.0;186.0;101.0;0.0001491523557904007;12.39;2292.15;3441.0;False;Auto.de;6.652.977.412.731.000
1151;1151;Mazda;6;1-12-2018;25.449;;79332.0;Automatik;Benzin;8.0;185.0;194.0;0.00032079110573286947;14.16;2619.6;3422.5;False;Auto.de;631.895.961.670.089
1152;1152;Ford;Grand C-Max;1-10-2018;12.449;;130000.0;Schaltgetriebe;Diesel;6.0;146.0;150.0;9,58E+10;10.620.000.000.000.000;19.647.000.000.000.000;2701.0;False;Auto.de;6.485.968.514.715.940
1153;1153;Renault;Clio;1-11-2018;9.949;;98000.0;Schaltgetriebe;Diesel;3.0;129.0;90.0;0.0001015204081632653;53.100.000.000.000.000;9.823.500.000.000.000;2386.5;True;Auto.de;6.401.095.140.314.850
1154;1154;Land Rover;Range Rover Sport;1-5-2018;51.449;;45722.0;Automatik;Diesel;7.0;186.0;306.0;0.0011252569878832947;12.39;2292.15;3441.0;False;Auto.de;69.048.596.851.471.500
1155;1155;Skoda;Karoq;1-2-2018;23.249;;62000.0;Automatik;Benzin;4.0;0.0;150.0;0.0003749838709677419;7.08;1309.8;0.0;True;Auto.de;7.148.528.405.201.910
1156;1156;Jaguar;F-Pace;1-9-2018;31.249;;74355.0;Automatik;Diesel;3.0;139.0;180.0;0.00042026763499428414;53.100.000.000.000.000;9.823.500.000.000.000;2571.5;False;Auto.de;6.568.104.038.329.910
1157;1157;Fiat;Talento;1-6-2018;13.549;;111068.0;Schaltgetriebe;Diesel;5.0;170.0;95.0;0.00012198833147261137;8.85;1637.25;3145.0;False;Auto.de;68.199.863.107.460.600
1158;1158;Seat;Leon;1-8-2018;18.549;;63451.0;Schaltgetriebe;Benzin;8.0;114.0;150.0;0.00029233581819041463;14.16;2619.6;2109.0;True;Auto.de;6.652.977.412.731.000
1159;1159;Mini;Cooper;1-4-2018;22.249;;39300.0;Automatik;Benzin;8.0;185.0;192.0;0.0005661323155216285;14.16;2619.6;3422.5;False;Auto.de;69.869.952.087.611.200
1160;1160;Mitsubishi;Outlander;1-9-2018;22.349;;30300.0;Schaltgetriebe;Benzin;7.0;159.0;150.0;0.0007375907590759076;12.39;2292.15;2941.5;False;Auto.de;6.568.104.038.329.910
1161;1161;Volvo;XC90;1-4-2018;40.04;;96936.0;Automatik;Diesel;7.0;149.0;235.0;0.00041305603697284804;12.39;2292.15;2756.5;False;Auto.de;69.869.952.087.611.200
1162;1162;Alfa;Romeo Stelvio;1-6-2018;27.549;;133758.0;Automatik;Benzin;7.0;161.0;280.0;0.00020596151258242497;12.39;2292.15;2978.5;False;Auto.de;68.199.863.107.460.600
1163;1163;Kia;cee'd;1-7-2018;16.949;;80840.0;Schaltgetriebe;Benzin;8.0;185.0;140.0;0.00020966105888174172;14.16;2619.6;3422.5;False;Auto.de;6.737.850.787.132.100
1164;1164;Seat;Leon;1-8-2018;11.549;;127409.0;Schaltgetriebe;Benzin;8.0;185.0;125.0;9,06E+10;14.16;2619.6;3422.5;False;Auto.de;6.652.977.412.731.000
1165;1165;Seat;Leon;1-8-2018;11.249;;142578.0;Schaltgetriebe;Benzin;8.0;185.0;125.0;7,89E+10;14.16;2619.6;3422.5;False;Auto.de;6.652.977.412.731.000
1166;1166;Toyota;Aygo;1-7-2018;9.049;;96887.0;Schaltgetriebe;Benzin;1.0;95.0;69.0;9,34E+09;1.77;327.45;1757.5;True;Auto.de;6.737.850.787.132.100
1167;1167;Skoda;Fabia;1-3-2018;13.549;;37768.0;Schaltgetriebe;Benzin;8.0;185.0;75.0;0.0003587428510908706;14.16;2619.6;3422.5;False;Auto.de;70.718.685.831.622.100
1168;1168;Mazda;3;1-1-2018;16.949;;26527.0;Schaltgetriebe;Benzin;8.0;185.0;120.0;0.0006389339163870774;14.16;2619.6;3422.5;False;Auto.de;7.233.401.779.603.010
1169;1169;Ford;Transit;1-12-2018;19.049;;70000.0;Schaltgetriebe;Diesel;6.0;186.0;170.0;0.0002721285714285714;10.620.000.000.000.000;19.647.000.000.000.000;3441.0;False;Auto.de;631.895.961.670.089
1170;1170;BMW;530;1-1-2018;31.749;;115000.0;Automatik;Diesel;7.0;186.0;265.0;0.00027607826086956523;12.39;2292.15;3441.0;False;Auto.de;7.233.401.779.603.010
1171;1171;Renault;Clio;1-6-2018;12.549;;57594.0;Schaltgetriebe;Benzin;8.0;185.0;73.0;0.00021788727992499217;14.16;2619.6;3422.5;False;Auto.de;68.199.863.107.460.600
1172;1172;Jaguar;XE;1-8-2018;15.849;;130000.0;Schaltgetriebe;Diesel;9.0;128.0;180.0;0.00012191538461538461;15.93;2947.05;2368.0;True;Auto.de;6.652.977.412.731.000
1173;1173;Jaguar;XF;1-8-2018;31.649;;90325.0;Automatik;Diesel;8.0;153.0;241.0;0.00035039025740381957;14.16;2619.6;2830.5;False;Auto.de;6.652.977.412.731.000
1174;1174;Mercedes-Benz;C 43 AMG;1-7-2018;40.249;;124920.0;Automatik;Benzin;3.0;190.0;367.0;0.00032219820685238553;53.100.000.000.000.000;9.823.500.000.000.000;3515.0;False;Auto.de;6.737.850.787.132.100
1175;1175;Mercedes-Benz;C 200;1-8-2018;33.949;;53894.0;Automatik;Benzin;8.0;185.0;184.0;0.0006299216981482168;14.16;2619.6;3422.5;False;Auto.de;6.652.977.412.731.000
1176;1176;Peugeot;308;1-5-2018;15.449;;48750.0;Schaltgetriebe;Benzin;8.0;185.0;131.0;0.0003169025641025641;14.16;2619.6;3422.5;False;Auto.de;69.048.596.851.471.500
1177;1177;Ford;Ranger;1-10-2018;27.549;;146215.0;Automatik;Diesel;7.0;186.0;200.0;0.00018841432137605582;12.39;2292.15;3441.0;False;Auto.de;6.485.968.514.715.940
1178;1178;Volkswagen;Caddy;1-9-2018;17.549;;91100.0;Schaltgetriebe;Diesel;7.0;186.0;102.0;0.0001926344676180022;12.39;2292.15;3441.0;False;Auto.de;6.568.104.038.329.910
1179;1179;Ford;EcoSport;1-9-2018;16.549;;38000.0;Schaltgetriebe;Benzin;8.0;185.0;125.0;0.00043549999999999996;14.16;2619.6;3422.5;False;Auto.de;6.568.104.038.329.910
1180;1180;Opel;Corsa;1-3-2018;10.849;;75880.0;Schaltgetriebe;Benzin;8.0;185.0;90.0;0.0001429757511860833;14.16;2619.6;3422.5;False;Auto.de;70.718.685.831.622.100
1181;1181;Ford;Focus;1-4-2018;16.449;;67500.0;Schaltgetriebe;Benzin;8.0;185.0;150.0;0.00024368888888888892;14.16;2619.6;3422.5;False;Auto.de;69.869.952.087.611.200
1182;1182;Skoda;Rapid;1-10-2018;13.549;;81492.0;Schaltgetriebe;Benzin;8.0;185.0;95.0;0.00016626171894173661;14.16;2619.6;3422.5;False;Auto.de;6.485.968.514.715.940
1183;1183;Opel;Grandland X;1-6-2018;16.049;;94400.0;Automatik;Benzin;8.0;185.0;131.0;0.000170010593220339;14.16;2619.6;3422.5;False;Auto.de;68.199.863.107.460.600
1184;1184;Renault;Twingo;1-7-2018;10.049;;23998.0;Schaltgetriebe;Benzin;5.0;125.0;69.0;0.0004187432286023835;8.85;1637.25;2312.5;True;Auto.de;6.737.850.787.132.100
1185;1185;Mazda;3;1-5-2018;17.549;;31180.0;Schaltgetriebe;Benzin;8.0;185.0;120.0;0.0005628287363694676;14.16;2619.6;3422.5;False;Auto.de;69.048.596.851.471.500
1186;1186;Mazda;CX-3;1-4-2018;15.949;;94268.0;Schaltgetriebe;Benzin;8.0;185.0;120.0;0.00016918784741375652;14.16;2619.6;3422.5;False;Auto.de;69.869.952.087.611.200
1187;1187;Ford;Focus;1-7-2018;20.749;;72657.0;Schaltgetriebe;Benzin;0.0;0.0;182.0;0.0002855746865408701;0.0;0.0;0.0;True;Auto.de;6.737.850.787.132.100
1188;1188;Renault;ZOE;1-9-2018;11.349;;53500.0;Automatik;Elektro;;0.0;58.0;0.00021213084112149533;;;0.0;True;Auto.de;6.568.104.038.329.910
1189;1189;Opel;Zafira;1-10-2018;21.249;;111458.0;Automatik;Diesel;7.0;183.0;131.0;0.00019064580380053473;12.39;2292.15;3385.5;False;Auto.de;6.485.968.514.715.940
1190;1190;Hyundai;i30;1-8-2018;16.449;;60525.0;Schaltgetriebe;Benzin;8.0;185.0;120.0;0.00027177199504337053;14.16;2619.6;3422.5;False;Auto.de;6.652.977.412.731.000
1191;1191;Volvo;V60;1-7-2018;21.449;;76000.0;Automatik;Benzin;8.0;185.0;152.0;0.00028222368421052636;14.16;2619.6;3422.5;False;Auto.de;6.737.850.787.132.100
1192;1192;Ford;Grand C-Max;1-4-2018;16.349;;94650.0;Automatik;Benzin;8.0;185.0;150.0;0.0001727311146328579;14.16;2619.6;3422.5;False;Auto.de;69.869.952.087.611.200
1193;1193;Ford;Focus;1-8-2018;13.949;;69459.0;Schaltgetriebe;Benzin;8.0;185.0;125.0;0.00020082350739285046;14.16;2619.6;3422.5;False;Auto.de;6.652.977.412.731.000
1194;1194;Renault;ZOE;1-3-2018;10.249;;78000.0;Automatik;Elektro;;0.0;58.0;0.0001313974358974359;;;0.0;True;Auto.de;70.718.685.831.622.100
1195;1195;Volvo;V90 Cross Country;1-4-2018;29.749;;123500.0;Automatik;Diesel;7.0;186.0;235.0;0.0002408825910931174;12.39;2292.15;3441.0;False;Auto.de;69.869.952.087.611.200
1196;1196;Audi;Q2;1-7-2018;21.749;;118819.0;Automatik;Diesel;8.0;125.0;150.0;0.00018304311599996634;14.16;2619.6;2312.5;True;Auto.de;6.737.850.787.132.100
1197;1197;Land Rover;Discovery;1-10-2018;29.749;;96352.0;Automatik;Diesel;4.0;226.0;241.0;0.0003087533211557622;7.08;1309.8;4181.0;False;Auto.de;6.485.968.514.715.940
1198;1198;Ford;Focus;1-11-2018;22.249;;41200.0;Automatik;Benzin;8.0;185.0;150.0;0.0005400242718446601;14.16;2619.6;3422.5;False;Auto.de;6.401.095.140.314.850
1199;1199;Mercedes-Benz;GLE 350;1-12-2018;41.349;;129917.0;Automatik;Diesel;4.0;169.0;258.0;0.00031827243547803593;7.08;1309.8;3126.5;False;Auto.de;631.895.961.670.089
1200;1200;Opel;Adam;1-10-2018;11.949;;44600.0;Schaltgetriebe;Benzin;6.0;128.0;69.0;0.00026791479820627805;10.620.000.000.000.000;19.647.000.000.000.000;2368.0;True;Auto.de;6.485.968.514.715.940
1201;1201;Audi;A6;1-7-2018;27.549;;52000.0;Automatik;Benzin;8.0;185.0;190.0;0.0005297884615384615;14.16;2619.6;3422.5;False;Auto.de;6.737.850.787.132.100
1202;1202;Opel;Karl;1-8-2018;11.049;;61329.0;Schaltgetriebe;Benzin;2.0;118.0;73.0;0.00018015946778848505;3.54;654.9;2183.0;True;Auto.de;6.652.977.412.731.000
1203;1203;Hyundai;Kona;1-9-2018;16.849;;38327.0;Schaltgetriebe;Benzin;4.0;125.0;120.0;0.0004396117619432776;7.08;1309.8;2312.5;True;Auto.de;6.568.104.038.329.910
1204;1204;Seat;Leon;1-7-2018;12.849;;54461.0;Schaltgetriebe;Benzin;8.0;140.0;110.0;0.00023593029874589155;14.16;2619.6;2590.0;False;Auto.de;6.737.850.787.132.100
1205;1205;Skoda;Fabia;1-12-2018;12.749;;71000.0;Schaltgetriebe;Benzin;0.0;0.0;95.0;0.00017956338028169016;0.0;0.0;0.0;True;Auto.de;631.895.961.670.089
1206;1206;Ssangyong;XLV;1-11-2018;12.049;;60980.0;Schaltgetriebe;Diesel;7.0;186.0;116.0;0.0001975893735651033;12.39;2292.15;3441.0;False;Auto.de;6.401.095.140.314.850
1207;1207;Alpine;SONSTIGE;1-8-2018;63.049;;21000.0;Automatik;Benzin;2.0;162.0;252.0;0.0030023333333333334;3.54;654.9;2997.0;False;Auto.de;6.652.977.412.731.000
1208;1208;Mercedes-Benz;GLC 250;1-1-2018;34.549;;42000.0;Automatik;Benzin;8.0;185.0;211.0;0.000822595238095238;14.16;2619.6;3422.5;False;Auto.de;7.233.401.779.603.010
1209;1209;Volkswagen;up!;1-4-2018;11.049;;35000.0;Automatik;Elektro;;0.0;82.0;0.00031568571428571425;;;0.0;True;Auto.de;69.869.952.087.611.200
1210;1210;Mercedes-Benz;GLC 350;1-5-2018;37.249;;87227.0;Automatik;Hybrid (Elektro / Benzin);8.0;85.0;211.0;0.0004270352069886618;14.16;2619.6;1572.5;True;Auto.de;69.048.596.851.471.500
1211;1211;Seat;Leon;1-7-2018;11.249;;139648.0;Schaltgetriebe;Benzin;8.0;185.0;125.0;8,06E+10;14.16;2619.6;3422.5;False;Auto.de;6.737.850.787.132.100
1212;1212;Seat;Leon;1-7-2018;11.749;;116103.0;Schaltgetriebe;Benzin;8.0;185.0;125.0;0.00010119462890709113;14.16;2619.6;3422.5;False;Auto.de;6.737.850.787.132.100
1213;1213;Seat;Leon;1-7-2018;12.549;;79646.0;Schaltgetriebe;Benzin;8.0;185.0;125.0;0.0001575597016799337;14.16;2619.6;3422.5;False;Auto.de;6.737.850.787.132.100
1214;1214;Seat;Leon;1-8-2018;12.049;;102260.0;Schaltgetriebe;Benzin;8.0;185.0;125.0;0.00011782710737336201;14.16;2619.6;3422.5;False;Auto.de;6.652.977.412.731.000
1215;1215;Seat;Leon;1-8-2018;12.049;;105653.0;Schaltgetriebe;Benzin;8.0;185.0;125.0;0.00011404314122646777;14.16;2619.6;3422.5;False;Auto.de;6.652.977.412.731.000
1216;1216;Seat;Leon;1-8-2018;11.249;;114607.0;Schaltgetriebe;Diesel;7.0;186.0;116.0;9,82E+10;12.39;2292.15;3441.0;False;Auto.de;6.652.977.412.731.000
1217;1217;Seat;Leon;1-8-2018;11.249;;130353.0;Schaltgetriebe;Diesel;7.0;186.0;116.0;8,63E+10;12.39;2292.15;3441.0;False;Auto.de;6.652.977.412.731.000
1218;1218;Seat;Leon;1-8-2018;11.249;;147589.0;Schaltgetriebe;Diesel;7.0;186.0;116.0;7,62E+09;12.39;2292.15;3441.0;False;Auto.de;6.652.977.412.731.000
1219;1219;Seat;Leon;1-8-2018;11.249;;124997.0;Schaltgetriebe;Diesel;7.0;186.0;116.0;9,00E+10;12.39;2292.15;3441.0;False;Auto.de;6.652.977.412.731.000
1220;1220;Seat;Leon;1-7-2018;12.049;;103510.0;Schaltgetriebe;Benzin;8.0;185.0;125.0;0.00011640421215341512;14.16;2619.6;3422.5;False;Auto.de;6.737.850.787.132.100
1221;1221;Seat;Leon;1-8-2018;11.249;;131622.0;Schaltgetriebe;Benzin;8.0;185.0;125.0;8,55E+10;14.16;2619.6;3422.5;False;Auto.de;6.652.977.412.731.000
1222;1222;Seat;Leon;1-7-2018;11.249;;134934.0;Schaltgetriebe;Benzin;8.0;185.0;125.0;8,34E+10;14.16;2619.6;3422.5;False;Auto.de;6.737.850.787.132.100
1223;1223;Seat;Leon;1-8-2018;11.249;;137240.0;Schaltgetriebe;Diesel;7.0;186.0;116.0;8,20E+10;12.39;2292.15;3441.0;False;Auto.de;6.652.977.412.731.000
1224;1224;Seat;Leon;1-8-2018;12.249;;91340.0;Schaltgetriebe;Benzin;8.0;185.0;125.0;0.00013410335012042918;14.16;2619.6;3422.5;False;Auto.de;6.652.977.412.731.000
1225;1225;Ford;S-Max;1-7-2018;21.749;;70511.0;Automatik;Diesel;2.0;134.0;150.0;0.0003084483272113571;3.54;654.9;2479.0;False;Auto.de;6.737.850.787.132.100
1226;1226;Seat;Leon;1-8-2018;10.249;;144538.0;Schaltgetriebe;Benzin;8.0;185.0;110.0;7,09E+09;14.16;2619.6;3422.5;False;Auto.de;6.652.977.412.731.000
1227;1227;Seat;Leon;1-8-2018;10.549;;119752.0;Schaltgetriebe;Benzin;8.0;185.0;110.0;8,81E+10;14.16;2619.6;3422.5;False;Auto.de;6.652.977.412.731.000
1228;1228;Renault;ZOE;1-11-2018;13.049;;45005.0;Automatik;Elektro;;0.0;58.0;0.0002899455616042662;;;0.0;True;Auto.de;6.401.095.140.314.850
1229;1229;Renault;Captur;1-3-2018;13.949;;54666.0;Schaltgetriebe;Benzin;8.0;185.0;90.0;0.0002551677459481213;14.16;2619.6;3422.5;False;Auto.de;70.718.685.831.622.100
1230;1230;Mercedes-Benz;E 350;1-9-2018;32.949;;67000.0;Automatik;Benzin;8.0;155.0;299.0;0.0004917761194029851;14.16;2619.6;2867.5;False;Auto.de;6.568.104.038.329.910
1231;1231;Mercedes-Benz;GLA 180;1-6-2018;23.249;;51200.0;Automatik;Benzin;8.0;185.0;122.0;0.00045408203124999995;14.16;2619.6;3422.5;False;Auto.de;68.199.863.107.460.600
1232;1232;Dodge;RAM;1-7-2018;40.149;;102700.0;Automatik;Autogas;;96.0;401.0;0.0003909347614410906;;;1776.0;True;Auto.de;6.737.850.787.132.100
1233;1233;Volkswagen;Polo;1-7-2018;14.049;;117521.0;Schaltgetriebe;Benzin;8.0;185.0;95.0;0.00011954459203036053;14.16;2619.6;3422.5;False;Auto.de;6.737.850.787.132.100
1234;1234;Volkswagen;Crafter;1-11-2018;25.149;;67011.0;Schaltgetriebe;Diesel;7.0;186.0;140.0;0.0003752965930966558;12.39;2292.15;3441.0;False;Auto.de;6.401.095.140.314.850
1235;1235;Volkswagen;Golf Sportsvan;1-5-2018;19.049;;55260.0;Automatik;Benzin;2.0;121.0;125.0;0.0003447158885269634;3.54;654.9;2238.5;True;Auto.de;69.048.596.851.471.500
1236;1236;Dacia;Sandero;1-6-2018;10.949;;64525.0;Schaltgetriebe;Autogas;;120.0;90.0;0.00016968616815187911;;;2220.0;True;Auto.de;68.199.863.107.460.600
1237;1237;Ford;Tourneo Courier;1-10-2018;14.049;;95950.0;Schaltgetriebe;Benzin;3.0;120.0;101.0;0.00014642001042209483;53.100.000.000.000.000;9.823.500.000.000.000;2220.0;True;Auto.de;6.485.968.514.715.940
1238;1238;Kia;Rio;1-2-2020;18.448;;53567.0;Automatik;Benzin;8.0;107.0;120.0;0.00034439113633393697;14.16;2619.6;1979.5;True;Auto.de;5.149.897.330.595.480
1239;1239;Jaguar;E-Pace;1-11-2020;34.948;;43195.0;Automatik;Benzin;8.0;174.0;249.0;0.0008090751244356985;14.16;2619.6;3219.0;False;Auto.de;4.399.726.214.921.280
1240;1240;Dacia;Logan;1-8-2020;13.948;;62025.0;Schaltgetriebe;Benzin;8.0;185.0;90.0;0.0002248770656993148;14.16;2619.6;3422.5;False;Auto.de;465.160.848.733.744
1241;1241;Renault;Megane;1-1-2020;16.548;;62795.0;Schaltgetriebe;Benzin;8.0;117.0;140.0;0.0002635241659367784;14.16;2619.6;2164.5;True;Auto.de;5.234.770.704.996.570
1242;1242;Mercedes-Benz;E 220;1-7-2020;41.348;;56270.0;Automatik;Diesel;7.0;186.0;194.0;0.0007348142882530656;12.39;2292.15;3441.0;False;Auto.de;4.736.481.861.738.530
1243;1243;Hyundai;Kona;1-10-2020;17.948;;68390.0;Schaltgetriebe;Benzin;0.0;137.0;120.0;0.0002624360286591607;0.0;0.0;2534.5;False;Auto.de;4.484.599.589.322.380
1244;1244;Renault;Espace;1-12-2020;30.648;;62590.0;Automatik;Benzin;0.0;197.0;224.0;0.0004896628854449593;0.0;0.0;3644.5;False;Auto.de;4.317.590.691.307.320
1245;1245;Land Rover;Discovery Sport;1-12-2020;31.548;;85869.0;Automatik;Diesel;7.0;186.0;180.0;0.0003673968486881179;12.39;2292.15;3441.0;False;Auto.de;4.317.590.691.307.320
1246;1246;Land Rover;Range Rover Evoque;1-10-2020;33.848;;89684.0;Automatik;Diesel;7.0;186.0;180.0;0.0003774140314883368;12.39;2292.15;3441.0;False;Auto.de;4.484.599.589.322.380
1247;1247;Mercedes-Benz;E 220;1-4-2020;43.049;;36458.0;Automatik;Diesel;7.0;186.0;194.0;0.001180783367162214;12.39;2292.15;3441.0;False;Auto.de;4.985.626.283.367.550
1248;1248;Mercedes-Benz;E 220;1-4-2020;43.049;;29693.0;Automatik;Diesel;7.0;186.0;194.0;0.0014498029838682517;12.39;2292.15;3441.0;False;Auto.de;4.985.626.283.367.550
1249;1249;Land Rover;Discovery Sport;1-10-2020;39.148;;51490.0;Automatik;Diesel;7.0;169.0;241.0;0.0007603029714507672;12.39;2292.15;3126.5;False;Auto.de;4.484.599.589.322.380
1250;1250;Ford;Focus;1-11-2020;18.089;;92971.0;Automatik;Benzin;6.0;149.0;125.0;0.00019456604747717027;10.620.000.000.000.000;19.647.000.000.000.000;2756.5;False;Auto.de;4.399.726.214.921.280
1251;1251;Volkswagen;T6 Multivan;1-6-2020;43.049;;88505.0;Automatik;Diesel;7.0;186.0;150.0;0.0004864018981978419;12.39;2292.15;3441.0;False;Auto.de;4.818.617.385.352.490
1252;1252;Volkswagen;Passat Variant;1-11-2020;27.049;;84586.0;Automatik;Diesel;9.0;0.0;190.0;0.00031978105123779346;15.93;2947.05;0.0;True;Auto.de;4.399.726.214.921.280
1253;1253;Volkswagen;Passat Variant;1-12-2020;27.049;;85847.0;Automatik;Diesel;9.0;0.0;190.0;0.0003150838118979114;15.93;2947.05;0.0;True;Auto.de;4.317.590.691.307.320
1254;1254;Volkswagen;Passat Variant;1-10-2020;27.849;;90972.0;Automatik;Diesel;9.0;155.0;190.0;0.00030612716000527634;15.93;2947.05;2867.5;False;Auto.de;4.484.599.589.322.380
1255;1255;Volkswagen;Passat Variant;1-11-2020;27.049;;72370.0;Automatik;Diesel;9.0;0.0;190.0;0.0003737598452397402;15.93;2947.05;0.0;True;Auto.de;4.399.726.214.921.280
1256;1256;Volkswagen;Passat Variant;1-9-2020;27.849;;81744.0;Automatik;Diesel;9.0;155.0;190.0;0.00034068555490311214;15.93;2947.05;2867.5;False;Auto.de;4.566.735.112.936.340
1257;1257;Volkswagen;Passat Variant;1-10-2020;27.849;;84586.0;Automatik;Diesel;9.0;155.0;190.0;0.00032923888113872273;15.93;2947.05;2867.5;False;Auto.de;4.484.599.589.322.380
1258;1258;Volkswagen;Passat Variant;1-10-2020;27.849;;72370.0;Automatik;Diesel;9.0;155.0;190.0;0.0003848141495094652;15.93;2947.05;2867.5;False;Auto.de;4.484.599.589.322.380
1259;1259;Volkswagen;Passat Variant;1-11-2020;27.849;;85847.0;Automatik;Diesel;9.0;155.0;190.0;0.00032440271646068007;15.93;2947.05;2867.5;False;Auto.de;4.399.726.214.921.280
1260;1260;Volkswagen;Passat Variant;1-10-2020;27.849;;85621.0;Automatik;Diesel;9.0;155.0;190.0;0.00032525899020100207;15.93;2947.05;2867.5;False;Auto.de;4.484.599.589.322.380
1261;1261;Volkswagen;Passat Variant;1-10-2020;26.089;;94652.0;Automatik;Hybrid (Elektro / Benzin);8.0;85.0;218.0;0.00027563073152178506;14.16;2619.6;1572.5;True;Auto.de;4.484.599.589.322.380
1262;1262;Volkswagen;Passat Variant;1-11-2020;23.489;;124811.0;Automatik;Diesel;7.0;186.0;190.0;0.0001881965531884209;12.39;2292.15;3441.0;False;Auto.de;4.399.726.214.921.280
1263;1263;Volkswagen;Passat Variant;1-11-2020;21.989;;93995.0;Automatik;Diesel;7.0;186.0;150.0;0.0002339379754242247;12.39;2292.15;3441.0;False;Auto.de;4.399.726.214.921.280
1264;1264;Volkswagen;Caddy;1-10-2020;18.489;;71856.0;Schaltgetriebe;Diesel;7.0;121.0;75.0;0.0002573062792251169;12.39;2292.15;2238.5;True;Auto.de;4.484.599.589.322.380
1265;1265;Volkswagen;Golf;1-3-2020;19.489;;95632.0;Schaltgetriebe;Benzin;8.0;110.0;131.0;0.0002037916178684959;14.16;2619.6;2035.0;True;Auto.de;5.070.499.657.768.650
1266;1266;Volkswagen;T-Roc;1-10-2020;20.089;;118653.0;Schaltgetriebe;Diesel;7.0;113.0;116.0;0.00016930882489275448;12.39;2292.15;2090.5;True;Auto.de;4.484.599.589.322.380
1267;1267;Volkswagen;Golf;1-7-2020;20.489;;40728.0;Schaltgetriebe;Benzin;8.0;110.0;131.0;0.000503069141622471;14.16;2619.6;2035.0;True;Auto.de;4.736.481.861.738.530
1268;1268;Skoda;Superb;1-9-2020;24.489;;55920.0;Automatik;Benzin;8.0;145.0;220.0;0.00043792918454935625;14.16;2619.6;2682.5;False;Auto.de;4.566.735.112.936.340
1269;1269;Volkswagen;Crafter;1-8-2020;28.489;;73719.0;Schaltgetriebe;Diesel;7.0;186.0;140.0;0.00038645396709125195;12.39;2292.15;3441.0;False;Auto.de;465.160.848.733.744
1270;1270;Volkswagen;Golf;1-11-2020;24.489;;21843.0;Automatik;Benzin;8.0;185.0;150.0;0.0011211372064276884;14.16;2619.6;3422.5;False;Auto.de;4.399.726.214.921.280
1271;1271;Jaguar;F-Pace;1-5-2020;43.848;;91466.0;Automatik;Diesel;7.0;159.0;301.0;0.0004793912492073557;12.39;2292.15;2941.5;False;Auto.de;4.903.490.759.753.590
1272;1272;Skoda;Superb;1-10-2020;28.789;;49599.0;Automatik;Benzin;8.0;145.0;220.0;0.0005804350894171254;14.16;2619.6;2682.5;False;Auto.de;4.484.599.589.322.380
1273;1273;Ford;Transit;1-11-2020;51.589;;68000.0;Schaltgetriebe;Diesel;7.0;227.0;170.0;0.0007586617647058824;12.39;2292.15;4199.5;False;Auto.de;4.399.726.214.921.280
1274;1274;Skoda;Octavia;1-11-2020;20.689;;99980.0;Automatik;Diesel;7.0;122.0;150.0;0.00020693138627725545;12.39;2292.15;2257.0;True;Auto.de;4.399.726.214.921.280
1275;1275;Seat;Leon;1-10-2020;26.689;;37016.0;Automatik;Diesel;7.0;123.0;150.0;0.0007210125351199482;12.39;2292.15;2275.5;True;Auto.de;4.484.599.589.322.380
1276;1276;Volkswagen;Golf;1-9-2020;21.689;;42372.0;Schaltgetriebe;Diesel;2.0;110.0;116.0;0.0005118710469177759;3.54;654.9;2035.0;True;Auto.de;4.566.735.112.936.340
1277;1277;Volkswagen;Sharan;1-5-2020;29.789;;98802.0;Schaltgetriebe;Diesel;5.0;170.0;150.0;0.00030150199388676344;8.85;1637.25;3145.0;False;Auto.de;4.903.490.759.753.590
1278;1278;Skoda;Octavia;1-11-2020;21.989;;99980.0;Automatik;Diesel;7.0;122.0;150.0;0.00021993398679735947;12.39;2292.15;2257.0;True;Auto.de;4.399.726.214.921.280
1279;1279;Volkswagen;Golf;1-2-2020;20.689;;9987.0;Schaltgetriebe;Benzin;5.0;124.0;131.0;0.00207159307099229;8.85;1637.25;2294.0;True;Auto.de;5.149.897.330.595.480
1280;1280;Skoda;Octavia;1-8-2020;29.789;;54053.0;Automatik;Diesel;3.0;165.0;184.0;0.0005511072465913086;53.100.000.000.000.000;9.823.500.000.000.000;3052.5;False;Auto.de;465.160.848.733.744
1281;1281;Seat;Leon;1-10-2020;27.989;;37016.0;Automatik;Diesel;7.0;123.0;150.0;0.0007561324832504862;12.39;2292.15;2275.5;True;Auto.de;4.484.599.589.322.380
1282;1282;Jaguar;E-Pace;1-7-2020;40.448;;76961.0;Automatik;Benzin;8.0;181.0;301.0;0.0005255648965060226;14.16;2619.6;3348.5;False;Auto.de;4.736.481.861.738.530
1283;1283;Volkswagen;Passat Variant;1-1-2020;25.248;;57320.0;Automatik;Benzin;8.0;119.0;150.0;0.00044047452896022333;14.16;2619.6;2201.5;True;Auto.de;5.234.770.704.996.570
1284;1284;Volkswagen;Passat Variant;1-11-2020;27.049;;90972.0;Automatik;Diesel;9.0;0.0;190.0;0.0002973332453941872;15.93;2947.05;0.0;True;Auto.de;4.399.726.214.921.280
1285;1285;Volkswagen;Passat Variant;1-10-2020;27.049;;81744.0;Automatik;Diesel;9.0;0.0;190.0;0.0003308989038950871;15.93;2947.05;0.0;True;Auto.de;4.484.599.589.322.380
1286;1286;Volkswagen;Passat Variant;1-11-2020;27.049;;85621.0;Automatik;Diesel;9.0;0.0;190.0;0.0003159154880227981;15.93;2947.05;0.0;True;Auto.de;4.399.726.214.921.280
1287;1287;Jaguar;F-Type;1-10-2020;51.449;;41079.0;Automatik;Benzin;0.0;0.0;301.0;0.0012524404196791548;0.0;0.0;0.0;True;Auto.de;4.484.599.589.322.380
1288;1288;Jaguar;F-Pace;1-2-2020;55.648;;42585.0;Automatik;Benzin;8.0;272.0;551.0;0.0013067512034754022;14.16;2619.6;5032.0;False;Auto.de;5.149.897.330.595.480
1289;1289;Audi;A3;1-11-2020;28.789;;38671.0;Automatik;Benzin;8.0;185.0;150.0;0.0007444596726228958;14.16;2619.6;3422.5;False;Auto.de;4.399.726.214.921.280
1290;1290;Mazda;CX-5;1-9-2020;30.648;;52005.0;Automatik;Benzin;4.0;169.0;194.0;0.0005893279492356504;7.08;1309.8;3126.5;False;Auto.de;4.566.735.112.936.340
1291;1291;Jaguar;F-Type;1-6-2020;61.548;;65272.0;Automatik;Benzin;0.0;0.0;381.0;0.0009429464395146464;0.0;0.0;0.0;True;Auto.de;4.818.617.385.352.490
1292;1292;Skoda;Karoq;1-9-2020;26.989;;26249.0;Schaltgetriebe;Benzin;3.0;143.0;150.0;0.0010281915501542916;53.100.000.000.000.000;9.823.500.000.000.000;2645.5;False;Auto.de;4.566.735.112.936.340
1293;1293;Seat;Leon;1-3-2020;20.289;;33394.0;Schaltgetriebe;Diesel;9.0;128.0;116.0;0.0006075642330957658;15.93;2947.05;2368.0;True;Auto.de;5.070.499.657.768.650
1294;1294;Skoda;Karoq;1-9-2020;31.889;;35372.0;Automatik;Diesel;7.0;186.0;150.0;0.0009015322854234988;12.39;2292.15;3441.0;False;Auto.de;4.566.735.112.936.340
1295;1295;Seat;Ateca;1-10-2020;26.689;;35018.0;Automatik;Benzin;8.0;155.0;150.0;0.0007621508938260324;14.16;2619.6;2867.5;False;Auto.de;4.484.599.589.322.380
1296;1296;Skoda;Karoq;1-9-2020;33.189;;35372.0;Automatik;Diesel;7.0;186.0;150.0;0.0009382845188284518;12.39;2292.15;3441.0;False;Auto.de;4.566.735.112.936.340
1297;1297;Audi;A4;1-4-2020;31.889;;23668.0;Automatik;Diesel;7.0;186.0;190.0;0.0013473466283589657;12.39;2292.15;3441.0;False;Auto.de;4.985.626.283.367.550
1298;1298;Skoda;Karoq;1-9-2020;25.689;;26249.0;Schaltgetriebe;Benzin;3.0;143.0;150.0;0.000978665853937293;53.100.000.000.000.000;9.823.500.000.000.000;2645.5;False;Auto.de;4.566.735.112.936.340
1299;1299;Seat;Ateca;1-10-2020;27.989;;35018.0;Automatik;Benzin;8.0;155.0;150.0;0.0007992746587469302;14.16;2619.6;2867.5;False;Auto.de;4.484.599.589.322.380
1300;1300;Volkswagen;Tiguan;1-1-2020;26.289;;52488.0;Schaltgetriebe;Diesel;8.0;152.0;150.0;0.0005008573388203018;14.16;2619.6;2812.0;False;Auto.de;5.234.770.704.996.570
1301;1301;Jaguar;I-Pace;1-8-2020;59.148;;35397.0;Automatik;Elektro;;0.0;400.0;0.0016709890668700738;;;0.0;True;Auto.de;465.160.848.733.744
1302;1302;Ford;Kuga;1-10-2020;26.989;;63000.0;Schaltgetriebe;Diesel;2.0;136.0;150.0;0.00042839682539682543;3.54;654.9;2516.0;False;Auto.de;4.484.599.589.322.380
1303;1303;Skoda;Karoq;1-11-2020;26.689;;17806.0;Schaltgetriebe;Benzin;3.0;143.0;150.0;0.001498876783106818;53.100.000.000.000.000;9.823.500.000.000.000;2645.5;False;Auto.de;4.399.726.214.921.280
1304;1304;Skoda;Fabia;1-10-2020;18.289;;16050.0;Schaltgetriebe;Benzin;4.0;123.0;95.0;0.0011395015576323988;7.08;1309.8;2275.5;True;Auto.de;4.484.599.589.322.380
1305;1305;Skoda;Octavia;1-11-2020;23.689;;41702.0;Schaltgetriebe;Diesel;3.0;112.0;116.0;0.0005680542899621122;53.100.000.000.000.000;9.823.500.000.000.000;2072.0;True;Auto.de;4.399.726.214.921.280
1306;1306;Skoda;Karoq;1-11-2020;27.989;;17806.0;Schaltgetriebe;Benzin;3.0;143.0;150.0;0.0015718858811636528;53.100.000.000.000.000;9.823.500.000.000.000;2645.5;False;Auto.de;4.399.726.214.921.280
1307;1307;Dacia;Sandero;1-11-2020;15.348;;13876.0;Schaltgetriebe;Autogas;;96.0;101.0;0.001106082444508504;;;1776.0;True;Auto.de;4.399.726.214.921.280
1308;1308;Land Rover;Range Rover Evoque;1-12-2020;39.148;;41640.0;Automatik;Hybrid (Elektro / Benzin);2.0;43.0;200.0;0.000940153698366955;3.54;654.9;795.5;True;Auto.de;4.317.590.691.307.320
1309;1309;Dacia;Duster;1-2-2020;13.548;;50436.0;Schaltgetriebe;Benzin;8.0;185.0;101.0;0.0002686176540566262;14.16;2619.6;3422.5;False;Auto.de;5.149.897.330.595.480
1310;1310;Land Rover;Range Rover Evoque;1-12-2020;36.848;;33613.0;Automatik;Hybrid (Elektro / Benzin);4.0;32.0;309.0;0.001096242525213459;7.08;1309.8;592.0;True;Auto.de;4.317.590.691.307.320
1311;1311;Renault;Megane;1-2-2020;16.948;;53070.0;Schaltgetriebe;Benzin;8.0;185.0;140.0;0.000319351799510081;14.16;2619.6;3422.5;False;Auto.de;5.149.897.330.595.480
1312;1312;Skoda;Karoq;1-3-2020;25.048;;66315.0;Automatik;Benzin;8.0;185.0;150.0;0.0003777124330845208;14.16;2619.6;3422.5;False;Auto.de;5.070.499.657.768.650
1313;1313;Dacia;Duster;1-10-2020;14.248;;28820.0;Schaltgetriebe;Autogas;;96.0;101.0;0.0004943789035392089;;;1776.0;True;Auto.de;4.484.599.589.322.380
1314;1314;Kia;Stonic;1-5-2020;16.548;;84890.0;Schaltgetriebe;Diesel;0.0;131.0;116.0;0.00019493462127459063;0.0;0.0;2423.5;False;Auto.de;4.903.490.759.753.590
1315;1315;Mazda;6;1-9-2020;28.048;;20722.0;Automatik;Benzin;5.0;185.0;165.0;0.0013535373033490975;8.85;1637.25;3422.5;False;Auto.de;4.566.735.112.936.340
1316;1316;Volkswagen;T6 Multivan;1-7-2020;44.049;;88505.0;Automatik;Diesel;7.0;186.0;150.0;0.0004977006948759957;12.39;2292.15;3441.0;False;Auto.de;4.736.481.861.738.530
1317;1317;Renault;ZOE;1-12-2020;9.948;;58798.0;Automatik;Elektro;;0.0;69.0;0.00016918942821184395;;;0.0;True;Auto.de;4.317.590.691.307.320
1318;1318;Renault;ZOE;1-2-2020;14.448;;79652.0;Automatik;Elektro;;0.0;136.0;0.00018138904233415358;;;0.0;True;Auto.de;5.149.897.330.595.480
1319;1319;Skoda;Octavia;1-11-2020;30.089;;43642.0;Automatik;Diesel;7.0;123.0;150.0;0.0006894505293066312;12.39;2292.15;2275.5;True;Auto.de;4.399.726.214.921.280
1320;1320;Seat;Ateca;1-12-2020;28.789;;56160.0;Automatik;Diesel;9.0;154.0;150.0;0.0005126246438746439;15.93;2947.05;2849.0;False;Auto.de;4.317.590.691.307.320
1321;1321;Skoda;Octavia;1-10-2020;29.089;;32338.0;Automatik;Diesel;7.0;123.0;150.0;0.000899529964747356;12.39;2292.15;2275.5;True;Auto.de;4.484.599.589.322.380
1322;1322;Volkswagen;Golf;1-6-2020;20.689;;29987.0;Schaltgetriebe;Diesel;1.0;107.0;116.0;0.0006899323039983994;1.77;327.45;1979.5;True;Auto.de;4.818.617.385.352.490
1323;1323;Seat;Arona;1-11-2020;18.689;;70720.0;Schaltgetriebe;Diesel;7.0;123.0;95.0;0.00026426753393665156;12.39;2292.15;2275.5;True;Auto.de;4.399.726.214.921.280
1324;1324;Seat;Arona;1-9-2020;18.689;;67163.0;Schaltgetriebe;Diesel;8.0;125.0;95.0;0.0002782633295117848;14.16;2619.6;2312.5;True;Auto.de;4.566.735.112.936.340
1325;1325;Skoda;Karoq;1-11-2020;27.689;;26601.0;Schaltgetriebe;Diesel;6.0;146.0;150.0;0.0010409007180181196;10.620.000.000.000.000;19.647.000.000.000.000;2701.0;False;Auto.de;4.399.726.214.921.280
1326;1326;Skoda;Octavia;1-10-2020;27.689;;32338.0;Automatik;Diesel;7.0;123.0;150.0;0.0008562372441090977;12.39;2292.15;2275.5;True;Auto.de;4.484.599.589.322.380
1327;1327;Dacia;Duster;1-10-2020;15.848;;42750.0;Schaltgetriebe;Benzin;0.0;145.0;101.0;0.00037071345029239766;0.0;0.0;2682.5;False;Auto.de;4.484.599.589.322.380
1328;1328;Fiat;500;1-7-2020;12.848;;46667.0;Schaltgetriebe;Hybrid (Elektro / Benzin);1.0;93.0;69.0;0.00027531231919772;1.77;327.45;1720.5;True;Auto.de;4.736.481.861.738.530
1329;1329;Smart;ForTwo;1-9-2020;10.948;;36140.0;Automatik;Elektro;;0.0;82.0;0.00030293303818483677;;;0.0;True;Auto.de;4.566.735.112.936.340
1330;1330;Volkswagen;T-Roc;1-6-2020;29.648;;15548.0;Automatik;Benzin;3.0;121.0;150.0;0.0019068690506817596;53.100.000.000.000.000;9.823.500.000.000.000;2238.5;True;Auto.de;4.818.617.385.352.490
1331;1331;Toyota;Yaris;1-6-2020;16.848;;25100.0;Schaltgetriebe;Benzin;8.0;185.0;82.0;0.0006712350597609561;14.16;2619.6;3422.5;False;Auto.de;4.818.617.385.352.490
1332;1332;Land Rover;Range Rover Evoque;1-3-2020;36.948;;44095.0;Automatik;Benzin;8.0;185.0;200.0;0.0008379181313074045;14.16;2619.6;3422.5;False;Auto.de;5.070.499.657.768.650
1333;1333;Mercedes-Benz;GLC 220;1-1-2020;35.048;;87730.0;Automatik;Diesel;2.0;137.0;194.0;0.0003994984611877351;3.54;654.9;2534.5;False;Auto.de;5.234.770.704.996.570
1334;1334;Mazda;CX-30;1-8-2020;23.748;;37783.0;Automatik;Benzin;8.0;185.0;150.0;0.0006285366434639918;14.16;2619.6;3422.5;False;Auto.de;465.160.848.733.744
1335;1335;Volkswagen;Golf;1-10-2020;18.689;;28482.0;Automatik;Elektro;;0.0;136.0;0.0006561688083701987;;;0.0;True;Auto.de;4.484.599.589.322.380
1336;1336;Volkswagen;Tiguan;1-11-2020;30.589;;53833.0;Automatik;Benzin;8.0;185.0;150.0;0.0005682202366578121;14.16;2619.6;3422.5;False;Auto.de;4.399.726.214.921.280
1337;1337;Mercedes-Benz;E 220;1-5-2020;42.349;;29693.0;Automatik;Diesel;5.0;118.0;194.0;0.0014262284040009428;8.85;1637.25;2183.0;True;Auto.de;4.903.490.759.753.590
1338;1338;Mercedes-Benz;E 220;1-5-2020;42.349;;36458.0;Automatik;Diesel;5.0;118.0;194.0;0.001161583191617752;8.85;1637.25;2183.0;True;Auto.de;4.903.490.759.753.590
1339;1339;Skoda;Superb;1-8-2020;29.789;;58708.0;Automatik;Benzin;8.0;145.0;220.0;0.0005074095523608367;14.16;2619.6;2682.5;False;Auto.de;465.160.848.733.744
1340;1340;Dacia;Sandero;1-1-2020;13.448;;57370.0;Schaltgetriebe;Benzin;8.0;185.0;90.0;0.00023440822729649643;14.16;2619.6;3422.5;False;Auto.de;5.234.770.704.996.570
1341;1341;Renault;ZOE;1-10-2020;10.448;;49700.0;Automatik;Elektro;;0.0;136.0;0.00021022132796780685;;;0.0;True;Auto.de;4.484.599.589.322.380
1342;1342;Opel;Insignia;1-4-2020;21.389;;39500.0;Schaltgetriebe;Diesel;6.0;146.0;136.0;0.000541493670886076;10.620.000.000.000.000;19.647.000.000.000.000;2701.0;False;Auto.de;4.985.626.283.367.550
1343;1343;Audi;A4;1-5-2020;29.789;;27278.0;Automatik;Benzin;8.0;154.0;150.0;0.0010920522032407069;14.16;2619.6;2849.0;False;Auto.de;4.903.490.759.753.590
1344;1344;Ford;Focus;1-3-2020;20.589;;34764.0;Schaltgetriebe;Benzin;8.0;185.0;125.0;0.0005922506040731791;14.16;2619.6;3422.5;False;Auto.de;5.070.499.657.768.650
1345;1345;Ford;Focus;1-6-2020;19.889;;74725.0;Automatik;Benzin;5.0;147.0;125.0;0.0002661625961860154;8.85;1637.25;2719.5;False;Auto.de;4.818.617.385.352.490
1346;1346;Ford;Kuga;1-11-2020;28.989;;50167.0;Schaltgetriebe;Diesel;5.0;132.0;150.0;0.0005778499810632487;8.85;1637.25;2442.0;False;Auto.de;4.399.726.214.921.280
1347;1347;Mercedes-Benz;V 250;1-6-2020;58.149;;40490.0;Automatik;Diesel;7.0;186.0;190.0;0.0014361323783650284;12.39;2292.15;3441.0;False;Auto.de;4.818.617.385.352.490
1348;1348;Renault;Megane;1-8-2020;25.348;;41353.0;Automatik;Benzin;0.0;151.0;159.0;0.0006129664111430851;0.0;0.0;2793.5;False;Auto.de;465.160.848.733.744
1349;1349;Volkswagen;Passat Variant;1-11-2020;25.489;;92692.0;Automatik;Hybrid (Elektro / Benzin);8.0;85.0;218.0;0.0002749859750571786;14.16;2619.6;1572.5;True;Auto.de;4.399.726.214.921.280
1350;1350;Volkswagen;Sharan;1-8-2020;28.089;;85088.0;Automatik;Benzin;8.0;185.0;150.0;0.0003301170552839413;14.16;2619.6;3422.5;False;Auto.de;465.160.848.733.744
1351;1351;Hyundai;i30;1-9-2020;20.048;;36396.0;Schaltgetriebe;Benzin;8.0;185.0;110.0;0.000550829761512254;14.16;2619.6;3422.5;False;Auto.de;4.566.735.112.936.340
1352;1352;Opel;Grandland X;1-8-2020;22.389;;55300.0;Automatik;Benzin;7.0;152.0;131.0;0.0004048643761301989;12.39;2292.15;2812.0;False;Auto.de;465.160.848.733.744
1353;1353;Mercedes-Benz;V 250;1-6-2020;58.749;;40490.0;Automatik;Diesel;7.0;186.0;190.0;0.0014509508520622377;12.39;2292.15;3441.0;False;Auto.de;4.818.617.385.352.490
1354;1354;Skoda;Karoq;1-7-2020;28.789;;34578.0;Schaltgetriebe;Diesel;7.0;150.0;150.0;0.0008325814101451791;12.39;2292.15;2775.0;False;Auto.de;4.736.481.861.738.530
1355;1355;Seat;Ibiza;1-8-2020;17.289;;51000.0;Schaltgetriebe;Diesel;6.0;122.0;95.0;0.00033900000000000005;10.620.000.000.000.000;19.647.000.000.000.000;2257.0;True;Auto.de;465.160.848.733.744
1356;1356;Volkswagen;Tiguan;1-7-2020;35.289;;57354.0;Automatik;Diesel;8.0;204.0;239.0;0.0006152840255256826;14.16;2619.6;3774.0;False;Auto.de;4.736.481.861.738.530
1357;1357;Seat;Leon;1-6-2020;18.689;;68393.0;Schaltgetriebe;Diesel;9.0;128.0;116.0;0.0002732589592502157;15.93;2947.05;2368.0;True;Auto.de;4.818.617.385.352.490
1358;1358;Audi;A4;1-5-2020;30.889;;51714.0;Automatik;Diesel;4.0;142.0;190.0;0.0005973044049967127;7.08;1309.8;2627.0;False;Auto.de;4.903.490.759.753.590
1359;1359;Volkswagen;Golf;1-9-2020;20.289;;55077.0;Schaltgetriebe;Diesel;2.0;110.0;116.0;0.00036837518383354213;3.54;654.9;2035.0;True;Auto.de;4.566.735.112.936.340
1360;1360;Volkswagen;Golf;1-8-2020;20.689;;39987.0;Schaltgetriebe;Benzin;6.0;127.0;150.0;0.0005173931527746518;10.620.000.000.000.000;19.647.000.000.000.000;2349.5;True;Auto.de;465.160.848.733.744
1361;1361;Volkswagen;T-Roc;1-6-2020;26.689;;37225.0;Automatik;Diesel;6.0;147.0;150.0;0.00071696440564137;10.620.000.000.000.000;19.647.000.000.000.000;2719.5;False;Auto.de;4.818.617.385.352.490
1362;1362;Skoda;Octavia;1-11-2020;25.689;;59081.0;Automatik;Diesel;7.0;186.0;150.0;0.00043480983734195427;12.39;2292.15;3441.0;False;Auto.de;4.399.726.214.921.280
1363;1363;Skoda;Fabia;1-7-2020;17.689;;28880.0;Schaltgetriebe;Benzin;5.0;125.0;95.0;0.0006125;8.85;1637.25;2312.5;True;Auto.de;4.736.481.861.738.530
1364;1364;Volkswagen;T-Roc;1-8-2020;27.689;;39121.0;Automatik;Diesel;8.0;153.0;150.0;0.0007077784310217019;14.16;2619.6;2830.5;False;Auto.de;465.160.848.733.744
1365;1365;Audi;A4;1-9-2020;31.889;;29987.0;Automatik;Diesel;4.0;142.0;190.0;0.0010634274852436055;7.08;1309.8;2627.0;False;Auto.de;4.566.735.112.936.340
1366;1366;Volkswagen;T-Roc;1-8-2020;26.989;;13990.0;Schaltgetriebe;Benzin;8.0;120.0;150.0;0.0019291636883488207;14.16;2619.6;2220.0;True;Auto.de;465.160.848.733.744
1367;1367;Seat;Ibiza;1-8-2020;18.689;;26489.0;Schaltgetriebe;Diesel;9.0;127.0;95.0;0.0007055381479104534;15.93;2947.05;2349.5;True;Auto.de;465.160.848.733.744
1368;1368;Volkswagen;T-Roc;1-8-2020;25.689;;13990.0;Schaltgetriebe;Benzin;8.0;120.0;150.0;0.001836240171551108;14.16;2619.6;2220.0;True;Auto.de;465.160.848.733.744
1369;1369;Seat;Alhambra;1-2-2020;34.989;;29061.0;Automatik;Diesel;8.0;179.0;150.0;0.0012039847217920924;14.16;2619.6;3311.5;False;Auto.de;5.149.897.330.595.480
1370;1370;Skoda;Fabia;1-6-2020;17.689;;24643.0;Schaltgetriebe;Benzin;6.0;126.0;95.0;0.0007178103315343099;10.620.000.000.000.000;19.647.000.000.000.000;2331.0;True;Auto.de;4.818.617.385.352.490
1371;1371;Volkswagen;T-Roc;1-9-2020;24.689;;39717.0;Schaltgetriebe;Diesel;6.0;147.0;116.0;0.0006216229826019085;10.620.000.000.000.000;19.647.000.000.000.000;2719.5;False;Auto.de;4.566.735.112.936.340
1372;1372;Skoda;Fabia;1-8-2020;15.289;;27179.0;Schaltgetriebe;Benzin;5.0;124.0;60.0;0.0005625298944037676;8.85;1637.25;2294.0;True;Auto.de;465.160.848.733.744
1373;1373;Skoda;Fabia;1-7-2020;15.689;;16728.0;Schaltgetriebe;Benzin;9.0;134.0;60.0;0.0009378885700621712;15.93;2947.05;2479.0;False;Auto.de;4.736.481.861.738.530
1374;1374;Volkswagen;T-Roc;1-7-2020;26.989;;19154.0;Schaltgetriebe;Benzin;2.0;141.0;150.0;0.0014090529393338206;3.54;654.9;2608.5;False;Auto.de;4.736.481.861.738.530
1375;1375;Skoda;Karoq;1-9-2020;25.689;;52536.0;Schaltgetriebe;Benzin;5.0;149.0;150.0;0.0004889789858382824;8.85;1637.25;2756.5;False;Auto.de;4.566.735.112.936.340
1376;1376;Volkswagen;Tiguan;1-7-2020;33.989;;57354.0;Automatik;Diesel;8.0;204.0;239.0;0.000592617777312829;14.16;2619.6;3774.0;False;Auto.de;4.736.481.861.738.530
1377;1377;Audi;A3;1-8-2020;27.689;;48128.0;Automatik;Diesel;7.0;122.0;150.0;0.0005753199800531915;12.39;2292.15;2257.0;True;Auto.de;465.160.848.733.744
1378;1378;Volkswagen;T-Roc;1-7-2020;28.789;;19683.0;Automatik;Benzin;8.0;154.0;150.0;0.0014626327287506986;14.16;2619.6;2849.0;False;Auto.de;4.736.481.861.738.530
1379;1379;Skoda;Octavia;1-9-2020;25.689;;23025.0;Schaltgetriebe;Benzin;7.0;130.0;150.0;0.001115700325732899;12.39;2292.15;2405.0;True;Auto.de;4.566.735.112.936.340
1380;1380;Volkswagen;T-Roc;1-7-2020;24.289;;35839.0;Schaltgetriebe;Benzin;7.0;152.0;150.0;0.0006777253829626943;12.39;2292.15;2812.0;False;Auto.de;4.736.481.861.738.530
1381;1381;Volkswagen;T-Roc;1-7-2020;25.689;;19154.0;Schaltgetriebe;Benzin;2.0;141.0;150.0;0.0013411819985381644;3.54;654.9;2608.5;False;Auto.de;4.736.481.861.738.530
1382;1382;Renault;Twingo;1-11-2020;13.748;;15830.0;Automatik;Elektro;;0.0;82.0;0.0008684775742261528;;;0.0;True;Auto.de;4.399.726.214.921.280
1383;1383;Skoda;Octavia;1-2-2020;29.089;;49290.0;Automatik;Benzin;8.0;185.0;245.0;0.0005901602759180361;14.16;2619.6;3422.5;False;Auto.de;5.149.897.330.595.480
1384;1384;Ford;SONSTIGE;1-12-2020;20.989;;56761.0;Schaltgetriebe;Benzin;8.0;185.0;125.0;0.00036977854512781666;14.16;2619.6;3422.5;False;Auto.de;4.317.590.691.307.320
1385;1385;Volkswagen;T-Roc;1-12-2020;25.489;;32350.0;Automatik;Benzin;8.0;155.0;150.0;0.0007879134466769707;14.16;2619.6;2867.5;False;Auto.de;4.317.590.691.307.320
1386;1386;Hyundai;i10;1-11-2020;13.048;;89400.0;Schaltgetriebe;Benzin;9.0;113.0;84.0;0.00014595078299776287;15.93;2947.05;2090.5;True;Auto.de;4.399.726.214.921.280
1387;1387;Opel;Insignia;1-3-2020;24.289;;49497.0;Schaltgetriebe;Diesel;6.0;173.0;170.0;0.0004907166090874195;10.620.000.000.000.000;19.647.000.000.000.000;3200.5;False;Auto.de;5.070.499.657.768.650
1388;1388;Volkswagen;T-Roc;1-10-2020;24.189;;45500.0;Schaltgetriebe;Benzin;7.0;151.0;150.0;0.0005316263736263737;12.39;2292.15;2793.5;False;Auto.de;4.484.599.589.322.380
1389;1389;Mercedes-Benz;V 250;1-5-2020;58.849;;40490.0;Automatik;Diesel;7.0;186.0;190.0;0.001453420597678439;12.39;2292.15;3441.0;False;Auto.de;4.903.490.759.753.590
1390;1390;Mercedes-Benz;SONSTIGE;1-5-2020;58.849;;40490.0;Automatik;Diesel;7.0;186.0;190.0;0.001453420597678439;12.39;2292.15;3441.0;False;Auto.de;4.903.490.759.753.590
1391;1391;Renault;ZOE;1-12-2020;13.048;;50000.0;Automatik;Elektro;;0.0;69.0;0.00026096;;;0.0;True;Auto.de;4.317.590.691.307.320
1392;1392;Volkswagen;Polo;1-6-2020;19.948;;65250.0;Automatik;Benzin;8.0;185.0;200.0;0.00030571647509578545;14.16;2619.6;3422.5;False;Auto.de;4.818.617.385.352.490
1393;1393;Ford;SONSTIGE;1-1-2020;37.689;;77500.0;Schaltgetriebe;Diesel;7.0;186.0;131.0;0.00048630967741935486;12.39;2292.15;3441.0;False;Auto.de;5.234.770.704.996.570
1394;1394;Ford;S-Max;1-3-2020;29.589;;80512.0;Automatik;Diesel;7.0;186.0;190.0;0.000367510433227345;12.39;2292.15;3441.0;False;Auto.de;5.070.499.657.768.650
1395;1395;Ford;Kuga;1-10-2020;23.589;;83700.0;Schaltgetriebe;Diesel;1.0;133.0;150.0;0.0002818279569892473;1.77;327.45;2460.5;False;Auto.de;4.484.599.589.322.380
1396;1396;Ford;Explorer;1-12-2020;54.189;;42613.0;Automatik;Hybrid (Elektro / Benzin);8.0;85.0;457.0;0.0012716541900359044;14.16;2619.6;1572.5;True;Auto.de;4.317.590.691.307.320
1397;1397;Ford;Kuga;1-1-2020;22.789;;17382.0;Schaltgetriebe;Benzin;8.0;177.0;150.0;0.0013110689218732022;14.16;2619.6;3274.5;False;Auto.de;5.234.770.704.996.570
1398;1398;Fiat;500;1-8-2020;15.689;;51782.0;Automatik;Benzin;8.0;185.0;69.0;0.00030298173110347227;14.16;2619.6;3422.5;False;Auto.de;465.160.848.733.744
1399;1399;Volkswagen;T-Cross;1-1-2020;20.589;;67035.0;Automatik;Benzin;5.0;147.0;116.0;0.00030713806220631013;8.85;1637.25;2719.5;False;Auto.de;5.234.770.704.996.570
1400;1400;Ford;Focus;1-8-2020;18.089;;81984.0;Schaltgetriebe;Diesel;1.0;133.0;120.0;0.00022064061280249804;1.77;327.45;2460.5;False;Auto.de;465.160.848.733.744
1401;1401;Audi;SONSTIGE;1-11-2020;36.589;;56330.0;Automatik;Benzin;8.0;185.0;204.0;0.000649547310491745;14.16;2619.6;3422.5;False;Auto.de;4.399.726.214.921.280
1402;1402;Volkswagen;Passat Variant;1-10-2020;25.489;;74871.0;Automatik;Hybrid (Elektro / Benzin);8.0;85.0;156.0;0.0003404388882210736;14.16;2619.6;1572.5;True;Auto.de;4.484.599.589.322.380
1403;1403;Volkswagen;Crafter;1-4-2020;50.089;;105527.0;Automatik;Diesel;7.0;186.0;177.0;0.0004746557752992125;12.39;2292.15;3441.0;False;Auto.de;4.985.626.283.367.550
1404;1404;Volkswagen;T-Roc;1-12-2020;27.489;;25541.0;Automatik;Benzin;8.0;185.0;150.0;0.0010762695274264909;14.16;2619.6;3422.5;False;Auto.de;4.317.590.691.307.320
1405;1405;Volkswagen;Golf;1-4-2020;18.489;;106434.0;Schaltgetriebe;Benzin;8.0;185.0;131.0;0.00017371328710750325;14.16;2619.6;3422.5;False;Auto.de;4.985.626.283.367.550
1406;1406;Land Rover;Range Rover Evoque;1-10-2020;41.048;;12881.0;Automatik;Benzin;8.0;185.0;200.0;0.003186709106435836;14.16;2619.6;3422.5;False;Auto.de;4.484.599.589.322.380
1407;1407;Volkswagen;Polo;1-11-2020;14.989;;49423.0;Schaltgetriebe;Benzin;8.0;185.0;80.0;0.0003032798494628007;14.16;2619.6;3422.5;False;Auto.de;4.399.726.214.921.280
1408;1408;Ford;Focus;1-12-2020;19.989;;60000.0;Automatik;Benzin;6.0;136.0;125.0;0.00033315;10.620.000.000.000.000;19.647.000.000.000.000;2516.0;False;Auto.de;4.317.590.691.307.320
1409;1409;Mercedes-Benz;B 150;1-9-2020;26.389;;33800.0;Automatik;Hybrid (Elektro / Benzin);8.0;85.0;218.0;0.0007807396449704142;14.16;2619.6;1572.5;True;Auto.de;4.566.735.112.936.340
1410;1410;Renault;ZOE;1-12-2020;13.048;;22233.0;Automatik;Elektro;;0.0;69.0;0.0005868753654477578;;;0.0;True;Auto.de;4.317.590.691.307.320
1411;1411;Volkswagen;T6 Multivan;1-11-2020;54.089;;86532.0;Automatik;Diesel;7.0;186.0;150.0;0.0006250751167198262;12.39;2292.15;3441.0;False;Auto.de;4.399.726.214.921.280
1412;1412;Volkswagen;Golf;1-8-2020;23.389;;86643.0;Automatik;Diesel;7.0;186.0;150.0;0.0002699467931627483;12.39;2292.15;3441.0;False;Auto.de;465.160.848.733.744
1413;1413;Ford;Puma;1-10-2020;23.989;;27883.0;Automatik;Benzin;8.0;185.0;125.0;0.0008603450130904135;14.16;2619.6;3422.5;False;Auto.de;4.484.599.589.322.380
1414;1414;Volkswagen;Crafter;1-3-2020;28.189;;92703.0;Automatik;Diesel;7.0;186.0;177.0;0.0003040786166574976;12.39;2292.15;3441.0;False;Auto.de;5.070.499.657.768.650
1415;1415;Volkswagen;Passat Variant;1-5-2020;25.689;;89663.0;Automatik;Diesel;7.0;186.0;150.0;0.0002865061396562685;12.39;2292.15;3441.0;False;Auto.de;4.903.490.759.753.590
1416;1416;Audi;SQ2;1-5-2020;34.489;;71210.0;Automatik;Benzin;8.0;185.0;301.0;0.00048432804381407104;14.16;2619.6;3422.5;False;Auto.de;4.903.490.759.753.590
1417;1417;Audi;Q3;1-4-2020;33.589;;105146.0;Automatik;Benzin;8.0;185.0;230.0;0.0003194510490175565;14.16;2619.6;3422.5;False;Auto.de;4.985.626.283.367.550
1418;1418;Volkswagen;T6 Kombi;1-11-2020;33.889;;75830.0;Automatik;Diesel;7.0;186.0;150.0;0.0004469075563761045;12.39;2292.15;3441.0;False;Auto.de;4.399.726.214.921.280
1419;1419;Volkswagen;Crafter;1-10-2020;30.289;;98184.0;Automatik;Diesel;7.0;186.0;140.0;0.0003084922186914365;12.39;2292.15;3441.0;False;Auto.de;4.484.599.589.322.380
1420;1420;Audi;A8;1-6-2020;52.089;;87854.0;Automatik;Hybrid (Elektro / Benzin);8.0;85.0;340.0;0.0005929041364081316;14.16;2619.6;1572.5;True;Auto.de;4.818.617.385.352.490
1421;1421;Volkswagen;Crafter;1-7-2020;30.489;;83683.0;Automatik;Diesel;7.0;186.0;177.0;0.00036433923258009395;12.39;2292.15;3441.0;False;Auto.de;4.736.481.861.738.530
1422;1422;Seat;Alhambra;1-11-2020;36.889;;53202.0;Automatik;Diesel;7.0;186.0;177.0;0.0006933761888650804;12.39;2292.15;3441.0;False;Auto.de;4.399.726.214.921.280
1423;1423;Volkswagen;T-Cross;1-10-2020;21.489;;40838.0;Automatik;Benzin;8.0;185.0;116.0;0.0005262010872226848;14.16;2619.6;3422.5;False;Auto.de;4.484.599.589.322.380
1424;1424;Volkswagen;T6 Multivan;1-9-2020;52.089;;82441.0;Automatik;Diesel;7.0;186.0;150.0;0.0006318336749918123;12.39;2292.15;3441.0;False;Auto.de;4.566.735.112.936.340
1425;1425;BMW;M850;1-10-2020;61.389;;64863.0;Automatik;Benzin;8.0;185.0;530.0;0.0009464409601776052;14.16;2619.6;3422.5;False;Auto.de;4.484.599.589.322.380
1426;1426;Seat;Leon;1-10-2020;16.889;;50495.0;Schaltgetriebe;Benzin;8.0;185.0;90.0;0.0003344687592830973;14.16;2619.6;3422.5;False;Auto.de;4.484.599.589.322.380
1427;1427;Volkswagen;Golf Variant;1-12-2020;21.889;;45116.0;Automatik;Benzin;8.0;185.0;110.0;0.00048517155776221294;14.16;2619.6;3422.5;False;Auto.de;4.317.590.691.307.320
1428;1428;Volkswagen;Polo;1-10-2020;22.089;;54006.0;Automatik;Benzin;8.0;185.0;150.0;0.0004090101099877791;14.16;2619.6;3422.5;False;Auto.de;4.484.599.589.322.380
1429;1429;Volkswagen;Golf;1-4-2020;20.589;;34611.0;Schaltgetriebe;Benzin;8.0;185.0;131.0;0.0005948686833665598;14.16;2619.6;3422.5;False;Auto.de;4.985.626.283.367.550
1430;1430;Volkswagen;SONSTIGE;1-7-2020;27.389;;68847.0;Schaltgetriebe;Diesel;7.0;186.0;102.0;0.0003978241608203698;12.39;2292.15;3441.0;False;Auto.de;4.736.481.861.738.530
1431;1431;Audi;SONSTIGE;1-11-2020;30.589;;99368.0;Automatik;Diesel;7.0;186.0;204.0;0.0003078355204894936;12.39;2292.15;3441.0;False;Auto.de;4.399.726.214.921.280
1432;1432;Land Rover;Discovery Sport;1-6-2020;33.449;;59341.0;Automatik;Diesel;1.0;0.0;150.0;0.0005636743566842487;1.77;327.45;0.0;True;Auto.de;4.818.617.385.352.490
1433;1433;Ford;Focus;1-1-2020;17.289;;58370.0;Schaltgetriebe;Benzin;8.0;185.0;101.0;0.0002961966763748501;14.16;2619.6;3422.5;False;Auto.de;5.234.770.704.996.570
1434;1434;Audi;Q5;1-11-2020;37.889;;83397.0;Automatik;Diesel;7.0;186.0;204.0;0.0004543208988332914;12.39;2292.15;3441.0;False;Auto.de;4.399.726.214.921.280
1435;1435;Audi;SONSTIGE;1-6-2020;24.489;;27408.0;Schaltgetriebe;Benzin;8.0;185.0;116.0;0.0008934982486865149;14.16;2619.6;3422.5;False;Auto.de;4.818.617.385.352.490
1436;1436;Audi;Q3;1-8-2020;40.989;;26780.0;Automatik;Benzin;8.0;185.0;190.0;0.0015305825242718446;14.16;2619.6;3422.5;False;Auto.de;465.160.848.733.744
1437;1437;Renault;Scenic;1-12-2020;20.148;;82780.0;Automatik;Benzin;8.0;185.0;159.0;0.00024339212370137715;14.16;2619.6;3422.5;False;Auto.de;4.317.590.691.307.320
1438;1438;Renault;Twingo;1-2-2020;13.548;;45990.0;Schaltgetriebe;Benzin;0.0;124.0;73.0;0.00029458577951728637;0.0;0.0;2294.0;True;Auto.de;5.149.897.330.595.480
1439;1439;Volkswagen;Golf;1-1-2020;20.689;;72582.0;Schaltgetriebe;Diesel;2.0;135.0;150.0;0.0002850431236394698;3.54;654.9;2497.5;False;Auto.de;5.234.770.704.996.570
1440;1440;Skoda;Octavia;1-10-2020;19.689;;46180.0;Schaltgetriebe;Diesel;1.0;134.0;116.0;0.00042635339974014726;1.77;327.45;2479.0;False;Auto.de;4.484.599.589.322.380
1441;1441;Volkswagen;Golf;1-4-2020;19.689;;92348.0;Automatik;Diesel;5.0;143.0;150.0;0.00021320440074500802;8.85;1637.25;2645.5;False;Auto.de;4.985.626.283.367.550
1442;1442;Seat;Arona;1-12-2020;20.589;;13663.0;Schaltgetriebe;Benzin;3.0;120.0;110.0;0.0015069164897899435;53.100.000.000.000.000;9.823.500.000.000.000;2220.0;True;Auto.de;4.317.590.691.307.320
1443;1443;Volkswagen;Golf;1-5-2020;17.689;;148377.0;Automatik;Diesel;7.0;186.0;150.0;0.0001192165901723313;12.39;2292.15;3441.0;False;Auto.de;4.903.490.759.753.590
1444;1444;Volkswagen;Passat;1-10-2020;29.089;;26299.0;Automatik;Benzin;8.0;185.0;218.0;0.0011060876839423552;14.16;2619.6;3422.5;False;Auto.de;4.484.599.589.322.380
1445;1445;Volkswagen;Sharan;1-10-2020;31.889;;76359.0;Automatik;Diesel;8.0;179.0;150.0;0.0004176194030828062;14.16;2619.6;3311.5;False;Auto.de;4.484.599.589.322.380
1446;1446;Volkswagen;Golf;1-1-2020;19.689;;69987.0;Schaltgetriebe;Diesel;2.0;135.0;150.0;0.0002813236743966737;3.54;654.9;2497.5;False;Auto.de;5.234.770.704.996.570
1447;1447;Seat;Ibiza;1-12-2020;17.689;;46887.0;Schaltgetriebe;Diesel;8.0;126.0;95.0;0.000377268752532685;14.16;2619.6;2331.0;True;Auto.de;4.317.590.691.307.320
1448;1448;Skoda;Octavia;1-9-2020;26.589;;55226.0;Automatik;Diesel;7.0;122.0;150.0;0.0004814580089088473;12.39;2292.15;2257.0;True;Auto.de;4.566.735.112.936.340
1449;1449;Opel;Astra;1-2-2020;16.689;;33282.0;Schaltgetriebe;Benzin;5.0;125.0;110.0;0.0005014422210203713;8.85;1637.25;2312.5;True;Auto.de;5.149.897.330.595.480
1450;1450;Volkswagen;Golf;1-8-2020;21.689;;78795.0;Automatik;Diesel;5.0;143.0;150.0;0.0002752585823973602;8.85;1637.25;2645.5;False;Auto.de;465.160.848.733.744
1451;1451;Volkswagen;Touran;1-11-2020;20.689;;133449.0;Schaltgetriebe;Diesel;7.0;186.0;122.0;0.00015503300886480977;12.39;2292.15;3441.0;False;Auto.de;4.399.726.214.921.280
1452;1452;Volkswagen;Golf;1-12-2020;22.289;;46229.0;Schaltgetriebe;Diesel;6.0;120.0;116.0;0.0004821432434186334;10.620.000.000.000.000;19.647.000.000.000.000;2220.0;True;Auto.de;4.317.590.691.307.320
1453;1453;Ford;Kuga;1-12-2020;23.989;;44393.0;Schaltgetriebe;Benzin;8.0;185.0;150.0;0.0005403779875205551;14.16;2619.6;3422.5;False;Auto.de;4.317.590.691.307.320
1454;1454;Volkswagen;up!;1-11-2020;12.689;;29694.0;Schaltgetriebe;Benzin;1.0;116.0;65.0;0.00042732538559978446;1.77;327.45;2146.0;True;Auto.de;4.399.726.214.921.280
1455;1455;Seat;Arona;1-12-2020;19.289;;13663.0;Schaltgetriebe;Benzin;3.0;120.0;110.0;0.0014117690111981264;53.100.000.000.000.000;9.823.500.000.000.000;2220.0;True;Auto.de;4.317.590.691.307.320
1456;1456;Volkswagen;Golf;1-11-2020;21.689;;8925.0;Schaltgetriebe;Benzin;5.0;125.0;131.0;0.002430140056022409;8.85;1637.25;2312.5;True;Auto.de;4.399.726.214.921.280
1457;1457;Skoda;Octavia;1-8-2020;22.689;;61491.0;Automatik;Diesel;3.0;138.0;150.0;0.0003689808264624091;53.100.000.000.000.000;9.823.500.000.000.000;2553.0;False;Auto.de;465.160.848.733.744
1458;1458;Skoda;Octavia;1-8-2020;23.989;;61491.0;Automatik;Diesel;3.0;138.0;150.0;0.0003901221316940691;53.100.000.000.000.000;9.823.500.000.000.000;2553.0;False;Auto.de;465.160.848.733.744
1459;1459;Skoda;Superb;1-10-2020;28.789;;23335.0;Automatik;Diesel;2.0;136.0;150.0;0.0012337261624169704;3.54;654.9;2516.0;False;Auto.de;4.484.599.589.322.380
1460;1460;Volkswagen;Golf;1-9-2020;24.689;;59504.0;Automatik;Diesel;5.0;117.0;150.0;0.0004149132831406292;8.85;1637.25;2164.5;True;Auto.de;4.566.735.112.936.340
1461;1461;Skoda;Octavia;1-11-2020;26.289;;59709.0;Automatik;Diesel;8.0;126.0;150.0;0.00044028538411294783;14.16;2619.6;2331.0;True;Auto.de;4.399.726.214.921.280
1462;1462;Seat;Leon;1-6-2020;15.689;;139855.0;Schaltgetriebe;Diesel;7.0;186.0;116.0;0.00011218047263236924;12.39;2292.15;3441.0;False;Auto.de;4.818.617.385.352.490
1463;1463;Volkswagen;T-Roc;1-9-2020;27.689;;52249.0;Automatik;Diesel;4.0;168.0;150.0;0.0005299431568068289;7.08;1309.8;3108.0;False;Auto.de;4.566.735.112.936.340
1464;1464;Volkswagen;Golf;1-5-2020;20.689;;49047.0;Schaltgetriebe;Diesel;1.0;133.0;116.0;0.0004218198870471181;1.77;327.45;2460.5;False;Auto.de;4.903.490.759.753.590
1465;1465;Skoda;Octavia;1-9-2020;25.289;;55226.0;Automatik;Diesel;7.0;122.0;150.0;0.00045791837178140734;12.39;2292.15;2257.0;True;Auto.de;4.566.735.112.936.340
1466;1466;Volkswagen;Golf;1-8-2020;22.989;;78795.0;Automatik;Diesel;5.0;143.0;150.0;0.00029175709118598895;8.85;1637.25;2645.5;False;Auto.de;465.160.848.733.744
1467;1467;Volkswagen;Touran;1-10-2020;21.689;;145831.0;Schaltgetriebe;Diesel;7.0;186.0;150.0;0.0001487269510597884;12.39;2292.15;3441.0;False;Auto.de;4.484.599.589.322.380
1468;1468;Volkswagen;Golf;1-2-2020;22.689;;59987.0;Automatik;Diesel;5.0;143.0;150.0;0.00037823195025588876;8.85;1637.25;2645.5;False;Auto.de;5.149.897.330.595.480
1469;1469;Volkswagen;Golf;1-2-2020;23.989;;59987.0;Automatik;Diesel;5.0;143.0;150.0;0.00039990331238434995;8.85;1637.25;2645.5;False;Auto.de;5.149.897.330.595.480
1470;1470;Opel;Astra;1-1-2020;16.689;;27793.0;Schaltgetriebe;Diesel;4.0;114.0;105.0;0.0006004749397330264;7.08;1309.8;2109.0;True;Auto.de;5.234.770.704.996.570
1471;1471;Volkswagen;Golf;1-4-2020;20.689;;81227.0;Schaltgetriebe;Diesel;2.0;136.0;150.0;0.00025470594752976226;3.54;654.9;2516.0;False;Auto.de;4.985.626.283.367.550
1472;1472;Volkswagen;Golf;1-7-2020;22.689;;37127.0;Schaltgetriebe;Diesel;7.0;186.0;116.0;0.0006111185929377542;12.39;2292.15;3441.0;False;Auto.de;4.736.481.861.738.530
1473;1473;Volkswagen;T-Roc;1-8-2020;26.689;;59250.0;Automatik;Diesel;7.0;186.0;150.0;0.0004504472573839662;12.39;2292.15;3441.0;False;Auto.de;465.160.848.733.744
1474;1474;Volkswagen;Passat;1-10-2020;26.689;;59987.0;Automatik;Diesel;7.0;186.0;150.0;0.00044491306449730774;12.39;2292.15;3441.0;False;Auto.de;4.484.599.589.322.380
1475;1475;Skoda;Octavia;1-11-2020;27.589;;59709.0;Automatik;Diesel;8.0;126.0;150.0;0.0004620576462509839;14.16;2619.6;2331.0;True;Auto.de;4.399.726.214.921.280
1476;1476;Seat;Leon;1-11-2020;25.689;;49987.0;Automatik;Diesel;7.0;123.0;150.0;0.0005139136175405605;12.39;2292.15;2275.5;True;Auto.de;4.399.726.214.921.280
1477;1477;Volkswagen;E-up!;1-2-2020;13.689;;40319.0;Automatik;Elektro;;0.0;83.0;0.0003395173491406037;;;0.0;True;Auto.de;5.149.897.330.595.480
1478;1478;Volkswagen;ID.4;1-11-2020;33.989;;45980.0;Automatik;Elektro;;0.0;204.0;0.0007392127011744236;;;0.0;True;Auto.de;4.399.726.214.921.280
1479;1479;Volkswagen;ID.3;1-10-2020;31.289;;43350.0;Automatik;Elektro;;0.0;204.0;0.0007217762399077278;;;0.0;True;Auto.de;4.484.599.589.322.380
1480;1480;Skoda;Octavia;1-10-2020;22.689;;68520.0;Schaltgetriebe;Benzin;7.0;130.0;150.0;0.00033112959719789844;12.39;2292.15;2405.0;True;Auto.de;4.484.599.589.322.380
1481;1481;Ford;SONSTIGE;1-12-2020;36.089;;105107.0;Schaltgetriebe;Diesel;7.0;186.0;185.0;0.00034335486694511306;12.39;2292.15;3441.0;False;Auto.de;4.317.590.691.307.320
1482;1482;Ford;Puma;1-11-2020;22.989;;39919.0;Automatik;Benzin;8.0;185.0;125.0;0.0005758911796387685;14.16;2619.6;3422.5;False;Auto.de;4.399.726.214.921.280
1483;1483;Skoda;Karoq;1-12-2020;19.049;;121755.0;Schaltgetriebe;Benzin;3.0;0.0;150.0;0.00015645353373578086;53.100.000.000.000.000;9.823.500.000.000.000;0.0;True;Auto.de;4.317.590.691.307.320
1484;1484;Ford;Puma;1-9-2020;18.989;;41879.0;Automatik;Benzin;8.0;185.0;125.0;0.00045342534444470976;14.16;2619.6;3422.5;False;Auto.de;4.566.735.112.936.340
1485;1485;Volkswagen;ID.4;1-11-2020;34.789;;73500.0;Automatik;Elektro;;0.0;204.0;0.00047331972789115646;;;0.0;True;Auto.de;4.399.726.214.921.280
1486;1486;Volkswagen;ID.4;1-11-2020;32.889;;61000.0;Automatik;Elektro;;0.0;204.0;0.0005391639344262296;;;0.0;True;Auto.de;4.399.726.214.921.280
1487;1487;Skoda;Citigo;1-12-2020;15.489;;27941.0;Automatik;Elektro;;0.0;83.0;0.0005543466590315308;;;0.0;True;Auto.de;4.317.590.691.307.320
1488;1488;Audi;Q5;1-6-2020;45.589;;69554.0;Automatik;Hybrid (Elektro / Benzin);8.0;85.0;367.0;0.0006554475659200046;14.16;2619.6;1572.5;True;Auto.de;4.818.617.385.352.490
1489;1489;Volkswagen;up!;1-12-2020;11.689;;29697.0;Schaltgetriebe;Benzin;3.0;120.0;65.0;0.00039360878203185506;53.100.000.000.000.000;9.823.500.000.000.000;2220.0;True;Auto.de;4.317.590.691.307.320
1490;1490;Volkswagen;T-Roc;1-12-2020;26.089;;98658.0;Automatik;Diesel;7.0;186.0;150.0;0.0002644387682701859;12.39;2292.15;3441.0;False;Auto.de;4.317.590.691.307.320
1491;1491;Land Rover;Discovery Sport;1-5-2020;34.149;;59341.0;Automatik;Diesel;1.0;186.0;150.0;0.000575470585261455;1.77;327.45;3441.0;False;Auto.de;4.903.490.759.753.590
1492;1492;Opel;Corsa-e;1-11-2020;15.089;;22209.0;Automatik;Elektro;;0.0;136.0;0.0006794092485028592;;;0.0;True;Auto.de;4.399.726.214.921.280
1493;1493;Volkswagen;Golf;1-2-2020;18.689;;15275.0;Automatik;Elektro;;0.0;136.0;0.0012235024549918168;;;0.0;True;Auto.de;5.149.897.330.595.480
1494;1494;Volkswagen;Golf;1-10-2020;19.689;;19967.0;Automatik;Elektro;;0.0;136.0;0.0009860770270947062;;;0.0;True;Auto.de;4.484.599.589.322.380
1495;1495;Peugeot;2008;1-12-2020;17.689;;47598.0;Schaltgetriebe;Benzin;8.0;114.0;131.0;0.0003716332619017606;14.16;2619.6;2109.0;True;Auto.de;4.317.590.691.307.320
1496;1496;Ford;Ranger;1-5-2020;37.389;;77087.0;Automatik;Diesel;7.0;186.0;212.0;0.0004850234151024168;12.39;2292.15;3441.0;False;Auto.de;4.903.490.759.753.590
1497;1497;Ford;Puma;1-10-2020;14.989;;117273.0;Schaltgetriebe;Benzin;8.0;185.0;125.0;0.0001278128810553154;14.16;2619.6;3422.5;False;Auto.de;4.484.599.589.322.380
1498;1498;Ford;Puma;1-11-2020;16.989;;36612.0;Schaltgetriebe;Benzin;8.0;185.0;95.0;0.00046402818747951494;14.16;2619.6;3422.5;False;Auto.de;4.399.726.214.921.280
1499;1499;Ford;Focus;1-7-2020;17.989;;43888.0;Schaltgetriebe;Benzin;8.0;185.0;125.0;0.0004098842508202698;14.16;2619.6;3422.5;False;Auto.de;4.736.481.861.738.530
1500;1500;Ford;Puma;1-9-2020;21.989;;26885.0;Schaltgetriebe;Benzin;8.0;185.0;155.0;0.0008178910172958899;14.16;2619.6;3422.5;False;Auto.de;4.566.735.112.936.340
1501;1501;Ford;Kuga;1-10-2020;25.989;;16349.0;Schaltgetriebe;Benzin;8.0;185.0;150.0;0.0015896385100006116;14.16;2619.6;3422.5;False;Auto.de;4.484.599.589.322.380
1502;1502;Ford;Puma;1-12-2020;24.989;;35063.0;Automatik;Benzin;8.0;185.0;125.0;0.0007126885891110288;14.16;2619.6;3422.5;False;Auto.de;4.317.590.691.307.320
1503;1503;Ford;EcoSport;1-5-2020;17.989;;26581.0;Schaltgetriebe;Benzin;8.0;185.0;125.0;0.0006767615966291712;14.16;2619.6;3422.5;False;Auto.de;4.903.490.759.753.590
1504;1504;Ford;Puma;1-9-2020;17.989;;63901.0;Automatik;Benzin;8.0;185.0;125.0;0.00028151359133659883;14.16;2619.6;3422.5;False;Auto.de;4.566.735.112.936.340
1505;1505;Ford;Transit Connect;1-7-2020;19.989;;40431.0;Schaltgetriebe;Benzin;8.0;185.0;101.0;0.000494397863025896;14.16;2619.6;3422.5;False;Auto.de;4.736.481.861.738.530
1506;1506;Ford;SONSTIGE;1-11-2020;23.989;;75322.0;Schaltgetriebe;Diesel;7.0;186.0;190.0;0.0003184859669153767;12.39;2292.15;3441.0;False;Auto.de;4.399.726.214.921.280
1507;1507;Ford;Puma;1-10-2020;15.989;;125839.0;Schaltgetriebe;Benzin;8.0;185.0;125.0;0.00012705917879194845;14.16;2619.6;3422.5;False;Auto.de;4.484.599.589.322.380
1508;1508;Ford;Focus;1-1-2020;16.389;;41087.0;Schaltgetriebe;Benzin;8.0;185.0;125.0;0.000398885292184876;14.16;2619.6;3422.5;False;Auto.de;5.234.770.704.996.570
1509;1509;Ford;EcoSport;1-7-2020;18.989;;32786.0;Schaltgetriebe;Benzin;8.0;185.0;140.0;0.0005791801378637224;14.16;2619.6;3422.5;False;Auto.de;4.736.481.861.738.530
1510;1510;Ford;Puma;1-6-2020;20.989;;44219.0;Schaltgetriebe;Benzin;8.0;185.0;155.0;0.00047466021393518626;14.16;2619.6;3422.5;False;Auto.de;4.818.617.385.352.490
1511;1511;Ford;Puma;1-10-2020;20.989;;41585.0;Schaltgetriebe;Benzin;8.0;185.0;125.0;0.0005047252615125647;14.16;2619.6;3422.5;False;Auto.de;4.484.599.589.322.380
1512;1512;Ford;Focus;1-8-2020;19.389;;58260.0;Schaltgetriebe;Benzin;8.0;185.0;155.0;0.00033280123583934087;14.16;2619.6;3422.5;False;Auto.de;465.160.848.733.744
1513;1513;Ford;Transit Custom;1-10-2020;25.989;;113952.0;Automatik;Diesel;7.0;186.0;131.0;0.00022806971356360573;12.39;2292.15;3441.0;False;Auto.de;4.484.599.589.322.380
1514;1514;Ford;Mustang;1-4-2020;47.389;;24220.0;Automatik;Benzin;8.0;185.0;450.0;0.0019566061106523537;14.16;2619.6;3422.5;False;Auto.de;4.985.626.283.367.550
1515;1515;Mercedes-Benz;E 300;1-5-2020;46.789;;52962.0;Automatik;Benzin;8.0;185.0;258.0;0.0008834447339601979;14.16;2619.6;3422.5;False;Auto.de;4.903.490.759.753.590
1516;1516;Ford;Puma;1-9-2020;21.989;;20389.0;Schaltgetriebe;Benzin;8.0;185.0;155.0;0.0010784736867918976;14.16;2619.6;3422.5;False;Auto.de;4.566.735.112.936.340
1517;1517;Ford;Grand Tourneo;1-11-2020;25.989;;20140.0;Schaltgetriebe;Diesel;7.0;186.0;101.0;0.0012904170804369415;12.39;2292.15;3441.0;False;Auto.de;4.399.726.214.921.280
1518;1518;Ford;Grand Tourneo;1-7-2020;26.989;;36742.0;Schaltgetriebe;Diesel;7.0;186.0;120.0;0.0007345544608350118;12.39;2292.15;3441.0;False;Auto.de;4.736.481.861.738.530
1519;1519;Ford;Ranger;1-4-2020;39.089;;42176.0;Automatik;Diesel;3.0;243.0;212.0;0.0009268067147192716;53.100.000.000.000.000;9.823.500.000.000.000;4495.5;False;Auto.de;4.985.626.283.367.550
1520;1520;Volkswagen;Touran;1-11-2020;23.489;;117312.0;Automatik;Diesel;7.0;186.0;150.0;0.00020022674577195856;12.39;2292.15;3441.0;False;Auto.de;4.399.726.214.921.280
1521;1521;Mercedes-Benz;Vito;1-9-2020;26.089;;66855.0;Schaltgetriebe;Diesel;7.0;186.0;136.0;0.0003902325929249869;12.39;2292.15;3441.0;False;Auto.de;4.566.735.112.936.340
1522;1522;Volkswagen;Crafter;1-8-2020;29.589;;100848.0;Schaltgetriebe;Diesel;7.0;186.0;177.0;0.00029340195145168967;12.39;2292.15;3441.0;False;Auto.de;465.160.848.733.744
1523;1523;Volkswagen;SONSTIGE;1-11-2020;26.589;;84005.0;Automatik;Benzin;8.0;185.0;150.0;0.0003165168739955955;14.16;2619.6;3422.5;False;Auto.de;4.399.726.214.921.280
1524;1524;Volkswagen;Polo;1-8-2020;20.889;;27207.0;Automatik;Benzin;8.0;185.0;95.0;0.0007677803506450546;14.16;2619.6;3422.5;False;Auto.de;465.160.848.733.744
1525;1525;Renault;Captur;1-12-2020;21.248;;39463.0;Automatik;Hybrid (Elektro / Benzin);4.0;34.0;92.0;0.0005384284012872818;7.08;1309.8;629.0;True;Auto.de;4.317.590.691.307.320
1526;1526;Volkswagen;T-Roc;1-10-2020;21.489;;42985.0;Schaltgetriebe;Diesel;7.0;186.0;116.0;0.0004999185762475282;12.39;2292.15;3441.0;False;Auto.de;4.484.599.589.322.380
1527;1527;Volkswagen;Golf Variant;1-2-2020;21.589;;75924.0;Automatik;Benzin;8.0;185.0;150.0;0.0002843501396132975;14.16;2619.6;3422.5;False;Auto.de;5.149.897.330.595.480
1528;1528;Volkswagen;Tiguan;1-6-2020;27.289;;65343.0;Automatik;Benzin;8.0;185.0;150.0;0.0004176269837626066;14.16;2619.6;3422.5;False;Auto.de;4.818.617.385.352.490
1529;1529;Volkswagen;T6 Transporter;1-9-2020;22.489;;128391.0;Schaltgetriebe;Diesel;7.0;186.0;110.0;0.0001751602526656853;12.39;2292.15;3441.0;False;Auto.de;4.566.735.112.936.340
1530;1530;Volkswagen;T-Roc;1-6-2020;33.389;;42540.0;Automatik;Benzin;8.0;185.0;301.0;0.0007848848142924307;14.16;2619.6;3422.5;False;Auto.de;4.818.617.385.352.490
1531;1531;Volkswagen;T-Roc;1-11-2020;29.389;;44237.0;Automatik;Benzin;8.0;185.0;150.0;0.0006643533693514479;14.16;2619.6;3422.5;False;Auto.de;4.399.726.214.921.280
1532;1532;Volkswagen;Golf Variant;1-5-2020;23.689;;52940.0;Automatik;Diesel;5.0;143.0;150.0;0.0004474688326407254;8.85;1637.25;2645.5;False;Auto.de;4.903.490.759.753.590
1533;1533;Volkswagen;SONSTIGE;1-8-2020;28.389;;111580.0;Automatik;Diesel;7.0;186.0;150.0;0.00025442731672342716;12.39;2292.15;3441.0;False;Auto.de;465.160.848.733.744
1534;1534;Seat;Ibiza;1-12-2020;17.689;;45952.0;Schaltgetriebe;Diesel;8.0;126.0;95.0;0.0003849451601671309;14.16;2619.6;2331.0;True;Auto.de;4.317.590.691.307.320
1535;1535;Volkswagen;Golf;1-5-2020;22.689;;64122.0;Automatik;Diesel;5.0;143.0;150.0;0.00035384111537381866;8.85;1637.25;2645.5;False;Auto.de;4.903.490.759.753.590
1536;1536;Volkswagen;Polo;1-12-2020;17.289;;37509.0;Schaltgetriebe;Benzin;5.0;124.0;80.0;0.00046092937694953214;8.85;1637.25;2294.0;True;Auto.de;4.317.590.691.307.320
1537;1537;Volkswagen;Golf;1-7-2020;21.689;;26049.0;Schaltgetriebe;Benzin;5.0;125.0;131.0;0.0008326231333256555;8.85;1637.25;2312.5;True;Auto.de;4.736.481.861.738.530
1538;1538;Volkswagen;Polo;1-10-2020;16.789;;16684.0;Schaltgetriebe;Benzin;6.0;128.0;80.0;0.0010062934548070008;10.620.000.000.000.000;19.647.000.000.000.000;2368.0;True;Auto.de;4.484.599.589.322.380
1539;1539;Seat;Alhambra;1-2-2020;36.389;;29061.0;Automatik;Diesel;8.0;179.0;150.0;0.001252159251230171;14.16;2619.6;3311.5;False;Auto.de;5.149.897.330.595.480
1540;1540;Volkswagen;Passat;1-8-2020;27.989;;9221.0;Schaltgetriebe;Diesel;9.0;128.0;150.0;0.0030353540830712505;15.93;2947.05;2368.0;True;Auto.de;465.160.848.733.744
1541;1541;Skoda;Scala;1-11-2020;21.689;;44554.0;Automatik;Diesel;9.0;129.0;116.0;0.00048680253175921353;15.93;2947.05;2386.5;True;Auto.de;4.399.726.214.921.280
1542;1542;Volkswagen;Golf;1-5-2020;22.989;;65713.0;Automatik;Diesel;7.0;186.0;150.0;0.00034983945338060965;12.39;2292.15;3441.0;False;Auto.de;4.903.490.759.753.590
1543;1543;Skoda;Octavia;1-10-2020;25.689;;37120.0;Schaltgetriebe;Benzin;8.0;131.0;150.0;0.0006920528017241379;14.16;2619.6;2423.5;False;Auto.de;4.484.599.589.322.380
1544;1544;Volkswagen;Golf;1-6-2020;20.689;;71211.0;Schaltgetriebe;Diesel;2.0;135.0;150.0;0.00029053095729592336;3.54;654.9;2497.5;False;Auto.de;4.818.617.385.352.490
1545;1545;Skoda;Octavia;1-11-2020;25.089;;41702.0;Schaltgetriebe;Diesel;3.0;112.0;116.0;0.0006016258213035346;53.100.000.000.000.000;9.823.500.000.000.000;2072.0;True;Auto.de;4.399.726.214.921.280
1546;1546;Skoda;Scala;1-7-2020;22.689;;34153.0;Automatik;Diesel;5.0;131.0;116.0;0.0006643340262934442;8.85;1637.25;2423.5;False;Auto.de;4.736.481.861.738.530
1547;1547;Volkswagen;Passat;1-7-2020;20.689;;95770.0;Schaltgetriebe;Diesel;8.0;127.0;150.0;0.0002160279837109742;14.16;2619.6;2349.5;True;Auto.de;4.736.481.861.738.530
1548;1548;Volkswagen;Passat;1-4-2020;25.689;;57324.0;Automatik;Diesel;3.0;140.0;150.0;0.00044813690600795477;53.100.000.000.000.000;9.823.500.000.000.000;2590.0;False;Auto.de;4.985.626.283.367.550
1549;1549;Volkswagen;Polo;1-11-2020;17.289;;32644.0;Schaltgetriebe;Benzin;6.0;128.0;80.0;0.0005296225952701875;10.620.000.000.000.000;19.647.000.000.000.000;2368.0;True;Auto.de;4.399.726.214.921.280
1550;1550;Skoda;Octavia;1-11-2020;20.689;;51283.0;Schaltgetriebe;Diesel;1.0;134.0;116.0;0.00040342803658132326;1.77;327.45;2479.0;False;Auto.de;4.399.726.214.921.280
1551;1551;Volkswagen;Golf;1-5-2020;21.689;;65713.0;Automatik;Diesel;7.0;186.0;150.0;0.00033005645762634487;12.39;2292.15;3441.0;False;Auto.de;4.903.490.759.753.590
1552;1552;Skoda;Octavia;1-11-2020;28.789;;52532.0;Automatik;Diesel;8.0;127.0;150.0;0.0005480278687276327;14.16;2619.6;2349.5;True;Auto.de;4.399.726.214.921.280
1553;1553;Volkswagen;Passat;1-8-2020;26.689;;9221.0;Schaltgetriebe;Diesel;9.0;128.0;150.0;0.002894371543216571;15.93;2947.05;2368.0;True;Auto.de;465.160.848.733.744
1554;1554;Volkswagen;Passat;1-7-2020;24.689;;46510.0;Schaltgetriebe;Diesel;9.0;128.0;150.0;0.0005308320791227693;15.93;2947.05;2368.0;True;Auto.de;4.736.481.861.738.530
1555;1555;Seat;Arona;1-8-2020;17.689;;28353.0;Schaltgetriebe;Benzin;6.0;128.0;95.0;0.0006238845977497971;10.620.000.000.000.000;19.647.000.000.000.000;2368.0;True;Auto.de;465.160.848.733.744
1556;1556;Seat;Ibiza;1-2-2020;18.689;;33641.0;Schaltgetriebe;Diesel;7.0;186.0;95.0;0.0005555423441633721;12.39;2292.15;3441.0;False;Auto.de;5.149.897.330.595.480
1557;1557;Skoda;Octavia;1-12-2020;20.689;;149131.0;Automatik;Diesel;7.0;186.0;150.0;0.00013873037798982102;12.39;2292.15;3441.0;False;Auto.de;4.317.590.691.307.320
1558;1558;Volkswagen;Passat;1-7-2020;24.989;;59185.0;Schaltgetriebe;Diesel;9.0;128.0;150.0;0.0004222184675171074;15.93;2947.05;2368.0;True;Auto.de;4.736.481.861.738.530
1559;1559;Ford;Kuga;1-12-2020;31.189;;35117.0;Automatik;Diesel;7.0;186.0;190.0;0.0008881453427115073;12.39;2292.15;3441.0;False;Auto.de;4.317.590.691.307.320
1560;1560;Skoda;Kamiq;1-10-2020;20.989;;36440.0;Automatik;Benzin;8.0;185.0;116.0;0.0005759879253567509;14.16;2619.6;3422.5;False;Auto.de;4.484.599.589.322.380
1561;1561;Ford;Mustang;1-1-2020;51.589;;34850.0;Automatik;Benzin;8.0;185.0;450.0;0.0014803156384505022;14.16;2619.6;3422.5;False;Auto.de;5.234.770.704.996.570
1562;1562;Ford;Kuga;1-12-2020;26.089;;39421.0;Automatik;Hybrid (Elektro / Benzin);8.0;85.0;224.0;0.0006618046219020319;14.16;2619.6;1572.5;True;Auto.de;4.317.590.691.307.320
1563;1563;Skoda;Karoq;1-11-2020;19.749;;121755.0;Schaltgetriebe;Benzin;3.0;143.0;150.0;0.00016220278427990636;53.100.000.000.000.000;9.823.500.000.000.000;2645.5;False;Auto.de;4.399.726.214.921.280
1564;1564;Ford;Kuga;1-5-2020;28.689;;68728.0;Automatik;Diesel;7.0;186.0;190.0;0.00041742812245373066;12.39;2292.15;3441.0;False;Auto.de;4.903.490.759.753.590
1565;1565;Volkswagen;SONSTIGE;1-5-2020;34.589;;109499.0;Automatik;Diesel;7.0;186.0;239.0;0.00031588416332569243;12.39;2292.15;3441.0;False;Auto.de;4.903.490.759.753.590
1566;1566;Audi;A3;1-3-2020;29.349;;31650.0;Automatik;Benzin;3.0;0.0;190.0;0.0009272985781990521;53.100.000.000.000.000;9.823.500.000.000.000;0.0;True;Auto.de;5.070.499.657.768.650
1567;1567;Renault;ZOE;1-11-2020;14.989;;22407.0;Automatik;Elektro;;0.0;109.0;0.0006689427411076896;;;0.0;True;Auto.de;4.399.726.214.921.280
1568;1568;Skoda;Superb;1-11-2020;29.589;;110030.0;Automatik;Diesel;7.0;186.0;200.0;0.0002689175679360174;12.39;2292.15;3441.0;False;Auto.de;4.399.726.214.921.280
1569;1569;Volkswagen;up!;1-8-2020;12.489;;30578.0;Schaltgetriebe;Benzin;8.0;185.0;60.0;0.00040843089803126436;14.16;2619.6;3422.5;False;Auto.de;465.160.848.733.744
1570;1570;Volkswagen;Touran;1-11-2020;29.589;;53697.0;Schaltgetriebe;Benzin;8.0;185.0;150.0;0.0005510363707469691;14.16;2619.6;3422.5;False;Auto.de;4.399.726.214.921.280
1571;1571;Volkswagen;Touran;1-7-2020;30.689;;35021.0;Automatik;Benzin;8.0;185.0;150.0;0.0008763027897547186;14.16;2619.6;3422.5;False;Auto.de;4.736.481.861.738.530
1572;1572;Volkswagen;T6 SONSTIGE;1-11-2020;38.489;;83367.0;Schaltgetriebe;Diesel;7.0;186.0;150.0;0.0004616814806818045;12.39;2292.15;3441.0;False;Auto.de;4.399.726.214.921.280
1573;1573;Audi;Q3;1-7-2020;33.789;;61900.0;Automatik;Benzin;8.0;185.0;230.0;0.000545864297253635;14.16;2619.6;3422.5;False;Auto.de;4.736.481.861.738.530
1574;1574;Citroen;Jumpy;1-8-2020;21.248;;47700.0;Schaltgetriebe;Diesel;5.0;145.0;122.0;0.0004454507337526206;8.85;1637.25;2682.5;False;Auto.de;465.160.848.733.744
1575;1575;Volkswagen;Polo;1-9-2020;20.689;;56747.0;Schaltgetriebe;Diesel;8.0;127.0;95.0;0.0003645831497700319;14.16;2619.6;2349.5;True;Auto.de;4.566.735.112.936.340
1576;1576;Volkswagen;Passat;1-9-2020;36.089;;32223.0;Automatik;Diesel;5.0;172.0;190.0;0.001119976414362412;8.85;1637.25;3182.0;False;Auto.de;4.566.735.112.936.340
1577;1577;Seat;Ibiza;1-9-2020;18.689;;49987.0;Schaltgetriebe;Diesel;6.0;122.0;95.0;0.0003738772080740993;10.620.000.000.000.000;19.647.000.000.000.000;2257.0;True;Auto.de;4.566.735.112.936.340
1578;1578;Volkswagen;Sharan;1-5-2020;41.289;;66344.0;Automatik;Diesel;7.0;186.0;177.0;0.0006223471602556373;12.39;2292.15;3441.0;False;Auto.de;4.903.490.759.753.590
1579;1579;Volkswagen;Golf;1-6-2020;19.689;;56909.0;Schaltgetriebe;Diesel;2.0;136.0;116.0;0.00034597339612363597;3.54;654.9;2516.0;False;Auto.de;4.818.617.385.352.490
1580;1580;Opel;Combo;1-10-2020;13.689;;62274.0;Schaltgetriebe;Diesel;9.0;154.0;102.0;0.0002198188650158975;15.93;2947.05;2849.0;False;Auto.de;4.484.599.589.322.380
1581;1581;Volkswagen;Passat;1-4-2020;26.289;;69942.0;Automatik;Diesel;4.0;141.0;150.0;0.0003758685768207944;7.08;1309.8;2608.5;False;Auto.de;4.985.626.283.367.550
1582;1582;Volkswagen;T-Cross;1-5-2020;18.289;;18461.0;Schaltgetriebe;Benzin;9.0;134.0;95.0;0.0009906830615892964;15.93;2947.05;2479.0;False;Auto.de;4.903.490.759.753.590
1583;1583;Skoda;Superb;1-8-2020;28.589;;90940.0;Automatik;Benzin;8.0;185.0;272.0;0.0003143721134814163;14.16;2619.6;3422.5;False;Auto.de;465.160.848.733.744
1584;1584;Opel;Corsa-e;1-11-2020;16.289;;18676.0;Automatik;Elektro;;0.0;136.0;0.0008721889055472265;;;0.0;True;Auto.de;4.399.726.214.921.280
1585;1585;Opel;Corsa-e;1-11-2020;16.689;;19265.0;Automatik;Elektro;;0.0;136.0;0.0008662860109005969;;;0.0;True;Auto.de;4.399.726.214.921.280
1586;1586;Opel;Corsa-e;1-11-2020;16.689;;16807.0;Automatik;Elektro;;0.0;136.0;0.0009929791158445886;;;0.0;True;Auto.de;4.399.726.214.921.280
1587;1587;Opel;Corsa-e;1-9-2020;16.689;;24044.0;Automatik;Elektro;;0.0;136.0;0.000694102478788887;;;0.0;True;Auto.de;4.566.735.112.936.340
1588;1588;Opel;Corsa-e;1-11-2020;16.689;;29987.0;Automatik;Elektro;;0.0;136.0;0.000556541167839397;;;0.0;True;Auto.de;4.399.726.214.921.280
1589;1589;Opel;Corsa-e;1-10-2020;18.689;;9987.0;Automatik;Elektro;;0.0;136.0;0.001871332732552318;;;0.0;True;Auto.de;4.484.599.589.322.380
1590;1590;Opel;Corsa-e;1-9-2020;17.289;;14155.0;Automatik;Elektro;;0.0;136.0;0.0012214058636524198;;;0.0;True;Auto.de;4.566.735.112.936.340
1591;1591;Opel;Corsa-e;1-8-2020;16.689;;15901.0;Automatik;Elektro;;0.0;136.0;0.0010495566316583863;;;0.0;True;Auto.de;465.160.848.733.744
1592;1592;Volkswagen;SONSTIGE;1-10-2020;26.389;;47773.0;Schaltgetriebe;Benzin;8.0;185.0;150.0;0.0005523831452912733;14.16;2619.6;3422.5;False;Auto.de;4.484.599.589.322.380
1593;1593;Mercedes-Benz;Vito;1-11-2020;27.389;;43786.0;Schaltgetriebe;Diesel;7.0;186.0;136.0;0.000625519572466085;12.39;2292.15;3441.0;False;Auto.de;4.399.726.214.921.280
1594;1594;Ford;Fiesta;1-9-2020;19.989;;32152.0;Schaltgetriebe;Benzin;6.0;126.0;155.0;0.0006217031599900473;10.620.000.000.000.000;19.647.000.000.000.000;2331.0;True;Auto.de;4.566.735.112.936.340
1595;1595;Suzuki;Swift;1-2-2020;18.048;;19375.0;Automatik;Benzin;8.0;185.0;112.0;0.0009315096774193547;14.16;2619.6;3422.5;False;Auto.de;5.149.897.330.595.480
1596;1596;Land Rover;Range Rover Evoque;1-11-2020;40.748;;36685.0;Automatik;Hybrid (Elektro / Benzin);4.0;32.0;309.0;0.0011107537140520648;7.08;1309.8;592.0;True;Auto.de;4.399.726.214.921.280
1597;1597;Land Rover;Range Rover Sport;1-11-2020;75.448;;68092.0;Automatik;Benzin;0.0;242.0;400.0;0.001108030311930917;0.0;0.0;4477.0;False;Auto.de;4.399.726.214.921.280
1598;1598;Land Rover;Range Rover Evoque;1-3-2020;41.648;;59362.0;Automatik;Benzin;0.0;0.0;200.0;0.0007015936120750649;0.0;0.0;0.0;True;Auto.de;5.070.499.657.768.650
1599;1599;Ford;Kuga;1-7-2020;27.448;;36290.0;Automatik;Hybrid (Elektro / Benzin);2.0;26.0;152.0;0.000756351612014329;3.54;654.9;481.0;True;Auto.de;4.736.481.861.738.530
1600;1600;Land Rover;Range Rover Evoque;1-7-2020;40.948;;32413.0;Automatik;Benzin;8.0;182.0;249.0;0.0012633202727300775;14.16;2619.6;3367.0;False;Auto.de;4.736.481.861.738.530
1601;1601;Dacia;Duster;1-3-2020;16.648;;33845.0;Schaltgetriebe;Benzin;0.0;145.0;101.0;0.0004918894962328261;0.0;0.0;2682.5;False;Auto.de;5.070.499.657.768.650
1602;1602;Renault;Kangoo Z.E.;1-2-2020;11.648;;27300.0;Automatik;Elektro;;0.0;60.0;0.00042666666666666667;;;0.0;True;Auto.de;5.149.897.330.595.480
1603;1603;Ford;Fiesta;1-9-2020;19.989;;60000.0;Schaltgetriebe;Benzin;8.0;185.0;200.0;0.00033315;14.16;2619.6;3422.5;False;Auto.de;4.566.735.112.936.340
1604;1604;Ford;Transit Connect;1-7-2020;21.089;;88500.0;Schaltgetriebe;Diesel;7.0;186.0;120.0;0.00023829378531073445;12.39;2292.15;3441.0;False;Auto.de;4.736.481.861.738.530
1605;1605;Ford;Puma;1-4-2020;23.989;;44433.0;Schaltgetriebe;Benzin;8.0;185.0;155.0;0.0005398915220669322;14.16;2619.6;3422.5;False;Auto.de;4.985.626.283.367.550
1606;1606;Renault;Kadjar;1-8-2020;22.148;;35590.0;Automatik;Benzin;8.0;185.0;140.0;0.0006223096375386344;14.16;2619.6;3422.5;False;Auto.de;465.160.848.733.744
1607;1607;Seat;Leon;1-9-2020;25.589;;52450.0;Automatik;Benzin;9.0;134.0;150.0;0.00048787416587225924;15.93;2947.05;2479.0;False;Auto.de;4.566.735.112.936.340
1608;1608;Audi;A4;1-4-2020;27.989;;59392.0;Automatik;Diesel;3.0;139.0;163.0;0.00047125875538793103;53.100.000.000.000.000;9.823.500.000.000.000;2571.5;False;Auto.de;4.985.626.283.367.550
1609;1609;Volkswagen;Touran;1-8-2020;29.789;;46197.0;Schaltgetriebe;Diesel;5.0;145.0;150.0;0.0006448254215641709;8.85;1637.25;2682.5;False;Auto.de;465.160.848.733.744
1610;1610;Volkswagen;Passat;1-11-2020;29.789;;49900.0;Automatik;Benzin;8.0;185.0;218.0;0.0005969739478957916;14.16;2619.6;3422.5;False;Auto.de;4.399.726.214.921.280
1611;1611;Skoda;Scala;1-10-2020;16.689;;46524.0;Schaltgetriebe;Benzin;6.0;126.0;95.0;0.00035871808099045653;10.620.000.000.000.000;19.647.000.000.000.000;2331.0;True;Auto.de;4.484.599.589.322.380
1612;1612;Skoda;Scala;1-10-2020;19.289;;48728.0;Schaltgetriebe;Benzin;5.0;124.0;116.0;0.0003958504350681333;8.85;1637.25;2294.0;True;Auto.de;4.484.599.589.322.380
1613;1613;Volkswagen;Touran;1-8-2020;31.089;;46197.0;Schaltgetriebe;Diesel;5.0;145.0;150.0;0.0006729657769985064;8.85;1637.25;2682.5;False;Auto.de;465.160.848.733.744
1614;1614;Audi;A4;1-4-2020;26.689;;59392.0;Automatik;Diesel;3.0;139.0;163.0;0.00044937028556034484;53.100.000.000.000.000;9.823.500.000.000.000;2571.5;False;Auto.de;4.985.626.283.367.550
1615;1615;Skoda;Scala;1-11-2020;18.689;;15577.0;Schaltgetriebe;Benzin;4.0;123.0;116.0;0.0011997817294729408;7.08;1309.8;2275.5;True;Auto.de;4.399.726.214.921.280
1616;1616;Renault;Megane;1-12-2020;21.748;;65611.0;Automatik;Benzin;0.0;141.0;159.0;0.0003314688085839265;0.0;0.0;2608.5;False;Auto.de;4.317.590.691.307.320
1617;1617;Dacia;Duster;1-6-2020;16.748;;42892.0;Schaltgetriebe;Autogas;;0.0;101.0;0.0003904690851440828;;;0.0;True;Auto.de;4.818.617.385.352.490
1618;1618;Land Rover;Range Rover Evoque;1-11-2020;44.848;;67919.0;Schaltgetriebe;Hybrid (Elektro / Benzin);4.0;32.0;200.0;0.000660315964604897;7.08;1309.8;592.0;True;Auto.de;4.399.726.214.921.280
1619;1619;Land Rover;Defender;1-8-2020;55.648;;78452.0;Automatik;Diesel;7.0;186.0;200.0;0.0007093254474073319;12.39;2292.15;3441.0;False;Auto.de;465.160.848.733.744
1620;1620;Volkswagen;Passat Variant;1-11-2020;30.889;;36000.0;Automatik;Diesel;4.0;141.0;150.0;0.0008580277777777778;7.08;1309.8;2608.5;False;Auto.de;4.399.726.214.921.280
1621;1621;Volkswagen;Golf;1-12-2020;19.589;;64654.0;Schaltgetriebe;Benzin;8.0;185.0;110.0;0.0003029820274074303;14.16;2619.6;3422.5;False;Auto.de;4.317.590.691.307.320
1622;1622;Audi;SONSTIGE;1-7-2020;37.689;;82812.0;Automatik;Diesel;7.0;186.0;204.0;0.00045511520069555135;12.39;2292.15;3441.0;False;Auto.de;4.736.481.861.738.530
1623;1623;Volkswagen;up!;1-10-2020;14.689;;25212.0;Automatik;Elektro;;0.0;83.0;0.0005826193875932096;;;0.0;True;Auto.de;4.484.599.589.322.380
1624;1624;Opel;Corsa-e;1-11-2020;16.689;;22875.0;Automatik;Elektro;;0.0;136.0;0.0007295737704918032;;;0.0;True;Auto.de;4.399.726.214.921.280
1625;1625;Opel;Corsa-e;1-11-2020;15.689;;17687.0;Automatik;Elektro;;0.0;136.0;0.0008870356759201674;;;0.0;True;Auto.de;4.399.726.214.921.280
1626;1626;Audi;Q5;1-10-2020;35.589;;114880.0;Automatik;Diesel;7.0;186.0;204.0;0.00030979282729805014;12.39;2292.15;3441.0;False;Auto.de;4.484.599.589.322.380
1627;1627;Mercedes-Benz;Sprinter;1-9-2020;36.489;;64571.0;Automatik;Diesel;7.0;186.0;163.0;0.0005650988833996685;12.39;2292.15;3441.0;False;Auto.de;4.566.735.112.936.340
1628;1628;Volkswagen;SONSTIGE;1-9-2020;28.489;;79781.0;Automatik;Diesel;7.0;186.0;102.0;0.0003570900339679874;12.39;2292.15;3441.0;False;Auto.de;4.566.735.112.936.340
1629;1629;Mercedes-Benz;C 160;1-12-2020;25.689;;107400.0;Automatik;Diesel;9.0;155.0;160.0;0.0002391899441340782;15.93;2947.05;2867.5;False;Auto.de;4.317.590.691.307.320
1630;1630;Volkswagen;Polo;1-5-2020;16.949;;60345.0;Schaltgetriebe;Benzin;6.0;0.0;80.0;0.00028086834037617037;10.620.000.000.000.000;19.647.000.000.000.000;0.0;True;Auto.de;4.903.490.759.753.590
1631;1631;Skoda;Octavia;1-12-2020;28.189;;34950.0;Schaltgetriebe;Benzin;7.0;130.0;150.0;0.0008065522174535051;12.39;2292.15;2405.0;True;Auto.de;4.317.590.691.307.320
1632;1632;Skoda;Scala;1-10-2020;19.689;;67730.0;Schaltgetriebe;Diesel;6.0;122.0;116.0;0.00029069836113981986;10.620.000.000.000.000;19.647.000.000.000.000;2257.0;True;Auto.de;4.484.599.589.322.380
1633;1633;Skoda;Kamiq;1-2-2020;25.689;;36330.0;Schaltgetriebe;Benzin;8.0;185.0;150.0;0.00070710156895128;14.16;2619.6;3422.5;False;Auto.de;5.149.897.330.595.480
1634;1634;Skoda;Kamiq;1-8-2020;26.689;;38690.0;Automatik;Benzin;5.0;148.0;150.0;0.0006898164900491083;8.85;1637.25;2738.0;False;Auto.de;465.160.848.733.744
1635;1635;Skoda;Scala;1-11-2020;16.689;;109464.0;Schaltgetriebe;Diesel;7.0;122.0;116.0;0.00015246108309581232;12.39;2292.15;2257.0;True;Auto.de;4.399.726.214.921.280
1636;1636;Volkswagen;Golf;1-12-2020;18.149;;23240.0;Automatik;Elektro;;0.0;136.0;0.0007809380378657487;;;0.0;True;Auto.de;4.317.590.691.307.320
1637;1637;Opel;Corsa-e;1-10-2020;16.689;;31680.0;Automatik;Elektro;;0.0;136.0;0.0005267992424242425;;;0.0;True;Auto.de;4.484.599.589.322.380
1638;1638;Seat;Ateca;1-9-2020;28.689;;48850.0;Automatik;Benzin;8.0;156.0;150.0;0.0005872876151484135;14.16;2619.6;2886.0;False;Auto.de;4.566.735.112.936.340
1639;1639;Audi;A4;1-4-2020;27.689;;57425.0;Automatik;Diesel;3.0;139.0;163.0;0.0004821767522855899;53.100.000.000.000.000;9.823.500.000.000.000;2571.5;False;Auto.de;4.985.626.283.367.550
1640;1640;Volkswagen;Golf;1-2-2020;26.989;;38410.0;Automatik;Diesel;5.0;144.0;150.0;0.0007026555584483207;8.85;1637.25;2664.0;False;Auto.de;5.149.897.330.595.480
1641;1641;Skoda;Kamiq;1-11-2020;26.689;;43817.0;Automatik;Benzin;2.0;115.0;150.0;0.0006091014902891572;3.54;654.9;2127.5;True;Auto.de;4.399.726.214.921.280
1642;1642;Volkswagen;Passat;1-7-2020;25.689;;46612.0;Automatik;Diesel;1.0;134.0;150.0;0.000551124174032438;1.77;327.45;2479.0;False;Auto.de;4.736.481.861.738.530
1643;1643;Volkswagen;Golf;1-2-2020;25.689;;38410.0;Automatik;Diesel;5.0;144.0;150.0;0.0006688102056756053;8.85;1637.25;2664.0;False;Auto.de;5.149.897.330.595.480
1644;1644;Volkswagen;Passat;1-7-2020;26.989;;46612.0;Automatik;Diesel;1.0;134.0;150.0;0.0005790139878142968;1.77;327.45;2479.0;False;Auto.de;4.736.481.861.738.530
1645;1645;Volkswagen;Polo;1-1-2020;16.289;;28519.0;Schaltgetriebe;Benzin;5.0;125.0;80.0;0.0005711630842596164;8.85;1637.25;2312.5;True;Auto.de;5.234.770.704.996.570
1646;1646;Ford;Kuga;1-11-2020;31.289;;68739.0;Automatik;Diesel;9.0;153.0;190.0;0.00045518555696184116;15.93;2947.05;2830.5;False;Auto.de;4.399.726.214.921.280
1647;1647;Skoda;Octavia;1-8-2020;24.289;;57960.0;Automatik;Benzin;3.0;143.0;150.0;0.00041906487232574194;53.100.000.000.000.000;9.823.500.000.000.000;2645.5;False;Auto.de;465.160.848.733.744
1648;1648;Kia;XCeed;1-12-2020;24.848;;48300.0;Automatik;Benzin;8.0;185.0;204.0;0.0005144513457556936;14.16;2619.6;3422.5;False;Auto.de;4.317.590.691.307.320
1649;1649;Volkswagen;Touareg;1-8-2020;47.649;;92390.0;Automatik;Diesel;2.0;0.0;231.0;0.0005157376339430675;3.54;654.9;0.0;True;Auto.de;465.160.848.733.744
1650;1650;Ford;Fiesta;1-9-2020;20.089;;24046.0;Schaltgetriebe;Benzin;8.0;130.0;125.0;0.0008354404058887133;14.16;2619.6;2405.0;True;Auto.de;4.566.735.112.936.340
1651;1651;Opel;Corsa-e;1-8-2020;16.289;;33451.0;Automatik;Elektro;;0.0;136.0;0.00048695106274849787;;;0.0;True;Auto.de;465.160.848.733.744
1652;1652;Volkswagen;up!;1-9-2020;15.289;;25145.0;Automatik;Elektro;;0.0;83.0;0.000608033406243786;;;0.0;True;Auto.de;4.566.735.112.936.340
1653;1653;Volkswagen;Touran;1-10-2020;25.489;;109878.0;Automatik;Diesel;7.0;186.0;150.0;0.00023197546369609933;12.39;2292.15;3441.0;False;Auto.de;4.484.599.589.322.380
1654;1654;Ford;Puma;1-10-2020;22.289;;51010.0;Automatik;Benzin;3.0;143.0;125.0;0.00043695353852185847;53.100.000.000.000.000;9.823.500.000.000.000;2645.5;False;Auto.de;4.484.599.589.322.380
1655;1655;Skoda;Kodiaq;1-5-2020;31.289;;35840.0;Automatik;Benzin;6.0;173.0;150.0;0.0008730189732142858;10.620.000.000.000.000;19.647.000.000.000.000;3200.5;False;Auto.de;4.903.490.759.753.590
1656;1656;Volkswagen;Polo;1-7-2020;17.689;;14230.0;Schaltgetriebe;Benzin;6.0;126.0;80.0;0.0012430780042164441;10.620.000.000.000.000;19.647.000.000.000.000;2331.0;True;Auto.de;4.736.481.861.738.530
1657;1657;Skoda;Kamiq;1-10-2020;30.089;;23306.0;Automatik;Benzin;2.0;142.0;150.0;0.0012910409336651506;3.54;654.9;2627.0;False;Auto.de;4.484.599.589.322.380
1658;1658;Volkswagen;Touran;1-8-2020;29.789;;64447.0;Schaltgetriebe;Diesel;4.0;142.0;150.0;0.0004622247738451751;7.08;1309.8;2627.0;False;Auto.de;465.160.848.733.744
1659;1659;Audi;A4;1-5-2020;26.689;;69987.0;Automatik;Diesel;3.0;139.0;163.0;0.00038134224927486535;53.100.000.000.000.000;9.823.500.000.000.000;2571.5;False;Auto.de;4.903.490.759.753.590
1660;1660;Audi;A4;1-5-2020;27.989;;69987.0;Automatik;Diesel;3.0;139.0;163.0;0.00039991712746652953;53.100.000.000.000.000;9.823.500.000.000.000;2571.5;False;Auto.de;4.903.490.759.753.590
1661;1661;Skoda;Kamiq;1-10-2020;28.789;;23306.0;Automatik;Benzin;2.0;142.0;150.0;0.0012352613061014331;3.54;654.9;2627.0;False;Auto.de;4.484.599.589.322.380
1662;1662;Audi;A4;1-5-2020;27.689;;51131.0;Automatik;Diesel;3.0;139.0;163.0;0.000541530578318437;53.100.000.000.000.000;9.823.500.000.000.000;2571.5;False;Auto.de;4.903.490.759.753.590
1663;1663;Volkswagen;Touran;1-8-2020;31.089;;64447.0;Schaltgetriebe;Diesel;4.0;142.0;150.0;0.00048239638772945207;7.08;1309.8;2627.0;False;Auto.de;465.160.848.733.744
1664;1664;Volkswagen;Passat;1-5-2020;26.689;;46213.0;Automatik;Diesel;3.0;140.0;150.0;0.0005775214766407721;53.100.000.000.000.000;9.823.500.000.000.000;2590.0;False;Auto.de;4.903.490.759.753.590
1665;1665;Audi;A4;1-7-2020;26.689;;62689.0;Automatik;Diesel;3.0;139.0;163.0;0.0004257365726044442;53.100.000.000.000.000;9.823.500.000.000.000;2571.5;False;Auto.de;4.736.481.861.738.530
1666;1666;Audi;A4;1-7-2020;27.989;;62689.0;Automatik;Diesel;3.0;139.0;163.0;0.0004464738630381726;53.100.000.000.000.000;9.823.500.000.000.000;2571.5;False;Auto.de;4.736.481.861.738.530
1667;1667;Audi;A4;1-5-2020;29.089;;51131.0;Automatik;Diesel;3.0;139.0;163.0;0.0005689112280221392;53.100.000.000.000.000;9.823.500.000.000.000;2571.5;False;Auto.de;4.903.490.759.753.590
1668;1668;Volkswagen;Passat Variant;1-1-2020;23.489;;47358.0;Automatik;Benzin;8.0;185.0;150.0;0.0004959880062502639;14.16;2619.6;3422.5;False;Auto.de;5.234.770.704.996.570
1669;1669;Skoda;Kodiaq;1-8-2020;26.689;;113149.0;Automatik;Diesel;7.0;186.0;150.0;0.00023587481992770596;12.39;2292.15;3441.0;False;Auto.de;465.160.848.733.744
1670;1670;Volkswagen;SONSTIGE;1-9-2020;27.789;;54006.0;Schaltgetriebe;Benzin;8.0;185.0;150.0;0.0005145539384512832;14.16;2619.6;3422.5;False;Auto.de;4.566.735.112.936.340
1671;1671;Ford;Fiesta;1-12-2020;14.649;;75444.0;Schaltgetriebe;Benzin;8.0;185.0;125.0;0.00019417051057738188;14.16;2619.6;3422.5;False;Auto.de;4.317.590.691.307.320
1672;1672;Ford;Fiesta;1-9-2020;12.849;;52845.0;Schaltgetriebe;Benzin;5.0;0.0;75.0;0.00024314504683508375;8.85;1637.25;0.0;True;Auto.de;4.566.735.112.936.340
1673;1673;Ford;Fiesta;1-10-2020;12.849;;51368.0;Schaltgetriebe;Benzin;5.0;0.0;75.0;0.0002501362716087837;8.85;1637.25;0.0;True;Auto.de;4.484.599.589.322.380
1674;1674;Ford;Fiesta;1-10-2020;12.849;;52687.0;Schaltgetriebe;Benzin;5.0;0.0;75.0;0.00024387420046690836;8.85;1637.25;0.0;True;Auto.de;4.484.599.589.322.380
1675;1675;Ford;Fiesta;1-11-2020;12.849;;68388.0;Schaltgetriebe;Benzin;5.0;0.0;75.0;0.00018788383927004738;8.85;1637.25;0.0;True;Auto.de;4.399.726.214.921.280
1676;1676;Dacia;Sandero;1-11-2020;9.048;;89227.0;Schaltgetriebe;Benzin;8.0;185.0;73.0;0.0001014042834568012;14.16;2619.6;3422.5;False;Auto.de;4.399.726.214.921.280
1677;1677;Renault;Clio;1-1-2020;13.048;;43235.0;Schaltgetriebe;Benzin;0.0;136.0;72.0;0.0003017925292008789;0.0;0.0;2516.0;False;Auto.de;5.234.770.704.996.570
1678;1678;Volkswagen;Polo;1-11-2020;19.648;;72067.0;Automatik;Benzin;8.0;185.0;200.0;0.0002726351867012641;14.16;2619.6;3422.5;False;Auto.de;4.399.726.214.921.280
1679;1679;Audi;Q3;1-11-2020;35.489;;46870.0;Automatik;Diesel;2.0;163.0;200.0;0.000757179432472797;3.54;654.9;3015.5;False;Auto.de;4.399.726.214.921.280
1680;1680;Ford;Fiesta;1-11-2020;12.849;;56757.0;Schaltgetriebe;Benzin;5.0;0.0;75.0;0.00022638617263068874;8.85;1637.25;0.0;True;Auto.de;4.399.726.214.921.280
1681;1681;Ford;Fiesta;1-10-2020;12.849;;53087.0;Schaltgetriebe;Benzin;5.0;0.0;75.0;0.00024203665680863488;8.85;1637.25;0.0;True;Auto.de;4.484.599.589.322.380
1682;1682;Ford;Fiesta;1-11-2020;12.849;;49424.0;Schaltgetriebe;Benzin;5.0;0.0;75.0;0.0002599749109744254;8.85;1637.25;0.0;True;Auto.de;4.399.726.214.921.280
1683;1683;Volkswagen;Tiguan;1-10-2021;36.089;;44125.0;Automatik;Diesel;6.0;173.0;200.0;0.0008178810198300283;10.620.000.000.000.000;19.647.000.000.000.000;3200.5;False;Auto.de;3.485.284.052.019.160
1684;1684;Volkswagen;T-Roc;1-12-2021;26.448;;41060.0;Automatik;Benzin;8.0;120.0;150.0;0.0006441305406721871;14.16;2619.6;2220.0;True;Auto.de;33.182.751.540.041.000
1685;1685;Ford;Focus;1-4-2021;19.648;;42743.0;Schaltgetriebe;Benzin;8.0;185.0;125.0;0.0004596776080293849;14.16;2619.6;3422.5;False;Auto.de;39.863.107.460.643.300
1686;1686;Land Rover;Discovery Sport;1-8-2021;39.148;;34696.0;Automatik;Diesel;7.0;187.0;180.0;0.001128314503112751;12.39;2292.15;3459.5;False;Auto.de;3.652.292.950.034.220
1687;1687;Land Rover;Discovery Sport;1-5-2021;34.948;;51608.0;Automatik;Diesel;7.0;187.0;150.0;0.0006771818322740661;12.39;2292.15;3459.5;False;Auto.de;39.041.752.224.503.700
1688;1688;Mazda;CX-5;1-7-2021;31.848;;8390.0;Schaltgetriebe;Benzin;6.0;172.0;165.0;0.0037959475566150176;10.620.000.000.000.000;19.647.000.000.000.000;3182.0;False;Auto.de;37.371.663.244.353.100
1689;1689;Renault;Kangoo;1-9-2021;15.948;;70780.0;Schaltgetriebe;Diesel;2.0;137.0;75.0;0.00022531788640859;3.54;654.9;2534.5;False;Auto.de;3.567.419.575.633.120
1690;1690;Jaguar;F-Pace;1-9-2021;39.189;;35082.0;Automatik;Diesel;4.0;194.0;180.0;0.001117068582178895;7.08;1309.8;3589.0;False;Auto.de;3.567.419.575.633.120
1691;1691;Volkswagen;T6 Kombi;1-5-2021;36.749;;73078.0;Automatik;Diesel;7.0;201.0;150.0;0.0005028736418621199;12.39;2292.15;3718.5;False;Auto.de;39.041.752.224.503.700
1692;1692;Volkswagen;T6 Kombi;1-4-2021;36.749;;80356.0;Automatik;Diesel;7.0;201.0;150.0;0.0004573273931007019;12.39;2292.15;3718.5;False;Auto.de;39.863.107.460.643.300
1693;1693;Volkswagen;T6 Kombi;1-3-2021;36.749;;76389.0;Automatik;Diesel;7.0;201.0;150.0;0.00048107711843328233;12.39;2292.15;3718.5;False;Auto.de;4.071.184.120.465.430
1694;1694;Volkswagen;T6 Kombi;1-2-2021;36.749;;76950.0;Automatik;Diesel;7.0;202.0;150.0;0.0004775698505523067;12.39;2292.15;3737.0;False;Auto.de;4.147.843.942.505.130
1695;1695;Volkswagen;T6 Transporter;1-6-2021;28.489;;117970.0;Automatik;Diesel;7.0;186.0;150.0;0.00024149360006781387;12.39;2292.15;3441.0;False;Auto.de;38.193.018.480.492.800
1696;1696;Volkswagen;T6 Transporter;1-6-2021;28.489;;121041.0;Automatik;Diesel;7.0;186.0;150.0;0.00023536652869688785;12.39;2292.15;3441.0;False;Auto.de;38.193.018.480.492.800
1697;1697;Volkswagen;T6 Kombi;1-6-2021;39.149;;73078.0;Automatik;Diesel;7.0;0.0;150.0;0.0005357152631434905;12.39;2292.15;0.0;True;Auto.de;38.193.018.480.492.800
1698;1698;Volkswagen;T6 Kombi;1-5-2021;39.149;;80356.0;Automatik;Diesel;7.0;0.0;150.0;0.0004871944845437802;12.39;2292.15;0.0;True;Auto.de;39.041.752.224.503.700
1699;1699;Volkswagen;Golf Variant;1-8-2021;24.489;;87190.0;Automatik;Benzin;8.0;185.0;131.0;0.0002808693657529533;14.16;2619.6;3422.5;False;Auto.de;3.652.292.950.034.220
1700;1700;Volkswagen;T6 Kombi;1-4-2021;39.149;;76389.0;Automatik;Diesel;7.0;0.0;150.0;0.000512495254552357;12.39;2292.15;0.0;True;Auto.de;39.863.107.460.643.300
1701;1701;Volkswagen;T6 Kombi;1-3-2021;39.149;;76950.0;Automatik;Diesel;7.0;0.0;150.0;0.0005087589343729695;12.39;2292.15;0.0;True;Auto.de;4.071.184.120.465.430
1702;1702;Volkswagen;Caddy;1-5-2021;27.589;;62900.0;Schaltgetriebe;Diesel;7.0;186.0;102.0;0.0004386168521462639;12.39;2292.15;3441.0;False;Auto.de;39.041.752.224.503.700
1703;1703;Seat;Leon;1-5-2021;21.989;;41232.0;Automatik;Benzin;8.0;185.0;150.0;0.0005332993791230113;14.16;2619.6;3422.5;False;Auto.de;39.041.752.224.503.700
1704;1704;Ford;Kuga;1-12-2021;25.289;;11200.0;Schaltgetriebe;Benzin;7.0;153.0;150.0;0.0022579464285714286;12.39;2292.15;2830.5;False;Auto.de;33.182.751.540.041.000
1705;1705;Skoda;Karoq;1-11-2021;32.889;;52803.0;Automatik;Diesel;1.0;160.0;150.0;0.0006228623373671951;1.77;327.45;2960.0;False;Auto.de;340.041.067.761.807
1706;1706;Seat;Ateca;1-11-2021;29.789;;49987.0;Automatik;Diesel;9.0;156.0;150.0;0.0005959349430852022;15.93;2947.05;2886.0;False;Auto.de;340.041.067.761.807
1707;1707;Volkswagen;Tiguan;1-9-2021;38.389;;48720.0;Automatik;Diesel;4.0;168.0;150.0;0.0007879515599343186;7.08;1309.8;3108.0;False;Auto.de;3.567.419.575.633.120
1708;1708;Volkswagen;Tiguan;1-9-2021;37.089;;48720.0;Automatik;Diesel;4.0;168.0;150.0;0.0007612684729064039;7.08;1309.8;3108.0;False;Auto.de;3.567.419.575.633.120
1709;1709;Seat;Leon;1-8-2021;25.289;;19987.0;Automatik;Diesel;4.0;116.0;150.0;0.0012652724270776005;7.08;1309.8;2146.0;True;Auto.de;3.652.292.950.034.220
1710;1710;Skoda;Karoq;1-11-2021;34.289;;52803.0;Automatik;Diesel;1.0;160.0;150.0;0.000649375982425241;1.77;327.45;2960.0;False;Auto.de;340.041.067.761.807
1711;1711;Seat;Leon;1-8-2021;26.589;;19987.0;Automatik;Diesel;4.0;116.0;150.0;0.0013303147045579625;7.08;1309.8;2146.0;True;Auto.de;3.652.292.950.034.220
1712;1712;Ford;Focus;1-9-2021;20.089;;76831.0;Automatik;Diesel;9.0;126.0;120.0;0.0002614699795655399;15.93;2947.05;2331.0;True;Auto.de;3.567.419.575.633.120
1713;1713;Jaguar;F-Pace;1-6-2021;81.449;;29378.0;Automatik;Benzin;0.0;0.0;551.0;0.0027724487711893253;0.0;0.0;0.0;True;Auto.de;38.193.018.480.492.800
1714;1714;Jaguar;F-Type;1-7-2021;56.948;;25037.0;Automatik;Benzin;8.0;188.0;301.0;0.0022745536605823383;14.16;2619.6;3478.0;False;Auto.de;37.371.663.244.353.100
1715;1715;Jaguar;I-Pace;1-3-2021;61.648;;39761.0;Automatik;Elektro;;0.0;400.0;0.0015504640225346446;;;0.0;True;Auto.de;4.071.184.120.465.430
1716;1716;Ford;Kuga;1-9-2021;23.089;;37300.0;Schaltgetriebe;Diesel;9.0;127.0;150.0;0.0006190080428954423;15.93;2947.05;2349.5;True;Auto.de;3.567.419.575.633.120
1717;1717;Jaguar;F-Pace;1-10-2021;42.349;;60846.0;Automatik;Diesel;0.0;0.0;180.0;0.0006960030240278736;0.0;0.0;0.0;True;Auto.de;3.485.284.052.019.160
1718;1718;Seat;Leon;1-6-2021;26.489;;62650.0;Schaltgetriebe;Benzin;1.0;139.0;150.0;0.00042280925778132483;1.77;327.45;2571.5;False;Auto.de;38.193.018.480.492.800
1719;1719;Skoda;Octavia;1-10-2021;29.789;;45756.0;Automatik;Diesel;6.0;121.0;150.0;0.000651040300725588;10.620.000.000.000.000;19.647.000.000.000.000;2238.5;True;Auto.de;3.485.284.052.019.160
1720;1720;Seat;Ibiza;1-10-2021;16.689;;28833.0;Schaltgetriebe;Benzin;4.0;123.0;95.0;0.0005788159400686713;7.08;1309.8;2275.5;True;Auto.de;3.485.284.052.019.160
1721;1721;Land Rover;Range Rover;1-3-2021;107.748;;63499.0;Automatik;Benzin;8.0;294.0;525.0;0.001696845619616057;14.16;2619.6;5439.0;False;Auto.de;4.071.184.120.465.430
1722;1722;Kia;Sportage;1-7-2021;28.789;;65450.0;Automatik;Benzin;8.0;185.0;177.0;0.0004398624904507258;14.16;2619.6;3422.5;False;Auto.de;37.371.663.244.353.100
1723;1723;Volkswagen;Passat Variant;1-11-2021;22.489;;109734.0;Automatik;Hybrid (Elektro / Benzin);8.0;85.0;218.0;0.00020494103924034485;14.16;2619.6;1572.5;True;Auto.de;340.041.067.761.807
1724;1724;Volkswagen;Passat Variant;1-12-2021;21.489;;113850.0;Automatik;Diesel;7.0;186.0;150.0;0.0001887483530961792;12.39;2292.15;3441.0;False;Auto.de;33.182.751.540.041.000
1725;1725;Ford;Transit Connect;1-8-2021;23.289;;30650.0;Schaltgetriebe;Diesel;7.0;124.0;101.0;0.000759836867862969;12.39;2292.15;2294.0;True;Auto.de;3.652.292.950.034.220
1726;1726;Kia;Sportage;1-4-2021;26.789;;74576.0;Automatik;Benzin;8.0;185.0;177.0;0.0003592174426088822;14.16;2619.6;3422.5;False;Auto.de;39.863.107.460.643.300
1727;1727;Skoda;Fabia;1-10-2021;20.289;;22099.0;Automatik;Benzin;8.0;131.0;95.0;0.0009180958414407893;14.16;2619.6;2423.5;False;Auto.de;3.485.284.052.019.160
1728;1728;Ssangyong;Tivoli;1-4-2021;14.948;;65844.0;Schaltgetriebe;Benzin;8.0;185.0;163.0;0.0002270214446266934;14.16;2619.6;3422.5;False;Auto.de;39.863.107.460.643.300
1729;1729;Opel;Crossland X;1-5-2021;19.089;;25135.0;Schaltgetriebe;Benzin;3.0;141.0;110.0;0.0007594589218221602;53.100.000.000.000.000;9.823.500.000.000.000;2608.5;False;Auto.de;39.041.752.224.503.700
1730;1730;Dacia;Sandero;1-12-2021;16.548;;40190.0;Schaltgetriebe;Autogas;;135.0;101.0;0.00041174421497885044;;;2497.5;False;Auto.de;33.182.751.540.041.000
1731;1731;Renault;Captur;1-3-2021;23.348;;20226.0;Automatik;Benzin;8.0;185.0;140.0;0.0011543557796895084;14.16;2619.6;3422.5;False;Auto.de;4.071.184.120.465.430
1732;1732;Renault;Kangoo;1-7-2021;24.348;;32725.0;Schaltgetriebe;Benzin;0.0;144.0;131.0;0.0007440183346065698;0.0;0.0;2664.0;False;Auto.de;37.371.663.244.353.100
1733;1733;Mazda;CX-3;1-5-2021;21.248;;32370.0;Schaltgetriebe;Benzin;2.0;0.0;121.0;0.0006564102564102565;3.54;654.9;0.0;True;Auto.de;39.041.752.224.503.700
1734;1734;Renault;Clio;1-4-2021;17.548;;14090.0;Schaltgetriebe;Benzin;0.0;132.0;91.0;0.0012454222853087295;0.0;0.0;2442.0;False;Auto.de;39.863.107.460.643.300
1735;1735;Volkswagen;Caddy;1-12-2021;33.489;;54990.0;Automatik;Diesel;7.0;186.0;122.0;0.0006090016366612111;12.39;2292.15;3441.0;False;Auto.de;33.182.751.540.041.000
1736;1736;Renault;ZOE;1-12-2021;14.948;;38971.0;Automatik;Elektro;;0.0;69.0;0.0003835672679684894;;;0.0;True;Auto.de;33.182.751.540.041.000
1737;1737;Seat;Leon;1-8-2021;24.689;;53177.0;Automatik;Diesel;5.0;118.0;150.0;0.0004642796697820486;8.85;1637.25;2183.0;True;Auto.de;3.652.292.950.034.220
1738;1738;Volkswagen;T-Roc;1-9-2021;28.789;;36795.0;Automatik;Diesel;1.0;134.0;150.0;0.0007824160891425466;1.77;327.45;2479.0;False;Auto.de;3.567.419.575.633.120
1739;1739;Volkswagen;T-Roc;1-9-2021;30.089;;36795.0;Automatik;Diesel;1.0;134.0;150.0;0.0008177469764913711;1.77;327.45;2479.0;False;Auto.de;3.567.419.575.633.120
1740;1740;Skoda;Octavia;1-1-2021;25.689;;53669.0;Schaltgetriebe;Benzin;7.0;130.0;150.0;0.00047865620749408414;12.39;2292.15;2405.0;True;Auto.de;4.232.717.316.906.220
1741;1741;Opel;Corsa;1-2-2021;12.448;;64951.0;Schaltgetriebe;Benzin;6.0;0.0;75.0;0.0001916521685578359;10.620.000.000.000.000;19.647.000.000.000.000;0.0;True;Auto.de;4.147.843.942.505.130
1742;1742;Renault;Captur;1-4-2021;20.048;;29999.0;Schaltgetriebe;Benzin;0.0;148.0;140.0;0.0006682889429647655;0.0;0.0;2738.0;False;Auto.de;39.863.107.460.643.300
1743;1743;Dacia;Sandero;1-12-2021;15.448;;30407.0;Schaltgetriebe;Autogas;;96.0;91.0;0.00050804091163219;;;1776.0;True;Auto.de;33.182.751.540.041.000
1744;1744;Renault;Clio;1-12-2021;14.348;;17435.0;Schaltgetriebe;Benzin;0.0;132.0;91.0;0.0008229423573272155;0.0;0.0;2442.0;False;Auto.de;33.182.751.540.041.000
1745;1745;Renault;Captur;1-6-2021;21.748;;22890.0;Schaltgetriebe;Benzin;0.0;148.0;140.0;0.0009501092179991263;0.0;0.0;2738.0;False;Auto.de;38.193.018.480.492.800
1746;1746;Volkswagen;Passat Variant;1-11-2021;24.989;;89564.0;Automatik;Diesel;7.0;186.0;150.0;0.0002790071903889956;12.39;2292.15;3441.0;False;Auto.de;340.041.067.761.807
1747;1747;Ford;Mondeo;1-11-2021;28.549;;32677.0;Automatik;Hybrid (Elektro / Benzin);1.0;94.0;190.0;0.0008736726137650335;1.77;327.45;1739.0;True;Auto.de;340.041.067.761.807
1748;1748;Skoda;Superb;1-3-2021;34.989;;23826.0;Automatik;Benzin;8.0;145.0;220.0;0.001468521782926215;14.16;2619.6;2682.5;False;Auto.de;4.071.184.120.465.430
1749;1749;Seat;Leon;1-5-2021;26.689;;19987.0;Automatik;Diesel;7.0;123.0;150.0;0.0013353179566718367;12.39;2292.15;2275.5;True;Auto.de;39.041.752.224.503.700
1750;1750;Renault;ZOE;1-8-2021;16.948;;15090.0;Automatik;Elektro;;0.0;136.0;0.0011231278992710405;;;0.0;True;Auto.de;3.652.292.950.034.220
1751;1751;Renault;Clio;1-5-2021;16.548;;30190.0;Schaltgetriebe;Benzin;8.0;185.0;91.0;0.0005481285193772772;14.16;2619.6;3422.5;False;Auto.de;39.041.752.224.503.700
1752;1752;Jaguar;F-Pace;1-7-2021;48.148;;56488.0;Automatik;Hybrid (Elektro / Benzin);4.0;32.0;301.0;0.000852358022942926;7.08;1309.8;592.0;True;Auto.de;37.371.663.244.353.100
1753;1753;Hyundai;i30;1-8-2021;23.248;;58790.0;Automatik;Benzin;0.0;142.0;159.0;0.0003954414015989114;0.0;0.0;2627.0;False;Auto.de;3.652.292.950.034.220
1754;1754;Ford;SONSTIGE;1-2-2021;33.589;;55819.0;Schaltgetriebe;Diesel;7.0;186.0;105.0;0.0006017485085723499;12.39;2292.15;3441.0;False;Auto.de;4.147.843.942.505.130
1755;1755;Opel;Crossland X;1-8-2021;19.289;;30040.0;Schaltgetriebe;Benzin;6.0;137.0;131.0;0.00064211051930759;10.620.000.000.000.000;19.647.000.000.000.000;2534.5;False;Auto.de;3.652.292.950.034.220
1756;1756;Hyundai;Kona;1-11-2021;21.089;;18700.0;Schaltgetriebe;Benzin;8.0;185.0;120.0;0.001127754010695187;14.16;2619.6;3422.5;False;Auto.de;340.041.067.761.807
1757;1757;Dacia;Duster;1-9-2021;19.848;;35342.0;Schaltgetriebe;Benzin;0.0;147.0;150.0;0.0005615980985795937;0.0;0.0;2719.5;False;Auto.de;3.567.419.575.633.120
1758;1758;Skoda;Fabia;1-6-2021;14.548;;31771.0;Schaltgetriebe;Benzin;8.0;185.0;60.0;0.000457901860186963;14.16;2619.6;3422.5;False;Auto.de;38.193.018.480.492.800
1759;1759;Citroen;Jumpy;1-9-2021;23.689;;62686.0;Automatik;Diesel;7.0;186.0;122.0;0.0003778993714705038;12.39;2292.15;3441.0;False;Auto.de;3.567.419.575.633.120
1760;1760;Ford;Focus;1-10-2021;18.889;;79000.0;Schaltgetriebe;Benzin;1.0;116.0;125.0;0.0002391012658227848;1.77;327.45;2146.0;True;Auto.de;3.485.284.052.019.160
1761;1761;Dacia;Duster;1-11-2021;16.948;;52672.0;Schaltgetriebe;Autogas;;96.0;91.0;0.0003217648845686513;;;1776.0;True;Auto.de;340.041.067.761.807
1762;1762;Renault;Captur;1-12-2021;22.848;;47438.0;Schaltgetriebe;Hybrid (Elektro / Benzin);4.0;34.0;92.0;0.00048163919220877777;7.08;1309.8;629.0;True;Auto.de;33.182.751.540.041.000
1763;1763;Volkswagen;Crafter;1-11-2021;37.849;;95100.0;Schaltgetriebe;Diesel;7.0;186.0;140.0;0.0003979915878023133;12.39;2292.15;3441.0;False;Auto.de;340.041.067.761.807
1764;1764;Ford;Kuga;1-7-2021;28.189;;42720.0;Schaltgetriebe;Benzin;7.0;160.0;150.0;0.0006598548689138577;12.39;2292.15;2960.0;False;Auto.de;37.371.663.244.353.100
1765;1765;Volkswagen;Tiguan;1-9-2021;37.389;;44125.0;Automatik;Diesel;6.0;173.0;200.0;0.0008473427762039661;10.620.000.000.000.000;19.647.000.000.000.000;3200.5;False;Auto.de;3.567.419.575.633.120
1766;1766;Renault;ZOE;1-11-2021;16.648;;63941.0;Automatik;Elektro;;0.0;135.0;0.000260365024006506;;;0.0;True;Auto.de;340.041.067.761.807
1767;1767;Renault;ZOE;1-12-2021;17.048;;32699.0;Automatik;Elektro;;0.0;135.0;0.0005213615095262851;;;0.0;True;Auto.de;33.182.751.540.041.000
1768;1768;Skoda;Karoq;1-6-2021;31.089;;12389.0;Schaltgetriebe;Benzin;5.0;147.0;150.0;0.0025094035031075954;8.85;1637.25;2719.5;False;Auto.de;38.193.018.480.492.800
1769;1769;Seat;Ateca;1-5-2021;34.989;;29322.0;Automatik;Diesel;4.0;168.0;150.0;0.0011932678534888478;7.08;1309.8;3108.0;False;Auto.de;39.041.752.224.503.700
1770;1770;Audi;Q2;1-12-2021;27.689;;27405.0;Automatik;Benzin;3.0;144.0;150.0;0.001010363072432038;53.100.000.000.000.000;9.823.500.000.000.000;2664.0;False;Auto.de;33.182.751.540.041.000
1771;1771;Skoda;Karoq;1-9-2021;33.989;;47320.0;Automatik;Diesel;9.0;155.0;150.0;0.0007182797971259509;15.93;2947.05;2867.5;False;Auto.de;3.567.419.575.633.120
1772;1772;Seat;Ateca;1-5-2021;36.289;;29322.0;Automatik;Diesel;4.0;168.0;150.0;0.00123760316485915;7.08;1309.8;3108.0;False;Auto.de;39.041.752.224.503.700
1773;1773;Skoda;Fabia;1-5-2021;14.289;;28346.0;Schaltgetriebe;Benzin;5.0;125.0;60.0;0.0005040922881535313;8.85;1637.25;2312.5;True;Auto.de;39.041.752.224.503.700
1774;1774;Skoda;Karoq;1-5-2021;26.689;;33525.0;Schaltgetriebe;Benzin;5.0;147.0;150.0;0.0007960924683072334;8.85;1637.25;2719.5;False;Auto.de;39.041.752.224.503.700
1775;1775;Seat;Ateca;1-7-2021;28.789;;46921.0;Automatik;Diesel;2.0;137.0;150.0;0.0006135632232902112;3.54;654.9;2534.5;False;Auto.de;37.371.663.244.353.100
1776;1776;Seat;Ateca;1-7-2021;30.089;;46921.0;Automatik;Diesel;2.0;137.0;150.0;0.0006412693676605358;3.54;654.9;2534.5;False;Auto.de;37.371.663.244.353.100
1777;1777;Skoda;Karoq;1-5-2021;27.989;;33525.0;Schaltgetriebe;Benzin;5.0;147.0;150.0;0.0008348695003728561;8.85;1637.25;2719.5;False;Auto.de;39.041.752.224.503.700
1778;1778;Seat;Ibiza;1-7-2021;17.689;;22886.0;Schaltgetriebe;Benzin;8.0;106.0;95.0;0.0007729179410993621;14.16;2619.6;1961.0;True;Auto.de;37.371.663.244.353.100
1779;1779;Seat;Ibiza;1-4-2021;17.689;;46628.0;Schaltgetriebe;Diesel;8.0;126.0;95.0;0.00037936433044522607;14.16;2619.6;2331.0;True;Auto.de;39.863.107.460.643.300
1780;1780;Seat;Ateca;1-7-2021;33.989;;24224.0;Automatik;Diesel;4.0;167.0;150.0;0.0014031126155878467;7.08;1309.8;3089.5;False;Auto.de;37.371.663.244.353.100
1781;1781;Skoda;Octavia;1-6-2021;30.889;;18365.0;Schaltgetriebe;Benzin;9.0;134.0;150.0;0.001681949360196025;15.93;2947.05;2479.0;False;Auto.de;38.193.018.480.492.800
1782;1782;Land Rover;Range Rover Evoque;1-9-2021;38.748;;26066.0;Schaltgetriebe;Hybrid (Elektro / Benzin);2.0;43.0;200.0;0.0014865341824599095;3.54;654.9;795.5;True;Auto.de;3.567.419.575.633.120
1783;1783;Skoda;Octavia;1-9-2021;28.189;;17306.0;Automatik;Hybrid (Elektro / Benzin);8.0;85.0;204.0;0.0016288570437998382;14.16;2619.6;1572.5;True;Auto.de;3.567.419.575.633.120
1784;1784;Ford;Ranger;1-9-2021;43.789;;37450.0;Automatik;Diesel;7.0;186.0;212.0;0.0011692656875834447;12.39;2292.15;3441.0;False;Auto.de;3.567.419.575.633.120
1785;1785;Ford;Fiesta;1-1-2021;22.689;;55893.0;Schaltgetriebe;Benzin;8.0;185.0;200.0;0.0004059363426547153;14.16;2619.6;3422.5;False;Auto.de;4.232.717.316.906.220
1786;1786;Skoda;Octavia;1-10-2021;36.589;;51930.0;Automatik;Benzin;9.0;157.0;245.0;0.000704583092624687;15.93;2947.05;2904.5;False;Auto.de;3.485.284.052.019.160
1787;1787;Ford;SONSTIGE;1-1-2021;30.889;;98719.0;Schaltgetriebe;Diesel;7.0;186.0;170.0;0.00031289822627862923;12.39;2292.15;3441.0;False;Auto.de;4.232.717.316.906.220
1788;1788;Ford;SONSTIGE;1-3-2021;34.389;;68180.0;Schaltgetriebe;Diesel;7.0;186.0;131.0;0.0005043854502786741;12.39;2292.15;3441.0;False;Auto.de;4.071.184.120.465.430
1789;1789;Ford;Kuga;1-6-2021;26.489;;84600.0;Automatik;Hybrid (Elektro / Benzin);8.0;85.0;224.0;0.0003131087470449173;14.16;2619.6;1572.5;True;Auto.de;38.193.018.480.492.800
1790;1790;Ford;Fiesta;1-12-2021;21.789;;24723.0;Schaltgetriebe;Benzin;9.0;133.0;155.0;0.0008813250819075355;15.93;2947.05;2460.5;False;Auto.de;33.182.751.540.041.000
1791;1791;Ford;Focus;1-1-2021;19.989;;97365.0;Schaltgetriebe;Benzin;3.0;120.0;155.0;0.00020529964566322602;53.100.000.000.000.000;9.823.500.000.000.000;2220.0;True;Auto.de;4.232.717.316.906.220
1792;1792;Renault;ZOE;1-11-2021;19.048;;17420.0;Automatik;Elektro;;0.0;69.0;0.0010934557979334098;;;0.0;True;Auto.de;340.041.067.761.807
1793;1793;Mazda;CX-30;1-6-2021;27.448;;14500.0;Automatik;Benzin;9.0;111.0;180.0;0.0018929655172413794;15.93;2947.05;2053.5;True;Auto.de;38.193.018.480.492.800
1794;1794;Volkswagen;Golf;1-1-2021;30.089;;55170.0;Automatik;Benzin;8.0;185.0;245.0;0.0005453869856806235;14.16;2619.6;3422.5;False;Auto.de;4.232.717.316.906.220
1795;1795;Ford;Kuga;1-7-2021;29.889;;43189.0;Automatik;Hybrid (Elektro / Benzin);8.0;85.0;224.0;0.0006920512167450045;14.16;2619.6;1572.5;True;Auto.de;37.371.663.244.353.100
1796;1796;Volkswagen;Tiguan;1-12-2021;34.189;;76578.0;Automatik;Diesel;7.0;186.0;150.0;0.0004464598187468986;12.39;2292.15;3441.0;False;Auto.de;33.182.751.540.041.000
1797;1797;Audi;SQ5;1-12-2021;58.489;;53944.0;Automatik;Diesel;7.0;186.0;341.0;0.00108425404122794;12.39;2292.15;3441.0;False;Auto.de;33.182.751.540.041.000
1798;1798;Audi;SQ8;1-1-2021;78.589;;59208.0;Automatik;Benzin;8.0;185.0;507.0;0.0013273375219564924;14.16;2619.6;3422.5;False;Auto.de;4.232.717.316.906.220
1799;1799;Skoda;Octavia;1-2-2021;22.489;;109107.0;Automatik;Diesel;7.0;186.0;150.0;0.0002061187641489547;12.39;2292.15;3441.0;False;Auto.de;4.147.843.942.505.130
1800;1800;Ford;Tourneo Connect;1-10-2021;28.689;;35342.0;Schaltgetriebe;Diesel;8.0;153.0;120.0;0.0008117537207854677;14.16;2619.6;2830.5;False;Auto.de;3.485.284.052.019.160
1801;1801;Volkswagen;T-Roc;1-7-2021;24.489;;36310.0;Schaltgetriebe;Benzin;8.0;185.0;150.0;0.0006744423023960341;14.16;2619.6;3422.5;False;Auto.de;37.371.663.244.353.100
1802;1802;Volkswagen;Passat Variant;1-2-2021;27.189;;77463.0;Automatik;Hybrid (Elektro / Benzin);8.0;85.0;218.0;0.0003509933774834437;14.16;2619.6;1572.5;True;Auto.de;4.147.843.942.505.130
1803;1803;Skoda;Fabia;1-1-2021;14.289;;13341.0;Schaltgetriebe;Benzin;8.0;130.0;60.0;0.0010710591409939284;14.16;2619.6;2405.0;True;Auto.de;4.232.717.316.906.220
1804;1804;Ford;Puma;1-7-2021;21.389;;33250.0;Schaltgetriebe;Benzin;4.0;121.0;125.0;0.0006432781954887218;7.08;1309.8;2238.5;True;Auto.de;37.371.663.244.353.100
1805;1805;Audi;SONSTIGE;1-1-2021;28.089;;93522.0;Automatik;Diesel;7.0;186.0;163.0;0.0003003464425482774;12.39;2292.15;3441.0;False;Auto.de;4.232.717.316.906.220
1806;1806;Land Rover;Range Rover Evoque;1-10-2021;41.848;;49585.0;Automatik;Hybrid (Elektro / Benzin);4.0;32.0;309.0;0.0008439649087425633;7.08;1309.8;592.0;True;Auto.de;3.485.284.052.019.160
1807;1807;Cupra;Formentor;1-4-2021;26.589;;60778.0;Automatik;Benzin;8.0;185.0;150.0;0.00043747737668235217;14.16;2619.6;3422.5;False;Auto.de;39.863.107.460.643.300
1808;1808;Jaguar;E-Pace;1-11-2021;36.848;;42073.0;Automatik;Hybrid (Elektro / Benzin);4.0;45.0;309.0;0.0008758110902479025;7.08;1309.8;832.5;True;Auto.de;340.041.067.761.807
1809;1809;Volkswagen;T-Roc;1-5-2021;22.889;;98373.0;Automatik;Benzin;8.0;185.0;150.0;0.00023267563254144937;14.16;2619.6;3422.5;False;Auto.de;39.041.752.224.503.700
1810;1810;Mercedes-Benz;Vito;1-2-2021;44.389;;79301.0;Automatik;Diesel;7.0;186.0;190.0;0.0005597533448506324;12.39;2292.15;3441.0;False;Auto.de;4.147.843.942.505.130
1811;1811;Mercedes-Benz;Vito;1-10-2021;25.089;;91937.0;Schaltgetriebe;Diesel;7.0;186.0;136.0;0.00027289339438963636;12.39;2292.15;3441.0;False;Auto.de;3.485.284.052.019.160
1812;1812;Audi;SONSTIGE;1-1-2021;28.789;;39821.0;Automatik;Hybrid (Elektro / Benzin);8.0;85.0;150.0;0.0007229602471057985;14.16;2619.6;1572.5;True;Auto.de;4.232.717.316.906.220
1813;1813;Audi;SONSTIGE;1-12-2021;49.589;;67342.0;Automatik;Hybrid (Elektro / Benzin);8.0;85.0;265.0;0.0007363755160226901;14.16;2619.6;1572.5;True;Auto.de;33.182.751.540.041.000
1814;1814;Volkswagen;T6 Multivan;1-6-2021;42.289;;102582.0;Automatik;Diesel;7.0;186.0;150.0;0.0004122458131056131;12.39;2292.15;3441.0;False;Auto.de;38.193.018.480.492.800
1815;1815;Audi;SONSTIGE;1-12-2021;46.789;;65984.0;Automatik;Hybrid (Elektro / Benzin);8.0;85.0;265.0;0.0007090961445198837;14.16;2619.6;1572.5;True;Auto.de;33.182.751.540.041.000
1816;1816;Volkswagen;Golf;1-11-2021;24.289;;84768.0;Automatik;Diesel;7.0;186.0;150.0;0.00028653501321253304;12.39;2292.15;3441.0;False;Auto.de;340.041.067.761.807
1817;1817;Volkswagen;T-Roc;1-11-2021;23.289;;108844.0;Automatik;Diesel;7.0;186.0;150.0;0.00021396677814119292;12.39;2292.15;3441.0;False;Auto.de;340.041.067.761.807
1818;1818;Audi;S6;1-12-2021;58.789;;101462.0;Automatik;Diesel;7.0;186.0;344.0;0.0005794188957442195;12.39;2292.15;3441.0;False;Auto.de;33.182.751.540.041.000
1819;1819;Volkswagen;Sharan;1-12-2021;35.389;;46896.0;Automatik;Benzin;8.0;185.0;150.0;0.0007546272603207098;14.16;2619.6;3422.5;False;Auto.de;33.182.751.540.041.000
1820;1820;Volkswagen;Passat;1-6-2021;29.089;;51783.0;Automatik;Benzin;8.0;185.0;218.0;0.0005617480640364598;14.16;2619.6;3422.5;False;Auto.de;38.193.018.480.492.800
1821;1821;Volkswagen;Tiguan;1-6-2021;32.689;;47896.0;Automatik;Diesel;7.0;186.0;150.0;0.0006824995824285953;12.39;2292.15;3441.0;False;Auto.de;38.193.018.480.492.800
1822;1822;Volkswagen;Arteon;1-11-2021;34.589;;44490.0;Automatik;Hybrid (Elektro / Benzin);8.0;85.0;218.0;0.0007774556080017981;14.16;2619.6;1572.5;True;Auto.de;340.041.067.761.807
1823;1823;Volkswagen;T6 Transporter;1-9-2021;25.889;;51458.0;Schaltgetriebe;Diesel;7.0;186.0;110.0;0.0005031093318823117;12.39;2292.15;3441.0;False;Auto.de;3.567.419.575.633.120
1824;1824;Volkswagen;Tiguan;1-12-2021;32.689;;83926.0;Automatik;Diesel;7.0;186.0;150.0;0.0003894978909992136;12.39;2292.15;3441.0;False;Auto.de;33.182.751.540.041.000
1825;1825;Volkswagen;T6 Multivan;1-7-2021;47.689;;89999.0;Automatik;Diesel;7.0;186.0;204.0;0.0005298836653740598;12.39;2292.15;3441.0;False;Auto.de;37.371.663.244.353.100
1826;1826;Audi;RSQ3;1-6-2021;48.989;;95150.0;Automatik;Benzin;8.0;185.0;400.0;0.0005148607461902259;14.16;2619.6;3422.5;False;Auto.de;38.193.018.480.492.800
1827;1827;Audi;SONSTIGE;1-12-2021;39.189;;106367.0;Automatik;Hybrid (Elektro / Benzin);8.0;85.0;299.0;0.0003684319384771593;14.16;2619.6;1572.5;True;Auto.de;33.182.751.540.041.000
1828;1828;Audi;Q7;1-2-2021;54.189;;104211.0;Automatik;Hybrid (Elektro / Benzin);8.0;85.0;340.0;0.0005199930909404958;14.16;2619.6;1572.5;True;Auto.de;4.147.843.942.505.130
1829;1829;Ford;Puma;1-8-2021;26.589;;29500.0;Schaltgetriebe;Benzin;8.0;185.0;200.0;0.000901322033898305;14.16;2619.6;3422.5;False;Auto.de;3.652.292.950.034.220
1830;1830;Volkswagen;Crafter;1-12-2021;32.489;;84357.0;Schaltgetriebe;Diesel;7.0;186.0;177.0;0.00038513697736998703;12.39;2292.15;3441.0;False;Auto.de;33.182.751.540.041.000
1831;1831;Ford;SONSTIGE;1-10-2021;32.289;;31800.0;Schaltgetriebe;Diesel;4.0;195.0;131.0;0.001015377358490566;7.08;1309.8;3607.5;False;Auto.de;3.485.284.052.019.160
1832;1832;Audi;Q8;1-11-2021;66.889;;88267.0;Automatik;Diesel;7.0;186.0;286.0;0.0007578030294447528;12.39;2292.15;3441.0;False;Auto.de;340.041.067.761.807
1833;1833;Audi;SQ5;1-9-2021;58.989;;80061.0;Automatik;Diesel;7.0;186.0;341.0;0.0007368006894742759;12.39;2292.15;3441.0;False;Auto.de;3.567.419.575.633.120
1834;1834;Jaguar;F-Pace;1-11-2021;46.348;;57204.0;Automatik;Hybrid (Elektro / Benzin);4.0;32.0;301.0;0.0008102230613243829;7.08;1309.8;592.0;True;Auto.de;340.041.067.761.807
1835;1835;Seat;Leon;1-11-2021;26.589;;48500.0;Automatik;Diesel;6.0;120.0;150.0;0.0005482268041237113;10.620.000.000.000.000;19.647.000.000.000.000;2220.0;True;Auto.de;340.041.067.761.807
1836;1836;Audi;SONSTIGE;1-6-2021;43.389;;52064.0;Automatik;Benzin;8.0;185.0;245.0;0.0008333781499692686;14.16;2619.6;3422.5;False;Auto.de;38.193.018.480.492.800
1837;1837;Ford;Ranger;1-4-2021;40.489;;48743.0;Automatik;Diesel;7.0;186.0;212.0;0.0008306628644113;12.39;2292.15;3441.0;False;Auto.de;39.863.107.460.643.300
1838;1838;Seat;Ibiza;1-8-2021;16.289;;9987.0;Schaltgetriebe;Benzin;5.0;125.0;80.0;0.001631020326424352;8.85;1637.25;2312.5;True;Auto.de;3.652.292.950.034.220
1839;1839;Skoda;Fabia;1-12-2021;17.689;;15385.0;Schaltgetriebe;Benzin;4.0;123.0;95.0;0.0011497562560935978;7.08;1309.8;2275.5;True;Auto.de;33.182.751.540.041.000
1840;1840;Cupra;Leon;1-5-2021;26.689;;29987.0;Automatik;Benzin;8.0;185.0;245.0;0.0008900190082369026;14.16;2619.6;3422.5;False;Auto.de;39.041.752.224.503.700
1841;1841;Skoda;Octavia;1-7-2021;25.989;;49119.0;Schaltgetriebe;Benzin;6.0;126.0;150.0;0.0005291027911806022;10.620.000.000.000.000;19.647.000.000.000.000;2331.0;True;Auto.de;37.371.663.244.353.100
1842;1842;Seat;Ibiza;1-12-2021;18.689;;28501.0;Schaltgetriebe;Benzin;1.0;116.0;110.0;0.0006557313778463913;1.77;327.45;2146.0;True;Auto.de;33.182.751.540.041.000
1843;1843;Seat;Ibiza;1-12-2021;23.689;;32055.0;Automatik;Benzin;1.0;140.0;150.0;0.000739011074715333;1.77;327.45;2590.0;False;Auto.de;33.182.751.540.041.000
1844;1844;Seat;Leon;1-12-2021;25.289;;29987.0;Automatik;Diesel;5.0;117.0;150.0;0.000843332110581252;8.85;1637.25;2164.5;True;Auto.de;33.182.751.540.041.000
1845;1845;Skoda;Scala;1-6-2021;21.689;;34486.0;Schaltgetriebe;Benzin;6.0;127.0;150.0;0.0006289218813431538;10.620.000.000.000.000;19.647.000.000.000.000;2349.5;True;Auto.de;38.193.018.480.492.800
1846;1846;Seat;Arona;1-7-2021;24.689;;29662.0;Automatik;Benzin;3.0;144.0;150.0;0.0008323444137280021;53.100.000.000.000.000;9.823.500.000.000.000;2664.0;False;Auto.de;37.371.663.244.353.100
1847;1847;Cupra;Leon;1-9-2021;28.789;;26832.0;Automatik;Benzin;8.0;185.0;245.0;0.0010729353011329757;14.16;2619.6;3422.5;False;Auto.de;3.567.419.575.633.120
1848;1848;Skoda;Fabia;1-11-2021;18.589;;13342.0;Schaltgetriebe;Benzin;4.0;123.0;95.0;0.0013932693749063108;7.08;1309.8;2275.5;True;Auto.de;340.041.067.761.807
1849;1849;Cupra;Leon;1-8-2021;27.689;;23412.0;Automatik;Benzin;8.0;185.0;245.0;0.0011826840936271998;14.16;2619.6;3422.5;False;Auto.de;3.652.292.950.034.220
1850;1850;Volkswagen;up!;1-12-2021;13.289;;28554.0;Schaltgetriebe;Benzin;1.0;116.0;65.0;0.0004653988933249282;1.77;327.45;2146.0;True;Auto.de;33.182.751.540.041.000
1851;1851;Seat;Leon;1-12-2021;23.989;;68440.0;Automatik;Diesel;5.0;118.0;150.0;0.0003505113968439509;8.85;1637.25;2183.0;True;Auto.de;33.182.751.540.041.000
1852;1852;Ford;S-Max;1-1-2021;33.289;;66749.0;Automatik;Diesel;7.0;186.0;190.0;0.0004987190819338117;12.39;2292.15;3441.0;False;Auto.de;4.232.717.316.906.220
1853;1853;Seat;Leon;1-11-2021;20.689;;77678.0;Automatik;Diesel;4.0;116.0;150.0;0.0002663431087309148;7.08;1309.8;2146.0;True;Auto.de;340.041.067.761.807
1854;1854;Opel;Astra;1-9-2021;15.689;;54350.0;Schaltgetriebe;Diesel;3.0;113.0;105.0;0.0002886660533578657;53.100.000.000.000.000;9.823.500.000.000.000;2090.5;True;Auto.de;3.567.419.575.633.120
1855;1855;Skoda;Octavia;1-11-2021;26.689;;28595.0;Automatik;Benzin;8.0;185.0;204.0;0.0009333449903829341;14.16;2619.6;3422.5;False;Auto.de;340.041.067.761.807
1856;1856;Seat;Ateca;1-2-2021;30.089;;14457.0;Automatik;Benzin;8.0;155.0;150.0;0.0020812755066749672;14.16;2619.6;2867.5;False;Auto.de;4.147.843.942.505.130
1857;1857;Volkswagen;Arteon;1-7-2021;38.389;;29987.0;Automatik;Diesel;7.0;149.0;200.0;0.0012801880815019842;12.39;2292.15;2756.5;False;Auto.de;37.371.663.244.353.100
1858;1858;Ford;Fiesta;1-5-2021;13.989;;49459.0;Schaltgetriebe;Benzin;7.0;129.0;75.0;0.00028284033239653046;12.39;2292.15;2386.5;True;Auto.de;39.041.752.224.503.700
1859;1859;Seat;Leon;1-12-2021;22.689;;68440.0;Automatik;Diesel;5.0;118.0;150.0;0.00033151665692577443;8.85;1637.25;2183.0;True;Auto.de;33.182.751.540.041.000
1860;1860;Skoda;Octavia;1-10-2021;27.689;;35967.0;Automatik;Diesel;6.0;121.0;150.0;0.000769844579753663;10.620.000.000.000.000;19.647.000.000.000.000;2238.5;True;Auto.de;3.485.284.052.019.160
1861;1861;Volkswagen;Passat;1-3-2021;21.689;;87739.0;Schaltgetriebe;Diesel;9.0;128.0;150.0;0.0002471990790868371;15.93;2947.05;2368.0;True;Auto.de;4.071.184.120.465.430
1862;1862;Ford;Transit Custom;1-1-2021;26.989;;46589.0;Schaltgetriebe;Diesel;7.0;186.0;131.0;0.0005792998347249351;12.39;2292.15;3441.0;False;Auto.de;4.232.717.316.906.220
1863;1863;Volkswagen;Touareg;1-1-2021;59.389;;34263.0;Automatik;Diesel;5.0;222.0;286.0;0.0017333274961328549;8.85;1637.25;4107.0;False;Auto.de;4.232.717.316.906.220
1864;1864;Seat;Leon;1-11-2021;21.989;;77678.0;Automatik;Diesel;4.0;116.0;150.0;0.00028307886402842506;7.08;1309.8;2146.0;True;Auto.de;340.041.067.761.807
1865;1865;Skoda;Octavia;1-11-2021;39.189;;19987.0;Automatik;Diesel;7.0;186.0;200.0;0.001960724470906089;12.39;2292.15;3441.0;False;Auto.de;340.041.067.761.807
1866;1866;Skoda;Scala;1-7-2021;23.689;;35688.0;Automatik;Benzin;9.0;134.0;150.0;0.0006637805424792647;15.93;2947.05;2479.0;False;Auto.de;37.371.663.244.353.100
1867;1867;Seat;Arona;1-7-2021;25.989;;29662.0;Automatik;Benzin;3.0;144.0;150.0;0.0008761715326006339;53.100.000.000.000.000;9.823.500.000.000.000;2664.0;False;Auto.de;37.371.663.244.353.100
1868;1868;Skoda;Octavia;1-12-2021;28.789;;58490.0;Automatik;Diesel;5.0;119.0;150.0;0.0004922037955206018;8.85;1637.25;2201.5;True;Auto.de;33.182.751.540.041.000
1869;1869;Volkswagen;Golf;1-6-2021;20.289;;81444.0;Schaltgetriebe;Diesel;6.0;120.0;116.0;0.00024911595697657286;10.620.000.000.000.000;19.647.000.000.000.000;2220.0;True;Auto.de;38.193.018.480.492.800
1870;1870;Volkswagen;up!;1-12-2021;13.689;;27792.0;Schaltgetriebe;Benzin;1.0;116.0;65.0;0.0004925518134715025;1.77;327.45;2146.0;True;Auto.de;33.182.751.540.041.000
1871;1871;Seat;Ateca;1-1-2021;31.889;;39987.0;Automatik;Diesel;6.0;157.0;150.0;0.0007974841823592668;10.620.000.000.000.000;19.647.000.000.000.000;2904.5;False;Auto.de;4.232.717.316.906.220
1872;1872;Seat;Ateca;1-2-2021;28.789;;14457.0;Automatik;Benzin;8.0;155.0;150.0;0.0019913536695026633;14.16;2619.6;2867.5;False;Auto.de;4.147.843.942.505.130
1873;1873;Skoda;Octavia;1-7-2021;24.689;;49119.0;Schaltgetriebe;Benzin;6.0;126.0;150.0;0.0005026364543252103;10.620.000.000.000.000;19.647.000.000.000.000;2331.0;True;Auto.de;37.371.663.244.353.100
1874;1874;Volkswagen;ID.3;1-12-2021;30.789;;53500.0;Automatik;Elektro;;0.0;204.0;0.0005754953271028038;;;0.0;True;Auto.de;33.182.751.540.041.000
1875;1875;Volkswagen;ID.4;1-4-2021;32.989;;90000.0;Automatik;Elektro;;0.0;204.0;0.0003665444444444444;;;0.0;True;Auto.de;39.863.107.460.643.300
1876;1876;Audi;Q4 e-tron;1-4-2021;46.689;;34760.0;Automatik;Elektro;;0.0;204.0;0.0013431818181818182;;;0.0;True;Auto.de;39.863.107.460.643.300
1877;1877;Volkswagen;Passat Variant;1-9-2021;28.689;;33780.0;Automatik;Hybrid (Elektro / Benzin);1.0;138.0;218.0;0.0008492895204262877;1.77;327.45;2553.0;False;Auto.de;3.567.419.575.633.120
1878;1878;Skoda;Enyaq iV;1-7-2021;32.089;;90348.0;Automatik;Elektro;;0.0;204.0;0.0003551711161287466;;;0.0;True;Auto.de;37.371.663.244.353.100
1879;1879;Volkswagen;ID.4;1-7-2021;25.689;;34659.0;Automatik;Elektro;;0.0;170.0;0.0007411927637842985;;;0.0;True;Auto.de;37.371.663.244.353.100
1880;1880;Volkswagen;ID.4;1-5-2021;23.989;;46870.0;Automatik;Elektro;;0.0;170.0;0.0005118199274589289;;;0.0;True;Auto.de;39.041.752.224.503.700
1881;1881;Skoda;Enyaq iV;1-8-2021;27.189;;49048.0;Automatik;Elektro;;0.0;180.0;0.000554334529440548;;;0.0;True;Auto.de;3.652.292.950.034.220
1882;1882;Ford;Kuga;1-12-2021;31.589;;32200.0;Automatik;Hybrid (Elektro / Benzin);8.0;85.0;224.0;0.000981024844720497;14.16;2619.6;1572.5;True;Auto.de;33.182.751.540.041.000
1883;1883;Ford;Puma;1-8-2021;22.389;;25296.0;Schaltgetriebe;Benzin;6.0;135.0;125.0;0.0008850806451612903;10.620.000.000.000.000;19.647.000.000.000.000;2497.5;False;Auto.de;3.652.292.950.034.220
1884;1884;Cupra;Formentor;1-3-2021;34.589;;39637.0;Automatik;Benzin;8.0;185.0;310.0;0.0008726442465373263;14.16;2619.6;3422.5;False;Auto.de;4.071.184.120.465.430
1885;1885;Cupra;Formentor;1-1-2021;34.589;;19354.0;Automatik;Benzin;8.0;185.0;310.0;0.00178717577761703;14.16;2619.6;3422.5;False;Auto.de;4.232.717.316.906.220
1886;1886;Volkswagen;Golf;1-12-2021;41.789;;30887.0;Automatik;Benzin;8.0;185.0;320.0;0.0013529640301745071;14.16;2619.6;3422.5;False;Auto.de;33.182.751.540.041.000
1887;1887;Volkswagen;T-Cross;1-12-2021;25.489;;39797.0;Automatik;Benzin;8.0;185.0;110.0;0.0006404754127195517;14.16;2619.6;3422.5;False;Auto.de;33.182.751.540.041.000
1888;1888;Audi;Q4 e-tron;1-6-2021;42.189;;51995.0;Automatik;Elektro;;0.0;204.0;0.0008114049427829599;;;0.0;True;Auto.de;38.193.018.480.492.800
1889;1889;Audi;Q4 e-tron;1-10-2021;30.589;;48020.0;Automatik;Elektro;;0.0;170.0;0.0006370054144106622;;;0.0;True;Auto.de;3.485.284.052.019.160
1890;1890;Volkswagen;ID.3;1-11-2021;20.889;;54937.0;Automatik;Elektro;;0.0;150.0;0.00038023554253053496;;;0.0;True;Auto.de;340.041.067.761.807
1891;1891;Audi;Q4 e-tron;1-12-2021;38.189;;113111.0;Automatik;Elektro;;0.0;299.0;0.000337624103756487;;;0.0;True;Auto.de;33.182.751.540.041.000
1892;1892;Renault;Captur;1-12-2021;21.148;;46753.0;Automatik;Hybrid (Elektro / Benzin);4.0;32.0;92.0;0.0004523346095437726;7.08;1309.8;592.0;True;Auto.de;33.182.751.540.041.000
1893;1893;Ford;Mustang;1-9-2021;50.589;;30379.0;Automatik;Benzin;5.0;265.0;449.0;0.0016652621876954475;8.85;1637.25;4902.5;False;Auto.de;3.567.419.575.633.120
1894;1894;Volkswagen;up!;1-9-2021;14.489;;25232.0;Automatik;Elektro;;0.0;83.0;0.0005742311350665822;;;0.0;True;Auto.de;3.567.419.575.633.120
1895;1895;Opel;Corsa-e;1-4-2021;18.289;;18180.0;Automatik;Elektro;;0.0;136.0;0.0010059955995599561;;;0.0;True;Auto.de;39.863.107.460.643.300
1896;1896;Opel;Corsa-e;1-4-2021;18.689;;5984.0;Automatik;Elektro;;0.0;136.0;0.0031231617647058826;;;0.0;True;Auto.de;39.863.107.460.643.300
1897;1897;Opel;Mokka-e;1-6-2021;17.689;;19071.0;Automatik;Elektro;;0.0;136.0;0.0009275339520738294;;;0.0;True;Auto.de;38.193.018.480.492.800
1898;1898;Opel;Corsa-e;1-6-2021;18.289;;13775.0;Automatik;Elektro;;0.0;136.0;0.001327695099818512;;;0.0;True;Auto.de;38.193.018.480.492.800
1899;1899;Opel;Mokka-e;1-4-2021;19.289;;32325.0;Automatik;Elektro;;0.0;136.0;0.0005967208043310132;;;0.0;True;Auto.de;39.863.107.460.643.300
1900;1900;Opel;Mokka-e;1-5-2021;18.689;;29575.0;Automatik;Elektro;;0.0;136.0;0.0006319188503803888;;;0.0;True;Auto.de;39.041.752.224.503.700
1901;1901;Opel;Corsa-e;1-4-2021;17.689;;21507.0;Automatik;Elektro;;0.0;136.0;0.0008224764030315712;;;0.0;True;Auto.de;39.863.107.460.643.300
1902;1902;Opel;Corsa-e;1-5-2021;18.089;;17819.0;Automatik;Elektro;;0.0;136.0;0.0010151523654526066;;;0.0;True;Auto.de;39.041.752.224.503.700
1903;1903;Volkswagen;up!;1-5-2021;16.289;;9987.0;Automatik;Elektro;;0.0;83.0;0.001631020326424352;;;0.0;True;Auto.de;39.041.752.224.503.700
1904;1904;Volkswagen;ID.3;1-11-2021;23.689;;2662.0;Automatik;Elektro;;0.0;150.0;0.008898948159278738;;;0.0;True;Auto.de;340.041.067.761.807
1905;1905;Opel;Mokka-e;1-4-2021;17.289;;14249.0;Automatik;Elektro;;0.0;136.0;0.0012133483051442208;;;0.0;True;Auto.de;39.863.107.460.643.300
1906;1906;Opel;Corsa-e;1-5-2021;18.289;;17198.0;Automatik;Elektro;;0.0;136.0;0.0010634376090243051;;;0.0;True;Auto.de;39.041.752.224.503.700
1907;1907;Opel;Corsa-e;1-10-2021;17.689;;22689.0;Automatik;Elektro;;0.0;136.0;0.0007796288950592798;;;0.0;True;Auto.de;3.485.284.052.019.160
1908;1908;Opel;Corsa-e;1-9-2021;17.689;;29018.0;Automatik;Elektro;;0.0;136.0;0.0006095871528017093;;;0.0;True;Auto.de;3.567.419.575.633.120
1909;1909;Opel;Corsa-e;1-5-2021;17.689;;27592.0;Automatik;Elektro;;0.0;136.0;0.0006410916207596405;;;0.0;True;Auto.de;39.041.752.224.503.700
1910;1910;Opel;Corsa-e;1-9-2021;18.689;;15573.0;Automatik;Elektro;;0.0;136.0;0.0012000898991844859;;;0.0;True;Auto.de;3.567.419.575.633.120
1911;1911;Opel;Mokka-e;1-6-2021;19.689;;20966.0;Automatik;Elektro;;0.0;136.0;0.0009390918630163121;;;0.0;True;Auto.de;38.193.018.480.492.800
1912;1912;Opel;Corsa-e;1-10-2021;18.489;;18221.0;Automatik;Elektro;;0.0;136.0;0.0010147083036057298;;;0.0;True;Auto.de;3.485.284.052.019.160
1913;1913;Opel;Corsa-e;1-8-2021;18.689;;15492.0;Automatik;Elektro;;0.0;136.0;0.0012063645752646527;;;0.0;True;Auto.de;3.652.292.950.034.220
1914;1914;Opel;Corsa-e;1-5-2021;18.689;;13393.0;Automatik;Elektro;;0.0;136.0;0.00139543044874188;;;0.0;True;Auto.de;39.041.752.224.503.700
1915;1915;Opel;Corsa-e;1-1-2021;16.689;;22509.0;Automatik;Elektro;;0.0;136.0;0.0007414367586298814;;;0.0;True;Auto.de;4.232.717.316.906.220
1916;1916;Opel;Corsa-e;1-5-2021;18.689;;19763.0;Automatik;Elektro;;0.0;136.0;0.0009456560238830137;;;0.0;True;Auto.de;39.041.752.224.503.700
1917;1917;Opel;Corsa-e;1-6-2021;18.289;;17743.0;Automatik;Elektro;;0.0;136.0;0.0010307726990926;;;0.0;True;Auto.de;38.193.018.480.492.800
1918;1918;Seat;Mii;1-10-2021;15.489;;14009.0;Automatik;Elektro;;0.0;83.0;0.0011056463701905918;;;0.0;True;Auto.de;3.485.284.052.019.160
1919;1919;Opel;Corsa-e;1-10-2021;18.289;;17010.0;Automatik;Elektro;;0.0;136.0;0.001075191064079953;;;0.0;True;Auto.de;3.485.284.052.019.160
1920;1920;Opel;Corsa-e;1-5-2021;18.689;;12177.0;Automatik;Elektro;;0.0;136.0;0.0015347786811201445;;;0.0;True;Auto.de;39.041.752.224.503.700
1921;1921;Skoda;Octavia;1-3-2021;23.589;;119059.0;Automatik;Diesel;7.0;186.0;150.0;0.00019812865890020913;12.39;2292.15;3441.0;False;Auto.de;4.071.184.120.465.430
1922;1922;Audi;Q3;1-12-2021;38.589;;79362.0;Automatik;Hybrid (Elektro / Benzin);8.0;85.0;245.0;0.00048624026612232554;14.16;2619.6;1572.5;True;Auto.de;33.182.751.540.041.000
1923;1923;Ford;Fiesta;1-9-2021;12.989;;72945.0;Schaltgetriebe;Benzin;7.0;129.0;75.0;0.00017806566591267394;12.39;2292.15;2386.5;True;Auto.de;3.567.419.575.633.120
1924;1924;Ford;Ranger;1-10-2021;35.289;;79745.0;Automatik;Diesel;7.0;186.0;212.0;0.00044252304219700295;12.39;2292.15;3441.0;False;Auto.de;3.485.284.052.019.160
1925;1925;Ford;Puma;1-5-2021;22.989;;38918.0;Automatik;Benzin;1.0;138.0;125.0;0.0005907035305000257;1.77;327.45;2553.0;False;Auto.de;39.041.752.224.503.700
1926;1926;Ford;Puma;1-3-2021;22.989;;51712.0;Schaltgetriebe;Benzin;8.0;185.0;155.0;0.000444558323019802;14.16;2619.6;3422.5;False;Auto.de;4.071.184.120.465.430
1927;1927;Ford;Puma;1-8-2021;21.989;;31831.0;Schaltgetriebe;Benzin;6.0;135.0;125.0;0.000690804561590902;10.620.000.000.000.000;19.647.000.000.000.000;2497.5;False;Auto.de;3.652.292.950.034.220
1928;1928;Ford;SONSTIGE;1-10-2021;20.989;;63387.0;Schaltgetriebe;Benzin;1.0;138.0;155.0;0.00033112467856185023;1.77;327.45;2553.0;False;Auto.de;3.485.284.052.019.160
1929;1929;Ford;Puma;1-2-2021;21.989;;32391.0;Schaltgetriebe;Benzin;8.0;185.0;155.0;0.0006788614121206509;14.16;2619.6;3422.5;False;Auto.de;4.147.843.942.505.130
1930;1930;Ford;Focus;1-11-2021;22.589;;13542.0;Schaltgetriebe;Benzin;9.0;134.0;155.0;0.0016680697090533155;15.93;2947.05;2479.0;False;Auto.de;340.041.067.761.807
1931;1931;Ford;Mustang;1-6-2021;44.689;;54492.0;Automatik;Benzin;8.0;185.0;450.0;0.0008201020333259929;14.16;2619.6;3422.5;False;Auto.de;38.193.018.480.492.800
1932;1932;Ford;Puma;1-11-2021;22.989;;33644.0;Schaltgetriebe;Benzin;1.0;138.0;155.0;0.0006833016288194032;1.77;327.45;2553.0;False;Auto.de;340.041.067.761.807
1933;1933;Ford;Puma;1-1-2021;23.989;;47752.0;Automatik;Benzin;8.0;185.0;125.0;0.0005023663930306584;14.16;2619.6;3422.5;False;Auto.de;4.232.717.316.906.220
1934;1934;Ford;Focus;1-3-2021;22.989;;37740.0;Automatik;Diesel;7.0;186.0;150.0;0.0006091414944356121;12.39;2292.15;3441.0;False;Auto.de;4.071.184.120.465.430
1935;1935;Ford;Kuga;1-2-2021;24.989;;35732.0;Schaltgetriebe;Benzin;8.0;185.0;150.0;0.0006993451248180902;14.16;2619.6;3422.5;False;Auto.de;4.147.843.942.505.130
1936;1936;Ford;Puma;1-8-2021;24.989;;22781.0;Schaltgetriebe;Benzin;8.0;185.0;200.0;0.0010969228743250956;14.16;2619.6;3422.5;False;Auto.de;3.652.292.950.034.220
1937;1937;Ford;Kuga;1-7-2021;30.089;;29487.0;Automatik;Benzin;8.0;185.0;190.0;0.0010204157764438565;14.16;2619.6;3422.5;False;Auto.de;37.371.663.244.353.100
1938;1938;Ford;Transit Custom;1-10-2021;32.189;;69272.0;Schaltgetriebe;Diesel;7.0;186.0;131.0;0.000464675482157293;12.39;2292.15;3441.0;False;Auto.de;3.485.284.052.019.160
1939;1939;Ford;Ranger;1-5-2021;48.389;;30556.0;Automatik;Diesel;7.0;186.0;212.0;0.0015836169655714099;12.39;2292.15;3441.0;False;Auto.de;39.041.752.224.503.700
1940;1940;Volkswagen;Passat Variant;1-5-2021;28.689;;31080.0;Automatik;Hybrid (Elektro / Benzin);1.0;139.0;218.0;0.0009230694980694981;1.77;327.45;2571.5;False;Auto.de;39.041.752.224.503.700
1941;1941;Volkswagen;Golf Variant;1-12-2021;23.489;;106940.0;Automatik;Diesel;7.0;186.0;150.0;0.00021964653076491492;12.39;2292.15;3441.0;False;Auto.de;33.182.751.540.041.000
1942;1942;Audi;SONSTIGE;1-5-2021;27.489;;67259.0;Automatik;Hybrid (Elektro / Benzin);8.0;85.0;204.0;0.0004087036679106142;14.16;2619.6;1572.5;True;Auto.de;39.041.752.224.503.700
1943;1943;BMW;SONSTIGE;1-3-2021;40.189;;61230.0;Automatik;Diesel;8.0;151.0;190.0;0.0006563612608198596;14.16;2619.6;2793.5;False;Auto.de;4.071.184.120.465.430
1944;1944;Skoda;Karoq;1-1-2021;29.289;;26259.0;Automatik;Benzin;4.0;146.0;150.0;0.0011153890094824633;7.08;1309.8;2701.0;False;Auto.de;4.232.717.316.906.220
1945;1945;Skoda;Karoq;1-12-2021;27.089;;51676.0;Automatik;Benzin;8.0;185.0;150.0;0.0005242085300719869;14.16;2619.6;3422.5;False;Auto.de;33.182.751.540.041.000
1946;1946;Volkswagen;T-Cross;1-10-2021;24.889;;42243.0;Automatik;Benzin;8.0;185.0;110.0;0.000589186374073811;14.16;2619.6;3422.5;False;Auto.de;3.485.284.052.019.160
1947;1947;Skoda;Octavia;1-2-2021;23.589;;112369.0;Automatik;Diesel;7.0;186.0;150.0;0.0002099244453541457;12.39;2292.15;3441.0;False;Auto.de;4.147.843.942.505.130
1948;1948;Audi;A4 Allroad;1-1-2021;37.189;;76847.0;Automatik;Diesel;7.0;186.0;190.0;0.0004839356123205851;12.39;2292.15;3441.0;False;Auto.de;4.232.717.316.906.220
1949;1949;Jaguar;E-Pace;1-11-2021;40.048;;31092.0;Automatik;Hybrid (Elektro / Benzin);4.0;32.0;309.0;0.0012880483725717228;7.08;1309.8;592.0;True;Auto.de;340.041.067.761.807
1950;1950;Volkswagen;Polo;1-6-2021;19.589;;53083.0;Automatik;Benzin;8.0;185.0;95.0;0.0003690258651545692;14.16;2619.6;3422.5;False;Auto.de;38.193.018.480.492.800
1951;1951;Volkswagen;ID.3;1-7-2021;19.689;;30333.0;Automatik;Elektro;;0.0;150.0;0.0006490950450004945;;;0.0;True;Auto.de;37.371.663.244.353.100
1952;1952;Volkswagen;T6 Caravelle;1-6-2021;43.589;;65526.0;Automatik;Diesel;7.0;186.0;150.0;0.0006652168604828618;12.39;2292.15;3441.0;False;Auto.de;38.193.018.480.492.800
1953;1953;Volkswagen;Passat;1-6-2021;30.189;;83816.0;Automatik;Diesel;7.0;186.0;200.0;0.0003601818268588336;12.39;2292.15;3441.0;False;Auto.de;38.193.018.480.492.800
1954;1954;Volkswagen;Golf;1-12-2021;25.989;;27501.0;Automatik;Benzin;8.0;185.0;245.0;0.0009450201810843243;14.16;2619.6;3422.5;False;Auto.de;33.182.751.540.041.000
1955;1955;Volkswagen;Passat;1-7-2021;31.189;;28515.0;Automatik;Diesel;7.0;186.0;150.0;0.001093775206031913;12.39;2292.15;3441.0;False;Auto.de;37.371.663.244.353.100
1956;1956;Ford;Fiesta;1-11-2021;13.589;;67300.0;Schaltgetriebe;Benzin;7.0;129.0;75.0;0.00020191679049034176;12.39;2292.15;2386.5;True;Auto.de;340.041.067.761.807
1957;1957;Renault;Twingo;1-7-2021;14.948;;15940.0;Automatik;Elektro;;0.0;82.0;0.0009377666248431618;;;0.0;True;Auto.de;37.371.663.244.353.100
1958;1958;Seat;Ateca;1-3-2021;28.689;;45750.0;Automatik;Benzin;9.0;157.0;150.0;0.0006270819672131148;15.93;2947.05;2904.5;False;Auto.de;4.071.184.120.465.430
1959;1959;Cupra;Leon;1-8-2021;26.689;;32492.0;Automatik;Benzin;8.0;185.0;245.0;0.0008214021913086298;14.16;2619.6;3422.5;False;Auto.de;3.652.292.950.034.220
1960;1960;Cupra;Formentor;1-12-2021;29.789;;27378.0;Automatik;Benzin;8.0;185.0;245.0;0.001088063408576229;14.16;2619.6;3422.5;False;Auto.de;33.182.751.540.041.000
1961;1961;Seat;Ateca;1-12-2021;26.689;;28997.0;Schaltgetriebe;Benzin;7.0;152.0;150.0;0.0009204055591957789;12.39;2292.15;2812.0;False;Auto.de;33.182.751.540.041.000
1962;1962;Volkswagen;Passat;1-12-2021;34.289;;54238.0;Automatik;Diesel;6.0;157.0;200.0;0.0006321951399387883;10.620.000.000.000.000;19.647.000.000.000.000;2904.5;False;Auto.de;33.182.751.540.041.000
1963;1963;Skoda;Kodiaq;1-10-2021;40.189;;49987.0;Automatik;Diesel;5.0;171.0;200.0;0.000803989037149659;8.85;1637.25;3163.5;False;Auto.de;3.485.284.052.019.160
1964;1964;Volkswagen;Golf;1-8-2021;32.189;;52586.0;Automatik;Diesel;7.0;186.0;200.0;0.0006121210968698894;12.39;2292.15;3441.0;False;Auto.de;3.652.292.950.034.220
1965;1965;Volkswagen;Passat;1-12-2021;36.089;;31271.0;Automatik;Diesel;1.0;161.0;200.0;0.0011540724633046593;1.77;327.45;2978.5;False;Auto.de;33.182.751.540.041.000
1966;1966;Volkswagen;Passat;1-12-2021;32.889;;54238.0;Automatik;Diesel;6.0;157.0;200.0;0.0006063829787234043;10.620.000.000.000.000;19.647.000.000.000.000;2904.5;False;Auto.de;33.182.751.540.041.000
1967;1967;Opel;Astra;1-12-2021;17.689;;27217.0;Schaltgetriebe;Benzin;2.0;118.0;110.0;0.0006499246794282985;3.54;654.9;2183.0;True;Auto.de;33.182.751.540.041.000
1968;1968;Skoda;Kamiq;1-8-2021;23.989;;54670.0;Automatik;Benzin;8.0;185.0;110.0;0.0004387964148527529;14.16;2619.6;3422.5;False;Auto.de;3.652.292.950.034.220
1969;1969;Ford;Puma;1-2-2021;27.089;;24050.0;Schaltgetriebe;Benzin;8.0;185.0;200.0;0.0011263617463617463;14.16;2619.6;3422.5;False;Auto.de;4.147.843.942.505.130
1970;1970;Volkswagen;Polo;1-7-2021;17.689;;18494.0;Schaltgetriebe;Benzin;3.0;120.0;95.0;0.0009564723694171082;53.100.000.000.000.000;9.823.500.000.000.000;2220.0;True;Auto.de;37.371.663.244.353.100
1971;1971;Skoda;Octavia;1-11-2021;26.689;;68489.0;Schaltgetriebe;Diesel;4.0;116.0;150.0;0.0003896830147906963;7.08;1309.8;2146.0;True;Auto.de;340.041.067.761.807
1972;1972;Volkswagen;Golf;1-7-2021;26.489;;92767.0;Automatik;Diesel;7.0;186.0;200.0;0.0002855433505449136;12.39;2292.15;3441.0;False;Auto.de;37.371.663.244.353.100
1973;1973;Ford;Kuga;1-7-2021;31.289;;29485.0;Automatik;Benzin;9.0;136.0;190.0;0.0010611836527047653;15.93;2947.05;2516.0;False;Auto.de;37.371.663.244.353.100
1974;1974;Ford;Tourneo Custom;1-8-2021;42.049;;75317.0;Automatik;Diesel;4.0;221.0;185.0;0.0005582936123318772;7.08;1309.8;4088.5;False;Auto.de;3.652.292.950.034.220
1975;1975;Ford;Tourneo Custom;1-7-2021;42.049;;73991.0;Automatik;Diesel;4.0;221.0;185.0;0.0005682988471570866;7.08;1309.8;4088.5;False;Auto.de;37.371.663.244.353.100
1976;1976;Ford;Tourneo Custom;1-8-2021;42.049;;72547.0;Automatik;Diesel;4.0;221.0;185.0;0.0005796104594263029;7.08;1309.8;4088.5;False;Auto.de;3.652.292.950.034.220
1977;1977;Volkswagen;ID.3;1-12-2021;22.989;;39141.0;Automatik;Elektro;;0.0;204.0;0.0005873380853836131;;;0.0;True;Auto.de;33.182.751.540.041.000
1978;1978;Volkswagen;ID.3;1-11-2021;20.489;;37845.0;Automatik;Elektro;;0.0;150.0;0.0005413925221297397;;;0.0;True;Auto.de;340.041.067.761.807
1979;1979;Skoda;Enyaq iV;1-9-2021;34.289;;21654.0;Automatik;Elektro;;0.0;204.0;0.0015834949662879838;;;0.0;True;Auto.de;3.567.419.575.633.120
1980;1980;Ford;Bronco;1-12-2021;66.989;;25000.0;Automatik;Benzin;8.0;185.0;305.0;0.00267956;14.16;2619.6;3422.5;False;Auto.de;33.182.751.540.041.000
1981;1981;Audi;Q5;1-12-2021;41.789;;116594.0;Automatik;Hybrid (Elektro / Benzin);8.0;85.0;367.0;0.0003584146697085613;14.16;2619.6;1572.5;True;Auto.de;33.182.751.540.041.000
1982;1982;Ford;Tourneo Custom;1-9-2021;41.249;;72547.0;Automatik;Diesel;4.0;0.0;185.0;0.0005685831254221401;7.08;1309.8;0.0;True;Auto.de;3.567.419.575.633.120
1983;1983;Ford;Tourneo Custom;1-9-2021;41.249;;75317.0;Automatik;Diesel;4.0;0.0;185.0;0.0005476718403547672;7.08;1309.8;0.0;True;Auto.de;3.567.419.575.633.120
1984;1984;Volkswagen;SONSTIGE;1-5-2021;29.589;;84463.0;Automatik;Hybrid (Elektro / Benzin);8.0;85.0;218.0;0.0003503190746243917;14.16;2619.6;1572.5;True;Auto.de;39.041.752.224.503.700
1985;1985;Volkswagen;SONSTIGE;1-7-2021;37.589;;95932.0;Automatik;Diesel;7.0;186.0;200.0;0.00039182962932076884;12.39;2292.15;3441.0;False;Auto.de;37.371.663.244.353.100
1986;1986;Ford;Tourneo Custom;1-8-2021;41.249;;73991.0;Automatik;Diesel;4.0;0.0;185.0;0.000557486721358003;7.08;1309.8;0.0;True;Auto.de;3.652.292.950.034.220
1987;1987;Audi;SONSTIGE;1-9-2021;50.689;;52353.0;Automatik;Hybrid (Elektro / Benzin);8.0;85.0;367.0;0.000968215766049701;14.16;2619.6;1572.5;True;Auto.de;3.567.419.575.633.120
1988;1988;Opel;Corsa-e;1-4-2021;17.689;;17529.0;Automatik;Elektro;;0.0;136.0;0.0010091277311883166;;;0.0;True;Auto.de;39.863.107.460.643.300
1989;1989;Opel;Corsa-e;1-10-2021;18.689;;9556.0;Automatik;Elektro;;0.0;136.0;0.0019557346169945585;;;0.0;True;Auto.de;3.485.284.052.019.160
1990;1990;Opel;Corsa-e;1-6-2021;18.689;;19040.0;Automatik;Elektro;;0.0;136.0;0.00098156512605042;;;0.0;True;Auto.de;38.193.018.480.492.800
1991;1991;Opel;Corsa-e;1-9-2021;17.689;;21791.0;Automatik;Elektro;;0.0;136.0;0.0008117571474461934;;;0.0;True;Auto.de;3.567.419.575.633.120
1992;1992;Opel;Corsa-e;1-8-2021;17.689;;26364.0;Automatik;Elektro;;0.0;136.0;0.0006709528144439387;;;0.0;True;Auto.de;3.652.292.950.034.220
1993;1993;Opel;Corsa-e;1-9-2021;18.689;;12731.0;Automatik;Elektro;;0.0;136.0;0.0014679915167700888;;;0.0;True;Auto.de;3.567.419.575.633.120
1994;1994;Opel;Corsa-e;1-9-2021;17.689;;22241.0;Automatik;Elektro;;0.0;136.0;0.0007953329436626051;;;0.0;True;Auto.de;3.567.419.575.633.120
1995;1995;Opel;Corsa-e;1-5-2021;18.289;;23932.0;Automatik;Elektro;;0.0;136.0;0.0007642069196055491;;;0.0;True;Auto.de;39.041.752.224.503.700
1996;1996;Opel;Mokka-e;1-10-2021;18.689;;1397.0;Automatik;Elektro;;0.0;136.0;0.013377952755905512;;;0.0;True;Auto.de;3.485.284.052.019.160
1997;1997;Opel;Mokka-e;1-4-2021;20.289;;29987.0;Automatik;Elektro;;0.0;136.0;0.0006765931903824991;;;0.0;True;Auto.de;39.863.107.460.643.300
1998;1998;Opel;Corsa-e;1-5-2021;19.289;;8211.0;Automatik;Elektro;;0.0;136.0;0.002349165753257825;;;0.0;True;Auto.de;39.041.752.224.503.700
1999;1999;Opel;Corsa-e;1-4-2021;17.689;;24870.0;Automatik;Elektro;;0.0;136.0;0.0007112585444310415;;;0.0;True;Auto.de;39.863.107.460.643.300
2000;2000;Opel;Mokka-e;1-7-2021;16.689;;18243.0;Automatik;Elektro;;0.0;136.0;0.0009148166419996711;;;0.0;True;Auto.de;37.371.663.244.353.100
2001;2001;Opel;Corsa-e;1-9-2021;18.089;;25799.0;Automatik;Elektro;;0.0;136.0;0.0007011512074111399;;;0.0;True;Auto.de;3.567.419.575.633.120
2002;2002;Audi;A6;1-7-2021;36.089;;123988.0;Automatik;Hybrid (Elektro / Benzin);8.0;85.0;265.0;0.00029106849049908055;14.16;2619.6;1572.5;True;Auto.de;37.371.663.244.353.100
2003;2003;Cupra;Formentor;1-12-2021;28.489;;46001.0;Automatik;Benzin;8.0;185.0;150.0;0.0006193126236386166;14.16;2619.6;3422.5;False;Auto.de;33.182.751.540.041.000
2004;2004;Skoda;Octavia;1-8-2021;27.689;;31270.0;Schaltgetriebe;Diesel;2.0;110.0;150.0;0.0008854812919731372;3.54;654.9;2035.0;True;Auto.de;3.652.292.950.034.220
2005;2005;Skoda;Octavia;1-3-2021;28.689;;40600.0;Automatik;Diesel;5.0;118.0;150.0;0.0007066256157635468;8.85;1637.25;2183.0;True;Auto.de;4.071.184.120.465.430
2006;2006;Volkswagen;T6 Transporter;1-2-2021;25.489;;96133.0;Schaltgetriebe;Diesel;7.0;186.0;110.0;0.00026514308302039884;12.39;2292.15;3441.0;False;Auto.de;4.147.843.942.505.130
2007;2007;Volkswagen;SONSTIGE;1-1-2021;21.489;;52050.0;Schaltgetriebe;Diesel;7.0;186.0;102.0;0.0004128530259365994;12.39;2292.15;3441.0;False;Auto.de;4.232.717.316.906.220
2008;2008;Ford;Puma;1-11-2021;22.989;;83500.0;Schaltgetriebe;Benzin;8.0;154.0;200.0;0.0002753173652694611;14.16;2619.6;2849.0;False;Auto.de;340.041.067.761.807
2009;2009;Ford;Fiesta;1-7-2021;15.389;;37500.0;Schaltgetriebe;Benzin;3.0;121.0;75.0;0.00041037333333333333;53.100.000.000.000.000;9.823.500.000.000.000;2238.5;True;Auto.de;37.371.663.244.353.100
2010;2010;Peugeot;108;1-4-2021;11.089;;50135.0;Schaltgetriebe;Benzin;3.0;120.0;72.0;0.00022118280642265882;53.100.000.000.000.000;9.823.500.000.000.000;2220.0;True;Auto.de;39.863.107.460.643.300
2011;2011;Ford;Transit Connect;1-9-2021;20.989;;29808.0;Schaltgetriebe;Diesel;7.0;186.0;101.0;0.0007041398282340312;12.39;2292.15;3441.0;False;Auto.de;3.567.419.575.633.120
2012;2012;Volkswagen;up!;1-7-2021;13.489;;40270.0;Schaltgetriebe;Benzin;8.0;185.0;65.0;0.00033496399304693323;14.16;2619.6;3422.5;False;Auto.de;37.371.663.244.353.100
2013;2013;Skoda;Karoq;1-7-2021;23.489;;26890.0;Schaltgetriebe;Benzin;8.0;185.0;110.0;0.0008735217552993678;14.16;2619.6;3422.5;False;Auto.de;37.371.663.244.353.100
2014;2014;Volkswagen;Passat;1-3-2021;28.589;;70881.0;Automatik;Benzin;8.0;185.0;218.0;0.0004033379890238569;14.16;2619.6;3422.5;False;Auto.de;4.071.184.120.465.430
2015;2015;Skoda;Karoq;1-7-2021;25.489;;66910.0;Schaltgetriebe;Benzin;8.0;185.0;150.0;0.00038094455238379916;14.16;2619.6;3422.5;False;Auto.de;37.371.663.244.353.100
2016;2016;Volkswagen;Tiguan;1-3-2021;36.989;;28000.0;Automatik;Benzin;8.0;185.0;245.0;0.0013210357142857143;14.16;2619.6;3422.5;False;Auto.de;4.071.184.120.465.430
2017;2017;Volkswagen;Passat;1-11-2021;24.689;;72072.0;Automatik;Diesel;8.0;127.0;150.0;0.00034256021756021756;14.16;2619.6;2349.5;True;Auto.de;340.041.067.761.807
2018;2018;Seat;Tarraco;1-10-2021;26.989;;61385.0;Schaltgetriebe;Diesel;4.0;141.0;150.0;0.00043966767125519263;7.08;1309.8;2608.5;False;Auto.de;3.485.284.052.019.160
2019;2019;Seat;Tarraco;1-10-2021;25.689;;61385.0;Schaltgetriebe;Diesel;4.0;141.0;150.0;0.00041848985908609596;7.08;1309.8;2608.5;False;Auto.de;3.485.284.052.019.160
2020;2020;Seat;Tarraco;1-10-2021;31.889;;38090.0;Schaltgetriebe;Benzin;2.0;163.0;150.0;0.0008372013651877133;3.54;654.9;3015.5;False;Auto.de;3.485.284.052.019.160
2021;2021;Seat;Tarraco;1-10-2021;33.189;;38090.0;Schaltgetriebe;Benzin;2.0;163.0;150.0;0.0008713310580204778;3.54;654.9;3015.5;False;Auto.de;3.485.284.052.019.160
2022;2022;Seat;Ibiza;1-8-2021;15.689;;22300.0;Schaltgetriebe;Benzin;5.0;125.0;80.0;0.000703542600896861;8.85;1637.25;2312.5;True;Auto.de;3.652.292.950.034.220
2023;2023;Skoda;Kodiaq;1-10-2021;41.489;;49987.0;Automatik;Diesel;5.0;171.0;200.0;0.000829995798907716;8.85;1637.25;3163.5;False;Auto.de;3.485.284.052.019.160
2024;2024;Volkswagen;Arteon;1-11-2021;32.889;;38019.0;Automatik;Benzin;3.0;167.0;190.0;0.0008650674662668667;53.100.000.000.000.000;9.823.500.000.000.000;3089.5;False;Auto.de;340.041.067.761.807
2025;2025;Volkswagen;Passat;1-11-2021;25.989;;72072.0;Automatik;Diesel;8.0;127.0;150.0;0.0003605977355977356;14.16;2619.6;2349.5;True;Auto.de;340.041.067.761.807
2026;2026;Volkswagen;Polo;1-11-2021;17.689;;29023.0;Schaltgetriebe;Benzin;4.0;123.0;80.0;0.0006094821348585605;7.08;1309.8;2275.5;True;Auto.de;340.041.067.761.807
2027;2027;Renault;ZOE;1-12-2021;17.448;;49367.0;Automatik;Elektro;;0.0;136.0;0.00035343448052342657;;;0.0;True;Auto.de;33.182.751.540.041.000
2028;2028;Skoda;Octavia;1-11-2021;35.089;;78000.0;Automatik;Benzin;1.0;161.0;245.0;0.00044985897435897434;1.77;327.45;2978.5;False;Auto.de;340.041.067.761.807
2029;2029;Audi;Q4 e-tron;1-6-2021;47.889;;35836.0;Automatik;Elektro;;0.0;204.0;0.001336337760910816;;;0.0;True;Auto.de;38.193.018.480.492.800
2030;2030;Audi;Q4 e-tron;1-11-2021;52.489;;39431.0;Automatik;Elektro;;0.0;299.0;0.0013311607618371332;;;0.0;True;Auto.de;340.041.067.761.807
2031;2031;Skoda;Citigo;1-5-2021;14.989;;46452.0;Automatik;Elektro;;0.0;83.0;0.0003226771721346767;;;0.0;True;Auto.de;39.041.752.224.503.700
2032;2032;Volkswagen;Polo;1-2-2021;18.489;;32460.0;Schaltgetriebe;Benzin;8.0;185.0;95.0;0.0005695933456561922;14.16;2619.6;3422.5;False;Auto.de;4.147.843.942.505.130
2033;2033;Volkswagen;Polo;1-6-2021;18.489;;41950.0;Schaltgetriebe;Benzin;8.0;185.0;95.0;0.00044073897497020264;14.16;2619.6;3422.5;False;Auto.de;38.193.018.480.492.800
2034;2034;Volkswagen;ID.3;1-8-2021;25.989;;48487.0;Automatik;Elektro;;0.0;204.0;0.0005359993400292862;;;0.0;True;Auto.de;3.652.292.950.034.220
2035;2035;Volkswagen;ID.4;1-7-2021;24.989;;36839.0;Automatik;Elektro;;0.0;148.0;0.000678330030674014;;;0.0;True;Auto.de;37.371.663.244.353.100
2036;2036;Dacia;Duster;1-2-2021;15.848;;62750.0;Schaltgetriebe;Autogas;;96.0;101.0;0.0002525577689243028;;;1776.0;True;Auto.de;4.147.843.942.505.130
2037;2037;Volkswagen;T6 Kombi;1-11-2021;32.489;;110759.0;Schaltgetriebe;Diesel;7.0;186.0;110.0;0.00029333056455908775;12.39;2292.15;3441.0;False;Auto.de;340.041.067.761.807
2038;2038;Volkswagen;Touran;1-12-2021;33.489;;60458.0;Automatik;Diesel;7.0;186.0;150.0;0.0005539217307883158;12.39;2292.15;3441.0;False;Auto.de;33.182.751.540.041.000
2039;2039;Opel;Mokka-e;1-5-2021;20.689;;22325.0;Automatik;Elektro;;0.0;136.0;0.0009267189249720045;;;0.0;True;Auto.de;39.041.752.224.503.700
2040;2040;Opel;Corsa-e;1-5-2021;18.689;;14151.0;Automatik;Elektro;;0.0;136.0;0.001320684050597131;;;0.0;True;Auto.de;39.041.752.224.503.700
2041;2041;Opel;Corsa-e;1-11-2021;17.689;;23763.0;Automatik;Elektro;;0.0;136.0;0.0007443925430290788;;;0.0;True;Auto.de;340.041.067.761.807
2042;2042;Opel;Mokka;1-10-2021;19.689;;22754.0;Automatik;Elektro;;0.0;136.0;0.0008652984090709325;;;0.0;True;Auto.de;3.485.284.052.019.160
2043;2043;Opel;Mokka-e;1-6-2021;20.689;;21608.0;Automatik;Elektro;;0.0;136.0;0.000957469455757127;;;0.0;True;Auto.de;38.193.018.480.492.800
2044;2044;Opel;Corsa-e;1-5-2021;17.689;;19549.0;Automatik;Elektro;;0.0;136.0;0.000904854468259246;;;0.0;True;Auto.de;39.041.752.224.503.700
2045;2045;Opel;Mokka;1-7-2021;18.689;;24944.0;Automatik;Elektro;;0.0;136.0;0.0007492382937780629;;;0.0;True;Auto.de;37.371.663.244.353.100
2046;2046;Opel;Corsa-e;1-4-2021;16.689;;24943.0;Automatik;Elektro;;0.0;136.0;0.0006690855149741411;;;0.0;True;Auto.de;39.863.107.460.643.300
2047;2047;Opel;Mokka-e;1-9-2021;19.689;;24798.0;Automatik;Elektro;;0.0;136.0;0.0007939753205903702;;;0.0;True;Auto.de;3.567.419.575.633.120
2048;2048;Opel;Corsa-e;1-11-2021;19.289;;9393.0;Automatik;Elektro;;0.0;136.0;0.002053550516341957;;;0.0;True;Auto.de;340.041.067.761.807
2049;2049;Volkswagen;SONSTIGE;1-12-2021;40.789;;54966.0;Automatik;Benzin;8.0;185.0;320.0;0.00074207692027799;14.16;2619.6;3422.5;False;Auto.de;33.182.751.540.041.000
2050;2050;Ford;Kuga;1-11-2021;29.589;;60000.0;Automatik;Hybrid (Elektro / Benzin);8.0;85.0;224.0;0.0004931499999999999;14.16;2619.6;1572.5;True;Auto.de;340.041.067.761.807
2051;2051;Land Rover;Range Rover Velar;1-2-2021;55.648;;81750.0;Automatik;Diesel;5.0;96.0;1.0;0.0006807094801223242;8.85;1637.25;1776.0;True;Auto.de;4.147.843.942.505.130
2052;2052;Audi;SONSTIGE;1-12-2021;27.389;;39900.0;Automatik;Hybrid (Elektro / Benzin);8.0;85.0;204.0;0.0006864411027568922;14.16;2619.6;1572.5;True;Auto.de;33.182.751.540.041.000
2053;2053;Kia;XCeed;1-4-2021;25.248;;44690.0;Schaltgetriebe;Benzin;8.0;185.0;140.0;0.0005649586037144776;14.16;2619.6;3422.5;False;Auto.de;39.863.107.460.643.300
2054;2054;Jaguar;F-Pace;1-4-2021;47.448;;59828.0;Automatik;Hybrid (Elektro / Benzin);4.0;32.0;404.0;0.0007930734773015979;7.08;1309.8;592.0;True;Auto.de;39.863.107.460.643.300
2055;2055;Land Rover;Range Rover Evoque;1-6-2021;42.648;;38932.0;Automatik;Hybrid (Elektro / Benzin);4.0;32.0;200.0;0.0010954484742628173;7.08;1309.8;592.0;True;Auto.de;38.193.018.480.492.800
2056;2056;Opel;Mokka-e;1-6-2021;18.689;;4312.0;Automatik;Elektro;;0.0;136.0;0.004334183673469388;;;0.0;True;Auto.de;38.193.018.480.492.800
2057;2057;Land Rover;Range Rover Evoque;1-5-2021;43.948;;36933.0;Automatik;Hybrid (Elektro / Benzin);4.0;32.0;200.0;0.00118993853735142;7.08;1309.8;592.0;True;Auto.de;39.041.752.224.503.700
2058;2058;Land Rover;Defender;1-7-2021;78.748;;97587.0;Automatik;Hybrid (Elektro / Benzin);4.0;32.0;301.0;0.0008069517456218555;7.08;1309.8;592.0;True;Auto.de;37.371.663.244.353.100
2059;2059;Jaguar;F-Pace;1-7-2021;50.848;;49310.0;Automatik;Hybrid (Elektro / Benzin);4.0;32.0;301.0;0.0010311904279050902;7.08;1309.8;592.0;True;Auto.de;37.371.663.244.353.100
2060;2060;Skoda;Kamiq;1-12-2021;24.748;;22100.0;Automatik;Benzin;8.0;185.0;150.0;0.001119819004524887;14.16;2619.6;3422.5;False;Auto.de;33.182.751.540.041.000
2061;2061;Land Rover;Range Rover Evoque;1-3-2021;42.749;;29012.0;Automatik;Diesel;0.0;0.0;163.0;0.0014734937267337654;0.0;0.0;0.0;True;Auto.de;4.071.184.120.465.430
2062;2062;Opel;Grandland X;1-6-2021;19.689;;25990.0;Automatik;Benzin;1.0;31.0;181.0;0.0007575606002308581;1.77;327.45;573.5;True;Auto.de;38.193.018.480.492.800
2063;2063;Volkswagen;up!;1-10-2021;14.289;;23800.0;Schaltgetriebe;Benzin;2.0;118.0;65.0;0.0006003781512605042;3.54;654.9;2183.0;True;Auto.de;3.485.284.052.019.160
2064;2064;Renault;ZOE;1-12-2021;15.948;;22867.0;Automatik;Elektro;;0.0;109.0;0.000697424235798312;;;0.0;True;Auto.de;33.182.751.540.041.000
2065;2065;Ford;Mondeo;1-10-2021;29.349;;32677.0;Automatik;Benzin;8.0;185.0;188.0;0.0008981546653609573;14.16;2619.6;3422.5;False;Auto.de;3.485.284.052.019.160
2066;2066;Ford;Kuga;1-7-2021;29.189;;68142.0;Automatik;Hybrid (Elektro / Benzin);8.0;85.0;224.0;0.000428355492941211;14.16;2619.6;1572.5;True;Auto.de;37.371.663.244.353.100
2067;2067;Hyundai;IONIQ;1-12-2021;23.089;;14000.0;Automatik;Elektro;;0.0;136.0;0.0016492142857142855;;;0.0;True;Auto.de;33.182.751.540.041.000
2068;2068;Seat;Leon;1-4-2021;24.989;;60350.0;Automatik;Benzin;8.0;185.0;150.0;0.00041406793703396854;14.16;2619.6;3422.5;False;Auto.de;39.863.107.460.643.300
2069;2069;Volkswagen;Polo;1-11-2021;20.489;;60195.0;Automatik;Benzin;8.0;185.0;95.0;0.00034037710773320045;14.16;2619.6;3422.5;False;Auto.de;340.041.067.761.807
2070;2070;Jaguar;F-Pace;1-3-2021;67.248;;46028.0;Automatik;Hybrid (Elektro / Benzin);8.0;85.0;301.0;0.0014610237246893197;14.16;2619.6;1572.5;True;Auto.de;4.071.184.120.465.430
2071;2071;Renault;ZOE;1-8-2021;17.248;;31600.0;Automatik;Elektro;;0.0;109.0;0.0005458227848101267;;;0.0;True;Auto.de;3.652.292.950.034.220
2072;2072;Hyundai;Tucson;1-11-2021;27.348;;36738.0;Schaltgetriebe;Benzin;3.0;144.0;150.0;0.0007444063367630247;53.100.000.000.000.000;9.823.500.000.000.000;2664.0;False;Auto.de;340.041.067.761.807
2073;2073;Skoda;Kodiaq;1-8-2021;33.789;;71035.0;Automatik;Benzin;8.0;185.0;190.0;0.00047566692475540227;14.16;2619.6;3422.5;False;Auto.de;3.652.292.950.034.220
2074;2074;Skoda;Octavia;1-11-2021;32.589;;76770.0;Automatik;Benzin;8.0;185.0;245.0;0.0004245017584994138;14.16;2619.6;3422.5;False;Auto.de;340.041.067.761.807
2075;2075;Ford;Tourneo Custom;1-7-2021;40.789;;44510.0;Automatik;Diesel;7.0;186.0;185.0;0.0009164008088070097;12.39;2292.15;3441.0;False;Auto.de;37.371.663.244.353.100
2076;2076;Opel;Corsa-e;1-5-2021;18.289;;16677.0;Automatik;Elektro;;0.0;136.0;0.0010966600707561314;;;0.0;True;Auto.de;39.041.752.224.503.700
2077;2077;Opel;Mokka-e;1-4-2021;19.689;;16088.0;Automatik;Elektro;;0.0;136.0;0.0012238314271506713;;;0.0;True;Auto.de;39.863.107.460.643.300
2078;2078;Opel;Corsa-e;1-6-2021;17.689;;22413.0;Automatik;Elektro;;0.0;136.0;0.0007892294650426093;;;0.0;True;Auto.de;38.193.018.480.492.800
2079;2079;Opel;Corsa-e;1-4-2021;16.289;;32670.0;Automatik;Elektro;;0.0;136.0;0.0004985919804101623;;;0.0;True;Auto.de;39.863.107.460.643.300
2080;2080;Opel;Corsa-e;1-6-2021;18.289;;18082.0;Automatik;Elektro;;0.0;136.0;0.0010114478486893043;;;0.0;True;Auto.de;38.193.018.480.492.800
2081;2081;Land Rover;Discovery Sport;1-2-2021;45.748;;49591.0;Automatik;Hybrid (Elektro / Benzin);4.0;32.0;200.0;0.0009225060998971587;7.08;1309.8;592.0;True;Auto.de;4.147.843.942.505.130
2082;2082;Land Rover;Range Rover Evoque;1-4-2021;47.348;;43225.0;Automatik;Hybrid (Elektro / Benzin);4.0;43.0;309.0;0.0010953846153846153;7.08;1309.8;795.5;True;Auto.de;39.863.107.460.643.300
2083;2083;Ford;Puma;1-6-2021;22.589;;49000.0;Automatik;Benzin;9.0;134.0;125.0;0.000461;15.93;2947.05;2479.0;False;Auto.de;38.193.018.480.492.800
2084;2084;Ford;Focus;1-10-2021;21.489;;25657.0;Schaltgetriebe;Benzin;9.0;134.0;155.0;0.0008375492068441362;15.93;2947.05;2479.0;False;Auto.de;3.485.284.052.019.160
2085;2085;Hyundai;Kona;1-6-2021;25.089;;57460.0;Automatik;Elektro;;0.0;136.0;0.00043663418029933864;;;0.0;True;Auto.de;38.193.018.480.492.800
2086;2086;Kia;Stonic;1-7-2021;13.348;;43750.0;Schaltgetriebe;Benzin;6.0;129.0;84.0;0.0003050971428571429;10.620.000.000.000.000;19.647.000.000.000.000;2386.5;True;Auto.de;37.371.663.244.353.100
2087;2087;Ford;Kuga;1-11-2021;35.489;;23935.0;Automatik;Hybrid (Elektro / Benzin);8.0;85.0;224.0;0.0014827240442866095;14.16;2619.6;1572.5;True;Auto.de;340.041.067.761.807
2088;2088;Seat;Tarraco;1-11-2021;28.789;;54106.0;Automatik;Diesel;7.0;148.0;150.0;0.0005320851661553248;12.39;2292.15;2738.0;False;Auto.de;340.041.067.761.807
2089;2089;Volkswagen;Arteon;1-12-2021;34.989;;19987.0;Automatik;Benzin;3.0;166.0;190.0;0.00175058788212338;53.100.000.000.000.000;9.823.500.000.000.000;3071.0;False;Auto.de;33.182.751.540.041.000
2090;2090;Seat;Leon;1-9-2021;22.689;;29754.0;Schaltgetriebe;Benzin;6.0;126.0;131.0;0.0007625529340592862;10.620.000.000.000.000;19.647.000.000.000.000;2331.0;True;Auto.de;3.567.419.575.633.120
2091;2091;Seat;Tarraco;1-11-2021;30.089;;54106.0;Automatik;Diesel;7.0;148.0;150.0;0.0005561120762946807;12.39;2292.15;2738.0;False;Auto.de;340.041.067.761.807
2092;2092;Opel;Corsa-e;1-5-2021;16.689;;7289.0;Automatik;Elektro;;0.0;136.0;0.0022896144875840306;;;0.0;True;Auto.de;39.041.752.224.503.700
2093;2093;Opel;Corsa-e;1-5-2021;18.689;;15162.0;Automatik;Elektro;;0.0;136.0;0.0012326210262498351;;;0.0;True;Auto.de;39.041.752.224.503.700
2094;2094;Ford;Puma;1-5-2021;24.089;;70642.0;Automatik;Benzin;9.0;135.0;125.0;0.0003410011041589989;15.93;2947.05;2497.5;False;Auto.de;39.041.752.224.503.700
2095;2095;Opel;Corsa-e;1-2-2021;15.689;;28544.0;Automatik;Elektro;;0.0;136.0;0.0005496426569506726;;;0.0;True;Auto.de;4.147.843.942.505.130
2096;2096;Volkswagen;T6 Transporter;1-7-2021;23.589;;118000.0;Schaltgetriebe;Diesel;1.0;186.0;150.0;0.00019990677966101695;1.77;327.45;3441.0;False;Auto.de;37.371.663.244.353.100
2097;2097;Volkswagen;SONSTIGE;1-11-2021;27.989;;102113.0;Automatik;Diesel;7.0;186.0;150.0;0.0002740983028605565;12.39;2292.15;3441.0;False;Auto.de;340.041.067.761.807
2098;2098;Audi;Q5;1-12-2021;38.389;;100363.0;Automatik;Hybrid (Elektro / Benzin);8.0;85.0;299.0;0.0003825015194842721;14.16;2619.6;1572.5;True;Auto.de;33.182.751.540.041.000
2099;2099;Renault;ZOE;1-1-2021;15.948;;23746.0;Automatik;Elektro;;0.0;69.0;0.0006716078497431147;;;0.0;True;Auto.de;4.232.717.316.906.220
2100;2100;Peugeot;308;1-3-2021;20.489;;26316.0;Schaltgetriebe;Benzin;7.0;127.0;131.0;0.0007785757713938289;12.39;2292.15;2349.5;True;Auto.de;4.071.184.120.465.430
2101;2101;Volkswagen;Sharan;1-12-2021;37.589;;69600.0;Automatik;Benzin;7.0;198.0;150.0;0.0005400718390804598;12.39;2292.15;3663.0;False;Auto.de;33.182.751.540.041.000
2102;2102;Ford;Mondeo;1-11-2021;22.689;;30610.0;Automatik;Benzin;2.0;142.0;188.0;0.0007412283567461614;3.54;654.9;2627.0;False;Auto.de;340.041.067.761.807
2103;2103;Audi;A4;1-2-2021;28.789;;51467.0;Automatik;Diesel;5.0;130.0;163.0;0.0005593681388073911;8.85;1637.25;2405.0;True;Auto.de;4.147.843.942.505.130
2104;2104;Volkswagen;Passat;1-1-2021;18.689;;146855.0;Automatik;Diesel;9.0;128.0;150.0;0.00012726158455619489;15.93;2947.05;2368.0;True;Auto.de;4.232.717.316.906.220
2105;2105;Volkswagen;Arteon;1-7-2021;37.089;;29987.0;Automatik;Diesel;7.0;149.0;200.0;0.0012368359622503084;12.39;2292.15;2756.5;False;Auto.de;37.371.663.244.353.100
2106;2106;Audi;A4;1-2-2021;30.089;;51467.0;Automatik;Diesel;5.0;130.0;163.0;0.0005846270425709678;8.85;1637.25;2405.0;True;Auto.de;4.147.843.942.505.130
2107;2107;Ford;Puma;1-7-2021;24.089;;24007.0;Schaltgetriebe;Benzin;6.0;126.0;155.0;0.001003415670429458;10.620.000.000.000.000;19.647.000.000.000.000;2331.0;True;Auto.de;37.371.663.244.353.100
2108;2108;Mercedes-Benz;CLA 180;1-12-2021;36.489;;31002.0;Automatik;Hybrid (Elektro / Benzin);8.0;85.0;160.0;0.0011769885813818462;14.16;2619.6;1572.5;True;Auto.de;33.182.751.540.041.000
2109;2109;Opel;Mokka-e;1-5-2021;19.689;;29987.0;Automatik;Elektro;;0.0;136.0;0.0006565845199586487;;;0.0;True;Auto.de;39.041.752.224.503.700
2110;2110;Volkswagen;Golf;1-1-2021;28.189;;34790.0;Automatik;Benzin;1.0;138.0;150.0;0.000810261569416499;1.77;327.45;2553.0;False;Auto.de;4.232.717.316.906.220
2111;2111;Mercedes-Benz;SONSTIGE;1-12-2021;43.689;;76595.0;Automatik;Hybrid (Elektro / Diesel);7.0;86.0;194.0;0.0005703897121222012;12.39;2292.15;1591.0;True;Auto.de;33.182.751.540.041.000
2112;2112;Volkswagen;Golf Variant;1-6-2021;23.289;;31025.0;Schaltgetriebe;Diesel;7.0;186.0;116.0;0.0007506526994359388;12.39;2292.15;3441.0;False;Auto.de;38.193.018.480.492.800
2113;2113;Volkswagen;Golf Variant;1-3-2021;23.289;;36980.0;Schaltgetriebe;Diesel;6.0;121.0;116.0;0.0006297728501892916;10.620.000.000.000.000;19.647.000.000.000.000;2238.5;True;Auto.de;4.071.184.120.465.430
2114;2114;Volkswagen;Passat Variant;1-7-2021;28.489;;113249.0;Automatik;Diesel;7.0;186.0;200.0;0.00025156072018295967;12.39;2292.15;3441.0;False;Auto.de;37.371.663.244.353.100
2115;2115;Mercedes-Benz;SONSTIGE;1-1-2021;80.689;;99990.0;Automatik;Diesel;7.0;186.0;330.0;0.0008069706970697069;12.39;2292.15;3441.0;False;Auto.de;4.232.717.316.906.220
2116;2116;Mercedes-Benz;Sprinter;1-11-2021;40.689;;68974.0;Automatik;Diesel;7.0;186.0;163.0;0.0005899179400933685;12.39;2292.15;3441.0;False;Auto.de;340.041.067.761.807
2117;2117;Mercedes-Benz;SONSTIGE;1-12-2021;35.989;;85491.0;Automatik;Diesel;7.0;186.0;150.0;0.00042096828905966707;12.39;2292.15;3441.0;False;Auto.de;33.182.751.540.041.000
2118;2118;Mercedes-Benz;GLE 250;1-12-2021;64.989;;68353.0;Automatik;Hybrid (Elektro / Diesel);7.0;86.0;194.0;0.0009507848960543064;12.39;2292.15;1591.0;True;Auto.de;33.182.751.540.041.000
2119;2119;Volkswagen;T-Cross;1-6-2021;26.689;;31279.0;Automatik;Benzin;1.0;138.0;150.0;0.0008532561782665687;1.77;327.45;2553.0;False;Auto.de;38.193.018.480.492.800
2120;2120;Volkswagen;Golf;1-10-2021;26.289;;52684.0;Automatik;Diesel;7.0;123.0;150.0;0.0004989940019740339;12.39;2292.15;2275.5;True;Auto.de;3.485.284.052.019.160
2121;2121;Volkswagen;Polo;1-6-2021;19.489;;39612.0;Schaltgetriebe;Benzin;8.0;185.0;95.0;0.0004919973745329698;14.16;2619.6;3422.5;False;Auto.de;38.193.018.480.492.800
2122;2122;Volkswagen;Polo;1-8-2021;17.989;;55405.0;Schaltgetriebe;Benzin;8.0;185.0;95.0;0.00032468188791625306;14.16;2619.6;3422.5;False;Auto.de;3.652.292.950.034.220
2123;2123;BMW;X2;1-5-2022;30.649;;32262.0;Automatik;Diesel;7.0;186.0;190.0;0.0009500030996218462;12.39;2292.15;3441.0;False;Auto.de;29.048.596.851.471.500
2124;2124;Mercedes-Benz;A 200;1-7-2022;28.048;;43320.0;Automatik;Benzin;8.0;144.0;163.0;0.000647460757156048;14.16;2619.6;2664.0;False;Auto.de;2.737.850.787.132.100
2125;2125;Mercedes-Benz;A 200;1-4-2022;26.448;;23983.0;Schaltgetriebe;Benzin;6.0;150.0;163.0;0.0011027811366384522;10.620.000.000.000.000;19.647.000.000.000.000;2775.0;False;Auto.de;29.869.952.087.611.200
2126;2126;Hyundai;i30;1-6-2022;20.748;;33680.0;Schaltgetriebe;Benzin;2.0;141.0;120.0;0.0006160332541567696;3.54;654.9;2608.5;False;Auto.de;28.199.863.107.460.600
2127;2127;Volkswagen;Golf Variant;1-1-2022;21.489;;110405.0;Automatik;Benzin;8.0;185.0;150.0;0.0001946379240070649;14.16;2619.6;3422.5;False;Auto.de;32.334.017.796.030.100
2128;2128;Jaguar;F-Pace;1-5-2022;46.489;;35237.0;Automatik;Benzin;1.0;228.0;250.0;0.0013193234384311944;1.77;327.45;4218.0;False;Auto.de;29.048.596.851.471.500
2129;2129;Volkswagen;Sharan;1-1-2022;39.489;;23742.0;Automatik;Benzin;8.0;185.0;150.0;0.0016632549911549152;14.16;2619.6;3422.5;False;Auto.de;32.334.017.796.030.100
2130;2130;Volkswagen;Golf;1-8-2022;22.989;;39794.0;Schaltgetriebe;Benzin;8.0;185.0;150.0;0.0005777001558023823;14.16;2619.6;3422.5;False;Auto.de;2.652.977.412.731.000
2131;2131;Volkswagen;Golf;1-3-2022;22.989;;33957.0;Automatik;Benzin;8.0;185.0;110.0;0.0006770032688400036;14.16;2619.6;3422.5;False;Auto.de;30.718.685.831.622.100
2132;2132;Audi;S3;1-8-2022;45.789;;27346.0;Automatik;Benzin;8.0;185.0;310.0;0.0016744313610765743;14.16;2619.6;3422.5;False;Auto.de;2.652.977.412.731.000
2133;2133;Audi;A3;1-2-2022;25.489;;26683.0;Schaltgetriebe;Diesel;7.0;186.0;116.0;0.0009552524079001612;12.39;2292.15;3441.0;False;Auto.de;31.485.284.052.019.100
2134;2134;Ford;S-Max;1-9-2022;30.689;;57000.0;Schaltgetriebe;Diesel;6.0;156.0;150.0;0.0005384035087719299;10.620.000.000.000.000;19.647.000.000.000.000;2886.0;False;Auto.de;2.568.104.038.329.910
2135;2135;Toyota;Proace;1-4-2022;47.848;;3921.0;Automatik;Diesel;7.0;186.0;177.0;0.012203009436368274;12.39;2292.15;3441.0;False;Auto.de;29.869.952.087.611.200
2136;2136;Volkswagen;T6 Transporter;1-4-2022;28.489;;116803.0;Automatik;Diesel;7.0;186.0;150.0;0.00024390640651353134;12.39;2292.15;3441.0;False;Auto.de;29.869.952.087.611.200
2137;2137;Porsche;Cayenne;1-12-2022;145.858;;14500.0;Automatik;Benzin;6.0;264.0;549.0;0.010059172413793104;10.620.000.000.000.000;19.647.000.000.000.000;4884.0;False;Auto.de;231.895.961.670.089
2138;2138;Ford;Kuga;1-8-2022;28.689;;25021.0;Schaltgetriebe;Benzin;7.0;152.0;150.0;0.0011465968586387434;12.39;2292.15;2812.0;False;Auto.de;2.652.977.412.731.000
2139;2139;Ford;Kuga;1-8-2022;25.689;;79594.0;Automatik;Diesel;4.0;166.0;150.0;0.0003227504585772797;7.08;1309.8;3071.0;False;Auto.de;2.652.977.412.731.000
2140;2140;Skoda;Fabia;1-10-2022;17.848;;34490.0;Schaltgetriebe;Benzin;8.0;185.0;110.0;0.0005174833285010148;14.16;2619.6;3422.5;False;Auto.de;2.485.968.514.715.940
2141;2141;Renault;Arkana;1-1-2022;22.148;;35930.0;Automatik;Benzin;8.0;185.0;140.0;0.0006164208182577233;14.16;2619.6;3422.5;False;Auto.de;32.334.017.796.030.100
2142;2142;Kia;Sportage;1-11-2022;27.448;;16890.0;Schaltgetriebe;Benzin;8.0;185.0;150.0;0.0016251036116044998;14.16;2619.6;3422.5;False;Auto.de;2.401.095.140.314.850
2143;2143;Mercedes-Benz;B 180;1-12-2022;28.048;;7175.0;Automatik;Benzin;8.0;154.0;136.0;0.003909128919860627;14.16;2619.6;2849.0;False;Auto.de;231.895.961.670.089
2144;2144;Renault;Kadjar;1-1-2022;21.848;;26869.0;Schaltgetriebe;Benzin;8.0;185.0;140.0;0.000813130373292642;14.16;2619.6;3422.5;False;Auto.de;32.334.017.796.030.100
2145;2145;Renault;Kangoo;1-12-2022;22.748;;50310.0;Schaltgetriebe;Benzin;8.0;185.0;102.0;0.000452156628900815;14.16;2619.6;3422.5;False;Auto.de;231.895.961.670.089
2146;2146;Peugeot;2008;1-4-2022;23.089;;44801.0;Automatik;Benzin;9.0;134.0;131.0;0.0005153679605365951;15.93;2947.05;2479.0;False;Auto.de;29.869.952.087.611.200
2147;2147;Ford;Focus;1-5-2022;22.849;;25.0;Schaltgetriebe;Benzin;4.0;499.0;125.0;0.91396;7.08;1309.8;9231.5;False;Auto.de;29.048.596.851.471.500
2148;2148;Renault;Twingo;1-1-2022;14.748;;15625.0;Schaltgetriebe;Benzin;8.0;185.0;65.0;0.000943872;14.16;2619.6;3422.5;False;Auto.de;32.334.017.796.030.100
2149;2149;Renault;Master;1-3-2022;27.448;;102663.0;Schaltgetriebe;Diesel;7.0;186.0;163.0;0.00026736019792914683;12.39;2292.15;3441.0;False;Auto.de;30.718.685.831.622.100
2150;2150;Hyundai;IONIQ 5;1-9-2022;34.448;;33700.0;Automatik;Elektro;;0.0;306.0;0.0010221958456973295;;;0.0;True;Auto.de;2.568.104.038.329.910
2151;2151;Hyundai;i30;1-11-2022;20.089;;19638.0;Schaltgetriebe;Benzin;2.0;118.0;120.0;0.001022965678786027;3.54;654.9;2183.0;True;Auto.de;2.401.095.140.314.850
2152;2152;Audi;A3;1-8-2022;26.689;;27501.0;Schaltgetriebe;Benzin;8.0;131.0;150.0;0.0009704738009526926;14.16;2619.6;2423.5;False;Auto.de;2.652.977.412.731.000
2153;2153;Renault;ZOE;1-2-2022;15.048;;6915.0;Automatik;Elektro;;0.0;109.0;0.0021761388286334056;;;0.0;True;Auto.de;31.485.284.052.019.100
2154;2154;Renault;ZOE;1-2-2022;17.448;;28905.0;Automatik;Elektro;;0.0;136.0;0.0006036325895173846;;;0.0;True;Auto.de;31.485.284.052.019.100
2155;2155;Renault;Twingo Electric;1-2-2022;13.948;;19052.0;Automatik;Elektro;;0.0;42.0;0.0007321016166281756;;;0.0;True;Auto.de;31.485.284.052.019.100
2156;2156;Hyundai;IONIQ 5;1-9-2022;32.848;;22500.0;Automatik;Elektro;;0.0;218.0;0.0014599111111111111;;;0.0;True;Auto.de;2.568.104.038.329.910
2157;2157;Suzuki;Vitara;1-7-2022;23.848;;15611.0;Automatik;Benzin;8.0;185.0;102.0;0.0015276407661264492;14.16;2619.6;3422.5;False;Auto.de;2.737.850.787.132.100
2158;2158;Renault;Clio;1-2-2022;17.948;;30011.0;Automatik;Benzin;2.0;119.0;91.0;0.0005980473826263704;3.54;654.9;2201.5;True;Auto.de;31.485.284.052.019.100
2159;2159;Hyundai;i30;1-4-2022;21.148;;27356.0;Schaltgetriebe;Benzin;2.0;141.0;120.0;0.0007730662377540576;3.54;654.9;2608.5;False;Auto.de;29.869.952.087.611.200
2160;2160;Renault;ZOE;1-2-2022;17.948;;32590.0;Automatik;Elektro;;0.0;69.0;0.000550721080085916;;;0.0;True;Auto.de;31.485.284.052.019.100
2161;2161;Volkswagen;Crafter;1-4-2022;37.689;;44454.0;Schaltgetriebe;Diesel;7.0;186.0;140.0;0.0008478202186529896;12.39;2292.15;3441.0;False;Auto.de;29.869.952.087.611.200
2162;2162;Dacia;Sandero;1-1-2022;13.948;;51156.0;Schaltgetriebe;Autogas;;127.0;91.0;0.00027265618891234657;;;2349.5;True;Auto.de;32.334.017.796.030.100
2163;2163;Hyundai;Tucson;1-1-2022;37.748;;23631.0;Automatik;Hybrid (Elektro / Benzin);4.0;31.0;180.0;0.0015973932546231645;7.08;1309.8;573.5;True;Auto.de;32.334.017.796.030.100
2164;2164;Renault;Captur;1-1-2022;20.048;;42966.0;Automatik;Hybrid (Elektro / Benzin);5.0;34.0;160.0;0.00046660149885956333;8.85;1637.25;629.0;True;Auto.de;32.334.017.796.030.100
2165;2165;Dacia;Sandero;1-2-2022;12.048;;88100.0;Schaltgetriebe;Benzin;3.0;0.0;67.0;0.00013675368898978434;53.100.000.000.000.000;9.823.500.000.000.000;0.0;True;Auto.de;31.485.284.052.019.100
2166;2166;Hyundai;IONIQ 5;1-9-2022;34.448;;26600.0;Automatik;Elektro;;0.0;306.0;0.0012950375939849625;;;0.0;True;Auto.de;2.568.104.038.329.910
2167;2167;Renault;ZOE;1-2-2022;19.048;;13124.0;Automatik;Elektro;;0.0;135.0;0.0014513867723255104;;;0.0;True;Auto.de;31.485.284.052.019.100
2168;2168;Dacia;Sandero;1-3-2022;14.948;;78762.0;Schaltgetriebe;Autogas;;131.0;101.0;0.0001897869530992103;;;2423.5;False;Auto.de;30.718.685.831.622.100
2169;2169;Skoda;Kodiaq;1-10-2022;36.589;;88568.0;Automatik;Diesel;7.0;186.0;200.0;0.00041311760455243427;12.39;2292.15;3441.0;False;Auto.de;2.485.968.514.715.940
2170;2170;Audi;SONSTIGE;1-2-2022;38.689;;90210.0;Automatik;Diesel;7.0;186.0;204.0;0.0004288770646269815;12.39;2292.15;3441.0;False;Auto.de;31.485.284.052.019.100
2171;2171;Audi;Q7;1-1-2022;64.289;;47465.0;Automatik;Diesel;7.0;186.0;286.0;0.001354450647845781;12.39;2292.15;3441.0;False;Auto.de;32.334.017.796.030.100
2172;2172;Ford;S-Max;1-7-2022;29.889;;63486.0;Schaltgetriebe;Diesel;6.0;157.0;150.0;0.0004707967110859087;10.620.000.000.000.000;19.647.000.000.000.000;2904.5;False;Auto.de;2.737.850.787.132.100
2173;2173;Renault;Captur;1-1-2022;24.248;;20538.0;Automatik;Hybrid (Elektro / Benzin);4.0;34.0;92.0;0.0011806407634628493;7.08;1309.8;629.0;True;Auto.de;32.334.017.796.030.100
2174;2174;Renault;Captur;1-11-2022;22.748;;21000.0;Automatik;Hybrid (Elektro / Benzin);5.0;34.0;91.0;0.0010832380952380952;8.85;1637.25;629.0;True;Auto.de;2.401.095.140.314.850
2175;2175;Renault;ZOE;1-1-2022;15.948;;45412.0;Automatik;Elektro;;0.0;69.0;0.0003511847088875187;;;0.0;True;Auto.de;32.334.017.796.030.100
2176;2176;Ford;Focus;1-4-2022;23.549;;25.0;Schaltgetriebe;Benzin;4.0;121.0;125.0;0.94196;7.08;1309.8;2238.5;True;Auto.de;29.869.952.087.611.200
2177;2177;Ford;Kuga;1-2-2022;31.289;;34792.0;Automatik;Hybrid (Elektro / Benzin);8.0;85.0;224.0;0.0008993159346976317;14.16;2619.6;1572.5;True;Auto.de;31.485.284.052.019.100
2178;2178;Dacia;Duster;1-4-2022;25.348;;9279.0;Schaltgetriebe;Benzin;2.0;146.0;131.0;0.0027317598879189565;3.54;654.9;2701.0;False;Auto.de;29.869.952.087.611.200
2179;2179;Renault;ZOE;1-1-2022;15.848;;36100.0;Automatik;Elektro;;0.0;69.0;0.0004390027700831025;;;0.0;True;Auto.de;32.334.017.796.030.100
2180;2180;Ford;EcoSport;1-1-2022;19.789;;81688.0;Schaltgetriebe;Benzin;9.0;157.0;125.0;0.00024225100381941047;15.93;2947.05;2904.5;False;Auto.de;32.334.017.796.030.100
2181;2181;Volkswagen;Golf Variant;1-10-2022;22.489;;51416.0;Automatik;Benzin;8.0;185.0;110.0;0.00043739302940718844;14.16;2619.6;3422.5;False;Auto.de;2.485.968.514.715.940
2182;2182;Renault;ZOE;1-1-2022;16.648;;23999.0;Automatik;Elektro;;0.0;109.0;0.0006936955706487771;;;0.0;True;Auto.de;32.334.017.796.030.100
2183;2183;Renault;Express;1-9-2022;17.448;;20430.0;Schaltgetriebe;Diesel;7.0;186.0;75.0;0.0008540381791483113;12.39;2292.15;3441.0;False;Auto.de;2.568.104.038.329.910
2184;2184;Renault;ZOE;1-2-2022;20.048;;33502.0;Automatik;Elektro;;0.0;69.0;0.0005984120351023819;;;0.0;True;Auto.de;31.485.284.052.019.100
2185;2185;Renault;ZOE;1-3-2022;15.848;;19658.0;Automatik;Elektro;;0.0;110.0;0.0008061857767829891;;;0.0;True;Auto.de;30.718.685.831.622.100
2186;2186;Renault;ZOE;1-1-2022;15.948;;29999.0;Automatik;Elektro;;0.0;109.0;0.0005316177205906864;;;0.0;True;Auto.de;32.334.017.796.030.100
2187;2187;Seat;Leon;1-9-2022;26.989;;41031.0;Automatik;Diesel;6.0;120.0;150.0;0.000657770953669177;10.620.000.000.000.000;19.647.000.000.000.000;2220.0;True;Auto.de;2.568.104.038.329.910
2188;2188;Seat;Leon;1-9-2022;25.689;;41031.0;Automatik;Diesel;6.0;120.0;150.0;0.0006260875923082547;10.620.000.000.000.000;19.647.000.000.000.000;2220.0;True;Auto.de;2.568.104.038.329.910
2189;2189;Dacia;Sandero;1-1-2022;15.948;;31849.0;Schaltgetriebe;Autogas;;127.0;101.0;0.0005007378567615938;;;2349.5;True;Auto.de;32.334.017.796.030.100
2190;2190;Ford;SONSTIGE;1-12-2022;21.989;;21449.0;Schaltgetriebe;Benzin;4.0;146.0;125.0;0.0010251759988810668;7.08;1309.8;2701.0;False;Auto.de;231.895.961.670.089
2191;2191;Ford;Transit;1-11-2022;35.158;;1500.0;Schaltgetriebe;Diesel;7.0;0.0;105.0;0.023438666666666667;12.39;2292.15;0.0;True;Auto.de;2.401.095.140.314.850
2192;2192;Cupra;Formentor;1-9-2022;29.189;;29000.0;Automatik;Hybrid (Elektro / Benzin);8.0;85.0;204.0;0.0010065172413793104;14.16;2619.6;1572.5;True;Auto.de;2.568.104.038.329.910
2193;2193;Audi;SONSTIGE;1-3-2022;41.189;;28600.0;Automatik;Benzin;1.0;184.0;245.0;0.0014401748251748252;1.77;327.45;3404.0;False;Auto.de;30.718.685.831.622.100
2194;2194;Audi;Q5;1-10-2022;42.989;;68175.0;Automatik;Diesel;9.0;181.0;204.0;0.0006305683901723506;15.93;2947.05;3348.5;False;Auto.de;2.485.968.514.715.940
2195;2195;Dacia;Sandero;1-11-2022;17.448;;13270.0;Schaltgetriebe;Autogas;;96.0;101.0;0.0013148455162019592;;;1776.0;True;Auto.de;2.401.095.140.314.850
2196;2196;Ford;Transit Custom;1-1-2022;52.089;;1744.0;Schaltgetriebe;Diesel;7.0;184.0;170.0;0.029867545871559632;12.39;2292.15;3404.0;False;Auto.de;32.334.017.796.030.100
2197;2197;Opel;Crossland X;1-3-2022;17.789;;26889.0;Schaltgetriebe;Benzin;2.0;141.0;83.0;0.0006615716463981554;3.54;654.9;2608.5;False;Auto.de;30.718.685.831.622.100
2198;2198;Seat;Ateca;1-5-2022;30.289;;27201.0;Automatik;Benzin;8.0;154.0;150.0;0.001113525238042719;14.16;2619.6;2849.0;False;Auto.de;29.048.596.851.471.500
2199;2199;Volkswagen;T-Roc;1-8-2022;19.589;;59070.0;Schaltgetriebe;Benzin;8.0;185.0;110.0;0.0003316234975452852;14.16;2619.6;3422.5;False;Auto.de;2.652.977.412.731.000
2200;2200;Volkswagen;Golf;1-6-2022;25.589;;27360.0;Automatik;Diesel;6.0;119.0;116.0;0.0009352704678362572;10.620.000.000.000.000;19.647.000.000.000.000;2201.5;True;Auto.de;28.199.863.107.460.600
2201;2201;Ford;Transit;1-11-2022;34.389;;76000.0;Schaltgetriebe;Diesel;3.0;243.0;131.0;0.00045248684210526317;53.100.000.000.000.000;9.823.500.000.000.000;4495.5;False;Auto.de;2.401.095.140.314.850
2202;2202;Ford;Mondeo;1-1-2022;24.689;;32713.0;Automatik;Benzin;2.0;142.0;188.0;0.0007547152508177177;3.54;654.9;2627.0;False;Auto.de;32.334.017.796.030.100
2203;2203;Ford;Focus;1-12-2022;25.189;;32228.0;Schaltgetriebe;Benzin;9.0;134.0;155.0;0.000781587439493608;15.93;2947.05;2479.0;False;Auto.de;231.895.961.670.089
2204;2204;Renault;Kadjar;1-1-2022;22.689;;31721.0;Automatik;Benzin;8.0;185.0;140.0;0.000715267488414615;14.16;2619.6;3422.5;False;Auto.de;32.334.017.796.030.100
2205;2205;Volkswagen;Polo;1-11-2022;21.489;;16311.0;Automatik;Benzin;8.0;185.0;95.0;0.0013174544785727424;14.16;2619.6;3422.5;False;Auto.de;2.401.095.140.314.850
2206;2206;Audi;SONSTIGE;1-3-2022;59.589;;46061.0;Automatik;Benzin;8.0;185.0;400.0;0.0012936974881135885;14.16;2619.6;3422.5;False;Auto.de;30.718.685.831.622.100
2207;2207;Audi;SQ8;1-10-2022;78.089;;56210.0;Automatik;Benzin;8.0;185.0;507.0;0.0013892367906066536;14.16;2619.6;3422.5;False;Auto.de;2.485.968.514.715.940
2208;2208;Audi;SONSTIGE;1-1-2022;54.989;;30681.0;Automatik;Hybrid (Elektro / Benzin);8.0;85.0;367.0;0.0017922818682572276;14.16;2619.6;1572.5;True;Auto.de;32.334.017.796.030.100
2209;2209;Volkswagen;T6 Transporter;1-1-2022;26.589;;70236.0;Schaltgetriebe;Diesel;7.0;186.0;110.0;0.00037856654706987865;12.39;2292.15;3441.0;False;Auto.de;32.334.017.796.030.100
2210;2210;Audi;SQ5;1-2-2022;61.089;;77258.0;Automatik;Diesel;7.0;186.0;341.0;0.0007907142302415284;12.39;2292.15;3441.0;False;Auto.de;31.485.284.052.019.100
2211;2211;Audi;SONSTIGE;1-2-2022;59.589;;46306.0;Automatik;Benzin;8.0;185.0;400.0;0.0012868526756791775;14.16;2619.6;3422.5;False;Auto.de;31.485.284.052.019.100
2212;2212;Volkswagen;Golf;1-1-2022;30.189;;75168.0;Automatik;Diesel;7.0;186.0;200.0;0.0004016203703703704;12.39;2292.15;3441.0;False;Auto.de;32.334.017.796.030.100
2213;2213;Ford;Focus;1-12-2022;22.689;;37394.0;Schaltgetriebe;Diesel;8.0;126.0;120.0;0.0006067550944001711;14.16;2619.6;2331.0;True;Auto.de;231.895.961.670.089
2214;2214;Volkswagen;Passat Variant;1-2-2022;30.589;;36608.0;Automatik;Diesel;7.0;186.0;200.0;0.0008355823863636364;12.39;2292.15;3441.0;False;Auto.de;31.485.284.052.019.100
2215;2215;Volkswagen;Golf;1-3-2022;34.589;;24958.0;Automatik;Benzin;8.0;185.0;245.0;0.0013858882923311162;14.16;2619.6;3422.5;False;Auto.de;30.718.685.831.622.100
2216;2216;Skoda;Octavia;1-8-2022;31.289;;36960.0;Automatik;Diesel;5.0;118.0;150.0;0.0008465638528138529;8.85;1637.25;2183.0;True;Auto.de;2.652.977.412.731.000
2217;2217;Skoda;Octavia;1-9-2022;27.689;;35905.0;Automatik;Diesel;5.0;118.0;116.0;0.0007711739312073528;8.85;1637.25;2183.0;True;Auto.de;2.568.104.038.329.910
2218;2218;Volkswagen;Golf;1-1-2022;31.789;;69285.0;Automatik;Benzin;8.0;185.0;245.0;0.0004588150393303024;14.16;2619.6;3422.5;False;Auto.de;32.334.017.796.030.100
2219;2219;Volkswagen;Passat Variant;1-2-2022;25.589;;102192.0;Automatik;Diesel;7.0;186.0;150.0;0.00025040120557382183;12.39;2292.15;3441.0;False;Auto.de;31.485.284.052.019.100
2220;2220;Ford;Kuga;1-9-2022;34.189;;41800.0;Automatik;Hybrid (Elektro / Benzin);8.0;85.0;224.0;0.0008179186602870814;14.16;2619.6;1572.5;True;Auto.de;2.568.104.038.329.910
2221;2221;Mercedes-Benz;Sprinter;1-11-2022;56.989;;100.0;Automatik;Diesel;9.0;499.0;190.0;0.56989;15.93;2947.05;9231.5;False;Auto.de;2.401.095.140.314.850
2222;2222;Fiat;500C;1-12-2022;19.358;;15.0;Schaltgetriebe;Benzin;7.0;499.0;69.0;12.905.333.333.333.300;12.39;2292.15;9231.5;False;Auto.de;231.895.961.670.089
2223;2223;Volkswagen;SONSTIGE;1-2-2022;25.489;;140240.0;Schaltgetriebe;Diesel;7.0;186.0;122.0;0.0001817527096406161;12.39;2292.15;3441.0;False;Auto.de;31.485.284.052.019.100
2224;2224;Volkswagen;SONSTIGE;1-2-2022;27.089;;115785.0;Schaltgetriebe;Diesel;7.0;186.0;122.0;0.00023395949388953664;12.39;2292.15;3441.0;False;Auto.de;31.485.284.052.019.100
2225;2225;Volkswagen;Polo;1-9-2022;18.189;;19756.0;Schaltgetriebe;Benzin;8.0;185.0;80.0;0.0009206823243571573;14.16;2619.6;3422.5;False;Auto.de;2.568.104.038.329.910
2226;2226;Volkswagen;T6 Multivan;1-2-2022;58.789;;36670.0;Automatik;Diesel;9.0;208.0;204.0;0.0016031906190346332;15.93;2947.05;3848.0;False;Auto.de;31.485.284.052.019.100
2227;2227;Fiat;500C;1-12-2022;18.058;;15.0;Schaltgetriebe;Benzin;7.0;499.0;69.0;12.038.666.666.666.600;12.39;2292.15;9231.5;False;Auto.de;231.895.961.670.089
2228;2228;Renault;Kadjar;1-8-2022;24.748;;26310.0;Automatik;Benzin;8.0;185.0;158.0;0.0009406309388065375;14.16;2619.6;3422.5;False;Auto.de;2.652.977.412.731.000
2229;2229;Hyundai;i10;1-12-2022;14.349;;35071.0;Schaltgetriebe;Benzin;8.0;110.0;67.0;0.0004091414559037381;14.16;2619.6;2035.0;True;Auto.de;231.895.961.670.089
2230;2230;Hyundai;Staria;1-12-2022;52.589;;45986.0;Automatik;Diesel;7.0;186.0;177.0;0.0011435871787065627;12.39;2292.15;3441.0;False;Auto.de;231.895.961.670.089
2231;2231;Ford;Puma;1-8-2022;21.489;;58700.0;Automatik;Benzin;3.0;143.0;125.0;0.0003660817717206133;53.100.000.000.000.000;9.823.500.000.000.000;2645.5;False;Auto.de;2.652.977.412.731.000
2232;2232;Renault;Captur;1-3-2022;22.148;;23620.0;Schaltgetriebe;Benzin;8.0;185.0;140.0;0.0009376799322607959;14.16;2619.6;3422.5;False;Auto.de;30.718.685.831.622.100
2233;2233;Volkswagen;Golf;1-2-2022;28.789;;44800.0;Automatik;Benzin;8.0;185.0;150.0;0.0006426116071428572;14.16;2619.6;3422.5;False;Auto.de;31.485.284.052.019.100
2234;2234;Volkswagen;Touran;1-9-2022;37.389;;26813.0;Automatik;Diesel;7.0;186.0;150.0;0.0013944355350016785;12.39;2292.15;3441.0;False;Auto.de;2.568.104.038.329.910
2235;2235;Skoda;Superb;1-3-2022;29.389;;73568.0;Automatik;Benzin;8.0;185.0;218.0;0.00039948075250108745;14.16;2619.6;3422.5;False;Auto.de;30.718.685.831.622.100
2236;2236;Audi;SONSTIGE;1-1-2022;46.289;;98044.0;Automatik;Diesel;7.0;186.0;245.0;0.00047212476031169683;12.39;2292.15;3441.0;False;Auto.de;32.334.017.796.030.100
2237;2237;Skoda;Kodiaq;1-1-2022;31.889;;112920.0;Automatik;Diesel;7.0;186.0;150.0;0.0002824034714842366;12.39;2292.15;3441.0;False;Auto.de;32.334.017.796.030.100
2238;2238;Volkswagen;Taigo;1-11-2022;23.889;;14889.0;Schaltgetriebe;Benzin;8.0;185.0;110.0;0.0016044731009470078;14.16;2619.6;3422.5;False;Auto.de;2.401.095.140.314.850
2239;2239;Volkswagen;SONSTIGE;1-8-2022;33.689;;86853.0;Automatik;Diesel;7.0;186.0;150.0;0.0003878852774227718;12.39;2292.15;3441.0;False;Auto.de;2.652.977.412.731.000
2240;2240;Volkswagen;T6 Kombi;1-4-2022;42.089;;42018.0;Automatik;Diesel;7.0;186.0;150.0;0.001001689752011043;12.39;2292.15;3441.0;False;Auto.de;29.869.952.087.611.200
2241;2241;Volkswagen;Touran;1-9-2022;37.389;;19530.0;Automatik;Diesel;7.0;186.0;150.0;0.0019144393241167436;12.39;2292.15;3441.0;False;Auto.de;2.568.104.038.329.910
2242;2242;Volkswagen;Taigo;1-11-2022;21.989;;42686.0;Schaltgetriebe;Benzin;8.0;185.0;95.0;0.0005151337675115964;14.16;2619.6;3422.5;False;Auto.de;2.401.095.140.314.850
2243;2243;Audi;SONSTIGE;1-5-2022;41.689;;56695.0;Automatik;Benzin;8.0;185.0;310.0;0.0007353205750066143;14.16;2619.6;3422.5;False;Auto.de;29.048.596.851.471.500
2244;2244;Audi;SONSTIGE;1-3-2022;41.789;;24541.0;Automatik;Benzin;8.0;185.0;204.0;0.0017028238458090543;14.16;2619.6;3422.5;False;Auto.de;30.718.685.831.622.100
2245;2245;Opel;Insignia;1-2-2022;33.989;;11401.0;Automatik;Benzin;8.0;185.0;200.0;0.002981229716691518;14.16;2619.6;3422.5;False;Auto.de;31.485.284.052.019.100
2246;2246;Audi;Q8;1-8-2022;77.289;;24539.0;Automatik;Benzin;8.0;185.0;381.0;0.0031496393496067486;14.16;2619.6;3422.5;False;Auto.de;2.652.977.412.731.000
2247;2247;Mercedes-Benz;V 220;1-10-2022;60.889;;50.0;Automatik;Diesel;5.0;197.0;163.0;121.778;8.85;1637.25;3644.5;False;Auto.de;2.485.968.514.715.940
2248;2248;Audi;Q2;1-12-2022;31.589;;53108.0;Automatik;Diesel;7.0;186.0;116.0;0.0005948068087670407;12.39;2292.15;3441.0;False;Auto.de;231.895.961.670.089
2249;2249;Audi;SONSTIGE;1-9-2022;36.989;;50150.0;Automatik;Diesel;7.0;186.0;200.0;0.0007375672981056829;12.39;2292.15;3441.0;False;Auto.de;2.568.104.038.329.910
2250;2250;Audi;Q2;1-11-2022;27.289;;66658.0;Schaltgetriebe;Diesel;7.0;186.0;116.0;0.00040938822046866096;12.39;2292.15;3441.0;False;Auto.de;2.401.095.140.314.850
2251;2251;Audi;SONSTIGE;1-12-2022;26.989;;60911.0;Schaltgetriebe;Benzin;8.0;185.0;110.0;0.00044308909720740095;14.16;2619.6;3422.5;False;Auto.de;231.895.961.670.089
2252;2252;Audi;SONSTIGE;1-10-2022;60.189;;44734.0;Automatik;Diesel;7.0;186.0;341.0;0.0013454866544462824;12.39;2292.15;3441.0;False;Auto.de;2.485.968.514.715.940
2253;2253;Ford;Transit;1-7-2022;34.389;;55134.0;Schaltgetriebe;Diesel;7.0;186.0;105.0;0.0006237349004244206;12.39;2292.15;3441.0;False;Auto.de;2.737.850.787.132.100
2254;2254;Audi;e-tron;1-10-2022;52.089;;42199.0;Automatik;Elektro;;0.0;408.0;0.0012343657432640584;;;0.0;True;Auto.de;2.485.968.514.715.940
2255;2255;Skoda;Octavia;1-8-2022;28.089;;17099.0;Automatik;Hybrid (Elektro / Benzin);8.0;85.0;204.0;0.001642727644891514;14.16;2619.6;1572.5;True;Auto.de;2.652.977.412.731.000
2256;2256;Volkswagen;T6 Transporter;1-12-2022;32.089;;25294.0;Schaltgetriebe;Diesel;7.0;186.0;110.0;0.0012686407843757411;12.39;2292.15;3441.0;False;Auto.de;231.895.961.670.089
2257;2257;Volkswagen;Golf;1-7-2022;26.689;;27594.0;Automatik;Benzin;5.0;125.0;131.0;0.0009672030151482206;8.85;1637.25;2312.5;True;Auto.de;2.737.850.787.132.100
2258;2258;Volkswagen;Passat;1-7-2022;31.889;;28711.0;Automatik;Diesel;5.0;144.0;200.0;0.0011106892828532619;8.85;1637.25;2664.0;False;Auto.de;2.737.850.787.132.100
2259;2259;Volkswagen;Passat;1-7-2022;30.889;;13553.0;Automatik;Benzin;2.0;164.0;190.0;0.002279126392680587;3.54;654.9;3034.0;False;Auto.de;2.737.850.787.132.100
2260;2260;Volkswagen;Passat;1-7-2022;32.189;;13553.0;Automatik;Benzin;2.0;164.0;190.0;0.002375046115251236;3.54;654.9;3034.0;False;Auto.de;2.737.850.787.132.100
2261;2261;Volkswagen;Golf;1-7-2022;27.989;;27594.0;Automatik;Benzin;5.0;125.0;131.0;0.001014314706095528;8.85;1637.25;2312.5;True;Auto.de;2.737.850.787.132.100
2262;2262;Audi;A4;1-4-2022;31.889;;19071.0;Automatik;Diesel;9.0;128.0;163.0;0.0016721199727334696;15.93;2947.05;2368.0;True;Auto.de;29.869.952.087.611.200
2263;2263;Cupra;Leon;1-10-2022;24.689;;29987.0;Automatik;Benzin;8.0;185.0;204.0;0.0008233234401574016;14.16;2619.6;3422.5;False;Auto.de;2.485.968.514.715.940
2264;2264;Skoda;Octavia;1-5-2022;29.789;;32955.0;Automatik;Diesel;5.0;118.0;150.0;0.0009039296009710211;8.85;1637.25;2183.0;True;Auto.de;29.048.596.851.471.500
2265;2265;Volkswagen;Passat;1-8-2022;30.889;;16675.0;Automatik;Benzin;2.0;164.0;190.0;0.0018524137931034482;3.54;654.9;3034.0;False;Auto.de;2.652.977.412.731.000
2266;2266;Volkswagen;Passat;1-6-2022;30.889;;25936.0;Automatik;Diesel;5.0;144.0;200.0;0.001190970080197409;8.85;1637.25;2664.0;False;Auto.de;28.199.863.107.460.600
2267;2267;Volkswagen;Passat;1-8-2022;32.189;;16675.0;Automatik;Benzin;2.0;164.0;190.0;0.0019303748125937032;3.54;654.9;3034.0;False;Auto.de;2.652.977.412.731.000
2268;2268;Volkswagen;Passat;1-6-2022;29.789;;36750.0;Automatik;Diesel;5.0;144.0;200.0;0.0008105850340136055;8.85;1637.25;2664.0;False;Auto.de;28.199.863.107.460.600
2269;2269;Cupra;Leon;1-11-2022;25.689;;25483.0;Automatik;Benzin;8.0;185.0;204.0;0.0010080838205862733;14.16;2619.6;3422.5;False;Auto.de;2.401.095.140.314.850
2270;2270;Cupra;Formentor;1-11-2022;30.389;;28629.0;Automatik;Benzin;8.0;185.0;245.0;0.001061476125606902;14.16;2619.6;3422.5;False;Auto.de;2.401.095.140.314.850
2271;2271;Volkswagen;Tiguan;1-1-2022;46.389;;26592.0;Automatik;Benzin;8.0;185.0;320.0;0.00174447202166065;14.16;2619.6;3422.5;False;Auto.de;32.334.017.796.030.100
2272;2272;Volkswagen;Passat;1-11-2022;33.589;;26455.0;Automatik;Diesel;1.0;159.0;200.0;0.0012696654696654696;1.77;327.45;2941.5;False;Auto.de;2.401.095.140.314.850
2273;2273;Volkswagen;Passat;1-6-2022;31.089;;36750.0;Automatik;Diesel;5.0;144.0;200.0;0.0008459591836734693;8.85;1637.25;2664.0;False;Auto.de;28.199.863.107.460.600
2274;2274;Skoda;Octavia;1-12-2022;31.889;;29987.0;Automatik;Diesel;6.0;121.0;150.0;0.0010634274852436055;10.620.000.000.000.000;19.647.000.000.000.000;2238.5;True;Auto.de;231.895.961.670.089
2275;2275;Volkswagen;Polo;1-2-2022;20.389;;49349.0;Schaltgetriebe;Benzin;8.0;185.0;95.0;0.0004131593345356542;14.16;2619.6;3422.5;False;Auto.de;31.485.284.052.019.100
2276;2276;MG;EHS;1-11-2022;24.989;;24599.0;Automatik;Hybrid (Elektro / Benzin);8.0;85.0;258.0;0.001015854303020448;14.16;2619.6;1572.5;True;Auto.de;2.401.095.140.314.850
2277;2277;Opel;Vivaro;1-10-2022;33.889;;1500.0;Automatik;Elektro;;0.0;136.0;0.022592666666666667;;;0.0;True;Auto.de;2.485.968.514.715.940
2278;2278;Volkswagen;ID.3;1-10-2022;21.989;;68228.0;Automatik;Elektro;;0.0;146.0;0.00032228703757987924;;;0.0;True;Auto.de;2.485.968.514.715.940
2279;2279;Volkswagen;ID.4;1-7-2022;25.389;;29761.0;Automatik;Elektro;;0.0;148.0;0.0008530963341285575;;;0.0;True;Auto.de;2.737.850.787.132.100
2280;2280;Skoda;Enyaq iV;1-11-2022;24.789;;24573.0;Automatik;Elektro;;0.0;148.0;0.0010087901355145892;;;0.0;True;Auto.de;2.401.095.140.314.850
2281;2281;Volkswagen;ID.3;1-1-2022;22.489;;59750.0;Automatik;Elektro;;0.0;146.0;0.00037638493723849374;;;0.0;True;Auto.de;32.334.017.796.030.100
2282;2282;Volkswagen;ID.3;1-8-2022;23.489;;23773.0;Automatik;Elektro;;0.0;146.0;0.0009880536743364322;;;0.0;True;Auto.de;2.652.977.412.731.000
2283;2283;Volkswagen;ID.4;1-8-2022;23.989;;40737.0;Automatik;Elektro;;0.0;148.0;0.0005888749785207551;;;0.0;True;Auto.de;2.652.977.412.731.000
2284;2284;Audi;Q4 e-tron;1-2-2022;35.089;;65330.0;Automatik;Elektro;;0.0;170.0;0.0005371039338741772;;;0.0;True;Auto.de;31.485.284.052.019.100
2285;2285;Cupra;Born;1-12-2022;29.089;;12765.0;Automatik;Elektro;;0.0;204.0;0.0022788092440266354;;;0.0;True;Auto.de;231.895.961.670.089
2286;2286;Ford;Puma;1-6-2022;23.989;;33132.0;Schaltgetriebe;Benzin;6.0;135.0;125.0;0.0007240432210551733;10.620.000.000.000.000;19.647.000.000.000.000;2497.5;False;Auto.de;28.199.863.107.460.600
2287;2287;Cupra;Formentor;1-2-2022;35.089;;27099.0;Automatik;Benzin;8.0;185.0;310.0;0.0012948448282224436;14.16;2619.6;3422.5;False;Auto.de;31.485.284.052.019.100
2288;2288;Audi;Q4 e-tron;1-8-2022;33.889;;5214.0;Automatik;Elektro;;0.0;170.0;0.0064996164173379365;;;0.0;True;Auto.de;2.652.977.412.731.000
2289;2289;Opel;Corsa-e;1-10-2022;16.289;;32021.0;Automatik;Elektro;;0.0;136.0;0.0005086974173198838;;;0.0;True;Auto.de;2.485.968.514.715.940
2290;2290;Opel;Corsa-e;1-3-2022;18.689;;16491.0;Automatik;Elektro;;0.0;136.0;0.0011332848220241343;;;0.0;True;Auto.de;30.718.685.831.622.100
2291;2291;Volkswagen;Polo;1-2-2022;21.489;;87564.0;Automatik;Benzin;8.0;185.0;110.0;0.0002454090722214609;14.16;2619.6;3422.5;False;Auto.de;31.485.284.052.019.100
2292;2292;Ford;Focus;1-1-2022;26.989;;28396.0;Schaltgetriebe;Benzin;9.0;135.0;155.0;0.0009504507677137625;15.93;2947.05;2497.5;False;Auto.de;32.334.017.796.030.100
2293;2293;Ford;Tourneo Custom;1-11-2022;39.489;;37318.0;Schaltgetriebe;Diesel;7.0;186.0;131.0;0.001058175679296854;12.39;2292.15;3441.0;False;Auto.de;2.401.095.140.314.850
2294;2294;Ford;Kuga;1-10-2022;31.989;;24682.0;Automatik;Hybrid (Elektro / Benzin);3.0;29.0;224.0;0.0012960457013208007;53.100.000.000.000.000;9.823.500.000.000.000;536.5;True;Auto.de;2.485.968.514.715.940
2295;2295;Ford;Kuga;1-11-2022;33.289;;6553.0;Automatik;Hybrid (Elektro / Benzin);3.0;29.0;224.0;0.005079963375553182;53.100.000.000.000.000;9.823.500.000.000.000;536.5;True;Auto.de;2.401.095.140.314.850
2296;2296;Ford;Fiesta;1-8-2022;20.989;;16947.0;Automatik;Benzin;1.0;138.0;125.0;0.0012385082905529002;1.77;327.45;2553.0;False;Auto.de;2.652.977.412.731.000
2297;2297;Ford;Kuga;1-11-2022;30.689;;18404.0;Automatik;Hybrid (Elektro / Benzin);3.0;29.0;224.0;0.0016675179308845902;53.100.000.000.000.000;9.823.500.000.000.000;536.5;True;Auto.de;2.401.095.140.314.850
2298;2298;Ford;Kuga;1-1-2022;24.989;;73461.0;Automatik;Hybrid (Elektro / Benzin);3.0;29.0;224.0;0.00034016689127564284;53.100.000.000.000.000;9.823.500.000.000.000;536.5;True;Auto.de;32.334.017.796.030.100
2299;2299;Hyundai;i30;1-8-2022;18.389;;21612.0;Schaltgetriebe;Benzin;8.0;185.0;120.0;0.0008508698870997594;14.16;2619.6;3422.5;False;Auto.de;2.652.977.412.731.000
2300;2300;Ford;EcoSport;1-8-2022;20.989;;28597.0;Schaltgetriebe;Benzin;9.0;157.0;140.0;0.0007339581074937931;15.93;2947.05;2904.5;False;Auto.de;2.652.977.412.731.000
2301;2301;Ford;Fiesta;1-8-2022;21.089;;25070.0;Automatik;Benzin;1.0;138.0;125.0;0.000841204627044276;1.77;327.45;2553.0;False;Auto.de;2.652.977.412.731.000
2302;2302;Ford;Transit Custom;1-7-2022;28.089;;9552.0;Schaltgetriebe;Diesel;7.0;186.0;105.0;0.002940640703517588;12.39;2292.15;3441.0;False;Auto.de;2.737.850.787.132.100
2303;2303;Ford;Kuga;1-10-2022;30.689;;20723.0;Schaltgetriebe;Benzin;7.0;160.0;150.0;0.0014809149254451576;12.39;2292.15;2960.0;False;Auto.de;2.485.968.514.715.940
2304;2304;Ford;Kuga;1-11-2022;32.189;;17349.0;Automatik;Hybrid (Elektro / Benzin);3.0;29.0;224.0;0.0018553807135857974;53.100.000.000.000.000;9.823.500.000.000.000;536.5;True;Auto.de;2.401.095.140.314.850
2305;2305;Ford;Explorer;1-11-2022;53.489;;52939.0;Automatik;Hybrid (Elektro / Benzin);8.0;85.0;457.0;0.0010103893160052135;14.16;2619.6;1572.5;True;Auto.de;2.401.095.140.314.850
2306;2306;Ford;Puma;1-1-2022;23.989;;36021.0;Schaltgetriebe;Benzin;1.0;138.0;155.0;0.0006659726270786486;1.77;327.45;2553.0;False;Auto.de;32.334.017.796.030.100
2307;2307;Ford;Kuga;1-11-2022;32.789;;12970.0;Automatik;Hybrid (Elektro / Benzin);3.0;29.0;224.0;0.0025280647648419433;53.100.000.000.000.000;9.823.500.000.000.000;536.5;True;Auto.de;2.401.095.140.314.850
2308;2308;Ford;Kuga;1-11-2022;32.789;;11812.0;Automatik;Hybrid (Elektro / Benzin);3.0;29.0;224.0;0.002775905858449035;53.100.000.000.000.000;9.823.500.000.000.000;536.5;True;Auto.de;2.401.095.140.314.850
2309;2309;Ford;Kuga;1-11-2022;32.789;;10471.0;Automatik;Hybrid (Elektro / Benzin);3.0;29.0;224.0;0.003131410562505969;53.100.000.000.000.000;9.823.500.000.000.000;536.5;True;Auto.de;2.401.095.140.314.850
2310;2310;Ford;Kuga;1-11-2022;33.289;;8577.0;Automatik;Hybrid (Elektro / Benzin);3.0;29.0;224.0;0.003881193890637752;53.100.000.000.000.000;9.823.500.000.000.000;536.5;True;Auto.de;2.401.095.140.314.850
2311;2311;Ford;SONSTIGE;1-4-2022;22.989;;38658.0;Automatik;Benzin;6.0;134.0;125.0;0.0005946763929846345;10.620.000.000.000.000;19.647.000.000.000.000;2479.0;False;Auto.de;29.869.952.087.611.200
2312;2312;Ford;Kuga;1-6-2022;22.989;;113793.0;Automatik;Hybrid (Elektro / Benzin);8.0;85.0;224.0;0.0002020247291133901;14.16;2619.6;1572.5;True;Auto.de;28.199.863.107.460.600
2313;2313;Ford;Focus;1-9-2022;22.989;;30607.0;Automatik;Diesel;3.0;139.0;120.0;0.0007511026889273696;53.100.000.000.000.000;9.823.500.000.000.000;2571.5;False;Auto.de;2.568.104.038.329.910
2314;2314;Ford;Fiesta;1-9-2022;20.989;;11914.0;Automatik;Benzin;1.0;138.0;125.0;0.001761708913882827;1.77;327.45;2553.0;False;Auto.de;2.568.104.038.329.910
2315;2315;Ford;Fiesta;1-8-2022;20.989;;25613.0;Automatik;Benzin;1.0;138.0;125.0;0.0008194666770780463;1.77;327.45;2553.0;False;Auto.de;2.652.977.412.731.000
2316;2316;Ford;Fiesta;1-8-2022;20.989;;17674.0;Automatik;Benzin;1.0;138.0;125.0;0.0011875636528233563;1.77;327.45;2553.0;False;Auto.de;2.652.977.412.731.000
2317;2317;Ford;Kuga;1-11-2022;32.189;;17679.0;Automatik;Hybrid (Elektro / Benzin);3.0;29.0;224.0;0.0018207477798518016;53.100.000.000.000.000;9.823.500.000.000.000;536.5;True;Auto.de;2.401.095.140.314.850
2318;2318;Ford;Kuga;1-11-2022;32.189;;19017.0;Automatik;Hybrid (Elektro / Benzin);3.0;29.0;224.0;0.0016926434243045695;53.100.000.000.000.000;9.823.500.000.000.000;536.5;True;Auto.de;2.401.095.140.314.850
2319;2319;Ford;Kuga;1-11-2022;31.689;;22808.0;Automatik;Hybrid (Elektro / Benzin);3.0;29.0;224.0;0.001389380918975798;53.100.000.000.000.000;9.823.500.000.000.000;536.5;True;Auto.de;2.401.095.140.314.850
2320;2320;Ford;Transit;1-11-2022;37.389;;33189.0;Schaltgetriebe;Diesel;7.0;186.0;105.0;0.0011265479526349092;12.39;2292.15;3441.0;False;Auto.de;2.401.095.140.314.850
2321;2321;Ford;Transit Custom;1-6-2022;38.489;;36086.0;Schaltgetriebe;Diesel;7.0;186.0;131.0;0.0010665909216870807;12.39;2292.15;3441.0;False;Auto.de;28.199.863.107.460.600
2322;2322;Ford;Transit;1-7-2022;36.389;;19963.0;Automatik;Elektro;;0.0;269.0;0.0018228222211090518;;;0.0;True;Auto.de;2.737.850.787.132.100
2323;2323;Volkswagen;Passat Variant;1-6-2022;27.489;;46983.0;Automatik;Benzin;8.0;185.0;150.0;0.0005850839665410894;14.16;2619.6;3422.5;False;Auto.de;28.199.863.107.460.600
2324;2324;Audi;SONSTIGE;1-2-2022;60.589;;21976.0;Automatik;Benzin;8.0;185.0;400.0;0.0027570531488896976;14.16;2619.6;3422.5;False;Auto.de;31.485.284.052.019.100
2325;2325;Volkswagen;Golf;1-12-2022;33.389;;32588.0;Automatik;Diesel;6.0;120.0;150.0;0.0010245795998527066;10.620.000.000.000.000;19.647.000.000.000.000;2220.0;True;Auto.de;231.895.961.670.089
2326;2326;Volkswagen;SONSTIGE;1-2-2022;27.089;;118472.0;Schaltgetriebe;Diesel;7.0;186.0;122.0;0.0002286531838746708;12.39;2292.15;3441.0;False;Auto.de;31.485.284.052.019.100
2327;2327;Volkswagen;Taigo;1-1-2022;24.589;;39788.0;Automatik;Benzin;8.0;185.0;110.0;0.0006180004021312959;14.16;2619.6;3422.5;False;Auto.de;32.334.017.796.030.100
2328;2328;Audi;SONSTIGE;1-3-2022;26.389;;69745.0;Automatik;Hybrid (Elektro / Benzin);8.0;85.0;150.0;0.00037836404043300597;14.16;2619.6;1572.5;True;Auto.de;30.718.685.831.622.100
2329;2329;Skoda;Octavia;1-9-2022;28.089;;18590.0;Automatik;Benzin;8.0;185.0;204.0;0.0015109736417428725;14.16;2619.6;3422.5;False;Auto.de;2.568.104.038.329.910
2330;2330;Volkswagen;Passat;1-12-2022;39.489;;25692.0;Automatik;Diesel;7.0;186.0;200.0;0.0015370154133582438;12.39;2292.15;3441.0;False;Auto.de;231.895.961.670.089
2331;2331;Audi;A6;1-8-2022;41.089;;31845.0;Automatik;Diesel;7.0;186.0;204.0;0.0012902810488302715;12.39;2292.15;3441.0;False;Auto.de;2.652.977.412.731.000
2332;2332;Volkswagen;Passat Variant;1-3-2022;28.689;;67600.0;Automatik;Diesel;7.0;186.0;150.0;0.00042439349112426036;12.39;2292.15;3441.0;False;Auto.de;30.718.685.831.622.100
2333;2333;Ford;Kuga;1-9-2022;34.889;;39900.0;Automatik;Hybrid (Elektro / Benzin);8.0;85.0;224.0;0.0008744110275689224;14.16;2619.6;1572.5;True;Auto.de;2.568.104.038.329.910
2334;2334;Volkswagen;Golf;1-10-2022;22.489;;52470.0;Automatik;Benzin;8.0;185.0;110.0;0.0004286068229464456;14.16;2619.6;3422.5;False;Auto.de;2.485.968.514.715.940
2335;2335;Ford;SONSTIGE;1-2-2022;26.489;;23100.0;Schaltgetriebe;Diesel;2.0;188.0;105.0;0.0011467099567099568;3.54;654.9;3478.0;False;Auto.de;31.485.284.052.019.100
2336;2336;Audi;SONSTIGE;1-2-2022;66.589;;29607.0;Automatik;Elektro;;0.0;476.0;0.0022490964974499275;;;0.0;True;Auto.de;31.485.284.052.019.100
2337;2337;Ford;Mustang Mach-E;1-7-2022;41.589;;2650.0;Automatik;Elektro;;0.0;269.0;0.015693962264150943;;;0.0;True;Auto.de;2.737.850.787.132.100
2338;2338;MG;MG5;1-8-2022;21.989;;5937.0;Automatik;Elektro;;0.0;177.0;0.0037037224187299986;;;0.0;True;Auto.de;2.652.977.412.731.000
2339;2339;Ford;Mustang Mach-E;1-1-2022;38.489;;8050.0;Automatik;Elektro;;0.0;269.0;0.004781242236024844;;;0.0;True;Auto.de;32.334.017.796.030.100
2340;2340;Dacia;Duster;1-5-2022;19.048;;34790.0;Schaltgetriebe;Autogas;;144.0;101.0;0.0005475136533486634;;;2664.0;False;Auto.de;29.048.596.851.471.500
2341;2341;Renault;ZOE;1-1-2022;16.948;;44626.0;Automatik;Elektro;;0.0;69.0;0.00037977860440102185;;;0.0;True;Auto.de;32.334.017.796.030.100
2342;2342;Volkswagen;Passat;1-8-2022;31.889;;22980.0;Automatik;Benzin;3.0;165.0;190.0;0.0013876849434290687;53.100.000.000.000.000;9.823.500.000.000.000;3052.5;False;Auto.de;2.652.977.412.731.000
2343;2343;Skoda;Octavia;1-7-2022;25.689;;23992.0;Schaltgetriebe;Diesel;3.0;112.0;116.0;0.001070731910636879;53.100.000.000.000.000;9.823.500.000.000.000;2072.0;True;Auto.de;2.737.850.787.132.100
2344;2344;Volkswagen;Passat;1-6-2022;26.689;;32685.0;Schaltgetriebe;Benzin;4.0;146.0;150.0;0.0008165519351384427;7.08;1309.8;2701.0;False;Auto.de;28.199.863.107.460.600
2345;2345;Audi;A4;1-9-2022;30.889;;32504.0;Automatik;Diesel;9.0;129.0;163.0;0.0009503138075313807;15.93;2947.05;2386.5;True;Auto.de;2.568.104.038.329.910
2346;2346;Seat;Leon;1-10-2022;23.689;;15127.0;Schaltgetriebe;Diesel;3.0;114.0;116.0;0.0015660078006214054;53.100.000.000.000.000;9.823.500.000.000.000;2109.0;True;Auto.de;2.485.968.514.715.940
2347;2347;Skoda;Octavia;1-7-2022;26.989;;23992.0;Schaltgetriebe;Diesel;3.0;112.0;116.0;0.0011249166388796266;53.100.000.000.000.000;9.823.500.000.000.000;2072.0;True;Auto.de;2.737.850.787.132.100
2348;2348;Volkswagen;Passat;1-6-2022;27.989;;32685.0;Schaltgetriebe;Benzin;4.0;146.0;150.0;0.0008563255315894141;7.08;1309.8;2701.0;False;Auto.de;28.199.863.107.460.600
2349;2349;Volkswagen;Passat;1-9-2022;24.689;;57730.0;Automatik;Diesel;9.0;129.0;122.0;0.0004276632600034644;15.93;2947.05;2386.5;True;Auto.de;2.568.104.038.329.910
2350;2350;Seat;Leon;1-10-2022;24.989;;15127.0;Schaltgetriebe;Diesel;3.0;114.0;116.0;0.0016519468500033054;53.100.000.000.000.000;9.823.500.000.000.000;2109.0;True;Auto.de;2.485.968.514.715.940
2351;2351;Hyundai;IONIQ;1-9-2022;21.589;;6400.0;Automatik;Elektro;;0.0;136.0;0.00337328125;;;0.0;True;Auto.de;2.568.104.038.329.910
2352;2352;Hyundai;Santa Fe;1-1-2022;39.589;;30500.0;Automatik;Hybrid (Elektro / Benzin);8.0;85.0;265.0;0.001298;14.16;2619.6;1572.5;True;Auto.de;32.334.017.796.030.100
2353;2353;Ford;Kuga;1-11-2022;29.089;;49200.0;Automatik;Hybrid (Elektro / Benzin);8.0;85.0;224.0;0.000591239837398374;14.16;2619.6;1572.5;True;Auto.de;2.401.095.140.314.850
2354;2354;Ford;SONSTIGE;1-11-2022;42.489;;54000.0;Schaltgetriebe;Diesel;8.0;209.0;131.0;0.0007868333333333333;14.16;2619.6;3866.5;False;Auto.de;2.401.095.140.314.850
2355;2355;Audi;SONSTIGE;1-12-2022;32.489;;28026.0;Automatik;Hybrid (Elektro / Benzin);8.0;85.0;204.0;0.0011592449867979732;14.16;2619.6;1572.5;True;Auto.de;231.895.961.670.089
2356;2356;Peugeot;Traveller;1-11-2022;47.489;;41398.0;Automatik;Diesel;4.0;193.0;177.0;0.001147132711725204;7.08;1309.8;3570.5;False;Auto.de;2.401.095.140.314.850
2357;2357;Cupra;Formentor;1-12-2022;34.189;;33047.0;Automatik;Benzin;8.0;185.0;245.0;0.0010345568432838079;14.16;2619.6;3422.5;False;Auto.de;231.895.961.670.089
2358;2358;Ford;SONSTIGE;1-11-2022;43.789;;41288.0;Schaltgetriebe;Diesel;8.0;209.0;131.0;0.001060574501065685;14.16;2619.6;3866.5;False;Auto.de;2.401.095.140.314.850
2359;2359;Volkswagen;SONSTIGE;1-10-2022;36.289;;41434.0;Automatik;Benzin;8.0;185.0;150.0;0.0008758266158227543;14.16;2619.6;3422.5;False;Auto.de;2.485.968.514.715.940
2360;2360;Audi;Q5;1-2-2022;42.889;;95124.0;Automatik;Hybrid (Elektro / Benzin);8.0;85.0;299.0;0.0004508746478280981;14.16;2619.6;1572.5;True;Auto.de;31.485.284.052.019.100
2361;2361;Hyundai;Kona;1-12-2022;24.389;;3945.0;Automatik;Elektro;;0.0;136.0;0.006182256020278834;;;0.0;True;Auto.de;231.895.961.670.089
2362;2362;Volkswagen;SONSTIGE;1-9-2022;42.589;;29514.0;Automatik;Benzin;8.0;185.0;320.0;0.0014430100969031645;14.16;2619.6;3422.5;False;Auto.de;2.568.104.038.329.910
2363;2363;Ford;Grand Tourneo;1-12-2022;30.689;;12000.0;Schaltgetriebe;Diesel;5.0;132.0;102.0;0.0025574166666666666;8.85;1637.25;2442.0;False;Auto.de;231.895.961.670.089
2364;2364;Ford;Ranger;1-7-2022;42.589;;15975.0;Automatik;Diesel;8.0;256.0;212.0;0.002665978090766823;14.16;2619.6;4736.0;False;Auto.de;2.737.850.787.132.100
2365;2365;Seat;Ibiza;1-2-2022;14.489;;50199.0;Schaltgetriebe;Erdgas;;96.0;90.0;0.00028863124763441506;;;1776.0;True;Auto.de;31.485.284.052.019.100
2366;2366;Audi;Q5;1-11-2022;41.789;;40629.0;Automatik;Hybrid (Elektro / Benzin);8.0;85.0;299.0;0.0010285510349750178;14.16;2619.6;1572.5;True;Auto.de;2.401.095.140.314.850
2367;2367;Audi;SONSTIGE;1-1-2022;25.989;;22932.0;Automatik;Benzin;8.0;185.0;110.0;0.0011333071690214547;14.16;2619.6;3422.5;False;Auto.de;32.334.017.796.030.100
2368;2368;Audi;SONSTIGE;1-2-2022;32.489;;13568.0;Automatik;Hybrid (Elektro / Benzin);8.0;85.0;204.0;0.00239453125;14.16;2619.6;1572.5;True;Auto.de;31.485.284.052.019.100
2369;2369;Audi;SONSTIGE;1-3-2022;39.789;;73540.0;Automatik;Hybrid (Elektro / Benzin);8.0;85.0;299.0;0.0005410524884416644;14.16;2619.6;1572.5;True;Auto.de;30.718.685.831.622.100
2370;2370;Ford;Transit;1-6-2022;34.189;;59292.0;Schaltgetriebe;Diesel;7.0;186.0;105.0;0.0005766207920124131;12.39;2292.15;3441.0;False;Auto.de;28.199.863.107.460.600
2371;2371;Land Rover;Range Rover Evoque;1-6-2022;53.448;;21243.0;Automatik;Hybrid (Elektro / Benzin);4.0;32.0;309.0;0.002516028809490185;7.08;1309.8;592.0;True;Auto.de;28.199.863.107.460.600
2372;2372;Volkswagen;Touran;1-6-2022;35.389;;33478.0;Automatik;Diesel;7.0;186.0;150.0;0.0010570822629786727;12.39;2292.15;3441.0;False;Auto.de;28.199.863.107.460.600
2373;2373;Volkswagen;Tiguan;1-10-2022;31.189;;31011.0;Schaltgetriebe;Benzin;8.0;185.0;150.0;0.0010057398987456064;14.16;2619.6;3422.5;False;Auto.de;2.485.968.514.715.940
2374;2374;Volkswagen;Passat;1-9-2022;25.489;;66135.0;Automatik;Benzin;8.0;185.0;150.0;0.00038540863385499356;14.16;2619.6;3422.5;False;Auto.de;2.568.104.038.329.910
2375;2375;Volkswagen;Tiguan;1-3-2022;44.689;;32492.0;Automatik;Diesel;7.0;186.0;200.0;0.0013753847100824819;12.39;2292.15;3441.0;False;Auto.de;30.718.685.831.622.100
2376;2376;Volkswagen;Touran;1-9-2022;38.489;;17442.0;Automatik;Diesel;7.0;186.0;150.0;0.002206685013186561;12.39;2292.15;3441.0;False;Auto.de;2.568.104.038.329.910
2377;2377;Volkswagen;Passat;1-4-2022;29.589;;56374.0;Automatik;Benzin;8.0;185.0;150.0;0.000524869620747153;14.16;2619.6;3422.5;False;Auto.de;29.869.952.087.611.200
2378;2378;Skoda;Octavia;1-5-2022;26.589;;58000.0;Automatik;Benzin;8.0;185.0;204.0;0.0004584310344827586;14.16;2619.6;3422.5;False;Auto.de;29.048.596.851.471.500
2379;2379;Cupra;Leon;1-7-2022;29.589;;23023.0;Automatik;Benzin;8.0;185.0;245.0;0.0012851930678017633;14.16;2619.6;3422.5;False;Auto.de;2.737.850.787.132.100
2380;2380;Volkswagen;Touareg;1-11-2022;55.589;;71129.0;Automatik;Diesel;7.0;186.0;286.0;0.0007815237104415921;12.39;2292.15;3441.0;False;Auto.de;2.401.095.140.314.850
2381;2381;Audi;A6;1-11-2022;64.889;;37946.0;Automatik;Diesel;7.0;186.0;344.0;0.0017100353133400095;12.39;2292.15;3441.0;False;Auto.de;2.401.095.140.314.850
2382;2382;Ford;Mustang Mach-E;1-3-2022;49.589;;23110.0;Automatik;Elektro;;0.0;487.0;0.002145781047165729;;;0.0;True;Auto.de;30.718.685.831.622.100
2383;2383;Volkswagen;Tiguan;1-8-2022;31.789;;53665.0;Automatik;Benzin;8.0;154.0;150.0;0.0005923600111804715;14.16;2619.6;2849.0;False;Auto.de;2.652.977.412.731.000
2384;2384;Dacia;Duster;1-2-2022;25.348;;12010.0;Automatik;Benzin;8.0;185.0;150.0;0.0021105745212323065;14.16;2619.6;3422.5;False;Auto.de;31.485.284.052.019.100
2385;2385;Renault;Trafic;1-12-2022;37.848;;15903.0;Schaltgetriebe;Diesel;9.0;181.0;110.0;0.0023799283154121863;15.93;2947.05;3348.5;False;Auto.de;231.895.961.670.089
2386;2386;Volkswagen;Passat;1-11-2022;29.089;;47799.0;Automatik;Diesel;5.0;131.0;150.0;0.0006085692169292245;8.85;1637.25;2423.5;False;Auto.de;2.401.095.140.314.850
2387;2387;Cupra;Leon;1-11-2022;26.689;;24989.0;Automatik;Benzin;8.0;185.0;204.0;0.0010680299331705951;14.16;2619.6;3422.5;False;Auto.de;2.401.095.140.314.850
2388;2388;Volkswagen;Passat;1-11-2022;27.689;;47799.0;Automatik;Diesel;5.0;131.0;150.0;0.0005792799012531643;8.85;1637.25;2423.5;False;Auto.de;2.401.095.140.314.850
2389;2389;Volkswagen;Passat;1-6-2022;29.789;;39103.0;Automatik;Diesel;5.0;144.0;200.0;0.0007618085568882184;8.85;1637.25;2664.0;False;Auto.de;28.199.863.107.460.600
2390;2390;Cupra;Formentor;1-10-2022;30.789;;12827.0;Automatik;Benzin;8.0;185.0;245.0;0.0024003274343182353;14.16;2619.6;3422.5;False;Auto.de;2.485.968.514.715.940
2391;2391;Cupra;Formentor;1-11-2022;28.789;;22422.0;Automatik;Benzin;8.0;185.0;245.0;0.0012839621800017841;14.16;2619.6;3422.5;False;Auto.de;2.401.095.140.314.850
2392;2392;Seat;Arona;1-11-2022;21.289;;8207.0;Schaltgetriebe;Benzin;5.0;124.0;110.0;0.0025940051175825517;8.85;1637.25;2294.0;True;Auto.de;2.401.095.140.314.850
2393;2393;Ford;Mustang Mach-E;1-4-2022;39.589;;41200.0;Automatik;Elektro;;0.0;294.0;0.0009608980582524271;;;0.0;True;Auto.de;29.869.952.087.611.200
2394;2394;Audi;e-tron;1-11-2022;67.989;;26700.0;Automatik;Elektro;;0.0;408.0;0.0025464044943820227;;;0.0;True;Auto.de;2.401.095.140.314.850
2395;2395;Cupra;Born;1-11-2022;27.589;;26149.0;Automatik;Elektro;;0.0;204.0;0.0010550690274962714;;;0.0;True;Auto.de;2.401.095.140.314.850
2396;2396;Skoda;Scala;1-4-2022;17.948;;37009.0;Schaltgetriebe;Benzin;7.0;106.0;110.0;0.0004849631170796293;12.39;2292.15;1961.0;True;Auto.de;29.869.952.087.611.200
2397;2397;Ford;Kuga;1-12-2022;37.389;;11000.0;Automatik;Hybrid (Elektro / Benzin);8.0;85.0;224.0;0.003399;14.16;2619.6;1572.5;True;Auto.de;231.895.961.670.089
2398;2398;Cupra;Formentor;1-2-2022;26.389;;50063.0;Automatik;Benzin;8.0;185.0;204.0;0.0005271158340490981;14.16;2619.6;3422.5;False;Auto.de;31.485.284.052.019.100
2399;2399;Ford;Mustang Mach-E;1-11-2022;50.589;;18000.0;Automatik;Elektro;;0.0;487.0;0.0028105;;;0.0;True;Auto.de;2.401.095.140.314.850
2400;2400;Opel;SONSTIGE;1-4-2022;18.589;;67846.0;Automatik;Diesel;2.0;137.0;122.0;0.0002739881496329923;3.54;654.9;2534.5;False;Auto.de;29.869.952.087.611.200
2401;2401;Hyundai;Kona;1-12-2022;24.089;;5950.0;Automatik;Elektro;;0.0;136.0;0.004048571428571428;;;0.0;True;Auto.de;231.895.961.670.089
2402;2402;Mazda;CX-30;1-1-2022;26.448;;48300.0;Schaltgetriebe;Benzin;9.0;134.0;150.0;0.0005475776397515528;15.93;2947.05;2479.0;False;Auto.de;32.334.017.796.030.100
2403;2403;Land Rover;Range Rover Evoque;1-6-2022;51.448;;17253.0;Automatik;Hybrid (Elektro / Benzin);4.0;32.0;200.0;0.002981974149423289;7.08;1309.8;592.0;True;Auto.de;28.199.863.107.460.600
2404;2404;Mazda;CX-60;1-9-2022;44.448;;19560.0;Automatik;Hybrid (Elektro / Benzin);4.0;32.0;192.0;0.00227239263803681;7.08;1309.8;592.0;True;Auto.de;2.568.104.038.329.910
2405;2405;Ford;Puma;1-3-2022;22.148;;25990.0;Schaltgetriebe;Benzin;8.0;185.0;125.0;0.0008521739130434783;14.16;2619.6;3422.5;False;Auto.de;30.718.685.831.622.100
2406;2406;Volkswagen;Passat;1-7-2022;37.089;;5914.0;Automatik;Diesel;5.0;144.0;200.0;0.006271389922218464;8.85;1637.25;2664.0;False;Auto.de;2.737.850.787.132.100
2407;2407;Volkswagen;Passat;1-7-2022;31.889;;26614.0;Automatik;Diesel;5.0;144.0;200.0;0.0011982039528067934;8.85;1637.25;2664.0;False;Auto.de;2.737.850.787.132.100
2408;2408;Volkswagen;Golf Variant;1-1-2022;19.989;;105694.0;Automatik;Diesel;7.0;186.0;116.0;0.0001891214260033682;12.39;2292.15;3441.0;False;Auto.de;32.334.017.796.030.100
2409;2409;Volkswagen;SONSTIGE;1-3-2022;37.689;;38736.0;Automatik;Benzin;8.0;185.0;190.0;0.0009729708798017348;14.16;2619.6;3422.5;False;Auto.de;30.718.685.831.622.100
2410;2410;Volkswagen;Polo;1-12-2022;18.689;;32641.0;Schaltgetriebe;Benzin;8.0;185.0;80.0;0.0005725621151312766;14.16;2619.6;3422.5;False;Auto.de;231.895.961.670.089
2411;2411;Audi;SONSTIGE;1-11-2022;30.689;;21967.0;Automatik;Hybrid (Elektro / Benzin);8.0;85.0;245.0;0.0013970501206354987;14.16;2619.6;1572.5;True;Auto.de;2.401.095.140.314.850
2412;2412;Opel;SONSTIGE;1-5-2022;19.689;;47400.0;Schaltgetriebe;Benzin;6.0;128.0;131.0;0.00041537974683544305;10.620.000.000.000.000;19.647.000.000.000.000;2368.0;True;Auto.de;29.048.596.851.471.500
2413;2413;Volkswagen;Caddy;1-6-2022;35.989;;21650.0;Automatik;Diesel;3.0;139.0;122.0;0.0016623094688221708;53.100.000.000.000.000;9.823.500.000.000.000;2571.5;False;Auto.de;28.199.863.107.460.600
2414;2414;Volkswagen;Touran;1-6-2022;31.089;;11153.0;Schaltgetriebe;Benzin;7.0;153.0;150.0;0.0027875011207746793;12.39;2292.15;2830.5;False;Auto.de;28.199.863.107.460.600
2415;2415;Volkswagen;Passat;1-8-2022;32.189;;29987.0;Automatik;Diesel;8.0;127.0;150.0;0.0010734318204555307;14.16;2619.6;2349.5;True;Auto.de;2.652.977.412.731.000
2416;2416;Volkswagen;Touran;1-6-2022;29.789;;11153.0;Schaltgetriebe;Benzin;7.0;153.0;150.0;0.0026709405541110016;12.39;2292.15;2830.5;False;Auto.de;28.199.863.107.460.600
2417;2417;Ford;Puma;1-7-2022;26.089;;18625.0;Automatik;Benzin;6.0;135.0;125.0;0.001400751677852349;10.620.000.000.000.000;19.647.000.000.000.000;2497.5;False;Auto.de;2.737.850.787.132.100
2418;2418;Volkswagen;Golf;1-2-2022;29.189;;32547.0;Automatik;Benzin;8.0;185.0;150.0;0.000896826128368206;14.16;2619.6;3422.5;False;Auto.de;31.485.284.052.019.100
2419;2419;Skoda;Kamiq;1-6-2022;19.189;;41436.0;Schaltgetriebe;Benzin;8.0;185.0;110.0;0.00046309972005019787;14.16;2619.6;3422.5;False;Auto.de;28.199.863.107.460.600
2420;2420;Opel;Insignia;1-8-2022;22.789;;53386.0;Automatik;Diesel;3.0;137.0;122.0;0.00042687221368898216;53.100.000.000.000.000;9.823.500.000.000.000;2534.5;False;Auto.de;2.652.977.412.731.000
2421;2421;Nissan;Juke;1-2-2022;22.148;;31550.0;Automatik;Benzin;8.0;185.0;114.0;0.0007019968304278922;14.16;2619.6;3422.5;False;Auto.de;31.485.284.052.019.100
2422;2422;Volkswagen;Passat Alltrack;1-6-2022;37.589;;58419.0;Automatik;Diesel;7.0;186.0;200.0;0.0006434379225936767;12.39;2292.15;3441.0;False;Auto.de;28.199.863.107.460.600
2423;2423;Renault;Master;1-10-2022;49.348;;55201.0;Schaltgetriebe;Diesel;0.0;0.0;163.0;0.0008939693121501422;0.0;0.0;0.0;True;Auto.de;2.485.968.514.715.940
2424;2424;Renault;ZOE;1-4-2022;17.948;;28060.0;Automatik;Elektro;;0.0;136.0;0.0006396293656450463;;;0.0;True;Auto.de;29.869.952.087.611.200
2425;2425;Ford;Transit Custom;1-11-2022;32.689;;440.0;Schaltgetriebe;Diesel;6.0;200.0;105.0;0.07429318181818181;10.620.000.000.000.000;19.647.000.000.000.000;3700.0;False;Auto.de;2.401.095.140.314.850
2426;2426;Audi;A4;1-4-2022;33.189;;19071.0;Automatik;Diesel;9.0;128.0;163.0;0.0017402862985685071;15.93;2947.05;2368.0;True;Auto.de;29.869.952.087.611.200
2427;2427;Volkswagen;Passat;1-6-2022;31.089;;39103.0;Automatik;Diesel;5.0;144.0;200.0;0.0007950540879216428;8.85;1637.25;2664.0;False;Auto.de;28.199.863.107.460.600
2428;2428;Volkswagen;Passat;1-6-2022;30.889;;36131.0;Automatik;Diesel;5.0;144.0;200.0;0.0008549168304226287;8.85;1637.25;2664.0;False;Auto.de;28.199.863.107.460.600
2429;2429;Volkswagen;Passat;1-6-2022;32.189;;36131.0;Automatik;Diesel;5.0;144.0;200.0;0.0008908970136447925;8.85;1637.25;2664.0;False;Auto.de;28.199.863.107.460.600
2430;2430;Volkswagen;Passat;1-7-2022;30.889;;18226.0;Automatik;Benzin;3.0;165.0;190.0;0.0016947766926368923;53.100.000.000.000.000;9.823.500.000.000.000;3052.5;False;Auto.de;2.737.850.787.132.100
2431;2431;Volkswagen;Passat;1-6-2022;32.189;;34427.0;Automatik;Diesel;5.0;144.0;200.0;0.0009349928834926076;8.85;1637.25;2664.0;False;Auto.de;28.199.863.107.460.600
2432;2432;Volkswagen;Passat;1-8-2022;30.889;;24451.0;Automatik;Benzin;3.0;165.0;190.0;0.0012633021144329475;53.100.000.000.000.000;9.823.500.000.000.000;3052.5;False;Auto.de;2.652.977.412.731.000
2433;2433;Volkswagen;Passat;1-6-2022;30.889;;37127.0;Automatik;Diesel;5.0;144.0;200.0;0.0008319821154415924;8.85;1637.25;2664.0;False;Auto.de;28.199.863.107.460.600
2434;2434;Volkswagen;Passat;1-6-2022;30.889;;34427.0;Automatik;Diesel;5.0;144.0;200.0;0.0008972318238591803;8.85;1637.25;2664.0;False;Auto.de;28.199.863.107.460.600
2435;2435;Volkswagen;Passat;1-6-2022;30.889;;36212.0;Automatik;Diesel;5.0;144.0;200.0;0.0008530045288854523;8.85;1637.25;2664.0;False;Auto.de;28.199.863.107.460.600
2436;2436;Hyundai;IONIQ;1-9-2022;22.389;;7438.0;Automatik;Elektro;;0.0;136.0;0.0030100833557407903;;;0.0;True;Auto.de;2.568.104.038.329.910
2437;2437;Audi;A3;1-4-2022;32.289;;52.0;Automatik;Benzin;8.0;131.0;150.0;0.6209423076923077;14.16;2619.6;2423.5;False;Auto.de;29.869.952.087.611.200
2438;2438;Seat;Arona;1-10-2022;26.189;;32845.0;Automatik;Benzin;3.0;143.0;150.0;0.0007973511950068504;53.100.000.000.000.000;9.823.500.000.000.000;2645.5;False;Auto.de;2.485.968.514.715.940
2439;2439;Ford;Transit Custom;1-6-2022;33.289;;12.0;Schaltgetriebe;Diesel;5.0;197.0;131.0;27.740.833.333.333.300;8.85;1637.25;3644.5;False;Auto.de;28.199.863.107.460.600
2440;2440;Ford;Transit Custom;1-6-2022;32.089;;2000.0;Schaltgetriebe;Diesel;3.0;192.0;131.0;0.0160445;53.100.000.000.000.000;9.823.500.000.000.000;3552.0;False;Auto.de;28.199.863.107.460.600
2441;2441;Mercedes-Benz;Sprinter;1-7-2022;33.389;;83808.0;Schaltgetriebe;Diesel;7.0;186.0;170.0;0.0003983987208858343;12.39;2292.15;3441.0;False;Auto.de;2.737.850.787.132.100
2442;2442;Mercedes-Benz;EQA;1-6-2022;79.689;;65355.0;Automatik;Diesel;7.0;186.0;237.0;0.0012193252237778286;12.39;2292.15;3441.0;False;Auto.de;28.199.863.107.460.600
2443;2443;Volkswagen;Golf;1-4-2022;26.389;;23160.0;Automatik;Diesel;6.0;119.0;116.0;0.0011394214162348878;10.620.000.000.000.000;19.647.000.000.000.000;2201.5;True;Auto.de;29.869.952.087.611.200
2444;2444;Audi;A4;1-1-2022;31.789;;38990.0;Schaltgetriebe;Benzin;4.0;145.0;150.0;0.000815311618363683;7.08;1309.8;2682.5;False;Auto.de;32.334.017.796.030.100
2445;2445;Mercedes-Benz;SONSTIGE;1-6-2022;79.689;;65355.0;Automatik;Diesel;7.0;186.0;237.0;0.0012193252237778286;12.39;2292.15;3441.0;False;Auto.de;28.199.863.107.460.600
2446;2446;Ford;Transit Custom;1-3-2022;25.989;;43000.0;Schaltgetriebe;Diesel;2.0;192.0;131.0;0.0006043953488372093;3.54;654.9;3552.0;False;Auto.de;30.718.685.831.622.100
2447;2447;Skoda;Fabia;1-3-2022;21.389;;42600.0;Automatik;Benzin;6.0;136.0;95.0;0.0005020892018779342;10.620.000.000.000.000;19.647.000.000.000.000;2516.0;False;Auto.de;30.718.685.831.622.100
2448;2448;Volkswagen;Golf;1-12-2022;37.689;;25180.0;Automatik;Benzin;8.0;185.0;301.0;0.0014967831612390787;14.16;2619.6;3422.5;False;Auto.de;231.895.961.670.089
2449;2449;Volkswagen;Golf Variant;1-6-2022;25.089;;34115.0;Schaltgetriebe;Diesel;6.0;121.0;116.0;0.0007354243001612194;10.620.000.000.000.000;19.647.000.000.000.000;2238.5;True;Auto.de;28.199.863.107.460.600
2450;2450;Volkswagen;Golf;1-5-2022;26.089;;36540.0;Automatik;Diesel;5.0;117.0;116.0;0.0007139846743295019;8.85;1637.25;2164.5;True;Auto.de;29.048.596.851.471.500
2451;2451;Volkswagen;Golf GTI;1-1-2022;32.789;;26160.0;Automatik;Benzin;5.0;169.0;245.0;0.001253402140672783;8.85;1637.25;3126.5;False;Auto.de;32.334.017.796.030.100
2452;2452;Volkswagen;Golf Variant;1-6-2022;25.389;;39770.0;Schaltgetriebe;Diesel;3.0;112.0;116.0;0.0006383957757103344;53.100.000.000.000.000;9.823.500.000.000.000;2072.0;True;Auto.de;28.199.863.107.460.600
2453;2453;Skoda;Octavia;1-2-2022;29.789;;40190.0;Automatik;Diesel;5.0;118.0;150.0;0.0007412042796715601;8.85;1637.25;2183.0;True;Auto.de;31.485.284.052.019.100
2454;2454;Volkswagen;Golf Variant;1-6-2022;25.089;;34220.0;Schaltgetriebe;Diesel;3.0;112.0;116.0;0.0007331677381648159;53.100.000.000.000.000;9.823.500.000.000.000;2072.0;True;Auto.de;28.199.863.107.460.600
2455;2455;Mercedes-Benz;EQB;1-11-2022;35.289;;57411.0;Automatik;Elektro;;0.0;228.0;0.0006146731462611695;;;0.0;True;Auto.de;2.401.095.140.314.850
2456;2456;Volkswagen;Passat;1-7-2022;30.889;;23185.0;Automatik;Benzin;2.0;164.0;190.0;0.0013322838041837394;3.54;654.9;3034.0;False;Auto.de;2.737.850.787.132.100
2457;2457;Volkswagen;Passat;1-6-2022;30.889;;38368.0;Automatik;Diesel;5.0;144.0;200.0;0.0008050719349457882;8.85;1637.25;2664.0;False;Auto.de;28.199.863.107.460.600
2458;2458;Volkswagen;Passat;1-6-2022;32.189;;38368.0;Automatik;Diesel;5.0;144.0;200.0;0.0008389543369474562;8.85;1637.25;2664.0;False;Auto.de;28.199.863.107.460.600
2459;2459;Volkswagen;Passat;1-7-2022;32.189;;23185.0;Automatik;Benzin;2.0;164.0;190.0;0.0013883545395729998;3.54;654.9;3034.0;False;Auto.de;2.737.850.787.132.100
2460;2460;Volkswagen;Golf;1-7-2022;25.389;;51015.0;Automatik;Diesel;7.0;186.0;116.0;0.0004976771537783005;12.39;2292.15;3441.0;False;Auto.de;2.737.850.787.132.100
2461;2461;Volkswagen;SONSTIGE;1-2-2022;25.689;;21489.0;Schaltgetriebe;Benzin;8.0;185.0;110.0;0.0011954488342873098;14.16;2619.6;3422.5;False;Auto.de;31.485.284.052.019.100
2462;2462;Opel;Crossland X;1-6-2022;20.148;;45931.0;Automatik;Benzin;5.0;113.0;131.0;0.0004386579869804707;8.85;1637.25;2090.5;True;Auto.de;28.199.863.107.460.600
2463;2463;Ford;Kuga;1-9-2022;34.289;;22000.0;Automatik;Hybrid (Elektro / Benzin);8.0;85.0;224.0;0.0015585909090909092;14.16;2619.6;1572.5;True;Auto.de;2.568.104.038.329.910
2464;2464;Jeep;Renegade;1-10-2022;23.858;;25.0;Automatik;Benzin;7.0;499.0;131.0;0.9543200000000001;12.39;2292.15;9231.5;False;Auto.de;2.485.968.514.715.940
2465;2465;Ford;Fiesta;1-3-2022;17.749;;62113.0;Schaltgetriebe;Benzin;8.0;185.0;125.0;0.00028575338495967023;14.16;2619.6;3422.5;False;Auto.de;30.718.685.831.622.100
2466;2466;Ford;Fiesta;1-2-2022;17.749;;63679.0;Schaltgetriebe;Benzin;8.0;185.0;125.0;0.00027872611064872247;14.16;2619.6;3422.5;False;Auto.de;31.485.284.052.019.100
2467;2467;Mercedes-Benz;Sprinter;1-1-2022;35.489;;47779.0;Schaltgetriebe;Diesel;7.0;186.0;170.0;0.0007427740220599008;12.39;2292.15;3441.0;False;Auto.de;32.334.017.796.030.100
2468;2468;Land Rover;Range Rover Evoque;1-1-2022;48.048;;17427.0;Automatik;Hybrid (Elektro / Benzin);4.0;32.0;309.0;0.0027571010500946807;7.08;1309.8;592.0;True;Auto.de;32.334.017.796.030.100
2469;2469;Dacia;Duster;1-6-2022;20.048;;19999.0;Schaltgetriebe;Benzin;6.0;146.0;131.0;0.0010024501225061253;10.620.000.000.000.000;19.647.000.000.000.000;2701.0;False;Auto.de;28.199.863.107.460.600
2470;2470;Opel;Insignia;1-1-2022;27.048;;18006.0;Automatik;Benzin;8.0;185.0;170.0;0.0015021659446851048;14.16;2619.6;3422.5;False;Auto.de;32.334.017.796.030.100
2471;2471;Volkswagen;T-Cross;1-5-2022;19.049;;65417.0;Schaltgetriebe;Benzin;8.0;185.0;95.0;0.0002911934206704679;14.16;2619.6;3422.5;False;Auto.de;29.048.596.851.471.500
2472;2472;Volkswagen;Golf;1-11-2022;24.489;;33550.0;Schaltgetriebe;Benzin;7.0;129.0;150.0;0.0007299254843517139;12.39;2292.15;2386.5;True;Auto.de;2.401.095.140.314.850
2473;2473;Ford;Puma;1-10-2022;23.589;;27641.0;Automatik;Benzin;1.0;138.0;125.0;0.000853406171990883;1.77;327.45;2553.0;False;Auto.de;2.485.968.514.715.940
2474;2474;Seat;Ateca;1-2-2022;29.789;;52600.0;Automatik;Diesel;3.0;139.0;150.0;0.0005663307984790875;53.100.000.000.000.000;9.823.500.000.000.000;2571.5;False;Auto.de;31.485.284.052.019.100
2475;2475;Volvo;XC40;1-1-2022;36.289;;32975.0;Automatik;Benzin;2.0;153.0;197.0;0.0011005003790750569;3.54;654.9;2830.5;False;Auto.de;32.334.017.796.030.100
2476;2476;Suzuki;SX4 S-Cross;1-10-2022;25.089;;22445.0;Automatik;Benzin;8.0;132.0;102.0;0.0011177990643795946;14.16;2619.6;2442.0;False;Auto.de;2.485.968.514.715.940
2477;2477;Volvo;XC90;1-9-2022;67.489;;37554.0;Automatik;Hybrid (Elektro / Benzin);4.0;160.0;392.0;0.0017971188155722427;7.08;1309.8;2960.0;False;Auto.de;2.568.104.038.329.910
2478;2478;Volkswagen;ID.4;1-5-2022;27.389;;36567.0;Automatik;Elektro;;0.0;170.0;0.000749008669018514;;;0.0;True;Auto.de;29.048.596.851.471.500
2479;2479;Mercedes-Benz;SONSTIGE;1-12-2022;41.089;;46029.0;Automatik;Hybrid (Elektro / Benzin);8.0;85.0;204.0;0.0008926763562102153;14.16;2619.6;1572.5;True;Auto.de;231.895.961.670.089
2480;2480;Volvo;V60;1-1-2022;36.189;;26314.0;Automatik;Hybrid (Elektro / Benzin);8.0;85.0;398.0;0.001375275518735274;14.16;2619.6;1572.5;True;Auto.de;32.334.017.796.030.100
2481;2481;Volvo;V90;1-1-2022;47.389;;50548.0;Automatik;Hybrid (Elektro / Benzin);8.0;160.0;456.0;0.0009375049457940967;14.16;2619.6;2960.0;False;Auto.de;32.334.017.796.030.100
2482;2482;Volkswagen;Golf;1-4-2022;28.189;;43617.0;Automatik;Diesel;4.0;116.0;150.0;0.0006462847055047344;7.08;1309.8;2146.0;True;Auto.de;29.869.952.087.611.200
2483;2483;Audi;Q8;1-1-2022;75.789;;44800.0;Automatik;Diesel;6.0;224.0;286.0;0.00169171875;10.620.000.000.000.000;19.647.000.000.000.000;4144.0;False;Auto.de;32.334.017.796.030.100
2484;2484;Audi;SONSTIGE;1-6-2022;37.689;;59586.0;Automatik;Diesel;7.0;186.0;204.0;0.0006325143490081563;12.39;2292.15;3441.0;False;Auto.de;28.199.863.107.460.600
2485;2485;Ford;Transit;1-11-2022;33.289;;40000.0;Schaltgetriebe;Diesel;3.0;270.0;131.0;0.000832225;53.100.000.000.000.000;9.823.500.000.000.000;4995.0;False;Auto.de;2.401.095.140.314.850
2486;2486;Peugeot;3008;1-1-2022;28.489;;44729.0;Automatik;Hybrid (Elektro / Benzin);2.0;163.0;224.0;0.0006369245903105368;3.54;654.9;3015.5;False;Auto.de;32.334.017.796.030.100
2487;2487;Volvo;XC60;1-2-2022;43.789;;35624.0;Automatik;Diesel;7.0;176.0;197.0;0.0012291994161239615;12.39;2292.15;3256.0;False;Auto.de;31.485.284.052.019.100
2488;2488;Volvo;XC40;1-4-2022;34.289;;42602.0;Automatik;Hybrid (Elektro / Benzin);1.0;160.0;211.0;0.0008048683160415004;1.77;327.45;2960.0;False;Auto.de;29.869.952.087.611.200
2489;2489;BMW;218 Gran Tourer;1-3-2022;23.089;;99152.0;Automatik;Diesel;6.0;136.0;150.0;0.00023286469259319024;10.620.000.000.000.000;19.647.000.000.000.000;2516.0;False;Auto.de;30.718.685.831.622.100
2490;2490;Suzuki;SX4 S-Cross;1-10-2022;24.089;;2345.0;Schaltgetriebe;Benzin;4.0;146.0;129.0;0.010272494669509594;7.08;1309.8;2701.0;False;Auto.de;2.485.968.514.715.940
2491;2491;Volkswagen;T6 Multivan;1-1-2022;53.389;;49500.0;Automatik;Diesel;9.0;207.0;150.0;0.0010785656565656565;15.93;2947.05;3829.5;False;Auto.de;32.334.017.796.030.100
2492;2492;Peugeot;308;1-10-2022;29.489;;33903.0;Automatik;Hybrid (Elektro / Benzin);8.0;85.0;181.0;0.0008698050320030676;14.16;2619.6;1572.5;True;Auto.de;2.485.968.514.715.940
2493;2493;Skoda;Scala;1-8-2022;19.089;;37072.0;Schaltgetriebe;Benzin;4.0;146.0;110.0;0.000514916918429003;7.08;1309.8;2701.0;False;Auto.de;2.652.977.412.731.000
2494;2494;BMW;320;1-10-2022;31.289;;77597.0;Automatik;Diesel;7.0;150.0;190.0;0.00040322435145688626;12.39;2292.15;2775.0;False;Auto.de;2.485.968.514.715.940
2495;2495;Volvo;XC60;1-6-2022;38.889;;60675.0;Automatik;Diesel;7.0;176.0;197.0;0.0006409394313967862;12.39;2292.15;3256.0;False;Auto.de;28.199.863.107.460.600
2496;2496;Opel;Corsa;1-1-2022;16.589;;33428.0;Schaltgetriebe;Benzin;6.0;127.0;101.0;0.0004962606198396553;10.620.000.000.000.000;19.647.000.000.000.000;2349.5;True;Auto.de;32.334.017.796.030.100
2497;2497;Renault;ZOE;1-2-2022;17.948;;23770.0;Automatik;Elektro;;0.0;136.0;0.0007550694152292806;;;0.0;True;Auto.de;31.485.284.052.019.100
2498;2498;Renault;ZOE;1-2-2022;15.448;;44725.0;Automatik;Elektro;;0.0;69.0;0.00034539966461710455;;;0.0;True;Auto.de;31.485.284.052.019.100
2499;2499;Volkswagen;T6 Multivan;1-6-2022;68.589;;42650.0;Automatik;Diesel;5.0;224.0;204.0;0.0016081828839390386;8.85;1637.25;4144.0;False;Auto.de;28.199.863.107.460.600
2500;2500;Ford;Puma;1-6-2022;25.889;;43170.0;Automatik;Benzin;3.0;143.0;125.0;0.0005996988649525133;53.100.000.000.000.000;9.823.500.000.000.000;2645.5;False;Auto.de;28.199.863.107.460.600
2501;2501;Volvo;XC40;1-10-2022;34.789;;59358.0;Automatik;Elektro;;0.0;231.0;0.0005860878061929311;;;0.0;True;Auto.de;2.485.968.514.715.940
2502;2502;Ford;Kuga;1-2-2022;22.089;;83061.0;Automatik;Hybrid (Elektro / Benzin);8.0;85.0;224.0;0.0002659370823852349;14.16;2619.6;1572.5;True;Auto.de;31.485.284.052.019.100
2503;2503;Cupra;Leon;1-10-2022;26.589;;23450.0;Automatik;Hybrid (Elektro / Benzin);8.0;85.0;204.0;0.0011338592750533049;14.16;2619.6;1572.5;True;Auto.de;2.485.968.514.715.940
2504;2504;Cupra;Leon;1-3-2022;28.189;;22000.0;Automatik;Hybrid (Elektro / Benzin);8.0;85.0;245.0;0.0012813181818181819;14.16;2619.6;1572.5;True;Auto.de;30.718.685.831.622.100
2505;2505;Cupra;Formentor;1-7-2022;31.689;;28750.0;Automatik;Hybrid (Elektro / Benzin);8.0;85.0;245.0;0.0011022260869565218;14.16;2619.6;1572.5;True;Auto.de;2.737.850.787.132.100
2506;2506;Volvo;XC60;1-1-2022;38.389;;71973.0;Automatik;Diesel;2.0;188.0;197.0;0.000533380573270532;3.54;654.9;3478.0;False;Auto.de;32.334.017.796.030.100
2507;2507;Seat;Leon;1-1-2022;21.889;;29545.0;Schaltgetriebe;Benzin;7.0;129.0;110.0;0.0007408698595363005;12.39;2292.15;2386.5;True;Auto.de;32.334.017.796.030.100
2508;2508;Cupra;Leon;1-11-2022;27.189;;31650.0;Automatik;Hybrid (Elektro / Benzin);8.0;85.0;204.0;0.0008590521327014218;14.16;2619.6;1572.5;True;Auto.de;2.401.095.140.314.850
2509;2509;Volvo;XC60;1-5-2022;43.289;;20950.0;Automatik;Diesel;2.0;188.0;197.0;0.0020663007159904536;3.54;654.9;3478.0;False;Auto.de;29.048.596.851.471.500
2510;2510;Ford;Fiesta;1-1-2022;15.949;;67364.0;Schaltgetriebe;Benzin;5.0;0.0;125.0;0.00023675850602695802;8.85;1637.25;0.0;True;Auto.de;32.334.017.796.030.100
2511;2511;Ford;Fiesta;1-3-2022;15.949;;65414.0;Schaltgetriebe;Benzin;5.0;0.0;125.0;0.0002438163084355031;8.85;1637.25;0.0;True;Auto.de;30.718.685.831.622.100
2512;2512;Cupra;Formentor;1-11-2022;29.489;;30386.0;Automatik;Hybrid (Elektro / Benzin);8.0;85.0;245.0;0.0009704798262357665;14.16;2619.6;1572.5;True;Auto.de;2.401.095.140.314.850
2513;2513;Volkswagen;Passat;1-6-2022;29.789;;51804.0;Automatik;Diesel;5.0;144.0;200.0;0.0005750328159987646;8.85;1637.25;2664.0;False;Auto.de;28.199.863.107.460.600
2514;2514;Volkswagen;Passat;1-7-2022;31.889;;23572.0;Automatik;Diesel;5.0;144.0;200.0;0.0013528338706940437;8.85;1637.25;2664.0;False;Auto.de;2.737.850.787.132.100
2515;2515;Volkswagen;Passat Variant;1-8-2022;30.789;;27655.0;Schaltgetriebe;Benzin;6.0;149.0;150.0;0.0011133248960404991;10.620.000.000.000.000;19.647.000.000.000.000;2756.5;False;Auto.de;2.652.977.412.731.000
2516;2516;Cupra;Formentor;1-10-2022;26.189;;20600.0;Automatik;Hybrid (Elektro / Benzin);8.0;85.0;204.0;0.0012713106796116505;14.16;2619.6;1572.5;True;Auto.de;2.485.968.514.715.940
2517;2517;Seat;Leon;1-2-2022;24.389;;48400.0;Automatik;Benzin;7.0;129.0;150.0;0.000503904958677686;12.39;2292.15;2386.5;True;Auto.de;31.485.284.052.019.100
2518;2518;Peugeot;3008;1-1-2022;26.989;;26228.0;Automatik;Hybrid (Elektro / Benzin);1.0;161.0;224.0;0.0010290147933506176;1.77;327.45;2978.5;False;Auto.de;32.334.017.796.030.100
2519;2519;Volkswagen;T-Roc;1-12-2022;24.089;;17540.0;Schaltgetriebe;Benzin;3.0;143.0;110.0;0.0013733751425313568;53.100.000.000.000.000;9.823.500.000.000.000;2645.5;False;Auto.de;231.895.961.670.089
2520;2520;Volkswagen;Golf;1-7-2022;25.589;;28920.0;Automatik;Diesel;6.0;119.0;116.0;0.0008848201936376209;10.620.000.000.000.000;19.647.000.000.000.000;2201.5;True;Auto.de;2.737.850.787.132.100
2521;2521;Cupra;Leon;1-4-2022;27.789;;38850.0;Automatik;Hybrid (Elektro / Benzin);8.0;85.0;245.0;0.0007152895752895753;14.16;2619.6;1572.5;True;Auto.de;29.869.952.087.611.200
2522;2522;Cupra;Formentor;1-11-2022;26.689;;49700.0;Automatik;Hybrid (Elektro / Benzin);8.0;85.0;204.0;0.0005370020120724346;14.16;2619.6;1572.5;True;Auto.de;2.401.095.140.314.850
2523;2523;Seat;Leon;1-10-2022;29.789;;4193.0;Automatik;Benzin;7.0;151.0;190.0;0.007104459813975674;12.39;2292.15;2793.5;False;Auto.de;2.485.968.514.715.940
2524;2524;Volkswagen;T-Roc;1-3-2022;27.789;;14750.0;Automatik;Benzin;3.0;143.0;150.0;0.001884;53.100.000.000.000.000;9.823.500.000.000.000;2645.5;False;Auto.de;30.718.685.831.622.100
2525;2525;Skoda;Octavia;1-8-2022;32.889;;35900.0;Automatik;Hybrid (Elektro / Benzin);2.0;141.0;204.0;0.0009161281337047354;3.54;654.9;2608.5;False;Auto.de;2.652.977.412.731.000
2526;2526;Cupra;Leon;1-7-2022;26.689;;33600.0;Automatik;Hybrid (Elektro / Benzin);8.0;85.0;204.0;0.0007943154761904762;14.16;2619.6;1572.5;True;Auto.de;2.737.850.787.132.100
2527;2527;Seat;Leon;1-10-2022;30.789;;11280.0;Automatik;Hybrid (Elektro / Benzin);8.0;85.0;150.0;0.002729521276595745;14.16;2619.6;1572.5;True;Auto.de;2.485.968.514.715.940
2528;2528;Renault;Captur;1-11-2022;23.989;;14933.0;Automatik;Benzin;6.0;137.0;140.0;0.0016064421080827698;10.620.000.000.000.000;19.647.000.000.000.000;2534.5;False;Auto.de;2.401.095.140.314.850
2529;2529;Skoda;Octavia;1-2-2022;34.889;;23060.0;Automatik;Hybrid (Elektro / Benzin);2.0;141.0;245.0;0.0015129661751951433;3.54;654.9;2608.5;False;Auto.de;31.485.284.052.019.100
2530;2530;Cupra;Leon;1-12-2022;30.289;;35255.0;Automatik;Hybrid (Elektro / Benzin);2.0;140.0;204.0;0.0008591405474400795;3.54;654.9;2590.0;False;Auto.de;231.895.961.670.089
2531;2531;Mercedes-Benz;Sprinter;1-10-2022;41.389;;38158.0;Automatik;Diesel;7.0;186.0;170.0;0.0010846742491744852;12.39;2292.15;3441.0;False;Auto.de;2.485.968.514.715.940
2532;2532;Volkswagen;T6 SONSTIGE;1-6-2022;28.289;;33726.0;Schaltgetriebe;Diesel;7.0;186.0;110.0;0.0008387890648164621;12.39;2292.15;3441.0;False;Auto.de;28.199.863.107.460.600
2533;2533;Mercedes-Benz;SONSTIGE;1-2-2022;25.589;;88678.0;Automatik;Benzin;8.0;185.0;163.0;0.0002885608606418728;14.16;2619.6;3422.5;False;Auto.de;31.485.284.052.019.100
2534;2534;Mercedes-Benz;SONSTIGE;1-8-2022;37.289;;64352.0;Automatik;Benzin;8.0;185.0;258.0;0.0005794536300348086;14.16;2619.6;3422.5;False;Auto.de;2.652.977.412.731.000
2535;2535;Mercedes-Benz;Sprinter;1-2-2022;33.389;;95314.0;Schaltgetriebe;Diesel;7.0;186.0;170.0;0.0003503053066705836;12.39;2292.15;3441.0;False;Auto.de;31.485.284.052.019.100
2536;2536;Volvo;V60;1-1-2022;36.289;;61564.0;Automatik;Hybrid (Elektro / Benzin);8.0;160.0;398.0;0.0005894516275745566;14.16;2619.6;2960.0;False;Auto.de;32.334.017.796.030.100
2537;2537;Cupra;Born;1-9-2022;30.189;;10290.0;Automatik;Elektro;;0.0;204.0;0.0029338192419825072;;;0.0;True;Auto.de;2.568.104.038.329.910
2538;2538;Ford;Kuga;1-7-2022;38.389;;22431.0;Automatik;Hybrid (Elektro / Benzin);8.0;85.0;224.0;0.0017114261513084571;14.16;2619.6;1572.5;True;Auto.de;2.737.850.787.132.100
2539;2539;Volkswagen;ID.3;1-10-2022;29.789;;29987.0;Automatik;Elektro;;0.0;204.0;0.0009933971387601295;;;0.0;True;Auto.de;2.485.968.514.715.940
2540;2540;Renault;Master;1-11-2022;32.349;;1175.0;Schaltgetriebe;Diesel;7.0;186.0;136.0;0.02753106382978723;12.39;2292.15;3441.0;False;Auto.de;2.401.095.140.314.850
2541;2541;Fiat;500;1-5-2022;22.089;;27595.0;Automatik;Elektro;;0.0;118.0;0.0008004710998369269;;;0.0;True;Auto.de;29.048.596.851.471.500
2542;2542;Ford;Fiesta;1-2-2022;18.449;;62113.0;Schaltgetriebe;Benzin;8.0;185.0;125.0;0.0002970231674528682;14.16;2619.6;3422.5;False;Auto.de;31.485.284.052.019.100
2543;2543;Ford;Fiesta;1-1-2022;18.449;;63679.0;Schaltgetriebe;Benzin;8.0;185.0;125.0;0.00028971874558331634;14.16;2619.6;3422.5;False;Auto.de;32.334.017.796.030.100
2544;2544;Ford;SONSTIGE;1-8-2022;30.289;;27752.0;Schaltgetriebe;Diesel;7.0;186.0;105.0;0.0010914168348227155;12.39;2292.15;3441.0;False;Auto.de;2.652.977.412.731.000
2545;2545;Volkswagen;Crafter;1-9-2022;64.989;;232.0;Automatik;Diesel;4.0;300.0;177.0;0.280125;7.08;1309.8;5550.0;False;Auto.de;2.568.104.038.329.910
2546;2546;Mercedes-Benz;SONSTIGE;1-9-2022;30.289;;27351.0;Automatik;Benzin;8.0;185.0;136.0;0.001107418375927754;14.16;2619.6;3422.5;False;Auto.de;2.568.104.038.329.910
2547;2547;Mercedes-Benz;SONSTIGE;1-4-2022;38.189;;96500.0;Automatik;Benzin;8.0;185.0;197.0;0.00039574093264248706;14.16;2619.6;3422.5;False;Auto.de;29.869.952.087.611.200
2548;2548;Mercedes-Benz;SONSTIGE;1-9-2022;54.989;;49987.0;Automatik;Diesel;7.0;186.0;197.0;0.0011000660171644628;12.39;2292.15;3441.0;False;Auto.de;2.568.104.038.329.910
2549;2549;Ford;SONSTIGE;1-5-2022;30.289;;30964.0;Schaltgetriebe;Diesel;7.0;186.0;105.0;0.0009782004908926495;12.39;2292.15;3441.0;False;Auto.de;29.048.596.851.471.500
2550;2550;Ford;Fiesta;1-2-2022;16.649;;65414.0;Schaltgetriebe;Benzin;5.0;114.0;125.0;0.0002545173816002691;8.85;1637.25;2109.0;True;Auto.de;31.485.284.052.019.100
2551;2551;Ford;Transit;1-6-2022;34.989;;78145.0;Schaltgetriebe;Diesel;7.0;186.0;105.0;0.0004477445773881886;12.39;2292.15;3441.0;False;Auto.de;28.199.863.107.460.600
2552;2552;Opel;Corsa;1-12-2022;18.349;;61440.0;Automatik;Benzin;3.0;121.0;101.0;0.0002986490885416667;53.100.000.000.000.000;9.823.500.000.000.000;2238.5;True;Auto.de;231.895.961.670.089
2553;2553;Ford;Transit;1-6-2022;36.289;;39947.0;Schaltgetriebe;Diesel;4.0;221.0;105.0;0.0009084286679850803;7.08;1309.8;4088.5;False;Auto.de;28.199.863.107.460.600
2554;2554;Ford;SONSTIGE;1-6-2022;30.289;;25244.0;Schaltgetriebe;Diesel;7.0;186.0;105.0;0.0011998494691807956;12.39;2292.15;3441.0;False;Auto.de;28.199.863.107.460.600
2555;2555;Volkswagen;Passat Variant;1-9-2022;30.689;;56400.0;Automatik;Diesel;9.0;128.0;150.0;0.0005441312056737588;15.93;2947.05;2368.0;True;Auto.de;2.568.104.038.329.910
2556;2556;Cupra;Ateca;1-10-2022;40.189;;17965.0;Automatik;Benzin;1.0;206.0;301.0;0.002237072084608962;1.77;327.45;3811.0;False;Auto.de;2.485.968.514.715.940
2557;2557;Renault;Master;1-12-2022;33.949;;1175.0;Schaltgetriebe;Diesel;9.0;499.0;136.0;0.028892765957446807;15.93;2947.05;9231.5;False;Auto.de;231.895.961.670.089
2558;2558;Ford;Transit;1-10-2022;34.589;;42100.0;Schaltgetriebe;Diesel;3.0;270.0;131.0;0.0008215914489311163;53.100.000.000.000.000;9.823.500.000.000.000;4995.0;False;Auto.de;2.485.968.514.715.940
2559;2559;Ford;SONSTIGE;1-11-2022;30.189;;42700.0;Schaltgetriebe;Diesel;8.0;210.0;131.0;0.0007070023419203747;14.16;2619.6;3885.0;False;Auto.de;2.401.095.140.314.850
2560;2560;Volkswagen;T-Cross;1-4-2022;19.749;;65417.0;Schaltgetriebe;Benzin;8.0;185.0;95.0;0.00030189400308788236;14.16;2619.6;3422.5;False;Auto.de;29.869.952.087.611.200
2561;2561;Audi;Q2;1-11-2022;25.389;;27880.0;Schaltgetriebe;Benzin;2.0;140.0;110.0;0.0009106527977044476;3.54;654.9;2590.0;False;Auto.de;2.401.095.140.314.850
2562;2562;Volkswagen;Golf;1-11-2022;31.689;;34449.0;Automatik;Diesel;2.0;137.0;200.0;0.0009198815640512061;3.54;654.9;2534.5;False;Auto.de;2.401.095.140.314.850
2563;2563;Toyota;Proace;1-12-2023;45.548;;1010.0;Automatik;Diesel;5.0;197.0;177.0;0.0450970297029703;8.85;1637.25;3644.5;False;Auto.de;1.319.644.079.397.670
2564;2564;Renault;Clio;1-3-2023;20.048;;10403.0;Automatik;Benzin;8.0;111.0;90.0;0.0019271364029606842;14.16;2619.6;2053.5;True;Auto.de;20.725.530.458.590.000
2565;2565;Mazda;CX-5;1-3-2023;35.348;;9614.0;Automatik;Benzin;6.0;171.0;194.0;0.003676721447888496;10.620.000.000.000.000;19.647.000.000.000.000;3163.5;False;Auto.de;20.725.530.458.590.000
2566;2566;Skoda;Octavia;1-10-2023;31.189;;21458.0;Automatik;Benzin;8.0;114.0;150.0;0.0014534905396588686;14.16;2619.6;2109.0;True;Auto.de;1.486.652.977.412.730
2567;2567;Volkswagen;Golf;1-9-2023;32.189;;28391.0;Automatik;Diesel;7.0;186.0;150.0;0.0011337747877848614;12.39;2292.15;3441.0;False;Auto.de;1.568.788.501.026.690
2568;2568;Volkswagen;Golf;1-7-2023;32.189;;35900.0;Automatik;Diesel;7.0;186.0;150.0;0.0008966295264623955;12.39;2292.15;3441.0;False;Auto.de;17.385.352.498.288.800
2569;2569;Volkswagen;Golf;1-10-2023;25.989;;33212.0;Automatik;Diesel;7.0;186.0;116.0;0.0007825183668553536;12.39;2292.15;3441.0;False;Auto.de;1.486.652.977.412.730
2570;2570;Seat;Leon;1-12-2023;32.189;;16090.0;Automatik;Diesel;7.0;186.0;150.0;0.0020005593536357984;12.39;2292.15;3441.0;False;Auto.de;1.319.644.079.397.670
2571;2571;Skoda;Superb;1-11-2023;32.189;;16875.0;Automatik;Benzin;8.0;116.0;150.0;0.0019074962962962964;14.16;2619.6;2146.0;True;Auto.de;14.017.796.030.116.300
2572;2572;Hyundai;Kona;1-11-2023;29.189;;5000.0;Automatik;Benzin;3.0;143.0;120.0;0.0058378;53.100.000.000.000.000;9.823.500.000.000.000;2645.5;False;Auto.de;14.017.796.030.116.300
2573;2573;Audi;A3;1-4-2023;33.789;;27842.0;Automatik;Diesel;7.0;186.0;150.0;0.0012135981610516486;12.39;2292.15;3441.0;False;Auto.de;19.876.796.714.579.000
2574;2574;Ford;Kuga;1-10-2023;31.189;;74300.0;Automatik;Diesel;5.0;170.0;120.0;0.00041977119784656795;8.85;1637.25;3145.0;False;Auto.de;1.486.652.977.412.730
2575;2575;Ford;Kuga;1-2-2023;28.548;;16066.0;Automatik;Diesel;7.0;186.0;120.0;0.0017769202041578488;12.39;2292.15;3441.0;False;Auto.de;21.492.128.678.986.900
2576;2576;Volkswagen;Golf;1-10-2023;26.989;;16551.0;Automatik;Benzin;8.0;185.0;110.0;0.0016306567578998248;14.16;2619.6;3422.5;False;Auto.de;1.486.652.977.412.730
2577;2577;Volkswagen;Golf;1-10-2023;25.789;;24170.0;Automatik;Benzin;8.0;185.0;110.0;0.0010669838642945802;14.16;2619.6;3422.5;False;Auto.de;1.486.652.977.412.730
2578;2578;Ford;Kuga;1-10-2023;35.389;;21100.0;Automatik;Diesel;6.0;157.0;120.0;0.0016772037914691944;10.620.000.000.000.000;19.647.000.000.000.000;2904.5;False;Auto.de;1.486.652.977.412.730
2579;2579;Hyundai;Tucson;1-7-2023;36.989;;35479.0;Automatik;Benzin;8.0;185.0;177.0;0.0010425603878350574;14.16;2619.6;3422.5;False;Auto.de;17.385.352.498.288.800
2580;2580;Opel;Corsa;1-1-2023;16.689;;13324.0;Schaltgetriebe;Benzin;1.0;115.0;101.0;0.0012525517862503753;1.77;327.45;2127.5;True;Auto.de;22.340.862.422.997.900
2581;2581;Opel;Crossland X;1-2-2023;22.089;;66450.0;Automatik;Benzin;5.0;147.0;131.0;0.0003324153498871332;8.85;1637.25;2719.5;False;Auto.de;21.492.128.678.986.900
2582;2582;Seat;Ibiza;1-8-2023;19.289;;9987.0;Schaltgetriebe;Benzin;5.0;124.0;95.0;0.0019314108340843098;8.85;1637.25;2294.0;True;Auto.de;16.536.618.754.277.800
2583;2583;Hyundai;Kona;1-10-2023;30.548;;31700.0;Automatik;Hybrid (Elektro / Benzin);8.0;108.0;141.0;0.0009636593059936908;14.16;2619.6;1998.0;True;Auto.de;1.486.652.977.412.730
2584;2584;Hyundai;Tucson;1-10-2023;37.048;;19656.0;Automatik;Hybrid (Elektro / Benzin);4.0;31.0;265.0;0.001884818884818885;7.08;1309.8;573.5;True;Auto.de;1.486.652.977.412.730
2585;2585;Opel;Corsa;1-1-2023;16.548;;53.0;Schaltgetriebe;Benzin;9.0;499.0;75.0;0.31222641509433957;15.93;2947.05;9231.5;False;Auto.de;22.340.862.422.997.900
2586;2586;Hyundai;Santa Fe;1-10-2023;45.348;;28500.0;Automatik;Diesel;3.0;166.0;193.0;0.001591157894736842;53.100.000.000.000.000;9.823.500.000.000.000;3071.0;False;Auto.de;1.486.652.977.412.730
2587;2587;Mazda;CX-5;1-3-2023;35.048;;19575.0;Automatik;Benzin;8.0;185.0;194.0;0.001790446998722861;14.16;2619.6;3422.5;False;Auto.de;20.725.530.458.590.000
2588;2588;Hyundai;Tucson;1-12-2023;36.489;;26380.0;Automatik;Diesel;7.0;186.0;136.0;0.001383206974981046;12.39;2292.15;3441.0;False;Auto.de;1.319.644.079.397.670
2589;2589;Renault;Arkana;1-9-2023;28.048;;21495.0;Automatik;Hybrid (Elektro / Benzin);8.0;107.0;143.0;0.0013048615957199348;14.16;2619.6;1979.5;True;Auto.de;1.568.788.501.026.690
2590;2590;Dacia;Sandero;1-3-2023;18.848;;20311.0;Schaltgetriebe;Autogas;;127.0;91.0;0.0009279700654817587;;;2349.5;True;Auto.de;20.725.530.458.590.000
2591;2591;Ford;Focus;1-9-2023;27.089;;11705.0;Schaltgetriebe;Benzin;4.0;146.0;125.0;0.002314310123878684;7.08;1309.8;2701.0;False;Auto.de;1.568.788.501.026.690
2592;2592;Hyundai;Kona;1-12-2023;29.158;;5000.0;Automatik;Benzin;3.0;0.0;120.0;0.0058316;53.100.000.000.000.000;9.823.500.000.000.000;0.0;True;Auto.de;1.319.644.079.397.670
2593;2593;Opel;Corsa;1-1-2023;16.548;;1010.0;Schaltgetriebe;Benzin;3.0;120.0;75.0;0.016384158415841583;53.100.000.000.000.000;9.823.500.000.000.000;2220.0;True;Auto.de;22.340.862.422.997.900
2594;2594;Ford;Transit Connect;1-8-2023;26.258;;1000.0;Schaltgetriebe;Diesel;6.0;499.0;101.0;0.026258;10.620.000.000.000.000;19.647.000.000.000.000;9231.5;False;Auto.de;16.536.618.754.277.800
2595;2595;Hyundai;Tucson;1-10-2023;34.448;;29600.0;Automatik;Hybrid (Elektro / Benzin);4.0;31.0;265.0;0.0011637837837837838;7.08;1309.8;573.5;True;Auto.de;1.486.652.977.412.730
2596;2596;Hyundai;i20;1-4-2023;21.748;;19090.0;Schaltgetriebe;Benzin;0.0;127.0;101.0;0.0011392352016762705;0.0;0.0;2349.5;True;Auto.de;19.876.796.714.579.000
2597;2597;Hyundai;Santa Fe;1-1-2023;44.348;;27900.0;Automatik;Hybrid (Elektro / Benzin);6.0;37.0;265.0;0.0015895340501792113;10.620.000.000.000.000;19.647.000.000.000.000;684.5;True;Auto.de;22.340.862.422.997.900
2598;2598;Volkswagen;Tiguan;1-6-2023;30.649;;59755.0;Automatik;Benzin;9.0;0.0;150.0;0.0005129110534683291;15.93;2947.05;0.0;True;Auto.de;18.206.707.734.428.400
2599;2599;Volkswagen;Tiguan;1-6-2023;30.649;;62898.0;Automatik;Benzin;9.0;0.0;150.0;0.00048728099462622024;15.93;2947.05;0.0;True;Auto.de;18.206.707.734.428.400
2600;2600;Hyundai;Staria;1-7-2023;48.248;;33883.0;Automatik;Diesel;5.0;222.0;177.0;0.0014239589174512293;8.85;1637.25;4107.0;False;Auto.de;17.385.352.498.288.800
2601;2601;Hyundai;Kona;1-10-2023;32.748;;14000.0;Automatik;Hybrid (Elektro / Benzin);8.0;108.0;141.0;0.002339142857142857;14.16;2619.6;1998.0;True;Auto.de;1.486.652.977.412.730
2602;2602;Hyundai;Tucson;1-9-2023;27.548;;25300.0;Automatik;Benzin;6.0;150.0;150.0;0.0010888537549407114;10.620.000.000.000.000;19.647.000.000.000.000;2775.0;False;Auto.de;1.568.788.501.026.690
2603;2603;Toyota;Yaris Cross;1-9-2023;29.648;;1300.0;Automatik;Hybrid (Elektro / Benzin);2.0;116.0;92.0;0.022806153846153848;3.54;654.9;2146.0;True;Auto.de;1.568.788.501.026.690
2604;2604;Ford;Transit Custom;1-2-2023;28.049;;61090.0;Schaltgetriebe;Diesel;7.0;186.0;131.0;0.0004591422491406122;12.39;2292.15;3441.0;False;Auto.de;21.492.128.678.986.900
2605;2605;Hyundai;Bayon;1-7-2023;21.748;;44400.0;Automatik;Benzin;5.0;124.0;101.0;0.0004898198198198198;8.85;1637.25;2294.0;True;Auto.de;17.385.352.498.288.800
2606;2606;Ford;Kuga;1-5-2023;29.858;;10.0;Automatik;Diesel;7.0;499.0;120.0;29.858.000.000.000.000;12.39;2292.15;9231.5;False;Auto.de;19.055.441.478.439.400
2607;2607;Ford;Kuga;1-5-2023;32.089;;25853.0;Automatik;Diesel;3.0;165.0;120.0;0.001241209917611109;53.100.000.000.000.000;9.823.500.000.000.000;3052.5;False;Auto.de;19.055.441.478.439.400
2608;2608;Audi;A6;1-12-2023;61.589;;35373.0;Automatik;Hybrid (Elektro / Benzin);8.0;85.0;367.0;0.0017411302405789726;14.16;2619.6;1572.5;True;Auto.de;1.319.644.079.397.670
2609;2609;Volkswagen;SONSTIGE;1-11-2023;38.589;;34667.0;Automatik;Hybrid (Elektro / Benzin);8.0;85.0;218.0;0.0011131335275622349;14.16;2619.6;1572.5;True;Auto.de;14.017.796.030.116.300
2610;2610;Ford;Kuga;1-9-2023;35.289;;47700.0;Automatik;Diesel;1.0;159.0;120.0;0.000739811320754717;1.77;327.45;2941.5;False;Auto.de;1.568.788.501.026.690
2611;2611;Hyundai;Tucson;1-12-2023;43.253;;17641.0;Automatik;Benzin;8.0;185.0;177.0;0.0024518451334958336;14.16;2619.6;3422.5;False;Auto.de;1.319.644.079.397.670
2612;2612;Ford;Focus;1-3-2023;29.389;;11700.0;Automatik;Benzin;9.0;133.0;125.0;0.002511880341880342;15.93;2947.05;2460.5;False;Auto.de;20.725.530.458.590.000
2613;2613;Ford;Focus;1-9-2023;27.989;;17000.0;Schaltgetriebe;Benzin;1.0;138.0;125.0;0.0016464117647058824;1.77;327.45;2553.0;False;Auto.de;1.568.788.501.026.690
2614;2614;Ford;Kuga;1-4-2023;31.289;;32953.0;Automatik;Diesel;9.0;154.0;120.0;0.0009495038388007163;15.93;2947.05;2849.0;False;Auto.de;19.876.796.714.579.000
2615;2615;Ford;Focus;1-4-2023;28.489;;13850.0;Automatik;Benzin;7.0;130.0;125.0;0.002056967509025271;12.39;2292.15;2405.0;True;Auto.de;19.876.796.714.579.000
2616;2616;Volkswagen;Tiguan;1-5-2023;31.449;;59755.0;Automatik;Benzin;9.0;156.0;150.0;0.0005262990544724291;15.93;2947.05;2886.0;False;Auto.de;19.055.441.478.439.400
2617;2617;Volkswagen;Tiguan;1-5-2023;31.449;;62898.0;Automatik;Benzin;9.0;156.0;150.0;0.0005;15.93;2947.05;2886.0;False;Auto.de;19.055.441.478.439.400
2618;2618;Hyundai;i30;1-10-2023;26.289;;11800.0;Automatik;Benzin;5.0;122.0;120.0;0.0022278813559322035;8.85;1637.25;2257.0;True;Auto.de;1.486.652.977.412.730
2619;2619;Toyota;C-HR;1-12-2023;41.148;;11310.0;Automatik;Hybrid (Elektro / Benzin);8.0;85.0;152.0;0.0036381962864721487;14.16;2619.6;1572.5;True;Auto.de;1.319.644.079.397.670
2620;2620;Ford;Kuga;1-1-2023;34.389;;25000.0;Automatik;Diesel;6.0;158.0;120.0;0.00137556;10.620.000.000.000.000;19.647.000.000.000.000;2923.0;False;Auto.de;22.340.862.422.997.900
2621;2621;Ford;Focus;1-7-2023;29.489;;17259.0;Schaltgetriebe;Benzin;4.0;146.0;125.0;0.0017086157946578596;7.08;1309.8;2701.0;False;Auto.de;17.385.352.498.288.800
2622;2622;Ford;Transit;1-1-2023;28.749;;61090.0;Schaltgetriebe;Diesel;7.0;186.0;131.0;0.00047060075298739564;12.39;2292.15;3441.0;False;Auto.de;22.340.862.422.997.900
2623;2623;Ford;Focus;1-9-2023;26.889;;13000.0;Schaltgetriebe;Benzin;3.0;120.0;125.0;0.002068384615384615;53.100.000.000.000.000;9.823.500.000.000.000;2220.0;True;Auto.de;1.568.788.501.026.690
2624;2624;Ford;Puma;1-11-2023;26.989;;3778.0;Automatik;Benzin;3.0;142.0;155.0;0.007143726839597671;53.100.000.000.000.000;9.823.500.000.000.000;2627.0;False;Auto.de;14.017.796.030.116.300
2625;2625;Ford;Puma;1-11-2023;27.589;;11.0;Automatik;Benzin;3.0;142.0;155.0;2.508.090.909.090.900;53.100.000.000.000.000;9.823.500.000.000.000;2627.0;False;Auto.de;14.017.796.030.116.300
2626;2626;Seat;Ateca;1-6-2023;33.189;;26283.0;Automatik;Diesel;3.0;140.0;150.0;0.001262755393219952;53.100.000.000.000.000;9.823.500.000.000.000;2590.0;False;Auto.de;18.206.707.734.428.400
2627;2627;Seat;Ibiza;1-8-2023;20.289;;801.0;Schaltgetriebe;Benzin;5.0;124.0;95.0;0.025329588014981277;8.85;1637.25;2294.0;True;Auto.de;16.536.618.754.277.800
2628;2628;Seat;Ateca;1-6-2023;31.889;;26283.0;Automatik;Diesel;3.0;140.0;150.0;0.0012132937640299813;53.100.000.000.000.000;9.823.500.000.000.000;2590.0;False;Auto.de;18.206.707.734.428.400
2629;2629;Seat;Ibiza;1-8-2023;19.689;;4781.0;Schaltgetriebe;Benzin;5.0;124.0;95.0;0.0041181761137837275;8.85;1637.25;2294.0;True;Auto.de;16.536.618.754.277.800
2630;2630;Mitsubishi;Space Star;1-7-2023;11.949;;36941.0;Schaltgetriebe;Benzin;5.0;0.0;71.0;0.0003234617362821797;8.85;1637.25;0.0;True;Auto.de;17.385.352.498.288.800
2631;2631;Hyundai;i10;1-1-2023;13.749;;35071.0;Schaltgetriebe;Benzin;8.0;0.0;67.0;0.00039203330386929373;14.16;2619.6;0.0;True;Auto.de;22.340.862.422.997.900
2632;2632;Ford;Puma;1-11-2023;27.589;;22.0;Automatik;Benzin;3.0;142.0;155.0;12.540.454.545.454.500;53.100.000.000.000.000;9.823.500.000.000.000;2627.0;False;Auto.de;14.017.796.030.116.300
2633;2633;Ford;Puma;1-12-2023;25.989;;6733.0;Schaltgetriebe;Benzin;6.0;135.0;125.0;0.003859943561562454;10.620.000.000.000.000;19.647.000.000.000.000;2497.5;False;Auto.de;1.319.644.079.397.670
2634;2634;Ford;SONSTIGE;1-5-2023;29.089;;5036.0;Automatik;Diesel;8.0;153.0;116.0;0.005776211278792693;14.16;2619.6;2830.5;False;Auto.de;19.055.441.478.439.400
2635;2635;Ford;Kuga;1-7-2023;33.789;;20113.0;Automatik;Diesel;3.0;165.0;120.0;0.0016799582359667876;53.100.000.000.000.000;9.823.500.000.000.000;3052.5;False;Auto.de;17.385.352.498.288.800
2636;2636;Ford;SONSTIGE;1-7-2023;27.589;;13923.0;Automatik;Benzin;3.0;143.0;155.0;0.001981541334482511;53.100.000.000.000.000;9.823.500.000.000.000;2645.5;False;Auto.de;17.385.352.498.288.800
2637;2637;Kia;Rio;1-3-2023;19.648;;18910.0;Automatik;Benzin;7.0;0.0;101.0;0.0010390269698572184;12.39;2292.15;0.0;True;Auto.de;20.725.530.458.590.000
2638;2638;Toyota;C-HR;1-3-2023;31.248;;1001.0;Automatik;Hybrid (Elektro / Benzin);3.0;120.0;184.0;0.031216783216783218;53.100.000.000.000.000;9.823.500.000.000.000;2220.0;True;Auto.de;20.725.530.458.590.000
2639;2639;Toyota;C-HR;1-10-2023;25.948;;1010.0;Automatik;Hybrid (Elektro / Benzin);9.0;499.0;98.0;0.02569108910891089;15.93;2947.05;9231.5;False;Auto.de;1.486.652.977.412.730
2640;2640;Toyota;C-HR;1-10-2023;32.748;;1010.0;Automatik;Hybrid (Elektro / Benzin);9.0;499.0;152.0;0.03242376237623762;15.93;2947.05;9231.5;False;Auto.de;1.486.652.977.412.730
2641;2641;Audi;Q2;1-11-2023;30.789;;10450.0;Automatik;Benzin;4.0;144.0;150.0;0.0029463157894736845;7.08;1309.8;2664.0;False;Auto.de;14.017.796.030.116.300
2642;2642;Hyundai;Kona;1-6-2023;31.748;;13190.0;Automatik;Hybrid (Elektro / Benzin);4.0;122.0;141.0;0.0024069749810462474;7.08;1309.8;2257.0;True;Auto.de;18.206.707.734.428.400
2643;2643;Volkswagen;T6 Multivan;1-10-2023;58.289;;62600.0;Automatik;Diesel;5.0;222.0;204.0;0.0009311341853035144;8.85;1637.25;4107.0;False;Auto.de;1.486.652.977.412.730
2644;2644;Toyota;Yaris Cross;1-9-2023;29.648;;5190.0;Automatik;Hybrid (Elektro / Benzin);0.0;116.0;116.0;0.00571252408477842;0.0;0.0;2146.0;True;Auto.de;1.568.788.501.026.690
2645;2645;Volkswagen;Touareg;1-11-2023;74.789;;37850.0;Automatik;Diesel;4.0;219.0;286.0;0.0019759313077939234;7.08;1309.8;4051.5;False;Auto.de;14.017.796.030.116.300
2646;2646;Volkswagen;Tiguan;1-12-2023;38.489;;13440.0;Automatik;Diesel;8.0;151.0;150.0;0.002863764880952381;14.16;2619.6;2793.5;False;Auto.de;1.319.644.079.397.670
2647;2647;Ford;Ranger;1-12-2023;60.389;;20650.0;Automatik;Diesel;7.0;186.0;241.0;0.0029244067796610172;12.39;2292.15;3441.0;False;Auto.de;1.319.644.079.397.670
2648;2648;Volkswagen;T6 California;1-4-2023;73.789;;18000.0;Automatik;Diesel;2.0;216.0;204.0;0.004099388888888889;3.54;654.9;3996.0;False;Auto.de;19.876.796.714.579.000
2649;2649;Renault;Megane E-Tech;1-8-2023;31.148;;28590.0;Automatik;Elektro;;0.0;218.0;0.0010894718433018538;;;0.0;True;Auto.de;16.536.618.754.277.800
2650;2650;Hyundai;Tucson;1-12-2023;35.989;;17016.0;Automatik;Benzin;8.0;185.0;180.0;0.0021150094029149034;14.16;2619.6;3422.5;False;Auto.de;1.319.644.079.397.670
2651;2651;Volkswagen;Tiguan;1-6-2023;30.889;;59975.0;Automatik;Benzin;3.0;164.0;150.0;0.0005150312630262609;53.100.000.000.000.000;9.823.500.000.000.000;3034.0;False;Auto.de;18.206.707.734.428.400
2652;2652;Hyundai;Tucson;1-12-2023;39.258;;25.0;Automatik;Benzin;2.0;499.0;177.0;15.703.200.000.000.000;3.54;654.9;9231.5;False;Auto.de;1.319.644.079.397.670
2653;2653;Volkswagen;T-Roc;1-12-2023;29.789;;14345.0;Schaltgetriebe;Diesel;9.0;128.0;116.0;0.0020766120599512027;15.93;2947.05;2368.0;True;Auto.de;1.319.644.079.397.670
2654;2654;Volkswagen;Golf;1-11-2023;27.189;;15630.0;Automatik;Benzin;6.0;126.0;131.0;0.0017395393474088292;10.620.000.000.000.000;19.647.000.000.000.000;2331.0;True;Auto.de;14.017.796.030.116.300
2655;2655;Volkswagen;T-Roc;1-9-2023;28.689;;20250.0;Schaltgetriebe;Diesel;9.0;127.0;116.0;0.0014167407407407408;15.93;2947.05;2349.5;True;Auto.de;1.568.788.501.026.690
2656;2656;Opel;Corsa;1-1-2023;19.448;;1001.0;Automatik;Benzin;9.0;499.0;101.0;0.01942857142857143;15.93;2947.05;9231.5;False;Auto.de;22.340.862.422.997.900
2657;2657;Volkswagen;T-Roc;1-11-2023;30.789;;17570.0;Schaltgetriebe;Diesel;9.0;128.0;116.0;0.0017523619806488334;15.93;2947.05;2368.0;True;Auto.de;14.017.796.030.116.300
2658;2658;Audi;A6 allroad quattro;1-1-2023;58.789;;37732.0;Automatik;Benzin;8.0;200.0;340.0;0.0015580674228771335;14.16;2619.6;3700.0;False;Auto.de;22.340.862.422.997.900
2659;2659;Renault;Clio;1-8-2023;16.948;;10077.0;Schaltgetriebe;Benzin;8.0;185.0;67.0;0.001681849756872085;14.16;2619.6;3422.5;False;Auto.de;16.536.618.754.277.800
2660;2660;Audi;Q5;1-5-2023;59.289;;10200.0;Automatik;Diesel;2.0;215.0;286.0;0.005812647058823529;3.54;654.9;3977.5;False;Auto.de;19.055.441.478.439.400
2661;2661;Volkswagen;Golf;1-6-2023;23.689;;24750.0;Schaltgetriebe;Benzin;5.0;124.0;131.0;0.0009571313131313132;8.85;1637.25;2294.0;True;Auto.de;18.206.707.734.428.400
2662;2662;Volkswagen;Tiguan;1-12-2023;49.089;;300.0;Automatik;Diesel;8.0;152.0;150.0;0.16363;14.16;2619.6;2812.0;False;Auto.de;1.319.644.079.397.670
2663;2663;Audi;Q8;1-1-2023;73.489;;43137.0;Automatik;Diesel;7.0;186.0;286.0;0.0017036187032014281;12.39;2292.15;3441.0;False;Auto.de;22.340.862.422.997.900
2664;2664;Volkswagen;Tiguan;1-8-2023;39.089;;21500.0;Automatik;Diesel;8.0;151.0;150.0;0.001818093023255814;14.16;2619.6;2793.5;False;Auto.de;16.536.618.754.277.800
2665;2665;Volkswagen;Tiguan;1-9-2023;39.589;;24130.0;Automatik;Diesel;8.0;151.0;150.0;0.001640654786572731;14.16;2619.6;2793.5;False;Auto.de;1.568.788.501.026.690
2666;2666;Volkswagen;Tiguan;1-8-2023;39.589;;19860.0;Automatik;Diesel;8.0;151.0;150.0;0.0019934038267875125;14.16;2619.6;2793.5;False;Auto.de;16.536.618.754.277.800
2667;2667;Volkswagen;Polo;1-12-2023;21.089;;48500.0;Schaltgetriebe;Benzin;8.0;185.0;95.0;0.0004348247422680412;14.16;2619.6;3422.5;False;Auto.de;1.319.644.079.397.670
2668;2668;Audi;S5;1-12-2023;57.249;;5662.0;Automatik;Benzin;9.0;203.0;354.0;0.01011109148710703;15.93;2947.05;3755.5;False;Auto.de;1.319.644.079.397.670
2669;2669;Volkswagen;SONSTIGE;1-12-2023;52.189;;13012.0;Automatik;Benzin;8.0;185.0;245.0;0.004010836151245005;14.16;2619.6;3422.5;False;Auto.de;1.319.644.079.397.670
2670;2670;Volkswagen;Passat Variant;1-1-2023;32.989;;80672.0;Automatik;Diesel;7.0;186.0;200.0;0.00040892750892502973;12.39;2292.15;3441.0;False;Auto.de;22.340.862.422.997.900
2671;2671;Fiat;500C;1-2-2023;19.158;;15.0;Schaltgetriebe;Benzin;7.0;499.0;69.0;12.772.000.000.000.000;12.39;2292.15;9231.5;False;Auto.de;21.492.128.678.986.900
2672;2672;Hyundai;i30;1-10-2023;22.158;;5.0;Automatik;Benzin;6.0;499.0;120.0;44.316;10.620.000.000.000.000;19.647.000.000.000.000;9231.5;False;Auto.de;1.486.652.977.412.730
2673;2673;Fiat;500C;1-2-2023;20.258;;15.0;Schaltgetriebe;Benzin;7.0;499.0;69.0;13.505.333.333.333.300;12.39;2292.15;9231.5;False;Auto.de;21.492.128.678.986.900
2674;2674;Volkswagen;T-Roc;1-8-2023;46.558;;18000.0;Automatik;Diesel;5.0;0.0;150.0;0.0025865555555555555;8.85;1637.25;0.0;True;Auto.de;16.536.618.754.277.800
2675;2675;Fiat;500C;1-2-2023;19.858;;15.0;Schaltgetriebe;Benzin;7.0;499.0;69.0;13.238.666.666.666.600;12.39;2292.15;9231.5;False;Auto.de;21.492.128.678.986.900
2676;2676;Fiat;500C;1-2-2023;19.958;;15.0;Schaltgetriebe;Benzin;7.0;499.0;69.0;13.305.333.333.333.300;12.39;2292.15;9231.5;False;Auto.de;21.492.128.678.986.900
2677;2677;Audi;S3;1-6-2023;46.489;;9600.0;Automatik;Benzin;2.0;186.0;310.0;0.004842604166666666;3.54;654.9;3441.0;False;Auto.de;18.206.707.734.428.400
2678;2678;Audi;S3;1-6-2023;46.389;;17800.0;Automatik;Benzin;2.0;186.0;310.0;0.002606123595505618;3.54;654.9;3441.0;False;Auto.de;18.206.707.734.428.400
2679;2679;Audi;SQ5;1-3-2023;59.489;;37933.0;Automatik;Diesel;7.0;186.0;341.0;0.001568265098990325;12.39;2292.15;3441.0;False;Auto.de;20.725.530.458.590.000
2680;2680;Hyundai;Santa Fe;1-10-2023;46.189;;24300.0;Automatik;Hybrid (Elektro / Benzin);8.0;85.0;265.0;0.0019007818930041151;14.16;2619.6;1572.5;True;Auto.de;1.486.652.977.412.730
2681;2681;Ford;Ranger;1-3-2023;63.989;;30800.0;Automatik;Benzin;8.0;315.0;292.0;0.002077564935064935;14.16;2619.6;5827.5;False;Auto.de;20.725.530.458.590.000
2682;2682;Volkswagen;Passat Alltrack;1-3-2023;38.589;;46426.0;Automatik;Diesel;7.0;186.0;200.0;0.0008311937276526085;12.39;2292.15;3441.0;False;Auto.de;20.725.530.458.590.000
2683;2683;Ford;Ranger;1-2-2023;61.889;;17100.0;Automatik;Benzin;8.0;315.0;292.0;0.0036192397660818713;14.16;2619.6;5827.5;False;Auto.de;21.492.128.678.986.900
2684;2684;Audi;S3;1-6-2023;46.389;;17600.0;Automatik;Benzin;2.0;186.0;310.0;0.0026357386363636366;3.54;654.9;3441.0;False;Auto.de;18.206.707.734.428.400
2685;2685;Volkswagen;T-Roc;1-12-2023;38.589;;26780.0;Automatik;Benzin;8.0;178.0;190.0;0.0014409634055265123;14.16;2619.6;3293.0;False;Auto.de;1.319.644.079.397.670
2686;2686;Mitsubishi;Space Star;1-6-2023;12.649;;36941.0;Schaltgetriebe;Benzin;5.0;113.0;71.0;0.000342410871389513;8.85;1637.25;2090.5;True;Auto.de;18.206.707.734.428.400
2687;2687;Audi;SONSTIGE;1-8-2023;25.189;;14728.0;Automatik;Benzin;8.0;185.0;110.0;0.0017102797392721347;14.16;2619.6;3422.5;False;Auto.de;16.536.618.754.277.800
2688;2688;Ford;Focus;1-10-2023;27.589;;24891.0;Automatik;Diesel;8.0;153.0;116.0;0.001108392591699811;14.16;2619.6;2830.5;False;Auto.de;1.486.652.977.412.730
2689;2689;Ford;Focus;1-12-2023;37.689;;1500.0;Automatik;Benzin;3.0;121.0;155.0;0.025126;53.100.000.000.000.000;9.823.500.000.000.000;2238.5;True;Auto.de;1.319.644.079.397.670
2690;2690;Volkswagen;Golf;1-10-2023;27.889;;21665.0;Automatik;Benzin;7.0;129.0;150.0;0.0012872836372028618;12.39;2292.15;2386.5;True;Auto.de;1.486.652.977.412.730
2691;2691;Dacia;Sandero;1-12-2023;19.648;;2858.0;Schaltgetriebe;Autogas;;96.0;101.0;0.006874737578726382;;;1776.0;True;Auto.de;1.319.644.079.397.670
2692;2692;Renault;Clio;1-6-2023;15.548;;24155.0;Schaltgetriebe;Benzin;4.0;122.0;67.0;0.0006436762575036224;7.08;1309.8;2257.0;True;Auto.de;18.206.707.734.428.400
2693;2693;Volkswagen;Taigo;1-11-2023;22.489;;6312.0;Schaltgetriebe;Benzin;8.0;185.0;95.0;0.003562896070975919;14.16;2619.6;3422.5;False;Auto.de;14.017.796.030.116.300
2694;2694;Audi;SONSTIGE;1-5-2023;50.789;;39950.0;Automatik;Diesel;7.0;186.0;204.0;0.001271314142678348;12.39;2292.15;3441.0;False;Auto.de;19.055.441.478.439.400
2695;2695;Audi;A6;1-9-2023;54.189;;8969.0;Automatik;Benzin;8.0;185.0;265.0;0.006041810681235367;14.16;2619.6;3422.5;False;Auto.de;1.568.788.501.026.690
2696;2696;Audi;SONSTIGE;1-9-2023;36.789;;8009.0;Automatik;Benzin;8.0;185.0;150.0;0.004593457360469472;14.16;2619.6;3422.5;False;Auto.de;1.568.788.501.026.690
2697;2697;Seat;Leon;1-11-2023;30.789;;24500.0;Automatik;Diesel;7.0;123.0;150.0;0.0012566938775510205;12.39;2292.15;2275.5;True;Auto.de;14.017.796.030.116.300
2698;2698;Volkswagen;Touareg;1-10-2023;74.289;;31955.0;Automatik;Diesel;7.0;228.0;286.0;0.002324800500704115;12.39;2292.15;4218.0;False;Auto.de;1.486.652.977.412.730
2699;2699;Volkswagen;Golf GTI;1-12-2023;38.089;;21050.0;Automatik;Benzin;2.0;163.0;245.0;0.0018094536817102138;3.54;654.9;3015.5;False;Auto.de;1.319.644.079.397.670
2700;2700;Audi;S3;1-8-2023;45.889;;17450.0;Automatik;Benzin;2.0;186.0;310.0;0.0026297421203438395;3.54;654.9;3441.0;False;Auto.de;16.536.618.754.277.800
2701;2701;Audi;S3;1-8-2023;45.889;;17100.0;Automatik;Benzin;2.0;186.0;310.0;0.0026835672514619884;3.54;654.9;3441.0;False;Auto.de;16.536.618.754.277.800
2702;2702;Audi;S3;1-8-2023;46.389;;15000.0;Automatik;Benzin;2.0;186.0;310.0;0.0030926;3.54;654.9;3441.0;False;Auto.de;16.536.618.754.277.800
2703;2703;Volkswagen;T6 California;1-11-2023;73.789;;14900.0;Automatik;Diesel;8.0;211.0;150.0;0.004952281879194631;14.16;2619.6;3903.5;False;Auto.de;14.017.796.030.116.300
2704;2704;Cupra;Formentor;1-8-2023;50.389;;16594.0;Automatik;Benzin;8.0;185.0;390.0;0.003036579486561408;14.16;2619.6;3422.5;False;Auto.de;16.536.618.754.277.800
2705;2705;Volkswagen;Taigo;1-1-2023;28.089;;4615.0;Automatik;Benzin;8.0;185.0;110.0;0.0060864572047670635;14.16;2619.6;3422.5;False;Auto.de;22.340.862.422.997.900
2706;2706;Volkswagen;Taigo;1-11-2023;24.989;;29500.0;Automatik;Benzin;8.0;185.0;110.0;0.0008470847457627119;14.16;2619.6;3422.5;False;Auto.de;14.017.796.030.116.300
2707;2707;Ford;Puma;1-6-2023;25.989;;20022.0;Automatik;Benzin;3.0;142.0;155.0;0.0012980221756068325;53.100.000.000.000.000;9.823.500.000.000.000;2627.0;False;Auto.de;18.206.707.734.428.400
2708;2708;Volkswagen;Golf Variant;1-5-2023;27.589;;14862.0;Automatik;Benzin;8.0;185.0;110.0;0.0018563450410442738;14.16;2619.6;3422.5;False;Auto.de;19.055.441.478.439.400
2709;2709;Volkswagen;Caddy;1-6-2023;37.889;;22037.0;Schaltgetriebe;Benzin;8.0;185.0;114.0;0.0017193356627490132;14.16;2619.6;3422.5;False;Auto.de;18.206.707.734.428.400
2710;2710;Audi;SONSTIGE;1-2-2023;36.089;;22450.0;Automatik;Diesel;7.0;186.0;163.0;0.0016075278396436524;12.39;2292.15;3441.0;False;Auto.de;21.492.128.678.986.900
2711;2711;Volkswagen;T6 California;1-8-2023;70.989;;45060.0;Automatik;Diesel;7.0;186.0;150.0;0.0015754327563249002;12.39;2292.15;3441.0;False;Auto.de;16.536.618.754.277.800
2712;2712;Volkswagen;Golf;1-12-2023;26.989;;20208.0;Schaltgetriebe;Diesel;7.0;186.0;116.0;0.0013355601741884403;12.39;2292.15;3441.0;False;Auto.de;1.319.644.079.397.670
2713;2713;Volkswagen;Tiguan;1-9-2023;36.389;;35726.0;Automatik;Diesel;7.0;186.0;150.0;0.0010185579130045346;12.39;2292.15;3441.0;False;Auto.de;1.568.788.501.026.690
2714;2714;Volkswagen;Golf;1-1-2023;27.589;;24246.0;Schaltgetriebe;Benzin;8.0;185.0;150.0;0.0011378784129340922;14.16;2619.6;3422.5;False;Auto.de;22.340.862.422.997.900
2715;2715;Volkswagen;Passat;1-9-2023;35.389;;20667.0;Automatik;Diesel;7.0;186.0;150.0;0.001712343349300818;12.39;2292.15;3441.0;False;Auto.de;1.568.788.501.026.690
2716;2716;Ford;Puma;1-11-2023;26.989;;5710.0;Automatik;Benzin;3.0;142.0;155.0;0.004726619964973731;53.100.000.000.000.000;9.823.500.000.000.000;2627.0;False;Auto.de;14.017.796.030.116.300
2717;2717;Volkswagen;Taigo;1-10-2023;20.789;;11723.0;Schaltgetriebe;Benzin;8.0;185.0;95.0;0.0017733515311780263;14.16;2619.6;3422.5;False;Auto.de;1.486.652.977.412.730
2718;2718;Volkswagen;T-Cross;1-12-2023;25.689;;26250.0;Automatik;Benzin;8.0;185.0;110.0;0.0009786285714285714;14.16;2619.6;3422.5;False;Auto.de;1.319.644.079.397.670
2719;2719;Skoda;Octavia;1-10-2023;30.289;;25038.0;Automatik;Benzin;8.0;185.0;150.0;0.0012097212237399155;14.16;2619.6;3422.5;False;Auto.de;1.486.652.977.412.730
2720;2720;Volkswagen;T-Roc;1-7-2023;30.489;;65766.0;Automatik;Diesel;7.0;186.0;150.0;0.0004635982118419852;12.39;2292.15;3441.0;False;Auto.de;17.385.352.498.288.800
2721;2721;Volkswagen;T-Roc;1-7-2023;30.589;;29990.0;Automatik;Benzin;8.0;185.0;150.0;0.0010199733244414804;14.16;2619.6;3422.5;False;Auto.de;17.385.352.498.288.800
2722;2722;Volkswagen;Caddy;1-12-2023;35.989;;11632.0;Schaltgetriebe;Diesel;7.0;186.0;102.0;0.00309396492434663;12.39;2292.15;3441.0;False;Auto.de;1.319.644.079.397.670
2723;2723;Volkswagen;SONSTIGE;1-11-2023;58.089;;19346.0;Automatik;Benzin;8.0;185.0;150.0;0.0030026362038664323;14.16;2619.6;3422.5;False;Auto.de;14.017.796.030.116.300
2724;2724;Mercedes-Benz;GLA 35 AMG;1-10-2023;52.189;;22500.0;Automatik;Benzin;8.0;185.0;306.0;0.002319511111111111;14.16;2619.6;3422.5;False;Auto.de;1.486.652.977.412.730
2725;2725;Volkswagen;Touareg;1-11-2023;75.189;;29452.0;Automatik;Diesel;7.0;186.0;286.0;0.0025529335868531844;12.39;2292.15;3441.0;False;Auto.de;14.017.796.030.116.300
2726;2726;Volkswagen;Golf;1-4-2023;28.089;;6749.0;Automatik;Diesel;7.0;186.0;150.0;0.004161949918506445;12.39;2292.15;3441.0;False;Auto.de;19.876.796.714.579.000
2727;2727;Volkswagen;Golf;1-12-2023;29.589;;30920.0;Automatik;Diesel;7.0;186.0;150.0;0.0009569534282018111;12.39;2292.15;3441.0;False;Auto.de;1.319.644.079.397.670
2728;2728;Volkswagen;Taigo;1-11-2023;20.889;;11173.0;Schaltgetriebe;Benzin;8.0;185.0;95.0;0.0018695963483397475;14.16;2619.6;3422.5;False;Auto.de;14.017.796.030.116.300
2729;2729;Audi;SONSTIGE;1-6-2023;43.989;;37800.0;Automatik;Hybrid (Elektro / Benzin);8.0;85.0;150.0;0.0011637301587301588;14.16;2619.6;1572.5;True;Auto.de;18.206.707.734.428.400
2730;2730;Volkswagen;SONSTIGE;1-12-2023;57.589;;19300.0;Automatik;Hybrid (Elektro / Benzin);8.0;85.0;218.0;0.002983886010362694;14.16;2619.6;1572.5;True;Auto.de;1.319.644.079.397.670
2731;2731;Audi;Q3;1-1-2023;39.189;;72750.0;Automatik;Diesel;7.0;186.0;150.0;0.000538680412371134;12.39;2292.15;3441.0;False;Auto.de;22.340.862.422.997.900
2732;2732;Hyundai;Kona;1-9-2023;35.658;;23020.0;Automatik;Benzin;8.0;185.0;280.0;0.0015490008688097308;14.16;2619.6;3422.5;False;Auto.de;1.568.788.501.026.690
2733;2733;Audi;Q7;1-1-2023;67.489;;47800.0;Automatik;Benzin;8.0;185.0;340.0;0.0014119037656903767;14.16;2619.6;3422.5;False;Auto.de;22.340.862.422.997.900
2734;2734;Volkswagen;Caddy;1-3-2023;23.489;;46900.0;Schaltgetriebe;Diesel;8.0;126.0;102.0;0.0005008315565031983;14.16;2619.6;2331.0;True;Auto.de;20.725.530.458.590.000
2735;2735;Audi;Q2;1-1-2023;30.489;;77571.0;Schaltgetriebe;Diesel;7.0;186.0;116.0;0.00039304637042193605;12.39;2292.15;3441.0;False;Auto.de;22.340.862.422.997.900
2736;2736;Audi;A6;1-1-2023;40.289;;19781.0;Automatik;Diesel;7.0;186.0;204.0;0.0020367524392093423;12.39;2292.15;3441.0;False;Auto.de;22.340.862.422.997.900
2737;2737;Ford;Transit;1-9-2023;33.789;;26875.0;Schaltgetriebe;Diesel;7.0;186.0;131.0;0.0012572651162790697;12.39;2292.15;3441.0;False;Auto.de;1.568.788.501.026.690
2738;2738;Audi;SONSTIGE;1-6-2023;67.789;;45793.0;Automatik;Elektro;;0.0;408.0;0.0014803354224444784;;;0.0;True;Auto.de;18.206.707.734.428.400
2739;2739;Seat;Leon;1-6-2023;38.958;;1500.0;Automatik;Diesel;6.0;0.0;150.0;0.025972;10.620.000.000.000.000;19.647.000.000.000.000;0.0;True;Auto.de;18.206.707.734.428.400
2740;2740;Audi;SONSTIGE;1-2-2023;49.989;;26384.0;Automatik;Benzin;8.0;185.0;320.0;0.0018946710127349907;14.16;2619.6;3422.5;False;Auto.de;21.492.128.678.986.900
2741;2741;Audi;A4;1-7-2023;38.989;;34275.0;Automatik;Diesel;7.0;186.0;204.0;0.0011375346462436178;12.39;2292.15;3441.0;False;Auto.de;17.385.352.498.288.800
2742;2742;Ford;Fiesta;1-9-2023;24.489;;50.0;Schaltgetriebe;Benzin;1.0;114.0;125.0;0.48978;1.77;327.45;2109.0;True;Auto.de;1.568.788.501.026.690
2743;2743;Ford;Kuga;1-6-2023;29.089;;28950.0;Automatik;Diesel;3.0;165.0;120.0;0.0010048013816925734;53.100.000.000.000.000;9.823.500.000.000.000;3052.5;False;Auto.de;18.206.707.734.428.400
2744;2744;Audi;Q7;1-11-2023;76.189;;21910.0;Automatik;Benzin;8.0;185.0;340.0;0.0034773619351894107;14.16;2619.6;3422.5;False;Auto.de;14.017.796.030.116.300
2745;2745;Ford;Kuga;1-10-2023;32.189;;20.0;Schaltgetriebe;Benzin;7.0;160.0;150.0;160.945;12.39;2292.15;2960.0;False;Auto.de;1.486.652.977.412.730
2746;2746;Ford;Kuga;1-10-2023;35.389;;12543.0;Automatik;Hybrid (Elektro / Benzin);3.0;29.0;224.0;0.0028214143346886713;53.100.000.000.000.000;9.823.500.000.000.000;536.5;True;Auto.de;1.486.652.977.412.730
2747;2747;Ford;Ranger;1-10-2023;50.489;;8480.0;Automatik;Diesel;7.0;186.0;205.0;0.005953891509433962;12.39;2292.15;3441.0;False;Auto.de;1.486.652.977.412.730
2748;2748;Ford;Bronco;1-12-2023;67.989;;15800.0;Automatik;Benzin;8.0;185.0;335.0;0.004303101265822785;14.16;2619.6;3422.5;False;Auto.de;1.319.644.079.397.670
2749;2749;Ford;Kuga;1-2-2023;30.089;;45246.0;Automatik;Diesel;5.0;170.0;120.0;0.0006650090615745038;8.85;1637.25;3145.0;False;Auto.de;21.492.128.678.986.900
2750;2750;Volkswagen;ID. Buzz;1-12-2023;57.489;;22047.0;Automatik;Elektro;;0.0;204.0;0.002607565655191182;;;0.0;True;Auto.de;1.319.644.079.397.670
2751;2751;Opel;SONSTIGE;1-6-2023;23.089;;353.0;Automatik;Benzin;4.0;122.0;131.0;0.06540793201133144;7.08;1309.8;2257.0;True;Auto.de;18.206.707.734.428.400
2752;2752;Ford;Kuga;1-11-2023;34.289;;25880.0;Automatik;Hybrid (Elektro / Benzin);3.0;29.0;224.0;0.0013249227202472953;53.100.000.000.000.000;9.823.500.000.000.000;536.5;True;Auto.de;14.017.796.030.116.300
2753;2753;Volkswagen;ID.4;1-11-2023;37.889;;14284.0;Automatik;Elektro;;0.0;204.0;0.002652548305796696;;;0.0;True;Auto.de;14.017.796.030.116.300
2754;2754;Audi;SONSTIGE;1-11-2023;76.689;;6036.0;Automatik;Elektro;;0.0;408.0;0.012705268389662027;;;0.0;True;Auto.de;14.017.796.030.116.300
2755;2755;Volkswagen;Polo;1-2-2023;22.089;;6296.0;Schaltgetriebe;Benzin;8.0;131.0;80.0;0.003508418043202033;14.16;2619.6;2423.5;False;Auto.de;21.492.128.678.986.900
2756;2756;Hyundai;i20;1-7-2023;21.789;;5300.0;Automatik;Benzin;8.0;185.0;101.0;0.004111132075471698;14.16;2619.6;3422.5;False;Auto.de;17.385.352.498.288.800
2757;2757;Ford;Puma;1-9-2023;22.989;;19914.0;Schaltgetriebe;Benzin;6.0;135.0;125.0;0.0011544139801144924;10.620.000.000.000.000;19.647.000.000.000.000;2497.5;False;Auto.de;1.568.788.501.026.690
2758;2758;Ford;SONSTIGE;1-6-2023;28.489;;11457.0;Automatik;Diesel;8.0;153.0;116.0;0.002486602077332635;14.16;2619.6;2830.5;False;Auto.de;18.206.707.734.428.400
2759;2759;Volkswagen;ID.4;1-12-2023;36.389;;19181.0;Automatik;Elektro;;0.0;204.0;0.0018971377926072677;;;0.0;True;Auto.de;1.319.644.079.397.670
2760;2760;Volkswagen;ID.4;1-11-2023;37.889;;15185.0;Automatik;Elektro;;0.0;204.0;0.0024951596970694766;;;0.0;True;Auto.de;14.017.796.030.116.300
2761;2761;Volkswagen;ID.4;1-9-2023;32.389;;20973.0;Automatik;Elektro;;0.0;170.0;0.0015443188861870025;;;0.0;True;Auto.de;1.568.788.501.026.690
2762;2762;Volkswagen;ID.3;1-11-2023;32.689;;20001.0;Automatik;Elektro;;0.0;204.0;0.0016343682815859208;;;0.0;True;Auto.de;14.017.796.030.116.300
2763;2763;Audi;SONSTIGE;1-8-2023;71.989;;18077.0;Automatik;Elektro;;0.0;476.0;0.003982353266581844;;;0.0;True;Auto.de;16.536.618.754.277.800
2764;2764;Volkswagen;ID.3;1-7-2023;31.289;;41458.0;Automatik;Elektro;;0.0;204.0;0.0007547156158039462;;;0.0;True;Auto.de;17.385.352.498.288.800
2765;2765;Audi;Q4 e-tron;1-12-2023;50.189;;12457.0;Automatik;Elektro;;0.0;265.0;0.004028979690134061;;;0.0;True;Auto.de;1.319.644.079.397.670
2766;2766;Audi;SONSTIGE;1-12-2023;75.689;;12309.0;Automatik;Elektro;;0.0;408.0;0.006149077910472012;;;0.0;True;Auto.de;1.319.644.079.397.670
2767;2767;Volkswagen;ID.3;1-7-2023;31.489;;26048.0;Automatik;Elektro;;0.0;204.0;0.0012088835995085995;;;0.0;True;Auto.de;17.385.352.498.288.800
2768;2768;Volkswagen;ID.4;1-11-2023;38.389;;20590.0;Automatik;Elektro;;0.0;204.0;0.0018644487615347258;;;0.0;True;Auto.de;14.017.796.030.116.300
2769;2769;Volkswagen;ID. Buzz;1-8-2023;46.189;;29874.0;Automatik;Elektro;;0.0;204.0;0.0015461270670147954;;;0.0;True;Auto.de;16.536.618.754.277.800
2770;2770;Audi;Q4 e-tron;1-7-2023;48.889;;21223.0;Automatik;Elektro;;0.0;299.0;0.002303585732460067;;;0.0;True;Auto.de;17.385.352.498.288.800
2771;2771;Volkswagen;ID.3;1-7-2023;31.289;;22112.0;Automatik;Elektro;;0.0;204.0;0.0014150235166425472;;;0.0;True;Auto.de;17.385.352.498.288.800
2772;2772;Volkswagen;ID.3;1-7-2023;31.289;;18362.0;Automatik;Elektro;;0.0;204.0;0.0017040082779653633;;;0.0;True;Auto.de;17.385.352.498.288.800
2773;2773;Ford;Focus;1-4-2023;26.589;;32500.0;Automatik;Benzin;1.0;137.0;125.0;0.0008181230769230769;1.77;327.45;2534.5;False;Auto.de;19.876.796.714.579.000
2774;2774;Skoda;Karoq;1-7-2023;31.558;;22315.0;Schaltgetriebe;Diesel;7.0;186.0;116.0;0.0014142056912390768;12.39;2292.15;3441.0;False;Auto.de;17.385.352.498.288.800
2775;2775;Skoda;Karoq;1-6-2023;32.658;;24800.0;Automatik;Benzin;8.0;185.0;150.0;0.0013168548387096776;14.16;2619.6;3422.5;False;Auto.de;18.206.707.734.428.400
2776;2776;Skoda;Karoq;1-6-2023;37.058;;25540.0;Automatik;Benzin;0.0;0.0;150.0;0.0014509788566953797;0.0;0.0;0.0;True;Auto.de;18.206.707.734.428.400
2777;2777;Volkswagen;Tiguan;1-11-2023;38.089;;28065.0;Automatik;Diesel;9.0;154.0;150.0;0.0013571708533760911;15.93;2947.05;2849.0;False;Auto.de;14.017.796.030.116.300
2778;2778;Peugeot;3008;1-6-2023;28.358;;15700.0;Automatik;Benzin;4.0;0.0;131.0;0.0018062420382165606;7.08;1309.8;0.0;True;Auto.de;18.206.707.734.428.400
2779;2779;Ford;Puma;1-12-2023;25.989;;11391.0;Automatik;Benzin;3.0;143.0;125.0;0.0022815380563602846;53.100.000.000.000.000;9.823.500.000.000.000;2645.5;False;Auto.de;1.319.644.079.397.670
2780;2780;Ford;Puma;1-5-2023;25.989;;20605.0;Automatik;Benzin;3.0;142.0;155.0;0.0012612958019898083;53.100.000.000.000.000;9.823.500.000.000.000;2627.0;False;Auto.de;19.055.441.478.439.400
2781;2781;Ford;Puma;1-5-2023;25.489;;14070.0;Automatik;Benzin;3.0;142.0;155.0;0.001811584932480455;53.100.000.000.000.000;9.823.500.000.000.000;2627.0;False;Auto.de;19.055.441.478.439.400
2782;2782;Audi;A6;1-7-2023;64.489;;29489.0;Automatik;Hybrid (Elektro / Benzin);8.0;85.0;367.0;0.0021868832445996814;14.16;2619.6;1572.5;True;Auto.de;17.385.352.498.288.800
2783;2783;Ford;Puma;1-10-2023;27.589;;44.0;Automatik;Benzin;3.0;142.0;155.0;0.6270227272727272;53.100.000.000.000.000;9.823.500.000.000.000;2627.0;False;Auto.de;1.486.652.977.412.730
2784;2784;Ford;Puma;1-3-2023;25.389;;14077.0;Automatik;Benzin;3.0;142.0;155.0;0.0018035803083043262;53.100.000.000.000.000;9.823.500.000.000.000;2627.0;False;Auto.de;20.725.530.458.590.000
2785;2785;Ford;Puma;1-9-2023;24.989;;13348.0;Automatik;Benzin;3.0;143.0;125.0;0.001872115672759964;53.100.000.000.000.000;9.823.500.000.000.000;2645.5;False;Auto.de;1.568.788.501.026.690
2786;2786;Ford;Puma;1-11-2023;27.589;;16.0;Automatik;Benzin;3.0;142.0;155.0;17.243.125;53.100.000.000.000.000;9.823.500.000.000.000;2627.0;False;Auto.de;14.017.796.030.116.300
2787;2787;Ford;Puma;1-10-2023;27.589;;57.0;Automatik;Benzin;3.0;142.0;155.0;0.4840175438596491;53.100.000.000.000.000;9.823.500.000.000.000;2627.0;False;Auto.de;1.486.652.977.412.730
2788;2788;Ford;Puma;1-5-2023;26.989;;12334.0;Automatik;Benzin;3.0;142.0;155.0;0.0021881790173504134;53.100.000.000.000.000;9.823.500.000.000.000;2627.0;False;Auto.de;19.055.441.478.439.400
2789;2789;Ford;Puma;1-5-2023;25.989;;20815.0;Automatik;Benzin;3.0;142.0;155.0;0.0012485707422531828;53.100.000.000.000.000;9.823.500.000.000.000;2627.0;False;Auto.de;19.055.441.478.439.400
2790;2790;Ford;Puma;1-10-2023;27.589;;58.0;Automatik;Benzin;3.0;142.0;155.0;0.47567241379310343;53.100.000.000.000.000;9.823.500.000.000.000;2627.0;False;Auto.de;1.486.652.977.412.730
2791;2791;Ford;Puma;1-9-2023;26.989;;14511.0;Automatik;Benzin;3.0;143.0;125.0;0.0018598993866721799;53.100.000.000.000.000;9.823.500.000.000.000;2645.5;False;Auto.de;1.568.788.501.026.690
2792;2792;Ford;Puma;1-10-2023;26.989;;7521.0;Automatik;Benzin;3.0;142.0;155.0;0.0035884855737268982;53.100.000.000.000.000;9.823.500.000.000.000;2627.0;False;Auto.de;1.486.652.977.412.730
2793;2793;Ford;Puma;1-11-2023;26.489;;11497.0;Automatik;Benzin;3.0;142.0;155.0;0.002303992345829347;53.100.000.000.000.000;9.823.500.000.000.000;2627.0;False;Auto.de;14.017.796.030.116.300
2794;2794;Seat;Leon;1-5-2023;28.089;;1005.0;Automatik;Benzin;8.0;132.0;110.0;0.02794925373134328;14.16;2619.6;2442.0;False;Auto.de;19.055.441.478.439.400
2795;2795;Ford;Transit;1-10-2023;44.689;;5466.0;Automatik;Diesel;9.0;235.0;150.0;0.008175814123673618;15.93;2947.05;4347.5;False;Auto.de;1.486.652.977.412.730
2796;2796;Ford;Puma;1-5-2023;27.589;;7982.0;Automatik;Benzin;3.0;142.0;155.0;0.0034564019042846402;53.100.000.000.000.000;9.823.500.000.000.000;2627.0;False;Auto.de;19.055.441.478.439.400
2797;2797;Ford;Puma;1-10-2023;27.589;;53.0;Automatik;Benzin;3.0;142.0;155.0;0.5205471698113208;53.100.000.000.000.000;9.823.500.000.000.000;2627.0;False;Auto.de;1.486.652.977.412.730
2798;2798;Volkswagen;ID.4;1-12-2023;43.389;;16847.0;Automatik;Elektro;;0.0;299.0;0.0025754733780495045;;;0.0;True;Auto.de;1.319.644.079.397.670
2799;2799;Volkswagen;ID.4;1-2-2023;38.789;;34980.0;Automatik;Elektro;;0.0;204.0;0.0011088907947398514;;;0.0;True;Auto.de;21.492.128.678.986.900
2800;2800;Volkswagen;ID.5;1-11-2023;41.589;;14381.0;Automatik;Elektro;;0.0;204.0;0.0028919407551630623;;;0.0;True;Auto.de;14.017.796.030.116.300
2801;2801;Maxus;SONSTIGE;1-10-2023;32.589;;5476.0;Automatik;Elektro;;0.0;177.0;0.005951241782322863;;;0.0;True;Auto.de;1.486.652.977.412.730
2802;2802;Skoda;Kodiaq;1-3-2023;42.958;;10.0;Automatik;Diesel;5.0;499.0;150.0;42.958;8.85;1637.25;9231.5;False;Auto.de;20.725.530.458.590.000
2803;2803;Ford;Fiesta;1-6-2023;25.389;;15100.0;Automatik;Benzin;3.0;119.0;125.0;0.0016813907284768212;53.100.000.000.000.000;9.823.500.000.000.000;2201.5;True;Auto.de;18.206.707.734.428.400
2804;2804;Volkswagen;SONSTIGE;1-12-2023;35.589;;10790.0;Automatik;Benzin;8.0;185.0;150.0;0.0032983317886932343;14.16;2619.6;3422.5;False;Auto.de;1.319.644.079.397.670
2805;2805;Ford;EcoSport;1-1-2023;22.989;;69900.0;Schaltgetriebe;Benzin;9.0;157.0;140.0;0.0003288841201716738;15.93;2947.05;2904.5;False;Auto.de;22.340.862.422.997.900
2806;2806;Ford;SONSTIGE;1-5-2023;26.489;;18905.0;Automatik;Diesel;8.0;153.0;116.0;0.0014011637133033588;14.16;2619.6;2830.5;False;Auto.de;19.055.441.478.439.400
2807;2807;Ford;SONSTIGE;1-5-2023;28.089;;9077.0;Automatik;Benzin;3.0;143.0;155.0;0.003094524622672689;53.100.000.000.000.000;9.823.500.000.000.000;2645.5;False;Auto.de;19.055.441.478.439.400
2808;2808;Ford;Kuga;1-6-2023;33.189;;12307.0;Automatik;Hybrid (Elektro / Benzin);3.0;29.0;224.0;0.0026967579426342733;53.100.000.000.000.000;9.823.500.000.000.000;536.5;True;Auto.de;18.206.707.734.428.400
2809;2809;Ford;Transit;1-10-2023;44.689;;3791.0;Schaltgetriebe;Diesel;8.0;211.0;150.0;0.011788182537589027;14.16;2619.6;3903.5;False;Auto.de;1.486.652.977.412.730
2810;2810;Ford;Fiesta;1-9-2023;22.989;;4609.0;Schaltgetriebe;Benzin;6.0;136.0;125.0;0.004987849858971578;10.620.000.000.000.000;19.647.000.000.000.000;2516.0;False;Auto.de;1.568.788.501.026.690
2811;2811;Ford;SONSTIGE;1-5-2023;27.589;;10459.0;Automatik;Benzin;3.0;143.0;155.0;0.0026378238837364947;53.100.000.000.000.000;9.823.500.000.000.000;2645.5;False;Auto.de;19.055.441.478.439.400
2812;2812;Ford;SONSTIGE;1-1-2023;26.989;;14979.0;Automatik;Benzin;3.0;143.0;155.0;0.0018017891715067763;53.100.000.000.000.000;9.823.500.000.000.000;2645.5;False;Auto.de;22.340.862.422.997.900
2813;2813;Ford;SONSTIGE;1-7-2023;26.989;;17682.0;Automatik;Benzin;3.0;143.0;155.0;0.0015263544847867888;53.100.000.000.000.000;9.823.500.000.000.000;2645.5;False;Auto.de;17.385.352.498.288.800
2814;2814;Ford;SONSTIGE;1-7-2023;26.489;;8346.0;Automatik;Benzin;3.0;143.0;155.0;0.0031738557392763;53.100.000.000.000.000;9.823.500.000.000.000;2645.5;False;Auto.de;17.385.352.498.288.800
2815;2815;Ford;SONSTIGE;1-5-2023;26.489;;20492.0;Automatik;Benzin;3.0;143.0;155.0;0.0012926507905524106;53.100.000.000.000.000;9.823.500.000.000.000;2645.5;False;Auto.de;19.055.441.478.439.400
2816;2816;Ford;SONSTIGE;1-5-2023;27.589;;12522.0;Automatik;Benzin;3.0;143.0;155.0;0.0022032422935633284;53.100.000.000.000.000;9.823.500.000.000.000;2645.5;False;Auto.de;19.055.441.478.439.400
2817;2817;Ford;Kuga;1-4-2023;30.189;;11830.0;Schaltgetriebe;Benzin;7.0;160.0;150.0;0.0025519019442096363;12.39;2292.15;2960.0;False;Auto.de;19.876.796.714.579.000
2818;2818;Ford;Kuga;1-3-2023;30.189;;12706.0;Schaltgetriebe;Benzin;7.0;160.0;150.0;0.0023759641114434126;12.39;2292.15;2960.0;False;Auto.de;20.725.530.458.590.000
2819;2819;Ford;SONSTIGE;1-5-2023;29.589;;15.0;Automatik;Diesel;8.0;153.0;116.0;19.726;14.16;2619.6;2830.5;False;Auto.de;19.055.441.478.439.400
2820;2820;Ford;Kuga;1-9-2023;34.789;;11452.0;Automatik;Diesel;3.0;165.0;120.0;0.003037809989521481;53.100.000.000.000.000;9.823.500.000.000.000;3052.5;False;Auto.de;1.568.788.501.026.690
2821;2821;Ford;Kuga;1-10-2023;34.289;;14981.0;Automatik;Diesel;3.0;165.0;120.0;0.0022888325211935117;53.100.000.000.000.000;9.823.500.000.000.000;3052.5;False;Auto.de;1.486.652.977.412.730
2822;2822;Ford;Kuga;1-11-2023;34.789;;18509.0;Automatik;Hybrid (Elektro / Benzin);3.0;29.0;224.0;0.0018795721000594307;53.100.000.000.000.000;9.823.500.000.000.000;536.5;True;Auto.de;14.017.796.030.116.300
2823;2823;Ford;S-Max;1-5-2023;40.489;;21493.0;Automatik;Benzin;8.0;185.0;190.0;0.0018838226399292791;14.16;2619.6;3422.5;False;Auto.de;19.055.441.478.439.400
2824;2824;Ford;Puma;1-12-2023;25.989;;5070.0;Schaltgetriebe;Benzin;6.0;135.0;125.0;0.00512603550295858;10.620.000.000.000.000;19.647.000.000.000.000;2497.5;False;Auto.de;1.319.644.079.397.670
2825;2825;Ford;SONSTIGE;1-5-2023;28.089;;17321.0;Automatik;Diesel;8.0;153.0;116.0;0.0016216731135615726;14.16;2619.6;2830.5;False;Auto.de;19.055.441.478.439.400
2826;2826;Ford;SONSTIGE;1-5-2023;28.089;;7447.0;Automatik;Benzin;3.0;143.0;155.0;0.0037718544380287364;53.100.000.000.000.000;9.823.500.000.000.000;2645.5;False;Auto.de;19.055.441.478.439.400
2827;2827;Ford;SONSTIGE;1-5-2023;29.089;;5460.0;Automatik;Diesel;8.0;153.0;116.0;0.005327655677655678;14.16;2619.6;2830.5;False;Auto.de;19.055.441.478.439.400
2828;2828;Ford;SONSTIGE;1-5-2023;28.089;;7914.0;Automatik;Benzin;3.0;143.0;155.0;0.0035492797573919636;53.100.000.000.000.000;9.823.500.000.000.000;2645.5;False;Auto.de;19.055.441.478.439.400
2829;2829;Ford;Kuga;1-7-2023;31.189;;15055.0;Schaltgetriebe;Benzin;7.0;160.0;150.0;0.002071670541348389;12.39;2292.15;2960.0;False;Auto.de;17.385.352.498.288.800
2830;2830;Ford;Kuga;1-9-2023;36.389;;14853.0;Automatik;Benzin;8.0;185.0;190.0;0.0024499427725038713;14.16;2619.6;3422.5;False;Auto.de;1.568.788.501.026.690
2831;2831;Ford;Kuga;1-11-2023;35.389;;10645.0;Automatik;Hybrid (Elektro / Benzin);3.0;29.0;224.0;0.0033244715829027715;53.100.000.000.000.000;9.823.500.000.000.000;536.5;True;Auto.de;14.017.796.030.116.300
2832;2832;Ford;Transit;1-10-2023;44.689;;5737.0;Automatik;Diesel;4.0;247.0;150.0;0.00778961129510197;7.08;1309.8;4569.5;False;Auto.de;1.486.652.977.412.730
2833;2833;Ford;Transit;1-10-2023;44.689;;4899.0;Automatik;Diesel;9.0;235.0;150.0;0.009122065727699531;15.93;2947.05;4347.5;False;Auto.de;1.486.652.977.412.730
2834;2834;Ford;Tourneo Custom;1-10-2023;46.789;;7814.0;Schaltgetriebe;Diesel;9.0;206.0;150.0;0.00598784233427182;15.93;2947.05;3811.0;False;Auto.de;1.486.652.977.412.730
2835;2835;Ford;SONSTIGE;1-5-2023;25.989;;15297.0;Automatik;Benzin;3.0;143.0;155.0;0.0016989605805059816;53.100.000.000.000.000;9.823.500.000.000.000;2645.5;False;Auto.de;19.055.441.478.439.400
2836;2836;Ford;SONSTIGE;1-7-2023;27.589;;13173.0;Automatik;Benzin;3.0;143.0;155.0;0.0020943596750929933;53.100.000.000.000.000;9.823.500.000.000.000;2645.5;False;Auto.de;17.385.352.498.288.800
2837;2837;Ford;SONSTIGE;1-7-2023;27.589;;14697.0;Automatik;Benzin;3.0;143.0;155.0;0.001877185820235422;53.100.000.000.000.000;9.823.500.000.000.000;2645.5;False;Auto.de;17.385.352.498.288.800
2838;2838;Ford;SONSTIGE;1-10-2023;26.989;;18776.0;Automatik;Benzin;3.0;143.0;155.0;0.0014374201107797187;53.100.000.000.000.000;9.823.500.000.000.000;2645.5;False;Auto.de;1.486.652.977.412.730
2839;2839;Ford;Transit Custom;1-2-2023;28.089;;23558.0;Schaltgetriebe;Diesel;7.0;186.0;105.0;0.0011923338144154852;12.39;2292.15;3441.0;False;Auto.de;21.492.128.678.986.900
2840;2840;Ford;SONSTIGE;1-7-2023;28.089;;13596.0;Automatik;Benzin;3.0;143.0;155.0;0.002065975286849073;53.100.000.000.000.000;9.823.500.000.000.000;2645.5;False;Auto.de;17.385.352.498.288.800
2841;2841;Ford;SONSTIGE;1-6-2023;28.489;;20272.0;Automatik;Diesel;8.0;153.0;116.0;0.001405337411207577;14.16;2619.6;2830.5;False;Auto.de;18.206.707.734.428.400
2842;2842;Ford;Kuga;1-9-2023;31.189;;15070.0;Schaltgetriebe;Benzin;7.0;160.0;150.0;0.002069608493696085;12.39;2292.15;2960.0;False;Auto.de;1.568.788.501.026.690
2843;2843;Ford;Kuga;1-12-2023;30.089;;12289.0;Schaltgetriebe;Benzin;7.0;160.0;150.0;0.0024484498331841485;12.39;2292.15;2960.0;False;Auto.de;1.319.644.079.397.670
2844;2844;Ford;Kuga;1-10-2023;32.789;;8.0;Schaltgetriebe;Benzin;7.0;160.0;150.0;4.098.625;12.39;2292.15;2960.0;False;Auto.de;1.486.652.977.412.730
2845;2845;Ford;Kuga;1-10-2023;31.689;;13704.0;Schaltgetriebe;Benzin;7.0;160.0;150.0;0.0023123905429071803;12.39;2292.15;2960.0;False;Auto.de;1.486.652.977.412.730
2846;2846;Ford;Kuga;1-10-2023;31.689;;11339.0;Schaltgetriebe;Benzin;7.0;160.0;150.0;0.002794690889849193;12.39;2292.15;2960.0;False;Auto.de;1.486.652.977.412.730
2847;2847;Ford;Kuga;1-7-2023;33.289;;14048.0;Automatik;Diesel;3.0;165.0;120.0;0.0023696611617312073;53.100.000.000.000.000;9.823.500.000.000.000;3052.5;False;Auto.de;17.385.352.498.288.800
2848;2848;Ford;Transit;1-10-2023;44.689;;4034.0;Automatik;Diesel;5.0;223.0;150.0;0.011078086266732772;8.85;1637.25;4125.5;False;Auto.de;1.486.652.977.412.730
2849;2849;Ford;Transit;1-10-2023;44.689;;14256.0;Schaltgetriebe;Diesel;8.0;211.0;150.0;0.003134750280583614;14.16;2619.6;3903.5;False;Auto.de;1.486.652.977.412.730
2850;2850;Ford;Mustang;1-4-2023;59.689;;13375.0;Automatik;Benzin;8.0;185.0;460.0;0.004462728971962617;14.16;2619.6;3422.5;False;Auto.de;19.876.796.714.579.000
2851;2851;Ford;Ranger;1-10-2023;50.989;;13.0;Automatik;Diesel;9.0;234.0;205.0;3.922.230.769.230.760;15.93;2947.05;4329.0;False;Auto.de;1.486.652.977.412.730
2852;2852;Ford;SONSTIGE;1-2-2023;26.989;;8593.0;Automatik;Benzin;3.0;143.0;155.0;0.003140812289072501;53.100.000.000.000.000;9.823.500.000.000.000;2645.5;False;Auto.de;21.492.128.678.986.900
2853;2853;Ford;SONSTIGE;1-4-2023;25.989;;13302.0;Automatik;Benzin;3.0;143.0;155.0;0.001953766350924673;53.100.000.000.000.000;9.823.500.000.000.000;2645.5;False;Auto.de;19.876.796.714.579.000
2854;2854;Ford;Kuga;1-2-2023;29.089;;16754.0;Automatik;Diesel;3.0;165.0;120.0;0.00173624209144085;53.100.000.000.000.000;9.823.500.000.000.000;3052.5;False;Auto.de;21.492.128.678.986.900
2855;2855;Ford;Kuga;1-11-2023;33.289;;22366.0;Automatik;Diesel;3.0;165.0;120.0;0.0014883752123759277;53.100.000.000.000.000;9.823.500.000.000.000;3052.5;False;Auto.de;14.017.796.030.116.300
2856;2856;Ford;SONSTIGE;1-7-2023;27.589;;14880.0;Automatik;Benzin;3.0;143.0;155.0;0.0018540994623655912;53.100.000.000.000.000;9.823.500.000.000.000;2645.5;False;Auto.de;17.385.352.498.288.800
2857;2857;Ford;SONSTIGE;1-10-2023;26.989;;63105.0;Automatik;Diesel;8.0;153.0;116.0;0.00042768401869899375;14.16;2619.6;2830.5;False;Auto.de;1.486.652.977.412.730
2858;2858;Ford;Kuga;1-2-2023;28.089;;23557.0;Automatik;Diesel;3.0;165.0;120.0;0.0011923844292566965;53.100.000.000.000.000;9.823.500.000.000.000;3052.5;False;Auto.de;21.492.128.678.986.900
2859;2859;Ford;SONSTIGE;1-3-2023;27.589;;10201.0;Automatik;Benzin;3.0;143.0;155.0;0.002704538770708754;53.100.000.000.000.000;9.823.500.000.000.000;2645.5;False;Auto.de;20.725.530.458.590.000
2860;2860;Ford;SONSTIGE;1-6-2023;27.589;;12518.0;Automatik;Benzin;3.0;143.0;155.0;0.0022039463173030836;53.100.000.000.000.000;9.823.500.000.000.000;2645.5;False;Auto.de;18.206.707.734.428.400
2861;2861;Ford;SONSTIGE;1-5-2023;28.089;;3541.0;Automatik;Benzin;3.0;143.0;155.0;0.007932504942106748;53.100.000.000.000.000;9.823.500.000.000.000;2645.5;False;Auto.de;19.055.441.478.439.400
2862;2862;Ford;Kuga;1-9-2023;30.689;;9933.0;Schaltgetriebe;Benzin;7.0;160.0;150.0;0.003089600322158462;12.39;2292.15;2960.0;False;Auto.de;1.568.788.501.026.690
2863;2863;Ford;Kuga;1-6-2023;31.189;;12901.0;Automatik;Diesel;3.0;165.0;120.0;0.0024175645298814045;53.100.000.000.000.000;9.823.500.000.000.000;3052.5;False;Auto.de;18.206.707.734.428.400
2864;2864;Ford;Kuga;1-10-2023;34.289;;13414.0;Automatik;Diesel;3.0;165.0;120.0;0.00255620992992396;53.100.000.000.000.000;9.823.500.000.000.000;3052.5;False;Auto.de;1.486.652.977.412.730
2865;2865;Ford;Kuga;1-2-2023;34.189;;11547.0;Automatik;Diesel;5.0;170.0;120.0;0.0029608556334978784;8.85;1637.25;3145.0;False;Auto.de;21.492.128.678.986.900
2866;2866;Ford;Kuga;1-10-2023;32.789;;7.0;Schaltgetriebe;Benzin;7.0;160.0;150.0;4.684.142.857.142.850;12.39;2292.15;2960.0;False;Auto.de;1.486.652.977.412.730
2867;2867;Ford;Kuga;1-8-2023;34.789;;14975.0;Automatik;Diesel;3.0;165.0;120.0;0.00232313856427379;53.100.000.000.000.000;9.823.500.000.000.000;3052.5;False;Auto.de;16.536.618.754.277.800
2868;2868;Ford;Kuga;1-7-2023;34.789;;10890.0;Automatik;Diesel;3.0;165.0;120.0;0.0031945821854912765;53.100.000.000.000.000;9.823.500.000.000.000;3052.5;False;Auto.de;17.385.352.498.288.800
2869;2869;Ford;Transit;1-10-2023;44.689;;4129.0;Automatik;Diesel;9.0;235.0;150.0;0.010823201743763623;15.93;2947.05;4347.5;False;Auto.de;1.486.652.977.412.730
2870;2870;Ford;Transit;1-10-2023;44.689;;3800.0;Automatik;Diesel;4.0;247.0;150.0;0.011760263157894737;7.08;1309.8;4569.5;False;Auto.de;1.486.652.977.412.730
2871;2871;Seat;Arona;1-1-2023;19.989;;11045.0;Schaltgetriebe;Benzin;7.0;129.0;110.0;0.0018097781801720235;12.39;2292.15;2386.5;True;Auto.de;22.340.862.422.997.900
2872;2872;Ford;SONSTIGE;1-7-2023;25.489;;19428.0;Automatik;Benzin;3.0;143.0;155.0;0.0013119724109532634;53.100.000.000.000.000;9.823.500.000.000.000;2645.5;False;Auto.de;17.385.352.498.288.800
2873;2873;Ford;Kuga;1-8-2023;31.189;;17566.0;Schaltgetriebe;Benzin;7.0;160.0;150.0;0.0017755322782648298;12.39;2292.15;2960.0;False;Auto.de;16.536.618.754.277.800
2874;2874;Ford;Tourneo Custom;1-6-2023;42.589;;26846.0;Schaltgetriebe;Diesel;9.0;206.0;150.0;0.0015864188333457499;15.93;2947.05;3811.0;False;Auto.de;18.206.707.734.428.400
2875;2875;Ford;Kuga;1-2-2023;30.089;;14114.0;Automatik;Diesel;3.0;165.0;120.0;0.002131854895848094;53.100.000.000.000.000;9.823.500.000.000.000;3052.5;False;Auto.de;21.492.128.678.986.900
2876;2876;Ford;Kuga;1-4-2023;30.189;;13720.0;Schaltgetriebe;Benzin;7.0;160.0;150.0;0.0022003644314868803;12.39;2292.15;2960.0;False;Auto.de;19.876.796.714.579.000
2877;2877;Volkswagen;ID.4;1-3-2023;36.389;;21722.0;Automatik;Elektro;;0.0;204.0;0.0016752140686861249;;;0.0;True;Auto.de;20.725.530.458.590.000
2878;2878;Volkswagen;Crafter;1-4-2023;54.058;;7550.0;Schaltgetriebe;Diesel;8.0;0.0;140.0;0.00716;14.16;2619.6;0.0;True;Auto.de;19.876.796.714.579.000
2879;2879;Volkswagen;Caddy;1-5-2023;39.089;;22900.0;Automatik;Diesel;3.0;138.0;122.0;0.001706943231441048;53.100.000.000.000.000;9.823.500.000.000.000;2553.0;False;Auto.de;19.055.441.478.439.400
2880;2880;Volkswagen;Passat;1-10-2023;38.989;;27506.0;Automatik;Diesel;7.0;186.0;200.0;0.0014174725514433213;12.39;2292.15;3441.0;False;Auto.de;1.486.652.977.412.730
2881;2881;Kia;Stonic;1-7-2023;22.858;;34900.0;Schaltgetriebe;Benzin;6.0;0.0;120.0;0.0006549570200573066;10.620.000.000.000.000;19.647.000.000.000.000;0.0;True;Auto.de;17.385.352.498.288.800
2882;2882;Seat;Ateca;1-8-2023;36.858;;10.0;Automatik;Benzin;5.0;499.0;150.0;36.857.999.999.999.900;8.85;1637.25;9231.5;False;Auto.de;16.536.618.754.277.800
2883;2883;Ford;SONSTIGE;1-1-2023;28.489;;39005.0;Schaltgetriebe;Diesel;7.0;186.0;131.0;0.0007303935392898347;12.39;2292.15;3441.0;False;Auto.de;22.340.862.422.997.900
2884;2884;Hyundai;i30;1-10-2023;20.058;;6520.0;Schaltgetriebe;Benzin;2.0;0.0;120.0;0.0030763803680981597;3.54;654.9;0.0;True;Auto.de;1.486.652.977.412.730
2885;2885;Audi;A4;1-7-2023;41.089;;26424.0;Automatik;Diesel;7.0;186.0;163.0;0.001554987889797154;12.39;2292.15;3441.0;False;Auto.de;17.385.352.498.288.800
2886;2886;Skoda;Kamiq;1-7-2023;26.989;;29750.0;Automatik;Benzin;8.0;185.0;150.0;0.0009071932773109244;14.16;2619.6;3422.5;False;Auto.de;17.385.352.498.288.800
2887;2887;Volkswagen;Golf;1-6-2023;26.989;;14513.0;Automatik;Diesel;7.0;186.0;116.0;0.0018596430786191691;12.39;2292.15;3441.0;False;Auto.de;18.206.707.734.428.400
2888;2888;Skoda;Octavia;1-8-2023;28.589;;11583.0;Automatik;Benzin;8.0;185.0;150.0;0.0024681861348528015;14.16;2619.6;3422.5;False;Auto.de;16.536.618.754.277.800
2889;2889;Volkswagen;Golf GTI;1-11-2023;32.889;;14150.0;Automatik;Benzin;7.0;160.0;245.0;0.0023243109540636046;12.39;2292.15;2960.0;False;Auto.de;14.017.796.030.116.300
2890;2890;Volkswagen;Golf GTI;1-11-2023;32.889;;15550.0;Automatik;Benzin;7.0;160.0;245.0;0.002115048231511254;12.39;2292.15;2960.0;False;Auto.de;14.017.796.030.116.300
2891;2891;Alpine;SONSTIGE;1-11-2023;72.848;;16411.0;Automatik;Benzin;8.0;154.0;301.0;0.004438973858997014;14.16;2619.6;2849.0;False;Auto.de;14.017.796.030.116.300
2892;2892;Hyundai;Tucson;1-5-2023;34.389;;28100.0;Automatik;Benzin;8.0;185.0;230.0;0.0012238078291814947;14.16;2619.6;3422.5;False;Auto.de;19.055.441.478.439.400
2893;2893;Audi;SONSTIGE;1-11-2023;74.989;;13852.0;Automatik;Elektro;;0.0;476.0;0.005413586485706036;;;0.0;True;Auto.de;14.017.796.030.116.300
2894;2894;Ford;Mustang Mach-E;1-6-2023;48.389;;1275.0;Automatik;Elektro;;0.0;351.0;0.0379521568627451;;;0.0;True;Auto.de;18.206.707.734.428.400
2895;2895;Maxus;eDeliver 9;1-7-2023;63.489;;50.0;Automatik;Elektro;;0.0;204.0;126.978;;;0.0;True;Auto.de;17.385.352.498.288.800
2896;2896;Toyota;RAV 4;1-11-2023;46.148;;29600.0;Automatik;Hybrid (Elektro / Benzin);8.0;85.0;178.0;0.0015590540540540542;14.16;2619.6;1572.5;True;Auto.de;14.017.796.030.116.300
2897;2897;Audi;Q2;1-12-2023;38.989;;28391.0;Automatik;Diesel;7.0;186.0;150.0;0.0013732873093585994;12.39;2292.15;3441.0;False;Auto.de;1.319.644.079.397.670
2898;2898;Volkswagen;Passat;1-4-2023;30.889;;23516.0;Automatik;Diesel;5.0;132.0;150.0;0.001313531212791291;8.85;1637.25;2442.0;False;Auto.de;19.876.796.714.579.000
2899;2899;Volkswagen;Passat;1-7-2023;34.989;;27620.0;Automatik;Diesel;9.0;128.0;150.0;0.0012667994207096306;15.93;2947.05;2368.0;True;Auto.de;17.385.352.498.288.800
2900;2900;Volkswagen;Passat;1-7-2023;36.289;;27620.0;Automatik;Diesel;9.0;128.0;150.0;0.0013138667632150616;15.93;2947.05;2368.0;True;Auto.de;17.385.352.498.288.800
2901;2901;Ford;Ranger;1-9-2023;42.589;;3077.0;Schaltgetriebe;Diesel;7.0;186.0;170.0;0.013841078973025674;12.39;2292.15;3441.0;False;Auto.de;1.568.788.501.026.690
2902;2902;Audi;SONSTIGE;1-3-2023;76.089;;12524.0;Automatik;Elektro;;0.0;476.0;0.006075455126157777;;;0.0;True;Auto.de;20.725.530.458.590.000
2903;2903;Ford;Ranger;1-12-2023;51.589;;14851.0;Automatik;Diesel;9.0;236.0;205.0;0.0034737728099117904;15.93;2947.05;4366.0;False;Auto.de;1.319.644.079.397.670
2904;2904;Ford;Explorer;1-6-2023;65.989;;33214.0;Automatik;Hybrid (Elektro / Benzin);8.0;85.0;457.0;0.0019867826820015658;14.16;2619.6;1572.5;True;Auto.de;18.206.707.734.428.400
2905;2905;Cupra;Born;1-11-2023;37.989;;2705.0;Automatik;Elektro;;0.0;231.0;0.014043992606284658;;;0.0;True;Auto.de;14.017.796.030.116.300
2906;2906;Renault;Captur;1-12-2023;28.548;;9990.0;Automatik;Benzin;8.0;185.0;158.0;0.0028576576576576575;14.16;2619.6;3422.5;False;Auto.de;1.319.644.079.397.670
2907;2907;Audi;Q5;1-5-2023;46.358;;29000.0;Automatik;Diesel;7.0;186.0;163.0;0.001598551724137931;12.39;2292.15;3441.0;False;Auto.de;19.055.441.478.439.400
2908;2908;Ford;S-Max;1-6-2023;38.489;;49400.0;Automatik;Benzin;7.0;153.0;190.0;0.0007791295546558704;12.39;2292.15;2830.5;False;Auto.de;18.206.707.734.428.400
2909;2909;Audi;RS3;1-1-2023;84.749;;14870.0;Automatik;Benzin;9.0;0.0;400.0;0.005699327505043712;15.93;2947.05;0.0;True;Auto.de;22.340.862.422.997.900
2910;2910;Volkswagen;SONSTIGE;1-7-2023;41.889;;20689.0;Automatik;Benzin;8.0;185.0;190.0;0.00202469911547199;14.16;2619.6;3422.5;False;Auto.de;17.385.352.498.288.800
2911;2911;Volkswagen;SONSTIGE;1-12-2023;42.889;;26199.0;Automatik;Hybrid (Elektro / Benzin);8.0;85.0;218.0;0.0016370472155425781;14.16;2619.6;1572.5;True;Auto.de;1.319.644.079.397.670
2912;2912;Volkswagen;SONSTIGE;1-11-2023;35.589;;7666.0;Automatik;Benzin;8.0;185.0;150.0;0.004642447169319071;14.16;2619.6;3422.5;False;Auto.de;14.017.796.030.116.300
2913;2913;Audi;Q8;1-1-2023;71.889;;105333.0;Automatik;Diesel;7.0;186.0;286.0;0.0006824926661160319;12.39;2292.15;3441.0;False;Auto.de;22.340.862.422.997.900
2914;2914;Audi;Q7;1-3-2023;79.089;;51178.0;Automatik;Diesel;7.0;186.0;286.0;0.0015453710578764313;12.39;2292.15;3441.0;False;Auto.de;20.725.530.458.590.000
2915;2915;Volkswagen;Passat Variant;1-11-2023;39.289;;32797.0;Automatik;Hybrid (Elektro / Benzin);8.0;85.0;218.0;0.0011979449339878647;14.16;2619.6;1572.5;True;Auto.de;14.017.796.030.116.300
2916;2916;BMW;SONSTIGE;1-4-2023;46.789;;65100.0;Automatik;Diesel;7.0;150.0;190.0;0.0007187250384024578;12.39;2292.15;2775.0;False;Auto.de;19.876.796.714.579.000
2917;2917;Ford;Ranger;1-9-2023;64.989;;20800.0;Automatik;Benzin;8.0;315.0;292.0;0.003124471153846154;14.16;2619.6;5827.5;False;Auto.de;1.568.788.501.026.690
2918;2918;Ford;Focus;1-7-2023;28.189;;13560.0;Automatik;Benzin;9.0;134.0;155.0;0.002078834808259587;15.93;2947.05;2479.0;False;Auto.de;17.385.352.498.288.800
2919;2919;Volkswagen;Tiguan;1-8-2023;39.489;;38500.0;Automatik;Diesel;7.0;186.0;150.0;0.0010256883116883115;12.39;2292.15;3441.0;False;Auto.de;16.536.618.754.277.800
2920;2920;Seat;Arona;1-3-2023;19.689;;31000.0;Schaltgetriebe;Benzin;6.0;127.0;95.0;0.0006351290322580645;10.620.000.000.000.000;19.647.000.000.000.000;2349.5;True;Auto.de;20.725.530.458.590.000
2921;2921;Audi;A6;1-8-2023;49.189;;15019.0;Automatik;Benzin;8.0;185.0;265.0;0.0032751181836340637;14.16;2619.6;3422.5;False;Auto.de;16.536.618.754.277.800
2922;2922;Seat;Leon;1-10-2023;31.089;;2000.0;Automatik;Diesel;8.0;125.0;150.0;0.0155445;14.16;2619.6;2312.5;True;Auto.de;1.486.652.977.412.730
2923;2923;Opel;Astra;1-2-2023;24.248;;24760.0;Automatik;Hybrid (Elektro / Benzin);4.0;32.0;180.0;0.0009793214862681746;7.08;1309.8;592.0;True;Auto.de;21.492.128.678.986.900
2924;2924;Volkswagen;T-Roc;1-9-2023;29.189;;23975.0;Schaltgetriebe;Diesel;9.0;128.0;116.0;0.0012174765380604797;15.93;2947.05;2368.0;True;Auto.de;1.568.788.501.026.690
2925;2925;Audi;Q2;1-10-2023;29.789;;36980.0;Automatik;Benzin;4.0;144.0;150.0;0.0008055435370470525;7.08;1309.8;2664.0;False;Auto.de;1.486.652.977.412.730
2926;2926;Volkswagen;Golf;1-8-2023;33.989;;2500.0;Automatik;Benzin;7.0;130.0;150.0;0.0135956;12.39;2292.15;2405.0;True;Auto.de;16.536.618.754.277.800
2927;2927;Volkswagen;Polo;1-11-2023;19.989;;16236.0;Schaltgetriebe;Benzin;8.0;185.0;95.0;0.0012311529933481152;14.16;2619.6;3422.5;False;Auto.de;14.017.796.030.116.300
2928;2928;Volkswagen;Polo;1-9-2023;19.989;;14217.0;Schaltgetriebe;Benzin;8.0;185.0;95.0;0.00140599282549061;14.16;2619.6;3422.5;False;Auto.de;1.568.788.501.026.690
2929;2929;Volkswagen;Passat;1-1-2023;26.989;;59759.0;Automatik;Benzin;8.0;185.0;150.0;0.00045163071671212705;14.16;2619.6;3422.5;False;Auto.de;22.340.862.422.997.900
2930;2930;Volkswagen;Tiguan;1-6-2023;34.289;;20000.0;Automatik;Benzin;8.0;185.0;150.0;0.0017144500000000002;14.16;2619.6;3422.5;False;Auto.de;18.206.707.734.428.400
2931;2931;Audi;A4;1-4-2023;37.789;;19679.0;Automatik;Diesel;7.0;186.0;163.0;0.001920270338939987;12.39;2292.15;3441.0;False;Auto.de;19.876.796.714.579.000
2932;2932;Volkswagen;Passat;1-1-2023;35.389;;44307.0;Automatik;Diesel;7.0;186.0;200.0;0.0007987225494842802;12.39;2292.15;3441.0;False;Auto.de;22.340.862.422.997.900
2933;2933;Seat;Tarraco;1-12-2023;37.989;;23500.0;Automatik;Benzin;8.0;185.0;245.0;0.0016165531914893617;14.16;2619.6;3422.5;False;Auto.de;1.319.644.079.397.670
2934;2934;Volkswagen;Touareg;1-12-2023;74.189;;24336.0;Automatik;Diesel;7.0;186.0;286.0;0.0030485289283366203;12.39;2292.15;3441.0;False;Auto.de;1.319.644.079.397.670
2935;2935;Cupra;Leon;1-2-2023;29.589;;30112.0;Automatik;Benzin;8.0;185.0;150.0;0.0009826315090329437;14.16;2619.6;3422.5;False;Auto.de;21.492.128.678.986.900
2936;2936;Volkswagen;Polo;1-11-2023;19.989;;26900.0;Schaltgetriebe;Benzin;8.0;185.0;95.0;0.0007430855018587361;14.16;2619.6;3422.5;False;Auto.de;14.017.796.030.116.300
2937;2937;Volkswagen;Taigo;1-11-2023;24.989;;17421.0;Automatik;Benzin;8.0;185.0;110.0;0.0014344182308707882;14.16;2619.6;3422.5;False;Auto.de;14.017.796.030.116.300
2938;2938;Volkswagen;Tiguan;1-6-2023;34.289;;19746.0;Automatik;Benzin;8.0;185.0;150.0;0.0017365035956649448;14.16;2619.6;3422.5;False;Auto.de;18.206.707.734.428.400
2939;2939;Volkswagen;Tiguan;1-5-2023;34.789;;27953.0;Automatik;Benzin;8.0;185.0;150.0;0.001244553357421386;14.16;2619.6;3422.5;False;Auto.de;19.055.441.478.439.400
2940;2940;Volkswagen;Taigo;1-7-2023;23.489;;15558.0;Schaltgetriebe;Benzin;8.0;185.0;110.0;0.001509769893302481;14.16;2619.6;3422.5;False;Auto.de;17.385.352.498.288.800
2941;2941;Audi;A4;1-11-2023;36.889;;24258.0;Automatik;Diesel;7.0;186.0;136.0;0.0015206942039739468;12.39;2292.15;3441.0;False;Auto.de;14.017.796.030.116.300
2942;2942;Audi;A6;1-9-2023;52.489;;7060.0;Automatik;Benzin;8.0;185.0;299.0;0.007434702549575071;14.16;2619.6;3422.5;False;Auto.de;1.568.788.501.026.690
2943;2943;Volkswagen;Polo;1-10-2023;19.989;;16700.0;Schaltgetriebe;Benzin;8.0;185.0;95.0;0.0011969461077844313;14.16;2619.6;3422.5;False;Auto.de;1.486.652.977.412.730
2944;2944;Volkswagen;Passat;1-11-2023;35.389;;25178.0;Automatik;Diesel;7.0;186.0;150.0;0.0014055524664389548;12.39;2292.15;3441.0;False;Auto.de;14.017.796.030.116.300
2945;2945;Volkswagen;Tiguan;1-6-2023;34.789;;25611.0;Automatik;Benzin;8.0;185.0;150.0;0.0013583616414821757;14.16;2619.6;3422.5;False;Auto.de;18.206.707.734.428.400
2946;2946;Volkswagen;Tiguan;1-7-2023;34.789;;29484.0;Automatik;Benzin;8.0;185.0;150.0;0.0011799280965947632;14.16;2619.6;3422.5;False;Auto.de;17.385.352.498.288.800
2947;2947;Audi;A4;1-6-2023;35.889;;16981.0;Automatik;Benzin;8.0;185.0;150.0;0.002113479771509334;14.16;2619.6;3422.5;False;Auto.de;18.206.707.734.428.400
2948;2948;Audi;A4;1-2-2023;38.489;;21000.0;Automatik;Benzin;8.0;185.0;150.0;0.0018328095238095237;14.16;2619.6;3422.5;False;Auto.de;21.492.128.678.986.900
2949;2949;Volkswagen;Passat;1-12-2023;40.589;;19382.0;Automatik;Diesel;7.0;186.0;200.0;0.002094159529460324;12.39;2292.15;3441.0;False;Auto.de;1.319.644.079.397.670
2950;2950;Volkswagen;Touareg;1-12-2023;75.189;;25750.0;Automatik;Benzin;8.0;185.0;381.0;0.0029199611650485434;14.16;2619.6;3422.5;False;Auto.de;1.319.644.079.397.670
2951;2951;Seat;Tarraco;1-12-2023;37.989;;5972.0;Automatik;Benzin;8.0;185.0;245.0;0.0063611855324849295;14.16;2619.6;3422.5;False;Auto.de;1.319.644.079.397.670
2952;2952;Ford;Ranger;1-12-2023;60.389;;12557.0;Automatik;Diesel;7.0;186.0;241.0;0.004809190093175122;12.39;2292.15;3441.0;False;Auto.de;1.319.644.079.397.670
2953;2953;Seat;Leon;1-6-2023;31.289;;2000.0;Automatik;Diesel;8.0;125.0;150.0;0.015644500000000002;14.16;2619.6;2312.5;True;Auto.de;18.206.707.734.428.400
2954;2954;Volkswagen;Golf;1-7-2023;31.889;;2000.0;Automatik;Benzin;7.0;130.0;150.0;0.0159445;12.39;2292.15;2405.0;True;Auto.de;17.385.352.498.288.800
2955;2955;Seat;Leon;1-10-2023;30.289;;2500.0;Automatik;Diesel;7.0;124.0;150.0;0.0121156;12.39;2292.15;2294.0;True;Auto.de;1.486.652.977.412.730
2956;2956;Audi;A3;1-7-2023;33.789;;14534.0;Automatik;Benzin;8.0;185.0;204.0;0.0023248245493325994;14.16;2619.6;3422.5;False;Auto.de;17.385.352.498.288.800
2957;2957;Audi;A3;1-12-2023;37.989;;7911.0;Automatik;Benzin;8.0;185.0;204.0;0.004802047781569965;14.16;2619.6;3422.5;False;Auto.de;1.319.644.079.397.670
2958;2958;Audi;A6;1-9-2023;58.689;;1534.0;Automatik;Benzin;8.0;185.0;367.0;0.038258800521512384;14.16;2619.6;3422.5;False;Auto.de;1.568.788.501.026.690
2959;2959;Audi;A1;1-5-2023;23.489;;13318.0;Schaltgetriebe;Benzin;8.0;185.0;95.0;0.0017637032587475598;14.16;2619.6;3422.5;False;Auto.de;19.055.441.478.439.400
2960;2960;Ford;Ranger;1-10-2023;58.789;;15952.0;Automatik;Diesel;7.0;186.0;241.0;0.0036853686058174523;12.39;2292.15;3441.0;False;Auto.de;1.486.652.977.412.730
2961;2961;Volkswagen;Golf Variant;1-5-2023;30.089;;14880.0;Automatik;Benzin;7.0;130.0;150.0;0.0020221102150537636;12.39;2292.15;2405.0;True;Auto.de;19.055.441.478.439.400
2962;2962;Opel;Movano;1-5-2023;25.048;;37051.0;Schaltgetriebe;Diesel;5.0;169.0;140.0;0.0006760411324930501;8.85;1637.25;3126.5;False;Auto.de;19.055.441.478.439.400
2963;2963;Seat;Tarraco;1-5-2023;31.889;;13085.0;Automatik;Diesel;4.0;142.0;150.0;0.0024370653419946505;7.08;1309.8;2627.0;False;Auto.de;19.055.441.478.439.400
2964;2964;Audi;A5;1-4-2023;39.589;;48510.0;Automatik;Diesel;7.0;186.0;163.0;0.0008160997732426303;12.39;2292.15;3441.0;False;Auto.de;19.876.796.714.579.000
2965;2965;Audi;A4;1-2-2023;34.789;;23469.0;Automatik;Diesel;7.0;186.0;136.0;0.0014823384038518898;12.39;2292.15;3441.0;False;Auto.de;21.492.128.678.986.900
2966;2966;Seat;Tarraco;1-5-2023;33.189;;13085.0;Automatik;Diesel;7.0;186.0;150.0;0.0025364157432174244;12.39;2292.15;3441.0;False;Auto.de;19.055.441.478.439.400
2967;2967;Audi;TT;1-10-2023;43.189;;9050.0;Automatik;Benzin;8.0;185.0;197.0;0.004772265193370166;14.16;2619.6;3422.5;False;Auto.de;1.486.652.977.412.730
2968;2968;Audi;Q2;1-6-2023;35.389;;18678.0;Automatik;Diesel;7.0;186.0;150.0;0.0018946889388585504;12.39;2292.15;3441.0;False;Auto.de;18.206.707.734.428.400
2969;2969;Audi;TT;1-12-2023;46.289;;7699.0;Automatik;Benzin;8.0;185.0;245.0;0.00601233926483959;14.16;2619.6;3422.5;False;Auto.de;1.319.644.079.397.670
2970;2970;Audi;Q5;1-9-2023;56.689;;6211.0;Automatik;Benzin;8.0;185.0;367.0;0.00912719368861697;14.16;2619.6;3422.5;False;Auto.de;1.568.788.501.026.690
2971;2971;Ford;Transit;1-7-2023;37.358;;2.0;Schaltgetriebe;Diesel;7.0;499.0;131.0;18.679;12.39;2292.15;9231.5;False;Auto.de;17.385.352.498.288.800
2972;2972;Volkswagen;ID.4;1-8-2023;36.389;;25272.0;Automatik;Elektro;;0.0;204.0;0.0014398939537828429;;;0.0;True;Auto.de;16.536.618.754.277.800
2973;2973;Volkswagen;ID.4;1-11-2023;37.989;;11705.0;Automatik;Elektro;;0.0;204.0;0.0032455360956856042;;;0.0;True;Auto.de;14.017.796.030.116.300
2974;2974;Volkswagen;ID.5;1-8-2023;37.989;;18968.0;Automatik;Elektro;;0.0;204.0;0.0020027941796710246;;;0.0;True;Auto.de;16.536.618.754.277.800
2975;2975;Volkswagen;ID.4;1-11-2023;38.489;;28194.0;Automatik;Elektro;;0.0;204.0;0.0013651486131801092;;;0.0;True;Auto.de;14.017.796.030.116.300
2976;2976;Cupra;Born;1-10-2023;37.389;;5515.0;Automatik;Elektro;;0.0;231.0;0.006779510426110608;;;0.0;True;Auto.de;1.486.652.977.412.730
2977;2977;Audi;Q8;1-11-2023;75.189;;10953.0;Automatik;Elektro;;0.0;408.0;0.006864694604218022;;;0.0;True;Auto.de;14.017.796.030.116.300
2978;2978;Audi;Q8;1-12-2023;74.189;;11477.0;Automatik;Elektro;;0.0;408.0;0.0064641456826696865;;;0.0;True;Auto.de;1.319.644.079.397.670
2979;2979;Cupra;Born;1-11-2023;37.989;;11750.0;Automatik;Elektro;;0.0;231.0;0.0032331063829787233;;;0.0;True;Auto.de;14.017.796.030.116.300
2980;2980;Volkswagen;ID.5;1-10-2023;38.489;;16858.0;Automatik;Elektro;;0.0;204.0;0.002283129671372642;;;0.0;True;Auto.de;1.486.652.977.412.730
2981;2981;Volkswagen;ID.5;1-10-2023;38.989;;9285.0;Automatik;Elektro;;0.0;204.0;0.0041991383952611734;;;0.0;True;Auto.de;1.486.652.977.412.730
2982;2982;Hyundai;Kona;1-7-2023;39.089;;1200.0;Automatik;Elektro;;0.0;218.0;0.03257416666666667;;;0.0;True;Auto.de;17.385.352.498.288.800
2983;2983;Volkswagen;T-Cross;1-5-2023;24.958;;9999.0;Automatik;Benzin;2.0;0.0;110.0;0.002496049604960496;3.54;654.9;0.0;True;Auto.de;19.055.441.478.439.400
2984;2984;Audi;A6;1-9-2023;58.689;;5888.0;Automatik;Benzin;8.0;185.0;367.0;0.009967561141304348;14.16;2619.6;3422.5;False;Auto.de;1.568.788.501.026.690
2985;2985;Audi;A4;1-5-2023;32.789;;25391.0;Automatik;Diesel;7.0;186.0;136.0;0.0012913630814067978;12.39;2292.15;3441.0;False;Auto.de;19.055.441.478.439.400
2986;2986;Volkswagen;T-Cross;1-12-2023;22.689;;21836.0;Schaltgetriebe;Benzin;8.0;185.0;95.0;0.0010390639311229162;14.16;2619.6;3422.5;False;Auto.de;1.319.644.079.397.670
2987;2987;Volkswagen;SONSTIGE;1-11-2023;40.489;;24989.0;Automatik;Benzin;8.0;185.0;156.0;0.0016202729200848372;14.16;2619.6;3422.5;False;Auto.de;14.017.796.030.116.300
2988;2988;Volkswagen;Passat Variant;1-11-2023;41.789;;12195.0;Automatik;Diesel;7.0;186.0;150.0;0.003426732267322673;12.39;2292.15;3441.0;False;Auto.de;14.017.796.030.116.300
2989;2989;Audi;Q8;1-7-2023;63.889;;6633.0;Automatik;Elektro;;0.0;340.0;0.009631991557364692;;;0.0;True;Auto.de;17.385.352.498.288.800
2990;2990;Volkswagen;ID.5;1-8-2023;37.389;;29764.0;Automatik;Elektro;;0.0;204.0;0.0012561819647896788;;;0.0;True;Auto.de;16.536.618.754.277.800
2991;2991;Volkswagen;ID.4;1-11-2023;35.889;;21174.0;Automatik;Elektro;;0.0;204.0;0.0016949560782091246;;;0.0;True;Auto.de;14.017.796.030.116.300
2992;2992;Volkswagen;ID.4;1-5-2023;44.189;;10515.0;Automatik;Elektro;;0.0;299.0;0.004202472658107466;;;0.0;True;Auto.de;19.055.441.478.439.400
2993;2993;Volkswagen;ID.4;1-12-2023;42.589;;15500.0;Automatik;Elektro;;0.0;204.0;0.0027476774193548386;;;0.0;True;Auto.de;1.319.644.079.397.670
2994;2994;Dacia;Sandero;1-10-2024;20.04;;10.0;Schaltgetriebe;Benzin;5.0;125.0;110.0;2.004;8.85;1637.25;2312.5;True;Auto.de;0.48459958932238195
2995;2995;Hyundai;i30;1-5-2024;27.645;;25800.0;Automatik;Benzin;2.0;140.0;120.0;0.0010715116279069767;3.54;654.9;2590.0;False;Auto.de;0.9034907597535934
2996;2996;Dacia;Sandero;1-12-2024;16.895;;1001.0;Schaltgetriebe;Autogas;;96.0;90.0;0.016878121878121877;;;1776.0;True;Auto.de;0.31759069130732376
2997;2997;Dacia;Sandero;1-12-2024;16.583;;1001.0;Schaltgetriebe;Benzin;9.0;499.0;90.0;0.016566433566433565;15.93;2947.05;9231.5;False;Auto.de;0.31759069130732376
2998;2998;Dacia;Sandero;1-12-2024;16.506;;10.0;Schaltgetriebe;Benzin;9.0;499.0;90.0;16.506;15.93;2947.05;9231.5;False;Auto.de;0.31759069130732376
2999;2999;Seat;Arona;1-4-2024;26.438;;15500.0;Automatik;Benzin;8.0;131.0;116.0;0.0017056774193548387;14.16;2619.6;2423.5;False;Auto.de;0.9856262833675564
3000;3000;Renault;Master;1-12-2024;52.426;;15.0;Schaltgetriebe;Diesel;9.0;208.0;170.0;34.950.666.666.666.600;15.93;2947.05;3848.0;False;Auto.de;0.31759069130732376
3001;3001;Volkswagen;Tiguan;1-5-2024;51.434;;16075.0;Automatik;Diesel;7.0;186.0;150.0;0.0031996267496111975;12.39;2292.15;3441.0;False;Auto.de;0.9034907597535934
3002;3002;Dacia;Sandero;1-12-2024;16.529;;1001.0;Schaltgetriebe;Benzin;9.0;499.0;90.0;0.016512487512487514;15.93;2947.05;9231.5;False;Auto.de;0.31759069130732376
3003;3003;Volkswagen;Golf Variant;1-10-2024;47.21;;1500.0;Automatik;Benzin;8.0;131.0;131.0;0.03147333333333333;14.16;2619.6;2423.5;False;Auto.de;0.48459958932238195
3004;3004;Volkswagen;Tiguan;1-10-2024;59.334;;1500.0;Automatik;Benzin;8.0;156.0;150.0;0.039556;14.16;2619.6;2886.0;False;Auto.de;0.48459958932238195
3005;3005;Volkswagen;Tiguan;1-11-2024;60.91;;1500.0;Automatik;Benzin;8.0;156.0;150.0;0.040606666666666666;14.16;2619.6;2886.0;False;Auto.de;0.3997262149212868
3006;3006;Volkswagen;Tiguan;1-6-2024;51.127;;24440.0;Automatik;Diesel;5.0;145.0;150.0;0.0020919394435351883;8.85;1637.25;2682.5;False;Auto.de;0.8186173853524983
3007;3007;Volkswagen;Tiguan;1-7-2024;57.591;;18850.0;Automatik;Diesel;6.0;147.0;150.0;0.0030552254641909816;10.620.000.000.000.000;19.647.000.000.000.000;2719.5;False;Auto.de;0.7364818617385352
3008;3008;Seat;Leon;1-5-2024;36.854;;24199.0;Automatik;Diesel;7.0;186.0;150.0;0.0015229554940286787;12.39;2292.15;3441.0;False;Auto.de;0.9034907597535934
3009;3009;Seat;Leon;1-3-2024;38.323;;28103.0;Automatik;Diesel;7.0;186.0;150.0;0.0013636622424652173;12.39;2292.15;3441.0;False;Auto.de;10.704.996.577.686.500
3010;3010;Volkswagen;Golf;1-3-2024;29.188;;25076.0;Schaltgetriebe;Benzin;8.0;112.0;150.0;0.0011639814962513958;14.16;2619.6;2072.0;True;Auto.de;10.704.996.577.686.500
3011;3011;Seat;Leon;1-5-2024;37.669;;25432.0;Automatik;Diesel;7.0;186.0;150.0;0.001481165460836741;12.39;2292.15;3441.0;False;Auto.de;0.9034907597535934
3012;3012;Volkswagen;Golf;1-5-2024;30.538;;26007.0;Schaltgetriebe;Diesel;7.0;186.0;116.0;0.0011742223247587188;12.39;2292.15;3441.0;False;Auto.de;0.9034907597535934
3013;3013;Seat;Leon;1-1-2024;32.789;;9833.0;Automatik;Diesel;7.0;186.0;150.0;0.0033345876131394285;12.39;2292.15;3441.0;False;Auto.de;12.347.707.049.965.700
3014;3014;Hyundai;Tucson;1-2-2024;35.848;;19296.0;Automatik;Benzin;2.0;163.0;177.0;0.0018577943615257048;3.54;654.9;3015.5;False;Auto.de;11.498.973.305.954.800
3015;3015;Opel;Corsa;1-2-2024;22.357;;14021.0;Schaltgetriebe;Benzin;1.0;115.0;101.0;0.0015945367662791527;1.77;327.45;2127.5;True;Auto.de;11.498.973.305.954.800
3016;3016;Seat;Leon;1-6-2024;35.51;;12350.0;Automatik;Diesel;7.0;186.0;150.0;0.002875303643724696;12.39;2292.15;3441.0;False;Auto.de;0.8186173853524983
3017;3017;Hyundai;i30;1-3-2024;27.648;;24600.0;Automatik;Benzin;4.0;144.0;120.0;0.0011239024390243902;7.08;1309.8;2664.0;False;Auto.de;10.704.996.577.686.500
3018;3018;Dacia;Sandero;1-12-2024;15.986;;14.0;Schaltgetriebe;Benzin;2.0;119.0;90.0;1.141.857.142.857.140;3.54;654.9;2201.5;True;Auto.de;0.31759069130732376
3019;3019;Dacia;Sandero;1-12-2024;16.599;;1001.0;Schaltgetriebe;Benzin;9.0;499.0;90.0;0.01658241758241758;15.93;2947.05;9231.5;False;Auto.de;0.31759069130732376
3020;3020;Dacia;Sandero;1-12-2024;16.493;;1001.0;Schaltgetriebe;Benzin;9.0;499.0;90.0;0.016476523476523477;15.93;2947.05;9231.5;False;Auto.de;0.31759069130732376
3021;3021;Dacia;Sandero;1-12-2024;16.573;;1001.0;Schaltgetriebe;Benzin;9.0;499.0;90.0;0.01655644355644356;15.93;2947.05;9231.5;False;Auto.de;0.31759069130732376
3022;3022;Dacia;Sandero;1-12-2024;16.559;;1001.0;Schaltgetriebe;Benzin;9.0;499.0;90.0;0.016542457542457544;15.93;2947.05;9231.5;False;Auto.de;0.31759069130732376
3023;3023;Renault;Clio;1-3-2024;24.145;;500.0;Schaltgetriebe;Benzin;2.0;118.0;90.0;0.04829;3.54;654.9;2183.0;True;Auto.de;10.704.996.577.686.500
3024;3024;Mazda;CX-5;1-10-2024;44.391;;4001.0;Automatik;Diesel;1.0;160.0;150.0;0.011094976255936015;1.77;327.45;2960.0;False;Auto.de;0.48459958932238195
3025;3025;Mazda;CX-5;1-9-2024;45.789;;5103.0;Automatik;Benzin;6.0;172.0;194.0;0.008972957084068195;10.620.000.000.000.000;19.647.000.000.000.000;3182.0;False;Auto.de;0.5667351129363449
3026;3026;Dacia;Sandero;1-12-2024;16.535;;1001.0;Schaltgetriebe;Benzin;9.0;499.0;90.0;0.01651848151848152;15.93;2947.05;9231.5;False;Auto.de;0.31759069130732376
3027;3027;Hyundai;i30;1-8-2024;28.997;;3001.0;Schaltgetriebe;Benzin;3.0;143.0;101.0;0.009662445851382873;53.100.000.000.000.000;9.823.500.000.000.000;2645.5;False;Auto.de;0.6516084873374401
3028;3028;Hyundai;i30;1-3-2024;28.771;;20600.0;Automatik;Benzin;2.0;140.0;120.0;0.0013966504854368933;3.54;654.9;2590.0;False;Auto.de;10.704.996.577.686.500
3029;3029;Hyundai;i30;1-4-2024;27.575;;19400.0;Automatik;Benzin;2.0;140.0;120.0;0.0014213917525773196;3.54;654.9;2590.0;False;Auto.de;0.9856262833675564
3030;3030;Hyundai;i30;1-3-2024;29.355;;24700.0;Automatik;Benzin;4.0;144.0;120.0;0.0011884615384615384;7.08;1309.8;2664.0;False;Auto.de;10.704.996.577.686.500
3031;3031;Opel;Corsa;1-2-2024;23.484;;21947.0;Schaltgetriebe;Benzin;2.0;116.0;101.0;0.0010700323506629607;3.54;654.9;2146.0;True;Auto.de;11.498.973.305.954.800
3032;3032;Ford;Focus;1-5-2024;33.673;;11408.0;Schaltgetriebe;Benzin;7.0;130.0;125.0;0.002951700561009818;12.39;2292.15;2405.0;True;Auto.de;0.9034907597535934
3033;3033;Ford;Focus;1-5-2024;33.048;;9408.0;Schaltgetriebe;Benzin;7.0;130.0;125.0;0.0035127551020408166;12.39;2292.15;2405.0;True;Auto.de;0.9034907597535934
3034;3034;Ford;Kuga;1-6-2024;37.34;;15.0;Schaltgetriebe;Benzin;4.0;145.0;150.0;24.893.333.333.333.300;7.08;1309.8;2682.5;False;Auto.de;0.8186173853524983
3035;3035;Ford;Kuga;1-5-2024;39.105;;15.0;Schaltgetriebe;Benzin;4.0;145.0;150.0;26.069.999.999.999.900;7.08;1309.8;2682.5;False;Auto.de;0.9034907597535934
3036;3036;Skoda;Kodiaq;1-11-2024;61.021;;1100.0;Automatik;Diesel;5.0;499.0;190.0;0.055473636363636364;8.85;1637.25;9231.5;False;Auto.de;0.3997262149212868
3037;3037;Skoda;Kodiaq;1-11-2024;60.71;;10.0;Automatik;Diesel;5.0;499.0;190.0;6.071;8.85;1637.25;9231.5;False;Auto.de;0.3997262149212868
3038;3038;Skoda;Kodiaq;1-11-2024;61.23;;10.0;Automatik;Diesel;5.0;499.0;190.0;6.122.999.999.999.990;8.85;1637.25;9231.5;False;Auto.de;0.3997262149212868
3039;3039;Hyundai;i30;1-9-2024;33.861;;90.0;Automatik;Benzin;5.0;499.0;140.0;0.3762333333333333;8.85;1637.25;9231.5;False;Auto.de;0.5667351129363449
3040;3040;Volkswagen;Tiguan;1-7-2024;53.576;;8200.0;Automatik;Benzin;3.0;0.0;150.0;0.006533658536585366;53.100.000.000.000.000;9.823.500.000.000.000;0.0;True;Auto.de;0.7364818617385352
3041;3041;Volkswagen;T-Roc;1-7-2024;38.764;;10097.0;Automatik;Benzin;3.0;143.0;150.0;0.0038391601465781917;53.100.000.000.000.000;9.823.500.000.000.000;2645.5;False;Auto.de;0.7364818617385352
3042;3042;Hyundai;i30;1-5-2024;29.981;;1001.0;Automatik;Benzin;2.0;140.0;120.0;0.029951048951048952;3.54;654.9;2590.0;False;Auto.de;0.9034907597535934
3043;3043;Ford;Kuga;1-3-2024;40.787;;24025.0;Schaltgetriebe;Benzin;7.0;160.0;150.0;0.0016976899063475546;12.39;2292.15;2960.0;False;Auto.de;10.704.996.577.686.500
3044;3044;Ford;Focus;1-5-2024;42.716;;1500.0;Schaltgetriebe;Benzin;4.0;123.0;125.0;0.028477333333333334;7.08;1309.8;2275.5;True;Auto.de;0.9034907597535934
3045;3045;Volkswagen;T-Roc;1-6-2024;35.071;;13570.0;Automatik;Benzin;6.0;0.0;150.0;0.0025844509948415623;10.620.000.000.000.000;19.647.000.000.000.000;0.0;True;Auto.de;0.8186173853524983
3046;3046;Mazda;2;1-8-2024;29.588;;2003.0;Automatik;Hybrid (Elektro / Benzin);3.0;98.0;116.0;0.014771842236645034;53.100.000.000.000.000;9.823.500.000.000.000;1813.0;True;Auto.de;0.6516084873374401
3047;3047;Seat;Ateca;1-9-2024;36.061;;10.0;Automatik;Benzin;3.0;499.0;150.0;36.061;53.100.000.000.000.000;9.823.500.000.000.000;9231.5;False;Auto.de;0.5667351129363449
3048;3048;Skoda;Kodiaq;1-11-2024;60.488;;10.0;Automatik;Diesel;5.0;499.0;190.0;60.488;8.85;1637.25;9231.5;False;Auto.de;0.3997262149212868
3049;3049;Hyundai;i20;1-11-2024;26.313;;15.0;Automatik;Benzin;4.0;122.0;101.0;17.542;7.08;1309.8;2257.0;True;Auto.de;0.3997262149212868
3050;3050;Hyundai;Tucson;1-5-2024;42.498;;19900.0;Automatik;Hybrid (Elektro / Benzin);4.0;146.0;230.0;0.002135577889447236;7.08;1309.8;2701.0;False;Auto.de;0.9034907597535934
3051;3051;Mazda;CX-30;1-3-2024;31.648;;5390.0;Automatik;Benzin;8.0;185.0;150.0;0.005871614100185529;14.16;2619.6;3422.5;False;Auto.de;10.704.996.577.686.500
3052;3052;Hyundai;i10;1-4-2024;22.232;;14200.0;Schaltgetriebe;Benzin;4.0;123.0;84.0;0.0015656338028169014;7.08;1309.8;2275.5;True;Auto.de;0.9856262833675564
3053;3053;Renault;Austral;1-9-2024;39.148;;8772.0;Automatik;Hybrid (Elektro / Benzin);9.0;499.0;158.0;0.004462836297309622;15.93;2947.05;9231.5;False;Auto.de;0.5667351129363449
3054;3054;Renault;Austral;1-8-2024;41.248;;8939.0;Automatik;Hybrid (Elektro / Benzin);2.0;141.0;158.0;0.004614386396688667;3.54;654.9;2608.5;False;Auto.de;0.6516084873374401
3055;3055;Hyundai;Staria;1-4-2024;53.783;;23800.0;Automatik;Diesel;5.0;222.0;177.0;0.0022597899159663864;8.85;1637.25;4107.0;False;Auto.de;0.9856262833675564
3056;3056;Hyundai;i30;1-5-2024;29.331;;25400.0;Automatik;Benzin;3.0;142.0;160.0;0.001154763779527559;53.100.000.000.000.000;9.823.500.000.000.000;2627.0;False;Auto.de;0.9034907597535934
3057;3057;Skoda;Superb;1-12-2024;61.936;;1000.0;Automatik;Diesel;1.0;499.0;190.0;0.061936;1.77;327.45;9231.5;False;Auto.de;0.31759069130732376
3058;3058;Dacia;Sandero;1-12-2024;16.169;;90.0;Schaltgetriebe;Benzin;9.0;119.0;91.0;0.17965555555555557;15.93;2947.05;2201.5;True;Auto.de;0.31759069130732376
3059;3059;Mazda;CX-5;1-5-2024;44.292;;3503.0;Automatik;Benzin;6.0;172.0;194.0;0.01264401941193263;10.620.000.000.000.000;19.647.000.000.000.000;3182.0;False;Auto.de;0.9034907597535934
3060;3060;Mazda;6;1-4-2024;44.535;;2703.0;Automatik;Benzin;6.0;172.0;194.0;0.016476137624861265;10.620.000.000.000.000;19.647.000.000.000.000;3182.0;False;Auto.de;0.9856262833675564
3061;3061;Renault;Austral;1-1-2024;40.848;;14001.0;Automatik;Hybrid (Elektro / Benzin);7.0;105.0;200.0;0.0029175058924362546;12.39;2292.15;1942.5;True;Auto.de;12.347.707.049.965.700
3062;3062;Hyundai;Tucson;1-6-2024;44.38;;10.0;Automatik;Diesel;8.0;499.0;136.0;4.438.000.000.000.000;14.16;2619.6;9231.5;False;Auto.de;0.8186173853524983
3063;3063;Hyundai;Tucson;1-6-2024;44.724;;10.0;Automatik;Diesel;8.0;499.0;136.0;44.723.999.999.999.900;14.16;2619.6;9231.5;False;Auto.de;0.8186173853524983
3064;3064;Seat;Leon;1-11-2024;36.318;;1050.0;Automatik;Diesel;9.0;499.0;150.0;0.03458857142857143;15.93;2947.05;9231.5;False;Auto.de;0.3997262149212868
3065;3065;Seat;Leon;1-11-2024;36.364;;1000.0;Automatik;Diesel;9.0;499.0;150.0;0.036364;15.93;2947.05;9231.5;False;Auto.de;0.3997262149212868
3066;3066;Hyundai;Tucson;1-6-2024;45.881;;10.0;Automatik;Diesel;8.0;499.0;136.0;45.881;14.16;2619.6;9231.5;False;Auto.de;0.8186173853524983
3067;3067;Hyundai;i30;1-4-2024;31.342;;12900.0;Automatik;Benzin;3.0;142.0;160.0;0.0024296124031007752;53.100.000.000.000.000;9.823.500.000.000.000;2627.0;False;Auto.de;0.9856262833675564
3068;3068;Hyundai;i20;1-11-2024;26.142;;15.0;Automatik;Benzin;4.0;122.0;101.0;17.428;7.08;1309.8;2257.0;True;Auto.de;0.3997262149212868
3069;3069;Hyundai;i30;1-4-2024;25.778;;12900.0;Automatik;Benzin;2.0;140.0;120.0;0.001998294573643411;3.54;654.9;2590.0;False;Auto.de;0.9856262833675564
3070;3070;Dacia;Duster;1-5-2024;27.885;;2425.0;Automatik;Benzin;2.0;141.0;150.0;0.011498969072164949;3.54;654.9;2608.5;False;Auto.de;0.9034907597535934
3071;3071;Ford;Focus;1-2-2024;40.365;;7000.0;Schaltgetriebe;Benzin;4.0;123.0;125.0;0.005766428571428572;7.08;1309.8;2275.5;True;Auto.de;11.498.973.305.954.800
3072;3072;Seat;Arona;1-5-2024;26.104;;16320.0;Automatik;Benzin;8.0;0.0;116.0;0.0015995098039215687;14.16;2619.6;0.0;True;Auto.de;0.9034907597535934
3073;3073;Ford;Focus;1-5-2024;43.803;;1500.0;Schaltgetriebe;Benzin;4.0;123.0;125.0;0.029202;7.08;1309.8;2275.5;True;Auto.de;0.9034907597535934
3074;3074;Ford;Transit Custom;1-4-2024;58.976;;10.0;Automatik;Diesel;4.0;499.0;170.0;58.976;7.08;1309.8;9231.5;False;Auto.de;0.9856262833675564
3075;3075;Ford;Focus;1-6-2024;33.36;;9408.0;Schaltgetriebe;Benzin;7.0;0.0;125.0;0.003545918367346939;12.39;2292.15;0.0;True;Auto.de;0.8186173853524983
3076;3076;Ford;Focus;1-6-2024;33.36;;11408.0;Schaltgetriebe;Benzin;7.0;0.0;125.0;0.0029242636746143057;12.39;2292.15;0.0;True;Auto.de;0.8186173853524983
3077;3077;Ford;Focus;1-6-2024;33.029;;11904.0;Schaltgetriebe;Benzin;7.0;0.0;125.0;0.0027746135752688174;12.39;2292.15;0.0;True;Auto.de;0.8186173853524983
3078;3078;Opel;Vivaro;1-10-2024;39.233;;10.0;Schaltgetriebe;Diesel;7.0;499.0;146.0;39.233;12.39;2292.15;9231.5;False;Auto.de;0.48459958932238195
3079;3079;Opel;Vivaro;1-10-2024;38.61;;10.0;Schaltgetriebe;Diesel;7.0;499.0;146.0;38.609.999.999.999.900;12.39;2292.15;9231.5;False;Auto.de;0.48459958932238195
3080;3080;Dacia;Jogger;1-12-2024;23.519;;1001.0;Schaltgetriebe;Benzin;7.0;499.0;110.0;0.023495504495504495;12.39;2292.15;9231.5;False;Auto.de;0.31759069130732376
3081;3081;Seat;Arona;1-6-2024;25.361;;14177.0;Automatik;Benzin;8.0;0.0;116.0;0.0017888834026945051;14.16;2619.6;0.0;True;Auto.de;0.8186173853524983
3082;3082;Volkswagen;Tiguan;1-7-2024;60.176;;10.0;Automatik;Diesel;3.0;499.0;190.0;60.176;53.100.000.000.000.000;9.823.500.000.000.000;9231.5;False;Auto.de;0.7364818617385352
3083;3083;Skoda;Fabia;1-12-2024;26.856;;10.0;Schaltgetriebe;Benzin;1.0;499.0;95.0;26.856;1.77;327.45;9231.5;False;Auto.de;0.31759069130732376
3084;3084;Volkswagen;Touareg;1-10-2024;109.351;;10.0;Automatik;Diesel;4.0;499.0;286.0;109.351;7.08;1309.8;9231.5;False;Auto.de;0.48459958932238195
3085;3085;Nissan;Juke;1-10-2024;30.275;;10.0;Automatik;Benzin;1.0;499.0;114.0;30.275;1.77;327.45;9231.5;False;Auto.de;0.48459958932238195
3086;3086;Volkswagen;Touareg;1-10-2024;111.858;;62.0;Automatik;Diesel;4.0;499.0;286.0;18.041.612.903.225.800;7.08;1309.8;9231.5;False;Auto.de;0.48459958932238195
3087;3087;Hyundai;Tucson;1-6-2024;42.381;;1200.0;Automatik;Diesel;8.0;0.0;136.0;0.0353175;14.16;2619.6;0.0;True;Auto.de;0.8186173853524983
3088;3088;Skoda;Fabia;1-12-2024;27.096;;10.0;Schaltgetriebe;Benzin;1.0;499.0;95.0;27.096;1.77;327.45;9231.5;False;Auto.de;0.31759069130732376
3089;3089;Volkswagen;Tiguan;1-10-2024;56.291;;10.0;Automatik;Diesel;2.0;499.0;190.0;5.629.099.999.999.990;3.54;654.9;9231.5;False;Auto.de;0.48459958932238195
3090;3090;Volkswagen;Tiguan;1-10-2024;58.125;;10.0;Automatik;Diesel;2.0;499.0;190.0;58.125;3.54;654.9;9231.5;False;Auto.de;0.48459958932238195
3091;3091;Hyundai;Tucson;1-6-2024;43.175;;10.0;Automatik;Diesel;8.0;499.0;136.0;43.175;14.16;2619.6;9231.5;False;Auto.de;0.8186173853524983
3092;3092;Volkswagen;Caddy;1-9-2024;47.364;;10.0;Automatik;Diesel;6.0;499.0;122.0;47.364;10.620.000.000.000.000;19.647.000.000.000.000;9231.5;False;Auto.de;0.5667351129363449
3093;3093;Ford;Transit Custom;1-7-2024;57.155;;10.0;Automatik;Diesel;4.0;499.0;170.0;57.155.000.000.000.000;7.08;1309.8;9231.5;False;Auto.de;0.7364818617385352
3094;3094;Hyundai;i20;1-11-2024;25.925;;15.0;Automatik;Benzin;4.0;122.0;101.0;17.283.333.333.333.300;7.08;1309.8;2257.0;True;Auto.de;0.3997262149212868
3095;3095;Hyundai;i20;1-11-2024;27.74;;15.0;Automatik;Benzin;4.0;122.0;101.0;18.493.333.333.333.300;7.08;1309.8;2257.0;True;Auto.de;0.3997262149212868
3096;3096;Hyundai;i30;1-7-2024;34.37;;15.0;Automatik;Benzin;4.0;499.0;140.0;2.291.333.333.333.330;7.08;1309.8;9231.5;False;Auto.de;0.7364818617385352
3097;3097;Mazda;6;1-4-2024;44.763;;1999.0;Automatik;Benzin;6.0;172.0;194.0;0.022392696348174087;10.620.000.000.000.000;19.647.000.000.000.000;3182.0;False;Auto.de;0.9856262833675564
3098;3098;Mazda;6;1-4-2024;44.33;;10.0;Automatik;Benzin;4.0;167.0;194.0;4.433;7.08;1309.8;3089.5;False;Auto.de;0.9856262833675564
3099;3099;Dacia;Sandero;1-1-2024;17.448;;2614.0;Schaltgetriebe;Benzin;8.0;185.0;91.0;0.006674827850038255;14.16;2619.6;3422.5;False;Auto.de;12.347.707.049.965.700
3100;3100;Skoda;Kodiaq;1-5-2024;61.65;;17000.0;Automatik;Diesel;6.0;0.0;190.0;0.003626470588235294;10.620.000.000.000.000;19.647.000.000.000.000;0.0;True;Auto.de;0.9034907597535934
3101;3101;Toyota;Yaris Cross;1-4-2024;27.948;;1010.0;Automatik;Hybrid (Elektro / Benzin);2.0;116.0;116.0;0.027671287128712873;3.54;654.9;2146.0;True;Auto.de;0.9856262833675564
3102;3102;Hyundai;i30;1-4-2024;28.57;;22500.0;Automatik;Benzin;3.0;142.0;160.0;0.0012697777777777779;53.100.000.000.000.000;9.823.500.000.000.000;2627.0;False;Auto.de;0.9856262833675564
3103;3103;Renault;Clio;1-7-2024;24.818;;2300.0;Schaltgetriebe;Benzin;9.0;499.0;91.0;0.010790434782608696;15.93;2947.05;9231.5;False;Auto.de;0.7364818617385352
3104;3104;Seat;Leon;1-12-2024;39.434;;1000.0;Automatik;Diesel;9.0;499.0;150.0;0.039434;15.93;2947.05;9231.5;False;Auto.de;0.31759069130732376
3105;3105;Hyundai;IONIQ 5;1-1-2024;40.048;;7403.0;Automatik;Elektro;;0.0;235.0;0.005409698770768608;;;0.0;True;Auto.de;12.347.707.049.965.700
3106;3106;Seat;Arona;1-9-2024;32.898;;20.0;Automatik;Benzin;6.0;499.0;150.0;16.449.000.000.000.000;10.620.000.000.000.000;19.647.000.000.000.000;9231.5;False;Auto.de;0.5667351129363449
3107;3107;Ford;Kuga;1-4-2024;43.342;;5400.0;Automatik;Benzin;4.0;146.0;190.0;0.008026296296296295;7.08;1309.8;2701.0;False;Auto.de;0.9856262833675564
3108;3108;Skoda;Octavia;1-12-2024;44.501;;10.0;Automatik;Benzin;5.0;499.0;150.0;44.501;8.85;1637.25;9231.5;False;Auto.de;0.31759069130732376
3109;3109;Seat;Arona;1-12-2024;30.718;;10.0;Automatik;Benzin;6.0;499.0;116.0;30.718;10.620.000.000.000.000;19.647.000.000.000.000;9231.5;False;Auto.de;0.31759069130732376
3110;3110;Peugeot;3008;1-3-2024;32.585;;3830.0;Automatik;Benzin;4.0;0.0;131.0;0.008507832898172325;7.08;1309.8;0.0;True;Auto.de;10.704.996.577.686.500
3111;3111;Peugeot;3008;1-3-2024;32.859;;3150.0;Automatik;Benzin;4.0;0.0;131.0;0.010431428571428572;7.08;1309.8;0.0;True;Auto.de;10.704.996.577.686.500
3112;3112;Volkswagen;Golf;1-8-2024;43.049;;8450.0;Schaltgetriebe;Diesel;2.0;499.0;116.0;0.005094556213017751;3.54;654.9;9231.5;False;Auto.de;0.6516084873374401
3113;3113;Hyundai;i20;1-12-2024;21.897;;15.0;Schaltgetriebe;Benzin;4.0;122.0;79.0;14.598;7.08;1309.8;2257.0;True;Auto.de;0.31759069130732376
3114;3114;Renault;Trafic;1-11-2024;40.062;;15.0;Schaltgetriebe;Diesel;7.0;182.0;131.0;26.708;12.39;2292.15;3367.0;False;Auto.de;0.3997262149212868
3115;3115;Ford;Kuga;1-2-2024;39.556;;14200.0;Schaltgetriebe;Benzin;7.0;160.0;150.0;0.002785633802816901;12.39;2292.15;2960.0;False;Auto.de;11.498.973.305.954.800
3116;3116;Renault;Trafic;1-11-2024;41.544;;15.0;Schaltgetriebe;Diesel;7.0;182.0;131.0;27.695.999.999.999.900;12.39;2292.15;3367.0;False;Auto.de;0.3997262149212868
3117;3117;Renault;Trafic;1-11-2024;40.345;;15.0;Schaltgetriebe;Diesel;7.0;182.0;131.0;26.896.666.666.666.600;12.39;2292.15;3367.0;False;Auto.de;0.3997262149212868
3118;3118;Renault;Trafic;1-11-2024;40.183;;15.0;Schaltgetriebe;Diesel;7.0;182.0;131.0;26.788.666.666.666.600;12.39;2292.15;3367.0;False;Auto.de;0.3997262149212868
3119;3119;Renault;Trafic;1-11-2024;40.654;;15.0;Schaltgetriebe;Diesel;7.0;182.0;131.0;2.710.266.666.666.660;12.39;2292.15;3367.0;False;Auto.de;0.3997262149212868
3120;3120;Renault;Trafic;1-11-2024;41.457;;15.0;Schaltgetriebe;Diesel;7.0;182.0;131.0;27.638.000.000.000.000;12.39;2292.15;3367.0;False;Auto.de;0.3997262149212868
3121;3121;Seat;Ibiza;1-12-2024;23.836;;2.0;Schaltgetriebe;Benzin;1.0;499.0;95.0;11.918;1.77;327.45;9231.5;False;Auto.de;0.31759069130732376
3122;3122;Skoda;Octavia;1-9-2024;42.172;;20.0;Automatik;Benzin;1.0;499.0;150.0;21.086;1.77;327.45;9231.5;False;Auto.de;0.5667351129363449
3123;3123;Skoda;Octavia;1-9-2024;41.558;;20.0;Automatik;Benzin;1.0;499.0;150.0;20.779;1.77;327.45;9231.5;False;Auto.de;0.5667351129363449
3124;3124;Seat;Ibiza;1-12-2024;23.64;;2.0;Schaltgetriebe;Benzin;1.0;499.0;95.0;11.82;1.77;327.45;9231.5;False;Auto.de;0.31759069130732376
3125;3125;Seat;Ibiza;1-12-2024;25.339;;2.0;Schaltgetriebe;Benzin;1.0;499.0;95.0;126.695;1.77;327.45;9231.5;False;Auto.de;0.31759069130732376
3126;3126;Seat;Ibiza;1-12-2024;25.062;;2.0;Schaltgetriebe;Benzin;1.0;499.0;95.0;12.531;1.77;327.45;9231.5;False;Auto.de;0.31759069130732376
3127;3127;Seat;Ibiza;1-12-2024;25.311;;2.0;Schaltgetriebe;Benzin;1.0;499.0;95.0;126.555;1.77;327.45;9231.5;False;Auto.de;0.31759069130732376
3128;3128;Seat;Ibiza;1-12-2024;23.615;;2.0;Schaltgetriebe;Benzin;1.0;499.0;95.0;118.075;1.77;327.45;9231.5;False;Auto.de;0.31759069130732376
3129;3129;Seat;Ibiza;1-12-2024;24.189;;2.0;Schaltgetriebe;Benzin;1.0;499.0;95.0;120.945;1.77;327.45;9231.5;False;Auto.de;0.31759069130732376
3130;3130;Ford;Kuga;1-6-2024;41.917;;6000.0;Automatik;Hybrid (Elektro / Benzin);8.0;85.0;224.0;0.006986166666666667;14.16;2619.6;1572.5;True;Auto.de;0.8186173853524983
3131;3131;Ford;Explorer;1-6-2024;83.817;;5600.0;Automatik;Hybrid (Elektro / Benzin);8.0;85.0;457.0;0.014967321428571427;14.16;2619.6;1572.5;True;Auto.de;0.8186173853524983
3132;3132;Ford;Focus;1-5-2024;34.481;;11904.0;Schaltgetriebe;Benzin;7.0;130.0;125.0;0.00289658938172043;12.39;2292.15;2405.0;True;Auto.de;0.9034907597535934
3133;3133;Skoda;Octavia;1-6-2024;36.685;;20.0;Automatik;Benzin;3.0;120.0;150.0;18.342.500.000.000.000;53.100.000.000.000.000;9.823.500.000.000.000;2220.0;True;Auto.de;0.8186173853524983
3134;3134;Volkswagen;Touran;1-11-2024;48.814;;1500.0;Automatik;Benzin;7.0;159.0;150.0;0.032542666666666664;12.39;2292.15;2941.5;False;Auto.de;0.3997262149212868
3135;3135;Ford;Transit Custom;1-10-2024;64.827;;10.0;Automatik;Diesel;7.0;499.0;170.0;64.826.999.999.999.900;12.39;2292.15;9231.5;False;Auto.de;0.48459958932238195
3136;3136;Ford;Transit Custom;1-10-2024;71.046;;1000.0;Automatik;Diesel;7.0;499.0;170.0;0.07104600000000001;12.39;2292.15;9231.5;False;Auto.de;0.48459958932238195
3137;3137;Ford;Transit Custom;1-10-2024;71.893;;10.0;Automatik;Diesel;7.0;499.0;170.0;71.893;12.39;2292.15;9231.5;False;Auto.de;0.48459958932238195
3138;3138;Volkswagen;Touran;1-8-2024;47.472;;20194.0;Automatik;Benzin;7.0;159.0;150.0;0.0023507972665148063;12.39;2292.15;2941.5;False;Auto.de;0.6516084873374401
3139;3139;Skoda;Octavia;1-7-2024;33.665;;20.0;Automatik;Benzin;3.0;499.0;150.0;168.325;53.100.000.000.000.000;9.823.500.000.000.000;9231.5;False;Auto.de;0.7364818617385352
3140;3140;Volkswagen;Touran;1-11-2024;48.751;;1500.0;Automatik;Benzin;7.0;159.0;150.0;0.032500666666666664;12.39;2292.15;2941.5;False;Auto.de;0.3997262149212868
3141;3141;Hyundai;i20;1-11-2024;25.978;;15.0;Schaltgetriebe;Benzin;3.0;121.0;101.0;17.318.666.666.666.600;53.100.000.000.000.000;9.823.500.000.000.000;2238.5;True;Auto.de;0.3997262149212868
3142;3142;Hyundai;i20;1-11-2024;25.086;;15.0;Schaltgetriebe;Benzin;3.0;121.0;101.0;16.723.999.999.999.900;53.100.000.000.000.000;9.823.500.000.000.000;2238.5;True;Auto.de;0.3997262149212868
3143;3143;Hyundai;Tucson;1-11-2024;38.873;;10.0;Schaltgetriebe;Diesel;5.0;499.0;116.0;38.872.999.999.999.900;8.85;1637.25;9231.5;False;Auto.de;0.3997262149212868
3144;3144;Ford;Focus;1-5-2024;36.771;;16633.0;Schaltgetriebe;Benzin;1.0;138.0;125.0;0.002210725665845007;1.77;327.45;2553.0;False;Auto.de;0.9034907597535934
3145;3145;Ford;Puma;1-1-2024;20.789;;19600.0;Schaltgetriebe;Benzin;6.0;135.0;125.0;0.0010606632653061224;10.620.000.000.000.000;19.647.000.000.000.000;2497.5;False;Auto.de;12.347.707.049.965.700
3146;3146;Ford;Focus;1-6-2024;40.885;;2300.0;Automatik;Benzin;3.0;143.0;155.0;0.017776086956521737;53.100.000.000.000.000;9.823.500.000.000.000;2645.5;False;Auto.de;0.8186173853524983
3147;3147;Hyundai;i30;1-2-2024;28.151;;18547.0;Schaltgetriebe;Benzin;8.0;185.0;120.0;0.0015178195934652504;14.16;2619.6;3422.5;False;Auto.de;11.498.973.305.954.800
3148;3148;Renault;Clio;1-2-2024;21.861;;15.0;Schaltgetriebe;Benzin;2.0;118.0;90.0;14.574;3.54;654.9;2183.0;True;Auto.de;11.498.973.305.954.800
3149;3149;Ford;Puma;1-1-2024;24.489;;14300.0;Schaltgetriebe;Benzin;6.0;135.0;125.0;0.0017125174825174826;10.620.000.000.000.000;19.647.000.000.000.000;2497.5;False;Auto.de;12.347.707.049.965.700
3150;3150;Skoda;Fabia;1-1-2024;22.158;;10.0;Schaltgetriebe;Benzin;1.0;499.0;95.0;22.158;1.77;327.45;9231.5;False;Auto.de;12.347.707.049.965.700
3151;3151;Skoda;Fabia;1-1-2024;22.858;;10.0;Schaltgetriebe;Benzin;1.0;499.0;95.0;22.858;1.77;327.45;9231.5;False;Auto.de;12.347.707.049.965.700
3152;3152;Volkswagen;T-Roc;1-5-2024;38.049;;7003.0;Automatik;Benzin;4.0;144.0;150.0;0.005433242895901756;7.08;1309.8;2664.0;False;Auto.de;0.9034907597535934
3153;3153;Seat;Arona;1-5-2024;28.8;;11800.0;Automatik;Benzin;8.0;131.0;116.0;0.0024406779661016948;14.16;2619.6;2423.5;False;Auto.de;0.9034907597535934
3154;3154;Hyundai;i30;1-3-2024;27.022;;26900.0;Schaltgetriebe;Benzin;8.0;120.0;120.0;0.00100453531598513;14.16;2619.6;2220.0;True;Auto.de;10.704.996.577.686.500
3155;3155;Hyundai;i30;1-2-2024;30.34;;23000.0;Automatik;Benzin;4.0;122.0;120.0;0.0013191304347826087;7.08;1309.8;2257.0;True;Auto.de;11.498.973.305.954.800
3156;3156;Volkswagen;Touareg;1-2-2024;80.589;;23978.0;Automatik;Benzin;8.0;185.0;462.0;0.003360955876219868;14.16;2619.6;3422.5;False;Auto.de;11.498.973.305.954.800
3157;3157;Toyota;C-HR;1-1-2024;41.148;;7717.0;Automatik;Hybrid (Elektro / Benzin);1.0;116.0;152.0;0.005332123882337696;1.77;327.45;2146.0;True;Auto.de;12.347.707.049.965.700
3158;3158;Toyota;C-HR;1-1-2024;31.748;;3081.0;Automatik;Hybrid (Elektro / Benzin);8.0;108.0;140.0;0.010304446608244077;14.16;2619.6;1998.0;True;Auto.de;12.347.707.049.965.700
3159;3159;Ford;Focus;1-1-2024;31.089;;4700.0;Schaltgetriebe;Benzin;5.0;125.0;125.0;0.006614680851063829;8.85;1637.25;2312.5;True;Auto.de;12.347.707.049.965.700
3160;3160;Toyota;C-HR;1-1-2024;41.148;;5000.0;Automatik;Hybrid (Elektro / Benzin);1.0;116.0;197.0;0.0082296;1.77;327.45;2146.0;True;Auto.de;12.347.707.049.965.700
3161;3161;Volkswagen;Golf;1-6-2024;42.515;;16472.0;Automatik;Benzin;8.0;185.0;190.0;0.0025810466245750363;14.16;2619.6;3422.5;False;Auto.de;0.8186173853524983
3162;3162;Volkswagen;T-Roc;1-6-2024;28.399;;21740.0;Schaltgetriebe;Benzin;9.0;134.0;116.0;0.0013063017479300828;15.93;2947.05;2479.0;False;Auto.de;0.8186173853524983
3163;3163;Volkswagen;T-Roc;1-5-2024;29.376;;25760.0;Schaltgetriebe;Benzin;9.0;134.0;116.0;0.0011403726708074534;15.93;2947.05;2479.0;False;Auto.de;0.9034907597535934
3164;3164;Hyundai;SONSTIGE;1-10-2024;30.567;;10.0;Automatik;Elektro;;0.0;97.0;30.567;;;0.0;True;Auto.de;0.48459958932238195
3165;3165;Dacia;Duster;1-10-2024;30.62;;1001.0;Schaltgetriebe;Benzin;9.0;499.0;131.0;0.03058941058941059;15.93;2947.05;9231.5;False;Auto.de;0.48459958932238195
3166;3166;Dacia;Jogger;1-11-2024;23.624;;1001.0;Schaltgetriebe;Benzin;9.0;499.0;110.0;0.0236003996003996;15.93;2947.05;9231.5;False;Auto.de;0.3997262149212868
3167;3167;Volkswagen;T-Roc;1-6-2024;29.396;;26120.0;Schaltgetriebe;Benzin;9.0;134.0;116.0;0.0011254211332312404;15.93;2947.05;2479.0;False;Auto.de;0.8186173853524983
3168;3168;Volkswagen;T-Roc;1-6-2024;28.194;;28330.0;Schaltgetriebe;Benzin;9.0;134.0;116.0;0.0009951994352276738;15.93;2947.05;2479.0;False;Auto.de;0.8186173853524983
3169;3169;Volkswagen;T-Roc;1-5-2024;28.634;;25530.0;Schaltgetriebe;Benzin;9.0;134.0;116.0;0.0011215824520172347;15.93;2947.05;2479.0;False;Auto.de;0.9034907597535934
3170;3170;Hyundai;Tucson;1-2-2024;36.048;;25100.0;Automatik;Hybrid (Elektro / Benzin);6.0;149.0;230.0;0.0014361752988047809;10.620.000.000.000.000;19.647.000.000.000.000;2756.5;False;Auto.de;11.498.973.305.954.800
3171;3171;Volkswagen;Golf;1-1-2024;25.589;;14400.0;Schaltgetriebe;Diesel;3.0;112.0;116.0;0.0017770138888888887;53.100.000.000.000.000;9.823.500.000.000.000;2072.0;True;Auto.de;12.347.707.049.965.700
3172;3172;Volkswagen;T-Roc;1-5-2024;37.863;;15260.0;Automatik;Benzin;3.0;143.0;150.0;0.0024811926605504586;53.100.000.000.000.000;9.823.500.000.000.000;2645.5;False;Auto.de;0.9034907597535934
3173;3173;Volkswagen;Golf;1-4-2024;31.585;;14070.0;Schaltgetriebe;Diesel;3.0;112.0;116.0;0.0022448471926083866;53.100.000.000.000.000;9.823.500.000.000.000;2072.0;True;Auto.de;0.9856262833675564
3174;3174;Volkswagen;T-Roc;1-5-2024;38.722;;20400.0;Automatik;Benzin;3.0;143.0;150.0;0.001898137254901961;53.100.000.000.000.000;9.823.500.000.000.000;2645.5;False;Auto.de;0.9034907597535934
3175;3175;Volkswagen;T-Roc;1-6-2024;37.922;;8320.0;Automatik;Benzin;2.0;142.0;150.0;0.004557932692307692;3.54;654.9;2627.0;False;Auto.de;0.8186173853524983
3176;3176;Volkswagen;Tiguan;1-3-2024;51.86;;23100.0;Automatik;Diesel;5.0;145.0;150.0;0.002245021645021645;8.85;1637.25;2682.5;False;Auto.de;10.704.996.577.686.500
3177;3177;Volkswagen;T-Roc;1-5-2024;40.05;;14110.0;Automatik;Benzin;3.0;143.0;150.0;0.002838412473423104;53.100.000.000.000.000;9.823.500.000.000.000;2645.5;False;Auto.de;0.9034907597535934
3178;3178;Ford;Focus;1-5-2024;38.154;;20656.0;Automatik;Benzin;3.0;143.0;155.0;0.0018471146398140977;53.100.000.000.000.000;9.823.500.000.000.000;2645.5;False;Auto.de;0.9034907597535934
3179;3179;Skoda;Octavia;1-4-2024;47.235;;16135.0;Automatik;Benzin;8.0;185.0;245.0;0.002927486829872947;14.16;2619.6;3422.5;False;Auto.de;0.9856262833675564
3180;3180;Volkswagen;Tiguan;1-5-2024;63.531;;27140.0;Automatik;Diesel;5.0;171.0;190.0;0.0023408621960206337;8.85;1637.25;3163.5;False;Auto.de;0.9034907597535934
3181;3181;Volkswagen;Tiguan;1-5-2024;49.255;;16920.0;Automatik;Benzin;2.0;142.0;150.0;0.002911052009456265;3.54;654.9;2627.0;False;Auto.de;0.9034907597535934
3182;3182;Volkswagen;Tiguan;1-5-2024;54.912;;19080.0;Automatik;Diesel;7.0;149.0;150.0;0.002877987421383648;12.39;2292.15;2756.5;False;Auto.de;0.9034907597535934
3183;3183;Volkswagen;Tiguan;1-5-2024;66.408;;19995.0;Automatik;Diesel;5.0;171.0;190.0;0.003321230307576894;8.85;1637.25;3163.5;False;Auto.de;0.9034907597535934
3184;3184;Skoda;Karoq;1-4-2024;40.955;;6400.0;Automatik;Benzin;2.0;141.0;150.0;0.0063992187499999995;3.54;654.9;2608.5;False;Auto.de;0.9856262833675564
3185;3185;Volkswagen;Tiguan;1-6-2024;59.469;;15630.0;Automatik;Benzin;5.0;149.0;150.0;0.0038047984644913628;8.85;1637.25;2756.5;False;Auto.de;0.8186173853524983
3186;3186;Volkswagen;Tiguan;1-5-2024;58.152;;30500.0;Automatik;Diesel;6.0;148.0;150.0;0.001906622950819672;10.620.000.000.000.000;19.647.000.000.000.000;2738.0;False;Auto.de;0.9034907597535934
3187;3187;Volkswagen;Tiguan;1-5-2024;48.94;;23160.0;Automatik;Diesel;3.0;140.0;150.0;0.0021131260794473227;53.100.000.000.000.000;9.823.500.000.000.000;2590.0;False;Auto.de;0.9034907597535934
3188;3188;Volkswagen;T-Roc;1-6-2024;38.75;;11670.0;Automatik;Benzin;3.0;144.0;150.0;0.0033204798628963155;53.100.000.000.000.000;9.823.500.000.000.000;2664.0;False;Auto.de;0.8186173853524983
3189;3189;Volkswagen;Tiguan;1-5-2024;48.667;;21940.0;Automatik;Diesel;3.0;140.0;150.0;0.0022181859617137647;53.100.000.000.000.000;9.823.500.000.000.000;2590.0;False;Auto.de;0.9034907597535934
3190;3190;Volkswagen;Golf GTI;1-3-2024;46.351;;13030.0;Automatik;Benzin;2.0;163.0;245.0;0.0035572524942440523;3.54;654.9;3015.5;False;Auto.de;10.704.996.577.686.500
3191;3191;Volkswagen;Tiguan;1-5-2024;50.598;;18070.0;Automatik;Benzin;6.0;150.0;150.0;0.0028001106806862202;10.620.000.000.000.000;19.647.000.000.000.000;2775.0;False;Auto.de;0.9034907597535934
3192;3192;Volkswagen;Tiguan;1-5-2024;66.054;;24650.0;Automatik;Diesel;5.0;171.0;190.0;0.0026796754563894526;8.85;1637.25;3163.5;False;Auto.de;0.9034907597535934
3193;3193;Volkswagen;T-Roc;1-5-2024;41.892;;17930.0;Automatik;Benzin;4.0;145.0;150.0;0.002336419408812047;7.08;1309.8;2682.5;False;Auto.de;0.9034907597535934
3194;3194;Skoda;Kodiaq;1-5-2024;55.344;;12000.0;Automatik;Diesel;1.0;159.0;190.0;0.004612;1.77;327.45;2941.5;False;Auto.de;0.9034907597535934
3195;3195;Dacia;Jogger;1-5-2024;24.266;;26150.0;Schaltgetriebe;Benzin;8.0;185.0;110.0;0.0009279541108986615;14.16;2619.6;3422.5;False;Auto.de;0.9034907597535934
3196;3196;Volkswagen;T6 Transporter;1-3-2024;49.341;;20980.0;Automatik;Diesel;6.0;199.0;150.0;0.002351811248808389;10.620.000.000.000.000;19.647.000.000.000.000;3681.5;False;Auto.de;10.704.996.577.686.500
3197;3197;Volkswagen;Tiguan;1-4-2024;50.001;;17570.0;Automatik;Diesel;5.0;145.0;150.0;0.002845816733067729;8.85;1637.25;2682.5;False;Auto.de;0.9856262833675564
3198;3198;Volkswagen;Golf GTI;1-1-2024;38.589;;16115.0;Automatik;Benzin;2.0;163.0;245.0;0.002394601303133726;3.54;654.9;3015.5;False;Auto.de;12.347.707.049.965.700
3199;3199;Volkswagen;Golf GTI;1-3-2024;44.893;;14720.0;Automatik;Benzin;2.0;163.0;245.0;0.003049796195652174;3.54;654.9;3015.5;False;Auto.de;10.704.996.577.686.500
3200;3200;Volkswagen;Golf GTI;1-3-2024;46.285;;13800.0;Automatik;Benzin;2.0;163.0;245.0;0.0033539855072463767;3.54;654.9;3015.5;False;Auto.de;10.704.996.577.686.500
3201;3201;Volkswagen;Golf GTI;1-3-2024;44.198;;12160.0;Automatik;Benzin;2.0;163.0;245.0;0.003634703947368421;3.54;654.9;3015.5;False;Auto.de;10.704.996.577.686.500
3202;3202;Volkswagen;Tiguan;1-5-2024;51.985;;25960.0;Automatik;Benzin;6.0;150.0;150.0;0.002002503852080123;10.620.000.000.000.000;19.647.000.000.000.000;2775.0;False;Auto.de;0.9034907597535934
3203;3203;Volkswagen;Tiguan;1-5-2024;57.102;;15300.0;Automatik;Diesel;7.0;150.0;150.0;0.003732156862745098;12.39;2292.15;2775.0;False;Auto.de;0.9034907597535934
3204;3204;Volkswagen;Tiguan;1-5-2024;55.061;;21400.0;Automatik;Diesel;7.0;150.0;150.0;0.0025729439252336448;12.39;2292.15;2775.0;False;Auto.de;0.9034907597535934
3205;3205;Volkswagen;Tiguan;1-5-2024;58.995;;24520.0;Automatik;Diesel;6.0;148.0;150.0;0.002405995106035889;10.620.000.000.000.000;19.647.000.000.000.000;2738.0;False;Auto.de;0.9034907597535934
3206;3206;Volkswagen;Golf GTI;1-3-2024;47.025;;9850.0;Automatik;Benzin;2.0;163.0;245.0;0.004774111675126903;3.54;654.9;3015.5;False;Auto.de;10.704.996.577.686.500
3207;3207;Volkswagen;Golf GTI;1-3-2024;45.171;;14065.0;Automatik;Benzin;2.0;163.0;245.0;0.003211589050835407;3.54;654.9;3015.5;False;Auto.de;10.704.996.577.686.500
3208;3208;Volkswagen;Tiguan;1-4-2024;62.243;;13950.0;Automatik;Diesel;7.0;151.0;150.0;0.004461863799283154;12.39;2292.15;2793.5;False;Auto.de;0.9856262833675564
3209;3209;Volkswagen;Tiguan;1-2-2024;55.719;;18680.0;Automatik;Benzin;7.0;158.0;150.0;0.002982815845824411;12.39;2292.15;2923.0;False;Auto.de;11.498.973.305.954.800
3210;3210;Volkswagen;Tiguan;1-5-2024;48.994;;17350.0;Automatik;Benzin;6.0;150.0;150.0;0.0028238616714697405;10.620.000.000.000.000;19.647.000.000.000.000;2775.0;False;Auto.de;0.9034907597535934
3211;3211;Seat;Arona;1-11-2024;31.002;;100.0;Automatik;Benzin;9.0;133.0;116.0;0.31001999999999996;15.93;2947.05;2460.5;False;Auto.de;0.3997262149212868
3212;3212;Seat;Arona;1-11-2024;28.952;;100.0;Automatik;Benzin;9.0;133.0;116.0;0.28952;15.93;2947.05;2460.5;False;Auto.de;0.3997262149212868
3213;3213;Hyundai;i30;1-12-2024;25.398;;15.0;Schaltgetriebe;Benzin;2.0;141.0;97.0;16.932;3.54;654.9;2608.5;False;Auto.de;0.31759069130732376
3214;3214;Ford;Kuga;1-6-2024;50.949;;3057.0;Automatik;Hybrid (Elektro / Benzin);8.0;85.0;224.0;0.016666339548577037;14.16;2619.6;1572.5;True;Auto.de;0.8186173853524983
3215;3215;Renault;Trafic;1-11-2024;41.718;;15.0;Schaltgetriebe;Diesel;9.0;499.0;131.0;27.812;15.93;2947.05;9231.5;False;Auto.de;0.3997262149212868
3216;3216;Ford;Kuga;1-5-2024;36.94;;15.0;Schaltgetriebe;Benzin;4.0;145.0;150.0;24.626.666.666.666.600;7.08;1309.8;2682.5;False;Auto.de;0.9034907597535934
3217;3217;Ford;Puma;1-7-2024;36.054;;2727.0;Schaltgetriebe;Benzin;4.0;122.0;125.0;0.013221122112211221;7.08;1309.8;2257.0;True;Auto.de;0.7364818617385352
3218;3218;Ford;Kuga;1-3-2024;47.103;;6887.0;Automatik;Hybrid (Elektro / Benzin);8.0;85.0;224.0;0.006839407579497604;14.16;2619.6;1572.5;True;Auto.de;10.704.996.577.686.500
3219;3219;Renault;Trafic;1-11-2024;41.01;;15.0;Schaltgetriebe;Diesel;9.0;499.0;131.0;2.734;15.93;2947.05;9231.5;False;Auto.de;0.3997262149212868
3220;3220;Hyundai;Tucson;1-9-2024;44.227;;15.0;Automatik;Benzin;7.0;159.0;159.0;29.484.666.666.666.600;12.39;2292.15;2941.5;False;Auto.de;0.5667351129363449
3221;3221;Ford;Explorer;1-6-2024;84.294;;5590.0;Automatik;Hybrid (Elektro / Benzin);8.0;85.0;457.0;0.015079427549194991;14.16;2619.6;1572.5;True;Auto.de;0.8186173853524983
3222;3222;Dacia;Jogger;1-11-2024;23.703;;1001.0;Schaltgetriebe;Benzin;9.0;499.0;110.0;0.02367932067932068;15.93;2947.05;9231.5;False;Auto.de;0.3997262149212868
3223;3223;Renault;Clio;1-4-2024;20.839;;20508.0;Schaltgetriebe;Benzin;3.0;121.0;91.0;0.0010161400429100837;53.100.000.000.000.000;9.823.500.000.000.000;2238.5;True;Auto.de;0.9856262833675564
3224;3224;Fiat;Tipo;1-12-2024;24.971;;10.0;Schaltgetriebe;Diesel;4.0;499.0;131.0;24.971;7.08;1309.8;9231.5;False;Auto.de;0.31759069130732376
3225;3225;Ford;Focus;1-7-2024;37.974;;16054.0;Automatik;Benzin;3.0;143.0;155.0;0.002365391802666002;53.100.000.000.000.000;9.823.500.000.000.000;2645.5;False;Auto.de;0.7364818617385352
3226;3226;Volkswagen;Passat Variant;1-5-2024;54.51;;16397.0;Automatik;Diesel;7.0;186.0;150.0;0.003324388607672135;12.39;2292.15;3441.0;False;Auto.de;0.9034907597535934
3227;3227;Hyundai;i20;1-11-2024;26.352;;15.0;Automatik;Benzin;4.0;123.0;101.0;17.568;7.08;1309.8;2275.5;True;Auto.de;0.3997262149212868
3228;3228;Ford;Focus;1-1-2024;32.089;;19800.0;Automatik;Diesel;4.0;142.0;116.0;0.0016206565656565657;7.08;1309.8;2627.0;False;Auto.de;12.347.707.049.965.700
3229;3229;Renault;Trafic;1-11-2024;40.195;;15.0;Schaltgetriebe;Diesel;9.0;499.0;131.0;2.679.666.666.666.660;15.93;2947.05;9231.5;False;Auto.de;0.3997262149212868
3230;3230;Ford;Explorer;1-6-2024;87.175;;15612.0;Automatik;Hybrid (Elektro / Benzin);8.0;85.0;457.0;0.005583845759672047;14.16;2619.6;1572.5;True;Auto.de;0.8186173853524983
3231;3231;Ford;Kuga;1-2-2024;36.889;;6900.0;Automatik;Hybrid (Elektro / Benzin);8.0;85.0;224.0;0.005346231884057972;14.16;2619.6;1572.5;True;Auto.de;11.498.973.305.954.800
3232;3232;Volkswagen;Caddy;1-9-2024;50.299;;10.0;Automatik;Diesel;6.0;499.0;122.0;50.299;10.620.000.000.000.000;19.647.000.000.000.000;9231.5;False;Auto.de;0.5667351129363449
3233;3233;Seat;Ateca;1-4-2024;43.094;;21640.0;Automatik;Diesel;4.0;141.0;150.0;0.0019914048059149723;7.08;1309.8;2608.5;False;Auto.de;0.9856262833675564
3234;3234;Seat;Ateca;1-5-2024;42.552;;22890.0;Automatik;Diesel;4.0;141.0;150.0;0.0018589777195281783;7.08;1309.8;2608.5;False;Auto.de;0.9034907597535934
3235;3235;Volkswagen;Golf;1-4-2024;30.514;;25545.0;Schaltgetriebe;Diesel;3.0;112.0;116.0;0.0011945194754355059;53.100.000.000.000.000;9.823.500.000.000.000;2072.0;True;Auto.de;0.9856262833675564
3236;3236;Volkswagen;Golf;1-4-2024;30.122;;26600.0;Schaltgetriebe;Diesel;3.0;112.0;116.0;0.001132406015037594;53.100.000.000.000.000;9.823.500.000.000.000;2072.0;True;Auto.de;0.9856262833675564
3237;3237;Renault;Trafic;1-11-2024;40.162;;12.0;Schaltgetriebe;Diesel;7.0;182.0;131.0;3.346.833.333.333.330;12.39;2292.15;3367.0;False;Auto.de;0.3997262149212868
3238;3238;Ford;Focus;1-1-2024;32.189;;11200.0;Automatik;Benzin;3.0;143.0;155.0;0.002874017857142857;53.100.000.000.000.000;9.823.500.000.000.000;2645.5;False;Auto.de;12.347.707.049.965.700
3239;3239;Ford;Focus;1-5-2024;32.731;;15945.0;Schaltgetriebe;Benzin;1.0;138.0;125.0;0.0020527438068359987;1.77;327.45;2553.0;False;Auto.de;0.9034907597535934
3240;3240;Hyundai;Bayon;1-12-2024;24.505;;15.0;Schaltgetriebe;Benzin;7.0;129.0;79.0;16.336.666.666.666.600;12.39;2292.15;2386.5;True;Auto.de;0.31759069130732376
3241;3241;Ford;Focus;1-6-2024;38.011;;5600.0;Automatik;Benzin;3.0;143.0;155.0;0.006787678571428572;53.100.000.000.000.000;9.823.500.000.000.000;2645.5;False;Auto.de;0.8186173853524983
3242;3242;Ford;Kuga;1-3-2024;44.305;;13501.0;Automatik;Hybrid (Elektro / Benzin);8.0;85.0;224.0;0.0032816087697207616;14.16;2619.6;1572.5;True;Auto.de;10.704.996.577.686.500
3243;3243;Renault;Trafic;1-11-2024;39.808;;15.0;Schaltgetriebe;Diesel;9.0;499.0;131.0;26.538.666.666.666.600;15.93;2947.05;9231.5;False;Auto.de;0.3997262149212868
3244;3244;Volkswagen;SONSTIGE;1-5-2024;41.529;;18738.0;Automatik;Benzin;8.0;185.0;150.0;0.0022162984309958373;14.16;2619.6;3422.5;False;Auto.de;0.9034907597535934
3245;3245;Ford;Focus;1-6-2024;35.904;;4600.0;Automatik;Benzin;3.0;143.0;155.0;0.007805217391304349;53.100.000.000.000.000;9.823.500.000.000.000;2645.5;False;Auto.de;0.8186173853524983
3246;3246;Volkswagen;Passat Variant;1-5-2024;42.091;;19886.0;Automatik;Benzin;8.0;185.0;150.0;0.002116614703811727;14.16;2619.6;3422.5;False;Auto.de;0.9034907597535934
3247;3247;Renault;Trafic;1-11-2024;39.407;;15.0;Schaltgetriebe;Diesel;9.0;499.0;131.0;2.627.133.333.333.330;15.93;2947.05;9231.5;False;Auto.de;0.3997262149212868
3248;3248;Volkswagen;Passat Variant;1-5-2024;41.308;;25477.0;Automatik;Benzin;8.0;185.0;150.0;0.001621383993405817;14.16;2619.6;3422.5;False;Auto.de;0.9034907597535934
3249;3249;Ford;Puma;1-3-2024;36.274;;13683.0;Automatik;Benzin;3.0;142.0;155.0;0.0026510268216034497;53.100.000.000.000.000;9.823.500.000.000.000;2627.0;False;Auto.de;10.704.996.577.686.500
3250;3250;Ford;Kuga;1-3-2024;43.187;;11567.0;Automatik;Hybrid (Elektro / Benzin);8.0;85.0;224.0;0.0037336388000345807;14.16;2619.6;1572.5;True;Auto.de;10.704.996.577.686.500
3251;3251;Ford;Kuga;1-2-2024;34.989;;11677.0;Automatik;Hybrid (Elektro / Benzin);8.0;85.0;224.0;0.0029964031857497644;14.16;2619.6;1572.5;True;Auto.de;11.498.973.305.954.800
3252;3252;Volkswagen;T-Roc;1-4-2024;34.671;;25610.0;Automatik;Benzin;3.0;143.0;150.0;0.0013538071065989847;53.100.000.000.000.000;9.823.500.000.000.000;2645.5;False;Auto.de;0.9856262833675564
3253;3253;Volkswagen;Tiguan;1-11-2024;62.686;;7900.0;Automatik;Diesel;5.0;145.0;150.0;0.00793493670886076;8.85;1637.25;2682.5;False;Auto.de;0.3997262149212868
3254;3254;Hyundai;i30;1-12-2024;31.97;;10.0;Automatik;Benzin;3.0;144.0;140.0;3.197;53.100.000.000.000.000;9.823.500.000.000.000;2664.0;False;Auto.de;0.31759069130732376
3255;3255;Skoda;Kodiaq;1-6-2024;60.515;;13900.0;Automatik;Diesel;1.0;161.0;190.0;0.004353597122302159;1.77;327.45;2978.5;False;Auto.de;0.8186173853524983
3256;3256;Hyundai;i30;1-12-2024;31.24;;10.0;Automatik;Benzin;3.0;144.0;140.0;31.239.999.999.999.900;53.100.000.000.000.000;9.823.500.000.000.000;2664.0;False;Auto.de;0.31759069130732376
3257;3257;Volkswagen;SONSTIGE;1-5-2024;42.127;;26135.0;Automatik;Benzin;8.0;185.0;150.0;0.0016118997512913718;14.16;2619.6;3422.5;False;Auto.de;0.9034907597535934
3258;3258;Volkswagen;Golf;1-6-2024;32.826;;25334.0;Schaltgetriebe;Benzin;8.0;185.0;116.0;0.0012957290597615852;14.16;2619.6;3422.5;False;Auto.de;0.8186173853524983
3259;3259;Volkswagen;T-Roc;1-7-2024;36.656;;23448.0;Automatik;Benzin;8.0;185.0;150.0;0.0015632889798703514;14.16;2619.6;3422.5;False;Auto.de;0.7364818617385352
3260;3260;Volkswagen;Golf Variant;1-8-2024;37.725;;20443.0;Automatik;Benzin;8.0;132.0;116.0;0.001845374944968938;14.16;2619.6;2442.0;False;Auto.de;0.6516084873374401
3261;3261;Volkswagen;Golf Variant;1-8-2024;37.624;;19166.0;Automatik;Benzin;8.0;132.0;116.0;0.0019630595846812063;14.16;2619.6;2442.0;False;Auto.de;0.6516084873374401
3262;3262;Ford;Kuga;1-5-2024;39.751;;11596.0;Schaltgetriebe;Benzin;7.0;160.0;150.0;0.0034279924111762674;12.39;2292.15;2960.0;False;Auto.de;0.9034907597535934
3263;3263;Volkswagen;SONSTIGE;1-5-2024;41.748;;24804.0;Automatik;Benzin;8.0;185.0;150.0;0.0016831156265118528;14.16;2619.6;3422.5;False;Auto.de;0.9034907597535934
3264;3264;Volkswagen;Taigo;1-7-2024;32.709;;20805.0;Automatik;Benzin;8.0;185.0;116.0;0.0015721701514059122;14.16;2619.6;3422.5;False;Auto.de;0.7364818617385352
3265;3265;Volkswagen;SONSTIGE;1-2-2024;48.689;;28842.0;Automatik;Diesel;7.0;186.0;150.0;0.0016881284238263643;12.39;2292.15;3441.0;False;Auto.de;11.498.973.305.954.800
3266;3266;Volkswagen;T-Roc;1-7-2024;37.901;;25988.0;Automatik;Benzin;8.0;185.0;150.0;0.0014584038787132524;14.16;2619.6;3422.5;False;Auto.de;0.7364818617385352
3267;3267;Ford;Kuga;1-1-2024;35.389;;22227.0;Automatik;Hybrid (Elektro / Benzin);8.0;85.0;224.0;0.0015921626850227202;14.16;2619.6;1572.5;True;Auto.de;12.347.707.049.965.700
3268;3268;Ford;SONSTIGE;1-10-2024;73.421;;1200.0;Automatik;Diesel;6.0;225.0;170.0;0.06118416666666667;10.620.000.000.000.000;19.647.000.000.000.000;4162.5;False;Auto.de;0.48459958932238195
3269;3269;Ford;SONSTIGE;1-10-2024;74.083;;1200.0;Automatik;Diesel;6.0;225.0;170.0;0.06173583333333333;10.620.000.000.000.000;19.647.000.000.000.000;4162.5;False;Auto.de;0.48459958932238195
3270;3270;Volkswagen;Touareg;1-10-2024;100.295;;1000.0;Automatik;Diesel;4.0;499.0;286.0;0.100295;7.08;1309.8;9231.5;False;Auto.de;0.48459958932238195
3271;3271;Skoda;Octavia;1-7-2024;43.079;;10.0;Automatik;Benzin;3.0;499.0;150.0;43.079;53.100.000.000.000.000;9.823.500.000.000.000;9231.5;False;Auto.de;0.7364818617385352
3272;3272;Skoda;Octavia;1-6-2024;42.044;;10.0;Automatik;Benzin;3.0;499.0;150.0;42.044;53.100.000.000.000.000;9.823.500.000.000.000;9231.5;False;Auto.de;0.8186173853524983
3273;3273;Volkswagen;Caddy;1-12-2024;48.65;;10.0;Automatik;Diesel;7.0;499.0;122.0;4.865;12.39;2292.15;9231.5;False;Auto.de;0.31759069130732376
3274;3274;Seat;Ateca;1-12-2024;37.861;;10.0;Automatik;Benzin;4.0;499.0;150.0;37.861;7.08;1309.8;9231.5;False;Auto.de;0.31759069130732376
3275;3275;Seat;Ateca;1-12-2024;40.901;;1800.0;Automatik;Benzin;4.0;499.0;150.0;0.02272277777777778;7.08;1309.8;9231.5;False;Auto.de;0.31759069130732376
3276;3276;Seat;Ateca;1-12-2024;40.315;;10.0;Automatik;Benzin;4.0;499.0;150.0;4.031.499.999.999.990;7.08;1309.8;9231.5;False;Auto.de;0.31759069130732376
3277;3277;Skoda;Octavia;1-9-2024;43.808;;10.0;Automatik;Diesel;6.0;499.0;150.0;43.808;10.620.000.000.000.000;19.647.000.000.000.000;9231.5;False;Auto.de;0.5667351129363449
3278;3278;Volkswagen;Tiguan;1-12-2024;52.943;;10.0;Automatik;Diesel;3.0;499.0;150.0;52.943;53.100.000.000.000.000;9.823.500.000.000.000;9231.5;False;Auto.de;0.31759069130732376
3279;3279;Skoda;Superb;1-8-2024;59.396;;10.0;Automatik;Diesel;5.0;499.0;150.0;59.396;8.85;1637.25;9231.5;False;Auto.de;0.6516084873374401
3280;3280;Volkswagen;Touareg;1-9-2024;105.86;;10.0;Automatik;Diesel;4.0;499.0;286.0;10.586;7.08;1309.8;9231.5;False;Auto.de;0.5667351129363449
3281;3281;Volkswagen;Touareg;1-9-2024;104.899;;10.0;Automatik;Diesel;3.0;499.0;286.0;104.899;53.100.000.000.000.000;9.823.500.000.000.000;9231.5;False;Auto.de;0.5667351129363449
3282;3282;Volkswagen;Touareg;1-9-2024;105.635;;10.0;Automatik;Diesel;3.0;499.0;286.0;10.563.500.000.000.000;53.100.000.000.000.000;9.823.500.000.000.000;9231.5;False;Auto.de;0.5667351129363449
3283;3283;Skoda;Karoq;1-11-2024;43.968;;50.0;Automatik;Benzin;4.0;499.0;150.0;0.87936;7.08;1309.8;9231.5;False;Auto.de;0.3997262149212868
3284;3284;Skoda;Superb;1-10-2024;52.831;;10.0;Automatik;Diesel;2.0;499.0;150.0;52.831;3.54;654.9;9231.5;False;Auto.de;0.48459958932238195
3285;3285;Hyundai;i30;1-12-2024;33.601;;10.0;Automatik;Benzin;3.0;499.0;140.0;33.601;53.100.000.000.000.000;9.823.500.000.000.000;9231.5;False;Auto.de;0.31759069130732376
3286;3286;Volkswagen;Tiguan;1-10-2024;58.987;;10.0;Automatik;Diesel;2.0;499.0;190.0;58.987;3.54;654.9;9231.5;False;Auto.de;0.48459958932238195
3287;3287;Volkswagen;Touareg;1-10-2024;107.674;;10.0;Automatik;Diesel;4.0;499.0;286.0;107.674;7.08;1309.8;9231.5;False;Auto.de;0.48459958932238195
3288;3288;Skoda;Octavia;1-6-2024;40.624;;10.0;Automatik;Benzin;3.0;499.0;150.0;40.624;53.100.000.000.000.000;9.823.500.000.000.000;9231.5;False;Auto.de;0.8186173853524983
3289;3289;Skoda;Fabia;1-10-2024;25.553;;10.0;Schaltgetriebe;Benzin;1.0;499.0;95.0;25.553;1.77;327.45;9231.5;False;Auto.de;0.48459958932238195
3290;3290;Skoda;Fabia;1-10-2024;25.538;;10.0;Schaltgetriebe;Benzin;1.0;499.0;95.0;25.538;1.77;327.45;9231.5;False;Auto.de;0.48459958932238195
3291;3291;Seat;Ateca;1-12-2024;37.912;;10.0;Automatik;Benzin;4.0;499.0;150.0;37.912;7.08;1309.8;9231.5;False;Auto.de;0.31759069130732376
3292;3292;Volkswagen;Tiguan;1-12-2024;53.431;;10.0;Automatik;Diesel;3.0;499.0;150.0;53.431;53.100.000.000.000.000;9.823.500.000.000.000;9231.5;False;Auto.de;0.31759069130732376
3293;3293;Volkswagen;Tiguan;1-12-2024;53.155;;10.0;Automatik;Diesel;3.0;499.0;150.0;53.155;53.100.000.000.000.000;9.823.500.000.000.000;9231.5;False;Auto.de;0.31759069130732376
3294;3294;Volkswagen;Touareg;1-9-2024;102.542;;10.0;Automatik;Diesel;3.0;499.0;286.0;102.542;53.100.000.000.000.000;9.823.500.000.000.000;9231.5;False;Auto.de;0.5667351129363449
3295;3295;Hyundai;i30;1-12-2024;34.808;;10.0;Automatik;Benzin;3.0;499.0;140.0;34.808;53.100.000.000.000.000;9.823.500.000.000.000;9231.5;False;Auto.de;0.31759069130732376
3296;3296;Volkswagen;Caddy;1-10-2024;42.853;;10.0;Schaltgetriebe;Diesel;6.0;499.0;102.0;42.853;10.620.000.000.000.000;19.647.000.000.000.000;9231.5;False;Auto.de;0.48459958932238195
3297;3297;Skoda;Karoq;1-11-2024;44.104;;50.0;Automatik;Benzin;4.0;499.0;150.0;0.88208;7.08;1309.8;9231.5;False;Auto.de;0.3997262149212868
3298;3298;Seat;Ateca;1-12-2024;40.237;;1150.0;Automatik;Benzin;4.0;499.0;150.0;0.03498869565217391;7.08;1309.8;9231.5;False;Auto.de;0.31759069130732376
3299;3299;Skoda;Fabia;1-11-2024;23.909;;10.0;Schaltgetriebe;Benzin;9.0;499.0;95.0;23.909;15.93;2947.05;9231.5;False;Auto.de;0.3997262149212868
3300;3300;Volkswagen;Caddy;1-10-2024;42.667;;10.0;Schaltgetriebe;Diesel;6.0;499.0;102.0;42.667;10.620.000.000.000.000;19.647.000.000.000.000;9231.5;False;Auto.de;0.48459958932238195
3301;3301;Seat;Ateca;1-12-2024;39.026;;10.0;Automatik;Benzin;4.0;499.0;150.0;39.026.000.000.000.000;7.08;1309.8;9231.5;False;Auto.de;0.31759069130732376
3302;3302;Hyundai;i30;1-2-2024;26.333;;15.0;Automatik;Benzin;6.0;499.0;120.0;17.555.333.333.333.300;10.620.000.000.000.000;19.647.000.000.000.000;9231.5;False;Auto.de;11.498.973.305.954.800
3303;3303;Skoda;Octavia;1-6-2024;41.086;;10.0;Automatik;Benzin;3.0;499.0;150.0;41.086;53.100.000.000.000.000;9.823.500.000.000.000;9231.5;False;Auto.de;0.8186173853524983
3304;3304;Seat;Ateca;1-12-2024;40.648;;10.0;Automatik;Benzin;4.0;499.0;150.0;40.648;7.08;1309.8;9231.5;False;Auto.de;0.31759069130732376
3305;3305;Volkswagen;Tiguan;1-12-2024;57.961;;10.0;Automatik;Diesel;5.0;499.0;150.0;57.961;8.85;1637.25;9231.5;False;Auto.de;0.31759069130732376
3306;3306;Hyundai;i30;1-9-2024;33.123;;10.0;Automatik;Benzin;3.0;499.0;140.0;33.122.999.999.999.900;53.100.000.000.000.000;9.823.500.000.000.000;9231.5;False;Auto.de;0.5667351129363449
3307;3307;Volkswagen;Caddy;1-10-2024;42.857;;10.0;Schaltgetriebe;Diesel;6.0;499.0;102.0;42.857;10.620.000.000.000.000;19.647.000.000.000.000;9231.5;False;Auto.de;0.48459958932238195
3308;3308;Volkswagen;Caddy;1-10-2024;42.583;;1750.0;Schaltgetriebe;Diesel;6.0;499.0;102.0;0.024333142857142855;10.620.000.000.000.000;19.647.000.000.000.000;9231.5;False;Auto.de;0.48459958932238195
3309;3309;Volkswagen;Caddy;1-10-2024;42.887;;10.0;Schaltgetriebe;Diesel;6.0;499.0;102.0;42.887;10.620.000.000.000.000;19.647.000.000.000.000;9231.5;False;Auto.de;0.48459958932238195
3310;3310;Volkswagen;Caddy;1-10-2024;42.735;;10.0;Schaltgetriebe;Diesel;6.0;499.0;102.0;42.735;10.620.000.000.000.000;19.647.000.000.000.000;9231.5;False;Auto.de;0.48459958932238195
3311;3311;Volkswagen;T-Roc;1-7-2024;49.309;;10000.0;Automatik;Benzin;3.0;166.0;190.0;0.004930899999999999;53.100.000.000.000.000;9.823.500.000.000.000;3071.0;False;Auto.de;0.7364818617385352
3312;3312;Hyundai;i30;1-12-2024;33.467;;10.0;Automatik;Benzin;3.0;144.0;140.0;33.467;53.100.000.000.000.000;9.823.500.000.000.000;2664.0;False;Auto.de;0.31759069130732376
3313;3313;Fiat;Ducato;1-6-2024;57.384;;10.0;Schaltgetriebe;Diesel;7.0;228.0;140.0;57.384;12.39;2292.15;4218.0;False;Auto.de;0.8186173853524983
3314;3314;Fiat;Ducato;1-6-2024;57.34;;10.0;Schaltgetriebe;Diesel;7.0;228.0;140.0;5.734;12.39;2292.15;4218.0;False;Auto.de;0.8186173853524983
3315;3315;Volkswagen;Golf Variant;1-8-2024;39.76;;14432.0;Automatik;Benzin;8.0;132.0;116.0;0.0027549889135254986;14.16;2619.6;2442.0;False;Auto.de;0.6516084873374401
3316;3316;Hyundai;Kona;1-12-2024;34.14;;15.0;Automatik;Benzin;3.0;141.0;137.0;22.760.000.000.000.000;53.100.000.000.000.000;9.823.500.000.000.000;2608.5;False;Auto.de;0.31759069130732376
3317;3317;Audi;Q3;1-4-2024;56.123;;8106.0;Automatik;Hybrid (Elektro / Benzin);8.0;85.0;245.0;0.0069236368122378485;14.16;2619.6;1572.5;True;Auto.de;0.9856262833675564
3318;3318;Fiat;Ducato;1-6-2024;59.081;;10.0;Schaltgetriebe;Diesel;7.0;228.0;140.0;59.081;12.39;2292.15;4218.0;False;Auto.de;0.8186173853524983
3319;3319;Fiat;Ducato;1-6-2024;58.872;;10.0;Schaltgetriebe;Diesel;7.0;228.0;140.0;58.872;12.39;2292.15;4218.0;False;Auto.de;0.8186173853524983
3320;3320;Volkswagen;Tiguan;1-6-2024;56.621;;24279.0;Automatik;Diesel;7.0;186.0;150.0;0.002332097697598748;12.39;2292.15;3441.0;False;Auto.de;0.8186173853524983
3321;3321;Hyundai;Kona;1-12-2024;35.143;;15.0;Automatik;Benzin;3.0;141.0;137.0;23.428.666.666.666.600;53.100.000.000.000.000;9.823.500.000.000.000;2608.5;False;Auto.de;0.31759069130732376
3322;3322;Ford;Focus;1-7-2024;31.242;;13600.0;Schaltgetriebe;Benzin;7.0;130.0;125.0;0.0022972058823529412;12.39;2292.15;2405.0;True;Auto.de;0.7364818617385352
3323;3323;Volkswagen;Tiguan;1-6-2024;55.004;;25406.0;Automatik;Diesel;7.0;186.0;150.0;0.002165000393607809;12.39;2292.15;3441.0;False;Auto.de;0.8186173853524983
3324;3324;Hyundai;Staria;1-4-2024;55.161;;30500.0;Automatik;Diesel;5.0;222.0;177.0;0.0018085573770491804;8.85;1637.25;4107.0;False;Auto.de;0.9856262833675564
3325;3325;Ford;Kuga;1-2-2024;32.789;;17800.0;Automatik;Hybrid (Elektro / Benzin);8.0;85.0;224.0;0.0018420786516853934;14.16;2619.6;1572.5;True;Auto.de;11.498.973.305.954.800
3326;3326;Ford;Kuga;1-4-2024;40.382;;24861.0;Automatik;Diesel;5.0;170.0;120.0;0.001624311170105788;8.85;1637.25;3145.0;False;Auto.de;0.9856262833675564
3327;3327;Volkswagen;Caddy;1-12-2024;35.896;;0.0;Schaltgetriebe;Diesel;5.0;499.0;102.0;inf;8.85;1637.25;9231.5;False;Auto.de;0.31759069130732376
3328;3328;Volkswagen;Caddy;1-12-2024;35.737;;0.0;Schaltgetriebe;Diesel;5.0;499.0;102.0;inf;8.85;1637.25;9231.5;False;Auto.de;0.31759069130732376
3329;3329;Ford;Transit;1-11-2024;54.133;;15.0;Schaltgetriebe;Diesel;8.0;499.0;170.0;36.088.666.666.666.600;14.16;2619.6;9231.5;False;Auto.de;0.3997262149212868
3330;3330;Volkswagen;Tiguan;1-11-2024;56.375;;10.0;Automatik;Benzin;2.0;499.0;150.0;56.375;3.54;654.9;9231.5;False;Auto.de;0.3997262149212868
3331;3331;Hyundai;i30;1-10-2024;33.204;;10.0;Schaltgetriebe;Benzin;9.0;499.0;140.0;33.204.000.000.000.000;15.93;2947.05;9231.5;False;Auto.de;0.48459958932238195
3332;3332;Hyundai;i30;1-10-2024;36.415;;10.0;Automatik;Benzin;4.0;499.0;140.0;36.414.999.999.999.900;7.08;1309.8;9231.5;False;Auto.de;0.48459958932238195
3333;3333;Seat;Arona;1-9-2024;28.86;;10.0;Automatik;Benzin;8.0;499.0;116.0;2.886;14.16;2619.6;9231.5;False;Auto.de;0.5667351129363449
3334;3334;Volkswagen;T-Roc;1-2-2024;45.856;;23640.0;Automatik;Benzin;8.0;178.0;190.0;0.0019397631133671743;14.16;2619.6;3293.0;False;Auto.de;11.498.973.305.954.800
3335;3335;Volkswagen;Tiguan;1-3-2024;56.38;;19037.0;Automatik;Benzin;8.0;185.0;190.0;0.00296160109260913;14.16;2619.6;3422.5;False;Auto.de;10.704.996.577.686.500
3336;3336;Volkswagen;Tiguan;1-2-2024;42.589;;18439.0;Automatik;Diesel;7.0;186.0;150.0;0.0023097239546613158;12.39;2292.15;3441.0;False;Auto.de;11.498.973.305.954.800
3337;3337;Volkswagen;Golf;1-1-2024;36.389;;19900.0;Automatik;Diesel;7.0;186.0;200.0;0.0018285929648241207;12.39;2292.15;3441.0;False;Auto.de;12.347.707.049.965.700
3338;3338;Hyundai;i20;1-5-2024;29.719;;4700.0;Schaltgetriebe;Benzin;3.0;120.0;120.0;0.006323191489361703;53.100.000.000.000.000;9.823.500.000.000.000;2220.0;True;Auto.de;0.9034907597535934
3339;3339;Hyundai;i20;1-5-2024;29.949;;8000.0;Schaltgetriebe;Benzin;3.0;120.0;120.0;0.003743625;53.100.000.000.000.000;9.823.500.000.000.000;2220.0;True;Auto.de;0.9034907597535934
3340;3340;Hyundai;i30;1-5-2024;31.729;;15800.0;Automatik;Benzin;6.0;128.0;160.0;0.0020081645569620253;10.620.000.000.000.000;19.647.000.000.000.000;2368.0;True;Auto.de;0.9034907597535934
3341;3341;Volkswagen;SONSTIGE;1-7-2024;35.273;;6613.0;Schaltgetriebe;Benzin;8.0;185.0;116.0;0.005333887796763951;14.16;2619.6;3422.5;False;Auto.de;0.7364818617385352
3342;3342;Volkswagen;T-Cross;1-4-2024;32.356;;26322.0;Automatik;Benzin;8.0;185.0;116.0;0.0012292378998556342;14.16;2619.6;3422.5;False;Auto.de;0.9856262833675564
3343;3343;Audi;SONSTIGE;1-5-2024;42.197;;15335.0;Automatik;Benzin;8.0;185.0;150.0;0.0027516791653081187;14.16;2619.6;3422.5;False;Auto.de;0.9034907597535934
3344;3344;Dacia;Jogger;1-5-2024;25.29;;17950.0;Schaltgetriebe;Benzin;8.0;185.0;110.0;0.0014089136490250695;14.16;2619.6;3422.5;False;Auto.de;0.9034907597535934
3345;3345;Hyundai;i30;1-4-2024;32.613;;17000.0;Automatik;Benzin;6.0;128.0;160.0;0.0019184117647058822;10.620.000.000.000.000;19.647.000.000.000.000;2368.0;True;Auto.de;0.9856262833675564
3346;3346;Citroen;C4;1-4-2024;26.454;;23306.0;Automatik;Diesel;1.0;0.0;131.0;0.001135072513515833;1.77;327.45;0.0;True;Auto.de;0.9856262833675564
3347;3347;Alfa;Romeo Giulia;1-3-2024;41.248;;14103.0;Automatik;Benzin;3.0;167.0;280.0;0.0029247677799049848;53.100.000.000.000.000;9.823.500.000.000.000;3089.5;False;Auto.de;10.704.996.577.686.500
3348;3348;Fiat;500X;1-3-2024;27.548;;12775.0;Automatik;Benzin;8.0;185.0;131.0;0.002156399217221135;14.16;2619.6;3422.5;False;Auto.de;10.704.996.577.686.500
3349;3349;Volkswagen;Crafter;1-7-2024;81.658;;50.0;Automatik;Diesel;5.0;499.0;177.0;163.316;8.85;1637.25;9231.5;False;Auto.de;0.7364818617385352
3350;3350;Volkswagen;Crafter;1-11-2024;53.639;;50.0;Schaltgetriebe;Diesel;9.0;499.0;140.0;107.278;15.93;2947.05;9231.5;False;Auto.de;0.3997262149212868
3351;3351;Volkswagen;Caddy;1-9-2024;31.936;;100.0;Schaltgetriebe;Diesel;9.0;499.0;102.0;0.31936;15.93;2947.05;9231.5;False;Auto.de;0.5667351129363449
3352;3352;Volkswagen;Crafter;1-6-2024;46.546;;50.0;Schaltgetriebe;Diesel;4.0;499.0;102.0;0.93092;7.08;1309.8;9231.5;False;Auto.de;0.8186173853524983
3353;3353;Volkswagen;Crafter;1-6-2024;50.058;;50.0;Schaltgetriebe;Diesel;4.0;499.0;102.0;100.116;7.08;1309.8;9231.5;False;Auto.de;0.8186173853524983
3354;3354;Volkswagen;Crafter;1-6-2024;45.704;;50.0;Schaltgetriebe;Diesel;4.0;499.0;102.0;0.91408;7.08;1309.8;9231.5;False;Auto.de;0.8186173853524983
3355;3355;Volkswagen;Crafter;1-6-2024;49.858;;50.0;Schaltgetriebe;Diesel;4.0;499.0;102.0;0.9971599999999999;7.08;1309.8;9231.5;False;Auto.de;0.8186173853524983
3356;3356;Volkswagen;Crafter;1-11-2024;53.334;;50.0;Schaltgetriebe;Diesel;9.0;499.0;140.0;106.668;15.93;2947.05;9231.5;False;Auto.de;0.3997262149212868
3357;3357;Volkswagen;Crafter;1-11-2024;53.239;;50.0;Schaltgetriebe;Diesel;9.0;499.0;140.0;10.647.799.999.999.900;15.93;2947.05;9231.5;False;Auto.de;0.3997262149212868
3358;3358;Volkswagen;Crafter;1-4-2024;65.51;;200.0;Schaltgetriebe;Diesel;6.0;499.0;140.0;0.32755;10.620.000.000.000.000;19.647.000.000.000.000;9231.5;False;Auto.de;0.9856262833675564
3359;3359;Ford;Kuga;1-2-2024;35.989;;19581.0;Automatik;Hybrid (Elektro / Benzin);8.0;85.0;224.0;0.0018379551606148817;14.16;2619.6;1572.5;True;Auto.de;11.498.973.305.954.800
3360;3360;Ford;Puma;1-3-2024;32.681;;18200.0;Automatik;Benzin;3.0;142.0;155.0;0.0017956593406593406;53.100.000.000.000.000;9.823.500.000.000.000;2627.0;False;Auto.de;10.704.996.577.686.500
3361;3361;Ford;Focus;1-5-2024;38.53;;30990.0;Automatik;Benzin;5.0;125.0;155.0;0.0012433042917070023;8.85;1637.25;2312.5;True;Auto.de;0.9034907597535934
3362;3362;Volkswagen;Caddy;1-12-2024;34.372;;0.0;Schaltgetriebe;Diesel;4.0;499.0;102.0;inf;7.08;1309.8;9231.5;False;Auto.de;0.31759069130732376
3363;3363;Volkswagen;Caddy;1-12-2024;34.369;;0.0;Schaltgetriebe;Diesel;4.0;499.0;102.0;inf;7.08;1309.8;9231.5;False;Auto.de;0.31759069130732376
3364;3364;Volkswagen;Caddy;1-12-2024;34.141;;0.0;Schaltgetriebe;Diesel;4.0;499.0;102.0;inf;7.08;1309.8;9231.5;False;Auto.de;0.31759069130732376
3365;3365;Hyundai;i20;1-10-2024;24.673;;100.0;Schaltgetriebe;Benzin;6.0;127.0;101.0;0.24672999999999998;10.620.000.000.000.000;19.647.000.000.000.000;2349.5;True;Auto.de;0.48459958932238195
3366;3366;Volkswagen;Caddy;1-12-2024;48.249;;10.0;Automatik;Diesel;7.0;499.0;122.0;48.249;12.39;2292.15;9231.5;False;Auto.de;0.31759069130732376
3367;3367;Ford;Transit;1-11-2024;57.127;;10.0;Schaltgetriebe;Diesel;5.0;499.0;131.0;57.127;8.85;1637.25;9231.5;False;Auto.de;0.3997262149212868
3368;3368;Mazda;MX-30;1-1-2024;31.648;;13100.0;Automatik;Hybrid (Elektro / Benzin);1.0;21.0;170.0;0.00241587786259542;1.77;327.45;388.5;True;Auto.de;12.347.707.049.965.700
3369;3369;Volkswagen;T-Cross;1-8-2024;30.632;;7971.0;Schaltgetriebe;Benzin;6.0;135.0;95.0;0.003842930623510225;10.620.000.000.000.000;19.647.000.000.000.000;2497.5;False;Auto.de;0.6516084873374401
3370;3370;Volkswagen;T-Cross;1-8-2024;31.783;;5109.0;Schaltgetriebe;Benzin;6.0;135.0;95.0;0.006220982579761206;10.620.000.000.000.000;19.647.000.000.000.000;2497.5;False;Auto.de;0.6516084873374401
3371;3371;Audi;Q3;1-5-2024;54.057;;5208.0;Automatik;Hybrid (Elektro / Benzin);8.0;85.0;245.0;0.010379608294930877;14.16;2619.6;1572.5;True;Auto.de;0.9034907597535934
3372;3372;Ford;Puma;1-2-2024;25.389;;2478.0;Automatik;Benzin;3.0;143.0;125.0;0.010245762711864406;53.100.000.000.000.000;9.823.500.000.000.000;2645.5;False;Auto.de;11.498.973.305.954.800
3373;3373;Ford;Kuga;1-1-2024;32.189;;12200.0;Automatik;Hybrid (Elektro / Benzin);8.0;85.0;224.0;0.00263844262295082;14.16;2619.6;1572.5;True;Auto.de;12.347.707.049.965.700
3374;3374;Volkswagen;T-Roc;1-5-2024;38.203;;15130.0;Automatik;Benzin;3.0;143.0;150.0;0.0025249834765366823;53.100.000.000.000.000;9.823.500.000.000.000;2645.5;False;Auto.de;0.9034907597535934
3375;3375;Volkswagen;T-Roc;1-5-2024;36.94;;10190.0;Automatik;Benzin;2.0;142.0;150.0;0.0036251226692836113;3.54;654.9;2627.0;False;Auto.de;0.9034907597535934
3376;3376;Volkswagen;T-Roc;1-5-2024;37.801;;24400.0;Automatik;Benzin;2.0;142.0;150.0;0.0015492213114754098;3.54;654.9;2627.0;False;Auto.de;0.9034907597535934
3377;3377;Audi;A4;1-7-2024;61.708;;15828.0;Automatik;Benzin;8.0;185.0;265.0;0.003898660601465757;14.16;2619.6;3422.5;False;Auto.de;0.7364818617385352
3378;3378;Hyundai;i30;1-11-2024;33.952;;10.0;Automatik;Benzin;3.0;499.0;140.0;33.952;53.100.000.000.000.000;9.823.500.000.000.000;9231.5;False;Auto.de;0.3997262149212868
3379;3379;Volkswagen;Tiguan;1-11-2024;57.553;;10.0;Automatik;Benzin;2.0;499.0;150.0;57.553;3.54;654.9;9231.5;False;Auto.de;0.3997262149212868
3380;3380;Volkswagen;Tiguan;1-8-2024;71.525;;7900.0;Automatik;Diesel;8.0;152.0;150.0;0.00905379746835443;14.16;2619.6;2812.0;False;Auto.de;0.6516084873374401
3381;3381;Volkswagen;Tiguan;1-7-2024;62.93;;8900.0;Automatik;Diesel;7.0;150.0;150.0;0.007070786516853933;12.39;2292.15;2775.0;False;Auto.de;0.7364818617385352
3382;3382;Volkswagen;Passat Variant;1-5-2024;44.766;;26625.0;Automatik;Diesel;7.0;186.0;150.0;0.0016813521126760563;12.39;2292.15;3441.0;False;Auto.de;0.9034907597535934
3383;3383;Volkswagen;Passat Variant;1-3-2024;39.922;;25355.0;Automatik;Benzin;8.0;185.0;150.0;0.0015745217905738511;14.16;2619.6;3422.5;False;Auto.de;10.704.996.577.686.500
3384;3384;Audi;SONSTIGE;1-5-2024;54.206;;7934.0;Automatik;Diesel;7.0;186.0;163.0;0.006832114948323671;12.39;2292.15;3441.0;False;Auto.de;0.9034907597535934
3385;3385;Audi;SONSTIGE;1-3-2024;52.714;;26819.0;Automatik;Benzin;8.0;185.0;150.0;0.0019655468138260186;14.16;2619.6;3422.5;False;Auto.de;10.704.996.577.686.500
3386;3386;Audi;SONSTIGE;1-3-2024;46.838;;21845.0;Automatik;Benzin;8.0;185.0;204.0;0.002144106202792401;14.16;2619.6;3422.5;False;Auto.de;10.704.996.577.686.500
3387;3387;Volkswagen;Taigo;1-5-2024;26.608;;23107.0;Schaltgetriebe;Benzin;8.0;185.0;95.0;0.0011515125286709654;14.16;2619.6;3422.5;False;Auto.de;0.9034907597535934
3388;3388;Volkswagen;Golf;1-3-2024;30.266;;25363.0;Schaltgetriebe;Benzin;8.0;185.0;131.0;0.0011933130938769072;14.16;2619.6;3422.5;False;Auto.de;10.704.996.577.686.500
3389;3389;Volkswagen;SONSTIGE;1-3-2024;39.476;;11873.0;Schaltgetriebe;Benzin;8.0;185.0;150.0;0.00332485471237261;14.16;2619.6;3422.5;False;Auto.de;10.704.996.577.686.500
3390;3390;Volkswagen;Golf;1-3-2024;30.395;;28759.0;Schaltgetriebe;Benzin;8.0;185.0;131.0;0.0010568865398657811;14.16;2619.6;3422.5;False;Auto.de;10.704.996.577.686.500
3391;3391;Audi;SONSTIGE;1-6-2024;52.66;;5159.0;Automatik;Benzin;8.0;185.0;310.0;0.010207404535762745;14.16;2619.6;3422.5;False;Auto.de;0.8186173853524983
3392;3392;Volkswagen;Golf;1-3-2024;30.044;;25585.0;Schaltgetriebe;Benzin;8.0;185.0;131.0;0.0011742818057455542;14.16;2619.6;3422.5;False;Auto.de;10.704.996.577.686.500
3393;3393;Volkswagen;Golf;1-3-2024;30.181;;26692.0;Schaltgetriebe;Benzin;8.0;185.0;131.0;0.0011307133223437734;14.16;2619.6;3422.5;False;Auto.de;10.704.996.577.686.500
3394;3394;Volkswagen;Golf;1-6-2024;36.181;;7819.0;Automatik;Benzin;8.0;185.0;116.0;0.004627318071364624;14.16;2619.6;3422.5;False;Auto.de;0.8186173853524983
3395;3395;Audi;Q2;1-4-2024;41.107;;29170.0;Automatik;Benzin;8.0;185.0;150.0;0.0014092218032224887;14.16;2619.6;3422.5;False;Auto.de;0.9856262833675564
3396;3396;Audi;SONSTIGE;1-4-2024;41.229;;5987.0;Automatik;Hybrid (Elektro / Benzin);8.0;85.0;150.0;0.006886420577918824;14.16;2619.6;1572.5;True;Auto.de;0.9856262833675564
3397;3397;Audi;SONSTIGE;1-3-2024;51.864;;27961.0;Automatik;Benzin;8.0;185.0;204.0;0.001854869282214513;14.16;2619.6;3422.5;False;Auto.de;10.704.996.577.686.500
3398;3398;Audi;Q3;1-5-2024;54.321;;7720.0;Automatik;Benzin;8.0;185.0;150.0;0.0070363989637305694;14.16;2619.6;3422.5;False;Auto.de;0.9034907597535934
3399;3399;Audi;A4;1-4-2024;44.857;;24463.0;Automatik;Benzin;8.0;185.0;204.0;0.001833667170829416;14.16;2619.6;3422.5;False;Auto.de;0.9856262833675564
3400;3400;Audi;SONSTIGE;1-5-2024;63.454;;27155.0;Automatik;Diesel;7.0;186.0;204.0;0.0023367335665623276;12.39;2292.15;3441.0;False;Auto.de;0.9034907597535934
3401;3401;Audi;SONSTIGE;1-4-2024;66.313;;8746.0;Automatik;Diesel;7.0;186.0;204.0;0.007582094671849989;12.39;2292.15;3441.0;False;Auto.de;0.9856262833675564
3402;3402;Volkswagen;Golf;1-4-2024;28.534;;29592.0;Schaltgetriebe;Benzin;8.0;185.0;131.0;0.0009642470938091375;14.16;2619.6;3422.5;False;Auto.de;0.9856262833675564
3403;3403;Volkswagen;Golf;1-3-2024;29.68;;25823.0;Schaltgetriebe;Benzin;8.0;185.0;131.0;0.0011493629709948495;14.16;2619.6;3422.5;False;Auto.de;10.704.996.577.686.500
3404;3404;Volkswagen;Golf;1-3-2024;29.116;;25476.0;Schaltgetriebe;Benzin;8.0;185.0;131.0;0.0011428795729313864;14.16;2619.6;3422.5;False;Auto.de;10.704.996.577.686.500
3405;3405;Volkswagen;Golf;1-2-2024;25.289;;25285.0;Schaltgetriebe;Diesel;7.0;186.0;116.0;0.001000158196559225;12.39;2292.15;3441.0;False;Auto.de;11.498.973.305.954.800
3406;3406;Seat;Arona;1-9-2024;32.615;;10.0;Automatik;Benzin;7.0;129.0;116.0;32.615.000.000.000.000;12.39;2292.15;2386.5;True;Auto.de;0.5667351129363449
3407;3407;Volkswagen;SONSTIGE;1-3-2024;32.578;;20061.0;Schaltgetriebe;Benzin;8.0;185.0;110.0;0.001623946961766612;14.16;2619.6;3422.5;False;Auto.de;10.704.996.577.686.500
3408;3408;Volkswagen;Golf;1-5-2024;51.98;;5700.0;Automatik;Benzin;8.0;185.0;320.0;0.009119298245614034;14.16;2619.6;3422.5;False;Auto.de;0.9034907597535934
3409;3409;Volkswagen;Tiguan;1-5-2024;46.935;;5993.0;Automatik;Benzin;8.0;185.0;131.0;0.007831636909728016;14.16;2619.6;3422.5;False;Auto.de;0.9034907597535934
3410;3410;Volkswagen;Golf;1-4-2024;29.68;;25682.0;Schaltgetriebe;Benzin;8.0;185.0;131.0;0.0011556732341717934;14.16;2619.6;3422.5;False;Auto.de;0.9856262833675564
3411;3411;Volkswagen;Golf;1-3-2024;29.517;;25672.0;Schaltgetriebe;Benzin;8.0;185.0;131.0;0.0011497740729199126;14.16;2619.6;3422.5;False;Auto.de;10.704.996.577.686.500
3412;3412;Audi;SONSTIGE;1-5-2024;52.232;;25366.0;Automatik;Diesel;7.0;186.0;204.0;0.002059134274225341;12.39;2292.15;3441.0;False;Auto.de;0.9034907597535934
3413;3413;Volkswagen;Golf;1-4-2024;29.057;;27237.0;Schaltgetriebe;Benzin;8.0;185.0;131.0;0.0010668208686712927;14.16;2619.6;3422.5;False;Auto.de;0.9856262833675564
3414;3414;Volkswagen;Golf;1-3-2024;30.352;;25380.0;Schaltgetriebe;Benzin;8.0;185.0;131.0;0.0011959022852639873;14.16;2619.6;3422.5;False;Auto.de;10.704.996.577.686.500
3415;3415;Volkswagen;Golf;1-3-2024;28.745;;25158.0;Schaltgetriebe;Benzin;8.0;185.0;131.0;0.0011425789013435092;14.16;2619.6;3422.5;False;Auto.de;10.704.996.577.686.500
3416;3416;Volkswagen;Taigo;1-5-2024;25.502;;5500.0;Schaltgetriebe;Benzin;8.0;185.0;95.0;0.004636727272727272;14.16;2619.6;3422.5;False;Auto.de;0.9034907597535934
3417;3417;Volkswagen;Passat Variant;1-4-2024;42.64;;20693.0;Automatik;Benzin;8.0;185.0;150.0;0.002060600202967187;14.16;2619.6;3422.5;False;Auto.de;0.9856262833675564
3418;3418;Ford;Puma;1-4-2024;35.758;;13952.0;Automatik;Benzin;3.0;143.0;125.0;0.0025629300458715597;53.100.000.000.000.000;9.823.500.000.000.000;2645.5;False;Auto.de;0.9856262833675564
3419;3419;Ford;Puma;1-10-2024;47.248;;1500.0;Automatik;Benzin;3.0;142.0;155.0;0.03149866666666667;53.100.000.000.000.000;9.823.500.000.000.000;2627.0;False;Auto.de;0.48459958932238195
3420;3420;Ford;Kuga;1-1-2024;30.989;;6080.0;Automatik;Hybrid (Elektro / Benzin);8.0;85.0;224.0;0.005096875;14.16;2619.6;1572.5;True;Auto.de;12.347.707.049.965.700
3421;3421;Ford;Kuga;1-2-2024;32.189;;27008.0;Automatik;Diesel;5.0;170.0;120.0;0.0011918320497630332;8.85;1637.25;3145.0;False;Auto.de;11.498.973.305.954.800
3422;3422;Ford;Puma;1-2-2024;28.689;;10792.0;Automatik;Benzin;3.0;142.0;155.0;0.002658358042994811;53.100.000.000.000.000;9.823.500.000.000.000;2627.0;False;Auto.de;11.498.973.305.954.800
3423;3423;Volkswagen;T-Roc;1-5-2024;33.294;;20290.0;Schaltgetriebe;Benzin;3.0;143.0;150.0;0.0016409068506653523;53.100.000.000.000.000;9.823.500.000.000.000;2645.5;False;Auto.de;0.9034907597535934
3424;3424;Volkswagen;T-Roc;1-5-2024;34.802;;18645.0;Schaltgetriebe;Benzin;3.0;143.0;150.0;0.0018665593993027621;53.100.000.000.000.000;9.823.500.000.000.000;2645.5;False;Auto.de;0.9034907597535934
3425;3425;Volkswagen;T-Roc;1-5-2024;38.368;;23200.0;Automatik;Benzin;3.0;143.0;150.0;0.001653793103448276;53.100.000.000.000.000;9.823.500.000.000.000;2645.5;False;Auto.de;0.9034907597535934
3426;3426;Volkswagen;T-Roc;1-5-2024;37.675;;22290.0;Automatik;Benzin;2.0;142.0;150.0;0.001690219829519964;3.54;654.9;2627.0;False;Auto.de;0.9034907597535934
3427;3427;Volkswagen;T-Roc;1-5-2024;36.729;;30860.0;Automatik;Benzin;3.0;143.0;150.0;0.0011901814646791964;53.100.000.000.000.000;9.823.500.000.000.000;2645.5;False;Auto.de;0.9034907597535934
3428;3428;Volkswagen;T-Roc;1-5-2024;37.648;;19580.0;Automatik;Benzin;3.0;143.0;150.0;0.0019227783452502555;53.100.000.000.000.000;9.823.500.000.000.000;2645.5;False;Auto.de;0.9034907597535934
3429;3429;Hyundai;i30;1-6-2024;29.982;;10.0;Automatik;Benzin;6.0;499.0;99.0;29.981.999.999.999.900;10.620.000.000.000.000;19.647.000.000.000.000;9231.5;False;Auto.de;0.8186173853524983
3430;3430;Hyundai;Tucson;1-11-2024;43.067;;10.0;Automatik;Diesel;3.0;499.0;136.0;43.067;53.100.000.000.000.000;9.823.500.000.000.000;9231.5;False;Auto.de;0.3997262149212868
3431;3431;Skoda;Octavia;1-12-2024;38.248;;50.0;Automatik;Benzin;1.0;115.0;150.0;0.76496;1.77;327.45;2127.5;True;Auto.de;0.31759069130732376
3432;3432;Volkswagen;Tiguan;1-10-2024;53.878;;50.0;Automatik;Diesel;5.0;143.0;150.0;107.756;8.85;1637.25;2645.5;False;Auto.de;0.48459958932238195
3433;3433;Volkswagen;Golf GTI;1-1-2024;38.089;;26870.0;Automatik;Benzin;2.0;163.0;245.0;0.0014175288425753627;3.54;654.9;3015.5;False;Auto.de;12.347.707.049.965.700
3434;3434;Volkswagen;Tiguan;1-10-2024;53.106;;50.0;Automatik;Diesel;5.0;143.0;150.0;106.212;8.85;1637.25;2645.5;False;Auto.de;0.48459958932238195
3435;3435;Volkswagen;Tiguan;1-10-2024;52.48;;2000.0;Automatik;Diesel;5.0;143.0;150.0;0.02624;8.85;1637.25;2645.5;False;Auto.de;0.48459958932238195
3436;3436;Volkswagen;Tiguan;1-10-2024;52.959;;50.0;Automatik;Diesel;5.0;143.0;150.0;105.918;8.85;1637.25;2645.5;False;Auto.de;0.48459958932238195
3437;3437;Skoda;Superb;1-10-2024;64.715;;50.0;Automatik;Diesel;6.0;174.0;190.0;12.943;10.620.000.000.000.000;19.647.000.000.000.000;3219.0;False;Auto.de;0.48459958932238195
3438;3438;Mazda;CX-30;1-3-2025;35.727;;10.0;Schaltgetriebe;Benzin;6.0;136.0;140.0;35.726.999.999.999.900;10.620.000.000.000.000;19.647.000.000.000.000;2516.0;False;Auto.de;0.07118412046543464
3439;3439;Mazda;CX-60;1-3-2025;70.937;;10.0;Automatik;Diesel;5.0;142.0;254.0;70.937;8.85;1637.25;2627.0;False;Auto.de;0.07118412046543464
3440;3440;Mazda;CX-60;1-3-2025;69.995;;10.0;Automatik;Diesel;4.0;140.0;254.0;69.995;7.08;1309.8;2590.0;False;Auto.de;0.07118412046543464
3441;3441;Mazda;CX-30;1-2-2025;37.82;;2003.0;Schaltgetriebe;Benzin;6.0;136.0;140.0;0.01888167748377434;10.620.000.000.000.000;19.647.000.000.000.000;2516.0;False;Auto.de;0.14784394250513347
3442;3442;Hyundai;i10;1-2-2025;23.858;;2003.0;Schaltgetriebe;Benzin;4.0;123.0;90.0;0.011911133300049925;7.08;1309.8;2275.5;True;Auto.de;0.14784394250513347
3443;3443;Volkswagen;Touareg;1-2-2025;95.172;;10.0;Automatik;Diesel;4.0;499.0;286.0;9.517.199.999.999.990;7.08;1309.8;9231.5;False;Auto.de;0.14784394250513347
3444;3444;Mazda;3;1-2-2025;34.565;;10.0;Schaltgetriebe;Benzin;6.0;135.0;140.0;34.564.999.999.999.900;10.620.000.000.000.000;19.647.000.000.000.000;2497.5;False;Auto.de;0.14784394250513347
3445;3445;Mazda;CX-30;1-2-2025;37.263;;1002.0;Schaltgetriebe;Benzin;6.0;136.0;140.0;0.037188622754491016;10.620.000.000.000.000;19.647.000.000.000.000;2516.0;False;Auto.de;0.14784394250513347
3446;3446;Hyundai;Tucson;1-3-2025;53.746;;1003.0;Automatik;Hybrid (Elektro / Benzin);5.0;147.0;215.0;0.053585244267198406;8.85;1637.25;2719.5;False;Auto.de;0.07118412046543464
3447;3447;Mazda;3;1-2-2025;33.816;;1003.0;Schaltgetriebe;Benzin;6.0;135.0;140.0;0.033714855433698905;10.620.000.000.000.000;19.647.000.000.000.000;2497.5;False;Auto.de;0.14784394250513347
3448;3448;Mazda;CX-5;1-2-2025;40.253;;10.0;Schaltgetriebe;Benzin;5.0;146.0;165.0;40.253;8.85;1637.25;2701.0;False;Auto.de;0.14784394250513347
3449;3449;Mazda;CX-5;1-2-2025;40.167;;10.0;Schaltgetriebe;Benzin;5.0;146.0;165.0;40.167;8.85;1637.25;2701.0;False;Auto.de;0.14784394250513347
3450;3450;Mazda;3;1-2-2025;34.525;;10.0;Schaltgetriebe;Benzin;6.0;135.0;140.0;34.524.999.999.999.900;10.620.000.000.000.000;19.647.000.000.000.000;2497.5;False;Auto.de;0.14784394250513347
3451;3451;Mazda;CX-60;1-2-2025;62.343;;10.0;Automatik;Diesel;5.0;142.0;254.0;62.343;8.85;1637.25;2627.0;False;Auto.de;0.14784394250513347
3452;3452;Hyundai;SONSTIGE;1-2-2025;28.817;;10.0;Automatik;Elektro;;0.0;97.0;28.817;;;0.0;True;Auto.de;0.14784394250513347
3453;3453;Nissan;Juke;1-1-2025;26.261;;10.0;Schaltgetriebe;Benzin;9.0;499.0;114.0;26.261;15.93;2947.05;9231.5;False;Auto.de;0.2327173169062286
3454;3454;Hyundai;i30;;25.151;;0.0;Schaltgetriebe;Benzin;3.0;499.0;99.0;inf;53.100.000.000.000.000;9.823.500.000.000.000;9231.5;False;Auto.de;
3455;3455;Hyundai;i30;;25.903;;0.0;Schaltgetriebe;Benzin;6.0;499.0;99.0;inf;10.620.000.000.000.000;19.647.000.000.000.000;9231.5;False;Auto.de;
3456;3456;Hyundai;i30;;29.63;;0.0;Automatik;Benzin;9.0;499.0;99.0;inf;15.93;2947.05;9231.5;False;Auto.de;
3457;3457;Volkswagen;Touareg;1-2-2025;93.89;;10.0;Automatik;Diesel;4.0;499.0;286.0;9.389;7.08;1309.8;9231.5;False;Auto.de;0.14784394250513347
3458;3458;Volkswagen;Touareg;1-2-2025;99.307;;10.0;Automatik;Diesel;4.0;499.0;286.0;99.307;7.08;1309.8;9231.5;False;Auto.de;0.14784394250513347
3459;3459;Ford;Tourneo Custom;1-2-2025;69.606;;1010.0;Automatik;Diesel;3.0;285.0;170.0;0.06891683168316831;53.100.000.000.000.000;9.823.500.000.000.000;5272.5;False;Auto.de;0.14784394250513347
3460;3460;Dacia;Sandero;;17.614;;10.0;Automatik;Benzin;7.0;499.0;90.0;17.614;12.39;2292.15;9231.5;False;Auto.de;
3461;3461;Volkswagen;Touareg;1-2-2025;94.399;;10.0;Automatik;Diesel;4.0;499.0;286.0;94.399;7.08;1309.8;9231.5;False;Auto.de;0.14784394250513347
3462;3462;Peugeot;308;;39.763;;0.0;Automatik;Diesel;1.0;499.0;131.0;inf;1.77;327.45;9231.5;False;Auto.de;
3463;3463;Peugeot;308;;35.64;;0.0;Automatik;Diesel;1.0;499.0;131.0;inf;1.77;327.45;9231.5;False;Auto.de;
3464;3464;Peugeot;308;;40.096;;0.0;Automatik;Diesel;7.0;186.0;131.0;inf;12.39;2292.15;3441.0;False;Auto.de;
3465;3465;Peugeot;308;;36.575;;0.0;Automatik;Diesel;1.0;499.0;131.0;inf;1.77;327.45;9231.5;False;Auto.de;
3466;3466;Peugeot;308;;35.985;;0.0;Automatik;Diesel;1.0;499.0;131.0;inf;1.77;327.45;9231.5;False;Auto.de;
3467;3467;Dacia;Sandero;;19.126;;10.0;Automatik;Benzin;7.0;499.0;90.0;19.126;12.39;2292.15;9231.5;False;Auto.de;
3468;3468;Volkswagen;Touareg;1-1-2025;99.307;;800.0;Automatik;Diesel;4.0;499.0;286.0;0.12413375;7.08;1309.8;9231.5;False;Auto.de;0.2327173169062286
3469;3469;Volkswagen;Touareg;1-1-2025;93.575;;10.0;Automatik;Diesel;4.0;499.0;286.0;93.575;7.08;1309.8;9231.5;False;Auto.de;0.2327173169062286
3470;3470;Dacia;Sandero;;19.157;;0.0;Automatik;Benzin;7.0;499.0;90.0;inf;12.39;2292.15;9231.5;False;Auto.de;
3471;3471;Dacia;Sandero;;19.106;;0.0;Automatik;Benzin;7.0;499.0;90.0;inf;12.39;2292.15;9231.5;False;Auto.de;
3472;3472;Dacia;Sandero;;19.038;;0.0;Automatik;Benzin;7.0;499.0;90.0;inf;12.39;2292.15;9231.5;False;Auto.de;
3473;3473;Dacia;Sandero;;19.113;;0.0;Automatik;Benzin;7.0;499.0;90.0;inf;12.39;2292.15;9231.5;False;Auto.de;
3474;3474;Hyundai;SONSTIGE;1-1-2025;30.913;;2403.0;Automatik;Elektro;;0.0;97.0;0.012864336246358719;;;0.0;True;Auto.de;0.2327173169062286
3475;3475;Skoda;Karoq;1-3-2025;42.943;;10.0;Automatik;Benzin;1.0;499.0;150.0;42.943;1.77;327.45;9231.5;False;Auto.de;0.07118412046543464
3476;3476;Skoda;Karoq;1-2-2025;44.278;;10.0;Automatik;Benzin;1.0;139.0;150.0;44.277.999.999.999.900;1.77;327.45;2571.5;False;Auto.de;0.14784394250513347
3477;3477;Skoda;Karoq;1-3-2025;43.431;;10.0;Automatik;Benzin;1.0;499.0;150.0;43.431;1.77;327.45;9231.5;False;Auto.de;0.07118412046543464
3478;3478;Hyundai;i30;;30.514;;0.0;Schaltgetriebe;Benzin;9.0;499.0;140.0;inf;15.93;2947.05;9231.5;False;Auto.de;
3479;3479;Hyundai;i30;;28.728;;0.0;Schaltgetriebe;Benzin;9.0;499.0;140.0;inf;15.93;2947.05;9231.5;False;Auto.de;
3480;3480;Audi;Q5;1-2-2025;83.601;;9990.0;Automatik;Diesel;4.0;168.0;204.0;0.008368468468468468;7.08;1309.8;3108.0;False;Auto.de;0.14784394250513347
3481;3481;Hyundai;SONSTIGE;1-1-2025;29.953;;3002.0;Automatik;Elektro;;0.0;97.0;0.009977681545636241;;;0.0;True;Auto.de;0.2327173169062286
3482;3482;Maxus;eDeliver 3;1-2-2025;27.089;;30.0;Automatik;Elektro;;0.0;122.0;0.9029666666666666;;;0.0;True;Auto.de;0.14784394250513347
3483;3483;Skoda;Superb;;56.513;;0.0;Automatik;Diesel;1.0;499.0;150.0;inf;1.77;327.45;9231.5;False;Auto.de;
3484;3484;Skoda;Superb;;59.789;;0.0;Automatik;Diesel;9.0;499.0;190.0;inf;15.93;2947.05;9231.5;False;Auto.de;
3485;3485;Skoda;Superb;;54.272;;0.0;Automatik;Diesel;1.0;499.0;150.0;inf;1.77;327.45;9231.5;False;Auto.de;
3486;3486;Skoda;Superb;;62.176;;0.0;Automatik;Diesel;9.0;499.0;190.0;inf;15.93;2947.05;9231.5;False;Auto.de;
3487;3487;Volkswagen;Caddy;;35.043;;0.0;Schaltgetriebe;Diesel;3.0;499.0;102.0;inf;53.100.000.000.000.000;9.823.500.000.000.000;9231.5;False;Auto.de;
3488;3488;Hyundai;i30;;31.515;;0.0;Schaltgetriebe;Benzin;7.0;499.0;140.0;inf;12.39;2292.15;9231.5;False;Auto.de;
3489;3489;Hyundai;i30;;33.359;;0.0;Schaltgetriebe;Benzin;7.0;499.0;140.0;inf;12.39;2292.15;9231.5;False;Auto.de;
3490;3490;Hyundai;i30;;32.838;;0.0;Automatik;Benzin;3.0;499.0;140.0;inf;53.100.000.000.000.000;9.823.500.000.000.000;9231.5;False;Auto.de;
3491;3491;Hyundai;i30;;29.892;;0.0;Automatik;Benzin;3.0;499.0;140.0;inf;53.100.000.000.000.000;9.823.500.000.000.000;9231.5;False;Auto.de;
3492;3492;Hyundai;i30;;28.442;;0.0;Schaltgetriebe;Benzin;7.0;499.0;140.0;inf;12.39;2292.15;9231.5;False;Auto.de;
3493;3493;Volkswagen;Caddy;;39.144;;0.0;Automatik;Diesel;8.0;499.0;122.0;inf;14.16;2619.6;9231.5;False;Auto.de;
3494;3494;Hyundai;i30;;26.396;;0.0;Schaltgetriebe;Benzin;7.0;499.0;140.0;inf;12.39;2292.15;9231.5;False;Auto.de;
3495;3495;Hyundai;i30;;33.02;;0.0;Schaltgetriebe;Benzin;7.0;499.0;140.0;inf;12.39;2292.15;9231.5;False;Auto.de;
3496;3496;Hyundai;i30;;34.404;;0.0;Automatik;Benzin;3.0;499.0;140.0;inf;53.100.000.000.000.000;9.823.500.000.000.000;9231.5;False;Auto.de;
3497;3497;Hyundai;i30;;34.025;;0.0;Automatik;Benzin;3.0;499.0;140.0;inf;53.100.000.000.000.000;9.823.500.000.000.000;9231.5;False;Auto.de;
3498;3498;Volkswagen;Caddy;;40.847;;0.0;Schaltgetriebe;Diesel;4.0;499.0;122.0;inf;7.08;1309.8;9231.5;False;Auto.de;
3499;3499;Hyundai;i30;;30.018;;0.0;Schaltgetriebe;Benzin;7.0;499.0;140.0;inf;12.39;2292.15;9231.5;False;Auto.de;
3500;3500;Hyundai;i30;;26.746;;0.0;Schaltgetriebe;Benzin;7.0;499.0;140.0;inf;12.39;2292.15;9231.5;False;Auto.de;
3501;3501;Hyundai;i30;;32.235;;0.0;Automatik;Benzin;3.0;499.0;140.0;inf;53.100.000.000.000.000;9.823.500.000.000.000;9231.5;False;Auto.de;
3502;3502;Ford;Tourneo Courier;1-1-2025;33.467;;15.0;Schaltgetriebe;Benzin;7.0;153.0;125.0;2.231.133.333.333.330;12.39;2292.15;2830.5;False;Auto.de;0.2327173169062286
3503;3503;Hyundai;Tucson;1-3-2025;45.547;;10.0;Automatik;Hybrid (Elektro / Benzin);1.0;132.0;215.0;45.546.999.999.999.900;1.77;327.45;2442.0;False;Auto.de;0.07118412046543464
3504;3504;Hyundai;Kona;1-1-2025;35.26;;15.0;Automatik;Benzin;3.0;141.0;137.0;23.506.666.666.666.600;53.100.000.000.000.000;9.823.500.000.000.000;2608.5;False;Auto.de;0.2327173169062286
3505;3505;Hyundai;Kona;1-1-2025;34.363;;15.0;Automatik;Benzin;3.0;141.0;137.0;22.908.666.666.666.600;53.100.000.000.000.000;9.823.500.000.000.000;2608.5;False;Auto.de;0.2327173169062286
3506;3506;Ford;Tourneo Courier;1-1-2025;33.451;;15.0;Schaltgetriebe;Benzin;7.0;153.0;125.0;22.300.666.666.666.600;12.39;2292.15;2830.5;False;Auto.de;0.2327173169062286
3507;3507;Volkswagen;Caddy;;32.471;;0.0;Schaltgetriebe;Diesel;3.0;499.0;102.0;inf;53.100.000.000.000.000;9.823.500.000.000.000;9231.5;False;Auto.de;
3508;3508;Volkswagen;Caddy;;43.868;;0.0;Automatik;Diesel;8.0;499.0;122.0;inf;14.16;2619.6;9231.5;False;Auto.de;
3509;3509;Volkswagen;Caddy;;37.305;;0.0;Automatik;Diesel;8.0;499.0;122.0;inf;14.16;2619.6;9231.5;False;Auto.de;
3510;3510;Volkswagen;Caddy;;45.019;;0.0;Schaltgetriebe;Diesel;4.0;499.0;122.0;inf;7.08;1309.8;9231.5;False;Auto.de;
3511;3511;Volkswagen;Caddy;;46.972;;0.0;Automatik;Diesel;8.0;499.0;122.0;inf;14.16;2619.6;9231.5;False;Auto.de;
3512;3512;Volkswagen;Caddy;;43.137;;0.0;Automatik;Diesel;8.0;499.0;122.0;inf;14.16;2619.6;9231.5;False;Auto.de;
3513;3513;Volkswagen;Caddy;;39.044;;0.0;Schaltgetriebe;Diesel;4.0;499.0;122.0;inf;7.08;1309.8;9231.5;False;Auto.de;
3514;3514;Volkswagen;Caddy;;48.326;;0.0;Schaltgetriebe;Diesel;7.0;499.0;122.0;inf;12.39;2292.15;9231.5;False;Auto.de;
3515;3515;Volkswagen;Caddy;;44.28;;0.0;Schaltgetriebe;Diesel;7.0;499.0;122.0;inf;12.39;2292.15;9231.5;False;Auto.de;
3516;3516;Volkswagen;Caddy;;41.332;;0.0;Schaltgetriebe;Diesel;7.0;499.0;122.0;inf;12.39;2292.15;9231.5;False;Auto.de;
3517;3517;Volkswagen;Caddy;;39.849;;0.0;Schaltgetriebe;Diesel;3.0;499.0;102.0;inf;53.100.000.000.000.000;9.823.500.000.000.000;9231.5;False;Auto.de;
3518;3518;Volkswagen;Caddy;;39.919;;0.0;Automatik;Diesel;8.0;499.0;122.0;inf;14.16;2619.6;9231.5;False;Auto.de;
3519;3519;Nissan;Juke;;24.746;;10.0;Automatik;Benzin;6.0;499.0;114.0;24.745.999.999.999.900;10.620.000.000.000.000;19.647.000.000.000.000;9231.5;False;Auto.de;
3520;3520;Volkswagen;Tiguan;;47.144;;10.0;Automatik;Benzin;2.0;499.0;150.0;47.143.999.999.999.900;3.54;654.9;9231.5;False;Auto.de;
3521;3521;Volkswagen;Tiguan;;45.908;;10.0;Automatik;Benzin;2.0;499.0;150.0;45.908;3.54;654.9;9231.5;False;Auto.de;
3522;3522;Volkswagen;Tiguan;;49.58;;10.0;Automatik;Diesel;3.0;499.0;150.0;4.958;53.100.000.000.000.000;9.823.500.000.000.000;9231.5;False;Auto.de;
3523;3523;Volkswagen;Caddy;;41.858;;10.0;Schaltgetriebe;Diesel;4.0;499.0;102.0;41.857.999.999.999.900;7.08;1309.8;9231.5;False;Auto.de;
3524;3524;Volkswagen;Caddy;;46.358;;10.0;Schaltgetriebe;Diesel;4.0;499.0;122.0;46.358;7.08;1309.8;9231.5;False;Auto.de;
3525;3525;Nissan;Juke;;28.736;;10.0;Automatik;Benzin;2.0;499.0;114.0;28.736;3.54;654.9;9231.5;False;Auto.de;
3526;3526;Volkswagen;Golf;;34.484;;10.0;Schaltgetriebe;Benzin;6.0;499.0;150.0;34.484.000.000.000.000;10.620.000.000.000.000;19.647.000.000.000.000;9231.5;False;Auto.de;
3527;3527;Volkswagen;Golf;;37.523;;10.0;Automatik;Benzin;4.0;499.0;150.0;37.523.000.000.000.000;7.08;1309.8;9231.5;False;Auto.de;
3528;3528;Volkswagen;Golf;;42.958;;10.0;Automatik;Diesel;7.0;499.0;150.0;42.958;12.39;2292.15;9231.5;False;Auto.de;
3529;3529;Nissan;Juke;;28.704;;10.0;Automatik;Benzin;1.0;499.0;114.0;28.704;1.77;327.45;9231.5;False;Auto.de;
3530;3530;Volkswagen;Tiguan;;50.395;;10.0;Automatik;Diesel;3.0;499.0;150.0;50.395;53.100.000.000.000.000;9.823.500.000.000.000;9231.5;False;Auto.de;
3531;3531;Volkswagen;Caddy;;46.458;;10.0;Automatik;Diesel;6.0;499.0;122.0;46.457.999.999.999.900;10.620.000.000.000.000;19.647.000.000.000.000;9231.5;False;Auto.de;
3532;3532;Volkswagen;Golf;;43.458;;10.0;Automatik;Diesel;7.0;499.0;150.0;43.458;12.39;2292.15;9231.5;False;Auto.de;
3533;3533;Volkswagen;Golf;;36.358;;10.0;Automatik;Benzin;4.0;499.0;150.0;36.357.999.999.999.900;7.08;1309.8;9231.5;False;Auto.de;
3534;3534;Volkswagen;Golf;;34.458;;10.0;Schaltgetriebe;Benzin;6.0;499.0;150.0;34.457.999.999.999.900;10.620.000.000.000.000;19.647.000.000.000.000;9231.5;False;Auto.de;
3535;3535;Volkswagen;Tiguan;;47.167;;10.0;Automatik;Benzin;2.0;499.0;150.0;47.167;3.54;654.9;9231.5;False;Auto.de;
3536;3536;Volkswagen;Tiguan;;48.896;;10.0;Automatik;Diesel;3.0;499.0;150.0;48.896;53.100.000.000.000.000;9.823.500.000.000.000;9231.5;False;Auto.de;
3537;3537;Volkswagen;Caddy;;37.893;;10.0;Schaltgetriebe;Diesel;5.0;499.0;102.0;37.893;8.85;1637.25;9231.5;False;Auto.de;
3538;3538;Volkswagen;Caddy;;41.222;;10.0;Automatik;Diesel;6.0;499.0;122.0;41.222;10.620.000.000.000.000;19.647.000.000.000.000;9231.5;False;Auto.de;
3539;3539;Volkswagen;Caddy;;42.233;;10.0;Schaltgetriebe;Diesel;7.0;499.0;122.0;42.233;12.39;2292.15;9231.5;False;Auto.de;
3540;3540;Skoda;Karoq;1-1-2025;40.387;;0.0;Automatik;Benzin;4.0;499.0;150.0;inf;7.08;1309.8;9231.5;False;Auto.de;0.2327173169062286
3541;3541;Nissan;Juke;;23.718;;10.0;Schaltgetriebe;Benzin;8.0;499.0;114.0;23.718;14.16;2619.6;9231.5;False;Auto.de;
3542;3542;Volkswagen;Golf;;34.438;;10.0;Schaltgetriebe;Benzin;6.0;499.0;150.0;34.438.000.000.000.000;10.620.000.000.000.000;19.647.000.000.000.000;9231.5;False;Auto.de;
3543;3543;Volkswagen;Golf;;33.425;;10.0;Schaltgetriebe;Benzin;4.0;499.0;150.0;33.425;7.08;1309.8;9231.5;False;Auto.de;
3544;3544;Volkswagen;Golf;;35.098;;10.0;Automatik;Benzin;2.0;499.0;150.0;35.098;3.54;654.9;9231.5;False;Auto.de;
3545;3545;Skoda;Superb;;61.058;;10.0;Automatik;Diesel;6.0;499.0;190.0;61.058;10.620.000.000.000.000;19.647.000.000.000.000;9231.5;False;Auto.de;
3546;3546;Volkswagen;T-Roc;;38.939;;10.0;Automatik;Diesel;5.0;499.0;150.0;38.939;8.85;1637.25;9231.5;False;Auto.de;
3547;3547;Volkswagen;Golf;;35.367;;10.0;Schaltgetriebe;Diesel;3.0;499.0;116.0;35.366.999.999.999.900;53.100.000.000.000.000;9.823.500.000.000.000;9231.5;False;Auto.de;
3548;3548;Volkswagen;T-Roc;;37.807;;10.0;Automatik;Benzin;6.0;499.0;150.0;37.807.000.000.000.000;10.620.000.000.000.000;19.647.000.000.000.000;9231.5;False;Auto.de;
3549;3549;Skoda;Superb;;55.058;;10.0;Automatik;Diesel;2.0;499.0;150.0;55.058;3.54;654.9;9231.5;False;Auto.de;
3550;3550;Volkswagen;Golf;;33.115;;10.0;Schaltgetriebe;Diesel;3.0;499.0;116.0;33.115;53.100.000.000.000.000;9.823.500.000.000.000;9231.5;False;Auto.de;
3551;3551;Volkswagen;Golf;;30.324;;10.0;Schaltgetriebe;Diesel;4.0;499.0;116.0;30.324;7.08;1309.8;9231.5;False;Auto.de;
3552;3552;Volkswagen;Golf;;36.671;;10.0;Schaltgetriebe;Benzin;6.0;499.0;150.0;36.671;10.620.000.000.000.000;19.647.000.000.000.000;9231.5;False;Auto.de;
3553;3553;Volkswagen;Golf;;37.472;;10.0;Automatik;Benzin;2.0;499.0;150.0;37.472.000.000.000.000;3.54;654.9;9231.5;False;Auto.de;
3554;3554;Skoda;Fabia;;23.289;;10.0;Schaltgetriebe;Benzin;3.0;499.0;95.0;23.289;53.100.000.000.000.000;9.823.500.000.000.000;9231.5;False;Auto.de;
3555;3555;Volkswagen;T-Roc;;32.714;;10.0;Schaltgetriebe;Benzin;7.0;499.0;116.0;32.714;12.39;2292.15;9231.5;False;Auto.de;
3556;3556;Volkswagen;Golf;;38.089;;10.0;Schaltgetriebe;Benzin;6.0;499.0;150.0;38.089;10.620.000.000.000.000;19.647.000.000.000.000;9231.5;False;Auto.de;
3557;3557;Volkswagen;Golf;1-1-2025;56.424;;1324.0;Automatik;Benzin;2.0;165.0;265.0;0.04261631419939577;3.54;654.9;3052.5;False;Auto.de;0.2327173169062286
3558;3558;Opel;Vivaro;;40.374;;50.0;Automatik;Diesel;7.0;203.0;146.0;0.8074800000000001;12.39;2292.15;3755.5;False;Auto.de;
3559;3559;Opel;Vivaro;;40.292;;50.0;Automatik;Diesel;7.0;203.0;146.0;0.80584;12.39;2292.15;3755.5;False;Auto.de;
3560;3560;Opel;Vivaro;;39.056;;50.0;Schaltgetriebe;Diesel;4.0;194.0;146.0;0.7811199999999999;7.08;1309.8;3589.0;False;Auto.de;
3561;3561;Opel;Vivaro;;41.07;;50.0;Automatik;Diesel;7.0;203.0;146.0;0.8214;12.39;2292.15;3755.5;False;Auto.de;
3562;3562;Opel;Vivaro;;44.397;;50.0;Automatik;Diesel;7.0;203.0;146.0;0.88794;12.39;2292.15;3755.5;False;Auto.de;
3563;3563;Opel;Vivaro;;40.624;;50.0;Automatik;Diesel;7.0;203.0;146.0;0.8124800000000001;12.39;2292.15;3755.5;False;Auto.de;
3564;3564;Opel;Vivaro;;40.707;;50.0;Automatik;Diesel;7.0;203.0;146.0;0.81414;12.39;2292.15;3755.5;False;Auto.de;
3565;3565;Renault;Trafic;1-1-2025;45.44;;50.0;Schaltgetriebe;Diesel;3.0;188.0;170.0;0.9087999999999999;53.100.000.000.000.000;9.823.500.000.000.000;3478.0;False;Auto.de;0.2327173169062286
3566;3566;Renault;Master;1-2-2025;48.294;;15.0;Schaltgetriebe;Diesel;7.0;203.0;170.0;32.196;12.39;2292.15;3755.5;False;Auto.de;0.14784394250513347
3567;3567;Toyota;Hilux;1-1-2025;65.599;;50.0;Automatik;Diesel;3.0;194.0;204.0;13.119.800.000.000.000;53.100.000.000.000.000;9.823.500.000.000.000;3589.0;False;Auto.de;0.2327173169062286
3568;3568;Renault;Master;1-2-2025;45.646;;15.0;Schaltgetriebe;Diesel;7.0;203.0;170.0;3.043.066.666.666.660;12.39;2292.15;3755.5;False;Auto.de;0.14784394250513347
3569;3569;Renault;Master;;49.067;;15.0;Schaltgetriebe;Diesel;7.0;203.0;170.0;32.711.333.333.333.300;12.39;2292.15;3755.5;False;Auto.de;
3570;3570;Renault;Master;;48.038;;15.0;Schaltgetriebe;Diesel;7.0;203.0;170.0;32.025.333.333.333.300;12.39;2292.15;3755.5;False;Auto.de;
3571;3571;Renault;Master;;46.979;;15.0;Schaltgetriebe;Diesel;7.0;203.0;170.0;31.319.333.333.333.300;12.39;2292.15;3755.5;False;Auto.de;
3572;3572;Renault;Trafic;;44.328;;50.0;Schaltgetriebe;Diesel;3.0;188.0;170.0;0.88656;53.100.000.000.000.000;9.823.500.000.000.000;3478.0;False;Auto.de;
3573;3573;Renault;Trafic;1-1-2025;44.67;;50.0;Schaltgetriebe;Diesel;3.0;188.0;170.0;0.8934000000000001;53.100.000.000.000.000;9.823.500.000.000.000;3478.0;False;Auto.de;0.2327173169062286
3574;3574;Renault;Master;1-2-2025;51.114;;50.0;Schaltgetriebe;Diesel;6.0;198.0;170.0;10.222.799.999.999.900;10.620.000.000.000.000;19.647.000.000.000.000;3663.0;False;Auto.de;0.14784394250513347
3575;3575;Renault;Master;1-2-2025;50.672;;50.0;Schaltgetriebe;Diesel;6.0;198.0;170.0;101.344;10.620.000.000.000.000;19.647.000.000.000.000;3663.0;False;Auto.de;0.14784394250513347
3576;3576;Renault;Master;;50.679;;50.0;Schaltgetriebe;Diesel;6.0;198.0;170.0;10.135.800.000.000.000;10.620.000.000.000.000;19.647.000.000.000.000;3663.0;False;Auto.de;
3577;3577;Renault;Master;1-2-2025;47.611;;15.0;Schaltgetriebe;Diesel;7.0;203.0;170.0;31.740.666.666.666.600;12.39;2292.15;3755.5;False;Auto.de;0.14784394250513347
3578;3578;Renault;Master;;47.569;;15.0;Schaltgetriebe;Diesel;7.0;203.0;170.0;3.171.266.666.666.660;12.39;2292.15;3755.5;False;Auto.de;
3579;3579;Renault;Master;1-2-2025;48.486;;15.0;Schaltgetriebe;Diesel;7.0;203.0;170.0;32.323.999.999.999.900;12.39;2292.15;3755.5;False;Auto.de;0.14784394250513347
3580;3580;Renault;Master;;47.097;;15.0;Schaltgetriebe;Diesel;7.0;203.0;170.0;31.398;12.39;2292.15;3755.5;False;Auto.de;
3581;3581;Renault;Master;;49.198;;15.0;Schaltgetriebe;Diesel;7.0;203.0;170.0;32.798.666.666.666.600;12.39;2292.15;3755.5;False;Auto.de;
3582;3582;Renault;Master;1-2-2025;50.365;;50.0;Schaltgetriebe;Diesel;6.0;198.0;170.0;10.073;10.620.000.000.000.000;19.647.000.000.000.000;3663.0;False;Auto.de;0.14784394250513347
3583;3583;Renault;Master;1-2-2025;49.911;;50.0;Schaltgetriebe;Diesel;6.0;198.0;170.0;0.99822;10.620.000.000.000.000;19.647.000.000.000.000;3663.0;False;Auto.de;0.14784394250513347
3584;3584;Renault;Master;1-2-2025;51.51;;50.0;Schaltgetriebe;Diesel;6.0;198.0;170.0;10.302;10.620.000.000.000.000;19.647.000.000.000.000;3663.0;False;Auto.de;0.14784394250513347
3585;3585;Volkswagen;Golf Variant;;30.819;;10.0;Schaltgetriebe;Diesel;4.0;499.0;116.0;30.819;7.08;1309.8;9231.5;False;Auto.de;
3586;3586;Volkswagen;Tiguan;;57.458;;10.0;Automatik;Benzin;4.0;499.0;150.0;57.458;7.08;1309.8;9231.5;False;Auto.de;
3587;3587;Volkswagen;Tiguan;;55.567;;10.0;Automatik;Diesel;6.0;499.0;150.0;55.567;10.620.000.000.000.000;19.647.000.000.000.000;9231.5;False;Auto.de;
3588;3588;Volkswagen;Tiguan;;61.718;;10.0;Automatik;Diesel;4.0;499.0;190.0;61.718;7.08;1309.8;9231.5;False;Auto.de;
3589;3589;Volkswagen;Tiguan;;56.981;;10.0;Automatik;Diesel;6.0;499.0;150.0;56.981;10.620.000.000.000.000;19.647.000.000.000.000;9231.5;False;Auto.de;
3590;3590;Volkswagen;Tiguan;;65.458;;10.0;Automatik;Diesel;3.0;499.0;190.0;65.458;53.100.000.000.000.000;9.823.500.000.000.000;9231.5;False;Auto.de;
3591;3591;Volkswagen;Tiguan;;53.457;;10.0;Automatik;Benzin;4.0;499.0;150.0;53.457;7.08;1309.8;9231.5;False;Auto.de;
3592;3592;Nissan;Qashqai;;41.901;;0.0;Automatik;Benzin;1.0;499.0;158.0;inf;1.77;327.45;9231.5;False;Auto.de;
3593;3593;Volkswagen;Golf;;38.009;;20.0;Schaltgetriebe;Benzin;4.0;499.0;150.0;190.045;7.08;1309.8;9231.5;False;Auto.de;
3594;3594;Volkswagen;Golf Variant;;38.594;;10.0;Automatik;Benzin;4.0;499.0;150.0;38.594;7.08;1309.8;9231.5;False;Auto.de;
3595;3595;Volkswagen;Golf Variant;;43.158;;10.0;Automatik;Diesel;9.0;499.0;150.0;43.158;15.93;2947.05;9231.5;False;Auto.de;
3596;3596;Volkswagen;Golf Variant;;42.558;;10.0;Automatik;Diesel;9.0;499.0;150.0;42.558;15.93;2947.05;9231.5;False;Auto.de;
3597;3597;Volkswagen;Golf Variant;;38.477;;10.0;Automatik;Benzin;4.0;499.0;150.0;38.476.999.999.999.900;7.08;1309.8;9231.5;False;Auto.de;
3598;3598;Volkswagen;Touran;1-2-2025;44.551;;8.0;Automatik;Benzin;5.0;148.0;150.0;5.568.875;8.85;1637.25;2738.0;False;Auto.de;0.14784394250513347
3599;3599;Volkswagen;T-Cross;;34.0;;0.0;Schaltgetriebe;Benzin;7.0;499.0;116.0;inf;12.39;2292.15;9231.5;False;Auto.de;
3600;3600;Nissan;Qashqai;;37.51;;0.0;Automatik;Benzin;4.0;499.0;158.0;inf;7.08;1309.8;9231.5;False;Auto.de;
3601;3601;Seat;Arona;;30.758;;20.0;Automatik;Benzin;9.0;499.0;116.0;15.379;15.93;2947.05;9231.5;False;Auto.de;
3602;3602;Seat;Arona;;32.059;;20.0;Automatik;Benzin;9.0;499.0;116.0;16.029.499.999.999.900;15.93;2947.05;9231.5;False;Auto.de;
3603;3603;Volkswagen;Golf;;32.273;;10.0;Schaltgetriebe;Benzin;4.0;499.0;150.0;32.273.000.000.000.000;7.08;1309.8;9231.5;False;Auto.de;
3604;3604;Nissan;Qashqai;;43.414;;0.0;Automatik;Benzin;1.0;499.0;158.0;inf;1.77;327.45;9231.5;False;Auto.de;
3605;3605;Nissan;Qashqai;;43.216;;0.0;Automatik;Benzin;1.0;499.0;158.0;inf;1.77;327.45;9231.5;False;Auto.de;
3606;3606;Nissan;Qashqai;;42.123;;0.0;Automatik;Benzin;1.0;499.0;158.0;inf;1.77;327.45;9231.5;False;Auto.de;
3607;3607;Nissan;Qashqai;;42.876;;0.0;Automatik;Benzin;1.0;499.0;158.0;inf;1.77;327.45;9231.5;False;Auto.de;
3608;3608;Nissan;Qashqai;;41.636;;0.0;Automatik;Benzin;1.0;499.0;158.0;inf;1.77;327.45;9231.5;False;Auto.de;
3609;3609;Nissan;Qashqai;;42.783;;0.0;Automatik;Benzin;1.0;499.0;158.0;inf;1.77;327.45;9231.5;False;Auto.de;
3610;3610;Nissan;Qashqai;;42.74;;0.0;Automatik;Benzin;1.0;499.0;158.0;inf;1.77;327.45;9231.5;False;Auto.de;
3611;3611;Nissan;Qashqai;;43.282;;0.0;Automatik;Benzin;1.0;499.0;158.0;inf;1.77;327.45;9231.5;False;Auto.de;
3612;3612;Nissan;Qashqai;;43.154;;0.0;Automatik;Benzin;1.0;499.0;158.0;inf;1.77;327.45;9231.5;False;Auto.de;
3613;3613;Nissan;Qashqai;;42.676;;0.0;Automatik;Benzin;1.0;499.0;158.0;inf;1.77;327.45;9231.5;False;Auto.de;
3614;3614;Nissan;Qashqai;;43.436;;0.0;Automatik;Benzin;1.0;499.0;158.0;inf;1.77;327.45;9231.5;False;Auto.de;
3615;3615;Nissan;Qashqai;;43.458;;0.0;Automatik;Benzin;1.0;499.0;158.0;inf;1.77;327.45;9231.5;False;Auto.de;
3616;3616;Nissan;Qashqai;;42.94;;0.0;Automatik;Benzin;1.0;499.0;158.0;inf;1.77;327.45;9231.5;False;Auto.de;
3617;3617;Volkswagen;Tiguan;;67.223;;20.0;Automatik;Diesel;4.0;499.0;190.0;336.115;7.08;1309.8;9231.5;False;Auto.de;
3618;3618;Audi;Q3;;58.271;;20.0;Automatik;Diesel;2.0;499.0;200.0;291.355;3.54;654.9;9231.5;False;Auto.de;
3619;3619;Volkswagen;Golf;;39.634;;20.0;Automatik;Benzin;9.0;499.0;150.0;19.817;15.93;2947.05;9231.5;False;Auto.de;
3620;3620;Volkswagen;Golf;;41.057;;20.0;Automatik;Benzin;9.0;499.0;150.0;20.528.500.000.000.000;15.93;2947.05;9231.5;False;Auto.de;
3621;3621;Volkswagen;Touareg;;112.784;;15.0;Automatik;Diesel;7.0;499.0;286.0;7.518.933.333.333.330;12.39;2292.15;9231.5;False;Auto.de;
3622;3622;Skoda;Fabia;;24.256;;0.0;Schaltgetriebe;Benzin;1.0;499.0;95.0;inf;1.77;327.45;9231.5;False;Auto.de;
3623;3623;Skoda;Fabia;;21.763;;0.0;Schaltgetriebe;Benzin;1.0;499.0;95.0;inf;1.77;327.45;9231.5;False;Auto.de;
3624;3624;Skoda;Fabia;;24.011;;0.0;Schaltgetriebe;Benzin;1.0;499.0;95.0;inf;1.77;327.45;9231.5;False;Auto.de;
3625;3625;Ford;Focus;;29.569;;0.0;Schaltgetriebe;Benzin;1.0;499.0;125.0;inf;1.77;327.45;9231.5;False;Auto.de;
3626;3626;Volkswagen;T-Roc;;44.602;;20.0;Automatik;Benzin;5.0;499.0;150.0;22.300.999.999.999.900;8.85;1637.25;9231.5;False;Auto.de;
3627;3627;Volkswagen;Caddy;;39.858;;10.0;Schaltgetriebe;Diesel;4.0;499.0;122.0;39.858;7.08;1309.8;9231.5;False;Auto.de;
3628;3628;Seat;Ibiza;;25.9;;20.0;Schaltgetriebe;Benzin;3.0;499.0;116.0;1.295;53.100.000.000.000.000;9.823.500.000.000.000;9231.5;False;Auto.de;
3629;3629;Volkswagen;Caddy;;34.141;;10.0;Schaltgetriebe;Diesel;3.0;499.0;102.0;34.141;53.100.000.000.000.000;9.823.500.000.000.000;9231.5;False;Auto.de;
3630;3630;Volkswagen;Caddy;;35.758;;10.0;Schaltgetriebe;Diesel;3.0;499.0;102.0;35.758;53.100.000.000.000.000;9.823.500.000.000.000;9231.5;False;Auto.de;
3631;3631;Volkswagen;Caddy;;40.658;;10.0;Automatik;Diesel;5.0;499.0;122.0;40.658;8.85;1637.25;9231.5;False;Auto.de;
3632;3632;Seat;Ibiza;;24.284;;20.0;Schaltgetriebe;Benzin;3.0;499.0;116.0;12.142;53.100.000.000.000.000;9.823.500.000.000.000;9231.5;False;Auto.de;
3633;3633;Volkswagen;Caddy;;38.528;;10.0;Automatik;Diesel;6.0;499.0;122.0;38.528;10.620.000.000.000.000;19.647.000.000.000.000;9231.5;False;Auto.de;
3634;3634;Volkswagen;Caddy;;39.418;;10.0;Schaltgetriebe;Diesel;4.0;499.0;122.0;39.417.999.999.999.900;7.08;1309.8;9231.5;False;Auto.de;
3635;3635;Skoda;Karoq;;42.141;;10.0;Automatik;Benzin;2.0;499.0;150.0;42.141;3.54;654.9;9231.5;False;Auto.de;
3636;3636;Hyundai;i30;;31.325;;0.0;Automatik;Benzin;8.0;499.0;99.0;inf;14.16;2619.6;9231.5;False;Auto.de;
3637;3637;Skoda;Karoq;1-1-2025;40.5;;0.0;Automatik;Benzin;4.0;499.0;150.0;inf;7.08;1309.8;9231.5;False;Auto.de;0.2327173169062286
3638;3638;Hyundai;i30;;26.435;;0.0;Schaltgetriebe;Benzin;6.0;499.0;99.0;inf;10.620.000.000.000.000;19.647.000.000.000.000;9231.5;False;Auto.de;
3639;3639;Volkswagen;Caddy;1-1-2025;50.56;;10.0;Automatik;Diesel;7.0;499.0;122.0;5.056;12.39;2292.15;9231.5;False;Auto.de;0.2327173169062286
3640;3640;Audi;Q3;;61.767;;20.0;Automatik;Diesel;2.0;499.0;200.0;308.835;3.54;654.9;9231.5;False;Auto.de;
3641;3641;Audi;Q3;;62.118;;20.0;Automatik;Diesel;2.0;499.0;200.0;31.059;3.54;654.9;9231.5;False;Auto.de;
3642;3642;Volkswagen;Golf Variant;;38.335;;10.0;Automatik;Diesel;7.0;499.0;150.0;38.335;12.39;2292.15;9231.5;False;Auto.de;
3643;3643;Volkswagen;Golf GTI;;58.196;;20.0;Automatik;Benzin;1.0;499.0;245.0;29.097.999.999.999.900;1.77;327.45;9231.5;False;Auto.de;
3644;3644;Skoda;Karoq;;37.604;;10.0;Schaltgetriebe;Benzin;1.0;499.0;150.0;37.603.999.999.999.900;1.77;327.45;9231.5;False;Auto.de;
3645;3645;Skoda;Karoq;;44.051;;10.0;Automatik;Diesel;5.0;499.0;150.0;44.051;8.85;1637.25;9231.5;False;Auto.de;
3646;3646;Volkswagen;Golf Variant;;34.631;;10.0;Schaltgetriebe;Diesel;4.0;499.0;116.0;34.631;7.08;1309.8;9231.5;False;Auto.de;
3647;3647;Volkswagen;Golf GTI;;54.954;;20.0;Automatik;Benzin;1.0;499.0;245.0;27.477;1.77;327.45;9231.5;False;Auto.de;
3648;3648;Volkswagen;T-Roc;;36.252;;20.0;Schaltgetriebe;Benzin;2.0;499.0;150.0;18.126.000.000.000.000;3.54;654.9;9231.5;False;Auto.de;
3649;3649;Skoda;Karoq;;37.861;;10.0;Schaltgetriebe;Diesel;7.0;499.0;116.0;37.861;12.39;2292.15;9231.5;False;Auto.de;
3650;3650;Volkswagen;Golf Variant;;32.991;;10.0;Schaltgetriebe;Benzin;5.0;499.0;150.0;32.991;8.85;1637.25;9231.5;False;Auto.de;
3651;3651;Volkswagen;Golf Variant;;37.058;;10.0;Automatik;Benzin;4.0;499.0;150.0;37.058;7.08;1309.8;9231.5;False;Auto.de;
3652;3652;Volkswagen;Golf Variant;;36.158;;10.0;Automatik;Benzin;3.0;499.0;150.0;36.158;53.100.000.000.000.000;9.823.500.000.000.000;9231.5;False;Auto.de;
3653;3653;Volkswagen;Golf Variant;;33.958;;10.0;Schaltgetriebe;Benzin;5.0;499.0;150.0;33.958;8.85;1637.25;9231.5;False;Auto.de;
3654;3654;Nissan;Juke;;26.589;;10.0;Automatik;Benzin;1.0;499.0;114.0;26.589;1.77;327.45;9231.5;False;Auto.de;
3655;3655;Volkswagen;Golf Variant;;33.525;;10.0;Schaltgetriebe;Diesel;4.0;499.0;116.0;33.525;7.08;1309.8;9231.5;False;Auto.de;
3656;3656;Skoda;Octavia;;38.837;;15.0;Automatik;Benzin;5.0;499.0;150.0;25.891.333.333.333.300;8.85;1637.25;9231.5;False;Auto.de;
3657;3657;Volkswagen;Golf;;39.935;;20.0;Automatik;Benzin;9.0;499.0;150.0;199.675;15.93;2947.05;9231.5;False;Auto.de;
3658;3658;Volkswagen;Golf;;40.494;;20.0;Automatik;Benzin;9.0;499.0;150.0;20.247;15.93;2947.05;9231.5;False;Auto.de;
3659;3659;Skoda;Fabia;;21.913;;20.0;Schaltgetriebe;Benzin;4.0;499.0;80.0;109.565;7.08;1309.8;9231.5;False;Auto.de;
3660;3660;Skoda;Fabia;;21.9;;20.0;Schaltgetriebe;Benzin;4.0;499.0;80.0;1.095;7.08;1309.8;9231.5;False;Auto.de;
3661;3661;Skoda;Fabia;;21.896;;20.0;Schaltgetriebe;Benzin;4.0;499.0;80.0;10.948;7.08;1309.8;9231.5;False;Auto.de;
3662;3662;Volkswagen;Golf Variant;;39.858;;10.0;Automatik;Diesel;7.0;499.0;150.0;39.858;12.39;2292.15;9231.5;False;Auto.de;
3663;3663;Volkswagen;Golf Variant;;41.792;;10.0;Automatik;Diesel;8.0;499.0;150.0;41.792;14.16;2619.6;9231.5;False;Auto.de;
3664;3664;Volkswagen;T-Roc;;40.658;;20.0;Automatik;Benzin;5.0;499.0;150.0;20.329;8.85;1637.25;9231.5;False;Auto.de;
3665;3665;Skoda;Karoq;;42.746;;10.0;Automatik;Diesel;1.0;499.0;150.0;42.746;1.77;327.45;9231.5;False;Auto.de;
3666;3666;Skoda;Karoq;;39.914;;10.0;Automatik;Benzin;2.0;499.0;150.0;39.914;3.54;654.9;9231.5;False;Auto.de;
3667;3667;Volkswagen;Golf Variant;;35.206;;10.0;Automatik;Benzin;3.0;499.0;150.0;35.206.000.000.000.000;53.100.000.000.000.000;9.823.500.000.000.000;9231.5;False;Auto.de;
3668;3668;Nissan;Juke;;26.029;;10.0;Schaltgetriebe;Benzin;9.0;499.0;114.0;26.029;15.93;2947.05;9231.5;False;Auto.de;
3669;3669;Skoda;Karoq;;44.658;;10.0;Automatik;Benzin;2.0;499.0;150.0;44.658;3.54;654.9;9231.5;False;Auto.de;
3670;3670;Skoda;Karoq;;43.514;;10.0;Automatik;Diesel;1.0;499.0;150.0;43.514;1.77;327.45;9231.5;False;Auto.de;
3671;3671;Skoda;Octavia;;41.718;;15.0;Automatik;Benzin;1.0;499.0;150.0;27.812;1.77;327.45;9231.5;False;Auto.de;
3672;3672;Skoda;Fabia;;22.118;;20.0;Schaltgetriebe;Benzin;4.0;499.0;80.0;11.058.999.999.999.900;7.08;1309.8;9231.5;False;Auto.de;
3673;3673;Maxus;Deliver 9;;29.789;;10.0;Schaltgetriebe;Diesel;7.0;254.0;148.0;29.789.000.000.000.000;12.39;2292.15;4699.0;False;Auto.de;
3674;3674;Ford;F 150;;96.75;;10.0;Automatik;Benzin;37.0;342.0;405.0;9.675;65.49;12115.65;6327.0;False;Auto.de;
3675;3675;Suzuki;Vitara;;28.708;;0.0;Schaltgetriebe;Benzin;3.0;499.0;129.0;inf;53.100.000.000.000.000;9.823.500.000.000.000;9231.5;False;Auto.de;
3676;3676;Volkswagen;Tiguan;;45.991;;0.0;Automatik;Benzin;2.0;499.0;150.0;inf;3.54;654.9;9231.5;False;Auto.de;
3677;3677;Volkswagen;Tiguan;;45.847;;0.0;Automatik;Benzin;2.0;499.0;150.0;inf;3.54;654.9;9231.5;False;Auto.de;
3678;3678;Volkswagen;T-Cross;;34.159;;0.0;Automatik;Benzin;8.0;499.0;116.0;inf;14.16;2619.6;9231.5;False;Auto.de;
3679;3679;Volkswagen;Golf Variant;;38.723;;20.0;Schaltgetriebe;Benzin;9.0;499.0;150.0;193.615;15.93;2947.05;9231.5;False;Auto.de;
3680;3680;Skoda;Fabia;;23.065;;15.0;Schaltgetriebe;Benzin;1.0;499.0;95.0;15.376.666.666.666.600;1.77;327.45;9231.5;False;Auto.de;
3681;3681;Skoda;Octavia;;30.406;;10.0;Automatik;Benzin;5.0;499.0;116.0;30.406;8.85;1637.25;9231.5;False;Auto.de;
3682;3682;Volkswagen;Golf Variant;;37.31;;20.0;Schaltgetriebe;Benzin;9.0;499.0;150.0;18.655.000.000.000.000;15.93;2947.05;9231.5;False;Auto.de;
3683;3683;Volkswagen;Golf Variant;;38.295;;20.0;Schaltgetriebe;Benzin;9.0;499.0;150.0;19.147.500.000.000.000;15.93;2947.05;9231.5;False;Auto.de;
3684;3684;Volkswagen;Golf Variant;;38.482;;20.0;Schaltgetriebe;Benzin;9.0;499.0;150.0;19.241;15.93;2947.05;9231.5;False;Auto.de;
3685;3685;Volkswagen;Tiguan;;49.858;;10.0;Automatik;Benzin;2.0;499.0;150.0;4.985.799.999.999.990;3.54;654.9;9231.5;False;Auto.de;
3686;3686;Skoda;Octavia;;39.253;;15.0;Automatik;Benzin;5.0;499.0;150.0;26.168.666.666.666.600;8.85;1637.25;9231.5;False;Auto.de;
3687;3687;Skoda;Octavia;;34.725;;10.0;Schaltgetriebe;Benzin;4.0;499.0;150.0;34.725;7.08;1309.8;9231.5;False;Auto.de;
3688;3688;Skoda;Octavia;;35.144;;10.0;Automatik;Benzin;5.0;499.0;116.0;35.143.999.999.999.900;8.85;1637.25;9231.5;False;Auto.de;
3689;3689;Skoda;Octavia;;27.828;;10.0;Schaltgetriebe;Benzin;2.0;499.0;116.0;27.828;3.54;654.9;9231.5;False;Auto.de;
3690;3690;Volkswagen;Caddy;;46.258;;10.0;Schaltgetriebe;Diesel;4.0;499.0;122.0;46.258;7.08;1309.8;9231.5;False;Auto.de;
3691;3691;Seat;Arona;;26.201;;20.0;Schaltgetriebe;Benzin;6.0;499.0;116.0;131.005;10.620.000.000.000.000;19.647.000.000.000.000;9231.5;False;Auto.de;
3692;3692;Skoda;Fabia;;25.222;;15.0;Schaltgetriebe;Benzin;1.0;499.0;95.0;16.814.666.666.666.600;1.77;327.45;9231.5;False;Auto.de;
3693;3693;Seat;Arona;;26.675;;20.0;Schaltgetriebe;Benzin;6.0;499.0;116.0;133.375;10.620.000.000.000.000;19.647.000.000.000.000;9231.5;False;Auto.de;
3694;3694;Skoda;Fabia;;25.075;;15.0;Schaltgetriebe;Benzin;1.0;499.0;95.0;16.716.666.666.666.600;1.77;327.45;9231.5;False;Auto.de;
3695;3695;Volkswagen;Tiguan;;52.907;;10.0;Automatik;Diesel;4.0;499.0;150.0;5.290.699.999.999.990;7.08;1309.8;9231.5;False;Auto.de;
3696;3696;Skoda;Octavia;;36.583;;10.0;Automatik;Benzin;5.0;499.0;150.0;36.582.999.999.999.900;8.85;1637.25;9231.5;False;Auto.de;
3697;3697;Skoda;Octavia;;44.448;;10.0;Automatik;Diesel;7.0;499.0;150.0;44.448;12.39;2292.15;9231.5;False;Auto.de;
3698;3698;Skoda;Octavia;;38.66;;10.0;Automatik;Diesel;5.0;499.0;150.0;38.659.999.999.999.900;8.85;1637.25;9231.5;False;Auto.de;
3699;3699;Skoda;Octavia;;41.649;;10.0;Automatik;Benzin;2.0;499.0;150.0;41.649;3.54;654.9;9231.5;False;Auto.de;
3700;3700;Skoda;Octavia;;31.349;;10.0;Automatik;Benzin;5.0;499.0;150.0;31.349;8.85;1637.25;9231.5;False;Auto.de;
3701;3701;Skoda;Fabia;;23.214;;15.0;Schaltgetriebe;Benzin;5.0;499.0;95.0;15.475.999.999.999.900;8.85;1637.25;9231.5;False;Auto.de;
3702;3702;Volkswagen;Golf Variant;;38.097;;20.0;Schaltgetriebe;Benzin;9.0;499.0;150.0;19.048.500.000.000.000;15.93;2947.05;9231.5;False;Auto.de;
3703;3703;Volkswagen;Golf Variant;;38.835;;20.0;Schaltgetriebe;Benzin;9.0;499.0;150.0;194.175;15.93;2947.05;9231.5;False;Auto.de;
3704;3704;Skoda;Octavia;;32.657;;0.0;Schaltgetriebe;Diesel;7.0;499.0;116.0;inf;12.39;2292.15;9231.5;False;Auto.de;
3705;3705;Skoda;Octavia;;39.344;;0.0;Automatik;Benzin;4.0;499.0;150.0;inf;7.08;1309.8;9231.5;False;Auto.de;
3706;3706;Skoda;Octavia;;45.49;;0.0;Automatik;Diesel;9.0;499.0;150.0;inf;15.93;2947.05;9231.5;False;Auto.de;
3707;3707;Skoda;Octavia;;33.073;;0.0;Schaltgetriebe;Benzin;8.0;499.0;116.0;inf;14.16;2619.6;9231.5;False;Auto.de;
3708;3708;Skoda;Octavia;;35.273;;0.0;Automatik;Benzin;5.0;499.0;116.0;inf;8.85;1637.25;9231.5;False;Auto.de;
3709;3709;Skoda;Octavia;;41.951;;0.0;Automatik;Diesel;9.0;499.0;150.0;inf;15.93;2947.05;9231.5;False;Auto.de;
3710;3710;Skoda;Octavia;;40.221;;0.0;Automatik;Diesel;9.0;499.0;150.0;inf;15.93;2947.05;9231.5;False;Auto.de;
3711;3711;Skoda;Octavia;;41.592;;0.0;Automatik;Benzin;4.0;499.0;150.0;inf;7.08;1309.8;9231.5;False;Auto.de;
3712;3712;Skoda;Octavia;;35.039;;0.0;Automatik;Benzin;4.0;499.0;150.0;inf;7.08;1309.8;9231.5;False;Auto.de;
3713;3713;Skoda;Octavia;;31.169;;0.0;Schaltgetriebe;Benzin;8.0;499.0;116.0;inf;14.16;2619.6;9231.5;False;Auto.de;
3714;3714;Skoda;Octavia;;31.796;;0.0;Schaltgetriebe;Benzin;9.0;499.0;150.0;inf;15.93;2947.05;9231.5;False;Auto.de;
3715;3715;Skoda;Octavia;;35.696;;0.0;Automatik;Diesel;9.0;499.0;150.0;inf;15.93;2947.05;9231.5;False;Auto.de;
3716;3716;Skoda;Octavia;;28.571;;0.0;Automatik;Benzin;5.0;499.0;116.0;inf;8.85;1637.25;9231.5;False;Auto.de;
3717;3717;Skoda;Octavia;;29.481;;0.0;Schaltgetriebe;Benzin;8.0;499.0;116.0;inf;14.16;2619.6;9231.5;False;Auto.de;
3718;3718;Skoda;Octavia;;35.487;;0.0;Automatik;Benzin;4.0;499.0;150.0;inf;7.08;1309.8;9231.5;False;Auto.de;
3719;3719;Skoda;Octavia;;37.865;;0.0;Schaltgetriebe;Benzin;9.0;499.0;150.0;inf;15.93;2947.05;9231.5;False;Auto.de;
3720;3720;Skoda;Octavia;;31.808;;0.0;Schaltgetriebe;Benzin;9.0;499.0;150.0;inf;15.93;2947.05;9231.5;False;Auto.de;
3721;3721;Skoda;Octavia;;37.732;;0.0;Automatik;Benzin;4.0;499.0;150.0;inf;7.08;1309.8;9231.5;False;Auto.de;
3722;3722;Skoda;Octavia;;34.96;;0.0;Automatik;Benzin;5.0;499.0;116.0;inf;8.85;1637.25;9231.5;False;Auto.de;
3723;3723;Skoda;Octavia;;29.082;;0.0;Schaltgetriebe;Benzin;9.0;499.0;150.0;inf;15.93;2947.05;9231.5;False;Auto.de;
3724;3724;Skoda;Octavia;;30.724;;0.0;Schaltgetriebe;Diesel;7.0;499.0;116.0;inf;12.39;2292.15;9231.5;False;Auto.de;
3725;3725;Skoda;Octavia;;26.964;;0.0;Schaltgetriebe;Benzin;8.0;499.0;116.0;inf;14.16;2619.6;9231.5;False;Auto.de;
3726;3726;Skoda;Octavia;;41.466;;0.0;Automatik;Benzin;4.0;499.0;150.0;inf;7.08;1309.8;9231.5;False;Auto.de;
3727;3727;Skoda;Octavia;;37.571;;0.0;Automatik;Benzin;4.0;499.0;150.0;inf;7.08;1309.8;9231.5;False;Auto.de;
3728;3728;Skoda;Octavia;;29.107;;0.0;Schaltgetriebe;Benzin;8.0;499.0;116.0;inf;14.16;2619.6;9231.5;False;Auto.de;
3729;3729;Skoda;Octavia;;42.043;;0.0;Automatik;Diesel;9.0;499.0;150.0;inf;15.93;2947.05;9231.5;False;Auto.de;
3730;3730;Skoda;Octavia;;31.869;;0.0;Schaltgetriebe;Benzin;9.0;499.0;150.0;inf;15.93;2947.05;9231.5;False;Auto.de;
3731;3731;Skoda;Octavia;;30.238;;0.0;Automatik;Benzin;5.0;499.0;116.0;inf;8.85;1637.25;9231.5;False;Auto.de;
3732;3732;Skoda;Octavia;;27.688;;0.0;Schaltgetriebe;Benzin;9.0;499.0;150.0;inf;15.93;2947.05;9231.5;False;Auto.de;
3733;3733;Skoda;Octavia;;37.201;;0.0;Schaltgetriebe;Benzin;9.0;499.0;150.0;inf;15.93;2947.05;9231.5;False;Auto.de;
3734;3734;Skoda;Octavia;;38.945;;0.0;Automatik;Benzin;4.0;499.0;150.0;inf;7.08;1309.8;9231.5;False;Auto.de;
3735;3735;Skoda;Octavia;;36.984;;0.0;Schaltgetriebe;Diesel;7.0;499.0;116.0;inf;12.39;2292.15;9231.5;False;Auto.de;
3736;3736;Skoda;Octavia;;41.885;;0.0;Automatik;Diesel;9.0;499.0;150.0;inf;15.93;2947.05;9231.5;False;Auto.de;
3737;3737;Skoda;Octavia;;39.758;;0.0;Automatik;Diesel;9.0;499.0;150.0;inf;15.93;2947.05;9231.5;False;Auto.de;
3738;3738;Skoda;Octavia;;31.305;;0.0;Schaltgetriebe;Benzin;9.0;499.0;150.0;inf;15.93;2947.05;9231.5;False;Auto.de;
3739;3739;Skoda;Octavia;;33.25;;0.0;Automatik;Benzin;4.0;499.0;150.0;inf;7.08;1309.8;9231.5;False;Auto.de;
3740;3740;Skoda;Octavia;;32.089;;0.0;Automatik;Benzin;5.0;499.0;116.0;inf;8.85;1637.25;9231.5;False;Auto.de;
3741;3741;Skoda;Octavia;;32.447;;0.0;Automatik;Benzin;4.0;499.0;150.0;inf;7.08;1309.8;9231.5;False;Auto.de;
3742;3742;Skoda;Octavia;;37.557;;0.0;Schaltgetriebe;Diesel;7.0;499.0;116.0;inf;12.39;2292.15;9231.5;False;Auto.de;
3743;3743;Skoda;Octavia;;28.373;;0.0;Schaltgetriebe;Benzin;8.0;499.0;116.0;inf;14.16;2619.6;9231.5;False;Auto.de;
3744;3744;Skoda;Octavia;;24.863;;0.0;Schaltgetriebe;Benzin;8.0;499.0;116.0;inf;14.16;2619.6;9231.5;False;Auto.de;
3745;3745;Ford;Kuga;;36.808;;0.0;Schaltgetriebe;Benzin;2.0;499.0;150.0;inf;3.54;654.9;9231.5;False;Auto.de;
3746;3746;Skoda;Octavia;;28.71;;0.0;Automatik;Benzin;4.0;499.0;150.0;inf;7.08;1309.8;9231.5;False;Auto.de;
3747;3747;Skoda;Octavia;;35.772;;0.0;Schaltgetriebe;Benzin;9.0;499.0;150.0;inf;15.93;2947.05;9231.5;False;Auto.de;
3748;3748;Skoda;Octavia;;32.258;;0.0;Schaltgetriebe;Benzin;8.0;499.0;116.0;inf;14.16;2619.6;9231.5;False;Auto.de;
3749;3749;Skoda;Octavia;;35.574;;0.0;Schaltgetriebe;Diesel;7.0;499.0;116.0;inf;12.39;2292.15;9231.5;False;Auto.de;
3750;3750;Skoda;Octavia;;40.034;;0.0;Automatik;Benzin;4.0;499.0;150.0;inf;7.08;1309.8;9231.5;False;Auto.de;
3751;3751;Skoda;Octavia;;41.561;;0.0;Automatik;Diesel;9.0;499.0;150.0;inf;15.93;2947.05;9231.5;False;Auto.de;
3752;3752;Skoda;Octavia;;30.18;;0.0;Automatik;Benzin;5.0;499.0;116.0;inf;8.85;1637.25;9231.5;False;Auto.de;
3753;3753;Skoda;Octavia;;35.552;;0.0;Automatik;Diesel;9.0;499.0;150.0;inf;15.93;2947.05;9231.5;False;Auto.de;
3754;3754;Skoda;Octavia;;32.296;;0.0;Automatik;Benzin;5.0;499.0;116.0;inf;8.85;1637.25;9231.5;False;Auto.de;
3755;3755;Skoda;Octavia;;32.901;;0.0;Schaltgetriebe;Diesel;7.0;499.0;116.0;inf;12.39;2292.15;9231.5;False;Auto.de;
3756;3756;Skoda;Octavia;;37.788;;0.0;Automatik;Diesel;9.0;499.0;150.0;inf;15.93;2947.05;9231.5;False;Auto.de;
3757;3757;Skoda;Octavia;;37.761;;0.0;Schaltgetriebe;Benzin;9.0;499.0;150.0;inf;15.93;2947.05;9231.5;False;Auto.de;
3758;3758;Skoda;Octavia;;38.416;;0.0;Automatik;Benzin;4.0;499.0;150.0;inf;7.08;1309.8;9231.5;False;Auto.de;
3759;3759;Skoda;Octavia;;27.55;;0.0;Schaltgetriebe;Diesel;7.0;499.0;116.0;inf;12.39;2292.15;9231.5;False;Auto.de;
3760;3760;Skoda;Octavia;;33.528;;0.0;Automatik;Benzin;4.0;499.0;150.0;inf;7.08;1309.8;9231.5;False;Auto.de;
3761;3761;Skoda;Octavia;;37.54;;0.0;Schaltgetriebe;Benzin;9.0;499.0;150.0;inf;15.93;2947.05;9231.5;False;Auto.de;
3762;3762;Skoda;Octavia;;40.083;;0.0;Automatik;Diesel;9.0;499.0;150.0;inf;15.93;2947.05;9231.5;False;Auto.de;
3763;3763;Skoda;Octavia;;36.162;;0.0;Schaltgetriebe;Diesel;7.0;499.0;116.0;inf;12.39;2292.15;9231.5;False;Auto.de;
3764;3764;Skoda;Octavia;;39.604;;0.0;Schaltgetriebe;Benzin;9.0;499.0;150.0;inf;15.93;2947.05;9231.5;False;Auto.de;
3765;3765;Skoda;Octavia;;38.418;;0.0;Automatik;Diesel;9.0;499.0;150.0;inf;15.93;2947.05;9231.5;False;Auto.de;
3766;3766;Skoda;Octavia;;29.752;;0.0;Schaltgetriebe;Diesel;7.0;499.0;116.0;inf;12.39;2292.15;9231.5;False;Auto.de;
3767;3767;Skoda;Octavia;;41.635;;15.0;Automatik;Benzin;5.0;499.0;150.0;27.756.666.666.666.600;8.85;1637.25;9231.5;False;Auto.de;
3768;3768;Skoda;Octavia;;29.419;;10.0;Automatik;Benzin;1.0;499.0;116.0;29.419;1.77;327.45;9231.5;False;Auto.de;
3769;3769;Skoda;Octavia;;31.773;;10.0;Automatik;Benzin;1.0;499.0;150.0;31.773;1.77;327.45;9231.5;False;Auto.de;
3770;3770;Volkswagen;Caddy;;34.282;;10.0;Schaltgetriebe;Diesel;5.0;499.0;102.0;34.281.999.999.999.900;8.85;1637.25;9231.5;False;Auto.de;
3771;3771;Volkswagen;Caddy;;36.217;;10.0;Schaltgetriebe;Diesel;6.0;499.0;102.0;36.216.999.999.999.900;10.620.000.000.000.000;19.647.000.000.000.000;9231.5;False;Auto.de;
3772;3772;Volkswagen;Caddy;;38.308;;10.0;Automatik;Diesel;7.0;499.0;122.0;38.308;12.39;2292.15;9231.5;False;Auto.de;
3773;3773;Volkswagen;T-Roc;;47.679;;20.0;Automatik;Benzin;3.0;499.0;190.0;238.395;53.100.000.000.000.000;9.823.500.000.000.000;9231.5;False;Auto.de;
3774;3774;Skoda;Octavia;;28.079;;10.0;Schaltgetriebe;Benzin;4.0;499.0;116.0;28.079;7.08;1309.8;9231.5;False;Auto.de;
3775;3775;Skoda;Fabia;;20.495;;0.0;Schaltgetriebe;Benzin;1.0;499.0;95.0;inf;1.77;327.45;9231.5;False;Auto.de;
3776;3776;Volkswagen;T-Roc;;39.81;;10.0;Automatik;Benzin;1.0;499.0;150.0;39.810.000.000.000.000;1.77;327.45;9231.5;False;Auto.de;
3777;3777;Seat;Leon;;38.484;;10.0;Automatik;Diesel;9.0;499.0;150.0;38.484.000.000.000.000;15.93;2947.05;9231.5;False;Auto.de;
3778;3778;Skoda;Octavia;;45.661;;10.0;Automatik;Diesel;7.0;499.0;150.0;45.661.000.000.000.000;12.39;2292.15;9231.5;False;Auto.de;
3779;3779;Volkswagen;Golf Variant;;36.691;;20.0;Schaltgetriebe;Benzin;9.0;499.0;150.0;18.345.500.000.000.000;15.93;2947.05;9231.5;False;Auto.de;
3780;3780;Skoda;Octavia;;42.592;;10.0;Automatik;Benzin;2.0;499.0;150.0;42.592;3.54;654.9;9231.5;False;Auto.de;
3781;3781;Volkswagen;Caddy;;43.651;;10.0;Automatik;Diesel;7.0;499.0;122.0;43.651;12.39;2292.15;9231.5;False;Auto.de;
3782;3782;Kia;cee'd Sportswagon;1-3-2025;25.658;;10.0;Automatik;Benzin;3.0;499.0;140.0;25.658.000.000.000.000;53.100.000.000.000.000;9.823.500.000.000.000;9231.5;False;Auto.de;0.07118412046543464
3783;3783;Volkswagen;Golf Variant;;39.597;;20.0;Schaltgetriebe;Benzin;9.0;499.0;150.0;197.985;15.93;2947.05;9231.5;False;Auto.de;
3784;3784;Volkswagen;T-Roc;;39.001;;10.0;Automatik;Benzin;3.0;499.0;150.0;39.000.999.999.999.900;53.100.000.000.000.000;9.823.500.000.000.000;9231.5;False;Auto.de;
3785;3785;Volkswagen;T-Roc;;42.977;;10.0;Automatik;Benzin;6.0;499.0;190.0;42.977;10.620.000.000.000.000;19.647.000.000.000.000;9231.5;False;Auto.de;
3786;3786;Volkswagen;T-Roc;;42.872;;10.0;Automatik;Diesel;5.0;499.0;150.0;42.872;8.85;1637.25;9231.5;False;Auto.de;
3787;3787;Volkswagen;Caddy;;45.018;;10.0;Schaltgetriebe;Diesel;7.0;499.0;122.0;45.018;12.39;2292.15;9231.5;False;Auto.de;
3788;3788;Volkswagen;Golf;;35.858;;10.0;Automatik;Benzin;2.0;499.0;150.0;35.858;3.54;654.9;9231.5;False;Auto.de;
3789;3789;Volkswagen;Golf;;29.51;;10.0;Schaltgetriebe;Diesel;4.0;499.0;116.0;2.951;7.08;1309.8;9231.5;False;Auto.de;
3790;3790;Dacia;Sandero;;15.658;;10.0;Schaltgetriebe;Benzin;2.0;499.0;90.0;15.657.999.999.999.900;3.54;654.9;9231.5;False;Auto.de;
3791;3791;Skoda;Octavia;;42.643;;15.0;Automatik;Diesel;6.0;499.0;150.0;28.428.666.666.666.600;10.620.000.000.000.000;19.647.000.000.000.000;9231.5;False;Auto.de;
3792;3792;Volkswagen;Golf GTI;;63.658;;20.0;Automatik;Benzin;1.0;499.0;245.0;31.829;1.77;327.45;9231.5;False;Auto.de;
3793;3793;Volkswagen;Golf;;33.958;;10.0;Schaltgetriebe;Benzin;4.0;499.0;150.0;33.958;7.08;1309.8;9231.5;False;Auto.de;
3794;3794;Volkswagen;Golf;;41.758;;10.0;Automatik;Diesel;5.0;499.0;150.0;4.175.800.000.000.000;8.85;1637.25;9231.5;False;Auto.de;
3795;3795;Volkswagen;Golf GTI;;59.069;;20.0;Automatik;Benzin;1.0;499.0;245.0;295.345;1.77;327.45;9231.5;False;Auto.de;
3796;3796;Volkswagen;Golf;;42.258;;10.0;Automatik;Diesel;6.0;499.0;150.0;42.258.000.000.000.000;10.620.000.000.000.000;19.647.000.000.000.000;9231.5;False;Auto.de;
3797;3797;Volkswagen;Golf;;33.007;;10.0;Automatik;Benzin;2.0;499.0;150.0;33.007;3.54;654.9;9231.5;False;Auto.de;
3798;3798;Volkswagen;Golf;;32.736;;10.0;Schaltgetriebe;Diesel;3.0;499.0;116.0;32.735.999.999.999.900;53.100.000.000.000.000;9.823.500.000.000.000;9231.5;False;Auto.de;
3799;3799;Volkswagen;Golf;;33.758;;10.0;Schaltgetriebe;Diesel;3.0;499.0;116.0;33.758.000.000.000.000;53.100.000.000.000.000;9.823.500.000.000.000;9231.5;False;Auto.de;
3800;3800;Volkswagen;Golf;;36.72;;10.0;Automatik;Diesel;5.0;499.0;150.0;36.719.999.999.999.900;8.85;1637.25;9231.5;False;Auto.de;
3801;3801;Volkswagen;Golf;;31.213;;10.0;Schaltgetriebe;Benzin;4.0;499.0;150.0;31.213;7.08;1309.8;9231.5;False;Auto.de;
3802;3802;Dacia;Sandero;;16.858;;10.0;Schaltgetriebe;Benzin;3.0;499.0;90.0;16.858;53.100.000.000.000.000;9.823.500.000.000.000;9231.5;False;Auto.de;
3803;3803;Skoda;Octavia;;37.104;;0.0;Automatik;Benzin;4.0;499.0;150.0;inf;7.08;1309.8;9231.5;False;Auto.de;
3804;3804;Volkswagen;Caddy;;39.543;;0.0;Automatik;Diesel;6.0;499.0;122.0;inf;10.620.000.000.000.000;19.647.000.000.000.000;9231.5;False;Auto.de;
3805;3805;Volkswagen;Caddy;;35.397;;0.0;Automatik;Diesel;6.0;499.0;122.0;inf;10.620.000.000.000.000;19.647.000.000.000.000;9231.5;False;Auto.de;
3806;3806;Volkswagen;Caddy;;41.561;;0.0;Automatik;Diesel;6.0;499.0;122.0;inf;10.620.000.000.000.000;19.647.000.000.000.000;9231.5;False;Auto.de;
3807;3807;Volkswagen;Caddy;;34.236;;0.0;Schaltgetriebe;Diesel;4.0;499.0;102.0;inf;7.08;1309.8;9231.5;False;Auto.de;
3808;3808;Volkswagen;Caddy;;38.132;;0.0;Automatik;Diesel;6.0;499.0;122.0;inf;10.620.000.000.000.000;19.647.000.000.000.000;9231.5;False;Auto.de;
3809;3809;Volkswagen;Caddy;;35.458;;0.0;Schaltgetriebe;Diesel;4.0;499.0;102.0;inf;7.08;1309.8;9231.5;False;Auto.de;
3810;3810;Volkswagen;Caddy;;31.278;;0.0;Schaltgetriebe;Diesel;4.0;499.0;102.0;inf;7.08;1309.8;9231.5;False;Auto.de;
3811;3811;Seat;Arona;;32.309;;20.0;Automatik;Benzin;9.0;499.0;116.0;16.154.499.999.999.900;15.93;2947.05;9231.5;False;Auto.de;
3812;3812;Volkswagen;T-Roc;;43.171;;10.0;Automatik;Benzin;1.0;499.0;150.0;43.171;1.77;327.45;9231.5;False;Auto.de;
3813;3813;Seat;Arona;;32.732;;20.0;Automatik;Benzin;9.0;499.0;116.0;16.366;15.93;2947.05;9231.5;False;Auto.de;
3814;3814;Seat;Arona;;31.414;;20.0;Automatik;Benzin;9.0;499.0;116.0;15.707;15.93;2947.05;9231.5;False;Auto.de;
3815;3815;Seat;Arona;;29.208;;20.0;Automatik;Benzin;9.0;499.0;116.0;14.604;15.93;2947.05;9231.5;False;Auto.de;
3816;3816;Seat;Arona;;31.101;;20.0;Automatik;Benzin;9.0;499.0;116.0;155.505;15.93;2947.05;9231.5;False;Auto.de;
3817;3817;Volkswagen;Golf Variant;;40.861;;20.0;Automatik;Benzin;6.0;499.0;150.0;204.305;10.620.000.000.000.000;19.647.000.000.000.000;9231.5;False;Auto.de;
3818;3818;Skoda;Fabia;;20.931;;0.0;Schaltgetriebe;Benzin;1.0;499.0;95.0;inf;1.77;327.45;9231.5;False;Auto.de;
3819;3819;Skoda;Fabia;;21.366;;0.0;Schaltgetriebe;Benzin;1.0;499.0;95.0;inf;1.77;327.45;9231.5;False;Auto.de;
3820;3820;Volkswagen;Caddy;;39.318;;0.0;Automatik;Diesel;7.0;499.0;122.0;inf;12.39;2292.15;9231.5;False;Auto.de;
3821;3821;Skoda;Fabia;;21.201;;10.0;Schaltgetriebe;Benzin;1.0;499.0;80.0;21.201;1.77;327.45;9231.5;False;Auto.de;
3822;3822;Skoda;Octavia;;38.837;;30.0;Automatik;Benzin;9.0;499.0;150.0;12.945.666.666.666.600;15.93;2947.05;9231.5;False;Auto.de;
3823;3823;Skoda;Octavia;;40.622;;30.0;Automatik;Benzin;5.0;499.0;150.0;13.540.666.666.666.600;8.85;1637.25;9231.5;False;Auto.de;
3824;3824;Hyundai;i30;;28.559;;20.0;Automatik;Benzin;6.0;499.0;99.0;142.795;10.620.000.000.000.000;19.647.000.000.000.000;9231.5;False;Auto.de;
3825;3825;Hyundai;i30;;28.886;;20.0;Automatik;Benzin;6.0;499.0;99.0;14.443;10.620.000.000.000.000;19.647.000.000.000.000;9231.5;False;Auto.de;
3826;3826;Hyundai;i30;;27.647;;10.0;Schaltgetriebe;Benzin;3.0;499.0;99.0;27.647;53.100.000.000.000.000;9.823.500.000.000.000;9231.5;False;Auto.de;
3827;3827;Skoda;Octavia;;50.08;;10.0;Automatik;Benzin;7.0;499.0;245.0;5.008;12.39;2292.15;9231.5;False;Auto.de;
3828;3828;Skoda;Karoq;;41.097;;20.0;Automatik;Benzin;2.0;499.0;150.0;205.485;3.54;654.9;9231.5;False;Auto.de;
3829;3829;Hyundai;i30;;28.618;;20.0;Automatik;Benzin;6.0;499.0;99.0;14.308.999.999.999.900;10.620.000.000.000.000;19.647.000.000.000.000;9231.5;False;Auto.de;
3830;3830;Hyundai;i30;;29.22;;20.0;Automatik;Benzin;6.0;499.0;99.0;14.609.999.999.999.900;10.620.000.000.000.000;19.647.000.000.000.000;9231.5;False;Auto.de;
3831;3831;Skoda;Octavia;;36.111;;30.0;Automatik;Benzin;5.0;499.0;150.0;12.037;8.85;1637.25;9231.5;False;Auto.de;
3832;3832;Skoda;Octavia;;35.106;;30.0;Automatik;Benzin;9.0;499.0;150.0;11.702.000.000.000.000;15.93;2947.05;9231.5;False;Auto.de;
3833;3833;Skoda;Octavia;;40.459;;10.0;Automatik;Diesel;5.0;499.0;150.0;40.459.000.000.000.000;8.85;1637.25;9231.5;False;Auto.de;
3834;3834;Skoda;Fabia;;20.883;;10.0;Schaltgetriebe;Benzin;1.0;499.0;80.0;20.883;1.77;327.45;9231.5;False;Auto.de;
3835;3835;Hyundai;i30;;28.938;;10.0;Schaltgetriebe;Benzin;3.0;499.0;99.0;28.937.999.999.999.900;53.100.000.000.000.000;9.823.500.000.000.000;9231.5;False;Auto.de;
3836;3836;Skoda;Karoq;;40.643;;20.0;Automatik;Benzin;2.0;499.0;150.0;203.215;3.54;654.9;9231.5;False;Auto.de;
3837;3837;Skoda;Fabia;;21.0;;10.0;Schaltgetriebe;Benzin;1.0;499.0;80.0;2.1;1.77;327.45;9231.5;False;Auto.de;
3838;3838;Skoda;Fabia;;20.915;;10.0;Schaltgetriebe;Benzin;1.0;499.0;80.0;20.915;1.77;327.45;9231.5;False;Auto.de;
3839;3839;Volkswagen;Caddy;;45.458;;10.0;Automatik;Diesel;6.0;499.0;122.0;45.458;10.620.000.000.000.000;19.647.000.000.000.000;9231.5;False;Auto.de;
3840;3840;Volkswagen;Caddy;;45.658;;10.0;Schaltgetriebe;Diesel;4.0;499.0;122.0;45.658;7.08;1309.8;9231.5;False;Auto.de;
3841;3841;Volkswagen;Caddy;;40.958;;10.0;Schaltgetriebe;Diesel;4.0;499.0;102.0;40.958;7.08;1309.8;9231.5;False;Auto.de;
3842;3842;Kia;Stonic;;23.858;;0.0;Schaltgetriebe;Benzin;1.0;499.0;84.0;inf;1.77;327.45;9231.5;False;Auto.de;
3843;3843;Dacia;Sandero;;17.158;;0.0;Schaltgetriebe;Benzin;3.0;499.0;90.0;inf;53.100.000.000.000.000;9.823.500.000.000.000;9231.5;False;Auto.de;
3844;3844;Dacia;Sandero;;18.658;;0.0;Automatik;Benzin;7.0;499.0;90.0;inf;12.39;2292.15;9231.5;False;Auto.de;
3845;3845;Volkswagen;Caddy;;42.792;;0.0;Automatik;Diesel;7.0;499.0;122.0;inf;12.39;2292.15;9231.5;False;Auto.de;
3846;3846;Volkswagen;Caddy;;33.018;;0.0;Schaltgetriebe;Diesel;6.0;499.0;102.0;inf;10.620.000.000.000.000;19.647.000.000.000.000;9231.5;False;Auto.de;
3847;3847;Volkswagen;Caddy;;35.275;;0.0;Schaltgetriebe;Diesel;6.0;499.0;102.0;inf;10.620.000.000.000.000;19.647.000.000.000.000;9231.5;False;Auto.de;
3848;3848;Volkswagen;Caddy;;36.999;;0.0;Schaltgetriebe;Diesel;6.0;499.0;102.0;inf;10.620.000.000.000.000;19.647.000.000.000.000;9231.5;False;Auto.de;
3849;3849;Dacia;Sandero;;17.658;;0.0;Schaltgetriebe;Benzin;3.0;499.0;90.0;inf;53.100.000.000.000.000;9.823.500.000.000.000;9231.5;False;Auto.de;
3850;3850;Dacia;Sandero;;17.358;;0.0;Automatik;Benzin;7.0;499.0;90.0;inf;12.39;2292.15;9231.5;False;Auto.de;
3851;3851;Volkswagen;Caddy;;36.94;;0.0;Automatik;Diesel;7.0;499.0;122.0;inf;12.39;2292.15;9231.5;False;Auto.de;
3852;3852;Volkswagen;Caddy;;40.48;;0.0;Automatik;Diesel;7.0;499.0;122.0;inf;12.39;2292.15;9231.5;False;Auto.de;
3853;3853;Opel;Vivaro;;38.972;;50.0;Schaltgetriebe;Diesel;4.0;194.0;146.0;0.77944;7.08;1309.8;3589.0;False;Auto.de;
3854;3854;Opel;Vivaro;;39.92;;50.0;Schaltgetriebe;Diesel;4.0;194.0;146.0;0.7984;7.08;1309.8;3589.0;False;Auto.de;
3855;3855;Opel;Vivaro;;39.032;;50.0;Schaltgetriebe;Diesel;4.0;194.0;146.0;0.7806399999999999;7.08;1309.8;3589.0;False;Auto.de;
3856;3856;Opel;Vivaro;;38.818;;50.0;Schaltgetriebe;Diesel;4.0;194.0;146.0;0.7763599999999999;7.08;1309.8;3589.0;False;Auto.de;
3857;3857;Opel;Vivaro;;40.959;;50.0;Schaltgetriebe;Diesel;4.0;194.0;146.0;0.81918;7.08;1309.8;3589.0;False;Auto.de;
3858;3858;Opel;Vivaro;;40.329;;50.0;Schaltgetriebe;Diesel;4.0;194.0;146.0;0.80658;7.08;1309.8;3589.0;False;Auto.de;
3859;3859;Opel;Vivaro;;40.083;;50.0;Schaltgetriebe;Diesel;4.0;194.0;146.0;0.8016599999999999;7.08;1309.8;3589.0;False;Auto.de;
3860;3860;Opel;Vivaro;;39.401;;50.0;Schaltgetriebe;Diesel;4.0;194.0;146.0;0.78802;7.08;1309.8;3589.0;False;Auto.de;
3861;3861;Opel;Vivaro;;39.48;;50.0;Schaltgetriebe;Diesel;4.0;194.0;146.0;0.7896;7.08;1309.8;3589.0;False;Auto.de;
3862;3862;Opel;Vivaro;;42.645;;50.0;Schaltgetriebe;Diesel;4.0;194.0;146.0;0.8529000000000001;7.08;1309.8;3589.0;False;Auto.de;
3863;3863;Volkswagen;Tiguan;;49.695;;0.0;Automatik;Diesel;3.0;499.0;150.0;inf;53.100.000.000.000.000;9.823.500.000.000.000;9231.5;False;Auto.de;
3864;3864;Volkswagen;Tiguan;;47.958;;0.0;Automatik;Diesel;3.0;499.0;150.0;inf;53.100.000.000.000.000;9.823.500.000.000.000;9231.5;False;Auto.de;
3865;3865;Volkswagen;Tiguan;;53.158;;0.0;Automatik;Diesel;3.0;499.0;150.0;inf;53.100.000.000.000.000;9.823.500.000.000.000;9231.5;False;Auto.de;
3866;3866;Skoda;Karoq;;44.965;;0.0;Automatik;Diesel;4.0;499.0;150.0;inf;7.08;1309.8;9231.5;False;Auto.de;
3867;3867;Skoda;Karoq;;34.158;;0.0;Automatik;Benzin;4.0;499.0;150.0;inf;7.08;1309.8;9231.5;False;Auto.de;
